datetime;predefinedLocationReference;averageVehicleSpeed;travelTime;travelTimeReliability;trafficStatus;vehicleProbeMeasurement
2025-07-02T14:03:00+02:00;10273_D;81;9;68;freeFlow;2
2025-07-02T14:03:00+02:00;10273_G;81;9;75;freeFlow;2
2025-07-02T14:03:00+02:00;10274_D;28;23;60;heavy;1
2025-07-02T14:03:00+02:00;10274_G;82;8;75;freeFlow;2
2025-07-02T14:03:00+02:00;10275_D;81;13;60;freeFlow;1
2025-07-02T14:03:00+02:00;10275_G;82;12;75;freeFlow;2
2025-07-02T14:03:00+02:00;10277_D;78;20;60;freeFlow;1
2025-07-02T14:03:00+02:00;10277_G;68;23;75;freeFlow;2
2025-07-02T14:03:00+02:00;10279_D;74;14;60;freeFlow;1
2025-07-02T14:03:00+02:00;10279_G;73;14;75;freeFlow;2
2025-07-02T14:03:00+02:00;10281_D;77;18;60;freeFlow;1
2025-07-02T14:03:00+02:00;10281_G;69;20;75;freeFlow;2
2025-07-02T14:03:00+02:00;10315_D;43;13;70;heavy;2
2025-07-02T14:03:00+02:00;10315_G;81;7;75;freeFlow;2
2025-07-02T14:03:00+02:00;11579_D;32;8;60;heavy;1
2025-07-02T14:03:00+02:00;11579_G;68;4;40;freeFlow;2
2025-07-02T14:03:00+02:00;11652;98;14;93;freeFlow;3
2025-07-02T14:03:00+02:00;11654;83;2;100;freeFlow;3
2025-07-02T14:03:00+02:00;11777_D;32;2;60;heavy;1
2025-07-02T14:03:00+02:00;11777_G;25;2;75;heavy;2
2025-07-02T14:03:00+02:00;11781_D;45;2;75;freeFlow;2
2025-07-02T14:03:00+02:00;11781_G;42;2;50;freeFlow;1
2025-07-02T14:03:00+02:00;11784_D;46;1;75;freeFlow;2
2025-07-02T14:03:00+02:00;11784_G;44;1;50;freeFlow;1
2025-07-02T14:03:00+02:00;11785_D;46;1;75;freeFlow;2
2025-07-02T14:03:00+02:00;11785_G;40;1;27;freeFlow;1
2025-07-02T14:03:00+02:00;12060_D;45;16;70;heavy;2
2025-07-02T14:03:00+02:00;12060_G;82;9;75;freeFlow;2
2025-07-02T14:03:00+02:00;1242_D;62;2;60;freeFlow;1
2025-07-02T14:03:00+02:00;1242_G;14;9;75;congested;2
2025-07-02T14:03:00+02:00;1285_D;62;1;60;freeFlow;1
2025-07-02T14:03:00+02:00;1285_G;59;1;75;freeFlow;2
2025-07-02T14:03:00+02:00;13514;24;9;50;congested;1
2025-07-02T14:03:00+02:00;13515;54;3;0;unknown;0
2025-07-02T14:03:00+02:00;13516;68;2;0;unknown;0
2025-07-02T14:03:00+02:00;13549_D;62;6;100;freeFlow;3
2025-07-02T14:03:00+02:00;13549_G;15;24;50;congested;1
2025-07-02T14:03:00+02:00;13557_D;52;7;100;heavy;3
2025-07-02T14:03:00+02:00;13557_G;17;22;50;congested;1
2025-07-02T14:03:00+02:00;14364;103;20;100;freeFlow;3
2025-07-02T14:03:00+02:00;14365;98;21;75;freeFlow;2
2025-07-02T14:03:00+02:00;15029_D;69;36;100;freeFlow;4
2025-07-02T14:03:00+02:00;15029_G;35;69;100;heavy;3
2025-07-02T14:03:00+02:00;15062;29;5;100;heavy;3
2025-07-02T14:03:00+02:00;15063;39;4;100;heavy;5
2025-07-02T14:03:00+02:00;15064;41;4;100;heavy;5
2025-07-02T14:03:00+02:00;15065;29;6;100;heavy;3
2025-07-02T14:03:00+02:00;15066;26;5;100;heavy;3
2025-07-02T14:03:00+02:00;15067_D;89;47;75;freeFlow;2
2025-07-02T14:03:00+02:00;15067_G;69;62;100;freeFlow;4
2025-07-02T14:03:00+02:00;15104_D;65;61;75;freeFlow;2
2025-07-02T14:03:00+02:00;15104_G;76;52;100;freeFlow;3
2025-07-02T14:03:00+02:00;15111;96;3;75;freeFlow;2
2025-07-02T14:03:00+02:00;15113;39;5;100;heavy;3
2025-07-02T14:03:00+02:00;15114;41;4;100;heavy;3
2025-07-02T14:03:00+02:00;15117;42;4;100;heavy;4
2025-07-02T14:03:00+02:00;15118;42;3;100;heavy;4
2025-07-02T14:03:00+02:00;15119;43;4;100;heavy;4
2025-07-02T14:03:00+02:00;15120;44;4;100;heavy;5
2025-07-02T14:03:00+02:00;15121;41;2;100;heavy;6
2025-07-02T14:03:00+02:00;15122;46;4;60;heavy;1
2025-07-02T14:03:00+02:00;15124_D;38;22;100;heavy;3
2025-07-02T14:03:00+02:00;15124_G;80;10;0;unknown;0
2025-07-02T14:03:00+02:00;15549_D;28;1;25;heavy;1
2025-07-02T14:03:00+02:00;15549_G;50;1;0;unknown;0
2025-07-02T14:03:00+02:00;15550;36;1;75;heavy;2
2025-07-02T14:03:00+02:00;15551;29;390;96;congested;5
2025-07-02T14:03:00+02:00;1601768;25;16;60;heavy;1
2025-07-02T14:03:00+02:00;1601771;27;9;75;heavy;2
2025-07-02T14:03:00+02:00;1601787;53;1;100;freeFlow;3
2025-07-02T14:03:00+02:00;1601792;36;1;60;freeFlow;1
2025-07-02T14:03:00+02:00;1601794_D;30;4;60;freeFlow;1
2025-07-02T14:03:00+02:00;1601794_G;17;6;60;heavy;1
2025-07-02T14:03:00+02:00;1601795;34;14;60;freeFlow;1
2025-07-02T14:03:00+02:00;1601797;17;31;60;heavy;1
2025-07-02T14:03:00+02:00;1601798;32;3;100;heavy;3
2025-07-02T14:03:00+02:00;1601799;17;4;60;heavy;1
2025-07-02T14:03:00+02:00;1601807;53;2;100;freeFlow;3
2025-07-02T14:03:00+02:00;1601808;63;15;69;freeFlow;2
2025-07-02T14:03:00+02:00;1601810;46;21;75;freeFlow;2
2025-07-02T14:03:00+02:00;1601812;69;3;50;freeFlow;1
2025-07-02T14:03:00+02:00;1601813_D;67;19;52;freeFlow;1
2025-07-02T14:03:00+02:00;1601813_G;50;25;0;unknown;0
2025-07-02T14:03:00+02:00;1601814;54;3;38;freeFlow;1
2025-07-02T14:03:00+02:00;1601815;41;4;60;freeFlow;1
2025-07-02T14:03:00+02:00;1601819;54;1;75;freeFlow;2
2025-07-02T14:03:00+02:00;1601824;69;2;50;freeFlow;1
2025-07-02T14:03:00+02:00;1601898;96;16;100;freeFlow;4
2025-07-02T14:03:00+02:00;1601931_D;50;5;0;unknown;0
2025-07-02T14:03:00+02:00;1601931_G;50;5;0;unknown;0
2025-07-02T14:03:00+02:00;1602158_D;11;2;60;congested;1
2025-07-02T14:03:00+02:00;1602158_G;47;1;0;unknown;0
2025-07-02T14:03:00+02:00;1602398;16;3;100;heavy;5
2025-07-02T14:03:00+02:00;1626;55;45;100;heavy;5
2025-07-02T14:03:00+02:00;1627;58;3;57;freeFlow;1
2025-07-02T14:03:00+02:00;1628;31;3;38;heavy;1
2025-07-02T14:03:00+02:00;1629;28;5;75;heavy;2
2025-07-02T14:03:00+02:00;1630;46;2;75;freeFlow;2
2025-07-02T14:03:00+02:00;1631;38;3;38;freeFlow;1
2025-07-02T14:03:00+02:00;1632;58;33;57;heavy;1
2025-07-02T14:03:00+02:00;1633;60;13;57;freeFlow;1
2025-07-02T14:03:00+02:00;1639;38;8;100;heavy;5
2025-07-02T14:03:00+02:00;16647_D;66;69;75;freeFlow;2
2025-07-02T14:03:00+02:00;16647_G;72;63;75;freeFlow;2
2025-07-02T14:03:00+02:00;16648_D;89;8;75;freeFlow;2
2025-07-02T14:03:00+02:00;16648_G;78;9;75;freeFlow;2
2025-07-02T14:03:00+02:00;16695_D;28;101;49;heavy;1
2025-07-02T14:03:00+02:00;16695_G;75;38;100;freeFlow;3
2025-07-02T14:03:00+02:00;16701;30;3;99;heavy;3
2025-07-02T14:03:00+02:00;16702;32;3;75;heavy;2
2025-07-02T14:03:00+02:00;16707_D;30;1;22;heavy;1
2025-07-02T14:03:00+02:00;16707_G;50;1;0;unknown;0
2025-07-02T14:03:00+02:00;16744;29;5;60;heavy;1
2025-07-02T14:03:00+02:00;16745;33;3;75;heavy;2
2025-07-02T14:03:00+02:00;16746;45;2;75;heavy;2
2025-07-02T14:03:00+02:00;16747;44;4;100;heavy;5
2025-07-02T14:03:00+02:00;16748;39;3;100;heavy;4
2025-07-02T14:03:00+02:00;16749;30;5;100;heavy;4
2025-07-02T14:03:00+02:00;16752_D;38;11;75;heavy;2
2025-07-02T14:03:00+02:00;16752_G;95;4;12;freeFlow;1
2025-07-02T14:03:00+02:00;1675_D;33;8;55;freeFlow;1
2025-07-02T14:03:00+02:00;1675_G;7;38;58;congested;2
2025-07-02T14:03:00+02:00;1676;82;6;57;freeFlow;1
2025-07-02T14:03:00+02:00;16761;31;3;75;heavy;2
2025-07-02T14:03:00+02:00;16762;28;3;93;heavy;3
2025-07-02T14:03:00+02:00;1677;34;15;60;heavy;1
2025-07-02T14:03:00+02:00;1677109;14;112;100;congested;7
2025-07-02T14:03:00+02:00;1677110;27;2;60;heavy;1
2025-07-02T14:03:00+02:00;1677175_D;22;64;86;freeFlow;3
2025-07-02T14:03:00+02:00;1677175_G;29;51;60;freeFlow;1
2025-07-02T14:03:00+02:00;1677180_D;87;0;60;freeFlow;1
2025-07-02T14:03:00+02:00;1677180_G;31;2;60;freeFlow;1
2025-07-02T14:03:00+02:00;1677184_D;16;43;60;heavy;1
2025-07-02T14:03:00+02:00;1677184_G;25;28;60;freeFlow;1
2025-07-02T14:03:00+02:00;1677551_D;21;2;32;heavy;1
2025-07-02T14:03:00+02:00;1677551_G;11;5;42;heavy;1
2025-07-02T14:03:00+02:00;1677568_D;50;29;0;unknown;0
2025-07-02T14:03:00+02:00;1677568_G;51;29;25;freeFlow;1
2025-07-02T14:03:00+02:00;1677569;88;1;75;freeFlow;2
2025-07-02T14:03:00+02:00;1677687;50;1;0;unknown;0
2025-07-02T14:03:00+02:00;1677691;50;1;0;unknown;0
2025-07-02T14:03:00+02:00;1677693;45;2;22;freeFlow;1
2025-07-02T14:03:00+02:00;1677695_D;50;14;0;unknown;0
2025-07-02T14:03:00+02:00;1677695_G;45;15;22;freeFlow;1
2025-07-02T14:03:00+02:00;1677709_D;50;3;0;unknown;0
2025-07-02T14:03:00+02:00;1677709_G;43;4;22;freeFlow;1
2025-07-02T14:03:00+02:00;1677716_D;50;3;0;unknown;0
2025-07-02T14:03:00+02:00;1677716_G;43;4;22;freeFlow;1
2025-07-02T14:03:00+02:00;1677730_D;41;27;32;freeFlow;1
2025-07-02T14:03:00+02:00;1677730_G;12;88;22;congested;1
2025-07-02T14:03:00+02:00;1677735_D;50;1;0;unknown;0
2025-07-02T14:03:00+02:00;1677735_G;23;2;22;heavy;1
2025-07-02T14:03:00+02:00;1677745_D;50;2;0;unknown;0
2025-07-02T14:03:00+02:00;1677745_G;42;1;25;freeFlow;1
2025-07-02T14:03:00+02:00;1677785_D;30;9;0;unknown;0
2025-07-02T14:03:00+02:00;1677785_G;42;6;25;freeFlow;1
2025-07-02T14:03:00+02:00;1677801_D;50;6;0;unknown;0
2025-07-02T14:03:00+02:00;1677801_G;44;7;25;freeFlow;1
2025-07-02T14:03:00+02:00;1677808_D;50;13;0;unknown;0
2025-07-02T14:03:00+02:00;1677808_G;49;14;25;freeFlow;1
2025-07-02T14:03:00+02:00;16783;50;2;0;unknown;0
2025-07-02T14:03:00+02:00;16784;50;2;0;unknown;0
2025-07-02T14:03:00+02:00;16785;29;3;25;heavy;1
2025-07-02T14:03:00+02:00;1678542;68;31;75;freeFlow;2
2025-07-02T14:03:00+02:00;1678698_D;18;44;60;heavy;1
2025-07-02T14:03:00+02:00;1678698_G;36;22;100;freeFlow;3
2025-07-02T14:03:00+02:00;1678750;45;2;22;freeFlow;1
2025-07-02T14:03:00+02:00;1678763_D;47;4;27;freeFlow;1
2025-07-02T14:03:00+02:00;1678763_G;50;4;0;unknown;0
2025-07-02T14:03:00+02:00;1679092_D;29;8;63;heavy;2
2025-07-02T14:03:00+02:00;1679092_G;33;7;35;heavy;1
2025-07-02T14:03:00+02:00;1679681;33;25;75;heavy;2
2025-07-02T14:03:00+02:00;1679779;19;17;100;heavy;7
2025-07-02T14:03:00+02:00;1679795_D;19;3;53;heavy;2
2025-07-02T14:03:00+02:00;1679822;12;6;60;congested;1
2025-07-02T14:03:00+02:00;1679825;52;1;60;freeFlow;1
2025-07-02T14:03:00+02:00;1679841;10;102;73;congested;2
2025-07-02T14:03:00+02:00;1679843;23;2;60;heavy;1
2025-07-02T14:03:00+02:00;1679845;12;4;60;congested;1
2025-07-02T14:03:00+02:00;1679847;52;1;60;freeFlow;1
2025-07-02T14:03:00+02:00;1679859_D;85;6;22;freeFlow;1
2025-07-02T14:03:00+02:00;1679859_G;36;13;60;freeFlow;1
2025-07-02T14:03:00+02:00;1680014;98;5;100;freeFlow;9
2025-07-02T14:03:00+02:00;1680016;94;13;100;freeFlow;8
2025-07-02T14:03:00+02:00;1680022;94;5;100;freeFlow;8
2025-07-02T14:03:00+02:00;1680024;98;8;100;freeFlow;8
2025-07-02T14:03:00+02:00;1680116;36;4;75;heavy;2
2025-07-02T14:03:00+02:00;1680119;33;6;60;heavy;1
2025-07-02T14:03:00+02:00;1680121;33;4;60;heavy;1
2025-07-02T14:03:00+02:00;1680122_D;49;38;60;heavy;1
2025-07-02T14:03:00+02:00;1680122_G;53;35;60;heavy;2
2025-07-02T14:03:00+02:00;1680123;50;3;59;heavy;1
2025-07-02T14:03:00+02:00;1680337;7;32;75;congested;2
2025-07-02T14:03:00+02:00;1680401_D;70;17;0;unknown;0
2025-07-02T14:03:00+02:00;1680401_G;70;18;0;unknown;0
2025-07-02T14:03:00+02:00;1680514_D;21;21;57;heavy;1
2025-07-02T14:03:00+02:00;1680514_G;50;9;0;unknown;0
2025-07-02T14:03:00+02:00;1680539;67;1;75;freeFlow;2
2025-07-02T14:03:00+02:00;1680541_D;32;13;35;freeFlow;1
2025-07-02T14:03:00+02:00;1680541_G;30;14;0;unknown;0
2025-07-02T14:03:00+02:00;1680549_D;32;19;60;heavy;1
2025-07-02T14:03:00+02:00;1680549_G;43;14;55;freeFlow;2
2025-07-02T14:03:00+02:00;1680551_D;30;1;0;unknown;0
2025-07-02T14:03:00+02:00;1680551_G;32;1;35;freeFlow;1
2025-07-02T14:03:00+02:00;1680557_D;32;1;35;heavy;1
2025-07-02T14:03:00+02:00;1680557_G;37;1;55;freeFlow;2
2025-07-02T14:03:00+02:00;1680561_D;17;2;57;heavy;1
2025-07-02T14:03:00+02:00;1680561_G;50;1;0;unknown;0
2025-07-02T14:03:00+02:00;1680567;32;2;35;heavy;1
2025-07-02T14:03:00+02:00;1680569;35;4;55;heavy;2
2025-07-02T14:03:00+02:00;1680573;25;3;55;heavy;2
2025-07-02T14:03:00+02:00;1680574;30;4;55;heavy;2
2025-07-02T14:03:00+02:00;1680575;16;19;58;heavy;1
2025-07-02T14:03:00+02:00;1680576;15;7;57;heavy;1
2025-07-02T14:03:00+02:00;16821_D;84;79;78;freeFlow;5
2025-07-02T14:03:00+02:00;16821_G;75;88;75;freeFlow;2
2025-07-02T14:03:00+02:00;16830_D;53;15;45;freeFlow;1
2025-07-02T14:03:00+02:00;16830_G;53;16;75;freeFlow;2
2025-07-02T14:03:00+02:00;16831_D;53;2;45;freeFlow;1
2025-07-02T14:03:00+02:00;16831_G;52;2;75;freeFlow;2
2025-07-02T14:03:00+02:00;16832;53;3;45;freeFlow;1
2025-07-02T14:03:00+02:00;16834;61;11;75;freeFlow;2
2025-07-02T14:03:00+02:00;16850_D;44;1;27;freeFlow;1
2025-07-02T14:03:00+02:00;16850_G;50;1;0;unknown;0
2025-07-02T14:03:00+02:00;16851_D;47;3;27;freeFlow;1
2025-07-02T14:03:00+02:00;16851_G;50;2;0;unknown;0
2025-07-02T14:03:00+02:00;16852_D;45;5;27;freeFlow;1
2025-07-02T14:03:00+02:00;16852_G;50;5;0;unknown;0
2025-07-02T14:03:00+02:00;16853_D;43;8;27;freeFlow;1
2025-07-02T14:03:00+02:00;16853_G;50;7;0;unknown;0
2025-07-02T14:03:00+02:00;16854_D;41;5;27;freeFlow;1
2025-07-02T14:03:00+02:00;16854_G;50;4;0;unknown;0
2025-07-02T14:03:00+02:00;16855_D;37;6;27;freeFlow;1
2025-07-02T14:03:00+02:00;16855_G;50;4;0;unknown;0
2025-07-02T14:03:00+02:00;16856_D;14;24;30;congested;1
2025-07-02T14:03:00+02:00;16856_G;50;7;0;unknown;0
2025-07-02T14:03:00+02:00;16858_D;34;44;54;heavy;2
2025-07-02T14:03:00+02:00;16858_G;39;38;100;freeFlow;3
2025-07-02T14:03:00+02:00;16859_D;37;4;45;freeFlow;1
2025-07-02T14:03:00+02:00;16859_G;53;3;75;freeFlow;2
2025-07-02T14:03:00+02:00;16860_D;52;7;45;freeFlow;1
2025-07-02T14:03:00+02:00;16860_G;53;7;75;freeFlow;2
2025-07-02T14:03:00+02:00;1690_D;32;9;57;heavy;1
2025-07-02T14:03:00+02:00;1690_G;32;9;40;heavy;1
2025-07-02T14:03:00+02:00;16910_D;32;9;35;heavy;1
2025-07-02T14:03:00+02:00;16910_G;50;6;0;unknown;0
2025-07-02T14:03:00+02:00;16967;38;14;100;heavy;3
2025-07-02T14:03:00+02:00;16969;27;1;100;heavy;3
2025-07-02T14:03:00+02:00;16986;43;15;100;heavy;6
2025-07-02T14:03:00+02:00;16988;45;16;100;heavy;5
2025-07-02T14:03:00+02:00;16989;51;9;100;freeFlow;5
2025-07-02T14:03:00+02:00;16990;61;7;75;freeFlow;2
2025-07-02T14:03:00+02:00;16992;61;22;100;freeFlow;4
2025-07-02T14:03:00+02:00;16994;59;19;100;freeFlow;4
2025-07-02T14:03:00+02:00;17;65;3;75;freeFlow;2
2025-07-02T14:03:00+02:00;1721;11;11;75;congested;2
2025-07-02T14:03:00+02:00;1722;33;4;52;heavy;1
2025-07-02T14:03:00+02:00;1723;31;5;57;heavy;1
2025-07-02T14:03:00+02:00;1724_D;49;11;55;heavy;1
2025-07-02T14:03:00+02:00;1724_G;9;57;45;congested;1
2025-07-02T14:03:00+02:00;1732_D;117;1;30;freeFlow;1
2025-07-02T14:03:00+02:00;1732_G;29;3;60;heavy;1
2025-07-02T14:03:00+02:00;1733_D;33;1;57;heavy;1
2025-07-02T14:03:00+02:00;1733_G;22;2;73;heavy;2
2025-07-02T14:03:00+02:00;1734_D;39;9;59;freeFlow;2
2025-07-02T14:03:00+02:00;1734_G;34;11;73;heavy;2
2025-07-02T14:03:00+02:00;18337;29;3;25;heavy;1
2025-07-02T14:03:00+02:00;18391_D;75;3;100;freeFlow;4
2025-07-02T14:03:00+02:00;18391_G;73;3;74;freeFlow;2
2025-07-02T14:03:00+02:00;1853;78;31;100;freeFlow;8
2025-07-02T14:03:00+02:00;1855;75;6;100;freeFlow;11
2025-07-02T14:03:00+02:00;1856;83;10;100;freeFlow;10
2025-07-02T14:03:00+02:00;19040;54;2;72;freeFlow;2
2025-07-02T14:03:00+02:00;1910886;29;8;27;heavy;1
2025-07-02T14:03:00+02:00;1911185_D;105;11;60;freeFlow;1
2025-07-02T14:03:00+02:00;1911185_G;70;16;0;unknown;0
2025-07-02T14:03:00+02:00;1911398_D;38;1;60;freeFlow;1
2025-07-02T14:03:00+02:00;1911398_G;30;1;0;unknown;0
2025-07-02T14:03:00+02:00;1911404_D;30;3;0;unknown;0
2025-07-02T14:03:00+02:00;1911404_G;38;2;60;freeFlow;1
2025-07-02T14:03:00+02:00;1911418;46;6;75;freeFlow;2
2025-07-02T14:03:00+02:00;1911420;39;2;100;freeFlow;5
2025-07-02T14:03:00+02:00;1911448_D;70;27;0;unknown;0
2025-07-02T14:03:00+02:00;1911448_G;79;24;75;freeFlow;2
2025-07-02T14:03:00+02:00;1911623_D;30;6;0;unknown;0
2025-07-02T14:03:00+02:00;1911623_G;38;5;60;freeFlow;1
2025-07-02T14:03:00+02:00;19628;70;4;72;freeFlow;2
2025-07-02T14:03:00+02:00;19629;90;1;0;unknown;0
2025-07-02T14:03:00+02:00;19630;35;6;72;heavy;2
2025-07-02T14:03:00+02:00;19631;51;2;48;heavy;1
2025-07-02T14:03:00+02:00;19632;105;1;50;freeFlow;1
2025-07-02T14:03:00+02:00;19633;42;4;75;heavy;2
2025-07-02T14:03:00+02:00;19634;70;1;0;unknown;0
2025-07-02T14:03:00+02:00;19635;34;4;75;heavy;2
2025-07-02T14:03:00+02:00;19636;30;5;60;heavy;1
2025-07-02T14:03:00+02:00;19637;30;3;60;heavy;1
2025-07-02T14:03:00+02:00;19638;52;3;75;freeFlow;2
2025-07-02T14:03:00+02:00;19639;26;5;75;heavy;2
2025-07-02T14:03:00+02:00;19640;30;4;75;heavy;2
2025-07-02T14:03:00+02:00;19642;51;2;95;freeFlow;4
2025-07-02T14:03:00+02:00;19643;58;1;75;freeFlow;2
2025-07-02T14:03:00+02:00;19644;38;2;93;heavy;3
2025-07-02T14:03:00+02:00;19683;83;24;75;freeFlow;2
2025-07-02T14:03:00+02:00;19684;95;50;75;freeFlow;2
2025-07-02T14:03:00+02:00;19685;78;67;100;freeFlow;6
2025-07-02T14:03:00+02:00;19686;93;18;100;freeFlow;7
2025-07-02T14:03:00+02:00;198;75;60;75;freeFlow;2
2025-07-02T14:03:00+02:00;19825_D;52;62;78;heavy;3
2025-07-02T14:03:00+02:00;19825_G;81;40;60;freeFlow;1
2025-07-02T14:03:00+02:00;19828;39;3;69;freeFlow;2
2025-07-02T14:03:00+02:00;19830;41;3;60;freeFlow;1
2025-07-02T14:03:00+02:00;19832;32;4;70;heavy;2
2025-07-02T14:03:00+02:00;19833;33;3;67;heavy;2
2025-07-02T14:03:00+02:00;19841_D;58;25;60;freeFlow;1
2025-07-02T14:03:00+02:00;19841_G;83;18;75;freeFlow;2
2025-07-02T14:03:00+02:00;19842_D;58;7;60;freeFlow;1
2025-07-02T14:03:00+02:00;19842_G;82;4;75;freeFlow;2
2025-07-02T14:03:00+02:00;20525;30;6;98;heavy;3
2025-07-02T14:03:00+02:00;20526;27;5;60;heavy;1
2025-07-02T14:03:00+02:00;20527;45;4;42;heavy;1
2025-07-02T14:03:00+02:00;20528;27;4;68;heavy;2
2025-07-02T14:03:00+02:00;20590_D;72;113;71;freeFlow;3
2025-07-02T14:03:00+02:00;20590_G;68;121;46;freeFlow;2
2025-07-02T14:03:00+02:00;20760_D;54;28;74;freeFlow;2
2025-07-02T14:03:00+02:00;20760_G;48;31;45;freeFlow;1
2025-07-02T14:03:00+02:00;2216_D;75;41;57;freeFlow;1
2025-07-02T14:03:00+02:00;2216_G;50;61;75;heavy;2
2025-07-02T14:03:00+02:00;2218_D;82;27;57;freeFlow;1
2025-07-02T14:03:00+02:00;2218_G;66;33;75;freeFlow;2
2025-07-02T14:03:00+02:00;23984_D;36;2;60;heavy;1
2025-07-02T14:03:00+02:00;23984_G;42;1;100;heavy;3
2025-07-02T14:03:00+02:00;24143_D;36;11;60;heavy;1
2025-07-02T14:03:00+02:00;24143_G;45;9;100;heavy;3
2025-07-02T14:03:00+02:00;24147_D;59;64;60;freeFlow;1
2025-07-02T14:03:00+02:00;24147_G;64;60;100;freeFlow;3
2025-07-02T14:03:00+02:00;24148;36;4;60;freeFlow;1
2025-07-02T14:03:00+02:00;24149;39;3;100;freeFlow;3
2025-07-02T14:03:00+02:00;24150;53;3;38;freeFlow;1
2025-07-02T14:03:00+02:00;24151;38;4;100;freeFlow;3
2025-07-02T14:03:00+02:00;24153_D;63;15;38;freeFlow;1
2025-07-02T14:03:00+02:00;24153_G;52;18;100;heavy;3
2025-07-02T14:03:00+02:00;24176;99;16;100;freeFlow;4
2025-07-02T14:03:00+02:00;24178;103;11;100;freeFlow;3
2025-07-02T14:03:00+02:00;24179;89;22;100;freeFlow;4
2025-07-02T14:03:00+02:00;24181_D;62;3;100;freeFlow;4
2025-07-02T14:03:00+02:00;24181_G;55;3;60;freeFlow;1
2025-07-02T14:03:00+02:00;24182;99;12;100;freeFlow;3
2025-07-02T14:03:00+02:00;24184_D;67;9;100;freeFlow;3
2025-07-02T14:03:00+02:00;24184_G;54;11;75;freeFlow;2
2025-07-02T14:03:00+02:00;24259;34;4;100;heavy;4
2025-07-02T14:03:00+02:00;24260;35;5;75;freeFlow;2
2025-07-02T14:03:00+02:00;24261;46;3;75;freeFlow;2
2025-07-02T14:03:00+02:00;24262;38;5;100;freeFlow;5
2025-07-02T14:03:00+02:00;24264_D;44;1;100;heavy;3
2025-07-02T14:03:00+02:00;24264_G;36;1;60;heavy;1
2025-07-02T14:03:00+02:00;24265_D;42;1;100;freeFlow;4
2025-07-02T14:03:00+02:00;24265_G;36;2;60;freeFlow;1
2025-07-02T14:03:00+02:00;24274_D;52;9;60;freeFlow;1
2025-07-02T14:03:00+02:00;24274_G;57;9;100;freeFlow;4
2025-07-02T14:03:00+02:00;25687_D;31;7;40;freeFlow;1
2025-07-02T14:03:00+02:00;25687_G;23;9;60;freeFlow;1
2025-07-02T14:03:00+02:00;25929_D;58;14;60;freeFlow;1
2025-07-02T14:03:00+02:00;25929_G;82;10;60;freeFlow;1
2025-07-02T14:03:00+02:00;25930;59;3;75;freeFlow;2
2025-07-02T14:03:00+02:00;25931;67;3;75;freeFlow;2
2025-07-02T14:03:00+02:00;25932;59;3;88;freeFlow;3
2025-07-02T14:03:00+02:00;25933;39;4;92;heavy;3
2025-07-02T14:03:00+02:00;25934_D;58;4;60;freeFlow;1
2025-07-02T14:03:00+02:00;25934_G;82;3;60;freeFlow;1
2025-07-02T14:03:00+02:00;25944_D;58;5;60;freeFlow;1
2025-07-02T14:03:00+02:00;25944_G;71;4;75;freeFlow;2
2025-07-02T14:03:00+02:00;25946_D;82;10;75;freeFlow;2
2025-07-02T14:03:00+02:00;25946_G;58;14;60;freeFlow;1
2025-07-02T14:03:00+02:00;25947_D;67;28;75;freeFlow;2
2025-07-02T14:03:00+02:00;25947_G;49;39;73;heavy;3
2025-07-02T14:03:00+02:00;25988_D;5;60;40;congested;1
2025-07-02T14:03:00+02:00;25988_G;24;13;60;freeFlow;1
2025-07-02T14:03:00+02:00;25989;12;10;60;congested;1
2025-07-02T14:03:00+02:00;25990;38;2;100;freeFlow;3
2025-07-02T14:03:00+02:00;25991;31;3;100;heavy;3
2025-07-02T14:03:00+02:00;25992;30;4;75;heavy;2
2025-07-02T14:03:00+02:00;25993_D;5;19;40;congested;1
2025-07-02T14:03:00+02:00;25993_G;31;3;60;freeFlow;1
2025-07-02T14:03:00+02:00;25994_D;58;3;60;freeFlow;1
2025-07-02T14:03:00+02:00;25994_G;29;7;60;heavy;1
2025-07-02T14:03:00+02:00;25995_D;58;1;60;freeFlow;1
2025-07-02T14:03:00+02:00;25995_G;23;2;60;heavy;1
2025-07-02T14:03:00+02:00;25996_D;58;4;60;freeFlow;1
2025-07-02T14:03:00+02:00;25996_G;31;7;60;heavy;1
2025-07-02T14:03:00+02:00;25997_D;58;1;60;freeFlow;1
2025-07-02T14:03:00+02:00;25997_G;31;1;60;heavy;1
2025-07-02T14:03:00+02:00;25998_D;58;9;60;freeFlow;1
2025-07-02T14:03:00+02:00;25998_G;69;8;60;freeFlow;1
2025-07-02T14:03:00+02:00;25999_D;58;7;60;freeFlow;1
2025-07-02T14:03:00+02:00;25999_G;82;5;60;freeFlow;1
2025-07-02T14:03:00+02:00;26000_D;35;11;60;heavy;1
2025-07-02T14:03:00+02:00;26000_G;70;6;60;freeFlow;1
2025-07-02T14:03:00+02:00;26001_D;58;1;60;freeFlow;1
2025-07-02T14:03:00+02:00;26001_G;82;1;60;freeFlow;1
2025-07-02T14:03:00+02:00;26002_D;58;7;60;freeFlow;1
2025-07-02T14:03:00+02:00;26002_G;82;5;60;freeFlow;1
2025-07-02T14:03:00+02:00;26023;88;2;60;freeFlow;1
2025-07-02T14:03:00+02:00;26024;108;42;83;freeFlow;3
2025-07-02T14:03:00+02:00;26025;79;81;88;freeFlow;3
2025-07-02T14:03:00+02:00;26041;29;11;100;heavy;3
2025-07-02T14:03:00+02:00;26043;50;9;100;freeFlow;5
2025-07-02T14:03:00+02:00;26044;29;15;100;heavy;3
2025-07-02T14:03:00+02:00;26046;46;20;100;freeFlow;5
2025-07-02T14:03:00+02:00;26047;46;2;75;freeFlow;2
2025-07-02T14:03:00+02:00;26048;50;43;75;freeFlow;2
2025-07-02T14:03:00+02:00;26049;68;21;100;freeFlow;5
2025-07-02T14:03:00+02:00;26050;21;16;100;heavy;5
2025-07-02T14:03:00+02:00;26101_D;30;16;0;unknown;0
2025-07-02T14:03:00+02:00;26101_G;30;16;0;unknown;0
2025-07-02T14:03:00+02:00;26371_D;28;9;60;freeFlow;1
2025-07-02T14:03:00+02:00;26371_G;30;9;0;unknown;0
2025-07-02T14:03:00+02:00;26389_D;70;11;0;unknown;0
2025-07-02T14:03:00+02:00;26389_G;70;11;0;unknown;0
2025-07-02T14:03:00+02:00;26392_D;30;15;0;unknown;0
2025-07-02T14:03:00+02:00;26392_G;30;14;0;unknown;0
2025-07-02T14:03:00+02:00;26393;50;1;0;unknown;0
2025-07-02T14:03:00+02:00;26394;50;1;0;unknown;0
2025-07-02T14:03:00+02:00;26395;23;3;60;heavy;1
2025-07-02T14:03:00+02:00;26396;50;1;0;unknown;0
2025-07-02T14:03:00+02:00;26397_D;50;4;0;unknown;0
2025-07-02T14:03:00+02:00;26397_G;50;4;0;unknown;0
2025-07-02T14:03:00+02:00;26402_D;31;9;40;freeFlow;1
2025-07-02T14:03:00+02:00;26402_G;7;40;75;congested;2
2025-07-02T14:03:00+02:00;26403_D;22;6;75;freeFlow;2
2025-07-02T14:03:00+02:00;26403_G;16;8;40;heavy;1
2025-07-02T14:03:00+02:00;26404_D;25;4;75;freeFlow;2
2025-07-02T14:03:00+02:00;26404_G;39;3;40;freeFlow;1
2025-07-02T14:03:00+02:00;26405_D;31;2;40;freeFlow;1
2025-07-02T14:03:00+02:00;26405_G;21;3;60;heavy;1
2025-07-02T14:03:00+02:00;26409_D;70;11;0;unknown;0
2025-07-02T14:03:00+02:00;26409_G;70;11;0;unknown;0
2025-07-02T14:03:00+02:00;26420_D;70;4;0;unknown;0
2025-07-02T14:03:00+02:00;26420_G;70;4;0;unknown;0
2025-07-02T14:03:00+02:00;26422_D;70;11;0;unknown;0
2025-07-02T14:03:00+02:00;26422_G;70;11;0;unknown;0
2025-07-02T14:03:00+02:00;26423_D;70;7;0;unknown;0
2025-07-02T14:03:00+02:00;26423_G;70;7;0;unknown;0
2025-07-02T14:03:00+02:00;26495_D;50;7;0;unknown;0
2025-07-02T14:03:00+02:00;26495_G;50;7;0;unknown;0
2025-07-02T14:03:00+02:00;26497_D;30;16;0;unknown;0
2025-07-02T14:03:00+02:00;26497_G;30;16;0;unknown;0
2025-07-02T14:03:00+02:00;26501;82;27;100;freeFlow;5
2025-07-02T14:03:00+02:00;26573;90;15;75;freeFlow;2
2025-07-02T14:03:00+02:00;26603_D;31;2;40;freeFlow;1
2025-07-02T14:03:00+02:00;26603_G;21;2;60;heavy;1
2025-07-02T14:03:00+02:00;26611_D;33;4;60;freeFlow;1
2025-07-02T14:03:00+02:00;26611_G;39;3;40;freeFlow;1
2025-07-02T14:03:00+02:00;26619;41;2;60;freeFlow;1
2025-07-02T14:03:00+02:00;26654;24;20;100;heavy;4
2025-07-02T14:03:00+02:00;26656;44;11;100;freeFlow;5
2025-07-02T14:03:00+02:00;26897_D;30;15;0;unknown;0
2025-07-02T14:03:00+02:00;26897_G;30;15;0;unknown;0
2025-07-02T14:03:00+02:00;27837_D;83;3;55;freeFlow;1
2025-07-02T14:03:00+02:00;27837_G;52;6;75;freeFlow;2
2025-07-02T14:03:00+02:00;28032;40;4;53;heavy;2
2025-07-02T14:03:00+02:00;28033;36;4;66;heavy;2
2025-07-02T14:03:00+02:00;282910_D;50;4;0;unknown;0
2025-07-02T14:03:00+02:00;282910_G;24;5;32;heavy;1
2025-07-02T14:03:00+02:00;28642_D;65;7;75;freeFlow;2
2025-07-02T14:03:00+02:00;28642_G;78;6;54;freeFlow;2
2025-07-02T14:03:00+02:00;28645_D;64;2;75;freeFlow;2
2025-07-02T14:03:00+02:00;28645_G;87;1;35;freeFlow;1
2025-07-02T14:03:00+02:00;28646_D;53;59;74;heavy;2
2025-07-02T14:03:00+02:00;28646_G;87;36;35;freeFlow;1
2025-07-02T14:03:00+02:00;28648_D;44;29;74;heavy;2
2025-07-02T14:03:00+02:00;28648_G;68;19;38;freeFlow;1
2025-07-02T14:03:00+02:00;28649_D;67;13;75;freeFlow;2
2025-07-02T14:03:00+02:00;28649_G;58;15;38;freeFlow;1
2025-07-02T14:03:00+02:00;28650_D;51;19;73;heavy;2
2025-07-02T14:03:00+02:00;28650_G;58;17;38;freeFlow;1
2025-07-02T14:03:00+02:00;28660_D;78;9;100;freeFlow;3
2025-07-02T14:03:00+02:00;28660_G;83;8;32;freeFlow;1
2025-07-02T14:03:00+02:00;28665_D;55;25;75;heavy;2
2025-07-02T14:03:00+02:00;28665_G;84;16;35;freeFlow;1
2025-07-02T14:03:00+02:00;28666_D;45;15;75;heavy;2
2025-07-02T14:03:00+02:00;28666_G;87;8;35;freeFlow;1
2025-07-02T14:03:00+02:00;28669_D;70;5;0;unknown;0
2025-07-02T14:03:00+02:00;28669_G;70;5;0;unknown;0
2025-07-02T14:03:00+02:00;28675_D;70;6;0;unknown;0
2025-07-02T14:03:00+02:00;28675_G;55;7;38;freeFlow;1
2025-07-02T14:03:00+02:00;28676_D;62;3;60;freeFlow;1
2025-07-02T14:03:00+02:00;28676_G;70;3;0;unknown;0
2025-07-02T14:03:00+02:00;28677_D;62;18;60;freeFlow;1
2025-07-02T14:03:00+02:00;28677_G;70;16;0;unknown;0
2025-07-02T14:03:00+02:00;28693_D;51;18;100;heavy;3
2025-07-02T14:03:00+02:00;28693_G;82;12;49;freeFlow;2
2025-07-02T14:03:00+02:00;28854;31;5;75;heavy;2
2025-07-02T14:03:00+02:00;28855;43;3;50;freeFlow;1
2025-07-02T14:03:00+02:00;28865_D;60;33;52;freeFlow;1
2025-07-02T14:03:00+02:00;28865_G;56;36;100;heavy;3
2025-07-02T14:03:00+02:00;28866_D;65;11;53;freeFlow;2
2025-07-02T14:03:00+02:00;28866_G;44;16;100;heavy;3
2025-07-02T14:03:00+02:00;28867;71;1;70;freeFlow;2
2025-07-02T14:03:00+02:00;28868;65;2;55;freeFlow;1
2025-07-02T14:03:00+02:00;29;60;24;60;heavy;1
2025-07-02T14:03:00+02:00;30;88;6;60;freeFlow;1
2025-07-02T14:03:00+02:00;30020_D;56;38;72;freeFlow;2
2025-07-02T14:03:00+02:00;30020_G;53;40;60;heavy;1
2025-07-02T14:03:00+02:00;30022;85;3;100;freeFlow;6
2025-07-02T14:03:00+02:00;30023;84;60;100;freeFlow;8
2025-07-02T14:03:00+02:00;30118;41;2;100;freeFlow;5
2025-07-02T14:03:00+02:00;30351_D;43;1;38;freeFlow;1
2025-07-02T14:03:00+02:00;30351_G;22;2;75;heavy;2
2025-07-02T14:03:00+02:00;30355_D;43;12;38;freeFlow;1
2025-07-02T14:03:00+02:00;30355_G;31;17;74;heavy;2
2025-07-02T14:03:00+02:00;30359_D;15;40;68;congested;2
2025-07-02T14:03:00+02:00;30359_G;42;15;73;heavy;2
2025-07-02T14:03:00+02:00;30405;50;2;60;freeFlow;2
2025-07-02T14:03:00+02:00;30406;26;9;75;heavy;2
2025-07-02T14:03:00+02:00;30407;43;3;38;freeFlow;1
2025-07-02T14:03:00+02:00;30408;43;2;38;freeFlow;1
2025-07-02T14:03:00+02:00;30409;29;4;96;heavy;3
2025-07-02T14:03:00+02:00;30410_D;42;1;55;freeFlow;1
2025-07-02T14:03:00+02:00;30410_G;43;1;38;freeFlow;1
2025-07-02T14:03:00+02:00;30411_D;22;13;55;heavy;1
2025-07-02T14:03:00+02:00;30411_G;7;41;85;congested;3
2025-07-02T14:03:00+02:00;30414_D;45;8;57;freeFlow;1
2025-07-02T14:03:00+02:00;30414_G;9;45;35;congested;1
2025-07-02T14:03:00+02:00;30416_D;51;10;57;freeFlow;1
2025-07-02T14:03:00+02:00;30416_G;34;15;35;heavy;1
2025-07-02T14:03:00+02:00;30499_D;23;12;60;freeFlow;1
2025-07-02T14:03:00+02:00;30499_G;56;5;60;freeFlow;1
2025-07-02T14:03:00+02:00;30501_D;27;10;60;freeFlow;1
2025-07-02T14:03:00+02:00;30501_G;23;12;60;freeFlow;1
2025-07-02T14:03:00+02:00;30502_D;21;3;100;freeFlow;4
2025-07-02T14:03:00+02:00;30502_G;42;1;32;freeFlow;1
2025-07-02T14:03:00+02:00;30504_D;29;1;75;freeFlow;2
2025-07-02T14:03:00+02:00;30504_G;17;2;60;heavy;1
2025-07-02T14:03:00+02:00;30508;35;3;60;freeFlow;1
2025-07-02T14:03:00+02:00;30521_D;30;14;60;heavy;1
2025-07-02T14:03:00+02:00;30521_G;32;13;38;heavy;1
2025-07-02T14:03:00+02:00;30522_D;34;3;60;heavy;1
2025-07-02T14:03:00+02:00;30522_G;33;3;38;heavy;1
2025-07-02T14:03:00+02:00;30606_D;40;14;69;freeFlow;2
2025-07-02T14:03:00+02:00;30606_G;29;19;100;heavy;3
2025-07-02T14:03:00+02:00;30608_D;35;4;100;freeFlow;3
2025-07-02T14:03:00+02:00;30608_G;22;7;100;heavy;4
2025-07-02T14:03:00+02:00;30611_D;30;13;75;heavy;2
2025-07-02T14:03:00+02:00;30611_G;19;21;60;heavy;1
2025-07-02T14:03:00+02:00;31;101;4;60;freeFlow;1
2025-07-02T14:03:00+02:00;31286;17;8;60;heavy;1
2025-07-02T14:03:00+02:00;31287;22;3;100;heavy;5
2025-07-02T14:03:00+02:00;31288;28;7;100;heavy;4
2025-07-02T14:03:00+02:00;31289;31;3;100;heavy;3
2025-07-02T14:03:00+02:00;31300_D;34;1;100;heavy;4
2025-07-02T14:03:00+02:00;31300_G;2;23;73;congested;2
2025-07-02T14:03:00+02:00;31302_D;53;1;57;freeFlow;1
2025-07-02T14:03:00+02:00;31302_G;15;3;75;congested;2
2025-07-02T14:03:00+02:00;31304_D;33;33;75;heavy;2
2025-07-02T14:03:00+02:00;31305_D;30;26;100;heavy;4
2025-07-02T14:03:00+02:00;31305_G;30;26;74;heavy;2
2025-07-02T14:03:00+02:00;31361_D;28;2;100;heavy;4
2025-07-02T14:03:00+02:00;31361_G;24;2;68;heavy;2
2025-07-02T14:03:00+02:00;31444_D;52;47;60;heavy;1
2025-07-02T14:03:00+02:00;31444_G;57;43;60;freeFlow;1
2025-07-02T14:03:00+02:00;31448;30;3;75;heavy;2
2025-07-02T14:03:00+02:00;31449;36;4;75;heavy;2
2025-07-02T14:03:00+02:00;31450;30;4;75;heavy;2
2025-07-02T14:03:00+02:00;31451;60;2;75;freeFlow;2
2025-07-02T14:03:00+02:00;31453_D;61;26;60;freeFlow;1
2025-07-02T14:03:00+02:00;31453_G;43;37;68;heavy;2
2025-07-02T14:03:00+02:00;31511;88;17;100;freeFlow;6
2025-07-02T14:03:00+02:00;31512;88;27;100;freeFlow;9
2025-07-02T14:03:00+02:00;31513;99;22;100;freeFlow;10
2025-07-02T14:03:00+02:00;31515;49;2;100;freeFlow;6
2025-07-02T14:03:00+02:00;31517;53;2;75;freeFlow;2
2025-07-02T14:03:00+02:00;31520;67;1;75;freeFlow;2
2025-07-02T14:03:00+02:00;31522;67;3;75;freeFlow;2
2025-07-02T14:03:00+02:00;31523_D;53;4;75;freeFlow;2
2025-07-02T14:03:00+02:00;31523_G;72;3;75;freeFlow;2
2025-07-02T14:03:00+02:00;31530_D;50;8;70;heavy;2
2025-07-02T14:03:00+02:00;31530_G;17;23;60;congested;1
2025-07-02T14:03:00+02:00;31532_D;32;5;60;heavy;1
2025-07-02T14:03:00+02:00;31532_G;53;3;60;heavy;1
2025-07-02T14:03:00+02:00;31534;101;4;100;freeFlow;3
2025-07-02T14:03:00+02:00;31536;75;13;60;freeFlow;1
2025-07-02T14:03:00+02:00;31550;76;12;100;freeFlow;8
2025-07-02T14:03:00+02:00;31551;87;9;100;freeFlow;5
2025-07-02T14:03:00+02:00;31553;63;16;100;freeFlow;5
2025-07-02T14:03:00+02:00;31557;73;5;73;freeFlow;2
2025-07-02T14:03:00+02:00;31558_D;60;19;75;freeFlow;2
2025-07-02T14:03:00+02:00;31558_G;33;34;60;heavy;1
2025-07-02T14:03:00+02:00;31559;51;9;100;freeFlow;6
2025-07-02T14:03:00+02:00;31561;48;8;100;freeFlow;6
2025-07-02T14:03:00+02:00;31562;63;6;60;freeFlow;1
2025-07-02T14:03:00+02:00;31563;36;11;60;freeFlow;1
2025-07-02T14:03:00+02:00;31568;63;6;60;freeFlow;1
2025-07-02T14:03:00+02:00;31569;65;9;75;freeFlow;2
2025-07-02T14:03:00+02:00;31583_D;56;14;60;freeFlow;1
2025-07-02T14:03:00+02:00;31583_G;50;15;0;unknown;0
2025-07-02T14:03:00+02:00;31670_D;45;10;32;freeFlow;1
2025-07-02T14:03:00+02:00;31670_G;50;9;0;unknown;0
2025-07-02T14:03:00+02:00;31672_D;70;29;0;unknown;0
2025-07-02T14:03:00+02:00;31672_G;50;40;60;freeFlow;1
2025-07-02T14:03:00+02:00;31673;94;14;100;freeFlow;7
2025-07-02T14:03:00+02:00;31674;80;17;100;freeFlow;8
2025-07-02T14:03:00+02:00;31708_D;44;4;60;freeFlow;1
2025-07-02T14:03:00+02:00;31708_G;30;6;0;unknown;0
2025-07-02T14:03:00+02:00;31709_D;44;8;60;freeFlow;1
2025-07-02T14:03:00+02:00;31709_G;30;12;0;unknown;0
2025-07-02T14:03:00+02:00;31716_D;44;5;60;freeFlow;1
2025-07-02T14:03:00+02:00;31716_G;30;7;0;unknown;0
2025-07-02T14:03:00+02:00;31717_D;40;13;60;freeFlow;1
2025-07-02T14:03:00+02:00;31717_G;30;17;0;unknown;0
2025-07-02T14:03:00+02:00;31720_D;38;3;60;freeFlow;1
2025-07-02T14:03:00+02:00;31720_G;30;4;0;unknown;0
2025-07-02T14:03:00+02:00;31722_D;30;9;0;unknown;0
2025-07-02T14:03:00+02:00;31722_G;38;7;60;freeFlow;1
2025-07-02T14:03:00+02:00;31723;38;5;60;freeFlow;1
2025-07-02T14:03:00+02:00;31724;50;4;0;unknown;0
2025-07-02T14:03:00+02:00;31725;38;5;60;freeFlow;1
2025-07-02T14:03:00+02:00;31726;38;6;60;freeFlow;1
2025-07-02T14:03:00+02:00;31727_D;30;12;0;unknown;0
2025-07-02T14:03:00+02:00;31727_G;38;9;60;freeFlow;1
2025-07-02T14:03:00+02:00;31878;40;4;75;heavy;2
2025-07-02T14:03:00+02:00;31879;37;4;73;heavy;2
2025-07-02T14:03:00+02:00;31880;84;3;100;freeFlow;8
2025-07-02T14:03:00+02:00;31881;52;6;60;freeFlow;1
2025-07-02T14:03:00+02:00;31882;107;1;48;freeFlow;1
2025-07-02T14:03:00+02:00;32;89;14;60;freeFlow;1
2025-07-02T14:03:00+02:00;32118;91;1;100;freeFlow;7
2025-07-02T14:03:00+02:00;32163_D;38;2;60;freeFlow;1
2025-07-02T14:03:00+02:00;32163_G;30;3;0;unknown;0
2025-07-02T14:03:00+02:00;32165_D;23;3;100;heavy;4
2025-07-02T14:03:00+02:00;32165_G;42;2;60;freeFlow;1
2025-07-02T14:03:00+02:00;32177_D;23;26;72;congested;2
2025-07-02T14:03:00+02:00;32177_G;58;10;38;freeFlow;1
2025-07-02T14:03:00+02:00;32784_D;31;3;100;heavy;3
2025-07-02T14:03:00+02:00;32784_G;17;5;60;heavy;1
2025-07-02T14:03:00+02:00;32785;21;3;75;heavy;2
2025-07-02T14:03:00+02:00;32786;15;5;100;heavy;4
2025-07-02T14:03:00+02:00;32788;25;3;100;heavy;4
2025-07-02T14:03:00+02:00;32790;21;3;60;heavy;1
2025-07-02T14:03:00+02:00;32791;31;3;100;heavy;3
2025-07-02T14:03:00+02:00;32794;10;6;60;congested;1
2025-07-02T14:03:00+02:00;32796;15;4;75;congested;2
2025-07-02T14:03:00+02:00;33;99;25;60;freeFlow;1
2025-07-02T14:03:00+02:00;34;90;29;100;freeFlow;3
2025-07-02T14:03:00+02:00;34744;88;37;100;freeFlow;9
2025-07-02T14:03:00+02:00;34745;94;35;100;freeFlow;4
2025-07-02T14:03:00+02:00;34757_D;74;1;35;freeFlow;1
2025-07-02T14:03:00+02:00;34757_G;31;3;38;heavy;1
2025-07-02T14:03:00+02:00;34758_D;57;14;35;freeFlow;1
2025-07-02T14:03:00+02:00;34758_G;50;16;0;unknown;0
2025-07-02T14:03:00+02:00;35;91;58;78;freeFlow;3
2025-07-02T14:03:00+02:00;35072;72;36;100;freeFlow;7
2025-07-02T14:03:00+02:00;35077;88;47;100;freeFlow;10
2025-07-02T14:03:00+02:00;35086;91;45;100;freeFlow;7
2025-07-02T14:03:00+02:00;35092;44;6;100;heavy;5
2025-07-02T14:03:00+02:00;35096;85;19;100;freeFlow;5
2025-07-02T14:03:00+02:00;35098;85;44;100;freeFlow;10
2025-07-02T14:03:00+02:00;35103;67;12;60;freeFlow;1
2025-07-02T14:03:00+02:00;35869_D;42;1;35;freeFlow;1
2025-07-02T14:03:00+02:00;35869_G;50;1;0;unknown;0
2025-07-02T14:03:00+02:00;35870_D;54;10;35;freeFlow;1
2025-07-02T14:03:00+02:00;35870_G;37;15;38;freeFlow;1
2025-07-02T14:03:00+02:00;35940;21;15;0;unknown;0
2025-07-02T14:03:00+02:00;35942;30;2;0;unknown;0
2025-07-02T14:03:00+02:00;35943;30;2;0;unknown;0
2025-07-02T14:03:00+02:00;35944;36;2;40;freeFlow;1
2025-07-02T14:03:00+02:00;35945;30;3;0;unknown;0
2025-07-02T14:03:00+02:00;35946_D;30;2;0;unknown;0
2025-07-02T14:03:00+02:00;35946_G;30;2;0;unknown;0
2025-07-02T14:03:00+02:00;35947;23;12;42;freeFlow;1
2025-07-02T14:03:00+02:00;35948;23;10;42;freeFlow;1
2025-07-02T14:03:00+02:00;35949;30;7;0;unknown;0
2025-07-02T14:03:00+02:00;35950;30;12;0;unknown;0
2025-07-02T14:03:00+02:00;35951;30;5;0;unknown;0
2025-07-02T14:03:00+02:00;35952;30;11;0;unknown;0
2025-07-02T14:03:00+02:00;35953;42;3;35;freeFlow;1
2025-07-02T14:03:00+02:00;35954;50;2;0;unknown;0
2025-07-02T14:03:00+02:00;35955;8;14;53;congested;2
2025-07-02T14:03:00+02:00;35956;25;1;32;heavy;1
2025-07-02T14:03:00+02:00;35957_D;30;2;0;unknown;0
2025-07-02T14:03:00+02:00;35957_G;36;1;40;freeFlow;1
2025-07-02T14:03:00+02:00;35959_D;30;2;0;unknown;0
2025-07-02T14:03:00+02:00;35959_G;7;6;38;congested;1
2025-07-02T14:03:00+02:00;35960;33;10;40;freeFlow;1
2025-07-02T14:03:00+02:00;35961;36;14;40;freeFlow;1
2025-07-02T14:03:00+02:00;35962;36;10;40;freeFlow;1
2025-07-02T14:03:00+02:00;35963;30;6;0;unknown;0
2025-07-02T14:03:00+02:00;35964;30;6;0;unknown;0
2025-07-02T14:03:00+02:00;35965;30;20;0;unknown;0
2025-07-02T14:03:00+02:00;35971;30;20;0;unknown;0
2025-07-02T14:03:00+02:00;35972;30;11;0;unknown;0
2025-07-02T14:03:00+02:00;35973;30;8;0;unknown;0
2025-07-02T14:03:00+02:00;35985_D;50;1;0;unknown;0
2025-07-02T14:03:00+02:00;35985_G;22;5;38;heavy;1
2025-07-02T14:03:00+02:00;35986_D;23;31;0;unknown;0
2025-07-02T14:03:00+02:00;35986_G;28;26;42;heavy;1
2025-07-02T14:03:00+02:00;35994_D;16;3;0;unknown;0
2025-07-02T14:03:00+02:00;35994_G;11;3;42;heavy;1
2025-07-02T14:03:00+02:00;35998;30;7;94;heavy;3
2025-07-02T14:03:00+02:00;35999;41;5;96;freeFlow;3
2025-07-02T14:03:00+02:00;36000;41;5;93;freeFlow;3
2025-07-02T14:03:00+02:00;36001;31;6;94;heavy;3
2025-07-02T14:03:00+02:00;36003_D;42;1;75;freeFlow;2
2025-07-02T14:03:00+02:00;36003_G;34;2;75;heavy;2
2025-07-02T14:03:00+02:00;36004_D;42;50;75;freeFlow;2
2025-07-02T14:03:00+02:00;36004_G;53;39;75;freeFlow;2
2025-07-02T14:03:00+02:00;36005;30;2;0;unknown;0
2025-07-02T14:03:00+02:00;36006;30;3;0;unknown;0
2025-07-02T14:03:00+02:00;36007;30;2;0;unknown;0
2025-07-02T14:03:00+02:00;36010_D;30;1;0;unknown;0
2025-07-02T14:03:00+02:00;36010_G;30;1;0;unknown;0
2025-07-02T14:03:00+02:00;36011;30;10;0;unknown;0
2025-07-02T14:03:00+02:00;36012_D;30;2;0;unknown;0
2025-07-02T14:03:00+02:00;36012_G;30;2;0;unknown;0
2025-07-02T14:03:00+02:00;37200_D;37;7;75;freeFlow;2
2025-07-02T14:03:00+02:00;37200_G;12;21;100;heavy;3
2025-07-02T14:03:00+02:00;37201;36;6;100;freeFlow;3
2025-07-02T14:03:00+02:00;37202;41;7;94;freeFlow;3
2025-07-02T14:03:00+02:00;37203;34;15;97;heavy;4
2025-07-02T14:03:00+02:00;37204_D;40;2;75;freeFlow;2
2025-07-02T14:03:00+02:00;37204_G;20;5;100;heavy;3
2025-07-02T14:03:00+02:00;37205_D;40;5;75;freeFlow;2
2025-07-02T14:03:00+02:00;37205_G;38;5;100;freeFlow;3
2025-07-02T14:03:00+02:00;37206_D;41;12;75;freeFlow;2
2025-07-02T14:03:00+02:00;37206_G;42;12;100;freeFlow;3
2025-07-02T14:03:00+02:00;37207;35;2;75;freeFlow;2
2025-07-02T14:03:00+02:00;37208;42;3;100;freeFlow;3
2025-07-02T14:03:00+02:00;37209;37;2;60;freeFlow;1
2025-07-02T14:03:00+02:00;37210_D;37;1;60;freeFlow;1
2025-07-02T14:03:00+02:00;37210_G;39;1;100;freeFlow;3
2025-07-02T14:03:00+02:00;37211_D;38;70;60;freeFlow;1
2025-07-02T14:03:00+02:00;37211_G;48;55;100;freeFlow;3
2025-07-02T14:03:00+02:00;37239;37;5;100;freeFlow;3
2025-07-02T14:03:00+02:00;37240;34;5;100;freeFlow;4
2025-07-02T14:03:00+02:00;37241;31;6;100;freeFlow;4
2025-07-02T14:03:00+02:00;37242;32;6;100;freeFlow;5
2025-07-02T14:03:00+02:00;37243_D;26;3;100;heavy;3
2025-07-02T14:03:00+02:00;37243_G;39;3;75;freeFlow;2
2025-07-02T14:03:00+02:00;37244_D;30;2;0;unknown;0
2025-07-02T14:03:00+02:00;37244_G;30;2;0;unknown;0
2025-07-02T14:03:00+02:00;37246_D;36;3;75;freeFlow;2
2025-07-02T14:03:00+02:00;37246_G;25;4;100;freeFlow;3
2025-07-02T14:03:00+02:00;37422_D;54;18;35;freeFlow;1
2025-07-02T14:03:00+02:00;37422_G;50;19;0;unknown;0
2025-07-02T14:03:00+02:00;37467_D;37;11;38;freeFlow;1
2025-07-02T14:03:00+02:00;37467_G;50;8;0;unknown;0
2025-07-02T14:03:00+02:00;37508_D;42;25;100;freeFlow;3
2025-07-02T14:03:00+02:00;37508_G;38;28;75;freeFlow;2
2025-07-02T14:03:00+02:00;37509_D;37;2;75;freeFlow;2
2025-07-02T14:03:00+02:00;37509_G;30;2;75;heavy;2
2025-07-02T14:03:00+02:00;37564_D;70;22;0;unknown;0
2025-07-02T14:03:00+02:00;37564_G;83;18;75;freeFlow;2
2025-07-02T14:03:00+02:00;37565_D;70;12;0;unknown;0
2025-07-02T14:03:00+02:00;37565_G;73;11;75;freeFlow;2
2025-07-02T14:03:00+02:00;37586_D;30;2;100;heavy;3
2025-07-02T14:03:00+02:00;37586_G;36;2;75;freeFlow;2
2025-07-02T14:03:00+02:00;37588_D;57;9;75;freeFlow;2
2025-07-02T14:03:00+02:00;37588_G;70;8;0;unknown;0
2025-07-02T14:03:00+02:00;37620_D;88;1;75;freeFlow;2
2025-07-02T14:03:00+02:00;37620_G;70;1;0;unknown;0
2025-07-02T14:03:00+02:00;37621;35;5;75;freeFlow;2
2025-07-02T14:03:00+02:00;37622;30;7;100;heavy;3
2025-07-02T14:03:00+02:00;37625_D;74;12;75;freeFlow;2
2025-07-02T14:03:00+02:00;37625_G;23;40;40;heavy;1
2025-07-02T14:03:00+02:00;37665_D;4;22;60;congested;1
2025-07-02T14:03:00+02:00;37665_G;13;6;75;congested;2
2025-07-02T14:03:00+02:00;37667;42;30;60;heavy;1
2025-07-02T14:03:00+02:00;37668;67;6;60;freeFlow;1
2025-07-02T14:03:00+02:00;37673;33;11;64;heavy;2
2025-07-02T14:03:00+02:00;37686_D;18;36;48;heavy;2
2025-07-02T14:03:00+02:00;37686_G;17;37;60;heavy;1
2025-07-02T14:03:00+02:00;37702_D;27;10;45;heavy;2
2025-07-02T14:03:00+02:00;37702_G;50;5;0;unknown;0
2025-07-02T14:03:00+02:00;37706_D;50;1;0;unknown;0
2025-07-02T14:03:00+02:00;37706_G;34;1;30;heavy;1
2025-07-02T14:03:00+02:00;37707_D;18;4;60;heavy;1
2025-07-02T14:03:00+02:00;37707_G;37;2;73;freeFlow;2
2025-07-02T14:03:00+02:00;37708_D;17;55;74;heavy;2
2025-07-02T14:03:00+02:00;37708_G;42;22;73;freeFlow;2
2025-07-02T14:03:00+02:00;37712_D;18;11;75;heavy;2
2025-07-02T14:03:00+02:00;37712_G;22;9;60;freeFlow;1
2025-07-02T14:03:00+02:00;37724;16;9;60;heavy;1
2025-07-02T14:03:00+02:00;37725;25;3;74;heavy;2
2025-07-02T14:03:00+02:00;37726;6;17;75;congested;2
2025-07-02T14:03:00+02:00;37727;29;4;73;heavy;2
2025-07-02T14:03:00+02:00;37728;22;5;50;heavy;1
2025-07-02T14:03:00+02:00;37729;86;65;60;freeFlow;2
2025-07-02T14:03:00+02:00;37730;40;4;96;freeFlow;5
2025-07-02T14:03:00+02:00;37732;76;48;100;freeFlow;3
2025-07-02T14:03:00+02:00;37737;91;44;100;freeFlow;4
2025-07-02T14:03:00+02:00;37738;48;2;57;heavy;1
2025-07-02T14:03:00+02:00;37739;58;2;98;freeFlow;3
2025-07-02T14:03:00+02:00;37740;47;3;75;heavy;2
2025-07-02T14:03:00+02:00;37741;46;1;75;heavy;2
2025-07-02T14:03:00+02:00;37742;52;3;100;freeFlow;3
2025-07-02T14:03:00+02:00;37743;48;3;100;heavy;3
2025-07-02T14:03:00+02:00;37744;46;4;75;heavy;2
2025-07-02T14:03:00+02:00;37745;30;2;52;heavy;1
2025-07-02T14:03:00+02:00;37749;92;42;100;freeFlow;11
2025-07-02T14:03:00+02:00;37750;94;28;100;freeFlow;4
2025-07-02T14:03:00+02:00;37751;66;15;50;freeFlow;2
2025-07-02T14:03:00+02:00;37752;69;9;60;freeFlow;1
2025-07-02T14:03:00+02:00;37753;91;29;100;freeFlow;10
2025-07-02T14:03:00+02:00;37784;61;1;75;freeFlow;2
2025-07-02T14:03:00+02:00;37785;105;1;60;freeFlow;1
2025-07-02T14:03:00+02:00;37786;84;1;80;freeFlow;3
2025-07-02T14:03:00+02:00;37787_D;105;14;60;freeFlow;1
2025-07-02T14:03:00+02:00;37787_G;70;22;0;unknown;0
2025-07-02T14:03:00+02:00;37818;86;54;83;freeFlow;4
2025-07-02T14:03:00+02:00;37819;91;61;100;freeFlow;10
2025-07-02T14:03:00+02:00;37822;87;10;100;freeFlow;3
2025-07-02T14:03:00+02:00;37826;70;1;75;freeFlow;2
2025-07-02T14:03:00+02:00;37827;57;0;55;freeFlow;1
2025-07-02T14:03:00+02:00;37941;81;60;83;freeFlow;9
2025-07-02T14:03:00+02:00;37947;92;8;100;freeFlow;6
2025-07-02T14:03:00+02:00;37948;97;71;100;freeFlow;10
2025-07-02T14:03:00+02:00;37949;94;74;100;freeFlow;8
2025-07-02T14:03:00+02:00;37950;97;7;100;freeFlow;9
2025-07-02T14:03:00+02:00;37970;94;15;100;freeFlow;6
2025-07-02T14:03:00+02:00;38;93;15;60;freeFlow;1
2025-07-02T14:03:00+02:00;38067;90;12;100;freeFlow;11
2025-07-02T14:03:00+02:00;38068;50;4;75;freeFlow;2
2025-07-02T14:03:00+02:00;38069;74;4;60;freeFlow;1
2025-07-02T14:03:00+02:00;38070;94;9;100;freeFlow;6
2025-07-02T14:03:00+02:00;38310;50;1;0;unknown;0
2025-07-02T14:03:00+02:00;38311;50;2;0;unknown;0
2025-07-02T14:03:00+02:00;38317;87;2;100;freeFlow;9
2025-07-02T14:03:00+02:00;38318;93;28;100;freeFlow;9
2025-07-02T14:03:00+02:00;38319;95;22;100;freeFlow;14
2025-07-02T14:03:00+02:00;38322;37;4;100;heavy;3
2025-07-02T14:03:00+02:00;38378_D;105;7;60;freeFlow;1
2025-07-02T14:03:00+02:00;38378_G;70;10;0;unknown;0
2025-07-02T14:03:00+02:00;38389_D;105;10;60;freeFlow;1
2025-07-02T14:03:00+02:00;38389_G;70;15;0;unknown;0
2025-07-02T14:03:00+02:00;39061;67;4;60;freeFlow;1
2025-07-02T14:03:00+02:00;39062;69;2;75;freeFlow;2
2025-07-02T14:03:00+02:00;39063;45;9;75;heavy;2
2025-07-02T14:03:00+02:00;39473;62;32;100;heavy;3
2025-07-02T14:03:00+02:00;39618;98;3;100;freeFlow;13
2025-07-02T14:03:00+02:00;39619;97;2;100;freeFlow;12
2025-07-02T14:03:00+02:00;39720_D;39;32;100;freeFlow;3
2025-07-02T14:03:00+02:00;39720_G;50;25;75;freeFlow;2
2025-07-02T14:03:00+02:00;39902_D;105;1;60;freeFlow;1
2025-07-02T14:03:00+02:00;39902_G;70;1;0;unknown;0
2025-07-02T14:03:00+02:00;39904_D;105;0;60;freeFlow;1
2025-07-02T14:03:00+02:00;39904_G;70;1;0;unknown;0
2025-07-02T14:03:00+02:00;39906_D;105;5;60;freeFlow;1
2025-07-02T14:03:00+02:00;39906_G;70;7;0;unknown;0
2025-07-02T14:03:00+02:00;40185_D;32;4;60;heavy;1
2025-07-02T14:03:00+02:00;40185_G;25;1;75;heavy;2
2025-07-02T14:03:00+02:00;40201;33;1;57;heavy;1
2025-07-02T14:03:00+02:00;40202;33;2;57;heavy;1
2025-07-02T14:03:00+02:00;40203;39;2;64;freeFlow;2
2025-07-02T14:03:00+02:00;40212_D;84;1;75;freeFlow;2
2025-07-02T14:03:00+02:00;40212_G;83;1;32;freeFlow;1
2025-07-02T14:03:00+02:00;40213_D;64;1;75;freeFlow;2
2025-07-02T14:03:00+02:00;40213_G;87;1;35;freeFlow;1
2025-07-02T14:03:00+02:00;41631_D;33;7;60;freeFlow;1
2025-07-02T14:03:00+02:00;41631_G;23;9;60;freeFlow;1
2025-07-02T14:03:00+02:00;41632_D;5;28;60;congested;1
2025-07-02T14:03:00+02:00;41632_G;44;3;60;freeFlow;1
2025-07-02T14:03:00+02:00;41652_D;18;12;60;heavy;1
2025-07-02T14:03:00+02:00;41683_D;36;29;50;heavy;1
2025-07-02T14:03:00+02:00;41683_G;43;25;60;heavy;1
2025-07-02T14:03:00+02:00;41709_D;17;28;48;heavy;1
2025-07-02T14:03:00+02:00;41709_G;44;11;60;freeFlow;1
2025-07-02T14:03:00+02:00;41712_D;36;6;72;freeFlow;2
2025-07-02T14:03:00+02:00;41712_G;44;5;60;freeFlow;1
2025-07-02T14:03:00+02:00;41713_D;10;12;75;heavy;2
2025-07-02T14:03:00+02:00;41713_G;10;12;60;heavy;1
2025-07-02T14:03:00+02:00;41729;39;2;75;freeFlow;2
2025-07-02T14:03:00+02:00;41730;50;1;0;unknown;0
2025-07-02T14:03:00+02:00;41731;34;2;60;heavy;1
2025-07-02T14:03:00+02:00;41753_D;17;11;60;heavy;1
2025-07-02T14:03:00+02:00;41753_G;19;10;60;heavy;1
2025-07-02T14:03:00+02:00;41764_D;26;2;60;freeFlow;1
2025-07-02T14:03:00+02:00;41764_G;44;1;60;freeFlow;1
2025-07-02T14:03:00+02:00;41781;36;2;75;freeFlow;2
2025-07-02T14:03:00+02:00;41782;36;2;75;freeFlow;2
2025-07-02T14:03:00+02:00;41783;40;2;60;freeFlow;1
2025-07-02T14:03:00+02:00;41784;38;2;75;freeFlow;2
2025-07-02T14:03:00+02:00;41809_D;34;7;60;freeFlow;1
2025-07-02T14:03:00+02:00;41809_G;22;11;60;freeFlow;1
2025-07-02T14:03:00+02:00;41810_D;34;2;60;freeFlow;1
2025-07-02T14:03:00+02:00;41810_G;20;3;60;heavy;1
2025-07-02T14:03:00+02:00;41811_D;33;7;60;freeFlow;1
2025-07-02T14:03:00+02:00;41811_G;8;32;60;congested;1
2025-07-02T14:03:00+02:00;41812_D;33;5;60;freeFlow;1
2025-07-02T14:03:00+02:00;41812_G;26;7;57;freeFlow;1
2025-07-02T14:03:00+02:00;41813_D;33;4;60;freeFlow;1
2025-07-02T14:03:00+02:00;41813_G;31;4;57;freeFlow;1
2025-07-02T14:03:00+02:00;41814_D;33;7;60;freeFlow;1
2025-07-02T14:03:00+02:00;41814_G;26;8;57;freeFlow;1
2025-07-02T14:03:00+02:00;41815_D;33;6;60;freeFlow;1
2025-07-02T14:03:00+02:00;41815_G;23;9;57;freeFlow;1
2025-07-02T14:03:00+02:00;41817_D;33;6;60;freeFlow;1
2025-07-02T14:03:00+02:00;41817_G;18;11;55;heavy;1
2025-07-02T14:03:00+02:00;41818_D;17;5;60;heavy;1
2025-07-02T14:03:00+02:00;41818_G;35;2;55;freeFlow;1
2025-07-02T14:03:00+02:00;42028;47;10;75;freeFlow;2
2025-07-02T14:03:00+02:00;42029;40;38;60;freeFlow;1
2025-07-02T14:03:00+02:00;42030;48;32;75;freeFlow;2
2025-07-02T14:03:00+02:00;42031;45;34;60;freeFlow;1
2025-07-02T14:03:00+02:00;42047;70;5;0;unknown;0
2025-07-02T14:03:00+02:00;42049;50;2;0;unknown;0
2025-07-02T14:03:00+02:00;42050;41;2;75;heavy;2
2025-07-02T14:03:00+02:00;42051;60;8;75;heavy;2
2025-07-02T14:03:00+02:00;42125_D;50;23;0;unknown;0
2025-07-02T14:03:00+02:00;42125_G;38;30;60;freeFlow;1
2025-07-02T14:03:00+02:00;42134;61;39;75;heavy;2
2025-07-02T14:03:00+02:00;42135;101;27;60;freeFlow;1
2025-07-02T14:03:00+02:00;42206_D;16;57;75;heavy;2
2025-07-02T14:03:00+02:00;42238_D;29;12;75;heavy;2
2025-07-02T14:03:00+02:00;42257;90;6;0;unknown;0
2025-07-02T14:03:00+02:00;42273_D;6;31;48;congested;1
2025-07-02T14:03:00+02:00;42273_G;20;9;60;heavy;1
2025-07-02T14:03:00+02:00;42293_D;35;2;60;freeFlow;1
2025-07-02T14:03:00+02:00;42293_G;19;3;60;heavy;1
2025-07-02T14:03:00+02:00;42307_D;50;15;0;unknown;0
2025-07-02T14:03:00+02:00;42307_G;46;16;58;freeFlow;1
2025-07-02T14:03:00+02:00;42359;19;35;97;congested;3
2025-07-02T14:03:00+02:00;42375;50;1;0;unknown;0
2025-07-02T14:03:00+02:00;42378_D;19;2;75;heavy;2
2025-07-02T14:03:00+02:00;42378_G;19;3;60;heavy;1
2025-07-02T14:03:00+02:00;42379;81;33;75;freeFlow;2
2025-07-02T14:03:00+02:00;42383;35;2;75;heavy;2
2025-07-02T14:03:00+02:00;42384;50;1;0;unknown;0
2025-07-02T14:03:00+02:00;42385;24;3;60;heavy;1
2025-07-02T14:03:00+02:00;42386;40;1;60;freeFlow;1
2025-07-02T14:03:00+02:00;42387;31;6;100;heavy;3
2025-07-02T14:03:00+02:00;42388;40;3;100;freeFlow;3
2025-07-02T14:03:00+02:00;42389;45;4;60;freeFlow;1
2025-07-02T14:03:00+02:00;42390;49;2;75;freeFlow;2
2025-07-02T14:03:00+02:00;42391;36;3;60;freeFlow;1
2025-07-02T14:03:00+02:00;42392;37;3;75;freeFlow;2
2025-07-02T14:03:00+02:00;42399;17;16;75;congested;2
2025-07-02T14:03:00+02:00;42401_D;55;23;30;freeFlow;1
2025-07-02T14:03:00+02:00;42401_G;51;25;57;freeFlow;1
2025-07-02T14:03:00+02:00;42572;34;1;75;heavy;2
2025-07-02T14:03:00+02:00;42573;45;1;60;freeFlow;1
2025-07-02T14:03:00+02:00;42580;39;3;75;heavy;2
2025-07-02T14:03:00+02:00;42595_D;23;8;48;freeFlow;1
2025-07-02T14:03:00+02:00;42595_G;28;6;60;freeFlow;1
2025-07-02T14:03:00+02:00;42603;17;32;60;heavy;1
2025-07-02T14:03:00+02:00;42663_D;12;19;50;congested;1
2025-07-02T14:03:00+02:00;42663_G;66;4;60;freeFlow;1
2025-07-02T14:03:00+02:00;42681_D;22;42;50;heavy;1
2025-07-02T14:03:00+02:00;42681_G;64;14;60;freeFlow;1
2025-07-02T14:03:00+02:00;42684_D;30;2;0;unknown;0
2025-07-02T14:03:00+02:00;42684_G;108;1;50;freeFlow;1
2025-07-02T14:03:00+02:00;42685;101;26;60;freeFlow;1
2025-07-02T14:03:00+02:00;42709_D;22;43;25;heavy;1
2025-07-02T14:03:00+02:00;42709_G;49;19;57;freeFlow;1
2025-07-02T14:03:00+02:00;42777_D;50;3;0;unknown;0
2025-07-02T14:03:00+02:00;42777_G;26;6;60;heavy;1
2025-07-02T14:03:00+02:00;42778_D;50;1;0;unknown;0
2025-07-02T14:03:00+02:00;42778_G;26;3;60;heavy;1
2025-07-02T14:03:00+02:00;42779;50;2;0;unknown;0
2025-07-02T14:03:00+02:00;42780_D;50;8;0;unknown;0
2025-07-02T14:03:00+02:00;42780_G;26;16;60;heavy;1
2025-07-02T14:03:00+02:00;42938_D;25;12;73;heavy;2
2025-07-02T14:03:00+02:00;42938_G;50;6;0;unknown;0
2025-07-02T14:03:00+02:00;42939_D;19;12;60;heavy;1
2025-07-02T14:03:00+02:00;42939_G;50;4;0;unknown;0
2025-07-02T14:03:00+02:00;42940_D;7;59;67;congested;2
2025-07-02T14:03:00+02:00;42940_G;50;9;0;unknown;0
2025-07-02T14:03:00+02:00;42941_D;14;9;72;congested;2
2025-07-02T14:03:00+02:00;42941_G;16;9;20;heavy;1
2025-07-02T14:03:00+02:00;42947_D;28;16;55;heavy;2
2025-07-02T14:03:00+02:00;42947_G;45;10;30;freeFlow;1
2025-07-02T14:03:00+02:00;42948_D;28;8;40;heavy;1
2025-07-02T14:03:00+02:00;42948_G;37;6;32;freeFlow;1
2025-07-02T14:03:00+02:00;42949_D;26;10;55;heavy;2
2025-07-02T14:03:00+02:00;42949_G;36;7;32;freeFlow;1
2025-07-02T14:03:00+02:00;42978_D;18;30;97;heavy;3
2025-07-02T14:03:00+02:00;42978_G;34;16;75;heavy;2
2025-07-02T14:03:00+02:00;42979_D;19;8;75;heavy;2
2025-07-02T14:03:00+02:00;42979_G;24;6;60;heavy;1
2025-07-02T14:03:00+02:00;42983_D;26;15;68;heavy;2
2025-07-02T14:03:00+02:00;42983_G;50;8;0;unknown;0
2025-07-02T14:03:00+02:00;42999_D;50;12;0;unknown;0
2025-07-02T14:03:00+02:00;42999_G;55;11;60;freeFlow;1
2025-07-02T14:03:00+02:00;43000_D;50;5;0;unknown;0
2025-07-02T14:03:00+02:00;43000_G;14;17;66;congested;2
2025-07-02T14:03:00+02:00;43001_D;50;4;0;unknown;0
2025-07-02T14:03:00+02:00;43001_G;38;5;42;freeFlow;1
2025-07-02T14:03:00+02:00;43003_D;50;3;0;unknown;0
2025-07-02T14:03:00+02:00;43003_G;44;3;42;freeFlow;1
2025-07-02T14:03:00+02:00;43027_D;20;13;74;heavy;2
2025-07-02T14:03:00+02:00;43027_G;50;5;0;unknown;0
2025-07-02T14:03:00+02:00;43029_D;30;14;55;heavy;2
2025-07-02T14:03:00+02:00;43029_G;45;9;32;freeFlow;1
2025-07-02T14:03:00+02:00;43046_D;26;11;60;heavy;1
2025-07-02T14:03:00+02:00;43046_G;50;6;0;unknown;0
2025-07-02T14:03:00+02:00;43047_D;34;5;60;heavy;1
2025-07-02T14:03:00+02:00;43047_G;50;3;0;unknown;0
2025-07-02T14:03:00+02:00;43048_D;20;13;60;heavy;1
2025-07-02T14:03:00+02:00;43048_G;28;9;60;heavy;1
2025-07-02T14:03:00+02:00;43049_D;26;5;75;freeFlow;2
2025-07-02T14:03:00+02:00;43049_G;31;4;60;freeFlow;1
2025-07-02T14:03:00+02:00;43050_D;16;11;60;heavy;1
2025-07-02T14:03:00+02:00;43050_G;30;6;60;heavy;1
2025-07-02T14:03:00+02:00;43099;20;4;75;heavy;2
2025-07-02T14:03:00+02:00;43352_G;29;16;0;unknown;0
2025-07-02T14:03:00+02:00;43451_D;30;15;52;freeFlow;1
2025-07-02T14:03:00+02:00;43481;36;20;75;freeFlow;2
2025-07-02T14:03:00+02:00;43627;31;21;27;heavy;1
2025-07-02T14:03:00+02:00;43658_D;7;27;70;congested;2
2025-07-02T14:03:00+02:00;43658_G;41;4;52;freeFlow;1
2025-07-02T14:03:00+02:00;43718_D;55;3;60;freeFlow;1
2025-07-02T14:03:00+02:00;43718_G;14;10;20;congested;1
2025-07-02T14:03:00+02:00;43719_D;55;8;60;freeFlow;1
2025-07-02T14:03:00+02:00;43719_G;31;15;20;heavy;1
2025-07-02T14:03:00+02:00;43720_D;55;4;60;freeFlow;1
2025-07-02T14:03:00+02:00;43720_G;50;4;0;unknown;0
2025-07-02T14:03:00+02:00;43724_D;16;25;66;heavy;2
2025-07-02T14:03:00+02:00;43724_G;29;14;60;heavy;1
2025-07-02T14:03:00+02:00;43733_D;50;4;0;unknown;0
2025-07-02T14:03:00+02:00;43733_G;35;6;42;freeFlow;1
2025-07-02T14:03:00+02:00;43736_D;55;4;60;freeFlow;1
2025-07-02T14:03:00+02:00;43736_G;50;4;0;unknown;0
2025-07-02T14:03:00+02:00;43739_D;50;6;0;unknown;0
2025-07-02T14:03:00+02:00;43739_G;50;7;0;unknown;0
2025-07-02T14:03:00+02:00;43740_D;50;6;0;unknown;0
2025-07-02T14:03:00+02:00;43740_G;50;6;0;unknown;0
2025-07-02T14:03:00+02:00;43741_D;50;1;0;unknown;0
2025-07-02T14:03:00+02:00;43741_G;50;0;0;unknown;0
2025-07-02T14:03:00+02:00;43742_D;50;7;0;unknown;0
2025-07-02T14:03:00+02:00;43742_G;50;7;0;unknown;0
2025-07-02T14:03:00+02:00;43743_G;50;25;0;unknown;0
2025-07-02T14:03:00+02:00;43744_D;27;9;60;heavy;1
2025-07-02T14:03:00+02:00;43744_G;50;5;0;unknown;0
2025-07-02T14:03:00+02:00;43748;29;7;60;freeFlow;1
2025-07-02T14:03:00+02:00;43757;38;3;60;freeFlow;1
2025-07-02T14:03:00+02:00;43758;37;8;60;freeFlow;1
2025-07-02T14:03:00+02:00;43786_D;11;59;71;congested;2
2025-07-02T14:03:00+02:00;43786_G;36;17;20;freeFlow;1
2025-07-02T14:03:00+02:00;43787_D;18;7;55;heavy;1
2025-07-02T14:03:00+02:00;43787_G;50;3;0;unknown;0
2025-07-02T14:03:00+02:00;43788_D;39;3;71;freeFlow;2
2025-07-02T14:03:00+02:00;43788_G;50;2;0;unknown;0
2025-07-02T14:03:00+02:00;43789_D;39;7;75;freeFlow;2
2025-07-02T14:03:00+02:00;43789_G;50;6;0;unknown;0
2025-07-02T14:03:00+02:00;43790_D;39;6;60;freeFlow;1
2025-07-02T14:03:00+02:00;43790_G;50;5;0;unknown;0
2025-07-02T14:03:00+02:00;43791_D;39;4;60;freeFlow;1
2025-07-02T14:03:00+02:00;43791_G;50;3;0;unknown;0
2025-07-02T14:03:00+02:00;43792_D;39;9;73;freeFlow;2
2025-07-02T14:03:00+02:00;43792_G;50;6;0;unknown;0
2025-07-02T14:03:00+02:00;43814_D;50;14;0;unknown;0
2025-07-02T14:03:00+02:00;43814_G;46;15;60;freeFlow;1
2025-07-02T14:03:00+02:00;43815_D;41;9;55;freeFlow;1
2025-07-02T14:03:00+02:00;43815_G;39;10;60;freeFlow;1
2025-07-02T14:03:00+02:00;43817_D;50;14;0;unknown;0
2025-07-02T14:03:00+02:00;43817_G;50;14;0;unknown;0
2025-07-02T14:03:00+02:00;43819;10;45;75;heavy;2
2025-07-02T14:03:00+02:00;43821;38;7;60;freeFlow;1
2025-07-02T14:03:00+02:00;43828_D;31;18;71;heavy;2
2025-07-02T14:03:00+02:00;43828_G;25;21;0;unknown;0
2025-07-02T14:03:00+02:00;43835_D;50;7;0;unknown;0
2025-07-02T14:03:00+02:00;43835_G;44;8;60;freeFlow;1
2025-07-02T14:03:00+02:00;43836;30;17;55;heavy;1
2025-07-02T14:03:00+02:00;43871_D;31;7;38;heavy;1
2025-07-02T14:03:00+02:00;43871_G;17;12;32;heavy;1
2025-07-02T14:03:00+02:00;43872_D;32;6;38;heavy;1
2025-07-02T14:03:00+02:00;43872_G;22;10;32;heavy;1
2025-07-02T14:03:00+02:00;43873_D;26;10;38;heavy;1
2025-07-02T14:03:00+02:00;43873_G;37;7;32;freeFlow;1
2025-07-02T14:03:00+02:00;43925_D;16;16;38;heavy;1
2025-07-02T14:03:00+02:00;43925_G;40;6;32;freeFlow;1
2025-07-02T14:03:00+02:00;43937_D;29;10;20;heavy;1
2025-07-02T14:03:00+02:00;43937_G;9;33;32;congested;1
2025-07-02T14:03:00+02:00;43938_D;50;20;0;unknown;0
2025-07-02T14:03:00+02:00;43938_G;32;31;27;heavy;1
2025-07-02T14:03:00+02:00;43972;19;18;60;heavy;1
2025-07-02T14:03:00+02:00;43974;20;25;40;heavy;1
2025-07-02T14:03:00+02:00;43975;47;5;48;freeFlow;1
2025-07-02T14:03:00+02:00;44002_D;56;8;75;freeFlow;2
2025-07-02T14:03:00+02:00;44002_G;74;6;100;freeFlow;3
2025-07-02T14:03:00+02:00;44003_D;49;8;92;freeFlow;3
2025-07-02T14:03:00+02:00;44012;23;29;60;heavy;2
2025-07-02T14:03:00+02:00;44017_D;21;7;60;heavy;1
2025-07-02T14:03:00+02:00;44018_D;30;19;60;heavy;1
2025-07-02T14:03:00+02:00;44028;47;6;60;freeFlow;1
2025-07-02T14:03:00+02:00;44036_D;8;14;66;congested;2
2025-07-02T14:03:00+02:00;44036_G;33;3;35;heavy;1
2025-07-02T14:03:00+02:00;44066;15;13;75;heavy;2
2025-07-02T14:03:00+02:00;44067;17;45;75;heavy;2
2025-07-02T14:03:00+02:00;44069;12;18;100;congested;3
2025-07-02T14:03:00+02:00;44084_D;50;5;0;unknown;0
2025-07-02T14:03:00+02:00;44084_G;50;5;0;unknown;0
2025-07-02T14:03:00+02:00;44089_D;50;6;0;unknown;0
2025-07-02T14:03:00+02:00;44089_G;50;6;0;unknown;0
2025-07-02T14:03:00+02:00;44090_D;50;5;0;unknown;0
2025-07-02T14:03:00+02:00;44090_G;50;5;0;unknown;0
2025-07-02T14:03:00+02:00;44131;29;21;100;heavy;3
2025-07-02T14:03:00+02:00;44134;50;9;0;unknown;0
2025-07-02T14:03:00+02:00;44165_D;50;5;0;unknown;0
2025-07-02T14:03:00+02:00;44165_G;50;5;0;unknown;0
2025-07-02T14:03:00+02:00;44198_D;53;14;17;freeFlow;1
2025-07-02T14:03:00+02:00;44198_G;17;42;32;heavy;1
2025-07-02T14:03:00+02:00;44199_D;50;5;0;unknown;0
2025-07-02T14:03:00+02:00;44199_G;40;6;30;freeFlow;1
2025-07-02T14:03:00+02:00;44231_D;9;30;60;congested;1
2025-07-02T14:03:00+02:00;44231_G;31;8;53;heavy;2
2025-07-02T14:03:00+02:00;44232_D;30;7;72;heavy;2
2025-07-02T14:03:00+02:00;44232_G;22;10;75;heavy;2
2025-07-02T14:03:00+02:00;44234_D;26;13;60;heavy;1
2025-07-02T14:03:00+02:00;44234_G;15;24;75;congested;2
2025-07-02T14:03:00+02:00;44259_D;25;4;32;heavy;1
2025-07-02T14:03:00+02:00;44259_G;29;4;57;heavy;2
2025-07-02T14:03:00+02:00;44260;47;8;72;freeFlow;2
2025-07-02T14:03:00+02:00;44261_D;28;16;32;heavy;1
2025-07-02T14:03:00+02:00;44261_G;18;25;57;heavy;2
2025-07-02T14:03:00+02:00;44293;50;5;0;unknown;0
2025-07-02T14:03:00+02:00;44303_D;55;2;60;freeFlow;1
2025-07-02T14:03:00+02:00;44303_G;50;2;0;unknown;0
2025-07-02T14:03:00+02:00;44304_D;55;8;60;freeFlow;1
2025-07-02T14:03:00+02:00;44304_G;50;9;0;unknown;0
2025-07-02T14:03:00+02:00;44322_D;25;89;75;heavy;2
2025-07-02T14:03:00+02:00;44322_G;28;79;96;heavy;3
2025-07-02T14:03:00+02:00;44328;50;10;0;unknown;0
2025-07-02T14:03:00+02:00;44583_D;27;13;35;heavy;1
2025-07-02T14:03:00+02:00;44583_G;50;7;0;unknown;0
2025-07-02T14:03:00+02:00;44584_D;50;10;0;unknown;0
2025-07-02T14:03:00+02:00;44584_G;50;10;0;unknown;0
2025-07-02T14:03:00+02:00;44632_D;50;20;0;unknown;0
2025-07-02T14:03:00+02:00;44632_G;50;20;0;unknown;0
2025-07-02T14:03:00+02:00;44694_D;24;25;35;heavy;1
2025-07-02T14:03:00+02:00;44694_G;14;44;35;congested;1
2025-07-02T14:03:00+02:00;44695_D;25;4;35;heavy;1
2025-07-02T14:03:00+02:00;44695_G;21;5;32;heavy;1
2025-07-02T14:03:00+02:00;44711_D;39;16;35;freeFlow;1
2025-07-02T14:03:00+02:00;44711_G;40;16;53;freeFlow;2
2025-07-02T14:03:00+02:00;44712_D;10;23;35;congested;1
2025-07-02T14:03:00+02:00;44712_G;38;6;38;freeFlow;1
2025-07-02T14:03:00+02:00;44714_D;39;1;32;freeFlow;1
2025-07-02T14:03:00+02:00;44714_G;41;1;53;freeFlow;2
2025-07-02T14:03:00+02:00;44736_D;50;2;0;unknown;0
2025-07-02T14:03:00+02:00;44736_G;50;2;0;unknown;0
2025-07-02T14:03:00+02:00;44868;79;5;60;freeFlow;1
2025-07-02T14:03:00+02:00;44873;50;3;0;unknown;0
2025-07-02T14:03:00+02:00;44874;27;15;75;heavy;2
2025-07-02T14:03:00+02:00;44875;81;5;60;freeFlow;1
2025-07-02T14:03:00+02:00;44877;38;11;66;freeFlow;2
2025-07-02T14:03:00+02:00;44878;70;13;0;unknown;0
2025-07-02T14:03:00+02:00;44880;70;21;100;freeFlow;5
2025-07-02T14:03:00+02:00;44882;83;12;100;freeFlow;6
2025-07-02T14:03:00+02:00;44884;92;15;100;freeFlow;8
2025-07-02T14:03:00+02:00;44900;75;20;75;freeFlow;2
2025-07-02T14:03:00+02:00;44902_D;50;33;0;unknown;0
2025-07-02T14:03:00+02:00;44902_G;50;33;0;unknown;0
2025-07-02T14:03:00+02:00;44905;59;12;93;freeFlow;3
2025-07-02T14:03:00+02:00;44920;89;2;100;freeFlow;12
2025-07-02T14:03:00+02:00;44942;39;29;75;freeFlow;2
2025-07-02T14:03:00+02:00;44948;81;13;100;freeFlow;6
2025-07-02T14:03:00+02:00;44961;25;13;100;freeFlow;3
2025-07-02T14:03:00+02:00;44962;6;42;100;congested;3
2025-07-02T14:03:00+02:00;44963;45;2;100;freeFlow;3
2025-07-02T14:03:00+02:00;44966;87;11;100;freeFlow;4
2025-07-02T14:03:00+02:00;44974;40;3;100;freeFlow;9
2025-07-02T14:03:00+02:00;45012_D;20;3;60;heavy;1
2025-07-02T14:03:00+02:00;45012_G;33;2;55;heavy;2
2025-07-02T14:03:00+02:00;45028_D;32;27;60;heavy;1
2025-07-02T14:03:00+02:00;45028_G;49;18;53;freeFlow;2
2025-07-02T14:03:00+02:00;45029_D;27;12;60;heavy;1
2025-07-02T14:03:00+02:00;45029_G;46;7;53;freeFlow;2
2025-07-02T14:03:00+02:00;45106_D;42;3;60;freeFlow;1
2025-07-02T14:03:00+02:00;45106_G;47;3;53;freeFlow;2
2025-07-02T14:03:00+02:00;45136_D;37;21;100;freeFlow;5
2025-07-02T14:03:00+02:00;45149;11;44;100;congested;6
2025-07-02T14:03:00+02:00;45166;25;1;100;heavy;6
2025-07-02T14:03:00+02:00;45169;17;6;75;heavy;2
2025-07-02T14:03:00+02:00;45236_G;50;10;0;unknown;0
2025-07-02T14:03:00+02:00;45238;50;12;0;unknown;0
2025-07-02T14:03:00+02:00;45239;58;9;75;freeFlow;2
2025-07-02T14:03:00+02:00;45240;53;9;75;heavy;2
2025-07-02T14:03:00+02:00;45241;67;2;75;freeFlow;2
2025-07-02T14:03:00+02:00;45305;81;4;42;freeFlow;1
2025-07-02T14:03:00+02:00;45306;81;7;42;freeFlow;1
2025-07-02T14:03:00+02:00;45327;87;7;100;freeFlow;11
2025-07-02T14:03:00+02:00;45486_D;30;7;55;heavy;1
2025-07-02T14:03:00+02:00;45487_D;27;9;55;heavy;1
2025-07-02T14:03:00+02:00;45630;91;12;100;freeFlow;15
2025-07-02T14:03:00+02:00;45645_D;41;13;60;freeFlow;1
2025-07-02T14:03:00+02:00;45651;41;4;75;freeFlow;2
2025-07-02T14:03:00+02:00;45761_D;27;11;60;heavy;1
2025-07-02T14:03:00+02:00;45865_D;35;10;50;heavy;1
2025-07-02T14:03:00+02:00;46053_D;50;8;0;unknown;0
2025-07-02T14:03:00+02:00;46056_D;50;2;0;unknown;0
2025-07-02T14:03:00+02:00;46061;50;4;0;unknown;0
2025-07-02T14:03:00+02:00;46567_D;50;2;0;unknown;0
2025-07-02T14:03:00+02:00;46642;50;5;0;unknown;0
2025-07-02T14:03:00+02:00;46771;75;11;100;freeFlow;9
2025-07-02T14:03:00+02:00;46821_D;1;596;60;congested;1
2025-07-02T14:03:00+02:00;46821_G;17;49;35;heavy;1
2025-07-02T14:03:00+02:00;46923_D;30;1;0;unknown;0
2025-07-02T14:03:00+02:00;46923_G;42;1;35;freeFlow;1
2025-07-02T14:03:00+02:00;46976;31;7;60;heavy;1
2025-07-02T14:03:00+02:00;47029;10;37;20;congested;1
2025-07-02T14:03:00+02:00;47061;85;21;100;freeFlow;8
2025-07-02T14:03:00+02:00;47239;92;6;100;freeFlow;7
2025-07-02T14:03:00+02:00;47410;80;17;100;freeFlow;9
2025-07-02T14:03:00+02:00;47411;94;14;100;freeFlow;8
2025-07-02T14:03:00+02:00;47412;70;0;0;unknown;0
2025-07-02T14:03:00+02:00;47413;52;9;60;freeFlow;1
2025-07-02T14:03:00+02:00;47414;52;1;60;freeFlow;1
2025-07-02T14:03:00+02:00;47416;89;14;100;freeFlow;9
2025-07-02T14:03:00+02:00;47418;93;16;100;freeFlow;7
2025-07-02T14:03:00+02:00;47420;95;10;57;freeFlow;2
2025-07-02T14:03:00+02:00;47476;52;11;60;freeFlow;1
2025-07-02T14:03:00+02:00;47477;58;3;71;freeFlow;2
2025-07-02T14:03:00+02:00;47479;85;12;52;freeFlow;1
2025-07-02T14:03:00+02:00;47480;90;50;100;freeFlow;7
2025-07-02T14:03:00+02:00;47481;88;52;100;freeFlow;7
2025-07-02T14:03:00+02:00;47537_D;39;8;73;freeFlow;2
2025-07-02T14:03:00+02:00;47537_G;50;6;0;unknown;0
2025-07-02T14:03:00+02:00;47742_D;7;33;78;congested;3
2025-07-02T14:03:00+02:00;48758;42;2;100;freeFlow;3
2025-07-02T14:03:00+02:00;48759;40;2;100;freeFlow;3
2025-07-02T14:03:00+02:00;48920_D;25;10;57;heavy;2
2025-07-02T14:03:00+02:00;48920_G;24;10;30;heavy;1
2025-07-02T14:03:00+02:00;489866_D;38;4;60;freeFlow;1
2025-07-02T14:03:00+02:00;489970;107;9;48;freeFlow;1
2025-07-02T14:03:00+02:00;489971;70;2;0;unknown;0
2025-07-02T14:03:00+02:00;489972;89;5;100;freeFlow;8
2025-07-02T14:03:00+02:00;490059_D;88;11;75;freeFlow;2
2025-07-02T14:03:00+02:00;490059_G;70;13;0;unknown;0
2025-07-02T14:03:00+02:00;490080_D;88;1;75;freeFlow;2
2025-07-02T14:03:00+02:00;490080_G;50;1;0;unknown;0
2025-07-02T14:03:00+02:00;49026;27;3;100;heavy;5
2025-07-02T14:03:00+02:00;49053;24;22;75;heavy;2
2025-07-02T14:03:00+02:00;490823;58;13;55;freeFlow;1
2025-07-02T14:03:00+02:00;490824;37;10;60;heavy;1
2025-07-02T14:03:00+02:00;490825;44;17;60;heavy;1
2025-07-02T14:03:00+02:00;490827;22;18;100;heavy;3
2025-07-02T14:03:00+02:00;490828_D;30;17;75;freeFlow;2
2025-07-02T14:03:00+02:00;490828_G;45;11;60;freeFlow;1
2025-07-02T14:03:00+02:00;491005_D;27;5;60;heavy;1
2025-07-02T14:03:00+02:00;491005_G;34;4;53;heavy;2
2025-07-02T14:03:00+02:00;491126_D;11;37;75;heavy;2
2025-07-02T14:03:00+02:00;491126_G;41;11;74;freeFlow;2
2025-07-02T14:03:00+02:00;491135;16;8;60;heavy;1
2025-07-02T14:03:00+02:00;491141;14;6;60;congested;1
2025-07-02T14:03:00+02:00;491300_D;42;15;35;freeFlow;1
2025-07-02T14:03:00+02:00;491300_G;37;18;55;freeFlow;2
2025-07-02T14:03:00+02:00;491308;55;1;60;freeFlow;1
2025-07-02T14:03:00+02:00;491320_D;35;8;30;heavy;1
2025-07-02T14:03:00+02:00;491320_G;24;11;60;heavy;2
2025-07-02T14:03:00+02:00;491326_D;33;16;32;heavy;1
2025-07-02T14:03:00+02:00;491326_G;40;13;57;freeFlow;2
2025-07-02T14:03:00+02:00;491329_D;25;9;32;heavy;1
2025-07-02T14:03:00+02:00;491329_G;33;6;57;heavy;2
2025-07-02T14:03:00+02:00;491490;9;26;74;congested;2
2025-07-02T14:03:00+02:00;491714_D;30;8;0;unknown;0
2025-07-02T14:03:00+02:00;491714_G;40;6;35;freeFlow;1
2025-07-02T14:03:00+02:00;491735_D;30;4;0;unknown;0
2025-07-02T14:03:00+02:00;491735_G;23;7;35;freeFlow;1
2025-07-02T14:03:00+02:00;491794_D;50;3;0;unknown;0
2025-07-02T14:03:00+02:00;491794_G;50;3;0;unknown;0
2025-07-02T14:03:00+02:00;491872;107;6;75;freeFlow;2
2025-07-02T14:03:00+02:00;491877;101;1;100;freeFlow;3
2025-07-02T14:03:00+02:00;491881;107;0;75;freeFlow;2
2025-07-02T14:03:00+02:00;491884;40;2;60;freeFlow;1
2025-07-02T14:03:00+02:00;491888;60;15;75;freeFlow;2
2025-07-02T14:03:00+02:00;491890;50;1;100;freeFlow;4
2025-07-02T14:03:00+02:00;491917;43;2;75;heavy;2
2025-07-02T14:03:00+02:00;49225_D;50;6;0;unknown;0
2025-07-02T14:03:00+02:00;49225_G;38;8;42;freeFlow;1
2025-07-02T14:03:00+02:00;492315_D;55;26;60;freeFlow;1
2025-07-02T14:03:00+02:00;492315_G;41;36;60;freeFlow;1
2025-07-02T14:03:00+02:00;492351_D;12;10;57;congested;1
2025-07-02T14:03:00+02:00;492359_G;47;5;45;freeFlow;1
2025-07-02T14:03:00+02:00;492437;33;6;42;heavy;1
2025-07-02T14:03:00+02:00;492442;12;3;60;congested;1
2025-07-02T14:03:00+02:00;492445_D;44;14;40;freeFlow;1
2025-07-02T14:03:00+02:00;492478;23;6;73;heavy;2
2025-07-02T14:03:00+02:00;492492;103;3;60;freeFlow;1
2025-07-02T14:03:00+02:00;49315_D;14;13;60;congested;1
2025-07-02T14:03:00+02:00;49315_G;31;6;20;heavy;1
2025-07-02T14:03:00+02:00;49943_D;50;14;0;unknown;0
2025-07-02T14:03:00+02:00;49943_G;50;14;0;unknown;0
2025-07-02T14:03:00+02:00;49947;5;34;87;congested;3
2025-07-02T14:03:00+02:00;49958_D;28;10;35;heavy;1
2025-07-02T14:03:00+02:00;49958_G;36;8;38;freeFlow;1
2025-07-02T14:03:00+02:00;50308_D;31;8;60;heavy;1
2025-07-02T14:03:00+02:00;50441;34;7;22;heavy;1
2025-07-02T14:03:00+02:00;50525;26;9;52;heavy;1
2025-07-02T14:03:00+02:00;50571;19;6;60;heavy;1
2025-07-02T14:03:00+02:00;50625;19;11;60;heavy;1
2025-07-02T14:03:00+02:00;5064_D;39;14;60;heavy;1
2025-07-02T14:03:00+02:00;5064_G;64;8;75;freeFlow;2
2025-07-02T14:03:00+02:00;51419;30;25;57;heavy;1
2025-07-02T14:03:00+02:00;51474_D;39;1;60;freeFlow;1
2025-07-02T14:03:00+02:00;51474_G;50;1;0;unknown;0
2025-07-02T14:03:00+02:00;51798;22;4;17;heavy;1
2025-07-02T14:03:00+02:00;52107_D;50;9;0;unknown;0
2025-07-02T14:03:00+02:00;52107_G;43;11;32;freeFlow;1
2025-07-02T14:03:00+02:00;52129;26;12;40;heavy;1
2025-07-02T14:03:00+02:00;52835_D;25;6;60;heavy;1
2025-07-02T14:03:00+02:00;53020_D;26;4;60;heavy;1
2025-07-02T14:03:00+02:00;53327_D;40;9;60;freeFlow;1
2025-07-02T14:03:00+02:00;53327_G;42;8;100;freeFlow;3
2025-07-02T14:03:00+02:00;53411_G;29;13;57;heavy;1
2025-07-02T14:03:00+02:00;53428;75;62;100;freeFlow;6
2025-07-02T14:03:00+02:00;53539_D;17;12;69;heavy;2
2025-07-02T14:03:00+02:00;53566;23;5;32;heavy;1
2025-07-02T14:03:00+02:00;53623;29;4;100;heavy;5
2025-07-02T14:03:00+02:00;53624;32;2;100;heavy;5
2025-07-02T14:03:00+02:00;53625;64;1;75;freeFlow;2
2025-07-02T14:03:00+02:00;53634_D;21;3;32;heavy;1
2025-07-02T14:03:00+02:00;53634_G;23;2;22;freeFlow;1
2025-07-02T14:03:00+02:00;53641_D;50;9;0;unknown;0
2025-07-02T14:03:00+02:00;53641_G;39;11;22;freeFlow;1
2025-07-02T14:03:00+02:00;53652;50;15;0;unknown;0
2025-07-02T14:03:00+02:00;53659;28;7;100;heavy;3
2025-07-02T14:03:00+02:00;53702;78;5;100;freeFlow;13
2025-07-02T14:03:00+02:00;53892;51;1;100;freeFlow;5
2025-07-02T14:03:00+02:00;53893;48;13;100;freeFlow;5
2025-07-02T14:03:00+02:00;53895;45;7;100;freeFlow;5
2025-07-02T14:03:00+02:00;53896;46;9;100;freeFlow;5
2025-07-02T14:03:00+02:00;53898;35;16;100;heavy;4
2025-07-02T14:03:00+02:00;53900;17;34;100;heavy;5
2025-07-02T14:03:00+02:00;53901;38;7;100;freeFlow;7
2025-07-02T14:03:00+02:00;53903;41;5;100;freeFlow;7
2025-07-02T14:03:00+02:00;53904;35;4;100;heavy;4
2025-07-02T14:03:00+02:00;53905;38;10;100;freeFlow;7
2025-07-02T14:03:00+02:00;53908;29;4;100;heavy;5
2025-07-02T14:03:00+02:00;53910;35;9;100;freeFlow;4
2025-07-02T14:03:00+02:00;53912;41;8;100;freeFlow;4
2025-07-02T14:03:00+02:00;53915;23;23;100;heavy;4
2025-07-02T14:03:00+02:00;53918;41;12;100;freeFlow;3
2025-07-02T14:03:00+02:00;53919;41;4;100;freeFlow;3
2025-07-02T14:03:00+02:00;53921;39;14;100;freeFlow;3
2025-07-02T14:03:00+02:00;53922;29;6;100;heavy;3
2025-07-02T14:03:00+02:00;53923;50;10;100;freeFlow;5
2025-07-02T14:03:00+02:00;53925_D;70;4;0;unknown;0
2025-07-02T14:03:00+02:00;53925_G;70;4;0;unknown;0
2025-07-02T14:03:00+02:00;53936;74;12;75;freeFlow;2
2025-07-02T14:03:00+02:00;53938;64;5;85;freeFlow;3
2025-07-02T14:03:00+02:00;53939;57;25;58;freeFlow;1
2025-07-02T14:03:00+02:00;53941;65;8;100;freeFlow;3
2025-07-02T14:03:00+02:00;53942;46;6;100;heavy;3
2025-07-02T14:03:00+02:00;53944;61;1;100;freeFlow;4
2025-07-02T14:03:00+02:00;53945;50;9;100;freeFlow;4
2025-07-02T14:03:00+02:00;53946;50;1;100;freeFlow;4
2025-07-02T14:03:00+02:00;53947;40;1;75;freeFlow;2
2025-07-02T14:03:00+02:00;53948;84;3;60;freeFlow;1
2025-07-02T14:03:00+02:00;53949;90;2;60;freeFlow;1
2025-07-02T14:03:00+02:00;53950;45;84;72;heavy;3
2025-07-02T14:03:00+02:00;53952_D;30;4;100;heavy;3
2025-07-02T14:03:00+02:00;53952_G;37;4;50;freeFlow;1
2025-07-02T14:03:00+02:00;53959;85;42;100;freeFlow;3
2025-07-02T14:03:00+02:00;53961;114;50;60;freeFlow;1
2025-07-02T14:03:00+02:00;53987;31;2;100;heavy;6
2025-07-02T14:03:00+02:00;53990;22;13;60;heavy;1
2025-07-02T14:03:00+02:00;54067;89;11;100;freeFlow;8
2025-07-02T14:03:00+02:00;54134;40;19;75;freeFlow;2
2025-07-02T14:03:00+02:00;54138;47;22;75;freeFlow;2
2025-07-02T14:03:00+02:00;54140;35;56;100;freeFlow;4
2025-07-02T14:03:00+02:00;54144;81;2;60;freeFlow;1
2025-07-02T14:03:00+02:00;54150;32;27;75;heavy;2
2025-07-02T14:03:00+02:00;54153;13;66;83;congested;3
2025-07-02T14:03:00+02:00;54154;10;108;50;congested;2
2025-07-02T14:03:00+02:00;54155;34;32;75;heavy;2
2025-07-02T14:03:00+02:00;54161;43;5;60;freeFlow;1
2025-07-02T14:03:00+02:00;54187_D;30;11;0;unknown;0
2025-07-02T14:03:00+02:00;54187_G;32;11;35;freeFlow;1
2025-07-02T14:03:00+02:00;54189_D;30;13;0;unknown;0
2025-07-02T14:03:00+02:00;54189_G;45;9;35;freeFlow;1
2025-07-02T14:03:00+02:00;54191_D;30;10;0;unknown;0
2025-07-02T14:03:00+02:00;54191_G;45;6;35;freeFlow;1
2025-07-02T14:03:00+02:00;54197;40;19;58;freeFlow;1
2025-07-02T14:03:00+02:00;54198;16;13;60;heavy;1
2025-07-02T14:03:00+02:00;54206;22;26;57;heavy;1
2025-07-02T14:03:00+02:00;54208;36;2;57;freeFlow;1
2025-07-02T14:03:00+02:00;54212;34;47;75;heavy;2
2025-07-02T14:03:00+02:00;54223_D;23;3;60;freeFlow;1
2025-07-02T14:03:00+02:00;54223_G;30;2;60;freeFlow;1
2025-07-02T14:03:00+02:00;54227;93;10;100;freeFlow;7
2025-07-02T14:03:00+02:00;54234;63;1;60;freeFlow;1
2025-07-02T14:03:00+02:00;54239;73;1;42;freeFlow;1
2025-07-02T14:03:00+02:00;54240;26;13;100;heavy;6
2025-07-02T14:03:00+02:00;54241;46;1;75;freeFlow;2
2025-07-02T14:03:00+02:00;54243;46;12;75;freeFlow;2
2025-07-02T14:03:00+02:00;54297;5;165;100;congested;6
2025-07-02T14:03:00+02:00;54339;50;19;0;unknown;0
2025-07-02T14:03:00+02:00;54340;16;19;0;unknown;0
2025-07-02T14:03:00+02:00;54358_D;43;16;42;freeFlow;1
2025-07-02T14:03:00+02:00;54358_G;107;7;75;freeFlow;2
2025-07-02T14:03:00+02:00;54363;17;26;100;heavy;5
2025-07-02T14:03:00+02:00;54365;32;8;100;heavy;5
2025-07-02T14:03:00+02:00;54367;38;11;100;freeFlow;5
2025-07-02T14:03:00+02:00;54368;60;2;100;freeFlow;5
2025-07-02T14:03:00+02:00;54369;51;24;96;freeFlow;11
2025-07-02T14:03:00+02:00;54372;54;1;75;freeFlow;2
2025-07-02T14:03:00+02:00;54375;42;16;75;freeFlow;2
2025-07-02T14:03:00+02:00;54376;13;15;100;congested;7
2025-07-02T14:03:00+02:00;54378;36;9;100;freeFlow;5
2025-07-02T14:03:00+02:00;54381;42;7;100;freeFlow;6
2025-07-02T14:03:00+02:00;54382;39;5;88;freeFlow;3
2025-07-02T14:03:00+02:00;54383;40;21;100;freeFlow;8
2025-07-02T14:03:00+02:00;54384;29;9;100;heavy;3
2025-07-02T14:03:00+02:00;54385;32;8;100;heavy;4
2025-07-02T14:03:00+02:00;54386;82;1;60;freeFlow;1
2025-07-02T14:03:00+02:00;54400;46;12;75;freeFlow;2
2025-07-02T14:03:00+02:00;54401;46;2;75;freeFlow;2
2025-07-02T14:03:00+02:00;54406;55;47;60;freeFlow;1
2025-07-02T14:03:00+02:00;54428_D;50;12;0;unknown;0
2025-07-02T14:03:00+02:00;54428_G;50;12;0;unknown;0
2025-07-02T14:03:00+02:00;54429_D;50;13;0;unknown;0
2025-07-02T14:03:00+02:00;54429_G;38;17;60;freeFlow;1
2025-07-02T14:03:00+02:00;54438_D;45;1;38;freeFlow;1
2025-07-02T14:03:00+02:00;54438_G;36;2;45;freeFlow;1
2025-07-02T14:03:00+02:00;54440_D;50;6;0;unknown;0
2025-07-02T14:03:00+02:00;54440_G;32;9;35;heavy;1
2025-07-02T14:03:00+02:00;54444_D;50;1;0;unknown;0
2025-07-02T14:03:00+02:00;54444_G;33;1;35;heavy;1
2025-07-02T14:03:00+02:00;54447_D;50;11;0;unknown;0
2025-07-02T14:03:00+02:00;54447_G;24;22;35;heavy;1
2025-07-02T14:03:00+02:00;54448_D;50;3;0;unknown;0
2025-07-02T14:03:00+02:00;54448_G;6;26;35;congested;1
2025-07-02T14:03:00+02:00;54449_D;50;10;0;unknown;0
2025-07-02T14:03:00+02:00;54449_G;50;10;0;unknown;0
2025-07-02T14:03:00+02:00;54453_D;50;3;0;unknown;0
2025-07-02T14:03:00+02:00;54453_G;50;3;0;unknown;0
2025-07-02T14:03:00+02:00;54455;50;2;0;unknown;0
2025-07-02T14:03:00+02:00;54457;50;8;0;unknown;0
2025-07-02T14:03:00+02:00;54460;50;5;0;unknown;0
2025-07-02T14:03:00+02:00;54463_D;50;6;0;unknown;0
2025-07-02T14:03:00+02:00;54463_G;50;6;0;unknown;0
2025-07-02T14:03:00+02:00;54466_D;9;79;12;congested;1
2025-07-02T14:03:00+02:00;54466_G;50;16;0;unknown;0
2025-07-02T14:03:00+02:00;54469;22;6;100;heavy;3
2025-07-02T14:03:00+02:00;54471;17;25;100;heavy;3
2025-07-02T14:03:00+02:00;54472;34;12;57;heavy;1
2025-07-02T14:03:00+02:00;54473;36;1;57;freeFlow;1
2025-07-02T14:03:00+02:00;54483;32;47;58;heavy;1
2025-07-02T14:03:00+02:00;54489;50;1;0;unknown;0
2025-07-02T14:03:00+02:00;54490;50;4;0;unknown;0
2025-07-02T14:03:00+02:00;54492;50;3;0;unknown;0
2025-07-02T14:03:00+02:00;54505;34;23;32;heavy;1
2025-07-02T14:03:00+02:00;54509;50;6;0;unknown;0
2025-07-02T14:03:00+02:00;54518;45;3;32;freeFlow;1
2025-07-02T14:03:00+02:00;54522;26;3;32;heavy;1
2025-07-02T14:03:00+02:00;54523;30;3;0;unknown;0
2025-07-02T14:03:00+02:00;54524;30;1;0;unknown;0
2025-07-02T14:03:00+02:00;54580_D;36;15;32;freeFlow;1
2025-07-02T14:03:00+02:00;54877;22;33;60;heavy;1
2025-07-02T14:03:00+02:00;54879;30;24;59;heavy;1
2025-07-02T14:03:00+02:00;54880_D;50;20;0;unknown;0
2025-07-02T14:03:00+02:00;54880_G;22;44;60;heavy;1
2025-07-02T14:03:00+02:00;54882;25;3;60;freeFlow;1
2025-07-02T14:03:00+02:00;54883;25;2;60;freeFlow;1
2025-07-02T14:03:00+02:00;54884;30;1;0;unknown;0
2025-07-02T14:03:00+02:00;54885;30;1;0;unknown;0
2025-07-02T14:03:00+02:00;54886;25;3;60;freeFlow;1
2025-07-02T14:03:00+02:00;54887;17;4;75;heavy;2
2025-07-02T14:03:00+02:00;54888;30;1;0;unknown;0
2025-07-02T14:03:00+02:00;54889;30;1;0;unknown;0
2025-07-02T14:03:00+02:00;54988;31;4;94;heavy;3
2025-07-02T14:03:00+02:00;54989;47;37;85;heavy;3
2025-07-02T14:03:00+02:00;54990;28;4;75;heavy;2
2025-07-02T14:03:00+02:00;54991;79;22;60;freeFlow;1
2025-07-02T14:03:00+02:00;55467_D;30;22;0;unknown;0
2025-07-02T14:03:00+02:00;55467_G;43;14;75;freeFlow;2
2025-07-02T14:03:00+02:00;55570_D;50;3;0;unknown;0
2025-07-02T14:03:00+02:00;55570_G;53;3;25;freeFlow;1
2025-07-02T14:03:00+02:00;55589_D;30;8;0;unknown;0
2025-07-02T14:03:00+02:00;55589_G;13;18;38;heavy;1
2025-07-02T14:03:00+02:00;55591;50;1;0;unknown;0
2025-07-02T14:03:00+02:00;55592;28;2;57;heavy;1
2025-07-02T14:03:00+02:00;55593;28;2;57;heavy;1
2025-07-02T14:03:00+02:00;55595;28;2;57;heavy;1
2025-07-02T14:03:00+02:00;55596;32;1;57;heavy;1
2025-07-02T14:03:00+02:00;55597;32;2;57;heavy;1
2025-07-02T14:03:00+02:00;55702;50;6;0;unknown;0
2025-07-02T14:03:00+02:00;55704;50;17;0;unknown;0
2025-07-02T14:03:00+02:00;5576_D;40;8;55;heavy;1
2025-07-02T14:03:00+02:00;5576_G;7;44;45;congested;1
2025-07-02T14:03:00+02:00;55881;19;2;22;heavy;1
2025-07-02T14:03:00+02:00;55900;19;5;22;heavy;1
2025-07-02T14:03:00+02:00;55929_D;35;12;100;heavy;3
2025-07-02T14:03:00+02:00;55929_G;40;10;65;freeFlow;2
2025-07-02T14:03:00+02:00;55976;16;9;60;heavy;1
2025-07-02T14:03:00+02:00;56024;81;12;60;freeFlow;1
2025-07-02T14:03:00+02:00;56131;50;2;0;unknown;0
2025-07-02T14:03:00+02:00;56257;30;7;0;unknown;0
2025-07-02T14:03:00+02:00;563566;50;3;0;unknown;0
2025-07-02T14:03:00+02:00;563571;50;6;0;unknown;0
2025-07-02T14:03:00+02:00;563844_D;21;42;100;congested;6
2025-07-02T14:03:00+02:00;563844_G;42;21;57;heavy;1
2025-07-02T14:03:00+02:00;563846;13;23;100;congested;5
2025-07-02T14:03:00+02:00;563903_D;22;76;55;heavy;2
2025-07-02T14:03:00+02:00;563903_G;10;162;45;congested;1
2025-07-02T14:03:00+02:00;564067_D;51;24;75;heavy;2
2025-07-02T14:03:00+02:00;564067_G;55;24;60;heavy;1
2025-07-02T14:03:00+02:00;564195_D;33;14;59;heavy;2
2025-07-02T14:03:00+02:00;564195_G;19;24;57;heavy;1
2025-07-02T14:03:00+02:00;56441;28;8;75;heavy;2
2025-07-02T14:03:00+02:00;5651;18;3;75;heavy;2
2025-07-02T14:03:00+02:00;5652;60;1;100;freeFlow;3
2025-07-02T14:03:00+02:00;565232;25;5;60;freeFlow;1
2025-07-02T14:03:00+02:00;5653;33;1;60;heavy;1
2025-07-02T14:03:00+02:00;565374;52;39;60;freeFlow;1
2025-07-02T14:03:00+02:00;565376;24;88;60;heavy;1
2025-07-02T14:03:00+02:00;565393;86;55;83;freeFlow;4
2025-07-02T14:03:00+02:00;5654;45;1;100;freeFlow;4
2025-07-02T14:03:00+02:00;565682_D;47;20;68;heavy;2
2025-07-02T14:03:00+02:00;565682_G;45;21;75;heavy;2
2025-07-02T14:03:00+02:00;565731_D;26;4;60;freeFlow;1
2025-07-02T14:03:00+02:00;565731_G;45;2;60;freeFlow;1
2025-07-02T14:03:00+02:00;565732;41;2;60;heavy;1
2025-07-02T14:03:00+02:00;56584;9;26;73;congested;2
2025-07-02T14:03:00+02:00;565854;49;20;65;freeFlow;2
2025-07-02T14:03:00+02:00;566176_D;46;24;0;unknown;0
2025-07-02T14:03:00+02:00;566176_G;42;27;75;heavy;2
2025-07-02T14:03:00+02:00;56619_D;37;11;60;freeFlow;1
2025-07-02T14:03:00+02:00;56619_G;42;10;75;freeFlow;2
2025-07-02T14:03:00+02:00;566287_D;30;16;0;unknown;0
2025-07-02T14:03:00+02:00;566287_G;30;16;0;unknown;0
2025-07-02T14:03:00+02:00;566302_D;32;1;75;heavy;2
2025-07-02T14:03:00+02:00;566302_G;50;1;0;unknown;0
2025-07-02T14:03:00+02:00;566303_D;41;18;25;freeFlow;1
2025-07-02T14:03:00+02:00;566303_G;50;15;0;unknown;0
2025-07-02T14:03:00+02:00;5663_D;65;40;100;freeFlow;4
2025-07-02T14:03:00+02:00;5663_G;51;51;99;heavy;3
2025-07-02T14:03:00+02:00;566407_D;30;3;0;unknown;0
2025-07-02T14:03:00+02:00;566407_G;36;2;35;freeFlow;1
2025-07-02T14:03:00+02:00;566417_D;30;5;0;unknown;0
2025-07-02T14:03:00+02:00;566417_G;45;3;35;freeFlow;1
2025-07-02T14:03:00+02:00;566419;28;1;57;heavy;1
2025-07-02T14:03:00+02:00;566481;53;1;60;freeFlow;2
2025-07-02T14:03:00+02:00;566482;50;1;0;unknown;0
2025-07-02T14:03:00+02:00;566483;82;138;100;freeFlow;3
2025-07-02T14:03:00+02:00;566484;50;0;0;unknown;0
2025-07-02T14:03:00+02:00;5664_D;75;2;73;freeFlow;2
2025-07-02T14:03:00+02:00;5664_G;75;2;100;freeFlow;4
2025-07-02T14:03:00+02:00;566573_D;37;3;60;freeFlow;1
2025-07-02T14:03:00+02:00;566573_G;42;3;75;freeFlow;2
2025-07-02T14:03:00+02:00;566599_D;22;2;45;freeFlow;1
2025-07-02T14:03:00+02:00;566599_G;27;1;57;freeFlow;1
2025-07-02T14:03:00+02:00;566706_D;50;3;0;unknown;0
2025-07-02T14:03:00+02:00;566706_G;50;4;0;unknown;0
2025-07-02T14:03:00+02:00;56676_G;33;7;35;heavy;1
2025-07-02T14:03:00+02:00;566850;39;3;100;freeFlow;3
2025-07-02T14:03:00+02:00;566924_D;50;6;0;unknown;0
2025-07-02T14:03:00+02:00;566924_G;50;6;0;unknown;0
2025-07-02T14:03:00+02:00;566942;24;2;52;heavy;1
2025-07-02T14:03:00+02:00;56872;74;28;100;freeFlow;7
2025-07-02T14:03:00+02:00;56874;91;5;100;freeFlow;9
2025-07-02T14:03:00+02:00;56886;25;102;53;heavy;2
2025-07-02T14:03:00+02:00;56914;48;3;100;freeFlow;5
2025-07-02T14:03:00+02:00;56926;77;4;100;freeFlow;8
2025-07-02T14:03:00+02:00;57009;79;4;100;freeFlow;15
2025-07-02T14:03:00+02:00;57011;89;7;100;freeFlow;10
2025-07-02T14:03:00+02:00;57012;27;15;75;heavy;2
2025-07-02T14:03:00+02:00;57082_D;34;8;57;freeFlow;1
2025-07-02T14:03:00+02:00;57360_D;44;4;60;freeFlow;1
2025-07-02T14:03:00+02:00;57360_G;30;6;0;unknown;0
2025-07-02T14:03:00+02:00;57362_D;44;3;60;freeFlow;1
2025-07-02T14:03:00+02:00;57362_G;30;3;0;unknown;0
2025-07-02T14:03:00+02:00;57368_D;44;5;60;freeFlow;1
2025-07-02T14:03:00+02:00;57368_G;30;7;0;unknown;0
2025-07-02T14:03:00+02:00;57378_D;29;5;20;heavy;1
2025-07-02T14:03:00+02:00;57378_G;22;6;27;heavy;1
2025-07-02T14:03:00+02:00;62549;58;1;100;freeFlow;5
2025-07-02T14:03:00+02:00;62550;27;2;100;heavy;5
2025-07-02T14:03:00+02:00;62617_D;50;9;0;unknown;0
2025-07-02T14:03:00+02:00;62617_G;47;10;27;freeFlow;1
2025-07-02T14:03:00+02:00;62948_D;10;16;32;heavy;1
2025-07-02T14:03:00+02:00;62948_G;34;5;57;freeFlow;2
2025-07-02T14:03:00+02:00;63039;40;4;100;freeFlow;5
2025-07-02T14:03:00+02:00;63203_D;16;48;60;heavy;1
2025-07-02T14:03:00+02:00;63203_G;44;18;60;freeFlow;1
2025-07-02T14:03:00+02:00;63308;25;3;100;heavy;6
2025-07-02T14:03:00+02:00;63895_D;28;5;75;freeFlow;2
2025-07-02T14:03:00+02:00;63895_G;39;4;40;freeFlow;1
2025-07-02T14:03:00+02:00;63903;91;2;100;freeFlow;7
2025-07-02T14:03:00+02:00;63917;63;2;100;freeFlow;3
2025-07-02T14:03:00+02:00;63954_D;105;2;27;freeFlow;1
2025-07-02T14:03:00+02:00;63954_G;16;10;60;heavy;1
2025-07-02T14:03:00+02:00;63961_D;26;2;60;freeFlow;1
2025-07-02T14:03:00+02:00;63961_G;17;3;60;heavy;1
2025-07-02T14:03:00+02:00;63963_D;18;25;75;heavy;2
2025-07-02T14:03:00+02:00;63963_G;35;13;60;freeFlow;1
2025-07-02T14:03:00+02:00;63974;32;12;50;heavy;1
2025-07-02T14:03:00+02:00;64028;50;2;0;unknown;0
2025-07-02T14:03:00+02:00;64029;34;4;60;heavy;1
2025-07-02T14:03:00+02:00;64033;45;4;56;freeFlow;2
2025-07-02T14:03:00+02:00;64034;38;3;87;freeFlow;4
2025-07-02T14:03:00+02:00;64035;34;3;60;heavy;1
2025-07-02T14:03:00+02:00;64104_D;55;2;60;freeFlow;1
2025-07-02T14:03:00+02:00;64104_G;50;2;0;unknown;0
2025-07-02T14:03:00+02:00;6421;89;26;75;freeFlow;2
2025-07-02T14:03:00+02:00;6422;86;7;75;freeFlow;2
2025-07-02T14:03:00+02:00;6423;100;14;60;freeFlow;1
2025-07-02T14:03:00+02:00;6424;98;31;80;freeFlow;3
2025-07-02T14:03:00+02:00;64792_D;30;22;25;heavy;1
2025-07-02T14:03:00+02:00;64792_G;50;13;0;unknown;0
2025-07-02T14:03:00+02:00;64862_D;50;10;0;unknown;0
2025-07-02T14:03:00+02:00;64862_G;50;10;0;unknown;0
2025-07-02T14:03:00+02:00;65281;37;3;22;freeFlow;1
2025-07-02T14:03:00+02:00;65283;38;3;22;freeFlow;1
2025-07-02T14:03:00+02:00;65293;39;5;22;freeFlow;1
2025-07-02T14:03:00+02:00;65961_D;42;32;50;freeFlow;2
2025-07-02T14:03:00+02:00;65961_G;50;27;0;unknown;0
2025-07-02T14:03:00+02:00;65966_D;13;3;25;congested;1
2025-07-02T14:03:00+02:00;65966_G;50;1;0;unknown;0
2025-07-02T14:03:00+02:00;66020;36;1;75;heavy;2
2025-07-02T14:03:00+02:00;6615_D;40;14;75;heavy;2
2025-07-02T14:03:00+02:00;6615_G;55;10;60;heavy;1
2025-07-02T14:03:00+02:00;6616;43;2;100;heavy;3
2025-07-02T14:03:00+02:00;6619;45;3;100;heavy;4
2025-07-02T14:03:00+02:00;6620;41;6;100;heavy;5
2025-07-02T14:03:00+02:00;6621;46;2;100;heavy;3
2025-07-02T14:03:00+02:00;6622;44;2;100;heavy;4
2025-07-02T14:03:00+02:00;6623;43;1;75;heavy;2
2025-07-02T14:03:00+02:00;6628_D;67;13;60;freeFlow;1
2025-07-02T14:03:00+02:00;6628_G;29;29;50;heavy;1
2025-07-02T14:03:00+02:00;6629_D;59;17;60;freeFlow;1
2025-07-02T14:03:00+02:00;6629_G;19;52;51;heavy;1
2025-07-02T14:03:00+02:00;6643;42;16;100;heavy;3
2025-07-02T14:03:00+02:00;6644;37;18;75;heavy;2
2025-07-02T14:03:00+02:00;6645;37;2;100;freeFlow;3
2025-07-02T14:03:00+02:00;6646;46;1;100;freeFlow;3
2025-07-02T14:03:00+02:00;6647;46;1;100;freeFlow;3
2025-07-02T14:03:00+02:00;6648;40;2;100;freeFlow;4
2025-07-02T14:03:00+02:00;6649;41;2;100;freeFlow;4
2025-07-02T14:03:00+02:00;6650;40;4;100;freeFlow;4
2025-07-02T14:03:00+02:00;6651;32;5;100;heavy;4
2025-07-02T14:03:00+02:00;6669_D;50;100;75;heavy;2
2025-07-02T14:03:00+02:00;6669_G;46;109;100;heavy;6
2025-07-02T14:03:00+02:00;67069;31;6;55;heavy;1
2025-07-02T14:03:00+02:00;67223_D;27;2;60;freeFlow;1
2025-07-02T14:03:00+02:00;67223_G;31;2;60;freeFlow;1
2025-07-02T14:03:00+02:00;67229_D;24;17;100;freeFlow;4
2025-07-02T14:03:00+02:00;67229_G;17;24;75;heavy;2
2025-07-02T14:03:00+02:00;6723;88;9;75;freeFlow;2
2025-07-02T14:03:00+02:00;67324_D;57;17;60;freeFlow;1
2025-07-02T14:03:00+02:00;67324_G;64;15;60;freeFlow;1
2025-07-02T14:03:00+02:00;67330;35;2;75;freeFlow;2
2025-07-02T14:03:00+02:00;67332;29;3;64;freeFlow;2
2025-07-02T14:03:00+02:00;67334;40;1;60;freeFlow;1
2025-07-02T14:03:00+02:00;67340;29;2;75;freeFlow;2
2025-07-02T14:03:00+02:00;67341;29;11;75;freeFlow;2
2025-07-02T14:03:00+02:00;67344;35;5;60;freeFlow;1
2025-07-02T14:03:00+02:00;67352_D;9;43;100;congested;3
2025-07-02T14:03:00+02:00;67352_G;22;17;60;freeFlow;1
2025-07-02T14:03:00+02:00;67380_D;35;23;100;heavy;4
2025-07-02T14:03:00+02:00;67380_G;39;21;94;freeFlow;3
2025-07-02T14:03:00+02:00;67385;42;3;60;freeFlow;1
2025-07-02T14:03:00+02:00;67389_D;39;2;60;freeFlow;1
2025-07-02T14:03:00+02:00;67389_G;29;2;75;heavy;2
2025-07-02T14:03:00+02:00;67390;23;4;100;heavy;4
2025-07-02T14:03:00+02:00;67391;18;9;100;heavy;4
2025-07-02T14:03:00+02:00;67392;19;8;100;heavy;5
2025-07-02T14:03:00+02:00;67511_D;23;6;48;freeFlow;1
2025-07-02T14:03:00+02:00;67511_G;44;3;60;freeFlow;1
2025-07-02T14:03:00+02:00;67514_D;23;7;48;freeFlow;1
2025-07-02T14:03:00+02:00;67514_G;44;4;60;freeFlow;1
2025-07-02T14:03:00+02:00;67611;30;6;0;unknown;0
2025-07-02T14:03:00+02:00;67816;34;1;75;freeFlow;2
2025-07-02T14:03:00+02:00;67819_D;34;1;75;freeFlow;2
2025-07-02T14:03:00+02:00;67819_G;45;1;60;freeFlow;1
2025-07-02T14:03:00+02:00;67820;34;1;75;freeFlow;2
2025-07-02T14:03:00+02:00;67821;45;1;60;freeFlow;1
2025-07-02T14:03:00+02:00;67823;31;8;40;freeFlow;1
2025-07-02T14:03:00+02:00;67824;50;9;0;unknown;0
2025-07-02T14:03:00+02:00;67829;22;24;100;heavy;4
2025-07-02T14:03:00+02:00;67892_D;26;10;100;heavy;4
2025-07-02T14:03:00+02:00;67892_G;44;6;60;freeFlow;1
2025-07-02T14:03:00+02:00;68069;40;10;32;freeFlow;1
2025-07-02T14:03:00+02:00;68070;25;2;32;heavy;1
2025-07-02T14:03:00+02:00;68815;20;5;75;heavy;2
2025-07-02T14:03:00+02:00;69060;30;3;38;freeFlow;1
2025-07-02T14:03:00+02:00;69061;41;3;53;freeFlow;2
2025-07-02T14:03:00+02:00;69062;30;2;38;freeFlow;1
2025-07-02T14:03:00+02:00;69063;42;0;25;freeFlow;1
2025-07-02T14:03:00+02:00;69064_D;30;1;38;freeFlow;1
2025-07-02T14:03:00+02:00;69064_G;42;1;25;freeFlow;1
2025-07-02T14:03:00+02:00;69270_D;49;2;30;freeFlow;1
2025-07-02T14:03:00+02:00;69270_G;50;1;0;unknown;0
2025-07-02T14:03:00+02:00;69277;42;2;25;freeFlow;1
2025-07-02T14:03:00+02:00;69464;30;1;38;freeFlow;1
2025-07-02T14:03:00+02:00;69467;30;2;0;unknown;0
2025-07-02T14:03:00+02:00;69493;49;13;100;freeFlow;3
2025-07-02T14:03:00+02:00;69495;41;10;75;freeFlow;2
2025-07-02T14:03:00+02:00;69591;38;7;60;freeFlow;1
2025-07-02T14:03:00+02:00;69673;29;12;20;heavy;1
2025-07-02T14:03:00+02:00;69878;43;19;100;freeFlow;5
2025-07-02T14:03:00+02:00;71197_D;53;22;57;heavy;1
2025-07-02T14:03:00+02:00;71197_G;45;25;40;heavy;1
2025-07-02T14:03:00+02:00;71455_D;24;6;42;heavy;1
2025-07-02T14:03:00+02:00;71492_D;29;6;62;heavy;2
2025-07-02T14:03:00+02:00;71492_G;20;9;60;heavy;1
2025-07-02T14:03:00+02:00;71493_D;45;7;55;freeFlow;1
2025-07-02T14:03:00+02:00;71493_G;25;13;75;heavy;2
2025-07-02T14:03:00+02:00;71494;29;5;95;heavy;3
2025-07-02T14:03:00+02:00;71496;24;10;100;heavy;3
2025-07-02T14:03:00+02:00;71497;19;4;60;heavy;1
2025-07-02T14:03:00+02:00;71504_D;27;1;70;heavy;2
2025-07-02T14:03:00+02:00;71504_G;27;1;100;heavy;3
2025-07-02T14:03:00+02:00;71508_D;27;17;50;heavy;2
2025-07-02T14:03:00+02:00;71508_G;17;28;60;heavy;1
2025-07-02T14:03:00+02:00;71509_D;68;15;55;freeFlow;1
2025-07-02T14:03:00+02:00;71509_G;60;17;75;freeFlow;2
2025-07-02T14:03:00+02:00;71554_D;49;5;32;freeFlow;1
2025-07-02T14:03:00+02:00;71554_G;36;7;55;freeFlow;2
2025-07-02T14:03:00+02:00;71555_D;36;3;60;freeFlow;2
2025-07-02T14:03:00+02:00;71555_G;21;5;60;heavy;2
2025-07-02T14:03:00+02:00;71661;40;7;60;heavy;1
2025-07-02T14:03:00+02:00;71668;80;8;75;freeFlow;2
2025-07-02T14:03:00+02:00;72425;94;13;100;freeFlow;6
2025-07-02T14:03:00+02:00;72487_D;32;78;60;heavy;1
2025-07-02T14:03:00+02:00;72842_D;44;25;60;freeFlow;1
2025-07-02T14:03:00+02:00;72842_G;50;22;0;unknown;0
2025-07-02T14:03:00+02:00;72940_D;23;52;10;heavy;1
2025-07-02T14:03:00+02:00;72940_G;27;44;40;heavy;1
2025-07-02T14:03:00+02:00;73636;14;12;94;congested;3
2025-07-02T14:03:00+02:00;74067;43;2;75;heavy;2
2025-07-02T14:03:00+02:00;74454;37;1;52;heavy;1
2025-07-02T14:03:00+02:00;74457_D;52;20;52;freeFlow;1
2025-07-02T14:03:00+02:00;74457_G;47;21;75;heavy;2
2025-07-02T14:03:00+02:00;74459;37;1;52;heavy;1
2025-07-02T14:03:00+02:00;74460;26;1;75;heavy;2
2025-07-02T14:03:00+02:00;74461;20;1;75;congested;2
2025-07-02T14:03:00+02:00;74688_D;55;17;30;freeFlow;1
2025-07-02T14:03:00+02:00;74688_G;51;18;57;freeFlow;1
2025-07-02T14:03:00+02:00;74748_D;58;5;60;freeFlow;1
2025-07-02T14:03:00+02:00;74748_G;82;4;60;freeFlow;1
2025-07-02T14:03:00+02:00;75340;50;1;0;unknown;0
2025-07-02T14:03:00+02:00;75343_D;36;10;30;freeFlow;1
2025-07-02T14:03:00+02:00;75343_G;30;12;0;unknown;0
2025-07-02T14:03:00+02:00;75344;34;2;27;heavy;1
2025-07-02T14:03:00+02:00;75346;29;3;38;heavy;1
2025-07-02T14:03:00+02:00;75347_D;50;1;0;unknown;0
2025-07-02T14:03:00+02:00;75347_G;17;4;38;heavy;1
2025-07-02T14:03:00+02:00;75348;50;1;0;unknown;0
2025-07-02T14:03:00+02:00;75353;50;1;0;unknown;0
2025-07-02T14:03:00+02:00;75356_D;54;10;36;freeFlow;1
2025-07-02T14:03:00+02:00;75356_G;50;10;0;unknown;0
2025-07-02T14:03:00+02:00;75358;50;1;0;unknown;0
2025-07-02T14:03:00+02:00;75359;55;1;35;freeFlow;1
2025-07-02T14:03:00+02:00;75385;17;4;73;heavy;2
2025-07-02T14:03:00+02:00;75533_D;70;0;0;unknown;0
2025-07-02T14:03:00+02:00;75533_G;74;0;75;freeFlow;2
2025-07-02T14:03:00+02:00;75630;65;24;75;freeFlow;2
2025-07-02T14:03:00+02:00;75810;62;12;100;freeFlow;3
2025-07-02T14:03:00+02:00;75811;90;5;60;freeFlow;1
2025-07-02T14:03:00+02:00;75812;68;6;100;freeFlow;6
2025-07-02T14:03:00+02:00;75813;87;3;100;freeFlow;9
2025-07-02T14:03:00+02:00;75814;85;3;100;freeFlow;5
2025-07-02T14:03:00+02:00;75815;84;16;100;freeFlow;9
2025-07-02T14:03:00+02:00;75816;46;5;100;freeFlow;5
2025-07-02T14:03:00+02:00;75819_D;24;7;60;heavy;1
2025-07-02T14:03:00+02:00;75819_G;55;4;100;freeFlow;4
2025-07-02T14:03:00+02:00;75821;76;4;100;freeFlow;7
2025-07-02T14:03:00+02:00;75823;69;6;100;freeFlow;7
2025-07-02T14:03:00+02:00;75841;37;10;60;freeFlow;1
2025-07-02T14:03:00+02:00;75842;13;30;74;congested;2
2025-07-02T14:03:00+02:00;75855;41;2;100;heavy;4
2025-07-02T14:03:00+02:00;75858;75;1;52;freeFlow;1
2025-07-02T14:03:00+02:00;75859;66;3;52;freeFlow;1
2025-07-02T14:03:00+02:00;75860;46;4;75;heavy;2
2025-07-02T14:03:00+02:00;75861;46;2;75;heavy;2
2025-07-02T14:03:00+02:00;75862;52;3;60;freeFlow;1
2025-07-02T14:03:00+02:00;75863;52;2;60;freeFlow;1
2025-07-02T14:03:00+02:00;75864;70;1;0;unknown;0
2025-07-02T14:03:00+02:00;75865;70;2;0;unknown;0
2025-07-02T14:03:00+02:00;75866;93;10;100;freeFlow;4
2025-07-02T14:03:00+02:00;75867;93;12;100;freeFlow;4
2025-07-02T14:03:00+02:00;75869;94;56;100;freeFlow;8
2025-07-02T14:03:00+02:00;75873_D;59;10;75;freeFlow;2
2025-07-02T14:03:00+02:00;75873_G;30;16;0;unknown;0
2025-07-02T14:03:00+02:00;75874_D;59;7;75;freeFlow;2
2025-07-02T14:03:00+02:00;75874_G;50;8;0;unknown;0
2025-07-02T14:03:00+02:00;75875;58;5;50;freeFlow;1
2025-07-02T14:03:00+02:00;75876;25;19;70;heavy;2
2025-07-02T14:03:00+02:00;75877;50;17;0;unknown;0
2025-07-02T14:03:00+02:00;75878;46;18;100;heavy;3
2025-07-02T14:03:00+02:00;75879;84;3;60;freeFlow;1
2025-07-02T14:03:00+02:00;75880;30;29;63;heavy;2
2025-07-02T14:03:00+02:00;75882;90;11;60;freeFlow;1
2025-07-02T14:03:00+02:00;75883;88;4;100;freeFlow;12
2025-07-02T14:03:00+02:00;75884;81;5;100;freeFlow;15
2025-07-02T14:03:00+02:00;75885;89;3;100;freeFlow;12
2025-07-02T14:03:00+02:00;75886;82;7;100;freeFlow;15
2025-07-02T14:03:00+02:00;75911;55;5;60;freeFlow;1
2025-07-02T14:03:00+02:00;75912;17;17;60;heavy;1
2025-07-02T14:03:00+02:00;76094;22;26;100;heavy;3
2025-07-02T14:03:00+02:00;7864_D;70;51;75;freeFlow;2
2025-07-02T14:03:00+02:00;7864_G;67;53;60;freeFlow;1
2025-07-02T14:03:00+02:00;790_D;62;13;60;freeFlow;1
2025-07-02T14:03:00+02:00;790_G;22;37;75;heavy;2
2025-07-02T14:03:00+02:00;791_D;27;32;75;heavy;2
2025-07-02T14:03:00+02:00;791_G;9;97;75;congested;2
2025-07-02T14:03:00+02:00;7936;88;9;75;freeFlow;2
2025-07-02T14:03:00+02:00;7937;83;26;75;freeFlow;2
2025-07-02T14:03:00+02:00;7938;101;30;60;freeFlow;1
2025-07-02T14:03:00+02:00;7995_D;62;17;75;freeFlow;2
2025-07-02T14:03:00+02:00;7995_G;62;16;60;freeFlow;1
2025-07-02T14:03:00+02:00;862_D;60;18;75;freeFlow;2
2025-07-02T14:03:00+02:00;862_G;60;18;75;freeFlow;2
2025-07-02T14:03:00+02:00;863_D;64;11;60;freeFlow;1
2025-07-02T14:03:00+02:00;863_G;69;10;75;freeFlow;2
2025-07-02T14:03:00+02:00;8745;30;7;100;heavy;5
2025-07-02T14:03:00+02:00;8962;95;23;100;freeFlow;9
2025-07-02T14:03:00+02:00;8963_D;68;6;100;freeFlow;5
2025-07-02T14:03:00+02:00;8963_G;53;8;75;freeFlow;2
2025-07-02T14:03:00+02:00;8966;93;13;100;freeFlow;9
2025-07-02T14:03:00+02:00;8969;103;13;100;freeFlow;5
2025-07-02T14:03:00+02:00;8970;103;15;100;freeFlow;5
2025-07-02T14:03:00+02:00;8971;94;22;100;freeFlow;5
2025-07-02T14:03:00+02:00;8974_D;37;6;60;heavy;1
2025-07-02T14:03:00+02:00;8974_G;39;6;100;heavy;3
2025-07-02T14:03:00+02:00;8976_D;54;6;75;freeFlow;2
2025-07-02T14:03:00+02:00;8976_G;55;7;100;freeFlow;3
2025-07-02T14:03:00+02:00;8977_D;56;5;75;freeFlow;2
2025-07-02T14:03:00+02:00;8977_G;62;5;100;freeFlow;4
2025-07-02T14:03:00+02:00;8978;90;15;100;freeFlow;9
2025-07-02T14:03:00+02:00;9040;67;13;75;freeFlow;2
2025-07-02T14:03:00+02:00;9041;42;4;75;freeFlow;2
2025-07-02T14:03:00+02:00;9042;47;2;60;freeFlow;1
2025-07-02T14:03:00+02:00;9043;42;4;75;freeFlow;2
2025-07-02T14:03:00+02:00;9044;44;3;75;freeFlow;2
2025-07-02T14:03:00+02:00;9045;44;3;0;unknown;0
2025-07-02T14:03:00+02:00;9046;43;2;75;freeFlow;2
2025-07-02T14:03:00+02:00;9047;42;2;75;freeFlow;2
2025-07-02T14:03:00+02:00;9048;53;10;75;heavy;2
2025-07-02T14:03:00+02:00;9049;48;3;100;freeFlow;3
2025-07-02T14:03:00+02:00;9050;38;2;100;freeFlow;5
2025-07-02T14:03:00+02:00;9051;37;4;100;freeFlow;4
2025-07-02T14:03:00+02:00;9052;50;2;0;unknown;0
2025-07-02T14:03:00+02:00;9053;39;3;100;freeFlow;3
2025-07-02T14:03:00+02:00;9054;47;13;75;freeFlow;2
2025-07-02T14:03:00+02:00;9055;42;14;100;freeFlow;3
2025-07-02T14:03:00+02:00;9057_D;69;8;100;freeFlow;4
2025-07-02T14:03:00+02:00;9057_G;71;8;57;freeFlow;1
2025-07-02T14:03:00+02:00;9058_D;55;25;100;heavy;4
2025-07-02T14:03:00+02:00;9058_G;68;20;57;freeFlow;1
2025-07-02T14:03:00+02:00;9059_D;31;20;100;heavy;4
2025-07-02T14:03:00+02:00;9059_G;64;10;57;freeFlow;1
2025-07-02T14:03:00+02:00;9060;29;6;60;heavy;1
2025-07-02T14:03:00+02:00;9061;35;4;99;heavy;5
2025-07-02T14:03:00+02:00;9062;32;5;75;heavy;2
2025-07-02T14:03:00+02:00;9063;35;3;100;heavy;5
2025-07-02T14:03:00+02:00;9068_D;55;33;100;heavy;5
2025-07-02T14:03:00+02:00;9068_G;39;46;75;heavy;2
2025-07-02T14:03:00+02:00;9070_D;70;30;100;freeFlow;3
2025-07-02T14:03:00+02:00;9070_G;75;28;75;freeFlow;2
2025-07-02T14:03:00+02:00;9073;73;6;100;freeFlow;13
2025-07-02T14:03:00+02:00;9074;86;10;100;freeFlow;7
2025-07-02T14:03:00+02:00;9082_D;78;3;68;freeFlow;2
2025-07-02T14:03:00+02:00;9082_G;81;3;75;freeFlow;2
2025-07-02T14:03:00+02:00;9090_D;76;18;75;freeFlow;2
2025-07-02T14:03:00+02:00;9090_G;60;22;75;freeFlow;2
2025-07-02T14:03:00+02:00;9103;80;18;75;freeFlow;2
2025-07-02T14:03:00+02:00;9108;92;14;100;freeFlow;3
2025-07-02T14:03:00+02:00;9114;83;1;100;freeFlow;3
2025-07-02T14:03:00+02:00;9115;60;24;75;heavy;2
2025-07-02T14:03:00+02:00;9116;86;2;75;freeFlow;2
2025-07-02T14:03:00+02:00;9117;86;6;75;freeFlow;2
2025-07-02T14:03:00+02:00;9133;55;34;93;heavy;3
2025-07-02T14:03:00+02:00;9134;82;18;75;freeFlow;2
2025-07-02T14:03:00+02:00;9177;56;34;72;freeFlow;2
2025-07-02T14:03:00+02:00;9190;48;8;35;heavy;1
2025-07-02T14:03:00+02:00;9199;46;1;75;heavy;2
2025-07-02T14:03:00+02:00;9200;33;4;42;heavy;1
2025-07-02T14:03:00+02:00;9201;46;1;75;heavy;2
2025-07-02T14:03:00+02:00;9202;38;3;75;heavy;2
2025-07-02T14:03:00+02:00;9203;38;3;75;heavy;2
2025-07-02T14:03:00+02:00;9204;37;3;100;heavy;3
2025-07-02T14:03:00+02:00;9213;60;46;88;freeFlow;3
2025-07-02T14:03:00+02:00;9214_D;70;1;0;unknown;0
2025-07-02T14:03:00+02:00;9214_G;104;1;60;freeFlow;1
2025-07-02T14:03:00+02:00;9215;71;39;75;freeFlow;2
2025-07-02T14:03:00+02:00;9279;95;22;100;freeFlow;4
2025-07-02T14:03:00+02:00;9280;91;26;100;freeFlow;5
2025-07-02T14:03:00+02:00;9343_D;52;23;32;heavy;1
2025-07-02T14:03:00+02:00;9343_G;61;20;40;freeFlow;2
2025-07-02T14:03:00+02:00;9344_D;7;86;68;congested;2
2025-07-02T14:03:00+02:00;9344_G;4;134;50;congested;2
2025-07-02T14:03:00+02:00;9345_D;26;31;60;freeFlow;1
2025-07-02T14:03:00+02:00;9345_G;85;10;22;freeFlow;1
2025-07-02T14:03:00+02:00;9346_D;36;12;60;freeFlow;1
2025-07-02T14:03:00+02:00;9346_G;85;5;22;freeFlow;1
2025-07-02T14:03:00+02:00;9348_D;30;7;0;unknown;0
2025-07-02T14:03:00+02:00;9348_G;85;3;22;freeFlow;1
2025-07-02T14:03:00+02:00;9351_D;41;29;60;heavy;1
2025-07-02T14:03:00+02:00;9351_G;85;13;22;freeFlow;1
2025-07-02T14:03:00+02:00;9370_D;51;16;32;heavy;1
2025-07-02T14:03:00+02:00;9370_G;66;13;38;freeFlow;2
2025-07-02T14:03:00+02:00;9371_D;30;21;60;heavy;1
2025-07-02T14:03:00+02:00;9371_G;27;24;75;heavy;3
2025-07-02T14:03:00+02:00;9378;78;15;100;freeFlow;12
2025-07-02T14:03:00+02:00;9379;79;14;100;freeFlow;8
2025-07-02T14:03:00+02:00;9414_D;43;6;75;freeFlow;2
2025-07-02T14:03:00+02:00;9414_G;43;6;50;freeFlow;1
2025-07-02T14:03:00+02:00;9416_D;46;5;75;freeFlow;2
2025-07-02T14:03:00+02:00;9416_G;42;5;50;freeFlow;1
2025-07-02T14:03:00+02:00;9418_D;46;8;75;freeFlow;2
2025-07-02T14:03:00+02:00;9418_G;44;8;50;freeFlow;1
2025-07-02T14:03:00+02:00;9421;46;2;75;freeFlow;2
2025-07-02T14:03:00+02:00;9422;46;2;75;freeFlow;2
2025-07-02T14:03:00+02:00;9423;41;3;46;freeFlow;2
2025-07-02T14:03:00+02:00;9424;44;4;50;freeFlow;1
2025-07-02T14:03:00+02:00;9425_D;46;3;75;freeFlow;2
2025-07-02T14:03:00+02:00;9425_G;44;3;50;freeFlow;1
2025-07-02T14:03:00+02:00;9427_D;53;6;75;heavy;2
2025-07-02T14:03:00+02:00;9427_G;44;7;43;heavy;2
2025-07-02T14:03:00+02:00;9434_D;72;11;60;freeFlow;1
2025-07-02T14:03:00+02:00;9434_G;57;14;40;freeFlow;2
2025-07-02T14:03:00+02:00;9435_D;76;13;60;freeFlow;1
2025-07-02T14:03:00+02:00;9435_G;67;15;40;freeFlow;2
2025-07-02T14:03:00+02:00;9437_D;45;25;60;heavy;1
2025-07-02T14:03:00+02:00;9437_G;66;17;40;freeFlow;2
2025-07-02T14:03:00+02:00;9588_D;73;8;68;freeFlow;2
2025-07-02T14:03:00+02:00;9588_G;79;8;75;freeFlow;2
2025-07-02T14:03:00+02:00;9625_D;66;5;68;freeFlow;2
2025-07-02T14:03:00+02:00;9625_G;70;5;75;freeFlow;2
2025-07-02T14:03:00+02:00;9739;39;3;100;heavy;4
2025-07-02T14:03:00+02:00;9740;39;2;75;heavy;2
2025-07-02T14:03:00+02:00;9741;36;2;100;heavy;4
2025-07-02T14:03:00+02:00;9742;26;5;75;heavy;2
2025-07-02T14:03:00+02:00;9745_D;33;4;60;heavy;1
2025-07-02T14:03:00+02:00;9745_G;42;7;75;heavy;2
2025-07-02T14:03:00+02:00;9757_D;36;3;50;heavy;1
2025-07-02T14:03:00+02:00;9757_G;31;4;75;heavy;2
2025-07-02T14:03:00+02:00;9758_D;49;6;50;freeFlow;1
2025-07-02T14:03:00+02:00;9758_G;38;8;75;heavy;2
2025-07-02T14:03:00+02:00;9834_D;74;27;75;freeFlow;2
2025-07-02T14:03:00+02:00;9834_G;69;29;75;freeFlow;2
2025-07-02T14:03:00+02:00;9912;28;6;100;heavy;3
2025-07-02T14:03:00+02:00;9913;38;3;100;heavy;3
2025-07-02T14:03:00+02:00;9914;35;3;100;heavy;4
2025-07-02T14:03:00+02:00;9915;28;5;95;heavy;4
2025-07-02T14:03:00+02:00;9916;28;5;75;heavy;2
2025-07-02T14:03:00+02:00;9917_D;33;4;60;heavy;1
2025-07-02T14:03:00+02:00;9917_G;36;4;100;heavy;3
2025-07-02T14:03:00+02:00;9921_D;44;34;75;heavy;2
2025-07-02T14:03:00+02:00;9921_G;56;27;75;freeFlow;2
2025-07-02T14:03:00+02:00;1601981;27;6;100;heavy;3
2025-07-02T14:03:00+02:00;1601982;32;28;100;heavy;6
2025-07-02T14:03:00+02:00;1634;59;10;52;heavy;1
2025-07-02T14:03:00+02:00;1635;106;1;60;freeFlow;1
2025-07-02T14:03:00+02:00;1636;52;3;100;freeFlow;3
2025-07-02T14:03:00+02:00;1637;48;2;100;heavy;4
2025-07-02T14:03:00+02:00;1640;72;1;100;freeFlow;5
2025-07-02T14:03:00+02:00;1641;106;2;60;freeFlow;1
2025-07-02T14:03:00+02:00;1642;58;1;100;freeFlow;4
2025-07-02T14:03:00+02:00;1678329;35;18;75;heavy;2
2025-07-02T14:03:00+02:00;1680500_D;24;11;74;heavy;2
2025-07-02T14:03:00+02:00;1680500_G;49;6;100;freeFlow;4
2025-07-02T14:03:00+02:00;1680501;32;26;92;heavy;11
2025-07-02T14:03:00+02:00;1680580;29;15;75;heavy;2
2025-07-02T14:03:00+02:00;1680586;41;4;52;freeFlow;1
2025-07-02T14:03:00+02:00;1680594;41;0;52;freeFlow;1
2025-07-02T14:03:00+02:00;1680595;50;1;0;unknown;0
2025-07-02T14:03:00+02:00;1680596;41;1;52;freeFlow;1
2025-07-02T14:03:00+02:00;1680597;50;1;0;unknown;0
2025-07-02T14:03:00+02:00;1680604;29;3;75;heavy;2
2025-07-02T14:03:00+02:00;1747_D;33;2;60;heavy;1
2025-07-02T14:03:00+02:00;1747_G;33;3;100;heavy;3
2025-07-02T14:03:00+02:00;1762;23;23;100;heavy;6
2025-07-02T14:03:00+02:00;1763;41;14;100;freeFlow;4
2025-07-02T14:03:00+02:00;1765_D;33;12;70;heavy;2
2025-07-02T14:03:00+02:00;1765_G;23;17;100;heavy;3
2025-07-02T14:03:00+02:00;1852;74;15;100;freeFlow;7
2025-07-02T14:03:00+02:00;1857;77;28;100;freeFlow;11
2025-07-02T14:03:00+02:00;1858;80;11;100;freeFlow;5
2025-07-02T14:03:00+02:00;1859;84;12;100;freeFlow;8
2025-07-02T14:03:00+02:00;1860;60;21;75;freeFlow;2
2025-07-02T14:03:00+02:00;1910718_D;37;3;57;freeFlow;1
2025-07-02T14:03:00+02:00;1910718_G;42;3;40;freeFlow;1
2025-07-02T14:03:00+02:00;1910863_D;28;20;57;heavy;1
2025-07-02T14:03:00+02:00;1910863_G;3;215;12;congested;1
2025-07-02T14:03:00+02:00;1911250;37;6;75;freeFlow;2
2025-07-02T14:03:00+02:00;35088;52;4;100;freeFlow;6
2025-07-02T14:03:00+02:00;35089;49;5;100;freeFlow;7
2025-07-02T14:03:00+02:00;35090;34;2;100;heavy;4
2025-07-02T14:03:00+02:00;35091;53;2;100;freeFlow;5
2025-07-02T14:03:00+02:00;35093;48;6;100;heavy;4
2025-07-02T14:03:00+02:00;35094;48;6;100;heavy;5
2025-07-02T14:03:00+02:00;35099;50;2;0;unknown;0
2025-07-02T14:03:00+02:00;35101;37;2;100;heavy;3
2025-07-02T14:03:00+02:00;35102;48;1;60;heavy;1
2025-07-02T14:03:00+02:00;35104;63;42;100;freeFlow;3
2025-07-02T14:03:00+02:00;35116;27;5;100;heavy;3
2025-07-02T14:03:00+02:00;35117;33;5;75;heavy;2
2025-07-02T14:03:00+02:00;35118;44;4;70;freeFlow;2
2025-07-02T14:03:00+02:00;35119;34;6;100;heavy;3
2025-07-02T14:03:00+02:00;35120_D;36;2;75;freeFlow;2
2025-07-02T14:03:00+02:00;35120_G;11;7;60;congested;1
2025-07-02T14:03:00+02:00;35121_D;50;42;75;freeFlow;2
2025-07-02T14:03:00+02:00;35121_G;31;67;98;heavy;5
2025-07-02T14:03:00+02:00;40196;44;6;60;heavy;1
2025-07-02T14:03:00+02:00;40197;69;4;60;freeFlow;2
2025-07-02T14:03:00+02:00;41636_D;10;16;75;congested;2
2025-07-02T14:03:00+02:00;41636_G;19;9;42;heavy;1
2025-07-02T14:03:00+02:00;41652_G;34;7;42;heavy;1
2025-07-02T14:03:00+02:00;41653_D;31;3;60;heavy;1
2025-07-02T14:03:00+02:00;41653_G;38;2;45;freeFlow;1
2025-07-02T14:03:00+02:00;41667_D;32;5;60;heavy;1
2025-07-02T14:03:00+02:00;41667_G;33;4;45;heavy;1
2025-07-02T14:03:00+02:00;41668_D;25;2;75;heavy;2
2025-07-02T14:03:00+02:00;41668_G;4;12;45;congested;1
2025-07-02T14:03:00+02:00;41721;78;13;100;freeFlow;8
2025-07-02T14:03:00+02:00;41722;76;15;100;freeFlow;9
2025-07-02T14:03:00+02:00;41758;88;15;100;freeFlow;14
2025-07-02T14:03:00+02:00;41759;74;19;100;freeFlow;15
2025-07-02T14:03:00+02:00;41760;80;17;100;freeFlow;7
2025-07-02T14:03:00+02:00;41949_D;23;11;55;heavy;1
2025-07-02T14:03:00+02:00;41949_G;15;18;42;heavy;1
2025-07-02T14:03:00+02:00;41974_D;11;20;55;congested;1
2025-07-02T14:03:00+02:00;41974_G;30;8;45;heavy;1
2025-07-02T14:03:00+02:00;41975_D;26;13;57;heavy;1
2025-07-02T14:03:00+02:00;41975_G;36;9;45;freeFlow;1
2025-07-02T14:03:00+02:00;41985_D;25;3;75;heavy;2
2025-07-02T14:03:00+02:00;41985_G;23;3;45;heavy;1
2025-07-02T14:03:00+02:00;42064_D;30;7;75;heavy;2
2025-07-02T14:03:00+02:00;42064_G;31;7;45;heavy;1
2025-07-02T14:03:00+02:00;420870_D;33;7;60;heavy;1
2025-07-02T14:03:00+02:00;420870_G;47;5;45;freeFlow;1
2025-07-02T14:03:00+02:00;42206_G;11;82;61;congested;2
2025-07-02T14:03:00+02:00;42238_G;30;11;45;heavy;1
2025-07-02T14:03:00+02:00;42239_D;29;10;60;heavy;1
2025-07-02T14:03:00+02:00;42239_G;38;7;45;freeFlow;1
2025-07-02T14:03:00+02:00;42240_D;16;46;75;heavy;2
2025-07-02T14:03:00+02:00;42240_G;24;32;84;heavy;3
2025-07-02T14:03:00+02:00;42241_D;23;30;45;heavy;1
2025-07-02T14:03:00+02:00;42241_G;32;22;60;heavy;1
2025-07-02T14:03:00+02:00;42242_D;31;10;45;heavy;1
2025-07-02T14:03:00+02:00;42242_G;32;9;60;heavy;1
2025-07-02T14:03:00+02:00;42683_D;3;98;63;congested;2
2025-07-02T14:03:00+02:00;42683_G;32;10;60;heavy;1
2025-07-02T14:03:00+02:00;42714_D;41;5;55;freeFlow;1
2025-07-02T14:03:00+02:00;42714_G;30;7;45;heavy;1
2025-07-02T14:03:00+02:00;42716_D;24;4;55;heavy;1
2025-07-02T14:03:00+02:00;42716_G;15;6;42;heavy;1
2025-07-02T14:03:00+02:00;43449_D;21;10;55;freeFlow;1
2025-07-02T14:03:00+02:00;43449_G;34;6;52;freeFlow;1
2025-07-02T14:03:00+02:00;43450_D;19;16;60;heavy;1
2025-07-02T14:03:00+02:00;43450_G;15;20;52;heavy;1
2025-07-02T14:03:00+02:00;43451_G;39;12;52;freeFlow;1
2025-07-02T14:03:00+02:00;43452_D;16;10;52;heavy;1
2025-07-02T14:03:00+02:00;43452_G;34;5;52;freeFlow;1
2025-07-02T14:03:00+02:00;43475_D;23;10;45;heavy;1
2025-07-02T14:03:00+02:00;43475_G;50;4;0;unknown;0
2025-07-02T14:03:00+02:00;43622_D;40;2;67;freeFlow;2
2025-07-02T14:03:00+02:00;43622_G;31;3;50;heavy;1
2025-07-02T14:03:00+02:00;43623_D;9;22;55;congested;1
2025-07-02T14:03:00+02:00;43623_G;9;22;68;congested;2
2025-07-02T14:03:00+02:00;43624_D;9;27;72;congested;2
2025-07-02T14:03:00+02:00;43624_G;23;10;71;heavy;2
2025-07-02T14:03:00+02:00;43625_D;41;9;52;freeFlow;1
2025-07-02T14:03:00+02:00;43625_G;9;43;55;congested;2
2025-07-02T14:03:00+02:00;43657_D;25;3;52;heavy;1
2025-07-02T14:03:00+02:00;43657_G;41;2;52;freeFlow;1
2025-07-02T14:03:00+02:00;43659_D;27;5;52;freeFlow;1
2025-07-02T14:03:00+02:00;43659_G;41;3;52;freeFlow;1
2025-07-02T14:03:00+02:00;44039_D;50;2;0;unknown;0
2025-07-02T14:03:00+02:00;44039_G;50;2;0;unknown;0
2025-07-02T14:03:00+02:00;44040_D;23;19;0;unknown;0
2025-07-02T14:03:00+02:00;44040_G;34;13;69;heavy;2
2025-07-02T14:03:00+02:00;44041_D;50;9;0;unknown;0
2025-07-02T14:03:00+02:00;44041_G;30;15;60;heavy;1
2025-07-02T14:03:00+02:00;44042_D;11;42;0;unknown;0
2025-07-02T14:03:00+02:00;44042_G;50;9;0;unknown;0
2025-07-02T14:03:00+02:00;44071_D;26;11;35;freeFlow;1
2025-07-02T14:03:00+02:00;44071_G;28;11;0;unknown;0
2025-07-02T14:03:00+02:00;44080;19;6;60;heavy;1
2025-07-02T14:03:00+02:00;44113_D;26;11;55;heavy;2
2025-07-02T14:03:00+02:00;44113_G;17;17;32;heavy;1
2025-07-02T14:03:00+02:00;44114_D;22;11;40;heavy;1
2025-07-02T14:03:00+02:00;44114_G;29;9;30;heavy;1
2025-07-02T14:03:00+02:00;44115_D;29;12;40;heavy;1
2025-07-02T14:03:00+02:00;44115_G;23;15;30;heavy;1
2025-07-02T14:03:00+02:00;44117_D;10;30;42;congested;1
2025-07-02T14:03:00+02:00;44117_G;34;8;30;heavy;1
2025-07-02T14:03:00+02:00;44118_D;27;7;42;heavy;1
2025-07-02T14:03:00+02:00;44118_G;31;6;43;heavy;2
2025-07-02T14:03:00+02:00;44125_D;20;7;38;heavy;1
2025-07-02T14:03:00+02:00;44125_G;13;11;60;congested;1
2025-07-02T14:03:00+02:00;44127;34;9;57;heavy;1
2025-07-02T14:03:00+02:00;44128;34;10;57;heavy;1
2025-07-02T14:03:00+02:00;44170_D;29;6;40;heavy;1
2025-07-02T14:03:00+02:00;44170_G;29;6;30;heavy;1
2025-07-02T14:03:00+02:00;44713_D;29;1;48;heavy;2
2025-07-02T14:03:00+02:00;44713_G;10;2;40;congested;1
2025-07-02T14:03:00+02:00;44930;42;4;75;freeFlow;2
2025-07-02T14:03:00+02:00;44931;67;10;75;freeFlow;2
2025-07-02T14:03:00+02:00;44934;77;26;100;freeFlow;14
2025-07-02T14:03:00+02:00;45486_G;31;6;48;heavy;1
2025-07-02T14:03:00+02:00;45487_G;32;8;48;heavy;1
2025-07-02T14:03:00+02:00;45488_D;31;22;55;heavy;1
2025-07-02T14:03:00+02:00;45488_G;35;19;45;heavy;1
2025-07-02T14:03:00+02:00;45489_D;34;8;70;heavy;2
2025-07-02T14:03:00+02:00;45489_G;40;6;45;freeFlow;1
2025-07-02T14:03:00+02:00;45490_D;35;5;73;freeFlow;2
2025-07-02T14:03:00+02:00;45490_G;40;4;45;freeFlow;1
2025-07-02T14:03:00+02:00;45503_D;50;3;0;unknown;0
2025-07-02T14:03:00+02:00;45503_G;13;10;60;congested;1
2025-07-02T14:03:00+02:00;45504_D;22;7;0;unknown;0
2025-07-02T14:03:00+02:00;45504_G;23;6;60;heavy;1
2025-07-02T14:03:00+02:00;45505_D;50;7;0;unknown;0
2025-07-02T14:03:00+02:00;45505_G;19;17;60;heavy;1
2025-07-02T14:03:00+02:00;45530_D;24;3;42;freeFlow;1
2025-07-02T14:03:00+02:00;45530_G;33;2;27;freeFlow;1
2025-07-02T14:03:00+02:00;45531_D;24;2;42;freeFlow;1
2025-07-02T14:03:00+02:00;45531_G;3;19;53;congested;2
2025-07-02T14:03:00+02:00;45532_D;16;13;45;heavy;1
2025-07-02T14:03:00+02:00;45532_G;17;13;53;heavy;2
2025-07-02T14:03:00+02:00;45565_D;24;14;10;heavy;1
2025-07-02T14:03:00+02:00;45565_G;41;8;52;freeFlow;1
2025-07-02T14:03:00+02:00;45566_D;24;11;10;heavy;1
2025-07-02T14:03:00+02:00;45566_G;48;6;52;freeFlow;1
2025-07-02T14:03:00+02:00;45567_D;0;1063;10;congested;1
2025-07-02T14:03:00+02:00;45567_G;40;7;52;freeFlow;1
2025-07-02T14:03:00+02:00;45568_D;24;18;10;heavy;1
2025-07-02T14:03:00+02:00;45568_G;20;24;85;heavy;4
2025-07-02T14:03:00+02:00;45601_D;28;11;50;heavy;1
2025-07-02T14:03:00+02:00;45601_G;27;12;25;heavy;1
2025-07-02T14:03:00+02:00;45613_D;29;11;55;heavy;1
2025-07-02T14:03:00+02:00;45613_G;11;28;65;congested;2
2025-07-02T14:03:00+02:00;45614_D;34;6;57;heavy;1
2025-07-02T14:03:00+02:00;45614_G;46;5;58;freeFlow;2
2025-07-02T14:03:00+02:00;45636;51;23;100;freeFlow;3
2025-07-02T14:03:00+02:00;45637;98;11;100;freeFlow;9
2025-07-02T14:03:00+02:00;45640;31;16;35;heavy;1
2025-07-02T14:03:00+02:00;45641;53;23;100;freeFlow;14
2025-07-02T14:03:00+02:00;45642;82;26;100;freeFlow;14
2025-07-02T14:03:00+02:00;45644_D;36;26;60;freeFlow;1
2025-07-02T14:03:00+02:00;45644_G;16;60;60;heavy;1
2025-07-02T14:03:00+02:00;45645_G;54;11;60;freeFlow;1
2025-07-02T14:03:00+02:00;45725;82;38;100;freeFlow;10
2025-07-02T14:03:00+02:00;45736_D;18;27;75;heavy;2
2025-07-02T14:03:00+02:00;45736_G;10;45;75;congested;2
2025-07-02T14:03:00+02:00;45759_D;24;16;60;heavy;1
2025-07-02T14:03:00+02:00;45759_G;5;69;60;congested;1
2025-07-02T14:03:00+02:00;45760_D;18;16;60;heavy;1
2025-07-02T14:03:00+02:00;45760_G;31;9;60;heavy;1
2025-07-02T14:03:00+02:00;45761_G;30;10;60;heavy;1
2025-07-02T14:03:00+02:00;45762_D;20;12;60;heavy;1
2025-07-02T14:03:00+02:00;45762_G;26;9;60;heavy;1
2025-07-02T14:03:00+02:00;45849_D;26;3;55;heavy;1
2025-07-02T14:03:00+02:00;45849_G;50;2;0;unknown;0
2025-07-02T14:03:00+02:00;45850_D;34;3;57;heavy;1
2025-07-02T14:03:00+02:00;45850_G;50;2;0;unknown;0
2025-07-02T14:03:00+02:00;45865_G;33;11;60;heavy;1
2025-07-02T14:03:00+02:00;46027;24;2;22;heavy;1
2025-07-02T14:03:00+02:00;46028;7;105;17;congested;1
2025-07-02T14:03:00+02:00;46029;26;7;50;heavy;2
2025-07-02T14:03:00+02:00;46036_D;12;42;27;congested;1
2025-07-02T14:03:00+02:00;46036_G;35;14;52;freeFlow;1
2025-07-02T14:03:00+02:00;46053_G;13;30;60;congested;1
2025-07-02T14:03:00+02:00;46054_D;50;4;0;unknown;0
2025-07-02T14:03:00+02:00;46054_G;23;8;60;heavy;1
2025-07-02T14:03:00+02:00;46055_D;50;5;0;unknown;0
2025-07-02T14:03:00+02:00;46055_G;42;6;58;freeFlow;1
2025-07-02T14:03:00+02:00;46056_G;46;2;57;freeFlow;1
2025-07-02T14:03:00+02:00;46057_D;50;4;0;unknown;0
2025-07-02T14:03:00+02:00;46057_G;46;4;57;freeFlow;1
2025-07-02T14:03:00+02:00;46058_D;52;7;45;freeFlow;1
2025-07-02T14:03:00+02:00;46058_G;48;7;57;freeFlow;1
2025-07-02T14:03:00+02:00;46059_D;36;17;60;freeFlow;2
2025-07-02T14:03:00+02:00;46059_G;50;12;57;freeFlow;1
2025-07-02T14:03:00+02:00;46079_D;35;8;45;heavy;1
2025-07-02T14:03:00+02:00;46079_G;46;7;57;freeFlow;1
2025-07-02T14:03:00+02:00;46080_D;26;18;60;heavy;1
2025-07-02T14:03:00+02:00;46080_G;48;10;57;freeFlow;1
2025-07-02T14:03:00+02:00;46081;18;14;55;heavy;1
2025-07-02T14:03:00+02:00;46135;50;7;0;unknown;0
2025-07-02T14:03:00+02:00;46136;50;6;0;unknown;0
2025-07-02T14:03:00+02:00;46137;50;9;0;unknown;0
2025-07-02T14:03:00+02:00;46163;16;19;57;heavy;1
2025-07-02T14:03:00+02:00;46228;46;22;69;heavy;2
2025-07-02T14:03:00+02:00;46230;74;19;100;freeFlow;13
2025-07-02T14:03:00+02:00;46251_D;26;7;57;heavy;1
2025-07-02T14:03:00+02:00;46251_G;49;4;45;freeFlow;1
2025-07-02T14:03:00+02:00;46264;105;15;50;freeFlow;1
2025-07-02T14:03:00+02:00;46265;75;9;100;freeFlow;13
2025-07-02T14:03:00+02:00;46266;72;3;100;freeFlow;15
2025-07-02T14:03:00+02:00;46267;75;11;100;freeFlow;6
2025-07-02T14:03:00+02:00;46268;79;19;100;freeFlow;5
2025-07-02T14:03:00+02:00;46270_D;21;10;75;heavy;2
2025-07-02T14:03:00+02:00;46270_G;17;13;52;heavy;1
2025-07-02T14:03:00+02:00;46271_D;23;11;100;heavy;3
2025-07-02T14:03:00+02:00;46271_G;23;12;68;heavy;2
2025-07-02T14:03:00+02:00;46374_D;43;29;60;freeFlow;1
2025-07-02T14:03:00+02:00;46374_G;18;69;72;heavy;2
2025-07-02T14:03:00+02:00;46375_D;17;29;48;heavy;1
2025-07-02T14:03:00+02:00;46375_G;27;18;71;heavy;2
2025-07-02T14:03:00+02:00;46376_D;17;42;49;heavy;1
2025-07-02T14:03:00+02:00;46376_G;28;24;60;heavy;1
2025-07-02T14:03:00+02:00;46377_D;14;29;65;congested;2
2025-07-02T14:03:00+02:00;46377_G;26;16;60;heavy;1
2025-07-02T14:03:00+02:00;46427_D;107;3;10;freeFlow;1
2025-07-02T14:03:00+02:00;46427_G;13;29;91;congested;3
2025-07-02T14:03:00+02:00;46559_D;25;3;30;heavy;1
2025-07-02T14:03:00+02:00;46559_G;34;2;57;heavy;1
2025-07-02T14:03:00+02:00;46560_D;31;12;57;heavy;1
2025-07-02T14:03:00+02:00;46560_G;21;18;57;heavy;1
2025-07-02T14:03:00+02:00;46561_D;30;8;17;heavy;1
2025-07-02T14:03:00+02:00;46561_G;33;8;55;heavy;1
2025-07-02T14:03:00+02:00;46562_D;35;3;17;heavy;1
2025-07-02T14:03:00+02:00;46562_G;46;2;55;freeFlow;1
2025-07-02T14:03:00+02:00;46563_D;33;13;17;heavy;1
2025-07-02T14:03:00+02:00;46563_G;43;10;55;freeFlow;1
2025-07-02T14:03:00+02:00;46564_D;28;7;20;heavy;1
2025-07-02T14:03:00+02:00;46564_G;40;5;55;freeFlow;1
2025-07-02T14:03:00+02:00;46565_D;23;8;20;heavy;1
2025-07-02T14:03:00+02:00;46565_G;39;5;55;freeFlow;1
2025-07-02T14:03:00+02:00;46566_D;4;65;22;congested;1
2025-07-02T14:03:00+02:00;46566_G;41;7;55;freeFlow;1
2025-07-02T14:03:00+02:00;46567_G;32;3;60;heavy;1
2025-07-02T14:03:00+02:00;46568_D;50;1;0;unknown;0
2025-07-02T14:03:00+02:00;46568_G;25;3;60;heavy;1
2025-07-02T14:03:00+02:00;46569_D;10;48;27;congested;1
2025-07-02T14:03:00+02:00;46569_G;32;15;57;heavy;1
2025-07-02T14:03:00+02:00;46627_D;29;18;27;heavy;1
2025-07-02T14:03:00+02:00;46627_G;40;13;57;freeFlow;1
2025-07-02T14:03:00+02:00;46628_D;8;52;20;congested;1
2025-07-02T14:03:00+02:00;46628_G;41;10;55;freeFlow;1
2025-07-02T14:03:00+02:00;46640;10;75;15;congested;1
2025-07-02T14:03:00+02:00;46641;50;8;0;unknown;0
2025-07-02T14:03:00+02:00;46643;50;3;0;unknown;0
2025-07-02T14:03:00+02:00;46649;50;8;0;unknown;0
2025-07-02T14:03:00+02:00;46653_D;36;17;22;freeFlow;1
2025-07-02T14:03:00+02:00;46653_G;44;14;52;freeFlow;1
2025-07-02T14:03:00+02:00;46654_D;22;24;25;heavy;1
2025-07-02T14:03:00+02:00;46654_G;35;15;52;heavy;1
2025-07-02T14:03:00+02:00;46655_D;31;5;25;heavy;1
2025-07-02T14:03:00+02:00;46655_G;34;5;52;heavy;1
2025-07-02T14:03:00+02:00;46682;20;25;42;heavy;1
2025-07-02T14:03:00+02:00;46683;24;2;42;heavy;1
2025-07-02T14:03:00+02:00;46684;36;14;52;freeFlow;1
2025-07-02T14:03:00+02:00;46685;54;19;100;freeFlow;4
2025-07-02T14:03:00+02:00;46686;106;13;60;freeFlow;1
2025-07-02T14:03:00+02:00;46688;41;28;52;heavy;1
2025-07-02T14:03:00+02:00;46716;72;1;100;freeFlow;4
2025-07-02T14:03:00+02:00;46717;94;40;100;freeFlow;8
2025-07-02T14:03:00+02:00;46718;63;16;100;heavy;5
2025-07-02T14:03:00+02:00;46719;37;21;100;heavy;3
2025-07-02T14:03:00+02:00;46720;97;2;42;freeFlow;1
2025-07-02T14:03:00+02:00;46728;58;6;60;freeFlow;1
2025-07-02T14:03:00+02:00;46745_D;21;29;75;heavy;2
2025-07-02T14:03:00+02:00;46745_G;46;13;20;freeFlow;1
2025-07-02T14:03:00+02:00;46746_D;24;37;100;heavy;4
2025-07-02T14:03:00+02:00;46746_G;37;24;75;freeFlow;2
2025-07-02T14:03:00+02:00;46975;25;6;60;heavy;1
2025-07-02T14:03:00+02:00;47024;17;10;52;heavy;1
2025-07-02T14:03:00+02:00;47025;21;19;70;heavy;2
2025-07-02T14:03:00+02:00;47030;6;55;27;congested;1
2025-07-02T14:03:00+02:00;47057;65;13;100;freeFlow;13
2025-07-02T14:03:00+02:00;47058;74;26;100;freeFlow;16
2025-07-02T14:03:00+02:00;47059;85;15;100;freeFlow;5
2025-07-02T14:03:00+02:00;47060;92;11;100;freeFlow;6
2025-07-02T14:03:00+02:00;47062;38;22;75;freeFlow;2
2025-07-02T14:03:00+02:00;47064;52;1;100;freeFlow;4
2025-07-02T14:03:00+02:00;47066;29;4;60;heavy;1
2025-07-02T14:03:00+02:00;47068;29;23;73;heavy;2
2025-07-02T14:03:00+02:00;47070;13;22;75;congested;2
2025-07-02T14:03:00+02:00;47071;46;19;100;heavy;6
2025-07-02T14:03:00+02:00;47074;75;6;63;freeFlow;5
2025-07-02T14:03:00+02:00;47075;107;2;45;freeFlow;1
2025-07-02T14:03:00+02:00;47078;71;34;100;freeFlow;3
2025-07-02T14:03:00+02:00;47101;16;24;100;heavy;4
2025-07-02T14:03:00+02:00;47107;84;6;100;freeFlow;4
2025-07-02T14:03:00+02:00;47108;77;11;100;freeFlow;3
2025-07-02T14:03:00+02:00;47109;27;3;100;heavy;4
2025-07-02T14:03:00+02:00;47110;25;30;100;heavy;3
2025-07-02T14:03:00+02:00;47111;80;22;100;freeFlow;8
2025-07-02T14:03:00+02:00;47112;22;38;100;heavy;5
2025-07-02T14:03:00+02:00;47113;63;9;60;heavy;1
2025-07-02T14:03:00+02:00;47114;52;27;60;freeFlow;1
2025-07-02T14:03:00+02:00;47115;43;33;73;freeFlow;2
2025-07-02T14:03:00+02:00;47238;78;7;100;freeFlow;14
2025-07-02T14:03:00+02:00;47240;92;16;100;freeFlow;6
2025-07-02T14:03:00+02:00;47241;84;12;100;freeFlow;11
2025-07-02T14:03:00+02:00;47242;75;17;100;freeFlow;13
2025-07-02T14:03:00+02:00;47243;77;19;100;freeFlow;13
2025-07-02T14:03:00+02:00;47290;23;22;55;heavy;1
2025-07-02T14:03:00+02:00;47293;70;8;100;freeFlow;13
2025-07-02T14:03:00+02:00;47299;71;5;75;freeFlow;2
2025-07-02T14:03:00+02:00;47300;106;11;60;freeFlow;1
2025-07-02T14:03:00+02:00;47306;85;23;100;freeFlow;4
2025-07-02T14:03:00+02:00;47316;89;3;60;freeFlow;1
2025-07-02T14:03:00+02:00;47428_D;21;12;45;heavy;1
2025-07-02T14:03:00+02:00;47428_G;50;5;0;unknown;0
2025-07-02T14:03:00+02:00;48769_D;34;4;60;heavy;1
2025-07-02T14:03:00+02:00;48769_G;24;5;60;heavy;1
2025-07-02T14:03:00+02:00;48890;50;1;0;unknown;0
2025-07-02T14:03:00+02:00;48891;50;1;0;unknown;0
2025-07-02T14:03:00+02:00;48958_D;26;9;60;heavy;1
2025-07-02T14:03:00+02:00;48958_G;24;9;60;heavy;1
2025-07-02T14:03:00+02:00;489866_G;45;4;45;freeFlow;1
2025-07-02T14:03:00+02:00;49004;55;4;75;freeFlow;2
2025-07-02T14:03:00+02:00;490194_D;27;3;55;heavy;1
2025-07-02T14:03:00+02:00;490194_G;15;4;42;heavy;1
2025-07-02T14:03:00+02:00;49023;70;8;55;freeFlow;1
2025-07-02T14:03:00+02:00;49068;11;59;25;congested;1
2025-07-02T14:03:00+02:00;49074;49;2;75;freeFlow;2
2025-07-02T14:03:00+02:00;49075;46;3;48;heavy;1
2025-07-02T14:03:00+02:00;49081;106;5;60;freeFlow;1
2025-07-02T14:03:00+02:00;49084;41;10;52;freeFlow;1
2025-07-02T14:03:00+02:00;49137_D;13;15;0;unknown;0
2025-07-02T14:03:00+02:00;49137_G;12;16;90;congested;3
2025-07-02T14:03:00+02:00;49184;21;5;73;heavy;2
2025-07-02T14:03:00+02:00;492351_G;48;2;45;freeFlow;1
2025-07-02T14:03:00+02:00;492359_D;11;23;57;congested;1
2025-07-02T14:03:00+02:00;492363_D;50;9;0;unknown;0
2025-07-02T14:03:00+02:00;492363_G;15;31;10;heavy;1
2025-07-02T14:03:00+02:00;492435;5;88;91;congested;4
2025-07-02T14:03:00+02:00;492445_G;43;15;57;freeFlow;1
2025-07-02T14:03:00+02:00;492450;26;19;75;heavy;2
2025-07-02T14:03:00+02:00;492452;44;12;57;freeFlow;1
2025-07-02T14:03:00+02:00;492459;103;1;60;freeFlow;1
2025-07-02T14:03:00+02:00;492474;49;4;60;heavy;1
2025-07-02T14:03:00+02:00;492475;49;18;60;heavy;1
2025-07-02T14:03:00+02:00;492476;21;23;75;heavy;2
2025-07-02T14:03:00+02:00;492477;37;3;32;freeFlow;1
2025-07-02T14:03:00+02:00;492479;45;14;60;freeFlow;1
2025-07-02T14:03:00+02:00;492481;40;4;57;freeFlow;1
2025-07-02T14:03:00+02:00;492482;26;5;83;heavy;3
2025-07-02T14:03:00+02:00;492483;4;44;69;congested;2
2025-07-02T14:03:00+02:00;492485;16;4;83;heavy;3
2025-07-02T14:03:00+02:00;492490;27;12;68;freeFlow;2
2025-07-02T14:03:00+02:00;492495;21;2;60;congested;1
2025-07-02T14:03:00+02:00;492498;39;11;55;freeFlow;1
2025-07-02T14:03:00+02:00;492506;5;45;70;congested;2
2025-07-02T14:03:00+02:00;492512;40;3;57;freeFlow;1
2025-07-02T14:03:00+02:00;492514;21;2;60;heavy;1
2025-07-02T14:03:00+02:00;492519;14;37;57;congested;2
2025-07-02T14:03:00+02:00;492574;41;4;57;freeFlow;1
2025-07-02T14:03:00+02:00;492576;23;2;55;heavy;1
2025-07-02T14:03:00+02:00;49328_D;28;4;40;heavy;1
2025-07-02T14:03:00+02:00;49328_G;28;4;30;heavy;1
2025-07-02T14:03:00+02:00;49686_D;31;5;0;unknown;0
2025-07-02T14:03:00+02:00;49686_G;11;16;52;congested;1
2025-07-02T14:03:00+02:00;50079_D;25;9;57;freeFlow;2
2025-07-02T14:03:00+02:00;50079_G;34;7;52;freeFlow;1
2025-07-02T14:03:00+02:00;50191_D;22;23;65;heavy;2
2025-07-02T14:03:00+02:00;50191_G;21;25;40;heavy;2
2025-07-02T14:03:00+02:00;50308_G;38;7;42;freeFlow;1
2025-07-02T14:03:00+02:00;50355_D;29;10;60;heavy;1
2025-07-02T14:03:00+02:00;50355_G;39;7;45;freeFlow;1
2025-07-02T14:03:00+02:00;50416_D;33;4;60;heavy;1
2025-07-02T14:03:00+02:00;50416_G;47;3;45;freeFlow;1
2025-07-02T14:03:00+02:00;50475;26;15;52;heavy;1
2025-07-02T14:03:00+02:00;50509;33;13;56;heavy;2
2025-07-02T14:03:00+02:00;50573_D;26;9;35;freeFlow;1
2025-07-02T14:03:00+02:00;50573_G;21;9;0;unknown;0
2025-07-02T14:03:00+02:00;51008;50;3;0;unknown;0
2025-07-02T14:03:00+02:00;51017;24;6;42;heavy;1
2025-07-02T14:03:00+02:00;51159_D;107;6;10;freeFlow;1
2025-07-02T14:03:00+02:00;51159_G;14;46;52;congested;1
2025-07-02T14:03:00+02:00;51254_D;50;6;0;unknown;0
2025-07-02T14:03:00+02:00;51254_G;30;9;60;heavy;1
2025-07-02T14:03:00+02:00;51323_D;26;6;48;heavy;1
2025-07-02T14:03:00+02:00;51323_G;16;11;48;heavy;1
2025-07-02T14:03:00+02:00;51437_D;24;7;10;heavy;1
2025-07-02T14:03:00+02:00;51437_G;31;4;68;heavy;2
2025-07-02T14:03:00+02:00;51455_D;24;12;10;heavy;1
2025-07-02T14:03:00+02:00;51455_G;43;6;68;freeFlow;2
2025-07-02T14:03:00+02:00;51797;50;4;0;unknown;0
2025-07-02T14:03:00+02:00;52130;7;30;42;congested;1
2025-07-02T14:03:00+02:00;53329_D;34;5;57;freeFlow;1
2025-07-02T14:03:00+02:00;53329_G;30;6;0;unknown;0
2025-07-02T14:03:00+02:00;53336_D;22;17;60;heavy;1
2025-07-02T14:03:00+02:00;53336_G;45;9;32;freeFlow;2
2025-07-02T14:03:00+02:00;53411_D;30;12;25;heavy;1
2025-07-02T14:03:00+02:00;53539_G;29;6;100;heavy;4
2025-07-02T14:03:00+02:00;53542;46;9;71;heavy;2
2025-07-02T14:03:00+02:00;53543;97;5;42;freeFlow;1
2025-07-02T14:03:00+02:00;53575_D;34;20;58;heavy;1
2025-07-02T14:03:00+02:00;53575_G;11;56;52;congested;1
2025-07-02T14:03:00+02:00;53656;13;7;75;congested;2
2025-07-02T14:03:00+02:00;53660;56;6;96;freeFlow;3
2025-07-02T14:03:00+02:00;53663;11;12;60;congested;1
2025-07-02T14:03:00+02:00;53675;52;1;100;freeFlow;3
2025-07-02T14:03:00+02:00;53676;47;2;69;heavy;2
2025-07-02T14:03:00+02:00;53677;64;9;75;freeFlow;2
2025-07-02T14:03:00+02:00;53678;29;2;48;heavy;1
2025-07-02T14:03:00+02:00;53679;26;4;48;heavy;1
2025-07-02T14:03:00+02:00;53681;67;29;100;freeFlow;3
2025-07-02T14:03:00+02:00;53721;28;2;60;heavy;1
2025-07-02T14:03:00+02:00;53885_D;8;61;73;congested;2
2025-07-02T14:03:00+02:00;53885_G;28;18;71;heavy;3
2025-07-02T14:03:00+02:00;54211;13;50;100;congested;3
2025-07-02T14:03:00+02:00;54334_D;20;2;74;heavy;2
2025-07-02T14:03:00+02:00;54334_G;50;1;0;unknown;0
2025-07-02T14:03:00+02:00;54337;50;16;0;unknown;0
2025-07-02T14:03:00+02:00;54361;31;6;100;heavy;3
2025-07-02T14:03:00+02:00;54580_G;17;33;55;heavy;2
2025-07-02T14:03:00+02:00;54707;45;10;74;freeFlow;2
2025-07-02T14:03:00+02:00;54709;46;1;48;freeFlow;1
2025-07-02T14:03:00+02:00;54710;70;3;55;freeFlow;1
2025-07-02T14:03:00+02:00;55397_D;29;2;60;heavy;1
2025-07-02T14:03:00+02:00;55397_G;34;2;60;heavy;1
2025-07-02T14:03:00+02:00;55401;33;11;60;heavy;1
2025-07-02T14:03:00+02:00;55405;27;2;60;heavy;1
2025-07-02T14:03:00+02:00;55406;30;6;92;heavy;3
2025-07-02T14:03:00+02:00;55407;31;4;86;heavy;3
2025-07-02T14:03:00+02:00;55408;29;6;60;heavy;1
2025-07-02T14:03:00+02:00;55440_D;10;18;45;heavy;1
2025-07-02T14:03:00+02:00;55440_G;14;12;53;heavy;2
2025-07-02T14:03:00+02:00;55443_D;11;7;63;congested;2
2025-07-02T14:03:00+02:00;55443_G;10;6;48;congested;1
2025-07-02T14:03:00+02:00;55446;25;3;63;heavy;2
2025-07-02T14:03:00+02:00;55447;31;2;70;heavy;2
2025-07-02T14:03:00+02:00;55448;21;3;70;heavy;2
2025-07-02T14:03:00+02:00;55449;11;5;88;congested;3
2025-07-02T14:03:00+02:00;55516;50;2;0;unknown;0
2025-07-02T14:03:00+02:00;55669;28;8;22;heavy;1
2025-07-02T14:03:00+02:00;55671;50;7;0;unknown;0
2025-07-02T14:03:00+02:00;55696;50;15;0;unknown;0
2025-07-02T14:03:00+02:00;55698;50;9;0;unknown;0
2025-07-02T14:03:00+02:00;55700;50;8;0;unknown;0
2025-07-02T14:03:00+02:00;55703;50;3;0;unknown;0
2025-07-02T14:03:00+02:00;55706;50;1;0;unknown;0
2025-07-02T14:03:00+02:00;55707;50;7;0;unknown;0
2025-07-02T14:03:00+02:00;55708;50;3;0;unknown;0
2025-07-02T14:03:00+02:00;55710;50;14;0;unknown;0
2025-07-02T14:03:00+02:00;55711;50;1;0;unknown;0
2025-07-02T14:03:00+02:00;55713;50;14;0;unknown;0
2025-07-02T14:03:00+02:00;55781_D;23;5;75;heavy;2
2025-07-02T14:03:00+02:00;55781_G;45;3;57;freeFlow;1
2025-07-02T14:03:00+02:00;55800;23;13;75;heavy;2
2025-07-02T14:03:00+02:00;55801;31;5;55;heavy;1
2025-07-02T14:03:00+02:00;55805;23;10;75;heavy;2
2025-07-02T14:03:00+02:00;55806;20;26;75;heavy;2
2025-07-02T14:03:00+02:00;55811;29;11;75;heavy;2
2025-07-02T14:03:00+02:00;55814;27;5;75;heavy;2
2025-07-02T14:03:00+02:00;55815;41;1;52;freeFlow;1
2025-07-02T14:03:00+02:00;55820;50;1;0;unknown;0
2025-07-02T14:03:00+02:00;55821;30;4;52;heavy;1
2025-07-02T14:03:00+02:00;55822;27;4;52;heavy;1
2025-07-02T14:03:00+02:00;55823;4;12;48;congested;1
2025-07-02T14:03:00+02:00;55824;26;3;75;heavy;2
2025-07-02T14:03:00+02:00;55827;46;2;100;heavy;4
2025-07-02T14:03:00+02:00;55830;46;2;75;heavy;2
2025-07-02T14:03:00+02:00;55841;17;26;68;heavy;2
2025-07-02T14:03:00+02:00;55843;107;1;10;freeFlow;1
2025-07-02T14:03:00+02:00;55879;29;2;70;heavy;2
2025-07-02T14:03:00+02:00;55883;32;2;70;heavy;2
2025-07-02T14:03:00+02:00;55887;17;32;17;heavy;1
2025-07-02T14:03:00+02:00;55888;42;14;57;freeFlow;1
2025-07-02T14:03:00+02:00;55889;15;6;92;congested;3
2025-07-02T14:03:00+02:00;55890;34;3;70;heavy;2
2025-07-02T14:03:00+02:00;55894;10;7;68;congested;2
2025-07-02T14:03:00+02:00;55896;25;3;22;heavy;1
2025-07-02T14:03:00+02:00;55898;18;32;57;heavy;1
2025-07-02T14:03:00+02:00;55899;9;37;20;congested;1
2025-07-02T14:03:00+02:00;55926_D;21;11;100;heavy;3
2025-07-02T14:03:00+02:00;55926_G;13;18;68;congested;2
2025-07-02T14:03:00+02:00;55932;51;1;48;freeFlow;1
2025-07-02T14:03:00+02:00;55933;27;4;75;heavy;2
2025-07-02T14:03:00+02:00;55958;17;4;100;heavy;3
2025-07-02T14:03:00+02:00;55959;30;3;57;heavy;1
2025-07-02T14:03:00+02:00;55974;19;2;22;heavy;1
2025-07-02T14:03:00+02:00;55975;21;4;75;heavy;2
2025-07-02T14:03:00+02:00;55977;22;7;70;heavy;2
2025-07-02T14:03:00+02:00;55978;74;1;75;freeFlow;2
2025-07-02T14:03:00+02:00;55980;8;35;75;congested;2
2025-07-02T14:03:00+02:00;55981;74;4;75;freeFlow;2
2025-07-02T14:03:00+02:00;56019;26;2;75;heavy;2
2025-07-02T14:03:00+02:00;56020;51;1;48;freeFlow;1
2025-07-02T14:03:00+02:00;56113;44;5;0;unknown;0
2025-07-02T14:03:00+02:00;56115;50;4;0;unknown;0
2025-07-02T14:03:00+02:00;56117;50;5;0;unknown;0
2025-07-02T14:03:00+02:00;56118;26;2;75;heavy;2
2025-07-02T14:03:00+02:00;56124;29;2;60;heavy;1
2025-07-02T14:03:00+02:00;56125;26;2;60;heavy;1
2025-07-02T14:03:00+02:00;56126;50;3;0;unknown;0
2025-07-02T14:03:00+02:00;56128;36;2;60;freeFlow;1
2025-07-02T14:03:00+02:00;56157_D;5;82;17;congested;1
2025-07-02T14:03:00+02:00;56157_G;5;83;17;congested;1
2025-07-02T14:03:00+02:00;56165_D;30;2;0;unknown;0
2025-07-02T14:03:00+02:00;56165_G;30;2;0;unknown;0
2025-07-02T14:03:00+02:00;56170;50;1;0;unknown;0
2025-07-02T14:03:00+02:00;56174;50;5;0;unknown;0
2025-07-02T14:03:00+02:00;56175;50;4;0;unknown;0
2025-07-02T14:03:00+02:00;56179;50;2;0;unknown;0
2025-07-02T14:03:00+02:00;56180;50;1;0;unknown;0
2025-07-02T14:03:00+02:00;56181;50;2;0;unknown;0
2025-07-02T14:03:00+02:00;56182;50;2;0;unknown;0
2025-07-02T14:03:00+02:00;56183;50;1;0;unknown;0
2025-07-02T14:03:00+02:00;56218_D;50;3;0;unknown;0
2025-07-02T14:03:00+02:00;56218_G;50;3;0;unknown;0
2025-07-02T14:03:00+02:00;56223;50;1;0;unknown;0
2025-07-02T14:03:00+02:00;56224;50;8;0;unknown;0
2025-07-02T14:03:00+02:00;56225;38;9;0;unknown;0
2025-07-02T14:03:00+02:00;56229;38;3;10;freeFlow;1
2025-07-02T14:03:00+02:00;56231;38;2;10;freeFlow;1
2025-07-02T14:03:00+02:00;56232;38;2;10;freeFlow;1
2025-07-02T14:03:00+02:00;56233;50;9;0;unknown;0
2025-07-02T14:03:00+02:00;56237;50;9;0;unknown;0
2025-07-02T14:03:00+02:00;56239;33;2;22;freeFlow;1
2025-07-02T14:03:00+02:00;56247;28;1;22;freeFlow;1
2025-07-02T14:03:00+02:00;56250;54;12;40;freeFlow;1
2025-07-02T14:03:00+02:00;56251;30;21;0;unknown;0
2025-07-02T14:03:00+02:00;56254;30;1;0;unknown;0
2025-07-02T14:03:00+02:00;56255;30;2;0;unknown;0
2025-07-02T14:03:00+02:00;56256;28;2;22;freeFlow;1
2025-07-02T14:03:00+02:00;56258;33;4;22;freeFlow;1
2025-07-02T14:03:00+02:00;56260;30;2;0;unknown;0
2025-07-02T14:03:00+02:00;56261;33;2;22;freeFlow;1
2025-07-02T14:03:00+02:00;56263;34;11;22;freeFlow;1
2025-07-02T14:03:00+02:00;56264;30;13;0;unknown;0
2025-07-02T14:03:00+02:00;56298;30;1;0;unknown;0
2025-07-02T14:03:00+02:00;56300;58;0;40;freeFlow;1
2025-07-02T14:03:00+02:00;56333;26;4;75;heavy;2
2025-07-02T14:03:00+02:00;565804_D;7;63;68;congested;2
2025-07-02T14:03:00+02:00;565804_G;34;12;25;heavy;1
2025-07-02T14:03:00+02:00;565852;20;7;50;congested;1
2025-07-02T14:03:00+02:00;565853;51;20;48;heavy;1
2025-07-02T14:03:00+02:00;566240;51;2;20;freeFlow;1
2025-07-02T14:03:00+02:00;566445_D;5;12;17;congested;1
2025-07-02T14:03:00+02:00;566445_G;15;5;10;heavy;1
2025-07-02T14:03:00+02:00;566456_D;30;22;0;unknown;0
2025-07-02T14:03:00+02:00;566456_G;30;22;0;unknown;0
2025-07-02T14:03:00+02:00;566457;50;1;0;unknown;0
2025-07-02T14:03:00+02:00;566465_D;30;10;0;unknown;0
2025-07-02T14:03:00+02:00;566465_G;30;10;0;unknown;0
2025-07-02T14:03:00+02:00;56675_D;32;5;60;heavy;1
2025-07-02T14:03:00+02:00;56675_G;27;6;60;heavy;1
2025-07-02T14:03:00+02:00;566941;26;4;20;heavy;1
2025-07-02T14:03:00+02:00;56871_D;50;3;0;unknown;0
2025-07-02T14:03:00+02:00;56871_G;50;3;0;unknown;0
2025-07-02T14:03:00+02:00;56908_D;31;13;52;heavy;1
2025-07-02T14:03:00+02:00;56908_G;33;11;60;heavy;1
2025-07-02T14:03:00+02:00;56925;81;43;100;freeFlow;11
2025-07-02T14:03:00+02:00;56944_D;25;12;42;freeFlow;1
2025-07-02T14:03:00+02:00;56944_G;34;9;27;freeFlow;1
2025-07-02T14:03:00+02:00;56945_D;24;10;42;freeFlow;1
2025-07-02T14:03:00+02:00;56945_G;31;7;27;freeFlow;1
2025-07-02T14:03:00+02:00;57082_G;0;977;0;unknown;0
2025-07-02T14:03:00+02:00;57083_D;34;13;57;freeFlow;1
2025-07-02T14:03:00+02:00;57083_G;30;16;0;unknown;0
2025-07-02T14:03:00+02:00;59724;9;16;100;congested;3
2025-07-02T14:03:00+02:00;59750_D;23;10;74;heavy;2
2025-07-02T14:03:00+02:00;59750_G;33;6;62;heavy;2
2025-07-02T14:03:00+02:00;59835_D;92;2;60;freeFlow;1
2025-07-02T14:03:00+02:00;59835_G;83;3;60;freeFlow;1
2025-07-02T14:03:00+02:00;59836;14;9;60;congested;1
2025-07-02T14:03:00+02:00;59837;18;3;75;heavy;2
2025-07-02T14:03:00+02:00;59838;16;8;60;heavy;1
2025-07-02T14:03:00+02:00;62559_D;11;28;74;congested;2
2025-07-02T14:03:00+02:00;62559_G;45;7;57;freeFlow;1
2025-07-02T14:03:00+02:00;62560;50;5;0;unknown;0
2025-07-02T14:03:00+02:00;62565_D;32;3;60;heavy;1
2025-07-02T14:03:00+02:00;62565_G;45;1;57;freeFlow;1
2025-07-02T14:03:00+02:00;62831_D;24;2;60;heavy;1
2025-07-02T14:03:00+02:00;62831_G;31;1;60;heavy;1
2025-07-02T14:03:00+02:00;62832_D;20;3;60;heavy;1
2025-07-02T14:03:00+02:00;62832_G;28;2;60;heavy;1
2025-07-02T14:03:00+02:00;63045_D;16;10;52;heavy;1
2025-07-02T14:03:00+02:00;63045_G;34;4;52;freeFlow;1
2025-07-02T14:03:00+02:00;63053_D;28;8;42;heavy;1
2025-07-02T14:03:00+02:00;63053_G;29;7;27;heavy;1
2025-07-02T14:03:00+02:00;63899;73;23;100;freeFlow;6
2025-07-02T14:03:00+02:00;63934;50;1;0;unknown;0
2025-07-02T14:03:00+02:00;63935;32;13;89;heavy;3
2025-07-02T14:03:00+02:00;63936;31;17;100;heavy;3
2025-07-02T14:03:00+02:00;63939;27;22;93;heavy;4
2025-07-02T14:03:00+02:00;63940;25;3;100;heavy;3
2025-07-02T14:03:00+02:00;63941;27;2;75;heavy;2
2025-07-02T14:03:00+02:00;63942;53;1;60;freeFlow;1
2025-07-02T14:03:00+02:00;63943;47;2;97;freeFlow;3
2025-07-02T14:03:00+02:00;63944;35;4;100;heavy;4
2025-07-02T14:03:00+02:00;63947;35;3;73;freeFlow;2
2025-07-02T14:03:00+02:00;63950;32;1;75;heavy;2
2025-07-02T14:03:00+02:00;63951;31;3;52;heavy;1
2025-07-02T14:03:00+02:00;63952;27;1;100;heavy;3
2025-07-02T14:03:00+02:00;63953;30;2;100;heavy;3
2025-07-02T14:03:00+02:00;63970;85;11;60;freeFlow;1
2025-07-02T14:03:00+02:00;63973;21;6;60;heavy;1
2025-07-02T14:03:00+02:00;64032;58;17;75;freeFlow;2
2025-07-02T14:03:00+02:00;64061_D;30;10;75;freeFlow;2
2025-07-02T14:03:00+02:00;64061_G;30;10;45;freeFlow;1
2025-07-02T14:03:00+02:00;64637_D;35;11;60;heavy;1
2025-07-02T14:03:00+02:00;64637_G;5;88;100;congested;4
2025-07-02T14:03:00+02:00;65310;50;6;0;unknown;0
2025-07-02T14:03:00+02:00;65313;50;6;0;unknown;0
2025-07-02T14:03:00+02:00;65682;53;22;100;freeFlow;3
2025-07-02T14:03:00+02:00;66421;44;2;0;unknown;0
2025-07-02T14:03:00+02:00;66442;50;4;0;unknown;0
2025-07-02T14:03:00+02:00;66782;36;10;75;freeFlow;2
2025-07-02T14:03:00+02:00;67066;21;15;75;heavy;2
2025-07-02T14:03:00+02:00;67097_D;34;10;57;freeFlow;1
2025-07-02T14:03:00+02:00;67097_G;30;12;0;unknown;0
2025-07-02T14:03:00+02:00;69381_D;27;11;60;heavy;1
2025-07-02T14:03:00+02:00;69381_G;26;12;60;heavy;1
2025-07-02T14:03:00+02:00;72487_G;77;33;20;freeFlow;1
2025-07-02T14:03:00+02:00;72614;107;1;10;freeFlow;1
2025-07-02T14:03:00+02:00;72621;26;14;42;heavy;1
2025-07-02T14:03:00+02:00;72624;39;9;22;freeFlow;1
2025-07-02T14:03:00+02:00;72628;37;1;22;freeFlow;1
2025-07-02T14:03:00+02:00;74283_D;20;37;57;heavy;1
2025-07-02T14:03:00+02:00;74283_G;24;32;42;heavy;1
2025-07-02T14:03:00+02:00;75387;13;6;73;congested;2
2025-07-02T14:03:00+02:00;75631;20;15;75;congested;2
2025-07-02T14:03:00+02:00;75818_D;48;3;67;freeFlow;2
2025-07-02T14:03:00+02:00;75818_G;56;2;100;freeFlow;4
2025-07-02T14:03:00+02:00;75820;84;23;100;freeFlow;14
2025-07-02T14:03:00+02:00;75824;62;7;55;freeFlow;1
2025-07-02T14:03:00+02:00;75825;82;6;100;freeFlow;7
2025-07-02T14:03:00+02:00;75828;22;33;50;heavy;1
2025-07-02T14:03:00+02:00;75829;22;31;100;heavy;3
2025-07-02T14:03:00+02:00;75832;38;3;100;freeFlow;4
2025-07-02T14:03:00+02:00;75833;35;6;60;heavy;1
2025-07-02T14:03:00+02:00;75835;27;5;60;heavy;1
2025-07-02T14:03:00+02:00;75836;78;12;100;freeFlow;5
2025-07-02T14:03:00+02:00;75837;59;7;100;freeFlow;5
2025-07-02T14:03:00+02:00;75838;23;11;75;heavy;2
2025-07-02T14:03:00+02:00;75839;47;4;57;freeFlow;1
2025-07-02T14:03:00+02:00;75840;19;10;60;heavy;1
2025-07-02T14:03:00+02:00;75845;33;3;75;heavy;2
2025-07-02T14:03:00+02:00;75846;25;12;75;heavy;2
2025-07-02T14:03:00+02:00;75847;93;6;60;freeFlow;1
2025-07-02T14:03:00+02:00;75848;21;11;100;heavy;6
2025-07-02T14:03:00+02:00;75849;14;16;75;congested;2
2025-07-02T14:03:00+02:00;75850;8;24;96;congested;3
2025-07-02T14:03:00+02:00;75851;23;8;100;heavy;6
2025-07-02T14:03:00+02:00;75853;61;1;100;freeFlow;5
2025-07-02T14:03:00+02:00;75854;61;4;100;freeFlow;5
2025-07-02T14:03:00+02:00;75856;57;2;100;freeFlow;5
2025-07-02T14:03:00+02:00;75897;50;19;56;heavy;2
2025-07-02T14:03:00+02:00;9128;53;52;100;heavy;8
2025-07-02T14:03:00+02:00;9130;35;22;100;heavy;5
2025-07-02T14:03:00+02:00;9131;80;8;100;freeFlow;6
2025-07-02T14:03:00+02:00;9132;67;31;100;freeFlow;12
2025-07-02T14:03:00+02:00;9146;80;4;100;freeFlow;5
2025-07-02T14:03:00+02:00;9178;43;28;60;heavy;1
2025-07-02T14:03:00+02:00;9179;34;53;100;heavy;6
2025-07-02T14:03:00+02:00;9180;64;29;100;freeFlow;13
2025-07-02T14:03:00+02:00;9181;56;17;50;freeFlow;1
2025-07-02T14:03:00+02:00;9182;84;3;60;freeFlow;1
2025-07-02T14:03:00+02:00;9183;59;7;100;freeFlow;3
2025-07-02T14:03:00+02:00;9184;105;6;50;freeFlow;1
2025-07-02T14:03:00+02:00;9245;85;84;100;freeFlow;5
2025-07-02T14:03:00+02:00;9246;95;125;100;freeFlow;11
2025-07-02T14:03:00+02:00;9380_D;80;23;0;unknown;0
2025-07-02T14:03:00+02:00;9380_G;39;47;60;heavy;1
2025-07-02T14:03:00+02:00;9389;27;3;20;heavy;1
2025-07-02T14:03:00+02:00;9390;27;4;20;heavy;1
2025-07-02T14:03:00+02:00;9391;80;1;0;unknown;0
2025-07-02T14:03:00+02:00;9392;27;4;20;heavy;1
2025-07-02T14:03:00+02:00;1677832;15;22;60;congested;1
2025-07-02T14:03:00+02:00;1679085_D;33;3;57;heavy;1
2025-07-02T14:03:00+02:00;1679085_G;57;2;25;freeFlow;1
2025-07-02T14:03:00+02:00;1679794;22;3;38;heavy;1
2025-07-02T14:03:00+02:00;1679795_G;22;3;38;heavy;1
2025-07-02T14:03:00+02:00;1679796;22;2;38;heavy;1
2025-07-02T14:03:00+02:00;1679797_D;25;12;42;heavy;1
2025-07-02T14:03:00+02:00;1679797_G;25;11;42;heavy;1
2025-07-02T14:03:00+02:00;1679798;17;4;38;heavy;1
2025-07-02T14:03:00+02:00;1679800;33;3;57;heavy;1
2025-07-02T14:03:00+02:00;1680335;18;16;60;heavy;1
2025-07-02T14:03:00+02:00;1680340;13;8;60;congested;1
2025-07-02T14:03:00+02:00;213972_D;50;6;0;unknown;0
2025-07-02T14:03:00+02:00;213972_G;50;5;0;unknown;0
2025-07-02T14:03:00+02:00;213973_D;50;8;0;unknown;0
2025-07-02T14:03:00+02:00;213973_G;50;8;0;unknown;0
2025-07-02T14:03:00+02:00;213974_D;50;4;0;unknown;0
2025-07-02T14:03:00+02:00;213974_G;50;4;0;unknown;0
2025-07-02T14:03:00+02:00;26521;123;44;60;freeFlow;1
2025-07-02T14:03:00+02:00;26522;49;68;71;heavy;2
2025-07-02T14:03:00+02:00;31304_G;32;35;75;heavy;2
2025-07-02T14:03:00+02:00;31328;105;9;75;freeFlow;2
2025-07-02T14:03:00+02:00;31441;73;47;68;freeFlow;2
2025-07-02T14:03:00+02:00;31535;78;10;60;freeFlow;1
2025-07-02T14:03:00+02:00;31552;85;8;100;freeFlow;5
2025-07-02T14:03:00+02:00;31555;40;21;100;heavy;5
2025-07-02T14:03:00+02:00;43014_D;25;8;60;heavy;1
2025-07-02T14:03:00+02:00;43014_G;34;6;69;heavy;2
2025-07-02T14:03:00+02:00;43105_D;42;6;60;freeFlow;1
2025-07-02T14:03:00+02:00;43105_G;8;33;75;congested;2
2025-07-02T14:03:00+02:00;43118_D;29;19;100;heavy;3
2025-07-02T14:03:00+02:00;43118_G;10;53;68;congested;2
2025-07-02T14:03:00+02:00;43124_D;20;19;75;heavy;2
2025-07-02T14:03:00+02:00;43124_G;28;13;45;freeFlow;1
2025-07-02T14:03:00+02:00;43125_D;17;15;60;heavy;1
2025-07-02T14:03:00+02:00;43125_G;15;17;45;heavy;1
2025-07-02T14:03:00+02:00;43126_D;28;18;60;freeFlow;1
2025-07-02T14:03:00+02:00;43126_G;12;44;45;heavy;1
2025-07-02T14:03:00+02:00;43147_D;17;16;100;heavy;3
2025-07-02T14:03:00+02:00;43147_G;25;11;60;freeFlow;2
2025-07-02T14:03:00+02:00;43336_D;37;8;55;freeFlow;2
2025-07-02T14:03:00+02:00;43336_G;50;6;0;unknown;0
2025-07-02T14:03:00+02:00;43337_D;20;22;60;heavy;1
2025-07-02T14:03:00+02:00;43337_G;21;21;40;heavy;1
2025-07-02T14:03:00+02:00;43338_D;34;5;55;heavy;2
2025-07-02T14:03:00+02:00;43338_G;14;12;0;unknown;0
2025-07-02T14:03:00+02:00;43339_D;46;5;55;freeFlow;2
2025-07-02T14:03:00+02:00;43339_G;50;5;0;unknown;0
2025-07-02T14:03:00+02:00;43340_D;47;1;55;freeFlow;2
2025-07-02T14:03:00+02:00;43340_G;50;1;0;unknown;0
2025-07-02T14:03:00+02:00;43341_D;46;4;55;freeFlow;2
2025-07-02T14:03:00+02:00;43341_G;50;4;0;unknown;0
2025-07-02T14:03:00+02:00;43342_D;46;2;55;freeFlow;2
2025-07-02T14:03:00+02:00;43342_G;50;2;0;unknown;0
2025-07-02T14:03:00+02:00;43343_D;43;8;55;freeFlow;2
2025-07-02T14:03:00+02:00;43343_G;50;7;0;unknown;0
2025-07-02T14:03:00+02:00;43345_D;46;6;53;freeFlow;2
2025-07-02T14:03:00+02:00;43345_G;30;10;0;unknown;0
2025-07-02T14:03:00+02:00;43347_D;40;3;53;freeFlow;2
2025-07-02T14:03:00+02:00;43347_G;30;5;0;unknown;0
2025-07-02T14:03:00+02:00;43352_D;32;15;35;freeFlow;1
2025-07-02T14:03:00+02:00;43353_D;38;8;53;freeFlow;2
2025-07-02T14:03:00+02:00;43353_G;30;10;0;unknown;0
2025-07-02T14:03:00+02:00;43377_D;15;32;57;heavy;2
2025-07-02T14:03:00+02:00;43377_G;30;16;0;unknown;0
2025-07-02T14:03:00+02:00;43379_D;43;5;53;freeFlow;2
2025-07-02T14:03:00+02:00;43379_G;30;7;0;unknown;0
2025-07-02T14:03:00+02:00;43413_D;44;4;53;freeFlow;2
2025-07-02T14:03:00+02:00;43413_G;30;6;0;unknown;0
2025-07-02T14:03:00+02:00;43474_D;33;4;57;heavy;1
2025-07-02T14:03:00+02:00;43474_G;57;2;25;freeFlow;1
2025-07-02T14:03:00+02:00;43615_D;35;2;57;freeFlow;1
2025-07-02T14:03:00+02:00;43615_G;57;1;25;freeFlow;1
2025-07-02T14:03:00+02:00;43743_D;22;57;60;heavy;1
2025-07-02T14:03:00+02:00;43746;18;12;75;heavy;2
2025-07-02T14:03:00+02:00;43747;27;15;60;freeFlow;1
2025-07-02T14:03:00+02:00;43751;15;38;75;heavy;2
2025-07-02T14:03:00+02:00;43774_D;35;5;100;heavy;3
2025-07-02T14:03:00+02:00;43774_G;34;6;48;heavy;1
2025-07-02T14:03:00+02:00;43775_D;39;10;60;freeFlow;1
2025-07-02T14:03:00+02:00;43775_G;10;39;60;congested;1
2025-07-02T14:03:00+02:00;43826_D;28;10;100;heavy;3
2025-07-02T14:03:00+02:00;43826_G;4;69;55;congested;1
2025-07-02T14:03:00+02:00;43971;25;26;60;heavy;1
2025-07-02T14:03:00+02:00;43973;49;5;60;freeFlow;1
2025-07-02T14:03:00+02:00;44003_G;88;5;100;freeFlow;3
2025-07-02T14:03:00+02:00;44004_D;20;55;51;heavy;2
2025-07-02T14:03:00+02:00;44004_G;107;10;75;freeFlow;2
2025-07-02T14:03:00+02:00;44017_G;29;5;38;heavy;1
2025-07-02T14:03:00+02:00;44018_G;33;18;35;heavy;1
2025-07-02T14:03:00+02:00;44037_D;33;5;57;heavy;1
2025-07-02T14:03:00+02:00;44037_G;57;3;25;freeFlow;1
2025-07-02T14:03:00+02:00;44851_D;21;26;50;heavy;2
2025-07-02T14:03:00+02:00;44851_G;16;35;58;heavy;1
2025-07-02T14:03:00+02:00;44852_D;15;31;50;heavy;2
2025-07-02T14:03:00+02:00;44852_G;48;10;57;freeFlow;1
2025-07-02T14:03:00+02:00;44854_D;5;14;50;congested;2
2025-07-02T14:03:00+02:00;44854_G;51;1;57;freeFlow;1
2025-07-02T14:03:00+02:00;44855_D;31;11;27;heavy;1
2025-07-02T14:03:00+02:00;44855_G;29;12;73;heavy;2
2025-07-02T14:03:00+02:00;44879;63;21;100;freeFlow;3
2025-07-02T14:03:00+02:00;44897_D;25;9;27;heavy;1
2025-07-02T14:03:00+02:00;44897_G;36;7;73;freeFlow;2
2025-07-02T14:03:00+02:00;44901;50;31;60;freeFlow;1
2025-07-02T14:03:00+02:00;44939;85;48;100;freeFlow;8
2025-07-02T14:03:00+02:00;45135_D;28;2;100;heavy;4
2025-07-02T14:03:00+02:00;45135_G;25;3;60;heavy;1
2025-07-02T14:03:00+02:00;45136_G;30;27;60;heavy;1
2025-07-02T14:03:00+02:00;45137_D;43;2;100;freeFlow;4
2025-07-02T14:03:00+02:00;45137_G;44;1;60;freeFlow;1
2025-07-02T14:03:00+02:00;45146;7;59;75;congested;2
2025-07-02T14:03:00+02:00;45147_D;38;1;75;freeFlow;2
2025-07-02T14:03:00+02:00;45147_G;21;2;75;heavy;2
2025-07-02T14:03:00+02:00;45153;29;14;75;heavy;2
2025-07-02T14:03:00+02:00;45155;18;43;0;unknown;0
2025-07-02T14:03:00+02:00;45213;31;15;100;heavy;3
2025-07-02T14:03:00+02:00;45214;8;33;100;congested;5
2025-07-02T14:03:00+02:00;45232;60;28;40;freeFlow;1
2025-07-02T14:03:00+02:00;45233;80;2;60;freeFlow;1
2025-07-02T14:03:00+02:00;45236_D;59;11;75;freeFlow;2
2025-07-02T14:03:00+02:00;45242;95;12;100;freeFlow;8
2025-07-02T14:03:00+02:00;45246;86;30;100;freeFlow;5
2025-07-02T14:03:00+02:00;45247;81;12;60;freeFlow;1
2025-07-02T14:03:00+02:00;47742_G;22;10;38;heavy;1
2025-07-02T14:03:00+02:00;47744;74;27;75;freeFlow;2
2025-07-02T14:03:00+02:00;48725;47;2;48;freeFlow;1
2025-07-02T14:03:00+02:00;48736;47;1;48;freeFlow;1
2025-07-02T14:03:00+02:00;48738;47;1;48;freeFlow;1
2025-07-02T14:03:00+02:00;48746;47;8;48;freeFlow;1
2025-07-02T14:03:00+02:00;48751;23;3;55;heavy;1
2025-07-02T14:03:00+02:00;48752;26;3;73;heavy;2
2025-07-02T14:03:00+02:00;48753;26;3;27;heavy;1
2025-07-02T14:03:00+02:00;48754;23;3;55;heavy;1
2025-07-02T14:03:00+02:00;48764;21;4;42;heavy;1
2025-07-02T14:03:00+02:00;48765;14;16;60;congested;1
2025-07-02T14:03:00+02:00;48796;20;25;35;heavy;1
2025-07-02T14:03:00+02:00;48915_D;21;6;60;heavy;1
2025-07-02T14:03:00+02:00;48915_G;37;3;60;freeFlow;1
2025-07-02T14:03:00+02:00;48916;8;21;20;congested;1
2025-07-02T14:03:00+02:00;48953_D;36;32;75;freeFlow;2
2025-07-02T14:03:00+02:00;48953_G;44;26;75;freeFlow;2
2025-07-02T14:03:00+02:00;48993_D;13;26;53;congested;2
2025-07-02T14:03:00+02:00;48993_G;50;7;0;unknown;0
2025-07-02T14:03:00+02:00;49042_D;25;2;27;heavy;1
2025-07-02T14:03:00+02:00;49042_G;37;2;73;freeFlow;2
2025-07-02T14:03:00+02:00;50035_D;33;3;57;heavy;1
2025-07-02T14:03:00+02:00;50035_G;57;1;25;freeFlow;1
2025-07-02T14:03:00+02:00;50087;34;8;60;heavy;1
2025-07-02T14:03:00+02:00;50107_D;21;25;60;heavy;1
2025-07-02T14:03:00+02:00;50107_G;38;14;60;freeFlow;1
2025-07-02T14:03:00+02:00;52835_G;35;4;60;freeFlow;1
2025-07-02T14:03:00+02:00;52850_D;25;5;60;heavy;1
2025-07-02T14:03:00+02:00;52850_G;35;4;60;freeFlow;1
2025-07-02T14:03:00+02:00;52878;49;3;27;freeFlow;1
2025-07-02T14:03:00+02:00;53020_G;33;3;35;heavy;1
2025-07-02T14:03:00+02:00;53130_D;50;5;0;unknown;0
2025-07-02T14:03:00+02:00;53130_G;22;12;60;heavy;1
2025-07-02T14:03:00+02:00;53375_D;43;2;38;freeFlow;1
2025-07-02T14:03:00+02:00;53375_G;30;3;0;unknown;0
2025-07-02T14:03:00+02:00;53427;91;48;100;freeFlow;14
2025-07-02T14:03:00+02:00;53988;35;7;100;heavy;6
2025-07-02T14:03:00+02:00;53989;28;3;22;heavy;1
2025-07-02T14:03:00+02:00;53992_D;34;12;75;heavy;2
2025-07-02T14:03:00+02:00;53992_G;25;16;75;heavy;2
2025-07-02T14:03:00+02:00;53995;27;3;75;heavy;2
2025-07-02T14:03:00+02:00;53997;30;2;75;heavy;2
2025-07-02T14:03:00+02:00;53999;30;2;75;heavy;2
2025-07-02T14:03:00+02:00;54130;50;31;0;unknown;0
2025-07-02T14:03:00+02:00;54136;59;3;75;freeFlow;2
2025-07-02T14:03:00+02:00;54219;48;11;60;freeFlow;1
2025-07-02T14:03:00+02:00;54222;11;53;68;congested;2
2025-07-02T14:03:00+02:00;54235;107;4;75;freeFlow;2
2025-07-02T14:03:00+02:00;54300;23;17;99;heavy;5
2025-07-02T14:03:00+02:00;54304_D;10;20;100;congested;5
2025-07-02T14:03:00+02:00;54304_G;19;10;60;heavy;1
2025-07-02T14:03:00+02:00;54309;13;66;75;congested;2
2025-07-02T14:03:00+02:00;54345;14;9;60;congested;1
2025-07-02T14:03:00+02:00;54352;27;12;42;heavy;1
2025-07-02T14:03:00+02:00;54353;24;6;32;heavy;1
2025-07-02T14:03:00+02:00;54356;30;28;60;heavy;1
2025-07-02T14:03:00+02:00;54357;11;23;60;congested;1
2025-07-02T14:03:00+02:00;54370;50;4;0;unknown;0
2025-07-02T14:03:00+02:00;54373;60;3;100;freeFlow;5
2025-07-02T14:03:00+02:00;54374;60;3;100;freeFlow;7
2025-07-02T14:03:00+02:00;54377;99;11;100;freeFlow;5
2025-07-02T14:03:00+02:00;54396;22;11;100;heavy;3
2025-07-02T14:03:00+02:00;54397;20;30;100;heavy;4
2025-07-02T14:03:00+02:00;54468;6;21;100;congested;5
2025-07-02T14:03:00+02:00;54470;46;6;75;freeFlow;2
2025-07-02T14:03:00+02:00;56022;32;4;75;heavy;2
2025-07-02T14:03:00+02:00;56598;41;1;75;freeFlow;2
2025-07-02T14:03:00+02:00;56676_D;12;19;60;congested;1
2025-07-02T14:03:00+02:00;56868;29;6;60;heavy;1
2025-07-02T14:03:00+02:00;56869;50;3;0;unknown;0
2025-07-02T14:03:00+02:00;56894;45;5;75;freeFlow;2
2025-07-02T14:03:00+02:00;56895;45;26;75;freeFlow;2
2025-07-02T14:03:00+02:00;56896;77;2;75;freeFlow;2
2025-07-02T14:03:00+02:00;56901;76;29;100;freeFlow;3
2025-07-02T14:03:00+02:00;60284;36;34;100;freeFlow;4
2025-07-02T14:03:00+02:00;63409_D;7;15;55;congested;2
2025-07-02T14:03:00+02:00;63409_G;40;3;0;unknown;0
2025-07-02T14:03:00+02:00;66896;37;9;60;freeFlow;1
2025-07-02T14:03:00+02:00;69440;24;10;75;heavy;2
2025-07-02T14:03:00+02:00;69442;13;32;75;congested;2
2025-07-02T14:03:00+02:00;75868;89;8;100;freeFlow;7
2025-07-02T14:03:00+02:00;75908;40;26;60;freeFlow;1
2025-07-02T14:03:00+02:00;75909;10;97;100;congested;3
2025-07-02T14:03:00+02:00;44943;25;25;100;freeFlow;7
2025-07-02T14:03:00+02:00;47063;96;6;60;freeFlow;1
2025-07-02T14:03:00+02:00;71455_G;25;6;42;heavy;1
2025-07-02T14:03:00+02:00;75831;107;9;45;freeFlow;1