datetime;predefinedLocationReference;averageVehicleSpeed;travelTime;travelTimeReliability;trafficStatus;vehicleProbeMeasurement
2025-07-02T11:43:00+02:00;10273_D;63;11;60;freeFlow;1
2025-07-02T11:43:00+02:00;10273_G;70;10;20;freeFlow;1
2025-07-02T11:43:00+02:00;10274_D;54;12;60;freeFlow;1
2025-07-02T11:43:00+02:00;10274_G;74;9;17;freeFlow;1
2025-07-02T11:43:00+02:00;10275_D;54;19;60;freeFlow;1
2025-07-02T11:43:00+02:00;10275_G;77;13;17;freeFlow;1
2025-07-02T11:43:00+02:00;10277_D;63;24;68;freeFlow;2
2025-07-02T11:43:00+02:00;10277_G;76;20;17;freeFlow;1
2025-07-02T11:43:00+02:00;10279_D;78;13;60;freeFlow;1
2025-07-02T11:43:00+02:00;10279_G;47;21;38;heavy;1
2025-07-02T11:43:00+02:00;10281_D;77;18;74;freeFlow;2
2025-07-02T11:43:00+02:00;10281_G;22;63;38;heavy;1
2025-07-02T11:43:00+02:00;10315_D;70;8;48;freeFlow;2
2025-07-02T11:43:00+02:00;10315_G;70;8;20;freeFlow;1
2025-07-02T11:43:00+02:00;11579_D;65;4;57;freeFlow;1
2025-07-02T11:43:00+02:00;11579_G;80;3;0;unknown;0
2025-07-02T11:43:00+02:00;11652;66;21;75;freeFlow;2
2025-07-02T11:43:00+02:00;11654;79;2;75;freeFlow;2
2025-07-02T11:43:00+02:00;11777_D;28;3;60;heavy;1
2025-07-02T11:43:00+02:00;11777_G;29;2;22;heavy;1
2025-07-02T11:43:00+02:00;11781_D;36;2;55;freeFlow;1
2025-07-02T11:43:00+02:00;11781_G;40;2;50;freeFlow;1
2025-07-02T11:43:00+02:00;11784_D;30;2;0;unknown;0
2025-07-02T11:43:00+02:00;11784_G;46;1;50;freeFlow;1
2025-07-02T11:43:00+02:00;11785_D;30;1;0;unknown;0
2025-07-02T11:43:00+02:00;11785_G;16;2;32;heavy;1
2025-07-02T11:43:00+02:00;12060_D;70;10;41;freeFlow;2
2025-07-02T11:43:00+02:00;12060_G;74;10;17;freeFlow;1
2025-07-02T11:43:00+02:00;1242_D;59;2;12;freeFlow;1
2025-07-02T11:43:00+02:00;1242_G;50;2;60;freeFlow;1
2025-07-02T11:43:00+02:00;1285_D;68;1;15;freeFlow;1
2025-07-02T11:43:00+02:00;1285_G;50;1;60;freeFlow;1
2025-07-02T11:43:00+02:00;13514;29;7;70;heavy;2
2025-07-02T11:43:00+02:00;13515;30;5;63;heavy;2
2025-07-02T11:43:00+02:00;13516;46;2;25;heavy;1
2025-07-02T11:43:00+02:00;13549_D;44;8;60;heavy;1
2025-07-02T11:43:00+02:00;13549_G;51;7;68;heavy;2
2025-07-02T11:43:00+02:00;13557_D;44;8;60;heavy;1
2025-07-02T11:43:00+02:00;13557_G;31;12;60;heavy;1
2025-07-02T11:43:00+02:00;14364;109;19;65;freeFlow;2
2025-07-02T11:43:00+02:00;14365;82;25;100;freeFlow;3
2025-07-02T11:43:00+02:00;15029_D;63;39;100;freeFlow;4
2025-07-02T11:43:00+02:00;15029_G;66;37;35;freeFlow;1
2025-07-02T11:43:00+02:00;15062;27;5;35;heavy;1
2025-07-02T11:43:00+02:00;15063;22;7;97;congested;3
2025-07-02T11:43:00+02:00;15064;22;7;100;congested;4
2025-07-02T11:43:00+02:00;15065;27;7;35;heavy;1
2025-07-02T11:43:00+02:00;15066;18;8;65;congested;2
2025-07-02T11:43:00+02:00;15067_D;80;53;20;freeFlow;1
2025-07-02T11:43:00+02:00;15067_G;34;124;67;heavy;2
2025-07-02T11:43:00+02:00;15104_D;68;58;22;freeFlow;1
2025-07-02T11:43:00+02:00;15104_G;63;63;85;freeFlow;3
2025-07-02T11:43:00+02:00;15111;110;3;100;freeFlow;3
2025-07-02T11:43:00+02:00;15113;44;4;60;heavy;1
2025-07-02T11:43:00+02:00;15114;44;3;60;heavy;1
2025-07-02T11:43:00+02:00;15117;35;4;60;heavy;1
2025-07-02T11:43:00+02:00;15118;35;3;60;heavy;1
2025-07-02T11:43:00+02:00;15119;35;5;60;heavy;1
2025-07-02T11:43:00+02:00;15120;35;5;100;heavy;3
2025-07-02T11:43:00+02:00;15121;52;2;75;heavy;2
2025-07-02T11:43:00+02:00;15122;30;6;42;heavy;1
2025-07-02T11:43:00+02:00;15124_D;43;20;60;heavy;1
2025-07-02T11:43:00+02:00;15124_G;26;32;62;heavy;2
2025-07-02T11:43:00+02:00;15549_D;35;1;32;freeFlow;1
2025-07-02T11:43:00+02:00;15549_G;50;1;0;unknown;0
2025-07-02T11:43:00+02:00;15550;122;0;50;freeFlow;1
2025-07-02T11:43:00+02:00;15551;14;785;100;congested;9
2025-07-02T11:43:00+02:00;1601768;12;32;100;congested;3
2025-07-02T11:43:00+02:00;1601771;33;7;80;heavy;3
2025-07-02T11:43:00+02:00;1601787;68;1;64;freeFlow;2
2025-07-02T11:43:00+02:00;1601792;104;0;55;freeFlow;1
2025-07-02T11:43:00+02:00;1601794_D;70;2;55;freeFlow;1
2025-07-02T11:43:00+02:00;1601794_G;49;2;52;freeFlow;1
2025-07-02T11:43:00+02:00;1601795;104;5;55;freeFlow;1
2025-07-02T11:43:00+02:00;1601797;49;11;52;freeFlow;1
2025-07-02T11:43:00+02:00;1601798;47;2;65;freeFlow;2
2025-07-02T11:43:00+02:00;1601799;49;1;52;freeFlow;1
2025-07-02T11:43:00+02:00;1601807;49;2;100;freeFlow;3
2025-07-02T11:43:00+02:00;1601808;68;14;75;freeFlow;2
2025-07-02T11:43:00+02:00;1601810;36;26;100;freeFlow;4
2025-07-02T11:43:00+02:00;1601812;57;3;98;freeFlow;4
2025-07-02T11:43:00+02:00;1601813_D;51;25;58;freeFlow;1
2025-07-02T11:43:00+02:00;1601813_G;56;22;42;freeFlow;1
2025-07-02T11:43:00+02:00;1601814;53;3;64;freeFlow;2
2025-07-02T11:43:00+02:00;1601815;52;3;100;freeFlow;4
2025-07-02T11:43:00+02:00;1601819;42;1;60;freeFlow;1
2025-07-02T11:43:00+02:00;1601824;70;2;100;freeFlow;3
2025-07-02T11:43:00+02:00;1601898;77;20;100;freeFlow;4
2025-07-02T11:43:00+02:00;1601931_D;40;7;48;freeFlow;1
2025-07-02T11:43:00+02:00;1601931_G;39;7;42;freeFlow;1
2025-07-02T11:43:00+02:00;1602158_D;41;1;50;freeFlow;1
2025-07-02T11:43:00+02:00;1602158_G;31;1;40;heavy;1
2025-07-02T11:43:00+02:00;1602398;40;1;42;freeFlow;1
2025-07-02T11:43:00+02:00;1626;54;45;100;heavy;5
2025-07-02T11:43:00+02:00;1627;53;3;75;freeFlow;2
2025-07-02T11:43:00+02:00;1628;50;2;0;unknown;0
2025-07-02T11:43:00+02:00;1629;31;4;99;heavy;3
2025-07-02T11:43:00+02:00;1630;57;2;100;freeFlow;3
2025-07-02T11:43:00+02:00;1631;39;3;60;freeFlow;1
2025-07-02T11:43:00+02:00;1632;76;25;65;freeFlow;2
2025-07-02T11:43:00+02:00;1633;85;9;48;freeFlow;1
2025-07-02T11:43:00+02:00;1639;41;7;100;heavy;4
2025-07-02T11:43:00+02:00;16647_D;84;54;75;freeFlow;3
2025-07-02T11:43:00+02:00;16647_G;73;63;50;freeFlow;2
2025-07-02T11:43:00+02:00;16648_D;94;8;75;freeFlow;2
2025-07-02T11:43:00+02:00;16648_G;86;8;60;freeFlow;1
2025-07-02T11:43:00+02:00;16695_D;59;48;72;freeFlow;2
2025-07-02T11:43:00+02:00;16695_G;56;51;60;heavy;1
2025-07-02T11:43:00+02:00;16701;23;4;75;heavy;2
2025-07-02T11:43:00+02:00;16702;38;3;60;freeFlow;1
2025-07-02T11:43:00+02:00;16707_D;31;1;30;heavy;1
2025-07-02T11:43:00+02:00;16707_G;21;2;75;heavy;2
2025-07-02T11:43:00+02:00;16744;60;2;75;freeFlow;2
2025-07-02T11:43:00+02:00;16745;50;2;60;heavy;1
2025-07-02T11:43:00+02:00;16746;45;2;60;heavy;1
2025-07-02T11:43:00+02:00;16747;73;2;100;freeFlow;4
2025-07-02T11:43:00+02:00;16748;70;2;75;freeFlow;2
2025-07-02T11:43:00+02:00;16749;57;2;75;freeFlow;2
2025-07-02T11:43:00+02:00;16752_D;56;7;60;heavy;1
2025-07-02T11:43:00+02:00;16752_G;13;31;75;congested;2
2025-07-02T11:43:00+02:00;1675_D;41;7;32;freeFlow;1
2025-07-02T11:43:00+02:00;1675_G;32;8;60;freeFlow;1
2025-07-02T11:43:00+02:00;1676;96;5;60;freeFlow;1
2025-07-02T11:43:00+02:00;16761;31;3;51;heavy;2
2025-07-02T11:43:00+02:00;16762;27;3;75;heavy;2
2025-07-02T11:43:00+02:00;1677;26;20;73;congested;2
2025-07-02T11:43:00+02:00;1677109;18;89;100;congested;4
2025-07-02T11:43:00+02:00;1677110;25;2;0;unknown;0
2025-07-02T11:43:00+02:00;1677175_D;104;14;55;freeFlow;1
2025-07-02T11:43:00+02:00;1677175_G;25;57;50;freeFlow;1
2025-07-02T11:43:00+02:00;1677180_D;104;0;55;freeFlow;1
2025-07-02T11:43:00+02:00;1677180_G;25;2;50;freeFlow;1
2025-07-02T11:43:00+02:00;1677184_D;104;7;55;freeFlow;1
2025-07-02T11:43:00+02:00;1677184_G;36;19;52;freeFlow;1
2025-07-02T11:43:00+02:00;1677551_D;36;1;60;freeFlow;1
2025-07-02T11:43:00+02:00;1677551_G;17;3;32;heavy;1
2025-07-02T11:43:00+02:00;1677568_D;52;28;22;freeFlow;1
2025-07-02T11:43:00+02:00;1677568_G;50;30;0;unknown;0
2025-07-02T11:43:00+02:00;1677569;37;2;32;freeFlow;1
2025-07-02T11:43:00+02:00;1677687;33;1;38;heavy;1
2025-07-02T11:43:00+02:00;1677691;46;1;22;freeFlow;1
2025-07-02T11:43:00+02:00;1677693;33;2;38;heavy;1
2025-07-02T11:43:00+02:00;1677695_D;36;19;48;freeFlow;2
2025-07-02T11:43:00+02:00;1677695_G;37;18;32;freeFlow;1
2025-07-02T11:43:00+02:00;1677709_D;32;5;48;heavy;2
2025-07-02T11:43:00+02:00;1677709_G;37;5;32;freeFlow;1
2025-07-02T11:43:00+02:00;1677716_D;17;9;27;heavy;1
2025-07-02T11:43:00+02:00;1677716_G;37;4;32;freeFlow;1
2025-07-02T11:43:00+02:00;1677730_D;8;131;71;congested;2
2025-07-02T11:43:00+02:00;1677730_G;20;54;30;heavy;1
2025-07-02T11:43:00+02:00;1677735_D;17;2;27;heavy;1
2025-07-02T11:43:00+02:00;1677735_G;37;1;32;freeFlow;1
2025-07-02T11:43:00+02:00;1677745_D;52;2;22;freeFlow;1
2025-07-02T11:43:00+02:00;1677745_G;50;1;0;unknown;0
2025-07-02T11:43:00+02:00;1677785_D;52;5;22;freeFlow;1
2025-07-02T11:43:00+02:00;1677785_G;30;9;0;unknown;0
2025-07-02T11:43:00+02:00;1677801_D;52;6;22;freeFlow;1
2025-07-02T11:43:00+02:00;1677801_G;50;6;0;unknown;0
2025-07-02T11:43:00+02:00;1677808_D;52;13;22;freeFlow;1
2025-07-02T11:43:00+02:00;1677808_G;50;13;0;unknown;0
2025-07-02T11:43:00+02:00;16783;56;2;58;freeFlow;2
2025-07-02T11:43:00+02:00;16784;41;2;67;freeFlow;2
2025-07-02T11:43:00+02:00;16785;60;1;40;freeFlow;1
2025-07-02T11:43:00+02:00;1678542;80;26;75;freeFlow;2
2025-07-02T11:43:00+02:00;1678698_D;20;40;80;heavy;3
2025-07-02T11:43:00+02:00;1678698_G;37;22;100;freeFlow;3
2025-07-02T11:43:00+02:00;1678750;33;3;38;heavy;1
2025-07-02T11:43:00+02:00;1678763_D;50;4;0;unknown;0
2025-07-02T11:43:00+02:00;1678763_G;50;4;0;unknown;0
2025-07-02T11:43:00+02:00;1679092_D;39;6;60;freeFlow;1
2025-07-02T11:43:00+02:00;1679092_G;44;5;57;freeFlow;1
2025-07-02T11:43:00+02:00;1679681;49;16;48;heavy;1
2025-07-02T11:43:00+02:00;1679779;71;4;100;freeFlow;3
2025-07-02T11:43:00+02:00;1679795_D;18;4;75;heavy;2
2025-07-02T11:43:00+02:00;1679822;24;3;100;heavy;3
2025-07-02T11:43:00+02:00;1679825;25;3;100;heavy;5
2025-07-02T11:43:00+02:00;1679841;22;45;100;heavy;3
2025-07-02T11:43:00+02:00;1679843;22;2;100;heavy;4
2025-07-02T11:43:00+02:00;1679845;24;2;100;heavy;3
2025-07-02T11:43:00+02:00;1679847;28;2;100;heavy;5
2025-07-02T11:43:00+02:00;1679859_D;29;16;25;freeFlow;1
2025-07-02T11:43:00+02:00;1679859_G;55;8;60;freeFlow;1
2025-07-02T11:43:00+02:00;1680014;98;5;100;freeFlow;4
2025-07-02T11:43:00+02:00;1680016;97;12;100;freeFlow;4
2025-07-02T11:43:00+02:00;1680022;98;5;100;freeFlow;4
2025-07-02T11:43:00+02:00;1680024;97;8;100;freeFlow;4
2025-07-02T11:43:00+02:00;1680116;63;2;75;freeFlow;2
2025-07-02T11:43:00+02:00;1680119;53;3;75;heavy;2
2025-07-02T11:43:00+02:00;1680121;17;8;52;congested;1
2025-07-02T11:43:00+02:00;1680122_D;62;30;75;freeFlow;2
2025-07-02T11:43:00+02:00;1680122_G;62;30;60;freeFlow;1
2025-07-02T11:43:00+02:00;1680123;22;7;60;congested;1
2025-07-02T11:43:00+02:00;1680337;8;29;100;congested;4
2025-07-02T11:43:00+02:00;1680401_D;52;23;57;freeFlow;1
2025-07-02T11:43:00+02:00;1680401_G;22;56;60;heavy;1
2025-07-02T11:43:00+02:00;1680514_D;50;9;0;unknown;0
2025-07-02T11:43:00+02:00;1680514_G;39;12;35;freeFlow;1
2025-07-02T11:43:00+02:00;1680539;71;1;75;freeFlow;2
2025-07-02T11:43:00+02:00;1680541_D;30;14;25;freeFlow;1
2025-07-02T11:43:00+02:00;1680541_G;30;14;0;unknown;0
2025-07-02T11:43:00+02:00;1680549_D;50;12;0;unknown;0
2025-07-02T11:43:00+02:00;1680549_G;28;22;91;heavy;3
2025-07-02T11:43:00+02:00;1680551_D;30;1;0;unknown;0
2025-07-02T11:43:00+02:00;1680551_G;30;1;25;freeFlow;1
2025-07-02T11:43:00+02:00;1680557_D;50;0;0;unknown;0
2025-07-02T11:43:00+02:00;1680557_G;34;1;57;heavy;1
2025-07-02T11:43:00+02:00;1680561_D;50;1;0;unknown;0
2025-07-02T11:43:00+02:00;1680561_G;40;1;35;freeFlow;1
2025-07-02T11:43:00+02:00;1680567;40;2;35;freeFlow;1
2025-07-02T11:43:00+02:00;1680569;34;4;57;heavy;1
2025-07-02T11:43:00+02:00;1680573;25;3;73;heavy;2
2025-07-02T11:43:00+02:00;1680574;24;5;74;heavy;2
2025-07-02T11:43:00+02:00;1680575;50;6;0;unknown;0
2025-07-02T11:43:00+02:00;1680576;31;3;25;heavy;1
2025-07-02T11:43:00+02:00;16821_D;103;64;74;freeFlow;3
2025-07-02T11:43:00+02:00;16821_G;78;84;60;freeFlow;1
2025-07-02T11:43:00+02:00;16830_D;50;16;0;unknown;0
2025-07-02T11:43:00+02:00;16830_G;126;7;42;freeFlow;1
2025-07-02T11:43:00+02:00;16831_D;40;3;0;unknown;0
2025-07-02T11:43:00+02:00;16831_G;126;1;42;freeFlow;1
2025-07-02T11:43:00+02:00;16832;28;6;0;unknown;0
2025-07-02T11:43:00+02:00;16834;126;6;42;freeFlow;1
2025-07-02T11:43:00+02:00;16850_D;50;1;0;unknown;0
2025-07-02T11:43:00+02:00;16850_G;41;1;22;freeFlow;1
2025-07-02T11:43:00+02:00;16851_D;50;3;0;unknown;0
2025-07-02T11:43:00+02:00;16851_G;50;2;0;unknown;0
2025-07-02T11:43:00+02:00;16852_D;50;5;0;unknown;0
2025-07-02T11:43:00+02:00;16852_G;50;5;0;unknown;0
2025-07-02T11:43:00+02:00;16853_D;50;7;0;unknown;0
2025-07-02T11:43:00+02:00;16853_G;50;7;0;unknown;0
2025-07-02T11:43:00+02:00;16854_D;50;4;0;unknown;0
2025-07-02T11:43:00+02:00;16854_G;50;4;0;unknown;0
2025-07-02T11:43:00+02:00;16855_D;50;4;0;unknown;0
2025-07-02T11:43:00+02:00;16855_G;50;4;0;unknown;0
2025-07-02T11:43:00+02:00;16856_D;22;16;0;unknown;0
2025-07-02T11:43:00+02:00;16856_G;50;7;0;unknown;0
2025-07-02T11:43:00+02:00;16858_D;50;30;0;unknown;0
2025-07-02T11:43:00+02:00;16858_G;126;12;42;freeFlow;1
2025-07-02T11:43:00+02:00;16859_D;50;3;0;unknown;0
2025-07-02T11:43:00+02:00;16859_G;126;1;42;freeFlow;1
2025-07-02T11:43:00+02:00;16860_D;50;7;0;unknown;0
2025-07-02T11:43:00+02:00;16860_G;126;3;42;freeFlow;1
2025-07-02T11:43:00+02:00;1690_D;38;7;38;freeFlow;1
2025-07-02T11:43:00+02:00;1690_G;44;6;60;freeFlow;1
2025-07-02T11:43:00+02:00;16910_D;34;9;35;heavy;1
2025-07-02T11:43:00+02:00;16910_G;41;7;22;freeFlow;1
2025-07-02T11:43:00+02:00;16967;122;4;50;freeFlow;1
2025-07-02T11:43:00+02:00;16969;16;2;100;congested;3
2025-07-02T11:43:00+02:00;16986;44;15;100;heavy;3
2025-07-02T11:43:00+02:00;16988;59;12;100;freeFlow;3
2025-07-02T11:43:00+02:00;16989;64;7;100;freeFlow;3
2025-07-02T11:43:00+02:00;16990;64;7;60;freeFlow;1
2025-07-02T11:43:00+02:00;16992;41;33;96;heavy;4
2025-07-02T11:43:00+02:00;16994;122;9;50;freeFlow;1
2025-07-02T11:43:00+02:00;17;31;7;65;heavy;2
2025-07-02T11:43:00+02:00;1721;37;3;60;freeFlow;1
2025-07-02T11:43:00+02:00;1722;40;3;60;freeFlow;1
2025-07-02T11:43:00+02:00;1723;38;4;38;freeFlow;1
2025-07-02T11:43:00+02:00;1724_D;48;11;32;heavy;1
2025-07-02T11:43:00+02:00;1724_G;27;20;60;heavy;1
2025-07-02T11:43:00+02:00;1732_D;26;3;75;heavy;2
2025-07-02T11:43:00+02:00;1732_G;38;2;32;freeFlow;1
2025-07-02T11:43:00+02:00;1733_D;26;2;60;heavy;1
2025-07-02T11:43:00+02:00;1733_G;36;1;30;freeFlow;1
2025-07-02T11:43:00+02:00;1734_D;36;10;60;freeFlow;1
2025-07-02T11:43:00+02:00;1734_G;20;18;10;heavy;1
2025-07-02T11:43:00+02:00;18337;60;2;40;freeFlow;1
2025-07-02T11:43:00+02:00;18391_D;72;3;100;freeFlow;4
2025-07-02T11:43:00+02:00;18391_G;82;3;32;freeFlow;1
2025-07-02T11:43:00+02:00;1853;78;31;100;freeFlow;14
2025-07-02T11:43:00+02:00;1855;83;6;100;freeFlow;6
2025-07-02T11:43:00+02:00;1856;88;10;100;freeFlow;6
2025-07-02T11:43:00+02:00;19040;85;1;60;freeFlow;1
2025-07-02T11:43:00+02:00;1910886;57;4;30;freeFlow;1
2025-07-02T11:43:00+02:00;1911185_D;106;11;45;freeFlow;1
2025-07-02T11:43:00+02:00;1911185_G;62;19;60;freeFlow;1
2025-07-02T11:43:00+02:00;1911398_D;33;1;52;freeFlow;1
2025-07-02T11:43:00+02:00;1911398_G;44;1;17;freeFlow;1
2025-07-02T11:43:00+02:00;1911404_D;44;2;17;freeFlow;1
2025-07-02T11:43:00+02:00;1911404_G;37;3;50;freeFlow;1
2025-07-02T11:43:00+02:00;1911418;38;7;60;freeFlow;1
2025-07-02T11:43:00+02:00;1911420;45;2;100;freeFlow;4
2025-07-02T11:43:00+02:00;1911448_D;70;27;0;unknown;0
2025-07-02T11:43:00+02:00;1911448_G;56;34;27;freeFlow;1
2025-07-02T11:43:00+02:00;1911623_D;44;4;17;freeFlow;1
2025-07-02T11:43:00+02:00;1911623_G;34;5;52;freeFlow;1
2025-07-02T11:43:00+02:00;19628;37;7;75;heavy;2
2025-07-02T11:43:00+02:00;19629;90;1;0;unknown;0
2025-07-02T11:43:00+02:00;19630;36;6;60;heavy;1
2025-07-02T11:43:00+02:00;19631;40;2;60;heavy;1
2025-07-02T11:43:00+02:00;19632;34;2;60;heavy;1
2025-07-02T11:43:00+02:00;19633;30;5;97;heavy;3
2025-07-02T11:43:00+02:00;19634;70;1;0;unknown;0
2025-07-02T11:43:00+02:00;19635;41;3;75;heavy;2
2025-07-02T11:43:00+02:00;19636;49;3;75;heavy;2
2025-07-02T11:43:00+02:00;19637;38;2;60;heavy;1
2025-07-02T11:43:00+02:00;19638;29;5;65;heavy;2
2025-07-02T11:43:00+02:00;19639;28;5;69;heavy;2
2025-07-02T11:43:00+02:00;19640;17;8;63;congested;2
2025-07-02T11:43:00+02:00;19642;59;2;70;freeFlow;2
2025-07-02T11:43:00+02:00;19643;31;2;60;heavy;1
2025-07-02T11:43:00+02:00;19644;30;3;60;heavy;1
2025-07-02T11:43:00+02:00;19683;78;25;100;freeFlow;6
2025-07-02T11:43:00+02:00;19684;86;55;100;freeFlow;5
2025-07-02T11:43:00+02:00;19685;101;52;100;freeFlow;8
2025-07-02T11:43:00+02:00;19686;106;16;100;freeFlow;7
2025-07-02T11:43:00+02:00;198;85;53;75;freeFlow;2
2025-07-02T11:43:00+02:00;19825_D;89;36;75;freeFlow;2
2025-07-02T11:43:00+02:00;19825_G;77;42;60;freeFlow;1
2025-07-02T11:43:00+02:00;19828;34;4;75;heavy;2
2025-07-02T11:43:00+02:00;19830;34;3;57;heavy;1
2025-07-02T11:43:00+02:00;19832;37;4;75;freeFlow;2
2025-07-02T11:43:00+02:00;19833;52;2;75;freeFlow;2
2025-07-02T11:43:00+02:00;19841_D;88;17;75;freeFlow;2
2025-07-02T11:43:00+02:00;19841_G;80;18;75;freeFlow;2
2025-07-02T11:43:00+02:00;19842_D;88;4;75;freeFlow;2
2025-07-02T11:43:00+02:00;19842_G;68;5;75;freeFlow;2
2025-07-02T11:43:00+02:00;20525;44;4;100;heavy;3
2025-07-02T11:43:00+02:00;20526;51;3;100;heavy;3
2025-07-02T11:43:00+02:00;20527;56;3;60;heavy;1
2025-07-02T11:43:00+02:00;20528;43;3;75;heavy;2
2025-07-02T11:43:00+02:00;20590_D;80;102;90;freeFlow;4
2025-07-02T11:43:00+02:00;20590_G;60;136;60;freeFlow;1
2025-07-02T11:43:00+02:00;20760_D;63;24;75;freeFlow;2
2025-07-02T11:43:00+02:00;20760_G;19;78;68;heavy;2
2025-07-02T11:43:00+02:00;2216_D;80;38;0;unknown;0
2025-07-02T11:43:00+02:00;2216_G;71;43;44;freeFlow;1
2025-07-02T11:43:00+02:00;2218_D;80;27;0;unknown;0
2025-07-02T11:43:00+02:00;2218_G;72;30;45;freeFlow;1
2025-07-02T11:43:00+02:00;23984_D;60;1;60;freeFlow;1
2025-07-02T11:43:00+02:00;23984_G;57;1;60;freeFlow;1
2025-07-02T11:43:00+02:00;24143_D;68;6;60;freeFlow;1
2025-07-02T11:43:00+02:00;24143_G;44;9;60;heavy;1
2025-07-02T11:43:00+02:00;24147_D;72;53;60;freeFlow;1
2025-07-02T11:43:00+02:00;24147_G;66;58;60;freeFlow;1
2025-07-02T11:43:00+02:00;24148;50;3;75;freeFlow;2
2025-07-02T11:43:00+02:00;24149;47;3;75;freeFlow;2
2025-07-02T11:43:00+02:00;24150;68;2;60;freeFlow;1
2025-07-02T11:43:00+02:00;24151;47;3;75;freeFlow;2
2025-07-02T11:43:00+02:00;24153_D;68;14;60;freeFlow;1
2025-07-02T11:43:00+02:00;24153_G;65;14;75;freeFlow;2
2025-07-02T11:43:00+02:00;24176;87;18;100;freeFlow;5
2025-07-02T11:43:00+02:00;24178;99;11;100;freeFlow;4
2025-07-02T11:43:00+02:00;24179;87;22;100;freeFlow;5
2025-07-02T11:43:00+02:00;24181_D;52;3;100;freeFlow;3
2025-07-02T11:43:00+02:00;24181_G;47;3;100;freeFlow;3
2025-07-02T11:43:00+02:00;24182;94;12;75;freeFlow;2
2025-07-02T11:43:00+02:00;24184_D;53;11;60;freeFlow;1
2025-07-02T11:43:00+02:00;24184_G;51;12;100;freeFlow;3
2025-07-02T11:43:00+02:00;24259;29;4;100;heavy;3
2025-07-02T11:43:00+02:00;24260;33;5;98;heavy;4
2025-07-02T11:43:00+02:00;24261;35;4;100;heavy;3
2025-07-02T11:43:00+02:00;24262;36;5;98;freeFlow;4
2025-07-02T11:43:00+02:00;24264_D;27;2;60;heavy;1
2025-07-02T11:43:00+02:00;24264_G;68;1;60;freeFlow;1
2025-07-02T11:43:00+02:00;24265_D;44;1;100;freeFlow;3
2025-07-02T11:43:00+02:00;24265_G;34;2;100;heavy;3
2025-07-02T11:43:00+02:00;24274_D;43;11;100;freeFlow;3
2025-07-02T11:43:00+02:00;24274_G;51;10;100;freeFlow;3
2025-07-02T11:43:00+02:00;25687_D;21;10;100;heavy;3
2025-07-02T11:43:00+02:00;25687_G;24;9;45;freeFlow;1
2025-07-02T11:43:00+02:00;25929_D;56;15;75;heavy;2
2025-07-02T11:43:00+02:00;25929_G;57;15;40;freeFlow;1
2025-07-02T11:43:00+02:00;25930;46;3;75;heavy;2
2025-07-02T11:43:00+02:00;25931;52;4;75;heavy;2
2025-07-02T11:43:00+02:00;25932;49;3;100;heavy;4
2025-07-02T11:43:00+02:00;25933;65;2;75;freeFlow;2
2025-07-02T11:43:00+02:00;25934_D;56;4;75;heavy;2
2025-07-02T11:43:00+02:00;25934_G;50;5;40;heavy;1
2025-07-02T11:43:00+02:00;25944_D;53;6;100;heavy;3
2025-07-02T11:43:00+02:00;25944_G;58;5;60;freeFlow;1
2025-07-02T11:43:00+02:00;25946_D;59;14;75;freeFlow;2
2025-07-02T11:43:00+02:00;25946_G;69;12;100;freeFlow;3
2025-07-02T11:43:00+02:00;25947_D;70;27;60;freeFlow;1
2025-07-02T11:43:00+02:00;25947_G;105;18;75;freeFlow;2
2025-07-02T11:43:00+02:00;25988_D;27;11;100;freeFlow;3
2025-07-02T11:43:00+02:00;25988_G;21;14;45;freeFlow;1
2025-07-02T11:43:00+02:00;25989;29;4;100;heavy;4
2025-07-02T11:43:00+02:00;25990;30;3;100;heavy;4
2025-07-02T11:43:00+02:00;25991;31;3;100;heavy;4
2025-07-02T11:43:00+02:00;25992;27;4;100;heavy;4
2025-07-02T11:43:00+02:00;25993_D;31;3;100;freeFlow;3
2025-07-02T11:43:00+02:00;25993_G;23;4;42;freeFlow;1
2025-07-02T11:43:00+02:00;25994_D;31;7;100;heavy;3
2025-07-02T11:43:00+02:00;25994_G;16;14;42;heavy;1
2025-07-02T11:43:00+02:00;25995_D;36;2;100;freeFlow;3
2025-07-02T11:43:00+02:00;25995_G;5;10;42;congested;1
2025-07-02T11:43:00+02:00;25996_D;39;6;100;freeFlow;3
2025-07-02T11:43:00+02:00;25996_G;41;5;42;freeFlow;1
2025-07-02T11:43:00+02:00;25997_D;39;1;100;freeFlow;3
2025-07-02T11:43:00+02:00;25997_G;53;1;42;freeFlow;1
2025-07-02T11:43:00+02:00;25998_D;40;14;100;freeFlow;3
2025-07-02T11:43:00+02:00;25998_G;54;10;42;freeFlow;1
2025-07-02T11:43:00+02:00;25999_D;44;9;75;freeFlow;2
2025-07-02T11:43:00+02:00;25999_G;57;7;42;freeFlow;1
2025-07-02T11:43:00+02:00;26000_D;46;9;75;heavy;2
2025-07-02T11:43:00+02:00;26000_G;59;7;40;freeFlow;1
2025-07-02T11:43:00+02:00;26001_D;46;1;75;heavy;2
2025-07-02T11:43:00+02:00;26001_G;59;1;40;freeFlow;1
2025-07-02T11:43:00+02:00;26002_D;47;9;75;heavy;2
2025-07-02T11:43:00+02:00;26002_G;64;7;40;freeFlow;1
2025-07-02T11:43:00+02:00;26023;74;3;75;freeFlow;2
2025-07-02T11:43:00+02:00;26024;103;45;100;freeFlow;6
2025-07-02T11:43:00+02:00;26025;89;72;100;freeFlow;3
2025-07-02T11:43:00+02:00;26041;10;32;75;congested;2
2025-07-02T11:43:00+02:00;26043;36;12;100;freeFlow;6
2025-07-02T11:43:00+02:00;26044;36;12;60;freeFlow;1
2025-07-02T11:43:00+02:00;26046;22;42;100;heavy;4
2025-07-02T11:43:00+02:00;26047;38;2;60;freeFlow;1
2025-07-02T11:43:00+02:00;26048;65;33;60;freeFlow;1
2025-07-02T11:43:00+02:00;26049;68;21;100;freeFlow;3
2025-07-02T11:43:00+02:00;26050;36;9;100;freeFlow;5
2025-07-02T11:43:00+02:00;26101_D;39;12;52;freeFlow;1
2025-07-02T11:43:00+02:00;26101_G;37;13;60;freeFlow;1
2025-07-02T11:43:00+02:00;26371_D;21;12;48;freeFlow;1
2025-07-02T11:43:00+02:00;26371_G;27;9;60;freeFlow;1
2025-07-02T11:43:00+02:00;26389_D;62;12;57;freeFlow;1
2025-07-02T11:43:00+02:00;26389_G;52;15;58;freeFlow;1
2025-07-02T11:43:00+02:00;26392_D;21;21;52;heavy;1
2025-07-02T11:43:00+02:00;26392_G;33;13;60;freeFlow;1
2025-07-02T11:43:00+02:00;26393;32;2;60;heavy;1
2025-07-02T11:43:00+02:00;26394;32;2;60;heavy;1
2025-07-02T11:43:00+02:00;26395;27;3;52;heavy;1
2025-07-02T11:43:00+02:00;26396;27;2;52;heavy;1
2025-07-02T11:43:00+02:00;26397_D;32;6;52;heavy;1
2025-07-02T11:43:00+02:00;26397_G;31;6;60;heavy;1
2025-07-02T11:43:00+02:00;26402_D;21;13;100;heavy;3
2025-07-02T11:43:00+02:00;26402_G;12;22;45;heavy;1
2025-07-02T11:43:00+02:00;26403_D;25;5;45;freeFlow;1
2025-07-02T11:43:00+02:00;26403_G;17;8;60;heavy;1
2025-07-02T11:43:00+02:00;26404_D;23;5;48;freeFlow;1
2025-07-02T11:43:00+02:00;26404_G;28;4;60;freeFlow;1
2025-07-02T11:43:00+02:00;26405_D;24;2;100;freeFlow;3
2025-07-02T11:43:00+02:00;26405_G;17;3;45;heavy;1
2025-07-02T11:43:00+02:00;26409_D;56;14;57;freeFlow;1
2025-07-02T11:43:00+02:00;26409_G;61;13;57;freeFlow;1
2025-07-02T11:43:00+02:00;26420_D;64;4;57;freeFlow;1
2025-07-02T11:43:00+02:00;26420_G;41;7;60;heavy;1
2025-07-02T11:43:00+02:00;26422_D;65;11;57;freeFlow;1
2025-07-02T11:43:00+02:00;26422_G;52;14;60;freeFlow;1
2025-07-02T11:43:00+02:00;26423_D;61;8;57;freeFlow;1
2025-07-02T11:43:00+02:00;26423_G;57;8;57;freeFlow;1
2025-07-02T11:43:00+02:00;26495_D;28;12;57;heavy;1
2025-07-02T11:43:00+02:00;26495_G;17;21;60;heavy;1
2025-07-02T11:43:00+02:00;26497_D;29;16;55;freeFlow;1
2025-07-02T11:43:00+02:00;26497_G;5;92;60;congested;1
2025-07-02T11:43:00+02:00;26501;108;21;100;freeFlow;7
2025-07-02T11:43:00+02:00;26573;88;16;100;freeFlow;6
2025-07-02T11:43:00+02:00;26603_D;25;2;100;freeFlow;3
2025-07-02T11:43:00+02:00;26603_G;17;3;45;heavy;1
2025-07-02T11:43:00+02:00;26611_D;22;6;48;freeFlow;1
2025-07-02T11:43:00+02:00;26611_G;28;5;60;freeFlow;1
2025-07-02T11:43:00+02:00;26619;42;2;99;freeFlow;3
2025-07-02T11:43:00+02:00;26654;36;14;60;freeFlow;1
2025-07-02T11:43:00+02:00;26656;53;9;100;freeFlow;3
2025-07-02T11:43:00+02:00;26897_D;26;17;52;freeFlow;1
2025-07-02T11:43:00+02:00;26897_G;15;29;60;heavy;1
2025-07-02T11:43:00+02:00;27837_D;50;5;0;unknown;0
2025-07-02T11:43:00+02:00;27837_G;59;5;45;freeFlow;1
2025-07-02T11:43:00+02:00;28032;35;5;40;heavy;1
2025-07-02T11:43:00+02:00;28033;48;3;85;heavy;3
2025-07-02T11:43:00+02:00;282910_D;34;5;50;heavy;1
2025-07-02T11:43:00+02:00;282910_G;22;5;60;heavy;1
2025-07-02T11:43:00+02:00;28642_D;75;6;88;freeFlow;3
2025-07-02T11:43:00+02:00;28642_G;82;6;35;freeFlow;1
2025-07-02T11:43:00+02:00;28645_D;76;1;88;freeFlow;3
2025-07-02T11:43:00+02:00;28645_G;84;1;35;freeFlow;1
2025-07-02T11:43:00+02:00;28646_D;82;37;88;freeFlow;3
2025-07-02T11:43:00+02:00;28646_G;88;35;36;freeFlow;1
2025-07-02T11:43:00+02:00;28648_D;85;15;88;freeFlow;3
2025-07-02T11:43:00+02:00;28648_G;91;14;38;freeFlow;1
2025-07-02T11:43:00+02:00;28649_D;82;11;85;freeFlow;3
2025-07-02T11:43:00+02:00;28649_G;87;10;38;freeFlow;1
2025-07-02T11:43:00+02:00;28650_D;79;13;85;freeFlow;3
2025-07-02T11:43:00+02:00;28650_G;77;13;38;freeFlow;1
2025-07-02T11:43:00+02:00;28660_D;82;8;90;freeFlow;3
2025-07-02T11:43:00+02:00;28660_G;95;7;35;freeFlow;1
2025-07-02T11:43:00+02:00;28665_D;78;17;90;freeFlow;3
2025-07-02T11:43:00+02:00;28665_G;89;15;35;freeFlow;1
2025-07-02T11:43:00+02:00;28666_D;75;9;88;freeFlow;3
2025-07-02T11:43:00+02:00;28666_G;84;8;35;freeFlow;1
2025-07-02T11:43:00+02:00;28669_D;57;6;57;freeFlow;1
2025-07-02T11:43:00+02:00;28669_G;93;4;15;freeFlow;1
2025-07-02T11:43:00+02:00;28675_D;57;7;57;freeFlow;1
2025-07-02T11:43:00+02:00;28675_G;93;4;15;freeFlow;1
2025-07-02T11:43:00+02:00;28676_D;57;4;57;freeFlow;1
2025-07-02T11:43:00+02:00;28676_G;93;2;15;freeFlow;1
2025-07-02T11:43:00+02:00;28677_D;69;16;57;freeFlow;1
2025-07-02T11:43:00+02:00;28677_G;93;12;15;freeFlow;1
2025-07-02T11:43:00+02:00;28693_D;86;11;90;freeFlow;3
2025-07-02T11:43:00+02:00;28693_G;97;10;32;freeFlow;1
2025-07-02T11:43:00+02:00;28854;29;5;60;heavy;1
2025-07-02T11:43:00+02:00;28855;38;4;20;freeFlow;1
2025-07-02T11:43:00+02:00;28865_D;88;23;32;freeFlow;1
2025-07-02T11:43:00+02:00;28865_G;80;25;90;freeFlow;3
2025-07-02T11:43:00+02:00;28866_D;59;12;32;freeFlow;1
2025-07-02T11:43:00+02:00;28866_G;32;22;93;heavy;3
2025-07-02T11:43:00+02:00;28867;58;2;75;freeFlow;2
2025-07-02T11:43:00+02:00;28868;59;2;75;freeFlow;2
2025-07-02T11:43:00+02:00;29;70;21;73;freeFlow;2
2025-07-02T11:43:00+02:00;30;82;7;73;freeFlow;2
2025-07-02T11:43:00+02:00;30020_D;59;36;94;freeFlow;4
2025-07-02T11:43:00+02:00;30020_G;64;33;10;freeFlow;1
2025-07-02T11:43:00+02:00;30022;86;3;100;freeFlow;12
2025-07-02T11:43:00+02:00;30023;88;58;100;freeFlow;13
2025-07-02T11:43:00+02:00;30118;41;2;75;freeFlow;2
2025-07-02T11:43:00+02:00;30351_D;35;1;60;heavy;1
2025-07-02T11:43:00+02:00;30351_G;50;1;0;unknown;0
2025-07-02T11:43:00+02:00;30355_D;36;14;74;freeFlow;2
2025-07-02T11:43:00+02:00;30355_G;7;72;40;congested;1
2025-07-02T11:43:00+02:00;30359_D;14;44;57;congested;1
2025-07-02T11:43:00+02:00;30359_G;26;24;40;heavy;1
2025-07-02T11:43:00+02:00;30405;35;2;60;heavy;1
2025-07-02T11:43:00+02:00;30406;11;21;42;congested;1
2025-07-02T11:43:00+02:00;30407;35;3;60;heavy;1
2025-07-02T11:43:00+02:00;30408;35;2;60;heavy;1
2025-07-02T11:43:00+02:00;30409;35;3;60;heavy;1
2025-07-02T11:43:00+02:00;30410_D;50;1;0;unknown;0
2025-07-02T11:43:00+02:00;30410_G;26;2;60;heavy;1
2025-07-02T11:43:00+02:00;30411_D;50;6;0;unknown;0
2025-07-02T11:43:00+02:00;30411_G;24;12;60;heavy;1
2025-07-02T11:43:00+02:00;30414_D;50;7;0;unknown;0
2025-07-02T11:43:00+02:00;30414_G;35;11;60;heavy;1
2025-07-02T11:43:00+02:00;30416_D;50;10;0;unknown;0
2025-07-02T11:43:00+02:00;30416_G;33;16;60;heavy;1
2025-07-02T11:43:00+02:00;30499_D;47;6;55;freeFlow;1
2025-07-02T11:43:00+02:00;30499_G;31;10;50;freeFlow;1
2025-07-02T11:43:00+02:00;30501_D;30;8;55;freeFlow;1
2025-07-02T11:43:00+02:00;30501_G;11;25;52;heavy;1
2025-07-02T11:43:00+02:00;30502_D;30;2;55;freeFlow;1
2025-07-02T11:43:00+02:00;30502_G;29;2;52;freeFlow;1
2025-07-02T11:43:00+02:00;30504_D;30;1;0;unknown;0
2025-07-02T11:43:00+02:00;30504_G;30;1;60;freeFlow;1
2025-07-02T11:43:00+02:00;30508;30;4;60;freeFlow;1
2025-07-02T11:43:00+02:00;30521_D;50;8;0;unknown;0
2025-07-02T11:43:00+02:00;30521_G;35;12;60;freeFlow;1
2025-07-02T11:43:00+02:00;30522_D;50;2;0;unknown;0
2025-07-02T11:43:00+02:00;30522_G;39;3;60;freeFlow;1
2025-07-02T11:43:00+02:00;30606_D;11;50;48;congested;1
2025-07-02T11:43:00+02:00;30606_G;24;23;57;heavy;1
2025-07-02T11:43:00+02:00;30608_D;14;11;48;congested;1
2025-07-02T11:43:00+02:00;30608_G;17;9;57;heavy;1
2025-07-02T11:43:00+02:00;30611_D;32;12;48;heavy;1
2025-07-02T11:43:00+02:00;30611_G;22;19;56;heavy;1
2025-07-02T11:43:00+02:00;31;87;5;70;freeFlow;2
2025-07-02T11:43:00+02:00;31286;34;4;75;heavy;2
2025-07-02T11:43:00+02:00;31287;18;4;100;heavy;3
2025-07-02T11:43:00+02:00;31288;40;5;75;freeFlow;2
2025-07-02T11:43:00+02:00;31289;42;2;75;freeFlow;2
2025-07-02T11:43:00+02:00;31300_D;12;3;75;congested;2
2025-07-02T11:43:00+02:00;31300_G;21;2;60;heavy;1
2025-07-02T11:43:00+02:00;31302_D;30;1;50;heavy;1
2025-07-02T11:43:00+02:00;31302_G;15;3;60;congested;1
2025-07-02T11:43:00+02:00;31304_D;53;21;52;freeFlow;1
2025-07-02T11:43:00+02:00;31305_D;12;65;75;congested;2
2025-07-02T11:43:00+02:00;31305_G;28;27;60;heavy;1
2025-07-02T11:43:00+02:00;31361_D;40;1;42;freeFlow;1
2025-07-02T11:43:00+02:00;31361_G;36;1;60;freeFlow;1
2025-07-02T11:43:00+02:00;31444_D;56;44;60;heavy;1
2025-07-02T11:43:00+02:00;31444_G;46;54;52;heavy;1
2025-07-02T11:43:00+02:00;31448;46;2;52;heavy;1
2025-07-02T11:43:00+02:00;31449;43;3;57;heavy;1
2025-07-02T11:43:00+02:00;31450;33;4;60;heavy;1
2025-07-02T11:43:00+02:00;31451;37;3;74;heavy;2
2025-07-02T11:43:00+02:00;31453_D;51;31;60;heavy;1
2025-07-02T11:43:00+02:00;31453_G;54;30;12;heavy;1
2025-07-02T11:43:00+02:00;31511;67;22;100;freeFlow;3
2025-07-02T11:43:00+02:00;31512;54;45;100;heavy;6
2025-07-02T11:43:00+02:00;31513;67;33;99;freeFlow;3
2025-07-02T11:43:00+02:00;31515;44;3;60;freeFlow;1
2025-07-02T11:43:00+02:00;31517;44;3;60;freeFlow;1
2025-07-02T11:43:00+02:00;31520;34;2;60;heavy;1
2025-07-02T11:43:00+02:00;31522;26;7;60;heavy;1
2025-07-02T11:43:00+02:00;31523_D;44;5;60;freeFlow;1
2025-07-02T11:43:00+02:00;31523_G;25;8;60;heavy;1
2025-07-02T11:43:00+02:00;31530_D;43;9;60;heavy;1
2025-07-02T11:43:00+02:00;31530_G;28;14;55;heavy;1
2025-07-02T11:43:00+02:00;31532_D;64;3;60;freeFlow;1
2025-07-02T11:43:00+02:00;31532_G;66;3;52;freeFlow;1
2025-07-02T11:43:00+02:00;31534;87;4;100;freeFlow;4
2025-07-02T11:43:00+02:00;31536;54;17;100;freeFlow;4
2025-07-02T11:43:00+02:00;31550;80;12;100;freeFlow;9
2025-07-02T11:43:00+02:00;31551;88;9;100;freeFlow;7
2025-07-02T11:43:00+02:00;31553;83;12;100;freeFlow;10
2025-07-02T11:43:00+02:00;31557;107;4;60;freeFlow;1
2025-07-02T11:43:00+02:00;31558_D;107;11;60;freeFlow;1
2025-07-02T11:43:00+02:00;31558_G;45;25;72;freeFlow;2
2025-07-02T11:43:00+02:00;31559;89;5;100;freeFlow;3
2025-07-02T11:43:00+02:00;31561;70;5;100;freeFlow;3
2025-07-02T11:43:00+02:00;31562;45;9;75;freeFlow;2
2025-07-02T11:43:00+02:00;31563;44;9;60;freeFlow;1
2025-07-02T11:43:00+02:00;31568;49;8;60;heavy;1
2025-07-02T11:43:00+02:00;31569;57;10;60;freeFlow;1
2025-07-02T11:43:00+02:00;31583_D;70;11;57;freeFlow;1
2025-07-02T11:43:00+02:00;31583_G;93;8;15;freeFlow;1
2025-07-02T11:43:00+02:00;31670_D;50;9;58;freeFlow;2
2025-07-02T11:43:00+02:00;31670_G;36;12;52;freeFlow;1
2025-07-02T11:43:00+02:00;31672_D;52;38;52;freeFlow;1
2025-07-02T11:43:00+02:00;31672_G;53;37;60;freeFlow;1
2025-07-02T11:43:00+02:00;31673;92;14;100;freeFlow;7
2025-07-02T11:43:00+02:00;31674;90;15;100;freeFlow;9
2025-07-02T11:43:00+02:00;31708_D;23;8;55;freeFlow;1
2025-07-02T11:43:00+02:00;31708_G;44;4;17;freeFlow;1
2025-07-02T11:43:00+02:00;31709_D;21;17;55;freeFlow;1
2025-07-02T11:43:00+02:00;31709_G;41;9;17;freeFlow;1
2025-07-02T11:43:00+02:00;31716_D;29;7;55;freeFlow;1
2025-07-02T11:43:00+02:00;31716_G;44;5;17;freeFlow;1
2025-07-02T11:43:00+02:00;31717_D;32;16;55;freeFlow;1
2025-07-02T11:43:00+02:00;31717_G;44;12;17;freeFlow;1
2025-07-02T11:43:00+02:00;31720_D;33;4;52;freeFlow;1
2025-07-02T11:43:00+02:00;31720_G;44;3;17;freeFlow;1
2025-07-02T11:43:00+02:00;31722_D;44;6;17;freeFlow;1
2025-07-02T11:43:00+02:00;31722_G;34;8;52;freeFlow;1
2025-07-02T11:43:00+02:00;31723;25;8;52;heavy;1
2025-07-02T11:43:00+02:00;31724;47;4;52;freeFlow;1
2025-07-02T11:43:00+02:00;31725;57;3;60;freeFlow;1
2025-07-02T11:43:00+02:00;31726;25;9;52;heavy;1
2025-07-02T11:43:00+02:00;31727_D;44;8;17;freeFlow;1
2025-07-02T11:43:00+02:00;31727_G;35;10;52;freeFlow;1
2025-07-02T11:43:00+02:00;31878;46;4;40;heavy;1
2025-07-02T11:43:00+02:00;31879;47;3;85;heavy;4
2025-07-02T11:43:00+02:00;31880;81;3;100;freeFlow;11
2025-07-02T11:43:00+02:00;31881;70;4;100;freeFlow;3
2025-07-02T11:43:00+02:00;31882;107;1;60;freeFlow;1
2025-07-02T11:43:00+02:00;32;87;14;70;freeFlow;2
2025-07-02T11:43:00+02:00;32118;88;1;100;freeFlow;9
2025-07-02T11:43:00+02:00;32163_D;33;3;52;freeFlow;1
2025-07-02T11:43:00+02:00;32163_G;44;2;17;freeFlow;1
2025-07-02T11:43:00+02:00;32165_D;20;4;45;heavy;1
2025-07-02T11:43:00+02:00;32165_G;31;3;60;heavy;1
2025-07-02T11:43:00+02:00;32177_D;66;9;85;freeFlow;3
2025-07-02T11:43:00+02:00;32177_G;37;16;40;heavy;1
2025-07-02T11:43:00+02:00;32784_D;50;2;0;unknown;0
2025-07-02T11:43:00+02:00;32784_G;22;4;48;heavy;1
2025-07-02T11:43:00+02:00;32785;54;1;60;freeFlow;1
2025-07-02T11:43:00+02:00;32786;12;7;75;congested;2
2025-07-02T11:43:00+02:00;32788;42;2;60;freeFlow;1
2025-07-02T11:43:00+02:00;32790;42;1;60;freeFlow;1
2025-07-02T11:43:00+02:00;32791;18;5;42;heavy;1
2025-07-02T11:43:00+02:00;32794;36;2;60;freeFlow;1
2025-07-02T11:43:00+02:00;32796;22;3;48;heavy;1
2025-07-02T11:43:00+02:00;33;87;29;70;freeFlow;2
2025-07-02T11:43:00+02:00;34;106;25;75;freeFlow;2
2025-07-02T11:43:00+02:00;34744;87;38;100;freeFlow;9
2025-07-02T11:43:00+02:00;34745;91;36;100;freeFlow;10
2025-07-02T11:43:00+02:00;34757_D;50;2;0;unknown;0
2025-07-02T11:43:00+02:00;34757_G;36;2;35;freeFlow;2
2025-07-02T11:43:00+02:00;34758_D;50;16;0;unknown;0
2025-07-02T11:43:00+02:00;34758_G;33;24;20;heavy;1
2025-07-02T11:43:00+02:00;35;107;50;60;freeFlow;1
2025-07-02T11:43:00+02:00;35072;82;31;100;freeFlow;12
2025-07-02T11:43:00+02:00;35077;86;49;100;freeFlow;8
2025-07-02T11:43:00+02:00;35086;87;47;100;freeFlow;14
2025-07-02T11:43:00+02:00;35092;48;6;75;heavy;2
2025-07-02T11:43:00+02:00;35096;86;19;100;freeFlow;11
2025-07-02T11:43:00+02:00;35098;86;44;100;freeFlow;8
2025-07-02T11:43:00+02:00;35103;47;17;60;heavy;1
2025-07-02T11:43:00+02:00;35869_D;50;1;0;unknown;0
2025-07-02T11:43:00+02:00;35869_G;33;2;35;heavy;2
2025-07-02T11:43:00+02:00;35870_D;50;11;0;unknown;0
2025-07-02T11:43:00+02:00;35870_G;36;15;35;freeFlow;2
2025-07-02T11:43:00+02:00;35940;26;12;27;freeFlow;1
2025-07-02T11:43:00+02:00;35942;40;2;60;freeFlow;1
2025-07-02T11:43:00+02:00;35943;40;1;60;freeFlow;1
2025-07-02T11:43:00+02:00;35944;28;3;22;freeFlow;1
2025-07-02T11:43:00+02:00;35945;28;3;22;freeFlow;1
2025-07-02T11:43:00+02:00;35946_D;40;1;60;freeFlow;1
2025-07-02T11:43:00+02:00;35946_G;28;2;22;freeFlow;1
2025-07-02T11:43:00+02:00;35947;29;10;25;freeFlow;1
2025-07-02T11:43:00+02:00;35948;33;7;25;freeFlow;1
2025-07-02T11:43:00+02:00;35949;33;7;25;freeFlow;1
2025-07-02T11:43:00+02:00;35950;40;9;60;freeFlow;1
2025-07-02T11:43:00+02:00;35951;40;4;60;freeFlow;1
2025-07-02T11:43:00+02:00;35952;40;8;60;freeFlow;1
2025-07-02T11:43:00+02:00;35953;40;3;60;freeFlow;1
2025-07-02T11:43:00+02:00;35954;40;2;60;freeFlow;1
2025-07-02T11:43:00+02:00;35955;35;3;22;freeFlow;1
2025-07-02T11:43:00+02:00;35956;35;1;22;freeFlow;1
2025-07-02T11:43:00+02:00;35957_D;40;1;60;freeFlow;1
2025-07-02T11:43:00+02:00;35957_G;28;2;22;freeFlow;1
2025-07-02T11:43:00+02:00;35959_D;40;1;60;freeFlow;1
2025-07-02T11:43:00+02:00;35959_G;35;1;22;freeFlow;1
2025-07-02T11:43:00+02:00;35960;33;10;22;freeFlow;1
2025-07-02T11:43:00+02:00;35961;32;15;22;freeFlow;1
2025-07-02T11:43:00+02:00;35962;31;11;22;freeFlow;1
2025-07-02T11:43:00+02:00;35963;40;5;60;freeFlow;1
2025-07-02T11:43:00+02:00;35964;40;4;60;freeFlow;1
2025-07-02T11:43:00+02:00;35965;40;15;60;freeFlow;1
2025-07-02T11:43:00+02:00;35971;40;15;60;freeFlow;1
2025-07-02T11:43:00+02:00;35972;33;10;25;freeFlow;1
2025-07-02T11:43:00+02:00;35973;33;7;25;freeFlow;1
2025-07-02T11:43:00+02:00;35985_D;24;3;38;heavy;1
2025-07-02T11:43:00+02:00;35985_G;37;3;32;freeFlow;1
2025-07-02T11:43:00+02:00;35986_D;12;61;35;congested;1
2025-07-02T11:43:00+02:00;35986_G;37;20;32;freeFlow;1
2025-07-02T11:43:00+02:00;35994_D;17;2;32;heavy;1
2025-07-02T11:43:00+02:00;35994_G;37;1;32;freeFlow;1
2025-07-02T11:43:00+02:00;35998;72;3;60;freeFlow;1
2025-07-02T11:43:00+02:00;35999;33;6;38;heavy;1
2025-07-02T11:43:00+02:00;36000;17;12;68;heavy;2
2025-07-02T11:43:00+02:00;36001;104;2;55;freeFlow;1
2025-07-02T11:43:00+02:00;36003_D;34;1;38;heavy;1
2025-07-02T11:43:00+02:00;36003_G;96;1;55;freeFlow;1
2025-07-02T11:43:00+02:00;36004_D;53;40;40;freeFlow;1
2025-07-02T11:43:00+02:00;36004_G;99;21;55;freeFlow;1
2025-07-02T11:43:00+02:00;36005;17;4;60;heavy;1
2025-07-02T11:43:00+02:00;36006;30;3;25;freeFlow;1
2025-07-02T11:43:00+02:00;36007;40;1;60;freeFlow;1
2025-07-02T11:43:00+02:00;36010_D;21;1;60;freeFlow;1
2025-07-02T11:43:00+02:00;36010_G;28;1;25;freeFlow;1
2025-07-02T11:43:00+02:00;36011;26;11;60;freeFlow;1
2025-07-02T11:43:00+02:00;36012_D;40;2;60;freeFlow;1
2025-07-02T11:43:00+02:00;36012_G;33;2;25;freeFlow;1
2025-07-02T11:43:00+02:00;37200_D;36;7;42;freeFlow;1
2025-07-02T11:43:00+02:00;37200_G;28;9;74;freeFlow;2
2025-07-02T11:43:00+02:00;37201;41;5;95;freeFlow;3
2025-07-02T11:43:00+02:00;37202;58;5;50;freeFlow;1
2025-07-02T11:43:00+02:00;37203;36;15;73;freeFlow;2
2025-07-02T11:43:00+02:00;37204_D;40;2;48;freeFlow;2
2025-07-02T11:43:00+02:00;37204_G;35;3;60;heavy;1
2025-07-02T11:43:00+02:00;37205_D;41;5;48;freeFlow;2
2025-07-02T11:43:00+02:00;37205_G;35;6;60;heavy;1
2025-07-02T11:43:00+02:00;37206_D;36;14;50;freeFlow;2
2025-07-02T11:43:00+02:00;37206_G;35;14;60;heavy;1
2025-07-02T11:43:00+02:00;37207;35;2;50;heavy;2
2025-07-02T11:43:00+02:00;37208;35;4;60;freeFlow;1
2025-07-02T11:43:00+02:00;37209;35;2;50;heavy;2
2025-07-02T11:43:00+02:00;37210_D;36;1;50;freeFlow;2
2025-07-02T11:43:00+02:00;37210_G;35;1;60;freeFlow;1
2025-07-02T11:43:00+02:00;37211_D;52;52;53;freeFlow;2
2025-07-02T11:43:00+02:00;37211_G;46;58;75;freeFlow;2
2025-07-02T11:43:00+02:00;37239;50;4;58;freeFlow;2
2025-07-02T11:43:00+02:00;37240;27;6;53;freeFlow;2
2025-07-02T11:43:00+02:00;37241;30;6;76;freeFlow;3
2025-07-02T11:43:00+02:00;37242;21;9;88;heavy;3
2025-07-02T11:43:00+02:00;37243_D;21;4;45;heavy;2
2025-07-02T11:43:00+02:00;37243_G;104;1;55;freeFlow;1
2025-07-02T11:43:00+02:00;37244_D;30;2;0;unknown;0
2025-07-02T11:43:00+02:00;37244_G;20;3;27;heavy;1
2025-07-02T11:43:00+02:00;37246_D;30;3;42;freeFlow;1
2025-07-02T11:43:00+02:00;37246_G;104;1;55;freeFlow;1
2025-07-02T11:43:00+02:00;37422_D;50;19;0;unknown;0
2025-07-02T11:43:00+02:00;37422_G;33;30;20;heavy;1
2025-07-02T11:43:00+02:00;37467_D;50;8;0;unknown;0
2025-07-02T11:43:00+02:00;37467_G;50;8;15;freeFlow;1
2025-07-02T11:43:00+02:00;37508_D;41;26;38;freeFlow;1
2025-07-02T11:43:00+02:00;37508_G;104;10;55;freeFlow;1
2025-07-02T11:43:00+02:00;37509_D;16;5;38;heavy;1
2025-07-02T11:43:00+02:00;37509_G;104;1;55;freeFlow;1
2025-07-02T11:43:00+02:00;37564_D;70;22;0;unknown;0
2025-07-02T11:43:00+02:00;37564_G;78;19;27;freeFlow;1
2025-07-02T11:43:00+02:00;37565_D;30;27;12;heavy;1
2025-07-02T11:43:00+02:00;37565_G;70;12;30;freeFlow;1
2025-07-02T11:43:00+02:00;37586_D;37;2;38;freeFlow;1
2025-07-02T11:43:00+02:00;37586_G;104;1;55;freeFlow;1
2025-07-02T11:43:00+02:00;37588_D;70;8;0;unknown;0
2025-07-02T11:43:00+02:00;37588_G;70;8;0;unknown;0
2025-07-02T11:43:00+02:00;37620_D;14;5;30;congested;1
2025-07-02T11:43:00+02:00;37620_G;49;2;52;heavy;1
2025-07-02T11:43:00+02:00;37621;78;2;70;freeFlow;2
2025-07-02T11:43:00+02:00;37622;49;4;52;freeFlow;1
2025-07-02T11:43:00+02:00;37625_D;66;14;48;freeFlow;2
2025-07-02T11:43:00+02:00;37625_G;40;23;71;freeFlow;2
2025-07-02T11:43:00+02:00;37665_D;5;18;60;congested;1
2025-07-02T11:43:00+02:00;37665_G;34;2;60;heavy;1
2025-07-02T11:43:00+02:00;37667;75;17;75;freeFlow;2
2025-07-02T11:43:00+02:00;37668;107;4;45;freeFlow;1
2025-07-02T11:43:00+02:00;37673;86;4;75;freeFlow;2
2025-07-02T11:43:00+02:00;37686_D;104;6;55;freeFlow;1
2025-07-02T11:43:00+02:00;37686_G;28;22;50;freeFlow;1
2025-07-02T11:43:00+02:00;37702_D;23;12;38;heavy;1
2025-07-02T11:43:00+02:00;37702_G;24;10;60;heavy;1
2025-07-02T11:43:00+02:00;37706_D;16;3;60;heavy;1
2025-07-02T11:43:00+02:00;37706_G;23;2;38;heavy;1
2025-07-02T11:43:00+02:00;37707_D;40;2;60;freeFlow;1
2025-07-02T11:43:00+02:00;37707_G;16;4;60;heavy;1
2025-07-02T11:43:00+02:00;37708_D;62;15;60;freeFlow;1
2025-07-02T11:43:00+02:00;37708_G;33;28;38;freeFlow;1
2025-07-02T11:43:00+02:00;37712_D;47;4;60;freeFlow;1
2025-07-02T11:43:00+02:00;37712_G;34;6;38;freeFlow;1
2025-07-02T11:43:00+02:00;37724;73;2;75;freeFlow;2
2025-07-02T11:43:00+02:00;37725;47;1;93;freeFlow;3
2025-07-02T11:43:00+02:00;37726;73;2;60;freeFlow;1
2025-07-02T11:43:00+02:00;37727;38;3;60;freeFlow;2
2025-07-02T11:43:00+02:00;37728;9;12;20;congested;1
2025-07-02T11:43:00+02:00;37729;80;70;73;freeFlow;3
2025-07-02T11:43:00+02:00;37730;51;3;60;freeFlow;1
2025-07-02T11:43:00+02:00;37732;75;48;60;freeFlow;1
2025-07-02T11:43:00+02:00;37737;94;43;100;freeFlow;4
2025-07-02T11:43:00+02:00;37738;52;2;100;freeFlow;3
2025-07-02T11:43:00+02:00;37739;76;2;100;freeFlow;3
2025-07-02T11:43:00+02:00;37740;96;2;75;freeFlow;2
2025-07-02T11:43:00+02:00;37741;96;0;75;freeFlow;2
2025-07-02T11:43:00+02:00;37742;34;4;60;heavy;1
2025-07-02T11:43:00+02:00;37743;33;4;60;heavy;1
2025-07-02T11:43:00+02:00;37744;40;4;75;heavy;2
2025-07-02T11:43:00+02:00;37745;40;2;75;heavy;2
2025-07-02T11:43:00+02:00;37749;81;48;100;freeFlow;8
2025-07-02T11:43:00+02:00;37750;91;29;100;freeFlow;5
2025-07-02T11:43:00+02:00;37751;98;10;75;freeFlow;2
2025-07-02T11:43:00+02:00;37752;49;12;59;heavy;1
2025-07-02T11:43:00+02:00;37753;89;29;100;freeFlow;8
2025-07-02T11:43:00+02:00;37784;35;2;48;freeFlow;1
2025-07-02T11:43:00+02:00;37785;30;3;48;heavy;1
2025-07-02T11:43:00+02:00;37786;36;3;63;freeFlow;2
2025-07-02T11:43:00+02:00;37787_D;55;27;61;freeFlow;2
2025-07-02T11:43:00+02:00;37787_G;66;23;60;freeFlow;1
2025-07-02T11:43:00+02:00;37818;101;46;69;freeFlow;4
2025-07-02T11:43:00+02:00;37819;94;59;100;freeFlow;5
2025-07-02T11:43:00+02:00;37822;100;8;55;freeFlow;1
2025-07-02T11:43:00+02:00;37826;36;2;93;freeFlow;3
2025-07-02T11:43:00+02:00;37827;59;0;75;freeFlow;2
2025-07-02T11:43:00+02:00;37941;96;51;100;freeFlow;8
2025-07-02T11:43:00+02:00;37947;99;7;100;freeFlow;3
2025-07-02T11:43:00+02:00;37948;84;82;100;freeFlow;7
2025-07-02T11:43:00+02:00;37949;93;75;100;freeFlow;6
2025-07-02T11:43:00+02:00;37950;82;9;100;freeFlow;7
2025-07-02T11:43:00+02:00;37970;89;16;100;freeFlow;11
2025-07-02T11:43:00+02:00;38;90;16;70;freeFlow;2
2025-07-02T11:43:00+02:00;38067;97;11;100;freeFlow;4
2025-07-02T11:43:00+02:00;38068;56;4;100;freeFlow;5
2025-07-02T11:43:00+02:00;38069;46;7;75;heavy;2
2025-07-02T11:43:00+02:00;38070;99;9;100;freeFlow;4
2025-07-02T11:43:00+02:00;38310;40;1;60;freeFlow;1
2025-07-02T11:43:00+02:00;38311;40;2;60;freeFlow;1
2025-07-02T11:43:00+02:00;38317;106;1;100;freeFlow;4
2025-07-02T11:43:00+02:00;38318;96;27;99;freeFlow;5
2025-07-02T11:43:00+02:00;38319;98;21;100;freeFlow;6
2025-07-02T11:43:00+02:00;38322;53;3;100;freeFlow;4
2025-07-02T11:43:00+02:00;38378_D;75;10;45;freeFlow;1
2025-07-02T11:43:00+02:00;38378_G;89;8;60;freeFlow;1
2025-07-02T11:43:00+02:00;38389_D;84;13;48;freeFlow;1
2025-07-02T11:43:00+02:00;38389_G;88;12;60;freeFlow;1
2025-07-02T11:43:00+02:00;39061;43;6;75;heavy;2
2025-07-02T11:43:00+02:00;39062;41;3;100;heavy;4
2025-07-02T11:43:00+02:00;39063;44;9;100;heavy;5
2025-07-02T11:43:00+02:00;39473;79;25;99;freeFlow;4
2025-07-02T11:43:00+02:00;39618;97;3;100;freeFlow;6
2025-07-02T11:43:00+02:00;39619;97;2;100;freeFlow;6
2025-07-02T11:43:00+02:00;39720_D;47;26;40;freeFlow;1
2025-07-02T11:43:00+02:00;39720_G;104;12;55;freeFlow;1
2025-07-02T11:43:00+02:00;39902_D;78;1;45;freeFlow;1
2025-07-02T11:43:00+02:00;39902_G;108;1;60;freeFlow;1
2025-07-02T11:43:00+02:00;39904_D;106;0;45;freeFlow;1
2025-07-02T11:43:00+02:00;39904_G;83;1;60;freeFlow;1
2025-07-02T11:43:00+02:00;39906_D;106;5;45;freeFlow;1
2025-07-02T11:43:00+02:00;39906_G;77;6;60;freeFlow;1
2025-07-02T11:43:00+02:00;40185_D;37;4;60;heavy;1
2025-07-02T11:43:00+02:00;40185_G;29;1;22;heavy;1
2025-07-02T11:43:00+02:00;40201;20;1;10;heavy;1
2025-07-02T11:43:00+02:00;40202;20;4;10;heavy;1
2025-07-02T11:43:00+02:00;40203;37;2;60;freeFlow;1
2025-07-02T11:43:00+02:00;40212_D;83;1;90;freeFlow;3
2025-07-02T11:43:00+02:00;40212_G;96;1;32;freeFlow;1
2025-07-02T11:43:00+02:00;40213_D;76;1;88;freeFlow;3
2025-07-02T11:43:00+02:00;40213_G;84;1;35;freeFlow;1
2025-07-02T11:43:00+02:00;41631_D;30;7;0;unknown;0
2025-07-02T11:43:00+02:00;41631_G;47;4;32;freeFlow;1
2025-07-02T11:43:00+02:00;41632_D;8;18;52;congested;1
2025-07-02T11:43:00+02:00;41632_G;27;4;60;freeFlow;1
2025-07-02T11:43:00+02:00;41652_D;21;11;100;heavy;4
2025-07-02T11:43:00+02:00;41683_D;31;33;59;heavy;1
2025-07-02T11:43:00+02:00;41683_G;15;72;60;congested;1
2025-07-02T11:43:00+02:00;41709_D;23;20;55;freeFlow;1
2025-07-02T11:43:00+02:00;41709_G;26;18;60;freeFlow;1
2025-07-02T11:43:00+02:00;41712_D;26;8;52;freeFlow;1
2025-07-02T11:43:00+02:00;41712_G;33;7;60;freeFlow;1
2025-07-02T11:43:00+02:00;41713_D;30;4;0;unknown;0
2025-07-02T11:43:00+02:00;41713_G;12;10;53;heavy;2
2025-07-02T11:43:00+02:00;41729;23;4;100;heavy;5
2025-07-02T11:43:00+02:00;41730;50;1;0;unknown;0
2025-07-02T11:43:00+02:00;41731;50;1;0;unknown;0
2025-07-02T11:43:00+02:00;41753_D;30;6;0;unknown;0
2025-07-02T11:43:00+02:00;41753_G;28;7;50;freeFlow;2
2025-07-02T11:43:00+02:00;41764_D;25;2;52;freeFlow;1
2025-07-02T11:43:00+02:00;41764_G;22;2;60;freeFlow;1
2025-07-02T11:43:00+02:00;41781;45;1;100;freeFlow;5
2025-07-02T11:43:00+02:00;41782;30;3;100;heavy;4
2025-07-02T11:43:00+02:00;41783;35;2;75;freeFlow;2
2025-07-02T11:43:00+02:00;41784;23;3;75;heavy;2
2025-07-02T11:43:00+02:00;41809_D;30;8;0;unknown;0
2025-07-02T11:43:00+02:00;41809_G;32;7;48;freeFlow;2
2025-07-02T11:43:00+02:00;41810_D;30;2;0;unknown;0
2025-07-02T11:43:00+02:00;41810_G;35;2;48;freeFlow;2
2025-07-02T11:43:00+02:00;41811_D;30;8;0;unknown;0
2025-07-02T11:43:00+02:00;41811_G;35;7;48;freeFlow;2
2025-07-02T11:43:00+02:00;41812_D;30;6;0;unknown;0
2025-07-02T11:43:00+02:00;41812_G;44;4;48;freeFlow;2
2025-07-02T11:43:00+02:00;41813_D;30;5;0;unknown;0
2025-07-02T11:43:00+02:00;41813_G;47;3;32;freeFlow;1
2025-07-02T11:43:00+02:00;41814_D;30;7;0;unknown;0
2025-07-02T11:43:00+02:00;41814_G;47;5;32;freeFlow;1
2025-07-02T11:43:00+02:00;41815_D;30;6;0;unknown;0
2025-07-02T11:43:00+02:00;41815_G;47;4;32;freeFlow;1
2025-07-02T11:43:00+02:00;41817_D;30;6;0;unknown;0
2025-07-02T11:43:00+02:00;41817_G;47;4;32;freeFlow;1
2025-07-02T11:43:00+02:00;41818_D;30;3;0;unknown;0
2025-07-02T11:43:00+02:00;41818_G;47;1;32;freeFlow;1
2025-07-02T11:43:00+02:00;42028;43;11;100;freeFlow;5
2025-07-02T11:43:00+02:00;42029;39;38;75;freeFlow;2
2025-07-02T11:43:00+02:00;42030;35;43;100;freeFlow;4
2025-07-02T11:43:00+02:00;42031;43;35;75;freeFlow;2
2025-07-02T11:43:00+02:00;42047;70;5;0;unknown;0
2025-07-02T11:43:00+02:00;42049;50;2;0;unknown;0
2025-07-02T11:43:00+02:00;42050;88;1;72;freeFlow;2
2025-07-02T11:43:00+02:00;42051;98;5;60;freeFlow;1
2025-07-02T11:43:00+02:00;42125_D;40;28;35;freeFlow;1
2025-07-02T11:43:00+02:00;42125_G;33;35;60;heavy;2
2025-07-02T11:43:00+02:00;42134;82;29;100;freeFlow;3
2025-07-02T11:43:00+02:00;42135;89;30;75;freeFlow;2
2025-07-02T11:43:00+02:00;42206_D;33;28;89;heavy;3
2025-07-02T11:43:00+02:00;42238_D;22;15;75;heavy;2
2025-07-02T11:43:00+02:00;42257;90;6;0;unknown;0
2025-07-02T11:43:00+02:00;42273_D;7;28;55;congested;1
2025-07-02T11:43:00+02:00;42273_G;30;6;60;freeFlow;1
2025-07-02T11:43:00+02:00;42293_D;30;2;0;unknown;0
2025-07-02T11:43:00+02:00;42293_G;22;2;35;freeFlow;1
2025-07-02T11:43:00+02:00;42307_D;55;14;48;freeFlow;1
2025-07-02T11:43:00+02:00;42307_G;40;19;45;freeFlow;1
2025-07-02T11:43:00+02:00;42359;76;9;98;freeFlow;3
2025-07-02T11:43:00+02:00;42375;51;1;30;freeFlow;1
2025-07-02T11:43:00+02:00;42378_D;30;1;0;unknown;0
2025-07-02T11:43:00+02:00;42378_G;3;19;50;congested;2
2025-07-02T11:43:00+02:00;42379;99;27;75;freeFlow;2
2025-07-02T11:43:00+02:00;42383;21;3;100;heavy;5
2025-07-02T11:43:00+02:00;42384;50;1;0;unknown;0
2025-07-02T11:43:00+02:00;42385;32;3;100;heavy;3
2025-07-02T11:43:00+02:00;42386;20;3;100;heavy;3
2025-07-02T11:43:00+02:00;42387;42;5;100;freeFlow;3
2025-07-02T11:43:00+02:00;42388;35;3;84;heavy;7
2025-07-02T11:43:00+02:00;42389;41;4;75;freeFlow;2
2025-07-02T11:43:00+02:00;42390;35;3;75;heavy;2
2025-07-02T11:43:00+02:00;42391;16;7;35;heavy;1
2025-07-02T11:43:00+02:00;42392;33;3;100;heavy;4
2025-07-02T11:43:00+02:00;42399;67;4;75;freeFlow;2
2025-07-02T11:43:00+02:00;42401_D;48;26;60;freeFlow;1
2025-07-02T11:43:00+02:00;42401_G;43;30;42;freeFlow;1
2025-07-02T11:43:00+02:00;42572;20;2;100;heavy;4
2025-07-02T11:43:00+02:00;42573;45;1;75;freeFlow;2
2025-07-02T11:43:00+02:00;42580;67;2;75;freeFlow;2
2025-07-02T11:43:00+02:00;42595_D;19;10;57;heavy;1
2025-07-02T11:43:00+02:00;42595_G;26;7;60;freeFlow;1
2025-07-02T11:43:00+02:00;42603;12;47;100;congested;5
2025-07-02T11:43:00+02:00;42663_D;27;9;60;heavy;1
2025-07-02T11:43:00+02:00;42663_G;53;5;60;freeFlow;1
2025-07-02T11:43:00+02:00;42681_D;44;21;60;heavy;1
2025-07-02T11:43:00+02:00;42681_G;52;18;60;freeFlow;1
2025-07-02T11:43:00+02:00;42684_D;43;1;38;freeFlow;1
2025-07-02T11:43:00+02:00;42684_G;30;2;0;unknown;0
2025-07-02T11:43:00+02:00;42685;68;39;75;freeFlow;2
2025-07-02T11:43:00+02:00;42709_D;65;14;57;freeFlow;2
2025-07-02T11:43:00+02:00;42709_G;71;13;42;freeFlow;1
2025-07-02T11:43:00+02:00;42777_D;45;4;45;freeFlow;1
2025-07-02T11:43:00+02:00;42777_G;11;14;45;congested;1
2025-07-02T11:43:00+02:00;42778_D;57;1;45;freeFlow;1
2025-07-02T11:43:00+02:00;42778_G;34;2;45;heavy;1
2025-07-02T11:43:00+02:00;42779;50;2;0;unknown;0
2025-07-02T11:43:00+02:00;42780_D;57;7;45;freeFlow;1
2025-07-02T11:43:00+02:00;42780_G;36;12;45;freeFlow;1
2025-07-02T11:43:00+02:00;42938_D;18;16;63;heavy;2
2025-07-02T11:43:00+02:00;42938_G;23;13;57;heavy;1
2025-07-02T11:43:00+02:00;42939_D;20;11;48;heavy;1
2025-07-02T11:43:00+02:00;42939_G;7;34;38;congested;1
2025-07-02T11:43:00+02:00;42940_D;11;39;50;congested;1
2025-07-02T11:43:00+02:00;42940_G;16;27;97;heavy;3
2025-07-02T11:43:00+02:00;42941_D;13;10;59;congested;2
2025-07-02T11:43:00+02:00;42941_G;5;26;73;congested;2
2025-07-02T11:43:00+02:00;42947_D;56;8;32;freeFlow;1
2025-07-02T11:43:00+02:00;42947_G;33;13;57;heavy;1
2025-07-02T11:43:00+02:00;42948_D;16;15;56;heavy;2
2025-07-02T11:43:00+02:00;42948_G;14;17;60;congested;1
2025-07-02T11:43:00+02:00;42949_D;16;18;55;heavy;2
2025-07-02T11:43:00+02:00;42949_G;14;19;57;congested;1
2025-07-02T11:43:00+02:00;42978_D;25;22;60;heavy;1
2025-07-02T11:43:00+02:00;42978_G;31;18;75;heavy;2
2025-07-02T11:43:00+02:00;42979_D;11;14;60;congested;1
2025-07-02T11:43:00+02:00;42979_G;33;5;55;heavy;1
2025-07-02T11:43:00+02:00;42983_D;19;20;45;heavy;1
2025-07-02T11:43:00+02:00;42983_G;7;59;38;congested;1
2025-07-02T11:43:00+02:00;42999_D;50;12;0;unknown;0
2025-07-02T11:43:00+02:00;42999_G;22;27;52;heavy;1
2025-07-02T11:43:00+02:00;43000_D;50;5;0;unknown;0
2025-07-02T11:43:00+02:00;43000_G;39;6;50;freeFlow;1
2025-07-02T11:43:00+02:00;43001_D;50;4;0;unknown;0
2025-07-02T11:43:00+02:00;43001_G;47;4;50;freeFlow;1
2025-07-02T11:43:00+02:00;43003_D;50;3;0;unknown;0
2025-07-02T11:43:00+02:00;43003_G;38;4;50;freeFlow;1
2025-07-02T11:43:00+02:00;43027_D;20;12;48;heavy;1
2025-07-02T11:43:00+02:00;43027_G;5;52;57;congested;2
2025-07-02T11:43:00+02:00;43029_D;56;7;32;freeFlow;1
2025-07-02T11:43:00+02:00;43029_G;23;18;57;heavy;1
2025-07-02T11:43:00+02:00;43046_D;50;6;0;unknown;0
2025-07-02T11:43:00+02:00;43046_G;50;6;0;unknown;0
2025-07-02T11:43:00+02:00;43047_D;50;4;0;unknown;0
2025-07-02T11:43:00+02:00;43047_G;50;3;0;unknown;0
2025-07-02T11:43:00+02:00;43048_D;50;5;0;unknown;0
2025-07-02T11:43:00+02:00;43048_G;25;11;60;heavy;1
2025-07-02T11:43:00+02:00;43049_D;23;5;60;freeFlow;1
2025-07-02T11:43:00+02:00;43049_G;24;5;60;freeFlow;1
2025-07-02T11:43:00+02:00;43050_D;16;10;60;heavy;1
2025-07-02T11:43:00+02:00;43050_G;33;5;55;heavy;1
2025-07-02T11:43:00+02:00;43099;24;3;100;heavy;4
2025-07-02T11:43:00+02:00;43352_G;21;22;60;freeFlow;1
2025-07-02T11:43:00+02:00;43451_D;18;25;85;heavy;3
2025-07-02T11:43:00+02:00;43481;24;30;52;heavy;1
2025-07-02T11:43:00+02:00;43627;57;11;30;freeFlow;1
2025-07-02T11:43:00+02:00;43658_D;29;6;60;heavy;1
2025-07-02T11:43:00+02:00;43658_G;42;4;60;freeFlow;1
2025-07-02T11:43:00+02:00;43718_D;16;9;55;heavy;2
2025-07-02T11:43:00+02:00;43718_G;50;3;0;unknown;0
2025-07-02T11:43:00+02:00;43719_D;14;32;56;congested;2
2025-07-02T11:43:00+02:00;43719_G;40;11;55;freeFlow;1
2025-07-02T11:43:00+02:00;43720_D;7;33;64;congested;2
2025-07-02T11:43:00+02:00;43720_G;9;25;54;congested;1
2025-07-02T11:43:00+02:00;43724_D;28;14;42;heavy;1
2025-07-02T11:43:00+02:00;43724_G;28;15;60;heavy;1
2025-07-02T11:43:00+02:00;43733_D;50;4;0;unknown;0
2025-07-02T11:43:00+02:00;43733_G;40;5;50;freeFlow;1
2025-07-02T11:43:00+02:00;43736_D;30;7;38;heavy;1
2025-07-02T11:43:00+02:00;43736_G;50;4;0;unknown;0
2025-07-02T11:43:00+02:00;43739_D;17;19;48;heavy;1
2025-07-02T11:43:00+02:00;43739_G;50;7;0;unknown;0
2025-07-02T11:43:00+02:00;43740_D;27;10;48;heavy;1
2025-07-02T11:43:00+02:00;43740_G;50;6;0;unknown;0
2025-07-02T11:43:00+02:00;43741_D;35;1;48;heavy;1
2025-07-02T11:43:00+02:00;43741_G;50;0;0;unknown;0
2025-07-02T11:43:00+02:00;43742_D;50;7;0;unknown;0
2025-07-02T11:43:00+02:00;43742_G;50;7;0;unknown;0
2025-07-02T11:43:00+02:00;43743_G;10;125;20;congested;1
2025-07-02T11:43:00+02:00;43744_D;50;5;0;unknown;0
2025-07-02T11:43:00+02:00;43744_G;50;5;0;unknown;0
2025-07-02T11:43:00+02:00;43748;26;8;60;freeFlow;1
2025-07-02T11:43:00+02:00;43757;31;3;60;heavy;1
2025-07-02T11:43:00+02:00;43758;28;11;75;heavy;2
2025-07-02T11:43:00+02:00;43786_D;6;106;22;congested;1
2025-07-02T11:43:00+02:00;43786_G;22;29;42;heavy;1
2025-07-02T11:43:00+02:00;43787_D;50;3;0;unknown;0
2025-07-02T11:43:00+02:00;43787_G;28;4;40;heavy;1
2025-07-02T11:43:00+02:00;43788_D;50;2;0;unknown;0
2025-07-02T11:43:00+02:00;43788_G;30;3;35;heavy;1
2025-07-02T11:43:00+02:00;43789_D;50;5;0;unknown;0
2025-07-02T11:43:00+02:00;43789_G;30;9;35;heavy;1
2025-07-02T11:43:00+02:00;43790_D;50;5;0;unknown;0
2025-07-02T11:43:00+02:00;43790_G;36;6;35;freeFlow;1
2025-07-02T11:43:00+02:00;43791_D;50;3;0;unknown;0
2025-07-02T11:43:00+02:00;43791_G;41;3;35;freeFlow;1
2025-07-02T11:43:00+02:00;43792_D;50;7;0;unknown;0
2025-07-02T11:43:00+02:00;43792_G;42;8;35;freeFlow;1
2025-07-02T11:43:00+02:00;43814_D;8;93;15;congested;1
2025-07-02T11:43:00+02:00;43814_G;5;143;15;congested;1
2025-07-02T11:43:00+02:00;43815_D;8;47;0;unknown;0
2025-07-02T11:43:00+02:00;43815_G;46;8;0;unknown;0
2025-07-02T11:43:00+02:00;43817_D;50;14;0;unknown;0
2025-07-02T11:43:00+02:00;43817_G;50;14;0;unknown;0
2025-07-02T11:43:00+02:00;43819;12;37;100;heavy;3
2025-07-02T11:43:00+02:00;43821;27;10;75;heavy;2
2025-07-02T11:43:00+02:00;43828_D;50;11;0;unknown;0
2025-07-02T11:43:00+02:00;43828_G;16;33;40;heavy;1
2025-07-02T11:43:00+02:00;43835_D;31;11;0;unknown;0
2025-07-02T11:43:00+02:00;43835_G;14;24;12;congested;1
2025-07-02T11:43:00+02:00;43836;40;12;10;freeFlow;1
2025-07-02T11:43:00+02:00;43871_D;56;4;32;freeFlow;1
2025-07-02T11:43:00+02:00;43871_G;23;9;60;heavy;1
2025-07-02T11:43:00+02:00;43872_D;56;3;32;freeFlow;1
2025-07-02T11:43:00+02:00;43872_G;28;7;60;heavy;1
2025-07-02T11:43:00+02:00;43873_D;6;40;59;congested;2
2025-07-02T11:43:00+02:00;43873_G;28;9;60;heavy;1
2025-07-02T11:43:00+02:00;43925_D;56;5;32;freeFlow;1
2025-07-02T11:43:00+02:00;43925_G;28;9;60;heavy;1
2025-07-02T11:43:00+02:00;43937_D;49;6;20;freeFlow;1
2025-07-02T11:43:00+02:00;43937_G;50;6;0;unknown;0
2025-07-02T11:43:00+02:00;43938_D;52;19;22;freeFlow;1
2025-07-02T11:43:00+02:00;43938_G;50;20;0;unknown;0
2025-07-02T11:43:00+02:00;43972;32;11;0;unknown;0
2025-07-02T11:43:00+02:00;43974;24;21;75;heavy;2
2025-07-02T11:43:00+02:00;43975;44;5;75;freeFlow;2
2025-07-02T11:43:00+02:00;44002_D;34;13;75;heavy;2
2025-07-02T11:43:00+02:00;44002_G;39;11;38;freeFlow;2
2025-07-02T11:43:00+02:00;44003_D;37;11;75;freeFlow;2
2025-07-02T11:43:00+02:00;44012;18;37;75;heavy;2
2025-07-02T11:43:00+02:00;44017_D;41;4;60;freeFlow;1
2025-07-02T11:43:00+02:00;44018_D;44;13;60;freeFlow;1
2025-07-02T11:43:00+02:00;44028;50;5;0;unknown;0
2025-07-02T11:43:00+02:00;44036_D;23;5;60;heavy;1
2025-07-02T11:43:00+02:00;44036_G;44;3;57;freeFlow;1
2025-07-02T11:43:00+02:00;44066;41;5;55;freeFlow;1
2025-07-02T11:43:00+02:00;44067;41;18;55;freeFlow;1
2025-07-02T11:43:00+02:00;44069;10;21;52;congested;1
2025-07-02T11:43:00+02:00;44084_D;51;5;60;freeFlow;1
2025-07-02T11:43:00+02:00;44084_G;48;6;60;freeFlow;1
2025-07-02T11:43:00+02:00;44089_D;50;6;0;unknown;0
2025-07-02T11:43:00+02:00;44089_G;50;6;0;unknown;0
2025-07-02T11:43:00+02:00;44090_D;50;5;0;unknown;0
2025-07-02T11:43:00+02:00;44090_G;50;5;0;unknown;0
2025-07-02T11:43:00+02:00;44131;32;19;100;heavy;3
2025-07-02T11:43:00+02:00;44134;50;9;0;unknown;0
2025-07-02T11:43:00+02:00;44165_D;17;14;60;heavy;1
2025-07-02T11:43:00+02:00;44165_G;50;5;0;unknown;0
2025-07-02T11:43:00+02:00;44198_D;28;26;58;heavy;1
2025-07-02T11:43:00+02:00;44198_G;17;43;27;heavy;1
2025-07-02T11:43:00+02:00;44199_D;24;10;60;heavy;1
2025-07-02T11:43:00+02:00;44199_G;20;12;12;heavy;1
2025-07-02T11:43:00+02:00;44231_D;50;5;0;unknown;0
2025-07-02T11:43:00+02:00;44231_G;34;8;60;heavy;1
2025-07-02T11:43:00+02:00;44232_D;18;11;60;heavy;1
2025-07-02T11:43:00+02:00;44232_G;20;11;60;heavy;1
2025-07-02T11:43:00+02:00;44234_D;17;21;60;heavy;1
2025-07-02T11:43:00+02:00;44234_G;27;13;60;heavy;1
2025-07-02T11:43:00+02:00;44259_D;50;2;0;unknown;0
2025-07-02T11:43:00+02:00;44259_G;37;3;60;freeFlow;1
2025-07-02T11:43:00+02:00;44260;50;8;0;unknown;0
2025-07-02T11:43:00+02:00;44261_D;50;9;0;unknown;0
2025-07-02T11:43:00+02:00;44261_G;14;34;58;congested;1
2025-07-02T11:43:00+02:00;44293;9;31;48;congested;1
2025-07-02T11:43:00+02:00;44303_D;50;2;0;unknown;0
2025-07-02T11:43:00+02:00;44303_G;50;2;0;unknown;0
2025-07-02T11:43:00+02:00;44304_D;50;9;0;unknown;0
2025-07-02T11:43:00+02:00;44304_G;50;9;0;unknown;0
2025-07-02T11:43:00+02:00;44322_D;17;133;75;heavy;2
2025-07-02T11:43:00+02:00;44322_G;29;77;97;heavy;3
2025-07-02T11:43:00+02:00;44328;30;17;45;heavy;1
2025-07-02T11:43:00+02:00;44583_D;34;11;58;heavy;1
2025-07-02T11:43:00+02:00;44583_G;50;7;0;unknown;0
2025-07-02T11:43:00+02:00;44584_D;44;11;60;freeFlow;1
2025-07-02T11:43:00+02:00;44584_G;48;10;60;freeFlow;1
2025-07-02T11:43:00+02:00;44632_D;45;23;60;freeFlow;1
2025-07-02T11:43:00+02:00;44632_G;50;20;0;unknown;0
2025-07-02T11:43:00+02:00;44694_D;56;11;32;freeFlow;1
2025-07-02T11:43:00+02:00;44694_G;9;65;60;congested;1
2025-07-02T11:43:00+02:00;44695_D;56;2;32;freeFlow;1
2025-07-02T11:43:00+02:00;44695_G;22;5;75;heavy;2
2025-07-02T11:43:00+02:00;44711_D;48;13;15;freeFlow;1
2025-07-02T11:43:00+02:00;44711_G;51;12;55;freeFlow;1
2025-07-02T11:43:00+02:00;44712_D;41;6;15;freeFlow;1
2025-07-02T11:43:00+02:00;44712_G;52;5;55;freeFlow;1
2025-07-02T11:43:00+02:00;44714_D;49;1;15;freeFlow;1
2025-07-02T11:43:00+02:00;44714_G;51;1;55;freeFlow;1
2025-07-02T11:43:00+02:00;44736_D;51;2;60;freeFlow;1
2025-07-02T11:43:00+02:00;44736_G;48;2;60;freeFlow;1
2025-07-02T11:43:00+02:00;44868;76;6;60;freeFlow;1
2025-07-02T11:43:00+02:00;44873;50;3;0;unknown;0
2025-07-02T11:43:00+02:00;44874;52;7;75;freeFlow;2
2025-07-02T11:43:00+02:00;44875;62;7;45;freeFlow;1
2025-07-02T11:43:00+02:00;44877;41;10;60;freeFlow;1
2025-07-02T11:43:00+02:00;44878;70;13;0;unknown;0
2025-07-02T11:43:00+02:00;44880;76;20;100;freeFlow;6
2025-07-02T11:43:00+02:00;44882;82;12;100;freeFlow;8
2025-07-02T11:43:00+02:00;44884;84;16;100;freeFlow;9
2025-07-02T11:43:00+02:00;44900;76;20;89;freeFlow;3
2025-07-02T11:43:00+02:00;44902_D;49;33;57;freeFlow;1
2025-07-02T11:43:00+02:00;44902_G;38;44;60;freeFlow;1
2025-07-02T11:43:00+02:00;44905;61;11;97;freeFlow;4
2025-07-02T11:43:00+02:00;44920;87;3;100;freeFlow;7
2025-07-02T11:43:00+02:00;44942;55;20;75;freeFlow;2
2025-07-02T11:43:00+02:00;44948;75;14;100;freeFlow;8
2025-07-02T11:43:00+02:00;44961;15;22;100;heavy;6
2025-07-02T11:43:00+02:00;44962;16;16;100;heavy;4
2025-07-02T11:43:00+02:00;44963;10;10;72;congested;2
2025-07-02T11:43:00+02:00;44966;84;11;100;freeFlow;8
2025-07-02T11:43:00+02:00;44974;15;9;100;congested;8
2025-07-02T11:43:00+02:00;45012_D;50;1;0;unknown;0
2025-07-02T11:43:00+02:00;45012_G;17;3;57;heavy;1
2025-07-02T11:43:00+02:00;45028_D;50;17;0;unknown;0
2025-07-02T11:43:00+02:00;45028_G;28;31;74;heavy;2
2025-07-02T11:43:00+02:00;45029_D;50;7;0;unknown;0
2025-07-02T11:43:00+02:00;45029_G;31;11;73;heavy;2
2025-07-02T11:43:00+02:00;45106_D;50;3;0;unknown;0
2025-07-02T11:43:00+02:00;45106_G;22;6;72;heavy;2
2025-07-02T11:43:00+02:00;45136_D;91;9;60;freeFlow;1
2025-07-02T11:43:00+02:00;45149;68;7;100;freeFlow;3
2025-07-02T11:43:00+02:00;45166;54;1;100;freeFlow;3
2025-07-02T11:43:00+02:00;45169;32;3;75;heavy;2
2025-07-02T11:43:00+02:00;45236_G;106;5;10;freeFlow;1
2025-07-02T11:43:00+02:00;45238;106;6;10;freeFlow;1
2025-07-02T11:43:00+02:00;45239;52;9;75;freeFlow;2
2025-07-02T11:43:00+02:00;45240;70;7;100;freeFlow;3
2025-07-02T11:43:00+02:00;45241;79;2;75;freeFlow;2
2025-07-02T11:43:00+02:00;45305;78;4;60;freeFlow;1
2025-07-02T11:43:00+02:00;45306;78;8;60;freeFlow;1
2025-07-02T11:43:00+02:00;45327;67;9;100;freeFlow;12
2025-07-02T11:43:00+02:00;45486_D;25;8;35;heavy;2
2025-07-02T11:43:00+02:00;45487_D;24;10;35;heavy;2
2025-07-02T11:43:00+02:00;45630;79;14;100;freeFlow;18
2025-07-02T11:43:00+02:00;45645_D;40;14;10;freeFlow;1
2025-07-02T11:43:00+02:00;45651;39;4;60;freeFlow;1
2025-07-02T11:43:00+02:00;45761_D;35;9;0;unknown;0
2025-07-02T11:43:00+02:00;45865_D;38;9;35;freeFlow;1
2025-07-02T11:43:00+02:00;46053_D;34;11;57;heavy;1
2025-07-02T11:43:00+02:00;46056_D;17;6;60;heavy;1
2025-07-02T11:43:00+02:00;46061;50;4;0;unknown;0
2025-07-02T11:43:00+02:00;46567_D;25;4;60;heavy;1
2025-07-02T11:43:00+02:00;46642;50;5;0;unknown;0
2025-07-02T11:43:00+02:00;46771;70;12;100;freeFlow;6
2025-07-02T11:43:00+02:00;46821_D;40;20;50;freeFlow;1
2025-07-02T11:43:00+02:00;46821_G;20;42;62;heavy;2
2025-07-02T11:43:00+02:00;46923_D;34;1;50;freeFlow;1
2025-07-02T11:43:00+02:00;46923_G;37;1;40;freeFlow;1
2025-07-02T11:43:00+02:00;46976;29;7;60;heavy;1
2025-07-02T11:43:00+02:00;47029;19;19;55;heavy;1
2025-07-02T11:43:00+02:00;47061;87;21;100;freeFlow;8
2025-07-02T11:43:00+02:00;47239;87;6;100;freeFlow;6
2025-07-02T11:43:00+02:00;47410;90;15;100;freeFlow;9
2025-07-02T11:43:00+02:00;47411;92;14;100;freeFlow;8
2025-07-02T11:43:00+02:00;47412;44;1;55;heavy;1
2025-07-02T11:43:00+02:00;47413;41;11;100;heavy;4
2025-07-02T11:43:00+02:00;47414;50;1;75;freeFlow;2
2025-07-02T11:43:00+02:00;47416;91;13;100;freeFlow;10
2025-07-02T11:43:00+02:00;47418;92;16;100;freeFlow;8
2025-07-02T11:43:00+02:00;47420;70;13;0;unknown;0
2025-07-02T11:43:00+02:00;47476;36;16;100;heavy;3
2025-07-02T11:43:00+02:00;47477;54;3;75;freeFlow;2
2025-07-02T11:43:00+02:00;47479;69;14;70;freeFlow;2
2025-07-02T11:43:00+02:00;47480;94;48;100;freeFlow;9
2025-07-02T11:43:00+02:00;47481;89;52;100;freeFlow;6
2025-07-02T11:43:00+02:00;47537_D;50;6;0;unknown;0
2025-07-02T11:43:00+02:00;47537_G;5;62;40;congested;1
2025-07-02T11:43:00+02:00;47742_D;34;7;75;heavy;2
2025-07-02T11:43:00+02:00;48758;35;3;100;freeFlow;3
2025-07-02T11:43:00+02:00;48759;42;1;75;freeFlow;2
2025-07-02T11:43:00+02:00;48920_D;20;12;53;heavy;2
2025-07-02T11:43:00+02:00;48920_G;14;18;57;congested;1
2025-07-02T11:43:00+02:00;489866_D;35;4;60;heavy;1
2025-07-02T11:43:00+02:00;489970;107;9;60;freeFlow;1
2025-07-02T11:43:00+02:00;489971;44;3;55;heavy;1
2025-07-02T11:43:00+02:00;489972;82;5;100;freeFlow;11
2025-07-02T11:43:00+02:00;490059_D;54;17;30;freeFlow;1
2025-07-02T11:43:00+02:00;490059_G;49;19;52;heavy;1
2025-07-02T11:43:00+02:00;490080_D;69;1;30;freeFlow;1
2025-07-02T11:43:00+02:00;490080_G;43;1;55;freeFlow;1
2025-07-02T11:43:00+02:00;49026;71;1;100;freeFlow;3
2025-07-02T11:43:00+02:00;49053;42;13;55;freeFlow;1
2025-07-02T11:43:00+02:00;490823;81;9;42;freeFlow;1
2025-07-02T11:43:00+02:00;490824;27;14;60;heavy;1
2025-07-02T11:43:00+02:00;490825;78;10;60;freeFlow;2
2025-07-02T11:43:00+02:00;490827;74;5;60;freeFlow;2
2025-07-02T11:43:00+02:00;490828_D;47;11;60;freeFlow;1
2025-07-02T11:43:00+02:00;490828_G;34;15;38;freeFlow;1
2025-07-02T11:43:00+02:00;491005_D;50;3;0;unknown;0
2025-07-02T11:43:00+02:00;491005_G;34;4;60;heavy;1
2025-07-02T11:43:00+02:00;491126_D;9;48;60;congested;1
2025-07-02T11:43:00+02:00;491126_G;23;20;72;freeFlow;3
2025-07-02T11:43:00+02:00;491135;65;2;60;freeFlow;1
2025-07-02T11:43:00+02:00;491141;72;1;60;freeFlow;1
2025-07-02T11:43:00+02:00;491300_D;50;13;0;unknown;0
2025-07-02T11:43:00+02:00;491300_G;38;17;57;freeFlow;1
2025-07-02T11:43:00+02:00;491308;12;4;60;congested;1
2025-07-02T11:43:00+02:00;491320_D;50;6;0;unknown;0
2025-07-02T11:43:00+02:00;491320_G;51;6;60;freeFlow;1
2025-07-02T11:43:00+02:00;491326_D;50;11;0;unknown;0
2025-07-02T11:43:00+02:00;491326_G;50;11;60;freeFlow;1
2025-07-02T11:43:00+02:00;491329_D;50;4;0;unknown;0
2025-07-02T11:43:00+02:00;491329_G;35;6;60;heavy;1
2025-07-02T11:43:00+02:00;491490;22;10;100;heavy;3
2025-07-02T11:43:00+02:00;491714_D;34;7;50;freeFlow;1
2025-07-02T11:43:00+02:00;491714_G;35;7;40;freeFlow;1
2025-07-02T11:43:00+02:00;491735_D;34;3;50;freeFlow;1
2025-07-02T11:43:00+02:00;491735_G;26;6;65;freeFlow;2
2025-07-02T11:43:00+02:00;491794_D;50;3;45;freeFlow;1
2025-07-02T11:43:00+02:00;491794_G;30;5;55;heavy;1
2025-07-02T11:43:00+02:00;491872;46;14;75;freeFlow;2
2025-07-02T11:43:00+02:00;491877;42;2;60;freeFlow;1
2025-07-02T11:43:00+02:00;491881;42;1;60;freeFlow;1
2025-07-02T11:43:00+02:00;491884;29;2;100;heavy;3
2025-07-02T11:43:00+02:00;491888;69;13;75;freeFlow;2
2025-07-02T11:43:00+02:00;491890;74;1;60;freeFlow;1
2025-07-02T11:43:00+02:00;491917;54;2;100;freeFlow;3
2025-07-02T11:43:00+02:00;49225_D;50;6;0;unknown;0
2025-07-02T11:43:00+02:00;49225_G;57;6;50;freeFlow;1
2025-07-02T11:43:00+02:00;492315_D;33;44;50;heavy;1
2025-07-02T11:43:00+02:00;492315_G;47;31;55;freeFlow;1
2025-07-02T11:43:00+02:00;492351_D;11;11;38;congested;2
2025-07-02T11:43:00+02:00;492359_G;3;93;22;congested;1
2025-07-02T11:43:00+02:00;492437;20;10;75;heavy;2
2025-07-02T11:43:00+02:00;492442;27;1;100;heavy;3
2025-07-02T11:43:00+02:00;492445_D;26;23;60;heavy;1
2025-07-02T11:43:00+02:00;492478;24;6;100;heavy;5
2025-07-02T11:43:00+02:00;492492;103;3;60;freeFlow;1
2025-07-02T11:43:00+02:00;49315_D;14;13;22;congested;1
2025-07-02T11:43:00+02:00;49315_G;9;22;70;congested;2
2025-07-02T11:43:00+02:00;49943_D;50;14;0;unknown;0
2025-07-02T11:43:00+02:00;49943_G;50;14;0;unknown;0
2025-07-02T11:43:00+02:00;49947;3;58;60;congested;1
2025-07-02T11:43:00+02:00;49958_D;48;6;0;unknown;0
2025-07-02T11:43:00+02:00;49958_G;26;11;55;heavy;1
2025-07-02T11:43:00+02:00;50308_D;16;16;84;heavy;3
2025-07-02T11:43:00+02:00;50441;30;8;70;heavy;2
2025-07-02T11:43:00+02:00;50525;33;7;60;heavy;1
2025-07-02T11:43:00+02:00;50571;17;6;55;heavy;1
2025-07-02T11:43:00+02:00;50625;28;8;55;heavy;1
2025-07-02T11:43:00+02:00;5064_D;77;7;57;freeFlow;1
2025-07-02T11:43:00+02:00;5064_G;15;35;38;congested;1
2025-07-02T11:43:00+02:00;51419;32;24;10;heavy;1
2025-07-02T11:43:00+02:00;51474_D;50;1;0;unknown;0
2025-07-02T11:43:00+02:00;51474_G;24;3;40;heavy;1
2025-07-02T11:43:00+02:00;51798;35;2;50;heavy;1
2025-07-02T11:43:00+02:00;52107_D;37;12;50;freeFlow;1
2025-07-02T11:43:00+02:00;52107_G;31;15;59;heavy;2
2025-07-02T11:43:00+02:00;52129;26;12;52;heavy;1
2025-07-02T11:43:00+02:00;52835_D;10;15;75;congested;2
2025-07-02T11:43:00+02:00;53020_D;41;2;60;freeFlow;1
2025-07-02T11:43:00+02:00;53327_D;48;7;53;freeFlow;2
2025-07-02T11:43:00+02:00;53327_G;49;7;75;freeFlow;2
2025-07-02T11:43:00+02:00;53411_G;35;11;50;heavy;1
2025-07-02T11:43:00+02:00;53428;79;60;100;freeFlow;13
2025-07-02T11:43:00+02:00;53539_D;54;4;10;freeFlow;1
2025-07-02T11:43:00+02:00;53566;50;2;0;unknown;0
2025-07-02T11:43:00+02:00;53623;40;3;60;freeFlow;1
2025-07-02T11:43:00+02:00;53624;33;2;98;heavy;3
2025-07-02T11:43:00+02:00;53625;35;2;93;freeFlow;3
2025-07-02T11:43:00+02:00;53634_D;47;1;60;freeFlow;1
2025-07-02T11:43:00+02:00;53634_G;13;4;30;heavy;1
2025-07-02T11:43:00+02:00;53641_D;17;25;27;heavy;1
2025-07-02T11:43:00+02:00;53641_G;37;12;32;freeFlow;1
2025-07-02T11:43:00+02:00;53652;27;28;73;heavy;2
2025-07-02T11:43:00+02:00;53659;5;36;81;congested;3
2025-07-02T11:43:00+02:00;53702;67;6;100;freeFlow;16
2025-07-02T11:43:00+02:00;53892;40;2;100;freeFlow;6
2025-07-02T11:43:00+02:00;53893;41;15;100;freeFlow;6
2025-07-02T11:43:00+02:00;53895;28;12;100;heavy;6
2025-07-02T11:43:00+02:00;53896;31;13;100;heavy;7
2025-07-02T11:43:00+02:00;53898;28;20;100;heavy;7
2025-07-02T11:43:00+02:00;53900;23;25;100;heavy;4
2025-07-02T11:43:00+02:00;53901;41;6;100;freeFlow;3
2025-07-02T11:43:00+02:00;53903;44;5;100;freeFlow;3
2025-07-02T11:43:00+02:00;53904;30;5;100;heavy;8
2025-07-02T11:43:00+02:00;53905;44;9;100;freeFlow;3
2025-07-02T11:43:00+02:00;53908;12;10;100;congested;8
2025-07-02T11:43:00+02:00;53910;39;8;100;freeFlow;7
2025-07-02T11:43:00+02:00;53912;53;6;100;freeFlow;6
2025-07-02T11:43:00+02:00;53915;51;11;100;freeFlow;6
2025-07-02T11:43:00+02:00;53918;48;10;100;freeFlow;6
2025-07-02T11:43:00+02:00;53919;47;3;100;freeFlow;5
2025-07-02T11:43:00+02:00;53921;48;11;100;freeFlow;4
2025-07-02T11:43:00+02:00;53922;46;4;100;freeFlow;4
2025-07-02T11:43:00+02:00;53923;41;13;100;freeFlow;6
2025-07-02T11:43:00+02:00;53925_D;56;5;57;freeFlow;1
2025-07-02T11:43:00+02:00;53925_G;38;7;60;heavy;1
2025-07-02T11:43:00+02:00;53936;70;13;83;freeFlow;3
2025-07-02T11:43:00+02:00;53938;62;5;75;freeFlow;2
2025-07-02T11:43:00+02:00;53939;47;30;75;heavy;2
2025-07-02T11:43:00+02:00;53941;88;6;100;freeFlow;3
2025-07-02T11:43:00+02:00;53942;76;3;100;freeFlow;3
2025-07-02T11:43:00+02:00;53944;51;1;60;freeFlow;1
2025-07-02T11:43:00+02:00;53945;74;6;60;freeFlow;1
2025-07-02T11:43:00+02:00;53946;53;1;68;freeFlow;2
2025-07-02T11:43:00+02:00;53947;46;1;75;freeFlow;2
2025-07-02T11:43:00+02:00;53948;94;3;75;freeFlow;2
2025-07-02T11:43:00+02:00;53949;74;3;75;freeFlow;2
2025-07-02T11:43:00+02:00;53950;88;43;75;freeFlow;2
2025-07-02T11:43:00+02:00;53952_D;19;6;60;heavy;1
2025-07-02T11:43:00+02:00;53952_G;101;1;88;freeFlow;5
2025-07-02T11:43:00+02:00;53959;89;40;100;freeFlow;6
2025-07-02T11:43:00+02:00;53961;88;65;100;freeFlow;5
2025-07-02T11:43:00+02:00;53987;53;1;100;freeFlow;3
2025-07-02T11:43:00+02:00;53990;45;6;75;freeFlow;2
2025-07-02T11:43:00+02:00;54067;81;12;100;freeFlow;10
2025-07-02T11:43:00+02:00;54134;24;32;75;heavy;2
2025-07-02T11:43:00+02:00;54138;38;27;100;freeFlow;3
2025-07-02T11:43:00+02:00;54140;33;60;100;heavy;4
2025-07-02T11:43:00+02:00;54144;81;2;60;freeFlow;1
2025-07-02T11:43:00+02:00;54150;31;29;100;heavy;3
2025-07-02T11:43:00+02:00;54153;50;18;0;unknown;0
2025-07-02T11:43:00+02:00;54154;50;21;0;unknown;0
2025-07-02T11:43:00+02:00;54155;40;27;60;freeFlow;1
2025-07-02T11:43:00+02:00;54161;11;17;60;congested;1
2025-07-02T11:43:00+02:00;54187_D;30;11;0;unknown;0
2025-07-02T11:43:00+02:00;54187_G;28;13;25;freeFlow;1
2025-07-02T11:43:00+02:00;54189_D;53;7;27;freeFlow;1
2025-07-02T11:43:00+02:00;54189_G;53;8;27;freeFlow;1
2025-07-02T11:43:00+02:00;54191_D;53;5;27;freeFlow;1
2025-07-02T11:43:00+02:00;54191_G;51;5;12;freeFlow;1
2025-07-02T11:43:00+02:00;54197;18;42;0;unknown;0
2025-07-02T11:43:00+02:00;54198;6;35;0;unknown;0
2025-07-02T11:43:00+02:00;54206;46;13;55;freeFlow;2
2025-07-02T11:43:00+02:00;54208;46;1;55;freeFlow;2
2025-07-02T11:43:00+02:00;54212;41;39;57;freeFlow;2
2025-07-02T11:43:00+02:00;54223_D;30;2;42;freeFlow;1
2025-07-02T11:43:00+02:00;54223_G;28;3;60;freeFlow;1
2025-07-02T11:43:00+02:00;54227;91;10;100;freeFlow;8
2025-07-02T11:43:00+02:00;54234;108;0;25;freeFlow;1
2025-07-02T11:43:00+02:00;54239;38;2;0;unknown;0
2025-07-02T11:43:00+02:00;54240;71;5;100;freeFlow;3
2025-07-02T11:43:00+02:00;54241;32;2;75;heavy;2
2025-07-02T11:43:00+02:00;54243;33;17;75;heavy;2
2025-07-02T11:43:00+02:00;54297;8;107;100;congested;4
2025-07-02T11:43:00+02:00;54339;32;30;60;heavy;1
2025-07-02T11:43:00+02:00;54340;44;7;60;freeFlow;1
2025-07-02T11:43:00+02:00;54358_D;42;17;75;freeFlow;2
2025-07-02T11:43:00+02:00;54358_G;39;18;69;freeFlow;3
2025-07-02T11:43:00+02:00;54363;61;8;38;freeFlow;2
2025-07-02T11:43:00+02:00;54365;58;5;38;freeFlow;2
2025-07-02T11:43:00+02:00;54367;60;7;38;freeFlow;2
2025-07-02T11:43:00+02:00;54368;14;7;38;congested;1
2025-07-02T11:43:00+02:00;54369;42;29;100;freeFlow;8
2025-07-02T11:43:00+02:00;54372;32;1;60;heavy;1
2025-07-02T11:43:00+02:00;54375;39;17;89;freeFlow;3
2025-07-02T11:43:00+02:00;54376;26;8;100;heavy;4
2025-07-02T11:43:00+02:00;54378;13;24;100;congested;8
2025-07-02T11:43:00+02:00;54381;36;8;100;freeFlow;3
2025-07-02T11:43:00+02:00;54382;15;14;60;congested;1
2025-07-02T11:43:00+02:00;54383;30;27;100;heavy;9
2025-07-02T11:43:00+02:00;54384;40;6;60;freeFlow;1
2025-07-02T11:43:00+02:00;54385;33;8;100;heavy;3
2025-07-02T11:43:00+02:00;54386;91;1;40;freeFlow;1
2025-07-02T11:43:00+02:00;54400;24;22;100;heavy;3
2025-07-02T11:43:00+02:00;54401;28;3;75;heavy;2
2025-07-02T11:43:00+02:00;54406;33;78;100;heavy;3
2025-07-02T11:43:00+02:00;54428_D;50;12;0;unknown;0
2025-07-02T11:43:00+02:00;54428_G;50;12;0;unknown;0
2025-07-02T11:43:00+02:00;54429_D;50;13;0;unknown;0
2025-07-02T11:43:00+02:00;54429_G;7;91;15;congested;1
2025-07-02T11:43:00+02:00;54438_D;50;1;0;unknown;0
2025-07-02T11:43:00+02:00;54438_G;50;1;0;unknown;0
2025-07-02T11:43:00+02:00;54440_D;27;11;42;heavy;1
2025-07-02T11:43:00+02:00;54440_G;31;9;57;heavy;1
2025-07-02T11:43:00+02:00;54444_D;38;1;42;freeFlow;1
2025-07-02T11:43:00+02:00;54444_G;31;2;57;heavy;1
2025-07-02T11:43:00+02:00;54447_D;38;14;42;freeFlow;1
2025-07-02T11:43:00+02:00;54447_G;43;12;73;freeFlow;2
2025-07-02T11:43:00+02:00;54448_D;42;4;45;freeFlow;1
2025-07-02T11:43:00+02:00;54448_G;47;4;55;freeFlow;1
2025-07-02T11:43:00+02:00;54449_D;50;10;45;freeFlow;1
2025-07-02T11:43:00+02:00;54449_G;41;12;70;freeFlow;2
2025-07-02T11:43:00+02:00;54453_D;50;3;45;freeFlow;1
2025-07-02T11:43:00+02:00;54453_G;32;4;55;heavy;1
2025-07-02T11:43:00+02:00;54455;46;2;42;freeFlow;1
2025-07-02T11:43:00+02:00;54457;45;9;42;freeFlow;1
2025-07-02T11:43:00+02:00;54460;45;6;42;freeFlow;1
2025-07-02T11:43:00+02:00;54463_D;43;7;48;freeFlow;1
2025-07-02T11:43:00+02:00;54463_G;42;8;42;freeFlow;1
2025-07-02T11:43:00+02:00;54466_D;20;36;48;heavy;1
2025-07-02T11:43:00+02:00;54466_G;37;22;42;freeFlow;1
2025-07-02T11:43:00+02:00;54469;56;2;100;freeFlow;3
2025-07-02T11:43:00+02:00;54471;22;20;100;heavy;3
2025-07-02T11:43:00+02:00;54472;42;10;55;freeFlow;2
2025-07-02T11:43:00+02:00;54473;46;1;55;freeFlow;2
2025-07-02T11:43:00+02:00;54483;31;49;58;heavy;1
2025-07-02T11:43:00+02:00;54489;33;1;20;heavy;1
2025-07-02T11:43:00+02:00;54490;42;4;60;freeFlow;1
2025-07-02T11:43:00+02:00;54492;41;4;60;freeFlow;1
2025-07-02T11:43:00+02:00;54505;35;22;60;heavy;1
2025-07-02T11:43:00+02:00;54509;50;6;0;unknown;0
2025-07-02T11:43:00+02:00;54518;50;3;0;unknown;0
2025-07-02T11:43:00+02:00;54522;50;2;0;unknown;0
2025-07-02T11:43:00+02:00;54523;30;3;0;unknown;0
2025-07-02T11:43:00+02:00;54524;30;1;0;unknown;0
2025-07-02T11:43:00+02:00;54580_D;43;13;15;freeFlow;1
2025-07-02T11:43:00+02:00;54877;25;29;75;heavy;2
2025-07-02T11:43:00+02:00;54879;33;22;55;heavy;2
2025-07-02T11:43:00+02:00;54880_D;4;235;60;congested;1
2025-07-02T11:43:00+02:00;54880_G;19;52;75;heavy;2
2025-07-02T11:43:00+02:00;54882;28;2;100;freeFlow;3
2025-07-02T11:43:00+02:00;54883;31;2;75;freeFlow;2
2025-07-02T11:43:00+02:00;54884;30;1;0;unknown;0
2025-07-02T11:43:00+02:00;54885;30;1;0;unknown;0
2025-07-02T11:43:00+02:00;54886;34;3;40;freeFlow;1
2025-07-02T11:43:00+02:00;54887;17;4;75;heavy;2
2025-07-02T11:43:00+02:00;54888;30;1;75;freeFlow;2
2025-07-02T11:43:00+02:00;54889;30;1;75;freeFlow;2
2025-07-02T11:43:00+02:00;54988;79;1;45;freeFlow;1
2025-07-02T11:43:00+02:00;54989;82;21;67;freeFlow;2
2025-07-02T11:43:00+02:00;54990;34;3;63;heavy;2
2025-07-02T11:43:00+02:00;54991;36;48;65;heavy;2
2025-07-02T11:43:00+02:00;55467_D;43;15;38;freeFlow;1
2025-07-02T11:43:00+02:00;55467_G;24;24;84;heavy;4
2025-07-02T11:43:00+02:00;55570_D;57;3;22;freeFlow;1
2025-07-02T11:43:00+02:00;55570_G;50;3;0;unknown;0
2025-07-02T11:43:00+02:00;55589_D;24;10;10;freeFlow;1
2025-07-02T11:43:00+02:00;55589_G;30;8;0;unknown;0
2025-07-02T11:43:00+02:00;55591;50;1;0;unknown;0
2025-07-02T11:43:00+02:00;55592;21;2;10;heavy;1
2025-07-02T11:43:00+02:00;55593;21;3;10;heavy;1
2025-07-02T11:43:00+02:00;55595;50;1;0;unknown;0
2025-07-02T11:43:00+02:00;55596;50;1;0;unknown;0
2025-07-02T11:43:00+02:00;55597;50;1;0;unknown;0
2025-07-02T11:43:00+02:00;55702;8;36;38;congested;2
2025-07-02T11:43:00+02:00;55704;19;45;40;heavy;2
2025-07-02T11:43:00+02:00;5576_D;42;8;32;heavy;1
2025-07-02T11:43:00+02:00;5576_G;27;12;60;heavy;1
2025-07-02T11:43:00+02:00;55881;38;1;50;freeFlow;1
2025-07-02T11:43:00+02:00;55900;38;2;50;freeFlow;1
2025-07-02T11:43:00+02:00;55929_D;34;12;60;heavy;1
2025-07-02T11:43:00+02:00;55929_G;102;4;48;freeFlow;1
2025-07-02T11:43:00+02:00;55976;83;2;60;freeFlow;1
2025-07-02T11:43:00+02:00;56024;81;12;60;freeFlow;1
2025-07-02T11:43:00+02:00;56131;29;4;27;heavy;1
2025-07-02T11:43:00+02:00;56257;30;7;0;unknown;0
2025-07-02T11:43:00+02:00;563566;41;3;60;freeFlow;1
2025-07-02T11:43:00+02:00;563571;41;7;60;freeFlow;1
2025-07-02T11:43:00+02:00;563844_D;27;33;100;heavy;6
2025-07-02T11:43:00+02:00;563844_G;43;20;60;heavy;1
2025-07-02T11:43:00+02:00;563846;62;5;38;freeFlow;2
2025-07-02T11:43:00+02:00;563903_D;22;79;60;heavy;1
2025-07-02T11:43:00+02:00;563903_G;50;34;15;freeFlow;1
2025-07-02T11:43:00+02:00;564067_D;58;21;100;freeFlow;4
2025-07-02T11:43:00+02:00;564067_G;69;19;60;freeFlow;1
2025-07-02T11:43:00+02:00;564195_D;33;14;60;heavy;1
2025-07-02T11:43:00+02:00;564195_G;1;304;60;congested;1
2025-07-02T11:43:00+02:00;56441;30;8;60;heavy;1
2025-07-02T11:43:00+02:00;5651;35;2;30;heavy;1
2025-07-02T11:43:00+02:00;5652;33;2;75;heavy;2
2025-07-02T11:43:00+02:00;565232;33;3;25;freeFlow;1
2025-07-02T11:43:00+02:00;5653;51;1;60;freeFlow;1
2025-07-02T11:43:00+02:00;565374;45;46;100;freeFlow;5
2025-07-02T11:43:00+02:00;565376;35;60;100;heavy;4
2025-07-02T11:43:00+02:00;565393;79;60;68;freeFlow;2
2025-07-02T11:43:00+02:00;5654;38;1;100;freeFlow;3
2025-07-02T11:43:00+02:00;565682_D;22;43;60;heavy;1
2025-07-02T11:43:00+02:00;565682_G;31;30;22;heavy;1
2025-07-02T11:43:00+02:00;565731_D;47;2;60;freeFlow;1
2025-07-02T11:43:00+02:00;565731_G;34;2;38;freeFlow;1
2025-07-02T11:43:00+02:00;565732;77;1;60;freeFlow;2
2025-07-02T11:43:00+02:00;56584;83;3;60;freeFlow;1
2025-07-02T11:43:00+02:00;565854;85;12;100;freeFlow;4
2025-07-02T11:43:00+02:00;566176_D;36;31;75;heavy;2
2025-07-02T11:43:00+02:00;566176_G;39;29;60;heavy;1
2025-07-02T11:43:00+02:00;56619_D;43;9;42;freeFlow;1
2025-07-02T11:43:00+02:00;56619_G;35;12;75;heavy;2
2025-07-02T11:43:00+02:00;566287_D;14;36;55;heavy;1
2025-07-02T11:43:00+02:00;566287_G;20;24;60;heavy;1
2025-07-02T11:43:00+02:00;566302_D;41;1;60;freeFlow;1
2025-07-02T11:43:00+02:00;566302_G;40;1;60;freeFlow;1
2025-07-02T11:43:00+02:00;566303_D;45;16;32;freeFlow;1
2025-07-02T11:43:00+02:00;566303_G;25;29;75;heavy;2
2025-07-02T11:43:00+02:00;5663_D;54;49;100;heavy;4
2025-07-02T11:43:00+02:00;5663_G;70;37;32;freeFlow;1
2025-07-02T11:43:00+02:00;566407_D;30;3;0;unknown;0
2025-07-02T11:43:00+02:00;566407_G;25;3;27;freeFlow;1
2025-07-02T11:43:00+02:00;566417_D;30;5;0;unknown;0
2025-07-02T11:43:00+02:00;566417_G;53;3;27;freeFlow;1
2025-07-02T11:43:00+02:00;566419;50;1;0;unknown;0
2025-07-02T11:43:00+02:00;566481;28;2;0;unknown;0
2025-07-02T11:43:00+02:00;566482;50;1;0;unknown;0
2025-07-02T11:43:00+02:00;566483;116;98;59;freeFlow;3
2025-07-02T11:43:00+02:00;566484;50;0;0;unknown;0
2025-07-02T11:43:00+02:00;5664_D;83;2;32;freeFlow;1
2025-07-02T11:43:00+02:00;5664_G;73;2;100;freeFlow;4
2025-07-02T11:43:00+02:00;566573_D;32;3;42;heavy;1
2025-07-02T11:43:00+02:00;566573_G;35;3;75;heavy;2
2025-07-02T11:43:00+02:00;566599_D;104;0;55;freeFlow;1
2025-07-02T11:43:00+02:00;566599_G;29;1;45;freeFlow;1
2025-07-02T11:43:00+02:00;566706_D;50;3;0;unknown;0
2025-07-02T11:43:00+02:00;566706_G;50;4;0;unknown;0
2025-07-02T11:43:00+02:00;56676_G;13;16;57;congested;1
2025-07-02T11:43:00+02:00;566850;104;1;55;freeFlow;1
2025-07-02T11:43:00+02:00;566924_D;43;7;48;freeFlow;1
2025-07-02T11:43:00+02:00;566924_G;27;11;42;heavy;1
2025-07-02T11:43:00+02:00;566942;32;1;73;heavy;2
2025-07-02T11:43:00+02:00;56872;80;26;100;freeFlow;10
2025-07-02T11:43:00+02:00;56874;83;6;100;freeFlow;8
2025-07-02T11:43:00+02:00;56886;50;51;0;unknown;0
2025-07-02T11:43:00+02:00;56914;16;10;100;heavy;3
2025-07-02T11:43:00+02:00;56926;85;3;100;freeFlow;7
2025-07-02T11:43:00+02:00;57009;73;5;100;freeFlow;17
2025-07-02T11:43:00+02:00;57011;79;8;100;freeFlow;8
2025-07-02T11:43:00+02:00;57012;58;7;55;freeFlow;1
2025-07-02T11:43:00+02:00;57082_D;50;5;35;freeFlow;1
2025-07-02T11:43:00+02:00;57360_D;17;9;55;heavy;1
2025-07-02T11:43:00+02:00;57360_G;44;4;17;freeFlow;1
2025-07-02T11:43:00+02:00;57362_D;14;8;55;heavy;1
2025-07-02T11:43:00+02:00;57362_G;44;2;17;freeFlow;1
2025-07-02T11:43:00+02:00;57368_D;29;7;55;freeFlow;1
2025-07-02T11:43:00+02:00;57368_G;44;5;17;freeFlow;1
2025-07-02T11:43:00+02:00;57378_D;51;3;20;freeFlow;1
2025-07-02T11:43:00+02:00;57378_G;50;3;0;unknown;0
2025-07-02T11:43:00+02:00;62549;41;1;100;freeFlow;3
2025-07-02T11:43:00+02:00;62550;29;2;100;heavy;3
2025-07-02T11:43:00+02:00;62617_D;52;9;22;freeFlow;1
2025-07-02T11:43:00+02:00;62617_G;50;9;0;unknown;0
2025-07-02T11:43:00+02:00;62948_D;30;5;0;unknown;0
2025-07-02T11:43:00+02:00;62948_G;29;6;60;freeFlow;1
2025-07-02T11:43:00+02:00;63039;52;3;100;freeFlow;7
2025-07-02T11:43:00+02:00;63203_D;26;30;52;freeFlow;1
2025-07-02T11:43:00+02:00;63203_G;19;43;60;heavy;1
2025-07-02T11:43:00+02:00;63308;60;1;100;freeFlow;3
2025-07-02T11:43:00+02:00;63895_D;27;5;45;freeFlow;1
2025-07-02T11:43:00+02:00;63895_G;17;8;60;heavy;1
2025-07-02T11:43:00+02:00;63903;88;2;100;freeFlow;9
2025-07-02T11:43:00+02:00;63917;74;2;60;freeFlow;1
2025-07-02T11:43:00+02:00;63954_D;104;2;55;freeFlow;1
2025-07-02T11:43:00+02:00;63954_G;25;6;50;freeFlow;1
2025-07-02T11:43:00+02:00;63961_D;104;0;55;freeFlow;1
2025-07-02T11:43:00+02:00;63961_G;49;1;52;freeFlow;1
2025-07-02T11:43:00+02:00;63963_D;28;16;60;freeFlow;1
2025-07-02T11:43:00+02:00;63963_G;34;13;38;freeFlow;1
2025-07-02T11:43:00+02:00;63974;31;13;100;heavy;3
2025-07-02T11:43:00+02:00;64028;50;2;0;unknown;0
2025-07-02T11:43:00+02:00;64029;53;2;60;heavy;1
2025-07-02T11:43:00+02:00;64033;85;2;100;freeFlow;4
2025-07-02T11:43:00+02:00;64034;71;1;100;freeFlow;6
2025-07-02T11:43:00+02:00;64035;53;2;60;freeFlow;1
2025-07-02T11:43:00+02:00;64104_D;30;3;38;heavy;1
2025-07-02T11:43:00+02:00;64104_G;50;2;0;unknown;0
2025-07-02T11:43:00+02:00;6421;113;21;100;freeFlow;3
2025-07-02T11:43:00+02:00;6422;114;6;75;freeFlow;2
2025-07-02T11:43:00+02:00;6423;107;13;60;freeFlow;1
2025-07-02T11:43:00+02:00;6424;107;28;68;freeFlow;2
2025-07-02T11:43:00+02:00;64792_D;44;15;32;freeFlow;1
2025-07-02T11:43:00+02:00;64792_G;40;17;60;freeFlow;1
2025-07-02T11:43:00+02:00;64862_D;13;37;48;congested;1
2025-07-02T11:43:00+02:00;64862_G;50;10;0;unknown;0
2025-07-02T11:43:00+02:00;65281;25;4;70;heavy;2
2025-07-02T11:43:00+02:00;65283;27;4;70;heavy;2
2025-07-02T11:43:00+02:00;65293;30;7;55;heavy;1
2025-07-02T11:43:00+02:00;65961_D;47;29;32;freeFlow;1
2025-07-02T11:43:00+02:00;65961_G;5;282;17;congested;1
2025-07-02T11:43:00+02:00;65966_D;31;1;32;heavy;1
2025-07-02T11:43:00+02:00;65966_G;29;2;60;heavy;1
2025-07-02T11:43:00+02:00;66020;122;0;50;freeFlow;1
2025-07-02T11:43:00+02:00;6615_D;51;12;100;heavy;4
2025-07-02T11:43:00+02:00;6615_G;39;15;60;heavy;1
2025-07-02T11:43:00+02:00;6616;40;2;60;heavy;1
2025-07-02T11:43:00+02:00;6619;34;4;100;heavy;4
2025-07-02T11:43:00+02:00;6620;37;6;100;heavy;5
2025-07-02T11:43:00+02:00;6621;40;3;60;heavy;1
2025-07-02T11:43:00+02:00;6622;44;2;100;heavy;4
2025-07-02T11:43:00+02:00;6623;44;1;100;heavy;3
2025-07-02T11:43:00+02:00;6628_D;53;16;60;freeFlow;1
2025-07-02T11:43:00+02:00;6628_G;19;44;60;heavy;1
2025-07-02T11:43:00+02:00;6629_D;45;22;60;freeFlow;1
2025-07-02T11:43:00+02:00;6629_G;27;36;60;heavy;1
2025-07-02T11:43:00+02:00;6643;50;13;60;heavy;1
2025-07-02T11:43:00+02:00;6644;43;16;100;heavy;5
2025-07-02T11:43:00+02:00;6645;32;3;100;heavy;6
2025-07-02T11:43:00+02:00;6646;36;2;100;freeFlow;6
2025-07-02T11:43:00+02:00;6647;36;1;100;freeFlow;4
2025-07-02T11:43:00+02:00;6648;42;2;60;freeFlow;1
2025-07-02T11:43:00+02:00;6649;33;3;60;heavy;1
2025-07-02T11:43:00+02:00;6650;32;5;99;heavy;3
2025-07-02T11:43:00+02:00;6651;28;6;100;heavy;6
2025-07-02T11:43:00+02:00;6669_D;54;93;29;heavy;1
2025-07-02T11:43:00+02:00;6669_G;40;123;100;heavy;4
2025-07-02T11:43:00+02:00;67069;50;3;0;unknown;0
2025-07-02T11:43:00+02:00;67223_D;104;1;55;freeFlow;1
2025-07-02T11:43:00+02:00;67223_G;25;3;50;freeFlow;1
2025-07-02T11:43:00+02:00;67229_D;8;50;72;congested;3
2025-07-02T11:43:00+02:00;67229_G;30;13;100;freeFlow;4
2025-07-02T11:43:00+02:00;6723;122;7;60;freeFlow;1
2025-07-02T11:43:00+02:00;67324_D;63;16;60;freeFlow;1
2025-07-02T11:43:00+02:00;67324_G;44;22;52;heavy;1
2025-07-02T11:43:00+02:00;67330;30;2;0;unknown;0
2025-07-02T11:43:00+02:00;67332;30;3;60;freeFlow;1
2025-07-02T11:43:00+02:00;67334;30;1;0;unknown;0
2025-07-02T11:43:00+02:00;67340;30;2;0;unknown;0
2025-07-02T11:43:00+02:00;67341;30;10;0;unknown;0
2025-07-02T11:43:00+02:00;67344;30;6;60;freeFlow;1
2025-07-02T11:43:00+02:00;67352_D;30;13;0;unknown;0
2025-07-02T11:43:00+02:00;67352_G;21;18;60;freeFlow;1
2025-07-02T11:43:00+02:00;67380_D;29;28;45;heavy;1
2025-07-02T11:43:00+02:00;67380_G;29;28;60;heavy;1
2025-07-02T11:43:00+02:00;67385;31;4;60;heavy;1
2025-07-02T11:43:00+02:00;67389_D;19;4;45;heavy;1
2025-07-02T11:43:00+02:00;67389_G;12;6;57;congested;1
2025-07-02T11:43:00+02:00;67390;18;6;45;heavy;1
2025-07-02T11:43:00+02:00;67391;24;7;60;heavy;2
2025-07-02T11:43:00+02:00;67392;30;5;45;heavy;1
2025-07-02T11:43:00+02:00;67511_D;7;19;57;congested;1
2025-07-02T11:43:00+02:00;67511_G;32;4;60;freeFlow;1
2025-07-02T11:43:00+02:00;67514_D;17;10;57;heavy;1
2025-07-02T11:43:00+02:00;67514_G;30;6;60;freeFlow;1
2025-07-02T11:43:00+02:00;67611;40;5;60;freeFlow;1
2025-07-02T11:43:00+02:00;67816;47;1;60;freeFlow;1
2025-07-02T11:43:00+02:00;67819_D;47;1;60;freeFlow;1
2025-07-02T11:43:00+02:00;67819_G;34;1;38;freeFlow;1
2025-07-02T11:43:00+02:00;67820;47;1;60;freeFlow;1
2025-07-02T11:43:00+02:00;67821;34;2;38;freeFlow;1
2025-07-02T11:43:00+02:00;67823;26;10;52;freeFlow;1
2025-07-02T11:43:00+02:00;67824;38;12;60;freeFlow;1
2025-07-02T11:43:00+02:00;67829;115;5;22;freeFlow;1
2025-07-02T11:43:00+02:00;67892_D;20;12;45;heavy;1
2025-07-02T11:43:00+02:00;67892_G;36;7;60;freeFlow;1
2025-07-02T11:43:00+02:00;68069;50;8;0;unknown;0
2025-07-02T11:43:00+02:00;68070;35;1;22;freeFlow;1
2025-07-02T11:43:00+02:00;68815;6;17;100;congested;4
2025-07-02T11:43:00+02:00;69060;52;2;22;freeFlow;1
2025-07-02T11:43:00+02:00;69061;52;2;22;freeFlow;1
2025-07-02T11:43:00+02:00;69062;55;1;22;freeFlow;1
2025-07-02T11:43:00+02:00;69063;30;1;0;unknown;0
2025-07-02T11:43:00+02:00;69064_D;52;1;22;freeFlow;1
2025-07-02T11:43:00+02:00;69064_G;30;1;0;unknown;0
2025-07-02T11:43:00+02:00;69270_D;20;6;12;heavy;1
2025-07-02T11:43:00+02:00;69270_G;24;3;60;heavy;1
2025-07-02T11:43:00+02:00;69277;30;3;0;unknown;0
2025-07-02T11:43:00+02:00;69464;30;1;0;unknown;0
2025-07-02T11:43:00+02:00;69467;57;1;22;freeFlow;1
2025-07-02T11:43:00+02:00;69493;47;13;100;freeFlow;5
2025-07-02T11:43:00+02:00;69495;38;10;100;freeFlow;5
2025-07-02T11:43:00+02:00;69591;12;24;0;unknown;0
2025-07-02T11:43:00+02:00;69673;26;14;52;heavy;1
2025-07-02T11:43:00+02:00;69878;43;19;100;freeFlow;8
2025-07-02T11:43:00+02:00;71197_D;44;26;53;heavy;2
2025-07-02T11:43:00+02:00;71197_G;68;17;60;freeFlow;1
2025-07-02T11:43:00+02:00;71455_D;50;3;0;unknown;0
2025-07-02T11:43:00+02:00;71492_D;26;7;75;heavy;2
2025-07-02T11:43:00+02:00;71492_G;32;6;32;heavy;1
2025-07-02T11:43:00+02:00;71493_D;50;6;0;unknown;0
2025-07-02T11:43:00+02:00;71493_G;23;14;48;heavy;1
2025-07-02T11:43:00+02:00;71494;26;6;100;heavy;3
2025-07-02T11:43:00+02:00;71496;27;9;48;heavy;1
2025-07-02T11:43:00+02:00;71497;21;4;32;heavy;1
2025-07-02T11:43:00+02:00;71504_D;89;0;75;freeFlow;2
2025-07-02T11:43:00+02:00;71504_G;29;1;48;heavy;1
2025-07-02T11:43:00+02:00;71508_D;24;20;75;heavy;2
2025-07-02T11:43:00+02:00;71508_G;37;13;32;freeFlow;1
2025-07-02T11:43:00+02:00;71509_D;50;20;0;unknown;0
2025-07-02T11:43:00+02:00;71509_G;53;19;45;freeFlow;1
2025-07-02T11:43:00+02:00;71554_D;50;5;0;unknown;0
2025-07-02T11:43:00+02:00;71554_G;45;5;57;freeFlow;1
2025-07-02T11:43:00+02:00;71555_D;50;2;0;unknown;0
2025-07-02T11:43:00+02:00;71555_G;50;2;60;freeFlow;1
2025-07-02T11:43:00+02:00;71661;25;11;60;congested;1
2025-07-02T11:43:00+02:00;71668;59;11;45;heavy;1
2025-07-02T11:43:00+02:00;72425;90;14;100;freeFlow;4
2025-07-02T11:43:00+02:00;72487_D;55;45;60;heavy;1
2025-07-02T11:43:00+02:00;72842_D;60;19;57;freeFlow;1
2025-07-02T11:43:00+02:00;72842_G;55;20;15;freeFlow;1
2025-07-02T11:43:00+02:00;72940_D;2;528;57;congested;2
2025-07-02T11:43:00+02:00;72940_G;2;587;57;congested;2
2025-07-02T11:43:00+02:00;73636;29;6;60;heavy;1
2025-07-02T11:43:00+02:00;74067;38;2;48;heavy;1
2025-07-02T11:43:00+02:00;74454;34;1;60;heavy;1
2025-07-02T11:43:00+02:00;74457_D;47;21;59;heavy;2
2025-07-02T11:43:00+02:00;74457_G;40;25;22;heavy;1
2025-07-02T11:43:00+02:00;74459;34;1;60;heavy;1
2025-07-02T11:43:00+02:00;74460;29;1;22;heavy;1
2025-07-02T11:43:00+02:00;74461;29;1;22;heavy;1
2025-07-02T11:43:00+02:00;74688_D;49;19;60;freeFlow;1
2025-07-02T11:43:00+02:00;74688_G;63;15;42;freeFlow;1
2025-07-02T11:43:00+02:00;74748_D;56;5;75;heavy;2
2025-07-02T11:43:00+02:00;74748_G;30;10;40;heavy;1
2025-07-02T11:43:00+02:00;75340;50;1;15;freeFlow;1
2025-07-02T11:43:00+02:00;75343_D;37;9;60;freeFlow;1
2025-07-02T11:43:00+02:00;75343_G;50;7;15;freeFlow;1
2025-07-02T11:43:00+02:00;75344;21;3;60;heavy;1
2025-07-02T11:43:00+02:00;75346;50;1;0;unknown;0
2025-07-02T11:43:00+02:00;75347_D;50;1;15;freeFlow;1
2025-07-02T11:43:00+02:00;75347_G;50;1;0;unknown;0
2025-07-02T11:43:00+02:00;75348;50;1;15;freeFlow;1
2025-07-02T11:43:00+02:00;75353;50;1;15;freeFlow;1
2025-07-02T11:43:00+02:00;75356_D;50;10;0;unknown;0
2025-07-02T11:43:00+02:00;75356_G;50;10;15;freeFlow;1
2025-07-02T11:43:00+02:00;75358;50;1;15;freeFlow;1
2025-07-02T11:43:00+02:00;75359;50;1;0;unknown;0
2025-07-02T11:43:00+02:00;75385;33;2;72;heavy;2
2025-07-02T11:43:00+02:00;75533_D;70;0;0;unknown;0
2025-07-02T11:43:00+02:00;75533_G;69;0;27;freeFlow;1
2025-07-02T11:43:00+02:00;75630;58;27;75;freeFlow;2
2025-07-02T11:43:00+02:00;75810;74;10;60;freeFlow;1
2025-07-02T11:43:00+02:00;75811;87;5;75;freeFlow;2
2025-07-02T11:43:00+02:00;75812;81;5;100;freeFlow;10
2025-07-02T11:43:00+02:00;75813;83;3;100;freeFlow;8
2025-07-02T11:43:00+02:00;75814;86;3;100;freeFlow;10
2025-07-02T11:43:00+02:00;75815;81;16;100;freeFlow;8
2025-07-02T11:43:00+02:00;75816;23;10;100;heavy;3
2025-07-02T11:43:00+02:00;75819_D;54;3;10;freeFlow;1
2025-07-02T11:43:00+02:00;75819_G;56;4;100;freeFlow;4
2025-07-02T11:43:00+02:00;75821;61;5;75;heavy;2
2025-07-02T11:43:00+02:00;75823;59;7;100;heavy;3
2025-07-02T11:43:00+02:00;75841;31;12;35;heavy;1
2025-07-02T11:43:00+02:00;75842;45;8;60;freeFlow;1
2025-07-02T11:43:00+02:00;75855;49;2;100;heavy;3
2025-07-02T11:43:00+02:00;75858;40;2;75;heavy;2
2025-07-02T11:43:00+02:00;75859;40;4;75;heavy;2
2025-07-02T11:43:00+02:00;75860;107;2;45;freeFlow;1
2025-07-02T11:43:00+02:00;75861;107;1;45;freeFlow;1
2025-07-02T11:43:00+02:00;75862;50;3;75;freeFlow;2
2025-07-02T11:43:00+02:00;75863;50;2;75;freeFlow;2
2025-07-02T11:43:00+02:00;75864;44;1;55;heavy;1
2025-07-02T11:43:00+02:00;75865;44;3;55;heavy;1
2025-07-02T11:43:00+02:00;75866;88;10;100;freeFlow;10
2025-07-02T11:43:00+02:00;75867;90;13;100;freeFlow;7
2025-07-02T11:43:00+02:00;75869;85;62;100;freeFlow;12
2025-07-02T11:43:00+02:00;75873_D;52;11;75;freeFlow;2
2025-07-02T11:43:00+02:00;75873_G;106;5;10;freeFlow;1
2025-07-02T11:43:00+02:00;75874_D;57;7;75;freeFlow;2
2025-07-02T11:43:00+02:00;75874_G;106;4;10;freeFlow;1
2025-07-02T11:43:00+02:00;75875;55;5;60;freeFlow;1
2025-07-02T11:43:00+02:00;75876;53;9;60;freeFlow;1
2025-07-02T11:43:00+02:00;75877;50;17;0;unknown;0
2025-07-02T11:43:00+02:00;75878;74;11;60;freeFlow;1
2025-07-02T11:43:00+02:00;75879;94;2;75;freeFlow;2
2025-07-02T11:43:00+02:00;75880;62;14;60;freeFlow;1
2025-07-02T11:43:00+02:00;75882;73;13;75;freeFlow;2
2025-07-02T11:43:00+02:00;75883;84;5;100;freeFlow;8
2025-07-02T11:43:00+02:00;75884;69;6;100;freeFlow;16
2025-07-02T11:43:00+02:00;75885;86;3;100;freeFlow;7
2025-07-02T11:43:00+02:00;75886;75;8;100;freeFlow;16
2025-07-02T11:43:00+02:00;75911;47;6;100;freeFlow;3
2025-07-02T11:43:00+02:00;75912;50;6;0;unknown;0
2025-07-02T11:43:00+02:00;76094;41;14;100;freeFlow;4
2025-07-02T11:43:00+02:00;7864_D;69;52;100;freeFlow;6
2025-07-02T11:43:00+02:00;7864_G;87;41;60;freeFlow;1
2025-07-02T11:43:00+02:00;790_D;16;49;35;congested;1
2025-07-02T11:43:00+02:00;790_G;50;16;60;freeFlow;1
2025-07-02T11:43:00+02:00;791_D;11;79;60;congested;2
2025-07-02T11:43:00+02:00;791_G;50;17;60;freeFlow;1
2025-07-02T11:43:00+02:00;7936;113;7;75;freeFlow;2
2025-07-02T11:43:00+02:00;7937;113;19;75;freeFlow;2
2025-07-02T11:43:00+02:00;7938;105;29;68;freeFlow;2
2025-07-02T11:43:00+02:00;7995_D;63;17;100;freeFlow;4
2025-07-02T11:43:00+02:00;7995_G;92;11;60;freeFlow;1
2025-07-02T11:43:00+02:00;862_D;66;17;58;freeFlow;1
2025-07-02T11:43:00+02:00;862_G;20;56;38;congested;1
2025-07-02T11:43:00+02:00;863_D;77;9;57;freeFlow;1
2025-07-02T11:43:00+02:00;863_G;24;29;38;heavy;1
2025-07-02T11:43:00+02:00;8745;39;5;45;freeFlow;1
2025-07-02T11:43:00+02:00;8962;105;21;100;freeFlow;12
2025-07-02T11:43:00+02:00;8963_D;61;7;100;freeFlow;3
2025-07-02T11:43:00+02:00;8963_G;61;7;75;freeFlow;2
2025-07-02T11:43:00+02:00;8966;107;11;100;freeFlow;12
2025-07-02T11:43:00+02:00;8969;92;14;100;freeFlow;5
2025-07-02T11:43:00+02:00;8970;97;16;100;freeFlow;6
2025-07-02T11:43:00+02:00;8971;94;22;100;freeFlow;6
2025-07-02T11:43:00+02:00;8974_D;63;4;60;freeFlow;1
2025-07-02T11:43:00+02:00;8974_G;18;13;100;congested;3
2025-07-02T11:43:00+02:00;8976_D;46;7;15;heavy;1
2025-07-02T11:43:00+02:00;8976_G;47;8;75;heavy;2
2025-07-02T11:43:00+02:00;8977_D;17;18;30;congested;2
2025-07-02T11:43:00+02:00;8977_G;54;5;100;freeFlow;3
2025-07-02T11:43:00+02:00;8978;104;13;100;freeFlow;11
2025-07-02T11:43:00+02:00;9040;25;35;60;congested;1
2025-07-02T11:43:00+02:00;9041;33;6;60;heavy;2
2025-07-02T11:43:00+02:00;9042;54;2;60;freeFlow;1
2025-07-02T11:43:00+02:00;9043;37;4;40;freeFlow;2
2025-07-02T11:43:00+02:00;9044;49;3;42;freeFlow;1
2025-07-02T11:43:00+02:00;9045;50;2;0;unknown;0
2025-07-02T11:43:00+02:00;9046;89;1;60;freeFlow;1
2025-07-02T11:43:00+02:00;9047;89;1;60;freeFlow;1
2025-07-02T11:43:00+02:00;9048;46;11;45;heavy;1
2025-07-02T11:43:00+02:00;9049;31;5;100;heavy;3
2025-07-02T11:43:00+02:00;9050;27;2;97;heavy;3
2025-07-02T11:43:00+02:00;9051;42;3;93;freeFlow;5
2025-07-02T11:43:00+02:00;9052;41;2;100;freeFlow;3
2025-07-02T11:43:00+02:00;9053;48;2;100;freeFlow;4
2025-07-02T11:43:00+02:00;9054;51;12;40;freeFlow;1
2025-07-02T11:43:00+02:00;9055;89;7;60;freeFlow;1
2025-07-02T11:43:00+02:00;9057_D;67;8;100;freeFlow;4
2025-07-02T11:43:00+02:00;9057_G;85;6;60;freeFlow;1
2025-07-02T11:43:00+02:00;9058_D;65;21;100;freeFlow;4
2025-07-02T11:43:00+02:00;9058_G;83;16;60;freeFlow;1
2025-07-02T11:43:00+02:00;9059_D;64;10;100;freeFlow;4
2025-07-02T11:43:00+02:00;9059_G;80;8;60;freeFlow;1
2025-07-02T11:43:00+02:00;9060;29;6;100;heavy;3
2025-07-02T11:43:00+02:00;9061;35;4;96;heavy;4
2025-07-02T11:43:00+02:00;9062;36;5;96;heavy;3
2025-07-02T11:43:00+02:00;9063;27;4;100;heavy;5
2025-07-02T11:43:00+02:00;9068_D;49;37;100;heavy;4
2025-07-02T11:43:00+02:00;9068_G;56;32;75;freeFlow;2
2025-07-02T11:43:00+02:00;9070_D;69;30;100;freeFlow;5
2025-07-02T11:43:00+02:00;9070_G;94;22;60;freeFlow;1
2025-07-02T11:43:00+02:00;9073;68;6;100;freeFlow;16
2025-07-02T11:43:00+02:00;9074;87;10;100;freeFlow;6
2025-07-02T11:43:00+02:00;9082_D;63;4;60;freeFlow;1
2025-07-02T11:43:00+02:00;9082_G;70;3;20;freeFlow;1
2025-07-02T11:43:00+02:00;9090_D;68;20;60;freeFlow;1
2025-07-02T11:43:00+02:00;9090_G;51;26;25;freeFlow;1
2025-07-02T11:43:00+02:00;9103;67;21;75;freeFlow;2
2025-07-02T11:43:00+02:00;9108;76;16;75;freeFlow;2
2025-07-02T11:43:00+02:00;9114;53;2;75;freeFlow;2
2025-07-02T11:43:00+02:00;9115;25;60;60;congested;1
2025-07-02T11:43:00+02:00;9116;61;2;45;heavy;1
2025-07-02T11:43:00+02:00;9117;61;9;45;heavy;1
2025-07-02T11:43:00+02:00;9133;86;22;100;freeFlow;4
2025-07-02T11:43:00+02:00;9134;86;17;75;freeFlow;2
2025-07-02T11:43:00+02:00;9177;88;22;75;freeFlow;2
2025-07-02T11:43:00+02:00;9190;48;8;45;heavy;2
2025-07-02T11:43:00+02:00;9199;39;2;75;heavy;2
2025-07-02T11:43:00+02:00;9200;39;4;42;heavy;1
2025-07-02T11:43:00+02:00;9201;36;2;48;heavy;1
2025-07-02T11:43:00+02:00;9202;31;4;55;heavy;1
2025-07-02T11:43:00+02:00;9203;29;4;57;heavy;1
2025-07-02T11:43:00+02:00;9204;25;4;75;congested;2
2025-07-02T11:43:00+02:00;9213;53;52;68;freeFlow;2
2025-07-02T11:43:00+02:00;9214_D;35;2;45;heavy;1
2025-07-02T11:43:00+02:00;9214_G;56;1;60;freeFlow;1
2025-07-02T11:43:00+02:00;9215;53;52;55;heavy;1
2025-07-02T11:43:00+02:00;9279;96;22;100;freeFlow;5
2025-07-02T11:43:00+02:00;9280;92;26;100;freeFlow;5
2025-07-02T11:43:00+02:00;9343_D;57;21;59;freeFlow;1
2025-07-02T11:43:00+02:00;9343_G;66;18;30;freeFlow;1
2025-07-02T11:43:00+02:00;9344_D;55;11;60;freeFlow;1
2025-07-02T11:43:00+02:00;9344_G;47;13;27;freeFlow;1
2025-07-02T11:43:00+02:00;9345_D;55;15;60;freeFlow;1
2025-07-02T11:43:00+02:00;9345_G;8;102;25;congested;1
2025-07-02T11:43:00+02:00;9346_D;55;8;60;freeFlow;1
2025-07-02T11:43:00+02:00;9346_G;42;11;25;freeFlow;1
2025-07-02T11:43:00+02:00;9348_D;55;4;60;freeFlow;1
2025-07-02T11:43:00+02:00;9348_G;9;26;25;heavy;1
2025-07-02T11:43:00+02:00;9351_D;55;21;60;heavy;1
2025-07-02T11:43:00+02:00;9351_G;68;17;22;freeFlow;1
2025-07-02T11:43:00+02:00;9370_D;59;14;60;freeFlow;1
2025-07-02T11:43:00+02:00;9370_G;68;12;27;freeFlow;1
2025-07-02T11:43:00+02:00;9371_D;45;14;60;heavy;1
2025-07-02T11:43:00+02:00;9371_G;47;14;27;heavy;1
2025-07-02T11:43:00+02:00;9378;71;16;100;freeFlow;17
2025-07-02T11:43:00+02:00;9379;87;13;100;freeFlow;7
2025-07-02T11:43:00+02:00;9414_D;33;8;55;freeFlow;1
2025-07-02T11:43:00+02:00;9414_G;38;7;50;freeFlow;1
2025-07-02T11:43:00+02:00;9416_D;36;6;55;freeFlow;1
2025-07-02T11:43:00+02:00;9416_G;40;5;50;freeFlow;1
2025-07-02T11:43:00+02:00;9418_D;27;13;55;freeFlow;1
2025-07-02T11:43:00+02:00;9418_G;41;9;50;freeFlow;1
2025-07-02T11:43:00+02:00;9421;30;4;0;unknown;0
2025-07-02T11:43:00+02:00;9422;30;3;0;unknown;0
2025-07-02T11:43:00+02:00;9423;18;6;50;heavy;2
2025-07-02T11:43:00+02:00;9424;46;4;50;freeFlow;1
2025-07-02T11:43:00+02:00;9425_D;23;6;55;freeFlow;1
2025-07-02T11:43:00+02:00;9425_G;46;3;50;freeFlow;1
2025-07-02T11:43:00+02:00;9427_D;36;9;55;heavy;1
2025-07-02T11:43:00+02:00;9427_G;16;21;32;congested;1
2025-07-02T11:43:00+02:00;9434_D;54;14;57;heavy;1
2025-07-02T11:43:00+02:00;9434_G;33;24;30;heavy;1
2025-07-02T11:43:00+02:00;9435_D;64;16;57;freeFlow;1
2025-07-02T11:43:00+02:00;9435_G;15;69;30;congested;1
2025-07-02T11:43:00+02:00;9437_D;57;20;57;freeFlow;1
2025-07-02T11:43:00+02:00;9437_G;53;21;30;heavy;1
2025-07-02T11:43:00+02:00;9588_D;63;10;60;freeFlow;1
2025-07-02T11:43:00+02:00;9588_G;66;9;20;freeFlow;1
2025-07-02T11:43:00+02:00;9625_D;44;8;60;heavy;1
2025-07-02T11:43:00+02:00;9625_G;66;5;20;freeFlow;1
2025-07-02T11:43:00+02:00;9739;37;4;75;heavy;2
2025-07-02T11:43:00+02:00;9740;37;2;60;heavy;1
2025-07-02T11:43:00+02:00;9741;30;2;55;heavy;1
2025-07-02T11:43:00+02:00;9742;26;5;65;heavy;2
2025-07-02T11:43:00+02:00;9745_D;42;3;60;heavy;1
2025-07-02T11:43:00+02:00;9745_G;43;6;25;heavy;1
2025-07-02T11:43:00+02:00;9757_D;37;3;60;heavy;1
2025-07-02T11:43:00+02:00;9757_G;29;4;22;heavy;1
2025-07-02T11:43:00+02:00;9758_D;37;8;60;heavy;1
2025-07-02T11:43:00+02:00;9758_G;34;9;22;heavy;1
2025-07-02T11:43:00+02:00;9834_D;78;25;60;freeFlow;1
2025-07-02T11:43:00+02:00;9834_G;65;30;27;freeFlow;1
2025-07-02T11:43:00+02:00;9912;52;3;60;freeFlow;1
2025-07-02T11:43:00+02:00;9913;32;3;35;heavy;1
2025-07-02T11:43:00+02:00;9914;49;2;75;freeFlow;2
2025-07-02T11:43:00+02:00;9915;36;3;75;heavy;2
2025-07-02T11:43:00+02:00;9916;77;2;60;freeFlow;1
2025-07-02T11:43:00+02:00;9917_D;40;4;15;heavy;1
2025-07-02T11:43:00+02:00;9917_G;33;4;35;heavy;1
2025-07-02T11:43:00+02:00;9921_D;26;57;63;heavy;2
2025-07-02T11:43:00+02:00;9921_G;58;26;27;freeFlow;1
2025-07-02T11:43:00+02:00;1601981;12;13;51;congested;2
2025-07-02T11:43:00+02:00;1601982;66;14;68;freeFlow;2
2025-07-02T11:43:00+02:00;1634;56;10;63;heavy;2
2025-07-02T11:43:00+02:00;1635;108;1;60;freeFlow;1
2025-07-02T11:43:00+02:00;1636;33;5;60;heavy;1
2025-07-02T11:43:00+02:00;1637;38;3;100;heavy;5
2025-07-02T11:43:00+02:00;1640;60;2;100;freeFlow;5
2025-07-02T11:43:00+02:00;1641;90;2;75;freeFlow;2
2025-07-02T11:43:00+02:00;1642;42;2;100;heavy;3
2025-07-02T11:43:00+02:00;1678329;85;7;100;freeFlow;3
2025-07-02T11:43:00+02:00;1680500_D;36;7;10;freeFlow;1
2025-07-02T11:43:00+02:00;1680500_G;49;6;100;freeFlow;4
2025-07-02T11:43:00+02:00;1680501;48;17;100;freeFlow;5
2025-07-02T11:43:00+02:00;1680580;30;15;60;heavy;1
2025-07-02T11:43:00+02:00;1680586;50;3;0;unknown;0
2025-07-02T11:43:00+02:00;1680594;50;0;0;unknown;0
2025-07-02T11:43:00+02:00;1680595;50;1;0;unknown;0
2025-07-02T11:43:00+02:00;1680596;50;1;0;unknown;0
2025-07-02T11:43:00+02:00;1680597;50;1;0;unknown;0
2025-07-02T11:43:00+02:00;1680604;32;2;60;heavy;1
2025-07-02T11:43:00+02:00;1747_D;89;1;100;freeFlow;3
2025-07-02T11:43:00+02:00;1747_G;34;3;73;heavy;2
2025-07-02T11:43:00+02:00;1762;25;20;74;heavy;2
2025-07-02T11:43:00+02:00;1763;72;8;100;freeFlow;4
2025-07-02T11:43:00+02:00;1765_D;89;5;75;freeFlow;2
2025-07-02T11:43:00+02:00;1765_G;34;12;48;heavy;1
2025-07-02T11:43:00+02:00;1852;81;14;100;freeFlow;14
2025-07-02T11:43:00+02:00;1857;93;23;100;freeFlow;7
2025-07-02T11:43:00+02:00;1858;72;12;100;freeFlow;9
2025-07-02T11:43:00+02:00;1859;94;11;100;freeFlow;6
2025-07-02T11:43:00+02:00;1860;67;19;100;freeFlow;5
2025-07-02T11:43:00+02:00;1910718_D;25;5;60;heavy;1
2025-07-02T11:43:00+02:00;1910718_G;26;4;60;heavy;1
2025-07-02T11:43:00+02:00;1910863_D;1;639;32;congested;1
2025-07-02T11:43:00+02:00;1910863_G;11;53;68;congested;2
2025-07-02T11:43:00+02:00;1911250;31;7;100;heavy;6
2025-07-02T11:43:00+02:00;35088;27;8;75;heavy;2
2025-07-02T11:43:00+02:00;35089;50;4;100;freeFlow;3
2025-07-02T11:43:00+02:00;35090;49;1;100;heavy;3
2025-07-02T11:43:00+02:00;35091;50;2;71;freeFlow;2
2025-07-02T11:43:00+02:00;35093;45;6;100;heavy;3
2025-07-02T11:43:00+02:00;35094;51;5;60;freeFlow;1
2025-07-02T11:43:00+02:00;35099;52;2;60;freeFlow;1
2025-07-02T11:43:00+02:00;35101;56;1;70;freeFlow;2
2025-07-02T11:43:00+02:00;35102;42;2;60;heavy;1
2025-07-02T11:43:00+02:00;35104;40;66;98;heavy;3
2025-07-02T11:43:00+02:00;35116;52;2;100;freeFlow;3
2025-07-02T11:43:00+02:00;35117;39;4;75;freeFlow;2
2025-07-02T11:43:00+02:00;35118;39;4;75;freeFlow;2
2025-07-02T11:43:00+02:00;35119;35;6;75;freeFlow;2
2025-07-02T11:43:00+02:00;35120_D;14;5;60;congested;1
2025-07-02T11:43:00+02:00;35120_G;33;2;60;heavy;1
2025-07-02T11:43:00+02:00;35121_D;40;51;75;freeFlow;2
2025-07-02T11:43:00+02:00;35121_G;39;53;60;freeFlow;1
2025-07-02T11:43:00+02:00;40196;82;3;60;freeFlow;1
2025-07-02T11:43:00+02:00;40197;82;3;60;freeFlow;1
2025-07-02T11:43:00+02:00;41636_D;19;9;100;heavy;3
2025-07-02T11:43:00+02:00;41636_G;19;9;48;heavy;1
2025-07-02T11:43:00+02:00;41652_G;21;11;48;heavy;1
2025-07-02T11:43:00+02:00;41653_D;31;3;100;heavy;4
2025-07-02T11:43:00+02:00;41653_G;17;5;48;heavy;1
2025-07-02T11:43:00+02:00;41667_D;31;5;100;heavy;3
2025-07-02T11:43:00+02:00;41667_G;13;10;50;congested;1
2025-07-02T11:43:00+02:00;41668_D;24;2;75;heavy;2
2025-07-02T11:43:00+02:00;41668_G;32;1;50;heavy;1
2025-07-02T11:43:00+02:00;41721;62;17;100;heavy;4
2025-07-02T11:43:00+02:00;41722;73;16;100;freeFlow;7
2025-07-02T11:43:00+02:00;41758;84;16;100;freeFlow;16
2025-07-02T11:43:00+02:00;41759;84;17;100;freeFlow;15
2025-07-02T11:43:00+02:00;41760;70;19;100;freeFlow;5
2025-07-02T11:43:00+02:00;41949_D;10;25;55;congested;1
2025-07-02T11:43:00+02:00;41949_G;19;14;75;heavy;2
2025-07-02T11:43:00+02:00;41974_D;33;7;0;unknown;0
2025-07-02T11:43:00+02:00;41974_G;19;12;60;heavy;1
2025-07-02T11:43:00+02:00;41975_D;50;7;0;unknown;0
2025-07-02T11:43:00+02:00;41975_G;19;17;75;heavy;2
2025-07-02T11:43:00+02:00;41985_D;20;4;75;heavy;2
2025-07-02T11:43:00+02:00;41985_G;34;2;50;heavy;1
2025-07-02T11:43:00+02:00;42064_D;22;10;100;heavy;3
2025-07-02T11:43:00+02:00;42064_G;17;12;69;heavy;2
2025-07-02T11:43:00+02:00;420870_D;43;5;65;freeFlow;3
2025-07-02T11:43:00+02:00;420870_G;29;8;75;heavy;2
2025-07-02T11:43:00+02:00;42206_G;33;28;45;heavy;1
2025-07-02T11:43:00+02:00;42238_G;22;16;50;heavy;1
2025-07-02T11:43:00+02:00;42239_D;23;12;100;heavy;4
2025-07-02T11:43:00+02:00;42239_G;20;14;48;heavy;1
2025-07-02T11:43:00+02:00;42240_D;22;34;100;heavy;3
2025-07-02T11:43:00+02:00;42240_G;23;32;48;heavy;1
2025-07-02T11:43:00+02:00;42241_D;34;20;50;heavy;1
2025-07-02T11:43:00+02:00;42241_G;11;63;57;congested;1
2025-07-02T11:43:00+02:00;42242_D;19;16;60;heavy;1
2025-07-02T11:43:00+02:00;42242_G;11;26;55;congested;1
2025-07-02T11:43:00+02:00;42683_D;37;9;50;freeFlow;2
2025-07-02T11:43:00+02:00;42683_G;11;28;55;congested;1
2025-07-02T11:43:00+02:00;42714_D;46;4;0;unknown;0
2025-07-02T11:43:00+02:00;42714_G;19;10;60;heavy;1
2025-07-02T11:43:00+02:00;42716_D;23;4;0;unknown;0
2025-07-02T11:43:00+02:00;42716_G;22;4;75;heavy;2
2025-07-02T11:43:00+02:00;43449_D;16;14;75;heavy;2
2025-07-02T11:43:00+02:00;43449_G;17;13;60;heavy;1
2025-07-02T11:43:00+02:00;43450_D;16;19;75;heavy;2
2025-07-02T11:43:00+02:00;43450_G;19;16;60;heavy;1
2025-07-02T11:43:00+02:00;43451_G;29;16;60;freeFlow;1
2025-07-02T11:43:00+02:00;43452_D;20;8;60;heavy;1
2025-07-02T11:43:00+02:00;43452_G;25;6;60;freeFlow;1
2025-07-02T11:43:00+02:00;43475_D;50;4;0;unknown;0
2025-07-02T11:43:00+02:00;43475_G;50;4;0;unknown;0
2025-07-02T11:43:00+02:00;43622_D;35;3;60;heavy;1
2025-07-02T11:43:00+02:00;43622_G;20;5;60;heavy;1
2025-07-02T11:43:00+02:00;43623_D;50;4;0;unknown;0
2025-07-02T11:43:00+02:00;43623_G;17;12;60;heavy;1
2025-07-02T11:43:00+02:00;43624_D;20;12;30;heavy;1
2025-07-02T11:43:00+02:00;43624_G;12;19;75;congested;2
2025-07-02T11:43:00+02:00;43625_D;42;9;60;freeFlow;1
2025-07-02T11:43:00+02:00;43625_G;15;25;95;heavy;3
2025-07-02T11:43:00+02:00;43657_D;31;3;60;heavy;1
2025-07-02T11:43:00+02:00;43657_G;42;2;60;freeFlow;1
2025-07-02T11:43:00+02:00;43659_D;23;6;97;freeFlow;3
2025-07-02T11:43:00+02:00;43659_G;21;7;60;heavy;1
2025-07-02T11:43:00+02:00;44039_D;50;2;0;unknown;0
2025-07-02T11:43:00+02:00;44039_G;50;2;0;unknown;0
2025-07-02T11:43:00+02:00;44040_D;6;79;12;congested;1
2025-07-02T11:43:00+02:00;44040_G;50;9;0;unknown;0
2025-07-02T11:43:00+02:00;44041_D;4;117;20;congested;1
2025-07-02T11:43:00+02:00;44041_G;50;9;0;unknown;0
2025-07-02T11:43:00+02:00;44042_D;12;40;20;congested;1
2025-07-02T11:43:00+02:00;44042_G;50;9;0;unknown;0
2025-07-02T11:43:00+02:00;44071_D;30;9;0;unknown;0
2025-07-02T11:43:00+02:00;44071_G;6;53;73;congested;2
2025-07-02T11:43:00+02:00;44080;25;5;52;heavy;1
2025-07-02T11:43:00+02:00;44113_D;26;11;75;heavy;2
2025-07-02T11:43:00+02:00;44113_G;30;10;60;heavy;1
2025-07-02T11:43:00+02:00;44114_D;38;7;75;freeFlow;2
2025-07-02T11:43:00+02:00;44114_G;35;7;60;freeFlow;1
2025-07-02T11:43:00+02:00;44115_D;40;9;75;freeFlow;2
2025-07-02T11:43:00+02:00;44115_G;35;10;60;freeFlow;1
2025-07-02T11:43:00+02:00;44117_D;17;17;75;heavy;2
2025-07-02T11:43:00+02:00;44117_G;35;7;60;freeFlow;1
2025-07-02T11:43:00+02:00;44118_D;30;7;75;heavy;2
2025-07-02T11:43:00+02:00;44118_G;35;6;60;freeFlow;1
2025-07-02T11:43:00+02:00;44125_D;29;5;57;heavy;1
2025-07-02T11:43:00+02:00;44125_G;15;9;60;heavy;1
2025-07-02T11:43:00+02:00;44127;11;27;57;congested;1
2025-07-02T11:43:00+02:00;44128;31;11;57;heavy;1
2025-07-02T11:43:00+02:00;44170_D;34;5;75;heavy;2
2025-07-02T11:43:00+02:00;44170_G;35;5;60;freeFlow;1
2025-07-02T11:43:00+02:00;44713_D;21;1;60;heavy;1
2025-07-02T11:43:00+02:00;44713_G;19;1;57;heavy;1
2025-07-02T11:43:00+02:00;44930;55;3;100;freeFlow;3
2025-07-02T11:43:00+02:00;44931;71;9;100;freeFlow;4
2025-07-02T11:43:00+02:00;44934;80;25;100;freeFlow;14
2025-07-02T11:43:00+02:00;45486_G;50;4;0;unknown;0
2025-07-02T11:43:00+02:00;45487_G;50;5;0;unknown;0
2025-07-02T11:43:00+02:00;45488_D;21;33;35;heavy;2
2025-07-02T11:43:00+02:00;45488_G;50;14;0;unknown;0
2025-07-02T11:43:00+02:00;45489_D;35;8;35;heavy;2
2025-07-02T11:43:00+02:00;45489_G;50;5;0;unknown;0
2025-07-02T11:43:00+02:00;45490_D;34;5;20;heavy;1
2025-07-02T11:43:00+02:00;45490_G;50;3;0;unknown;0
2025-07-02T11:43:00+02:00;45503_D;10;14;73;congested;2
2025-07-02T11:43:00+02:00;45503_G;27;5;57;heavy;1
2025-07-02T11:43:00+02:00;45504_D;11;15;73;congested;2
2025-07-02T11:43:00+02:00;45504_G;20;7;57;heavy;1
2025-07-02T11:43:00+02:00;45505_D;30;11;57;heavy;1
2025-07-02T11:43:00+02:00;45505_G;50;7;0;unknown;0
2025-07-02T11:43:00+02:00;45530_D;39;2;75;freeFlow;2
2025-07-02T11:43:00+02:00;45530_G;35;2;60;freeFlow;1
2025-07-02T11:43:00+02:00;45531_D;29;2;75;freeFlow;2
2025-07-02T11:43:00+02:00;45531_G;30;2;60;freeFlow;1
2025-07-02T11:43:00+02:00;45532_D;24;9;75;freeFlow;2
2025-07-02T11:43:00+02:00;45532_G;30;7;60;freeFlow;1
2025-07-02T11:43:00+02:00;45565_D;48;7;60;freeFlow;1
2025-07-02T11:43:00+02:00;45565_G;45;7;60;freeFlow;1
2025-07-02T11:43:00+02:00;45566_D;32;8;60;heavy;1
2025-07-02T11:43:00+02:00;45566_G;45;6;60;freeFlow;1
2025-07-02T11:43:00+02:00;45567_D;29;10;60;heavy;1
2025-07-02T11:43:00+02:00;45567_G;30;9;60;heavy;1
2025-07-02T11:43:00+02:00;45568_D;43;10;75;freeFlow;2
2025-07-02T11:43:00+02:00;45568_G;41;12;75;freeFlow;2
2025-07-02T11:43:00+02:00;45601_D;31;10;60;heavy;1
2025-07-02T11:43:00+02:00;45601_G;29;11;60;heavy;1
2025-07-02T11:43:00+02:00;45613_D;34;9;20;heavy;1
2025-07-02T11:43:00+02:00;45613_G;29;11;60;heavy;1
2025-07-02T11:43:00+02:00;45614_D;12;17;35;congested;2
2025-07-02T11:43:00+02:00;45614_G;50;4;0;unknown;0
2025-07-02T11:43:00+02:00;45636;61;19;100;freeFlow;4
2025-07-02T11:43:00+02:00;45637;55;20;100;heavy;5
2025-07-02T11:43:00+02:00;45640;50;10;60;freeFlow;1
2025-07-02T11:43:00+02:00;45641;62;20;100;freeFlow;15
2025-07-02T11:43:00+02:00;45642;80;27;100;freeFlow;15
2025-07-02T11:43:00+02:00;45644_D;39;24;10;freeFlow;1
2025-07-02T11:43:00+02:00;45644_G;24;39;100;heavy;3
2025-07-02T11:43:00+02:00;45645_G;57;10;75;freeFlow;2
2025-07-02T11:43:00+02:00;45725;80;39;100;freeFlow;5
2025-07-02T11:43:00+02:00;45736_D;14;33;45;congested;1
2025-07-02T11:43:00+02:00;45736_G;57;8;75;freeFlow;2
2025-07-02T11:43:00+02:00;45759_D;22;17;32;heavy;1
2025-07-02T11:43:00+02:00;45759_G;19;19;60;heavy;1
2025-07-02T11:43:00+02:00;45760_D;34;9;0;unknown;0
2025-07-02T11:43:00+02:00;45760_G;28;10;60;heavy;1
2025-07-02T11:43:00+02:00;45761_G;29;11;60;heavy;1
2025-07-02T11:43:00+02:00;45762_D;15;17;0;unknown;0
2025-07-02T11:43:00+02:00;45762_G;36;7;60;freeFlow;1
2025-07-02T11:43:00+02:00;45849_D;29;3;32;heavy;1
2025-07-02T11:43:00+02:00;45849_G;23;4;60;heavy;1
2025-07-02T11:43:00+02:00;45850_D;32;3;32;heavy;1
2025-07-02T11:43:00+02:00;45850_G;32;3;48;heavy;2
2025-07-02T11:43:00+02:00;45865_G;39;9;52;freeFlow;1
2025-07-02T11:43:00+02:00;46027;26;2;55;heavy;1
2025-07-02T11:43:00+02:00;46028;50;14;0;unknown;0
2025-07-02T11:43:00+02:00;46029;19;9;82;heavy;3
2025-07-02T11:43:00+02:00;46036_D;19;27;75;heavy;2
2025-07-02T11:43:00+02:00;46036_G;49;10;60;freeFlow;1
2025-07-02T11:43:00+02:00;46053_G;50;8;0;unknown;0
2025-07-02T11:43:00+02:00;46054_D;37;5;73;freeFlow;2
2025-07-02T11:43:00+02:00;46054_G;50;4;0;unknown;0
2025-07-02T11:43:00+02:00;46055_D;30;8;64;heavy;2
2025-07-02T11:43:00+02:00;46055_G;50;5;0;unknown;0
2025-07-02T11:43:00+02:00;46056_G;50;2;0;unknown;0
2025-07-02T11:43:00+02:00;46057_D;17;10;60;heavy;1
2025-07-02T11:43:00+02:00;46057_G;50;4;0;unknown;0
2025-07-02T11:43:00+02:00;46058_D;25;14;52;heavy;2
2025-07-02T11:43:00+02:00;46058_G;50;7;0;unknown;0
2025-07-02T11:43:00+02:00;46059_D;22;28;60;heavy;1
2025-07-02T11:43:00+02:00;46059_G;50;12;0;unknown;0
2025-07-02T11:43:00+02:00;46079_D;24;12;59;heavy;2
2025-07-02T11:43:00+02:00;46079_G;50;6;0;unknown;0
2025-07-02T11:43:00+02:00;46080_D;31;15;60;heavy;1
2025-07-02T11:43:00+02:00;46080_G;50;9;0;unknown;0
2025-07-02T11:43:00+02:00;46081;50;5;0;unknown;0
2025-07-02T11:43:00+02:00;46135;41;8;48;freeFlow;1
2025-07-02T11:43:00+02:00;46136;21;13;45;heavy;1
2025-07-02T11:43:00+02:00;46137;8;55;42;congested;1
2025-07-02T11:43:00+02:00;46163;50;6;0;unknown;0
2025-07-02T11:43:00+02:00;46228;93;11;75;freeFlow;2
2025-07-02T11:43:00+02:00;46230;81;17;100;freeFlow;12
2025-07-02T11:43:00+02:00;46251_D;23;8;38;heavy;2
2025-07-02T11:43:00+02:00;46251_G;50;4;0;unknown;0
2025-07-02T11:43:00+02:00;46264;66;25;57;freeFlow;1
2025-07-02T11:43:00+02:00;46265;71;10;100;freeFlow;12
2025-07-02T11:43:00+02:00;46266;84;3;100;freeFlow;16
2025-07-02T11:43:00+02:00;46267;60;13;100;heavy;6
2025-07-02T11:43:00+02:00;46268;79;19;100;freeFlow;4
2025-07-02T11:43:00+02:00;46270_D;26;8;60;heavy;1
2025-07-02T11:43:00+02:00;46270_G;27;8;57;heavy;2
2025-07-02T11:43:00+02:00;46271_D;34;8;60;heavy;1
2025-07-02T11:43:00+02:00;46271_G;102;3;48;freeFlow;1
2025-07-02T11:43:00+02:00;46374_D;22;55;59;heavy;1
2025-07-02T11:43:00+02:00;46374_G;41;30;30;freeFlow;2
2025-07-02T11:43:00+02:00;46375_D;29;17;60;heavy;1
2025-07-02T11:43:00+02:00;46375_G;24;20;15;heavy;1
2025-07-02T11:43:00+02:00;46376_D;37;19;60;freeFlow;1
2025-07-02T11:43:00+02:00;46376_G;36;19;10;freeFlow;1
2025-07-02T11:43:00+02:00;46377_D;28;15;60;heavy;1
2025-07-02T11:43:00+02:00;46377_G;40;10;10;freeFlow;1
2025-07-02T11:43:00+02:00;46427_D;23;16;60;heavy;1
2025-07-02T11:43:00+02:00;46427_G;28;13;15;heavy;1
2025-07-02T11:43:00+02:00;46559_D;31;2;60;heavy;1
2025-07-02T11:43:00+02:00;46559_G;32;2;48;heavy;1
2025-07-02T11:43:00+02:00;46560_D;28;14;60;heavy;1
2025-07-02T11:43:00+02:00;46560_G;7;56;48;congested;1
2025-07-02T11:43:00+02:00;46561_D;22;11;60;heavy;1
2025-07-02T11:43:00+02:00;46561_G;40;7;48;freeFlow;1
2025-07-02T11:43:00+02:00;46562_D;23;5;60;heavy;1
2025-07-02T11:43:00+02:00;46562_G;41;3;45;freeFlow;1
2025-07-02T11:43:00+02:00;46563_D;28;15;60;heavy;1
2025-07-02T11:43:00+02:00;46563_G;34;12;73;heavy;2
2025-07-02T11:43:00+02:00;46564_D;23;9;60;heavy;1
2025-07-02T11:43:00+02:00;46564_G;36;6;60;freeFlow;1
2025-07-02T11:43:00+02:00;46565_D;19;9;60;heavy;1
2025-07-02T11:43:00+02:00;46565_G;36;5;60;freeFlow;1
2025-07-02T11:43:00+02:00;46566_D;21;12;70;heavy;2
2025-07-02T11:43:00+02:00;46566_G;36;7;60;freeFlow;1
2025-07-02T11:43:00+02:00;46567_G;30;3;10;heavy;1
2025-07-02T11:43:00+02:00;46568_D;31;2;60;heavy;1
2025-07-02T11:43:00+02:00;46568_G;28;2;50;heavy;1
2025-07-02T11:43:00+02:00;46569_D;12;39;75;congested;2
2025-07-02T11:43:00+02:00;46569_G;43;11;50;freeFlow;1
2025-07-02T11:43:00+02:00;46627_D;20;26;60;heavy;1
2025-07-02T11:43:00+02:00;46627_G;37;14;50;freeFlow;1
2025-07-02T11:43:00+02:00;46628_D;15;26;60;congested;1
2025-07-02T11:43:00+02:00;46628_G;25;16;60;heavy;1
2025-07-02T11:43:00+02:00;46640;50;15;0;unknown;0
2025-07-02T11:43:00+02:00;46641;50;8;0;unknown;0
2025-07-02T11:43:00+02:00;46643;50;3;0;unknown;0
2025-07-02T11:43:00+02:00;46649;50;8;0;unknown;0
2025-07-02T11:43:00+02:00;46653_D;38;16;75;freeFlow;2
2025-07-02T11:43:00+02:00;46653_G;45;13;60;freeFlow;1
2025-07-02T11:43:00+02:00;46654_D;14;36;75;congested;2
2025-07-02T11:43:00+02:00;46654_G;42;12;60;freeFlow;1
2025-07-02T11:43:00+02:00;46655_D;29;6;75;heavy;2
2025-07-02T11:43:00+02:00;46655_G;49;3;60;freeFlow;1
2025-07-02T11:43:00+02:00;46682;27;18;60;heavy;1
2025-07-02T11:43:00+02:00;46683;28;2;60;heavy;1
2025-07-02T11:43:00+02:00;46684;50;10;0;unknown;0
2025-07-02T11:43:00+02:00;46685;60;17;100;freeFlow;4
2025-07-02T11:43:00+02:00;46686;51;26;48;freeFlow;2
2025-07-02T11:43:00+02:00;46688;70;16;0;unknown;0
2025-07-02T11:43:00+02:00;46716;80;1;100;freeFlow;8
2025-07-02T11:43:00+02:00;46717;84;44;100;freeFlow;8
2025-07-02T11:43:00+02:00;46718;68;15;100;freeFlow;9
2025-07-02T11:43:00+02:00;46719;29;27;100;heavy;3
2025-07-02T11:43:00+02:00;46720;41;5;100;heavy;4
2025-07-02T11:43:00+02:00;46728;77;5;57;freeFlow;1
2025-07-02T11:43:00+02:00;46745_D;34;17;60;heavy;1
2025-07-02T11:43:00+02:00;46745_G;36;17;100;freeFlow;4
2025-07-02T11:43:00+02:00;46746_D;11;78;80;congested;3
2025-07-02T11:43:00+02:00;46746_G;24;36;100;heavy;4
2025-07-02T11:43:00+02:00;46975;29;6;60;heavy;1
2025-07-02T11:43:00+02:00;47024;31;5;60;heavy;1
2025-07-02T11:43:00+02:00;47025;40;10;60;freeFlow;1
2025-07-02T11:43:00+02:00;47030;15;22;52;congested;1
2025-07-02T11:43:00+02:00;47057;78;11;100;freeFlow;17
2025-07-02T11:43:00+02:00;47058;77;25;100;freeFlow;20
2025-07-02T11:43:00+02:00;47059;83;15;100;freeFlow;6
2025-07-02T11:43:00+02:00;47060;73;13;100;freeFlow;8
2025-07-02T11:43:00+02:00;47062;89;10;64;freeFlow;2
2025-07-02T11:43:00+02:00;47064;25;3;100;heavy;5
2025-07-02T11:43:00+02:00;47066;42;3;100;freeFlow;6
2025-07-02T11:43:00+02:00;47068;83;8;60;freeFlow;1
2025-07-02T11:43:00+02:00;47070;64;5;100;freeFlow;7
2025-07-02T11:43:00+02:00;47071;42;20;100;heavy;4
2025-07-02T11:43:00+02:00;47074;70;6;95;freeFlow;7
2025-07-02T11:43:00+02:00;47075;78;3;75;freeFlow;2
2025-07-02T11:43:00+02:00;47078;89;27;50;freeFlow;1
2025-07-02T11:43:00+02:00;47101;89;4;66;freeFlow;2
2025-07-02T11:43:00+02:00;47107;80;6;100;freeFlow;6
2025-07-02T11:43:00+02:00;47108;65;12;100;freeFlow;4
2025-07-02T11:43:00+02:00;47109;37;2;100;freeFlow;8
2025-07-02T11:43:00+02:00;47110;67;11;60;freeFlow;1
2025-07-02T11:43:00+02:00;47111;78;23;100;freeFlow;13
2025-07-02T11:43:00+02:00;47112;29;29;100;heavy;8
2025-07-02T11:43:00+02:00;47113;77;7;99;freeFlow;4
2025-07-02T11:43:00+02:00;47114;47;30;53;freeFlow;2
2025-07-02T11:43:00+02:00;47115;76;19;60;freeFlow;1
2025-07-02T11:43:00+02:00;47238;71;8;100;freeFlow;16
2025-07-02T11:43:00+02:00;47240;84;17;100;freeFlow;7
2025-07-02T11:43:00+02:00;47241;80;13;100;freeFlow;14
2025-07-02T11:43:00+02:00;47242;76;17;100;freeFlow;16
2025-07-02T11:43:00+02:00;47243;74;19;100;freeFlow;17
2025-07-02T11:43:00+02:00;47290;50;10;0;unknown;0
2025-07-02T11:43:00+02:00;47293;64;8;100;freeFlow;17
2025-07-02T11:43:00+02:00;47299;46;8;100;heavy;3
2025-07-02T11:43:00+02:00;47300;107;11;75;freeFlow;2
2025-07-02T11:43:00+02:00;47306;74;27;100;freeFlow;6
2025-07-02T11:43:00+02:00;47316;34;9;75;heavy;2
2025-07-02T11:43:00+02:00;47428_D;50;5;0;unknown;0
2025-07-02T11:43:00+02:00;47428_G;50;5;0;unknown;0
2025-07-02T11:43:00+02:00;48769_D;34;4;10;heavy;1
2025-07-02T11:43:00+02:00;48769_G;36;4;60;freeFlow;1
2025-07-02T11:43:00+02:00;48890;27;1;35;heavy;1
2025-07-02T11:43:00+02:00;48891;31;1;75;heavy;3
2025-07-02T11:43:00+02:00;48958_D;10;21;32;congested;1
2025-07-02T11:43:00+02:00;48958_G;18;12;75;heavy;2
2025-07-02T11:43:00+02:00;489866_G;30;6;75;heavy;2
2025-07-02T11:43:00+02:00;49004;41;5;60;freeFlow;1
2025-07-02T11:43:00+02:00;490194_D;25;3;60;heavy;1
2025-07-02T11:43:00+02:00;490194_G;18;3;60;heavy;1
2025-07-02T11:43:00+02:00;49023;101;6;48;freeFlow;1
2025-07-02T11:43:00+02:00;49068;14;45;55;congested;1
2025-07-02T11:43:00+02:00;49074;52;2;100;freeFlow;3
2025-07-02T11:43:00+02:00;49075;54;2;0;unknown;0
2025-07-02T11:43:00+02:00;49081;108;5;60;freeFlow;1
2025-07-02T11:43:00+02:00;49084;50;9;0;unknown;0
2025-07-02T11:43:00+02:00;49137_D;9;21;10;congested;1
2025-07-02T11:43:00+02:00;49137_G;50;4;0;unknown;0
2025-07-02T11:43:00+02:00;49184;47;2;73;freeFlow;2
2025-07-02T11:43:00+02:00;492351_G;50;2;0;unknown;0
2025-07-02T11:43:00+02:00;492359_D;10;27;38;congested;2
2025-07-02T11:43:00+02:00;492363_D;50;9;0;unknown;0
2025-07-02T11:43:00+02:00;492363_G;34;14;45;heavy;1
2025-07-02T11:43:00+02:00;492435;28;15;100;heavy;5
2025-07-02T11:43:00+02:00;492445_G;25;25;60;heavy;1
2025-07-02T11:43:00+02:00;492450;27;19;100;heavy;5
2025-07-02T11:43:00+02:00;492452;25;20;60;heavy;1
2025-07-02T11:43:00+02:00;492459;103;1;60;freeFlow;1
2025-07-02T11:43:00+02:00;492474;61;3;75;freeFlow;2
2025-07-02T11:43:00+02:00;492475;75;12;75;freeFlow;2
2025-07-02T11:43:00+02:00;492476;40;12;100;freeFlow;3
2025-07-02T11:43:00+02:00;492477;48;2;100;freeFlow;3
2025-07-02T11:43:00+02:00;492479;45;14;100;freeFlow;4
2025-07-02T11:43:00+02:00;492481;25;7;60;heavy;1
2025-07-02T11:43:00+02:00;492482;46;3;100;freeFlow;5
2025-07-02T11:43:00+02:00;492483;6;28;70;congested;4
2025-07-02T11:43:00+02:00;492485;56;1;100;freeFlow;3
2025-07-02T11:43:00+02:00;492490;34;10;100;freeFlow;5
2025-07-02T11:43:00+02:00;492495;61;1;75;freeFlow;2
2025-07-02T11:43:00+02:00;492498;105;4;60;freeFlow;1
2025-07-02T11:43:00+02:00;492506;24;9;100;heavy;3
2025-07-02T11:43:00+02:00;492512;25;4;60;heavy;1
2025-07-02T11:43:00+02:00;492514;39;1;100;freeFlow;5
2025-07-02T11:43:00+02:00;492519;26;20;60;heavy;1
2025-07-02T11:43:00+02:00;492574;25;6;60;heavy;1
2025-07-02T11:43:00+02:00;492576;64;1;60;freeFlow;1
2025-07-02T11:43:00+02:00;49328_D;42;3;75;freeFlow;2
2025-07-02T11:43:00+02:00;49328_G;35;3;60;freeFlow;1
2025-07-02T11:43:00+02:00;49686_D;50;3;0;unknown;0
2025-07-02T11:43:00+02:00;49686_G;50;3;0;unknown;0
2025-07-02T11:43:00+02:00;50079_D;24;9;60;freeFlow;1
2025-07-02T11:43:00+02:00;50079_G;19;12;60;heavy;1
2025-07-02T11:43:00+02:00;50191_D;33;16;60;heavy;1
2025-07-02T11:43:00+02:00;50191_G;29;18;60;heavy;1
2025-07-02T11:43:00+02:00;50308_G;27;10;75;heavy;2
2025-07-02T11:43:00+02:00;50355_D;36;8;38;freeFlow;2
2025-07-02T11:43:00+02:00;50355_G;24;11;75;heavy;2
2025-07-02T11:43:00+02:00;50416_D;46;3;38;freeFlow;2
2025-07-02T11:43:00+02:00;50416_G;28;5;75;heavy;2
2025-07-02T11:43:00+02:00;50475;25;15;60;heavy;1
2025-07-02T11:43:00+02:00;50509;32;14;60;heavy;1
2025-07-02T11:43:00+02:00;50573_D;17;13;60;heavy;1
2025-07-02T11:43:00+02:00;50573_G;9;22;60;congested;1
2025-07-02T11:43:00+02:00;51008;50;3;0;unknown;0
2025-07-02T11:43:00+02:00;51017;20;7;60;heavy;1
2025-07-02T11:43:00+02:00;51159_D;34;19;60;heavy;1
2025-07-02T11:43:00+02:00;51159_G;13;49;12;congested;1
2025-07-02T11:43:00+02:00;51254_D;28;10;60;heavy;1
2025-07-02T11:43:00+02:00;51254_G;30;9;10;heavy;1
2025-07-02T11:43:00+02:00;51323_D;34;5;60;heavy;1
2025-07-02T11:43:00+02:00;51323_G;35;5;60;heavy;1
2025-07-02T11:43:00+02:00;51437_D;52;3;60;freeFlow;1
2025-07-02T11:43:00+02:00;51437_G;3;39;60;congested;1
2025-07-02T11:43:00+02:00;51455_D;50;5;60;freeFlow;1
2025-07-02T11:43:00+02:00;51455_G;3;82;60;congested;1
2025-07-02T11:43:00+02:00;51797;29;7;69;heavy;2
2025-07-02T11:43:00+02:00;52130;7;32;68;congested;2
2025-07-02T11:43:00+02:00;53329_D;43;4;35;freeFlow;1
2025-07-02T11:43:00+02:00;53329_G;13;12;60;heavy;1
2025-07-02T11:43:00+02:00;53336_D;6;69;73;congested;3
2025-07-02T11:43:00+02:00;53336_G;21;19;100;heavy;4
2025-07-02T11:43:00+02:00;53411_D;31;12;60;heavy;1
2025-07-02T11:43:00+02:00;53539_G;53;4;100;freeFlow;4
2025-07-02T11:43:00+02:00;53542;97;4;75;freeFlow;2
2025-07-02T11:43:00+02:00;53543;90;5;0;unknown;0
2025-07-02T11:43:00+02:00;53575_D;21;32;57;heavy;2
2025-07-02T11:43:00+02:00;53575_G;23;27;60;heavy;1
2025-07-02T11:43:00+02:00;53656;31;3;75;heavy;2
2025-07-02T11:43:00+02:00;53660;20;18;100;heavy;6
2025-07-02T11:43:00+02:00;53663;29;4;75;heavy;2
2025-07-02T11:43:00+02:00;53675;35;2;75;heavy;2
2025-07-02T11:43:00+02:00;53676;43;3;88;heavy;4
2025-07-02T11:43:00+02:00;53677;54;11;100;freeFlow;3
2025-07-02T11:43:00+02:00;53678;22;2;35;heavy;1
2025-07-02T11:43:00+02:00;53679;25;4;56;heavy;2
2025-07-02T11:43:00+02:00;53681;56;35;75;freeFlow;2
2025-07-02T11:43:00+02:00;53721;33;2;60;heavy;1
2025-07-02T11:43:00+02:00;53885_D;23;22;0;unknown;0
2025-07-02T11:43:00+02:00;53885_G;23;22;75;heavy;2
2025-07-02T11:43:00+02:00;54211;17;38;98;heavy;3
2025-07-02T11:43:00+02:00;54334_D;16;3;52;heavy;1
2025-07-02T11:43:00+02:00;54334_G;15;3;73;congested;2
2025-07-02T11:43:00+02:00;54337;15;53;74;heavy;2
2025-07-02T11:43:00+02:00;54361;115;2;22;freeFlow;1
2025-07-02T11:43:00+02:00;54580_G;12;48;57;congested;1
2025-07-02T11:43:00+02:00;54707;58;8;55;freeFlow;1
2025-07-02T11:43:00+02:00;54709;50;1;0;unknown;0
2025-07-02T11:43:00+02:00;54710;65;3;55;freeFlow;1
2025-07-02T11:43:00+02:00;55397_D;13;5;45;congested;1
2025-07-02T11:43:00+02:00;55397_G;36;2;75;freeFlow;2
2025-07-02T11:43:00+02:00;55401;103;4;60;freeFlow;1
2025-07-02T11:43:00+02:00;55405;103;1;60;freeFlow;1
2025-07-02T11:43:00+02:00;55406;37;5;98;freeFlow;3
2025-07-02T11:43:00+02:00;55407;26;5;52;heavy;1
2025-07-02T11:43:00+02:00;55408;26;6;52;heavy;1
2025-07-02T11:43:00+02:00;55440_D;13;14;75;heavy;2
2025-07-02T11:43:00+02:00;55440_G;30;6;60;freeFlow;1
2025-07-02T11:43:00+02:00;55443_D;34;2;75;heavy;2
2025-07-02T11:43:00+02:00;55443_G;35;2;60;heavy;1
2025-07-02T11:43:00+02:00;55446;28;3;100;heavy;3
2025-07-02T11:43:00+02:00;55447;25;2;75;heavy;2
2025-07-02T11:43:00+02:00;55448;22;3;100;heavy;3
2025-07-02T11:43:00+02:00;55449;29;2;100;heavy;3
2025-07-02T11:43:00+02:00;55516;50;2;0;unknown;0
2025-07-02T11:43:00+02:00;55669;27;8;70;heavy;2
2025-07-02T11:43:00+02:00;55671;34;10;57;heavy;1
2025-07-02T11:43:00+02:00;55696;34;22;15;heavy;1
2025-07-02T11:43:00+02:00;55698;13;34;22;congested;1
2025-07-02T11:43:00+02:00;55700;13;32;22;congested;1
2025-07-02T11:43:00+02:00;55703;19;6;40;heavy;2
2025-07-02T11:43:00+02:00;55706;50;1;0;unknown;0
2025-07-02T11:43:00+02:00;55707;50;7;0;unknown;0
2025-07-02T11:43:00+02:00;55708;8;16;35;congested;1
2025-07-02T11:43:00+02:00;55710;57;12;25;freeFlow;1
2025-07-02T11:43:00+02:00;55711;53;1;35;freeFlow;1
2025-07-02T11:43:00+02:00;55713;56;12;25;freeFlow;1
2025-07-02T11:43:00+02:00;55781_D;37;3;47;freeFlow;2
2025-07-02T11:43:00+02:00;55781_G;50;2;0;unknown;0
2025-07-02T11:43:00+02:00;55800;37;8;30;freeFlow;1
2025-07-02T11:43:00+02:00;55801;50;3;0;unknown;0
2025-07-02T11:43:00+02:00;55805;31;8;60;heavy;1
2025-07-02T11:43:00+02:00;55806;26;19;60;heavy;1
2025-07-02T11:43:00+02:00;55811;34;10;60;heavy;2
2025-07-02T11:43:00+02:00;55814;39;3;32;freeFlow;1
2025-07-02T11:43:00+02:00;55815;50;0;0;unknown;0
2025-07-02T11:43:00+02:00;55820;50;1;0;unknown;0
2025-07-02T11:43:00+02:00;55821;50;2;0;unknown;0
2025-07-02T11:43:00+02:00;55822;50;2;0;unknown;0
2025-07-02T11:43:00+02:00;55823;50;1;0;unknown;0
2025-07-02T11:43:00+02:00;55824;27;3;67;heavy;2
2025-07-02T11:43:00+02:00;55827;54;2;100;freeFlow;3
2025-07-02T11:43:00+02:00;55830;53;2;100;freeFlow;3
2025-07-02T11:43:00+02:00;55841;27;17;60;heavy;1
2025-07-02T11:43:00+02:00;55843;50;1;0;unknown;0
2025-07-02T11:43:00+02:00;55879;38;2;60;freeFlow;1
2025-07-02T11:43:00+02:00;55883;40;2;75;freeFlow;2
2025-07-02T11:43:00+02:00;55887;23;23;63;heavy;2
2025-07-02T11:43:00+02:00;55888;43;13;60;freeFlow;1
2025-07-02T11:43:00+02:00;55889;24;4;52;heavy;1
2025-07-02T11:43:00+02:00;55890;40;2;71;freeFlow;2
2025-07-02T11:43:00+02:00;55894;32;2;60;heavy;1
2025-07-02T11:43:00+02:00;55896;24;3;55;heavy;1
2025-07-02T11:43:00+02:00;55898;24;25;57;heavy;1
2025-07-02T11:43:00+02:00;55899;40;9;50;freeFlow;1
2025-07-02T11:43:00+02:00;55926_D;34;7;60;heavy;1
2025-07-02T11:43:00+02:00;55926_G;102;2;48;freeFlow;1
2025-07-02T11:43:00+02:00;55932;102;1;48;freeFlow;1
2025-07-02T11:43:00+02:00;55933;34;3;60;heavy;1
2025-07-02T11:43:00+02:00;55958;31;2;60;heavy;1
2025-07-02T11:43:00+02:00;55959;29;3;57;heavy;1
2025-07-02T11:43:00+02:00;55974;38;1;50;freeFlow;1
2025-07-02T11:43:00+02:00;55975;44;2;100;freeFlow;7
2025-07-02T11:43:00+02:00;55977;29;5;100;heavy;5
2025-07-02T11:43:00+02:00;55978;50;2;0;unknown;0
2025-07-02T11:43:00+02:00;55980;80;3;100;freeFlow;3
2025-07-02T11:43:00+02:00;55981;65;4;60;freeFlow;1
2025-07-02T11:43:00+02:00;56019;39;2;32;freeFlow;1
2025-07-02T11:43:00+02:00;56020;102;1;48;freeFlow;1
2025-07-02T11:43:00+02:00;56113;50;5;0;unknown;0
2025-07-02T11:43:00+02:00;56115;25;8;27;heavy;1
2025-07-02T11:43:00+02:00;56117;13;20;30;congested;1
2025-07-02T11:43:00+02:00;56118;33;2;60;heavy;1
2025-07-02T11:43:00+02:00;56124;50;1;0;unknown;0
2025-07-02T11:43:00+02:00;56125;50;1;0;unknown;0
2025-07-02T11:43:00+02:00;56126;21;7;27;heavy;1
2025-07-02T11:43:00+02:00;56128;29;2;60;heavy;1
2025-07-02T11:43:00+02:00;56157_D;30;13;0;unknown;0
2025-07-02T11:43:00+02:00;56157_G;34;12;45;freeFlow;1
2025-07-02T11:43:00+02:00;56165_D;30;2;0;unknown;0
2025-07-02T11:43:00+02:00;56165_G;34;2;45;freeFlow;1
2025-07-02T11:43:00+02:00;56170;57;1;25;freeFlow;1
2025-07-02T11:43:00+02:00;56174;34;7;45;heavy;1
2025-07-02T11:43:00+02:00;56175;50;4;0;unknown;0
2025-07-02T11:43:00+02:00;56179;57;1;25;freeFlow;1
2025-07-02T11:43:00+02:00;56180;57;1;25;freeFlow;1
2025-07-02T11:43:00+02:00;56181;57;2;25;freeFlow;1
2025-07-02T11:43:00+02:00;56182;57;2;25;freeFlow;1
2025-07-02T11:43:00+02:00;56183;50;1;0;unknown;0
2025-07-02T11:43:00+02:00;56218_D;50;3;0;unknown;0
2025-07-02T11:43:00+02:00;56218_G;50;3;0;unknown;0
2025-07-02T11:43:00+02:00;56223;50;1;0;unknown;0
2025-07-02T11:43:00+02:00;56224;23;16;27;heavy;1
2025-07-02T11:43:00+02:00;56225;50;7;0;unknown;0
2025-07-02T11:43:00+02:00;56229;50;3;0;unknown;0
2025-07-02T11:43:00+02:00;56231;50;2;0;unknown;0
2025-07-02T11:43:00+02:00;56232;19;3;25;heavy;1
2025-07-02T11:43:00+02:00;56233;55;8;63;freeFlow;2
2025-07-02T11:43:00+02:00;56237;55;8;48;freeFlow;1
2025-07-02T11:43:00+02:00;56239;30;3;45;freeFlow;1
2025-07-02T11:43:00+02:00;56247;29;1;48;freeFlow;1
2025-07-02T11:43:00+02:00;56250;24;25;66;freeFlow;2
2025-07-02T11:43:00+02:00;56251;30;21;60;freeFlow;1
2025-07-02T11:43:00+02:00;56254;30;1;0;unknown;0
2025-07-02T11:43:00+02:00;56255;30;2;60;freeFlow;1
2025-07-02T11:43:00+02:00;56256;29;2;48;freeFlow;1
2025-07-02T11:43:00+02:00;56258;55;3;48;freeFlow;1
2025-07-02T11:43:00+02:00;56260;21;3;42;heavy;1
2025-07-02T11:43:00+02:00;56261;30;2;45;freeFlow;1
2025-07-02T11:43:00+02:00;56263;29;13;48;freeFlow;1
2025-07-02T11:43:00+02:00;56264;28;14;75;freeFlow;2
2025-07-02T11:43:00+02:00;56298;29;1;48;freeFlow;1
2025-07-02T11:43:00+02:00;56300;33;1;50;freeFlow;1
2025-07-02T11:43:00+02:00;56333;39;3;32;freeFlow;1
2025-07-02T11:43:00+02:00;565804_D;9;47;60;congested;1
2025-07-02T11:43:00+02:00;565804_G;29;15;60;heavy;1
2025-07-02T11:43:00+02:00;565852;92;1;100;freeFlow;3
2025-07-02T11:43:00+02:00;565853;75;13;71;freeFlow;2
2025-07-02T11:43:00+02:00;566240;55;2;60;freeFlow;1
2025-07-02T11:43:00+02:00;566445_D;30;2;0;unknown;0
2025-07-02T11:43:00+02:00;566445_G;34;2;45;freeFlow;1
2025-07-02T11:43:00+02:00;566456_D;30;22;0;unknown;0
2025-07-02T11:43:00+02:00;566456_G;34;19;45;freeFlow;1
2025-07-02T11:43:00+02:00;566457;37;1;58;freeFlow;2
2025-07-02T11:43:00+02:00;566465_D;30;10;0;unknown;0
2025-07-02T11:43:00+02:00;566465_G;34;9;45;freeFlow;1
2025-07-02T11:43:00+02:00;56675_D;35;4;10;freeFlow;1
2025-07-02T11:43:00+02:00;56675_G;30;5;60;heavy;1
2025-07-02T11:43:00+02:00;566941;23;4;52;heavy;1
2025-07-02T11:43:00+02:00;56871_D;50;3;0;unknown;0
2025-07-02T11:43:00+02:00;56871_G;50;3;0;unknown;0
2025-07-02T11:43:00+02:00;56908_D;18;22;58;heavy;2
2025-07-02T11:43:00+02:00;56908_G;39;10;67;freeFlow;2
2025-07-02T11:43:00+02:00;56925;74;47;100;freeFlow;14
2025-07-02T11:43:00+02:00;56944_D;36;8;75;freeFlow;2
2025-07-02T11:43:00+02:00;56944_G;43;7;53;freeFlow;2
2025-07-02T11:43:00+02:00;56945_D;33;7;75;freeFlow;2
2025-07-02T11:43:00+02:00;56945_G;30;7;60;freeFlow;1
2025-07-02T11:43:00+02:00;57082_G;0;36083639957197336;60;congested;1
2025-07-02T11:43:00+02:00;57083_D;50;9;35;freeFlow;1
2025-07-02T11:43:00+02:00;57083_G;25;19;66;freeFlow;2
2025-07-02T11:43:00+02:00;59724;33;5;60;heavy;1
2025-07-02T11:43:00+02:00;59750_D;32;7;60;heavy;1
2025-07-02T11:43:00+02:00;59750_G;28;8;100;heavy;3
2025-07-02T11:43:00+02:00;59835_D;35;6;60;heavy;1
2025-07-02T11:43:00+02:00;59835_G;49;4;60;freeFlow;1
2025-07-02T11:43:00+02:00;59836;25;5;20;heavy;1
2025-07-02T11:43:00+02:00;59837;33;2;60;heavy;1
2025-07-02T11:43:00+02:00;59838;43;3;60;freeFlow;1
2025-07-02T11:43:00+02:00;62559_D;26;12;60;heavy;1
2025-07-02T11:43:00+02:00;62559_G;50;6;0;unknown;0
2025-07-02T11:43:00+02:00;62560;34;8;60;heavy;1
2025-07-02T11:43:00+02:00;62565_D;28;3;60;heavy;1
2025-07-02T11:43:00+02:00;62565_G;50;1;0;unknown;0
2025-07-02T11:43:00+02:00;62831_D;35;1;0;unknown;0
2025-07-02T11:43:00+02:00;62831_G;33;1;60;heavy;1
2025-07-02T11:43:00+02:00;62832_D;29;2;0;unknown;0
2025-07-02T11:43:00+02:00;62832_G;35;2;60;freeFlow;1
2025-07-02T11:43:00+02:00;63045_D;14;11;60;heavy;1
2025-07-02T11:43:00+02:00;63045_G;21;7;60;heavy;1
2025-07-02T11:43:00+02:00;63053_D;34;6;75;heavy;2
2025-07-02T11:43:00+02:00;63053_G;35;6;60;freeFlow;1
2025-07-02T11:43:00+02:00;63899;77;22;98;freeFlow;7
2025-07-02T11:43:00+02:00;63934;50;1;0;unknown;0
2025-07-02T11:43:00+02:00;63935;39;11;60;freeFlow;1
2025-07-02T11:43:00+02:00;63936;35;15;100;heavy;4
2025-07-02T11:43:00+02:00;63939;19;32;95;heavy;3
2025-07-02T11:43:00+02:00;63940;34;2;100;heavy;4
2025-07-02T11:43:00+02:00;63941;34;2;100;heavy;3
2025-07-02T11:43:00+02:00;63942;24;2;60;heavy;1
2025-07-02T11:43:00+02:00;63943;24;4;75;heavy;2
2025-07-02T11:43:00+02:00;63944;41;4;100;freeFlow;4
2025-07-02T11:43:00+02:00;63947;40;3;10;freeFlow;1
2025-07-02T11:43:00+02:00;63950;36;1;10;freeFlow;1
2025-07-02T11:43:00+02:00;63951;51;2;0;unknown;0
2025-07-02T11:43:00+02:00;63952;47;0;100;freeFlow;4
2025-07-02T11:43:00+02:00;63953;39;1;100;freeFlow;4
2025-07-02T11:43:00+02:00;63970;76;12;100;freeFlow;3
2025-07-02T11:43:00+02:00;63973;38;3;100;freeFlow;5
2025-07-02T11:43:00+02:00;64032;75;13;100;freeFlow;5
2025-07-02T11:43:00+02:00;64061_D;27;11;75;freeFlow;2
2025-07-02T11:43:00+02:00;64061_G;25;12;50;freeFlow;1
2025-07-02T11:43:00+02:00;64637_D;53;8;100;freeFlow;3
2025-07-02T11:43:00+02:00;64637_G;5;81;71;congested;2
2025-07-02T11:43:00+02:00;65310;12;25;57;congested;1
2025-07-02T11:43:00+02:00;65313;25;13;12;heavy;1
2025-07-02T11:43:00+02:00;65682;57;20;52;freeFlow;1
2025-07-02T11:43:00+02:00;66421;50;2;0;unknown;0
2025-07-02T11:43:00+02:00;66442;55;3;48;freeFlow;1
2025-07-02T11:43:00+02:00;66782;27;13;52;heavy;1
2025-07-02T11:43:00+02:00;67066;26;12;54;heavy;2
2025-07-02T11:43:00+02:00;67097_D;50;7;35;freeFlow;1
2025-07-02T11:43:00+02:00;67097_G;35;10;60;freeFlow;1
2025-07-02T11:43:00+02:00;69381_D;31;9;10;heavy;1
2025-07-02T11:43:00+02:00;69381_G;34;9;60;heavy;1
2025-07-02T11:43:00+02:00;72487_G;41;61;22;heavy;1
2025-07-02T11:43:00+02:00;72614;50;2;0;unknown;0
2025-07-02T11:43:00+02:00;72621;36;10;60;freeFlow;1
2025-07-02T11:43:00+02:00;72624;25;14;55;heavy;1
2025-07-02T11:43:00+02:00;72628;28;1;70;heavy;2
2025-07-02T11:43:00+02:00;74283_D;25;30;60;heavy;1
2025-07-02T11:43:00+02:00;74283_G;20;39;60;heavy;1
2025-07-02T11:43:00+02:00;75387;39;2;60;freeFlow;1
2025-07-02T11:43:00+02:00;75631;51;6;59;freeFlow;1
2025-07-02T11:43:00+02:00;75818_D;50;3;10;freeFlow;1
2025-07-02T11:43:00+02:00;75818_G;57;2;100;freeFlow;4
2025-07-02T11:43:00+02:00;75820;87;22;100;freeFlow;13
2025-07-02T11:43:00+02:00;75824;93;5;60;freeFlow;1
2025-07-02T11:43:00+02:00;75825;66;7;75;freeFlow;2
2025-07-02T11:43:00+02:00;75828;92;8;100;freeFlow;3
2025-07-02T11:43:00+02:00;75829;72;10;75;freeFlow;2
2025-07-02T11:43:00+02:00;75832;46;3;100;freeFlow;7
2025-07-02T11:43:00+02:00;75833;40;5;75;freeFlow;2
2025-07-02T11:43:00+02:00;75835;44;3;60;freeFlow;1
2025-07-02T11:43:00+02:00;75836;80;12;100;freeFlow;7
2025-07-02T11:43:00+02:00;75837;65;7;100;freeFlow;7
2025-07-02T11:43:00+02:00;75838;59;4;60;freeFlow;1
2025-07-02T11:43:00+02:00;75839;51;4;60;freeFlow;1
2025-07-02T11:43:00+02:00;75840;31;6;35;heavy;1
2025-07-02T11:43:00+02:00;75845;44;3;100;heavy;3
2025-07-02T11:43:00+02:00;75846;48;6;100;heavy;3
2025-07-02T11:43:00+02:00;75847;36;16;60;heavy;1
2025-07-02T11:43:00+02:00;75848;31;7;75;heavy;2
2025-07-02T11:43:00+02:00;75849;13;17;75;congested;2
2025-07-02T11:43:00+02:00;75850;20;9;75;heavy;2
2025-07-02T11:43:00+02:00;75851;29;6;75;heavy;2
2025-07-02T11:43:00+02:00;75853;52;1;70;freeFlow;2
2025-07-02T11:43:00+02:00;75854;52;4;70;freeFlow;2
2025-07-02T11:43:00+02:00;75856;46;3;75;heavy;2
2025-07-02T11:43:00+02:00;75897;75;12;60;freeFlow;1
2025-07-02T11:43:00+02:00;9128;68;41;100;freeFlow;7
2025-07-02T11:43:00+02:00;9130;72;11;60;freeFlow;1
2025-07-02T11:43:00+02:00;9131;85;8;100;freeFlow;11
2025-07-02T11:43:00+02:00;9132;82;25;100;freeFlow;14
2025-07-02T11:43:00+02:00;9146;81;4;100;freeFlow;6
2025-07-02T11:43:00+02:00;9178;60;20;60;heavy;1
2025-07-02T11:43:00+02:00;9179;72;25;100;freeFlow;5
2025-07-02T11:43:00+02:00;9180;82;23;100;freeFlow;12
2025-07-02T11:43:00+02:00;9181;93;10;100;freeFlow;3
2025-07-02T11:43:00+02:00;9182;46;5;60;heavy;1
2025-07-02T11:43:00+02:00;9183;65;7;75;freeFlow;2
2025-07-02T11:43:00+02:00;9184;61;11;60;heavy;1
2025-07-02T11:43:00+02:00;9245;93;76;100;freeFlow;5
2025-07-02T11:43:00+02:00;9246;107;111;100;freeFlow;12
2025-07-02T11:43:00+02:00;9380_D;47;39;60;heavy;1
2025-07-02T11:43:00+02:00;9380_G;54;34;60;heavy;1
2025-07-02T11:43:00+02:00;9389;46;2;60;heavy;1
2025-07-02T11:43:00+02:00;9390;55;2;60;heavy;1
2025-07-02T11:43:00+02:00;9391;55;1;60;heavy;1
2025-07-02T11:43:00+02:00;9392;46;2;60;heavy;1
2025-07-02T11:43:00+02:00;1677832;12;27;100;congested;3
2025-07-02T11:43:00+02:00;1679085_D;37;3;60;freeFlow;1
2025-07-02T11:43:00+02:00;1679085_G;54;2;25;freeFlow;1
2025-07-02T11:43:00+02:00;1679794;33;2;60;heavy;1
2025-07-02T11:43:00+02:00;1679795_G;33;2;60;heavy;1
2025-07-02T11:43:00+02:00;1679796;33;1;60;heavy;1
2025-07-02T11:43:00+02:00;1679797_D;6;49;0;unknown;0
2025-07-02T11:43:00+02:00;1679797_G;50;6;0;unknown;0
2025-07-02T11:43:00+02:00;1679798;12;5;60;congested;1
2025-07-02T11:43:00+02:00;1679800;18;5;75;heavy;2
2025-07-02T11:43:00+02:00;1680335;32;9;60;heavy;1
2025-07-02T11:43:00+02:00;1680340;21;5;100;heavy;3
2025-07-02T11:43:00+02:00;213972_D;52;5;55;freeFlow;1
2025-07-02T11:43:00+02:00;213972_G;33;8;68;heavy;2
2025-07-02T11:43:00+02:00;213973_D;45;8;55;freeFlow;1
2025-07-02T11:43:00+02:00;213973_G;23;16;60;heavy;1
2025-07-02T11:43:00+02:00;213974_D;55;4;55;freeFlow;1
2025-07-02T11:43:00+02:00;213974_G;33;6;60;heavy;1
2025-07-02T11:43:00+02:00;26521;90;61;100;freeFlow;4
2025-07-02T11:43:00+02:00;26522;76;43;68;freeFlow;2
2025-07-02T11:43:00+02:00;31304_G;37;30;60;freeFlow;1
2025-07-02T11:43:00+02:00;31328;104;9;75;freeFlow;2
2025-07-02T11:43:00+02:00;31441;51;67;88;freeFlow;3
2025-07-02T11:43:00+02:00;31535;63;12;100;freeFlow;3
2025-07-02T11:43:00+02:00;31552;86;8;100;freeFlow;10
2025-07-02T11:43:00+02:00;31555;105;8;100;freeFlow;3
2025-07-02T11:43:00+02:00;43014_D;4;52;75;congested;2
2025-07-02T11:43:00+02:00;43014_G;40;5;60;freeFlow;1
2025-07-02T11:43:00+02:00;43105_D;50;5;0;unknown;0
2025-07-02T11:43:00+02:00;43105_G;13;20;75;congested;2
2025-07-02T11:43:00+02:00;43118_D;8;67;98;congested;5
2025-07-02T11:43:00+02:00;43118_G;21;27;60;heavy;1
2025-07-02T11:43:00+02:00;43124_D;8;49;100;congested;3
2025-07-02T11:43:00+02:00;43124_G;24;16;60;freeFlow;1
2025-07-02T11:43:00+02:00;43125_D;8;32;100;congested;3
2025-07-02T11:43:00+02:00;43125_G;17;15;100;heavy;3
2025-07-02T11:43:00+02:00;43126_D;8;65;100;congested;4
2025-07-02T11:43:00+02:00;43126_G;11;48;100;heavy;3
2025-07-02T11:43:00+02:00;43147_D;6;47;100;congested;3
2025-07-02T11:43:00+02:00;43147_G;15;18;100;heavy;3
2025-07-02T11:43:00+02:00;43336_D;50;6;0;unknown;0
2025-07-02T11:43:00+02:00;43336_G;36;8;42;freeFlow;1
2025-07-02T11:43:00+02:00;43337_D;13;34;35;congested;1
2025-07-02T11:43:00+02:00;43337_G;37;11;75;freeFlow;2
2025-07-02T11:43:00+02:00;43338_D;50;4;0;unknown;0
2025-07-02T11:43:00+02:00;43338_G;16;11;60;heavy;1
2025-07-02T11:43:00+02:00;43339_D;50;5;0;unknown;0
2025-07-02T11:43:00+02:00;43339_G;38;6;42;freeFlow;1
2025-07-02T11:43:00+02:00;43340_D;50;1;0;unknown;0
2025-07-02T11:43:00+02:00;43340_G;21;2;70;heavy;2
2025-07-02T11:43:00+02:00;43341_D;52;3;42;freeFlow;1
2025-07-02T11:43:00+02:00;43341_G;20;9;60;heavy;1
2025-07-02T11:43:00+02:00;43342_D;50;2;0;unknown;0
2025-07-02T11:43:00+02:00;43342_G;20;5;60;heavy;1
2025-07-02T11:43:00+02:00;43343_D;50;7;0;unknown;0
2025-07-02T11:43:00+02:00;43343_G;20;17;60;heavy;1
2025-07-02T11:43:00+02:00;43345_D;30;10;0;unknown;0
2025-07-02T11:43:00+02:00;43345_G;28;10;60;freeFlow;1
2025-07-02T11:43:00+02:00;43347_D;30;5;0;unknown;0
2025-07-02T11:43:00+02:00;43347_G;26;5;60;freeFlow;1
2025-07-02T11:43:00+02:00;43352_D;30;16;0;unknown;0
2025-07-02T11:43:00+02:00;43353_D;30;10;0;unknown;0
2025-07-02T11:43:00+02:00;43353_G;14;20;60;heavy;1
2025-07-02T11:43:00+02:00;43377_D;30;16;0;unknown;0
2025-07-02T11:43:00+02:00;43377_G;27;18;70;freeFlow;2
2025-07-02T11:43:00+02:00;43379_D;30;7;0;unknown;0
2025-07-02T11:43:00+02:00;43379_G;38;6;60;freeFlow;1
2025-07-02T11:43:00+02:00;43413_D;30;6;0;unknown;0
2025-07-02T11:43:00+02:00;43413_G;6;29;60;congested;1
2025-07-02T11:43:00+02:00;43474_D;38;4;60;freeFlow;1
2025-07-02T11:43:00+02:00;43474_G;54;3;25;freeFlow;1
2025-07-02T11:43:00+02:00;43615_D;39;2;60;freeFlow;1
2025-07-02T11:43:00+02:00;43615_G;54;1;25;freeFlow;1
2025-07-02T11:43:00+02:00;43743_D;50;25;0;unknown;0
2025-07-02T11:43:00+02:00;43746;26;8;60;freeFlow;1
2025-07-02T11:43:00+02:00;43747;26;16;60;freeFlow;1
2025-07-02T11:43:00+02:00;43751;26;22;100;freeFlow;4
2025-07-02T11:43:00+02:00;43774_D;35;5;60;heavy;1
2025-07-02T11:43:00+02:00;43774_G;15;14;60;congested;1
2025-07-02T11:43:00+02:00;43775_D;9;44;60;congested;1
2025-07-02T11:43:00+02:00;43775_G;17;23;98;heavy;4
2025-07-02T11:43:00+02:00;43826_D;27;10;60;heavy;1
2025-07-02T11:43:00+02:00;43826_G;8;33;60;congested;1
2025-07-02T11:43:00+02:00;43971;50;13;0;unknown;0
2025-07-02T11:43:00+02:00;43973;55;5;57;freeFlow;1
2025-07-02T11:43:00+02:00;44003_G;55;8;38;freeFlow;2
2025-07-02T11:43:00+02:00;44004_D;23;48;75;heavy;2
2025-07-02T11:43:00+02:00;44004_G;46;24;67;freeFlow;2
2025-07-02T11:43:00+02:00;44017_G;33;5;60;heavy;1
2025-07-02T11:43:00+02:00;44018_G;43;13;58;freeFlow;1
2025-07-02T11:43:00+02:00;44037_D;38;4;60;freeFlow;1
2025-07-02T11:43:00+02:00;44037_G;54;3;25;freeFlow;1
2025-07-02T11:43:00+02:00;44851_D;81;7;60;freeFlow;1
2025-07-02T11:43:00+02:00;44851_G;27;20;71;heavy;2
2025-07-02T11:43:00+02:00;44852_D;42;11;52;freeFlow;1
2025-07-02T11:43:00+02:00;44852_G;48;10;60;freeFlow;1
2025-07-02T11:43:00+02:00;44854_D;18;4;52;heavy;1
2025-07-02T11:43:00+02:00;44854_G;54;1;60;freeFlow;1
2025-07-02T11:43:00+02:00;44855_D;31;12;55;heavy;1
2025-07-02T11:43:00+02:00;44855_G;39;9;60;freeFlow;1
2025-07-02T11:43:00+02:00;44879;66;20;60;freeFlow;1
2025-07-02T11:43:00+02:00;44897_D;36;6;52;freeFlow;1
2025-07-02T11:43:00+02:00;44897_G;48;5;60;freeFlow;1
2025-07-02T11:43:00+02:00;44901;107;14;10;freeFlow;1
2025-07-02T11:43:00+02:00;44939;82;50;100;freeFlow;12
2025-07-02T11:43:00+02:00;45135_D;27;2;48;heavy;1
2025-07-02T11:43:00+02:00;45135_G;33;2;25;heavy;1
2025-07-02T11:43:00+02:00;45136_G;40;20;22;freeFlow;1
2025-07-02T11:43:00+02:00;45137_D;77;1;60;freeFlow;1
2025-07-02T11:43:00+02:00;45137_G;35;2;22;heavy;1
2025-07-02T11:43:00+02:00;45146;11;36;60;congested;1
2025-07-02T11:43:00+02:00;45147_D;18;3;100;heavy;3
2025-07-02T11:43:00+02:00;45147_G;5;8;60;congested;1
2025-07-02T11:43:00+02:00;45153;40;10;60;freeFlow;1
2025-07-02T11:43:00+02:00;45155;11;68;59;congested;1
2025-07-02T11:43:00+02:00;45213;31;15;60;heavy;1
2025-07-02T11:43:00+02:00;45214;75;4;75;freeFlow;2
2025-07-02T11:43:00+02:00;45232;33;50;57;heavy;1
2025-07-02T11:43:00+02:00;45233;56;2;60;freeFlow;1
2025-07-02T11:43:00+02:00;45236_D;55;12;75;freeFlow;2
2025-07-02T11:43:00+02:00;45242;74;16;100;freeFlow;8
2025-07-02T11:43:00+02:00;45246;84;30;100;freeFlow;8
2025-07-02T11:43:00+02:00;45247;81;12;60;freeFlow;1
2025-07-02T11:43:00+02:00;47742_G;33;7;60;heavy;1
2025-07-02T11:43:00+02:00;47744;24;85;68;heavy;2
2025-07-02T11:43:00+02:00;48725;29;3;75;heavy;2
2025-07-02T11:43:00+02:00;48736;37;2;75;freeFlow;2
2025-07-02T11:43:00+02:00;48738;48;1;75;freeFlow;2
2025-07-02T11:43:00+02:00;48746;48;8;75;freeFlow;2
2025-07-02T11:43:00+02:00;48751;22;3;60;heavy;1
2025-07-02T11:43:00+02:00;48752;22;3;60;heavy;1
2025-07-02T11:43:00+02:00;48753;41;2;55;freeFlow;1
2025-07-02T11:43:00+02:00;48754;41;2;55;freeFlow;1
2025-07-02T11:43:00+02:00;48764;20;4;60;heavy;1
2025-07-02T11:43:00+02:00;48765;38;6;57;freeFlow;1
2025-07-02T11:43:00+02:00;48796;27;19;75;heavy;2
2025-07-02T11:43:00+02:00;48915_D;49;3;0;unknown;0
2025-07-02T11:43:00+02:00;48915_G;14;9;74;congested;2
2025-07-02T11:43:00+02:00;48916;17;10;60;heavy;1
2025-07-02T11:43:00+02:00;48953_D;44;26;50;freeFlow;1
2025-07-02T11:43:00+02:00;48953_G;29;40;55;heavy;1
2025-07-02T11:43:00+02:00;48993_D;50;7;0;unknown;0
2025-07-02T11:43:00+02:00;48993_G;21;17;60;heavy;1
2025-07-02T11:43:00+02:00;49042_D;33;2;52;heavy;1
2025-07-02T11:43:00+02:00;49042_G;54;1;60;freeFlow;1
2025-07-02T11:43:00+02:00;50035_D;38;2;60;freeFlow;1
2025-07-02T11:43:00+02:00;50035_G;54;1;25;freeFlow;1
2025-07-02T11:43:00+02:00;50087;31;9;75;heavy;2
2025-07-02T11:43:00+02:00;50107_D;14;39;0;unknown;0
2025-07-02T11:43:00+02:00;50107_G;28;19;73;heavy;2
2025-07-02T11:43:00+02:00;52835_G;40;4;60;freeFlow;1
2025-07-02T11:43:00+02:00;52850_D;8;16;60;congested;1
2025-07-02T11:43:00+02:00;52850_G;40;4;60;freeFlow;1
2025-07-02T11:43:00+02:00;52878;57;2;30;freeFlow;1
2025-07-02T11:43:00+02:00;53020_G;33;3;60;heavy;1
2025-07-02T11:43:00+02:00;53130_D;50;5;0;unknown;0
2025-07-02T11:43:00+02:00;53130_G;14;18;75;congested;2
2025-07-02T11:43:00+02:00;53375_D;30;3;0;unknown;0
2025-07-02T11:43:00+02:00;53375_G;21;5;60;heavy;1
2025-07-02T11:43:00+02:00;53427;80;54;100;freeFlow;13
2025-07-02T11:43:00+02:00;53988;70;3;100;freeFlow;3
2025-07-02T11:43:00+02:00;53989;25;3;48;heavy;1
2025-07-02T11:43:00+02:00;53992_D;45;9;60;freeFlow;1
2025-07-02T11:43:00+02:00;53992_G;26;15;52;heavy;1
2025-07-02T11:43:00+02:00;53995;16;4;52;heavy;1
2025-07-02T11:43:00+02:00;53997;39;2;50;freeFlow;1
2025-07-02T11:43:00+02:00;53999;30;2;60;heavy;1
2025-07-02T11:43:00+02:00;54130;50;31;0;unknown;0
2025-07-02T11:43:00+02:00;54136;31;6;75;heavy;2
2025-07-02T11:43:00+02:00;54219;57;10;57;freeFlow;1
2025-07-02T11:43:00+02:00;54222;51;12;57;freeFlow;1
2025-07-02T11:43:00+02:00;54235;46;10;75;freeFlow;2
2025-07-02T11:43:00+02:00;54300;49;8;100;freeFlow;3
2025-07-02T11:43:00+02:00;54304_D;27;7;48;heavy;1
2025-07-02T11:43:00+02:00;54304_G;50;4;25;freeFlow;1
2025-07-02T11:43:00+02:00;54309;23;38;100;heavy;3
2025-07-02T11:43:00+02:00;54345;37;4;57;freeFlow;1
2025-07-02T11:43:00+02:00;54352;34;10;75;heavy;2
2025-07-02T11:43:00+02:00;54353;81;2;60;freeFlow;1
2025-07-02T11:43:00+02:00;54356;42;20;100;freeFlow;3
2025-07-02T11:43:00+02:00;54357;34;8;100;heavy;3
2025-07-02T11:43:00+02:00;54370;60;3;12;freeFlow;1
2025-07-02T11:43:00+02:00;54373;16;11;40;heavy;1
2025-07-02T11:43:00+02:00;54374;38;5;75;freeFlow;2
2025-07-02T11:43:00+02:00;54377;60;18;60;freeFlow;1
2025-07-02T11:43:00+02:00;54396;15;16;100;heavy;3
2025-07-02T11:43:00+02:00;54397;24;24;100;heavy;3
2025-07-02T11:43:00+02:00;54468;75;2;75;freeFlow;2
2025-07-02T11:43:00+02:00;54470;51;5;75;freeFlow;2
2025-07-02T11:43:00+02:00;56022;28;5;100;heavy;3
2025-07-02T11:43:00+02:00;56598;16;3;52;heavy;1
2025-07-02T11:43:00+02:00;56676_D;19;12;75;heavy;2
2025-07-02T11:43:00+02:00;56868;50;4;0;unknown;0
2025-07-02T11:43:00+02:00;56869;40;4;60;freeFlow;1
2025-07-02T11:43:00+02:00;56894;40;5;60;freeFlow;1
2025-07-02T11:43:00+02:00;56895;28;42;69;heavy;2
2025-07-02T11:43:00+02:00;56896;48;3;100;freeFlow;3
2025-07-02T11:43:00+02:00;56901;79;28;100;freeFlow;7
2025-07-02T11:43:00+02:00;60284;42;29;100;freeFlow;3
2025-07-02T11:43:00+02:00;63409_D;50;2;0;unknown;0
2025-07-02T11:43:00+02:00;63409_G;25;4;60;heavy;1
2025-07-02T11:43:00+02:00;66896;7;47;59;congested;1
2025-07-02T11:43:00+02:00;69440;39;6;100;freeFlow;3
2025-07-02T11:43:00+02:00;69442;19;22;100;heavy;3
2025-07-02T11:43:00+02:00;75868;87;8;100;freeFlow;13
2025-07-02T11:43:00+02:00;75908;50;21;0;unknown;0
2025-07-02T11:43:00+02:00;75909;20;52;100;heavy;3
2025-07-02T11:43:00+02:00;44943;36;17;100;freeFlow;10
2025-07-02T11:43:00+02:00;47063;33;18;100;heavy;3
2025-07-02T11:43:00+02:00;71455_G;50;3;0;unknown;0
2025-07-02T11:43:00+02:00;75831;68;13;75;freeFlow;2