datetime;predefinedLocationReference;averageVehicleSpeed;travelTime;travelTimeReliability;trafficStatus;vehicleProbeMeasurement
2025-07-02T18:43:00+02:00;10273_D;62;12;60;freeFlow;1
2025-07-02T18:43:00+02:00;10273_G;79;9;75;freeFlow;2
2025-07-02T18:43:00+02:00;10274_D;62;10;60;freeFlow;1
2025-07-02T18:43:00+02:00;10274_G;78;8;75;freeFlow;2
2025-07-02T18:43:00+02:00;10275_D;70;15;75;freeFlow;2
2025-07-02T18:43:00+02:00;10275_G;68;15;75;freeFlow;2
2025-07-02T18:43:00+02:00;10277_D;73;21;75;freeFlow;2
2025-07-02T18:43:00+02:00;10277_G;46;33;100;heavy;4
2025-07-02T18:43:00+02:00;10279_D;73;14;75;freeFlow;2
2025-07-02T18:43:00+02:00;10279_G;78;13;100;freeFlow;3
2025-07-02T18:43:00+02:00;10281_D;65;22;75;freeFlow;2
2025-07-02T18:43:00+02:00;10281_G;61;23;100;freeFlow;3
2025-07-02T18:43:00+02:00;10315_D;62;9;60;freeFlow;1
2025-07-02T18:43:00+02:00;10315_G;78;7;75;freeFlow;2
2025-07-02T18:43:00+02:00;11579_D;76;3;42;freeFlow;1
2025-07-02T18:43:00+02:00;11579_G;80;3;0;unknown;0
2025-07-02T18:43:00+02:00;11652;58;24;75;heavy;2
2025-07-02T18:43:00+02:00;11654;54;2;100;freeFlow;3
2025-07-02T18:43:00+02:00;11777_D;16;5;60;congested;1
2025-07-02T18:43:00+02:00;11777_G;32;2;75;heavy;2
2025-07-02T18:43:00+02:00;11781_D;30;3;0;unknown;0
2025-07-02T18:43:00+02:00;11781_G;30;3;0;unknown;0
2025-07-02T18:43:00+02:00;11784_D;30;2;0;unknown;0
2025-07-02T18:43:00+02:00;11784_G;30;2;0;unknown;0
2025-07-02T18:43:00+02:00;11785_D;61;1;40;freeFlow;1
2025-07-02T18:43:00+02:00;11785_G;30;1;0;unknown;0
2025-07-02T18:43:00+02:00;12060_D;62;12;60;freeFlow;1
2025-07-02T18:43:00+02:00;12060_G;78;9;75;freeFlow;2
2025-07-02T18:43:00+02:00;1242_D;46;2;100;heavy;3
2025-07-02T18:43:00+02:00;1242_G;42;3;60;heavy;1
2025-07-02T18:43:00+02:00;1285_D;64;1;75;freeFlow;2
2025-07-02T18:43:00+02:00;1285_G;42;1;60;heavy;1
2025-07-02T18:43:00+02:00;13514;40;5;75;heavy;2
2025-07-02T18:43:00+02:00;13515;43;3;75;heavy;2
2025-07-02T18:43:00+02:00;13516;80;1;0;unknown;0
2025-07-02T18:43:00+02:00;13549_D;68;5;75;freeFlow;2
2025-07-02T18:43:00+02:00;13549_G;56;6;75;freeFlow;2
2025-07-02T18:43:00+02:00;13557_D;66;6;75;freeFlow;2
2025-07-02T18:43:00+02:00;13557_G;42;9;75;heavy;2
2025-07-02T18:43:00+02:00;14364;99;21;100;freeFlow;6
2025-07-02T18:43:00+02:00;14365;109;19;57;freeFlow;1
2025-07-02T18:43:00+02:00;15029_D;75;33;60;freeFlow;1
2025-07-02T18:43:00+02:00;15029_G;60;41;60;freeFlow;1
2025-07-02T18:43:00+02:00;15062;28;5;60;heavy;1
2025-07-02T18:43:00+02:00;15063;29;5;75;heavy;2
2025-07-02T18:43:00+02:00;15064;36;4;72;heavy;2
2025-07-02T18:43:00+02:00;15065;25;7;60;heavy;1
2025-07-02T18:43:00+02:00;15066;27;5;100;heavy;3
2025-07-02T18:43:00+02:00;15067_D;76;56;57;freeFlow;1
2025-07-02T18:43:00+02:00;15067_G;75;57;88;freeFlow;3
2025-07-02T18:43:00+02:00;15104_D;93;43;57;freeFlow;1
2025-07-02T18:43:00+02:00;15104_G;78;50;60;freeFlow;1
2025-07-02T18:43:00+02:00;15111;111;3;57;freeFlow;1
2025-07-02T18:43:00+02:00;15113;49;4;75;heavy;2
2025-07-02T18:43:00+02:00;15114;53;3;75;heavy;2
2025-07-02T18:43:00+02:00;15117;37;4;60;heavy;1
2025-07-02T18:43:00+02:00;15118;37;3;60;heavy;1
2025-07-02T18:43:00+02:00;15119;33;5;60;heavy;1
2025-07-02T18:43:00+02:00;15120;33;6;75;heavy;2
2025-07-02T18:43:00+02:00;15121;34;3;75;heavy;2
2025-07-02T18:43:00+02:00;15122;30;6;55;heavy;1
2025-07-02T18:43:00+02:00;15124_D;35;25;75;heavy;2
2025-07-02T18:43:00+02:00;15124_G;43;20;74;heavy;2
2025-07-02T18:43:00+02:00;15549_D;45;1;60;freeFlow;1
2025-07-02T18:43:00+02:00;15549_G;50;1;0;unknown;0
2025-07-02T18:43:00+02:00;15550;20;1;100;congested;4
2025-07-02T18:43:00+02:00;15551;95;120;59;freeFlow;1
2025-07-02T18:43:00+02:00;1601768;28;14;98;heavy;3
2025-07-02T18:43:00+02:00;1601771;31;8;60;heavy;1
2025-07-02T18:43:00+02:00;1601787;35;2;63;freeFlow;2
2025-07-02T18:43:00+02:00;1601792;35;1;48;freeFlow;1
2025-07-02T18:43:00+02:00;1601794_D;35;4;48;freeFlow;1
2025-07-02T18:43:00+02:00;1601794_G;28;3;57;freeFlow;1
2025-07-02T18:43:00+02:00;1601795;35;14;48;freeFlow;1
2025-07-02T18:43:00+02:00;1601797;28;18;57;freeFlow;1
2025-07-02T18:43:00+02:00;1601798;42;3;73;freeFlow;2
2025-07-02T18:43:00+02:00;1601799;32;2;59;freeFlow;1
2025-07-02T18:43:00+02:00;1601807;34;3;100;heavy;5
2025-07-02T18:43:00+02:00;1601808;38;25;75;freeFlow;2
2025-07-02T18:43:00+02:00;1601810;44;22;100;freeFlow;4
2025-07-02T18:43:00+02:00;1601812;58;3;100;freeFlow;3
2025-07-02T18:43:00+02:00;1601813_D;65;19;75;freeFlow;2
2025-07-02T18:43:00+02:00;1601813_G;47;27;97;freeFlow;3
2025-07-02T18:43:00+02:00;1601814;76;2;72;freeFlow;2
2025-07-02T18:43:00+02:00;1601815;53;3;100;freeFlow;4
2025-07-02T18:43:00+02:00;1601819;46;1;100;freeFlow;4
2025-07-02T18:43:00+02:00;1601824;53;3;100;freeFlow;3
2025-07-02T18:43:00+02:00;1601898;89;17;60;freeFlow;1
2025-07-02T18:43:00+02:00;1601931_D;50;5;0;unknown;0
2025-07-02T18:43:00+02:00;1601931_G;49;6;25;freeFlow;1
2025-07-02T18:43:00+02:00;1602158_D;50;1;0;unknown;0
2025-07-02T18:43:00+02:00;1602158_G;41;1;22;freeFlow;1
2025-07-02T18:43:00+02:00;1602398;36;1;75;freeFlow;2
2025-07-02T18:43:00+02:00;1626;51;48;100;heavy;5
2025-07-02T18:43:00+02:00;1627;51;4;100;freeFlow;7
2025-07-02T18:43:00+02:00;1628;66;2;75;freeFlow;2
2025-07-02T18:43:00+02:00;1629;43;3;100;freeFlow;5
2025-07-02T18:43:00+02:00;1630;55;2;100;freeFlow;4
2025-07-02T18:43:00+02:00;1631;105;1;75;freeFlow;2
2025-07-02T18:43:00+02:00;1632;47;40;100;heavy;6
2025-07-02T18:43:00+02:00;1633;82;10;45;freeFlow;1
2025-07-02T18:43:00+02:00;1639;34;9;100;heavy;4
2025-07-02T18:43:00+02:00;16647_D;64;71;81;freeFlow;3
2025-07-02T18:43:00+02:00;16647_G;72;63;56;freeFlow;1
2025-07-02T18:43:00+02:00;16648_D;82;9;32;freeFlow;1
2025-07-02T18:43:00+02:00;16648_G;82;9;52;freeFlow;1
2025-07-02T18:43:00+02:00;16695_D;67;42;74;freeFlow;2
2025-07-02T18:43:00+02:00;16695_G;68;42;75;freeFlow;2
2025-07-02T18:43:00+02:00;16701;37;3;72;freeFlow;2
2025-07-02T18:43:00+02:00;16702;38;3;75;freeFlow;2
2025-07-02T18:43:00+02:00;16707_D;45;1;60;freeFlow;1
2025-07-02T18:43:00+02:00;16707_G;55;1;45;freeFlow;1
2025-07-02T18:43:00+02:00;16744;35;4;64;heavy;2
2025-07-02T18:43:00+02:00;16745;32;4;57;heavy;1
2025-07-02T18:43:00+02:00;16746;32;3;57;heavy;1
2025-07-02T18:43:00+02:00;16747;36;5;100;heavy;4
2025-07-02T18:43:00+02:00;16748;38;3;100;heavy;4
2025-07-02T18:43:00+02:00;16749;46;3;86;heavy;3
2025-07-02T18:43:00+02:00;16752_D;56;7;75;heavy;2
2025-07-02T18:43:00+02:00;16752_G;14;28;84;congested;3
2025-07-02T18:43:00+02:00;1675_D;28;10;75;freeFlow;2
2025-07-02T18:43:00+02:00;1675_G;23;11;75;freeFlow;2
2025-07-02T18:43:00+02:00;1676;46;10;100;heavy;6
2025-07-02T18:43:00+02:00;16761;38;2;75;freeFlow;2
2025-07-02T18:43:00+02:00;16762;34;3;85;heavy;3
2025-07-02T18:43:00+02:00;1677;37;14;100;heavy;3
2025-07-02T18:43:00+02:00;1677109;64;25;60;freeFlow;1
2025-07-02T18:43:00+02:00;1677110;70;1;0;unknown;0
2025-07-02T18:43:00+02:00;1677175_D;20;70;65;heavy;2
2025-07-02T18:43:00+02:00;1677175_G;19;74;57;heavy;1
2025-07-02T18:43:00+02:00;1677180_D;35;1;48;freeFlow;1
2025-07-02T18:43:00+02:00;1677180_G;27;2;57;freeFlow;1
2025-07-02T18:43:00+02:00;1677184_D;35;20;48;freeFlow;1
2025-07-02T18:43:00+02:00;1677184_G;28;25;57;freeFlow;1
2025-07-02T18:43:00+02:00;1677551_D;30;2;0;unknown;0
2025-07-02T18:43:00+02:00;1677551_G;30;2;0;unknown;0
2025-07-02T18:43:00+02:00;1677568_D;50;29;0;unknown;0
2025-07-02T18:43:00+02:00;1677568_G;56;27;60;freeFlow;1
2025-07-02T18:43:00+02:00;1677569;36;3;45;freeFlow;1
2025-07-02T18:43:00+02:00;1677687;50;1;0;unknown;0
2025-07-02T18:43:00+02:00;1677691;50;1;0;unknown;0
2025-07-02T18:43:00+02:00;1677693;39;2;60;freeFlow;1
2025-07-02T18:43:00+02:00;1677695_D;50;14;0;unknown;0
2025-07-02T18:43:00+02:00;1677695_G;46;15;60;freeFlow;1
2025-07-02T18:43:00+02:00;1677709_D;50;3;0;unknown;0
2025-07-02T18:43:00+02:00;1677709_G;51;4;60;freeFlow;1
2025-07-02T18:43:00+02:00;1677716_D;50;3;0;unknown;0
2025-07-02T18:43:00+02:00;1677716_G;48;3;60;freeFlow;1
2025-07-02T18:43:00+02:00;1677730_D;50;22;0;unknown;0
2025-07-02T18:43:00+02:00;1677730_G;35;31;60;freeFlow;1
2025-07-02T18:43:00+02:00;1677735_D;50;1;0;unknown;0
2025-07-02T18:43:00+02:00;1677735_G;39;1;60;freeFlow;1
2025-07-02T18:43:00+02:00;1677745_D;50;2;0;unknown;0
2025-07-02T18:43:00+02:00;1677745_G;33;2;60;heavy;1
2025-07-02T18:43:00+02:00;1677785_D;30;9;0;unknown;0
2025-07-02T18:43:00+02:00;1677785_G;22;12;60;freeFlow;1
2025-07-02T18:43:00+02:00;1677801_D;50;6;0;unknown;0
2025-07-02T18:43:00+02:00;1677801_G;39;8;60;freeFlow;1
2025-07-02T18:43:00+02:00;1677808_D;50;13;0;unknown;0
2025-07-02T18:43:00+02:00;1677808_G;34;20;60;heavy;1
2025-07-02T18:43:00+02:00;16783;28;3;63;heavy;2
2025-07-02T18:43:00+02:00;16784;37;2;48;freeFlow;1
2025-07-02T18:43:00+02:00;16785;45;2;60;freeFlow;1
2025-07-02T18:43:00+02:00;1678542;53;39;100;heavy;3
2025-07-02T18:43:00+02:00;1678698_D;8;94;60;congested;1
2025-07-02T18:43:00+02:00;1678698_G;38;21;38;freeFlow;1
2025-07-02T18:43:00+02:00;1678750;39;2;60;freeFlow;1
2025-07-02T18:43:00+02:00;1678763_D;45;4;60;freeFlow;1
2025-07-02T18:43:00+02:00;1678763_G;50;4;0;unknown;0
2025-07-02T18:43:00+02:00;1679092_D;19;12;50;heavy;2
2025-07-02T18:43:00+02:00;1679092_G;28;8;60;heavy;1
2025-07-02T18:43:00+02:00;1679681;59;14;98;heavy;3
2025-07-02T18:43:00+02:00;1679779;60;5;100;freeFlow;3
2025-07-02T18:43:00+02:00;1679795_D;50;1;0;unknown;0
2025-07-02T18:43:00+02:00;1679822;23;3;60;heavy;1
2025-07-02T18:43:00+02:00;1679825;36;2;60;freeFlow;1
2025-07-02T18:43:00+02:00;1679841;21;47;60;heavy;1
2025-07-02T18:43:00+02:00;1679843;10;4;60;congested;1
2025-07-02T18:43:00+02:00;1679845;19;2;60;heavy;1
2025-07-02T18:43:00+02:00;1679847;39;1;60;freeFlow;1
2025-07-02T18:43:00+02:00;1679859_D;30;16;0;unknown;0
2025-07-02T18:43:00+02:00;1679859_G;63;7;48;freeFlow;1
2025-07-02T18:43:00+02:00;1680014;102;5;100;freeFlow;8
2025-07-02T18:43:00+02:00;1680016;92;13;100;freeFlow;10
2025-07-02T18:43:00+02:00;1680022;91;5;100;freeFlow;9
2025-07-02T18:43:00+02:00;1680024;100;8;100;freeFlow;8
2025-07-02T18:43:00+02:00;1680116;58;2;60;freeFlow;1
2025-07-02T18:43:00+02:00;1680119;58;3;60;freeFlow;1
2025-07-02T18:43:00+02:00;1680121;40;3;100;heavy;3
2025-07-02T18:43:00+02:00;1680122_D;49;38;99;heavy;3
2025-07-02T18:43:00+02:00;1680122_G;49;38;100;heavy;3
2025-07-02T18:43:00+02:00;1680123;38;4;100;heavy;4
2025-07-02T18:43:00+02:00;1680337;7;34;60;congested;1
2025-07-02T18:43:00+02:00;1680401_D;68;18;65;freeFlow;2
2025-07-02T18:43:00+02:00;1680401_G;67;18;55;freeFlow;1
2025-07-02T18:43:00+02:00;1680514_D;30;14;50;heavy;1
2025-07-02T18:43:00+02:00;1680514_G;22;21;65;heavy;2
2025-07-02T18:43:00+02:00;1680539;52;1;75;heavy;2
2025-07-02T18:43:00+02:00;1680541_D;37;11;17;freeFlow;1
2025-07-02T18:43:00+02:00;1680541_G;30;14;0;unknown;0
2025-07-02T18:43:00+02:00;1680549_D;5;129;68;congested;2
2025-07-02T18:43:00+02:00;1680549_G;11;59;55;congested;1
2025-07-02T18:43:00+02:00;1680551_D;30;1;0;unknown;0
2025-07-02T18:43:00+02:00;1680551_G;37;1;17;freeFlow;1
2025-07-02T18:43:00+02:00;1680557_D;22;1;0;unknown;0
2025-07-02T18:43:00+02:00;1680557_G;50;1;0;unknown;0
2025-07-02T18:43:00+02:00;1680561_D;30;1;50;heavy;1
2025-07-02T18:43:00+02:00;1680561_G;15;2;0;unknown;0
2025-07-02T18:43:00+02:00;1680567;34;2;40;heavy;1
2025-07-02T18:43:00+02:00;1680569;18;8;40;heavy;1
2025-07-02T18:43:00+02:00;1680573;20;4;55;heavy;1
2025-07-02T18:43:00+02:00;1680574;15;8;55;heavy;1
2025-07-02T18:43:00+02:00;1680575;24;13;50;heavy;1
2025-07-02T18:43:00+02:00;1680576;29;3;50;heavy;1
2025-07-02T18:43:00+02:00;16821_D;55;121;47;heavy;2
2025-07-02T18:43:00+02:00;16821_G;81;82;52;freeFlow;1
2025-07-02T18:43:00+02:00;16830_D;50;16;0;unknown;0
2025-07-02T18:43:00+02:00;16830_G;51;16;42;freeFlow;1
2025-07-02T18:43:00+02:00;16831_D;50;2;0;unknown;0
2025-07-02T18:43:00+02:00;16831_G;51;2;42;freeFlow;1
2025-07-02T18:43:00+02:00;16832;50;3;0;unknown;0
2025-07-02T18:43:00+02:00;16834;57;12;42;freeFlow;1
2025-07-02T18:43:00+02:00;16850_D;45;1;60;freeFlow;1
2025-07-02T18:43:00+02:00;16850_G;50;1;0;unknown;0
2025-07-02T18:43:00+02:00;16851_D;45;3;60;freeFlow;1
2025-07-02T18:43:00+02:00;16851_G;50;2;0;unknown;0
2025-07-02T18:43:00+02:00;16852_D;45;5;60;freeFlow;1
2025-07-02T18:43:00+02:00;16852_G;50;5;0;unknown;0
2025-07-02T18:43:00+02:00;16853_D;15;23;60;heavy;1
2025-07-02T18:43:00+02:00;16853_G;50;7;0;unknown;0
2025-07-02T18:43:00+02:00;16854_D;17;13;60;heavy;1
2025-07-02T18:43:00+02:00;16854_G;50;4;0;unknown;0
2025-07-02T18:43:00+02:00;16855_D;17;13;60;heavy;1
2025-07-02T18:43:00+02:00;16855_G;50;4;0;unknown;0
2025-07-02T18:43:00+02:00;16856_D;50;7;0;unknown;0
2025-07-02T18:43:00+02:00;16856_G;50;7;0;unknown;0
2025-07-02T18:43:00+02:00;16858_D;50;30;0;unknown;0
2025-07-02T18:43:00+02:00;16858_G;27;54;45;heavy;1
2025-07-02T18:43:00+02:00;16859_D;50;3;0;unknown;0
2025-07-02T18:43:00+02:00;16859_G;51;3;42;freeFlow;1
2025-07-02T18:43:00+02:00;16860_D;50;7;0;unknown;0
2025-07-02T18:43:00+02:00;16860_G;51;7;42;freeFlow;1
2025-07-02T18:43:00+02:00;1690_D;9;31;75;congested;2
2025-07-02T18:43:00+02:00;1690_G;18;15;60;heavy;1
2025-07-02T18:43:00+02:00;16910_D;45;6;60;freeFlow;1
2025-07-02T18:43:00+02:00;16910_G;50;6;0;unknown;0
2025-07-02T18:43:00+02:00;16967;24;23;100;heavy;5
2025-07-02T18:43:00+02:00;16969;34;1;60;heavy;1
2025-07-02T18:43:00+02:00;16986;81;8;60;freeFlow;1
2025-07-02T18:43:00+02:00;16988;83;9;60;freeFlow;1
2025-07-02T18:43:00+02:00;16989;75;6;73;freeFlow;2
2025-07-02T18:43:00+02:00;16990;71;6;75;freeFlow;2
2025-07-02T18:43:00+02:00;16992;33;42;100;heavy;6
2025-07-02T18:43:00+02:00;16994;59;19;100;freeFlow;5
2025-07-02T18:43:00+02:00;17;41;5;75;heavy;2
2025-07-02T18:43:00+02:00;1721;45;3;100;freeFlow;3
2025-07-02T18:43:00+02:00;1722;24;6;75;heavy;2
2025-07-02T18:43:00+02:00;1723;19;8;100;heavy;3
2025-07-02T18:43:00+02:00;1724_D;16;32;75;congested;2
2025-07-02T18:43:00+02:00;1724_G;10;52;75;congested;2
2025-07-02T18:43:00+02:00;1732_D;103;1;60;freeFlow;1
2025-07-02T18:43:00+02:00;1732_G;27;3;60;heavy;1
2025-07-02T18:43:00+02:00;1733_D;103;0;60;freeFlow;1
2025-07-02T18:43:00+02:00;1733_G;27;2;60;heavy;1
2025-07-02T18:43:00+02:00;1734_D;89;4;75;freeFlow;2
2025-07-02T18:43:00+02:00;1734_G;11;32;100;congested;3
2025-07-02T18:43:00+02:00;18337;45;2;60;freeFlow;1
2025-07-02T18:43:00+02:00;18391_D;87;3;60;freeFlow;1
2025-07-02T18:43:00+02:00;18391_G;65;4;60;freeFlow;1
2025-07-02T18:43:00+02:00;1853;23;103;100;congested;9
2025-07-02T18:43:00+02:00;1855;90;5;100;freeFlow;4
2025-07-02T18:43:00+02:00;1856;94;9;100;freeFlow;4
2025-07-02T18:43:00+02:00;19040;46;2;100;freeFlow;6
2025-07-02T18:43:00+02:00;1910886;29;8;60;heavy;1
2025-07-02T18:43:00+02:00;1911185_D;32;36;65;heavy;2
2025-07-02T18:43:00+02:00;1911185_G;54;21;57;freeFlow;1
2025-07-02T18:43:00+02:00;1911398_D;34;1;35;freeFlow;1
2025-07-02T18:43:00+02:00;1911398_G;7;6;60;congested;1
2025-07-02T18:43:00+02:00;1911404_D;33;3;45;freeFlow;1
2025-07-02T18:43:00+02:00;1911404_G;44;2;32;freeFlow;1
2025-07-02T18:43:00+02:00;1911418;56;5;100;freeFlow;3
2025-07-02T18:43:00+02:00;1911420;37;2;60;freeFlow;1
2025-07-02T18:43:00+02:00;1911448_D;63;30;50;freeFlow;1
2025-07-02T18:43:00+02:00;1911448_G;65;29;38;freeFlow;1
2025-07-02T18:43:00+02:00;1911623_D;36;5;60;freeFlow;2
2025-07-02T18:43:00+02:00;1911623_G;33;5;32;freeFlow;1
2025-07-02T18:43:00+02:00;19628;28;10;75;heavy;2
2025-07-02T18:43:00+02:00;19629;90;1;0;unknown;0
2025-07-02T18:43:00+02:00;19630;32;6;60;heavy;1
2025-07-02T18:43:00+02:00;19631;35;2;35;heavy;1
2025-07-02T18:43:00+02:00;19632;43;2;60;heavy;1
2025-07-02T18:43:00+02:00;19633;44;4;100;heavy;4
2025-07-02T18:43:00+02:00;19634;32;3;0;unknown;0
2025-07-02T18:43:00+02:00;19635;29;5;100;heavy;5
2025-07-02T18:43:00+02:00;19636;39;4;100;heavy;5
2025-07-02T18:43:00+02:00;19637;32;2;60;heavy;1
2025-07-02T18:43:00+02:00;19638;41;3;75;heavy;2
2025-07-02T18:43:00+02:00;19639;45;3;100;heavy;5
2025-07-02T18:43:00+02:00;19640;39;3;100;heavy;6
2025-07-02T18:43:00+02:00;19642;63;2;100;freeFlow;3
2025-07-02T18:43:00+02:00;19643;74;1;100;freeFlow;3
2025-07-02T18:43:00+02:00;19644;63;1;100;freeFlow;5
2025-07-02T18:43:00+02:00;19683;104;19;100;freeFlow;6
2025-07-02T18:43:00+02:00;19684;99;48;100;freeFlow;6
2025-07-02T18:43:00+02:00;19685;94;55;75;freeFlow;2
2025-07-02T18:43:00+02:00;19686;90;19;75;freeFlow;2
2025-07-02T18:43:00+02:00;198;26;175;92;congested;6
2025-07-02T18:43:00+02:00;19825_D;48;68;59;heavy;2
2025-07-02T18:43:00+02:00;19825_G;61;53;100;freeFlow;5
2025-07-02T18:43:00+02:00;19828;22;5;100;heavy;6
2025-07-02T18:43:00+02:00;19830;34;3;100;heavy;4
2025-07-02T18:43:00+02:00;19832;23;6;99;heavy;3
2025-07-02T18:43:00+02:00;19833;18;6;75;heavy;2
2025-07-02T18:43:00+02:00;19841_D;72;20;50;freeFlow;1
2025-07-02T18:43:00+02:00;19841_G;79;19;100;freeFlow;4
2025-07-02T18:43:00+02:00;19842_D;76;5;48;freeFlow;1
2025-07-02T18:43:00+02:00;19842_G;77;5;75;freeFlow;2
2025-07-02T18:43:00+02:00;20525;37;5;60;heavy;1
2025-07-02T18:43:00+02:00;20526;43;3;60;heavy;1
2025-07-02T18:43:00+02:00;20527;27;7;70;heavy;2
2025-07-02T18:43:00+02:00;20528;39;3;100;heavy;3
2025-07-02T18:43:00+02:00;20590_D;70;116;60;freeFlow;2
2025-07-02T18:43:00+02:00;20590_G;69;118;59;freeFlow;1
2025-07-02T18:43:00+02:00;20760_D;62;24;100;freeFlow;3
2025-07-02T18:43:00+02:00;20760_G;48;31;99;freeFlow;4
2025-07-02T18:43:00+02:00;2216_D;71;43;51;freeFlow;1
2025-07-02T18:43:00+02:00;2216_G;26;115;32;heavy;1
2025-07-02T18:43:00+02:00;2218_D;81;27;50;freeFlow;1
2025-07-02T18:43:00+02:00;2218_G;44;50;32;heavy;1
2025-07-02T18:43:00+02:00;23984_D;44;1;55;heavy;1
2025-07-02T18:43:00+02:00;23984_G;49;1;55;heavy;1
2025-07-02T18:43:00+02:00;24143_D;46;8;75;heavy;2
2025-07-02T18:43:00+02:00;24143_G;46;8;57;heavy;1
2025-07-02T18:43:00+02:00;24147_D;67;57;74;freeFlow;4
2025-07-02T18:43:00+02:00;24147_G;50;76;64;heavy;2
2025-07-02T18:43:00+02:00;24148;41;3;60;freeFlow;1
2025-07-02T18:43:00+02:00;24149;49;3;55;freeFlow;1
2025-07-02T18:43:00+02:00;24150;55;3;57;freeFlow;1
2025-07-02T18:43:00+02:00;24151;29;5;60;heavy;1
2025-07-02T18:43:00+02:00;24153_D;60;15;57;freeFlow;1
2025-07-02T18:43:00+02:00;24153_G;61;15;55;freeFlow;1
2025-07-02T18:43:00+02:00;24176;75;21;100;freeFlow;6
2025-07-02T18:43:00+02:00;24178;95;11;100;freeFlow;7
2025-07-02T18:43:00+02:00;24179;88;22;100;freeFlow;7
2025-07-02T18:43:00+02:00;24181_D;41;4;75;freeFlow;2
2025-07-02T18:43:00+02:00;24181_G;51;3;100;freeFlow;3
2025-07-02T18:43:00+02:00;24182;80;14;100;freeFlow;7
2025-07-02T18:43:00+02:00;24184_D;39;15;75;freeFlow;2
2025-07-02T18:43:00+02:00;24184_G;51;12;100;freeFlow;3
2025-07-02T18:43:00+02:00;24259;36;4;75;freeFlow;2
2025-07-02T18:43:00+02:00;24260;37;5;100;freeFlow;3
2025-07-02T18:43:00+02:00;24261;36;3;100;freeFlow;3
2025-07-02T18:43:00+02:00;24262;29;6;75;heavy;2
2025-07-02T18:43:00+02:00;24264_D;29;2;57;heavy;1
2025-07-02T18:43:00+02:00;24264_G;37;1;75;heavy;2
2025-07-02T18:43:00+02:00;24265_D;36;2;75;freeFlow;2
2025-07-02T18:43:00+02:00;24265_G;38;2;100;freeFlow;3
2025-07-02T18:43:00+02:00;24274_D;42;12;100;freeFlow;3
2025-07-02T18:43:00+02:00;24274_G;28;18;75;heavy;2
2025-07-02T18:43:00+02:00;25687_D;43;5;17;freeFlow;1
2025-07-02T18:43:00+02:00;25687_G;19;11;40;heavy;1
2025-07-02T18:43:00+02:00;25929_D;61;14;20;freeFlow;1
2025-07-02T18:43:00+02:00;25929_G;80;11;0;unknown;0
2025-07-02T18:43:00+02:00;25930;38;4;75;heavy;2
2025-07-02T18:43:00+02:00;25931;41;5;75;heavy;2
2025-07-02T18:43:00+02:00;25932;45;4;48;heavy;1
2025-07-02T18:43:00+02:00;25933;36;4;48;heavy;1
2025-07-02T18:43:00+02:00;25934_D;61;4;20;freeFlow;1
2025-07-02T18:43:00+02:00;25934_G;80;3;0;unknown;0
2025-07-02T18:43:00+02:00;25944_D;60;5;66;freeFlow;2
2025-07-02T18:43:00+02:00;25944_G;42;7;100;heavy;3
2025-07-02T18:43:00+02:00;25946_D;49;17;100;heavy;3
2025-07-02T18:43:00+02:00;25946_G;67;12;48;freeFlow;1
2025-07-02T18:43:00+02:00;25947_D;58;33;95;freeFlow;3
2025-07-02T18:43:00+02:00;25947_G;33;58;63;heavy;2
2025-07-02T18:43:00+02:00;25988_D;43;7;17;freeFlow;1
2025-07-02T18:43:00+02:00;25988_G;27;11;40;freeFlow;1
2025-07-02T18:43:00+02:00;25989;43;3;17;freeFlow;1
2025-07-02T18:43:00+02:00;25990;27;3;38;heavy;1
2025-07-02T18:43:00+02:00;25991;23;4;38;heavy;1
2025-07-02T18:43:00+02:00;25992;26;4;40;heavy;1
2025-07-02T18:43:00+02:00;25993_D;43;2;17;freeFlow;1
2025-07-02T18:43:00+02:00;25993_G;26;4;40;freeFlow;1
2025-07-02T18:43:00+02:00;25994_D;43;5;17;freeFlow;1
2025-07-02T18:43:00+02:00;25994_G;23;9;38;heavy;1
2025-07-02T18:43:00+02:00;25995_D;43;1;17;freeFlow;1
2025-07-02T18:43:00+02:00;25995_G;50;1;0;unknown;0
2025-07-02T18:43:00+02:00;25996_D;43;5;17;freeFlow;1
2025-07-02T18:43:00+02:00;25996_G;50;4;0;unknown;0
2025-07-02T18:43:00+02:00;25997_D;43;1;17;freeFlow;1
2025-07-02T18:43:00+02:00;25997_G;50;1;0;unknown;0
2025-07-02T18:43:00+02:00;25998_D;55;10;17;freeFlow;1
2025-07-02T18:43:00+02:00;25998_G;50;11;0;unknown;0
2025-07-02T18:43:00+02:00;25999_D;65;6;17;freeFlow;1
2025-07-02T18:43:00+02:00;25999_G;50;8;0;unknown;0
2025-07-02T18:43:00+02:00;26000_D;65;6;17;freeFlow;1
2025-07-02T18:43:00+02:00;26000_G;80;5;0;unknown;0
2025-07-02T18:43:00+02:00;26001_D;65;1;17;freeFlow;1
2025-07-02T18:43:00+02:00;26001_G;80;1;0;unknown;0
2025-07-02T18:43:00+02:00;26002_D;61;7;20;freeFlow;1
2025-07-02T18:43:00+02:00;26002_G;80;5;0;unknown;0
2025-07-02T18:43:00+02:00;26023;77;3;100;freeFlow;3
2025-07-02T18:43:00+02:00;26024;88;52;70;freeFlow;3
2025-07-02T18:43:00+02:00;26025;78;83;79;freeFlow;4
2025-07-02T18:43:00+02:00;26041;57;6;100;freeFlow;3
2025-07-02T18:43:00+02:00;26043;50;9;75;freeFlow;2
2025-07-02T18:43:00+02:00;26044;57;8;100;freeFlow;3
2025-07-02T18:43:00+02:00;26046;24;39;60;heavy;1
2025-07-02T18:43:00+02:00;26047;61;1;100;freeFlow;3
2025-07-02T18:43:00+02:00;26048;64;33;100;freeFlow;3
2025-07-02T18:43:00+02:00;26049;81;18;60;freeFlow;1
2025-07-02T18:43:00+02:00;26050;45;8;60;freeFlow;1
2025-07-02T18:43:00+02:00;26101_D;27;18;42;freeFlow;1
2025-07-02T18:43:00+02:00;26101_G;34;14;22;freeFlow;1
2025-07-02T18:43:00+02:00;26371_D;22;12;42;freeFlow;1
2025-07-02T18:43:00+02:00;26371_G;19;14;22;heavy;1
2025-07-02T18:43:00+02:00;26389_D;36;21;70;heavy;2
2025-07-02T18:43:00+02:00;26389_G;67;12;55;freeFlow;1
2025-07-02T18:43:00+02:00;26392_D;17;26;45;heavy;1
2025-07-02T18:43:00+02:00;26392_G;29;14;20;freeFlow;1
2025-07-02T18:43:00+02:00;26393;24;3;22;heavy;1
2025-07-02T18:43:00+02:00;26394;24;3;22;heavy;1
2025-07-02T18:43:00+02:00;26395;22;4;42;heavy;1
2025-07-02T18:43:00+02:00;26396;31;2;42;heavy;1
2025-07-02T18:43:00+02:00;26397_D;31;6;42;heavy;1
2025-07-02T18:43:00+02:00;26397_G;25;7;22;heavy;1
2025-07-02T18:43:00+02:00;26402_D;29;9;25;freeFlow;1
2025-07-02T18:43:00+02:00;26402_G;22;12;40;freeFlow;1
2025-07-02T18:43:00+02:00;26403_D;26;5;42;freeFlow;1
2025-07-02T18:43:00+02:00;26403_G;27;5;25;freeFlow;1
2025-07-02T18:43:00+02:00;26404_D;25;4;42;freeFlow;1
2025-07-02T18:43:00+02:00;26404_G;23;4;22;freeFlow;1
2025-07-02T18:43:00+02:00;26405_D;43;1;17;freeFlow;1
2025-07-02T18:43:00+02:00;26405_G;18;3;40;heavy;1
2025-07-02T18:43:00+02:00;26409_D;67;12;50;freeFlow;1
2025-07-02T18:43:00+02:00;26409_G;57;14;17;freeFlow;1
2025-07-02T18:43:00+02:00;26420_D;56;4;15;freeFlow;1
2025-07-02T18:43:00+02:00;26420_G;59;5;52;freeFlow;1
2025-07-02T18:43:00+02:00;26422_D;55;13;15;freeFlow;1
2025-07-02T18:43:00+02:00;26422_G;63;12;50;freeFlow;1
2025-07-02T18:43:00+02:00;26423_D;57;8;15;freeFlow;1
2025-07-02T18:43:00+02:00;26423_G;68;7;50;freeFlow;1
2025-07-02T18:43:00+02:00;26495_D;76;5;50;freeFlow;1
2025-07-02T18:43:00+02:00;26495_G;27;13;20;heavy;1
2025-07-02T18:43:00+02:00;26497_D;36;13;45;freeFlow;1
2025-07-02T18:43:00+02:00;26497_G;35;13;20;freeFlow;1
2025-07-02T18:43:00+02:00;26501;103;22;100;freeFlow;3
2025-07-02T18:43:00+02:00;26573;86;16;100;freeFlow;6
2025-07-02T18:43:00+02:00;26603_D;33;2;17;freeFlow;1
2025-07-02T18:43:00+02:00;26603_G;19;3;40;heavy;1
2025-07-02T18:43:00+02:00;26611_D;21;6;42;freeFlow;1
2025-07-02T18:43:00+02:00;26611_G;19;7;22;heavy;1
2025-07-02T18:43:00+02:00;26619;35;2;100;freeFlow;5
2025-07-02T18:43:00+02:00;26654;48;10;100;freeFlow;3
2025-07-02T18:43:00+02:00;26656;74;7;60;freeFlow;1
2025-07-02T18:43:00+02:00;26897_D;31;14;45;freeFlow;1
2025-07-02T18:43:00+02:00;26897_G;28;15;20;freeFlow;1
2025-07-02T18:43:00+02:00;27837_D;74;4;50;freeFlow;1
2025-07-02T18:43:00+02:00;27837_G;46;6;27;freeFlow;2
2025-07-02T18:43:00+02:00;28032;24;7;100;congested;4
2025-07-02T18:43:00+02:00;28033;29;5;100;heavy;4
2025-07-02T18:43:00+02:00;282910_D;23;8;30;heavy;1
2025-07-02T18:43:00+02:00;282910_G;39;3;43;freeFlow;2
2025-07-02T18:43:00+02:00;28642_D;71;6;100;freeFlow;3
2025-07-02T18:43:00+02:00;28642_G;20;22;75;congested;2
2025-07-02T18:43:00+02:00;28645_D;70;2;100;freeFlow;3
2025-07-02T18:43:00+02:00;28645_G;8;13;60;congested;1
2025-07-02T18:43:00+02:00;28646_D;76;41;100;freeFlow;3
2025-07-02T18:43:00+02:00;28646_G;15;203;100;congested;4
2025-07-02T18:43:00+02:00;28648_D;83;16;100;freeFlow;3
2025-07-02T18:43:00+02:00;28648_G;30;43;100;heavy;3
2025-07-02T18:43:00+02:00;28649_D;88;10;100;freeFlow;3
2025-07-02T18:43:00+02:00;28649_G;30;30;100;heavy;3
2025-07-02T18:43:00+02:00;28650_D;87;11;100;freeFlow;3
2025-07-02T18:43:00+02:00;28650_G;32;31;100;heavy;3
2025-07-02T18:43:00+02:00;28660_D;68;10;100;freeFlow;3
2025-07-02T18:43:00+02:00;28660_G;48;14;98;heavy;3
2025-07-02T18:43:00+02:00;28665_D;70;19;100;freeFlow;3
2025-07-02T18:43:00+02:00;28665_G;32;43;73;heavy;2
2025-07-02T18:43:00+02:00;28666_D;71;9;100;freeFlow;3
2025-07-02T18:43:00+02:00;28666_G;20;33;74;congested;2
2025-07-02T18:43:00+02:00;28669_D;36;10;52;heavy;1
2025-07-02T18:43:00+02:00;28669_G;60;6;60;freeFlow;1
2025-07-02T18:43:00+02:00;28675_D;80;5;38;freeFlow;1
2025-07-02T18:43:00+02:00;28675_G;60;7;60;freeFlow;1
2025-07-02T18:43:00+02:00;28676_D;36;6;52;heavy;1
2025-07-02T18:43:00+02:00;28676_G;60;3;60;freeFlow;1
2025-07-02T18:43:00+02:00;28677_D;36;31;52;heavy;1
2025-07-02T18:43:00+02:00;28677_G;61;18;60;freeFlow;1
2025-07-02T18:43:00+02:00;28693_D;72;13;75;freeFlow;2
2025-07-02T18:43:00+02:00;28693_G;50;19;57;heavy;1
2025-07-02T18:43:00+02:00;28854;29;5;75;heavy;2
2025-07-02T18:43:00+02:00;28855;49;3;52;freeFlow;1
2025-07-02T18:43:00+02:00;28865_D;50;40;57;heavy;1
2025-07-02T18:43:00+02:00;28865_G;58;35;75;freeFlow;2
2025-07-02T18:43:00+02:00;28866_D;25;28;57;heavy;1
2025-07-02T18:43:00+02:00;28866_G;9;75;60;congested;1
2025-07-02T18:43:00+02:00;28867;51;2;68;freeFlow;2
2025-07-02T18:43:00+02:00;28868;51;2;68;freeFlow;2
2025-07-02T18:43:00+02:00;29;51;28;100;heavy;3
2025-07-02T18:43:00+02:00;30;64;9;100;freeFlow;3
2025-07-02T18:43:00+02:00;30020_D;66;32;75;freeFlow;2
2025-07-02T18:43:00+02:00;30020_G;20;109;100;congested;5
2025-07-02T18:43:00+02:00;30022;21;13;100;congested;10
2025-07-02T18:43:00+02:00;30023;42;122;83;heavy;3
2025-07-02T18:43:00+02:00;30118;16;6;100;heavy;4
2025-07-02T18:43:00+02:00;30351_D;6;8;55;congested;1
2025-07-02T18:43:00+02:00;30351_G;37;1;35;freeFlow;1
2025-07-02T18:43:00+02:00;30355_D;5;95;57;congested;1
2025-07-02T18:43:00+02:00;30355_G;24;21;53;heavy;2
2025-07-02T18:43:00+02:00;30359_D;5;127;60;congested;1
2025-07-02T18:43:00+02:00;30359_G;42;15;64;heavy;2
2025-07-02T18:43:00+02:00;30405;25;3;74;heavy;2
2025-07-02T18:43:00+02:00;30406;41;5;38;freeFlow;1
2025-07-02T18:43:00+02:00;30407;12;9;55;congested;1
2025-07-02T18:43:00+02:00;30408;20;3;55;heavy;1
2025-07-02T18:43:00+02:00;30409;25;5;60;heavy;1
2025-07-02T18:43:00+02:00;30410_D;49;1;38;freeFlow;1
2025-07-02T18:43:00+02:00;30410_G;25;2;60;heavy;1
2025-07-02T18:43:00+02:00;30411_D;8;36;57;congested;2
2025-07-02T18:43:00+02:00;30411_G;19;15;60;heavy;1
2025-07-02T18:43:00+02:00;30414_D;23;15;57;heavy;2
2025-07-02T18:43:00+02:00;30414_G;6;62;100;congested;3
2025-07-02T18:43:00+02:00;30416_D;21;25;65;heavy;2
2025-07-02T18:43:00+02:00;30416_G;8;64;100;congested;3
2025-07-02T18:43:00+02:00;30499_D;44;6;76;freeFlow;3
2025-07-02T18:43:00+02:00;30499_G;16;19;75;heavy;2
2025-07-02T18:43:00+02:00;30501_D;14;18;78;heavy;3
2025-07-02T18:43:00+02:00;30501_G;8;35;75;congested;2
2025-07-02T18:43:00+02:00;30502_D;29;2;60;freeFlow;1
2025-07-02T18:43:00+02:00;30502_G;21;3;60;heavy;1
2025-07-02T18:43:00+02:00;30504_D;10;3;57;heavy;1
2025-07-02T18:43:00+02:00;30504_G;13;3;60;heavy;1
2025-07-02T18:43:00+02:00;30508;33;4;60;freeFlow;1
2025-07-02T18:43:00+02:00;30521_D;25;17;70;heavy;2
2025-07-02T18:43:00+02:00;30521_G;26;17;75;heavy;2
2025-07-02T18:43:00+02:00;30522_D;21;5;60;heavy;1
2025-07-02T18:43:00+02:00;30522_G;23;5;75;heavy;2
2025-07-02T18:43:00+02:00;30606_D;5;112;100;congested;3
2025-07-02T18:43:00+02:00;30606_G;23;24;60;heavy;1
2025-07-02T18:43:00+02:00;30608_D;12;13;99;congested;3
2025-07-02T18:43:00+02:00;30608_G;20;8;75;heavy;2
2025-07-02T18:43:00+02:00;30611_D;13;31;98;congested;3
2025-07-02T18:43:00+02:00;30611_G;15;27;99;congested;3
2025-07-02T18:43:00+02:00;31;85;5;100;freeFlow;3
2025-07-02T18:43:00+02:00;31286;17;9;100;heavy;3
2025-07-02T18:43:00+02:00;31287;29;2;100;heavy;4
2025-07-02T18:43:00+02:00;31288;24;8;100;heavy;4
2025-07-02T18:43:00+02:00;31289;25;4;100;heavy;3
2025-07-02T18:43:00+02:00;31300_D;34;1;100;heavy;3
2025-07-02T18:43:00+02:00;31300_G;32;2;75;heavy;2
2025-07-02T18:43:00+02:00;31302_D;51;1;38;freeFlow;1
2025-07-02T18:43:00+02:00;31302_G;29;1;100;heavy;3
2025-07-02T18:43:00+02:00;31304_D;31;35;72;heavy;2
2025-07-02T18:43:00+02:00;31305_D;16;48;100;heavy;4
2025-07-02T18:43:00+02:00;31305_G;9;88;75;congested;2
2025-07-02T18:43:00+02:00;31361_D;29;2;100;heavy;3
2025-07-02T18:43:00+02:00;31361_G;3;14;60;congested;1
2025-07-02T18:43:00+02:00;31444_D;55;45;75;heavy;2
2025-07-02T18:43:00+02:00;31444_G;42;59;60;heavy;1
2025-07-02T18:43:00+02:00;31448;41;3;60;heavy;1
2025-07-02T18:43:00+02:00;31449;42;4;60;heavy;1
2025-07-02T18:43:00+02:00;31450;26;5;75;heavy;2
2025-07-02T18:43:00+02:00;31451;29;4;100;heavy;3
2025-07-02T18:43:00+02:00;31453_D;59;27;75;freeFlow;2
2025-07-02T18:43:00+02:00;31453_G;16;99;94;congested;5
2025-07-02T18:43:00+02:00;31511;56;26;100;freeFlow;3
2025-07-02T18:43:00+02:00;31512;84;29;100;freeFlow;6
2025-07-02T18:43:00+02:00;31513;102;21;100;freeFlow;6
2025-07-02T18:43:00+02:00;31515;25;4;100;heavy;3
2025-07-02T18:43:00+02:00;31517;34;4;90;heavy;3
2025-07-02T18:43:00+02:00;31520;36;2;100;freeFlow;3
2025-07-02T18:43:00+02:00;31522;38;5;91;freeFlow;4
2025-07-02T18:43:00+02:00;31523_D;38;5;75;freeFlow;2
2025-07-02T18:43:00+02:00;31523_G;28;7;75;heavy;2
2025-07-02T18:43:00+02:00;31530_D;43;9;60;heavy;1
2025-07-02T18:43:00+02:00;31530_G;23;17;60;congested;1
2025-07-02T18:43:00+02:00;31532_D;36;5;75;heavy;2
2025-07-02T18:43:00+02:00;31532_G;17;10;60;congested;1
2025-07-02T18:43:00+02:00;31534;54;7;100;heavy;6
2025-07-02T18:43:00+02:00;31536;53;18;100;freeFlow;3
2025-07-02T18:43:00+02:00;31550;82;12;100;freeFlow;13
2025-07-02T18:43:00+02:00;31551;55;14;100;heavy;10
2025-07-02T18:43:00+02:00;31553;81;13;75;freeFlow;2
2025-07-02T18:43:00+02:00;31557;63;6;100;freeFlow;4
2025-07-02T18:43:00+02:00;31558_D;60;19;100;freeFlow;4
2025-07-02T18:43:00+02:00;31558_G;60;19;55;freeFlow;1
2025-07-02T18:43:00+02:00;31559;58;8;100;freeFlow;6
2025-07-02T18:43:00+02:00;31561;50;7;100;freeFlow;5
2025-07-02T18:43:00+02:00;31562;46;9;27;freeFlow;1
2025-07-02T18:43:00+02:00;31563;20;20;51;heavy;2
2025-07-02T18:43:00+02:00;31568;110;3;55;freeFlow;1
2025-07-02T18:43:00+02:00;31569;110;5;55;freeFlow;1
2025-07-02T18:43:00+02:00;31583_D;36;22;52;freeFlow;1
2025-07-02T18:43:00+02:00;31583_G;67;11;60;freeFlow;1
2025-07-02T18:43:00+02:00;31670_D;49;9;27;freeFlow;1
2025-07-02T18:43:00+02:00;31670_G;33;13;32;heavy;1
2025-07-02T18:43:00+02:00;31672_D;39;51;66;heavy;2
2025-07-02T18:43:00+02:00;31672_G;102;19;60;freeFlow;1
2025-07-02T18:43:00+02:00;31673;89;14;100;freeFlow;12
2025-07-02T18:43:00+02:00;31674;5;256;100;congested;6
2025-07-02T18:43:00+02:00;31708_D;20;9;94;heavy;3
2025-07-02T18:43:00+02:00;31708_G;6;29;75;congested;2
2025-07-02T18:43:00+02:00;31709_D;10;38;73;heavy;2
2025-07-02T18:43:00+02:00;31709_G;14;25;75;heavy;2
2025-07-02T18:43:00+02:00;31716_D;34;6;35;freeFlow;1
2025-07-02T18:43:00+02:00;31716_G;20;10;63;heavy;2
2025-07-02T18:43:00+02:00;31717_D;34;15;35;freeFlow;1
2025-07-02T18:43:00+02:00;31717_G;7;77;82;congested;3
2025-07-02T18:43:00+02:00;31720_D;33;4;32;freeFlow;1
2025-07-02T18:43:00+02:00;31720_G;33;4;42;freeFlow;1
2025-07-02T18:43:00+02:00;31722_D;35;8;45;freeFlow;1
2025-07-02T18:43:00+02:00;31722_G;33;8;32;freeFlow;1
2025-07-02T18:43:00+02:00;31723;40;5;32;freeFlow;1
2025-07-02T18:43:00+02:00;31724;36;5;55;freeFlow;2
2025-07-02T18:43:00+02:00;31725;42;4;27;freeFlow;1
2025-07-02T18:43:00+02:00;31726;34;6;32;heavy;1
2025-07-02T18:43:00+02:00;31727_D;33;11;60;freeFlow;2
2025-07-02T18:43:00+02:00;31727_G;39;9;32;freeFlow;1
2025-07-02T18:43:00+02:00;31878;23;7;91;congested;6
2025-07-02T18:43:00+02:00;31879;42;4;89;heavy;3
2025-07-02T18:43:00+02:00;31880;88;3;100;freeFlow;10
2025-07-02T18:43:00+02:00;31881;105;3;60;freeFlow;1
2025-07-02T18:43:00+02:00;31882;55;3;100;freeFlow;4
2025-07-02T18:43:00+02:00;32;86;15;100;freeFlow;3
2025-07-02T18:43:00+02:00;32118;16;5;100;congested;3
2025-07-02T18:43:00+02:00;32163_D;34;3;35;freeFlow;1
2025-07-02T18:43:00+02:00;32163_G;23;4;60;freeFlow;1
2025-07-02T18:43:00+02:00;32165_D;20;4;75;heavy;2
2025-07-02T18:43:00+02:00;32165_G;17;5;60;heavy;1
2025-07-02T18:43:00+02:00;32177_D;60;10;100;freeFlow;3
2025-07-02T18:43:00+02:00;32177_G;27;22;100;heavy;3
2025-07-02T18:43:00+02:00;32784_D;24;3;75;heavy;2
2025-07-02T18:43:00+02:00;32784_G;4;19;70;congested;2
2025-07-02T18:43:00+02:00;32785;18;4;75;heavy;2
2025-07-02T18:43:00+02:00;32786;18;4;100;heavy;3
2025-07-02T18:43:00+02:00;32788;20;4;100;heavy;4
2025-07-02T18:43:00+02:00;32790;18;3;75;heavy;2
2025-07-02T18:43:00+02:00;32791;12;7;75;congested;2
2025-07-02T18:43:00+02:00;32794;4;16;60;congested;1
2025-07-02T18:43:00+02:00;32796;3;20;70;congested;2
2025-07-02T18:43:00+02:00;33;86;29;100;freeFlow;3
2025-07-02T18:43:00+02:00;34;91;29;100;freeFlow;3
2025-07-02T18:43:00+02:00;34744;85;39;100;freeFlow;5
2025-07-02T18:43:00+02:00;34745;31;105;100;heavy;10
2025-07-02T18:43:00+02:00;34757_D;50;2;0;unknown;0
2025-07-02T18:43:00+02:00;34757_G;59;1;60;freeFlow;1
2025-07-02T18:43:00+02:00;34758_D;50;16;0;unknown;0
2025-07-02T18:43:00+02:00;34758_G;51;16;60;freeFlow;1
2025-07-02T18:43:00+02:00;35;76;69;100;freeFlow;4
2025-07-02T18:43:00+02:00;35072;13;192;100;congested;9
2025-07-02T18:43:00+02:00;35077;89;47;88;freeFlow;4
2025-07-02T18:43:00+02:00;35086;36;113;100;heavy;12
2025-07-02T18:43:00+02:00;35092;64;4;100;freeFlow;3
2025-07-02T18:43:00+02:00;35096;19;85;100;congested;7
2025-07-02T18:43:00+02:00;35098;87;43;100;freeFlow;4
2025-07-02T18:43:00+02:00;35103;49;16;63;freeFlow;2
2025-07-02T18:43:00+02:00;35869_D;50;1;0;unknown;0
2025-07-02T18:43:00+02:00;35869_G;34;2;42;heavy;1
2025-07-02T18:43:00+02:00;35870_D;50;11;0;unknown;0
2025-07-02T18:43:00+02:00;35870_G;47;12;67;freeFlow;2
2025-07-02T18:43:00+02:00;35940;30;10;0;unknown;0
2025-07-02T18:43:00+02:00;35942;34;2;100;freeFlow;3
2025-07-02T18:43:00+02:00;35943;34;2;100;freeFlow;3
2025-07-02T18:43:00+02:00;35944;36;2;42;freeFlow;1
2025-07-02T18:43:00+02:00;35945;36;2;42;freeFlow;1
2025-07-02T18:43:00+02:00;35946_D;34;1;100;freeFlow;3
2025-07-02T18:43:00+02:00;35946_G;30;2;0;unknown;0
2025-07-02T18:43:00+02:00;35947;30;10;0;unknown;0
2025-07-02T18:43:00+02:00;35948;30;8;0;unknown;0
2025-07-02T18:43:00+02:00;35949;30;7;0;unknown;0
2025-07-02T18:43:00+02:00;35950;34;11;100;freeFlow;3
2025-07-02T18:43:00+02:00;35951;34;5;100;freeFlow;3
2025-07-02T18:43:00+02:00;35952;33;10;100;freeFlow;3
2025-07-02T18:43:00+02:00;35953;35;3;100;freeFlow;3
2025-07-02T18:43:00+02:00;35954;35;2;100;freeFlow;3
2025-07-02T18:43:00+02:00;35955;34;4;40;heavy;1
2025-07-02T18:43:00+02:00;35956;34;1;40;heavy;1
2025-07-02T18:43:00+02:00;35957_D;35;1;100;freeFlow;3
2025-07-02T18:43:00+02:00;35957_G;36;1;42;freeFlow;1
2025-07-02T18:43:00+02:00;35959_D;35;2;100;freeFlow;3
2025-07-02T18:43:00+02:00;35959_G;34;1;40;freeFlow;1
2025-07-02T18:43:00+02:00;35960;34;10;40;freeFlow;1
2025-07-02T18:43:00+02:00;35961;35;14;42;freeFlow;1
2025-07-02T18:43:00+02:00;35962;36;10;42;freeFlow;1
2025-07-02T18:43:00+02:00;35963;35;5;100;freeFlow;3
2025-07-02T18:43:00+02:00;35964;35;5;100;freeFlow;3
2025-07-02T18:43:00+02:00;35965;35;17;100;freeFlow;3
2025-07-02T18:43:00+02:00;35971;32;19;100;freeFlow;3
2025-07-02T18:43:00+02:00;35972;30;11;0;unknown;0
2025-07-02T18:43:00+02:00;35973;30;8;0;unknown;0
2025-07-02T18:43:00+02:00;35985_D;20;4;60;heavy;1
2025-07-02T18:43:00+02:00;35985_G;36;3;45;freeFlow;1
2025-07-02T18:43:00+02:00;35986_D;50;14;0;unknown;0
2025-07-02T18:43:00+02:00;35986_G;27;28;70;heavy;2
2025-07-02T18:43:00+02:00;35994_D;30;1;0;unknown;0
2025-07-02T18:43:00+02:00;35994_G;32;1;48;freeFlow;1
2025-07-02T18:43:00+02:00;35998;27;8;45;heavy;1
2025-07-02T18:43:00+02:00;35999;43;4;60;freeFlow;1
2025-07-02T18:43:00+02:00;36000;36;6;100;freeFlow;3
2025-07-02T18:43:00+02:00;36001;43;4;60;freeFlow;1
2025-07-02T18:43:00+02:00;36003_D;43;1;60;freeFlow;1
2025-07-02T18:43:00+02:00;36003_G;43;1;60;freeFlow;1
2025-07-02T18:43:00+02:00;36004_D;43;49;60;freeFlow;1
2025-07-02T18:43:00+02:00;36004_G;43;49;60;freeFlow;1
2025-07-02T18:43:00+02:00;36005;33;2;75;freeFlow;2
2025-07-02T18:43:00+02:00;36006;30;3;0;unknown;0
2025-07-02T18:43:00+02:00;36007;34;2;100;freeFlow;3
2025-07-02T18:43:00+02:00;36010_D;30;1;75;freeFlow;2
2025-07-02T18:43:00+02:00;36010_G;30;1;0;unknown;0
2025-07-02T18:43:00+02:00;36011;23;13;75;freeFlow;2
2025-07-02T18:43:00+02:00;36012_D;10;6;100;heavy;3
2025-07-02T18:43:00+02:00;36012_G;30;2;0;unknown;0
2025-07-02T18:43:00+02:00;37200_D;30;8;0;unknown;0
2025-07-02T18:43:00+02:00;37200_G;10;26;0;unknown;0
2025-07-02T18:43:00+02:00;37201;31;7;17;heavy;1
2025-07-02T18:43:00+02:00;37202;44;7;17;freeFlow;1
2025-07-02T18:43:00+02:00;37203;28;19;48;heavy;1
2025-07-02T18:43:00+02:00;37204_D;41;2;17;freeFlow;1
2025-07-02T18:43:00+02:00;37204_G;28;3;48;heavy;1
2025-07-02T18:43:00+02:00;37205_D;32;6;60;heavy;1
2025-07-02T18:43:00+02:00;37205_G;28;7;48;heavy;1
2025-07-02T18:43:00+02:00;37206_D;29;17;60;heavy;1
2025-07-02T18:43:00+02:00;37206_G;28;18;48;heavy;1
2025-07-02T18:43:00+02:00;37207;36;2;60;freeFlow;1
2025-07-02T18:43:00+02:00;37208;28;5;48;heavy;1
2025-07-02T18:43:00+02:00;37209;36;2;73;freeFlow;2
2025-07-02T18:43:00+02:00;37210_D;36;1;57;freeFlow;1
2025-07-02T18:43:00+02:00;37210_G;28;2;48;heavy;1
2025-07-02T18:43:00+02:00;37211_D;46;58;75;freeFlow;2
2025-07-02T18:43:00+02:00;37211_G;31;85;63;heavy;2
2025-07-02T18:43:00+02:00;37239;18;10;75;heavy;2
2025-07-02T18:43:00+02:00;37240;30;5;0;unknown;0
2025-07-02T18:43:00+02:00;37241;24;7;75;freeFlow;2
2025-07-02T18:43:00+02:00;37242;16;12;0;unknown;0
2025-07-02T18:43:00+02:00;37243_D;25;3;0;unknown;0
2025-07-02T18:43:00+02:00;37243_G;50;2;0;unknown;0
2025-07-02T18:43:00+02:00;37244_D;26;2;75;freeFlow;2
2025-07-02T18:43:00+02:00;37244_G;26;3;0;unknown;0
2025-07-02T18:43:00+02:00;37246_D;30;3;0;unknown;0
2025-07-02T18:43:00+02:00;37246_G;16;6;0;unknown;0
2025-07-02T18:43:00+02:00;37422_D;50;19;0;unknown;0
2025-07-02T18:43:00+02:00;37422_G;35;28;75;freeFlow;2
2025-07-02T18:43:00+02:00;37467_D;50;8;0;unknown;0
2025-07-02T18:43:00+02:00;37467_G;35;11;58;freeFlow;2
2025-07-02T18:43:00+02:00;37508_D;42;25;100;freeFlow;3
2025-07-02T18:43:00+02:00;37508_G;39;27;45;freeFlow;1
2025-07-02T18:43:00+02:00;37509_D;36;2;100;freeFlow;3
2025-07-02T18:43:00+02:00;37509_G;27;2;45;heavy;1
2025-07-02T18:43:00+02:00;37564_D;67;23;48;freeFlow;1
2025-07-02T18:43:00+02:00;37564_G;44;35;38;heavy;1
2025-07-02T18:43:00+02:00;37565_D;49;17;48;heavy;1
2025-07-02T18:43:00+02:00;37565_G;21;38;54;heavy;2
2025-07-02T18:43:00+02:00;37586_D;43;2;75;freeFlow;2
2025-07-02T18:43:00+02:00;37586_G;25;3;45;heavy;1
2025-07-02T18:43:00+02:00;37588_D;21;25;35;heavy;1
2025-07-02T18:43:00+02:00;37588_G;32;17;50;heavy;1
2025-07-02T18:43:00+02:00;37620_D;14;5;45;congested;1
2025-07-02T18:43:00+02:00;37620_G;47;2;42;heavy;1
2025-07-02T18:43:00+02:00;37621;26;7;60;heavy;2
2025-07-02T18:43:00+02:00;37622;31;7;97;heavy;3
2025-07-02T18:43:00+02:00;37625_D;43;21;42;freeFlow;1
2025-07-02T18:43:00+02:00;37625_G;34;27;48;heavy;1
2025-07-02T18:43:00+02:00;37665_D;26;3;75;heavy;2
2025-07-02T18:43:00+02:00;37665_G;26;3;75;heavy;2
2025-07-02T18:43:00+02:00;37667;54;23;100;freeFlow;3
2025-07-02T18:43:00+02:00;37668;57;7;60;freeFlow;1
2025-07-02T18:43:00+02:00;37673;40;9;100;heavy;3
2025-07-02T18:43:00+02:00;37686_D;34;19;65;freeFlow;2
2025-07-02T18:43:00+02:00;37686_G;11;56;52;heavy;1
2025-07-02T18:43:00+02:00;37702_D;29;9;60;heavy;1
2025-07-02T18:43:00+02:00;37702_G;50;5;0;unknown;0
2025-07-02T18:43:00+02:00;37706_D;17;3;60;heavy;1
2025-07-02T18:43:00+02:00;37706_G;21;2;60;heavy;1
2025-07-02T18:43:00+02:00;37707_D;37;2;75;freeFlow;2
2025-07-02T18:43:00+02:00;37707_G;22;3;75;heavy;2
2025-07-02T18:43:00+02:00;37708_D;34;27;100;freeFlow;4
2025-07-02T18:43:00+02:00;37708_G;14;67;100;heavy;4
2025-07-02T18:43:00+02:00;37712_D;35;6;100;freeFlow;3
2025-07-02T18:43:00+02:00;37712_G;31;6;100;freeFlow;4
2025-07-02T18:43:00+02:00;37724;28;5;100;heavy;3
2025-07-02T18:43:00+02:00;37725;19;4;100;heavy;3
2025-07-02T18:43:00+02:00;37726;29;4;100;heavy;4
2025-07-02T18:43:00+02:00;37727;14;8;60;congested;1
2025-07-02T18:43:00+02:00;37728;33;3;38;heavy;1
2025-07-02T18:43:00+02:00;37729;8;735;96;congested;9
2025-07-02T18:43:00+02:00;37730;23;6;98;heavy;5
2025-07-02T18:43:00+02:00;37732;72;51;75;freeFlow;2
2025-07-02T18:43:00+02:00;37737;5;820;100;congested;14
2025-07-02T18:43:00+02:00;37738;18;5;100;congested;3
2025-07-02T18:43:00+02:00;37739;12;11;100;congested;5
2025-07-02T18:43:00+02:00;37740;13;12;100;congested;4
2025-07-02T18:43:00+02:00;37741;40;1;100;heavy;4
2025-07-02T18:43:00+02:00;37742;48;3;100;heavy;3
2025-07-02T18:43:00+02:00;37743;52;2;100;freeFlow;3
2025-07-02T18:43:00+02:00;37744;55;3;100;freeFlow;5
2025-07-02T18:43:00+02:00;37745;59;1;75;freeFlow;2
2025-07-02T18:43:00+02:00;37749;86;45;100;freeFlow;13
2025-07-02T18:43:00+02:00;37750;6;467;100;congested;4
2025-07-02T18:43:00+02:00;37751;11;87;75;congested;2
2025-07-02T18:43:00+02:00;37752;102;6;75;freeFlow;2
2025-07-02T18:43:00+02:00;37753;94;28;100;freeFlow;12
2025-07-02T18:43:00+02:00;37784;32;3;60;heavy;1
2025-07-02T18:43:00+02:00;37785;40;2;60;freeFlow;1
2025-07-02T18:43:00+02:00;37786;28;3;75;heavy;2
2025-07-02T18:43:00+02:00;37787_D;20;74;67;congested;2
2025-07-02T18:43:00+02:00;37787_G;38;40;52;heavy;1
2025-07-02T18:43:00+02:00;37818;22;209;100;congested;6
2025-07-02T18:43:00+02:00;37819;95;58;100;freeFlow;9
2025-07-02T18:43:00+02:00;37822;97;9;100;freeFlow;3
2025-07-02T18:43:00+02:00;37826;41;1;60;freeFlow;1
2025-07-02T18:43:00+02:00;37827;50;1;93;freeFlow;3
2025-07-02T18:43:00+02:00;37941;90;55;100;freeFlow;4
2025-07-02T18:43:00+02:00;37947;100;7;100;freeFlow;7
2025-07-02T18:43:00+02:00;37948;99;70;100;freeFlow;10
2025-07-02T18:43:00+02:00;37949;99;70;100;freeFlow;12
2025-07-02T18:43:00+02:00;37950;98;7;100;freeFlow;10
2025-07-02T18:43:00+02:00;37970;82;17;100;freeFlow;4
2025-07-02T18:43:00+02:00;38;85;17;100;freeFlow;3
2025-07-02T18:43:00+02:00;38067;102;11;100;freeFlow;8
2025-07-02T18:43:00+02:00;38068;53;4;75;freeFlow;2
2025-07-02T18:43:00+02:00;38069;23;14;75;heavy;2
2025-07-02T18:43:00+02:00;38070;91;9;100;freeFlow;9
2025-07-02T18:43:00+02:00;38310;38;2;52;freeFlow;1
2025-07-02T18:43:00+02:00;38311;38;2;52;freeFlow;1
2025-07-02T18:43:00+02:00;38317;100;1;100;freeFlow;8
2025-07-02T18:43:00+02:00;38318;96;27;100;freeFlow;10
2025-07-02T18:43:00+02:00;38319;100;21;100;freeFlow;10
2025-07-02T18:43:00+02:00;38322;51;3;75;freeFlow;2
2025-07-02T18:43:00+02:00;38378_D;35;21;60;heavy;1
2025-07-02T18:43:00+02:00;38378_G;58;12;55;freeFlow;1
2025-07-02T18:43:00+02:00;38389_D;48;23;60;heavy;1
2025-07-02T18:43:00+02:00;38389_G;57;19;55;freeFlow;1
2025-07-02T18:43:00+02:00;39061;38;6;75;heavy;2
2025-07-02T18:43:00+02:00;39062;78;1;60;freeFlow;1
2025-07-02T18:43:00+02:00;39063;68;6;75;freeFlow;2
2025-07-02T18:43:00+02:00;39473;8;244;100;congested;5
2025-07-02T18:43:00+02:00;39618;101;3;100;freeFlow;9
2025-07-02T18:43:00+02:00;39619;101;2;100;freeFlow;9
2025-07-02T18:43:00+02:00;39720_D;25;50;0;unknown;0
2025-07-02T18:43:00+02:00;39720_G;50;25;0;unknown;0
2025-07-02T18:43:00+02:00;39902_D;45;1;60;heavy;1
2025-07-02T18:43:00+02:00;39902_G;58;1;55;freeFlow;1
2025-07-02T18:43:00+02:00;39904_D;70;1;0;unknown;0
2025-07-02T18:43:00+02:00;39904_G;58;1;55;freeFlow;1
2025-07-02T18:43:00+02:00;39906_D;23;22;60;heavy;1
2025-07-02T18:43:00+02:00;39906_G;58;9;55;freeFlow;1
2025-07-02T18:43:00+02:00;40185_D;13;10;75;congested;2
2025-07-02T18:43:00+02:00;40185_G;32;1;75;heavy;2
2025-07-02T18:43:00+02:00;40201;10;2;60;congested;1
2025-07-02T18:43:00+02:00;40202;10;8;60;congested;1
2025-07-02T18:43:00+02:00;40203;102;1;60;freeFlow;1
2025-07-02T18:43:00+02:00;40212_D;68;2;75;freeFlow;2
2025-07-02T18:43:00+02:00;40212_G;50;2;57;heavy;1
2025-07-02T18:43:00+02:00;40213_D;70;1;100;freeFlow;3
2025-07-02T18:43:00+02:00;40213_G;9;5;60;congested;1
2025-07-02T18:43:00+02:00;41631_D;30;7;0;unknown;0
2025-07-02T18:43:00+02:00;41631_G;18;12;12;heavy;1
2025-07-02T18:43:00+02:00;41632_D;30;5;0;unknown;0
2025-07-02T18:43:00+02:00;41632_G;30;4;0;unknown;0
2025-07-02T18:43:00+02:00;41652_D;11;20;27;congested;1
2025-07-02T18:43:00+02:00;41683_D;70;15;0;unknown;0
2025-07-02T18:43:00+02:00;41683_G;70;15;0;unknown;0
2025-07-02T18:43:00+02:00;41709_D;30;15;0;unknown;0
2025-07-02T18:43:00+02:00;41709_G;30;15;0;unknown;0
2025-07-02T18:43:00+02:00;41712_D;30;7;0;unknown;0
2025-07-02T18:43:00+02:00;41712_G;30;7;0;unknown;0
2025-07-02T18:43:00+02:00;41713_D;49;2;60;freeFlow;1
2025-07-02T18:43:00+02:00;41713_G;35;3;20;freeFlow;1
2025-07-02T18:43:00+02:00;41729;26;3;75;heavy;2
2025-07-02T18:43:00+02:00;41730;50;1;0;unknown;0
2025-07-02T18:43:00+02:00;41731;50;1;0;unknown;0
2025-07-02T18:43:00+02:00;41753_D;29;6;46;freeFlow;2
2025-07-02T18:43:00+02:00;41753_G;22;9;15;freeFlow;1
2025-07-02T18:43:00+02:00;41764_D;30;2;0;unknown;0
2025-07-02T18:43:00+02:00;41764_G;30;2;0;unknown;0
2025-07-02T18:43:00+02:00;41781;19;3;75;heavy;2
2025-07-02T18:43:00+02:00;41782;14;6;75;congested;2
2025-07-02T18:43:00+02:00;41783;22;3;60;heavy;1
2025-07-02T18:43:00+02:00;41784;22;3;60;heavy;1
2025-07-02T18:43:00+02:00;41809_D;32;8;22;freeFlow;1
2025-07-02T18:43:00+02:00;41809_G;21;11;15;heavy;1
2025-07-02T18:43:00+02:00;41810_D;40;2;22;freeFlow;1
2025-07-02T18:43:00+02:00;41810_G;33;2;12;freeFlow;1
2025-07-02T18:43:00+02:00;41811_D;40;6;22;freeFlow;1
2025-07-02T18:43:00+02:00;41811_G;33;7;12;freeFlow;1
2025-07-02T18:43:00+02:00;41812_D;46;4;22;freeFlow;1
2025-07-02T18:43:00+02:00;41812_G;31;6;12;freeFlow;1
2025-07-02T18:43:00+02:00;41813_D;46;3;22;freeFlow;1
2025-07-02T18:43:00+02:00;41813_G;31;4;12;freeFlow;1
2025-07-02T18:43:00+02:00;41814_D;46;5;22;freeFlow;1
2025-07-02T18:43:00+02:00;41814_G;29;7;12;freeFlow;1
2025-07-02T18:43:00+02:00;41815_D;30;6;0;unknown;0
2025-07-02T18:43:00+02:00;41815_G;28;7;12;freeFlow;1
2025-07-02T18:43:00+02:00;41817_D;30;6;0;unknown;0
2025-07-02T18:43:00+02:00;41817_G;24;8;12;freeFlow;1
2025-07-02T18:43:00+02:00;41818_D;30;3;0;unknown;0
2025-07-02T18:43:00+02:00;41818_G;27;2;12;freeFlow;1
2025-07-02T18:43:00+02:00;42028;33;15;75;heavy;2
2025-07-02T18:43:00+02:00;42029;37;41;60;freeFlow;1
2025-07-02T18:43:00+02:00;42030;33;46;75;heavy;2
2025-07-02T18:43:00+02:00;42031;44;34;60;freeFlow;1
2025-07-02T18:43:00+02:00;42047;70;5;0;unknown;0
2025-07-02T18:43:00+02:00;42049;50;2;0;unknown;0
2025-07-02T18:43:00+02:00;42050;43;2;100;heavy;3
2025-07-02T18:43:00+02:00;42051;33;15;100;heavy;3
2025-07-02T18:43:00+02:00;42125_D;46;25;100;freeFlow;3
2025-07-02T18:43:00+02:00;42125_G;58;20;55;freeFlow;1
2025-07-02T18:43:00+02:00;42134;53;44;100;heavy;3
2025-07-02T18:43:00+02:00;42135;44;62;75;heavy;2
2025-07-02T18:43:00+02:00;42206_D;16;58;52;heavy;1
2025-07-02T18:43:00+02:00;42238_D;12;28;52;congested;2
2025-07-02T18:43:00+02:00;42257;90;6;0;unknown;0
2025-07-02T18:43:00+02:00;42273_D;30;6;0;unknown;0
2025-07-02T18:43:00+02:00;42273_G;30;6;0;unknown;0
2025-07-02T18:43:00+02:00;42293_D;49;1;60;freeFlow;1
2025-07-02T18:43:00+02:00;42293_G;19;3;15;heavy;1
2025-07-02T18:43:00+02:00;42307_D;50;15;0;unknown;0
2025-07-02T18:43:00+02:00;42307_G;84;9;60;freeFlow;1
2025-07-02T18:43:00+02:00;42359;18;38;100;congested;5
2025-07-02T18:43:00+02:00;42375;50;1;0;unknown;0
2025-07-02T18:43:00+02:00;42378_D;49;1;60;freeFlow;1
2025-07-02T18:43:00+02:00;42378_G;19;3;15;heavy;1
2025-07-02T18:43:00+02:00;42379;82;33;75;freeFlow;2
2025-07-02T18:43:00+02:00;42383;19;4;75;heavy;2
2025-07-02T18:43:00+02:00;42384;50;1;0;unknown;0
2025-07-02T18:43:00+02:00;42385;28;3;60;heavy;1
2025-07-02T18:43:00+02:00;42386;25;2;60;heavy;1
2025-07-02T18:43:00+02:00;42387;43;5;100;freeFlow;3
2025-07-02T18:43:00+02:00;42388;31;3;100;heavy;6
2025-07-02T18:43:00+02:00;42389;31;5;100;heavy;4
2025-07-02T18:43:00+02:00;42390;27;4;73;heavy;2
2025-07-02T18:43:00+02:00;42391;35;3;55;freeFlow;1
2025-07-02T18:43:00+02:00;42392;32;3;100;heavy;5
2025-07-02T18:43:00+02:00;42399;34;8;100;heavy;3
2025-07-02T18:43:00+02:00;42401_D;50;26;0;unknown;0
2025-07-02T18:43:00+02:00;42401_G;70;19;60;freeFlow;1
2025-07-02T18:43:00+02:00;42572;16;3;100;heavy;5
2025-07-02T18:43:00+02:00;42573;35;1;60;freeFlow;1
2025-07-02T18:43:00+02:00;42580;57;2;75;heavy;2
2025-07-02T18:43:00+02:00;42595_D;30;6;0;unknown;0
2025-07-02T18:43:00+02:00;42595_G;30;6;0;unknown;0
2025-07-02T18:43:00+02:00;42603;5;114;100;congested;3
2025-07-02T18:43:00+02:00;42663_D;50;5;0;unknown;0
2025-07-02T18:43:00+02:00;42663_G;50;5;0;unknown;0
2025-07-02T18:43:00+02:00;42681_D;70;13;0;unknown;0
2025-07-02T18:43:00+02:00;42681_G;70;13;0;unknown;0
2025-07-02T18:43:00+02:00;42684_D;35;2;20;freeFlow;1
2025-07-02T18:43:00+02:00;42684_G;30;2;0;unknown;0
2025-07-02T18:43:00+02:00;42685;52;51;60;heavy;1
2025-07-02T18:43:00+02:00;42709_D;50;19;0;unknown;0
2025-07-02T18:43:00+02:00;42709_G;57;16;55;freeFlow;1
2025-07-02T18:43:00+02:00;42777_D;50;3;0;unknown;0
2025-07-02T18:43:00+02:00;42777_G;9;19;60;congested;1
2025-07-02T18:43:00+02:00;42778_D;50;1;0;unknown;0
2025-07-02T18:43:00+02:00;42778_G;35;2;60;heavy;1
2025-07-02T18:43:00+02:00;42779;50;2;0;unknown;0
2025-07-02T18:43:00+02:00;42780_D;50;8;0;unknown;0
2025-07-02T18:43:00+02:00;42780_G;58;7;60;freeFlow;1
2025-07-02T18:43:00+02:00;42938_D;29;10;0;unknown;0
2025-07-02T18:43:00+02:00;42938_G;32;9;50;heavy;1
2025-07-02T18:43:00+02:00;42939_D;28;8;10;heavy;1
2025-07-02T18:43:00+02:00;42939_G;26;9;48;heavy;1
2025-07-02T18:43:00+02:00;42940_D;3;153;60;congested;1
2025-07-02T18:43:00+02:00;42940_G;26;17;48;heavy;1
2025-07-02T18:43:00+02:00;42941_D;20;7;27;heavy;2
2025-07-02T18:43:00+02:00;42941_G;12;11;48;congested;1
2025-07-02T18:43:00+02:00;42947_D;25;17;32;heavy;1
2025-07-02T18:43:00+02:00;42947_G;50;9;0;unknown;0
2025-07-02T18:43:00+02:00;42948_D;22;10;30;heavy;1
2025-07-02T18:43:00+02:00;42948_G;24;10;50;heavy;1
2025-07-02T18:43:00+02:00;42949_D;26;11;30;heavy;1
2025-07-02T18:43:00+02:00;42949_G;19;14;50;heavy;1
2025-07-02T18:43:00+02:00;42978_D;26;21;0;unknown;0
2025-07-02T18:43:00+02:00;42978_G;30;19;50;heavy;1
2025-07-02T18:43:00+02:00;42979_D;5;28;0;unknown;0
2025-07-02T18:43:00+02:00;42979_G;27;6;65;heavy;2
2025-07-02T18:43:00+02:00;42983_D;10;40;10;congested;1
2025-07-02T18:43:00+02:00;42983_G;31;13;48;heavy;1
2025-07-02T18:43:00+02:00;42999_D;50;12;0;unknown;0
2025-07-02T18:43:00+02:00;42999_G;17;35;60;heavy;1
2025-07-02T18:43:00+02:00;43000_D;50;5;0;unknown;0
2025-07-02T18:43:00+02:00;43000_G;6;42;60;congested;1
2025-07-02T18:43:00+02:00;43001_D;50;4;0;unknown;0
2025-07-02T18:43:00+02:00;43001_G;26;7;60;heavy;1
2025-07-02T18:43:00+02:00;43003_D;50;3;0;unknown;0
2025-07-02T18:43:00+02:00;43003_G;9;17;60;congested;1
2025-07-02T18:43:00+02:00;43027_D;31;8;25;heavy;2
2025-07-02T18:43:00+02:00;43027_G;24;10;48;heavy;1
2025-07-02T18:43:00+02:00;43029_D;26;16;32;heavy;1
2025-07-02T18:43:00+02:00;43029_G;50;8;0;unknown;0
2025-07-02T18:43:00+02:00;43046_D;32;9;0;unknown;0
2025-07-02T18:43:00+02:00;43046_G;21;14;70;heavy;2
2025-07-02T18:43:00+02:00;43047_D;19;9;0;unknown;0
2025-07-02T18:43:00+02:00;43047_G;18;9;70;heavy;2
2025-07-02T18:43:00+02:00;43048_D;21;12;52;heavy;1
2025-07-02T18:43:00+02:00;43048_G;6;42;52;congested;1
2025-07-02T18:43:00+02:00;43049_D;26;5;0;unknown;0
2025-07-02T18:43:00+02:00;43049_G;22;5;65;freeFlow;2
2025-07-02T18:43:00+02:00;43050_D;26;6;0;unknown;0
2025-07-02T18:43:00+02:00;43050_G;29;6;50;heavy;1
2025-07-02T18:43:00+02:00;43099;13;6;60;congested;1
2025-07-02T18:43:00+02:00;43352_G;29;16;57;freeFlow;1
2025-07-02T18:43:00+02:00;43451_D;34;14;57;freeFlow;1
2025-07-02T18:43:00+02:00;43481;29;24;58;heavy;1
2025-07-02T18:43:00+02:00;43627;28;23;75;heavy;2
2025-07-02T18:43:00+02:00;43658_D;7;24;55;congested;1
2025-07-02T18:43:00+02:00;43658_G;34;5;55;heavy;1
2025-07-02T18:43:00+02:00;43718_D;13;11;15;congested;1
2025-07-02T18:43:00+02:00;43718_G;50;3;0;unknown;0
2025-07-02T18:43:00+02:00;43719_D;17;26;17;heavy;1
2025-07-02T18:43:00+02:00;43719_G;50;9;0;unknown;0
2025-07-02T18:43:00+02:00;43720_D;20;11;17;heavy;1
2025-07-02T18:43:00+02:00;43720_G;50;4;0;unknown;0
2025-07-02T18:43:00+02:00;43724_D;6;66;0;unknown;0
2025-07-02T18:43:00+02:00;43724_G;6;65;68;congested;2
2025-07-02T18:43:00+02:00;43733_D;50;4;0;unknown;0
2025-07-02T18:43:00+02:00;43733_G;27;7;60;heavy;1
2025-07-02T18:43:00+02:00;43736_D;21;10;17;heavy;1
2025-07-02T18:43:00+02:00;43736_G;50;4;0;unknown;0
2025-07-02T18:43:00+02:00;43739_D;34;9;57;heavy;1
2025-07-02T18:43:00+02:00;43739_G;23;15;35;heavy;1
2025-07-02T18:43:00+02:00;43740_D;25;12;60;heavy;1
2025-07-02T18:43:00+02:00;43740_G;27;10;35;heavy;1
2025-07-02T18:43:00+02:00;43741_D;22;2;60;heavy;1
2025-07-02T18:43:00+02:00;43741_G;27;1;35;heavy;1
2025-07-02T18:43:00+02:00;43742_D;10;35;81;congested;3
2025-07-02T18:43:00+02:00;43742_G;10;35;39;congested;1
2025-07-02T18:43:00+02:00;43743_G;7;188;52;congested;1
2025-07-02T18:43:00+02:00;43744_D;27;9;50;heavy;1
2025-07-02T18:43:00+02:00;43744_G;50;5;0;unknown;0
2025-07-02T18:43:00+02:00;43748;14;15;50;heavy;1
2025-07-02T18:43:00+02:00;43757;10;11;68;congested;2
2025-07-02T18:43:00+02:00;43758;15;19;55;heavy;1
2025-07-02T18:43:00+02:00;43786_D;7;89;17;congested;1
2025-07-02T18:43:00+02:00;43786_G;28;22;45;heavy;1
2025-07-02T18:43:00+02:00;43787_D;14;9;17;congested;1
2025-07-02T18:43:00+02:00;43787_G;14;9;45;congested;1
2025-07-02T18:43:00+02:00;43788_D;46;2;15;freeFlow;1
2025-07-02T18:43:00+02:00;43788_G;34;2;42;heavy;1
2025-07-02T18:43:00+02:00;43789_D;47;6;15;freeFlow;1
2025-07-02T18:43:00+02:00;43789_G;32;9;42;heavy;1
2025-07-02T18:43:00+02:00;43790_D;49;5;15;freeFlow;1
2025-07-02T18:43:00+02:00;43790_G;35;7;40;heavy;1
2025-07-02T18:43:00+02:00;43791_D;49;3;15;freeFlow;1
2025-07-02T18:43:00+02:00;43791_G;20;7;40;heavy;1
2025-07-02T18:43:00+02:00;43792_D;54;6;15;freeFlow;1
2025-07-02T18:43:00+02:00;43792_G;15;21;40;heavy;1
2025-07-02T18:43:00+02:00;43814_D;42;17;60;freeFlow;1
2025-07-02T18:43:00+02:00;43814_G;38;18;25;freeFlow;1
2025-07-02T18:43:00+02:00;43815_D;50;7;0;unknown;0
2025-07-02T18:43:00+02:00;43815_G;32;12;25;heavy;1
2025-07-02T18:43:00+02:00;43817_D;22;31;22;heavy;1
2025-07-02T18:43:00+02:00;43817_G;19;36;38;heavy;1
2025-07-02T18:43:00+02:00;43819;39;12;75;freeFlow;2
2025-07-02T18:43:00+02:00;43821;12;22;70;congested;2
2025-07-02T18:43:00+02:00;43828_D;6;100;60;congested;1
2025-07-02T18:43:00+02:00;43828_G;14;38;43;congested;1
2025-07-02T18:43:00+02:00;43835_D;42;8;60;freeFlow;1
2025-07-02T18:43:00+02:00;43835_G;38;9;25;freeFlow;1
2025-07-02T18:43:00+02:00;43836;50;10;0;unknown;0
2025-07-02T18:43:00+02:00;43871_D;22;9;27;heavy;1
2025-07-02T18:43:00+02:00;43871_G;29;7;50;heavy;1
2025-07-02T18:43:00+02:00;43872_D;22;9;27;heavy;1
2025-07-02T18:43:00+02:00;43872_G;25;8;50;heavy;1
2025-07-02T18:43:00+02:00;43873_D;20;13;30;heavy;1
2025-07-02T18:43:00+02:00;43873_G;23;11;50;heavy;1
2025-07-02T18:43:00+02:00;43925_D;18;14;30;heavy;1
2025-07-02T18:43:00+02:00;43925_G;32;8;50;heavy;1
2025-07-02T18:43:00+02:00;43937_D;8;38;52;congested;1
2025-07-02T18:43:00+02:00;43937_G;6;49;74;congested;2
2025-07-02T18:43:00+02:00;43938_D;50;20;0;unknown;0
2025-07-02T18:43:00+02:00;43938_G;22;44;60;heavy;1
2025-07-02T18:43:00+02:00;43972;10;34;100;congested;3
2025-07-02T18:43:00+02:00;43974;21;24;58;heavy;1
2025-07-02T18:43:00+02:00;43975;20;11;57;heavy;1
2025-07-02T18:43:00+02:00;44002_D;32;13;30;heavy;1
2025-07-02T18:43:00+02:00;44002_G;94;5;57;freeFlow;1
2025-07-02T18:43:00+02:00;44003_D;37;11;30;freeFlow;1
2025-07-02T18:43:00+02:00;44012;10;63;55;congested;1
2025-07-02T18:43:00+02:00;44017_D;50;3;0;unknown;0
2025-07-02T18:43:00+02:00;44018_D;12;50;22;congested;1
2025-07-02T18:43:00+02:00;44028;25;11;100;heavy;3
2025-07-02T18:43:00+02:00;44036_D;12;10;60;congested;1
2025-07-02T18:43:00+02:00;44036_G;39;3;60;freeFlow;1
2025-07-02T18:43:00+02:00;44066;15;13;100;heavy;3
2025-07-02T18:43:00+02:00;44067;12;61;75;congested;2
2025-07-02T18:43:00+02:00;44069;26;8;73;heavy;2
2025-07-02T18:43:00+02:00;44084_D;33;8;30;heavy;1
2025-07-02T18:43:00+02:00;44084_G;39;7;75;freeFlow;2
2025-07-02T18:43:00+02:00;44089_D;31;10;35;heavy;1
2025-07-02T18:43:00+02:00;44089_G;35;9;75;freeFlow;2
2025-07-02T18:43:00+02:00;44090_D;27;8;35;heavy;1
2025-07-02T18:43:00+02:00;44090_G;34;7;75;heavy;2
2025-07-02T18:43:00+02:00;44131;38;16;38;freeFlow;1
2025-07-02T18:43:00+02:00;44134;31;14;75;heavy;2
2025-07-02T18:43:00+02:00;44165_D;6;38;32;congested;1
2025-07-02T18:43:00+02:00;44165_G;32;7;75;heavy;2
2025-07-02T18:43:00+02:00;44198_D;50;14;0;unknown;0
2025-07-02T18:43:00+02:00;44198_G;20;36;60;heavy;1
2025-07-02T18:43:00+02:00;44199_D;50;5;0;unknown;0
2025-07-02T18:43:00+02:00;44199_G;29;8;60;heavy;1
2025-07-02T18:43:00+02:00;44231_D;16;16;55;heavy;1
2025-07-02T18:43:00+02:00;44231_G;72;4;75;freeFlow;2
2025-07-02T18:43:00+02:00;44232_D;30;7;75;heavy;2
2025-07-02T18:43:00+02:00;44232_G;23;9;75;heavy;2
2025-07-02T18:43:00+02:00;44234_D;23;15;75;heavy;2
2025-07-02T18:43:00+02:00;44234_G;21;17;75;heavy;2
2025-07-02T18:43:00+02:00;44259_D;20;6;32;heavy;1
2025-07-02T18:43:00+02:00;44259_G;30;4;35;heavy;1
2025-07-02T18:43:00+02:00;44260;10;41;30;congested;1
2025-07-02T18:43:00+02:00;44261_D;50;9;0;unknown;0
2025-07-02T18:43:00+02:00;44261_G;50;9;0;unknown;0
2025-07-02T18:43:00+02:00;44293;50;5;0;unknown;0
2025-07-02T18:43:00+02:00;44303_D;50;2;0;unknown;0
2025-07-02T18:43:00+02:00;44303_G;50;2;0;unknown;0
2025-07-02T18:43:00+02:00;44304_D;10;48;30;congested;1
2025-07-02T18:43:00+02:00;44304_G;50;9;0;unknown;0
2025-07-02T18:43:00+02:00;44322_D;18;123;98;heavy;3
2025-07-02T18:43:00+02:00;44322_G;21;106;75;heavy;2
2025-07-02T18:43:00+02:00;44328;50;10;0;unknown;0
2025-07-02T18:43:00+02:00;44583_D;28;13;45;heavy;2
2025-07-02T18:43:00+02:00;44583_G;4;79;73;congested;2
2025-07-02T18:43:00+02:00;44584_D;35;14;30;freeFlow;1
2025-07-02T18:43:00+02:00;44584_G;33;15;75;heavy;2
2025-07-02T18:43:00+02:00;44632_D;31;32;30;heavy;1
2025-07-02T18:43:00+02:00;44632_G;34;30;75;heavy;2
2025-07-02T18:43:00+02:00;44694_D;7;91;43;congested;2
2025-07-02T18:43:00+02:00;44694_G;6;107;70;congested;2
2025-07-02T18:43:00+02:00;44695_D;22;5;27;heavy;1
2025-07-02T18:43:00+02:00;44695_G;14;8;73;congested;2
2025-07-02T18:43:00+02:00;44711_D;50;13;0;unknown;0
2025-07-02T18:43:00+02:00;44711_G;23;27;72;heavy;2
2025-07-02T18:43:00+02:00;44712_D;19;13;22;heavy;1
2025-07-02T18:43:00+02:00;44712_G;16;15;73;heavy;2
2025-07-02T18:43:00+02:00;44714_D;50;1;0;unknown;0
2025-07-02T18:43:00+02:00;44714_G;38;1;57;freeFlow;1
2025-07-02T18:43:00+02:00;44736_D;35;3;30;freeFlow;1
2025-07-02T18:43:00+02:00;44736_G;40;2;75;freeFlow;2
2025-07-02T18:43:00+02:00;44868;56;8;48;freeFlow;1
2025-07-02T18:43:00+02:00;44873;56;2;48;freeFlow;1
2025-07-02T18:43:00+02:00;44874;41;10;75;freeFlow;2
2025-07-02T18:43:00+02:00;44875;56;7;48;freeFlow;1
2025-07-02T18:43:00+02:00;44877;47;9;60;freeFlow;1
2025-07-02T18:43:00+02:00;44878;70;13;0;unknown;0
2025-07-02T18:43:00+02:00;44880;91;16;100;freeFlow;4
2025-07-02T18:43:00+02:00;44882;91;11;100;freeFlow;4
2025-07-02T18:43:00+02:00;44884;17;76;100;congested;11
2025-07-02T18:43:00+02:00;44900;56;27;48;freeFlow;1
2025-07-02T18:43:00+02:00;44902_D;44;37;15;freeFlow;1
2025-07-02T18:43:00+02:00;44902_G;45;37;52;freeFlow;1
2025-07-02T18:43:00+02:00;44905;61;11;100;freeFlow;3
2025-07-02T18:43:00+02:00;44920;79;3;100;freeFlow;4
2025-07-02T18:43:00+02:00;44942;104;11;55;freeFlow;1
2025-07-02T18:43:00+02:00;44948;92;11;100;freeFlow;5
2025-07-02T18:43:00+02:00;44961;32;10;60;freeFlow;1
2025-07-02T18:43:00+02:00;44962;44;6;40;freeFlow;1
2025-07-02T18:43:00+02:00;44963;8;13;73;congested;2
2025-07-02T18:43:00+02:00;44966;87;11;100;freeFlow;4
2025-07-02T18:43:00+02:00;44974;26;5;100;heavy;3
2025-07-02T18:43:00+02:00;45012_D;29;2;50;heavy;1
2025-07-02T18:43:00+02:00;45012_G;12;5;55;congested;1
2025-07-02T18:43:00+02:00;45028_D;34;26;52;heavy;1
2025-07-02T18:43:00+02:00;45028_G;32;27;75;heavy;2
2025-07-02T18:43:00+02:00;45029_D;33;10;52;heavy;1
2025-07-02T18:43:00+02:00;45029_G;72;5;75;freeFlow;2
2025-07-02T18:43:00+02:00;45106_D;33;4;50;heavy;1
2025-07-02T18:43:00+02:00;45106_G;9;15;0;unknown;0
2025-07-02T18:43:00+02:00;45136_D;34;23;75;heavy;2
2025-07-02T18:43:00+02:00;45149;60;8;100;freeFlow;3
2025-07-02T18:43:00+02:00;45166;60;1;100;freeFlow;3
2025-07-02T18:43:00+02:00;45169;19;5;60;heavy;1
2025-07-02T18:43:00+02:00;45236_G;50;10;0;unknown;0
2025-07-02T18:43:00+02:00;45238;50;12;0;unknown;0
2025-07-02T18:43:00+02:00;45239;41;12;52;freeFlow;1
2025-07-02T18:43:00+02:00;45240;66;8;68;freeFlow;2
2025-07-02T18:43:00+02:00;45241;80;2;38;freeFlow;1
2025-07-02T18:43:00+02:00;45305;88;3;38;freeFlow;1
2025-07-02T18:43:00+02:00;45306;82;7;38;freeFlow;1
2025-07-02T18:43:00+02:00;45327;73;8;100;freeFlow;14
2025-07-02T18:43:00+02:00;45486_D;50;4;0;unknown;0
2025-07-02T18:43:00+02:00;45487_D;9;27;12;congested;1
2025-07-02T18:43:00+02:00;45630;40;28;100;heavy;5
2025-07-02T18:43:00+02:00;45645_D;6;85;35;congested;1
2025-07-02T18:43:00+02:00;45651;47;4;60;freeFlow;1
2025-07-02T18:43:00+02:00;45761_D;34;9;20;heavy;1
2025-07-02T18:43:00+02:00;45865_D;50;7;0;unknown;0
2025-07-02T18:43:00+02:00;46053_D;24;16;27;heavy;1
2025-07-02T18:43:00+02:00;46056_D;26;4;27;heavy;1
2025-07-02T18:43:00+02:00;46061;34;6;75;heavy;2
2025-07-02T18:43:00+02:00;46567_D;14;6;69;congested;2
2025-07-02T18:43:00+02:00;46642;12;24;75;congested;2
2025-07-02T18:43:00+02:00;46771;89;9;60;freeFlow;1
2025-07-02T18:43:00+02:00;46821_D;34;24;30;heavy;1
2025-07-02T18:43:00+02:00;46821_G;11;75;45;congested;2
2025-07-02T18:43:00+02:00;46923_D;36;1;30;freeFlow;1
2025-07-02T18:43:00+02:00;46923_G;41;1;30;freeFlow;1
2025-07-02T18:43:00+02:00;46976;24;9;52;heavy;1
2025-07-02T18:43:00+02:00;47029;34;11;75;heavy;2
2025-07-02T18:43:00+02:00;47061;32;56;100;heavy;6
2025-07-02T18:43:00+02:00;47239;75;7;100;freeFlow;5
2025-07-02T18:43:00+02:00;47410;5;249;100;congested;6
2025-07-02T18:43:00+02:00;47411;89;14;100;freeFlow;11
2025-07-02T18:43:00+02:00;47412;71;0;100;freeFlow;3
2025-07-02T18:43:00+02:00;47413;72;6;100;freeFlow;4
2025-07-02T18:43:00+02:00;47414;73;1;75;freeFlow;2
2025-07-02T18:43:00+02:00;47416;5;255;100;congested;5
2025-07-02T18:43:00+02:00;47418;89;17;100;freeFlow;13
2025-07-02T18:43:00+02:00;47420;15;64;100;congested;3
2025-07-02T18:43:00+02:00;47476;105;6;60;freeFlow;1
2025-07-02T18:43:00+02:00;47477;72;2;100;freeFlow;4
2025-07-02T18:43:00+02:00;47479;102;10;75;freeFlow;2
2025-07-02T18:43:00+02:00;47480;7;654;100;congested;14
2025-07-02T18:43:00+02:00;47481;92;50;100;freeFlow;13
2025-07-02T18:43:00+02:00;47537_D;41;8;15;freeFlow;1
2025-07-02T18:43:00+02:00;47537_G;34;9;42;heavy;1
2025-07-02T18:43:00+02:00;47742_D;36;6;0;unknown;0
2025-07-02T18:43:00+02:00;48758;23;4;75;heavy;2
2025-07-02T18:43:00+02:00;48759;47;1;75;freeFlow;2
2025-07-02T18:43:00+02:00;48920_D;25;10;32;heavy;1
2025-07-02T18:43:00+02:00;48920_G;50;5;0;unknown;0
2025-07-02T18:43:00+02:00;489866_D;39;4;17;freeFlow;1
2025-07-02T18:43:00+02:00;489970;105;9;60;freeFlow;1
2025-07-02T18:43:00+02:00;489971;49;3;100;heavy;3
2025-07-02T18:43:00+02:00;489972;35;13;100;heavy;3
2025-07-02T18:43:00+02:00;490059_D;41;22;45;heavy;1
2025-07-02T18:43:00+02:00;490059_G;60;15;45;freeFlow;1
2025-07-02T18:43:00+02:00;490080_D;54;1;42;freeFlow;1
2025-07-02T18:43:00+02:00;490080_G;70;1;45;freeFlow;1
2025-07-02T18:43:00+02:00;49026;50;1;100;freeFlow;4
2025-07-02T18:43:00+02:00;49053;10;55;100;congested;3
2025-07-02T18:43:00+02:00;490823;78;10;60;freeFlow;1
2025-07-02T18:43:00+02:00;490824;102;4;60;freeFlow;1
2025-07-02T18:43:00+02:00;490825;67;11;75;freeFlow;2
2025-07-02T18:43:00+02:00;490827;17;23;75;congested;2
2025-07-02T18:43:00+02:00;490828_D;35;15;100;freeFlow;3
2025-07-02T18:43:00+02:00;490828_G;23;22;60;freeFlow;1
2025-07-02T18:43:00+02:00;491005_D;19;8;52;heavy;1
2025-07-02T18:43:00+02:00;491005_G;72;2;75;freeFlow;2
2025-07-02T18:43:00+02:00;491126_D;10;42;100;heavy;3
2025-07-02T18:43:00+02:00;491126_G;40;11;94;freeFlow;3
2025-07-02T18:43:00+02:00;491135;23;6;100;heavy;4
2025-07-02T18:43:00+02:00;491141;32;3;100;heavy;3
2025-07-02T18:43:00+02:00;491300_D;36;18;0;unknown;0
2025-07-02T18:43:00+02:00;491300_G;50;13;0;unknown;0
2025-07-02T18:43:00+02:00;491308;50;1;0;unknown;0
2025-07-02T18:43:00+02:00;491320_D;20;14;32;heavy;1
2025-07-02T18:43:00+02:00;491320_G;50;6;0;unknown;0
2025-07-02T18:43:00+02:00;491326_D;20;28;32;heavy;1
2025-07-02T18:43:00+02:00;491326_G;50;11;0;unknown;0
2025-07-02T18:43:00+02:00;491329_D;20;11;32;heavy;1
2025-07-02T18:43:00+02:00;491329_G;30;7;35;heavy;1
2025-07-02T18:43:00+02:00;491490;31;7;75;heavy;2
2025-07-02T18:43:00+02:00;491714_D;36;7;30;freeFlow;1
2025-07-02T18:43:00+02:00;491714_G;34;7;45;freeFlow;2
2025-07-02T18:43:00+02:00;491735_D;15;8;30;heavy;1
2025-07-02T18:43:00+02:00;491735_G;33;5;45;freeFlow;2
2025-07-02T18:43:00+02:00;491794_D;50;3;0;unknown;0
2025-07-02T18:43:00+02:00;491794_G;46;3;25;freeFlow;1
2025-07-02T18:43:00+02:00;491872;77;8;73;freeFlow;2
2025-07-02T18:43:00+02:00;491877;65;2;60;freeFlow;1
2025-07-02T18:43:00+02:00;491881;65;1;60;freeFlow;1
2025-07-02T18:43:00+02:00;491884;12;5;75;congested;2
2025-07-02T18:43:00+02:00;491888;66;14;75;freeFlow;2
2025-07-02T18:43:00+02:00;491890;65;1;60;freeFlow;1
2025-07-02T18:43:00+02:00;491917;105;1;60;freeFlow;1
2025-07-02T18:43:00+02:00;49225_D;17;19;12;heavy;1
2025-07-02T18:43:00+02:00;49225_G;23;14;65;heavy;2
2025-07-02T18:43:00+02:00;492315_D;30;48;99;heavy;3
2025-07-02T18:43:00+02:00;492315_G;32;45;89;heavy;3
2025-07-02T18:43:00+02:00;492351_D;20;6;15;heavy;1
2025-07-02T18:43:00+02:00;492359_G;35;7;60;freeFlow;1
2025-07-02T18:43:00+02:00;492437;99;2;60;freeFlow;1
2025-07-02T18:43:00+02:00;492442;32;1;60;heavy;1
2025-07-02T18:43:00+02:00;492445_D;20;31;30;heavy;1
2025-07-02T18:43:00+02:00;492478;103;1;75;freeFlow;2
2025-07-02T18:43:00+02:00;492492;56;6;60;freeFlow;1
2025-07-02T18:43:00+02:00;49315_D;5;41;60;congested;1
2025-07-02T18:43:00+02:00;49315_G;6;29;46;congested;1
2025-07-02T18:43:00+02:00;49943_D;29;23;35;heavy;1
2025-07-02T18:43:00+02:00;49943_G;38;18;75;freeFlow;2
2025-07-02T18:43:00+02:00;49947;5;34;100;congested;3
2025-07-02T18:43:00+02:00;49958_D;24;11;22;heavy;1
2025-07-02T18:43:00+02:00;49958_G;35;8;55;heavy;1
2025-07-02T18:43:00+02:00;50308_D;37;7;17;freeFlow;1
2025-07-02T18:43:00+02:00;50441;48;5;60;freeFlow;1
2025-07-02T18:43:00+02:00;50525;22;10;60;heavy;1
2025-07-02T18:43:00+02:00;50571;26;4;100;heavy;3
2025-07-02T18:43:00+02:00;50625;27;8;60;heavy;1
2025-07-02T18:43:00+02:00;5064_D;35;15;75;heavy;2
2025-07-02T18:43:00+02:00;5064_G;59;9;100;freeFlow;3
2025-07-02T18:43:00+02:00;51419;50;15;0;unknown;0
2025-07-02T18:43:00+02:00;51474_D;34;1;15;heavy;1
2025-07-02T18:43:00+02:00;51474_G;34;2;42;heavy;1
2025-07-02T18:43:00+02:00;51798;36;2;60;freeFlow;1
2025-07-02T18:43:00+02:00;52107_D;54;8;30;freeFlow;1
2025-07-02T18:43:00+02:00;52107_G;43;11;43;freeFlow;2
2025-07-02T18:43:00+02:00;52129;50;6;0;unknown;0
2025-07-02T18:43:00+02:00;52835_D;37;4;60;freeFlow;1
2025-07-02T18:43:00+02:00;53020_D;50;2;0;unknown;0
2025-07-02T18:43:00+02:00;53327_D;21;17;60;heavy;1
2025-07-02T18:43:00+02:00;53327_G;44;8;53;freeFlow;2
2025-07-02T18:43:00+02:00;53411_G;12;31;40;congested;1
2025-07-02T18:43:00+02:00;53428;84;55;100;freeFlow;6
2025-07-02T18:43:00+02:00;53539_D;55;4;60;freeFlow;1
2025-07-02T18:43:00+02:00;53566;32;4;40;heavy;1
2025-07-02T18:43:00+02:00;53623;26;4;100;heavy;3
2025-07-02T18:43:00+02:00;53624;28;3;100;heavy;3
2025-07-02T18:43:00+02:00;53625;35;2;60;heavy;1
2025-07-02T18:43:00+02:00;53634_D;30;2;0;unknown;0
2025-07-02T18:43:00+02:00;53634_G;39;1;60;freeFlow;1
2025-07-02T18:43:00+02:00;53641_D;50;9;0;unknown;0
2025-07-02T18:43:00+02:00;53641_G;43;10;60;freeFlow;1
2025-07-02T18:43:00+02:00;53652;15;51;75;congested;2
2025-07-02T18:43:00+02:00;53659;41;5;60;freeFlow;1
2025-07-02T18:43:00+02:00;53702;52;8;100;heavy;10
2025-07-02T18:43:00+02:00;53892;57;1;75;freeFlow;2
2025-07-02T18:43:00+02:00;53893;20;31;100;heavy;3
2025-07-02T18:43:00+02:00;53895;46;7;75;freeFlow;2
2025-07-02T18:43:00+02:00;53896;34;12;75;heavy;2
2025-07-02T18:43:00+02:00;53898;34;16;75;heavy;2
2025-07-02T18:43:00+02:00;53900;18;33;75;heavy;2
2025-07-02T18:43:00+02:00;53901;31;8;75;heavy;2
2025-07-02T18:43:00+02:00;53903;44;5;75;freeFlow;2
2025-07-02T18:43:00+02:00;53904;61;2;60;freeFlow;1
2025-07-02T18:43:00+02:00;53905;46;8;75;freeFlow;2
2025-07-02T18:43:00+02:00;53908;33;3;60;heavy;1
2025-07-02T18:43:00+02:00;53910;33;9;60;heavy;1
2025-07-02T18:43:00+02:00;53912;38;8;75;freeFlow;2
2025-07-02T18:43:00+02:00;53915;38;14;75;freeFlow;2
2025-07-02T18:43:00+02:00;53918;40;12;100;freeFlow;3
2025-07-02T18:43:00+02:00;53919;48;3;100;freeFlow;3
2025-07-02T18:43:00+02:00;53921;55;10;100;freeFlow;3
2025-07-02T18:43:00+02:00;53922;57;3;100;freeFlow;3
2025-07-02T18:43:00+02:00;53923;57;9;75;freeFlow;2
2025-07-02T18:43:00+02:00;53925_D;53;5;15;freeFlow;1
2025-07-02T18:43:00+02:00;53925_G;47;6;52;heavy;1
2025-07-02T18:43:00+02:00;53936;76;12;75;freeFlow;2
2025-07-02T18:43:00+02:00;53938;73;4;75;freeFlow;2
2025-07-02T18:43:00+02:00;53939;82;17;60;freeFlow;1
2025-07-02T18:43:00+02:00;53941;76;7;60;freeFlow;1
2025-07-02T18:43:00+02:00;53942;61;4;60;freeFlow;1
2025-07-02T18:43:00+02:00;53944;65;1;60;freeFlow;1
2025-07-02T18:43:00+02:00;53945;65;7;60;freeFlow;1
2025-07-02T18:43:00+02:00;53946;65;1;60;freeFlow;1
2025-07-02T18:43:00+02:00;53947;52;1;75;freeFlow;2
2025-07-02T18:43:00+02:00;53948;80;3;75;freeFlow;2
2025-07-02T18:43:00+02:00;53949;76;3;75;freeFlow;2
2025-07-02T18:43:00+02:00;53950;83;45;100;freeFlow;5
2025-07-02T18:43:00+02:00;53952_D;27;5;60;heavy;1
2025-07-02T18:43:00+02:00;53952_G;36;4;40;freeFlow;2
2025-07-02T18:43:00+02:00;53959;45;79;75;heavy;2
2025-07-02T18:43:00+02:00;53961;106;54;60;freeFlow;1
2025-07-02T18:43:00+02:00;53987;50;1;100;freeFlow;7
2025-07-02T18:43:00+02:00;53990;40;7;60;freeFlow;2
2025-07-02T18:43:00+02:00;54067;5;197;100;congested;4
2025-07-02T18:43:00+02:00;54134;45;17;100;freeFlow;3
2025-07-02T18:43:00+02:00;54138;39;26;75;freeFlow;2
2025-07-02T18:43:00+02:00;54140;70;28;100;freeFlow;4
2025-07-02T18:43:00+02:00;54144;50;3;0;unknown;0
2025-07-02T18:43:00+02:00;54150;31;29;75;heavy;2
2025-07-02T18:43:00+02:00;54153;103;9;70;freeFlow;2
2025-07-02T18:43:00+02:00;54154;59;18;70;freeFlow;2
2025-07-02T18:43:00+02:00;54155;11;100;75;congested;2
2025-07-02T18:43:00+02:00;54161;50;4;0;unknown;0
2025-07-02T18:43:00+02:00;54187_D;30;11;0;unknown;0
2025-07-02T18:43:00+02:00;54187_G;31;11;20;freeFlow;1
2025-07-02T18:43:00+02:00;54189_D;30;13;0;unknown;0
2025-07-02T18:43:00+02:00;54189_G;31;13;20;freeFlow;1
2025-07-02T18:43:00+02:00;54191_D;30;10;0;unknown;0
2025-07-02T18:43:00+02:00;54191_G;23;12;20;freeFlow;1
2025-07-02T18:43:00+02:00;54197;25;30;22;heavy;1
2025-07-02T18:43:00+02:00;54198;32;7;25;heavy;1
2025-07-02T18:43:00+02:00;54206;17;34;60;heavy;1
2025-07-02T18:43:00+02:00;54208;31;2;60;freeFlow;1
2025-07-02T18:43:00+02:00;54212;36;44;60;freeFlow;1
2025-07-02T18:43:00+02:00;54223_D;26;3;0;unknown;0
2025-07-02T18:43:00+02:00;54223_G;24;3;48;freeFlow;1
2025-07-02T18:43:00+02:00;54227;75;13;100;freeFlow;10
2025-07-02T18:43:00+02:00;54234;50;1;0;unknown;0
2025-07-02T18:43:00+02:00;54239;105;1;60;freeFlow;1
2025-07-02T18:43:00+02:00;54240;50;7;100;freeFlow;3
2025-07-02T18:43:00+02:00;54241;105;1;60;freeFlow;1
2025-07-02T18:43:00+02:00;54243;19;29;88;heavy;3
2025-07-02T18:43:00+02:00;54297;60;14;99;freeFlow;5
2025-07-02T18:43:00+02:00;54339;29;33;75;heavy;2
2025-07-02T18:43:00+02:00;54340;35;9;60;freeFlow;1
2025-07-02T18:43:00+02:00;54358_D;50;14;0;unknown;0
2025-07-02T18:43:00+02:00;54358_G;94;8;57;freeFlow;1
2025-07-02T18:43:00+02:00;54363;94;5;57;freeFlow;1
2025-07-02T18:43:00+02:00;54365;53;5;73;freeFlow;2
2025-07-02T18:43:00+02:00;54367;44;9;50;freeFlow;1
2025-07-02T18:43:00+02:00;54368;33;3;52;heavy;1
2025-07-02T18:43:00+02:00;54369;28;44;100;heavy;3
2025-07-02T18:43:00+02:00;54372;44;1;40;freeFlow;1
2025-07-02T18:43:00+02:00;54375;31;22;71;heavy;2
2025-07-02T18:43:00+02:00;54376;14;14;60;congested;1
2025-07-02T18:43:00+02:00;54378;54;6;60;freeFlow;1
2025-07-02T18:43:00+02:00;54381;34;9;75;heavy;2
2025-07-02T18:43:00+02:00;54382;104;2;55;freeFlow;1
2025-07-02T18:43:00+02:00;54383;33;25;60;heavy;1
2025-07-02T18:43:00+02:00;54384;59;4;70;freeFlow;2
2025-07-02T18:43:00+02:00;54385;49;5;75;freeFlow;2
2025-07-02T18:43:00+02:00;54386;104;1;55;freeFlow;1
2025-07-02T18:43:00+02:00;54400;11;50;91;congested;3
2025-07-02T18:43:00+02:00;54401;11;8;91;congested;3
2025-07-02T18:43:00+02:00;54406;14;178;74;congested;2
2025-07-02T18:43:00+02:00;54428_D;30;19;35;heavy;1
2025-07-02T18:43:00+02:00;54428_G;29;20;75;heavy;2
2025-07-02T18:43:00+02:00;54429_D;42;16;60;freeFlow;1
2025-07-02T18:43:00+02:00;54429_G;12;54;27;congested;1
2025-07-02T18:43:00+02:00;54438_D;103;1;70;freeFlow;2
2025-07-02T18:43:00+02:00;54438_G;50;1;0;unknown;0
2025-07-02T18:43:00+02:00;54440_D;103;3;70;freeFlow;2
2025-07-02T18:43:00+02:00;54440_G;11;26;57;congested;1
2025-07-02T18:43:00+02:00;54444_D;103;0;70;freeFlow;2
2025-07-02T18:43:00+02:00;54444_G;27;2;73;heavy;2
2025-07-02T18:43:00+02:00;54447_D;103;5;70;freeFlow;2
2025-07-02T18:43:00+02:00;54447_G;35;15;70;freeFlow;2
2025-07-02T18:43:00+02:00;54448_D;103;2;70;freeFlow;2
2025-07-02T18:43:00+02:00;54448_G;33;5;70;heavy;2
2025-07-02T18:43:00+02:00;54449_D;50;10;0;unknown;0
2025-07-02T18:43:00+02:00;54449_G;41;12;25;freeFlow;1
2025-07-02T18:43:00+02:00;54453_D;50;3;0;unknown;0
2025-07-02T18:43:00+02:00;54453_G;46;3;25;freeFlow;1
2025-07-02T18:43:00+02:00;54455;46;2;25;freeFlow;1
2025-07-02T18:43:00+02:00;54457;46;9;25;freeFlow;1
2025-07-02T18:43:00+02:00;54460;49;6;25;freeFlow;1
2025-07-02T18:43:00+02:00;54463_D;50;6;0;unknown;0
2025-07-02T18:43:00+02:00;54463_G;46;7;25;freeFlow;1
2025-07-02T18:43:00+02:00;54466_D;50;15;0;unknown;0
2025-07-02T18:43:00+02:00;54466_G;48;17;22;freeFlow;1
2025-07-02T18:43:00+02:00;54469;40;3;48;freeFlow;1
2025-07-02T18:43:00+02:00;54471;38;11;38;freeFlow;1
2025-07-02T18:43:00+02:00;54472;23;18;60;heavy;1
2025-07-02T18:43:00+02:00;54473;31;1;60;freeFlow;1
2025-07-02T18:43:00+02:00;54483;21;71;75;heavy;2
2025-07-02T18:43:00+02:00;54489;50;1;0;unknown;0
2025-07-02T18:43:00+02:00;54490;34;5;100;heavy;3
2025-07-02T18:43:00+02:00;54492;24;7;75;heavy;2
2025-07-02T18:43:00+02:00;54505;26;29;38;heavy;1
2025-07-02T18:43:00+02:00;54509;10;29;38;congested;1
2025-07-02T18:43:00+02:00;54518;37;4;40;freeFlow;1
2025-07-02T18:43:00+02:00;54522;32;3;40;heavy;1
2025-07-02T18:43:00+02:00;54523;26;4;35;freeFlow;1
2025-07-02T18:43:00+02:00;54524;26;1;35;freeFlow;1
2025-07-02T18:43:00+02:00;54580_D;10;58;74;congested;2
2025-07-02T18:43:00+02:00;54877;40;19;38;freeFlow;1
2025-07-02T18:43:00+02:00;54879;24;30;60;heavy;1
2025-07-02T18:43:00+02:00;54880_D;13;74;60;congested;1
2025-07-02T18:43:00+02:00;54880_G;12;81;29;congested;1
2025-07-02T18:43:00+02:00;54882;40;2;35;freeFlow;1
2025-07-02T18:43:00+02:00;54883;28;2;63;freeFlow;2
2025-07-02T18:43:00+02:00;54884;21;2;60;heavy;1
2025-07-02T18:43:00+02:00;54885;21;1;60;heavy;1
2025-07-02T18:43:00+02:00;54886;11;8;75;heavy;2
2025-07-02T18:43:00+02:00;54887;13;5;60;heavy;1
2025-07-02T18:43:00+02:00;54888;18;1;30;heavy;1
2025-07-02T18:43:00+02:00;54889;18;2;30;heavy;1
2025-07-02T18:43:00+02:00;54988;45;3;100;heavy;5
2025-07-02T18:43:00+02:00;54989;53;33;100;freeFlow;4
2025-07-02T18:43:00+02:00;54990;41;2;100;heavy;6
2025-07-02T18:43:00+02:00;54991;49;36;100;heavy;3
2025-07-02T18:43:00+02:00;55467_D;28;24;100;heavy;3
2025-07-02T18:43:00+02:00;55467_G;41;14;68;freeFlow;2
2025-07-02T18:43:00+02:00;55570_D;50;3;0;unknown;0
2025-07-02T18:43:00+02:00;55570_G;56;3;60;freeFlow;1
2025-07-02T18:43:00+02:00;55589_D;30;8;0;unknown;0
2025-07-02T18:43:00+02:00;55589_G;27;9;22;freeFlow;1
2025-07-02T18:43:00+02:00;55591;35;1;35;heavy;1
2025-07-02T18:43:00+02:00;55592;35;1;35;heavy;1
2025-07-02T18:43:00+02:00;55593;50;1;0;unknown;0
2025-07-02T18:43:00+02:00;55595;27;2;22;heavy;1
2025-07-02T18:43:00+02:00;55596;27;1;22;heavy;1
2025-07-02T18:43:00+02:00;55597;15;3;35;heavy;1
2025-07-02T18:43:00+02:00;55702;28;10;17;heavy;1
2025-07-02T18:43:00+02:00;55704;29;29;20;heavy;1
2025-07-02T18:43:00+02:00;5576_D;28;12;75;heavy;2
2025-07-02T18:43:00+02:00;5576_G;14;23;100;congested;3
2025-07-02T18:43:00+02:00;55881;26;1;62;heavy;2
2025-07-02T18:43:00+02:00;55900;16;6;32;heavy;1
2025-07-02T18:43:00+02:00;55929_D;29;15;60;heavy;1
2025-07-02T18:43:00+02:00;55929_G;28;15;25;heavy;1
2025-07-02T18:43:00+02:00;55976;51;3;60;freeFlow;1
2025-07-02T18:43:00+02:00;56024;50;20;0;unknown;0
2025-07-02T18:43:00+02:00;56131;23;5;56;heavy;2
2025-07-02T18:43:00+02:00;56257;26;8;50;freeFlow;1
2025-07-02T18:43:00+02:00;563566;14;9;75;congested;2
2025-07-02T18:43:00+02:00;563571;34;8;75;heavy;2
2025-07-02T18:43:00+02:00;563844_D;14;62;100;congested;6
2025-07-02T18:43:00+02:00;563844_G;46;19;75;heavy;2
2025-07-02T18:43:00+02:00;563846;10;32;68;congested;2
2025-07-02T18:43:00+02:00;563903_D;50;34;0;unknown;0
2025-07-02T18:43:00+02:00;563903_G;50;34;0;unknown;0
2025-07-02T18:43:00+02:00;564067_D;56;22;100;heavy;3
2025-07-02T18:43:00+02:00;564067_G;60;22;60;freeFlow;1
2025-07-02T18:43:00+02:00;564195_D;103;4;60;freeFlow;1
2025-07-02T18:43:00+02:00;564195_G;10;47;60;congested;1
2025-07-02T18:43:00+02:00;56441;31;8;75;heavy;2
2025-07-02T18:43:00+02:00;5651;29;2;57;heavy;1
2025-07-02T18:43:00+02:00;5652;30;2;57;heavy;1
2025-07-02T18:43:00+02:00;565232;30;4;0;unknown;0
2025-07-02T18:43:00+02:00;5653;46;1;60;freeFlow;1
2025-07-02T18:43:00+02:00;565374;43;48;75;freeFlow;2
2025-07-02T18:43:00+02:00;565376;29;72;75;heavy;2
2025-07-02T18:43:00+02:00;565393;82;58;65;freeFlow;2
2025-07-02T18:43:00+02:00;5654;47;1;60;freeFlow;1
2025-07-02T18:43:00+02:00;565682_D;45;21;60;heavy;1
2025-07-02T18:43:00+02:00;565682_G;51;19;60;freeFlow;1
2025-07-02T18:43:00+02:00;565731_D;35;3;100;freeFlow;3
2025-07-02T18:43:00+02:00;565731_G;21;3;60;heavy;1
2025-07-02T18:43:00+02:00;565732;65;1;75;freeFlow;2
2025-07-02T18:43:00+02:00;56584;44;5;60;freeFlow;1
2025-07-02T18:43:00+02:00;565854;58;17;98;freeFlow;3
2025-07-02T18:43:00+02:00;566176_D;60;19;45;freeFlow;1
2025-07-02T18:43:00+02:00;566176_G;55;20;75;heavy;2
2025-07-02T18:43:00+02:00;56619_D;50;8;0;unknown;0
2025-07-02T18:43:00+02:00;56619_G;50;8;0;unknown;0
2025-07-02T18:43:00+02:00;566287_D;41;12;50;freeFlow;1
2025-07-02T18:43:00+02:00;566287_G;36;14;20;freeFlow;1
2025-07-02T18:43:00+02:00;566302_D;38;1;75;freeFlow;2
2025-07-02T18:43:00+02:00;566302_G;34;1;45;heavy;1
2025-07-02T18:43:00+02:00;566303_D;45;16;60;freeFlow;1
2025-07-02T18:43:00+02:00;566303_G;56;13;45;freeFlow;1
2025-07-02T18:43:00+02:00;5663_D;56;47;74;heavy;2
2025-07-02T18:43:00+02:00;5663_G;55;48;59;heavy;1
2025-07-02T18:43:00+02:00;566407_D;30;3;0;unknown;0
2025-07-02T18:43:00+02:00;566407_G;31;2;20;freeFlow;1
2025-07-02T18:43:00+02:00;566417_D;30;5;0;unknown;0
2025-07-02T18:43:00+02:00;566417_G;31;5;20;freeFlow;1
2025-07-02T18:43:00+02:00;566419;50;1;0;unknown;0
2025-07-02T18:43:00+02:00;566481;50;1;0;unknown;0
2025-07-02T18:43:00+02:00;566482;50;1;0;unknown;0
2025-07-02T18:43:00+02:00;566483;93;121;100;freeFlow;6
2025-07-02T18:43:00+02:00;566484;50;0;0;unknown;0
2025-07-02T18:43:00+02:00;5664_D;72;2;60;freeFlow;1
2025-07-02T18:43:00+02:00;5664_G;87;2;60;freeFlow;1
2025-07-02T18:43:00+02:00;566573_D;27;4;0;unknown;0
2025-07-02T18:43:00+02:00;566573_G;50;2;0;unknown;0
2025-07-02T18:43:00+02:00;566599_D;36;1;65;freeFlow;2
2025-07-02T18:43:00+02:00;566599_G;32;1;50;freeFlow;1
2025-07-02T18:43:00+02:00;566706_D;6;29;42;congested;1
2025-07-02T18:43:00+02:00;566706_G;25;7;55;heavy;1
2025-07-02T18:43:00+02:00;56676_G;28;8;60;heavy;1
2025-07-02T18:43:00+02:00;566850;24;6;63;heavy;2
2025-07-02T18:43:00+02:00;566924_D;50;6;0;unknown;0
2025-07-02T18:43:00+02:00;566924_G;46;7;25;freeFlow;1
2025-07-02T18:43:00+02:00;566942;21;2;60;heavy;1
2025-07-02T18:43:00+02:00;56872;96;22;100;freeFlow;5
2025-07-02T18:43:00+02:00;56874;35;14;100;heavy;3
2025-07-02T18:43:00+02:00;56886;103;25;70;freeFlow;2
2025-07-02T18:43:00+02:00;56914;48;3;60;freeFlow;1
2025-07-02T18:43:00+02:00;56926;82;4;100;freeFlow;3
2025-07-02T18:43:00+02:00;57009;33;11;100;heavy;5
2025-07-02T18:43:00+02:00;57011;81;8;100;freeFlow;4
2025-07-02T18:43:00+02:00;57012;59;7;55;freeFlow;1
2025-07-02T18:43:00+02:00;57082_D;53;5;60;freeFlow;1
2025-07-02T18:43:00+02:00;57360_D;34;5;50;freeFlow;1
2025-07-02T18:43:00+02:00;57360_G;13;14;75;heavy;2
2025-07-02T18:43:00+02:00;57362_D;11;10;60;heavy;1
2025-07-02T18:43:00+02:00;57362_G;30;3;60;freeFlow;1
2025-07-02T18:43:00+02:00;57368_D;34;6;35;freeFlow;1
2025-07-02T18:43:00+02:00;57368_G;12;19;75;heavy;2
2025-07-02T18:43:00+02:00;57378_D;50;3;0;unknown;0
2025-07-02T18:43:00+02:00;57378_G;8;16;60;congested;1
2025-07-02T18:43:00+02:00;62549;48;1;60;freeFlow;1
2025-07-02T18:43:00+02:00;62550;48;1;60;freeFlow;1
2025-07-02T18:43:00+02:00;62617_D;50;9;0;unknown;0
2025-07-02T18:43:00+02:00;62617_G;32;14;60;heavy;1
2025-07-02T18:43:00+02:00;62948_D;28;6;35;freeFlow;1
2025-07-02T18:43:00+02:00;62948_G;30;5;35;freeFlow;1
2025-07-02T18:43:00+02:00;63039;33;5;60;heavy;1
2025-07-02T18:43:00+02:00;63203_D;30;26;0;unknown;0
2025-07-02T18:43:00+02:00;63203_G;30;26;0;unknown;0
2025-07-02T18:43:00+02:00;63308;50;2;100;freeFlow;7
2025-07-02T18:43:00+02:00;63895_D;25;6;42;freeFlow;1
2025-07-02T18:43:00+02:00;63895_G;26;6;22;freeFlow;1
2025-07-02T18:43:00+02:00;63903;5;25;100;congested;3
2025-07-02T18:43:00+02:00;63917;74;2;60;freeFlow;1
2025-07-02T18:43:00+02:00;63954_D;32;6;65;freeFlow;2
2025-07-02T18:43:00+02:00;63954_G;34;5;52;freeFlow;1
2025-07-02T18:43:00+02:00;63961_D;35;1;48;freeFlow;1
2025-07-02T18:43:00+02:00;63961_G;28;2;57;freeFlow;1
2025-07-02T18:43:00+02:00;63963_D;35;13;100;freeFlow;3
2025-07-02T18:43:00+02:00;63963_G;29;15;100;freeFlow;4
2025-07-02T18:43:00+02:00;63974;33;12;60;heavy;1
2025-07-02T18:43:00+02:00;64028;50;2;0;unknown;0
2025-07-02T18:43:00+02:00;64029;35;4;57;heavy;1
2025-07-02T18:43:00+02:00;64033;18;9;57;heavy;1
2025-07-02T18:43:00+02:00;64034;35;3;74;freeFlow;2
2025-07-02T18:43:00+02:00;64035;31;4;57;heavy;1
2025-07-02T18:43:00+02:00;64104_D;8;12;20;congested;1
2025-07-02T18:43:00+02:00;64104_G;50;2;0;unknown;0
2025-07-02T18:43:00+02:00;6421;116;20;75;freeFlow;2
2025-07-02T18:43:00+02:00;6422;116;6;75;freeFlow;2
2025-07-02T18:43:00+02:00;6423;91;15;75;freeFlow;2
2025-07-02T18:43:00+02:00;6424;90;33;88;freeFlow;3
2025-07-02T18:43:00+02:00;64792_D;45;15;60;freeFlow;1
2025-07-02T18:43:00+02:00;64792_G;49;14;45;freeFlow;1
2025-07-02T18:43:00+02:00;64862_D;14;35;60;congested;1
2025-07-02T18:43:00+02:00;64862_G;19;26;35;heavy;1
2025-07-02T18:43:00+02:00;65281;48;2;60;freeFlow;1
2025-07-02T18:43:00+02:00;65283;48;2;60;freeFlow;1
2025-07-02T18:43:00+02:00;65293;48;4;60;freeFlow;1
2025-07-02T18:43:00+02:00;65961_D;45;30;60;freeFlow;1
2025-07-02T18:43:00+02:00;65961_G;50;27;0;unknown;0
2025-07-02T18:43:00+02:00;65966_D;45;1;60;freeFlow;1
2025-07-02T18:43:00+02:00;65966_G;27;2;42;heavy;1
2025-07-02T18:43:00+02:00;66020;20;1;100;congested;4
2025-07-02T18:43:00+02:00;6615_D;47;12;100;heavy;3
2025-07-02T18:43:00+02:00;6615_G;37;16;94;heavy;3
2025-07-02T18:43:00+02:00;6616;37;2;75;heavy;2
2025-07-02T18:43:00+02:00;6619;35;3;75;heavy;2
2025-07-02T18:43:00+02:00;6620;40;6;100;heavy;5
2025-07-02T18:43:00+02:00;6621;37;3;75;heavy;2
2025-07-02T18:43:00+02:00;6622;39;2;100;heavy;3
2025-07-02T18:43:00+02:00;6623;34;1;60;heavy;1
2025-07-02T18:43:00+02:00;6628_D;50;17;0;unknown;0
2025-07-02T18:43:00+02:00;6628_G;50;17;0;unknown;0
2025-07-02T18:43:00+02:00;6629_D;49;20;60;freeFlow;1
2025-07-02T18:43:00+02:00;6629_G;50;19;0;unknown;0
2025-07-02T18:43:00+02:00;6643;45;15;75;heavy;2
2025-07-02T18:43:00+02:00;6644;38;18;60;heavy;1
2025-07-02T18:43:00+02:00;6645;40;2;75;freeFlow;2
2025-07-02T18:43:00+02:00;6646;39;2;75;freeFlow;2
2025-07-02T18:43:00+02:00;6647;37;1;60;freeFlow;1
2025-07-02T18:43:00+02:00;6648;38;2;75;freeFlow;2
2025-07-02T18:43:00+02:00;6649;42;2;75;freeFlow;2
2025-07-02T18:43:00+02:00;6650;38;4;100;freeFlow;3
2025-07-02T18:43:00+02:00;6651;34;5;75;heavy;2
2025-07-02T18:43:00+02:00;6669_D;62;80;57;freeFlow;1
2025-07-02T18:43:00+02:00;6669_G;54;93;60;heavy;1
2025-07-02T18:43:00+02:00;67069;22;8;100;heavy;3
2025-07-02T18:43:00+02:00;67223_D;35;2;48;freeFlow;1
2025-07-02T18:43:00+02:00;67223_G;27;2;57;freeFlow;1
2025-07-02T18:43:00+02:00;67229_D;38;11;64;freeFlow;2
2025-07-02T18:43:00+02:00;67229_G;30;14;0;unknown;0
2025-07-02T18:43:00+02:00;6723;116;7;75;freeFlow;2
2025-07-02T18:43:00+02:00;67324_D;55;18;75;heavy;2
2025-07-02T18:43:00+02:00;67324_G;18;55;60;congested;1
2025-07-02T18:43:00+02:00;67330;26;2;60;freeFlow;1
2025-07-02T18:43:00+02:00;67332;38;2;74;freeFlow;2
2025-07-02T18:43:00+02:00;67334;34;1;30;freeFlow;1
2025-07-02T18:43:00+02:00;67340;33;2;57;freeFlow;1
2025-07-02T18:43:00+02:00;67341;11;29;72;heavy;2
2025-07-02T18:43:00+02:00;67344;13;15;70;heavy;2
2025-07-02T18:43:00+02:00;67352_D;10;37;69;heavy;2
2025-07-02T18:43:00+02:00;67352_G;7;50;99;congested;4
2025-07-02T18:43:00+02:00;67380_D;13;61;100;congested;3
2025-07-02T18:43:00+02:00;67380_G;8;99;60;congested;1
2025-07-02T18:43:00+02:00;67385;19;6;75;heavy;2
2025-07-02T18:43:00+02:00;67389_D;7;11;60;congested;1
2025-07-02T18:43:00+02:00;67389_G;14;5;75;congested;2
2025-07-02T18:43:00+02:00;67390;13;7;100;congested;3
2025-07-02T18:43:00+02:00;67391;14;12;100;congested;3
2025-07-02T18:43:00+02:00;67392;14;11;100;congested;3
2025-07-02T18:43:00+02:00;67511_D;30;4;0;unknown;0
2025-07-02T18:43:00+02:00;67511_G;30;4;0;unknown;0
2025-07-02T18:43:00+02:00;67514_D;30;6;0;unknown;0
2025-07-02T18:43:00+02:00;67514_G;30;6;0;unknown;0
2025-07-02T18:43:00+02:00;67611;35;5;100;freeFlow;3
2025-07-02T18:43:00+02:00;67816;35;1;100;freeFlow;3
2025-07-02T18:43:00+02:00;67819_D;35;1;100;freeFlow;3
2025-07-02T18:43:00+02:00;67819_G;39;1;75;freeFlow;2
2025-07-02T18:43:00+02:00;67820;35;1;100;freeFlow;3
2025-07-02T18:43:00+02:00;67821;43;1;75;freeFlow;2
2025-07-02T18:43:00+02:00;67823;30;8;0;unknown;0
2025-07-02T18:43:00+02:00;67824;28;17;81;heavy;3
2025-07-02T18:43:00+02:00;67829;94;6;57;freeFlow;1
2025-07-02T18:43:00+02:00;67892_D;13;19;75;congested;2
2025-07-02T18:43:00+02:00;67892_G;22;11;60;heavy;1
2025-07-02T18:43:00+02:00;68069;32;12;40;heavy;1
2025-07-02T18:43:00+02:00;68070;34;1;40;heavy;1
2025-07-02T18:43:00+02:00;68815;12;9;60;congested;1
2025-07-02T18:43:00+02:00;69060;30;3;0;unknown;0
2025-07-02T18:43:00+02:00;69061;41;3;60;freeFlow;1
2025-07-02T18:43:00+02:00;69062;30;2;0;unknown;0
2025-07-02T18:43:00+02:00;69063;31;1;60;freeFlow;1
2025-07-02T18:43:00+02:00;69064_D;30;1;0;unknown;0
2025-07-02T18:43:00+02:00;69064_G;31;1;60;freeFlow;1
2025-07-02T18:43:00+02:00;69270_D;31;3;60;heavy;1
2025-07-02T18:43:00+02:00;69270_G;50;1;0;unknown;0
2025-07-02T18:43:00+02:00;69277;31;3;60;freeFlow;1
2025-07-02T18:43:00+02:00;69464;31;1;60;freeFlow;1
2025-07-02T18:43:00+02:00;69467;30;2;0;unknown;0
2025-07-02T18:43:00+02:00;69493;29;22;75;heavy;2
2025-07-02T18:43:00+02:00;69495;25;16;75;heavy;2
2025-07-02T18:43:00+02:00;69591;9;31;25;congested;1
2025-07-02T18:43:00+02:00;69673;35;10;60;heavy;1
2025-07-02T18:43:00+02:00;69878;33;25;60;heavy;1
2025-07-02T18:43:00+02:00;71197_D;12;99;60;congested;1
2025-07-02T18:43:00+02:00;71197_G;7;166;75;congested;2
2025-07-02T18:43:00+02:00;71455_D;50;3;0;unknown;0
2025-07-02T18:43:00+02:00;71492_D;103;2;60;freeFlow;1
2025-07-02T18:43:00+02:00;71492_G;27;7;75;heavy;2
2025-07-02T18:43:00+02:00;71493_D;45;7;48;freeFlow;1
2025-07-02T18:43:00+02:00;71493_G;33;9;35;heavy;1
2025-07-02T18:43:00+02:00;71494;100;1;75;freeFlow;2
2025-07-02T18:43:00+02:00;71496;30;8;60;heavy;1
2025-07-02T18:43:00+02:00;71497;30;3;60;heavy;1
2025-07-02T18:43:00+02:00;71504_D;103;0;60;freeFlow;1
2025-07-02T18:43:00+02:00;71504_G;30;1;60;heavy;1
2025-07-02T18:43:00+02:00;71508_D;103;5;60;freeFlow;1
2025-07-02T18:43:00+02:00;71508_G;27;17;60;heavy;1
2025-07-02T18:43:00+02:00;71509_D;76;13;50;freeFlow;1
2025-07-02T18:43:00+02:00;71509_G;62;16;35;freeFlow;1
2025-07-02T18:43:00+02:00;71554_D;50;5;0;unknown;0
2025-07-02T18:43:00+02:00;71554_G;50;5;0;unknown;0
2025-07-02T18:43:00+02:00;71555_D;11;11;32;congested;1
2025-07-02T18:43:00+02:00;71555_G;50;2;0;unknown;0
2025-07-02T18:43:00+02:00;71661;43;6;100;heavy;3
2025-07-02T18:43:00+02:00;71668;70;9;55;freeFlow;1
2025-07-02T18:43:00+02:00;72425;71;17;100;freeFlow;4
2025-07-02T18:43:00+02:00;72487_D;66;38;50;freeFlow;1
2025-07-02T18:43:00+02:00;72842_D;14;81;69;congested;2
2025-07-02T18:43:00+02:00;72842_G;6;183;75;congested;2
2025-07-02T18:43:00+02:00;72940_D;24;50;66;heavy;2
2025-07-02T18:43:00+02:00;72940_G;37;32;63;freeFlow;2
2025-07-02T18:43:00+02:00;73636;50;3;0;unknown;0
2025-07-02T18:43:00+02:00;74067;35;2;57;heavy;1
2025-07-02T18:43:00+02:00;74454;45;1;60;heavy;1
2025-07-02T18:43:00+02:00;74457_D;45;23;60;heavy;1
2025-07-02T18:43:00+02:00;74457_G;62;16;75;freeFlow;2
2025-07-02T18:43:00+02:00;74459;45;1;60;heavy;1
2025-07-02T18:43:00+02:00;74460;37;1;60;heavy;1
2025-07-02T18:43:00+02:00;74461;37;1;60;heavy;1
2025-07-02T18:43:00+02:00;74688_D;50;18;0;unknown;0
2025-07-02T18:43:00+02:00;74688_G;31;30;60;heavy;1
2025-07-02T18:43:00+02:00;74748_D;7;40;20;congested;1
2025-07-02T18:43:00+02:00;74748_G;80;4;0;unknown;0
2025-07-02T18:43:00+02:00;75340;39;1;40;freeFlow;1
2025-07-02T18:43:00+02:00;75343_D;30;12;0;unknown;0
2025-07-02T18:43:00+02:00;75343_G;30;12;0;unknown;0
2025-07-02T18:43:00+02:00;75344;22;3;40;heavy;1
2025-07-02T18:43:00+02:00;75346;50;1;0;unknown;0
2025-07-02T18:43:00+02:00;75347_D;43;2;40;freeFlow;1
2025-07-02T18:43:00+02:00;75347_G;50;1;0;unknown;0
2025-07-02T18:43:00+02:00;75348;36;1;75;freeFlow;2
2025-07-02T18:43:00+02:00;75353;28;1;75;heavy;2
2025-07-02T18:43:00+02:00;75356_D;50;10;0;unknown;0
2025-07-02T18:43:00+02:00;75356_G;31;17;60;heavy;1
2025-07-02T18:43:00+02:00;75358;18;3;60;heavy;1
2025-07-02T18:43:00+02:00;75359;50;1;0;unknown;0
2025-07-02T18:43:00+02:00;75385;28;2;95;heavy;3
2025-07-02T18:43:00+02:00;75533_D;65;1;48;freeFlow;1
2025-07-02T18:43:00+02:00;75533_G;45;1;38;heavy;1
2025-07-02T18:43:00+02:00;75630;52;30;65;freeFlow;2
2025-07-02T18:43:00+02:00;75810;74;10;60;freeFlow;1
2025-07-02T18:43:00+02:00;75811;82;5;75;freeFlow;2
2025-07-02T18:43:00+02:00;75812;91;5;100;freeFlow;4
2025-07-02T18:43:00+02:00;75813;58;4;100;heavy;3
2025-07-02T18:43:00+02:00;75814;93;2;100;freeFlow;4
2025-07-02T18:43:00+02:00;75815;67;20;100;freeFlow;4
2025-07-02T18:43:00+02:00;75816;48;5;75;freeFlow;2
2025-07-02T18:43:00+02:00;75819_D;52;3;60;freeFlow;1
2025-07-02T18:43:00+02:00;75819_G;47;4;60;freeFlow;1
2025-07-02T18:43:00+02:00;75821;15;20;100;congested;4
2025-07-02T18:43:00+02:00;75823;8;55;100;congested;3
2025-07-02T18:43:00+02:00;75841;52;7;67;freeFlow;2
2025-07-02T18:43:00+02:00;75842;15;26;100;congested;3
2025-07-02T18:43:00+02:00;75855;50;2;100;freeFlow;3
2025-07-02T18:43:00+02:00;75858;29;3;75;heavy;2
2025-07-02T18:43:00+02:00;75859;58;3;75;freeFlow;2
2025-07-02T18:43:00+02:00;75860;31;6;75;heavy;2
2025-07-02T18:43:00+02:00;75861;42;2;75;heavy;2
2025-07-02T18:43:00+02:00;75862;73;2;75;freeFlow;2
2025-07-02T18:43:00+02:00;75863;105;1;60;freeFlow;1
2025-07-02T18:43:00+02:00;75864;71;1;100;freeFlow;3
2025-07-02T18:43:00+02:00;75865;48;3;100;heavy;3
2025-07-02T18:43:00+02:00;75866;94;9;75;freeFlow;2
2025-07-02T18:43:00+02:00;75867;21;54;100;congested;9
2025-07-02T18:43:00+02:00;75869;42;124;100;heavy;14
2025-07-02T18:43:00+02:00;75873_D;33;17;56;freeFlow;2
2025-07-02T18:43:00+02:00;75873_G;30;16;0;unknown;0
2025-07-02T18:43:00+02:00;75874_D;38;11;52;freeFlow;1
2025-07-02T18:43:00+02:00;75874_G;50;8;0;unknown;0
2025-07-02T18:43:00+02:00;75875;55;5;75;freeFlow;2
2025-07-02T18:43:00+02:00;75876;55;9;75;freeFlow;2
2025-07-02T18:43:00+02:00;75877;56;15;48;freeFlow;1
2025-07-02T18:43:00+02:00;75878;74;11;60;freeFlow;1
2025-07-02T18:43:00+02:00;75879;85;3;75;freeFlow;2
2025-07-02T18:43:00+02:00;75880;60;14;60;freeFlow;1
2025-07-02T18:43:00+02:00;75882;89;11;100;freeFlow;3
2025-07-02T18:43:00+02:00;75883;80;5;100;freeFlow;4
2025-07-02T18:43:00+02:00;75884;31;13;100;heavy;4
2025-07-02T18:43:00+02:00;75885;77;3;100;freeFlow;4
2025-07-02T18:43:00+02:00;75886;31;20;100;heavy;4
2025-07-02T18:43:00+02:00;75911;41;7;75;freeFlow;2
2025-07-02T18:43:00+02:00;75912;103;3;70;freeFlow;2
2025-07-02T18:43:00+02:00;76094;33;17;100;heavy;3
2025-07-02T18:43:00+02:00;7864_D;57;63;100;freeFlow;3
2025-07-02T18:43:00+02:00;7864_G;73;50;60;freeFlow;1
2025-07-02T18:43:00+02:00;790_D;52;15;100;freeFlow;3
2025-07-02T18:43:00+02:00;790_G;42;19;60;heavy;1
2025-07-02T18:43:00+02:00;791_D;43;20;100;heavy;6
2025-07-02T18:43:00+02:00;791_G;41;21;60;heavy;1
2025-07-02T18:43:00+02:00;7936;89;8;75;freeFlow;2
2025-07-02T18:43:00+02:00;7937;100;22;75;freeFlow;2
2025-07-02T18:43:00+02:00;7938;85;35;75;freeFlow;2
2025-07-02T18:43:00+02:00;7995_D;55;19;100;heavy;3
2025-07-02T18:43:00+02:00;7995_G;69;14;60;freeFlow;1
2025-07-02T18:43:00+02:00;862_D;34;32;75;heavy;2
2025-07-02T18:43:00+02:00;862_G;49;23;100;heavy;3
2025-07-02T18:43:00+02:00;863_D;34;21;75;heavy;2
2025-07-02T18:43:00+02:00;863_G;58;12;100;freeFlow;3
2025-07-02T18:43:00+02:00;8745;38;5;100;freeFlow;3
2025-07-02T18:43:00+02:00;8962;99;22;100;freeFlow;8
2025-07-02T18:43:00+02:00;8963_D;40;11;100;heavy;5
2025-07-02T18:43:00+02:00;8963_G;22;19;100;heavy;3
2025-07-02T18:43:00+02:00;8966;92;13;100;freeFlow;7
2025-07-02T18:43:00+02:00;8969;88;15;100;freeFlow;11
2025-07-02T18:43:00+02:00;8970;88;17;100;freeFlow;11
2025-07-02T18:43:00+02:00;8971;89;23;100;freeFlow;11
2025-07-02T18:43:00+02:00;8974_D;16;15;75;congested;2
2025-07-02T18:43:00+02:00;8974_G;38;6;75;heavy;2
2025-07-02T18:43:00+02:00;8976_D;28;12;75;heavy;2
2025-07-02T18:43:00+02:00;8976_G;45;8;100;heavy;4
2025-07-02T18:43:00+02:00;8977_D;25;12;75;heavy;2
2025-07-02T18:43:00+02:00;8977_G;40;7;100;heavy;5
2025-07-02T18:43:00+02:00;8978;111;12;100;freeFlow;7
2025-07-02T18:43:00+02:00;9040;67;13;100;freeFlow;3
2025-07-02T18:43:00+02:00;9041;78;2;70;freeFlow;2
2025-07-02T18:43:00+02:00;9042;41;2;100;freeFlow;3
2025-07-02T18:43:00+02:00;9043;33;5;70;heavy;2
2025-07-02T18:43:00+02:00;9044;57;2;50;freeFlow;1
2025-07-02T18:43:00+02:00;9045;50;2;0;unknown;0
2025-07-02T18:43:00+02:00;9046;42;2;100;freeFlow;3
2025-07-02T18:43:00+02:00;9047;40;2;100;freeFlow;3
2025-07-02T18:43:00+02:00;9048;53;10;55;heavy;1
2025-07-02T18:43:00+02:00;9049;46;3;67;freeFlow;2
2025-07-02T18:43:00+02:00;9050;37;2;100;freeFlow;3
2025-07-02T18:43:00+02:00;9051;38;4;100;freeFlow;4
2025-07-02T18:43:00+02:00;9052;50;2;0;unknown;0
2025-07-02T18:43:00+02:00;9053;38;3;100;freeFlow;4
2025-07-02T18:43:00+02:00;9054;57;10;50;freeFlow;1
2025-07-02T18:43:00+02:00;9055;43;14;100;freeFlow;4
2025-07-02T18:43:00+02:00;9057_D;18;29;100;congested;4
2025-07-02T18:43:00+02:00;9057_G;77;7;75;freeFlow;2
2025-07-02T18:43:00+02:00;9058_D;21;65;100;congested;5
2025-07-02T18:43:00+02:00;9058_G;67;20;75;freeFlow;2
2025-07-02T18:43:00+02:00;9059_D;20;31;100;congested;5
2025-07-02T18:43:00+02:00;9059_G;60;10;75;freeFlow;2
2025-07-02T18:43:00+02:00;9060;40;5;92;heavy;3
2025-07-02T18:43:00+02:00;9061;29;5;97;heavy;6
2025-07-02T18:43:00+02:00;9062;37;5;95;heavy;3
2025-07-02T18:43:00+02:00;9063;28;4;92;heavy;5
2025-07-02T18:43:00+02:00;9068_D;39;46;100;heavy;5
2025-07-02T18:43:00+02:00;9068_G;26;68;75;heavy;2
2025-07-02T18:43:00+02:00;9070_D;48;43;100;heavy;3
2025-07-02T18:43:00+02:00;9070_G;63;33;60;freeFlow;1
2025-07-02T18:43:00+02:00;9073;47;9;100;heavy;10
2025-07-02T18:43:00+02:00;9074;78;11;100;freeFlow;5
2025-07-02T18:43:00+02:00;9082_D;62;4;60;freeFlow;1
2025-07-02T18:43:00+02:00;9082_G;80;3;75;freeFlow;2
2025-07-02T18:43:00+02:00;9090_D;20;66;100;congested;3
2025-07-02T18:43:00+02:00;9090_G;63;21;60;freeFlow;1
2025-07-02T18:43:00+02:00;9103;52;27;75;heavy;2
2025-07-02T18:43:00+02:00;9108;58;22;75;heavy;2
2025-07-02T18:43:00+02:00;9114;32;3;75;heavy;2
2025-07-02T18:43:00+02:00;9115;59;25;100;heavy;4
2025-07-02T18:43:00+02:00;9116;74;2;70;freeFlow;2
2025-07-02T18:43:00+02:00;9117;67;8;55;freeFlow;1
2025-07-02T18:43:00+02:00;9133;71;27;100;freeFlow;4
2025-07-02T18:43:00+02:00;9134;68;22;75;freeFlow;2
2025-07-02T18:43:00+02:00;9177;59;33;75;freeFlow;2
2025-07-02T18:43:00+02:00;9190;59;6;60;heavy;1
2025-07-02T18:43:00+02:00;9199;29;2;73;heavy;2
2025-07-02T18:43:00+02:00;9200;90;2;0;unknown;0
2025-07-02T18:43:00+02:00;9201;34;2;57;heavy;1
2025-07-02T18:43:00+02:00;9202;44;3;73;heavy;4
2025-07-02T18:43:00+02:00;9203;30;4;100;heavy;4
2025-07-02T18:43:00+02:00;9204;31;3;100;heavy;4
2025-07-02T18:43:00+02:00;9213;34;81;73;heavy;3
2025-07-02T18:43:00+02:00;9214_D;70;1;0;unknown;0
2025-07-02T18:43:00+02:00;9214_G;37;2;60;heavy;1
2025-07-02T18:43:00+02:00;9215;62;44;100;heavy;4
2025-07-02T18:43:00+02:00;9279;87;24;100;freeFlow;10
2025-07-02T18:43:00+02:00;9280;90;27;100;freeFlow;10
2025-07-02T18:43:00+02:00;9343_D;72;17;45;freeFlow;1
2025-07-02T18:43:00+02:00;9343_G;80;15;0;unknown;0
2025-07-02T18:43:00+02:00;9344_D;37;16;45;freeFlow;1
2025-07-02T18:43:00+02:00;9344_G;30;20;0;unknown;0
2025-07-02T18:43:00+02:00;9345_D;48;17;45;freeFlow;1
2025-07-02T18:43:00+02:00;9345_G;30;28;0;unknown;0
2025-07-02T18:43:00+02:00;9346_D;61;7;48;freeFlow;1
2025-07-02T18:43:00+02:00;9346_G;30;15;0;unknown;0
2025-07-02T18:43:00+02:00;9348_D;64;3;48;freeFlow;1
2025-07-02T18:43:00+02:00;9348_G;30;8;0;unknown;0
2025-07-02T18:43:00+02:00;9351_D;70;17;48;freeFlow;1
2025-07-02T18:43:00+02:00;9351_G;80;14;0;unknown;0
2025-07-02T18:43:00+02:00;9370_D;66;13;45;freeFlow;1
2025-07-02T18:43:00+02:00;9370_G;80;11;0;unknown;0
2025-07-02T18:43:00+02:00;9371_D;59;11;45;freeFlow;1
2025-07-02T18:43:00+02:00;9371_G;80;8;0;unknown;0
2025-07-02T18:43:00+02:00;9378;57;20;100;heavy;11
2025-07-02T18:43:00+02:00;9379;61;18;100;heavy;5
2025-07-02T18:43:00+02:00;9414_D;30;9;0;unknown;0
2025-07-02T18:43:00+02:00;9414_G;13;20;60;heavy;1
2025-07-02T18:43:00+02:00;9416_D;2;99;0;unknown;0
2025-07-02T18:43:00+02:00;9416_G;30;7;0;unknown;0
2025-07-02T18:43:00+02:00;9418_D;30;12;0;unknown;0
2025-07-02T18:43:00+02:00;9418_G;30;12;0;unknown;0
2025-07-02T18:43:00+02:00;9421;57;2;40;freeFlow;1
2025-07-02T18:43:00+02:00;9422;43;2;40;freeFlow;1
2025-07-02T18:43:00+02:00;9423;43;2;40;freeFlow;1
2025-07-02T18:43:00+02:00;9424;43;4;40;freeFlow;1
2025-07-02T18:43:00+02:00;9425_D;30;5;0;unknown;0
2025-07-02T18:43:00+02:00;9425_G;30;4;0;unknown;0
2025-07-02T18:43:00+02:00;9427_D;61;5;40;freeFlow;1
2025-07-02T18:43:00+02:00;9427_G;80;4;0;unknown;0
2025-07-02T18:43:00+02:00;9434_D;67;11;42;freeFlow;1
2025-07-02T18:43:00+02:00;9434_G;80;10;0;unknown;0
2025-07-02T18:43:00+02:00;9435_D;76;14;42;freeFlow;1
2025-07-02T18:43:00+02:00;9435_G;80;13;0;unknown;0
2025-07-02T18:43:00+02:00;9437_D;75;15;42;freeFlow;1
2025-07-02T18:43:00+02:00;9437_G;80;14;0;unknown;0
2025-07-02T18:43:00+02:00;9588_D;62;10;60;freeFlow;1
2025-07-02T18:43:00+02:00;9588_G;80;8;75;freeFlow;2
2025-07-02T18:43:00+02:00;9625_D;45;8;60;heavy;1
2025-07-02T18:43:00+02:00;9625_G;80;5;75;freeFlow;2
2025-07-02T18:43:00+02:00;9739;17;8;75;congested;2
2025-07-02T18:43:00+02:00;9740;16;4;60;congested;1
2025-07-02T18:43:00+02:00;9741;33;2;60;heavy;1
2025-07-02T18:43:00+02:00;9742;27;5;75;heavy;2
2025-07-02T18:43:00+02:00;9745_D;13;10;75;congested;2
2025-07-02T18:43:00+02:00;9745_G;44;6;75;heavy;2
2025-07-02T18:43:00+02:00;9757_D;45;3;60;heavy;1
2025-07-02T18:43:00+02:00;9757_G;33;4;60;heavy;1
2025-07-02T18:43:00+02:00;9758_D;45;7;60;heavy;1
2025-07-02T18:43:00+02:00;9758_G;37;8;60;heavy;1
2025-07-02T18:43:00+02:00;9834_D;61;32;75;freeFlow;2
2025-07-02T18:43:00+02:00;9834_G;66;30;60;freeFlow;1
2025-07-02T18:43:00+02:00;9912;18;9;75;congested;2
2025-07-02T18:43:00+02:00;9913;33;3;60;heavy;1
2025-07-02T18:43:00+02:00;9914;26;4;60;heavy;1
2025-07-02T18:43:00+02:00;9915;24;5;100;heavy;3
2025-07-02T18:43:00+02:00;9916;16;10;100;congested;3
2025-07-02T18:43:00+02:00;9917_D;15;10;100;congested;3
2025-07-02T18:43:00+02:00;9917_G;27;5;75;heavy;2
2025-07-02T18:43:00+02:00;9921_D;40;37;75;heavy;2
2025-07-02T18:43:00+02:00;9921_G;23;65;60;heavy;1
2025-07-02T18:43:00+02:00;1601981;33;5;60;heavy;1
2025-07-02T18:43:00+02:00;1601982;22;42;99;heavy;3
2025-07-02T18:43:00+02:00;1634;53;11;100;heavy;4
2025-07-02T18:43:00+02:00;1635;75;2;60;freeFlow;1
2025-07-02T18:43:00+02:00;1636;82;2;75;freeFlow;2
2025-07-02T18:43:00+02:00;1637;36;3;100;heavy;6
2025-07-02T18:43:00+02:00;1640;46;2;77;heavy;8
2025-07-02T18:43:00+02:00;1641;43;4;100;heavy;4
2025-07-02T18:43:00+02:00;1642;35;2;100;heavy;5
2025-07-02T18:43:00+02:00;1678329;36;17;100;freeFlow;3
2025-07-02T18:43:00+02:00;1680500_D;33;8;98;heavy;3
2025-07-02T18:43:00+02:00;1680500_G;43;6;60;freeFlow;1
2025-07-02T18:43:00+02:00;1680501;64;13;100;freeFlow;6
2025-07-02T18:43:00+02:00;1680580;32;13;75;heavy;2
2025-07-02T18:43:00+02:00;1680586;30;5;100;heavy;3
2025-07-02T18:43:00+02:00;1680594;31;1;100;heavy;3
2025-07-02T18:43:00+02:00;1680595;55;1;60;freeFlow;1
2025-07-02T18:43:00+02:00;1680596;31;1;100;heavy;3
2025-07-02T18:43:00+02:00;1680597;35;1;60;heavy;1
2025-07-02T18:43:00+02:00;1680604;29;3;100;heavy;3
2025-07-02T18:43:00+02:00;1747_D;103;1;60;freeFlow;1
2025-07-02T18:43:00+02:00;1747_G;19;5;60;heavy;1
2025-07-02T18:43:00+02:00;1762;24;21;60;heavy;1
2025-07-02T18:43:00+02:00;1763;81;7;75;freeFlow;2
2025-07-02T18:43:00+02:00;1765_D;103;4;60;freeFlow;1
2025-07-02T18:43:00+02:00;1765_G;29;14;60;heavy;1
2025-07-02T18:43:00+02:00;1852;24;47;100;congested;5
2025-07-02T18:43:00+02:00;1857;87;24;100;freeFlow;4
2025-07-02T18:43:00+02:00;1858;19;48;100;congested;6
2025-07-02T18:43:00+02:00;1859;89;11;60;freeFlow;1
2025-07-02T18:43:00+02:00;1860;19;67;70;congested;2
2025-07-02T18:43:00+02:00;1910718_D;33;4;100;heavy;3
2025-07-02T18:43:00+02:00;1910718_G;20;5;30;heavy;1
2025-07-02T18:43:00+02:00;1910863_D;25;22;60;heavy;1
2025-07-02T18:43:00+02:00;1910863_G;28;20;50;heavy;1
2025-07-02T18:43:00+02:00;1911250;50;5;0;unknown;0
2025-07-02T18:43:00+02:00;35088;41;5;100;heavy;7
2025-07-02T18:43:00+02:00;35089;73;3;100;freeFlow;7
2025-07-02T18:43:00+02:00;35090;66;1;100;freeFlow;3
2025-07-02T18:43:00+02:00;35091;81;1;75;freeFlow;2
2025-07-02T18:43:00+02:00;35093;46;6;100;heavy;3
2025-07-02T18:43:00+02:00;35094;69;4;75;freeFlow;2
2025-07-02T18:43:00+02:00;35099;15;7;55;congested;1
2025-07-02T18:43:00+02:00;35101;20;4;100;congested;5
2025-07-02T18:43:00+02:00;35102;33;2;63;heavy;2
2025-07-02T18:43:00+02:00;35104;47;56;100;heavy;5
2025-07-02T18:43:00+02:00;35116;24;5;100;heavy;4
2025-07-02T18:43:00+02:00;35117;38;4;93;freeFlow;3
2025-07-02T18:43:00+02:00;35118;18;9;70;heavy;2
2025-07-02T18:43:00+02:00;35119;32;6;100;heavy;3
2025-07-02T18:43:00+02:00;35120_D;26;3;60;heavy;1
2025-07-02T18:43:00+02:00;35120_G;28;3;48;heavy;1
2025-07-02T18:43:00+02:00;35121_D;35;59;60;freeFlow;1
2025-07-02T18:43:00+02:00;35121_G;28;74;48;heavy;1
2025-07-02T18:43:00+02:00;40196;76;3;57;freeFlow;1
2025-07-02T18:43:00+02:00;40197;76;3;57;freeFlow;1
2025-07-02T18:43:00+02:00;41636_D;31;5;43;heavy;2
2025-07-02T18:43:00+02:00;41636_G;4;37;53;congested;2
2025-07-02T18:43:00+02:00;41652_G;10;24;53;congested;2
2025-07-02T18:43:00+02:00;41653_D;17;5;25;heavy;1
2025-07-02T18:43:00+02:00;41653_G;1;95;55;congested;2
2025-07-02T18:43:00+02:00;41667_D;17;9;25;heavy;1
2025-07-02T18:43:00+02:00;41667_G;6;21;42;congested;1
2025-07-02T18:43:00+02:00;41668_D;21;3;40;heavy;2
2025-07-02T18:43:00+02:00;41668_G;21;2;48;heavy;1
2025-07-02T18:43:00+02:00;41721;6;169;100;congested;6
2025-07-02T18:43:00+02:00;41722;12;95;100;congested;8
2025-07-02T18:43:00+02:00;41758;25;54;100;congested;14
2025-07-02T18:43:00+02:00;41759;71;20;100;freeFlow;16
2025-07-02T18:43:00+02:00;41760;9;144;100;congested;7
2025-07-02T18:43:00+02:00;41949_D;26;10;100;heavy;3
2025-07-02T18:43:00+02:00;41949_G;4;75;53;congested;2
2025-07-02T18:43:00+02:00;41974_D;19;12;60;heavy;1
2025-07-02T18:43:00+02:00;41974_G;19;12;0;unknown;0
2025-07-02T18:43:00+02:00;41975_D;40;8;75;freeFlow;2
2025-07-02T18:43:00+02:00;41975_G;50;7;0;unknown;0
2025-07-02T18:43:00+02:00;41985_D;11;8;22;congested;1
2025-07-02T18:43:00+02:00;41985_G;21;4;48;heavy;1
2025-07-02T18:43:00+02:00;42064_D;13;16;25;congested;1
2025-07-02T18:43:00+02:00;42064_G;2;85;42;congested;1
2025-07-02T18:43:00+02:00;420870_D;39;6;17;freeFlow;1
2025-07-02T18:43:00+02:00;420870_G;46;5;60;freeFlow;1
2025-07-02T18:43:00+02:00;42206_G;13;72;26;congested;1
2025-07-02T18:43:00+02:00;42238_G;6;58;48;congested;1
2025-07-02T18:43:00+02:00;42239_D;9;31;25;congested;1
2025-07-02T18:43:00+02:00;42239_G;6;50;55;congested;2
2025-07-02T18:43:00+02:00;42240_D;21;35;50;heavy;1
2025-07-02T18:43:00+02:00;42240_G;6;121;31;congested;1
2025-07-02T18:43:00+02:00;42241_D;14;49;100;congested;3
2025-07-02T18:43:00+02:00;42241_G;9;80;68;congested;2
2025-07-02T18:43:00+02:00;42242_D;6;50;60;congested;1
2025-07-02T18:43:00+02:00;42242_G;14;22;65;congested;2
2025-07-02T18:43:00+02:00;42683_D;5;67;48;congested;1
2025-07-02T18:43:00+02:00;42683_G;20;16;63;heavy;2
2025-07-02T18:43:00+02:00;42714_D;42;5;60;freeFlow;1
2025-07-02T18:43:00+02:00;42714_G;50;4;0;unknown;0
2025-07-02T18:43:00+02:00;42716_D;20;4;100;heavy;3
2025-07-02T18:43:00+02:00;42716_G;50;2;0;unknown;0
2025-07-02T18:43:00+02:00;43449_D;25;9;98;freeFlow;3
2025-07-02T18:43:00+02:00;43449_G;10;22;52;heavy;1
2025-07-02T18:43:00+02:00;43450_D;21;15;73;freeFlow;2
2025-07-02T18:43:00+02:00;43450_G;36;8;52;freeFlow;1
2025-07-02T18:43:00+02:00;43451_G;22;21;55;freeFlow;1
2025-07-02T18:43:00+02:00;43452_D;18;9;73;heavy;2
2025-07-02T18:43:00+02:00;43452_G;26;6;55;freeFlow;1
2025-07-02T18:43:00+02:00;43475_D;50;4;0;unknown;0
2025-07-02T18:43:00+02:00;43475_G;50;4;0;unknown;0
2025-07-02T18:43:00+02:00;43622_D;28;3;55;heavy;1
2025-07-02T18:43:00+02:00;43622_G;26;4;60;heavy;1
2025-07-02T18:43:00+02:00;43623_D;13;16;55;congested;1
2025-07-02T18:43:00+02:00;43623_G;26;8;60;heavy;1
2025-07-02T18:43:00+02:00;43624_D;51;5;55;freeFlow;1
2025-07-02T18:43:00+02:00;43624_G;4;52;52;congested;1
2025-07-02T18:43:00+02:00;43625_D;27;14;55;heavy;1
2025-07-02T18:43:00+02:00;43625_G;24;16;72;heavy;2
2025-07-02T18:43:00+02:00;43657_D;19;4;52;heavy;1
2025-07-02T18:43:00+02:00;43657_G;32;3;55;heavy;1
2025-07-02T18:43:00+02:00;43659_D;25;6;57;freeFlow;1
2025-07-02T18:43:00+02:00;43659_G;35;4;55;freeFlow;1
2025-07-02T18:43:00+02:00;44039_D;50;2;0;unknown;0
2025-07-02T18:43:00+02:00;44039_G;50;2;0;unknown;0
2025-07-02T18:43:00+02:00;44040_D;26;17;55;heavy;2
2025-07-02T18:43:00+02:00;44040_G;50;9;0;unknown;0
2025-07-02T18:43:00+02:00;44041_D;31;15;55;heavy;2
2025-07-02T18:43:00+02:00;44041_G;50;9;0;unknown;0
2025-07-02T18:43:00+02:00;44042_D;9;53;57;congested;2
2025-07-02T18:43:00+02:00;44042_G;50;9;0;unknown;0
2025-07-02T18:43:00+02:00;44071_D;17;16;73;heavy;2
2025-07-02T18:43:00+02:00;44071_G;9;34;73;heavy;2
2025-07-02T18:43:00+02:00;44080;21;6;98;heavy;3
2025-07-02T18:43:00+02:00;44113_D;25;11;60;heavy;1
2025-07-02T18:43:00+02:00;44113_G;26;12;15;heavy;1
2025-07-02T18:43:00+02:00;44114_D;25;10;60;heavy;1
2025-07-02T18:43:00+02:00;44114_G;18;14;15;heavy;1
2025-07-02T18:43:00+02:00;44115_D;18;19;60;heavy;1
2025-07-02T18:43:00+02:00;44115_G;30;11;15;heavy;1
2025-07-02T18:43:00+02:00;44117_D;2;129;60;congested;1
2025-07-02T18:43:00+02:00;44117_G;32;8;15;heavy;1
2025-07-02T18:43:00+02:00;44118_D;3;71;60;congested;1
2025-07-02T18:43:00+02:00;44118_G;33;6;12;heavy;1
2025-07-02T18:43:00+02:00;44125_D;9;15;94;congested;3
2025-07-02T18:43:00+02:00;44125_G;6;23;56;congested;2
2025-07-02T18:43:00+02:00;44127;19;15;75;heavy;2
2025-07-02T18:43:00+02:00;44128;47;7;60;freeFlow;1
2025-07-02T18:43:00+02:00;44170_D;5;30;60;congested;1
2025-07-02T18:43:00+02:00;44170_G;30;6;15;heavy;1
2025-07-02T18:43:00+02:00;44713_D;39;1;58;freeFlow;1
2025-07-02T18:43:00+02:00;44713_G;31;1;58;heavy;1
2025-07-02T18:43:00+02:00;44930;60;3;50;freeFlow;1
2025-07-02T18:43:00+02:00;44931;104;6;57;freeFlow;1
2025-07-02T18:43:00+02:00;44934;15;133;100;congested;7
2025-07-02T18:43:00+02:00;45486_G;24;8;60;heavy;1
2025-07-02T18:43:00+02:00;45487_G;24;11;60;heavy;1
2025-07-02T18:43:00+02:00;45488_D;32;21;12;heavy;1
2025-07-02T18:43:00+02:00;45488_G;22;31;60;heavy;1
2025-07-02T18:43:00+02:00;45489_D;39;7;12;freeFlow;1
2025-07-02T18:43:00+02:00;45489_G;38;7;60;freeFlow;1
2025-07-02T18:43:00+02:00;45490_D;38;4;12;freeFlow;1
2025-07-02T18:43:00+02:00;45490_G;39;4;60;freeFlow;1
2025-07-02T18:43:00+02:00;45503_D;26;5;72;heavy;2
2025-07-02T18:43:00+02:00;45503_G;6;22;60;congested;1
2025-07-02T18:43:00+02:00;45504_D;4;43;43;congested;2
2025-07-02T18:43:00+02:00;45504_G;6;25;60;congested;1
2025-07-02T18:43:00+02:00;45505_D;8;44;27;congested;1
2025-07-02T18:43:00+02:00;45505_G;28;12;60;heavy;1
2025-07-02T18:43:00+02:00;45530_D;20;3;20;heavy;1
2025-07-02T18:43:00+02:00;45530_G;16;5;17;heavy;1
2025-07-02T18:43:00+02:00;45531_D;14;4;17;heavy;1
2025-07-02T18:43:00+02:00;45531_G;29;2;17;freeFlow;1
2025-07-02T18:43:00+02:00;45532_D;14;15;17;heavy;1
2025-07-02T18:43:00+02:00;45532_G;29;8;17;freeFlow;1
2025-07-02T18:43:00+02:00;45565_D;8;41;55;congested;1
2025-07-02T18:43:00+02:00;45565_G;31;10;50;heavy;1
2025-07-02T18:43:00+02:00;45566_D;16;17;10;heavy;1
2025-07-02T18:43:00+02:00;45566_G;37;7;50;freeFlow;1
2025-07-02T18:43:00+02:00;45567_D;10;27;12;congested;1
2025-07-02T18:43:00+02:00;45567_G;31;9;50;heavy;1
2025-07-02T18:43:00+02:00;45568_D;11;39;56;congested;2
2025-07-02T18:43:00+02:00;45568_G;7;65;68;congested;2
2025-07-02T18:43:00+02:00;45601_D;38;8;48;freeFlow;1
2025-07-02T18:43:00+02:00;45601_G;26;12;12;heavy;1
2025-07-02T18:43:00+02:00;45613_D;50;6;0;unknown;0
2025-07-02T18:43:00+02:00;45613_G;19;17;60;heavy;1
2025-07-02T18:43:00+02:00;45614_D;31;7;12;heavy;1
2025-07-02T18:43:00+02:00;45614_G;38;6;60;freeFlow;1
2025-07-02T18:43:00+02:00;45636;49;24;73;heavy;2
2025-07-02T18:43:00+02:00;45637;53;21;100;heavy;6
2025-07-02T18:43:00+02:00;45640;104;5;57;freeFlow;1
2025-07-02T18:43:00+02:00;45641;101;12;100;freeFlow;6
2025-07-02T18:43:00+02:00;45642;26;83;100;congested;15
2025-07-02T18:43:00+02:00;45644_D;3;316;42;congested;2
2025-07-02T18:43:00+02:00;45644_G;17;54;75;heavy;2
2025-07-02T18:43:00+02:00;45645_G;42;14;75;freeFlow;2
2025-07-02T18:43:00+02:00;45725;19;167;100;congested;9
2025-07-02T18:43:00+02:00;45736_D;3;144;45;congested;1
2025-07-02T18:43:00+02:00;45736_G;41;11;75;freeFlow;2
2025-07-02T18:43:00+02:00;45759_D;44;9;57;freeFlow;1
2025-07-02T18:43:00+02:00;45759_G;7;57;60;congested;1
2025-07-02T18:43:00+02:00;45760_D;27;11;20;heavy;1
2025-07-02T18:43:00+02:00;45760_G;32;9;60;heavy;1
2025-07-02T18:43:00+02:00;45761_G;34;9;60;heavy;1
2025-07-02T18:43:00+02:00;45762_D;34;7;20;heavy;1
2025-07-02T18:43:00+02:00;45762_G;34;7;60;heavy;1
2025-07-02T18:43:00+02:00;45849_D;31;3;60;heavy;1
2025-07-02T18:43:00+02:00;45849_G;25;4;50;heavy;1
2025-07-02T18:43:00+02:00;45850_D;23;4;60;heavy;1
2025-07-02T18:43:00+02:00;45850_G;24;4;48;heavy;1
2025-07-02T18:43:00+02:00;45865_G;9;38;93;congested;3
2025-07-02T18:43:00+02:00;46027;48;1;60;freeFlow;1
2025-07-02T18:43:00+02:00;46028;11;64;39;congested;1
2025-07-02T18:43:00+02:00;46029;30;6;75;heavy;2
2025-07-02T18:43:00+02:00;46036_D;45;11;55;freeFlow;1
2025-07-02T18:43:00+02:00;46036_G;29;17;52;heavy;1
2025-07-02T18:43:00+02:00;46053_G;21;18;60;heavy;1
2025-07-02T18:43:00+02:00;46054_D;39;5;27;freeFlow;1
2025-07-02T18:43:00+02:00;46054_G;29;6;60;heavy;1
2025-07-02T18:43:00+02:00;46055_D;27;9;27;heavy;1
2025-07-02T18:43:00+02:00;46055_G;34;7;60;heavy;1
2025-07-02T18:43:00+02:00;46056_G;37;3;60;freeFlow;1
2025-07-02T18:43:00+02:00;46057_D;27;7;27;heavy;1
2025-07-02T18:43:00+02:00;46057_G;40;5;60;freeFlow;1
2025-07-02T18:43:00+02:00;46058_D;35;10;27;heavy;1
2025-07-02T18:43:00+02:00;46058_G;40;9;60;freeFlow;1
2025-07-02T18:43:00+02:00;46059_D;31;20;45;heavy;2
2025-07-02T18:43:00+02:00;46059_G;41;15;60;freeFlow;1
2025-07-02T18:43:00+02:00;46079_D;30;10;27;heavy;1
2025-07-02T18:43:00+02:00;46079_G;40;8;60;freeFlow;1
2025-07-02T18:43:00+02:00;46080_D;35;14;52;heavy;1
2025-07-02T18:43:00+02:00;46080_G;31;15;73;heavy;2
2025-07-02T18:43:00+02:00;46081;15;16;100;heavy;3
2025-07-02T18:43:00+02:00;46135;45;7;60;freeFlow;1
2025-07-02T18:43:00+02:00;46136;34;8;69;heavy;2
2025-07-02T18:43:00+02:00;46137;26;18;52;heavy;1
2025-07-02T18:43:00+02:00;46163;20;16;100;heavy;3
2025-07-02T18:43:00+02:00;46228;39;26;100;heavy;3
2025-07-02T18:43:00+02:00;46230;76;19;100;freeFlow;15
2025-07-02T18:43:00+02:00;46251_D;32;5;15;heavy;1
2025-07-02T18:43:00+02:00;46251_G;19;9;60;heavy;1
2025-07-02T18:43:00+02:00;46264;95;17;57;freeFlow;1
2025-07-02T18:43:00+02:00;46265;80;9;100;freeFlow;15
2025-07-02T18:43:00+02:00;46266;67;4;100;freeFlow;16
2025-07-02T18:43:00+02:00;46267;10;76;100;congested;8
2025-07-02T18:43:00+02:00;46268;37;41;100;heavy;5
2025-07-02T18:43:00+02:00;46270_D;13;17;70;congested;2
2025-07-02T18:43:00+02:00;46270_G;22;10;25;heavy;1
2025-07-02T18:43:00+02:00;46271_D;24;11;57;heavy;1
2025-07-02T18:43:00+02:00;46271_G;14;18;48;congested;2
2025-07-02T18:43:00+02:00;46374_D;11;114;70;congested;2
2025-07-02T18:43:00+02:00;46374_G;14;86;75;congested;2
2025-07-02T18:43:00+02:00;46375_D;26;18;72;heavy;2
2025-07-02T18:43:00+02:00;46375_G;28;17;60;heavy;1
2025-07-02T18:43:00+02:00;46376_D;35;19;73;freeFlow;2
2025-07-02T18:43:00+02:00;46376_G;36;19;60;freeFlow;1
2025-07-02T18:43:00+02:00;46377_D;9;45;73;congested;2
2025-07-02T18:43:00+02:00;46377_G;36;11;60;freeFlow;1
2025-07-02T18:43:00+02:00;46427_D;23;16;70;heavy;2
2025-07-02T18:43:00+02:00;46427_G;16;23;60;heavy;1
2025-07-02T18:43:00+02:00;46559_D;28;2;60;heavy;1
2025-07-02T18:43:00+02:00;46559_G;55;1;60;freeFlow;1
2025-07-02T18:43:00+02:00;46560_D;21;18;48;heavy;2
2025-07-02T18:43:00+02:00;46560_G;15;27;40;congested;1
2025-07-02T18:43:00+02:00;46561_D;14;17;48;congested;2
2025-07-02T18:43:00+02:00;46561_G;27;10;35;heavy;1
2025-07-02T18:43:00+02:00;46562_D;49;2;0;unknown;0
2025-07-02T18:43:00+02:00;46562_G;35;3;35;freeFlow;1
2025-07-02T18:43:00+02:00;46563_D;7;60;32;congested;1
2025-07-02T18:43:00+02:00;46563_G;36;12;35;freeFlow;1
2025-07-02T18:43:00+02:00;46564_D;4;52;42;congested;1
2025-07-02T18:43:00+02:00;46564_G;33;6;35;heavy;1
2025-07-02T18:43:00+02:00;46565_D;2;84;45;congested;1
2025-07-02T18:43:00+02:00;46565_G;30;6;35;heavy;1
2025-07-02T18:43:00+02:00;46566_D;6;41;47;congested;2
2025-07-02T18:43:00+02:00;46566_G;19;14;32;heavy;1
2025-07-02T18:43:00+02:00;46567_G;33;3;60;heavy;1
2025-07-02T18:43:00+02:00;46568_D;16;4;72;heavy;2
2025-07-02T18:43:00+02:00;46568_G;3;19;42;congested;1
2025-07-02T18:43:00+02:00;46569_D;3;148;89;congested;4
2025-07-02T18:43:00+02:00;46569_G;20;24;55;heavy;2
2025-07-02T18:43:00+02:00;46627_D;16;34;82;heavy;3
2025-07-02T18:43:00+02:00;46627_G;15;36;40;congested;1
2025-07-02T18:43:00+02:00;46628_D;3;120;60;congested;1
2025-07-02T18:43:00+02:00;46628_G;37;11;35;freeFlow;1
2025-07-02T18:43:00+02:00;46640;21;37;60;heavy;1
2025-07-02T18:43:00+02:00;46641;24;16;60;heavy;1
2025-07-02T18:43:00+02:00;46643;29;6;75;heavy;2
2025-07-02T18:43:00+02:00;46649;34;12;75;heavy;2
2025-07-02T18:43:00+02:00;46653_D;5;132;56;congested;2
2025-07-02T18:43:00+02:00;46653_G;20;31;64;heavy;2
2025-07-02T18:43:00+02:00;46654_D;8;68;52;congested;1
2025-07-02T18:43:00+02:00;46654_G;47;11;52;freeFlow;1
2025-07-02T18:43:00+02:00;46655_D;17;10;55;heavy;1
2025-07-02T18:43:00+02:00;46655_G;20;8;55;heavy;1
2025-07-02T18:43:00+02:00;46682;16;31;60;heavy;1
2025-07-02T18:43:00+02:00;46683;32;2;60;heavy;1
2025-07-02T18:43:00+02:00;46684;39;13;75;freeFlow;2
2025-07-02T18:43:00+02:00;46685;35;30;75;heavy;2
2025-07-02T18:43:00+02:00;46686;33;40;75;heavy;2
2025-07-02T18:43:00+02:00;46688;43;26;65;heavy;3
2025-07-02T18:43:00+02:00;46716;12;7;100;congested;5
2025-07-02T18:43:00+02:00;46717;87;43;88;freeFlow;3
2025-07-02T18:43:00+02:00;46718;21;49;100;congested;6
2025-07-02T18:43:00+02:00;46719;86;9;75;freeFlow;2
2025-07-02T18:43:00+02:00;46720;70;3;0;unknown;0
2025-07-02T18:43:00+02:00;46728;78;5;60;freeFlow;1
2025-07-02T18:43:00+02:00;46745_D;27;22;45;heavy;1
2025-07-02T18:43:00+02:00;46745_G;50;12;0;unknown;0
2025-07-02T18:43:00+02:00;46746_D;21;42;65;heavy;2
2025-07-02T18:43:00+02:00;46746_G;3;268;52;congested;1
2025-07-02T18:43:00+02:00;46975;24;7;52;heavy;1
2025-07-02T18:43:00+02:00;47024;18;9;75;heavy;2
2025-07-02T18:43:00+02:00;47025;17;22;60;heavy;1
2025-07-02T18:43:00+02:00;47030;14;23;60;congested;1
2025-07-02T18:43:00+02:00;47057;68;13;100;freeFlow;9
2025-07-02T18:43:00+02:00;47058;67;28;100;freeFlow;11
2025-07-02T18:43:00+02:00;47059;21;60;100;congested;3
2025-07-02T18:43:00+02:00;47060;23;42;100;congested;5
2025-07-02T18:43:00+02:00;47062;50;17;0;unknown;0
2025-07-02T18:43:00+02:00;47064;33;2;100;heavy;12
2025-07-02T18:43:00+02:00;47066;41;3;100;freeFlow;6
2025-07-02T18:43:00+02:00;47068;45;15;63;heavy;2
2025-07-02T18:43:00+02:00;47070;34;9;100;heavy;12
2025-07-02T18:43:00+02:00;47071;57;15;45;freeFlow;2
2025-07-02T18:43:00+02:00;47074;97;5;100;freeFlow;4
2025-07-02T18:43:00+02:00;47075;69;4;75;freeFlow;2
2025-07-02T18:43:00+02:00;47078;23;106;60;heavy;1
2025-07-02T18:43:00+02:00;47101;51;8;60;freeFlow;1
2025-07-02T18:43:00+02:00;47107;35;14;100;heavy;4
2025-07-02T18:43:00+02:00;47108;44;19;75;heavy;2
2025-07-02T18:43:00+02:00;47109;44;2;100;freeFlow;6
2025-07-02T18:43:00+02:00;47110;33;23;100;heavy;7
2025-07-02T18:43:00+02:00;47111;70;26;100;freeFlow;8
2025-07-02T18:43:00+02:00;47112;10;86;75;congested;7
2025-07-02T18:43:00+02:00;47113;75;8;100;freeFlow;3
2025-07-02T18:43:00+02:00;47114;107;13;60;freeFlow;1
2025-07-02T18:43:00+02:00;47115;55;26;100;freeFlow;9
2025-07-02T18:43:00+02:00;47238;57;10;100;heavy;12
2025-07-02T18:43:00+02:00;47240;82;18;100;freeFlow;5
2025-07-02T18:43:00+02:00;47241;22;46;100;congested;8
2025-07-02T18:43:00+02:00;47242;18;71;100;congested;7
2025-07-02T18:43:00+02:00;47243;34;42;100;heavy;10
2025-07-02T18:43:00+02:00;47290;24;21;100;heavy;4
2025-07-02T18:43:00+02:00;47293;20;26;100;congested;7
2025-07-02T18:43:00+02:00;47299;48;7;100;heavy;4
2025-07-02T18:43:00+02:00;47300;71;17;60;freeFlow;1
2025-07-02T18:43:00+02:00;47306;90;22;100;freeFlow;4
2025-07-02T18:43:00+02:00;47316;27;11;100;heavy;4
2025-07-02T18:43:00+02:00;47428_D;50;5;0;unknown;0
2025-07-02T18:43:00+02:00;47428_G;50;5;0;unknown;0
2025-07-02T18:43:00+02:00;48769_D;24;6;20;heavy;1
2025-07-02T18:43:00+02:00;48769_G;32;4;60;heavy;1
2025-07-02T18:43:00+02:00;48890;31;1;75;heavy;2
2025-07-02T18:43:00+02:00;48891;29;1;20;heavy;1
2025-07-02T18:43:00+02:00;48958_D;46;5;57;freeFlow;1
2025-07-02T18:43:00+02:00;48958_G;21;10;50;heavy;1
2025-07-02T18:43:00+02:00;489866_G;46;4;60;freeFlow;1
2025-07-02T18:43:00+02:00;49004;47;5;60;freeFlow;1
2025-07-02T18:43:00+02:00;490194_D;27;3;100;heavy;3
2025-07-02T18:43:00+02:00;490194_G;4;16;35;congested;1
2025-07-02T18:43:00+02:00;49023;85;7;45;freeFlow;1
2025-07-02T18:43:00+02:00;49068;48;13;60;freeFlow;1
2025-07-02T18:43:00+02:00;49074;105;1;60;freeFlow;1
2025-07-02T18:43:00+02:00;49075;70;2;0;unknown;0
2025-07-02T18:43:00+02:00;49081;74;8;60;freeFlow;1
2025-07-02T18:43:00+02:00;49084;31;14;100;heavy;3
2025-07-02T18:43:00+02:00;49137_D;24;8;40;heavy;1
2025-07-02T18:43:00+02:00;49137_G;50;4;0;unknown;0
2025-07-02T18:43:00+02:00;49184;24;5;70;heavy;2
2025-07-02T18:43:00+02:00;492351_G;23;5;60;heavy;1
2025-07-02T18:43:00+02:00;492359_D;11;24;15;congested;1
2025-07-02T18:43:00+02:00;492363_D;50;9;0;unknown;0
2025-07-02T18:43:00+02:00;492363_G;50;10;0;unknown;0
2025-07-02T18:43:00+02:00;492435;6;68;100;congested;3
2025-07-02T18:43:00+02:00;492445_G;16;40;100;heavy;3
2025-07-02T18:43:00+02:00;492450;28;18;75;heavy;2
2025-07-02T18:43:00+02:00;492452;5;94;100;congested;4
2025-07-02T18:43:00+02:00;492459;56;1;60;freeFlow;1
2025-07-02T18:43:00+02:00;492474;68;3;75;freeFlow;2
2025-07-02T18:43:00+02:00;492475;100;9;75;freeFlow;2
2025-07-02T18:43:00+02:00;492476;15;32;100;congested;4
2025-07-02T18:43:00+02:00;492477;5;21;60;congested;1
2025-07-02T18:43:00+02:00;492479;13;49;75;congested;2
2025-07-02T18:43:00+02:00;492481;8;23;60;congested;1
2025-07-02T18:43:00+02:00;492482;39;4;75;freeFlow;2
2025-07-02T18:43:00+02:00;492483;12;15;100;congested;4
2025-07-02T18:43:00+02:00;492485;56;1;75;freeFlow;2
2025-07-02T18:43:00+02:00;492490;21;16;95;freeFlow;4
2025-07-02T18:43:00+02:00;492495;100;0;75;freeFlow;2
2025-07-02T18:43:00+02:00;492498;20;22;75;heavy;2
2025-07-02T18:43:00+02:00;492506;12;18;75;congested;2
2025-07-02T18:43:00+02:00;492512;8;14;60;congested;1
2025-07-02T18:43:00+02:00;492514;90;1;75;freeFlow;2
2025-07-02T18:43:00+02:00;492519;24;22;74;heavy;2
2025-07-02T18:43:00+02:00;492574;4;42;100;congested;4
2025-07-02T18:43:00+02:00;492576;20;2;75;heavy;2
2025-07-02T18:43:00+02:00;49328_D;18;7;60;heavy;1
2025-07-02T18:43:00+02:00;49328_G;30;4;15;heavy;1
2025-07-02T18:43:00+02:00;49686_D;50;3;0;unknown;0
2025-07-02T18:43:00+02:00;49686_G;50;3;0;unknown;0
2025-07-02T18:43:00+02:00;50079_D;12;20;55;heavy;1
2025-07-02T18:43:00+02:00;50079_G;25;9;52;freeFlow;1
2025-07-02T18:43:00+02:00;50191_D;37;14;45;freeFlow;1
2025-07-02T18:43:00+02:00;50191_G;24;22;15;heavy;1
2025-07-02T18:43:00+02:00;50308_G;34;8;75;heavy;2
2025-07-02T18:43:00+02:00;50355_D;18;16;15;heavy;1
2025-07-02T18:43:00+02:00;50355_G;19;14;60;heavy;1
2025-07-02T18:43:00+02:00;50416_D;26;5;17;heavy;1
2025-07-02T18:43:00+02:00;50416_G;45;3;60;freeFlow;1
2025-07-02T18:43:00+02:00;50475;21;18;60;heavy;1
2025-07-02T18:43:00+02:00;50509;31;14;74;heavy;2
2025-07-02T18:43:00+02:00;50573_D;31;7;73;freeFlow;2
2025-07-02T18:43:00+02:00;50573_G;6;32;65;congested;2
2025-07-02T18:43:00+02:00;51008;36;4;75;freeFlow;2
2025-07-02T18:43:00+02:00;51017;32;4;60;heavy;1
2025-07-02T18:43:00+02:00;51159_D;11;58;73;congested;2
2025-07-02T18:43:00+02:00;51159_G;34;19;60;heavy;1
2025-07-02T18:43:00+02:00;51254_D;6;46;71;congested;2
2025-07-02T18:43:00+02:00;51254_G;7;41;75;congested;2
2025-07-02T18:43:00+02:00;51323_D;38;4;45;freeFlow;1
2025-07-02T18:43:00+02:00;51323_G;13;14;15;congested;1
2025-07-02T18:43:00+02:00;51437_D;20;8;0;unknown;0
2025-07-02T18:43:00+02:00;51437_G;29;4;50;heavy;1
2025-07-02T18:43:00+02:00;51455_D;27;10;55;heavy;1
2025-07-02T18:43:00+02:00;51455_G;29;9;50;heavy;1
2025-07-02T18:43:00+02:00;51797;43;5;32;freeFlow;1
2025-07-02T18:43:00+02:00;52130;50;4;0;unknown;0
2025-07-02T18:43:00+02:00;53329_D;49;4;60;freeFlow;1
2025-07-02T18:43:00+02:00;53329_G;23;7;48;freeFlow;1
2025-07-02T18:43:00+02:00;53336_D;14;28;48;congested;1
2025-07-02T18:43:00+02:00;53336_G;50;8;0;unknown;0
2025-07-02T18:43:00+02:00;53411_D;12;31;72;congested;2
2025-07-02T18:43:00+02:00;53539_G;47;4;60;freeFlow;1
2025-07-02T18:43:00+02:00;53542;44;10;75;heavy;2
2025-07-02T18:43:00+02:00;53543;67;7;20;freeFlow;1
2025-07-02T18:43:00+02:00;53575_D;14;49;75;congested;2
2025-07-02T18:43:00+02:00;53575_G;24;25;60;heavy;2
2025-07-02T18:43:00+02:00;53656;50;2;0;unknown;0
2025-07-02T18:43:00+02:00;53660;50;7;0;unknown;0
2025-07-02T18:43:00+02:00;53663;11;11;27;congested;1
2025-07-02T18:43:00+02:00;53675;20;4;100;congested;4
2025-07-02T18:43:00+02:00;53676;46;3;100;heavy;6
2025-07-02T18:43:00+02:00;53677;48;12;75;heavy;2
2025-07-02T18:43:00+02:00;53678;41;1;75;heavy;2
2025-07-02T18:43:00+02:00;53679;48;2;75;heavy;2
2025-07-02T18:43:00+02:00;53681;82;24;75;freeFlow;2
2025-07-02T18:43:00+02:00;53721;24;3;52;heavy;1
2025-07-02T18:43:00+02:00;53885_D;8;61;100;congested;3
2025-07-02T18:43:00+02:00;53885_G;50;10;0;unknown;0
2025-07-02T18:43:00+02:00;54211;15;41;75;heavy;2
2025-07-02T18:43:00+02:00;54334_D;23;2;57;heavy;1
2025-07-02T18:43:00+02:00;54334_G;29;2;52;heavy;1
2025-07-02T18:43:00+02:00;54337;11;73;75;congested;2
2025-07-02T18:43:00+02:00;54361;94;2;57;freeFlow;1
2025-07-02T18:43:00+02:00;54580_G;12;48;100;congested;3
2025-07-02T18:43:00+02:00;54707;55;8;60;freeFlow;1
2025-07-02T18:43:00+02:00;54709;50;1;0;unknown;0
2025-07-02T18:43:00+02:00;54710;58;4;60;freeFlow;1
2025-07-02T18:43:00+02:00;55397_D;7;10;45;congested;1
2025-07-02T18:43:00+02:00;55397_G;22;3;75;heavy;2
2025-07-02T18:43:00+02:00;55401;36;11;75;freeFlow;2
2025-07-02T18:43:00+02:00;55405;36;2;75;freeFlow;2
2025-07-02T18:43:00+02:00;55406;25;7;98;heavy;3
2025-07-02T18:43:00+02:00;55407;42;3;52;freeFlow;1
2025-07-02T18:43:00+02:00;55408;46;4;52;freeFlow;1
2025-07-02T18:43:00+02:00;55440_D;14;12;17;heavy;1
2025-07-02T18:43:00+02:00;55440_G;15;12;15;heavy;1
2025-07-02T18:43:00+02:00;55443_D;29;3;45;heavy;1
2025-07-02T18:43:00+02:00;55443_G;15;4;15;heavy;1
2025-07-02T18:43:00+02:00;55446;24;3;38;heavy;1
2025-07-02T18:43:00+02:00;55447;25;2;45;heavy;1
2025-07-02T18:43:00+02:00;55448;27;2;60;heavy;2
2025-07-02T18:43:00+02:00;55449;24;3;60;heavy;2
2025-07-02T18:43:00+02:00;55516;50;2;0;unknown;0
2025-07-02T18:43:00+02:00;55669;48;4;60;freeFlow;1
2025-07-02T18:43:00+02:00;55671;50;7;0;unknown;0
2025-07-02T18:43:00+02:00;55696;26;28;17;heavy;1
2025-07-02T18:43:00+02:00;55698;40;11;17;freeFlow;1
2025-07-02T18:43:00+02:00;55700;40;10;17;freeFlow;1
2025-07-02T18:43:00+02:00;55703;29;4;20;heavy;1
2025-07-02T18:43:00+02:00;55706;50;1;0;unknown;0
2025-07-02T18:43:00+02:00;55707;31;11;75;heavy;2
2025-07-02T18:43:00+02:00;55708;28;5;75;heavy;2
2025-07-02T18:43:00+02:00;55710;28;24;75;heavy;2
2025-07-02T18:43:00+02:00;55711;29;2;20;heavy;1
2025-07-02T18:43:00+02:00;55713;37;18;35;freeFlow;1
2025-07-02T18:43:00+02:00;55781_D;35;3;52;heavy;1
2025-07-02T18:43:00+02:00;55781_G;42;3;60;freeFlow;1
2025-07-02T18:43:00+02:00;55800;33;9;69;heavy;2
2025-07-02T18:43:00+02:00;55801;28;5;100;heavy;3
2025-07-02T18:43:00+02:00;55805;18;13;60;heavy;1
2025-07-02T18:43:00+02:00;55806;36;14;74;freeFlow;2
2025-07-02T18:43:00+02:00;55811;40;8;75;freeFlow;2
2025-07-02T18:43:00+02:00;55814;36;3;75;freeFlow;2
2025-07-02T18:43:00+02:00;55815;22;1;100;heavy;3
2025-07-02T18:43:00+02:00;55820;24;2;60;heavy;1
2025-07-02T18:43:00+02:00;55821;24;5;100;heavy;4
2025-07-02T18:43:00+02:00;55822;26;4;100;heavy;4
2025-07-02T18:43:00+02:00;55823;13;4;32;congested;1
2025-07-02T18:43:00+02:00;55824;29;2;60;heavy;1
2025-07-02T18:43:00+02:00;55827;44;2;100;heavy;4
2025-07-02T18:43:00+02:00;55830;56;2;75;freeFlow;2
2025-07-02T18:43:00+02:00;55841;40;11;60;freeFlow;1
2025-07-02T18:43:00+02:00;55843;50;1;0;unknown;0
2025-07-02T18:43:00+02:00;55879;41;2;60;freeFlow;1
2025-07-02T18:43:00+02:00;55883;40;2;99;freeFlow;3
2025-07-02T18:43:00+02:00;55887;50;11;0;unknown;0
2025-07-02T18:43:00+02:00;55888;29;20;75;heavy;2
2025-07-02T18:43:00+02:00;55889;11;8;60;congested;1
2025-07-02T18:43:00+02:00;55890;22;4;60;heavy;1
2025-07-02T18:43:00+02:00;55894;10;7;75;congested;2
2025-07-02T18:43:00+02:00;55896;35;2;60;heavy;1
2025-07-02T18:43:00+02:00;55898;10;57;68;congested;2
2025-07-02T18:43:00+02:00;55899;36;10;32;freeFlow;1
2025-07-02T18:43:00+02:00;55926_D;29;8;59;heavy;1
2025-07-02T18:43:00+02:00;55926_G;22;11;40;heavy;2
2025-07-02T18:43:00+02:00;55932;27;2;25;heavy;1
2025-07-02T18:43:00+02:00;55933;30;4;60;heavy;1
2025-07-02T18:43:00+02:00;55958;41;2;58;freeFlow;2
2025-07-02T18:43:00+02:00;55959;18;4;52;heavy;1
2025-07-02T18:43:00+02:00;55974;13;3;32;congested;1
2025-07-02T18:43:00+02:00;55975;32;3;100;heavy;12
2025-07-02T18:43:00+02:00;55977;31;5;100;heavy;11
2025-07-02T18:43:00+02:00;55978;51;2;60;freeFlow;1
2025-07-02T18:43:00+02:00;55980;10;28;100;congested;3
2025-07-02T18:43:00+02:00;55981;51;5;60;freeFlow;1
2025-07-02T18:43:00+02:00;56019;32;2;100;heavy;3
2025-07-02T18:43:00+02:00;56020;27;2;25;heavy;1
2025-07-02T18:43:00+02:00;56113;50;5;0;unknown;0
2025-07-02T18:43:00+02:00;56115;18;11;57;heavy;1
2025-07-02T18:43:00+02:00;56117;11;25;40;congested;1
2025-07-02T18:43:00+02:00;56118;24;2;52;heavy;1
2025-07-02T18:43:00+02:00;56124;50;1;0;unknown;0
2025-07-02T18:43:00+02:00;56125;24;3;52;heavy;1
2025-07-02T18:43:00+02:00;56126;18;8;57;heavy;1
2025-07-02T18:43:00+02:00;56128;24;3;52;heavy;1
2025-07-02T18:43:00+02:00;56157_D;37;11;35;freeFlow;1
2025-07-02T18:43:00+02:00;56157_G;30;13;0;unknown;0
2025-07-02T18:43:00+02:00;56165_D;37;1;35;freeFlow;1
2025-07-02T18:43:00+02:00;56165_G;30;2;0;unknown;0
2025-07-02T18:43:00+02:00;56170;37;1;35;freeFlow;1
2025-07-02T18:43:00+02:00;56174;50;5;0;unknown;0
2025-07-02T18:43:00+02:00;56175;30;7;74;heavy;2
2025-07-02T18:43:00+02:00;56179;50;2;0;unknown;0
2025-07-02T18:43:00+02:00;56180;50;1;0;unknown;0
2025-07-02T18:43:00+02:00;56181;30;3;60;heavy;1
2025-07-02T18:43:00+02:00;56182;36;2;60;freeFlow;1
2025-07-02T18:43:00+02:00;56183;37;2;35;freeFlow;1
2025-07-02T18:43:00+02:00;56218_D;50;3;0;unknown;0
2025-07-02T18:43:00+02:00;56218_G;50;3;0;unknown;0
2025-07-02T18:43:00+02:00;56223;50;1;0;unknown;0
2025-07-02T18:43:00+02:00;56224;14;27;57;congested;1
2025-07-02T18:43:00+02:00;56225;50;7;0;unknown;0
2025-07-02T18:43:00+02:00;56229;50;3;0;unknown;0
2025-07-02T18:43:00+02:00;56231;50;2;0;unknown;0
2025-07-02T18:43:00+02:00;56232;20;3;57;heavy;1
2025-07-02T18:43:00+02:00;56233;50;9;0;unknown;0
2025-07-02T18:43:00+02:00;56237;50;9;0;unknown;0
2025-07-02T18:43:00+02:00;56239;30;3;0;unknown;0
2025-07-02T18:43:00+02:00;56247;37;1;32;freeFlow;1
2025-07-02T18:43:00+02:00;56250;30;21;0;unknown;0
2025-07-02T18:43:00+02:00;56251;23;28;50;freeFlow;1
2025-07-02T18:43:00+02:00;56254;33;1;30;freeFlow;1
2025-07-02T18:43:00+02:00;56255;20;3;62;heavy;2
2025-07-02T18:43:00+02:00;56256;31;1;32;freeFlow;1
2025-07-02T18:43:00+02:00;56258;30;5;0;unknown;0
2025-07-02T18:43:00+02:00;56260;25;3;50;freeFlow;1
2025-07-02T18:43:00+02:00;56261;30;2;0;unknown;0
2025-07-02T18:43:00+02:00;56263;30;13;0;unknown;0
2025-07-02T18:43:00+02:00;56264;21;19;50;heavy;1
2025-07-02T18:43:00+02:00;56298;30;1;0;unknown;0
2025-07-02T18:43:00+02:00;56300;33;1;30;freeFlow;1
2025-07-02T18:43:00+02:00;56333;25;4;100;heavy;3
2025-07-02T18:43:00+02:00;565804_D;7;66;48;congested;1
2025-07-02T18:43:00+02:00;565804_G;12;34;12;congested;1
2025-07-02T18:43:00+02:00;565852;68;2;70;freeFlow;2
2025-07-02T18:43:00+02:00;565853;62;16;60;heavy;1
2025-07-02T18:43:00+02:00;566240;50;2;0;unknown;0
2025-07-02T18:43:00+02:00;566445_D;37;2;35;freeFlow;1
2025-07-02T18:43:00+02:00;566445_G;30;3;0;unknown;0
2025-07-02T18:43:00+02:00;566456_D;37;18;35;freeFlow;1
2025-07-02T18:43:00+02:00;566456_G;30;22;0;unknown;0
2025-07-02T18:43:00+02:00;566457;50;1;0;unknown;0
2025-07-02T18:43:00+02:00;566465_D;37;8;35;freeFlow;1
2025-07-02T18:43:00+02:00;566465_G;30;10;0;unknown;0
2025-07-02T18:43:00+02:00;56675_D;24;6;20;heavy;1
2025-07-02T18:43:00+02:00;56675_G;32;5;60;heavy;1
2025-07-02T18:43:00+02:00;566941;35;3;60;heavy;1
2025-07-02T18:43:00+02:00;56871_D;50;3;0;unknown;0
2025-07-02T18:43:00+02:00;56871_G;50;3;0;unknown;0
2025-07-02T18:43:00+02:00;56908_D;37;10;0;unknown;0
2025-07-02T18:43:00+02:00;56908_G;13;30;75;congested;2
2025-07-02T18:43:00+02:00;56925;22;160;100;congested;10
2025-07-02T18:43:00+02:00;56944_D;13;23;60;heavy;1
2025-07-02T18:43:00+02:00;56944_G;22;14;17;freeFlow;1
2025-07-02T18:43:00+02:00;56945_D;10;23;60;heavy;1
2025-07-02T18:43:00+02:00;56945_G;29;7;17;freeFlow;1
2025-07-02T18:43:00+02:00;57082_G;31;9;48;freeFlow;1
2025-07-02T18:43:00+02:00;57083_D;53;8;60;freeFlow;1
2025-07-02T18:43:00+02:00;57083_G;33;14;46;freeFlow;1
2025-07-02T18:43:00+02:00;59724;9;17;60;congested;1
2025-07-02T18:43:00+02:00;59750_D;40;6;48;freeFlow;2
2025-07-02T18:43:00+02:00;59750_G;26;8;60;heavy;1
2025-07-02T18:43:00+02:00;59835_D;17;13;60;heavy;1
2025-07-02T18:43:00+02:00;59835_G;41;5;50;freeFlow;1
2025-07-02T18:43:00+02:00;59836;50;2;0;unknown;0
2025-07-02T18:43:00+02:00;59837;24;2;52;heavy;1
2025-07-02T18:43:00+02:00;59838;41;3;50;freeFlow;1
2025-07-02T18:43:00+02:00;62559_D;35;9;52;heavy;1
2025-07-02T18:43:00+02:00;62559_G;37;8;88;freeFlow;3
2025-07-02T18:43:00+02:00;62560;13;20;72;congested;4
2025-07-02T18:43:00+02:00;62565_D;35;2;52;heavy;1
2025-07-02T18:43:00+02:00;62565_G;33;2;38;heavy;1
2025-07-02T18:43:00+02:00;62831_D;24;2;20;heavy;1
2025-07-02T18:43:00+02:00;62831_G;34;1;60;heavy;1
2025-07-02T18:43:00+02:00;62832_D;24;2;20;heavy;1
2025-07-02T18:43:00+02:00;62832_G;34;2;60;heavy;1
2025-07-02T18:43:00+02:00;63045_D;36;4;57;freeFlow;1
2025-07-02T18:43:00+02:00;63045_G;32;5;55;freeFlow;1
2025-07-02T18:43:00+02:00;63053_D;14;16;20;congested;1
2025-07-02T18:43:00+02:00;63053_G;14;15;20;congested;1
2025-07-02T18:43:00+02:00;63899;78;22;100;freeFlow;5
2025-07-02T18:43:00+02:00;63934;24;3;60;heavy;1
2025-07-02T18:43:00+02:00;63935;36;11;74;freeFlow;2
2025-07-02T18:43:00+02:00;63936;38;14;75;freeFlow;2
2025-07-02T18:43:00+02:00;63939;49;12;68;freeFlow;2
2025-07-02T18:43:00+02:00;63940;27;3;100;heavy;4
2025-07-02T18:43:00+02:00;63941;36;1;100;freeFlow;3
2025-07-02T18:43:00+02:00;63942;42;1;60;freeFlow;1
2025-07-02T18:43:00+02:00;63943;52;2;74;freeFlow;2
2025-07-02T18:43:00+02:00;63944;30;5;60;heavy;1
2025-07-02T18:43:00+02:00;63947;28;4;68;heavy;2
2025-07-02T18:43:00+02:00;63950;28;1;68;heavy;2
2025-07-02T18:43:00+02:00;63951;34;2;68;heavy;2
2025-07-02T18:43:00+02:00;63952;17;1;73;heavy;2
2025-07-02T18:43:00+02:00;63953;31;2;73;heavy;2
2025-07-02T18:43:00+02:00;63970;50;19;75;freeFlow;2
2025-07-02T18:43:00+02:00;63973;21;6;75;heavy;2
2025-07-02T18:43:00+02:00;64032;52;19;60;freeFlow;1
2025-07-02T18:43:00+02:00;64061_D;22;14;22;freeFlow;1
2025-07-02T18:43:00+02:00;64061_G;3;99;45;congested;1
2025-07-02T18:43:00+02:00;64637_D;103;4;60;freeFlow;1
2025-07-02T18:43:00+02:00;64637_G;4;110;60;congested;1
2025-07-02T18:43:00+02:00;65310;50;6;0;unknown;0
2025-07-02T18:43:00+02:00;65313;24;13;15;heavy;1
2025-07-02T18:43:00+02:00;65682;42;28;60;freeFlow;1
2025-07-02T18:43:00+02:00;66421;50;2;0;unknown;0
2025-07-02T18:43:00+02:00;66442;50;4;0;unknown;0
2025-07-02T18:43:00+02:00;66782;54;7;52;freeFlow;1
2025-07-02T18:43:00+02:00;67066;17;18;60;heavy;1
2025-07-02T18:43:00+02:00;67097_D;53;6;60;freeFlow;1
2025-07-02T18:43:00+02:00;67097_G;10;35;48;heavy;1
2025-07-02T18:43:00+02:00;69381_D;24;12;20;heavy;1
2025-07-02T18:43:00+02:00;69381_G;34;9;60;heavy;1
2025-07-02T18:43:00+02:00;72487_G;80;31;0;unknown;0
2025-07-02T18:43:00+02:00;72614;50;2;0;unknown;0
2025-07-02T18:43:00+02:00;72621;17;21;60;heavy;1
2025-07-02T18:43:00+02:00;72624;40;9;60;freeFlow;1
2025-07-02T18:43:00+02:00;72628;48;0;60;freeFlow;1
2025-07-02T18:43:00+02:00;74283_D;30;25;100;heavy;3
2025-07-02T18:43:00+02:00;74283_G;8;92;32;congested;1
2025-07-02T18:43:00+02:00;75387;22;3;75;heavy;2
2025-07-02T18:43:00+02:00;75631;39;8;50;heavy;1
2025-07-02T18:43:00+02:00;75818_D;48;3;60;freeFlow;1
2025-07-02T18:43:00+02:00;75818_G;46;2;60;freeFlow;1
2025-07-02T18:43:00+02:00;75820;29;66;100;heavy;15
2025-07-02T18:43:00+02:00;75824;20;23;75;heavy;2
2025-07-02T18:43:00+02:00;75825;17;26;75;congested;2
2025-07-02T18:43:00+02:00;75828;70;11;70;freeFlow;2
2025-07-02T18:43:00+02:00;75829;16;42;65;congested;2
2025-07-02T18:43:00+02:00;75832;44;3;100;freeFlow;6
2025-07-02T18:43:00+02:00;75833;38;5;100;freeFlow;10
2025-07-02T18:43:00+02:00;75835;41;3;100;freeFlow;10
2025-07-02T18:43:00+02:00;75836;65;15;100;freeFlow;4
2025-07-02T18:43:00+02:00;75837;51;8;100;freeFlow;6
2025-07-02T18:43:00+02:00;75838;51;5;100;freeFlow;10
2025-07-02T18:43:00+02:00;75839;36;5;75;freeFlow;2
2025-07-02T18:43:00+02:00;75840;52;4;52;freeFlow;1
2025-07-02T18:43:00+02:00;75845;45;3;100;heavy;4
2025-07-02T18:43:00+02:00;75846;48;6;75;heavy;2
2025-07-02T18:43:00+02:00;75847;43;14;100;heavy;3
2025-07-02T18:43:00+02:00;75848;10;23;51;congested;2
2025-07-02T18:43:00+02:00;75849;15;16;53;congested;2
2025-07-02T18:43:00+02:00;75850;28;7;55;heavy;2
2025-07-02T18:43:00+02:00;75851;5;35;45;congested;1
2025-07-02T18:43:00+02:00;75853;94;1;75;freeFlow;2
2025-07-02T18:43:00+02:00;75854;93;2;75;freeFlow;2
2025-07-02T18:43:00+02:00;75856;50;2;100;freeFlow;3
2025-07-02T18:43:00+02:00;75897;78;12;57;freeFlow;1
2025-07-02T18:43:00+02:00;9128;37;75;100;heavy;5
2025-07-02T18:43:00+02:00;9130;24;32;100;heavy;8
2025-07-02T18:43:00+02:00;9131;55;12;100;heavy;6
2025-07-02T18:43:00+02:00;9132;59;36;100;heavy;16
2025-07-02T18:43:00+02:00;9146;38;9;100;heavy;4
2025-07-02T18:43:00+02:00;9178;40;30;98;heavy;3
2025-07-02T18:43:00+02:00;9179;29;62;100;heavy;6
2025-07-02T18:43:00+02:00;9180;80;23;100;freeFlow;15
2025-07-02T18:43:00+02:00;9181;67;14;70;freeFlow;2
2025-07-02T18:43:00+02:00;9182;22;10;73;heavy;2
2025-07-02T18:43:00+02:00;9183;11;39;68;congested;2
2025-07-02T18:43:00+02:00;9184;57;11;60;heavy;1
2025-07-02T18:43:00+02:00;9245;73;98;100;heavy;13
2025-07-02T18:43:00+02:00;9246;105;113;100;freeFlow;8
2025-07-02T18:43:00+02:00;9380_D;33;56;60;heavy;1
2025-07-02T18:43:00+02:00;9380_G;47;39;50;heavy;1
2025-07-02T18:43:00+02:00;9389;35;3;60;heavy;1
2025-07-02T18:43:00+02:00;9390;35;3;50;heavy;1
2025-07-02T18:43:00+02:00;9391;35;2;60;heavy;1
2025-07-02T18:43:00+02:00;9392;35;3;60;heavy;1
2025-07-02T18:43:00+02:00;1677832;10;32;60;congested;1
2025-07-02T18:43:00+02:00;1679085_D;50;2;0;unknown;0
2025-07-02T18:43:00+02:00;1679085_G;36;3;75;freeFlow;2
2025-07-02T18:43:00+02:00;1679794;18;3;75;heavy;2
2025-07-02T18:43:00+02:00;1679795_G;18;4;75;heavy;2
2025-07-02T18:43:00+02:00;1679796;20;2;75;heavy;2
2025-07-02T18:43:00+02:00;1679797_D;50;6;0;unknown;0
2025-07-02T18:43:00+02:00;1679797_G;50;6;0;unknown;0
2025-07-02T18:43:00+02:00;1679798;24;3;75;heavy;2
2025-07-02T18:43:00+02:00;1679800;50;2;0;unknown;0
2025-07-02T18:43:00+02:00;1680335;16;19;70;heavy;2
2025-07-02T18:43:00+02:00;1680340;9;12;60;congested;1
2025-07-02T18:43:00+02:00;213972_D;50;6;0;unknown;0
2025-07-02T18:43:00+02:00;213972_G;39;7;52;freeFlow;1
2025-07-02T18:43:00+02:00;213973_D;50;8;0;unknown;0
2025-07-02T18:43:00+02:00;213973_G;34;11;55;heavy;1
2025-07-02T18:43:00+02:00;213974_D;50;4;0;unknown;0
2025-07-02T18:43:00+02:00;213974_G;41;5;52;freeFlow;1
2025-07-02T18:43:00+02:00;26521;112;49;75;freeFlow;2
2025-07-02T18:43:00+02:00;26522;84;40;100;freeFlow;5
2025-07-02T18:43:00+02:00;31304_G;33;34;100;heavy;3
2025-07-02T18:43:00+02:00;31328;74;12;75;freeFlow;2
2025-07-02T18:43:00+02:00;31441;99;34;25;freeFlow;1
2025-07-02T18:43:00+02:00;31535;63;12;100;freeFlow;4
2025-07-02T18:43:00+02:00;31552;87;8;75;freeFlow;2
2025-07-02T18:43:00+02:00;31555;66;13;100;freeFlow;4
2025-07-02T18:43:00+02:00;43014_D;4;50;73;congested;2
2025-07-02T18:43:00+02:00;43014_G;20;10;60;heavy;1
2025-07-02T18:43:00+02:00;43105_D;24;11;60;heavy;1
2025-07-02T18:43:00+02:00;43105_G;24;11;60;heavy;1
2025-07-02T18:43:00+02:00;43118_D;4;140;100;congested;3
2025-07-02T18:43:00+02:00;43118_G;7;83;55;congested;1
2025-07-02T18:43:00+02:00;43124_D;2;194;75;congested;2
2025-07-02T18:43:00+02:00;43124_G;12;32;60;heavy;1
2025-07-02T18:43:00+02:00;43125_D;4;61;75;congested;2
2025-07-02T18:43:00+02:00;43125_G;10;26;60;heavy;1
2025-07-02T18:43:00+02:00;43126_D;5;106;98;congested;3
2025-07-02T18:43:00+02:00;43126_G;6;81;60;congested;1
2025-07-02T18:43:00+02:00;43147_D;8;34;75;congested;2
2025-07-02T18:43:00+02:00;43147_G;8;33;60;congested;1
2025-07-02T18:43:00+02:00;43336_D;28;10;32;heavy;1
2025-07-02T18:43:00+02:00;43336_G;50;6;45;freeFlow;1
2025-07-02T18:43:00+02:00;43337_D;4;108;37;congested;1
2025-07-02T18:43:00+02:00;43337_G;50;8;0;unknown;0
2025-07-02T18:43:00+02:00;43338_D;50;4;0;unknown;0
2025-07-02T18:43:00+02:00;43338_G;58;3;48;freeFlow;1
2025-07-02T18:43:00+02:00;43339_D;34;7;32;heavy;1
2025-07-02T18:43:00+02:00;43339_G;59;4;45;freeFlow;1
2025-07-02T18:43:00+02:00;43340_D;21;2;32;heavy;1
2025-07-02T18:43:00+02:00;43340_G;59;1;45;freeFlow;1
2025-07-02T18:43:00+02:00;43341_D;21;9;32;heavy;1
2025-07-02T18:43:00+02:00;43341_G;59;3;45;freeFlow;1
2025-07-02T18:43:00+02:00;43342_D;21;5;32;heavy;1
2025-07-02T18:43:00+02:00;43342_G;59;2;45;freeFlow;1
2025-07-02T18:43:00+02:00;43343_D;21;17;32;heavy;1
2025-07-02T18:43:00+02:00;43343_G;58;6;48;freeFlow;1
2025-07-02T18:43:00+02:00;43345_D;36;8;60;freeFlow;1
2025-07-02T18:43:00+02:00;43345_G;19;16;55;heavy;1
2025-07-02T18:43:00+02:00;43347_D;30;5;60;freeFlow;1
2025-07-02T18:43:00+02:00;43347_G;22;6;52;freeFlow;1
2025-07-02T18:43:00+02:00;43352_D;37;13;57;freeFlow;1
2025-07-02T18:43:00+02:00;43353_D;20;14;57;heavy;1
2025-07-02T18:43:00+02:00;43353_G;29;10;57;freeFlow;1
2025-07-02T18:43:00+02:00;43377_D;3;143;35;congested;1
2025-07-02T18:43:00+02:00;43377_G;20;24;45;heavy;1
2025-07-02T18:43:00+02:00;43379_D;36;6;60;freeFlow;1
2025-07-02T18:43:00+02:00;43379_G;34;7;52;freeFlow;1
2025-07-02T18:43:00+02:00;43413_D;25;7;60;freeFlow;1
2025-07-02T18:43:00+02:00;43413_G;5;33;55;congested;1
2025-07-02T18:43:00+02:00;43474_D;30;5;0;unknown;0
2025-07-02T18:43:00+02:00;43474_G;29;5;75;heavy;2
2025-07-02T18:43:00+02:00;43615_D;30;2;0;unknown;0
2025-07-02T18:43:00+02:00;43615_G;15;4;75;heavy;2
2025-07-02T18:43:00+02:00;43743_D;26;49;50;heavy;1
2025-07-02T18:43:00+02:00;43746;19;11;50;heavy;1
2025-07-02T18:43:00+02:00;43747;14;31;50;heavy;1
2025-07-02T18:43:00+02:00;43751;39;15;60;freeFlow;1
2025-07-02T18:43:00+02:00;43774_D;3;58;99;congested;3
2025-07-02T18:43:00+02:00;43774_G;19;10;73;heavy;2
2025-07-02T18:43:00+02:00;43775_D;14;28;95;congested;3
2025-07-02T18:43:00+02:00;43775_G;21;18;75;heavy;2
2025-07-02T18:43:00+02:00;43826_D;21;13;73;heavy;2
2025-07-02T18:43:00+02:00;43826_G;9;29;60;congested;1
2025-07-02T18:43:00+02:00;43971;15;45;75;congested;2
2025-07-02T18:43:00+02:00;43973;25;10;100;heavy;3
2025-07-02T18:43:00+02:00;44003_G;94;4;57;freeFlow;1
2025-07-02T18:43:00+02:00;44004_D;30;37;0;unknown;0
2025-07-02T18:43:00+02:00;44004_G;94;12;57;freeFlow;1
2025-07-02T18:43:00+02:00;44017_G;30;5;60;heavy;1
2025-07-02T18:43:00+02:00;44018_G;50;12;60;freeFlow;1
2025-07-02T18:43:00+02:00;44037_D;50;3;0;unknown;0
2025-07-02T18:43:00+02:00;44037_G;36;5;75;freeFlow;2
2025-07-02T18:43:00+02:00;44851_D;50;11;0;unknown;0
2025-07-02T18:43:00+02:00;44851_G;15;38;57;congested;1
2025-07-02T18:43:00+02:00;44852_D;50;9;0;unknown;0
2025-07-02T18:43:00+02:00;44852_G;34;14;55;heavy;1
2025-07-02T18:43:00+02:00;44854_D;17;4;0;unknown;0
2025-07-02T18:43:00+02:00;44854_G;34;2;55;heavy;1
2025-07-02T18:43:00+02:00;44855_D;41;9;0;unknown;0
2025-07-02T18:43:00+02:00;44855_G;23;16;55;heavy;1
2025-07-02T18:43:00+02:00;44879;40;33;60;heavy;1
2025-07-02T18:43:00+02:00;44897_D;50;5;0;unknown;0
2025-07-02T18:43:00+02:00;44897_G;13;18;55;congested;1
2025-07-02T18:43:00+02:00;44901;94;16;57;freeFlow;1
2025-07-02T18:43:00+02:00;44939;23;181;100;congested;12
2025-07-02T18:43:00+02:00;45135_D;32;2;75;heavy;2
2025-07-02T18:43:00+02:00;45135_G;24;3;42;heavy;1
2025-07-02T18:43:00+02:00;45136_G;31;26;40;heavy;1
2025-07-02T18:43:00+02:00;45137_D;43;2;75;freeFlow;2
2025-07-02T18:43:00+02:00;45137_G;33;2;40;heavy;1
2025-07-02T18:43:00+02:00;45146;31;14;99;heavy;4
2025-07-02T18:43:00+02:00;45147_D;46;1;60;freeFlow;1
2025-07-02T18:43:00+02:00;45147_G;103;0;70;freeFlow;2
2025-07-02T18:43:00+02:00;45153;39;10;75;freeFlow;2
2025-07-02T18:43:00+02:00;45155;44;17;99;freeFlow;3
2025-07-02T18:43:00+02:00;45213;13;36;75;congested;2
2025-07-02T18:43:00+02:00;45214;60;4;100;freeFlow;3
2025-07-02T18:43:00+02:00;45232;21;81;57;heavy;1
2025-07-02T18:43:00+02:00;45233;50;2;0;unknown;0
2025-07-02T18:43:00+02:00;45236_D;38;17;52;freeFlow;1
2025-07-02T18:43:00+02:00;45242;25;47;100;congested;12
2025-07-02T18:43:00+02:00;45246;95;27;100;freeFlow;5
2025-07-02T18:43:00+02:00;45247;70;14;0;unknown;0
2025-07-02T18:43:00+02:00;47742_G;19;11;60;heavy;1
2025-07-02T18:43:00+02:00;47744;27;74;75;heavy;2
2025-07-02T18:43:00+02:00;48725;17;5;57;heavy;1
2025-07-02T18:43:00+02:00;48736;20;3;57;heavy;1
2025-07-02T18:43:00+02:00;48738;20;3;57;heavy;1
2025-07-02T18:43:00+02:00;48746;20;19;57;heavy;1
2025-07-02T18:43:00+02:00;48751;23;3;55;heavy;1
2025-07-02T18:43:00+02:00;48752;23;3;55;heavy;1
2025-07-02T18:43:00+02:00;48753;50;2;0;unknown;0
2025-07-02T18:43:00+02:00;48754;50;1;0;unknown;0
2025-07-02T18:43:00+02:00;48764;20;4;100;heavy;3
2025-07-02T18:43:00+02:00;48765;24;10;100;heavy;3
2025-07-02T18:43:00+02:00;48796;16;31;58;heavy;1
2025-07-02T18:43:00+02:00;48915_D;50;2;0;unknown;0
2025-07-02T18:43:00+02:00;48915_G;18;7;75;heavy;2
2025-07-02T18:43:00+02:00;48916;12;15;95;congested;3
2025-07-02T18:43:00+02:00;48953_D;37;31;75;freeFlow;2
2025-07-02T18:43:00+02:00;48953_G;29;40;60;heavy;1
2025-07-02T18:43:00+02:00;48993_D;25;14;60;heavy;1
2025-07-02T18:43:00+02:00;48993_G;46;8;48;freeFlow;1
2025-07-02T18:43:00+02:00;49042_D;50;1;0;unknown;0
2025-07-02T18:43:00+02:00;49042_G;34;2;55;heavy;1
2025-07-02T18:43:00+02:00;50035_D;50;2;0;unknown;0
2025-07-02T18:43:00+02:00;50035_G;40;2;75;freeFlow;2
2025-07-02T18:43:00+02:00;50087;15;18;55;heavy;1
2025-07-02T18:43:00+02:00;50107_D;50;11;0;unknown;0
2025-07-02T18:43:00+02:00;50107_G;37;14;60;freeFlow;1
2025-07-02T18:43:00+02:00;52835_G;39;4;75;freeFlow;2
2025-07-02T18:43:00+02:00;52850_D;23;6;60;heavy;1
2025-07-02T18:43:00+02:00;52850_G;30;5;75;heavy;2
2025-07-02T18:43:00+02:00;52878;24;6;75;freeFlow;2
2025-07-02T18:43:00+02:00;53020_G;47;2;60;freeFlow;1
2025-07-02T18:43:00+02:00;53130_D;50;5;0;unknown;0
2025-07-02T18:43:00+02:00;53130_G;37;7;60;freeFlow;1
2025-07-02T18:43:00+02:00;53375_D;14;7;57;heavy;1
2025-07-02T18:43:00+02:00;53375_G;27;4;55;freeFlow;1
2025-07-02T18:43:00+02:00;53427;60;72;100;heavy;16
2025-07-02T18:43:00+02:00;53988;50;5;100;freeFlow;6
2025-07-02T18:43:00+02:00;53989;37;2;60;freeFlow;1
2025-07-02T18:43:00+02:00;53992_D;31;13;100;heavy;3
2025-07-02T18:43:00+02:00;53992_G;28;14;60;heavy;1
2025-07-02T18:43:00+02:00;53995;29;2;60;heavy;1
2025-07-02T18:43:00+02:00;53997;32;2;75;heavy;2
2025-07-02T18:43:00+02:00;53999;27;2;100;heavy;3
2025-07-02T18:43:00+02:00;54130;49;32;38;freeFlow;1
2025-07-02T18:43:00+02:00;54136;38;5;52;freeFlow;1
2025-07-02T18:43:00+02:00;54219;42;13;75;freeFlow;2
2025-07-02T18:43:00+02:00;54222;13;45;100;congested;3
2025-07-02T18:43:00+02:00;54235;71;7;73;freeFlow;2
2025-07-02T18:43:00+02:00;54300;55;7;100;freeFlow;3
2025-07-02T18:43:00+02:00;54304_D;34;6;75;heavy;2
2025-07-02T18:43:00+02:00;54304_G;6;33;42;congested;1
2025-07-02T18:43:00+02:00;54309;6;150;100;congested;3
2025-07-02T18:43:00+02:00;54345;21;6;75;heavy;2
2025-07-02T18:43:00+02:00;54352;25;13;100;heavy;3
2025-07-02T18:43:00+02:00;54353;46;3;0;unknown;0
2025-07-02T18:43:00+02:00;54356;28;30;100;heavy;3
2025-07-02T18:43:00+02:00;54357;12;21;89;congested;4
2025-07-02T18:43:00+02:00;54370;50;4;0;unknown;0
2025-07-02T18:43:00+02:00;54373;36;5;57;freeFlow;1
2025-07-02T18:43:00+02:00;54374;29;7;57;heavy;1
2025-07-02T18:43:00+02:00;54377;45;24;73;freeFlow;2
2025-07-02T18:43:00+02:00;54396;50;5;60;freeFlow;1
2025-07-02T18:43:00+02:00;54397;53;11;74;freeFlow;2
2025-07-02T18:43:00+02:00;54468;60;2;100;freeFlow;3
2025-07-02T18:43:00+02:00;54470;20;13;70;heavy;2
2025-07-02T18:43:00+02:00;56022;39;3;75;freeFlow;2
2025-07-02T18:43:00+02:00;56598;29;2;60;heavy;1
2025-07-02T18:43:00+02:00;56676_D;14;16;62;congested;2
2025-07-02T18:43:00+02:00;56868;18;10;100;heavy;3
2025-07-02T18:43:00+02:00;56869;28;5;75;heavy;2
2025-07-02T18:43:00+02:00;56894;44;5;75;freeFlow;2
2025-07-02T18:43:00+02:00;56895;40;29;75;freeFlow;2
2025-07-02T18:43:00+02:00;56896;86;2;100;freeFlow;3
2025-07-02T18:43:00+02:00;56901;26;84;100;heavy;4
2025-07-02T18:43:00+02:00;60284;86;14;100;freeFlow;3
2025-07-02T18:43:00+02:00;63409_D;17;7;60;heavy;1
2025-07-02T18:43:00+02:00;63409_G;58;2;48;freeFlow;1
2025-07-02T18:43:00+02:00;66896;18;18;100;heavy;3
2025-07-02T18:43:00+02:00;69440;23;11;75;heavy;2
2025-07-02T18:43:00+02:00;69442;16;25;75;heavy;2
2025-07-02T18:43:00+02:00;75868;88;8;75;freeFlow;2
2025-07-02T18:43:00+02:00;75908;103;10;70;freeFlow;2
2025-07-02T18:43:00+02:00;75909;18;55;75;heavy;2
2025-07-02T18:43:00+02:00;44943;46;14;60;freeFlow;1
2025-07-02T18:43:00+02:00;47063;7;85;100;congested;3
2025-07-02T18:43:00+02:00;71455_G;50;3;0;unknown;0
2025-07-02T18:43:00+02:00;75831;69;13;75;freeFlow;2