datetime;predefinedLocationReference;averageVehicleSpeed;travelTime;travelTimeReliability;trafficStatus;vehicleProbeMeasurement
2025-07-02T07:43:00+02:00;10273_D;26;28;60;heavy;1
2025-07-02T07:43:00+02:00;10273_G;65;11;65;freeFlow;2
2025-07-02T07:43:00+02:00;10274_D;32;20;60;heavy;1
2025-07-02T07:43:00+02:00;10274_G;62;10;65;freeFlow;2
2025-07-02T07:43:00+02:00;10275_D;43;24;52;heavy;2
2025-07-02T07:43:00+02:00;10275_G;73;14;50;freeFlow;1
2025-07-02T07:43:00+02:00;10277_D;34;45;56;heavy;2
2025-07-02T07:43:00+02:00;10277_G;52;30;63;freeFlow;2
2025-07-02T07:43:00+02:00;10279_D;42;24;75;heavy;2
2025-07-02T07:43:00+02:00;10279_G;31;33;63;heavy;2
2025-07-02T07:43:00+02:00;10281_D;40;35;75;heavy;2
2025-07-02T07:43:00+02:00;10281_G;48;29;63;heavy;2
2025-07-02T07:43:00+02:00;10315_D;49;11;60;freeFlow;1
2025-07-02T07:43:00+02:00;10315_G;37;15;65;heavy;2
2025-07-02T07:43:00+02:00;11579_D;71;4;75;freeFlow;2
2025-07-02T07:43:00+02:00;11579_G;67;4;45;freeFlow;1
2025-07-02T07:43:00+02:00;11652;72;19;100;freeFlow;7
2025-07-02T07:43:00+02:00;11654;26;5;75;heavy;2
2025-07-02T07:43:00+02:00;11777_D;14;6;99;congested;3
2025-07-02T07:43:00+02:00;11777_G;61;1;60;freeFlow;1
2025-07-02T07:43:00+02:00;11781_D;51;2;60;freeFlow;1
2025-07-02T07:43:00+02:00;11781_G;30;3;0;unknown;0
2025-07-02T07:43:00+02:00;11784_D;51;1;60;freeFlow;1
2025-07-02T07:43:00+02:00;11784_G;30;2;0;unknown;0
2025-07-02T07:43:00+02:00;11785_D;35;1;57;freeFlow;1
2025-07-02T07:43:00+02:00;11785_G;30;1;48;freeFlow;1
2025-07-02T07:43:00+02:00;12060_D;62;12;60;freeFlow;1
2025-07-02T07:43:00+02:00;12060_G;55;13;65;freeFlow;2
2025-07-02T07:43:00+02:00;1242_D;68;2;40;freeFlow;1
2025-07-02T07:43:00+02:00;1242_G;27;4;75;heavy;2
2025-07-02T07:43:00+02:00;1285_D;75;1;45;freeFlow;1
2025-07-02T07:43:00+02:00;1285_G;39;1;75;heavy;2
2025-07-02T07:43:00+02:00;13514;29;7;60;heavy;1
2025-07-02T07:43:00+02:00;13515;26;5;60;heavy;1
2025-07-02T07:43:00+02:00;13516;30;4;50;heavy;1
2025-07-02T07:43:00+02:00;13549_D;49;7;38;heavy;1
2025-07-02T07:43:00+02:00;13549_G;50;7;60;heavy;1
2025-07-02T07:43:00+02:00;13557_D;37;10;35;heavy;1
2025-07-02T07:43:00+02:00;13557_G;28;13;60;heavy;1
2025-07-02T07:43:00+02:00;14364;112;18;75;freeFlow;2
2025-07-02T07:43:00+02:00;14365;111;19;100;freeFlow;3
2025-07-02T07:43:00+02:00;15029_D;59;41;100;freeFlow;3
2025-07-02T07:43:00+02:00;15029_G;52;47;75;heavy;2
2025-07-02T07:43:00+02:00;15062;35;4;75;heavy;2
2025-07-02T07:43:00+02:00;15063;70;2;98;freeFlow;3
2025-07-02T07:43:00+02:00;15064;39;4;100;heavy;3
2025-07-02T07:43:00+02:00;15065;45;4;75;heavy;2
2025-07-02T07:43:00+02:00;15066;54;3;97;heavy;3
2025-07-02T07:43:00+02:00;15067_D;59;72;43;freeFlow;2
2025-07-02T07:43:00+02:00;15067_G;101;42;75;freeFlow;3
2025-07-02T07:43:00+02:00;15104_D;67;59;44;freeFlow;2
2025-07-02T07:43:00+02:00;15104_G;46;86;62;heavy;2
2025-07-02T07:43:00+02:00;15111;119;3;100;freeFlow;3
2025-07-02T07:43:00+02:00;15113;25;7;35;heavy;1
2025-07-02T07:43:00+02:00;15114;29;5;64;heavy;2
2025-07-02T07:43:00+02:00;15117;28;5;35;heavy;1
2025-07-02T07:43:00+02:00;15118;27;4;35;heavy;1
2025-07-02T07:43:00+02:00;15119;28;6;35;heavy;1
2025-07-02T07:43:00+02:00;15120;35;5;69;heavy;2
2025-07-02T07:43:00+02:00;15121;32;3;60;heavy;1
2025-07-02T07:43:00+02:00;15122;32;5;60;heavy;1
2025-07-02T07:43:00+02:00;15124_D;33;26;35;heavy;1
2025-07-02T07:43:00+02:00;15124_G;27;31;60;heavy;1
2025-07-02T07:43:00+02:00;15549_D;57;1;55;freeFlow;1
2025-07-02T07:43:00+02:00;15549_G;33;1;40;heavy;1
2025-07-02T07:43:00+02:00;15550;51;1;100;freeFlow;3
2025-07-02T07:43:00+02:00;15551;97;117;100;freeFlow;5
2025-07-02T07:43:00+02:00;1601768;27;15;50;heavy;2
2025-07-02T07:43:00+02:00;1601771;27;9;100;heavy;3
2025-07-02T07:43:00+02:00;1601787;13;6;57;congested;1
2025-07-02T07:43:00+02:00;1601792;25;2;60;freeFlow;1
2025-07-02T07:43:00+02:00;1601794_D;18;7;72;heavy;2
2025-07-02T07:43:00+02:00;1601794_G;37;3;73;freeFlow;2
2025-07-02T07:43:00+02:00;1601795;33;14;75;freeFlow;2
2025-07-02T07:43:00+02:00;1601797;31;17;73;freeFlow;2
2025-07-02T07:43:00+02:00;1601798;34;3;75;heavy;2
2025-07-02T07:43:00+02:00;1601799;32;2;73;freeFlow;2
2025-07-02T07:43:00+02:00;1601807;33;4;100;heavy;7
2025-07-02T07:43:00+02:00;1601808;56;17;100;freeFlow;3
2025-07-02T07:43:00+02:00;1601810;42;23;100;freeFlow;7
2025-07-02T07:43:00+02:00;1601812;62;3;100;freeFlow;3
2025-07-02T07:43:00+02:00;1601813_D;63;20;98;freeFlow;3
2025-07-02T07:43:00+02:00;1601813_G;62;20;100;freeFlow;4
2025-07-02T07:43:00+02:00;1601814;64;3;100;freeFlow;4
2025-07-02T07:43:00+02:00;1601815;50;3;100;freeFlow;6
2025-07-02T07:43:00+02:00;1601819;24;2;100;heavy;4
2025-07-02T07:43:00+02:00;1601824;60;3;100;freeFlow;3
2025-07-02T07:43:00+02:00;1601898;81;19;45;freeFlow;1
2025-07-02T07:43:00+02:00;1601931_D;17;16;38;heavy;1
2025-07-02T07:43:00+02:00;1601931_G;36;7;40;freeFlow;1
2025-07-02T07:43:00+02:00;1602158_D;50;1;0;unknown;0
2025-07-02T07:43:00+02:00;1602158_G;39;1;32;freeFlow;1
2025-07-02T07:43:00+02:00;1602398;45;1;42;freeFlow;1
2025-07-02T07:43:00+02:00;1626;47;52;100;heavy;9
2025-07-02T07:43:00+02:00;1627;47;4;100;freeFlow;4
2025-07-02T07:43:00+02:00;1628;104;1;60;freeFlow;1
2025-07-02T07:43:00+02:00;1629;23;6;100;heavy;7
2025-07-02T07:43:00+02:00;1630;33;3;100;heavy;6
2025-07-02T07:43:00+02:00;1631;72;1;60;freeFlow;1
2025-07-02T07:43:00+02:00;1632;63;30;100;freeFlow;5
2025-07-02T07:43:00+02:00;1633;78;10;75;freeFlow;2
2025-07-02T07:43:00+02:00;1639;25;12;100;heavy;8
2025-07-02T07:43:00+02:00;16647_D;62;74;49;freeFlow;2
2025-07-02T07:43:00+02:00;16647_G;75;60;65;freeFlow;2
2025-07-02T07:43:00+02:00;16648_D;74;10;42;freeFlow;1
2025-07-02T07:43:00+02:00;16648_G;85;9;75;freeFlow;2
2025-07-02T07:43:00+02:00;16695_D;70;40;60;freeFlow;1
2025-07-02T07:43:00+02:00;16695_G;42;68;39;heavy;1
2025-07-02T07:43:00+02:00;16701;50;2;0;unknown;0
2025-07-02T07:43:00+02:00;16702;50;2;20;freeFlow;1
2025-07-02T07:43:00+02:00;16707_D;44;1;20;freeFlow;1
2025-07-02T07:43:00+02:00;16707_G;50;1;0;unknown;0
2025-07-02T07:43:00+02:00;16744;53;3;63;heavy;2
2025-07-02T07:43:00+02:00;16745;43;3;60;heavy;1
2025-07-02T07:43:00+02:00;16746;41;3;60;heavy;1
2025-07-02T07:43:00+02:00;16747;32;6;57;heavy;2
2025-07-02T07:43:00+02:00;16748;32;4;57;heavy;1
2025-07-02T07:43:00+02:00;16749;25;6;57;heavy;1
2025-07-02T07:43:00+02:00;16752_D;36;11;57;heavy;1
2025-07-02T07:43:00+02:00;16752_G;80;5;0;unknown;0
2025-07-02T07:43:00+02:00;1675_D;37;8;48;freeFlow;1
2025-07-02T07:43:00+02:00;1675_G;15;17;60;heavy;1
2025-07-02T07:43:00+02:00;1676;61;8;100;heavy;4
2025-07-02T07:43:00+02:00;16761;44;2;20;freeFlow;1
2025-07-02T07:43:00+02:00;16762;52;2;20;freeFlow;1
2025-07-02T07:43:00+02:00;1677;14;36;100;congested;7
2025-07-02T07:43:00+02:00;1677109;25;64;100;heavy;10
2025-07-02T07:43:00+02:00;1677110;58;1;38;freeFlow;1
2025-07-02T07:43:00+02:00;1677175_D;37;39;60;freeFlow;1
2025-07-02T07:43:00+02:00;1677175_G;24;61;98;freeFlow;3
2025-07-02T07:43:00+02:00;1677180_D;44;1;60;freeFlow;1
2025-07-02T07:43:00+02:00;1677180_G;31;2;73;freeFlow;2
2025-07-02T07:43:00+02:00;1677184_D;38;19;74;freeFlow;2
2025-07-02T07:43:00+02:00;1677184_G;36;20;73;freeFlow;2
2025-07-02T07:43:00+02:00;1677551_D;30;2;0;unknown;0
2025-07-02T07:43:00+02:00;1677551_G;30;2;0;unknown;0
2025-07-02T07:43:00+02:00;1677568_D;50;29;0;unknown;0
2025-07-02T07:43:00+02:00;1677568_G;47;32;60;freeFlow;1
2025-07-02T07:43:00+02:00;1677569;50;2;0;unknown;0
2025-07-02T07:43:00+02:00;1677687;35;1;60;heavy;1
2025-07-02T07:43:00+02:00;1677691;50;1;0;unknown;0
2025-07-02T07:43:00+02:00;1677693;35;2;60;heavy;1
2025-07-02T07:43:00+02:00;1677695_D;50;14;0;unknown;0
2025-07-02T07:43:00+02:00;1677695_G;42;16;60;freeFlow;1
2025-07-02T07:43:00+02:00;1677709_D;50;3;0;unknown;0
2025-07-02T07:43:00+02:00;1677709_G;42;4;60;freeFlow;1
2025-07-02T07:43:00+02:00;1677716_D;50;3;0;unknown;0
2025-07-02T07:43:00+02:00;1677716_G;42;4;60;freeFlow;1
2025-07-02T07:43:00+02:00;1677730_D;32;33;38;heavy;1
2025-07-02T07:43:00+02:00;1677730_G;39;28;60;freeFlow;1
2025-07-02T07:43:00+02:00;1677735_D;50;1;0;unknown;0
2025-07-02T07:43:00+02:00;1677735_G;42;1;60;freeFlow;1
2025-07-02T07:43:00+02:00;1677745_D;50;2;0;unknown;0
2025-07-02T07:43:00+02:00;1677745_G;50;1;0;unknown;0
2025-07-02T07:43:00+02:00;1677785_D;30;9;0;unknown;0
2025-07-02T07:43:00+02:00;1677785_G;30;9;0;unknown;0
2025-07-02T07:43:00+02:00;1677801_D;50;6;0;unknown;0
2025-07-02T07:43:00+02:00;1677801_G;50;6;0;unknown;0
2025-07-02T07:43:00+02:00;1677808_D;50;13;0;unknown;0
2025-07-02T07:43:00+02:00;1677808_G;50;13;0;unknown;0
2025-07-02T07:43:00+02:00;16783;33;3;70;heavy;2
2025-07-02T07:43:00+02:00;16784;57;2;55;freeFlow;1
2025-07-02T07:43:00+02:00;16785;57;1;55;freeFlow;1
2025-07-02T07:43:00+02:00;1678542;100;21;60;freeFlow;1
2025-07-02T07:43:00+02:00;1678698_D;13;62;75;congested;2
2025-07-02T07:43:00+02:00;1678698_G;49;16;45;freeFlow;1
2025-07-02T07:43:00+02:00;1678750;35;2;60;heavy;1
2025-07-02T07:43:00+02:00;1678763_D;56;3;17;freeFlow;1
2025-07-02T07:43:00+02:00;1678763_G;38;5;40;freeFlow;1
2025-07-02T07:43:00+02:00;1679092_D;20;11;55;heavy;1
2025-07-02T07:43:00+02:00;1679092_G;34;6;75;heavy;2
2025-07-02T07:43:00+02:00;1679681;53;15;75;heavy;2
2025-07-02T07:43:00+02:00;1679779;58;5;68;freeFlow;2
2025-07-02T07:43:00+02:00;1679795_D;26;3;50;heavy;1
2025-07-02T07:43:00+02:00;1679822;38;2;100;freeFlow;3
2025-07-02T07:43:00+02:00;1679825;30;2;75;heavy;2
2025-07-02T07:43:00+02:00;1679841;12;86;100;congested;3
2025-07-02T07:43:00+02:00;1679843;30;1;75;heavy;2
2025-07-02T07:43:00+02:00;1679845;18;2;100;heavy;3
2025-07-02T07:43:00+02:00;1679847;29;2;60;heavy;1
2025-07-02T07:43:00+02:00;1679859_D;63;8;40;freeFlow;1
2025-07-02T07:43:00+02:00;1679859_G;48;10;75;freeFlow;2
2025-07-02T07:43:00+02:00;1680014;90;5;100;freeFlow;9
2025-07-02T07:43:00+02:00;1680016;93;13;100;freeFlow;5
2025-07-02T07:43:00+02:00;1680022;94;5;100;freeFlow;3
2025-07-02T07:43:00+02:00;1680024;89;9;100;freeFlow;8
2025-07-02T07:43:00+02:00;1680116;55;2;75;heavy;2
2025-07-02T07:43:00+02:00;1680119;38;5;100;heavy;3
2025-07-02T07:43:00+02:00;1680121;34;4;100;heavy;3
2025-07-02T07:43:00+02:00;1680122_D;49;38;75;heavy;2
2025-07-02T07:43:00+02:00;1680122_G;51;36;75;heavy;2
2025-07-02T07:43:00+02:00;1680123;31;5;100;heavy;3
2025-07-02T07:43:00+02:00;1680337;13;17;31;congested;1
2025-07-02T07:43:00+02:00;1680401_D;50;24;52;freeFlow;1
2025-07-02T07:43:00+02:00;1680401_G;70;18;0;unknown;0
2025-07-02T07:43:00+02:00;1680514_D;50;9;0;unknown;0
2025-07-02T07:43:00+02:00;1680514_G;37;12;60;freeFlow;1
2025-07-02T07:43:00+02:00;1680539;51;1;100;heavy;6
2025-07-02T07:43:00+02:00;1680541_D;34;12;60;freeFlow;1
2025-07-02T07:43:00+02:00;1680541_G;34;12;57;freeFlow;1
2025-07-02T07:43:00+02:00;1680549_D;31;20;57;heavy;1
2025-07-02T07:43:00+02:00;1680549_G;33;19;60;heavy;1
2025-07-02T07:43:00+02:00;1680551_D;34;1;57;freeFlow;1
2025-07-02T07:43:00+02:00;1680551_G;34;1;60;freeFlow;1
2025-07-02T07:43:00+02:00;1680557_D;30;1;40;heavy;1
2025-07-02T07:43:00+02:00;1680557_G;50;1;0;unknown;0
2025-07-02T07:43:00+02:00;1680561_D;50;1;0;unknown;0
2025-07-02T07:43:00+02:00;1680561_G;33;1;60;heavy;1
2025-07-02T07:43:00+02:00;1680567;27;3;75;heavy;2
2025-07-02T07:43:00+02:00;1680569;25;6;75;heavy;2
2025-07-02T07:43:00+02:00;1680573;25;3;60;heavy;1
2025-07-02T07:43:00+02:00;1680574;25;5;60;heavy;1
2025-07-02T07:43:00+02:00;1680575;28;11;57;heavy;1
2025-07-02T07:43:00+02:00;1680576;29;3;60;heavy;1
2025-07-02T07:43:00+02:00;16821_D;71;93;60;freeFlow;1
2025-07-02T07:43:00+02:00;16821_G;82;81;81;freeFlow;3
2025-07-02T07:43:00+02:00;16830_D;50;16;38;freeFlow;1
2025-07-02T07:43:00+02:00;16830_G;58;14;35;freeFlow;1
2025-07-02T07:43:00+02:00;16831_D;38;3;38;freeFlow;1
2025-07-02T07:43:00+02:00;16831_G;58;2;35;freeFlow;1
2025-07-02T07:43:00+02:00;16832;38;4;38;freeFlow;1
2025-07-02T07:43:00+02:00;16834;60;12;35;freeFlow;1
2025-07-02T07:43:00+02:00;16850_D;56;1;17;freeFlow;1
2025-07-02T07:43:00+02:00;16850_G;37;1;40;freeFlow;1
2025-07-02T07:43:00+02:00;16851_D;56;3;17;freeFlow;1
2025-07-02T07:43:00+02:00;16851_G;37;3;40;freeFlow;1
2025-07-02T07:43:00+02:00;16852_D;56;4;17;freeFlow;1
2025-07-02T07:43:00+02:00;16852_G;40;7;40;freeFlow;1
2025-07-02T07:43:00+02:00;16853_D;56;6;17;freeFlow;1
2025-07-02T07:43:00+02:00;16853_G;40;9;40;freeFlow;1
2025-07-02T07:43:00+02:00;16854_D;56;4;17;freeFlow;1
2025-07-02T07:43:00+02:00;16854_G;41;5;38;freeFlow;1
2025-07-02T07:43:00+02:00;16855_D;56;4;17;freeFlow;1
2025-07-02T07:43:00+02:00;16855_G;42;5;38;freeFlow;1
2025-07-02T07:43:00+02:00;16856_D;56;6;17;freeFlow;1
2025-07-02T07:43:00+02:00;16856_G;34;10;38;heavy;1
2025-07-02T07:43:00+02:00;16858_D;32;46;35;heavy;1
2025-07-02T07:43:00+02:00;16858_G;27;56;38;heavy;1
2025-07-02T07:43:00+02:00;16859_D;35;4;35;heavy;1
2025-07-02T07:43:00+02:00;16859_G;34;4;35;heavy;1
2025-07-02T07:43:00+02:00;16860_D;49;7;35;freeFlow;1
2025-07-02T07:43:00+02:00;16860_G;58;6;35;freeFlow;1
2025-07-02T07:43:00+02:00;1690_D;40;7;50;freeFlow;1
2025-07-02T07:43:00+02:00;1690_G;106;3;60;freeFlow;1
2025-07-02T07:43:00+02:00;16910_D;56;5;55;freeFlow;1
2025-07-02T07:43:00+02:00;16910_G;40;7;40;freeFlow;1
2025-07-02T07:43:00+02:00;16967;18;31;100;congested;4
2025-07-02T07:43:00+02:00;16969;54;1;100;freeFlow;4
2025-07-02T07:43:00+02:00;16986;48;14;100;heavy;9
2025-07-02T07:43:00+02:00;16988;39;19;100;heavy;10
2025-07-02T07:43:00+02:00;16989;42;11;100;heavy;9
2025-07-02T07:43:00+02:00;16990;54;8;100;freeFlow;6
2025-07-02T07:43:00+02:00;16992;48;28;100;heavy;6
2025-07-02T07:43:00+02:00;16994;54;21;100;freeFlow;6
2025-07-02T07:43:00+02:00;17;27;8;100;congested;6
2025-07-02T07:43:00+02:00;1721;59;2;60;freeFlow;1
2025-07-02T07:43:00+02:00;1722;106;1;60;freeFlow;1
2025-07-02T07:43:00+02:00;1723;28;5;50;heavy;1
2025-07-02T07:43:00+02:00;1724_D;45;12;50;heavy;1
2025-07-02T07:43:00+02:00;1724_G;106;5;60;freeFlow;1
2025-07-02T07:43:00+02:00;1732_D;49;2;60;freeFlow;1
2025-07-02T07:43:00+02:00;1732_G;29;3;55;heavy;1
2025-07-02T07:43:00+02:00;1733_D;59;1;60;freeFlow;1
2025-07-02T07:43:00+02:00;1733_G;28;2;55;heavy;1
2025-07-02T07:43:00+02:00;1734_D;59;6;60;freeFlow;1
2025-07-02T07:43:00+02:00;1734_G;25;15;68;heavy;2
2025-07-02T07:43:00+02:00;18337;57;2;55;freeFlow;1
2025-07-02T07:43:00+02:00;18391_D;79;3;75;freeFlow;2
2025-07-02T07:43:00+02:00;18391_G;36;7;75;heavy;2
2025-07-02T07:43:00+02:00;1853;88;27;100;freeFlow;10
2025-07-02T07:43:00+02:00;1855;85;6;100;freeFlow;9
2025-07-02T07:43:00+02:00;1856;87;10;100;freeFlow;9
2025-07-02T07:43:00+02:00;19040;49;2;100;freeFlow;4
2025-07-02T07:43:00+02:00;1910886;41;6;75;freeFlow;2
2025-07-02T07:43:00+02:00;1911185_D;60;19;100;freeFlow;3
2025-07-02T07:43:00+02:00;1911185_G;50;23;60;freeFlow;1
2025-07-02T07:43:00+02:00;1911398_D;35;1;10;freeFlow;1
2025-07-02T07:43:00+02:00;1911398_G;45;1;30;freeFlow;1
2025-07-02T07:43:00+02:00;1911404_D;41;2;30;freeFlow;1
2025-07-02T07:43:00+02:00;1911404_G;32;3;0;unknown;0
2025-07-02T07:43:00+02:00;1911418;38;7;100;freeFlow;7
2025-07-02T07:43:00+02:00;1911420;24;4;100;heavy;8
2025-07-02T07:43:00+02:00;1911448_D;55;35;17;freeFlow;1
2025-07-02T07:43:00+02:00;1911448_G;70;27;67;freeFlow;2
2025-07-02T07:43:00+02:00;1911623_D;45;4;30;freeFlow;1
2025-07-02T07:43:00+02:00;1911623_G;35;5;10;freeFlow;1
2025-07-02T07:43:00+02:00;19628;56;5;100;heavy;5
2025-07-02T07:43:00+02:00;19629;90;1;0;unknown;0
2025-07-02T07:43:00+02:00;19630;39;5;48;heavy;1
2025-07-02T07:43:00+02:00;19631;41;2;48;heavy;1
2025-07-02T07:43:00+02:00;19632;46;2;100;heavy;3
2025-07-02T07:43:00+02:00;19633;25;6;100;heavy;8
2025-07-02T07:43:00+02:00;19634;58;2;60;freeFlow;1
2025-07-02T07:43:00+02:00;19635;29;5;100;heavy;7
2025-07-02T07:43:00+02:00;19636;33;5;100;heavy;7
2025-07-02T07:43:00+02:00;19637;89;1;75;freeFlow;2
2025-07-02T07:43:00+02:00;19638;31;4;100;heavy;5
2025-07-02T07:43:00+02:00;19639;24;6;100;heavy;4
2025-07-02T07:43:00+02:00;19640;28;5;100;heavy;5
2025-07-02T07:43:00+02:00;19642;32;4;100;heavy;7
2025-07-02T07:43:00+02:00;19643;27;2;100;heavy;7
2025-07-02T07:43:00+02:00;19644;17;5;100;congested;4
2025-07-02T07:43:00+02:00;19683;114;17;100;freeFlow;5
2025-07-02T07:43:00+02:00;19684;106;44;100;freeFlow;7
2025-07-02T07:43:00+02:00;19685;96;54;100;freeFlow;9
2025-07-02T07:43:00+02:00;19686;99;17;100;freeFlow;7
2025-07-02T07:43:00+02:00;198;76;60;100;freeFlow;6
2025-07-02T07:43:00+02:00;19825_D;55;59;99;heavy;4
2025-07-02T07:43:00+02:00;19825_G;67;48;75;freeFlow;2
2025-07-02T07:43:00+02:00;19828;46;3;100;freeFlow;3
2025-07-02T07:43:00+02:00;19830;33;3;75;heavy;2
2025-07-02T07:43:00+02:00;19832;18;8;75;heavy;2
2025-07-02T07:43:00+02:00;19833;36;3;100;freeFlow;3
2025-07-02T07:43:00+02:00;19841_D;57;26;100;freeFlow;3
2025-07-02T07:43:00+02:00;19841_G;78;19;100;freeFlow;3
2025-07-02T07:43:00+02:00;19842_D;55;7;100;heavy;3
2025-07-02T07:43:00+02:00;19842_G;77;5;100;freeFlow;3
2025-07-02T07:43:00+02:00;20525;34;5;75;heavy;2
2025-07-02T07:43:00+02:00;20526;34;4;75;heavy;2
2025-07-02T07:43:00+02:00;20527;38;5;100;heavy;3
2025-07-02T07:43:00+02:00;20528;38;3;75;heavy;2
2025-07-02T07:43:00+02:00;20590_D;73;112;71;freeFlow;3
2025-07-02T07:43:00+02:00;20590_G;75;109;75;freeFlow;2
2025-07-02T07:43:00+02:00;20760_D;56;27;100;freeFlow;3
2025-07-02T07:43:00+02:00;20760_G;45;34;100;freeFlow;3
2025-07-02T07:43:00+02:00;2216_D;56;55;16;heavy;1
2025-07-02T07:43:00+02:00;2216_G;70;43;75;freeFlow;2
2025-07-02T07:43:00+02:00;2218_D;65;34;15;freeFlow;1
2025-07-02T07:43:00+02:00;2218_G;79;27;75;freeFlow;2
2025-07-02T07:43:00+02:00;23984_D;48;1;73;heavy;2
2025-07-02T07:43:00+02:00;23984_G;58;1;75;freeFlow;2
2025-07-02T07:43:00+02:00;24143_D;46;9;70;heavy;2
2025-07-02T07:43:00+02:00;24143_G;55;7;60;heavy;1
2025-07-02T07:43:00+02:00;24147_D;69;55;73;freeFlow;2
2025-07-02T07:43:00+02:00;24147_G;82;47;68;freeFlow;2
2025-07-02T07:43:00+02:00;24148;48;3;73;freeFlow;2
2025-07-02T07:43:00+02:00;24149;53;2;75;freeFlow;2
2025-07-02T07:43:00+02:00;24150;38;4;60;freeFlow;1
2025-07-02T07:43:00+02:00;24151;52;3;75;freeFlow;2
2025-07-02T07:43:00+02:00;24153_D;54;17;60;heavy;1
2025-07-02T07:43:00+02:00;24153_G;63;15;75;freeFlow;2
2025-07-02T07:43:00+02:00;24176;73;22;100;freeFlow;8
2025-07-02T07:43:00+02:00;24178;95;11;100;freeFlow;10
2025-07-02T07:43:00+02:00;24179;80;24;100;freeFlow;8
2025-07-02T07:43:00+02:00;24181_D;58;3;75;freeFlow;2
2025-07-02T07:43:00+02:00;24181_G;49;3;60;freeFlow;1
2025-07-02T07:43:00+02:00;24182;88;13;100;freeFlow;7
2025-07-02T07:43:00+02:00;24184_D;57;10;75;freeFlow;2
2025-07-02T07:43:00+02:00;24184_G;57;10;93;freeFlow;4
2025-07-02T07:43:00+02:00;24259;38;3;75;freeFlow;2
2025-07-02T07:43:00+02:00;24260;32;5;60;heavy;1
2025-07-02T07:43:00+02:00;24261;37;3;60;freeFlow;1
2025-07-02T07:43:00+02:00;24262;42;4;75;freeFlow;2
2025-07-02T07:43:00+02:00;24264_D;38;1;60;heavy;1
2025-07-02T07:43:00+02:00;24264_G;38;1;70;heavy;2
2025-07-02T07:43:00+02:00;24265_D;45;1;75;freeFlow;2
2025-07-02T07:43:00+02:00;24265_G;31;2;60;heavy;1
2025-07-02T07:43:00+02:00;24274_D;42;12;60;freeFlow;1
2025-07-02T07:43:00+02:00;24274_G;54;9;75;freeFlow;2
2025-07-02T07:43:00+02:00;25687_D;30;7;0;unknown;0
2025-07-02T07:43:00+02:00;25687_G;25;9;10;freeFlow;1
2025-07-02T07:43:00+02:00;25929_D;80;10;0;unknown;0
2025-07-02T07:43:00+02:00;25929_G;80;11;0;unknown;0
2025-07-02T07:43:00+02:00;25930;40;4;100;heavy;3
2025-07-02T07:43:00+02:00;25931;41;5;100;heavy;4
2025-07-02T07:43:00+02:00;25932;30;5;100;heavy;3
2025-07-02T07:43:00+02:00;25933;32;4;100;heavy;3
2025-07-02T07:43:00+02:00;25934_D;80;3;0;unknown;0
2025-07-02T07:43:00+02:00;25934_G;80;3;0;unknown;0
2025-07-02T07:43:00+02:00;25944_D;43;7;100;heavy;3
2025-07-02T07:43:00+02:00;25944_G;39;7;100;heavy;3
2025-07-02T07:43:00+02:00;25946_D;61;14;100;freeFlow;3
2025-07-02T07:43:00+02:00;25946_G;49;17;100;heavy;3
2025-07-02T07:43:00+02:00;25947_D;66;29;100;freeFlow;3
2025-07-02T07:43:00+02:00;25947_G;23;82;100;congested;3
2025-07-02T07:43:00+02:00;25988_D;30;10;0;unknown;0
2025-07-02T07:43:00+02:00;25988_G;24;13;10;freeFlow;1
2025-07-02T07:43:00+02:00;25989;50;2;0;unknown;0
2025-07-02T07:43:00+02:00;25990;40;2;0;unknown;0
2025-07-02T07:43:00+02:00;25991;27;3;10;heavy;1
2025-07-02T07:43:00+02:00;25992;27;4;10;heavy;1
2025-07-02T07:43:00+02:00;25993_D;30;3;0;unknown;0
2025-07-02T07:43:00+02:00;25993_G;27;4;10;freeFlow;1
2025-07-02T07:43:00+02:00;25994_D;50;4;0;unknown;0
2025-07-02T07:43:00+02:00;25994_G;40;5;0;unknown;0
2025-07-02T07:43:00+02:00;25995_D;50;1;0;unknown;0
2025-07-02T07:43:00+02:00;25995_G;42;1;0;unknown;0
2025-07-02T07:43:00+02:00;25996_D;50;5;0;unknown;0
2025-07-02T07:43:00+02:00;25996_G;50;4;0;unknown;0
2025-07-02T07:43:00+02:00;25997_D;50;1;0;unknown;0
2025-07-02T07:43:00+02:00;25997_G;50;1;0;unknown;0
2025-07-02T07:43:00+02:00;25998_D;50;11;0;unknown;0
2025-07-02T07:43:00+02:00;25998_G;50;11;0;unknown;0
2025-07-02T07:43:00+02:00;25999_D;50;8;0;unknown;0
2025-07-02T07:43:00+02:00;25999_G;50;8;0;unknown;0
2025-07-02T07:43:00+02:00;26000_D;80;5;0;unknown;0
2025-07-02T07:43:00+02:00;26000_G;71;6;0;unknown;0
2025-07-02T07:43:00+02:00;26001_D;80;1;0;unknown;0
2025-07-02T07:43:00+02:00;26001_G;80;1;0;unknown;0
2025-07-02T07:43:00+02:00;26002_D;80;5;0;unknown;0
2025-07-02T07:43:00+02:00;26002_G;80;5;0;unknown;0
2025-07-02T07:43:00+02:00;26023;68;3;75;freeFlow;2
2025-07-02T07:43:00+02:00;26024;91;50;92;freeFlow;4
2025-07-02T07:43:00+02:00;26025;95;68;100;freeFlow;7
2025-07-02T07:43:00+02:00;26041;15;21;100;heavy;7
2025-07-02T07:43:00+02:00;26043;37;12;100;freeFlow;7
2025-07-02T07:43:00+02:00;26044;26;17;100;heavy;7
2025-07-02T07:43:00+02:00;26046;18;53;100;heavy;9
2025-07-02T07:43:00+02:00;26047;37;2;100;freeFlow;7
2025-07-02T07:43:00+02:00;26048;51;42;100;freeFlow;7
2025-07-02T07:43:00+02:00;26049;51;28;100;freeFlow;9
2025-07-02T07:43:00+02:00;26050;9;39;100;congested;9
2025-07-02T07:43:00+02:00;26101_D;32;15;27;freeFlow;1
2025-07-02T07:43:00+02:00;26101_G;30;16;0;unknown;0
2025-07-02T07:43:00+02:00;26371_D;28;9;15;freeFlow;1
2025-07-02T07:43:00+02:00;26371_G;30;9;0;unknown;0
2025-07-02T07:43:00+02:00;26389_D;71;11;52;freeFlow;1
2025-07-02T07:43:00+02:00;26389_G;70;11;0;unknown;0
2025-07-02T07:43:00+02:00;26392_D;32;14;27;freeFlow;1
2025-07-02T07:43:00+02:00;26392_G;30;14;0;unknown;0
2025-07-02T07:43:00+02:00;26393;50;1;0;unknown;0
2025-07-02T07:43:00+02:00;26394;50;1;0;unknown;0
2025-07-02T07:43:00+02:00;26395;28;3;15;heavy;1
2025-07-02T07:43:00+02:00;26396;28;2;15;heavy;1
2025-07-02T07:43:00+02:00;26397_D;35;5;15;heavy;1
2025-07-02T07:43:00+02:00;26397_G;50;4;0;unknown;0
2025-07-02T07:43:00+02:00;26402_D;30;9;0;unknown;0
2025-07-02T07:43:00+02:00;26402_G;11;23;12;heavy;1
2025-07-02T07:43:00+02:00;26403_D;27;5;12;freeFlow;1
2025-07-02T07:43:00+02:00;26403_G;30;4;0;unknown;0
2025-07-02T07:43:00+02:00;26404_D;25;4;12;freeFlow;1
2025-07-02T07:43:00+02:00;26404_G;30;3;0;unknown;0
2025-07-02T07:43:00+02:00;26405_D;30;2;0;unknown;0
2025-07-02T07:43:00+02:00;26405_G;10;6;10;heavy;1
2025-07-02T07:43:00+02:00;26409_D;71;11;52;freeFlow;1
2025-07-02T07:43:00+02:00;26409_G;70;11;0;unknown;0
2025-07-02T07:43:00+02:00;26420_D;70;4;0;unknown;0
2025-07-02T07:43:00+02:00;26420_G;61;5;52;freeFlow;1
2025-07-02T07:43:00+02:00;26422_D;70;11;0;unknown;0
2025-07-02T07:43:00+02:00;26422_G;65;11;52;freeFlow;1
2025-07-02T07:43:00+02:00;26423_D;70;7;0;unknown;0
2025-07-02T07:43:00+02:00;26423_G;78;6;52;freeFlow;1
2025-07-02T07:43:00+02:00;26495_D;42;8;50;freeFlow;1
2025-07-02T07:43:00+02:00;26495_G;50;7;0;unknown;0
2025-07-02T07:43:00+02:00;26497_D;30;16;0;unknown;0
2025-07-02T07:43:00+02:00;26497_G;30;16;0;unknown;0
2025-07-02T07:43:00+02:00;26501;95;24;100;freeFlow;10
2025-07-02T07:43:00+02:00;26573;102;13;100;freeFlow;7
2025-07-02T07:43:00+02:00;26603_D;30;2;0;unknown;0
2025-07-02T07:43:00+02:00;26603_G;3;19;10;congested;1
2025-07-02T07:43:00+02:00;26611_D;16;8;12;heavy;1
2025-07-02T07:43:00+02:00;26611_G;30;4;0;unknown;0
2025-07-02T07:43:00+02:00;26619;44;2;100;freeFlow;3
2025-07-02T07:43:00+02:00;26654;17;29;100;heavy;7
2025-07-02T07:43:00+02:00;26656;30;17;100;heavy;10
2025-07-02T07:43:00+02:00;26897_D;30;15;0;unknown;0
2025-07-02T07:43:00+02:00;26897_G;30;15;0;unknown;0
2025-07-02T07:43:00+02:00;27837_D;60;5;12;freeFlow;1
2025-07-02T07:43:00+02:00;27837_G;74;4;60;freeFlow;1
2025-07-02T07:43:00+02:00;28032;27;6;60;heavy;1
2025-07-02T07:43:00+02:00;28033;65;2;38;freeFlow;1
2025-07-02T07:43:00+02:00;282910_D;50;4;0;unknown;0
2025-07-02T07:43:00+02:00;282910_G;78;1;57;freeFlow;1
2025-07-02T07:43:00+02:00;28642_D;81;6;55;freeFlow;2
2025-07-02T07:43:00+02:00;28642_G;80;6;60;freeFlow;1
2025-07-02T07:43:00+02:00;28645_D;83;1;55;freeFlow;2
2025-07-02T07:43:00+02:00;28645_G;78;1;60;freeFlow;1
2025-07-02T07:43:00+02:00;28646_D;84;37;55;freeFlow;2
2025-07-02T07:43:00+02:00;28646_G;83;37;60;freeFlow;1
2025-07-02T07:43:00+02:00;28648_D;77;17;53;freeFlow;2
2025-07-02T07:43:00+02:00;28648_G;86;15;60;freeFlow;1
2025-07-02T07:43:00+02:00;28649_D;76;12;53;freeFlow;2
2025-07-02T07:43:00+02:00;28649_G;81;11;60;freeFlow;1
2025-07-02T07:43:00+02:00;28650_D;66;15;53;freeFlow;2
2025-07-02T07:43:00+02:00;28650_G;81;12;60;freeFlow;1
2025-07-02T07:43:00+02:00;28660_D;62;11;55;freeFlow;2
2025-07-02T07:43:00+02:00;28660_G;88;8;75;freeFlow;2
2025-07-02T07:43:00+02:00;28665_D;66;20;55;freeFlow;2
2025-07-02T07:43:00+02:00;28665_G;88;15;60;freeFlow;1
2025-07-02T07:43:00+02:00;28666_D;81;8;55;freeFlow;2
2025-07-02T07:43:00+02:00;28666_G;81;8;60;freeFlow;1
2025-07-02T07:43:00+02:00;28669_D;66;5;12;freeFlow;1
2025-07-02T07:43:00+02:00;28669_G;82;4;25;freeFlow;1
2025-07-02T07:43:00+02:00;28675_D;63;6;15;freeFlow;1
2025-07-02T07:43:00+02:00;28675_G;75;5;25;freeFlow;1
2025-07-02T07:43:00+02:00;28676_D;66;3;12;freeFlow;1
2025-07-02T07:43:00+02:00;28676_G;83;3;27;freeFlow;1
2025-07-02T07:43:00+02:00;28677_D;66;17;12;freeFlow;1
2025-07-02T07:43:00+02:00;28677_G;84;13;27;freeFlow;1
2025-07-02T07:43:00+02:00;28693_D;79;12;42;freeFlow;1
2025-07-02T07:43:00+02:00;28693_G;87;11;75;freeFlow;2
2025-07-02T07:43:00+02:00;28854;39;4;100;freeFlow;4
2025-07-02T07:43:00+02:00;28855;55;3;100;freeFlow;3
2025-07-02T07:43:00+02:00;28865_D;92;22;75;freeFlow;2
2025-07-02T07:43:00+02:00;28865_G;69;29;57;freeFlow;2
2025-07-02T07:43:00+02:00;28866_D;68;10;75;freeFlow;2
2025-07-02T07:43:00+02:00;28866_G;68;10;57;freeFlow;2
2025-07-02T07:43:00+02:00;28867;39;2;100;freeFlow;4
2025-07-02T07:43:00+02:00;28868;36;3;100;freeFlow;4
2025-07-02T07:43:00+02:00;29;30;48;100;heavy;6
2025-07-02T07:43:00+02:00;30;57;10;100;heavy;6
2025-07-02T07:43:00+02:00;30020_D;61;35;35;freeFlow;1
2025-07-02T07:43:00+02:00;30020_G;71;30;60;freeFlow;1
2025-07-02T07:43:00+02:00;30022;91;3;100;freeFlow;8
2025-07-02T07:43:00+02:00;30023;84;60;100;freeFlow;17
2025-07-02T07:43:00+02:00;30118;33;3;66;heavy;2
2025-07-02T07:43:00+02:00;30351_D;50;1;0;unknown;0
2025-07-02T07:43:00+02:00;30351_G;50;1;0;unknown;0
2025-07-02T07:43:00+02:00;30355_D;50;10;0;unknown;0
2025-07-02T07:43:00+02:00;30355_G;32;16;60;heavy;1
2025-07-02T07:43:00+02:00;30359_D;80;8;0;unknown;0
2025-07-02T07:43:00+02:00;30359_G;32;19;60;heavy;1
2025-07-02T07:43:00+02:00;30405;50;2;0;unknown;0
2025-07-02T07:43:00+02:00;30406;50;4;0;unknown;0
2025-07-02T07:43:00+02:00;30407;50;2;0;unknown;0
2025-07-02T07:43:00+02:00;30408;50;1;0;unknown;0
2025-07-02T07:43:00+02:00;30409;50;2;0;unknown;0
2025-07-02T07:43:00+02:00;30410_D;50;1;0;unknown;0
2025-07-02T07:43:00+02:00;30410_G;50;1;0;unknown;0
2025-07-02T07:43:00+02:00;30411_D;50;6;0;unknown;0
2025-07-02T07:43:00+02:00;30411_G;50;6;0;unknown;0
2025-07-02T07:43:00+02:00;30414_D;50;7;0;unknown;0
2025-07-02T07:43:00+02:00;30414_G;50;8;0;unknown;0
2025-07-02T07:43:00+02:00;30416_D;50;10;0;unknown;0
2025-07-02T07:43:00+02:00;30416_G;50;10;0;unknown;0
2025-07-02T07:43:00+02:00;30499_D;30;9;0;unknown;0
2025-07-02T07:43:00+02:00;30499_G;30;10;0;unknown;0
2025-07-02T07:43:00+02:00;30501_D;30;9;0;unknown;0
2025-07-02T07:43:00+02:00;30501_G;30;9;0;unknown;0
2025-07-02T07:43:00+02:00;30502_D;30;2;0;unknown;0
2025-07-02T07:43:00+02:00;30502_G;30;2;0;unknown;0
2025-07-02T07:43:00+02:00;30504_D;30;1;0;unknown;0
2025-07-02T07:43:00+02:00;30504_G;30;1;0;unknown;0
2025-07-02T07:43:00+02:00;30508;30;4;0;unknown;0
2025-07-02T07:43:00+02:00;30521_D;50;8;0;unknown;0
2025-07-02T07:43:00+02:00;30521_G;50;9;0;unknown;0
2025-07-02T07:43:00+02:00;30522_D;50;2;0;unknown;0
2025-07-02T07:43:00+02:00;30522_G;50;2;0;unknown;0
2025-07-02T07:43:00+02:00;30606_D;24;23;45;heavy;1
2025-07-02T07:43:00+02:00;30606_G;59;9;45;freeFlow;1
2025-07-02T07:43:00+02:00;30608_D;50;3;0;unknown;0
2025-07-02T07:43:00+02:00;30608_G;50;3;0;unknown;0
2025-07-02T07:43:00+02:00;30611_D;50;8;0;unknown;0
2025-07-02T07:43:00+02:00;30611_G;50;8;0;unknown;0
2025-07-02T07:43:00+02:00;31;75;6;100;freeFlow;7
2025-07-02T07:43:00+02:00;31286;40;4;75;freeFlow;2
2025-07-02T07:43:00+02:00;31287;43;1;60;freeFlow;1
2025-07-02T07:43:00+02:00;31288;43;4;60;freeFlow;1
2025-07-02T07:43:00+02:00;31289;36;3;75;freeFlow;2
2025-07-02T07:43:00+02:00;31300_D;44;1;15;freeFlow;1
2025-07-02T07:43:00+02:00;31300_G;36;1;57;freeFlow;1
2025-07-02T07:43:00+02:00;31302_D;35;1;60;heavy;1
2025-07-02T07:43:00+02:00;31302_G;43;1;60;freeFlow;1
2025-07-02T07:43:00+02:00;31304_D;40;27;60;freeFlow;1
2025-07-02T07:43:00+02:00;31305_D;27;28;42;heavy;1
2025-07-02T07:43:00+02:00;31305_G;34;22;57;heavy;1
2025-07-02T07:43:00+02:00;31361_D;45;1;42;freeFlow;1
2025-07-02T07:43:00+02:00;31361_G;27;1;57;heavy;1
2025-07-02T07:43:00+02:00;31444_D;47;53;60;heavy;1
2025-07-02T07:43:00+02:00;31444_G;65;38;90;freeFlow;3
2025-07-02T07:43:00+02:00;31448;39;3;90;heavy;3
2025-07-02T07:43:00+02:00;31449;59;3;67;freeFlow;2
2025-07-02T07:43:00+02:00;31450;27;5;60;heavy;1
2025-07-02T07:43:00+02:00;31451;56;2;42;freeFlow;1
2025-07-02T07:43:00+02:00;31453_D;72;22;35;freeFlow;1
2025-07-02T07:43:00+02:00;31453_G;48;34;60;heavy;1
2025-07-02T07:43:00+02:00;31511;66;22;60;freeFlow;2
2025-07-02T07:43:00+02:00;31512;90;27;100;freeFlow;4
2025-07-02T07:43:00+02:00;31513;88;25;100;freeFlow;4
2025-07-02T07:43:00+02:00;31515;21;5;93;heavy;4
2025-07-02T07:43:00+02:00;31517;16;8;93;heavy;4
2025-07-02T07:43:00+02:00;31520;45;2;100;freeFlow;3
2025-07-02T07:43:00+02:00;31522;44;4;94;freeFlow;4
2025-07-02T07:43:00+02:00;31523_D;39;5;93;freeFlow;3
2025-07-02T07:43:00+02:00;31523_G;41;5;75;freeFlow;2
2025-07-02T07:43:00+02:00;31530_D;57;7;60;freeFlow;1
2025-07-02T07:43:00+02:00;31530_G;31;12;93;heavy;3
2025-07-02T07:43:00+02:00;31532_D;57;3;60;freeFlow;1
2025-07-02T07:43:00+02:00;31532_G;46;4;93;heavy;3
2025-07-02T07:43:00+02:00;31534;81;5;100;freeFlow;6
2025-07-02T07:43:00+02:00;31536;48;19;100;heavy;4
2025-07-02T07:43:00+02:00;31550;81;12;100;freeFlow;10
2025-07-02T07:43:00+02:00;31551;80;9;100;freeFlow;10
2025-07-02T07:43:00+02:00;31553;74;14;100;freeFlow;11
2025-07-02T07:43:00+02:00;31557;60;6;75;freeFlow;2
2025-07-02T07:43:00+02:00;31558_D;50;23;75;freeFlow;2
2025-07-02T07:43:00+02:00;31558_G;36;31;25;freeFlow;1
2025-07-02T07:43:00+02:00;31559;53;9;75;freeFlow;2
2025-07-02T07:43:00+02:00;31561;53;7;75;freeFlow;2
2025-07-02T07:43:00+02:00;31562;40;10;55;freeFlow;1
2025-07-02T07:43:00+02:00;31563;63;6;20;freeFlow;1
2025-07-02T07:43:00+02:00;31568;42;9;25;heavy;1
2025-07-02T07:43:00+02:00;31569;98;6;25;freeFlow;1
2025-07-02T07:43:00+02:00;31583_D;64;12;12;freeFlow;1
2025-07-02T07:43:00+02:00;31583_G;84;9;27;freeFlow;1
2025-07-02T07:43:00+02:00;31670_D;78;6;57;freeFlow;1
2025-07-02T07:43:00+02:00;31670_G;42;11;60;freeFlow;1
2025-07-02T07:43:00+02:00;31672_D;37;54;50;heavy;2
2025-07-02T07:43:00+02:00;31672_G;72;27;73;freeFlow;2
2025-07-02T07:43:00+02:00;31673;87;15;100;freeFlow;6
2025-07-02T07:43:00+02:00;31674;86;15;100;freeFlow;15
2025-07-02T07:43:00+02:00;31708_D;32;6;10;freeFlow;1
2025-07-02T07:43:00+02:00;31708_G;45;4;30;freeFlow;1
2025-07-02T07:43:00+02:00;31709_D;56;6;12;freeFlow;1
2025-07-02T07:43:00+02:00;31709_G;52;7;30;freeFlow;1
2025-07-02T07:43:00+02:00;31716_D;29;7;10;freeFlow;1
2025-07-02T07:43:00+02:00;31716_G;45;4;30;freeFlow;1
2025-07-02T07:43:00+02:00;31717_D;32;16;10;freeFlow;1
2025-07-02T07:43:00+02:00;31717_G;45;11;30;freeFlow;1
2025-07-02T07:43:00+02:00;31720_D;35;3;10;freeFlow;1
2025-07-02T07:43:00+02:00;31720_G;45;3;30;freeFlow;1
2025-07-02T07:43:00+02:00;31722_D;45;6;30;freeFlow;1
2025-07-02T07:43:00+02:00;31722_G;35;8;10;freeFlow;1
2025-07-02T07:43:00+02:00;31723;40;5;60;freeFlow;1
2025-07-02T07:43:00+02:00;31724;43;4;66;freeFlow;2
2025-07-02T07:43:00+02:00;31725;60;3;65;freeFlow;2
2025-07-02T07:43:00+02:00;31726;40;6;60;freeFlow;1
2025-07-02T07:43:00+02:00;31727_D;45;8;30;freeFlow;1
2025-07-02T07:43:00+02:00;31727_G;35;10;10;freeFlow;1
2025-07-02T07:43:00+02:00;31878;52;3;60;heavy;1
2025-07-02T07:43:00+02:00;31879;55;3;38;heavy;1
2025-07-02T07:43:00+02:00;31880;72;3;100;freeFlow;6
2025-07-02T07:43:00+02:00;31881;80;4;60;freeFlow;1
2025-07-02T07:43:00+02:00;31882;107;1;50;freeFlow;1
2025-07-02T07:43:00+02:00;32;69;18;100;freeFlow;6
2025-07-02T07:43:00+02:00;32118;80;1;100;freeFlow;14
2025-07-02T07:43:00+02:00;32163_D;35;3;10;freeFlow;1
2025-07-02T07:43:00+02:00;32163_G;45;2;30;freeFlow;1
2025-07-02T07:43:00+02:00;32165_D;18;4;57;heavy;2
2025-07-02T07:43:00+02:00;32165_G;33;2;55;heavy;1
2025-07-02T07:43:00+02:00;32177_D;65;9;38;freeFlow;1
2025-07-02T07:43:00+02:00;32177_G;46;13;60;heavy;1
2025-07-02T07:43:00+02:00;32784_D;33;2;42;heavy;1
2025-07-02T07:43:00+02:00;32784_G;13;6;57;congested;1
2025-07-02T07:43:00+02:00;32785;33;2;57;heavy;1
2025-07-02T07:43:00+02:00;32786;41;2;42;freeFlow;1
2025-07-02T07:43:00+02:00;32788;37;2;42;freeFlow;1
2025-07-02T07:43:00+02:00;32790;33;2;57;heavy;1
2025-07-02T07:43:00+02:00;32791;33;3;42;heavy;1
2025-07-02T07:43:00+02:00;32794;27;2;57;heavy;1
2025-07-02T07:43:00+02:00;32796;27;2;57;heavy;1
2025-07-02T07:43:00+02:00;33;62;41;100;heavy;6
2025-07-02T07:43:00+02:00;34;94;28;100;freeFlow;5
2025-07-02T07:43:00+02:00;34744;100;33;100;freeFlow;4
2025-07-02T07:43:00+02:00;34745;95;34;100;freeFlow;5
2025-07-02T07:43:00+02:00;34757_D;9;10;52;congested;1
2025-07-02T07:43:00+02:00;34757_G;46;2;38;freeFlow;1
2025-07-02T07:43:00+02:00;34758_D;13;63;52;congested;1
2025-07-02T07:43:00+02:00;34758_G;35;23;59;heavy;2
2025-07-02T07:43:00+02:00;35;92;58;100;freeFlow;4
2025-07-02T07:43:00+02:00;35072;92;28;100;freeFlow;9
2025-07-02T07:43:00+02:00;35077;97;43;100;freeFlow;9
2025-07-02T07:43:00+02:00;35086;92;44;100;freeFlow;6
2025-07-02T07:43:00+02:00;35092;44;6;75;heavy;2
2025-07-02T07:43:00+02:00;35096;96;17;100;freeFlow;6
2025-07-02T07:43:00+02:00;35098;96;39;100;freeFlow;6
2025-07-02T07:43:00+02:00;35103;60;13;75;freeFlow;2
2025-07-02T07:43:00+02:00;35869_D;41;1;50;freeFlow;1
2025-07-02T07:43:00+02:00;35869_G;38;1;40;freeFlow;1
2025-07-02T07:43:00+02:00;35870_D;20;28;52;heavy;1
2025-07-02T07:43:00+02:00;35870_G;40;14;40;freeFlow;1
2025-07-02T07:43:00+02:00;35940;38;8;27;freeFlow;1
2025-07-02T07:43:00+02:00;35942;30;2;0;unknown;0
2025-07-02T07:43:00+02:00;35943;30;2;0;unknown;0
2025-07-02T07:43:00+02:00;35944;34;3;60;freeFlow;1
2025-07-02T07:43:00+02:00;35945;34;2;60;freeFlow;1
2025-07-02T07:43:00+02:00;35946_D;24;2;0;unknown;0
2025-07-02T07:43:00+02:00;35946_G;34;1;60;freeFlow;1
2025-07-02T07:43:00+02:00;35947;34;9;60;freeFlow;1
2025-07-02T07:43:00+02:00;35948;34;7;60;freeFlow;1
2025-07-02T07:43:00+02:00;35949;38;6;27;freeFlow;1
2025-07-02T07:43:00+02:00;35950;30;12;0;unknown;0
2025-07-02T07:43:00+02:00;35951;30;5;0;unknown;0
2025-07-02T07:43:00+02:00;35952;30;11;0;unknown;0
2025-07-02T07:43:00+02:00;35953;34;3;50;heavy;1
2025-07-02T07:43:00+02:00;35954;26;3;40;heavy;1
2025-07-02T07:43:00+02:00;35955;27;4;60;heavy;1
2025-07-02T07:43:00+02:00;35956;34;1;60;heavy;1
2025-07-02T07:43:00+02:00;35957_D;30;2;0;unknown;0
2025-07-02T07:43:00+02:00;35957_G;34;1;60;freeFlow;1
2025-07-02T07:43:00+02:00;35959_D;27;2;10;freeFlow;1
2025-07-02T07:43:00+02:00;35959_G;34;1;60;freeFlow;1
2025-07-02T07:43:00+02:00;35960;34;9;60;freeFlow;1
2025-07-02T07:43:00+02:00;35961;34;14;60;freeFlow;1
2025-07-02T07:43:00+02:00;35962;34;10;60;freeFlow;1
2025-07-02T07:43:00+02:00;35963;30;6;0;unknown;0
2025-07-02T07:43:00+02:00;35964;30;6;0;unknown;0
2025-07-02T07:43:00+02:00;35965;30;20;10;freeFlow;1
2025-07-02T07:43:00+02:00;35971;30;20;0;unknown;0
2025-07-02T07:43:00+02:00;35972;38;9;27;freeFlow;1
2025-07-02T07:43:00+02:00;35973;34;7;60;freeFlow;1
2025-07-02T07:43:00+02:00;35985_D;50;1;0;unknown;0
2025-07-02T07:43:00+02:00;35985_G;21;5;57;heavy;1
2025-07-02T07:43:00+02:00;35986_D;14;50;38;congested;1
2025-07-02T07:43:00+02:00;35986_G;45;16;38;freeFlow;1
2025-07-02T07:43:00+02:00;35994_D;30;1;0;unknown;0
2025-07-02T07:43:00+02:00;35994_G;30;1;0;unknown;0
2025-07-02T07:43:00+02:00;35998;37;6;69;freeFlow;2
2025-07-02T07:43:00+02:00;35999;25;7;60;heavy;1
2025-07-02T07:43:00+02:00;36000;18;11;92;heavy;3
2025-07-02T07:43:00+02:00;36001;29;6;60;heavy;1
2025-07-02T07:43:00+02:00;36003_D;43;1;52;freeFlow;1
2025-07-02T07:43:00+02:00;36003_G;109;1;55;freeFlow;1
2025-07-02T07:43:00+02:00;36004_D;57;37;55;freeFlow;1
2025-07-02T07:43:00+02:00;36004_G;109;19;55;freeFlow;1
2025-07-02T07:43:00+02:00;36005;30;2;0;unknown;0
2025-07-02T07:43:00+02:00;36006;38;2;27;freeFlow;1
2025-07-02T07:43:00+02:00;36007;30;2;0;unknown;0
2025-07-02T07:43:00+02:00;36010_D;30;1;0;unknown;0
2025-07-02T07:43:00+02:00;36010_G;30;1;0;unknown;0
2025-07-02T07:43:00+02:00;36011;30;10;0;unknown;0
2025-07-02T07:43:00+02:00;36012_D;30;2;0;unknown;0
2025-07-02T07:43:00+02:00;36012_G;38;2;27;freeFlow;1
2025-07-02T07:43:00+02:00;37200_D;35;7;57;freeFlow;1
2025-07-02T07:43:00+02:00;37200_G;109;2;55;freeFlow;1
2025-07-02T07:43:00+02:00;37201;37;6;60;freeFlow;1
2025-07-02T07:43:00+02:00;37202;33;9;75;heavy;2
2025-07-02T07:43:00+02:00;37203;43;12;60;freeFlow;1
2025-07-02T07:43:00+02:00;37204_D;30;3;60;heavy;1
2025-07-02T07:43:00+02:00;37204_G;16;6;48;heavy;1
2025-07-02T07:43:00+02:00;37205_D;52;4;60;freeFlow;1
2025-07-02T07:43:00+02:00;37205_G;27;7;48;heavy;1
2025-07-02T07:43:00+02:00;37206_D;31;16;60;heavy;1
2025-07-02T07:43:00+02:00;37206_G;59;8;48;freeFlow;1
2025-07-02T07:43:00+02:00;37207;25;3;60;heavy;1
2025-07-02T07:43:00+02:00;37208;59;2;48;freeFlow;1
2025-07-02T07:43:00+02:00;37209;25;3;60;heavy;1
2025-07-02T07:43:00+02:00;37210_D;25;2;60;heavy;1
2025-07-02T07:43:00+02:00;37210_G;59;1;48;freeFlow;1
2025-07-02T07:43:00+02:00;37211_D;38;70;75;freeFlow;2
2025-07-02T07:43:00+02:00;37211_G;59;45;48;freeFlow;1
2025-07-02T07:43:00+02:00;37239;23;8;65;freeFlow;2
2025-07-02T07:43:00+02:00;37240;28;6;57;freeFlow;1
2025-07-02T07:43:00+02:00;37241;25;7;57;freeFlow;1
2025-07-02T07:43:00+02:00;37242;109;2;55;freeFlow;1
2025-07-02T07:43:00+02:00;37243_D;16;5;57;heavy;1
2025-07-02T07:43:00+02:00;37243_G;109;1;55;freeFlow;1
2025-07-02T07:43:00+02:00;37244_D;30;2;0;unknown;0
2025-07-02T07:43:00+02:00;37244_G;38;2;27;freeFlow;1
2025-07-02T07:43:00+02:00;37246_D;29;3;57;freeFlow;1
2025-07-02T07:43:00+02:00;37246_G;109;1;55;freeFlow;1
2025-07-02T07:43:00+02:00;37422_D;38;25;57;freeFlow;1
2025-07-02T07:43:00+02:00;37422_G;32;31;63;heavy;2
2025-07-02T07:43:00+02:00;37467_D;24;16;55;heavy;1
2025-07-02T07:43:00+02:00;37467_G;30;13;52;heavy;1
2025-07-02T07:43:00+02:00;37508_D;30;35;70;heavy;2
2025-07-02T07:43:00+02:00;37508_G;41;26;73;freeFlow;2
2025-07-02T07:43:00+02:00;37509_D;11;7;72;congested;2
2025-07-02T07:43:00+02:00;37509_G;37;2;57;freeFlow;1
2025-07-02T07:43:00+02:00;37564_D;78;20;15;freeFlow;1
2025-07-02T07:43:00+02:00;37564_G;47;33;42;heavy;1
2025-07-02T07:43:00+02:00;37565_D;52;16;25;freeFlow;1
2025-07-02T07:43:00+02:00;37565_G;47;17;42;heavy;1
2025-07-02T07:43:00+02:00;37586_D;37;2;60;freeFlow;1
2025-07-02T07:43:00+02:00;37586_G;109;1;55;freeFlow;1
2025-07-02T07:43:00+02:00;37588_D;68;8;60;freeFlow;1
2025-07-02T07:43:00+02:00;37588_G;55;10;17;freeFlow;1
2025-07-02T07:43:00+02:00;37620_D;30;2;25;heavy;1
2025-07-02T07:43:00+02:00;37620_G;29;3;12;heavy;1
2025-07-02T07:43:00+02:00;37621;109;2;55;freeFlow;1
2025-07-02T07:43:00+02:00;37622;36;6;60;freeFlow;1
2025-07-02T07:43:00+02:00;37625_D;59;16;25;freeFlow;1
2025-07-02T07:43:00+02:00;37625_G;19;48;15;heavy;1
2025-07-02T07:43:00+02:00;37665_D;5;17;55;congested;1
2025-07-02T07:43:00+02:00;37665_G;41;2;52;freeFlow;1
2025-07-02T07:43:00+02:00;37667;46;27;75;heavy;2
2025-07-02T07:43:00+02:00;37668;53;8;75;freeFlow;2
2025-07-02T07:43:00+02:00;37673;36;10;75;heavy;2
2025-07-02T07:43:00+02:00;37686_D;44;14;60;freeFlow;1
2025-07-02T07:43:00+02:00;37686_G;36;18;60;freeFlow;1
2025-07-02T07:43:00+02:00;37702_D;20;14;60;heavy;1
2025-07-02T07:43:00+02:00;37702_G;13;19;40;congested;1
2025-07-02T07:43:00+02:00;37706_D;13;4;40;congested;1
2025-07-02T07:43:00+02:00;37706_G;20;3;60;heavy;1
2025-07-02T07:43:00+02:00;37707_D;46;1;55;freeFlow;1
2025-07-02T07:43:00+02:00;37707_G;41;2;52;freeFlow;1
2025-07-02T07:43:00+02:00;37708_D;50;18;57;freeFlow;1
2025-07-02T07:43:00+02:00;37708_G;14;66;60;heavy;1
2025-07-02T07:43:00+02:00;37712_D;17;11;60;heavy;1
2025-07-02T07:43:00+02:00;37712_G;22;9;60;freeFlow;1
2025-07-02T07:43:00+02:00;37724;33;4;100;heavy;3
2025-07-02T07:43:00+02:00;37725;31;2;68;heavy;2
2025-07-02T07:43:00+02:00;37726;32;3;75;heavy;2
2025-07-02T07:43:00+02:00;37727;40;3;92;freeFlow;3
2025-07-02T07:43:00+02:00;37728;35;3;60;heavy;1
2025-07-02T07:43:00+02:00;37729;61;92;73;heavy;3
2025-07-02T07:43:00+02:00;37730;32;4;75;heavy;2
2025-07-02T07:43:00+02:00;37732;87;42;88;freeFlow;3
2025-07-02T07:43:00+02:00;37737;86;47;100;freeFlow;11
2025-07-02T07:43:00+02:00;37738;38;2;100;heavy;3
2025-07-02T07:43:00+02:00;37739;38;4;100;heavy;5
2025-07-02T07:43:00+02:00;37740;40;4;100;heavy;4
2025-07-02T07:43:00+02:00;37741;40;1;100;heavy;4
2025-07-02T07:43:00+02:00;37742;41;3;100;heavy;4
2025-07-02T07:43:00+02:00;37743;43;3;100;heavy;4
2025-07-02T07:43:00+02:00;37744;36;5;100;heavy;4
2025-07-02T07:43:00+02:00;37745;41;2;100;heavy;3
2025-07-02T07:43:00+02:00;37749;77;50;100;freeFlow;9
2025-07-02T07:43:00+02:00;37750;87;31;100;freeFlow;12
2025-07-02T07:43:00+02:00;37751;58;17;75;freeFlow;2
2025-07-02T07:43:00+02:00;37752;69;9;100;freeFlow;3
2025-07-02T07:43:00+02:00;37753;80;33;100;freeFlow;9
2025-07-02T07:43:00+02:00;37784;58;2;60;freeFlow;1
2025-07-02T07:43:00+02:00;37785;57;2;60;freeFlow;1
2025-07-02T07:43:00+02:00;37786;32;3;81;heavy;3
2025-07-02T07:43:00+02:00;37787_D;38;39;99;heavy;4
2025-07-02T07:43:00+02:00;37787_G;60;25;57;freeFlow;1
2025-07-02T07:43:00+02:00;37818;96;48;100;freeFlow;10
2025-07-02T07:43:00+02:00;37819;94;59;100;freeFlow;6
2025-07-02T07:43:00+02:00;37822;94;9;100;freeFlow;5
2025-07-02T07:43:00+02:00;37826;50;1;0;unknown;0
2025-07-02T07:43:00+02:00;37827;33;1;75;heavy;2
2025-07-02T07:43:00+02:00;37941;81;61;70;freeFlow;4
2025-07-02T07:43:00+02:00;37947;94;7;99;freeFlow;4
2025-07-02T07:43:00+02:00;37948;93;74;100;freeFlow;8
2025-07-02T07:43:00+02:00;37949;90;77;100;freeFlow;5
2025-07-02T07:43:00+02:00;37950;76;9;94;freeFlow;9
2025-07-02T07:43:00+02:00;37970;86;16;88;freeFlow;5
2025-07-02T07:43:00+02:00;38;68;21;100;freeFlow;6
2025-07-02T07:43:00+02:00;38067;102;11;100;freeFlow;9
2025-07-02T07:43:00+02:00;38068;37;6;60;heavy;1
2025-07-02T07:43:00+02:00;38069;71;4;60;freeFlow;1
2025-07-02T07:43:00+02:00;38070;94;9;100;freeFlow;3
2025-07-02T07:43:00+02:00;38310;39;2;57;freeFlow;1
2025-07-02T07:43:00+02:00;38311;39;2;57;freeFlow;1
2025-07-02T07:43:00+02:00;38317;95;2;100;freeFlow;6
2025-07-02T07:43:00+02:00;38318;91;29;100;freeFlow;6
2025-07-02T07:43:00+02:00;38319;98;21;100;freeFlow;12
2025-07-02T07:43:00+02:00;38322;59;3;100;freeFlow;3
2025-07-02T07:43:00+02:00;38378_D;74;10;75;freeFlow;2
2025-07-02T07:43:00+02:00;38378_G;71;10;59;freeFlow;1
2025-07-02T07:43:00+02:00;38389_D;72;15;75;freeFlow;2
2025-07-02T07:43:00+02:00;38389_G;73;15;57;freeFlow;1
2025-07-02T07:43:00+02:00;39061;87;3;100;freeFlow;3
2025-07-02T07:43:00+02:00;39062;87;1;100;freeFlow;3
2025-07-02T07:43:00+02:00;39063;92;4;100;freeFlow;3
2025-07-02T07:43:00+02:00;39473;61;33;100;heavy;5
2025-07-02T07:43:00+02:00;39618;100;3;100;freeFlow;10
2025-07-02T07:43:00+02:00;39619;100;2;100;freeFlow;10
2025-07-02T07:43:00+02:00;39720_D;41;30;57;freeFlow;1
2025-07-02T07:43:00+02:00;39720_G;109;11;55;freeFlow;1
2025-07-02T07:43:00+02:00;39902_D;77;1;75;freeFlow;2
2025-07-02T07:43:00+02:00;39902_G;72;1;57;freeFlow;1
2025-07-02T07:43:00+02:00;39904_D;73;1;75;freeFlow;2
2025-07-02T07:43:00+02:00;39904_G;69;1;60;freeFlow;1
2025-07-02T07:43:00+02:00;39906_D;72;7;75;freeFlow;2
2025-07-02T07:43:00+02:00;39906_G;68;7;60;freeFlow;1
2025-07-02T07:43:00+02:00;40185_D;16;8;60;congested;1
2025-07-02T07:43:00+02:00;40185_G;61;0;60;freeFlow;1
2025-07-02T07:43:00+02:00;40201;22;1;55;heavy;1
2025-07-02T07:43:00+02:00;40202;22;3;55;heavy;1
2025-07-02T07:43:00+02:00;40203;59;1;60;freeFlow;1
2025-07-02T07:43:00+02:00;40212_D;63;2;57;freeFlow;2
2025-07-02T07:43:00+02:00;40212_G;87;1;75;freeFlow;2
2025-07-02T07:43:00+02:00;40213_D;81;1;55;freeFlow;2
2025-07-02T07:43:00+02:00;40213_G;78;1;60;freeFlow;1
2025-07-02T07:43:00+02:00;41631_D;4;51;60;congested;1
2025-07-02T07:43:00+02:00;41631_G;30;7;0;unknown;0
2025-07-02T07:43:00+02:00;41632_D;30;5;0;unknown;0
2025-07-02T07:43:00+02:00;41632_G;25;5;60;freeFlow;1
2025-07-02T07:43:00+02:00;41652_D;8;28;75;congested;2
2025-07-02T07:43:00+02:00;41683_D;70;15;0;unknown;0
2025-07-02T07:43:00+02:00;41683_G;32;33;60;heavy;1
2025-07-02T07:43:00+02:00;41709_D;30;15;0;unknown;0
2025-07-02T07:43:00+02:00;41709_G;25;19;60;freeFlow;1
2025-07-02T07:43:00+02:00;41712_D;30;7;0;unknown;0
2025-07-02T07:43:00+02:00;41712_G;25;9;60;freeFlow;1
2025-07-02T07:43:00+02:00;41713_D;10;12;75;heavy;2
2025-07-02T07:43:00+02:00;41713_G;8;14;60;congested;1
2025-07-02T07:43:00+02:00;41729;37;2;60;freeFlow;1
2025-07-02T07:43:00+02:00;41730;50;1;0;unknown;0
2025-07-02T07:43:00+02:00;41731;50;1;0;unknown;0
2025-07-02T07:43:00+02:00;41753_D;33;6;60;freeFlow;1
2025-07-02T07:43:00+02:00;41753_G;13;14;57;heavy;1
2025-07-02T07:43:00+02:00;41764_D;30;2;0;unknown;0
2025-07-02T07:43:00+02:00;41764_G;25;2;60;freeFlow;1
2025-07-02T07:43:00+02:00;41781;37;2;60;freeFlow;1
2025-07-02T07:43:00+02:00;41782;37;2;60;freeFlow;1
2025-07-02T07:43:00+02:00;41783;33;2;75;heavy;2
2025-07-02T07:43:00+02:00;41784;27;2;75;heavy;2
2025-07-02T07:43:00+02:00;41809_D;33;7;60;freeFlow;1
2025-07-02T07:43:00+02:00;41809_G;26;9;57;freeFlow;1
2025-07-02T07:43:00+02:00;41810_D;33;2;60;freeFlow;1
2025-07-02T07:43:00+02:00;41810_G;45;1;57;freeFlow;1
2025-07-02T07:43:00+02:00;41811_D;33;8;60;freeFlow;1
2025-07-02T07:43:00+02:00;41811_G;23;11;57;freeFlow;1
2025-07-02T07:43:00+02:00;41812_D;33;5;60;freeFlow;1
2025-07-02T07:43:00+02:00;41812_G;15;13;57;heavy;1
2025-07-02T07:43:00+02:00;41813_D;33;4;60;freeFlow;1
2025-07-02T07:43:00+02:00;41813_G;7;20;57;congested;1
2025-07-02T07:43:00+02:00;41814_D;34;6;60;freeFlow;1
2025-07-02T07:43:00+02:00;41814_G;7;31;57;congested;1
2025-07-02T07:43:00+02:00;41815_D;34;6;60;freeFlow;1
2025-07-02T07:43:00+02:00;41815_G;30;7;0;unknown;0
2025-07-02T07:43:00+02:00;41817_D;34;5;60;freeFlow;1
2025-07-02T07:43:00+02:00;41817_G;30;6;0;unknown;0
2025-07-02T07:43:00+02:00;41818_D;34;2;60;freeFlow;1
2025-07-02T07:43:00+02:00;41818_G;30;2;0;unknown;0
2025-07-02T07:43:00+02:00;42028;37;13;60;freeFlow;1
2025-07-02T07:43:00+02:00;42029;43;35;75;freeFlow;2
2025-07-02T07:43:00+02:00;42030;32;48;75;heavy;2
2025-07-02T07:43:00+02:00;42031;54;28;100;freeFlow;3
2025-07-02T07:43:00+02:00;42047;107;3;52;freeFlow;1
2025-07-02T07:43:00+02:00;42049;50;2;0;unknown;0
2025-07-02T07:43:00+02:00;42050;31;2;73;heavy;2
2025-07-02T07:43:00+02:00;42051;23;21;75;congested;2
2025-07-02T07:43:00+02:00;42125_D;61;19;32;freeFlow;1
2025-07-02T07:43:00+02:00;42125_G;42;27;75;freeFlow;2
2025-07-02T07:43:00+02:00;42134;69;34;75;freeFlow;2
2025-07-02T07:43:00+02:00;42135;74;37;100;freeFlow;4
2025-07-02T07:43:00+02:00;42206_D;36;26;45;freeFlow;1
2025-07-02T07:43:00+02:00;42238_D;30;12;60;heavy;1
2025-07-02T07:43:00+02:00;42257;107;5;52;freeFlow;1
2025-07-02T07:43:00+02:00;42273_D;30;6;0;unknown;0
2025-07-02T07:43:00+02:00;42273_G;25;8;60;freeFlow;1
2025-07-02T07:43:00+02:00;42293_D;33;2;60;freeFlow;1
2025-07-02T07:43:00+02:00;42293_G;11;5;57;heavy;1
2025-07-02T07:43:00+02:00;42307_D;107;7;52;freeFlow;1
2025-07-02T07:43:00+02:00;42307_G;56;14;55;freeFlow;1
2025-07-02T07:43:00+02:00;42359;26;25;100;congested;3
2025-07-02T07:43:00+02:00;42375;42;1;42;freeFlow;1
2025-07-02T07:43:00+02:00;42378_D;33;1;60;freeFlow;1
2025-07-02T07:43:00+02:00;42378_G;12;4;57;heavy;1
2025-07-02T07:43:00+02:00;42379;73;36;60;freeFlow;1
2025-07-02T07:43:00+02:00;42383;37;2;60;freeFlow;1
2025-07-02T07:43:00+02:00;42384;25;2;20;heavy;1
2025-07-02T07:43:00+02:00;42385;33;2;75;heavy;2
2025-07-02T07:43:00+02:00;42386;20;3;75;heavy;2
2025-07-02T07:43:00+02:00;42387;50;4;75;freeFlow;2
2025-07-02T07:43:00+02:00;42388;24;4;100;heavy;6
2025-07-02T07:43:00+02:00;42389;26;6;100;heavy;4
2025-07-02T07:43:00+02:00;42390;25;5;100;heavy;6
2025-07-02T07:43:00+02:00;42391;102;1;55;freeFlow;1
2025-07-02T07:43:00+02:00;42392;25;4;100;heavy;3
2025-07-02T07:43:00+02:00;42399;12;22;75;congested;2
2025-07-02T07:43:00+02:00;42401_D;75;17;55;freeFlow;1
2025-07-02T07:43:00+02:00;42401_G;56;23;55;freeFlow;1
2025-07-02T07:43:00+02:00;42572;26;2;100;heavy;3
2025-07-02T07:43:00+02:00;42573;35;1;100;heavy;3
2025-07-02T07:43:00+02:00;42580;29;4;60;heavy;1
2025-07-02T07:43:00+02:00;42595_D;30;6;0;unknown;0
2025-07-02T07:43:00+02:00;42595_G;28;7;60;freeFlow;1
2025-07-02T07:43:00+02:00;42603;41;13;75;freeFlow;2
2025-07-02T07:43:00+02:00;42663_D;50;5;0;unknown;0
2025-07-02T07:43:00+02:00;42663_G;49;5;60;freeFlow;1
2025-07-02T07:43:00+02:00;42681_D;70;13;0;unknown;0
2025-07-02T07:43:00+02:00;42681_G;33;28;60;heavy;1
2025-07-02T07:43:00+02:00;42684_D;31;2;60;freeFlow;1
2025-07-02T07:43:00+02:00;42684_G;30;2;0;unknown;0
2025-07-02T07:43:00+02:00;42685;42;63;100;heavy;6
2025-07-02T07:43:00+02:00;42709_D;56;17;55;freeFlow;1
2025-07-02T07:43:00+02:00;42709_G;48;19;95;freeFlow;3
2025-07-02T07:43:00+02:00;42777_D;7;24;70;congested;2
2025-07-02T07:43:00+02:00;42777_G;22;7;57;heavy;1
2025-07-02T07:43:00+02:00;42778_D;29;2;50;heavy;1
2025-07-02T07:43:00+02:00;42778_G;26;3;57;heavy;1
2025-07-02T07:43:00+02:00;42779;50;2;0;unknown;0
2025-07-02T07:43:00+02:00;42780_D;37;11;50;freeFlow;1
2025-07-02T07:43:00+02:00;42780_G;52;8;57;freeFlow;1
2025-07-02T07:43:00+02:00;42938_D;50;6;0;unknown;0
2025-07-02T07:43:00+02:00;42938_G;27;11;32;heavy;1
2025-07-02T07:43:00+02:00;42939_D;50;4;0;unknown;0
2025-07-02T07:43:00+02:00;42939_G;30;8;32;heavy;1
2025-07-02T07:43:00+02:00;42940_D;52;8;10;freeFlow;1
2025-07-02T07:43:00+02:00;42940_G;27;16;30;heavy;1
2025-07-02T07:43:00+02:00;42941_D;50;3;0;unknown;0
2025-07-02T07:43:00+02:00;42941_G;19;7;30;heavy;1
2025-07-02T07:43:00+02:00;42947_D;37;12;22;freeFlow;1
2025-07-02T07:43:00+02:00;42947_G;50;9;0;unknown;0
2025-07-02T07:43:00+02:00;42948_D;30;8;22;heavy;1
2025-07-02T07:43:00+02:00;42948_G;50;5;0;unknown;0
2025-07-02T07:43:00+02:00;42949_D;30;9;22;heavy;1
2025-07-02T07:43:00+02:00;42949_G;50;5;0;unknown;0
2025-07-02T07:43:00+02:00;42978_D;50;11;0;unknown;0
2025-07-02T07:43:00+02:00;42978_G;33;17;32;heavy;1
2025-07-02T07:43:00+02:00;42979_D;50;3;0;unknown;0
2025-07-02T07:43:00+02:00;42979_G;29;5;32;heavy;1
2025-07-02T07:43:00+02:00;42983_D;50;8;0;unknown;0
2025-07-02T07:43:00+02:00;42983_G;30;13;32;heavy;1
2025-07-02T07:43:00+02:00;42999_D;50;12;0;unknown;0
2025-07-02T07:43:00+02:00;42999_G;4;169;26;congested;1
2025-07-02T07:43:00+02:00;43000_D;50;5;0;unknown;0
2025-07-02T07:43:00+02:00;43000_G;22;11;22;heavy;1
2025-07-02T07:43:00+02:00;43001_D;50;4;0;unknown;0
2025-07-02T07:43:00+02:00;43001_G;22;9;22;heavy;1
2025-07-02T07:43:00+02:00;43003_D;50;3;0;unknown;0
2025-07-02T07:43:00+02:00;43003_G;22;7;22;heavy;1
2025-07-02T07:43:00+02:00;43027_D;50;5;0;unknown;0
2025-07-02T07:43:00+02:00;43027_G;30;8;32;heavy;1
2025-07-02T07:43:00+02:00;43029_D;30;14;22;heavy;1
2025-07-02T07:43:00+02:00;43029_G;50;8;0;unknown;0
2025-07-02T07:43:00+02:00;43046_D;56;5;30;freeFlow;1
2025-07-02T07:43:00+02:00;43046_G;57;5;45;freeFlow;1
2025-07-02T07:43:00+02:00;43047_D;50;4;0;unknown;0
2025-07-02T07:43:00+02:00;43047_G;57;3;45;freeFlow;1
2025-07-02T07:43:00+02:00;43048_D;50;5;0;unknown;0
2025-07-02T07:43:00+02:00;43048_G;57;5;45;freeFlow;1
2025-07-02T07:43:00+02:00;43049_D;30;4;0;unknown;0
2025-07-02T07:43:00+02:00;43049_G;17;7;35;heavy;1
2025-07-02T07:43:00+02:00;43050_D;50;3;0;unknown;0
2025-07-02T07:43:00+02:00;43050_G;32;5;32;heavy;1
2025-07-02T07:43:00+02:00;43099;19;4;44;heavy;1
2025-07-02T07:43:00+02:00;43352_G;20;24;60;heavy;1
2025-07-02T07:43:00+02:00;43451_D;30;15;0;unknown;0
2025-07-02T07:43:00+02:00;43481;34;21;60;heavy;1
2025-07-02T07:43:00+02:00;43627;37;17;75;freeFlow;2
2025-07-02T07:43:00+02:00;43658_D;6;32;48;congested;1
2025-07-02T07:43:00+02:00;43658_G;35;5;60;freeFlow;1
2025-07-02T07:43:00+02:00;43718_D;50;3;0;unknown;0
2025-07-02T07:43:00+02:00;43718_G;50;3;0;unknown;0
2025-07-02T07:43:00+02:00;43719_D;50;9;0;unknown;0
2025-07-02T07:43:00+02:00;43719_G;50;9;0;unknown;0
2025-07-02T07:43:00+02:00;43720_D;50;4;0;unknown;0
2025-07-02T07:43:00+02:00;43720_G;50;4;0;unknown;0
2025-07-02T07:43:00+02:00;43724_D;50;8;0;unknown;0
2025-07-02T07:43:00+02:00;43724_G;14;29;35;congested;1
2025-07-02T07:43:00+02:00;43733_D;50;4;0;unknown;0
2025-07-02T07:43:00+02:00;43733_G;22;9;22;heavy;1
2025-07-02T07:43:00+02:00;43736_D;50;4;0;unknown;0
2025-07-02T07:43:00+02:00;43736_G;50;4;0;unknown;0
2025-07-02T07:43:00+02:00;43739_D;17;19;0;unknown;0
2025-07-02T07:43:00+02:00;43739_G;50;7;0;unknown;0
2025-07-02T07:43:00+02:00;43740_D;50;6;0;unknown;0
2025-07-02T07:43:00+02:00;43740_G;50;6;0;unknown;0
2025-07-02T07:43:00+02:00;43741_D;50;1;0;unknown;0
2025-07-02T07:43:00+02:00;43741_G;50;0;0;unknown;0
2025-07-02T07:43:00+02:00;43742_D;50;7;0;unknown;0
2025-07-02T07:43:00+02:00;43742_G;32;11;45;heavy;1
2025-07-02T07:43:00+02:00;43743_G;32;40;45;heavy;1
2025-07-02T07:43:00+02:00;43744_D;57;4;45;freeFlow;1
2025-07-02T07:43:00+02:00;43744_G;32;8;45;heavy;1
2025-07-02T07:43:00+02:00;43748;28;7;38;freeFlow;1
2025-07-02T07:43:00+02:00;43757;32;3;45;heavy;1
2025-07-02T07:43:00+02:00;43758;21;14;55;heavy;1
2025-07-02T07:43:00+02:00;43786_D;1;574;25;congested;1
2025-07-02T07:43:00+02:00;43786_G;1;574;25;congested;1
2025-07-02T07:43:00+02:00;43787_D;50;3;0;unknown;0
2025-07-02T07:43:00+02:00;43787_G;50;3;0;unknown;0
2025-07-02T07:43:00+02:00;43788_D;50;2;0;unknown;0
2025-07-02T07:43:00+02:00;43788_G;50;2;0;unknown;0
2025-07-02T07:43:00+02:00;43789_D;50;5;0;unknown;0
2025-07-02T07:43:00+02:00;43789_G;50;6;0;unknown;0
2025-07-02T07:43:00+02:00;43790_D;50;5;0;unknown;0
2025-07-02T07:43:00+02:00;43790_G;50;5;0;unknown;0
2025-07-02T07:43:00+02:00;43791_D;50;3;0;unknown;0
2025-07-02T07:43:00+02:00;43791_G;50;3;0;unknown;0
2025-07-02T07:43:00+02:00;43792_D;50;7;0;unknown;0
2025-07-02T07:43:00+02:00;43792_G;35;9;60;heavy;1
2025-07-02T07:43:00+02:00;43814_D;41;17;40;freeFlow;1
2025-07-02T07:43:00+02:00;43814_G;37;19;75;freeFlow;2
2025-07-02T07:43:00+02:00;43815_D;12;31;40;congested;1
2025-07-02T07:43:00+02:00;43815_G;37;10;75;freeFlow;2
2025-07-02T07:43:00+02:00;43817_D;50;14;0;unknown;0
2025-07-02T07:43:00+02:00;43817_G;32;21;45;heavy;1
2025-07-02T07:43:00+02:00;43819;14;34;30;heavy;1
2025-07-02T07:43:00+02:00;43821;32;8;45;heavy;1
2025-07-02T07:43:00+02:00;43828_D;50;11;0;unknown;0
2025-07-02T07:43:00+02:00;43828_G;50;11;0;unknown;0
2025-07-02T07:43:00+02:00;43835_D;50;7;0;unknown;0
2025-07-02T07:43:00+02:00;43835_G;43;8;75;freeFlow;2
2025-07-02T07:43:00+02:00;43836;38;13;42;freeFlow;1
2025-07-02T07:43:00+02:00;43871_D;50;4;0;unknown;0
2025-07-02T07:43:00+02:00;43871_G;50;4;0;unknown;0
2025-07-02T07:43:00+02:00;43872_D;50;4;0;unknown;0
2025-07-02T07:43:00+02:00;43872_G;50;4;0;unknown;0
2025-07-02T07:43:00+02:00;43873_D;6;43;20;congested;1
2025-07-02T07:43:00+02:00;43873_G;1;285;60;congested;1
2025-07-02T07:43:00+02:00;43925_D;27;10;22;heavy;1
2025-07-02T07:43:00+02:00;43925_G;50;5;0;unknown;0
2025-07-02T07:43:00+02:00;43937_D;50;6;0;unknown;0
2025-07-02T07:43:00+02:00;43937_G;50;6;0;unknown;0
2025-07-02T07:43:00+02:00;43938_D;50;20;0;unknown;0
2025-07-02T07:43:00+02:00;43938_G;50;20;0;unknown;0
2025-07-02T07:43:00+02:00;43972;33;10;35;heavy;1
2025-07-02T07:43:00+02:00;43974;41;12;27;freeFlow;1
2025-07-02T07:43:00+02:00;43975;41;5;27;freeFlow;1
2025-07-02T07:43:00+02:00;44002_D;35;12;27;freeFlow;1
2025-07-02T07:43:00+02:00;44002_G;14;32;60;congested;1
2025-07-02T07:43:00+02:00;44003_D;53;8;30;freeFlow;1
2025-07-02T07:43:00+02:00;44012;39;17;75;freeFlow;2
2025-07-02T07:43:00+02:00;44017_D;15;10;52;congested;1
2025-07-02T07:43:00+02:00;44018_D;21;28;55;heavy;1
2025-07-02T07:43:00+02:00;44028;36;8;35;freeFlow;1
2025-07-02T07:43:00+02:00;44036_D;21;5;55;heavy;1
2025-07-02T07:43:00+02:00;44036_G;34;3;75;heavy;2
2025-07-02T07:43:00+02:00;44066;36;6;60;freeFlow;1
2025-07-02T07:43:00+02:00;44067;27;27;60;heavy;1
2025-07-02T07:43:00+02:00;44069;30;7;75;heavy;2
2025-07-02T07:43:00+02:00;44084_D;50;5;0;unknown;0
2025-07-02T07:43:00+02:00;44084_G;50;5;0;unknown;0
2025-07-02T07:43:00+02:00;44089_D;50;6;0;unknown;0
2025-07-02T07:43:00+02:00;44089_G;50;6;0;unknown;0
2025-07-02T07:43:00+02:00;44090_D;50;5;0;unknown;0
2025-07-02T07:43:00+02:00;44090_G;50;5;0;unknown;0
2025-07-02T07:43:00+02:00;44131;27;23;55;heavy;1
2025-07-02T07:43:00+02:00;44134;50;9;0;unknown;0
2025-07-02T07:43:00+02:00;44165_D;50;5;0;unknown;0
2025-07-02T07:43:00+02:00;44165_G;50;5;0;unknown;0
2025-07-02T07:43:00+02:00;44198_D;53;14;38;freeFlow;1
2025-07-02T07:43:00+02:00;44198_G;40;18;60;freeFlow;1
2025-07-02T07:43:00+02:00;44199_D;48;5;38;freeFlow;1
2025-07-02T07:43:00+02:00;44199_G;35;7;60;heavy;1
2025-07-02T07:43:00+02:00;44231_D;51;5;57;freeFlow;1
2025-07-02T07:43:00+02:00;44231_G;33;8;60;heavy;1
2025-07-02T07:43:00+02:00;44232_D;43;5;68;freeFlow;2
2025-07-02T07:43:00+02:00;44232_G;17;12;55;heavy;1
2025-07-02T07:43:00+02:00;44234_D;14;24;86;congested;3
2025-07-02T07:43:00+02:00;44234_G;8;43;70;congested;2
2025-07-02T07:43:00+02:00;44259_D;16;7;40;heavy;1
2025-07-02T07:43:00+02:00;44259_G;40;3;0;unknown;0
2025-07-02T07:43:00+02:00;44260;44;9;38;freeFlow;1
2025-07-02T07:43:00+02:00;44261_D;45;10;40;freeFlow;1
2025-07-02T07:43:00+02:00;44261_G;50;9;0;unknown;0
2025-07-02T07:43:00+02:00;44293;43;6;35;freeFlow;1
2025-07-02T07:43:00+02:00;44303_D;50;2;0;unknown;0
2025-07-02T07:43:00+02:00;44303_G;50;2;0;unknown;0
2025-07-02T07:43:00+02:00;44304_D;47;10;38;freeFlow;1
2025-07-02T07:43:00+02:00;44304_G;50;9;0;unknown;0
2025-07-02T07:43:00+02:00;44322_D;11;195;67;congested;2
2025-07-02T07:43:00+02:00;44322_G;35;63;65;freeFlow;2
2025-07-02T07:43:00+02:00;44328;43;11;35;freeFlow;1
2025-07-02T07:43:00+02:00;44583_D;31;12;48;heavy;1
2025-07-02T07:43:00+02:00;44583_G;32;11;0;unknown;0
2025-07-02T07:43:00+02:00;44584_D;50;10;0;unknown;0
2025-07-02T07:43:00+02:00;44584_G;50;10;0;unknown;0
2025-07-02T07:43:00+02:00;44632_D;50;20;0;unknown;0
2025-07-02T07:43:00+02:00;44632_G;50;20;0;unknown;0
2025-07-02T07:43:00+02:00;44694_D;50;12;0;unknown;0
2025-07-02T07:43:00+02:00;44694_G;50;12;0;unknown;0
2025-07-02T07:43:00+02:00;44695_D;28;4;0;unknown;0
2025-07-02T07:43:00+02:00;44695_G;50;2;0;unknown;0
2025-07-02T07:43:00+02:00;44711_D;41;15;48;freeFlow;1
2025-07-02T07:43:00+02:00;44711_G;50;13;0;unknown;0
2025-07-02T07:43:00+02:00;44712_D;40;6;48;freeFlow;1
2025-07-02T07:43:00+02:00;44712_G;50;5;0;unknown;0
2025-07-02T07:43:00+02:00;44714_D;42;1;48;freeFlow;1
2025-07-02T07:43:00+02:00;44714_G;50;1;0;unknown;0
2025-07-02T07:43:00+02:00;44736_D;50;2;0;unknown;0
2025-07-02T07:43:00+02:00;44736_G;50;2;0;unknown;0
2025-07-02T07:43:00+02:00;44868;89;5;48;freeFlow;1
2025-07-02T07:43:00+02:00;44873;50;3;0;unknown;0
2025-07-02T07:43:00+02:00;44874;61;6;75;freeFlow;2
2025-07-02T07:43:00+02:00;44875;74;6;60;freeFlow;1
2025-07-02T07:43:00+02:00;44877;51;8;60;freeFlow;1
2025-07-02T07:43:00+02:00;44878;64;15;42;freeFlow;1
2025-07-02T07:43:00+02:00;44880;90;17;100;freeFlow;9
2025-07-02T07:43:00+02:00;44882;81;12;100;freeFlow;13
2025-07-02T07:43:00+02:00;44884;92;15;100;freeFlow;8
2025-07-02T07:43:00+02:00;44900;69;22;75;freeFlow;2
2025-07-02T07:43:00+02:00;44902_D;50;33;0;unknown;0
2025-07-02T07:43:00+02:00;44902_G;48;35;55;freeFlow;1
2025-07-02T07:43:00+02:00;44905;67;10;72;freeFlow;2
2025-07-02T07:43:00+02:00;44920;83;3;100;freeFlow;17
2025-07-02T07:43:00+02:00;44942;54;20;75;freeFlow;2
2025-07-02T07:43:00+02:00;44948;83;13;100;freeFlow;14
2025-07-02T07:43:00+02:00;44961;23;14;75;freeFlow;2
2025-07-02T07:43:00+02:00;44962;13;19;75;heavy;2
2025-07-02T07:43:00+02:00;44963;25;4;75;heavy;2
2025-07-02T07:43:00+02:00;44966;93;10;100;freeFlow;14
2025-07-02T07:43:00+02:00;44974;22;6;100;heavy;4
2025-07-02T07:43:00+02:00;45012_D;28;2;57;heavy;1
2025-07-02T07:43:00+02:00;45012_G;17;4;60;heavy;1
2025-07-02T07:43:00+02:00;45028_D;50;17;0;unknown;0
2025-07-02T07:43:00+02:00;45028_G;44;20;60;freeFlow;1
2025-07-02T07:43:00+02:00;45029_D;50;7;0;unknown;0
2025-07-02T07:43:00+02:00;45029_G;43;8;60;freeFlow;1
2025-07-02T07:43:00+02:00;45106_D;37;4;57;freeFlow;1
2025-07-02T07:43:00+02:00;45106_G;42;3;60;freeFlow;1
2025-07-02T07:43:00+02:00;45136_D;35;22;55;heavy;1
2025-07-02T07:43:00+02:00;45149;45;11;60;freeFlow;1
2025-07-02T07:43:00+02:00;45166;45;1;60;freeFlow;1
2025-07-02T07:43:00+02:00;45169;40;3;55;freeFlow;1
2025-07-02T07:43:00+02:00;45236_G;54;9;57;freeFlow;1
2025-07-02T07:43:00+02:00;45238;50;13;55;freeFlow;1
2025-07-02T07:43:00+02:00;45239;56;9;100;freeFlow;4
2025-07-02T07:43:00+02:00;45240;57;9;100;heavy;4
2025-07-02T07:43:00+02:00;45241;69;2;100;freeFlow;3
2025-07-02T07:43:00+02:00;45305;55;5;55;heavy;1
2025-07-02T07:43:00+02:00;45306;85;7;48;freeFlow;1
2025-07-02T07:43:00+02:00;45327;81;7;100;freeFlow;10
2025-07-02T07:43:00+02:00;45486_D;33;6;60;heavy;1
2025-07-02T07:43:00+02:00;45487_D;29;8;60;heavy;1
2025-07-02T07:43:00+02:00;45630;75;15;100;freeFlow;15
2025-07-02T07:43:00+02:00;45645_D;40;14;75;freeFlow;2
2025-07-02T07:43:00+02:00;45651;52;3;52;freeFlow;1
2025-07-02T07:43:00+02:00;45761_D;30;10;60;heavy;1
2025-07-02T07:43:00+02:00;45865_D;38;9;38;freeFlow;1
2025-07-02T07:43:00+02:00;46053_D;28;14;10;heavy;1
2025-07-02T07:43:00+02:00;46056_D;28;4;10;heavy;1
2025-07-02T07:43:00+02:00;46061;50;4;0;unknown;0
2025-07-02T07:43:00+02:00;46567_D;50;2;0;unknown;0
2025-07-02T07:43:00+02:00;46642;50;5;0;unknown;0
2025-07-02T07:43:00+02:00;46771;79;11;100;freeFlow;9
2025-07-02T07:43:00+02:00;46821_D;50;16;0;unknown;0
2025-07-02T07:43:00+02:00;46821_G;21;38;58;heavy;1
2025-07-02T07:43:00+02:00;46923_D;30;1;0;unknown;0
2025-07-02T07:43:00+02:00;46923_G;45;1;57;freeFlow;1
2025-07-02T07:43:00+02:00;46976;35;6;60;heavy;1
2025-07-02T07:43:00+02:00;47029;10;37;100;congested;5
2025-07-02T07:43:00+02:00;47061;36;51;100;heavy;15
2025-07-02T07:43:00+02:00;47239;60;9;100;heavy;13
2025-07-02T07:43:00+02:00;47410;83;16;100;freeFlow;15
2025-07-02T07:43:00+02:00;47411;83;15;100;freeFlow;7
2025-07-02T07:43:00+02:00;47412;44;1;0;unknown;0
2025-07-02T07:43:00+02:00;47413;24;19;73;heavy;2
2025-07-02T07:43:00+02:00;47414;65;1;60;freeFlow;1
2025-07-02T07:43:00+02:00;47416;83;15;100;freeFlow;16
2025-07-02T07:43:00+02:00;47418;87;17;100;freeFlow;6
2025-07-02T07:43:00+02:00;47420;70;13;0;unknown;0
2025-07-02T07:43:00+02:00;47476;35;17;74;heavy;2
2025-07-02T07:43:00+02:00;47477;72;3;72;freeFlow;2
2025-07-02T07:43:00+02:00;47479;64;16;10;freeFlow;1
2025-07-02T07:43:00+02:00;47480;85;53;100;freeFlow;15
2025-07-02T07:43:00+02:00;47481;79;58;100;freeFlow;8
2025-07-02T07:43:00+02:00;47537_D;50;6;0;unknown;0
2025-07-02T07:43:00+02:00;47537_G;50;6;0;unknown;0
2025-07-02T07:43:00+02:00;47742_D;9;26;52;congested;1
2025-07-02T07:43:00+02:00;48758;106;1;75;freeFlow;2
2025-07-02T07:43:00+02:00;48759;106;1;75;freeFlow;2
2025-07-02T07:43:00+02:00;48920_D;37;7;22;freeFlow;1
2025-07-02T07:43:00+02:00;48920_G;50;5;0;unknown;0
2025-07-02T07:43:00+02:00;489866_D;41;4;60;freeFlow;1
2025-07-02T07:43:00+02:00;489970;107;9;50;freeFlow;1
2025-07-02T07:43:00+02:00;489971;44;3;0;unknown;0
2025-07-02T07:43:00+02:00;489972;89;5;100;freeFlow;15
2025-07-02T07:43:00+02:00;490059_D;59;16;25;freeFlow;1
2025-07-02T07:43:00+02:00;490059_G;26;35;12;heavy;1
2025-07-02T07:43:00+02:00;490080_D;71;1;25;freeFlow;1
2025-07-02T07:43:00+02:00;490080_G;23;2;12;heavy;1
2025-07-02T07:43:00+02:00;49026;45;2;75;freeFlow;2
2025-07-02T07:43:00+02:00;49053;32;17;60;heavy;1
2025-07-02T07:43:00+02:00;490823;42;18;65;heavy;2
2025-07-02T07:43:00+02:00;490824;47;8;100;heavy;3
2025-07-02T07:43:00+02:00;490825;49;15;75;freeFlow;2
2025-07-02T07:43:00+02:00;490827;24;17;75;heavy;2
2025-07-02T07:43:00+02:00;490828_D;29;18;60;freeFlow;1
2025-07-02T07:43:00+02:00;490828_G;38;13;75;freeFlow;2
2025-07-02T07:43:00+02:00;491005_D;50;3;0;unknown;0
2025-07-02T07:43:00+02:00;491005_G;43;3;60;freeFlow;1
2025-07-02T07:43:00+02:00;491126_D;36;11;99;freeFlow;3
2025-07-02T07:43:00+02:00;491126_G;42;11;100;freeFlow;3
2025-07-02T07:43:00+02:00;491135;23;6;75;heavy;2
2025-07-02T07:43:00+02:00;491141;29;3;75;heavy;2
2025-07-02T07:43:00+02:00;491300_D;45;14;40;freeFlow;1
2025-07-02T07:43:00+02:00;491300_G;50;13;0;unknown;0
2025-07-02T07:43:00+02:00;491308;48;1;0;unknown;0
2025-07-02T07:43:00+02:00;491320_D;46;6;38;freeFlow;1
2025-07-02T07:43:00+02:00;491320_G;50;6;0;unknown;0
2025-07-02T07:43:00+02:00;491326_D;33;16;38;heavy;1
2025-07-02T07:43:00+02:00;491326_G;50;11;0;unknown;0
2025-07-02T07:43:00+02:00;491329_D;30;7;40;heavy;1
2025-07-02T07:43:00+02:00;491329_G;35;6;0;unknown;0
2025-07-02T07:43:00+02:00;491490;25;9;100;heavy;5
2025-07-02T07:43:00+02:00;491714_D;30;8;0;unknown;0
2025-07-02T07:43:00+02:00;491714_G;45;6;57;freeFlow;1
2025-07-02T07:43:00+02:00;491735_D;30;4;0;unknown;0
2025-07-02T07:43:00+02:00;491735_G;60;2;57;freeFlow;1
2025-07-02T07:43:00+02:00;491794_D;43;4;35;freeFlow;1
2025-07-02T07:43:00+02:00;491794_G;36;4;40;freeFlow;1
2025-07-02T07:43:00+02:00;491872;41;16;100;freeFlow;3
2025-07-02T07:43:00+02:00;491877;36;3;100;freeFlow;3
2025-07-02T07:43:00+02:00;491881;35;1;75;freeFlow;2
2025-07-02T07:43:00+02:00;491884;27;2;45;heavy;1
2025-07-02T07:43:00+02:00;491888;106;8;60;freeFlow;1
2025-07-02T07:43:00+02:00;491890;24;2;100;heavy;3
2025-07-02T07:43:00+02:00;491917;30;3;50;heavy;1
2025-07-02T07:43:00+02:00;49225_D;50;6;0;unknown;0
2025-07-02T07:43:00+02:00;49225_G;52;6;10;freeFlow;1
2025-07-02T07:43:00+02:00;492315_D;50;29;0;unknown;0
2025-07-02T07:43:00+02:00;492315_G;50;29;0;unknown;0
2025-07-02T07:43:00+02:00;492351_D;14;9;60;congested;1
2025-07-02T07:43:00+02:00;492359_G;39;6;57;freeFlow;2
2025-07-02T07:43:00+02:00;492437;33;6;98;heavy;3
2025-07-02T07:43:00+02:00;492442;27;1;75;heavy;2
2025-07-02T07:43:00+02:00;492445_D;44;14;100;freeFlow;3
2025-07-02T07:43:00+02:00;492478;51;3;73;freeFlow;2
2025-07-02T07:43:00+02:00;492492;25;13;40;heavy;1
2025-07-02T07:43:00+02:00;49315_D;50;4;0;unknown;0
2025-07-02T07:43:00+02:00;49315_G;12;16;30;congested;1
2025-07-02T07:43:00+02:00;49943_D;50;14;0;unknown;0
2025-07-02T07:43:00+02:00;49943_G;50;14;0;unknown;0
2025-07-02T07:43:00+02:00;49947;36;5;75;freeFlow;2
2025-07-02T07:43:00+02:00;49958_D;50;5;0;unknown;0
2025-07-02T07:43:00+02:00;49958_G;50;5;0;unknown;0
2025-07-02T07:43:00+02:00;50308_D;29;9;60;heavy;1
2025-07-02T07:43:00+02:00;50441;25;10;100;heavy;4
2025-07-02T07:43:00+02:00;50525;54;4;50;freeFlow;1
2025-07-02T07:43:00+02:00;50571;33;3;32;heavy;1
2025-07-02T07:43:00+02:00;50625;33;7;32;heavy;1
2025-07-02T07:43:00+02:00;5064_D;39;14;75;heavy;2
2025-07-02T07:43:00+02:00;5064_G;76;7;45;freeFlow;1
2025-07-02T07:43:00+02:00;51419;31;25;42;heavy;1
2025-07-02T07:43:00+02:00;51474_D;50;1;0;unknown;0
2025-07-02T07:43:00+02:00;51474_G;50;1;0;unknown;0
2025-07-02T07:43:00+02:00;51798;16;5;100;heavy;6
2025-07-02T07:43:00+02:00;52107_D;50;9;0;unknown;0
2025-07-02T07:43:00+02:00;52107_G;78;6;57;freeFlow;1
2025-07-02T07:43:00+02:00;52129;50;6;0;unknown;0
2025-07-02T07:43:00+02:00;52835_D;7;24;75;congested;2
2025-07-02T07:43:00+02:00;53020_D;30;3;52;heavy;1
2025-07-02T07:43:00+02:00;53327_D;37;10;75;freeFlow;2
2025-07-02T07:43:00+02:00;53327_G;54;7;48;freeFlow;1
2025-07-02T07:43:00+02:00;53411_G;32;12;30;heavy;1
2025-07-02T07:43:00+02:00;53428;72;65;100;freeFlow;16
2025-07-02T07:43:00+02:00;53539_D;40;5;48;freeFlow;1
2025-07-02T07:43:00+02:00;53566;34;4;60;heavy;1
2025-07-02T07:43:00+02:00;53623;39;3;75;freeFlow;2
2025-07-02T07:43:00+02:00;53624;47;2;75;freeFlow;2
2025-07-02T07:43:00+02:00;53625;50;1;0;unknown;0
2025-07-02T07:43:00+02:00;53634_D;30;2;0;unknown;0
2025-07-02T07:43:00+02:00;53634_G;38;1;60;freeFlow;1
2025-07-02T07:43:00+02:00;53641_D;50;9;0;unknown;0
2025-07-02T07:43:00+02:00;53641_G;42;10;60;freeFlow;1
2025-07-02T07:43:00+02:00;53652;16;47;60;heavy;1
2025-07-02T07:43:00+02:00;53659;50;4;60;freeFlow;1
2025-07-02T07:43:00+02:00;53702;78;5;100;freeFlow;9
2025-07-02T07:43:00+02:00;53892;41;2;100;freeFlow;7
2025-07-02T07:43:00+02:00;53893;46;13;100;freeFlow;8
2025-07-02T07:43:00+02:00;53895;30;11;100;heavy;8
2025-07-02T07:43:00+02:00;53896;44;9;100;freeFlow;6
2025-07-02T07:43:00+02:00;53898;25;22;100;heavy;7
2025-07-02T07:43:00+02:00;53900;13;43;100;congested;9
2025-07-02T07:43:00+02:00;53901;36;7;100;freeFlow;9
2025-07-02T07:43:00+02:00;53903;39;5;100;freeFlow;10
2025-07-02T07:43:00+02:00;53904;24;6;100;heavy;4
2025-07-02T07:43:00+02:00;53905;38;10;100;freeFlow;9
2025-07-02T07:43:00+02:00;53908;37;3;100;freeFlow;6
2025-07-02T07:43:00+02:00;53910;41;8;100;freeFlow;6
2025-07-02T07:43:00+02:00;53912;44;7;100;freeFlow;7
2025-07-02T07:43:00+02:00;53915;20;27;100;heavy;7
2025-07-02T07:43:00+02:00;53918;39;12;100;freeFlow;7
2025-07-02T07:43:00+02:00;53919;38;4;100;freeFlow;7
2025-07-02T07:43:00+02:00;53921;35;15;100;freeFlow;7
2025-07-02T07:43:00+02:00;53922;26;6;100;heavy;7
2025-07-02T07:43:00+02:00;53923;43;12;100;freeFlow;8
2025-07-02T07:43:00+02:00;53925_D;70;4;0;unknown;0
2025-07-02T07:43:00+02:00;53925_G;61;4;52;freeFlow;1
2025-07-02T07:43:00+02:00;53936;75;12;63;freeFlow;2
2025-07-02T07:43:00+02:00;53938;106;3;60;freeFlow;1
2025-07-02T07:43:00+02:00;53939;58;25;100;freeFlow;3
2025-07-02T07:43:00+02:00;53941;73;7;100;freeFlow;4
2025-07-02T07:43:00+02:00;53942;68;4;100;freeFlow;4
2025-07-02T07:43:00+02:00;53944;33;1;100;heavy;3
2025-07-02T07:43:00+02:00;53945;43;11;100;heavy;3
2025-07-02T07:43:00+02:00;53946;33;2;100;heavy;3
2025-07-02T07:43:00+02:00;53947;106;0;60;freeFlow;1
2025-07-02T07:43:00+02:00;53948;106;2;60;freeFlow;1
2025-07-02T07:43:00+02:00;53949;106;2;60;freeFlow;1
2025-07-02T07:43:00+02:00;53950;92;41;75;freeFlow;2
2025-07-02T07:43:00+02:00;53952_D;35;4;45;heavy;1
2025-07-02T07:43:00+02:00;53952_G;72;2;40;freeFlow;1
2025-07-02T07:43:00+02:00;53959;88;41;75;freeFlow;2
2025-07-02T07:43:00+02:00;53961;94;61;100;freeFlow;6
2025-07-02T07:43:00+02:00;53987;45;2;75;freeFlow;2
2025-07-02T07:43:00+02:00;53990;40;7;55;freeFlow;1
2025-07-02T07:43:00+02:00;54067;89;11;100;freeFlow;16
2025-07-02T07:43:00+02:00;54134;41;19;100;freeFlow;4
2025-07-02T07:43:00+02:00;54138;37;28;100;freeFlow;4
2025-07-02T07:43:00+02:00;54140;24;82;100;heavy;4
2025-07-02T07:43:00+02:00;54144;52;3;100;freeFlow;3
2025-07-02T07:43:00+02:00;54150;32;28;73;heavy;2
2025-07-02T07:43:00+02:00;54153;40;22;27;freeFlow;1
2025-07-02T07:43:00+02:00;54154;29;37;30;heavy;1
2025-07-02T07:43:00+02:00;54155;31;35;48;heavy;1
2025-07-02T07:43:00+02:00;54161;42;5;0;unknown;0
2025-07-02T07:43:00+02:00;54187_D;34;10;57;freeFlow;1
2025-07-02T07:43:00+02:00;54187_G;32;11;60;freeFlow;1
2025-07-02T07:43:00+02:00;54189_D;39;10;57;freeFlow;1
2025-07-02T07:43:00+02:00;54189_G;20;21;60;heavy;1
2025-07-02T07:43:00+02:00;54191_D;37;8;55;freeFlow;1
2025-07-02T07:43:00+02:00;54191_G;26;11;60;freeFlow;1
2025-07-02T07:43:00+02:00;54197;27;28;75;heavy;2
2025-07-02T07:43:00+02:00;54198;15;15;75;congested;2
2025-07-02T07:43:00+02:00;54206;22;26;98;heavy;3
2025-07-02T07:43:00+02:00;54208;31;2;75;freeFlow;2
2025-07-02T07:43:00+02:00;54212;32;50;75;heavy;2
2025-07-02T07:43:00+02:00;54223_D;30;2;0;unknown;0
2025-07-02T07:43:00+02:00;54223_G;19;4;35;heavy;1
2025-07-02T07:43:00+02:00;54227;77;12;100;freeFlow;6
2025-07-02T07:43:00+02:00;54234;106;0;60;freeFlow;1
2025-07-02T07:43:00+02:00;54239;56;1;60;freeFlow;1
2025-07-02T07:43:00+02:00;54240;45;7;60;freeFlow;1
2025-07-02T07:43:00+02:00;54241;40;2;55;freeFlow;1
2025-07-02T07:43:00+02:00;54243;40;14;55;freeFlow;1
2025-07-02T07:43:00+02:00;54297;54;15;60;freeFlow;1
2025-07-02T07:43:00+02:00;54339;50;19;0;unknown;0
2025-07-02T07:43:00+02:00;54340;26;12;27;heavy;1
2025-07-02T07:43:00+02:00;54358_D;51;14;30;freeFlow;1
2025-07-02T07:43:00+02:00;54358_G;38;19;60;freeFlow;1
2025-07-02T07:43:00+02:00;54363;29;16;48;heavy;1
2025-07-02T07:43:00+02:00;54365;37;7;48;freeFlow;1
2025-07-02T07:43:00+02:00;54367;31;13;48;heavy;1
2025-07-02T07:43:00+02:00;54368;35;3;48;freeFlow;1
2025-07-02T07:43:00+02:00;54369;38;32;100;freeFlow;11
2025-07-02T07:43:00+02:00;54372;78;1;60;freeFlow;1
2025-07-02T07:43:00+02:00;54375;37;18;75;freeFlow;2
2025-07-02T07:43:00+02:00;54376;11;17;100;congested;8
2025-07-02T07:43:00+02:00;54378;13;24;100;congested;4
2025-07-02T07:43:00+02:00;54381;28;10;100;heavy;10
2025-07-02T07:43:00+02:00;54382;48;4;93;freeFlow;3
2025-07-02T07:43:00+02:00;54383;33;25;100;heavy;6
2025-07-02T07:43:00+02:00;54384;46;6;95;freeFlow;3
2025-07-02T07:43:00+02:00;54385;20;13;100;heavy;8
2025-07-02T07:43:00+02:00;54386;130;0;45;freeFlow;1
2025-07-02T07:43:00+02:00;54400;40;13;55;freeFlow;1
2025-07-02T07:43:00+02:00;54401;40;2;55;freeFlow;1
2025-07-02T07:43:00+02:00;54406;31;84;48;heavy;1
2025-07-02T07:43:00+02:00;54428_D;50;12;0;unknown;0
2025-07-02T07:43:00+02:00;54428_G;49;12;38;freeFlow;1
2025-07-02T07:43:00+02:00;54429_D;4;160;89;congested;3
2025-07-02T07:43:00+02:00;54429_G;37;18;60;freeFlow;1
2025-07-02T07:43:00+02:00;54438_D;38;1;32;freeFlow;1
2025-07-02T07:43:00+02:00;54438_G;47;1;38;freeFlow;1
2025-07-02T07:43:00+02:00;54440_D;38;7;32;freeFlow;1
2025-07-02T07:43:00+02:00;54440_G;31;9;63;heavy;2
2025-07-02T07:43:00+02:00;54444_D;38;1;32;freeFlow;1
2025-07-02T07:43:00+02:00;54444_G;31;2;48;heavy;1
2025-07-02T07:43:00+02:00;54447_D;42;13;35;freeFlow;1
2025-07-02T07:43:00+02:00;54447_G;31;17;48;heavy;1
2025-07-02T07:43:00+02:00;54448_D;43;4;35;freeFlow;1
2025-07-02T07:43:00+02:00;54448_G;31;5;48;heavy;1
2025-07-02T07:43:00+02:00;54449_D;43;12;35;freeFlow;1
2025-07-02T07:43:00+02:00;54449_G;31;16;48;heavy;1
2025-07-02T07:43:00+02:00;54453_D;43;3;35;freeFlow;1
2025-07-02T07:43:00+02:00;54453_G;36;4;48;freeFlow;1
2025-07-02T07:43:00+02:00;54455;36;2;40;freeFlow;1
2025-07-02T07:43:00+02:00;54457;36;11;40;freeFlow;1
2025-07-02T07:43:00+02:00;54460;36;8;40;freeFlow;1
2025-07-02T07:43:00+02:00;54463_D;43;8;35;freeFlow;1
2025-07-02T07:43:00+02:00;54463_G;36;9;40;freeFlow;1
2025-07-02T07:43:00+02:00;54466_D;17;43;38;heavy;1
2025-07-02T07:43:00+02:00;54466_G;42;20;55;freeFlow;2
2025-07-02T07:43:00+02:00;54469;40;3;55;freeFlow;1
2025-07-02T07:43:00+02:00;54471;25;17;55;heavy;1
2025-07-02T07:43:00+02:00;54472;31;13;75;heavy;2
2025-07-02T07:43:00+02:00;54473;31;1;75;freeFlow;2
2025-07-02T07:43:00+02:00;54483;36;42;35;freeFlow;1
2025-07-02T07:43:00+02:00;54489;50;1;0;unknown;0
2025-07-02T07:43:00+02:00;54490;20;9;40;heavy;1
2025-07-02T07:43:00+02:00;54492;23;7;42;heavy;1
2025-07-02T07:43:00+02:00;54505;14;54;60;congested;1
2025-07-02T07:43:00+02:00;54509;50;6;0;unknown;0
2025-07-02T07:43:00+02:00;54518;42;4;60;freeFlow;1
2025-07-02T07:43:00+02:00;54522;34;2;60;heavy;1
2025-07-02T07:43:00+02:00;54523;30;3;0;unknown;0
2025-07-02T07:43:00+02:00;54524;30;1;0;unknown;0
2025-07-02T07:43:00+02:00;54580_D;38;14;48;freeFlow;1
2025-07-02T07:43:00+02:00;54877;37;20;52;freeFlow;1
2025-07-02T07:43:00+02:00;54879;27;27;72;heavy;2
2025-07-02T07:43:00+02:00;54880_D;14;70;38;congested;1
2025-07-02T07:43:00+02:00;54880_G;30;33;60;heavy;1
2025-07-02T07:43:00+02:00;54882;26;2;60;freeFlow;1
2025-07-02T07:43:00+02:00;54883;37;1;52;freeFlow;1
2025-07-02T07:43:00+02:00;54884;27;2;35;freeFlow;1
2025-07-02T07:43:00+02:00;54885;27;1;35;freeFlow;1
2025-07-02T07:43:00+02:00;54886;13;6;60;heavy;1
2025-07-02T07:43:00+02:00;54887;24;3;75;freeFlow;2
2025-07-02T07:43:00+02:00;54888;26;1;60;freeFlow;1
2025-07-02T07:43:00+02:00;54889;26;2;60;freeFlow;1
2025-07-02T07:43:00+02:00;54988;31;4;100;heavy;6
2025-07-02T07:43:00+02:00;54989;45;38;100;heavy;5
2025-07-02T07:43:00+02:00;54990;39;3;85;heavy;6
2025-07-02T07:43:00+02:00;54991;32;55;100;heavy;6
2025-07-02T07:43:00+02:00;55467_D;61;11;32;freeFlow;1
2025-07-02T07:43:00+02:00;55467_G;32;19;100;heavy;6
2025-07-02T07:43:00+02:00;55570_D;50;3;0;unknown;0
2025-07-02T07:43:00+02:00;55570_G;40;4;60;freeFlow;1
2025-07-02T07:43:00+02:00;55589_D;36;7;55;freeFlow;1
2025-07-02T07:43:00+02:00;55589_G;19;12;60;heavy;1
2025-07-02T07:43:00+02:00;55591;32;1;55;heavy;1
2025-07-02T07:43:00+02:00;55592;32;1;55;heavy;1
2025-07-02T07:43:00+02:00;55593;33;2;60;heavy;1
2025-07-02T07:43:00+02:00;55595;23;2;75;heavy;2
2025-07-02T07:43:00+02:00;55596;23;1;75;heavy;2
2025-07-02T07:43:00+02:00;55597;23;2;75;heavy;2
2025-07-02T07:43:00+02:00;55702;50;6;0;unknown;0
2025-07-02T07:43:00+02:00;55704;50;17;0;unknown;0
2025-07-02T07:43:00+02:00;5576_D;42;8;48;heavy;1
2025-07-02T07:43:00+02:00;5576_G;106;3;60;freeFlow;1
2025-07-02T07:43:00+02:00;55881;21;2;100;heavy;6
2025-07-02T07:43:00+02:00;55900;23;4;100;heavy;6
2025-07-02T07:43:00+02:00;55929_D;35;12;45;freeFlow;1
2025-07-02T07:43:00+02:00;55929_G;50;8;0;unknown;0
2025-07-02T07:43:00+02:00;55976;49;3;52;freeFlow;1
2025-07-02T07:43:00+02:00;56024;39;26;100;freeFlow;3
2025-07-02T07:43:00+02:00;56131;24;5;66;heavy;2
2025-07-02T07:43:00+02:00;56257;39;5;40;freeFlow;1
2025-07-02T07:43:00+02:00;563566;20;7;40;heavy;1
2025-07-02T07:43:00+02:00;563571;20;14;40;heavy;1
2025-07-02T07:43:00+02:00;563844_D;36;24;100;heavy;4
2025-07-02T07:43:00+02:00;563844_G;40;22;100;heavy;5
2025-07-02T07:43:00+02:00;563846;33;9;48;heavy;1
2025-07-02T07:43:00+02:00;563903_D;50;34;0;unknown;0
2025-07-02T07:43:00+02:00;563903_G;50;34;0;unknown;0
2025-07-02T07:43:00+02:00;564067_D;56;22;100;heavy;6
2025-07-02T07:43:00+02:00;564067_G;58;22;100;freeFlow;6
2025-07-02T07:43:00+02:00;564195_D;59;8;60;freeFlow;1
2025-07-02T07:43:00+02:00;564195_G;27;17;55;heavy;1
2025-07-02T07:43:00+02:00;56441;44;5;45;freeFlow;1
2025-07-02T07:43:00+02:00;5651;37;2;100;freeFlow;4
2025-07-02T07:43:00+02:00;5652;41;1;100;freeFlow;3
2025-07-02T07:43:00+02:00;565232;36;3;63;freeFlow;2
2025-07-02T07:43:00+02:00;5653;40;1;75;freeFlow;2
2025-07-02T07:43:00+02:00;565374;56;37;60;freeFlow;1
2025-07-02T07:43:00+02:00;565376;27;78;75;heavy;2
2025-07-02T07:43:00+02:00;565393;54;88;100;heavy;5
2025-07-02T07:43:00+02:00;5654;47;1;100;freeFlow;3
2025-07-02T07:43:00+02:00;565682_D;38;25;74;heavy;2
2025-07-02T07:43:00+02:00;565682_G;61;15;68;freeFlow;2
2025-07-02T07:43:00+02:00;565731_D;27;4;60;freeFlow;1
2025-07-02T07:43:00+02:00;565731_G;39;2;75;freeFlow;2
2025-07-02T07:43:00+02:00;565732;50;2;75;freeFlow;2
2025-07-02T07:43:00+02:00;56584;57;4;52;freeFlow;1
2025-07-02T07:43:00+02:00;565854;71;14;40;freeFlow;1
2025-07-02T07:43:00+02:00;566176_D;80;14;0;unknown;0
2025-07-02T07:43:00+02:00;566176_G;64;18;20;freeFlow;1
2025-07-02T07:43:00+02:00;56619_D;33;12;57;heavy;1
2025-07-02T07:43:00+02:00;56619_G;109;4;55;freeFlow;1
2025-07-02T07:43:00+02:00;566287_D;30;16;0;unknown;0
2025-07-02T07:43:00+02:00;566287_G;30;16;0;unknown;0
2025-07-02T07:43:00+02:00;566302_D;52;1;20;freeFlow;1
2025-07-02T07:43:00+02:00;566302_G;50;1;0;unknown;0
2025-07-02T07:43:00+02:00;566303_D;55;13;22;freeFlow;1
2025-07-02T07:43:00+02:00;566303_G;50;15;0;unknown;0
2025-07-02T07:43:00+02:00;5663_D;65;40;100;freeFlow;3
2025-07-02T07:43:00+02:00;5663_G;49;53;100;heavy;3
2025-07-02T07:43:00+02:00;566407_D;34;2;57;freeFlow;1
2025-07-02T07:43:00+02:00;566407_G;28;3;60;freeFlow;1
2025-07-02T07:43:00+02:00;566417_D;34;4;57;freeFlow;1
2025-07-02T07:43:00+02:00;566417_G;28;5;60;freeFlow;1
2025-07-02T07:43:00+02:00;566419;33;1;60;heavy;1
2025-07-02T07:43:00+02:00;566481;38;2;53;freeFlow;2
2025-07-02T07:43:00+02:00;566482;50;1;0;unknown;0
2025-07-02T07:43:00+02:00;566483;101;112;100;freeFlow;5
2025-07-02T07:43:00+02:00;566484;50;0;0;unknown;0
2025-07-02T07:43:00+02:00;5664_D;40;4;75;heavy;2
2025-07-02T07:43:00+02:00;5664_G;79;2;75;freeFlow;2
2025-07-02T07:43:00+02:00;566573_D;41;3;57;freeFlow;1
2025-07-02T07:43:00+02:00;566573_G;109;1;55;freeFlow;1
2025-07-02T07:43:00+02:00;566599_D;50;1;60;freeFlow;1
2025-07-02T07:43:00+02:00;566599_G;17;1;60;heavy;1
2025-07-02T07:43:00+02:00;566706_D;50;3;0;unknown;0
2025-07-02T07:43:00+02:00;566706_G;57;3;45;freeFlow;1
2025-07-02T07:43:00+02:00;56676_G;19;11;75;heavy;2
2025-07-02T07:43:00+02:00;566850;13;10;73;congested;2
2025-07-02T07:43:00+02:00;566924_D;28;11;38;heavy;1
2025-07-02T07:43:00+02:00;566924_G;36;8;40;freeFlow;1
2025-07-02T07:43:00+02:00;566942;59;1;50;freeFlow;1
2025-07-02T07:43:00+02:00;56872;80;26;100;freeFlow;18
2025-07-02T07:43:00+02:00;56874;70;7;100;freeFlow;10
2025-07-02T07:43:00+02:00;56886;34;75;32;heavy;1
2025-07-02T07:43:00+02:00;56914;29;6;100;heavy;8
2025-07-02T07:43:00+02:00;56926;68;4;100;freeFlow;11
2025-07-02T07:43:00+02:00;57009;65;5;100;freeFlow;10
2025-07-02T07:43:00+02:00;57011;91;7;100;freeFlow;15
2025-07-02T07:43:00+02:00;57012;37;11;75;freeFlow;2
2025-07-02T07:43:00+02:00;57082_D;38;7;60;freeFlow;1
2025-07-02T07:43:00+02:00;57360_D;36;4;10;freeFlow;1
2025-07-02T07:43:00+02:00;57360_G;45;4;30;freeFlow;1
2025-07-02T07:43:00+02:00;57362_D;32;4;10;freeFlow;1
2025-07-02T07:43:00+02:00;57362_G;45;2;30;freeFlow;1
2025-07-02T07:43:00+02:00;57368_D;31;7;10;freeFlow;1
2025-07-02T07:43:00+02:00;57368_G;45;5;30;freeFlow;1
2025-07-02T07:43:00+02:00;57378_D;50;3;0;unknown;0
2025-07-02T07:43:00+02:00;57378_G;50;3;0;unknown;0
2025-07-02T07:43:00+02:00;62549;52;1;100;freeFlow;4
2025-07-02T07:43:00+02:00;62550;52;1;100;freeFlow;4
2025-07-02T07:43:00+02:00;62617_D;50;9;0;unknown;0
2025-07-02T07:43:00+02:00;62617_G;50;9;0;unknown;0
2025-07-02T07:43:00+02:00;62948_D;12;14;40;heavy;1
2025-07-02T07:43:00+02:00;62948_G;24;7;0;unknown;0
2025-07-02T07:43:00+02:00;63039;46;3;100;freeFlow;7
2025-07-02T07:43:00+02:00;63203_D;30;26;0;unknown;0
2025-07-02T07:43:00+02:00;63203_G;25;32;60;freeFlow;1
2025-07-02T07:43:00+02:00;63308;45;2;75;freeFlow;2
2025-07-02T07:43:00+02:00;63895_D;29;5;12;freeFlow;1
2025-07-02T07:43:00+02:00;63895_G;30;5;0;unknown;0
2025-07-02T07:43:00+02:00;63903;79;2;100;freeFlow;14
2025-07-02T07:43:00+02:00;63917;80;1;100;freeFlow;3
2025-07-02T07:43:00+02:00;63954_D;44;4;60;freeFlow;1
2025-07-02T07:43:00+02:00;63954_G;29;5;55;freeFlow;1
2025-07-02T07:43:00+02:00;63961_D;18;3;74;heavy;2
2025-07-02T07:43:00+02:00;63961_G;37;1;73;freeFlow;2
2025-07-02T07:43:00+02:00;63963_D;26;17;60;freeFlow;1
2025-07-02T07:43:00+02:00;63963_G;35;13;75;freeFlow;2
2025-07-02T07:43:00+02:00;63974;14;27;60;congested;1
2025-07-02T07:43:00+02:00;64028;50;2;0;unknown;0
2025-07-02T07:43:00+02:00;64029;54;2;45;heavy;1
2025-07-02T07:43:00+02:00;64033;72;2;40;freeFlow;1
2025-07-02T07:43:00+02:00;64034;42;2;60;freeFlow;2
2025-07-02T07:43:00+02:00;64035;46;2;45;freeFlow;1
2025-07-02T07:43:00+02:00;64104_D;50;2;0;unknown;0
2025-07-02T07:43:00+02:00;64104_G;50;2;0;unknown;0
2025-07-02T07:43:00+02:00;6421;105;22;100;freeFlow;4
2025-07-02T07:43:00+02:00;6422;111;6;60;freeFlow;1
2025-07-02T07:43:00+02:00;6423;97;14;100;freeFlow;3
2025-07-02T07:43:00+02:00;6424;99;30;100;freeFlow;6
2025-07-02T07:43:00+02:00;64792_D;55;12;22;freeFlow;1
2025-07-02T07:43:00+02:00;64792_G;50;13;0;unknown;0
2025-07-02T07:43:00+02:00;64862_D;11;44;0;unknown;0
2025-07-02T07:43:00+02:00;64862_G;50;10;0;unknown;0
2025-07-02T07:43:00+02:00;65281;28;4;100;heavy;4
2025-07-02T07:43:00+02:00;65283;25;4;100;heavy;4
2025-07-02T07:43:00+02:00;65293;13;15;100;congested;4
2025-07-02T07:43:00+02:00;65961_D;56;24;55;freeFlow;1
2025-07-02T07:43:00+02:00;65961_G;39;35;40;freeFlow;1
2025-07-02T07:43:00+02:00;65966_D;55;1;22;freeFlow;1
2025-07-02T07:43:00+02:00;65966_G;50;1;0;unknown;0
2025-07-02T07:43:00+02:00;66020;51;1;100;freeFlow;3
2025-07-02T07:43:00+02:00;6615_D;48;12;100;heavy;5
2025-07-02T07:43:00+02:00;6615_G;49;12;100;heavy;6
2025-07-02T07:43:00+02:00;6616;40;2;100;heavy;7
2025-07-02T07:43:00+02:00;6619;28;4;100;heavy;7
2025-07-02T07:43:00+02:00;6620;37;6;100;heavy;13
2025-07-02T07:43:00+02:00;6621;42;3;100;heavy;7
2025-07-02T07:43:00+02:00;6622;32;2;100;heavy;9
2025-07-02T07:43:00+02:00;6623;26;2;100;heavy;3
2025-07-02T07:43:00+02:00;6628_D;49;17;60;freeFlow;1
2025-07-02T07:43:00+02:00;6628_G;50;17;0;unknown;0
2025-07-02T07:43:00+02:00;6629_D;49;20;60;freeFlow;1
2025-07-02T07:43:00+02:00;6629_G;29;33;60;heavy;1
2025-07-02T07:43:00+02:00;6643;43;15;100;heavy;6
2025-07-02T07:43:00+02:00;6644;35;19;100;heavy;3
2025-07-02T07:43:00+02:00;6645;37;2;100;freeFlow;7
2025-07-02T07:43:00+02:00;6646;51;1;100;freeFlow;6
2025-07-02T07:43:00+02:00;6647;45;1;100;freeFlow;3
2025-07-02T07:43:00+02:00;6648;42;2;100;freeFlow;6
2025-07-02T07:43:00+02:00;6649;40;2;100;freeFlow;5
2025-07-02T07:43:00+02:00;6650;25;7;100;heavy;7
2025-07-02T07:43:00+02:00;6651;22;7;100;heavy;7
2025-07-02T07:43:00+02:00;6669_D;55;90;100;heavy;5
2025-07-02T07:43:00+02:00;6669_G;51;97;100;heavy;5
2025-07-02T07:43:00+02:00;67069;44;4;42;freeFlow;1
2025-07-02T07:43:00+02:00;67223_D;44;1;60;freeFlow;1
2025-07-02T07:43:00+02:00;67223_G;27;2;57;freeFlow;1
2025-07-02T07:43:00+02:00;67229_D;53;8;60;freeFlow;1
2025-07-02T07:43:00+02:00;67229_G;38;11;75;freeFlow;2
2025-07-02T07:43:00+02:00;6723;111;7;60;freeFlow;1
2025-07-02T07:43:00+02:00;67324_D;57;17;60;freeFlow;1
2025-07-02T07:43:00+02:00;67324_G;65;15;93;freeFlow;3
2025-07-02T07:43:00+02:00;67330;30;2;0;unknown;0
2025-07-02T07:43:00+02:00;67332;30;3;0;unknown;0
2025-07-02T07:43:00+02:00;67334;30;1;0;unknown;0
2025-07-02T07:43:00+02:00;67340;30;2;0;unknown;0
2025-07-02T07:43:00+02:00;67341;30;10;0;unknown;0
2025-07-02T07:43:00+02:00;67344;30;6;0;unknown;0
2025-07-02T07:43:00+02:00;67352_D;30;13;0;unknown;0
2025-07-02T07:43:00+02:00;67352_G;30;12;0;unknown;0
2025-07-02T07:43:00+02:00;67380_D;31;26;57;heavy;2
2025-07-02T07:43:00+02:00;67380_G;38;22;57;freeFlow;1
2025-07-02T07:43:00+02:00;67385;31;4;55;heavy;1
2025-07-02T07:43:00+02:00;67389_D;17;4;42;heavy;1
2025-07-02T07:43:00+02:00;67389_G;59;1;45;freeFlow;1
2025-07-02T07:43:00+02:00;67390;59;2;45;freeFlow;1
2025-07-02T07:43:00+02:00;67391;20;8;60;heavy;2
2025-07-02T07:43:00+02:00;67392;59;3;45;freeFlow;1
2025-07-02T07:43:00+02:00;67511_D;30;4;0;unknown;0
2025-07-02T07:43:00+02:00;67511_G;25;5;60;freeFlow;1
2025-07-02T07:43:00+02:00;67514_D;30;6;0;unknown;0
2025-07-02T07:43:00+02:00;67514_G;25;7;60;freeFlow;1
2025-07-02T07:43:00+02:00;67611;26;7;10;freeFlow;1
2025-07-02T07:43:00+02:00;67816;29;1;60;freeFlow;1
2025-07-02T07:43:00+02:00;67819_D;29;1;60;freeFlow;1
2025-07-02T07:43:00+02:00;67819_G;35;1;75;freeFlow;2
2025-07-02T07:43:00+02:00;67820;29;1;60;freeFlow;1
2025-07-02T07:43:00+02:00;67821;35;2;75;freeFlow;2
2025-07-02T07:43:00+02:00;67823;30;8;0;unknown;0
2025-07-02T07:43:00+02:00;67824;34;14;22;heavy;1
2025-07-02T07:43:00+02:00;67829;8;66;43;congested;1
2025-07-02T07:43:00+02:00;67892_D;19;13;57;heavy;2
2025-07-02T07:43:00+02:00;67892_G;33;8;55;heavy;1
2025-07-02T07:43:00+02:00;68069;34;12;60;heavy;1
2025-07-02T07:43:00+02:00;68070;34;1;60;heavy;1
2025-07-02T07:43:00+02:00;68815;3;40;45;congested;1
2025-07-02T07:43:00+02:00;69060;30;3;0;unknown;0
2025-07-02T07:43:00+02:00;69061;38;3;60;freeFlow;1
2025-07-02T07:43:00+02:00;69062;30;2;0;unknown;0
2025-07-02T07:43:00+02:00;69063;36;1;60;freeFlow;1
2025-07-02T07:43:00+02:00;69064_D;30;1;0;unknown;0
2025-07-02T07:43:00+02:00;69064_G;37;1;60;freeFlow;1
2025-07-02T07:43:00+02:00;69270_D;29;4;60;heavy;1
2025-07-02T07:43:00+02:00;69270_G;50;1;0;unknown;0
2025-07-02T07:43:00+02:00;69277;36;2;60;freeFlow;1
2025-07-02T07:43:00+02:00;69464;30;1;0;unknown;0
2025-07-02T07:43:00+02:00;69467;30;2;0;unknown;0
2025-07-02T07:43:00+02:00;69493;37;17;60;freeFlow;1
2025-07-02T07:43:00+02:00;69495;37;11;60;freeFlow;1
2025-07-02T07:43:00+02:00;69591;19;15;75;heavy;2
2025-07-02T07:43:00+02:00;69673;16;22;100;heavy;5
2025-07-02T07:43:00+02:00;69878;44;19;100;freeFlow;6
2025-07-02T07:43:00+02:00;71197_D;43;27;50;heavy;1
2025-07-02T07:43:00+02:00;71197_G;106;11;60;freeFlow;1
2025-07-02T07:43:00+02:00;71455_D;50;3;0;unknown;0
2025-07-02T07:43:00+02:00;71492_D;106;2;60;freeFlow;1
2025-07-02T07:43:00+02:00;71492_G;27;7;57;heavy;1
2025-07-02T07:43:00+02:00;71493_D;34;9;12;heavy;1
2025-07-02T07:43:00+02:00;71493_G;41;8;60;freeFlow;1
2025-07-02T07:43:00+02:00;71494;55;3;75;freeFlow;2
2025-07-02T07:43:00+02:00;71496;28;9;60;heavy;1
2025-07-02T07:43:00+02:00;71497;19;4;57;heavy;1
2025-07-02T07:43:00+02:00;71504_D;67;1;60;freeFlow;1
2025-07-02T07:43:00+02:00;71504_G;32;1;60;heavy;1
2025-07-02T07:43:00+02:00;71508_D;49;10;60;freeFlow;1
2025-07-02T07:43:00+02:00;71508_G;28;17;55;heavy;1
2025-07-02T07:43:00+02:00;71509_D;53;19;12;freeFlow;1
2025-07-02T07:43:00+02:00;71509_G;51;19;60;freeFlow;1
2025-07-02T07:43:00+02:00;71554_D;54;4;40;freeFlow;1
2025-07-02T07:43:00+02:00;71554_G;50;5;0;unknown;0
2025-07-02T07:43:00+02:00;71555_D;48;2;38;freeFlow;1
2025-07-02T07:43:00+02:00;71555_G;50;2;0;unknown;0
2025-07-02T07:43:00+02:00;71661;28;10;70;heavy;2
2025-07-02T07:43:00+02:00;71668;76;9;75;freeFlow;2
2025-07-02T07:43:00+02:00;72425;97;13;75;freeFlow;2
2025-07-02T07:43:00+02:00;72487_D;50;50;100;heavy;4
2025-07-02T07:43:00+02:00;72842_D;63;18;12;freeFlow;1
2025-07-02T07:43:00+02:00;72842_G;76;15;27;freeFlow;1
2025-07-02T07:43:00+02:00;72940_D;50;24;0;unknown;0
2025-07-02T07:43:00+02:00;72940_G;37;32;65;freeFlow;2
2025-07-02T07:43:00+02:00;73636;48;3;0;unknown;0
2025-07-02T07:43:00+02:00;74067;63;1;100;freeFlow;3
2025-07-02T07:43:00+02:00;74454;18;2;60;congested;1
2025-07-02T07:43:00+02:00;74457_D;22;45;57;heavy;1
2025-07-02T07:43:00+02:00;74457_G;15;69;68;congested;2
2025-07-02T07:43:00+02:00;74459;54;1;17;freeFlow;1
2025-07-02T07:43:00+02:00;74460;55;1;52;freeFlow;1
2025-07-02T07:43:00+02:00;74461;55;1;52;freeFlow;1
2025-07-02T07:43:00+02:00;74688_D;62;15;55;freeFlow;1
2025-07-02T07:43:00+02:00;74688_G;56;16;55;freeFlow;1
2025-07-02T07:43:00+02:00;74748_D;80;4;0;unknown;0
2025-07-02T07:43:00+02:00;74748_G;57;5;0;unknown;0
2025-07-02T07:43:00+02:00;75340;23;2;40;heavy;1
2025-07-02T07:43:00+02:00;75343_D;30;12;0;unknown;0
2025-07-02T07:43:00+02:00;75343_G;30;12;0;unknown;0
2025-07-02T07:43:00+02:00;75344;13;5;40;congested;1
2025-07-02T07:43:00+02:00;75346;41;2;55;freeFlow;1
2025-07-02T07:43:00+02:00;75347_D;21;3;68;heavy;2
2025-07-02T07:43:00+02:00;75347_G;41;2;55;freeFlow;1
2025-07-02T07:43:00+02:00;75348;35;1;52;freeFlow;1
2025-07-02T07:43:00+02:00;75353;35;1;52;freeFlow;1
2025-07-02T07:43:00+02:00;75356_D;10;50;55;congested;1
2025-07-02T07:43:00+02:00;75356_G;41;13;52;freeFlow;1
2025-07-02T07:43:00+02:00;75358;37;1;57;freeFlow;1
2025-07-02T07:43:00+02:00;75359;37;2;57;freeFlow;1
2025-07-02T07:43:00+02:00;75385;31;2;75;heavy;2
2025-07-02T07:43:00+02:00;75533_D;78;0;15;freeFlow;1
2025-07-02T07:43:00+02:00;75533_G;47;1;42;heavy;1
2025-07-02T07:43:00+02:00;75630;70;22;75;freeFlow;2
2025-07-02T07:43:00+02:00;75810;81;9;100;freeFlow;3
2025-07-02T07:43:00+02:00;75811;106;4;60;freeFlow;1
2025-07-02T07:43:00+02:00;75812;87;5;100;freeFlow;15
2025-07-02T07:43:00+02:00;75813;79;3;100;freeFlow;10
2025-07-02T07:43:00+02:00;75814;87;3;100;freeFlow;16
2025-07-02T07:43:00+02:00;75815;84;16;100;freeFlow;10
2025-07-02T07:43:00+02:00;75816;39;6;100;freeFlow;7
2025-07-02T07:43:00+02:00;75819_D;40;4;48;freeFlow;1
2025-07-02T07:43:00+02:00;75819_G;53;4;75;freeFlow;2
2025-07-02T07:43:00+02:00;75821;86;3;100;freeFlow;12
2025-07-02T07:43:00+02:00;75823;85;5;100;freeFlow;12
2025-07-02T07:43:00+02:00;75841;41;9;100;freeFlow;5
2025-07-02T07:43:00+02:00;75842;50;8;0;unknown;0
2025-07-02T07:43:00+02:00;75855;47;2;100;heavy;4
2025-07-02T07:43:00+02:00;75858;38;2;100;heavy;3
2025-07-02T07:43:00+02:00;75859;41;4;100;heavy;3
2025-07-02T07:43:00+02:00;75860;40;5;75;heavy;2
2025-07-02T07:43:00+02:00;75861;41;2;60;heavy;1
2025-07-02T07:43:00+02:00;75862;65;3;60;freeFlow;1
2025-07-02T07:43:00+02:00;75863;65;1;60;freeFlow;1
2025-07-02T07:43:00+02:00;75864;44;1;0;unknown;0
2025-07-02T07:43:00+02:00;75865;44;3;0;unknown;0
2025-07-02T07:43:00+02:00;75866;78;11;100;freeFlow;12
2025-07-02T07:43:00+02:00;75867;80;15;100;freeFlow;7
2025-07-02T07:43:00+02:00;75869;88;60;100;freeFlow;8
2025-07-02T07:43:00+02:00;75873_D;48;12;100;freeFlow;4
2025-07-02T07:43:00+02:00;75873_G;50;10;55;freeFlow;1
2025-07-02T07:43:00+02:00;75874_D;57;7;100;freeFlow;3
2025-07-02T07:43:00+02:00;75874_G;52;8;57;freeFlow;1
2025-07-02T07:43:00+02:00;75875;51;6;60;freeFlow;1
2025-07-02T07:43:00+02:00;75876;51;9;60;freeFlow;1
2025-07-02T07:43:00+02:00;75877;50;17;0;unknown;0
2025-07-02T07:43:00+02:00;75878;74;11;100;freeFlow;3
2025-07-02T07:43:00+02:00;75879;106;2;60;freeFlow;1
2025-07-02T07:43:00+02:00;75880;106;8;60;freeFlow;1
2025-07-02T07:43:00+02:00;75882;97;10;65;freeFlow;2
2025-07-02T07:43:00+02:00;75883;87;4;100;freeFlow;17
2025-07-02T07:43:00+02:00;75884;64;6;100;freeFlow;11
2025-07-02T07:43:00+02:00;75885;88;3;100;freeFlow;18
2025-07-02T07:43:00+02:00;75886;65;9;100;freeFlow;11
2025-07-02T07:43:00+02:00;75911;26;11;50;heavy;1
2025-07-02T07:43:00+02:00;75912;40;7;27;freeFlow;1
2025-07-02T07:43:00+02:00;76094;24;24;100;heavy;5
2025-07-02T07:43:00+02:00;7864_D;64;56;100;freeFlow;7
2025-07-02T07:43:00+02:00;7864_G;62;58;100;freeFlow;6
2025-07-02T07:43:00+02:00;790_D;46;17;60;heavy;2
2025-07-02T07:43:00+02:00;790_G;40;20;75;heavy;2
2025-07-02T07:43:00+02:00;791_D;55;16;85;freeFlow;7
2025-07-02T07:43:00+02:00;791_G;22;39;75;heavy;2
2025-07-02T07:43:00+02:00;7936;111;7;60;freeFlow;1
2025-07-02T07:43:00+02:00;7937;111;20;60;freeFlow;1
2025-07-02T07:43:00+02:00;7938;96;31;100;freeFlow;3
2025-07-02T07:43:00+02:00;7995_D;56;19;100;freeFlow;7
2025-07-02T07:43:00+02:00;7995_G;65;15;100;freeFlow;6
2025-07-02T07:43:00+02:00;862_D;51;21;75;freeFlow;2
2025-07-02T07:43:00+02:00;862_G;75;15;45;freeFlow;1
2025-07-02T07:43:00+02:00;863_D;46;15;75;heavy;2
2025-07-02T07:43:00+02:00;863_G;53;13;60;freeFlow;2
2025-07-02T07:43:00+02:00;8745;27;7;100;heavy;3
2025-07-02T07:43:00+02:00;8962;93;24;100;freeFlow;8
2025-07-02T07:43:00+02:00;8963_D;56;8;100;freeFlow;4
2025-07-02T07:43:00+02:00;8963_G;21;20;100;heavy;4
2025-07-02T07:43:00+02:00;8966;85;14;100;freeFlow;8
2025-07-02T07:43:00+02:00;8969;90;15;100;freeFlow;8
2025-07-02T07:43:00+02:00;8970;90;17;100;freeFlow;8
2025-07-02T07:43:00+02:00;8971;84;24;100;freeFlow;9
2025-07-02T07:43:00+02:00;8974_D;41;6;100;heavy;3
2025-07-02T07:43:00+02:00;8974_G;40;6;100;heavy;3
2025-07-02T07:43:00+02:00;8976_D;43;8;100;heavy;5
2025-07-02T07:43:00+02:00;8976_G;46;8;100;heavy;3
2025-07-02T07:43:00+02:00;8977_D;40;8;100;heavy;5
2025-07-02T07:43:00+02:00;8977_G;52;6;100;freeFlow;3
2025-07-02T07:43:00+02:00;8978;97;14;100;freeFlow;9
2025-07-02T07:43:00+02:00;9040;62;14;55;heavy;1
2025-07-02T07:43:00+02:00;9041;32;6;100;heavy;3
2025-07-02T07:43:00+02:00;9042;43;2;60;freeFlow;1
2025-07-02T07:43:00+02:00;9043;44;4;100;freeFlow;3
2025-07-02T07:43:00+02:00;9044;48;3;100;freeFlow;3
2025-07-02T07:43:00+02:00;9045;50;2;0;unknown;0
2025-07-02T07:43:00+02:00;9046;39;2;70;freeFlow;2
2025-07-02T07:43:00+02:00;9047;49;2;60;freeFlow;1
2025-07-02T07:43:00+02:00;9048;55;10;100;heavy;3
2025-07-02T07:43:00+02:00;9049;46;3;100;freeFlow;3
2025-07-02T07:43:00+02:00;9050;34;2;100;heavy;4
2025-07-02T07:43:00+02:00;9051;38;4;75;freeFlow;2
2025-07-02T07:43:00+02:00;9052;50;2;0;unknown;0
2025-07-02T07:43:00+02:00;9053;46;2;57;freeFlow;1
2025-07-02T07:43:00+02:00;9054;49;12;100;freeFlow;3
2025-07-02T07:43:00+02:00;9055;42;14;57;freeFlow;1
2025-07-02T07:43:00+02:00;9057_D;67;8;100;freeFlow;4
2025-07-02T07:43:00+02:00;9057_G;55;10;100;heavy;5
2025-07-02T07:43:00+02:00;9058_D;68;20;100;freeFlow;5
2025-07-02T07:43:00+02:00;9058_G;56;24;100;heavy;5
2025-07-02T07:43:00+02:00;9059_D;58;11;100;freeFlow;4
2025-07-02T07:43:00+02:00;9059_G;55;11;100;heavy;5
2025-07-02T07:43:00+02:00;9060;45;4;93;heavy;5
2025-07-02T07:43:00+02:00;9061;41;4;95;heavy;5
2025-07-02T07:43:00+02:00;9062;45;4;95;heavy;5
2025-07-02T07:43:00+02:00;9063;39;3;93;heavy;5
2025-07-02T07:43:00+02:00;9068_D;52;35;100;heavy;4
2025-07-02T07:43:00+02:00;9068_G;16;110;100;congested;6
2025-07-02T07:43:00+02:00;9070_D;72;29;100;freeFlow;7
2025-07-02T07:43:00+02:00;9070_G;62;33;100;freeFlow;6
2025-07-02T07:43:00+02:00;9073;71;6;100;freeFlow;9
2025-07-02T07:43:00+02:00;9074;71;12;100;freeFlow;13
2025-07-02T07:43:00+02:00;9082_D;78;3;20;freeFlow;1
2025-07-02T07:43:00+02:00;9082_G;63;4;65;freeFlow;2
2025-07-02T07:43:00+02:00;9090_D;44;31;100;heavy;3
2025-07-02T07:43:00+02:00;9090_G;53;25;60;freeFlow;1
2025-07-02T07:43:00+02:00;9103;32;45;100;heavy;5
2025-07-02T07:43:00+02:00;9108;77;16;100;freeFlow;4
2025-07-02T07:43:00+02:00;9114;73;1;100;freeFlow;4
2025-07-02T07:43:00+02:00;9115;68;22;55;freeFlow;1
2025-07-02T07:43:00+02:00;9116;76;2;75;freeFlow;2
2025-07-02T07:43:00+02:00;9117;75;7;75;freeFlow;2
2025-07-02T07:43:00+02:00;9133;79;24;75;freeFlow;2
2025-07-02T07:43:00+02:00;9134;72;20;100;freeFlow;7
2025-07-02T07:43:00+02:00;9177;87;22;75;freeFlow;2
2025-07-02T07:43:00+02:00;9190;90;4;0;unknown;0
2025-07-02T07:43:00+02:00;9199;23;3;100;congested;3
2025-07-02T07:43:00+02:00;9200;45;3;75;heavy;2
2025-07-02T07:43:00+02:00;9201;41;2;100;heavy;4
2025-07-02T07:43:00+02:00;9202;50;2;75;heavy;2
2025-07-02T07:43:00+02:00;9203;37;3;100;heavy;3
2025-07-02T07:43:00+02:00;9204;37;3;75;heavy;2
2025-07-02T07:43:00+02:00;9213;70;40;100;freeFlow;5
2025-07-02T07:43:00+02:00;9214_D;29;2;50;heavy;1
2025-07-02T07:43:00+02:00;9214_G;92;1;60;freeFlow;1
2025-07-02T07:43:00+02:00;9215;52;53;60;heavy;1
2025-07-02T07:43:00+02:00;9279;68;31;100;heavy;9
2025-07-02T07:43:00+02:00;9280;73;33;100;heavy;9
2025-07-02T07:43:00+02:00;9343_D;52;23;100;heavy;3
2025-07-02T07:43:00+02:00;9343_G;62;20;65;freeFlow;2
2025-07-02T07:43:00+02:00;9344_D;34;18;100;freeFlow;3
2025-07-02T07:43:00+02:00;9344_G;57;10;42;freeFlow;1
2025-07-02T07:43:00+02:00;9345_D;49;17;100;freeFlow;3
2025-07-02T07:43:00+02:00;9345_G;59;14;42;freeFlow;1
2025-07-02T07:43:00+02:00;9346_D;37;12;75;freeFlow;2
2025-07-02T07:43:00+02:00;9346_G;61;7;42;freeFlow;1
2025-07-02T07:43:00+02:00;9348_D;35;6;100;freeFlow;3
2025-07-02T07:43:00+02:00;9348_G;56;4;40;freeFlow;1
2025-07-02T07:43:00+02:00;9351_D;39;30;100;heavy;4
2025-07-02T07:43:00+02:00;9351_G;64;18;40;freeFlow;1
2025-07-02T07:43:00+02:00;9370_D;51;16;100;heavy;3
2025-07-02T07:43:00+02:00;9370_G;59;14;45;freeFlow;1
2025-07-02T07:43:00+02:00;9371_D;51;13;100;heavy;3
2025-07-02T07:43:00+02:00;9371_G;55;12;42;heavy;1
2025-07-02T07:43:00+02:00;9378;75;15;100;freeFlow;9
2025-07-02T07:43:00+02:00;9379;48;23;100;heavy;13
2025-07-02T07:43:00+02:00;9414_D;51;5;75;freeFlow;2
2025-07-02T07:43:00+02:00;9414_G;56;5;60;freeFlow;1
2025-07-02T07:43:00+02:00;9416_D;51;4;60;freeFlow;1
2025-07-02T07:43:00+02:00;9416_G;30;7;0;unknown;0
2025-07-02T07:43:00+02:00;9418_D;51;7;60;freeFlow;1
2025-07-02T07:43:00+02:00;9418_G;30;12;0;unknown;0
2025-07-02T07:43:00+02:00;9421;45;2;74;freeFlow;2
2025-07-02T07:43:00+02:00;9422;51;2;60;freeFlow;1
2025-07-02T07:43:00+02:00;9423;30;3;48;freeFlow;1
2025-07-02T07:43:00+02:00;9424;30;6;0;unknown;0
2025-07-02T07:43:00+02:00;9425_D;51;3;60;freeFlow;1
2025-07-02T07:43:00+02:00;9425_G;30;4;0;unknown;0
2025-07-02T07:43:00+02:00;9427_D;25;13;75;heavy;2
2025-07-02T07:43:00+02:00;9427_G;35;9;48;heavy;1
2025-07-02T07:43:00+02:00;9434_D;67;11;60;freeFlow;1
2025-07-02T07:43:00+02:00;9434_G;66;12;48;freeFlow;1
2025-07-02T07:43:00+02:00;9435_D;67;15;75;freeFlow;2
2025-07-02T07:43:00+02:00;9435_G;69;15;45;freeFlow;1
2025-07-02T07:43:00+02:00;9437_D;50;23;100;heavy;3
2025-07-02T07:43:00+02:00;9437_G;65;18;45;freeFlow;1
2025-07-02T07:43:00+02:00;9588_D;22;28;60;heavy;1
2025-07-02T07:43:00+02:00;9588_G;56;11;65;freeFlow;2
2025-07-02T07:43:00+02:00;9625_D;78;4;20;freeFlow;1
2025-07-02T07:43:00+02:00;9625_G;53;7;50;freeFlow;1
2025-07-02T07:43:00+02:00;9739;16;8;75;congested;2
2025-07-02T07:43:00+02:00;9740;12;5;98;congested;4
2025-07-02T07:43:00+02:00;9741;36;2;75;heavy;2
2025-07-02T07:43:00+02:00;9742;61;2;60;freeFlow;1
2025-07-02T07:43:00+02:00;9745_D;16;8;75;congested;2
2025-07-02T07:43:00+02:00;9745_G;58;5;60;freeFlow;1
2025-07-02T07:43:00+02:00;9757_D;39;3;73;heavy;2
2025-07-02T07:43:00+02:00;9757_G;15;8;68;congested;2
2025-07-02T07:43:00+02:00;9758_D;42;7;73;heavy;2
2025-07-02T07:43:00+02:00;9758_G;53;6;50;freeFlow;1
2025-07-02T07:43:00+02:00;9834_D;53;38;100;freeFlow;3
2025-07-02T07:43:00+02:00;9834_G;69;28;60;freeFlow;1
2025-07-02T07:43:00+02:00;9912;32;5;75;heavy;2
2025-07-02T07:43:00+02:00;9913;29;4;100;heavy;3
2025-07-02T07:43:00+02:00;9914;27;3;100;heavy;5
2025-07-02T07:43:00+02:00;9915;29;4;100;heavy;5
2025-07-02T07:43:00+02:00;9916;33;5;75;heavy;2
2025-07-02T07:43:00+02:00;9917_D;35;4;100;heavy;3
2025-07-02T07:43:00+02:00;9917_G;29;4;100;heavy;3
2025-07-02T07:43:00+02:00;9921_D;46;32;100;heavy;3
2025-07-02T07:43:00+02:00;9921_G;50;30;75;freeFlow;2
2025-07-02T07:43:00+02:00;1601981;48;3;60;freeFlow;1
2025-07-02T07:43:00+02:00;1601982;36;25;75;freeFlow;2
2025-07-02T07:43:00+02:00;1634;43;13;60;heavy;1
2025-07-02T07:43:00+02:00;1635;94;2;60;freeFlow;1
2025-07-02T07:43:00+02:00;1636;36;4;100;freeFlow;3
2025-07-02T07:43:00+02:00;1637;34;3;100;heavy;8
2025-07-02T07:43:00+02:00;1640;42;2;100;heavy;8
2025-07-02T07:43:00+02:00;1641;59;3;75;freeFlow;2
2025-07-02T07:43:00+02:00;1642;32;3;100;heavy;5
2025-07-02T07:43:00+02:00;1678329;49;12;68;freeFlow;2
2025-07-02T07:43:00+02:00;1680500_D;40;7;48;freeFlow;1
2025-07-02T07:43:00+02:00;1680500_G;53;5;75;freeFlow;2
2025-07-02T07:43:00+02:00;1680501;52;16;78;freeFlow;16
2025-07-02T07:43:00+02:00;1680580;45;10;45;freeFlow;1
2025-07-02T07:43:00+02:00;1680586;36;4;75;freeFlow;2
2025-07-02T07:43:00+02:00;1680594;34;1;75;heavy;2
2025-07-02T07:43:00+02:00;1680595;50;1;0;unknown;0
2025-07-02T07:43:00+02:00;1680596;35;1;75;freeFlow;2
2025-07-02T07:43:00+02:00;1680597;50;1;0;unknown;0
2025-07-02T07:43:00+02:00;1680604;45;2;45;freeFlow;1
2025-07-02T07:43:00+02:00;1747_D;73;1;60;freeFlow;1
2025-07-02T07:43:00+02:00;1747_G;32;3;75;heavy;2
2025-07-02T07:43:00+02:00;1762;30;17;73;heavy;2
2025-07-02T07:43:00+02:00;1763;69;8;60;freeFlow;1
2025-07-02T07:43:00+02:00;1765_D;54;8;60;freeFlow;1
2025-07-02T07:43:00+02:00;1765_G;32;13;60;heavy;1
2025-07-02T07:43:00+02:00;1852;83;13;100;freeFlow;8
2025-07-02T07:43:00+02:00;1857;73;29;100;freeFlow;11
2025-07-02T07:43:00+02:00;1858;85;11;100;freeFlow;7
2025-07-02T07:43:00+02:00;1859;72;14;100;freeFlow;9
2025-07-02T07:43:00+02:00;1860;98;13;73;freeFlow;2
2025-07-02T07:43:00+02:00;1910718_D;93;1;50;freeFlow;1
2025-07-02T07:43:00+02:00;1910718_G;41;3;100;freeFlow;3
2025-07-02T07:43:00+02:00;1910863_D;22;25;60;heavy;1
2025-07-02T07:43:00+02:00;1910863_G;15;37;45;heavy;1
2025-07-02T07:43:00+02:00;1911250;36;6;75;freeFlow;2
2025-07-02T07:43:00+02:00;35088;67;3;100;freeFlow;3
2025-07-02T07:43:00+02:00;35089;54;4;100;freeFlow;4
2025-07-02T07:43:00+02:00;35090;47;1;100;heavy;4
2025-07-02T07:43:00+02:00;35091;60;2;100;freeFlow;3
2025-07-02T07:43:00+02:00;35093;45;6;76;heavy;5
2025-07-02T07:43:00+02:00;35094;52;5;100;freeFlow;4
2025-07-02T07:43:00+02:00;35099;39;3;60;freeFlow;1
2025-07-02T07:43:00+02:00;35101;22;3;75;heavy;2
2025-07-02T07:43:00+02:00;35102;59;1;75;freeFlow;2
2025-07-02T07:43:00+02:00;35104;41;64;99;heavy;5
2025-07-02T07:43:00+02:00;35116;29;4;100;heavy;3
2025-07-02T07:43:00+02:00;35117;41;4;100;freeFlow;3
2025-07-02T07:43:00+02:00;35118;47;4;100;freeFlow;3
2025-07-02T07:43:00+02:00;35119;24;8;100;heavy;4
2025-07-02T07:43:00+02:00;35120_D;23;3;60;heavy;1
2025-07-02T07:43:00+02:00;35120_G;27;3;60;heavy;1
2025-07-02T07:43:00+02:00;35121_D;32;65;75;heavy;2
2025-07-02T07:43:00+02:00;35121_G;38;55;60;freeFlow;1
2025-07-02T07:43:00+02:00;40196;84;3;48;freeFlow;1
2025-07-02T07:43:00+02:00;40197;84;3;48;freeFlow;1
2025-07-02T07:43:00+02:00;41636_D;11;15;87;congested;4
2025-07-02T07:43:00+02:00;41636_G;50;3;0;unknown;0
2025-07-02T07:43:00+02:00;41652_G;50;5;0;unknown;0
2025-07-02T07:43:00+02:00;41653_D;30;3;70;heavy;2
2025-07-02T07:43:00+02:00;41653_G;50;2;0;unknown;0
2025-07-02T07:43:00+02:00;41667_D;13;12;66;congested;2
2025-07-02T07:43:00+02:00;41667_G;50;3;0;unknown;0
2025-07-02T07:43:00+02:00;41668_D;11;5;96;congested;3
2025-07-02T07:43:00+02:00;41668_G;27;2;0;unknown;0
2025-07-02T07:43:00+02:00;41721;86;12;100;freeFlow;12
2025-07-02T07:43:00+02:00;41722;86;13;100;freeFlow;14
2025-07-02T07:43:00+02:00;41758;82;16;100;freeFlow;5
2025-07-02T07:43:00+02:00;41759;84;17;100;freeFlow;7
2025-07-02T07:43:00+02:00;41760;87;15;100;freeFlow;12
2025-07-02T07:43:00+02:00;41949_D;93;3;50;freeFlow;1
2025-07-02T07:43:00+02:00;41949_G;34;8;100;heavy;3
2025-07-02T07:43:00+02:00;41974_D;93;2;50;freeFlow;1
2025-07-02T07:43:00+02:00;41974_G;8;28;75;congested;2
2025-07-02T07:43:00+02:00;41975_D;93;4;50;freeFlow;1
2025-07-02T07:43:00+02:00;41975_G;17;19;75;heavy;2
2025-07-02T07:43:00+02:00;41985_D;32;3;53;heavy;2
2025-07-02T07:43:00+02:00;41985_G;50;2;0;unknown;0
2025-07-02T07:43:00+02:00;42064_D;30;7;56;heavy;2
2025-07-02T07:43:00+02:00;42064_G;50;4;0;unknown;0
2025-07-02T07:43:00+02:00;420870_D;38;6;68;freeFlow;2
2025-07-02T07:43:00+02:00;420870_G;59;4;38;freeFlow;1
2025-07-02T07:43:00+02:00;42206_G;35;27;60;heavy;1
2025-07-02T07:43:00+02:00;42238_G;20;17;0;unknown;0
2025-07-02T07:43:00+02:00;42239_D;20;14;75;heavy;2
2025-07-02T07:43:00+02:00;42239_G;50;6;0;unknown;0
2025-07-02T07:43:00+02:00;42240_D;36;21;42;freeFlow;1
2025-07-02T07:43:00+02:00;42240_G;22;34;60;heavy;1
2025-07-02T07:43:00+02:00;42241_D;22;31;59;heavy;2
2025-07-02T07:43:00+02:00;42241_G;11;62;73;congested;2
2025-07-02T07:43:00+02:00;42242_D;22;14;50;heavy;2
2025-07-02T07:43:00+02:00;42242_G;29;10;54;heavy;2
2025-07-02T07:43:00+02:00;42683_D;43;8;78;freeFlow;3
2025-07-02T07:43:00+02:00;42683_G;50;6;0;unknown;0
2025-07-02T07:43:00+02:00;42714_D;93;2;50;freeFlow;1
2025-07-02T07:43:00+02:00;42714_G;24;8;75;heavy;2
2025-07-02T07:43:00+02:00;42716_D;93;1;50;freeFlow;1
2025-07-02T07:43:00+02:00;42716_G;37;2;100;freeFlow;3
2025-07-02T07:43:00+02:00;43449_D;30;7;0;unknown;0
2025-07-02T07:43:00+02:00;43449_G;14;15;60;heavy;1
2025-07-02T07:43:00+02:00;43450_D;30;10;0;unknown;0
2025-07-02T07:43:00+02:00;43450_G;12;25;60;heavy;1
2025-07-02T07:43:00+02:00;43451_G;35;13;60;freeFlow;1
2025-07-02T07:43:00+02:00;43452_D;30;5;0;unknown;0
2025-07-02T07:43:00+02:00;43452_G;14;11;60;heavy;1
2025-07-02T07:43:00+02:00;43475_D;50;4;0;unknown;0
2025-07-02T07:43:00+02:00;43475_G;50;4;0;unknown;0
2025-07-02T07:43:00+02:00;43622_D;29;3;60;heavy;1
2025-07-02T07:43:00+02:00;43622_G;21;5;45;heavy;1
2025-07-02T07:43:00+02:00;43623_D;22;9;60;heavy;1
2025-07-02T07:43:00+02:00;43623_G;25;8;45;heavy;1
2025-07-02T07:43:00+02:00;43624_D;16;14;60;heavy;1
2025-07-02T07:43:00+02:00;43624_G;28;8;45;heavy;1
2025-07-02T07:43:00+02:00;43625_D;35;11;60;freeFlow;1
2025-07-02T07:43:00+02:00;43625_G;21;18;45;heavy;1
2025-07-02T07:43:00+02:00;43657_D;24;3;45;heavy;1
2025-07-02T07:43:00+02:00;43657_G;35;2;60;freeFlow;1
2025-07-02T07:43:00+02:00;43659_D;30;5;0;unknown;0
2025-07-02T07:43:00+02:00;43659_G;35;4;60;freeFlow;1
2025-07-02T07:43:00+02:00;44039_D;50;2;0;unknown;0
2025-07-02T07:43:00+02:00;44039_G;50;2;0;unknown;0
2025-07-02T07:43:00+02:00;44040_D;50;9;0;unknown;0
2025-07-02T07:43:00+02:00;44040_G;50;9;0;unknown;0
2025-07-02T07:43:00+02:00;44041_D;50;9;0;unknown;0
2025-07-02T07:43:00+02:00;44041_G;50;9;0;unknown;0
2025-07-02T07:43:00+02:00;44042_D;50;10;0;unknown;0
2025-07-02T07:43:00+02:00;44042_G;50;9;0;unknown;0
2025-07-02T07:43:00+02:00;44071_D;30;9;0;unknown;0
2025-07-02T07:43:00+02:00;44071_G;15;21;60;heavy;1
2025-07-02T07:43:00+02:00;44080;33;4;32;heavy;1
2025-07-02T07:43:00+02:00;44113_D;50;6;0;unknown;0
2025-07-02T07:43:00+02:00;44113_G;19;16;45;heavy;1
2025-07-02T07:43:00+02:00;44114_D;50;5;0;unknown;0
2025-07-02T07:43:00+02:00;44114_G;28;9;45;heavy;1
2025-07-02T07:43:00+02:00;44115_D;50;7;0;unknown;0
2025-07-02T07:43:00+02:00;44115_G;34;10;45;heavy;1
2025-07-02T07:43:00+02:00;44117_D;46;6;60;freeFlow;1
2025-07-02T07:43:00+02:00;44117_G;36;7;45;freeFlow;1
2025-07-02T07:43:00+02:00;44118_D;46;4;60;freeFlow;1
2025-07-02T07:43:00+02:00;44118_G;36;6;45;freeFlow;1
2025-07-02T07:43:00+02:00;44125_D;25;5;32;heavy;1
2025-07-02T07:43:00+02:00;44125_G;25;5;45;heavy;1
2025-07-02T07:43:00+02:00;44127;13;22;35;congested;1
2025-07-02T07:43:00+02:00;44128;23;14;35;heavy;1
2025-07-02T07:43:00+02:00;44170_D;50;3;0;unknown;0
2025-07-02T07:43:00+02:00;44170_G;36;5;45;freeFlow;1
2025-07-02T07:43:00+02:00;44713_D;37;1;45;freeFlow;1
2025-07-02T07:43:00+02:00;44713_G;25;1;32;heavy;1
2025-07-02T07:43:00+02:00;44930;62;3;75;freeFlow;2
2025-07-02T07:43:00+02:00;44931;54;12;100;freeFlow;4
2025-07-02T07:43:00+02:00;44934;77;26;100;freeFlow;6
2025-07-02T07:43:00+02:00;45486_G;48;4;40;freeFlow;1
2025-07-02T07:43:00+02:00;45487_G;48;5;40;freeFlow;1
2025-07-02T07:43:00+02:00;45488_D;32;21;60;heavy;1
2025-07-02T07:43:00+02:00;45488_G;42;16;40;freeFlow;1
2025-07-02T07:43:00+02:00;45489_D;36;7;60;freeFlow;1
2025-07-02T07:43:00+02:00;45489_G;49;5;38;freeFlow;1
2025-07-02T07:43:00+02:00;45490_D;37;4;60;freeFlow;1
2025-07-02T07:43:00+02:00;45490_G;56;3;38;freeFlow;1
2025-07-02T07:43:00+02:00;45503_D;28;5;10;heavy;1
2025-07-02T07:43:00+02:00;45503_G;11;13;38;congested;1
2025-07-02T07:43:00+02:00;45504_D;28;6;10;heavy;1
2025-07-02T07:43:00+02:00;45504_G;12;12;35;congested;1
2025-07-02T07:43:00+02:00;45505_D;28;12;10;heavy;1
2025-07-02T07:43:00+02:00;45505_G;50;7;0;unknown;0
2025-07-02T07:43:00+02:00;45530_D;46;1;30;freeFlow;1
2025-07-02T07:43:00+02:00;45530_G;36;2;45;freeFlow;1
2025-07-02T07:43:00+02:00;45531_D;30;2;30;freeFlow;1
2025-07-02T07:43:00+02:00;45531_G;36;1;45;freeFlow;1
2025-07-02T07:43:00+02:00;45532_D;30;7;30;freeFlow;1
2025-07-02T07:43:00+02:00;45532_G;7;34;64;congested;2
2025-07-02T07:43:00+02:00;45565_D;40;8;42;freeFlow;1
2025-07-02T07:43:00+02:00;45565_G;50;6;0;unknown;0
2025-07-02T07:43:00+02:00;45566_D;39;7;42;freeFlow;1
2025-07-02T07:43:00+02:00;45566_G;50;5;0;unknown;0
2025-07-02T07:43:00+02:00;45567_D;5;54;52;congested;1
2025-07-02T07:43:00+02:00;45567_G;50;6;0;unknown;0
2025-07-02T07:43:00+02:00;45568_D;30;15;38;heavy;1
2025-07-02T07:43:00+02:00;45568_G;28;17;10;heavy;1
2025-07-02T07:43:00+02:00;45601_D;50;6;0;unknown;0
2025-07-02T07:43:00+02:00;45601_G;27;12;55;heavy;1
2025-07-02T07:43:00+02:00;45613_D;29;11;60;heavy;1
2025-07-02T07:43:00+02:00;45613_G;42;8;68;freeFlow;2
2025-07-02T07:43:00+02:00;45614_D;34;6;60;heavy;1
2025-07-02T07:43:00+02:00;45614_G;56;4;38;freeFlow;1
2025-07-02T07:43:00+02:00;45636;73;16;75;freeFlow;2
2025-07-02T07:43:00+02:00;45637;86;13;100;freeFlow;16
2025-07-02T07:43:00+02:00;45640;50;10;75;freeFlow;2
2025-07-02T07:43:00+02:00;45641;54;23;90;freeFlow;7
2025-07-02T07:43:00+02:00;45642;87;24;100;freeFlow;6
2025-07-02T07:43:00+02:00;45644_D;34;27;75;heavy;2
2025-07-02T07:43:00+02:00;45644_G;50;19;0;unknown;0
2025-07-02T07:43:00+02:00;45645_G;50;11;0;unknown;0
2025-07-02T07:43:00+02:00;45725;90;35;100;freeFlow;16
2025-07-02T07:43:00+02:00;45736_D;40;12;75;freeFlow;2
2025-07-02T07:43:00+02:00;45736_G;50;9;0;unknown;0
2025-07-02T07:43:00+02:00;45759_D;15;25;58;congested;2
2025-07-02T07:43:00+02:00;45759_G;50;7;0;unknown;0
2025-07-02T07:43:00+02:00;45760_D;17;17;60;heavy;1
2025-07-02T07:43:00+02:00;45760_G;29;10;60;heavy;1
2025-07-02T07:43:00+02:00;45761_G;50;6;0;unknown;0
2025-07-02T07:43:00+02:00;45762_D;23;11;71;heavy;2
2025-07-02T07:43:00+02:00;45762_G;50;5;0;unknown;0
2025-07-02T07:43:00+02:00;45849_D;16;5;60;heavy;1
2025-07-02T07:43:00+02:00;45849_G;16;5;45;heavy;1
2025-07-02T07:43:00+02:00;45850_D;35;3;60;heavy;1
2025-07-02T07:43:00+02:00;45850_G;22;4;42;heavy;1
2025-07-02T07:43:00+02:00;45865_G;50;7;0;unknown;0
2025-07-02T07:43:00+02:00;46027;22;2;100;heavy;3
2025-07-02T07:43:00+02:00;46028;50;14;0;unknown;0
2025-07-02T07:43:00+02:00;46029;27;6;92;heavy;4
2025-07-02T07:43:00+02:00;46036_D;50;10;0;unknown;0
2025-07-02T07:43:00+02:00;46036_G;50;10;0;unknown;0
2025-07-02T07:43:00+02:00;46053_G;15;25;48;heavy;1
2025-07-02T07:43:00+02:00;46054_D;28;7;10;heavy;1
2025-07-02T07:43:00+02:00;46054_G;21;9;48;heavy;1
2025-07-02T07:43:00+02:00;46055_D;28;9;10;heavy;1
2025-07-02T07:43:00+02:00;46055_G;31;8;48;heavy;1
2025-07-02T07:43:00+02:00;46056_G;35;3;48;heavy;1
2025-07-02T07:43:00+02:00;46057_D;30;6;60;heavy;1
2025-07-02T07:43:00+02:00;46057_G;35;6;65;heavy;2
2025-07-02T07:43:00+02:00;46058_D;31;11;60;heavy;1
2025-07-02T07:43:00+02:00;46058_G;41;8;48;freeFlow;1
2025-07-02T07:43:00+02:00;46059_D;49;12;12;freeFlow;1
2025-07-02T07:43:00+02:00;46059_G;39;15;48;freeFlow;1
2025-07-02T07:43:00+02:00;46079_D;31;9;60;heavy;1
2025-07-02T07:43:00+02:00;46079_G;43;7;48;freeFlow;1
2025-07-02T07:43:00+02:00;46080_D;49;10;12;freeFlow;1
2025-07-02T07:43:00+02:00;46080_G;13;36;45;congested;1
2025-07-02T07:43:00+02:00;46081;29;8;60;heavy;1
2025-07-02T07:43:00+02:00;46135;45;7;42;freeFlow;1
2025-07-02T07:43:00+02:00;46136;48;6;42;freeFlow;1
2025-07-02T07:43:00+02:00;46137;48;9;40;freeFlow;1
2025-07-02T07:43:00+02:00;46163;20;16;42;heavy;1
2025-07-02T07:43:00+02:00;46228;81;13;75;freeFlow;2
2025-07-02T07:43:00+02:00;46230;73;19;100;freeFlow;8
2025-07-02T07:43:00+02:00;46251_D;22;8;60;heavy;1
2025-07-02T07:43:00+02:00;46251_G;55;3;53;freeFlow;2
2025-07-02T07:43:00+02:00;46264;76;21;100;freeFlow;3
2025-07-02T07:43:00+02:00;46265;76;9;100;freeFlow;5
2025-07-02T07:43:00+02:00;46266;78;3;100;freeFlow;7
2025-07-02T07:43:00+02:00;46267;87;9;100;freeFlow;12
2025-07-02T07:43:00+02:00;46268;84;18;100;freeFlow;10
2025-07-02T07:43:00+02:00;46270_D;57;4;60;freeFlow;1
2025-07-02T07:43:00+02:00;46270_G;35;6;60;heavy;1
2025-07-02T07:43:00+02:00;46271_D;60;4;72;freeFlow;2
2025-07-02T07:43:00+02:00;46271_G;43;6;60;freeFlow;1
2025-07-02T07:43:00+02:00;46374_D;12;107;60;congested;1
2025-07-02T07:43:00+02:00;46374_G;38;33;75;freeFlow;2
2025-07-02T07:43:00+02:00;46375_D;35;14;30;heavy;1
2025-07-02T07:43:00+02:00;46375_G;14;35;61;congested;2
2025-07-02T07:43:00+02:00;46376_D;28;25;32;heavy;1
2025-07-02T07:43:00+02:00;46376_G;21;32;61;heavy;2
2025-07-02T07:43:00+02:00;46377_D;20;20;32;heavy;1
2025-07-02T07:43:00+02:00;46377_G;22;19;66;heavy;2
2025-07-02T07:43:00+02:00;46427_D;28;13;30;heavy;1
2025-07-02T07:43:00+02:00;46427_G;32;12;75;heavy;2
2025-07-02T07:43:00+02:00;46559_D;50;1;0;unknown;0
2025-07-02T07:43:00+02:00;46559_G;31;2;27;heavy;1
2025-07-02T07:43:00+02:00;46560_D;50;8;0;unknown;0
2025-07-02T07:43:00+02:00;46560_G;13;30;27;congested;1
2025-07-02T07:43:00+02:00;46561_D;50;5;0;unknown;0
2025-07-02T07:43:00+02:00;46561_G;4;76;15;congested;1
2025-07-02T07:43:00+02:00;46562_D;50;2;0;unknown;0
2025-07-02T07:43:00+02:00;46562_G;11;10;15;congested;1
2025-07-02T07:43:00+02:00;46563_D;50;8;0;unknown;0
2025-07-02T07:43:00+02:00;46563_G;24;18;15;heavy;1
2025-07-02T07:43:00+02:00;46564_D;50;4;0;unknown;0
2025-07-02T07:43:00+02:00;46564_G;24;9;12;heavy;1
2025-07-02T07:43:00+02:00;46565_D;50;4;0;unknown;0
2025-07-02T07:43:00+02:00;46565_G;25;7;12;heavy;1
2025-07-02T07:43:00+02:00;46566_D;50;5;0;unknown;0
2025-07-02T07:43:00+02:00;46566_G;26;10;12;heavy;1
2025-07-02T07:43:00+02:00;46567_G;30;3;56;heavy;2
2025-07-02T07:43:00+02:00;46568_D;50;1;0;unknown;0
2025-07-02T07:43:00+02:00;46568_G;20;3;75;heavy;2
2025-07-02T07:43:00+02:00;46569_D;50;10;0;unknown;0
2025-07-02T07:43:00+02:00;46569_G;32;15;27;heavy;1
2025-07-02T07:43:00+02:00;46627_D;50;11;0;unknown;0
2025-07-02T07:43:00+02:00;46627_G;35;15;27;freeFlow;1
2025-07-02T07:43:00+02:00;46628_D;50;8;0;unknown;0
2025-07-02T07:43:00+02:00;46628_G;21;19;15;heavy;1
2025-07-02T07:43:00+02:00;46640;50;15;0;unknown;0
2025-07-02T07:43:00+02:00;46641;50;8;0;unknown;0
2025-07-02T07:43:00+02:00;46643;50;3;0;unknown;0
2025-07-02T07:43:00+02:00;46649;50;8;0;unknown;0
2025-07-02T07:43:00+02:00;46653_D;50;12;0;unknown;0
2025-07-02T07:43:00+02:00;46653_G;50;12;0;unknown;0
2025-07-02T07:43:00+02:00;46654_D;50;10;0;unknown;0
2025-07-02T07:43:00+02:00;46654_G;50;10;0;unknown;0
2025-07-02T07:43:00+02:00;46655_D;50;3;0;unknown;0
2025-07-02T07:43:00+02:00;46655_G;50;3;0;unknown;0
2025-07-02T07:43:00+02:00;46682;25;19;48;heavy;1
2025-07-02T07:43:00+02:00;46683;32;2;48;heavy;1
2025-07-02T07:43:00+02:00;46684;45;11;75;freeFlow;2
2025-07-02T07:43:00+02:00;46685;59;18;75;freeFlow;2
2025-07-02T07:43:00+02:00;46686;32;42;75;heavy;2
2025-07-02T07:43:00+02:00;46688;53;21;90;freeFlow;3
2025-07-02T07:43:00+02:00;46716;86;1;100;freeFlow;7
2025-07-02T07:43:00+02:00;46717;73;51;100;freeFlow;13
2025-07-02T07:43:00+02:00;46718;85;12;100;freeFlow;7
2025-07-02T07:43:00+02:00;46719;27;29;75;heavy;2
2025-07-02T07:43:00+02:00;46720;107;2;52;freeFlow;1
2025-07-02T07:43:00+02:00;46728;83;4;75;freeFlow;2
2025-07-02T07:43:00+02:00;46745_D;47;13;50;freeFlow;1
2025-07-02T07:43:00+02:00;46745_G;35;17;36;heavy;1
2025-07-02T07:43:00+02:00;46746_D;56;16;74;freeFlow;2
2025-07-02T07:43:00+02:00;46746_G;35;25;60;freeFlow;1
2025-07-02T07:43:00+02:00;46975;35;5;60;heavy;1
2025-07-02T07:43:00+02:00;47024;59;3;50;freeFlow;1
2025-07-02T07:43:00+02:00;47025;18;22;52;heavy;1
2025-07-02T07:43:00+02:00;47030;15;21;100;heavy;7
2025-07-02T07:43:00+02:00;47057;84;10;100;freeFlow;6
2025-07-02T07:43:00+02:00;47058;80;24;100;freeFlow;8
2025-07-02T07:43:00+02:00;47059;48;26;100;heavy;10
2025-07-02T07:43:00+02:00;47060;35;28;100;heavy;11
2025-07-02T07:43:00+02:00;47062;43;20;40;freeFlow;1
2025-07-02T07:43:00+02:00;47064;39;2;100;freeFlow;10
2025-07-02T07:43:00+02:00;47066;38;3;75;freeFlow;2
2025-07-02T07:43:00+02:00;47068;26;26;55;heavy;1
2025-07-02T07:43:00+02:00;47070;38;8;100;freeFlow;4
2025-07-02T07:43:00+02:00;47071;86;10;75;freeFlow;2
2025-07-02T07:43:00+02:00;47074;87;5;100;freeFlow;9
2025-07-02T07:43:00+02:00;47075;62;4;60;heavy;1
2025-07-02T07:43:00+02:00;47078;34;71;100;heavy;5
2025-07-02T07:43:00+02:00;47101;105;4;60;freeFlow;1
2025-07-02T07:43:00+02:00;47107;62;8;100;heavy;9
2025-07-02T07:43:00+02:00;47108;79;10;75;freeFlow;2
2025-07-02T07:43:00+02:00;47109;55;1;100;freeFlow;3
2025-07-02T07:43:00+02:00;47110;51;15;75;freeFlow;2
2025-07-02T07:43:00+02:00;47111;84;21;100;freeFlow;5
2025-07-02T07:43:00+02:00;47112;41;21;100;freeFlow;3
2025-07-02T07:43:00+02:00;47113;68;8;75;freeFlow;2
2025-07-02T07:43:00+02:00;47114;98;14;60;freeFlow;1
2025-07-02T07:43:00+02:00;47115;57;25;100;freeFlow;7
2025-07-02T07:43:00+02:00;47238;78;7;100;freeFlow;9
2025-07-02T07:43:00+02:00;47240;78;19;100;freeFlow;13
2025-07-02T07:43:00+02:00;47241;85;12;100;freeFlow;9
2025-07-02T07:43:00+02:00;47242;85;15;100;freeFlow;9
2025-07-02T07:43:00+02:00;47243;80;18;100;freeFlow;9
2025-07-02T07:43:00+02:00;47290;13;38;60;congested;1
2025-07-02T07:43:00+02:00;47293;70;8;100;freeFlow;8
2025-07-02T07:43:00+02:00;47299;46;8;100;heavy;4
2025-07-02T07:43:00+02:00;47300;91;13;100;freeFlow;3
2025-07-02T07:43:00+02:00;47306;81;25;100;freeFlow;11
2025-07-02T07:43:00+02:00;47316;17;17;75;congested;2
2025-07-02T07:43:00+02:00;47428_D;50;5;0;unknown;0
2025-07-02T07:43:00+02:00;47428_G;50;5;0;unknown;0
2025-07-02T07:43:00+02:00;48769_D;11;12;60;congested;1
2025-07-02T07:43:00+02:00;48769_G;50;3;0;unknown;0
2025-07-02T07:43:00+02:00;48890;36;1;10;freeFlow;1
2025-07-02T07:43:00+02:00;48891;50;1;0;unknown;0
2025-07-02T07:43:00+02:00;48958_D;16;13;75;heavy;2
2025-07-02T07:43:00+02:00;48958_G;27;8;45;heavy;1
2025-07-02T07:43:00+02:00;489866_G;52;3;38;freeFlow;1
2025-07-02T07:43:00+02:00;49004;49;4;52;freeFlow;1
2025-07-02T07:43:00+02:00;490194_D;93;1;50;freeFlow;1
2025-07-02T07:43:00+02:00;490194_G;33;2;100;heavy;3
2025-07-02T07:43:00+02:00;49023;78;7;75;freeFlow;2
2025-07-02T07:43:00+02:00;49068;12;54;100;congested;3
2025-07-02T07:43:00+02:00;49074;30;3;50;heavy;1
2025-07-02T07:43:00+02:00;49075;70;2;0;unknown;0
2025-07-02T07:43:00+02:00;49081;105;5;60;freeFlow;1
2025-07-02T07:43:00+02:00;49084;30;14;75;heavy;2
2025-07-02T07:43:00+02:00;49137_D;50;4;0;unknown;0
2025-07-02T07:43:00+02:00;49137_G;50;4;0;unknown;0
2025-07-02T07:43:00+02:00;49184;34;3;52;heavy;1
2025-07-02T07:43:00+02:00;492351_G;39;3;74;freeFlow;2
2025-07-02T07:43:00+02:00;492359_D;20;13;60;heavy;1
2025-07-02T07:43:00+02:00;492363_D;50;9;0;unknown;0
2025-07-02T07:43:00+02:00;492363_G;50;10;0;unknown;0
2025-07-02T07:43:00+02:00;492435;17;25;60;heavy;1
2025-07-02T07:43:00+02:00;492445_G;93;7;50;freeFlow;1
2025-07-02T07:43:00+02:00;492450;56;9;75;freeFlow;2
2025-07-02T07:43:00+02:00;492452;93;5;50;freeFlow;1
2025-07-02T07:43:00+02:00;492459;28;2;40;freeFlow;1
2025-07-02T07:43:00+02:00;492474;76;2;60;freeFlow;1
2025-07-02T07:43:00+02:00;492475;105;8;60;freeFlow;1
2025-07-02T07:43:00+02:00;492476;77;6;60;freeFlow;1
2025-07-02T07:43:00+02:00;492477;47;2;60;freeFlow;1
2025-07-02T07:43:00+02:00;492479;47;14;60;freeFlow;1
2025-07-02T07:43:00+02:00;492481;50;3;0;unknown;0
2025-07-02T07:43:00+02:00;492482;47;3;75;freeFlow;2
2025-07-02T07:43:00+02:00;492483;71;3;66;freeFlow;2
2025-07-02T07:43:00+02:00;492485;100;1;68;freeFlow;2
2025-07-02T07:43:00+02:00;492490;28;12;75;freeFlow;2
2025-07-02T07:43:00+02:00;492495;18;2;60;congested;1
2025-07-02T07:43:00+02:00;492498;107;4;52;freeFlow;1
2025-07-02T07:43:00+02:00;492506;17;13;60;heavy;1
2025-07-02T07:43:00+02:00;492512;50;2;0;unknown;0
2025-07-02T07:43:00+02:00;492514;65;1;75;freeFlow;2
2025-07-02T07:43:00+02:00;492519;28;19;100;heavy;3
2025-07-02T07:43:00+02:00;492574;93;2;50;freeFlow;1
2025-07-02T07:43:00+02:00;492576;107;0;52;freeFlow;1
2025-07-02T07:43:00+02:00;49328_D;50;2;0;unknown;0
2025-07-02T07:43:00+02:00;49328_G;36;3;45;freeFlow;1
2025-07-02T07:43:00+02:00;49686_D;50;3;0;unknown;0
2025-07-02T07:43:00+02:00;49686_G;50;3;0;unknown;0
2025-07-02T07:43:00+02:00;50079_D;30;8;0;unknown;0
2025-07-02T07:43:00+02:00;50079_G;15;15;60;heavy;1
2025-07-02T07:43:00+02:00;50191_D;50;10;0;unknown;0
2025-07-02T07:43:00+02:00;50191_G;26;20;55;heavy;1
2025-07-02T07:43:00+02:00;50308_G;52;5;38;freeFlow;1
2025-07-02T07:43:00+02:00;50355_D;31;9;60;heavy;1
2025-07-02T07:43:00+02:00;50355_G;57;5;38;freeFlow;1
2025-07-02T07:43:00+02:00;50416_D;32;4;60;heavy;1
2025-07-02T07:43:00+02:00;50416_G;59;2;38;freeFlow;1
2025-07-02T07:43:00+02:00;50475;54;7;50;freeFlow;1
2025-07-02T07:43:00+02:00;50509;32;14;50;heavy;1
2025-07-02T07:43:00+02:00;50573_D;30;8;0;unknown;0
2025-07-02T07:43:00+02:00;50573_G;29;7;60;freeFlow;1
2025-07-02T07:43:00+02:00;51008;50;3;0;unknown;0
2025-07-02T07:43:00+02:00;51017;5;26;48;congested;1
2025-07-02T07:43:00+02:00;51159_D;25;27;30;heavy;1
2025-07-02T07:43:00+02:00;51159_G;27;24;75;heavy;2
2025-07-02T07:43:00+02:00;51254_D;50;6;0;unknown;0
2025-07-02T07:43:00+02:00;51254_G;19;15;60;heavy;1
2025-07-02T07:43:00+02:00;51323_D;50;3;0;unknown;0
2025-07-02T07:43:00+02:00;51323_G;20;9;55;heavy;1
2025-07-02T07:43:00+02:00;51437_D;26;6;40;heavy;1
2025-07-02T07:43:00+02:00;51437_G;50;3;0;unknown;0
2025-07-02T07:43:00+02:00;51455_D;36;8;42;freeFlow;1
2025-07-02T07:43:00+02:00;51455_G;50;5;0;unknown;0
2025-07-02T07:43:00+02:00;51797;105;2;60;freeFlow;1
2025-07-02T07:43:00+02:00;52130;50;4;0;unknown;0
2025-07-02T07:43:00+02:00;53329_D;23;8;60;freeFlow;1
2025-07-02T07:43:00+02:00;53329_G;5;30;42;congested;1
2025-07-02T07:43:00+02:00;53336_D;47;8;50;freeFlow;1
2025-07-02T07:43:00+02:00;53336_G;32;12;55;heavy;2
2025-07-02T07:43:00+02:00;53411_D;50;7;0;unknown;0
2025-07-02T07:43:00+02:00;53539_G;27;7;75;heavy;2
2025-07-02T07:43:00+02:00;53542;84;5;75;freeFlow;2
2025-07-02T07:43:00+02:00;53543;90;5;0;unknown;0
2025-07-02T07:43:00+02:00;53575_D;44;15;60;freeFlow;1
2025-07-02T07:43:00+02:00;53575_G;34;18;40;heavy;1
2025-07-02T07:43:00+02:00;53656;42;2;75;freeFlow;2
2025-07-02T07:43:00+02:00;53660;35;10;75;freeFlow;2
2025-07-02T07:43:00+02:00;53663;16;8;52;heavy;1
2025-07-02T07:43:00+02:00;53675;31;2;100;heavy;5
2025-07-02T07:43:00+02:00;53676;43;3;84;heavy;4
2025-07-02T07:43:00+02:00;53677;42;14;100;heavy;5
2025-07-02T07:43:00+02:00;53678;39;1;25;heavy;1
2025-07-02T07:43:00+02:00;53679;40;3;25;heavy;1
2025-07-02T07:43:00+02:00;53681;53;37;100;freeFlow;4
2025-07-02T07:43:00+02:00;53721;35;2;60;heavy;1
2025-07-02T07:43:00+02:00;53885_D;93;6;50;freeFlow;1
2025-07-02T07:43:00+02:00;53885_G;38;14;100;freeFlow;3
2025-07-02T07:43:00+02:00;54211;9;68;100;congested;3
2025-07-02T07:43:00+02:00;54334_D;50;1;0;unknown;0
2025-07-02T07:43:00+02:00;54334_G;13;3;60;congested;1
2025-07-02T07:43:00+02:00;54337;50;16;0;unknown;0
2025-07-02T07:43:00+02:00;54361;30;7;42;heavy;1
2025-07-02T07:43:00+02:00;54580_G;5;109;32;congested;1
2025-07-02T07:43:00+02:00;54707;42;11;63;freeFlow;2
2025-07-02T07:43:00+02:00;54709;50;1;0;unknown;0
2025-07-02T07:43:00+02:00;54710;40;5;48;freeFlow;1
2025-07-02T07:43:00+02:00;55397_D;40;2;75;freeFlow;2
2025-07-02T07:43:00+02:00;55397_G;50;1;0;unknown;0
2025-07-02T07:43:00+02:00;55401;26;14;52;heavy;1
2025-07-02T07:43:00+02:00;55405;26;2;52;heavy;1
2025-07-02T07:43:00+02:00;55406;26;7;52;heavy;1
2025-07-02T07:43:00+02:00;55407;35;3;97;freeFlow;3
2025-07-02T07:43:00+02:00;55408;27;6;75;heavy;2
2025-07-02T07:43:00+02:00;55440_D;7;24;30;congested;1
2025-07-02T07:43:00+02:00;55440_G;18;10;55;heavy;1
2025-07-02T07:43:00+02:00;55443_D;33;2;12;heavy;1
2025-07-02T07:43:00+02:00;55443_G;12;5;55;congested;1
2025-07-02T07:43:00+02:00;55446;12;7;55;congested;1
2025-07-02T07:43:00+02:00;55447;21;3;55;heavy;1
2025-07-02T07:43:00+02:00;55448;28;2;30;heavy;1
2025-07-02T07:43:00+02:00;55449;33;2;12;heavy;1
2025-07-02T07:43:00+02:00;55516;50;2;0;unknown;0
2025-07-02T07:43:00+02:00;55669;19;11;100;heavy;4
2025-07-02T07:43:00+02:00;55671;50;7;0;unknown;0
2025-07-02T07:43:00+02:00;55696;50;15;0;unknown;0
2025-07-02T07:43:00+02:00;55698;50;9;0;unknown;0
2025-07-02T07:43:00+02:00;55700;50;8;0;unknown;0
2025-07-02T07:43:00+02:00;55703;50;3;0;unknown;0
2025-07-02T07:43:00+02:00;55706;50;1;0;unknown;0
2025-07-02T07:43:00+02:00;55707;50;7;0;unknown;0
2025-07-02T07:43:00+02:00;55708;29;4;10;heavy;1
2025-07-02T07:43:00+02:00;55710;16;42;10;heavy;1
2025-07-02T07:43:00+02:00;55711;50;1;0;unknown;0
2025-07-02T07:43:00+02:00;55713;44;16;27;freeFlow;1
2025-07-02T07:43:00+02:00;55781_D;49;2;12;freeFlow;1
2025-07-02T07:43:00+02:00;55781_G;23;5;42;heavy;1
2025-07-02T07:43:00+02:00;55800;36;9;12;freeFlow;1
2025-07-02T07:43:00+02:00;55801;44;3;42;freeFlow;1
2025-07-02T07:43:00+02:00;55805;24;10;12;heavy;1
2025-07-02T07:43:00+02:00;55806;43;12;15;freeFlow;1
2025-07-02T07:43:00+02:00;55811;43;8;45;freeFlow;1
2025-07-02T07:43:00+02:00;55814;33;4;45;heavy;1
2025-07-02T07:43:00+02:00;55815;21;1;75;heavy;2
2025-07-02T07:43:00+02:00;55820;50;1;0;unknown;0
2025-07-02T07:43:00+02:00;55821;21;6;98;heavy;3
2025-07-02T07:43:00+02:00;55822;27;4;60;heavy;1
2025-07-02T07:43:00+02:00;55823;31;2;55;heavy;1
2025-07-02T07:43:00+02:00;55824;31;2;55;heavy;1
2025-07-02T07:43:00+02:00;55827;52;2;75;freeFlow;2
2025-07-02T07:43:00+02:00;55830;61;1;75;freeFlow;2
2025-07-02T07:43:00+02:00;55841;31;15;48;heavy;1
2025-07-02T07:43:00+02:00;55843;50;1;0;unknown;0
2025-07-02T07:43:00+02:00;55879;7;10;52;congested;1
2025-07-02T07:43:00+02:00;55883;20;3;52;heavy;1
2025-07-02T07:43:00+02:00;55887;33;16;100;heavy;5
2025-07-02T07:43:00+02:00;55888;50;12;0;unknown;0
2025-07-02T07:43:00+02:00;55889;9;10;100;congested;7
2025-07-02T07:43:00+02:00;55890;54;2;50;freeFlow;1
2025-07-02T07:43:00+02:00;55894;59;1;50;freeFlow;1
2025-07-02T07:43:00+02:00;55896;23;3;100;heavy;4
2025-07-02T07:43:00+02:00;55898;19;31;52;heavy;1
2025-07-02T07:43:00+02:00;55899;48;7;60;freeFlow;1
2025-07-02T07:43:00+02:00;55926_D;31;7;45;heavy;1
2025-07-02T07:43:00+02:00;55926_G;50;5;0;unknown;0
2025-07-02T07:43:00+02:00;55932;50;1;0;unknown;0
2025-07-02T07:43:00+02:00;55933;36;3;45;freeFlow;1
2025-07-02T07:43:00+02:00;55958;105;1;60;freeFlow;1
2025-07-02T07:43:00+02:00;55959;34;2;52;heavy;1
2025-07-02T07:43:00+02:00;55974;8;5;100;congested;6
2025-07-02T07:43:00+02:00;55975;40;2;100;freeFlow;4
2025-07-02T07:43:00+02:00;55977;32;5;100;heavy;4
2025-07-02T07:43:00+02:00;55978;105;1;60;freeFlow;1
2025-07-02T07:43:00+02:00;55980;50;5;0;unknown;0
2025-07-02T07:43:00+02:00;55981;48;6;100;freeFlow;6
2025-07-02T07:43:00+02:00;56019;33;2;45;heavy;1
2025-07-02T07:43:00+02:00;56020;50;1;0;unknown;0
2025-07-02T07:43:00+02:00;56113;50;5;0;unknown;0
2025-07-02T07:43:00+02:00;56115;52;4;35;freeFlow;1
2025-07-02T07:43:00+02:00;56117;47;6;60;freeFlow;1
2025-07-02T07:43:00+02:00;56118;35;1;60;heavy;1
2025-07-02T07:43:00+02:00;56124;47;1;60;freeFlow;1
2025-07-02T07:43:00+02:00;56125;47;1;60;freeFlow;1
2025-07-02T07:43:00+02:00;56126;52;3;35;freeFlow;1
2025-07-02T07:43:00+02:00;56128;35;2;60;heavy;1
2025-07-02T07:43:00+02:00;56157_D;44;9;27;freeFlow;1
2025-07-02T07:43:00+02:00;56157_G;30;13;0;unknown;0
2025-07-02T07:43:00+02:00;56165_D;44;1;27;freeFlow;1
2025-07-02T07:43:00+02:00;56165_G;30;2;0;unknown;0
2025-07-02T07:43:00+02:00;56170;44;1;27;freeFlow;1
2025-07-02T07:43:00+02:00;56174;50;5;0;unknown;0
2025-07-02T07:43:00+02:00;56175;26;9;57;heavy;2
2025-07-02T07:43:00+02:00;56179;50;2;0;unknown;0
2025-07-02T07:43:00+02:00;56180;50;1;0;unknown;0
2025-07-02T07:43:00+02:00;56181;24;4;57;heavy;2
2025-07-02T07:43:00+02:00;56182;44;2;27;freeFlow;1
2025-07-02T07:43:00+02:00;56183;44;1;27;freeFlow;1
2025-07-02T07:43:00+02:00;56218_D;50;3;0;unknown;0
2025-07-02T07:43:00+02:00;56218_G;50;3;0;unknown;0
2025-07-02T07:43:00+02:00;56223;52;1;35;freeFlow;1
2025-07-02T07:43:00+02:00;56224;52;7;35;freeFlow;1
2025-07-02T07:43:00+02:00;56225;52;7;35;freeFlow;1
2025-07-02T07:43:00+02:00;56229;52;3;35;freeFlow;1
2025-07-02T07:43:00+02:00;56231;52;2;35;freeFlow;1
2025-07-02T07:43:00+02:00;56232;42;1;35;freeFlow;1
2025-07-02T07:43:00+02:00;56233;50;9;0;unknown;0
2025-07-02T07:43:00+02:00;56237;17;26;40;heavy;1
2025-07-02T07:43:00+02:00;56239;25;3;40;freeFlow;1
2025-07-02T07:43:00+02:00;56247;31;1;40;freeFlow;1
2025-07-02T07:43:00+02:00;56250;30;21;0;unknown;0
2025-07-02T07:43:00+02:00;56251;34;19;25;freeFlow;1
2025-07-02T07:43:00+02:00;56254;21;2;40;freeFlow;1
2025-07-02T07:43:00+02:00;56255;29;2;40;freeFlow;1
2025-07-02T07:43:00+02:00;56256;31;1;40;freeFlow;1
2025-07-02T07:43:00+02:00;56258;35;4;40;freeFlow;1
2025-07-02T07:43:00+02:00;56260;38;2;40;freeFlow;1
2025-07-02T07:43:00+02:00;56261;25;3;40;freeFlow;1
2025-07-02T07:43:00+02:00;56263;29;13;40;freeFlow;1
2025-07-02T07:43:00+02:00;56264;37;11;40;freeFlow;1
2025-07-02T07:43:00+02:00;56298;30;1;0;unknown;0
2025-07-02T07:43:00+02:00;56300;15;2;40;heavy;1
2025-07-02T07:43:00+02:00;56333;33;3;45;heavy;1
2025-07-02T07:43:00+02:00;565804_D;50;9;0;unknown;0
2025-07-02T07:43:00+02:00;565804_G;29;15;52;heavy;1
2025-07-02T07:43:00+02:00;565852;70;2;0;unknown;0
2025-07-02T07:43:00+02:00;565853;64;16;40;freeFlow;1
2025-07-02T07:43:00+02:00;566240;96;1;60;freeFlow;1
2025-07-02T07:43:00+02:00;566445_D;44;1;27;freeFlow;1
2025-07-02T07:43:00+02:00;566445_G;30;3;0;unknown;0
2025-07-02T07:43:00+02:00;566456_D;44;15;27;freeFlow;1
2025-07-02T07:43:00+02:00;566456_G;30;22;0;unknown;0
2025-07-02T07:43:00+02:00;566457;50;1;0;unknown;0
2025-07-02T07:43:00+02:00;566465_D;44;7;27;freeFlow;1
2025-07-02T07:43:00+02:00;566465_G;30;10;0;unknown;0
2025-07-02T07:43:00+02:00;56675_D;22;7;60;heavy;1
2025-07-02T07:43:00+02:00;56675_G;50;3;0;unknown;0
2025-07-02T07:43:00+02:00;566941;26;4;100;heavy;4
2025-07-02T07:43:00+02:00;56871_D;50;3;0;unknown;0
2025-07-02T07:43:00+02:00;56871_G;50;3;0;unknown;0
2025-07-02T07:43:00+02:00;56908_D;11;36;38;congested;1
2025-07-02T07:43:00+02:00;56908_G;44;9;60;freeFlow;1
2025-07-02T07:43:00+02:00;56925;84;42;100;freeFlow;11
2025-07-02T07:43:00+02:00;56944_D;38;8;30;freeFlow;1
2025-07-02T07:43:00+02:00;56944_G;36;8;45;freeFlow;1
2025-07-02T07:43:00+02:00;56945_D;31;8;30;freeFlow;1
2025-07-02T07:43:00+02:00;56945_G;36;6;45;freeFlow;1
2025-07-02T07:43:00+02:00;57082_G;0;6.54204402960377e+39;40;congested;1
2025-07-02T07:43:00+02:00;57083_D;38;11;60;freeFlow;1
2025-07-02T07:43:00+02:00;57083_G;49;10;40;freeFlow;1
2025-07-02T07:43:00+02:00;59724;22;7;60;heavy;1
2025-07-02T07:43:00+02:00;59750_D;32;7;69;heavy;2
2025-07-02T07:43:00+02:00;59750_G;52;4;38;freeFlow;1
2025-07-02T07:43:00+02:00;59835_D;47;4;60;freeFlow;1
2025-07-02T07:43:00+02:00;59835_G;35;6;60;heavy;1
2025-07-02T07:43:00+02:00;59836;47;3;60;freeFlow;1
2025-07-02T07:43:00+02:00;59837;35;2;60;heavy;1
2025-07-02T07:43:00+02:00;59838;35;4;60;heavy;1
2025-07-02T07:43:00+02:00;62559_D;49;6;12;freeFlow;1
2025-07-02T07:43:00+02:00;62559_G;39;8;45;freeFlow;1
2025-07-02T07:43:00+02:00;62560;34;8;22;heavy;1
2025-07-02T07:43:00+02:00;62565_D;49;2;12;freeFlow;1
2025-07-02T07:43:00+02:00;62565_G;36;2;45;freeFlow;1
2025-07-02T07:43:00+02:00;62831_D;11;3;60;congested;1
2025-07-02T07:43:00+02:00;62831_G;50;1;0;unknown;0
2025-07-02T07:43:00+02:00;62832_D;11;5;60;congested;1
2025-07-02T07:43:00+02:00;62832_G;50;1;0;unknown;0
2025-07-02T07:43:00+02:00;63045_D;30;5;0;unknown;0
2025-07-02T07:43:00+02:00;63045_G;35;4;60;freeFlow;1
2025-07-02T07:43:00+02:00;63053_D;46;5;55;freeFlow;2
2025-07-02T07:43:00+02:00;63053_G;36;6;45;freeFlow;1
2025-07-02T07:43:00+02:00;63899;72;24;100;freeFlow;3
2025-07-02T07:43:00+02:00;63934;50;1;0;unknown;0
2025-07-02T07:43:00+02:00;63935;38;11;75;freeFlow;2
2025-07-02T07:43:00+02:00;63936;41;13;69;freeFlow;2
2025-07-02T07:43:00+02:00;63939;32;19;60;heavy;1
2025-07-02T07:43:00+02:00;63940;30;3;52;heavy;1
2025-07-02T07:43:00+02:00;63941;27;2;65;heavy;2
2025-07-02T07:43:00+02:00;63942;22;2;50;heavy;1
2025-07-02T07:43:00+02:00;63943;29;3;74;heavy;2
2025-07-02T07:43:00+02:00;63944;41;4;75;freeFlow;2
2025-07-02T07:43:00+02:00;63947;40;3;48;freeFlow;1
2025-07-02T07:43:00+02:00;63950;40;1;48;freeFlow;1
2025-07-02T07:43:00+02:00;63951;40;2;48;freeFlow;1
2025-07-02T07:43:00+02:00;63952;40;0;75;freeFlow;2
2025-07-02T07:43:00+02:00;63953;54;1;75;freeFlow;2
2025-07-02T07:43:00+02:00;63970;62;15;60;freeFlow;1
2025-07-02T07:43:00+02:00;63973;52;2;75;freeFlow;2
2025-07-02T07:43:00+02:00;64032;58;17;42;freeFlow;1
2025-07-02T07:43:00+02:00;64061_D;29;10;61;freeFlow;2
2025-07-02T07:43:00+02:00;64061_G;20;16;0;unknown;0
2025-07-02T07:43:00+02:00;64637_D;76;5;60;freeFlow;1
2025-07-02T07:43:00+02:00;64637_G;32;13;60;heavy;1
2025-07-02T07:43:00+02:00;65310;50;6;0;unknown;0
2025-07-02T07:43:00+02:00;65313;50;6;0;unknown;0
2025-07-02T07:43:00+02:00;65682;56;21;98;freeFlow;3
2025-07-02T07:43:00+02:00;66421;50;2;0;unknown;0
2025-07-02T07:43:00+02:00;66442;50;4;0;unknown;0
2025-07-02T07:43:00+02:00;66782;32;11;60;heavy;1
2025-07-02T07:43:00+02:00;67066;24;13;12;heavy;1
2025-07-02T07:43:00+02:00;67097_D;23;15;60;freeFlow;1
2025-07-02T07:43:00+02:00;67097_G;27;13;40;freeFlow;1
2025-07-02T07:43:00+02:00;69381_D;9;31;60;congested;1
2025-07-02T07:43:00+02:00;69381_G;50;6;0;unknown;0
2025-07-02T07:43:00+02:00;72487_G;71;35;40;freeFlow;1
2025-07-02T07:43:00+02:00;72614;50;2;0;unknown;0
2025-07-02T07:43:00+02:00;72621;43;8;50;freeFlow;1
2025-07-02T07:43:00+02:00;72624;22;16;100;heavy;4
2025-07-02T07:43:00+02:00;72628;28;1;100;heavy;4
2025-07-02T07:43:00+02:00;74283_D;93;8;50;freeFlow;1
2025-07-02T07:43:00+02:00;74283_G;13;58;100;congested;3
2025-07-02T07:43:00+02:00;75387;29;3;75;heavy;2
2025-07-02T07:43:00+02:00;75631;41;8;60;heavy;1
2025-07-02T07:43:00+02:00;75818_D;40;3;48;freeFlow;1
2025-07-02T07:43:00+02:00;75818_G;54;2;75;freeFlow;2
2025-07-02T07:43:00+02:00;75820;89;22;100;freeFlow;5
2025-07-02T07:43:00+02:00;75824;107;4;52;freeFlow;1
2025-07-02T07:43:00+02:00;75825;85;5;100;freeFlow;12
2025-07-02T07:43:00+02:00;75828;70;11;0;unknown;0
2025-07-02T07:43:00+02:00;75829;23;30;100;heavy;4
2025-07-02T07:43:00+02:00;75832;45;3;75;freeFlow;2
2025-07-02T07:43:00+02:00;75833;42;5;100;freeFlow;8
2025-07-02T07:43:00+02:00;75835;32;4;100;heavy;7
2025-07-02T07:43:00+02:00;75836;68;14;60;freeFlow;1
2025-07-02T07:43:00+02:00;75837;51;9;75;freeFlow;2
2025-07-02T07:43:00+02:00;75838;34;7;100;heavy;8
2025-07-02T07:43:00+02:00;75839;50;4;0;unknown;0
2025-07-02T07:43:00+02:00;75840;46;4;100;freeFlow;5
2025-07-02T07:43:00+02:00;75845;44;3;100;heavy;4
2025-07-02T07:43:00+02:00;75846;53;6;100;freeFlow;4
2025-07-02T07:43:00+02:00;75847;28;21;75;heavy;2
2025-07-02T07:43:00+02:00;75848;20;11;75;heavy;2
2025-07-02T07:43:00+02:00;75849;22;11;57;heavy;1
2025-07-02T07:43:00+02:00;75850;22;8;10;heavy;1
2025-07-02T07:43:00+02:00;75851;23;8;75;heavy;2
2025-07-02T07:43:00+02:00;75853;46;2;100;heavy;3
2025-07-02T07:43:00+02:00;75854;47;5;100;heavy;3
2025-07-02T07:43:00+02:00;75856;49;3;54;heavy;2
2025-07-02T07:43:00+02:00;75897;64;15;48;freeFlow;1
2025-07-02T07:43:00+02:00;9128;68;41;100;freeFlow;15
2025-07-02T07:43:00+02:00;9130;71;11;75;freeFlow;2
2025-07-02T07:43:00+02:00;9131;81;8;100;freeFlow;4
2025-07-02T07:43:00+02:00;9132;79;26;100;freeFlow;6
2025-07-02T07:43:00+02:00;9146;68;5;100;freeFlow;10
2025-07-02T07:43:00+02:00;9178;68;17;48;freeFlow;1
2025-07-02T07:43:00+02:00;9179;80;22;100;freeFlow;10
2025-07-02T07:43:00+02:00;9180;84;22;100;freeFlow;6
2025-07-02T07:43:00+02:00;9181;70;14;0;unknown;0
2025-07-02T07:43:00+02:00;9182;85;3;75;freeFlow;2
2025-07-02T07:43:00+02:00;9183;41;10;100;heavy;3
2025-07-02T07:43:00+02:00;9184;63;10;100;heavy;3
2025-07-02T07:43:00+02:00;9245;66;107;100;heavy;13
2025-07-02T07:43:00+02:00;9246;95;125;100;freeFlow;6
2025-07-02T07:43:00+02:00;9380_D;50;36;68;heavy;2
2025-07-02T07:43:00+02:00;9380_G;46;39;100;heavy;3
2025-07-02T07:43:00+02:00;9389;42;2;53;heavy;2
2025-07-02T07:43:00+02:00;9390;29;4;100;heavy;3
2025-07-02T07:43:00+02:00;9391;39;2;100;heavy;3
2025-07-02T07:43:00+02:00;9392;38;3;60;heavy;1
2025-07-02T07:43:00+02:00;1677832;33;10;31;heavy;1
2025-07-02T07:43:00+02:00;1679085_D;29;3;50;heavy;1
2025-07-02T07:43:00+02:00;1679085_G;35;3;75;heavy;2
2025-07-02T07:43:00+02:00;1679794;24;3;75;heavy;2
2025-07-02T07:43:00+02:00;1679795_G;19;4;75;heavy;2
2025-07-02T07:43:00+02:00;1679796;24;2;75;heavy;2
2025-07-02T07:43:00+02:00;1679797_D;50;6;0;unknown;0
2025-07-02T07:43:00+02:00;1679797_G;50;6;0;unknown;0
2025-07-02T07:43:00+02:00;1679798;27;2;75;heavy;2
2025-07-02T07:43:00+02:00;1679800;28;3;50;heavy;1
2025-07-02T07:43:00+02:00;1680335;20;14;55;heavy;1
2025-07-02T07:43:00+02:00;1680340;9;11;34;congested;1
2025-07-02T07:43:00+02:00;213972_D;50;6;0;unknown;0
2025-07-02T07:43:00+02:00;213972_G;45;6;57;freeFlow;1
2025-07-02T07:43:00+02:00;213973_D;50;8;0;unknown;0
2025-07-02T07:43:00+02:00;213973_G;26;14;57;heavy;1
2025-07-02T07:43:00+02:00;213974_D;50;4;0;unknown;0
2025-07-02T07:43:00+02:00;213974_G;51;4;55;freeFlow;1
2025-07-02T07:43:00+02:00;26521;100;54;100;freeFlow;5
2025-07-02T07:43:00+02:00;26522;98;34;75;freeFlow;2
2025-07-02T07:43:00+02:00;31304_G;43;26;60;freeFlow;1
2025-07-02T07:43:00+02:00;31328;91;10;100;freeFlow;3
2025-07-02T07:43:00+02:00;31441;72;47;75;freeFlow;2
2025-07-02T07:43:00+02:00;31535;56;13;100;freeFlow;4
2025-07-02T07:43:00+02:00;31552;75;9;100;freeFlow;13
2025-07-02T07:43:00+02:00;31555;81;10;100;freeFlow;4
2025-07-02T07:43:00+02:00;43014_D;20;10;75;heavy;2
2025-07-02T07:43:00+02:00;43014_G;65;3;71;freeFlow;2
2025-07-02T07:43:00+02:00;43105_D;50;5;0;unknown;0
2025-07-02T07:43:00+02:00;43105_G;25;10;12;heavy;1
2025-07-02T07:43:00+02:00;43118_D;38;14;73;freeFlow;2
2025-07-02T07:43:00+02:00;43118_G;93;6;50;freeFlow;1
2025-07-02T07:43:00+02:00;43124_D;14;27;75;heavy;2
2025-07-02T07:43:00+02:00;43124_G;93;4;50;freeFlow;1
2025-07-02T07:43:00+02:00;43125_D;29;9;75;freeFlow;2
2025-07-02T07:43:00+02:00;43125_G;93;3;50;freeFlow;1
2025-07-02T07:43:00+02:00;43126_D;26;20;75;freeFlow;2
2025-07-02T07:43:00+02:00;43126_G;65;8;69;freeFlow;2
2025-07-02T07:43:00+02:00;43147_D;30;9;75;freeFlow;2
2025-07-02T07:43:00+02:00;43147_G;93;3;50;freeFlow;1
2025-07-02T07:43:00+02:00;43336_D;50;6;0;unknown;0
2025-07-02T07:43:00+02:00;43336_G;50;6;0;unknown;0
2025-07-02T07:43:00+02:00;43337_D;13;32;22;congested;1
2025-07-02T07:43:00+02:00;43337_G;39;11;22;freeFlow;1
2025-07-02T07:43:00+02:00;43338_D;50;4;0;unknown;0
2025-07-02T07:43:00+02:00;43338_G;50;4;0;unknown;0
2025-07-02T07:43:00+02:00;43339_D;50;5;0;unknown;0
2025-07-02T07:43:00+02:00;43339_G;50;5;0;unknown;0
2025-07-02T07:43:00+02:00;43340_D;50;1;0;unknown;0
2025-07-02T07:43:00+02:00;43340_G;50;1;0;unknown;0
2025-07-02T07:43:00+02:00;43341_D;50;4;0;unknown;0
2025-07-02T07:43:00+02:00;43341_G;50;4;0;unknown;0
2025-07-02T07:43:00+02:00;43342_D;50;2;0;unknown;0
2025-07-02T07:43:00+02:00;43342_G;50;2;0;unknown;0
2025-07-02T07:43:00+02:00;43343_D;50;7;0;unknown;0
2025-07-02T07:43:00+02:00;43343_G;50;7;0;unknown;0
2025-07-02T07:43:00+02:00;43345_D;30;10;0;unknown;0
2025-07-02T07:43:00+02:00;43345_G;20;15;60;heavy;1
2025-07-02T07:43:00+02:00;43347_D;30;5;0;unknown;0
2025-07-02T07:43:00+02:00;43347_G;35;4;60;freeFlow;1
2025-07-02T07:43:00+02:00;43352_D;30;16;0;unknown;0
2025-07-02T07:43:00+02:00;43353_D;30;10;0;unknown;0
2025-07-02T07:43:00+02:00;43353_G;16;18;60;heavy;1
2025-07-02T07:43:00+02:00;43377_D;41;12;17;freeFlow;1
2025-07-02T07:43:00+02:00;43377_G;41;12;17;freeFlow;1
2025-07-02T07:43:00+02:00;43379_D;30;7;0;unknown;0
2025-07-02T07:43:00+02:00;43379_G;35;6;60;freeFlow;1
2025-07-02T07:43:00+02:00;43413_D;30;6;0;unknown;0
2025-07-02T07:43:00+02:00;43413_G;16;11;60;heavy;1
2025-07-02T07:43:00+02:00;43474_D;34;4;50;heavy;1
2025-07-02T07:43:00+02:00;43474_G;29;5;75;heavy;2
2025-07-02T07:43:00+02:00;43615_D;34;2;50;freeFlow;1
2025-07-02T07:43:00+02:00;43615_G;28;2;75;freeFlow;2
2025-07-02T07:43:00+02:00;43743_D;57;22;45;freeFlow;1
2025-07-02T07:43:00+02:00;43746;28;8;53;freeFlow;2
2025-07-02T07:43:00+02:00;43747;27;15;38;freeFlow;1
2025-07-02T07:43:00+02:00;43751;31;18;30;freeFlow;1
2025-07-02T07:43:00+02:00;43774_D;36;5;60;freeFlow;1
2025-07-02T07:43:00+02:00;43774_G;27;7;65;heavy;2
2025-07-02T07:43:00+02:00;43775_D;14;29;75;congested;2
2025-07-02T07:43:00+02:00;43775_G;44;9;45;freeFlow;1
2025-07-02T07:43:00+02:00;43826_D;30;9;60;heavy;1
2025-07-02T07:43:00+02:00;43826_G;25;11;45;heavy;1
2025-07-02T07:43:00+02:00;43971;36;18;35;freeFlow;1
2025-07-02T07:43:00+02:00;43973;29;9;58;heavy;1
2025-07-02T07:43:00+02:00;44003_G;42;10;60;freeFlow;1
2025-07-02T07:43:00+02:00;44004_D;5;207;59;congested;2
2025-07-02T07:43:00+02:00;44004_G;31;36;75;heavy;2
2025-07-02T07:43:00+02:00;44017_G;28;6;75;heavy;2
2025-07-02T07:43:00+02:00;44018_G;42;14;75;freeFlow;2
2025-07-02T07:43:00+02:00;44037_D;30;6;50;heavy;1
2025-07-02T07:43:00+02:00;44037_G;35;5;75;heavy;2
2025-07-02T07:43:00+02:00;44851_D;41;13;60;freeFlow;1
2025-07-02T07:43:00+02:00;44851_G;29;19;75;heavy;2
2025-07-02T07:43:00+02:00;44852_D;18;26;54;heavy;2
2025-07-02T07:43:00+02:00;44852_G;37;13;75;freeFlow;2
2025-07-02T07:43:00+02:00;44854_D;16;5;60;heavy;2
2025-07-02T07:43:00+02:00;44854_G;17;4;100;heavy;3
2025-07-02T07:43:00+02:00;44855_D;50;7;0;unknown;0
2025-07-02T07:43:00+02:00;44855_G;26;14;57;heavy;1
2025-07-02T07:43:00+02:00;44879;68;20;75;freeFlow;2
2025-07-02T07:43:00+02:00;44897_D;50;5;0;unknown;0
2025-07-02T07:43:00+02:00;44897_G;12;20;59;congested;1
2025-07-02T07:43:00+02:00;44901;61;25;57;freeFlow;1
2025-07-02T07:43:00+02:00;44939;89;46;100;freeFlow;12
2025-07-02T07:43:00+02:00;45135_D;35;2;55;heavy;1
2025-07-02T07:43:00+02:00;45135_G;24;3;60;heavy;1
2025-07-02T07:43:00+02:00;45136_G;37;22;60;freeFlow;1
2025-07-02T07:43:00+02:00;45137_D;35;2;55;heavy;1
2025-07-02T07:43:00+02:00;45137_G;32;2;60;heavy;1
2025-07-02T07:43:00+02:00;45146;15;28;25;congested;1
2025-07-02T07:43:00+02:00;45147_D;31;2;60;heavy;1
2025-07-02T07:43:00+02:00;45147_G;65;1;60;freeFlow;1
2025-07-02T07:43:00+02:00;45153;24;17;25;heavy;1
2025-07-02T07:43:00+02:00;45155;10;77;100;congested;3
2025-07-02T07:43:00+02:00;45213;15;32;25;congested;1
2025-07-02T07:43:00+02:00;45214;54;5;60;freeFlow;1
2025-07-02T07:43:00+02:00;45232;35;48;100;heavy;3
2025-07-02T07:43:00+02:00;45233;40;3;100;freeFlow;3
2025-07-02T07:43:00+02:00;45236_D;46;14;100;freeFlow;4
2025-07-02T07:43:00+02:00;45242;78;15;100;freeFlow;7
2025-07-02T07:43:00+02:00;45246;89;29;100;freeFlow;9
2025-07-02T07:43:00+02:00;45247;56;17;75;freeFlow;2
2025-07-02T07:43:00+02:00;47742_G;24;9;75;heavy;2
2025-07-02T07:43:00+02:00;47744;23;88;60;heavy;1
2025-07-02T07:43:00+02:00;48725;8;10;75;congested;2
2025-07-02T07:43:00+02:00;48736;25;3;75;heavy;2
2025-07-02T07:43:00+02:00;48738;35;1;25;heavy;1
2025-07-02T07:43:00+02:00;48746;36;10;27;freeFlow;1
2025-07-02T07:43:00+02:00;48751;26;3;57;heavy;1
2025-07-02T07:43:00+02:00;48752;26;3;57;heavy;1
2025-07-02T07:43:00+02:00;48753;50;2;0;unknown;0
2025-07-02T07:43:00+02:00;48754;50;1;0;unknown;0
2025-07-02T07:43:00+02:00;48764;44;2;60;freeFlow;1
2025-07-02T07:43:00+02:00;48765;37;6;75;freeFlow;2
2025-07-02T07:43:00+02:00;48796;10;48;100;congested;4
2025-07-02T07:43:00+02:00;48915_D;22;6;55;heavy;1
2025-07-02T07:43:00+02:00;48915_G;39;3;10;freeFlow;1
2025-07-02T07:43:00+02:00;48916;18;10;55;heavy;1
2025-07-02T07:43:00+02:00;48953_D;43;26;60;freeFlow;1
2025-07-02T07:43:00+02:00;48953_G;32;36;60;heavy;1
2025-07-02T07:43:00+02:00;48993_D;12;31;55;congested;1
2025-07-02T07:43:00+02:00;48993_G;4;86;54;congested;2
2025-07-02T07:43:00+02:00;49042_D;50;1;0;unknown;0
2025-07-02T07:43:00+02:00;49042_G;48;1;60;freeFlow;1
2025-07-02T07:43:00+02:00;50035_D;34;3;50;heavy;1
2025-07-02T07:43:00+02:00;50035_G;36;2;75;freeFlow;2
2025-07-02T07:43:00+02:00;50087;21;13;55;heavy;1
2025-07-02T07:43:00+02:00;50107_D;10;54;52;congested;1
2025-07-02T07:43:00+02:00;50107_G;14;38;52;congested;1
2025-07-02T07:43:00+02:00;52835_G;65;2;60;freeFlow;1
2025-07-02T07:43:00+02:00;52850_D;23;6;75;heavy;2
2025-07-02T07:43:00+02:00;52850_G;65;2;60;freeFlow;1
2025-07-02T07:43:00+02:00;52878;31;5;75;freeFlow;2
2025-07-02T07:43:00+02:00;53020_G;32;3;75;heavy;2
2025-07-02T07:43:00+02:00;53130_D;50;5;0;unknown;0
2025-07-02T07:43:00+02:00;53130_G;25;11;12;heavy;1
2025-07-02T07:43:00+02:00;53375_D;30;3;0;unknown;0
2025-07-02T07:43:00+02:00;53375_G;16;7;60;heavy;1
2025-07-02T07:43:00+02:00;53427;80;54;100;freeFlow;11
2025-07-02T07:43:00+02:00;53988;45;5;75;freeFlow;2
2025-07-02T07:43:00+02:00;53989;50;2;0;unknown;0
2025-07-02T07:43:00+02:00;53992_D;43;9;60;freeFlow;1
2025-07-02T07:43:00+02:00;53992_G;36;11;60;freeFlow;1
2025-07-02T07:43:00+02:00;53995;28;3;60;heavy;1
2025-07-02T07:43:00+02:00;53997;43;1;60;freeFlow;1
2025-07-02T07:43:00+02:00;53999;43;1;60;freeFlow;1
2025-07-02T07:43:00+02:00;54130;50;31;0;unknown;0
2025-07-02T07:43:00+02:00;54136;47;4;100;freeFlow;3
2025-07-02T07:43:00+02:00;54219;38;14;60;freeFlow;1
2025-07-02T07:43:00+02:00;54222;16;38;60;heavy;1
2025-07-02T07:43:00+02:00;54235;11;44;100;congested;4
2025-07-02T07:43:00+02:00;54300;21;18;100;heavy;3
2025-07-02T07:43:00+02:00;54304_D;35;6;55;heavy;1
2025-07-02T07:43:00+02:00;54304_G;20;10;60;heavy;1
2025-07-02T07:43:00+02:00;54309;19;46;72;heavy;2
2025-07-02T07:43:00+02:00;54345;31;4;75;heavy;2
2025-07-02T07:43:00+02:00;54352;74;4;60;freeFlow;1
2025-07-02T07:43:00+02:00;54353;74;2;60;freeFlow;1
2025-07-02T07:43:00+02:00;54356;49;17;45;freeFlow;1
2025-07-02T07:43:00+02:00;54357;49;5;45;freeFlow;1
2025-07-02T07:43:00+02:00;54370;50;4;0;unknown;0
2025-07-02T07:43:00+02:00;54373;38;5;48;freeFlow;1
2025-07-02T07:43:00+02:00;54374;16;12;75;heavy;2
2025-07-02T07:43:00+02:00;54377;91;12;60;freeFlow;1
2025-07-02T07:43:00+02:00;54396;56;4;74;freeFlow;2
2025-07-02T07:43:00+02:00;54397;50;12;55;freeFlow;1
2025-07-02T07:43:00+02:00;54468;54;2;60;freeFlow;1
2025-07-02T07:43:00+02:00;54470;40;7;55;freeFlow;1
2025-07-02T07:43:00+02:00;56022;36;4;100;freeFlow;5
2025-07-02T07:43:00+02:00;56598;28;2;60;heavy;1
2025-07-02T07:43:00+02:00;56676_D;13;16;55;congested;1
2025-07-02T07:43:00+02:00;56868;34;6;38;heavy;1
2025-07-02T07:43:00+02:00;56869;50;3;0;unknown;0
2025-07-02T07:43:00+02:00;56894;29;7;22;heavy;1
2025-07-02T07:43:00+02:00;56895;37;31;63;freeFlow;2
2025-07-02T07:43:00+02:00;56896;35;5;100;heavy;3
2025-07-02T07:43:00+02:00;56901;81;27;100;freeFlow;3
2025-07-02T07:43:00+02:00;60284;20;59;100;heavy;3
2025-07-02T07:43:00+02:00;63409_D;50;2;0;unknown;0
2025-07-02T07:43:00+02:00;63409_G;3;33;44;congested;2
2025-07-02T07:43:00+02:00;66896;37;9;75;freeFlow;2
2025-07-02T07:43:00+02:00;69440;35;7;100;heavy;3
2025-07-02T07:43:00+02:00;69442;29;14;100;heavy;4
2025-07-02T07:43:00+02:00;75868;83;9;100;freeFlow;14
2025-07-02T07:43:00+02:00;75908;40;26;27;freeFlow;1
2025-07-02T07:43:00+02:00;75909;10;101;73;congested;2
2025-07-02T07:43:00+02:00;44943;37;17;100;freeFlow;5
2025-07-02T07:43:00+02:00;47063;25;24;75;heavy;2
2025-07-02T07:43:00+02:00;71455_G;50;3;0;unknown;0
2025-07-02T07:43:00+02:00;75831;62;15;60;freeFlow;1