datetime;predefinedLocationReference;averageVehicleSpeed;travelTime;travelTimeReliability;trafficStatus;vehicleProbeMeasurement
2025-07-02T06:03:00+02:00;10273_D;76;10;45;freeFlow;1
2025-07-02T06:03:00+02:00;10273_G;70;10;60;freeFlow;1
2025-07-02T06:03:00+02:00;10274_D;74;9;45;freeFlow;1
2025-07-02T06:03:00+02:00;10274_G;91;7;60;freeFlow;1
2025-07-02T06:03:00+02:00;10275_D;77;13;48;freeFlow;1
2025-07-02T06:03:00+02:00;10275_G;91;11;60;freeFlow;1
2025-07-02T06:03:00+02:00;10277_D;72;21;48;freeFlow;1
2025-07-02T06:03:00+02:00;10277_G;91;17;60;freeFlow;1
2025-07-02T06:03:00+02:00;10279_D;68;15;48;freeFlow;1
2025-07-02T06:03:00+02:00;10279_G;91;11;60;freeFlow;1
2025-07-02T06:03:00+02:00;10281_D;75;19;48;freeFlow;1
2025-07-02T06:03:00+02:00;10281_G;84;17;60;freeFlow;1
2025-07-02T06:03:00+02:00;10315_D;77;7;45;freeFlow;1
2025-07-02T06:03:00+02:00;10315_G;70;8;60;freeFlow;1
2025-07-02T06:03:00+02:00;11579_D;80;3;0;unknown;0
2025-07-02T06:03:00+02:00;11579_G;80;3;0;unknown;0
2025-07-02T06:03:00+02:00;11652;52;26;35;heavy;1
2025-07-02T06:03:00+02:00;11654;13;10;32;congested;1
2025-07-02T06:03:00+02:00;11777_D;39;2;40;heavy;1
2025-07-02T06:03:00+02:00;11777_G;50;1;60;freeFlow;1
2025-07-02T06:03:00+02:00;11781_D;30;3;0;unknown;0
2025-07-02T06:03:00+02:00;11781_G;30;3;0;unknown;0
2025-07-02T06:03:00+02:00;11784_D;30;2;0;unknown;0
2025-07-02T06:03:00+02:00;11784_G;30;2;0;unknown;0
2025-07-02T06:03:00+02:00;11785_D;30;1;0;unknown;0
2025-07-02T06:03:00+02:00;11785_G;30;1;0;unknown;0
2025-07-02T06:03:00+02:00;12060_D;76;9;45;freeFlow;1
2025-07-02T06:03:00+02:00;12060_G;80;9;60;freeFlow;1
2025-07-02T06:03:00+02:00;1242_D;72;1;60;freeFlow;1
2025-07-02T06:03:00+02:00;1242_G;68;2;17;freeFlow;1
2025-07-02T06:03:00+02:00;1285_D;72;1;60;freeFlow;1
2025-07-02T06:03:00+02:00;1285_G;77;1;17;freeFlow;1
2025-07-02T06:03:00+02:00;13514;80;3;0;unknown;0
2025-07-02T06:03:00+02:00;13515;80;2;0;unknown;0
2025-07-02T06:03:00+02:00;13516;80;1;0;unknown;0
2025-07-02T06:03:00+02:00;13549_D;80;4;0;unknown;0
2025-07-02T06:03:00+02:00;13549_G;80;4;0;unknown;0
2025-07-02T06:03:00+02:00;13557_D;80;5;0;unknown;0
2025-07-02T06:03:00+02:00;13557_G;80;5;0;unknown;0
2025-07-02T06:03:00+02:00;14364;89;23;75;freeFlow;2
2025-07-02T06:03:00+02:00;14365;91;22;40;freeFlow;1
2025-07-02T06:03:00+02:00;15029_D;53;46;22;heavy;1
2025-07-02T06:03:00+02:00;15029_G;90;27;25;freeFlow;1
2025-07-02T06:03:00+02:00;15062;35;4;25;heavy;1
2025-07-02T06:03:00+02:00;15063;53;3;22;heavy;1
2025-07-02T06:03:00+02:00;15064;53;3;22;heavy;1
2025-07-02T06:03:00+02:00;15065;35;5;25;heavy;1
2025-07-02T06:03:00+02:00;15066;80;2;0;unknown;0
2025-07-02T06:03:00+02:00;15067_D;90;47;25;freeFlow;1
2025-07-02T06:03:00+02:00;15067_G;80;53;0;unknown;0
2025-07-02T06:03:00+02:00;15104_D;96;41;27;freeFlow;1
2025-07-02T06:03:00+02:00;15104_G;80;49;0;unknown;0
2025-07-02T06:03:00+02:00;15111;87;4;40;freeFlow;1
2025-07-02T06:03:00+02:00;15113;80;2;0;unknown;0
2025-07-02T06:03:00+02:00;15114;80;2;0;unknown;0
2025-07-02T06:03:00+02:00;15117;80;2;0;unknown;0
2025-07-02T06:03:00+02:00;15118;49;2;27;heavy;1
2025-07-02T06:03:00+02:00;15119;49;4;27;heavy;1
2025-07-02T06:03:00+02:00;15120;80;2;0;unknown;0
2025-07-02T06:03:00+02:00;15121;80;1;0;unknown;0
2025-07-02T06:03:00+02:00;15122;80;2;0;unknown;0
2025-07-02T06:03:00+02:00;15124_D;80;11;0;unknown;0
2025-07-02T06:03:00+02:00;15124_G;80;10;0;unknown;0
2025-07-02T06:03:00+02:00;15549_D;50;1;0;unknown;0
2025-07-02T06:03:00+02:00;15549_G;50;1;0;unknown;0
2025-07-02T06:03:00+02:00;15550;57;0;60;freeFlow;1
2025-07-02T06:03:00+02:00;15551;75;152;43;heavy;1
2025-07-02T06:03:00+02:00;1601768;50;8;0;unknown;0
2025-07-02T06:03:00+02:00;1601771;50;5;0;unknown;0
2025-07-02T06:03:00+02:00;1601787;50;2;0;unknown;0
2025-07-02T06:03:00+02:00;1601792;30;2;0;unknown;0
2025-07-02T06:03:00+02:00;1601794_D;30;4;0;unknown;0
2025-07-02T06:03:00+02:00;1601794_G;30;3;0;unknown;0
2025-07-02T06:03:00+02:00;1601795;30;16;0;unknown;0
2025-07-02T06:03:00+02:00;1601797;30;17;0;unknown;0
2025-07-02T06:03:00+02:00;1601798;50;2;0;unknown;0
2025-07-02T06:03:00+02:00;1601799;30;2;0;unknown;0
2025-07-02T06:03:00+02:00;1601807;71;2;32;freeFlow;1
2025-07-02T06:03:00+02:00;1601808;50;19;0;unknown;0
2025-07-02T06:03:00+02:00;1601810;74;13;32;freeFlow;1
2025-07-02T06:03:00+02:00;1601812;50;4;0;unknown;0
2025-07-02T06:03:00+02:00;1601813_D;50;25;0;unknown;0
2025-07-02T06:03:00+02:00;1601813_G;50;25;0;unknown;0
2025-07-02T06:03:00+02:00;1601814;50;4;0;unknown;0
2025-07-02T06:03:00+02:00;1601815;84;2;32;freeFlow;1
2025-07-02T06:03:00+02:00;1601819;71;1;32;freeFlow;1
2025-07-02T06:03:00+02:00;1601824;50;3;0;unknown;0
2025-07-02T06:03:00+02:00;1601898;91;17;60;freeFlow;1
2025-07-02T06:03:00+02:00;1601931_D;50;5;0;unknown;0
2025-07-02T06:03:00+02:00;1601931_G;45;6;35;freeFlow;1
2025-07-02T06:03:00+02:00;1602158_D;50;1;0;unknown;0
2025-07-02T06:03:00+02:00;1602158_G;40;1;35;freeFlow;1
2025-07-02T06:03:00+02:00;1602398;50;1;0;unknown;0
2025-07-02T06:03:00+02:00;1626;43;57;100;heavy;3
2025-07-02T06:03:00+02:00;1627;52;4;55;freeFlow;1
2025-07-02T06:03:00+02:00;1628;50;2;0;unknown;0
2025-07-02T06:03:00+02:00;1629;38;3;75;freeFlow;2
2025-07-02T06:03:00+02:00;1630;35;3;100;freeFlow;3
2025-07-02T06:03:00+02:00;1631;50;2;0;unknown;0
2025-07-02T06:03:00+02:00;1632;52;36;55;heavy;1
2025-07-02T06:03:00+02:00;1633;70;11;0;unknown;0
2025-07-02T06:03:00+02:00;1639;35;8;100;heavy;3
2025-07-02T06:03:00+02:00;16647_D;86;53;47;freeFlow;1
2025-07-02T06:03:00+02:00;16647_G;86;53;47;freeFlow;1
2025-07-02T06:03:00+02:00;16648_D;80;9;0;unknown;0
2025-07-02T06:03:00+02:00;16648_G;90;8;40;freeFlow;1
2025-07-02T06:03:00+02:00;16695_D;80;36;0;unknown;0
2025-07-02T06:03:00+02:00;16695_G;80;36;0;unknown;0
2025-07-02T06:03:00+02:00;16701;50;2;0;unknown;0
2025-07-02T06:03:00+02:00;16702;50;2;0;unknown;0
2025-07-02T06:03:00+02:00;16707_D;50;1;0;unknown;0
2025-07-02T06:03:00+02:00;16707_G;50;1;0;unknown;0
2025-07-02T06:03:00+02:00;16744;80;2;0;unknown;0
2025-07-02T06:03:00+02:00;16745;80;1;0;unknown;0
2025-07-02T06:03:00+02:00;16746;80;1;0;unknown;0
2025-07-02T06:03:00+02:00;16747;80;2;0;unknown;0
2025-07-02T06:03:00+02:00;16748;80;2;0;unknown;0
2025-07-02T06:03:00+02:00;16749;80;2;0;unknown;0
2025-07-02T06:03:00+02:00;16752_D;80;5;0;unknown;0
2025-07-02T06:03:00+02:00;16752_G;80;5;0;unknown;0
2025-07-02T06:03:00+02:00;1675_D;30;9;0;unknown;0
2025-07-02T06:03:00+02:00;1675_G;27;10;60;freeFlow;1
2025-07-02T06:03:00+02:00;1676;55;9;55;heavy;1
2025-07-02T06:03:00+02:00;16761;50;2;0;unknown;0
2025-07-02T06:03:00+02:00;16762;50;2;0;unknown;0
2025-07-02T06:03:00+02:00;1677;58;9;75;heavy;2
2025-07-02T06:03:00+02:00;1677109;49;32;48;freeFlow;1
2025-07-02T06:03:00+02:00;1677110;70;1;0;unknown;0
2025-07-02T06:03:00+02:00;1677175_D;30;48;0;unknown;0
2025-07-02T06:03:00+02:00;1677175_G;30;48;0;unknown;0
2025-07-02T06:03:00+02:00;1677180_D;30;1;0;unknown;0
2025-07-02T06:03:00+02:00;1677180_G;30;2;0;unknown;0
2025-07-02T06:03:00+02:00;1677184_D;30;23;0;unknown;0
2025-07-02T06:03:00+02:00;1677184_G;30;23;0;unknown;0
2025-07-02T06:03:00+02:00;1677551_D;30;2;0;unknown;0
2025-07-02T06:03:00+02:00;1677551_G;30;2;0;unknown;0
2025-07-02T06:03:00+02:00;1677568_D;50;29;0;unknown;0
2025-07-02T06:03:00+02:00;1677568_G;50;30;0;unknown;0
2025-07-02T06:03:00+02:00;1677569;50;2;0;unknown;0
2025-07-02T06:03:00+02:00;1677687;50;1;0;unknown;0
2025-07-02T06:03:00+02:00;1677691;50;1;0;unknown;0
2025-07-02T06:03:00+02:00;1677693;50;2;0;unknown;0
2025-07-02T06:03:00+02:00;1677695_D;50;14;0;unknown;0
2025-07-02T06:03:00+02:00;1677695_G;50;13;0;unknown;0
2025-07-02T06:03:00+02:00;1677709_D;50;3;0;unknown;0
2025-07-02T06:03:00+02:00;1677709_G;50;4;0;unknown;0
2025-07-02T06:03:00+02:00;1677716_D;50;3;0;unknown;0
2025-07-02T06:03:00+02:00;1677716_G;50;3;0;unknown;0
2025-07-02T06:03:00+02:00;1677730_D;50;22;0;unknown;0
2025-07-02T06:03:00+02:00;1677730_G;50;22;0;unknown;0
2025-07-02T06:03:00+02:00;1677735_D;50;1;0;unknown;0
2025-07-02T06:03:00+02:00;1677735_G;50;1;0;unknown;0
2025-07-02T06:03:00+02:00;1677745_D;50;2;0;unknown;0
2025-07-02T06:03:00+02:00;1677745_G;50;1;0;unknown;0
2025-07-02T06:03:00+02:00;1677785_D;30;9;0;unknown;0
2025-07-02T06:03:00+02:00;1677785_G;30;9;0;unknown;0
2025-07-02T06:03:00+02:00;1677801_D;50;6;0;unknown;0
2025-07-02T06:03:00+02:00;1677801_G;50;6;0;unknown;0
2025-07-02T06:03:00+02:00;1677808_D;50;13;0;unknown;0
2025-07-02T06:03:00+02:00;1677808_G;50;13;0;unknown;0
2025-07-02T06:03:00+02:00;16783;50;2;0;unknown;0
2025-07-02T06:03:00+02:00;16784;50;2;0;unknown;0
2025-07-02T06:03:00+02:00;16785;50;2;0;unknown;0
2025-07-02T06:03:00+02:00;1678542;70;30;30;freeFlow;1
2025-07-02T06:03:00+02:00;1678698_D;45;18;38;freeFlow;1
2025-07-02T06:03:00+02:00;1678698_G;50;16;0;unknown;0
2025-07-02T06:03:00+02:00;1678750;50;2;0;unknown;0
2025-07-02T06:03:00+02:00;1678763_D;50;4;0;unknown;0
2025-07-02T06:03:00+02:00;1678763_G;50;4;0;unknown;0
2025-07-02T06:03:00+02:00;1679092_D;50;4;0;unknown;0
2025-07-02T06:03:00+02:00;1679092_G;44;5;38;freeFlow;1
2025-07-02T06:03:00+02:00;1679681;38;21;75;heavy;2
2025-07-02T06:03:00+02:00;1679779;66;5;60;freeFlow;1
2025-07-02T06:03:00+02:00;1679795_D;50;1;0;unknown;0
2025-07-02T06:03:00+02:00;1679822;17;4;27;heavy;1
2025-07-02T06:03:00+02:00;1679825;60;1;40;freeFlow;1
2025-07-02T06:03:00+02:00;1679841;37;27;27;freeFlow;1
2025-07-02T06:03:00+02:00;1679843;60;1;40;freeFlow;1
2025-07-02T06:03:00+02:00;1679845;17;3;27;heavy;1
2025-07-02T06:03:00+02:00;1679847;60;1;40;freeFlow;1
2025-07-02T06:03:00+02:00;1679859_D;30;16;0;unknown;0
2025-07-02T06:03:00+02:00;1679859_G;30;16;0;unknown;0
2025-07-02T06:03:00+02:00;1680014;99;5;60;freeFlow;1
2025-07-02T06:03:00+02:00;1680016;113;11;100;freeFlow;3
2025-07-02T06:03:00+02:00;1680022;119;4;60;freeFlow;1
2025-07-02T06:03:00+02:00;1680024;97;8;60;freeFlow;1
2025-07-02T06:03:00+02:00;1680116;80;2;0;unknown;0
2025-07-02T06:03:00+02:00;1680119;80;2;0;unknown;0
2025-07-02T06:03:00+02:00;1680121;80;2;0;unknown;0
2025-07-02T06:03:00+02:00;1680122_D;80;23;0;unknown;0
2025-07-02T06:03:00+02:00;1680122_G;80;23;0;unknown;0
2025-07-02T06:03:00+02:00;1680123;80;2;0;unknown;0
2025-07-02T06:03:00+02:00;1680337;50;5;0;unknown;0
2025-07-02T06:03:00+02:00;1680401_D;70;17;0;unknown;0
2025-07-02T06:03:00+02:00;1680401_G;70;18;0;unknown;0
2025-07-02T06:03:00+02:00;1680514_D;50;9;0;unknown;0
2025-07-02T06:03:00+02:00;1680514_G;50;9;0;unknown;0
2025-07-02T06:03:00+02:00;1680539;59;1;35;heavy;1
2025-07-02T06:03:00+02:00;1680541_D;30;14;0;unknown;0
2025-07-02T06:03:00+02:00;1680541_G;30;14;0;unknown;0
2025-07-02T06:03:00+02:00;1680549_D;50;12;0;unknown;0
2025-07-02T06:03:00+02:00;1680549_G;50;13;0;unknown;0
2025-07-02T06:03:00+02:00;1680551_D;30;1;0;unknown;0
2025-07-02T06:03:00+02:00;1680551_G;30;1;0;unknown;0
2025-07-02T06:03:00+02:00;1680557_D;50;0;0;unknown;0
2025-07-02T06:03:00+02:00;1680557_G;50;1;0;unknown;0
2025-07-02T06:03:00+02:00;1680561_D;50;1;0;unknown;0
2025-07-02T06:03:00+02:00;1680561_G;50;1;0;unknown;0
2025-07-02T06:03:00+02:00;1680567;50;2;0;unknown;0
2025-07-02T06:03:00+02:00;1680569;50;3;0;unknown;0
2025-07-02T06:03:00+02:00;1680573;50;1;0;unknown;0
2025-07-02T06:03:00+02:00;1680574;50;2;0;unknown;0
2025-07-02T06:03:00+02:00;1680575;50;6;0;unknown;0
2025-07-02T06:03:00+02:00;1680576;50;2;0;unknown;0
2025-07-02T06:03:00+02:00;16821_D;80;83;0;unknown;0
2025-07-02T06:03:00+02:00;16821_G;87;76;38;freeFlow;1
2025-07-02T06:03:00+02:00;16830_D;50;16;0;unknown;0
2025-07-02T06:03:00+02:00;16830_G;50;16;0;unknown;0
2025-07-02T06:03:00+02:00;16831_D;50;2;0;unknown;0
2025-07-02T06:03:00+02:00;16831_G;50;2;0;unknown;0
2025-07-02T06:03:00+02:00;16832;50;3;0;unknown;0
2025-07-02T06:03:00+02:00;16834;70;10;0;unknown;0
2025-07-02T06:03:00+02:00;16850_D;50;1;0;unknown;0
2025-07-02T06:03:00+02:00;16850_G;50;1;0;unknown;0
2025-07-02T06:03:00+02:00;16851_D;50;3;0;unknown;0
2025-07-02T06:03:00+02:00;16851_G;50;2;0;unknown;0
2025-07-02T06:03:00+02:00;16852_D;50;5;0;unknown;0
2025-07-02T06:03:00+02:00;16852_G;50;5;0;unknown;0
2025-07-02T06:03:00+02:00;16853_D;50;7;0;unknown;0
2025-07-02T06:03:00+02:00;16853_G;50;7;0;unknown;0
2025-07-02T06:03:00+02:00;16854_D;50;4;0;unknown;0
2025-07-02T06:03:00+02:00;16854_G;50;4;0;unknown;0
2025-07-02T06:03:00+02:00;16855_D;50;4;0;unknown;0
2025-07-02T06:03:00+02:00;16855_G;50;4;0;unknown;0
2025-07-02T06:03:00+02:00;16856_D;50;7;0;unknown;0
2025-07-02T06:03:00+02:00;16856_G;50;7;0;unknown;0
2025-07-02T06:03:00+02:00;16858_D;50;30;0;unknown;0
2025-07-02T06:03:00+02:00;16858_G;50;30;0;unknown;0
2025-07-02T06:03:00+02:00;16859_D;50;3;0;unknown;0
2025-07-02T06:03:00+02:00;16859_G;50;3;0;unknown;0
2025-07-02T06:03:00+02:00;16860_D;50;7;0;unknown;0
2025-07-02T06:03:00+02:00;16860_G;50;7;0;unknown;0
2025-07-02T06:03:00+02:00;1690_D;50;6;0;unknown;0
2025-07-02T06:03:00+02:00;1690_G;50;5;0;unknown;0
2025-07-02T06:03:00+02:00;16910_D;50;6;0;unknown;0
2025-07-02T06:03:00+02:00;16910_G;50;6;0;unknown;0
2025-07-02T06:03:00+02:00;16967;63;9;60;freeFlow;1
2025-07-02T06:03:00+02:00;16969;51;1;45;freeFlow;1
2025-07-02T06:03:00+02:00;16986;48;14;48;heavy;1
2025-07-02T06:03:00+02:00;16988;56;13;63;freeFlow;2
2025-07-02T06:03:00+02:00;16989;40;12;60;heavy;1
2025-07-02T06:03:00+02:00;16990;56;8;60;freeFlow;1
2025-07-02T06:03:00+02:00;16992;43;31;60;heavy;1
2025-07-02T06:03:00+02:00;16994;46;24;60;heavy;1
2025-07-02T06:03:00+02:00;17;41;5;70;heavy;2
2025-07-02T06:03:00+02:00;1721;50;2;0;unknown;0
2025-07-02T06:03:00+02:00;1722;50;3;0;unknown;0
2025-07-02T06:03:00+02:00;1723;50;3;0;unknown;0
2025-07-02T06:03:00+02:00;1724_D;80;7;0;unknown;0
2025-07-02T06:03:00+02:00;1724_G;32;17;60;heavy;1
2025-07-02T06:03:00+02:00;1732_D;50;2;0;unknown;0
2025-07-02T06:03:00+02:00;1732_G;50;2;0;unknown;0
2025-07-02T06:03:00+02:00;1733_D;50;1;0;unknown;0
2025-07-02T06:03:00+02:00;1733_G;50;1;0;unknown;0
2025-07-02T06:03:00+02:00;1734_D;50;7;0;unknown;0
2025-07-02T06:03:00+02:00;1734_G;50;7;0;unknown;0
2025-07-02T06:03:00+02:00;18337;50;2;0;unknown;0
2025-07-02T06:03:00+02:00;18391_D;53;4;22;heavy;1
2025-07-02T06:03:00+02:00;18391_G;92;3;22;freeFlow;1
2025-07-02T06:03:00+02:00;1853;88;27;75;freeFlow;2
2025-07-02T06:03:00+02:00;1855;80;6;60;freeFlow;1
2025-07-02T06:03:00+02:00;1856;77;11;60;freeFlow;1
2025-07-02T06:03:00+02:00;19040;52;2;55;freeFlow;1
2025-07-02T06:03:00+02:00;1910886;38;6;48;freeFlow;1
2025-07-02T06:03:00+02:00;1911185_D;70;16;0;unknown;0
2025-07-02T06:03:00+02:00;1911185_G;70;16;0;unknown;0
2025-07-02T06:03:00+02:00;1911398_D;30;2;0;unknown;0
2025-07-02T06:03:00+02:00;1911398_G;30;1;0;unknown;0
2025-07-02T06:03:00+02:00;1911404_D;36;2;32;freeFlow;1
2025-07-02T06:03:00+02:00;1911404_G;30;3;0;unknown;0
2025-07-02T06:03:00+02:00;1911418;41;6;57;freeFlow;1
2025-07-02T06:03:00+02:00;1911420;26;3;60;heavy;1
2025-07-02T06:03:00+02:00;1911448_D;70;27;0;unknown;0
2025-07-02T06:03:00+02:00;1911448_G;70;27;0;unknown;0
2025-07-02T06:03:00+02:00;1911623_D;40;4;30;freeFlow;1
2025-07-02T06:03:00+02:00;1911623_G;30;6;0;unknown;0
2025-07-02T06:03:00+02:00;19628;30;9;38;heavy;1
2025-07-02T06:03:00+02:00;19629;90;1;0;unknown;0
2025-07-02T06:03:00+02:00;19630;35;6;43;heavy;2
2025-07-02T06:03:00+02:00;19631;90;1;0;unknown;0
2025-07-02T06:03:00+02:00;19632;30;3;38;heavy;1
2025-07-02T06:03:00+02:00;19633;36;4;95;heavy;3
2025-07-02T06:03:00+02:00;19634;70;1;0;unknown;0
2025-07-02T06:03:00+02:00;19635;43;3;45;heavy;1
2025-07-02T06:03:00+02:00;19636;43;4;45;heavy;1
2025-07-02T06:03:00+02:00;19637;18;4;45;congested;1
2025-07-02T06:03:00+02:00;19638;37;4;70;heavy;2
2025-07-02T06:03:00+02:00;19639;40;3;75;heavy;2
2025-07-02T06:03:00+02:00;19640;35;4;75;heavy;2
2025-07-02T06:03:00+02:00;19642;37;3;20;heavy;1
2025-07-02T06:03:00+02:00;19643;37;2;20;heavy;1
2025-07-02T06:03:00+02:00;19644;45;2;75;heavy;2
2025-07-02T06:03:00+02:00;19683;107;18;75;freeFlow;2
2025-07-02T06:03:00+02:00;19684;107;44;75;freeFlow;2
2025-07-02T06:03:00+02:00;19685;101;52;60;freeFlow;1
2025-07-02T06:03:00+02:00;19686;107;16;60;freeFlow;1
2025-07-02T06:03:00+02:00;198;43;105;43;heavy;1
2025-07-02T06:03:00+02:00;19825_D;80;40;0;unknown;0
2025-07-02T06:03:00+02:00;19825_G;85;38;35;freeFlow;1
2025-07-02T06:03:00+02:00;19828;52;2;32;freeFlow;1
2025-07-02T06:03:00+02:00;19830;57;2;32;freeFlow;1
2025-07-02T06:03:00+02:00;19832;50;3;0;unknown;0
2025-07-02T06:03:00+02:00;19833;50;2;0;unknown;0
2025-07-02T06:03:00+02:00;19841_D;80;18;0;unknown;0
2025-07-02T06:03:00+02:00;19841_G;98;15;35;freeFlow;1
2025-07-02T06:03:00+02:00;19842_D;80;5;0;unknown;0
2025-07-02T06:03:00+02:00;19842_G;98;4;35;freeFlow;1
2025-07-02T06:03:00+02:00;20525;80;2;0;unknown;0
2025-07-02T06:03:00+02:00;20526;80;2;0;unknown;0
2025-07-02T06:03:00+02:00;20527;80;2;0;unknown;0
2025-07-02T06:03:00+02:00;20528;80;1;0;unknown;0
2025-07-02T06:03:00+02:00;20590_D;80;102;0;unknown;0
2025-07-02T06:03:00+02:00;20590_G;80;102;0;unknown;0
2025-07-02T06:03:00+02:00;20760_D;50;30;0;unknown;0
2025-07-02T06:03:00+02:00;20760_G;50;30;0;unknown;0
2025-07-02T06:03:00+02:00;2216_D;80;38;0;unknown;0
2025-07-02T06:03:00+02:00;2216_G;80;38;0;unknown;0
2025-07-02T06:03:00+02:00;2218_D;80;27;0;unknown;0
2025-07-02T06:03:00+02:00;2218_G;80;27;0;unknown;0
2025-07-02T06:03:00+02:00;23984_D;80;1;0;unknown;0
2025-07-02T06:03:00+02:00;23984_G;80;1;0;unknown;0
2025-07-02T06:03:00+02:00;24143_D;80;5;0;unknown;0
2025-07-02T06:03:00+02:00;24143_G;80;5;0;unknown;0
2025-07-02T06:03:00+02:00;24147_D;80;48;0;unknown;0
2025-07-02T06:03:00+02:00;24147_G;80;48;0;unknown;0
2025-07-02T06:03:00+02:00;24148;50;3;0;unknown;0
2025-07-02T06:03:00+02:00;24149;50;3;0;unknown;0
2025-07-02T06:03:00+02:00;24150;50;3;0;unknown;0
2025-07-02T06:03:00+02:00;24151;50;3;0;unknown;0
2025-07-02T06:03:00+02:00;24153_D;80;12;0;unknown;0
2025-07-02T06:03:00+02:00;24153_G;80;12;0;unknown;0
2025-07-02T06:03:00+02:00;24176;100;16;75;freeFlow;2
2025-07-02T06:03:00+02:00;24178;107;10;75;freeFlow;2
2025-07-02T06:03:00+02:00;24179;108;18;75;freeFlow;2
2025-07-02T06:03:00+02:00;24181_D;71;2;57;freeFlow;1
2025-07-02T06:03:00+02:00;24181_G;12;14;55;congested;1
2025-07-02T06:03:00+02:00;24182;98;12;75;freeFlow;2
2025-07-02T06:03:00+02:00;24184_D;69;8;57;freeFlow;1
2025-07-02T06:03:00+02:00;24184_G;25;24;74;heavy;2
2025-07-02T06:03:00+02:00;24259;43;3;57;freeFlow;1
2025-07-02T06:03:00+02:00;24260;12;15;55;congested;1
2025-07-02T06:03:00+02:00;24261;27;5;57;heavy;1
2025-07-02T06:03:00+02:00;24262;43;4;57;freeFlow;1
2025-07-02T06:03:00+02:00;24264_D;80;1;0;unknown;0
2025-07-02T06:03:00+02:00;24264_G;80;1;0;unknown;0
2025-07-02T06:03:00+02:00;24265_D;46;1;57;freeFlow;1
2025-07-02T06:03:00+02:00;24265_G;50;1;0;unknown;0
2025-07-02T06:03:00+02:00;24274_D;50;10;0;unknown;0
2025-07-02T06:03:00+02:00;24274_G;71;7;57;freeFlow;1
2025-07-02T06:03:00+02:00;25687_D;30;7;0;unknown;0
2025-07-02T06:03:00+02:00;25687_G;30;7;0;unknown;0
2025-07-02T06:03:00+02:00;25929_D;80;10;0;unknown;0
2025-07-02T06:03:00+02:00;25929_G;80;11;0;unknown;0
2025-07-02T06:03:00+02:00;25930;98;2;35;freeFlow;1
2025-07-02T06:03:00+02:00;25931;81;2;35;freeFlow;1
2025-07-02T06:03:00+02:00;25932;80;2;0;unknown;0
2025-07-02T06:03:00+02:00;25933;80;2;0;unknown;0
2025-07-02T06:03:00+02:00;25934_D;80;3;0;unknown;0
2025-07-02T06:03:00+02:00;25934_G;80;3;0;unknown;0
2025-07-02T06:03:00+02:00;25944_D;72;4;17;freeFlow;1
2025-07-02T06:03:00+02:00;25944_G;98;3;35;freeFlow;1
2025-07-02T06:03:00+02:00;25946_D;98;8;35;freeFlow;1
2025-07-02T06:03:00+02:00;25946_G;80;10;0;unknown;0
2025-07-02T06:03:00+02:00;25947_D;85;22;38;freeFlow;1
2025-07-02T06:03:00+02:00;25947_G;80;24;0;unknown;0
2025-07-02T06:03:00+02:00;25988_D;30;10;0;unknown;0
2025-07-02T06:03:00+02:00;25988_G;30;10;0;unknown;0
2025-07-02T06:03:00+02:00;25989;50;2;0;unknown;0
2025-07-02T06:03:00+02:00;25990;50;2;0;unknown;0
2025-07-02T06:03:00+02:00;25991;50;2;0;unknown;0
2025-07-02T06:03:00+02:00;25992;50;2;0;unknown;0
2025-07-02T06:03:00+02:00;25993_D;30;3;0;unknown;0
2025-07-02T06:03:00+02:00;25993_G;30;3;0;unknown;0
2025-07-02T06:03:00+02:00;25994_D;50;4;0;unknown;0
2025-07-02T06:03:00+02:00;25994_G;50;4;0;unknown;0
2025-07-02T06:03:00+02:00;25995_D;50;1;0;unknown;0
2025-07-02T06:03:00+02:00;25995_G;50;1;0;unknown;0
2025-07-02T06:03:00+02:00;25996_D;50;5;0;unknown;0
2025-07-02T06:03:00+02:00;25996_G;50;4;0;unknown;0
2025-07-02T06:03:00+02:00;25997_D;50;1;0;unknown;0
2025-07-02T06:03:00+02:00;25997_G;50;1;0;unknown;0
2025-07-02T06:03:00+02:00;25998_D;50;11;0;unknown;0
2025-07-02T06:03:00+02:00;25998_G;50;11;0;unknown;0
2025-07-02T06:03:00+02:00;25999_D;50;8;0;unknown;0
2025-07-02T06:03:00+02:00;25999_G;50;8;0;unknown;0
2025-07-02T06:03:00+02:00;26000_D;80;5;0;unknown;0
2025-07-02T06:03:00+02:00;26000_G;80;5;0;unknown;0
2025-07-02T06:03:00+02:00;26001_D;80;1;0;unknown;0
2025-07-02T06:03:00+02:00;26001_G;80;1;0;unknown;0
2025-07-02T06:03:00+02:00;26002_D;80;5;0;unknown;0
2025-07-02T06:03:00+02:00;26002_G;80;5;0;unknown;0
2025-07-02T06:03:00+02:00;26023;114;2;25;freeFlow;1
2025-07-02T06:03:00+02:00;26024;109;42;52;freeFlow;1
2025-07-02T06:03:00+02:00;26025;75;86;73;heavy;2
2025-07-02T06:03:00+02:00;26041;34;9;55;heavy;1
2025-07-02T06:03:00+02:00;26043;48;9;60;freeFlow;1
2025-07-02T06:03:00+02:00;26044;32;14;70;heavy;2
2025-07-02T06:03:00+02:00;26046;45;21;60;freeFlow;1
2025-07-02T06:03:00+02:00;26047;28;3;57;heavy;1
2025-07-02T06:03:00+02:00;26048;53;40;59;freeFlow;1
2025-07-02T06:03:00+02:00;26049;67;22;60;freeFlow;1
2025-07-02T06:03:00+02:00;26050;24;14;60;heavy;1
2025-07-02T06:03:00+02:00;26101_D;30;16;0;unknown;0
2025-07-02T06:03:00+02:00;26101_G;30;16;0;unknown;0
2025-07-02T06:03:00+02:00;26371_D;30;9;0;unknown;0
2025-07-02T06:03:00+02:00;26371_G;30;9;0;unknown;0
2025-07-02T06:03:00+02:00;26389_D;70;11;0;unknown;0
2025-07-02T06:03:00+02:00;26389_G;70;11;0;unknown;0
2025-07-02T06:03:00+02:00;26392_D;30;15;0;unknown;0
2025-07-02T06:03:00+02:00;26392_G;30;14;0;unknown;0
2025-07-02T06:03:00+02:00;26393;50;1;0;unknown;0
2025-07-02T06:03:00+02:00;26394;50;1;0;unknown;0
2025-07-02T06:03:00+02:00;26395;50;2;0;unknown;0
2025-07-02T06:03:00+02:00;26396;50;1;0;unknown;0
2025-07-02T06:03:00+02:00;26397_D;50;4;0;unknown;0
2025-07-02T06:03:00+02:00;26397_G;50;4;0;unknown;0
2025-07-02T06:03:00+02:00;26402_D;30;9;0;unknown;0
2025-07-02T06:03:00+02:00;26402_G;30;9;0;unknown;0
2025-07-02T06:03:00+02:00;26403_D;30;4;0;unknown;0
2025-07-02T06:03:00+02:00;26403_G;30;4;0;unknown;0
2025-07-02T06:03:00+02:00;26404_D;30;3;0;unknown;0
2025-07-02T06:03:00+02:00;26404_G;30;3;0;unknown;0
2025-07-02T06:03:00+02:00;26405_D;30;2;0;unknown;0
2025-07-02T06:03:00+02:00;26405_G;30;2;0;unknown;0
2025-07-02T06:03:00+02:00;26409_D;70;11;0;unknown;0
2025-07-02T06:03:00+02:00;26409_G;70;11;0;unknown;0
2025-07-02T06:03:00+02:00;26420_D;70;4;0;unknown;0
2025-07-02T06:03:00+02:00;26420_G;70;4;0;unknown;0
2025-07-02T06:03:00+02:00;26422_D;70;11;0;unknown;0
2025-07-02T06:03:00+02:00;26422_G;70;11;0;unknown;0
2025-07-02T06:03:00+02:00;26423_D;70;7;0;unknown;0
2025-07-02T06:03:00+02:00;26423_G;70;7;0;unknown;0
2025-07-02T06:03:00+02:00;26495_D;50;7;0;unknown;0
2025-07-02T06:03:00+02:00;26495_G;50;7;0;unknown;0
2025-07-02T06:03:00+02:00;26497_D;30;16;0;unknown;0
2025-07-02T06:03:00+02:00;26497_G;30;16;0;unknown;0
2025-07-02T06:03:00+02:00;26501;84;27;73;freeFlow;2
2025-07-02T06:03:00+02:00;26573;102;14;75;freeFlow;2
2025-07-02T06:03:00+02:00;26603_D;30;2;0;unknown;0
2025-07-02T06:03:00+02:00;26603_G;30;2;0;unknown;0
2025-07-02T06:03:00+02:00;26611_D;30;4;0;unknown;0
2025-07-02T06:03:00+02:00;26611_G;30;4;0;unknown;0
2025-07-02T06:03:00+02:00;26619;52;1;32;freeFlow;1
2025-07-02T06:03:00+02:00;26654;14;34;57;congested;1
2025-07-02T06:03:00+02:00;26656;59;9;60;freeFlow;1
2025-07-02T06:03:00+02:00;26897_D;30;15;0;unknown;0
2025-07-02T06:03:00+02:00;26897_G;30;15;0;unknown;0
2025-07-02T06:03:00+02:00;27837_D;50;5;0;unknown;0
2025-07-02T06:03:00+02:00;27837_G;50;6;0;unknown;0
2025-07-02T06:03:00+02:00;28032;32;5;50;heavy;1
2025-07-02T06:03:00+02:00;28033;27;6;60;heavy;1
2025-07-02T06:03:00+02:00;282910_D;50;4;0;unknown;0
2025-07-02T06:03:00+02:00;282910_G;47;2;32;freeFlow;1
2025-07-02T06:03:00+02:00;28642_D;54;8;60;freeFlow;1
2025-07-02T06:03:00+02:00;28642_G;84;5;45;freeFlow;1
2025-07-02T06:03:00+02:00;28645_D;74;1;60;freeFlow;1
2025-07-02T06:03:00+02:00;28645_G;76;1;45;freeFlow;1
2025-07-02T06:03:00+02:00;28646_D;103;30;60;freeFlow;1
2025-07-02T06:03:00+02:00;28646_G;77;40;48;freeFlow;1
2025-07-02T06:03:00+02:00;28648_D;108;12;60;freeFlow;1
2025-07-02T06:03:00+02:00;28648_G;77;17;48;freeFlow;1
2025-07-02T06:03:00+02:00;28649_D;102;9;60;freeFlow;1
2025-07-02T06:03:00+02:00;28649_G;78;12;48;freeFlow;1
2025-07-02T06:03:00+02:00;28650_D;73;14;60;freeFlow;1
2025-07-02T06:03:00+02:00;28650_G;75;13;50;freeFlow;1
2025-07-02T06:03:00+02:00;28660_D;80;8;0;unknown;0
2025-07-02T06:03:00+02:00;28660_G;108;6;45;freeFlow;1
2025-07-02T06:03:00+02:00;28665_D;80;17;0;unknown;0
2025-07-02T06:03:00+02:00;28665_G;104;13;45;freeFlow;1
2025-07-02T06:03:00+02:00;28666_D;70;9;0;unknown;0
2025-07-02T06:03:00+02:00;28666_G;84;8;45;freeFlow;1
2025-07-02T06:03:00+02:00;28669_D;70;5;0;unknown;0
2025-07-02T06:03:00+02:00;28669_G;70;5;0;unknown;0
2025-07-02T06:03:00+02:00;28675_D;70;6;0;unknown;0
2025-07-02T06:03:00+02:00;28675_G;70;6;0;unknown;0
2025-07-02T06:03:00+02:00;28676_D;70;3;0;unknown;0
2025-07-02T06:03:00+02:00;28676_G;70;3;0;unknown;0
2025-07-02T06:03:00+02:00;28677_D;70;16;0;unknown;0
2025-07-02T06:03:00+02:00;28677_G;70;16;0;unknown;0
2025-07-02T06:03:00+02:00;28693_D;80;12;0;unknown;0
2025-07-02T06:03:00+02:00;28693_G;108;9;45;freeFlow;1
2025-07-02T06:03:00+02:00;28854;42;4;75;freeFlow;2
2025-07-02T06:03:00+02:00;28855;35;4;42;freeFlow;1
2025-07-02T06:03:00+02:00;28865_D;94;21;45;freeFlow;1
2025-07-02T06:03:00+02:00;28865_G;80;25;0;unknown;0
2025-07-02T06:03:00+02:00;28866_D;56;13;42;freeFlow;1
2025-07-02T06:03:00+02:00;28866_G;80;9;0;unknown;0
2025-07-02T06:03:00+02:00;28867;33;3;42;heavy;1
2025-07-02T06:03:00+02:00;28868;33;3;42;heavy;1
2025-07-02T06:03:00+02:00;29;83;17;75;freeFlow;2
2025-07-02T06:03:00+02:00;30;91;6;75;freeFlow;2
2025-07-02T06:03:00+02:00;30020_D;91;23;60;freeFlow;1
2025-07-02T06:03:00+02:00;30020_G;65;32;50;freeFlow;1
2025-07-02T06:03:00+02:00;30022;120;2;60;freeFlow;1
2025-07-02T06:03:00+02:00;30023;79;64;100;freeFlow;3
2025-07-02T06:03:00+02:00;30118;75;1;57;freeFlow;1
2025-07-02T06:03:00+02:00;30351_D;50;1;0;unknown;0
2025-07-02T06:03:00+02:00;30351_G;50;1;0;unknown;0
2025-07-02T06:03:00+02:00;30355_D;50;10;0;unknown;0
2025-07-02T06:03:00+02:00;30355_G;50;10;0;unknown;0
2025-07-02T06:03:00+02:00;30359_D;80;8;0;unknown;0
2025-07-02T06:03:00+02:00;30359_G;80;8;0;unknown;0
2025-07-02T06:03:00+02:00;30405;50;2;0;unknown;0
2025-07-02T06:03:00+02:00;30406;50;4;0;unknown;0
2025-07-02T06:03:00+02:00;30407;50;2;0;unknown;0
2025-07-02T06:03:00+02:00;30408;50;1;0;unknown;0
2025-07-02T06:03:00+02:00;30409;50;2;0;unknown;0
2025-07-02T06:03:00+02:00;30410_D;50;1;0;unknown;0
2025-07-02T06:03:00+02:00;30410_G;50;1;0;unknown;0
2025-07-02T06:03:00+02:00;30411_D;50;6;0;unknown;0
2025-07-02T06:03:00+02:00;30411_G;50;6;0;unknown;0
2025-07-02T06:03:00+02:00;30414_D;50;7;0;unknown;0
2025-07-02T06:03:00+02:00;30414_G;50;8;0;unknown;0
2025-07-02T06:03:00+02:00;30416_D;50;10;0;unknown;0
2025-07-02T06:03:00+02:00;30416_G;50;10;0;unknown;0
2025-07-02T06:03:00+02:00;30499_D;30;9;0;unknown;0
2025-07-02T06:03:00+02:00;30499_G;30;10;0;unknown;0
2025-07-02T06:03:00+02:00;30501_D;30;9;0;unknown;0
2025-07-02T06:03:00+02:00;30501_G;30;9;0;unknown;0
2025-07-02T06:03:00+02:00;30502_D;30;2;0;unknown;0
2025-07-02T06:03:00+02:00;30502_G;30;2;0;unknown;0
2025-07-02T06:03:00+02:00;30504_D;30;1;0;unknown;0
2025-07-02T06:03:00+02:00;30504_G;30;1;0;unknown;0
2025-07-02T06:03:00+02:00;30508;30;4;0;unknown;0
2025-07-02T06:03:00+02:00;30521_D;50;8;0;unknown;0
2025-07-02T06:03:00+02:00;30521_G;50;9;0;unknown;0
2025-07-02T06:03:00+02:00;30522_D;50;2;0;unknown;0
2025-07-02T06:03:00+02:00;30522_G;50;2;0;unknown;0
2025-07-02T06:03:00+02:00;30606_D;50;11;0;unknown;0
2025-07-02T06:03:00+02:00;30606_G;50;11;0;unknown;0
2025-07-02T06:03:00+02:00;30608_D;50;3;0;unknown;0
2025-07-02T06:03:00+02:00;30608_G;50;3;0;unknown;0
2025-07-02T06:03:00+02:00;30611_D;50;8;0;unknown;0
2025-07-02T06:03:00+02:00;30611_G;50;8;0;unknown;0
2025-07-02T06:03:00+02:00;31;86;5;60;freeFlow;1
2025-07-02T06:03:00+02:00;31286;10;14;0;unknown;0
2025-07-02T06:03:00+02:00;31287;50;1;0;unknown;0
2025-07-02T06:03:00+02:00;31288;50;4;0;unknown;0
2025-07-02T06:03:00+02:00;31289;10;10;0;unknown;0
2025-07-02T06:03:00+02:00;31300_D;50;1;0;unknown;0
2025-07-02T06:03:00+02:00;31300_G;50;1;0;unknown;0
2025-07-02T06:03:00+02:00;31302_D;50;1;0;unknown;0
2025-07-02T06:03:00+02:00;31302_G;50;1;0;unknown;0
2025-07-02T06:03:00+02:00;31304_D;50;22;0;unknown;0
2025-07-02T06:03:00+02:00;31305_D;50;15;0;unknown;0
2025-07-02T06:03:00+02:00;31305_G;50;15;0;unknown;0
2025-07-02T06:03:00+02:00;31361_D;50;1;0;unknown;0
2025-07-02T06:03:00+02:00;31361_G;50;1;0;unknown;0
2025-07-02T06:03:00+02:00;31444_D;84;29;60;freeFlow;1
2025-07-02T06:03:00+02:00;31444_G;81;30;60;freeFlow;1
2025-07-02T06:03:00+02:00;31448;55;2;57;heavy;1
2025-07-02T06:03:00+02:00;31449;64;2;55;freeFlow;1
2025-07-02T06:03:00+02:00;31450;86;1;60;freeFlow;1
2025-07-02T06:03:00+02:00;31451;86;1;60;freeFlow;1
2025-07-02T06:03:00+02:00;31453_D;86;19;60;freeFlow;1
2025-07-02T06:03:00+02:00;31453_G;64;25;55;freeFlow;1
2025-07-02T06:03:00+02:00;31511;81;18;60;freeFlow;1
2025-07-02T06:03:00+02:00;31512;85;28;75;freeFlow;2
2025-07-02T06:03:00+02:00;31513;119;18;60;freeFlow;1
2025-07-02T06:03:00+02:00;31515;57;2;60;freeFlow;1
2025-07-02T06:03:00+02:00;31517;57;2;60;freeFlow;1
2025-07-02T06:03:00+02:00;31520;75;1;57;freeFlow;1
2025-07-02T06:03:00+02:00;31522;55;3;57;freeFlow;1
2025-07-02T06:03:00+02:00;31523_D;54;4;60;freeFlow;1
2025-07-02T06:03:00+02:00;31523_G;54;4;57;freeFlow;1
2025-07-02T06:03:00+02:00;31530_D;75;5;57;freeFlow;1
2025-07-02T06:03:00+02:00;31530_G;58;7;60;freeFlow;1
2025-07-02T06:03:00+02:00;31532_D;75;2;57;freeFlow;1
2025-07-02T06:03:00+02:00;31532_G;70;2;60;freeFlow;1
2025-07-02T06:03:00+02:00;31534;91;4;75;freeFlow;2
2025-07-02T06:03:00+02:00;31536;72;13;60;freeFlow;1
2025-07-02T06:03:00+02:00;31550;73;13;75;freeFlow;2
2025-07-02T06:03:00+02:00;31551;120;6;60;freeFlow;1
2025-07-02T06:03:00+02:00;31553;96;11;38;freeFlow;1
2025-07-02T06:03:00+02:00;31557;108;4;60;freeFlow;1
2025-07-02T06:03:00+02:00;31558_D;96;12;60;freeFlow;1
2025-07-02T06:03:00+02:00;31558_G;73;15;40;freeFlow;1
2025-07-02T06:03:00+02:00;31559;66;7;60;freeFlow;1
2025-07-02T06:03:00+02:00;31561;66;6;60;freeFlow;1
2025-07-02T06:03:00+02:00;31562;62;7;38;freeFlow;1
2025-07-02T06:03:00+02:00;31563;67;6;40;freeFlow;1
2025-07-02T06:03:00+02:00;31568;67;6;40;freeFlow;1
2025-07-02T06:03:00+02:00;31569;70;8;0;unknown;0
2025-07-02T06:03:00+02:00;31583_D;50;15;0;unknown;0
2025-07-02T06:03:00+02:00;31583_G;50;15;0;unknown;0
2025-07-02T06:03:00+02:00;31670_D;45;10;32;freeFlow;1
2025-07-02T06:03:00+02:00;31670_G;50;9;0;unknown;0
2025-07-02T06:03:00+02:00;31672_D;70;29;0;unknown;0
2025-07-02T06:03:00+02:00;31672_G;70;28;0;unknown;0
2025-07-02T06:03:00+02:00;31673;120;11;60;freeFlow;1
2025-07-02T06:03:00+02:00;31674;78;17;100;freeFlow;3
2025-07-02T06:03:00+02:00;31708_D;30;6;0;unknown;0
2025-07-02T06:03:00+02:00;31708_G;30;6;0;unknown;0
2025-07-02T06:03:00+02:00;31709_D;30;12;0;unknown;0
2025-07-02T06:03:00+02:00;31709_G;30;12;0;unknown;0
2025-07-02T06:03:00+02:00;31716_D;30;7;0;unknown;0
2025-07-02T06:03:00+02:00;31716_G;30;7;0;unknown;0
2025-07-02T06:03:00+02:00;31717_D;30;17;0;unknown;0
2025-07-02T06:03:00+02:00;31717_G;30;17;0;unknown;0
2025-07-02T06:03:00+02:00;31720_D;30;4;0;unknown;0
2025-07-02T06:03:00+02:00;31720_G;40;3;30;freeFlow;1
2025-07-02T06:03:00+02:00;31722_D;40;7;30;freeFlow;1
2025-07-02T06:03:00+02:00;31722_G;30;9;0;unknown;0
2025-07-02T06:03:00+02:00;31723;50;4;0;unknown;0
2025-07-02T06:03:00+02:00;31724;36;5;32;freeFlow;1
2025-07-02T06:03:00+02:00;31725;36;5;32;freeFlow;1
2025-07-02T06:03:00+02:00;31726;50;4;0;unknown;0
2025-07-02T06:03:00+02:00;31727_D;39;9;32;freeFlow;1
2025-07-02T06:03:00+02:00;31727_G;30;12;0;unknown;0
2025-07-02T06:03:00+02:00;31878;37;4;50;heavy;1
2025-07-02T06:03:00+02:00;31879;27;6;60;heavy;1
2025-07-02T06:03:00+02:00;31880;120;2;60;freeFlow;1
2025-07-02T06:03:00+02:00;31881;70;4;0;unknown;0
2025-07-02T06:03:00+02:00;31882;70;2;0;unknown;0
2025-07-02T06:03:00+02:00;32;87;14;60;freeFlow;1
2025-07-02T06:03:00+02:00;32118;81;1;100;freeFlow;3
2025-07-02T06:03:00+02:00;32163_D;30;3;0;unknown;0
2025-07-02T06:03:00+02:00;32163_G;30;3;0;unknown;0
2025-07-02T06:03:00+02:00;32165_D;50;2;0;unknown;0
2025-07-02T06:03:00+02:00;32165_G;50;2;0;unknown;0
2025-07-02T06:03:00+02:00;32177_D;61;10;60;freeFlow;1
2025-07-02T06:03:00+02:00;32177_G;46;13;50;heavy;1
2025-07-02T06:03:00+02:00;32784_D;50;2;0;unknown;0
2025-07-02T06:03:00+02:00;32784_G;50;2;0;unknown;0
2025-07-02T06:03:00+02:00;32785;50;1;0;unknown;0
2025-07-02T06:03:00+02:00;32786;50;2;0;unknown;0
2025-07-02T06:03:00+02:00;32788;50;2;0;unknown;0
2025-07-02T06:03:00+02:00;32790;50;1;0;unknown;0
2025-07-02T06:03:00+02:00;32791;50;2;0;unknown;0
2025-07-02T06:03:00+02:00;32794;50;1;0;unknown;0
2025-07-02T06:03:00+02:00;32796;50;1;0;unknown;0
2025-07-02T06:03:00+02:00;33;93;27;73;freeFlow;2
2025-07-02T06:03:00+02:00;34;61;43;58;heavy;2
2025-07-02T06:03:00+02:00;34744;65;50;69;freeFlow;2
2025-07-02T06:03:00+02:00;34745;87;37;68;freeFlow;2
2025-07-02T06:03:00+02:00;34757_D;50;2;0;unknown;0
2025-07-02T06:03:00+02:00;34757_G;50;2;0;unknown;0
2025-07-02T06:03:00+02:00;34758_D;50;16;0;unknown;0
2025-07-02T06:03:00+02:00;34758_G;50;16;0;unknown;0
2025-07-02T06:03:00+02:00;35;97;55;56;freeFlow;1
2025-07-02T06:03:00+02:00;35072;95;27;75;freeFlow;2
2025-07-02T06:03:00+02:00;35077;83;50;60;freeFlow;1
2025-07-02T06:03:00+02:00;35086;94;43;75;freeFlow;2
2025-07-02T06:03:00+02:00;35092;79;3;27;freeFlow;1
2025-07-02T06:03:00+02:00;35096;86;19;75;freeFlow;2
2025-07-02T06:03:00+02:00;35098;85;44;80;freeFlow;3
2025-07-02T06:03:00+02:00;35103;38;21;38;heavy;1
2025-07-02T06:03:00+02:00;35869_D;50;1;0;unknown;0
2025-07-02T06:03:00+02:00;35869_G;50;1;0;unknown;0
2025-07-02T06:03:00+02:00;35870_D;50;11;0;unknown;0
2025-07-02T06:03:00+02:00;35870_G;50;11;0;unknown;0
2025-07-02T06:03:00+02:00;35940;30;10;0;unknown;0
2025-07-02T06:03:00+02:00;35942;30;2;0;unknown;0
2025-07-02T06:03:00+02:00;35943;30;2;0;unknown;0
2025-07-02T06:03:00+02:00;35944;30;3;0;unknown;0
2025-07-02T06:03:00+02:00;35945;30;3;0;unknown;0
2025-07-02T06:03:00+02:00;35946_D;30;2;0;unknown;0
2025-07-02T06:03:00+02:00;35946_G;30;2;0;unknown;0
2025-07-02T06:03:00+02:00;35947;30;10;0;unknown;0
2025-07-02T06:03:00+02:00;35948;30;8;0;unknown;0
2025-07-02T06:03:00+02:00;35949;30;7;0;unknown;0
2025-07-02T06:03:00+02:00;35950;30;12;0;unknown;0
2025-07-02T06:03:00+02:00;35951;30;5;0;unknown;0
2025-07-02T06:03:00+02:00;35952;30;11;0;unknown;0
2025-07-02T06:03:00+02:00;35953;50;2;0;unknown;0
2025-07-02T06:03:00+02:00;35954;50;2;0;unknown;0
2025-07-02T06:03:00+02:00;35955;50;2;0;unknown;0
2025-07-02T06:03:00+02:00;35956;50;1;0;unknown;0
2025-07-02T06:03:00+02:00;35957_D;30;2;0;unknown;0
2025-07-02T06:03:00+02:00;35957_G;30;2;0;unknown;0
2025-07-02T06:03:00+02:00;35959_D;30;2;0;unknown;0
2025-07-02T06:03:00+02:00;35959_G;30;1;0;unknown;0
2025-07-02T06:03:00+02:00;35960;30;11;0;unknown;0
2025-07-02T06:03:00+02:00;35961;30;16;0;unknown;0
2025-07-02T06:03:00+02:00;35962;30;12;0;unknown;0
2025-07-02T06:03:00+02:00;35963;30;6;0;unknown;0
2025-07-02T06:03:00+02:00;35964;30;6;0;unknown;0
2025-07-02T06:03:00+02:00;35965;30;20;0;unknown;0
2025-07-02T06:03:00+02:00;35971;30;20;0;unknown;0
2025-07-02T06:03:00+02:00;35972;30;11;0;unknown;0
2025-07-02T06:03:00+02:00;35973;30;8;0;unknown;0
2025-07-02T06:03:00+02:00;35985_D;50;1;0;unknown;0
2025-07-02T06:03:00+02:00;35985_G;50;2;0;unknown;0
2025-07-02T06:03:00+02:00;35986_D;50;14;0;unknown;0
2025-07-02T06:03:00+02:00;35986_G;50;15;0;unknown;0
2025-07-02T06:03:00+02:00;35994_D;30;1;0;unknown;0
2025-07-02T06:03:00+02:00;35994_G;30;1;0;unknown;0
2025-07-02T06:03:00+02:00;35998;50;4;0;unknown;0
2025-07-02T06:03:00+02:00;35999;11;17;30;congested;1
2025-07-02T06:03:00+02:00;36000;50;4;0;unknown;0
2025-07-02T06:03:00+02:00;36001;50;4;0;unknown;0
2025-07-02T06:03:00+02:00;36003_D;11;4;30;congested;1
2025-07-02T06:03:00+02:00;36003_G;50;1;0;unknown;0
2025-07-02T06:03:00+02:00;36004_D;44;48;31;freeFlow;1
2025-07-02T06:03:00+02:00;36004_G;50;42;0;unknown;0
2025-07-02T06:03:00+02:00;36005;30;2;0;unknown;0
2025-07-02T06:03:00+02:00;36006;30;3;0;unknown;0
2025-07-02T06:03:00+02:00;36007;30;2;0;unknown;0
2025-07-02T06:03:00+02:00;36010_D;30;1;0;unknown;0
2025-07-02T06:03:00+02:00;36010_G;30;1;0;unknown;0
2025-07-02T06:03:00+02:00;36011;30;10;0;unknown;0
2025-07-02T06:03:00+02:00;36012_D;30;2;0;unknown;0
2025-07-02T06:03:00+02:00;36012_G;30;2;0;unknown;0
2025-07-02T06:03:00+02:00;37200_D;30;8;0;unknown;0
2025-07-02T06:03:00+02:00;37200_G;30;8;0;unknown;0
2025-07-02T06:03:00+02:00;37201;48;4;32;freeFlow;1
2025-07-02T06:03:00+02:00;37202;41;7;50;freeFlow;2
2025-07-02T06:03:00+02:00;37203;43;12;35;freeFlow;1
2025-07-02T06:03:00+02:00;37204_D;53;2;32;freeFlow;1
2025-07-02T06:03:00+02:00;37204_G;50;2;0;unknown;0
2025-07-02T06:03:00+02:00;37205_D;58;3;32;freeFlow;1
2025-07-02T06:03:00+02:00;37205_G;50;4;0;unknown;0
2025-07-02T06:03:00+02:00;37206_D;53;10;32;freeFlow;1
2025-07-02T06:03:00+02:00;37206_G;50;10;0;unknown;0
2025-07-02T06:03:00+02:00;37207;44;2;32;freeFlow;1
2025-07-02T06:03:00+02:00;37208;50;3;0;unknown;0
2025-07-02T06:03:00+02:00;37209;44;2;32;freeFlow;1
2025-07-02T06:03:00+02:00;37210_D;44;1;32;freeFlow;1
2025-07-02T06:03:00+02:00;37210_G;50;1;0;unknown;0
2025-07-02T06:03:00+02:00;37211_D;52;51;38;freeFlow;1
2025-07-02T06:03:00+02:00;37211_G;50;53;0;unknown;0
2025-07-02T06:03:00+02:00;37239;30;6;0;unknown;0
2025-07-02T06:03:00+02:00;37240;34;5;32;freeFlow;1
2025-07-02T06:03:00+02:00;37241;34;5;32;freeFlow;1
2025-07-02T06:03:00+02:00;37242;30;7;0;unknown;0
2025-07-02T06:03:00+02:00;37243_D;34;3;32;heavy;1
2025-07-02T06:03:00+02:00;37243_G;50;2;0;unknown;0
2025-07-02T06:03:00+02:00;37244_D;30;2;0;unknown;0
2025-07-02T06:03:00+02:00;37244_G;30;2;0;unknown;0
2025-07-02T06:03:00+02:00;37246_D;30;3;0;unknown;0
2025-07-02T06:03:00+02:00;37246_G;30;3;0;unknown;0
2025-07-02T06:03:00+02:00;37422_D;50;19;0;unknown;0
2025-07-02T06:03:00+02:00;37422_G;50;19;0;unknown;0
2025-07-02T06:03:00+02:00;37467_D;33;12;27;heavy;1
2025-07-02T06:03:00+02:00;37467_G;50;8;0;unknown;0
2025-07-02T06:03:00+02:00;37508_D;50;21;0;unknown;0
2025-07-02T06:03:00+02:00;37508_G;50;21;0;unknown;0
2025-07-02T06:03:00+02:00;37509_D;50;2;0;unknown;0
2025-07-02T06:03:00+02:00;37509_G;50;1;0;unknown;0
2025-07-02T06:03:00+02:00;37564_D;70;22;0;unknown;0
2025-07-02T06:03:00+02:00;37564_G;70;22;0;unknown;0
2025-07-02T06:03:00+02:00;37565_D;70;12;0;unknown;0
2025-07-02T06:03:00+02:00;37565_G;70;12;0;unknown;0
2025-07-02T06:03:00+02:00;37586_D;50;1;0;unknown;0
2025-07-02T06:03:00+02:00;37586_G;50;1;0;unknown;0
2025-07-02T06:03:00+02:00;37588_D;70;8;0;unknown;0
2025-07-02T06:03:00+02:00;37588_G;70;8;0;unknown;0
2025-07-02T06:03:00+02:00;37620_D;70;1;0;unknown;0
2025-07-02T06:03:00+02:00;37620_G;70;1;0;unknown;0
2025-07-02T06:03:00+02:00;37621;50;4;0;unknown;0
2025-07-02T06:03:00+02:00;37622;50;4;0;unknown;0
2025-07-02T06:03:00+02:00;37625_D;50;18;0;unknown;0
2025-07-02T06:03:00+02:00;37625_G;50;18;0;unknown;0
2025-07-02T06:03:00+02:00;37665_D;50;2;0;unknown;0
2025-07-02T06:03:00+02:00;37665_G;50;2;0;unknown;0
2025-07-02T06:03:00+02:00;37667;70;18;0;unknown;0
2025-07-02T06:03:00+02:00;37668;70;6;0;unknown;0
2025-07-02T06:03:00+02:00;37673;70;5;0;unknown;0
2025-07-02T06:03:00+02:00;37686_D;30;21;0;unknown;0
2025-07-02T06:03:00+02:00;37686_G;30;21;0;unknown;0
2025-07-02T06:03:00+02:00;37702_D;50;5;0;unknown;0
2025-07-02T06:03:00+02:00;37702_G;50;5;0;unknown;0
2025-07-02T06:03:00+02:00;37706_D;50;1;0;unknown;0
2025-07-02T06:03:00+02:00;37706_G;50;1;0;unknown;0
2025-07-02T06:03:00+02:00;37707_D;50;1;0;unknown;0
2025-07-02T06:03:00+02:00;37707_G;50;1;0;unknown;0
2025-07-02T06:03:00+02:00;37708_D;30;31;0;unknown;0
2025-07-02T06:03:00+02:00;37708_G;30;31;0;unknown;0
2025-07-02T06:03:00+02:00;37712_D;30;6;0;unknown;0
2025-07-02T06:03:00+02:00;37712_G;30;6;0;unknown;0
2025-07-02T06:03:00+02:00;37724;50;3;0;unknown;0
2025-07-02T06:03:00+02:00;37725;50;1;0;unknown;0
2025-07-02T06:03:00+02:00;37726;50;2;0;unknown;0
2025-07-02T06:03:00+02:00;37727;50;2;0;unknown;0
2025-07-02T06:03:00+02:00;37728;50;2;0;unknown;0
2025-07-02T06:03:00+02:00;37729;85;66;41;freeFlow;1
2025-07-02T06:03:00+02:00;37730;26;5;42;heavy;1
2025-07-02T06:03:00+02:00;37732;48;75;75;heavy;2
2025-07-02T06:03:00+02:00;37737;89;45;88;freeFlow;3
2025-07-02T06:03:00+02:00;37738;28;3;40;heavy;1
2025-07-02T06:03:00+02:00;37739;56;2;91;freeFlow;3
2025-07-02T06:03:00+02:00;37740;57;3;75;freeFlow;2
2025-07-02T06:03:00+02:00;37741;56;1;75;freeFlow;2
2025-07-02T06:03:00+02:00;37742;70;2;0;unknown;0
2025-07-02T06:03:00+02:00;37743;70;2;0;unknown;0
2025-07-02T06:03:00+02:00;37744;70;2;0;unknown;0
2025-07-02T06:03:00+02:00;37745;70;1;0;unknown;0
2025-07-02T06:03:00+02:00;37749;86;45;79;freeFlow;3
2025-07-02T06:03:00+02:00;37750;86;31;60;freeFlow;1
2025-07-02T06:03:00+02:00;37751;57;17;75;freeFlow;2
2025-07-02T06:03:00+02:00;37752;70;9;0;unknown;0
2025-07-02T06:03:00+02:00;37753;120;22;60;freeFlow;1
2025-07-02T06:03:00+02:00;37784;50;2;0;unknown;0
2025-07-02T06:03:00+02:00;37785;50;2;0;unknown;0
2025-07-02T06:03:00+02:00;37786;50;2;0;unknown;0
2025-07-02T06:03:00+02:00;37787_D;70;21;0;unknown;0
2025-07-02T06:03:00+02:00;37787_G;70;22;0;unknown;0
2025-07-02T06:03:00+02:00;37818;89;52;83;freeFlow;3
2025-07-02T06:03:00+02:00;37819;90;62;35;freeFlow;2
2025-07-02T06:03:00+02:00;37822;85;10;75;freeFlow;2
2025-07-02T06:03:00+02:00;37826;50;1;0;unknown;0
2025-07-02T06:03:00+02:00;37827;33;1;42;heavy;1
2025-07-02T06:03:00+02:00;37941;79;62;46;freeFlow;3
2025-07-02T06:03:00+02:00;37947;92;8;94;freeFlow;3
2025-07-02T06:03:00+02:00;37948;96;72;67;freeFlow;3
2025-07-02T06:03:00+02:00;37949;97;72;81;freeFlow;3
2025-07-02T06:03:00+02:00;37950;87;8;60;freeFlow;1
2025-07-02T06:03:00+02:00;37970;80;17;60;freeFlow;1
2025-07-02T06:03:00+02:00;38;89;16;75;freeFlow;2
2025-07-02T06:03:00+02:00;38067;98;11;60;freeFlow;1
2025-07-02T06:03:00+02:00;38068;41;5;25;heavy;1
2025-07-02T06:03:00+02:00;38069;41;8;25;heavy;1
2025-07-02T06:03:00+02:00;38070;119;7;60;freeFlow;1
2025-07-02T06:03:00+02:00;38310;50;1;0;unknown;0
2025-07-02T06:03:00+02:00;38311;50;2;0;unknown;0
2025-07-02T06:03:00+02:00;38317;89;2;27;freeFlow;1
2025-07-02T06:03:00+02:00;38318;92;28;100;freeFlow;3
2025-07-02T06:03:00+02:00;38319;97;21;71;freeFlow;2
2025-07-02T06:03:00+02:00;38322;41;4;25;heavy;1
2025-07-02T06:03:00+02:00;38378_D;70;10;0;unknown;0
2025-07-02T06:03:00+02:00;38378_G;70;10;0;unknown;0
2025-07-02T06:03:00+02:00;38389_D;70;16;0;unknown;0
2025-07-02T06:03:00+02:00;38389_G;70;15;0;unknown;0
2025-07-02T06:03:00+02:00;39061;90;3;75;freeFlow;2
2025-07-02T06:03:00+02:00;39062;90;1;75;freeFlow;2
2025-07-02T06:03:00+02:00;39063;74;6;83;freeFlow;3
2025-07-02T06:03:00+02:00;39473;57;35;75;heavy;2
2025-07-02T06:03:00+02:00;39618;97;3;60;freeFlow;1
2025-07-02T06:03:00+02:00;39619;96;3;60;freeFlow;1
2025-07-02T06:03:00+02:00;39720_D;44;28;32;freeFlow;1
2025-07-02T06:03:00+02:00;39720_G;50;25;0;unknown;0
2025-07-02T06:03:00+02:00;39902_D;70;1;0;unknown;0
2025-07-02T06:03:00+02:00;39902_G;70;1;0;unknown;0
2025-07-02T06:03:00+02:00;39904_D;70;1;0;unknown;0
2025-07-02T06:03:00+02:00;39904_G;70;1;0;unknown;0
2025-07-02T06:03:00+02:00;39906_D;70;7;0;unknown;0
2025-07-02T06:03:00+02:00;39906_G;70;7;0;unknown;0
2025-07-02T06:03:00+02:00;40185_D;39;3;40;heavy;1
2025-07-02T06:03:00+02:00;40185_G;50;1;60;freeFlow;1
2025-07-02T06:03:00+02:00;40201;50;0;0;unknown;0
2025-07-02T06:03:00+02:00;40202;50;2;0;unknown;0
2025-07-02T06:03:00+02:00;40203;50;2;0;unknown;0
2025-07-02T06:03:00+02:00;40212_D;80;1;0;unknown;0
2025-07-02T06:03:00+02:00;40212_G;108;1;45;freeFlow;1
2025-07-02T06:03:00+02:00;40213_D;74;1;60;freeFlow;1
2025-07-02T06:03:00+02:00;40213_G;80;1;45;freeFlow;1
2025-07-02T06:03:00+02:00;41631_D;38;6;42;freeFlow;1
2025-07-02T06:03:00+02:00;41631_G;35;6;17;freeFlow;1
2025-07-02T06:03:00+02:00;41632_D;30;5;0;unknown;0
2025-07-02T06:03:00+02:00;41632_G;30;4;0;unknown;0
2025-07-02T06:03:00+02:00;41652_D;78;3;60;freeFlow;1
2025-07-02T06:03:00+02:00;41683_D;70;15;0;unknown;0
2025-07-02T06:03:00+02:00;41683_G;79;13;30;freeFlow;1
2025-07-02T06:03:00+02:00;41709_D;30;15;0;unknown;0
2025-07-02T06:03:00+02:00;41709_G;79;6;30;freeFlow;1
2025-07-02T06:03:00+02:00;41712_D;30;7;0;unknown;0
2025-07-02T06:03:00+02:00;41712_G;79;3;30;freeFlow;1
2025-07-02T06:03:00+02:00;41713_D;67;2;40;freeFlow;1
2025-07-02T06:03:00+02:00;41713_G;26;4;20;freeFlow;1
2025-07-02T06:03:00+02:00;41729;60;1;40;freeFlow;1
2025-07-02T06:03:00+02:00;41730;50;1;0;unknown;0
2025-07-02T06:03:00+02:00;41731;50;1;0;unknown;0
2025-07-02T06:03:00+02:00;41753_D;43;4;42;freeFlow;1
2025-07-02T06:03:00+02:00;41753_G;20;9;20;heavy;1
2025-07-02T06:03:00+02:00;41764_D;30;2;0;unknown;0
2025-07-02T06:03:00+02:00;41764_G;30;2;0;unknown;0
2025-07-02T06:03:00+02:00;41781;60;1;40;freeFlow;1
2025-07-02T06:03:00+02:00;41782;60;1;40;freeFlow;1
2025-07-02T06:03:00+02:00;41783;50;1;22;freeFlow;1
2025-07-02T06:03:00+02:00;41784;38;2;22;freeFlow;1
2025-07-02T06:03:00+02:00;41809_D;43;6;42;freeFlow;1
2025-07-02T06:03:00+02:00;41809_G;27;9;20;freeFlow;1
2025-07-02T06:03:00+02:00;41810_D;48;1;42;freeFlow;1
2025-07-02T06:03:00+02:00;41810_G;43;1;17;freeFlow;1
2025-07-02T06:03:00+02:00;41811_D;48;5;42;freeFlow;1
2025-07-02T06:03:00+02:00;41811_G;43;6;17;freeFlow;1
2025-07-02T06:03:00+02:00;41812_D;48;4;42;freeFlow;1
2025-07-02T06:03:00+02:00;41812_G;43;4;17;freeFlow;1
2025-07-02T06:03:00+02:00;41813_D;41;3;42;freeFlow;1
2025-07-02T06:03:00+02:00;41813_G;43;3;17;freeFlow;1
2025-07-02T06:03:00+02:00;41814_D;38;6;42;freeFlow;1
2025-07-02T06:03:00+02:00;41814_G;36;6;17;freeFlow;1
2025-07-02T06:03:00+02:00;41815_D;38;5;42;freeFlow;1
2025-07-02T06:03:00+02:00;41815_G;33;6;17;freeFlow;1
2025-07-02T06:03:00+02:00;41817_D;38;5;42;freeFlow;1
2025-07-02T06:03:00+02:00;41817_G;33;6;17;freeFlow;1
2025-07-02T06:03:00+02:00;41818_D;38;2;42;freeFlow;1
2025-07-02T06:03:00+02:00;41818_G;33;2;17;freeFlow;1
2025-07-02T06:03:00+02:00;42028;60;8;40;freeFlow;1
2025-07-02T06:03:00+02:00;42029;47;32;25;freeFlow;1
2025-07-02T06:03:00+02:00;42030;60;25;40;freeFlow;1
2025-07-02T06:03:00+02:00;42031;41;37;22;freeFlow;1
2025-07-02T06:03:00+02:00;42047;70;5;0;unknown;0
2025-07-02T06:03:00+02:00;42049;50;2;0;unknown;0
2025-07-02T06:03:00+02:00;42050;78;1;30;freeFlow;1
2025-07-02T06:03:00+02:00;42051;49;10;30;heavy;1
2025-07-02T06:03:00+02:00;42125_D;47;24;35;freeFlow;1
2025-07-02T06:03:00+02:00;42125_G;50;23;0;unknown;0
2025-07-02T06:03:00+02:00;42134;82;29;55;freeFlow;2
2025-07-02T06:03:00+02:00;42135;85;32;60;freeFlow;1
2025-07-02T06:03:00+02:00;42206_D;50;19;0;unknown;0
2025-07-02T06:03:00+02:00;42238_D;78;4;60;freeFlow;1
2025-07-02T06:03:00+02:00;42257;90;6;0;unknown;0
2025-07-02T06:03:00+02:00;42273_D;30;6;0;unknown;0
2025-07-02T06:03:00+02:00;42273_G;79;2;30;freeFlow;1
2025-07-02T06:03:00+02:00;42293_D;67;1;40;freeFlow;1
2025-07-02T06:03:00+02:00;42293_G;20;3;20;heavy;1
2025-07-02T06:03:00+02:00;42307_D;55;14;60;freeFlow;1
2025-07-02T06:03:00+02:00;42307_G;50;15;0;unknown;0
2025-07-02T06:03:00+02:00;42359;59;11;45;heavy;2
2025-07-02T06:03:00+02:00;42375;50;1;0;unknown;0
2025-07-02T06:03:00+02:00;42378_D;67;1;40;freeFlow;1
2025-07-02T06:03:00+02:00;42378_G;20;2;20;heavy;1
2025-07-02T06:03:00+02:00;42379;77;35;42;freeFlow;1
2025-07-02T06:03:00+02:00;42383;60;1;40;freeFlow;1
2025-07-02T06:03:00+02:00;42384;50;1;0;unknown;0
2025-07-02T06:03:00+02:00;42385;47;2;25;freeFlow;1
2025-07-02T06:03:00+02:00;42386;41;1;25;freeFlow;1
2025-07-02T06:03:00+02:00;42387;60;3;40;freeFlow;1
2025-07-02T06:03:00+02:00;42388;28;4;45;heavy;1
2025-07-02T06:03:00+02:00;42389;28;6;45;heavy;1
2025-07-02T06:03:00+02:00;42390;53;2;67;freeFlow;2
2025-07-02T06:03:00+02:00;42391;50;2;0;unknown;0
2025-07-02T06:03:00+02:00;42392;37;3;60;freeFlow;2
2025-07-02T06:03:00+02:00;42399;19;14;55;congested;2
2025-07-02T06:03:00+02:00;42401_D;50;26;0;unknown;0
2025-07-02T06:03:00+02:00;42401_G;50;26;0;unknown;0
2025-07-02T06:03:00+02:00;42572;59;1;60;freeFlow;2
2025-07-02T06:03:00+02:00;42573;50;1;22;freeFlow;1
2025-07-02T06:03:00+02:00;42580;20;6;40;congested;1
2025-07-02T06:03:00+02:00;42595_D;30;6;0;unknown;0
2025-07-02T06:03:00+02:00;42595_G;79;2;30;freeFlow;1
2025-07-02T06:03:00+02:00;42603;60;9;40;freeFlow;1
2025-07-02T06:03:00+02:00;42663_D;50;5;0;unknown;0
2025-07-02T06:03:00+02:00;42663_G;44;6;60;freeFlow;1
2025-07-02T06:03:00+02:00;42681_D;70;13;0;unknown;0
2025-07-02T06:03:00+02:00;42681_G;79;12;30;freeFlow;1
2025-07-02T06:03:00+02:00;42684_D;58;1;20;freeFlow;1
2025-07-02T06:03:00+02:00;42684_G;30;2;0;unknown;0
2025-07-02T06:03:00+02:00;42685;74;36;60;freeFlow;1
2025-07-02T06:03:00+02:00;42709_D;50;19;0;unknown;0
2025-07-02T06:03:00+02:00;42709_G;50;18;0;unknown;0
2025-07-02T06:03:00+02:00;42777_D;47;3;60;freeFlow;1
2025-07-02T06:03:00+02:00;42777_G;50;3;0;unknown;0
2025-07-02T06:03:00+02:00;42778_D;49;1;60;freeFlow;1
2025-07-02T06:03:00+02:00;42778_G;50;1;0;unknown;0
2025-07-02T06:03:00+02:00;42779;50;2;0;unknown;0
2025-07-02T06:03:00+02:00;42780_D;53;8;60;freeFlow;1
2025-07-02T06:03:00+02:00;42780_G;50;8;0;unknown;0
2025-07-02T06:03:00+02:00;42938_D;50;6;0;unknown;0
2025-07-02T06:03:00+02:00;42938_G;50;6;0;unknown;0
2025-07-02T06:03:00+02:00;42939_D;50;4;0;unknown;0
2025-07-02T06:03:00+02:00;42939_G;50;4;0;unknown;0
2025-07-02T06:03:00+02:00;42940_D;50;9;0;unknown;0
2025-07-02T06:03:00+02:00;42940_G;50;9;0;unknown;0
2025-07-02T06:03:00+02:00;42941_D;50;3;0;unknown;0
2025-07-02T06:03:00+02:00;42941_G;19;7;52;heavy;1
2025-07-02T06:03:00+02:00;42947_D;50;9;0;unknown;0
2025-07-02T06:03:00+02:00;42947_G;10;45;52;congested;1
2025-07-02T06:03:00+02:00;42948_D;50;5;0;unknown;0
2025-07-02T06:03:00+02:00;42948_G;10;24;55;congested;1
2025-07-02T06:03:00+02:00;42949_D;50;5;0;unknown;0
2025-07-02T06:03:00+02:00;42949_G;21;13;55;heavy;1
2025-07-02T06:03:00+02:00;42978_D;50;11;0;unknown;0
2025-07-02T06:03:00+02:00;42978_G;50;11;0;unknown;0
2025-07-02T06:03:00+02:00;42979_D;50;3;0;unknown;0
2025-07-02T06:03:00+02:00;42979_G;50;3;0;unknown;0
2025-07-02T06:03:00+02:00;42983_D;50;8;0;unknown;0
2025-07-02T06:03:00+02:00;42983_G;50;8;0;unknown;0
2025-07-02T06:03:00+02:00;42999_D;50;12;0;unknown;0
2025-07-02T06:03:00+02:00;42999_G;50;12;0;unknown;0
2025-07-02T06:03:00+02:00;43000_D;50;5;0;unknown;0
2025-07-02T06:03:00+02:00;43000_G;50;5;0;unknown;0
2025-07-02T06:03:00+02:00;43001_D;50;4;0;unknown;0
2025-07-02T06:03:00+02:00;43001_G;50;4;0;unknown;0
2025-07-02T06:03:00+02:00;43003_D;50;3;0;unknown;0
2025-07-02T06:03:00+02:00;43003_G;50;3;0;unknown;0
2025-07-02T06:03:00+02:00;43027_D;50;5;0;unknown;0
2025-07-02T06:03:00+02:00;43027_G;50;5;0;unknown;0
2025-07-02T06:03:00+02:00;43029_D;50;8;0;unknown;0
2025-07-02T06:03:00+02:00;43029_G;21;20;55;heavy;1
2025-07-02T06:03:00+02:00;43046_D;50;6;0;unknown;0
2025-07-02T06:03:00+02:00;43046_G;50;6;0;unknown;0
2025-07-02T06:03:00+02:00;43047_D;50;4;0;unknown;0
2025-07-02T06:03:00+02:00;43047_G;50;3;0;unknown;0
2025-07-02T06:03:00+02:00;43048_D;50;5;0;unknown;0
2025-07-02T06:03:00+02:00;43048_G;50;5;0;unknown;0
2025-07-02T06:03:00+02:00;43049_D;30;4;0;unknown;0
2025-07-02T06:03:00+02:00;43049_G;30;4;0;unknown;0
2025-07-02T06:03:00+02:00;43050_D;50;3;0;unknown;0
2025-07-02T06:03:00+02:00;43050_G;50;3;0;unknown;0
2025-07-02T06:03:00+02:00;43099;50;2;0;unknown;0
2025-07-02T06:03:00+02:00;43352_G;30;16;0;unknown;0
2025-07-02T06:03:00+02:00;43451_D;30;15;0;unknown;0
2025-07-02T06:03:00+02:00;43481;50;14;0;unknown;0
2025-07-02T06:03:00+02:00;43627;38;17;48;freeFlow;1
2025-07-02T06:03:00+02:00;43658_D;55;3;42;freeFlow;1
2025-07-02T06:03:00+02:00;43658_G;50;4;0;unknown;0
2025-07-02T06:03:00+02:00;43718_D;50;3;0;unknown;0
2025-07-02T06:03:00+02:00;43718_G;50;3;0;unknown;0
2025-07-02T06:03:00+02:00;43719_D;50;9;0;unknown;0
2025-07-02T06:03:00+02:00;43719_G;50;9;0;unknown;0
2025-07-02T06:03:00+02:00;43720_D;50;4;0;unknown;0
2025-07-02T06:03:00+02:00;43720_G;50;4;0;unknown;0
2025-07-02T06:03:00+02:00;43724_D;50;8;0;unknown;0
2025-07-02T06:03:00+02:00;43724_G;50;8;0;unknown;0
2025-07-02T06:03:00+02:00;43733_D;50;4;0;unknown;0
2025-07-02T06:03:00+02:00;43733_G;50;4;0;unknown;0
2025-07-02T06:03:00+02:00;43736_D;50;4;0;unknown;0
2025-07-02T06:03:00+02:00;43736_G;50;4;0;unknown;0
2025-07-02T06:03:00+02:00;43739_D;50;6;0;unknown;0
2025-07-02T06:03:00+02:00;43739_G;50;7;0;unknown;0
2025-07-02T06:03:00+02:00;43740_D;50;6;0;unknown;0
2025-07-02T06:03:00+02:00;43740_G;50;6;0;unknown;0
2025-07-02T06:03:00+02:00;43741_D;50;1;0;unknown;0
2025-07-02T06:03:00+02:00;43741_G;50;0;0;unknown;0
2025-07-02T06:03:00+02:00;43742_D;50;7;0;unknown;0
2025-07-02T06:03:00+02:00;43742_G;50;7;0;unknown;0
2025-07-02T06:03:00+02:00;43743_G;50;25;0;unknown;0
2025-07-02T06:03:00+02:00;43744_D;50;5;0;unknown;0
2025-07-02T06:03:00+02:00;43744_G;50;5;0;unknown;0
2025-07-02T06:03:00+02:00;43748;30;7;0;unknown;0
2025-07-02T06:03:00+02:00;43757;50;2;0;unknown;0
2025-07-02T06:03:00+02:00;43758;50;6;0;unknown;0
2025-07-02T06:03:00+02:00;43786_D;50;12;0;unknown;0
2025-07-02T06:03:00+02:00;43786_G;50;12;0;unknown;0
2025-07-02T06:03:00+02:00;43787_D;50;3;0;unknown;0
2025-07-02T06:03:00+02:00;43787_G;50;3;0;unknown;0
2025-07-02T06:03:00+02:00;43788_D;50;2;0;unknown;0
2025-07-02T06:03:00+02:00;43788_G;50;2;0;unknown;0
2025-07-02T06:03:00+02:00;43789_D;50;5;0;unknown;0
2025-07-02T06:03:00+02:00;43789_G;50;6;0;unknown;0
2025-07-02T06:03:00+02:00;43790_D;50;5;0;unknown;0
2025-07-02T06:03:00+02:00;43790_G;50;5;0;unknown;0
2025-07-02T06:03:00+02:00;43791_D;50;3;0;unknown;0
2025-07-02T06:03:00+02:00;43791_G;50;3;0;unknown;0
2025-07-02T06:03:00+02:00;43792_D;50;7;0;unknown;0
2025-07-02T06:03:00+02:00;43792_G;50;6;0;unknown;0
2025-07-02T06:03:00+02:00;43814_D;50;14;0;unknown;0
2025-07-02T06:03:00+02:00;43814_G;50;14;0;unknown;0
2025-07-02T06:03:00+02:00;43815_D;50;7;0;unknown;0
2025-07-02T06:03:00+02:00;43815_G;50;7;0;unknown;0
2025-07-02T06:03:00+02:00;43817_D;50;14;0;unknown;0
2025-07-02T06:03:00+02:00;43817_G;50;14;0;unknown;0
2025-07-02T06:03:00+02:00;43819;30;15;0;unknown;0
2025-07-02T06:03:00+02:00;43821;50;5;0;unknown;0
2025-07-02T06:03:00+02:00;43828_D;50;11;0;unknown;0
2025-07-02T06:03:00+02:00;43828_G;50;11;0;unknown;0
2025-07-02T06:03:00+02:00;43835_D;50;7;0;unknown;0
2025-07-02T06:03:00+02:00;43835_G;50;7;0;unknown;0
2025-07-02T06:03:00+02:00;43836;50;10;0;unknown;0
2025-07-02T06:03:00+02:00;43871_D;50;4;0;unknown;0
2025-07-02T06:03:00+02:00;43871_G;20;10;57;heavy;1
2025-07-02T06:03:00+02:00;43872_D;50;4;0;unknown;0
2025-07-02T06:03:00+02:00;43872_G;12;18;57;congested;1
2025-07-02T06:03:00+02:00;43873_D;50;5;0;unknown;0
2025-07-02T06:03:00+02:00;43873_G;50;5;0;unknown;0
2025-07-02T06:03:00+02:00;43925_D;50;5;0;unknown;0
2025-07-02T06:03:00+02:00;43925_G;26;10;55;heavy;1
2025-07-02T06:03:00+02:00;43937_D;50;6;0;unknown;0
2025-07-02T06:03:00+02:00;43937_G;50;6;0;unknown;0
2025-07-02T06:03:00+02:00;43938_D;50;20;0;unknown;0
2025-07-02T06:03:00+02:00;43938_G;50;20;0;unknown;0
2025-07-02T06:03:00+02:00;43972;50;7;0;unknown;0
2025-07-02T06:03:00+02:00;43974;50;10;0;unknown;0
2025-07-02T06:03:00+02:00;43975;50;4;0;unknown;0
2025-07-02T06:03:00+02:00;44002_D;50;9;0;unknown;0
2025-07-02T06:03:00+02:00;44002_G;37;12;38;freeFlow;1
2025-07-02T06:03:00+02:00;44003_D;50;8;0;unknown;0
2025-07-02T06:03:00+02:00;44012;50;13;0;unknown;0
2025-07-02T06:03:00+02:00;44017_D;50;3;0;unknown;0
2025-07-02T06:03:00+02:00;44018_D;50;11;0;unknown;0
2025-07-02T06:03:00+02:00;44028;50;5;0;unknown;0
2025-07-02T06:03:00+02:00;44036_D;50;2;0;unknown;0
2025-07-02T06:03:00+02:00;44036_G;39;3;38;freeFlow;1
2025-07-02T06:03:00+02:00;44066;50;4;0;unknown;0
2025-07-02T06:03:00+02:00;44067;50;15;0;unknown;0
2025-07-02T06:03:00+02:00;44069;50;4;0;unknown;0
2025-07-02T06:03:00+02:00;44084_D;50;5;0;unknown;0
2025-07-02T06:03:00+02:00;44084_G;50;5;0;unknown;0
2025-07-02T06:03:00+02:00;44089_D;50;6;0;unknown;0
2025-07-02T06:03:00+02:00;44089_G;50;6;0;unknown;0
2025-07-02T06:03:00+02:00;44090_D;50;5;0;unknown;0
2025-07-02T06:03:00+02:00;44090_G;50;5;0;unknown;0
2025-07-02T06:03:00+02:00;44131;50;12;0;unknown;0
2025-07-02T06:03:00+02:00;44134;50;9;0;unknown;0
2025-07-02T06:03:00+02:00;44165_D;50;5;0;unknown;0
2025-07-02T06:03:00+02:00;44165_G;50;5;0;unknown;0
2025-07-02T06:03:00+02:00;44198_D;50;14;0;unknown;0
2025-07-02T06:03:00+02:00;44198_G;50;14;0;unknown;0
2025-07-02T06:03:00+02:00;44199_D;50;5;0;unknown;0
2025-07-02T06:03:00+02:00;44199_G;50;5;0;unknown;0
2025-07-02T06:03:00+02:00;44231_D;50;5;0;unknown;0
2025-07-02T06:03:00+02:00;44231_G;50;5;0;unknown;0
2025-07-02T06:03:00+02:00;44232_D;50;4;0;unknown;0
2025-07-02T06:03:00+02:00;44232_G;50;4;0;unknown;0
2025-07-02T06:03:00+02:00;44234_D;50;7;0;unknown;0
2025-07-02T06:03:00+02:00;44234_G;50;7;0;unknown;0
2025-07-02T06:03:00+02:00;44259_D;50;2;0;unknown;0
2025-07-02T06:03:00+02:00;44259_G;50;2;0;unknown;0
2025-07-02T06:03:00+02:00;44260;50;8;0;unknown;0
2025-07-02T06:03:00+02:00;44261_D;50;9;0;unknown;0
2025-07-02T06:03:00+02:00;44261_G;50;9;0;unknown;0
2025-07-02T06:03:00+02:00;44293;50;5;0;unknown;0
2025-07-02T06:03:00+02:00;44303_D;50;2;0;unknown;0
2025-07-02T06:03:00+02:00;44303_G;50;2;0;unknown;0
2025-07-02T06:03:00+02:00;44304_D;50;9;0;unknown;0
2025-07-02T06:03:00+02:00;44304_G;50;9;0;unknown;0
2025-07-02T06:03:00+02:00;44322_D;50;44;0;unknown;0
2025-07-02T06:03:00+02:00;44322_G;50;44;0;unknown;0
2025-07-02T06:03:00+02:00;44328;50;10;0;unknown;0
2025-07-02T06:03:00+02:00;44583_D;50;7;0;unknown;0
2025-07-02T06:03:00+02:00;44583_G;50;7;0;unknown;0
2025-07-02T06:03:00+02:00;44584_D;50;10;0;unknown;0
2025-07-02T06:03:00+02:00;44584_G;50;10;0;unknown;0
2025-07-02T06:03:00+02:00;44632_D;50;20;0;unknown;0
2025-07-02T06:03:00+02:00;44632_G;50;20;0;unknown;0
2025-07-02T06:03:00+02:00;44694_D;50;12;0;unknown;0
2025-07-02T06:03:00+02:00;44694_G;34;18;57;heavy;1
2025-07-02T06:03:00+02:00;44695_D;50;2;0;unknown;0
2025-07-02T06:03:00+02:00;44695_G;25;4;57;heavy;1
2025-07-02T06:03:00+02:00;44711_D;50;13;0;unknown;0
2025-07-02T06:03:00+02:00;44711_G;50;13;0;unknown;0
2025-07-02T06:03:00+02:00;44712_D;50;5;0;unknown;0
2025-07-02T06:03:00+02:00;44712_G;50;5;0;unknown;0
2025-07-02T06:03:00+02:00;44714_D;50;1;0;unknown;0
2025-07-02T06:03:00+02:00;44714_G;42;1;60;freeFlow;1
2025-07-02T06:03:00+02:00;44736_D;50;2;0;unknown;0
2025-07-02T06:03:00+02:00;44736_G;50;2;0;unknown;0
2025-07-02T06:03:00+02:00;44868;74;6;12;freeFlow;1
2025-07-02T06:03:00+02:00;44873;50;3;0;unknown;0
2025-07-02T06:03:00+02:00;44874;83;5;20;freeFlow;1
2025-07-02T06:03:00+02:00;44875;50;8;0;unknown;0
2025-07-02T06:03:00+02:00;44877;83;5;20;freeFlow;1
2025-07-02T06:03:00+02:00;44878;70;13;0;unknown;0
2025-07-02T06:03:00+02:00;44880;92;16;95;freeFlow;3
2025-07-02T06:03:00+02:00;44882;99;10;60;freeFlow;1
2025-07-02T06:03:00+02:00;44884;80;17;60;freeFlow;1
2025-07-02T06:03:00+02:00;44900;65;23;12;freeFlow;1
2025-07-02T06:03:00+02:00;44902_D;50;33;0;unknown;0
2025-07-02T06:03:00+02:00;44902_G;50;33;0;unknown;0
2025-07-02T06:03:00+02:00;44905;83;8;20;freeFlow;1
2025-07-02T06:03:00+02:00;44920;90;2;100;freeFlow;4
2025-07-02T06:03:00+02:00;44942;42;27;42;freeFlow;1
2025-07-02T06:03:00+02:00;44948;101;10;60;freeFlow;1
2025-07-02T06:03:00+02:00;44961;22;14;50;freeFlow;1
2025-07-02T06:03:00+02:00;44962;30;8;0;unknown;0
2025-07-02T06:03:00+02:00;44963;50;2;0;unknown;0
2025-07-02T06:03:00+02:00;44966;92;11;100;freeFlow;3
2025-07-02T06:03:00+02:00;44974;23;6;50;heavy;1
2025-07-02T06:03:00+02:00;45012_D;50;1;0;unknown;0
2025-07-02T06:03:00+02:00;45012_G;50;1;0;unknown;0
2025-07-02T06:03:00+02:00;45028_D;50;17;0;unknown;0
2025-07-02T06:03:00+02:00;45028_G;50;17;0;unknown;0
2025-07-02T06:03:00+02:00;45029_D;50;7;0;unknown;0
2025-07-02T06:03:00+02:00;45029_G;50;7;0;unknown;0
2025-07-02T06:03:00+02:00;45106_D;50;3;0;unknown;0
2025-07-02T06:03:00+02:00;45106_G;50;3;0;unknown;0
2025-07-02T06:03:00+02:00;45136_D;50;16;0;unknown;0
2025-07-02T06:03:00+02:00;45149;55;9;60;freeFlow;1
2025-07-02T06:03:00+02:00;45166;66;1;60;freeFlow;1
2025-07-02T06:03:00+02:00;45169;51;2;38;freeFlow;1
2025-07-02T06:03:00+02:00;45236_G;50;10;0;unknown;0
2025-07-02T06:03:00+02:00;45238;50;12;0;unknown;0
2025-07-02T06:03:00+02:00;45239;30;16;0;unknown;0
2025-07-02T06:03:00+02:00;45240;90;6;0;unknown;0
2025-07-02T06:03:00+02:00;45241;90;1;0;unknown;0
2025-07-02T06:03:00+02:00;45305;90;3;0;unknown;0
2025-07-02T06:03:00+02:00;45306;90;7;0;unknown;0
2025-07-02T06:03:00+02:00;45327;87;7;75;freeFlow;2
2025-07-02T06:03:00+02:00;45486_D;50;4;0;unknown;0
2025-07-02T06:03:00+02:00;45487_D;50;5;0;unknown;0
2025-07-02T06:03:00+02:00;45630;79;14;60;freeFlow;1
2025-07-02T06:03:00+02:00;45645_D;50;11;0;unknown;0
2025-07-02T06:03:00+02:00;45651;50;3;0;unknown;0
2025-07-02T06:03:00+02:00;45761_D;50;6;0;unknown;0
2025-07-02T06:03:00+02:00;45865_D;50;7;0;unknown;0
2025-07-02T06:03:00+02:00;46053_D;50;8;0;unknown;0
2025-07-02T06:03:00+02:00;46056_D;50;2;0;unknown;0
2025-07-02T06:03:00+02:00;46061;50;4;0;unknown;0
2025-07-02T06:03:00+02:00;46567_D;50;2;0;unknown;0
2025-07-02T06:03:00+02:00;46642;50;5;0;unknown;0
2025-07-02T06:03:00+02:00;46771;80;10;74;freeFlow;2
2025-07-02T06:03:00+02:00;46821_D;50;16;0;unknown;0
2025-07-02T06:03:00+02:00;46821_G;36;23;35;freeFlow;1
2025-07-02T06:03:00+02:00;46923_D;30;1;0;unknown;0
2025-07-02T06:03:00+02:00;46923_G;33;1;32;freeFlow;1
2025-07-02T06:03:00+02:00;46976;50;4;0;unknown;0
2025-07-02T06:03:00+02:00;47029;19;20;75;heavy;2
2025-07-02T06:03:00+02:00;47061;84;22;100;freeFlow;3
2025-07-02T06:03:00+02:00;47239;87;6;75;freeFlow;2
2025-07-02T06:03:00+02:00;47410;90;15;100;freeFlow;3
2025-07-02T06:03:00+02:00;47411;120;11;60;freeFlow;1
2025-07-02T06:03:00+02:00;47412;70;0;0;unknown;0
2025-07-02T06:03:00+02:00;47413;70;7;0;unknown;0
2025-07-02T06:03:00+02:00;47414;70;1;0;unknown;0
2025-07-02T06:03:00+02:00;47416;94;13;100;freeFlow;3
2025-07-02T06:03:00+02:00;47418;120;13;60;freeFlow;1
2025-07-02T06:03:00+02:00;47420;70;13;0;unknown;0
2025-07-02T06:03:00+02:00;47476;70;8;0;unknown;0
2025-07-02T06:03:00+02:00;47477;70;3;0;unknown;0
2025-07-02T06:03:00+02:00;47479;70;14;0;unknown;0
2025-07-02T06:03:00+02:00;47480;79;57;100;freeFlow;3
2025-07-02T06:03:00+02:00;47481;120;38;60;freeFlow;1
2025-07-02T06:03:00+02:00;47537_D;50;6;0;unknown;0
2025-07-02T06:03:00+02:00;47537_G;50;6;0;unknown;0
2025-07-02T06:03:00+02:00;47742_D;50;5;0;unknown;0
2025-07-02T06:03:00+02:00;48758;46;2;10;freeFlow;1
2025-07-02T06:03:00+02:00;48759;20;3;32;heavy;1
2025-07-02T06:03:00+02:00;48920_D;50;5;0;unknown;0
2025-07-02T06:03:00+02:00;48920_G;10;25;52;congested;1
2025-07-02T06:03:00+02:00;489866_D;50;3;0;unknown;0
2025-07-02T06:03:00+02:00;489970;70;13;0;unknown;0
2025-07-02T06:03:00+02:00;489971;70;2;0;unknown;0
2025-07-02T06:03:00+02:00;489972;94;5;75;freeFlow;2
2025-07-02T06:03:00+02:00;490059_D;70;13;0;unknown;0
2025-07-02T06:03:00+02:00;490059_G;70;13;0;unknown;0
2025-07-02T06:03:00+02:00;490080_D;50;1;0;unknown;0
2025-07-02T06:03:00+02:00;490080_G;50;1;0;unknown;0
2025-07-02T06:03:00+02:00;49026;66;1;60;freeFlow;1
2025-07-02T06:03:00+02:00;49053;50;11;0;unknown;0
2025-07-02T06:03:00+02:00;490823;70;11;0;unknown;0
2025-07-02T06:03:00+02:00;490824;70;5;0;unknown;0
2025-07-02T06:03:00+02:00;490825;70;11;0;unknown;0
2025-07-02T06:03:00+02:00;490827;70;6;0;unknown;0
2025-07-02T06:03:00+02:00;490828_D;30;17;0;unknown;0
2025-07-02T06:03:00+02:00;490828_G;30;17;0;unknown;0
2025-07-02T06:03:00+02:00;491005_D;50;3;0;unknown;0
2025-07-02T06:03:00+02:00;491005_G;50;3;0;unknown;0
2025-07-02T06:03:00+02:00;491126_D;30;14;0;unknown;0
2025-07-02T06:03:00+02:00;491126_G;30;15;0;unknown;0
2025-07-02T06:03:00+02:00;491135;50;3;0;unknown;0
2025-07-02T06:03:00+02:00;491141;50;2;0;unknown;0
2025-07-02T06:03:00+02:00;491300_D;50;13;0;unknown;0
2025-07-02T06:03:00+02:00;491300_G;50;13;0;unknown;0
2025-07-02T06:03:00+02:00;491308;50;1;0;unknown;0
2025-07-02T06:03:00+02:00;491320_D;50;6;0;unknown;0
2025-07-02T06:03:00+02:00;491320_G;50;6;0;unknown;0
2025-07-02T06:03:00+02:00;491326_D;50;11;0;unknown;0
2025-07-02T06:03:00+02:00;491326_G;50;11;0;unknown;0
2025-07-02T06:03:00+02:00;491329_D;50;4;0;unknown;0
2025-07-02T06:03:00+02:00;491329_G;50;4;0;unknown;0
2025-07-02T06:03:00+02:00;491490;50;4;0;unknown;0
2025-07-02T06:03:00+02:00;491714_D;30;8;0;unknown;0
2025-07-02T06:03:00+02:00;491714_G;33;8;32;freeFlow;1
2025-07-02T06:03:00+02:00;491735_D;30;4;0;unknown;0
2025-07-02T06:03:00+02:00;491735_G;33;5;32;freeFlow;1
2025-07-02T06:03:00+02:00;491794_D;50;3;0;unknown;0
2025-07-02T06:03:00+02:00;491794_G;50;3;0;unknown;0
2025-07-02T06:03:00+02:00;491872;39;16;32;freeFlow;1
2025-07-02T06:03:00+02:00;491877;29;4;32;heavy;1
2025-07-02T06:03:00+02:00;491881;34;1;32;heavy;1
2025-07-02T06:03:00+02:00;491884;46;1;10;freeFlow;1
2025-07-02T06:03:00+02:00;491888;59;15;12;freeFlow;1
2025-07-02T06:03:00+02:00;491890;50;1;0;unknown;0
2025-07-02T06:03:00+02:00;491917;70;2;0;unknown;0
2025-07-02T06:03:00+02:00;49225_D;50;6;0;unknown;0
2025-07-02T06:03:00+02:00;49225_G;50;6;0;unknown;0
2025-07-02T06:03:00+02:00;492315_D;50;29;0;unknown;0
2025-07-02T06:03:00+02:00;492315_G;50;29;0;unknown;0
2025-07-02T06:03:00+02:00;492351_D;50;2;0;unknown;0
2025-07-02T06:03:00+02:00;492359_G;50;5;0;unknown;0
2025-07-02T06:03:00+02:00;492437;69;3;60;freeFlow;1
2025-07-02T06:03:00+02:00;492442;17;2;27;heavy;1
2025-07-02T06:03:00+02:00;492445_D;52;12;60;freeFlow;1
2025-07-02T06:03:00+02:00;492478;60;2;71;freeFlow;2
2025-07-02T06:03:00+02:00;492492;10;32;48;congested;1
2025-07-02T06:03:00+02:00;49315_D;50;4;0;unknown;0
2025-07-02T06:03:00+02:00;49315_G;10;19;52;congested;1
2025-07-02T06:03:00+02:00;49943_D;50;14;0;unknown;0
2025-07-02T06:03:00+02:00;49943_G;50;14;0;unknown;0
2025-07-02T06:03:00+02:00;49947;8;22;10;congested;1
2025-07-02T06:03:00+02:00;49958_D;50;5;0;unknown;0
2025-07-02T06:03:00+02:00;49958_G;50;5;0;unknown;0
2025-07-02T06:03:00+02:00;50308_D;50;5;0;unknown;0
2025-07-02T06:03:00+02:00;50441;45;5;75;freeFlow;2
2025-07-02T06:03:00+02:00;50525;48;5;60;freeFlow;1
2025-07-02T06:03:00+02:00;50571;50;2;0;unknown;0
2025-07-02T06:03:00+02:00;50625;50;4;0;unknown;0
2025-07-02T06:03:00+02:00;5064_D;51;10;50;freeFlow;1
2025-07-02T06:03:00+02:00;5064_G;72;7;60;freeFlow;1
2025-07-02T06:03:00+02:00;51419;50;15;0;unknown;0
2025-07-02T06:03:00+02:00;51474_D;50;1;0;unknown;0
2025-07-02T06:03:00+02:00;51474_G;50;1;0;unknown;0
2025-07-02T06:03:00+02:00;51798;25;3;60;heavy;1
2025-07-02T06:03:00+02:00;52107_D;50;9;0;unknown;0
2025-07-02T06:03:00+02:00;52107_G;47;10;32;freeFlow;1
2025-07-02T06:03:00+02:00;52129;50;6;0;unknown;0
2025-07-02T06:03:00+02:00;52835_D;50;3;0;unknown;0
2025-07-02T06:03:00+02:00;53020_D;50;2;0;unknown;0
2025-07-02T06:03:00+02:00;53327_D;53;7;38;freeFlow;1
2025-07-02T06:03:00+02:00;53327_G;50;7;0;unknown;0
2025-07-02T06:03:00+02:00;53411_G;50;7;0;unknown;0
2025-07-02T06:03:00+02:00;53428;86;55;60;freeFlow;1
2025-07-02T06:03:00+02:00;53539_D;50;4;0;unknown;0
2025-07-02T06:03:00+02:00;53566;50;2;0;unknown;0
2025-07-02T06:03:00+02:00;53623;35;3;75;freeFlow;2
2025-07-02T06:03:00+02:00;53624;30;2;60;heavy;1
2025-07-02T06:03:00+02:00;53625;50;1;0;unknown;0
2025-07-02T06:03:00+02:00;53634_D;30;2;0;unknown;0
2025-07-02T06:03:00+02:00;53634_G;30;2;0;unknown;0
2025-07-02T06:03:00+02:00;53641_D;50;9;0;unknown;0
2025-07-02T06:03:00+02:00;53641_G;50;9;0;unknown;0
2025-07-02T06:03:00+02:00;53652;50;15;0;unknown;0
2025-07-02T06:03:00+02:00;53659;50;4;0;unknown;0
2025-07-02T06:03:00+02:00;53702;95;4;100;freeFlow;4
2025-07-02T06:03:00+02:00;53892;59;1;60;freeFlow;1
2025-07-02T06:03:00+02:00;53893;53;12;60;freeFlow;1
2025-07-02T06:03:00+02:00;53895;33;10;60;heavy;1
2025-07-02T06:03:00+02:00;53896;47;9;60;freeFlow;1
2025-07-02T06:03:00+02:00;53898;44;13;75;freeFlow;2
2025-07-02T06:03:00+02:00;53900;22;26;57;heavy;1
2025-07-02T06:03:00+02:00;53901;37;7;57;freeFlow;1
2025-07-02T06:03:00+02:00;53903;40;5;57;freeFlow;1
2025-07-02T06:03:00+02:00;53904;36;4;50;freeFlow;1
2025-07-02T06:03:00+02:00;53905;36;11;59;freeFlow;1
2025-07-02T06:03:00+02:00;53908;57;2;52;freeFlow;1
2025-07-02T06:03:00+02:00;53910;42;7;52;freeFlow;1
2025-07-02T06:03:00+02:00;53912;43;7;52;freeFlow;1
2025-07-02T06:03:00+02:00;53915;54;10;68;freeFlow;2
2025-07-02T06:03:00+02:00;53918;51;9;55;freeFlow;1
2025-07-02T06:03:00+02:00;53919;58;3;70;freeFlow;2
2025-07-02T06:03:00+02:00;53921;47;12;55;freeFlow;1
2025-07-02T06:03:00+02:00;53922;57;3;55;freeFlow;1
2025-07-02T06:03:00+02:00;53923;57;9;60;freeFlow;1
2025-07-02T06:03:00+02:00;53925_D;70;4;0;unknown;0
2025-07-02T06:03:00+02:00;53925_G;70;4;0;unknown;0
2025-07-02T06:03:00+02:00;53936;54;17;12;freeFlow;1
2025-07-02T06:03:00+02:00;53938;50;6;0;unknown;0
2025-07-02T06:03:00+02:00;53939;66;21;75;freeFlow;2
2025-07-02T06:03:00+02:00;53941;64;8;75;freeFlow;2
2025-07-02T06:03:00+02:00;53942;62;4;75;freeFlow;2
2025-07-02T06:03:00+02:00;53944;20;2;32;heavy;1
2025-07-02T06:03:00+02:00;53945;70;7;0;unknown;0
2025-07-02T06:03:00+02:00;53946;20;3;32;heavy;1
2025-07-02T06:03:00+02:00;53947;20;2;32;heavy;1
2025-07-02T06:03:00+02:00;53948;90;3;0;unknown;0
2025-07-02T06:03:00+02:00;53949;90;2;0;unknown;0
2025-07-02T06:03:00+02:00;53950;114;33;25;freeFlow;1
2025-07-02T06:03:00+02:00;53952_D;50;2;0;unknown;0
2025-07-02T06:03:00+02:00;53952_G;21;7;55;heavy;1
2025-07-02T06:03:00+02:00;53959;107;33;52;freeFlow;1
2025-07-02T06:03:00+02:00;53961;108;53;64;freeFlow;2
2025-07-02T06:03:00+02:00;53987;66;1;60;freeFlow;1
2025-07-02T06:03:00+02:00;53990;51;5;38;freeFlow;1
2025-07-02T06:03:00+02:00;54067;75;13;100;freeFlow;3
2025-07-02T06:03:00+02:00;54134;50;16;0;unknown;0
2025-07-02T06:03:00+02:00;54138;50;21;0;unknown;0
2025-07-02T06:03:00+02:00;54140;50;40;0;unknown;0
2025-07-02T06:03:00+02:00;54144;50;3;0;unknown;0
2025-07-02T06:03:00+02:00;54150;50;18;0;unknown;0
2025-07-02T06:03:00+02:00;54153;8;112;10;congested;1
2025-07-02T06:03:00+02:00;54154;32;33;10;heavy;1
2025-07-02T06:03:00+02:00;54155;50;22;0;unknown;0
2025-07-02T06:03:00+02:00;54161;50;4;0;unknown;0
2025-07-02T06:03:00+02:00;54187_D;30;11;0;unknown;0
2025-07-02T06:03:00+02:00;54187_G;30;12;0;unknown;0
2025-07-02T06:03:00+02:00;54189_D;30;13;0;unknown;0
2025-07-02T06:03:00+02:00;54189_G;30;14;0;unknown;0
2025-07-02T06:03:00+02:00;54191_D;30;10;0;unknown;0
2025-07-02T06:03:00+02:00;54191_G;30;9;0;unknown;0
2025-07-02T06:03:00+02:00;54197;50;15;0;unknown;0
2025-07-02T06:03:00+02:00;54198;50;4;0;unknown;0
2025-07-02T06:03:00+02:00;54206;30;19;40;heavy;1
2025-07-02T06:03:00+02:00;54208;42;1;38;freeFlow;1
2025-07-02T06:03:00+02:00;54212;50;32;0;unknown;0
2025-07-02T06:03:00+02:00;54223_D;30;2;0;unknown;0
2025-07-02T06:03:00+02:00;54223_G;30;2;0;unknown;0
2025-07-02T06:03:00+02:00;54227;120;8;60;freeFlow;1
2025-07-02T06:03:00+02:00;54234;50;1;0;unknown;0
2025-07-02T06:03:00+02:00;54239;50;1;0;unknown;0
2025-07-02T06:03:00+02:00;54240;66;5;60;freeFlow;1
2025-07-02T06:03:00+02:00;54241;39;2;38;freeFlow;1
2025-07-02T06:03:00+02:00;54243;35;16;38;freeFlow;1
2025-07-02T06:03:00+02:00;54297;51;16;60;freeFlow;1
2025-07-02T06:03:00+02:00;54339;50;19;0;unknown;0
2025-07-02T06:03:00+02:00;54340;50;6;0;unknown;0
2025-07-02T06:03:00+02:00;54358_D;50;14;0;unknown;0
2025-07-02T06:03:00+02:00;54358_G;53;13;38;freeFlow;1
2025-07-02T06:03:00+02:00;54363;50;9;0;unknown;0
2025-07-02T06:03:00+02:00;54365;50;6;0;unknown;0
2025-07-02T06:03:00+02:00;54367;50;8;0;unknown;0
2025-07-02T06:03:00+02:00;54368;50;2;0;unknown;0
2025-07-02T06:03:00+02:00;54369;74;16;60;freeFlow;1
2025-07-02T06:03:00+02:00;54372;50;1;0;unknown;0
2025-07-02T06:03:00+02:00;54375;36;19;60;freeFlow;1
2025-07-02T06:03:00+02:00;54376;6;33;0;unknown;0
2025-07-02T06:03:00+02:00;54378;27;12;50;heavy;1
2025-07-02T06:03:00+02:00;54381;39;8;60;freeFlow;1
2025-07-02T06:03:00+02:00;54382;35;6;45;heavy;1
2025-07-02T06:03:00+02:00;54383;43;19;52;freeFlow;1
2025-07-02T06:03:00+02:00;54384;34;8;42;heavy;1
2025-07-02T06:03:00+02:00;54385;43;6;0;unknown;0
2025-07-02T06:03:00+02:00;54386;50;1;0;unknown;0
2025-07-02T06:03:00+02:00;54400;50;11;0;unknown;0
2025-07-02T06:03:00+02:00;54401;50;2;0;unknown;0
2025-07-02T06:03:00+02:00;54406;50;52;0;unknown;0
2025-07-02T06:03:00+02:00;54428_D;50;12;0;unknown;0
2025-07-02T06:03:00+02:00;54428_G;50;12;0;unknown;0
2025-07-02T06:03:00+02:00;54429_D;50;13;0;unknown;0
2025-07-02T06:03:00+02:00;54429_G;50;13;0;unknown;0
2025-07-02T06:03:00+02:00;54438_D;50;1;0;unknown;0
2025-07-02T06:03:00+02:00;54438_G;50;1;0;unknown;0
2025-07-02T06:03:00+02:00;54440_D;50;6;0;unknown;0
2025-07-02T06:03:00+02:00;54440_G;50;6;0;unknown;0
2025-07-02T06:03:00+02:00;54444_D;50;1;0;unknown;0
2025-07-02T06:03:00+02:00;54444_G;50;1;0;unknown;0
2025-07-02T06:03:00+02:00;54447_D;50;11;0;unknown;0
2025-07-02T06:03:00+02:00;54447_G;50;11;0;unknown;0
2025-07-02T06:03:00+02:00;54448_D;50;3;0;unknown;0
2025-07-02T06:03:00+02:00;54448_G;50;3;0;unknown;0
2025-07-02T06:03:00+02:00;54449_D;50;10;0;unknown;0
2025-07-02T06:03:00+02:00;54449_G;50;10;0;unknown;0
2025-07-02T06:03:00+02:00;54453_D;50;3;0;unknown;0
2025-07-02T06:03:00+02:00;54453_G;50;3;0;unknown;0
2025-07-02T06:03:00+02:00;54455;50;2;0;unknown;0
2025-07-02T06:03:00+02:00;54457;50;8;0;unknown;0
2025-07-02T06:03:00+02:00;54460;50;5;0;unknown;0
2025-07-02T06:03:00+02:00;54463_D;50;6;0;unknown;0
2025-07-02T06:03:00+02:00;54463_G;50;6;0;unknown;0
2025-07-02T06:03:00+02:00;54466_D;50;15;0;unknown;0
2025-07-02T06:03:00+02:00;54466_G;44;19;35;freeFlow;1
2025-07-02T06:03:00+02:00;54469;50;2;0;unknown;0
2025-07-02T06:03:00+02:00;54471;50;9;0;unknown;0
2025-07-02T06:03:00+02:00;54472;22;18;38;heavy;1
2025-07-02T06:03:00+02:00;54473;42;1;38;freeFlow;1
2025-07-02T06:03:00+02:00;54483;50;30;0;unknown;0
2025-07-02T06:03:00+02:00;54489;50;1;0;unknown;0
2025-07-02T06:03:00+02:00;54490;50;4;0;unknown;0
2025-07-02T06:03:00+02:00;54492;50;3;0;unknown;0
2025-07-02T06:03:00+02:00;54505;50;15;0;unknown;0
2025-07-02T06:03:00+02:00;54509;50;6;0;unknown;0
2025-07-02T06:03:00+02:00;54518;50;3;0;unknown;0
2025-07-02T06:03:00+02:00;54522;50;2;0;unknown;0
2025-07-02T06:03:00+02:00;54523;30;3;0;unknown;0
2025-07-02T06:03:00+02:00;54524;30;1;0;unknown;0
2025-07-02T06:03:00+02:00;54580_D;50;11;0;unknown;0
2025-07-02T06:03:00+02:00;54877;50;15;0;unknown;0
2025-07-02T06:03:00+02:00;54879;50;15;0;unknown;0
2025-07-02T06:03:00+02:00;54880_D;50;20;0;unknown;0
2025-07-02T06:03:00+02:00;54880_G;50;20;0;unknown;0
2025-07-02T06:03:00+02:00;54882;30;2;0;unknown;0
2025-07-02T06:03:00+02:00;54883;30;2;0;unknown;0
2025-07-02T06:03:00+02:00;54884;30;1;0;unknown;0
2025-07-02T06:03:00+02:00;54885;30;1;0;unknown;0
2025-07-02T06:03:00+02:00;54886;30;3;0;unknown;0
2025-07-02T06:03:00+02:00;54887;30;2;0;unknown;0
2025-07-02T06:03:00+02:00;54888;30;1;0;unknown;0
2025-07-02T06:03:00+02:00;54889;30;1;0;unknown;0
2025-07-02T06:03:00+02:00;54988;35;3;75;heavy;2
2025-07-02T06:03:00+02:00;54989;70;25;0;unknown;0
2025-07-02T06:03:00+02:00;54990;35;3;75;heavy;2
2025-07-02T06:03:00+02:00;54991;44;40;70;heavy;2
2025-07-02T06:03:00+02:00;55467_D;28;24;38;heavy;1
2025-07-02T06:03:00+02:00;55467_G;53;11;60;freeFlow;1
2025-07-02T06:03:00+02:00;55570_D;50;3;0;unknown;0
2025-07-02T06:03:00+02:00;55570_G;50;3;0;unknown;0
2025-07-02T06:03:00+02:00;55589_D;30;8;0;unknown;0
2025-07-02T06:03:00+02:00;55589_G;30;8;0;unknown;0
2025-07-02T06:03:00+02:00;55591;50;1;0;unknown;0
2025-07-02T06:03:00+02:00;55592;50;1;0;unknown;0
2025-07-02T06:03:00+02:00;55593;50;1;0;unknown;0
2025-07-02T06:03:00+02:00;55595;50;1;0;unknown;0
2025-07-02T06:03:00+02:00;55596;50;1;0;unknown;0
2025-07-02T06:03:00+02:00;55597;50;1;0;unknown;0
2025-07-02T06:03:00+02:00;55702;50;6;0;unknown;0
2025-07-02T06:03:00+02:00;55704;50;17;0;unknown;0
2025-07-02T06:03:00+02:00;5576_D;80;4;0;unknown;0
2025-07-02T06:03:00+02:00;5576_G;32;10;60;heavy;1
2025-07-02T06:03:00+02:00;55881;25;1;60;heavy;1
2025-07-02T06:03:00+02:00;55900;25;4;60;heavy;1
2025-07-02T06:03:00+02:00;55929_D;50;8;0;unknown;0
2025-07-02T06:03:00+02:00;55929_G;19;22;57;heavy;1
2025-07-02T06:03:00+02:00;55976;118;1;60;freeFlow;1
2025-07-02T06:03:00+02:00;56024;50;20;0;unknown;0
2025-07-02T06:03:00+02:00;56131;50;2;0;unknown;0
2025-07-02T06:03:00+02:00;56257;30;7;0;unknown;0
2025-07-02T06:03:00+02:00;563566;50;3;0;unknown;0
2025-07-02T06:03:00+02:00;563571;50;6;0;unknown;0
2025-07-02T06:03:00+02:00;563844_D;62;14;38;freeFlow;1
2025-07-02T06:03:00+02:00;563844_G;62;14;57;freeFlow;1
2025-07-02T06:03:00+02:00;563846;50;6;0;unknown;0
2025-07-02T06:03:00+02:00;563903_D;50;34;0;unknown;0
2025-07-02T06:03:00+02:00;563903_G;50;34;0;unknown;0
2025-07-02T06:03:00+02:00;564067_D;77;16;30;freeFlow;1
2025-07-02T06:03:00+02:00;564067_G;73;18;60;freeFlow;1
2025-07-02T06:03:00+02:00;564195_D;50;9;0;unknown;0
2025-07-02T06:03:00+02:00;564195_G;50;9;0;unknown;0
2025-07-02T06:03:00+02:00;56441;50;5;0;unknown;0
2025-07-02T06:03:00+02:00;5651;29;2;20;heavy;1
2025-07-02T06:03:00+02:00;5652;79;1;30;freeFlow;1
2025-07-02T06:03:00+02:00;565232;30;4;0;unknown;0
2025-07-02T06:03:00+02:00;5653;86;1;20;freeFlow;1
2025-07-02T06:03:00+02:00;565374;60;34;40;freeFlow;1
2025-07-02T06:03:00+02:00;565376;38;55;27;freeFlow;1
2025-07-02T06:03:00+02:00;565393;75;63;68;freeFlow;2
2025-07-02T06:03:00+02:00;5654;79;1;30;freeFlow;1
2025-07-02T06:03:00+02:00;565682_D;44;21;42;heavy;1
2025-07-02T06:03:00+02:00;565682_G;58;16;60;freeFlow;1
2025-07-02T06:03:00+02:00;565731_D;30;3;0;unknown;0
2025-07-02T06:03:00+02:00;565731_G;30;2;0;unknown;0
2025-07-02T06:03:00+02:00;565732;70;1;0;unknown;0
2025-07-02T06:03:00+02:00;56584;118;2;60;freeFlow;1
2025-07-02T06:03:00+02:00;565854;40;25;55;heavy;1
2025-07-02T06:03:00+02:00;566176_D;80;14;0;unknown;0
2025-07-02T06:03:00+02:00;566176_G;80;14;0;unknown;0
2025-07-02T06:03:00+02:00;56619_D;14;30;35;congested;1
2025-07-02T06:03:00+02:00;56619_G;50;8;0;unknown;0
2025-07-02T06:03:00+02:00;566287_D;30;16;0;unknown;0
2025-07-02T06:03:00+02:00;566287_G;30;16;0;unknown;0
2025-07-02T06:03:00+02:00;566302_D;50;1;0;unknown;0
2025-07-02T06:03:00+02:00;566302_G;50;1;0;unknown;0
2025-07-02T06:03:00+02:00;566303_D;50;15;0;unknown;0
2025-07-02T06:03:00+02:00;566303_G;50;15;0;unknown;0
2025-07-02T06:03:00+02:00;5663_D;55;47;45;heavy;2
2025-07-02T06:03:00+02:00;5663_G;84;31;22;freeFlow;1
2025-07-02T06:03:00+02:00;566407_D;30;3;0;unknown;0
2025-07-02T06:03:00+02:00;566407_G;30;3;0;unknown;0
2025-07-02T06:03:00+02:00;566417_D;30;5;0;unknown;0
2025-07-02T06:03:00+02:00;566417_G;30;5;0;unknown;0
2025-07-02T06:03:00+02:00;566419;50;1;0;unknown;0
2025-07-02T06:03:00+02:00;566481;50;1;0;unknown;0
2025-07-02T06:03:00+02:00;566482;50;1;0;unknown;0
2025-07-02T06:03:00+02:00;566483;87;131;73;freeFlow;2
2025-07-02T06:03:00+02:00;566484;50;0;0;unknown;0
2025-07-02T06:03:00+02:00;5664_D;92;2;22;freeFlow;1
2025-07-02T06:03:00+02:00;5664_G;53;3;22;heavy;1
2025-07-02T06:03:00+02:00;566573_D;35;3;35;heavy;1
2025-07-02T06:03:00+02:00;566573_G;50;2;0;unknown;0
2025-07-02T06:03:00+02:00;566599_D;30;1;0;unknown;0
2025-07-02T06:03:00+02:00;566599_G;30;1;0;unknown;0
2025-07-02T06:03:00+02:00;566706_D;50;3;0;unknown;0
2025-07-02T06:03:00+02:00;566706_G;50;4;0;unknown;0
2025-07-02T06:03:00+02:00;56676_G;39;6;38;freeFlow;1
2025-07-02T06:03:00+02:00;566850;50;3;0;unknown;0
2025-07-02T06:03:00+02:00;566924_D;50;6;0;unknown;0
2025-07-02T06:03:00+02:00;566924_G;22;14;35;heavy;1
2025-07-02T06:03:00+02:00;566942;45;1;60;freeFlow;1
2025-07-02T06:03:00+02:00;56872;92;23;100;freeFlow;3
2025-07-02T06:03:00+02:00;56874;74;7;60;freeFlow;1
2025-07-02T06:03:00+02:00;56886;50;51;0;unknown;0
2025-07-02T06:03:00+02:00;56914;50;3;0;unknown;0
2025-07-02T06:03:00+02:00;56926;79;4;60;freeFlow;1
2025-07-02T06:03:00+02:00;57009;80;4;60;freeFlow;1
2025-07-02T06:03:00+02:00;57011;92;7;100;freeFlow;3
2025-07-02T06:03:00+02:00;57012;35;11;60;heavy;1
2025-07-02T06:03:00+02:00;57082_D;30;9;0;unknown;0
2025-07-02T06:03:00+02:00;57360_D;30;5;0;unknown;0
2025-07-02T06:03:00+02:00;57360_G;30;6;0;unknown;0
2025-07-02T06:03:00+02:00;57362_D;30;4;0;unknown;0
2025-07-02T06:03:00+02:00;57362_G;30;3;0;unknown;0
2025-07-02T06:03:00+02:00;57368_D;30;7;0;unknown;0
2025-07-02T06:03:00+02:00;57368_G;30;7;0;unknown;0
2025-07-02T06:03:00+02:00;57378_D;50;3;0;unknown;0
2025-07-02T06:03:00+02:00;57378_G;50;3;0;unknown;0
2025-07-02T06:03:00+02:00;62549;49;1;0;unknown;0
2025-07-02T06:03:00+02:00;62550;49;1;0;unknown;0
2025-07-02T06:03:00+02:00;62617_D;50;9;0;unknown;0
2025-07-02T06:03:00+02:00;62617_G;50;9;0;unknown;0
2025-07-02T06:03:00+02:00;62948_D;30;5;0;unknown;0
2025-07-02T06:03:00+02:00;62948_G;30;5;0;unknown;0
2025-07-02T06:03:00+02:00;63039;48;3;52;freeFlow;1
2025-07-02T06:03:00+02:00;63203_D;39;20;32;freeFlow;1
2025-07-02T06:03:00+02:00;63203_G;76;10;32;freeFlow;1
2025-07-02T06:03:00+02:00;63308;66;1;60;freeFlow;1
2025-07-02T06:03:00+02:00;63895_D;30;5;0;unknown;0
2025-07-02T06:03:00+02:00;63895_G;30;5;0;unknown;0
2025-07-02T06:03:00+02:00;63903;81;2;100;freeFlow;3
2025-07-02T06:03:00+02:00;63917;70;2;0;unknown;0
2025-07-02T06:03:00+02:00;63954_D;30;6;0;unknown;0
2025-07-02T06:03:00+02:00;63954_G;30;5;0;unknown;0
2025-07-02T06:03:00+02:00;63961_D;30;2;0;unknown;0
2025-07-02T06:03:00+02:00;63961_G;30;2;0;unknown;0
2025-07-02T06:03:00+02:00;63963_D;30;15;0;unknown;0
2025-07-02T06:03:00+02:00;63963_G;30;15;0;unknown;0
2025-07-02T06:03:00+02:00;63974;60;6;40;freeFlow;1
2025-07-02T06:03:00+02:00;64028;50;2;0;unknown;0
2025-07-02T06:03:00+02:00;64029;41;3;27;heavy;1
2025-07-02T06:03:00+02:00;64033;19;9;55;heavy;1
2025-07-02T06:03:00+02:00;64034;31;3;27;heavy;1
2025-07-02T06:03:00+02:00;64035;31;4;27;heavy;1
2025-07-02T06:03:00+02:00;64104_D;50;2;0;unknown;0
2025-07-02T06:03:00+02:00;64104_G;50;2;0;unknown;0
2025-07-02T06:03:00+02:00;6421;115;20;45;freeFlow;1
2025-07-02T06:03:00+02:00;6422;104;6;42;freeFlow;1
2025-07-02T06:03:00+02:00;6423;91;15;60;freeFlow;1
2025-07-02T06:03:00+02:00;6424;91;33;60;freeFlow;1
2025-07-02T06:03:00+02:00;64792_D;50;13;0;unknown;0
2025-07-02T06:03:00+02:00;64792_G;50;13;0;unknown;0
2025-07-02T06:03:00+02:00;64862_D;50;10;0;unknown;0
2025-07-02T06:03:00+02:00;64862_G;50;10;0;unknown;0
2025-07-02T06:03:00+02:00;65281;47;2;75;freeFlow;2
2025-07-02T06:03:00+02:00;65283;50;2;75;freeFlow;2
2025-07-02T06:03:00+02:00;65293;50;4;75;freeFlow;2
2025-07-02T06:03:00+02:00;65961_D;50;27;0;unknown;0
2025-07-02T06:03:00+02:00;65961_G;50;27;0;unknown;0
2025-07-02T06:03:00+02:00;65966_D;50;1;0;unknown;0
2025-07-02T06:03:00+02:00;65966_G;50;1;0;unknown;0
2025-07-02T06:03:00+02:00;66020;57;1;60;freeFlow;1
2025-07-02T06:03:00+02:00;6615_D;87;7;30;freeFlow;1
2025-07-02T06:03:00+02:00;6615_G;70;8;60;freeFlow;1
2025-07-02T06:03:00+02:00;6616;70;1;60;freeFlow;1
2025-07-02T06:03:00+02:00;6619;87;1;30;freeFlow;1
2025-07-02T06:03:00+02:00;6620;87;3;45;freeFlow;2
2025-07-02T06:03:00+02:00;6621;52;2;60;heavy;1
2025-07-02T06:03:00+02:00;6622;44;2;50;heavy;2
2025-07-02T06:03:00+02:00;6623;40;1;25;heavy;1
2025-07-02T06:03:00+02:00;6628_D;46;18;60;freeFlow;1
2025-07-02T06:03:00+02:00;6628_G;50;17;0;unknown;0
2025-07-02T06:03:00+02:00;6629_D;60;16;60;freeFlow;1
2025-07-02T06:03:00+02:00;6629_G;50;19;0;unknown;0
2025-07-02T06:03:00+02:00;6643;49;14;60;heavy;1
2025-07-02T06:03:00+02:00;6644;40;17;25;heavy;1
2025-07-02T06:03:00+02:00;6645;31;3;32;heavy;1
2025-07-02T06:03:00+02:00;6646;47;1;48;freeFlow;2
2025-07-02T06:03:00+02:00;6647;79;0;30;freeFlow;1
2025-07-02T06:03:00+02:00;6648;52;2;60;freeFlow;1
2025-07-02T06:03:00+02:00;6649;60;1;60;freeFlow;1
2025-07-02T06:03:00+02:00;6650;29;6;49;heavy;2
2025-07-02T06:03:00+02:00;6651;33;5;48;heavy;2
2025-07-02T06:03:00+02:00;6669_D;80;62;0;unknown;0
2025-07-02T06:03:00+02:00;6669_G;79;63;30;freeFlow;1
2025-07-02T06:03:00+02:00;67069;39;4;40;freeFlow;1
2025-07-02T06:03:00+02:00;67223_D;30;2;0;unknown;0
2025-07-02T06:03:00+02:00;67223_G;30;2;0;unknown;0
2025-07-02T06:03:00+02:00;67229_D;30;14;0;unknown;0
2025-07-02T06:03:00+02:00;67229_G;30;14;0;unknown;0
2025-07-02T06:03:00+02:00;6723;105;8;45;freeFlow;1
2025-07-02T06:03:00+02:00;67324_D;75;13;57;freeFlow;1
2025-07-02T06:03:00+02:00;67324_G;80;12;60;freeFlow;1
2025-07-02T06:03:00+02:00;67330;30;2;0;unknown;0
2025-07-02T06:03:00+02:00;67332;30;3;0;unknown;0
2025-07-02T06:03:00+02:00;67334;30;1;0;unknown;0
2025-07-02T06:03:00+02:00;67340;30;2;0;unknown;0
2025-07-02T06:03:00+02:00;67341;30;10;0;unknown;0
2025-07-02T06:03:00+02:00;67344;30;6;0;unknown;0
2025-07-02T06:03:00+02:00;67352_D;30;13;0;unknown;0
2025-07-02T06:03:00+02:00;67352_G;30;12;0;unknown;0
2025-07-02T06:03:00+02:00;67380_D;50;16;0;unknown;0
2025-07-02T06:03:00+02:00;67380_G;50;16;0;unknown;0
2025-07-02T06:03:00+02:00;67385;50;2;0;unknown;0
2025-07-02T06:03:00+02:00;67389_D;50;1;0;unknown;0
2025-07-02T06:03:00+02:00;67389_G;50;1;0;unknown;0
2025-07-02T06:03:00+02:00;67390;50;2;0;unknown;0
2025-07-02T06:03:00+02:00;67391;50;3;0;unknown;0
2025-07-02T06:03:00+02:00;67392;50;3;0;unknown;0
2025-07-02T06:03:00+02:00;67511_D;30;4;0;unknown;0
2025-07-02T06:03:00+02:00;67511_G;79;2;30;freeFlow;1
2025-07-02T06:03:00+02:00;67514_D;30;6;0;unknown;0
2025-07-02T06:03:00+02:00;67514_G;79;2;30;freeFlow;1
2025-07-02T06:03:00+02:00;67611;30;6;0;unknown;0
2025-07-02T06:03:00+02:00;67816;30;1;0;unknown;0
2025-07-02T06:03:00+02:00;67819_D;30;1;0;unknown;0
2025-07-02T06:03:00+02:00;67819_G;30;1;0;unknown;0
2025-07-02T06:03:00+02:00;67820;30;1;0;unknown;0
2025-07-02T06:03:00+02:00;67821;30;2;0;unknown;0
2025-07-02T06:03:00+02:00;67823;30;8;0;unknown;0
2025-07-02T06:03:00+02:00;67824;50;9;0;unknown;0
2025-07-02T06:03:00+02:00;67829;50;10;0;unknown;0
2025-07-02T06:03:00+02:00;67892_D;50;5;0;unknown;0
2025-07-02T06:03:00+02:00;67892_G;50;5;0;unknown;0
2025-07-02T06:03:00+02:00;68069;50;8;0;unknown;0
2025-07-02T06:03:00+02:00;68070;50;1;0;unknown;0
2025-07-02T06:03:00+02:00;68815;50;2;0;unknown;0
2025-07-02T06:03:00+02:00;69060;30;3;0;unknown;0
2025-07-02T06:03:00+02:00;69061;30;4;0;unknown;0
2025-07-02T06:03:00+02:00;69062;30;2;0;unknown;0
2025-07-02T06:03:00+02:00;69063;30;1;0;unknown;0
2025-07-02T06:03:00+02:00;69064_D;30;1;0;unknown;0
2025-07-02T06:03:00+02:00;69064_G;30;1;0;unknown;0
2025-07-02T06:03:00+02:00;69270_D;50;2;0;unknown;0
2025-07-02T06:03:00+02:00;69270_G;50;1;0;unknown;0
2025-07-02T06:03:00+02:00;69277;30;3;0;unknown;0
2025-07-02T06:03:00+02:00;69464;30;1;0;unknown;0
2025-07-02T06:03:00+02:00;69467;30;2;0;unknown;0
2025-07-02T06:03:00+02:00;69493;60;11;40;freeFlow;1
2025-07-02T06:03:00+02:00;69495;60;7;40;freeFlow;1
2025-07-02T06:03:00+02:00;69591;50;6;0;unknown;0
2025-07-02T06:03:00+02:00;69673;27;13;75;heavy;2
2025-07-02T06:03:00+02:00;69878;53;16;52;freeFlow;1
2025-07-02T06:03:00+02:00;71197_D;80;14;0;unknown;0
2025-07-02T06:03:00+02:00;71197_G;32;36;60;heavy;1
2025-07-02T06:03:00+02:00;71455_D;50;3;0;unknown;0
2025-07-02T06:03:00+02:00;71492_D;50;4;0;unknown;0
2025-07-02T06:03:00+02:00;71492_G;50;4;0;unknown;0
2025-07-02T06:03:00+02:00;71493_D;50;6;0;unknown;0
2025-07-02T06:03:00+02:00;71493_G;50;6;0;unknown;0
2025-07-02T06:03:00+02:00;71494;50;3;0;unknown;0
2025-07-02T06:03:00+02:00;71496;50;5;0;unknown;0
2025-07-02T06:03:00+02:00;71497;50;2;0;unknown;0
2025-07-02T06:03:00+02:00;71504_D;50;1;0;unknown;0
2025-07-02T06:03:00+02:00;71504_G;50;1;0;unknown;0
2025-07-02T06:03:00+02:00;71508_D;50;9;0;unknown;0
2025-07-02T06:03:00+02:00;71508_G;50;10;0;unknown;0
2025-07-02T06:03:00+02:00;71509_D;50;20;0;unknown;0
2025-07-02T06:03:00+02:00;71509_G;50;20;0;unknown;0
2025-07-02T06:03:00+02:00;71554_D;50;5;0;unknown;0
2025-07-02T06:03:00+02:00;71554_G;50;5;0;unknown;0
2025-07-02T06:03:00+02:00;71555_D;50;2;0;unknown;0
2025-07-02T06:03:00+02:00;71555_G;50;2;0;unknown;0
2025-07-02T06:03:00+02:00;71661;90;3;0;unknown;0
2025-07-02T06:03:00+02:00;71668;61;11;75;heavy;2
2025-07-02T06:03:00+02:00;72425;97;13;60;freeFlow;1
2025-07-02T06:03:00+02:00;72487_D;80;31;0;unknown;0
2025-07-02T06:03:00+02:00;72842_D;50;22;0;unknown;0
2025-07-02T06:03:00+02:00;72842_G;50;22;0;unknown;0
2025-07-02T06:03:00+02:00;72940_D;50;24;0;unknown;0
2025-07-02T06:03:00+02:00;72940_G;50;23;0;unknown;0
2025-07-02T06:03:00+02:00;73636;50;3;0;unknown;0
2025-07-02T06:03:00+02:00;74067;49;2;60;heavy;1
2025-07-02T06:03:00+02:00;74454;45;1;42;heavy;1
2025-07-02T06:03:00+02:00;74457_D;53;19;45;freeFlow;1
2025-07-02T06:03:00+02:00;74457_G;70;14;60;freeFlow;1
2025-07-02T06:03:00+02:00;74459;45;1;42;heavy;1
2025-07-02T06:03:00+02:00;74460;70;0;60;freeFlow;1
2025-07-02T06:03:00+02:00;74461;70;0;60;freeFlow;1
2025-07-02T06:03:00+02:00;74688_D;50;18;0;unknown;0
2025-07-02T06:03:00+02:00;74688_G;50;18;0;unknown;0
2025-07-02T06:03:00+02:00;74748_D;80;4;0;unknown;0
2025-07-02T06:03:00+02:00;74748_G;80;4;0;unknown;0
2025-07-02T06:03:00+02:00;75340;50;1;0;unknown;0
2025-07-02T06:03:00+02:00;75343_D;30;12;0;unknown;0
2025-07-02T06:03:00+02:00;75343_G;30;12;0;unknown;0
2025-07-02T06:03:00+02:00;75344;50;1;0;unknown;0
2025-07-02T06:03:00+02:00;75346;22;3;27;heavy;1
2025-07-02T06:03:00+02:00;75347_D;50;1;0;unknown;0
2025-07-02T06:03:00+02:00;75347_G;20;4;27;heavy;1
2025-07-02T06:03:00+02:00;75348;28;1;27;heavy;1
2025-07-02T06:03:00+02:00;75353;28;1;27;heavy;1
2025-07-02T06:03:00+02:00;75356_D;34;15;27;heavy;1
2025-07-02T06:03:00+02:00;75356_G;50;10;0;unknown;0
2025-07-02T06:03:00+02:00;75358;50;1;0;unknown;0
2025-07-02T06:03:00+02:00;75359;28;2;27;heavy;1
2025-07-02T06:03:00+02:00;75385;50;1;0;unknown;0
2025-07-02T06:03:00+02:00;75533_D;70;0;0;unknown;0
2025-07-02T06:03:00+02:00;75533_G;70;0;0;unknown;0
2025-07-02T06:03:00+02:00;75630;12;128;39;congested;1
2025-07-02T06:03:00+02:00;75810;70;11;0;unknown;0
2025-07-02T06:03:00+02:00;75811;90;5;0;unknown;0
2025-07-02T06:03:00+02:00;75812;93;5;100;freeFlow;3
2025-07-02T06:03:00+02:00;75813;74;3;60;freeFlow;1
2025-07-02T06:03:00+02:00;75814;93;2;100;freeFlow;3
2025-07-02T06:03:00+02:00;75815;74;18;60;freeFlow;1
2025-07-02T06:03:00+02:00;75816;50;4;0;unknown;0
2025-07-02T06:03:00+02:00;75819_D;50;4;0;unknown;0
2025-07-02T06:03:00+02:00;75819_G;50;4;0;unknown;0
2025-07-02T06:03:00+02:00;75821;80;4;100;freeFlow;3
2025-07-02T06:03:00+02:00;75823;80;5;100;freeFlow;3
2025-07-02T06:03:00+02:00;75841;52;7;60;freeFlow;1
2025-07-02T06:03:00+02:00;75842;50;8;0;unknown;0
2025-07-02T06:03:00+02:00;75855;39;2;40;heavy;1
2025-07-02T06:03:00+02:00;75858;70;1;0;unknown;0
2025-07-02T06:03:00+02:00;75859;70;3;0;unknown;0
2025-07-02T06:03:00+02:00;75860;70;3;0;unknown;0
2025-07-02T06:03:00+02:00;75861;70;1;0;unknown;0
2025-07-02T06:03:00+02:00;75862;70;2;0;unknown;0
2025-07-02T06:03:00+02:00;75863;70;1;0;unknown;0
2025-07-02T06:03:00+02:00;75864;70;1;0;unknown;0
2025-07-02T06:03:00+02:00;75865;70;2;0;unknown;0
2025-07-02T06:03:00+02:00;75866;88;10;84;freeFlow;4
2025-07-02T06:03:00+02:00;75867;120;10;60;freeFlow;1
2025-07-02T06:03:00+02:00;75869;120;44;60;freeFlow;1
2025-07-02T06:03:00+02:00;75873_D;30;19;0;unknown;0
2025-07-02T06:03:00+02:00;75873_G;30;16;0;unknown;0
2025-07-02T06:03:00+02:00;75874_D;50;8;0;unknown;0
2025-07-02T06:03:00+02:00;75874_G;50;8;0;unknown;0
2025-07-02T06:03:00+02:00;75875;83;3;20;freeFlow;1
2025-07-02T06:03:00+02:00;75876;83;6;20;freeFlow;1
2025-07-02T06:03:00+02:00;75877;50;17;0;unknown;0
2025-07-02T06:03:00+02:00;75878;70;12;0;unknown;0
2025-07-02T06:03:00+02:00;75879;90;2;0;unknown;0
2025-07-02T06:03:00+02:00;75880;50;17;0;unknown;0
2025-07-02T06:03:00+02:00;75882;83;12;20;freeFlow;1
2025-07-02T06:03:00+02:00;75883;95;4;100;freeFlow;4
2025-07-02T06:03:00+02:00;75884;80;5;60;freeFlow;1
2025-07-02T06:03:00+02:00;75885;89;3;100;freeFlow;4
2025-07-02T06:03:00+02:00;75886;80;8;60;freeFlow;1
2025-07-02T06:03:00+02:00;75911;50;6;0;unknown;0
2025-07-02T06:03:00+02:00;75912;58;5;10;freeFlow;1
2025-07-02T06:03:00+02:00;76094;50;11;0;unknown;0
2025-07-02T06:03:00+02:00;7864_D;85;42;32;freeFlow;1
2025-07-02T06:03:00+02:00;7864_G;71;51;27;freeFlow;1
2025-07-02T06:03:00+02:00;790_D;72;11;60;freeFlow;1
2025-07-02T06:03:00+02:00;790_G;72;11;17;freeFlow;1
2025-07-02T06:03:00+02:00;791_D;57;15;75;freeFlow;2
2025-07-02T06:03:00+02:00;791_G;45;19;20;heavy;1
2025-07-02T06:03:00+02:00;7936;104;7;42;freeFlow;1
2025-07-02T06:03:00+02:00;7937;104;21;42;freeFlow;1
2025-07-02T06:03:00+02:00;7938;91;33;60;freeFlow;1
2025-07-02T06:03:00+02:00;7995_D;74;14;45;freeFlow;2
2025-07-02T06:03:00+02:00;7995_G;70;14;62;freeFlow;2
2025-07-02T06:03:00+02:00;862_D;80;14;17;freeFlow;1
2025-07-02T06:03:00+02:00;862_G;72;15;60;freeFlow;1
2025-07-02T06:03:00+02:00;863_D;80;9;17;freeFlow;1
2025-07-02T06:03:00+02:00;863_G;72;10;60;freeFlow;1
2025-07-02T06:03:00+02:00;8745;45;4;75;freeFlow;2
2025-07-02T06:03:00+02:00;8962;101;22;75;freeFlow;2
2025-07-02T06:03:00+02:00;8963_D;74;6;38;freeFlow;1
2025-07-02T06:03:00+02:00;8963_G;85;5;55;freeFlow;1
2025-07-02T06:03:00+02:00;8966;101;12;75;freeFlow;2
2025-07-02T06:03:00+02:00;8969;85;15;42;freeFlow;1
2025-07-02T06:03:00+02:00;8970;87;18;83;freeFlow;3
2025-07-02T06:03:00+02:00;8971;103;20;60;freeFlow;1
2025-07-02T06:03:00+02:00;8974_D;20;12;55;congested;1
2025-07-02T06:03:00+02:00;8974_G;46;5;38;heavy;1
2025-07-02T06:03:00+02:00;8976_D;85;4;55;freeFlow;1
2025-07-02T06:03:00+02:00;8976_G;61;6;38;freeFlow;1
2025-07-02T06:03:00+02:00;8977_D;85;4;55;freeFlow;1
2025-07-02T06:03:00+02:00;8977_G;76;4;38;freeFlow;1
2025-07-02T06:03:00+02:00;8978;99;14;75;freeFlow;2
2025-07-02T06:03:00+02:00;9040;90;10;0;unknown;0
2025-07-02T06:03:00+02:00;9041;51;4;100;freeFlow;3
2025-07-02T06:03:00+02:00;9042;50;2;0;unknown;0
2025-07-02T06:03:00+02:00;9043;48;3;75;freeFlow;2
2025-07-02T06:03:00+02:00;9044;37;4;75;freeFlow;2
2025-07-02T06:03:00+02:00;9045;50;2;0;unknown;0
2025-07-02T06:03:00+02:00;9046;50;2;0;unknown;0
2025-07-02T06:03:00+02:00;9047;50;2;0;unknown;0
2025-07-02T06:03:00+02:00;9048;52;10;100;heavy;3
2025-07-02T06:03:00+02:00;9049;53;3;75;freeFlow;2
2025-07-02T06:03:00+02:00;9050;45;1;75;freeFlow;2
2025-07-02T06:03:00+02:00;9051;60;2;30;freeFlow;1
2025-07-02T06:03:00+02:00;9052;50;2;0;unknown;0
2025-07-02T06:03:00+02:00;9053;50;2;0;unknown;0
2025-07-02T06:03:00+02:00;9054;54;11;75;freeFlow;2
2025-07-02T06:03:00+02:00;9055;50;12;0;unknown;0
2025-07-02T06:03:00+02:00;9057_D;88;6;35;freeFlow;1
2025-07-02T06:03:00+02:00;9057_G;67;8;70;freeFlow;3
2025-07-02T06:03:00+02:00;9058_D;89;15;35;freeFlow;1
2025-07-02T06:03:00+02:00;9058_G;54;25;73;heavy;2
2025-07-02T06:03:00+02:00;9059_D;82;8;35;freeFlow;1
2025-07-02T06:03:00+02:00;9059_G;65;9;73;freeFlow;2
2025-07-02T06:03:00+02:00;9060;42;4;57;heavy;1
2025-07-02T06:03:00+02:00;9061;74;2;38;freeFlow;1
2025-07-02T06:03:00+02:00;9062;42;4;57;heavy;1
2025-07-02T06:03:00+02:00;9063;74;2;38;freeFlow;1
2025-07-02T06:03:00+02:00;9068_D;74;24;38;freeFlow;1
2025-07-02T06:03:00+02:00;9068_G;72;25;73;freeFlow;2
2025-07-02T06:03:00+02:00;9070_D;85;24;32;freeFlow;1
2025-07-02T06:03:00+02:00;9070_G;79;26;45;freeFlow;2
2025-07-02T06:03:00+02:00;9073;93;4;100;freeFlow;4
2025-07-02T06:03:00+02:00;9074;90;10;75;freeFlow;2
2025-07-02T06:03:00+02:00;9082_D;73;3;45;freeFlow;1
2025-07-02T06:03:00+02:00;9082_G;70;3;60;freeFlow;1
2025-07-02T06:03:00+02:00;9090_D;64;21;40;freeFlow;1
2025-07-02T06:03:00+02:00;9090_G;79;17;60;freeFlow;1
2025-07-02T06:03:00+02:00;9103;59;24;35;heavy;1
2025-07-02T06:03:00+02:00;9108;49;25;32;heavy;1
2025-07-02T06:03:00+02:00;9114;17;6;32;congested;1
2025-07-02T06:03:00+02:00;9115;90;16;0;unknown;0
2025-07-02T06:03:00+02:00;9116;86;2;60;freeFlow;1
2025-07-02T06:03:00+02:00;9117;84;6;60;freeFlow;1
2025-07-02T06:03:00+02:00;9133;71;27;45;freeFlow;2
2025-07-02T06:03:00+02:00;9134;65;23;35;freeFlow;1
2025-07-02T06:03:00+02:00;9177;88;22;60;freeFlow;1
2025-07-02T06:03:00+02:00;9190;40;9;45;heavy;2
2025-07-02T06:03:00+02:00;9199;49;1;60;heavy;1
2025-07-02T06:03:00+02:00;9200;21;7;32;congested;1
2025-07-02T06:03:00+02:00;9201;49;1;60;heavy;1
2025-07-02T06:03:00+02:00;9202;20;6;35;congested;1
2025-07-02T06:03:00+02:00;9203;15;7;35;congested;1
2025-07-02T06:03:00+02:00;9204;22;5;32;congested;1
2025-07-02T06:03:00+02:00;9213;67;42;67;freeFlow;2
2025-07-02T06:03:00+02:00;9214_D;36;2;60;heavy;1
2025-07-02T06:03:00+02:00;9214_G;70;1;0;unknown;0
2025-07-02T06:03:00+02:00;9215;66;42;32;freeFlow;1
2025-07-02T06:03:00+02:00;9279;103;20;60;freeFlow;1
2025-07-02T06:03:00+02:00;9280;103;23;60;freeFlow;1
2025-07-02T06:03:00+02:00;9343_D;80;15;0;unknown;0
2025-07-02T06:03:00+02:00;9343_G;80;15;0;unknown;0
2025-07-02T06:03:00+02:00;9344_D;30;20;0;unknown;0
2025-07-02T06:03:00+02:00;9344_G;30;20;0;unknown;0
2025-07-02T06:03:00+02:00;9345_D;30;27;0;unknown;0
2025-07-02T06:03:00+02:00;9345_G;30;28;0;unknown;0
2025-07-02T06:03:00+02:00;9346_D;30;15;0;unknown;0
2025-07-02T06:03:00+02:00;9346_G;30;15;0;unknown;0
2025-07-02T06:03:00+02:00;9348_D;30;7;0;unknown;0
2025-07-02T06:03:00+02:00;9348_G;30;8;0;unknown;0
2025-07-02T06:03:00+02:00;9351_D;80;15;0;unknown;0
2025-07-02T06:03:00+02:00;9351_G;80;14;0;unknown;0
2025-07-02T06:03:00+02:00;9370_D;80;10;0;unknown;0
2025-07-02T06:03:00+02:00;9370_G;80;11;0;unknown;0
2025-07-02T06:03:00+02:00;9371_D;80;8;0;unknown;0
2025-07-02T06:03:00+02:00;9371_G;80;8;0;unknown;0
2025-07-02T06:03:00+02:00;9378;93;12;100;freeFlow;4
2025-07-02T06:03:00+02:00;9379;86;13;75;freeFlow;2
2025-07-02T06:03:00+02:00;9414_D;30;9;0;unknown;0
2025-07-02T06:03:00+02:00;9414_G;30;9;0;unknown;0
2025-07-02T06:03:00+02:00;9416_D;30;7;0;unknown;0
2025-07-02T06:03:00+02:00;9416_G;30;7;0;unknown;0
2025-07-02T06:03:00+02:00;9418_D;30;12;0;unknown;0
2025-07-02T06:03:00+02:00;9418_G;30;12;0;unknown;0
2025-07-02T06:03:00+02:00;9421;30;4;0;unknown;0
2025-07-02T06:03:00+02:00;9422;30;3;0;unknown;0
2025-07-02T06:03:00+02:00;9423;30;3;0;unknown;0
2025-07-02T06:03:00+02:00;9424;30;6;0;unknown;0
2025-07-02T06:03:00+02:00;9425_D;30;5;0;unknown;0
2025-07-02T06:03:00+02:00;9425_G;30;4;0;unknown;0
2025-07-02T06:03:00+02:00;9427_D;80;4;0;unknown;0
2025-07-02T06:03:00+02:00;9427_G;80;4;0;unknown;0
2025-07-02T06:03:00+02:00;9434_D;80;10;0;unknown;0
2025-07-02T06:03:00+02:00;9434_G;80;10;0;unknown;0
2025-07-02T06:03:00+02:00;9435_D;80;13;0;unknown;0
2025-07-02T06:03:00+02:00;9435_G;80;13;0;unknown;0
2025-07-02T06:03:00+02:00;9437_D;80;14;0;unknown;0
2025-07-02T06:03:00+02:00;9437_G;80;14;0;unknown;0
2025-07-02T06:03:00+02:00;9588_D;73;8;45;freeFlow;1
2025-07-02T06:03:00+02:00;9588_G;70;9;60;freeFlow;1
2025-07-02T06:03:00+02:00;9625_D;74;5;45;freeFlow;1
2025-07-02T06:03:00+02:00;9625_G;70;5;60;freeFlow;1
2025-07-02T06:03:00+02:00;9739;38;3;58;heavy;2
2025-07-02T06:03:00+02:00;9740;37;2;42;heavy;1
2025-07-02T06:03:00+02:00;9741;41;2;60;heavy;1
2025-07-02T06:03:00+02:00;9742;49;3;60;heavy;1
2025-07-02T06:03:00+02:00;9745_D;39;3;40;heavy;1
2025-07-02T06:03:00+02:00;9745_G;50;5;60;freeFlow;1
2025-07-02T06:03:00+02:00;9757_D;37;3;42;heavy;1
2025-07-02T06:03:00+02:00;9757_G;58;2;60;freeFlow;1
2025-07-02T06:03:00+02:00;9758_D;37;8;42;heavy;1
2025-07-02T06:03:00+02:00;9758_G;58;5;60;freeFlow;1
2025-07-02T06:03:00+02:00;9834_D;70;28;40;freeFlow;1
2025-07-02T06:03:00+02:00;9834_G;79;25;60;freeFlow;1
2025-07-02T06:03:00+02:00;9912;103;2;60;freeFlow;1
2025-07-02T06:03:00+02:00;9913;45;2;38;heavy;1
2025-07-02T06:03:00+02:00;9914;33;3;55;heavy;1
2025-07-02T06:03:00+02:00;9915;94;1;60;freeFlow;1
2025-07-02T06:03:00+02:00;9916;56;3;69;freeFlow;2
2025-07-02T06:03:00+02:00;9917_D;36;4;70;heavy;2
2025-07-02T06:03:00+02:00;9917_G;46;3;38;heavy;1
2025-07-02T06:03:00+02:00;9921_D;55;27;40;freeFlow;1
2025-07-02T06:03:00+02:00;9921_G;74;20;12;freeFlow;1
2025-07-02T06:03:00+02:00;1601981;50;3;0;unknown;0
2025-07-02T06:03:00+02:00;1601982;50;18;0;unknown;0
2025-07-02T06:03:00+02:00;1634;52;11;55;heavy;1
2025-07-02T06:03:00+02:00;1635;70;2;0;unknown;0
2025-07-02T06:03:00+02:00;1636;33;5;60;heavy;1
2025-07-02T06:03:00+02:00;1637;34;3;100;heavy;3
2025-07-02T06:03:00+02:00;1640;37;3;97;heavy;4
2025-07-02T06:03:00+02:00;1641;52;3;55;freeFlow;1
2025-07-02T06:03:00+02:00;1642;37;2;73;heavy;2
2025-07-02T06:03:00+02:00;1678329;50;12;0;unknown;0
2025-07-02T06:03:00+02:00;1680500_D;50;5;0;unknown;0
2025-07-02T06:03:00+02:00;1680500_G;50;6;0;unknown;0
2025-07-02T06:03:00+02:00;1680501;85;10;100;freeFlow;4
2025-07-02T06:03:00+02:00;1680580;50;9;0;unknown;0
2025-07-02T06:03:00+02:00;1680586;29;5;38;heavy;1
2025-07-02T06:03:00+02:00;1680594;33;1;40;heavy;1
2025-07-02T06:03:00+02:00;1680595;50;1;0;unknown;0
2025-07-02T06:03:00+02:00;1680596;33;1;40;heavy;1
2025-07-02T06:03:00+02:00;1680597;50;1;0;unknown;0
2025-07-02T06:03:00+02:00;1680604;50;2;0;unknown;0
2025-07-02T06:03:00+02:00;1747_D;50;1;0;unknown;0
2025-07-02T06:03:00+02:00;1747_G;50;2;0;unknown;0
2025-07-02T06:03:00+02:00;1762;50;10;0;unknown;0
2025-07-02T06:03:00+02:00;1763;50;11;0;unknown;0
2025-07-02T06:03:00+02:00;1765_D;50;8;0;unknown;0
2025-07-02T06:03:00+02:00;1765_G;50;8;0;unknown;0
2025-07-02T06:03:00+02:00;1852;91;12;75;freeFlow;2
2025-07-02T06:03:00+02:00;1857;79;27;60;freeFlow;1
2025-07-02T06:03:00+02:00;1858;92;10;75;freeFlow;2
2025-07-02T06:03:00+02:00;1859;81;12;60;freeFlow;1
2025-07-02T06:03:00+02:00;1860;70;18;0;unknown;0
2025-07-02T06:03:00+02:00;1910718_D;63;2;60;freeFlow;1
2025-07-02T06:03:00+02:00;1910718_G;13;8;60;congested;1
2025-07-02T06:03:00+02:00;1910863_D;50;11;0;unknown;0
2025-07-02T06:03:00+02:00;1910863_G;50;11;0;unknown;0
2025-07-02T06:03:00+02:00;1911250;50;5;0;unknown;0
2025-07-02T06:03:00+02:00;35088;66;3;30;freeFlow;1
2025-07-02T06:03:00+02:00;35089;48;5;52;heavy;2
2025-07-02T06:03:00+02:00;35090;40;2;40;heavy;1
2025-07-02T06:03:00+02:00;35091;77;2;30;freeFlow;1
2025-07-02T06:03:00+02:00;35093;56;5;40;freeFlow;1
2025-07-02T06:03:00+02:00;35094;79;3;27;freeFlow;1
2025-07-02T06:03:00+02:00;35099;50;2;0;unknown;0
2025-07-02T06:03:00+02:00;35101;72;1;30;freeFlow;1
2025-07-02T06:03:00+02:00;35102;31;2;38;heavy;1
2025-07-02T06:03:00+02:00;35104;71;37;30;freeFlow;1
2025-07-02T06:03:00+02:00;35116;72;2;30;freeFlow;1
2025-07-02T06:03:00+02:00;35117;32;5;38;heavy;1
2025-07-02T06:03:00+02:00;35118;34;5;38;heavy;1
2025-07-02T06:03:00+02:00;35119;72;3;30;freeFlow;1
2025-07-02T06:03:00+02:00;35120_D;39;2;30;freeFlow;1
2025-07-02T06:03:00+02:00;35120_G;8;9;38;congested;1
2025-07-02T06:03:00+02:00;35121_D;44;47;32;freeFlow;1
2025-07-02T06:03:00+02:00;35121_G;14;146;36;congested;1
2025-07-02T06:03:00+02:00;40196;75;3;43;freeFlow;2
2025-07-02T06:03:00+02:00;40197;78;3;43;freeFlow;2
2025-07-02T06:03:00+02:00;41636_D;45;4;75;freeFlow;2
2025-07-02T06:03:00+02:00;41636_G;50;3;0;unknown;0
2025-07-02T06:03:00+02:00;41652_G;50;5;0;unknown;0
2025-07-02T06:03:00+02:00;41653_D;78;1;60;freeFlow;1
2025-07-02T06:03:00+02:00;41653_G;50;2;0;unknown;0
2025-07-02T06:03:00+02:00;41667_D;78;2;60;freeFlow;1
2025-07-02T06:03:00+02:00;41667_G;50;3;0;unknown;0
2025-07-02T06:03:00+02:00;41668_D;78;1;60;freeFlow;1
2025-07-02T06:03:00+02:00;41668_G;50;1;0;unknown;0
2025-07-02T06:03:00+02:00;41721;85;12;100;freeFlow;4
2025-07-02T06:03:00+02:00;41722;89;13;100;freeFlow;4
2025-07-02T06:03:00+02:00;41758;95;14;75;freeFlow;2
2025-07-02T06:03:00+02:00;41759;95;15;75;freeFlow;2
2025-07-02T06:03:00+02:00;41760;86;16;100;freeFlow;4
2025-07-02T06:03:00+02:00;41949_D;63;4;60;freeFlow;1
2025-07-02T06:03:00+02:00;41949_G;68;4;60;freeFlow;1
2025-07-02T06:03:00+02:00;41974_D;63;4;60;freeFlow;1
2025-07-02T06:03:00+02:00;41974_G;16;14;75;heavy;2
2025-07-02T06:03:00+02:00;41975_D;63;5;60;freeFlow;1
2025-07-02T06:03:00+02:00;41975_G;64;5;60;freeFlow;1
2025-07-02T06:03:00+02:00;41985_D;78;1;60;freeFlow;1
2025-07-02T06:03:00+02:00;41985_G;50;2;0;unknown;0
2025-07-02T06:03:00+02:00;42064_D;78;3;60;freeFlow;1
2025-07-02T06:03:00+02:00;42064_G;50;4;0;unknown;0
2025-07-02T06:03:00+02:00;420870_D;50;5;0;unknown;0
2025-07-02T06:03:00+02:00;420870_G;50;5;0;unknown;0
2025-07-02T06:03:00+02:00;42206_G;32;29;60;heavy;1
2025-07-02T06:03:00+02:00;42238_G;50;7;0;unknown;0
2025-07-02T06:03:00+02:00;42239_D;78;4;60;freeFlow;1
2025-07-02T06:03:00+02:00;42239_G;50;6;0;unknown;0
2025-07-02T06:03:00+02:00;42240_D;78;10;60;freeFlow;1
2025-07-02T06:03:00+02:00;42240_G;28;27;75;heavy;2
2025-07-02T06:03:00+02:00;42241_D;50;14;0;unknown;0
2025-07-02T06:03:00+02:00;42241_G;78;9;60;freeFlow;1
2025-07-02T06:03:00+02:00;42242_D;35;9;55;heavy;1
2025-07-02T06:03:00+02:00;42242_G;78;4;60;freeFlow;1
2025-07-02T06:03:00+02:00;42683_D;54;6;60;freeFlow;1
2025-07-02T06:03:00+02:00;42683_G;50;6;0;unknown;0
2025-07-02T06:03:00+02:00;42714_D;62;3;60;freeFlow;1
2025-07-02T06:03:00+02:00;42714_G;56;4;60;freeFlow;1
2025-07-02T06:03:00+02:00;42716_D;62;1;60;freeFlow;1
2025-07-02T06:03:00+02:00;42716_G;72;1;60;freeFlow;1
2025-07-02T06:03:00+02:00;43449_D;30;7;0;unknown;0
2025-07-02T06:03:00+02:00;43449_G;30;7;0;unknown;0
2025-07-02T06:03:00+02:00;43450_D;30;10;0;unknown;0
2025-07-02T06:03:00+02:00;43450_G;30;10;0;unknown;0
2025-07-02T06:03:00+02:00;43451_G;30;16;0;unknown;0
2025-07-02T06:03:00+02:00;43452_D;30;5;0;unknown;0
2025-07-02T06:03:00+02:00;43452_G;30;5;0;unknown;0
2025-07-02T06:03:00+02:00;43475_D;50;4;0;unknown;0
2025-07-02T06:03:00+02:00;43475_G;50;4;0;unknown;0
2025-07-02T06:03:00+02:00;43622_D;50;2;0;unknown;0
2025-07-02T06:03:00+02:00;43622_G;55;2;42;freeFlow;1
2025-07-02T06:03:00+02:00;43623_D;50;4;0;unknown;0
2025-07-02T06:03:00+02:00;43623_G;55;4;42;freeFlow;1
2025-07-02T06:03:00+02:00;43624_D;50;5;0;unknown;0
2025-07-02T06:03:00+02:00;43624_G;50;5;0;unknown;0
2025-07-02T06:03:00+02:00;43625_D;50;7;0;unknown;0
2025-07-02T06:03:00+02:00;43625_G;55;7;42;freeFlow;1
2025-07-02T06:03:00+02:00;43657_D;55;2;42;freeFlow;1
2025-07-02T06:03:00+02:00;43657_G;50;2;0;unknown;0
2025-07-02T06:03:00+02:00;43659_D;30;5;0;unknown;0
2025-07-02T06:03:00+02:00;43659_G;30;5;0;unknown;0
2025-07-02T06:03:00+02:00;44039_D;50;2;0;unknown;0
2025-07-02T06:03:00+02:00;44039_G;50;2;0;unknown;0
2025-07-02T06:03:00+02:00;44040_D;50;9;0;unknown;0
2025-07-02T06:03:00+02:00;44040_G;50;9;0;unknown;0
2025-07-02T06:03:00+02:00;44041_D;50;9;0;unknown;0
2025-07-02T06:03:00+02:00;44041_G;50;9;0;unknown;0
2025-07-02T06:03:00+02:00;44042_D;50;10;0;unknown;0
2025-07-02T06:03:00+02:00;44042_G;50;9;0;unknown;0
2025-07-02T06:03:00+02:00;44071_D;30;9;0;unknown;0
2025-07-02T06:03:00+02:00;44071_G;30;10;0;unknown;0
2025-07-02T06:03:00+02:00;44080;50;2;0;unknown;0
2025-07-02T06:03:00+02:00;44113_D;50;6;0;unknown;0
2025-07-02T06:03:00+02:00;44113_G;50;6;0;unknown;0
2025-07-02T06:03:00+02:00;44114_D;50;5;0;unknown;0
2025-07-02T06:03:00+02:00;44114_G;50;5;0;unknown;0
2025-07-02T06:03:00+02:00;44115_D;50;7;0;unknown;0
2025-07-02T06:03:00+02:00;44115_G;50;7;0;unknown;0
2025-07-02T06:03:00+02:00;44117_D;50;6;0;unknown;0
2025-07-02T06:03:00+02:00;44117_G;50;5;0;unknown;0
2025-07-02T06:03:00+02:00;44118_D;50;4;0;unknown;0
2025-07-02T06:03:00+02:00;44118_G;50;4;0;unknown;0
2025-07-02T06:03:00+02:00;44125_D;50;3;0;unknown;0
2025-07-02T06:03:00+02:00;44125_G;50;3;0;unknown;0
2025-07-02T06:03:00+02:00;44127;50;6;0;unknown;0
2025-07-02T06:03:00+02:00;44128;50;7;0;unknown;0
2025-07-02T06:03:00+02:00;44170_D;50;3;0;unknown;0
2025-07-02T06:03:00+02:00;44170_G;50;4;0;unknown;0
2025-07-02T06:03:00+02:00;44713_D;50;1;0;unknown;0
2025-07-02T06:03:00+02:00;44713_G;50;0;0;unknown;0
2025-07-02T06:03:00+02:00;44930;50;4;0;unknown;0
2025-07-02T06:03:00+02:00;44931;50;13;0;unknown;0
2025-07-02T06:03:00+02:00;44934;80;25;60;freeFlow;1
2025-07-02T06:03:00+02:00;45486_G;50;4;0;unknown;0
2025-07-02T06:03:00+02:00;45487_G;50;5;0;unknown;0
2025-07-02T06:03:00+02:00;45488_D;50;14;0;unknown;0
2025-07-02T06:03:00+02:00;45488_G;50;14;0;unknown;0
2025-07-02T06:03:00+02:00;45489_D;50;5;0;unknown;0
2025-07-02T06:03:00+02:00;45489_G;50;5;0;unknown;0
2025-07-02T06:03:00+02:00;45490_D;50;3;0;unknown;0
2025-07-02T06:03:00+02:00;45490_G;50;3;0;unknown;0
2025-07-02T06:03:00+02:00;45503_D;50;3;0;unknown;0
2025-07-02T06:03:00+02:00;45503_G;50;3;0;unknown;0
2025-07-02T06:03:00+02:00;45504_D;50;3;0;unknown;0
2025-07-02T06:03:00+02:00;45504_G;50;3;0;unknown;0
2025-07-02T06:03:00+02:00;45505_D;50;7;0;unknown;0
2025-07-02T06:03:00+02:00;45505_G;50;7;0;unknown;0
2025-07-02T06:03:00+02:00;45530_D;30;2;0;unknown;0
2025-07-02T06:03:00+02:00;45530_G;30;2;0;unknown;0
2025-07-02T06:03:00+02:00;45531_D;30;2;0;unknown;0
2025-07-02T06:03:00+02:00;45531_G;30;2;0;unknown;0
2025-07-02T06:03:00+02:00;45532_D;30;7;0;unknown;0
2025-07-02T06:03:00+02:00;45532_G;30;7;0;unknown;0
2025-07-02T06:03:00+02:00;45565_D;50;7;0;unknown;0
2025-07-02T06:03:00+02:00;45565_G;50;6;0;unknown;0
2025-07-02T06:03:00+02:00;45566_D;50;5;0;unknown;0
2025-07-02T06:03:00+02:00;45566_G;50;5;0;unknown;0
2025-07-02T06:03:00+02:00;45567_D;50;6;0;unknown;0
2025-07-02T06:03:00+02:00;45567_G;50;6;0;unknown;0
2025-07-02T06:03:00+02:00;45568_D;50;9;0;unknown;0
2025-07-02T06:03:00+02:00;45568_G;50;10;0;unknown;0
2025-07-02T06:03:00+02:00;45601_D;50;6;0;unknown;0
2025-07-02T06:03:00+02:00;45601_G;50;6;0;unknown;0
2025-07-02T06:03:00+02:00;45613_D;50;6;0;unknown;0
2025-07-02T06:03:00+02:00;45613_G;50;6;0;unknown;0
2025-07-02T06:03:00+02:00;45614_D;50;4;0;unknown;0
2025-07-02T06:03:00+02:00;45614_G;50;4;0;unknown;0
2025-07-02T06:03:00+02:00;45636;70;16;0;unknown;0
2025-07-02T06:03:00+02:00;45637;86;13;100;freeFlow;4
2025-07-02T06:03:00+02:00;45640;50;10;0;unknown;0
2025-07-02T06:03:00+02:00;45641;80;16;60;freeFlow;1
2025-07-02T06:03:00+02:00;45642;90;23;75;freeFlow;2
2025-07-02T06:03:00+02:00;45644_D;50;19;0;unknown;0
2025-07-02T06:03:00+02:00;45644_G;50;19;0;unknown;0
2025-07-02T06:03:00+02:00;45645_G;50;11;0;unknown;0
2025-07-02T06:03:00+02:00;45725;91;35;100;freeFlow;4
2025-07-02T06:03:00+02:00;45736_D;50;9;0;unknown;0
2025-07-02T06:03:00+02:00;45736_G;50;9;0;unknown;0
2025-07-02T06:03:00+02:00;45759_D;50;8;0;unknown;0
2025-07-02T06:03:00+02:00;45759_G;50;7;0;unknown;0
2025-07-02T06:03:00+02:00;45760_D;50;6;0;unknown;0
2025-07-02T06:03:00+02:00;45760_G;50;6;0;unknown;0
2025-07-02T06:03:00+02:00;45761_G;50;6;0;unknown;0
2025-07-02T06:03:00+02:00;45762_D;50;5;0;unknown;0
2025-07-02T06:03:00+02:00;45762_G;50;5;0;unknown;0
2025-07-02T06:03:00+02:00;45849_D;50;2;0;unknown;0
2025-07-02T06:03:00+02:00;45849_G;50;2;0;unknown;0
2025-07-02T06:03:00+02:00;45850_D;50;2;0;unknown;0
2025-07-02T06:03:00+02:00;45850_G;50;2;0;unknown;0
2025-07-02T06:03:00+02:00;45865_G;50;7;0;unknown;0
2025-07-02T06:03:00+02:00;46027;33;2;75;heavy;2
2025-07-02T06:03:00+02:00;46028;50;14;0;unknown;0
2025-07-02T06:03:00+02:00;46029;49;3;73;freeFlow;2
2025-07-02T06:03:00+02:00;46036_D;50;10;0;unknown;0
2025-07-02T06:03:00+02:00;46036_G;50;10;0;unknown;0
2025-07-02T06:03:00+02:00;46053_G;50;8;0;unknown;0
2025-07-02T06:03:00+02:00;46054_D;50;4;0;unknown;0
2025-07-02T06:03:00+02:00;46054_G;50;4;0;unknown;0
2025-07-02T06:03:00+02:00;46055_D;50;5;0;unknown;0
2025-07-02T06:03:00+02:00;46055_G;50;5;0;unknown;0
2025-07-02T06:03:00+02:00;46056_G;50;2;0;unknown;0
2025-07-02T06:03:00+02:00;46057_D;50;4;0;unknown;0
2025-07-02T06:03:00+02:00;46057_G;50;4;0;unknown;0
2025-07-02T06:03:00+02:00;46058_D;50;7;0;unknown;0
2025-07-02T06:03:00+02:00;46058_G;50;7;0;unknown;0
2025-07-02T06:03:00+02:00;46059_D;50;12;0;unknown;0
2025-07-02T06:03:00+02:00;46059_G;50;12;0;unknown;0
2025-07-02T06:03:00+02:00;46079_D;50;6;0;unknown;0
2025-07-02T06:03:00+02:00;46079_G;50;6;0;unknown;0
2025-07-02T06:03:00+02:00;46080_D;50;9;0;unknown;0
2025-07-02T06:03:00+02:00;46080_G;50;9;0;unknown;0
2025-07-02T06:03:00+02:00;46081;37;7;40;freeFlow;1
2025-07-02T06:03:00+02:00;46135;50;7;0;unknown;0
2025-07-02T06:03:00+02:00;46136;50;6;0;unknown;0
2025-07-02T06:03:00+02:00;46137;50;9;0;unknown;0
2025-07-02T06:03:00+02:00;46163;38;8;42;freeFlow;1
2025-07-02T06:03:00+02:00;46228;108;9;60;freeFlow;1
2025-07-02T06:03:00+02:00;46230;96;15;75;freeFlow;2
2025-07-02T06:03:00+02:00;46251_D;50;3;0;unknown;0
2025-07-02T06:03:00+02:00;46251_G;50;4;0;unknown;0
2025-07-02T06:03:00+02:00;46264;75;22;38;freeFlow;1
2025-07-02T06:03:00+02:00;46265;100;7;75;freeFlow;2
2025-07-02T06:03:00+02:00;46266;94;3;75;freeFlow;2
2025-07-02T06:03:00+02:00;46267;85;9;100;freeFlow;4
2025-07-02T06:03:00+02:00;46268;75;20;100;freeFlow;3
2025-07-02T06:03:00+02:00;46270_D;50;4;0;unknown;0
2025-07-02T06:03:00+02:00;46270_G;22;10;60;heavy;1
2025-07-02T06:03:00+02:00;46271_D;50;5;0;unknown;0
2025-07-02T06:03:00+02:00;46271_G;14;19;59;congested;1
2025-07-02T06:03:00+02:00;46374_D;78;16;60;freeFlow;1
2025-07-02T06:03:00+02:00;46374_G;50;25;0;unknown;0
2025-07-02T06:03:00+02:00;46375_D;50;10;0;unknown;0
2025-07-02T06:03:00+02:00;46375_G;50;10;0;unknown;0
2025-07-02T06:03:00+02:00;46376_D;50;14;0;unknown;0
2025-07-02T06:03:00+02:00;46376_G;50;14;0;unknown;0
2025-07-02T06:03:00+02:00;46377_D;50;8;0;unknown;0
2025-07-02T06:03:00+02:00;46377_G;50;8;0;unknown;0
2025-07-02T06:03:00+02:00;46427_D;50;7;0;unknown;0
2025-07-02T06:03:00+02:00;46427_G;50;7;0;unknown;0
2025-07-02T06:03:00+02:00;46559_D;50;1;0;unknown;0
2025-07-02T06:03:00+02:00;46559_G;50;1;0;unknown;0
2025-07-02T06:03:00+02:00;46560_D;50;8;0;unknown;0
2025-07-02T06:03:00+02:00;46560_G;50;8;0;unknown;0
2025-07-02T06:03:00+02:00;46561_D;50;5;0;unknown;0
2025-07-02T06:03:00+02:00;46561_G;50;5;0;unknown;0
2025-07-02T06:03:00+02:00;46562_D;50;2;0;unknown;0
2025-07-02T06:03:00+02:00;46562_G;50;2;0;unknown;0
2025-07-02T06:03:00+02:00;46563_D;50;8;0;unknown;0
2025-07-02T06:03:00+02:00;46563_G;50;9;0;unknown;0
2025-07-02T06:03:00+02:00;46564_D;50;4;0;unknown;0
2025-07-02T06:03:00+02:00;46564_G;50;4;0;unknown;0
2025-07-02T06:03:00+02:00;46565_D;50;4;0;unknown;0
2025-07-02T06:03:00+02:00;46565_G;50;4;0;unknown;0
2025-07-02T06:03:00+02:00;46566_D;50;5;0;unknown;0
2025-07-02T06:03:00+02:00;46566_G;50;5;0;unknown;0
2025-07-02T06:03:00+02:00;46567_G;50;2;0;unknown;0
2025-07-02T06:03:00+02:00;46568_D;50;1;0;unknown;0
2025-07-02T06:03:00+02:00;46568_G;23;3;27;heavy;1
2025-07-02T06:03:00+02:00;46569_D;50;10;0;unknown;0
2025-07-02T06:03:00+02:00;46569_G;50;9;0;unknown;0
2025-07-02T06:03:00+02:00;46627_D;50;11;0;unknown;0
2025-07-02T06:03:00+02:00;46627_G;50;11;0;unknown;0
2025-07-02T06:03:00+02:00;46628_D;50;8;0;unknown;0
2025-07-02T06:03:00+02:00;46628_G;50;8;0;unknown;0
2025-07-02T06:03:00+02:00;46640;50;15;0;unknown;0
2025-07-02T06:03:00+02:00;46641;50;8;0;unknown;0
2025-07-02T06:03:00+02:00;46643;50;3;0;unknown;0
2025-07-02T06:03:00+02:00;46649;50;8;0;unknown;0
2025-07-02T06:03:00+02:00;46653_D;50;12;0;unknown;0
2025-07-02T06:03:00+02:00;46653_G;50;12;0;unknown;0
2025-07-02T06:03:00+02:00;46654_D;50;10;0;unknown;0
2025-07-02T06:03:00+02:00;46654_G;50;10;0;unknown;0
2025-07-02T06:03:00+02:00;46655_D;50;3;0;unknown;0
2025-07-02T06:03:00+02:00;46655_G;50;3;0;unknown;0
2025-07-02T06:03:00+02:00;46682;46;11;57;freeFlow;1
2025-07-02T06:03:00+02:00;46683;54;1;57;freeFlow;1
2025-07-02T06:03:00+02:00;46684;39;12;38;freeFlow;1
2025-07-02T06:03:00+02:00;46685;43;24;75;heavy;2
2025-07-02T06:03:00+02:00;46686;52;26;55;freeFlow;1
2025-07-02T06:03:00+02:00;46688;39;29;38;heavy;1
2025-07-02T06:03:00+02:00;46716;86;1;75;freeFlow;2
2025-07-02T06:03:00+02:00;46717;80;47;67;freeFlow;2
2025-07-02T06:03:00+02:00;46718;81;13;75;freeFlow;2
2025-07-02T06:03:00+02:00;46719;70;11;0;unknown;0
2025-07-02T06:03:00+02:00;46720;70;3;0;unknown;0
2025-07-02T06:03:00+02:00;46728;74;5;60;freeFlow;1
2025-07-02T06:03:00+02:00;46745_D;50;12;0;unknown;0
2025-07-02T06:03:00+02:00;46745_G;50;12;0;unknown;0
2025-07-02T06:03:00+02:00;46746_D;50;18;0;unknown;0
2025-07-02T06:03:00+02:00;46746_G;50;18;0;unknown;0
2025-07-02T06:03:00+02:00;46975;50;3;0;unknown;0
2025-07-02T06:03:00+02:00;47024;44;4;60;freeFlow;1
2025-07-02T06:03:00+02:00;47025;50;8;0;unknown;0
2025-07-02T06:03:00+02:00;47030;14;23;60;congested;1
2025-07-02T06:03:00+02:00;47057;85;10;100;freeFlow;4
2025-07-02T06:03:00+02:00;47058;91;21;100;freeFlow;5
2025-07-02T06:03:00+02:00;47059;83;15;75;freeFlow;2
2025-07-02T06:03:00+02:00;47060;80;12;75;freeFlow;2
2025-07-02T06:03:00+02:00;47062;50;17;0;unknown;0
2025-07-02T06:03:00+02:00;47064;51;2;75;freeFlow;2
2025-07-02T06:03:00+02:00;47066;118;1;60;freeFlow;1
2025-07-02T06:03:00+02:00;47068;118;6;60;freeFlow;1
2025-07-02T06:03:00+02:00;47070;34;9;68;heavy;2
2025-07-02T06:03:00+02:00;47071;36;24;60;heavy;1
2025-07-02T06:03:00+02:00;47074;74;6;75;freeFlow;2
2025-07-02T06:03:00+02:00;47075;90;3;0;unknown;0
2025-07-02T06:03:00+02:00;47078;97;25;27;freeFlow;1
2025-07-02T06:03:00+02:00;47101;45;9;55;freeFlow;1
2025-07-02T06:03:00+02:00;47107;81;6;75;freeFlow;2
2025-07-02T06:03:00+02:00;47108;70;12;45;freeFlow;1
2025-07-02T06:03:00+02:00;47109;118;1;60;freeFlow;1
2025-07-02T06:03:00+02:00;47110;55;14;68;freeFlow;2
2025-07-02T06:03:00+02:00;47111;97;18;75;freeFlow;2
2025-07-02T06:03:00+02:00;47112;45;19;70;freeFlow;2
2025-07-02T06:03:00+02:00;47113;90;6;0;unknown;0
2025-07-02T06:03:00+02:00;47114;50;28;0;unknown;0
2025-07-02T06:03:00+02:00;47115;88;16;60;freeFlow;1
2025-07-02T06:03:00+02:00;47238;86;7;100;freeFlow;4
2025-07-02T06:03:00+02:00;47240;90;16;75;freeFlow;2
2025-07-02T06:03:00+02:00;47241;92;11;75;freeFlow;2
2025-07-02T06:03:00+02:00;47242;89;14;100;freeFlow;4
2025-07-02T06:03:00+02:00;47243;79;18;100;freeFlow;4
2025-07-02T06:03:00+02:00;47290;25;20;40;heavy;1
2025-07-02T06:03:00+02:00;47293;48;11;100;heavy;4
2025-07-02T06:03:00+02:00;47299;37;9;75;heavy;2
2025-07-02T06:03:00+02:00;47300;70;17;0;unknown;0
2025-07-02T06:03:00+02:00;47306;98;20;61;freeFlow;2
2025-07-02T06:03:00+02:00;47316;52;6;55;freeFlow;1
2025-07-02T06:03:00+02:00;47428_D;50;5;0;unknown;0
2025-07-02T06:03:00+02:00;47428_G;50;5;0;unknown;0
2025-07-02T06:03:00+02:00;48769_D;50;3;0;unknown;0
2025-07-02T06:03:00+02:00;48769_G;50;3;0;unknown;0
2025-07-02T06:03:00+02:00;48890;50;1;0;unknown;0
2025-07-02T06:03:00+02:00;48891;50;1;0;unknown;0
2025-07-02T06:03:00+02:00;48958_D;50;4;0;unknown;0
2025-07-02T06:03:00+02:00;48958_G;50;4;0;unknown;0
2025-07-02T06:03:00+02:00;489866_G;50;4;0;unknown;0
2025-07-02T06:03:00+02:00;49004;50;4;0;unknown;0
2025-07-02T06:03:00+02:00;490194_D;63;1;60;freeFlow;1
2025-07-02T06:03:00+02:00;490194_G;63;1;60;freeFlow;1
2025-07-02T06:03:00+02:00;49023;70;8;0;unknown;0
2025-07-02T06:03:00+02:00;49068;23;28;96;heavy;3
2025-07-02T06:03:00+02:00;49074;70;1;0;unknown;0
2025-07-02T06:03:00+02:00;49075;70;2;0;unknown;0
2025-07-02T06:03:00+02:00;49081;70;8;0;unknown;0
2025-07-02T06:03:00+02:00;49084;31;14;40;heavy;1
2025-07-02T06:03:00+02:00;49137_D;50;4;0;unknown;0
2025-07-02T06:03:00+02:00;49137_G;50;4;0;unknown;0
2025-07-02T06:03:00+02:00;49184;118;1;60;freeFlow;1
2025-07-02T06:03:00+02:00;492351_G;50;2;0;unknown;0
2025-07-02T06:03:00+02:00;492359_D;50;5;0;unknown;0
2025-07-02T06:03:00+02:00;492363_D;35;14;60;heavy;1
2025-07-02T06:03:00+02:00;492363_G;50;10;0;unknown;0
2025-07-02T06:03:00+02:00;492435;39;11;62;freeFlow;2
2025-07-02T06:03:00+02:00;492445_G;62;10;60;freeFlow;1
2025-07-02T06:03:00+02:00;492450;60;8;40;freeFlow;1
2025-07-02T06:03:00+02:00;492452;63;8;60;freeFlow;1
2025-07-02T06:03:00+02:00;492459;18;3;48;heavy;1
2025-07-02T06:03:00+02:00;492474;12;14;60;congested;1
2025-07-02T06:03:00+02:00;492475;80;11;60;freeFlow;1
2025-07-02T06:03:00+02:00;492476;108;4;60;freeFlow;1
2025-07-02T06:03:00+02:00;492477;78;1;15;freeFlow;1
2025-07-02T06:03:00+02:00;492479;78;8;15;freeFlow;1
2025-07-02T06:03:00+02:00;492481;50;3;0;unknown;0
2025-07-02T06:03:00+02:00;492482;95;1;30;freeFlow;1
2025-07-02T06:03:00+02:00;492483;75;2;60;freeFlow;1
2025-07-02T06:03:00+02:00;492485;87;1;75;freeFlow;2
2025-07-02T06:03:00+02:00;492490;60;6;40;freeFlow;1
2025-07-02T06:03:00+02:00;492495;34;1;60;heavy;1
2025-07-02T06:03:00+02:00;492498;108;4;60;freeFlow;1
2025-07-02T06:03:00+02:00;492506;52;4;27;freeFlow;1
2025-07-02T06:03:00+02:00;492512;50;2;0;unknown;0
2025-07-02T06:03:00+02:00;492514;95;1;30;freeFlow;1
2025-07-02T06:03:00+02:00;492519;32;16;60;heavy;1
2025-07-02T06:03:00+02:00;492574;62;3;60;freeFlow;1
2025-07-02T06:03:00+02:00;492576;108;0;60;freeFlow;1
2025-07-02T06:03:00+02:00;49328_D;50;2;0;unknown;0
2025-07-02T06:03:00+02:00;49328_G;50;2;0;unknown;0
2025-07-02T06:03:00+02:00;49686_D;50;3;0;unknown;0
2025-07-02T06:03:00+02:00;49686_G;50;3;0;unknown;0
2025-07-02T06:03:00+02:00;50079_D;30;8;0;unknown;0
2025-07-02T06:03:00+02:00;50079_G;30;8;0;unknown;0
2025-07-02T06:03:00+02:00;50191_D;50;10;0;unknown;0
2025-07-02T06:03:00+02:00;50191_G;50;11;0;unknown;0
2025-07-02T06:03:00+02:00;50308_G;50;6;0;unknown;0
2025-07-02T06:03:00+02:00;50355_D;50;6;0;unknown;0
2025-07-02T06:03:00+02:00;50355_G;50;6;0;unknown;0
2025-07-02T06:03:00+02:00;50416_D;50;3;0;unknown;0
2025-07-02T06:03:00+02:00;50416_G;50;3;0;unknown;0
2025-07-02T06:03:00+02:00;50475;47;8;60;freeFlow;1
2025-07-02T06:03:00+02:00;50509;54;8;57;freeFlow;1
2025-07-02T06:03:00+02:00;50573_D;30;8;0;unknown;0
2025-07-02T06:03:00+02:00;50573_G;30;6;0;unknown;0
2025-07-02T06:03:00+02:00;51008;50;3;0;unknown;0
2025-07-02T06:03:00+02:00;51017;12;12;57;congested;1
2025-07-02T06:03:00+02:00;51159_D;50;13;0;unknown;0
2025-07-02T06:03:00+02:00;51159_G;50;13;0;unknown;0
2025-07-02T06:03:00+02:00;51254_D;50;6;0;unknown;0
2025-07-02T06:03:00+02:00;51254_G;50;6;0;unknown;0
2025-07-02T06:03:00+02:00;51323_D;50;3;0;unknown;0
2025-07-02T06:03:00+02:00;51323_G;50;4;0;unknown;0
2025-07-02T06:03:00+02:00;51437_D;50;3;0;unknown;0
2025-07-02T06:03:00+02:00;51437_G;50;3;0;unknown;0
2025-07-02T06:03:00+02:00;51455_D;50;6;0;unknown;0
2025-07-02T06:03:00+02:00;51455_G;50;5;0;unknown;0
2025-07-02T06:03:00+02:00;51797;50;4;0;unknown;0
2025-07-02T06:03:00+02:00;52130;50;4;0;unknown;0
2025-07-02T06:03:00+02:00;53329_D;30;6;0;unknown;0
2025-07-02T06:03:00+02:00;53329_G;30;6;0;unknown;0
2025-07-02T06:03:00+02:00;53336_D;50;8;0;unknown;0
2025-07-02T06:03:00+02:00;53336_G;50;8;0;unknown;0
2025-07-02T06:03:00+02:00;53411_D;50;7;0;unknown;0
2025-07-02T06:03:00+02:00;53539_G;50;4;0;unknown;0
2025-07-02T06:03:00+02:00;53542;88;5;60;freeFlow;1
2025-07-02T06:03:00+02:00;53543;90;5;0;unknown;0
2025-07-02T06:03:00+02:00;53575_D;50;13;0;unknown;0
2025-07-02T06:03:00+02:00;53575_G;50;12;0;unknown;0
2025-07-02T06:03:00+02:00;53656;50;2;0;unknown;0
2025-07-02T06:03:00+02:00;53660;50;7;0;unknown;0
2025-07-02T06:03:00+02:00;53663;50;2;0;unknown;0
2025-07-02T06:03:00+02:00;53675;33;2;60;heavy;1
2025-07-02T06:03:00+02:00;53676;38;3;75;heavy;2
2025-07-02T06:03:00+02:00;53677;43;13;75;heavy;2
2025-07-02T06:03:00+02:00;53678;70;1;0;unknown;0
2025-07-02T06:03:00+02:00;53679;70;2;0;unknown;0
2025-07-02T06:03:00+02:00;53681;44;45;74;freeFlow;2
2025-07-02T06:03:00+02:00;53721;50;1;0;unknown;0
2025-07-02T06:03:00+02:00;53885_D;63;8;60;freeFlow;1
2025-07-02T06:03:00+02:00;53885_G;71;7;60;freeFlow;1
2025-07-02T06:03:00+02:00;54211;50;13;0;unknown;0
2025-07-02T06:03:00+02:00;54334_D;50;1;0;unknown;0
2025-07-02T06:03:00+02:00;54334_G;50;1;0;unknown;0
2025-07-02T06:03:00+02:00;54337;50;16;0;unknown;0
2025-07-02T06:03:00+02:00;54361;50;4;0;unknown;0
2025-07-02T06:03:00+02:00;54580_G;42;14;60;freeFlow;1
2025-07-02T06:03:00+02:00;54707;50;9;0;unknown;0
2025-07-02T06:03:00+02:00;54709;50;1;0;unknown;0
2025-07-02T06:03:00+02:00;54710;50;4;0;unknown;0
2025-07-02T06:03:00+02:00;55397_D;50;1;0;unknown;0
2025-07-02T06:03:00+02:00;55397_G;50;1;0;unknown;0
2025-07-02T06:03:00+02:00;55401;50;8;0;unknown;0
2025-07-02T06:03:00+02:00;55405;50;1;0;unknown;0
2025-07-02T06:03:00+02:00;55406;50;4;0;unknown;0
2025-07-02T06:03:00+02:00;55407;50;2;0;unknown;0
2025-07-02T06:03:00+02:00;55408;50;3;0;unknown;0
2025-07-02T06:03:00+02:00;55440_D;30;6;0;unknown;0
2025-07-02T06:03:00+02:00;55440_G;30;6;0;unknown;0
2025-07-02T06:03:00+02:00;55443_D;50;2;0;unknown;0
2025-07-02T06:03:00+02:00;55443_G;50;1;0;unknown;0
2025-07-02T06:03:00+02:00;55446;50;2;0;unknown;0
2025-07-02T06:03:00+02:00;55447;50;1;0;unknown;0
2025-07-02T06:03:00+02:00;55448;50;1;0;unknown;0
2025-07-02T06:03:00+02:00;55449;50;1;0;unknown;0
2025-07-02T06:03:00+02:00;55516;50;2;0;unknown;0
2025-07-02T06:03:00+02:00;55669;26;8;75;heavy;2
2025-07-02T06:03:00+02:00;55671;50;7;0;unknown;0
2025-07-02T06:03:00+02:00;55696;50;15;0;unknown;0
2025-07-02T06:03:00+02:00;55698;50;9;0;unknown;0
2025-07-02T06:03:00+02:00;55700;50;8;0;unknown;0
2025-07-02T06:03:00+02:00;55703;50;3;0;unknown;0
2025-07-02T06:03:00+02:00;55706;50;1;0;unknown;0
2025-07-02T06:03:00+02:00;55707;50;7;0;unknown;0
2025-07-02T06:03:00+02:00;55708;50;3;0;unknown;0
2025-07-02T06:03:00+02:00;55710;50;14;0;unknown;0
2025-07-02T06:03:00+02:00;55711;50;1;0;unknown;0
2025-07-02T06:03:00+02:00;55713;50;14;0;unknown;0
2025-07-02T06:03:00+02:00;55781_D;50;2;0;unknown;0
2025-07-02T06:03:00+02:00;55781_G;50;2;0;unknown;0
2025-07-02T06:03:00+02:00;55800;59;5;42;freeFlow;1
2025-07-02T06:03:00+02:00;55801;40;4;40;freeFlow;1
2025-07-02T06:03:00+02:00;55805;50;5;0;unknown;0
2025-07-02T06:03:00+02:00;55806;50;10;0;unknown;0
2025-07-02T06:03:00+02:00;55811;50;7;0;unknown;0
2025-07-02T06:03:00+02:00;55814;50;2;0;unknown;0
2025-07-02T06:03:00+02:00;55815;23;1;40;heavy;1
2025-07-02T06:03:00+02:00;55820;50;1;0;unknown;0
2025-07-02T06:03:00+02:00;55821;23;5;40;heavy;1
2025-07-02T06:03:00+02:00;55822;28;4;40;heavy;1
2025-07-02T06:03:00+02:00;55823;50;1;0;unknown;0
2025-07-02T06:03:00+02:00;55824;50;1;0;unknown;0
2025-07-02T06:03:00+02:00;55827;38;2;75;heavy;2
2025-07-02T06:03:00+02:00;55830;36;2;75;heavy;2
2025-07-02T06:03:00+02:00;55841;54;8;57;freeFlow;1
2025-07-02T06:03:00+02:00;55843;50;1;0;unknown;0
2025-07-02T06:03:00+02:00;55879;50;1;0;unknown;0
2025-07-02T06:03:00+02:00;55883;50;1;0;unknown;0
2025-07-02T06:03:00+02:00;55887;32;17;60;heavy;1
2025-07-02T06:03:00+02:00;55888;50;12;0;unknown;0
2025-07-02T06:03:00+02:00;55889;19;5;75;heavy;2
2025-07-02T06:03:00+02:00;55890;44;2;60;freeFlow;1
2025-07-02T06:03:00+02:00;55894;26;3;57;heavy;1
2025-07-02T06:03:00+02:00;55896;39;2;75;freeFlow;2
2025-07-02T06:03:00+02:00;55898;50;12;0;unknown;0
2025-07-02T06:03:00+02:00;55899;50;7;0;unknown;0
2025-07-02T06:03:00+02:00;55926_D;50;5;0;unknown;0
2025-07-02T06:03:00+02:00;55926_G;18;13;57;heavy;1
2025-07-02T06:03:00+02:00;55932;16;4;57;heavy;1
2025-07-02T06:03:00+02:00;55933;50;2;0;unknown;0
2025-07-02T06:03:00+02:00;55958;45;1;55;freeFlow;1
2025-07-02T06:03:00+02:00;55959;50;2;0;unknown;0
2025-07-02T06:03:00+02:00;55974;25;2;60;heavy;1
2025-07-02T06:03:00+02:00;55975;96;1;60;freeFlow;1
2025-07-02T06:03:00+02:00;55977;33;5;52;heavy;1
2025-07-02T06:03:00+02:00;55978;45;2;55;freeFlow;1
2025-07-02T06:03:00+02:00;55980;118;2;60;freeFlow;1
2025-07-02T06:03:00+02:00;55981;52;5;60;freeFlow;1
2025-07-02T06:03:00+02:00;56019;50;1;0;unknown;0
2025-07-02T06:03:00+02:00;56020;14;4;57;congested;1
2025-07-02T06:03:00+02:00;56113;50;5;0;unknown;0
2025-07-02T06:03:00+02:00;56115;35;6;60;heavy;1
2025-07-02T06:03:00+02:00;56117;50;5;0;unknown;0
2025-07-02T06:03:00+02:00;56118;50;1;0;unknown;0
2025-07-02T06:03:00+02:00;56124;50;1;0;unknown;0
2025-07-02T06:03:00+02:00;56125;50;1;0;unknown;0
2025-07-02T06:03:00+02:00;56126;35;4;60;heavy;1
2025-07-02T06:03:00+02:00;56128;50;1;0;unknown;0
2025-07-02T06:03:00+02:00;56157_D;30;13;0;unknown;0
2025-07-02T06:03:00+02:00;56157_G;30;13;0;unknown;0
2025-07-02T06:03:00+02:00;56165_D;30;2;0;unknown;0
2025-07-02T06:03:00+02:00;56165_G;30;2;0;unknown;0
2025-07-02T06:03:00+02:00;56170;50;1;0;unknown;0
2025-07-02T06:03:00+02:00;56174;50;5;0;unknown;0
2025-07-02T06:03:00+02:00;56175;50;4;0;unknown;0
2025-07-02T06:03:00+02:00;56179;50;2;0;unknown;0
2025-07-02T06:03:00+02:00;56180;50;1;0;unknown;0
2025-07-02T06:03:00+02:00;56181;50;2;0;unknown;0
2025-07-02T06:03:00+02:00;56182;50;2;0;unknown;0
2025-07-02T06:03:00+02:00;56183;50;1;0;unknown;0
2025-07-02T06:03:00+02:00;56218_D;35;5;60;heavy;1
2025-07-02T06:03:00+02:00;56218_G;50;3;0;unknown;0
2025-07-02T06:03:00+02:00;56223;50;1;0;unknown;0
2025-07-02T06:03:00+02:00;56224;35;11;60;heavy;1
2025-07-02T06:03:00+02:00;56225;50;7;0;unknown;0
2025-07-02T06:03:00+02:00;56229;50;3;0;unknown;0
2025-07-02T06:03:00+02:00;56231;35;2;60;heavy;1
2025-07-02T06:03:00+02:00;56232;35;2;60;heavy;1
2025-07-02T06:03:00+02:00;56233;50;9;0;unknown;0
2025-07-02T06:03:00+02:00;56237;50;9;0;unknown;0
2025-07-02T06:03:00+02:00;56239;30;3;0;unknown;0
2025-07-02T06:03:00+02:00;56247;30;1;0;unknown;0
2025-07-02T06:03:00+02:00;56250;30;21;0;unknown;0
2025-07-02T06:03:00+02:00;56251;30;21;0;unknown;0
2025-07-02T06:03:00+02:00;56254;30;1;0;unknown;0
2025-07-02T06:03:00+02:00;56255;30;2;0;unknown;0
2025-07-02T06:03:00+02:00;56256;30;1;0;unknown;0
2025-07-02T06:03:00+02:00;56258;30;5;0;unknown;0
2025-07-02T06:03:00+02:00;56260;30;2;0;unknown;0
2025-07-02T06:03:00+02:00;56261;30;2;0;unknown;0
2025-07-02T06:03:00+02:00;56263;30;13;0;unknown;0
2025-07-02T06:03:00+02:00;56264;30;13;0;unknown;0
2025-07-02T06:03:00+02:00;56298;30;1;0;unknown;0
2025-07-02T06:03:00+02:00;56300;30;1;0;unknown;0
2025-07-02T06:03:00+02:00;56333;50;2;0;unknown;0
2025-07-02T06:03:00+02:00;565804_D;50;9;0;unknown;0
2025-07-02T06:03:00+02:00;565804_G;50;9;0;unknown;0
2025-07-02T06:03:00+02:00;565852;53;3;55;freeFlow;1
2025-07-02T06:03:00+02:00;565853;90;11;0;unknown;0
2025-07-02T06:03:00+02:00;566240;45;2;55;freeFlow;1
2025-07-02T06:03:00+02:00;566445_D;30;2;0;unknown;0
2025-07-02T06:03:00+02:00;566445_G;30;3;0;unknown;0
2025-07-02T06:03:00+02:00;566456_D;30;22;0;unknown;0
2025-07-02T06:03:00+02:00;566456_G;30;22;0;unknown;0
2025-07-02T06:03:00+02:00;566457;50;1;0;unknown;0
2025-07-02T06:03:00+02:00;566465_D;30;10;0;unknown;0
2025-07-02T06:03:00+02:00;566465_G;30;10;0;unknown;0
2025-07-02T06:03:00+02:00;56675_D;50;3;0;unknown;0
2025-07-02T06:03:00+02:00;56675_G;50;3;0;unknown;0
2025-07-02T06:03:00+02:00;566941;35;3;75;heavy;2
2025-07-02T06:03:00+02:00;56871_D;50;3;0;unknown;0
2025-07-02T06:03:00+02:00;56871_G;50;3;0;unknown;0
2025-07-02T06:03:00+02:00;56908_D;50;8;0;unknown;0
2025-07-02T06:03:00+02:00;56908_G;50;8;0;unknown;0
2025-07-02T06:03:00+02:00;56925;91;39;75;freeFlow;2
2025-07-02T06:03:00+02:00;56944_D;30;10;0;unknown;0
2025-07-02T06:03:00+02:00;56944_G;30;10;0;unknown;0
2025-07-02T06:03:00+02:00;56945_D;30;8;0;unknown;0
2025-07-02T06:03:00+02:00;56945_G;30;7;0;unknown;0
2025-07-02T06:03:00+02:00;57082_G;0;3.40807503298125e+37;60;congested;1
2025-07-02T06:03:00+02:00;57083_D;30;14;0;unknown;0
2025-07-02T06:03:00+02:00;57083_G;30;16;0;unknown;0
2025-07-02T06:03:00+02:00;59724;50;3;0;unknown;0
2025-07-02T06:03:00+02:00;59750_D;50;5;0;unknown;0
2025-07-02T06:03:00+02:00;59750_G;50;4;0;unknown;0
2025-07-02T06:03:00+02:00;59835_D;50;4;0;unknown;0
2025-07-02T06:03:00+02:00;59835_G;50;4;0;unknown;0
2025-07-02T06:03:00+02:00;59836;50;2;0;unknown;0
2025-07-02T06:03:00+02:00;59837;50;1;0;unknown;0
2025-07-02T06:03:00+02:00;59838;50;3;0;unknown;0
2025-07-02T06:03:00+02:00;62559_D;50;6;0;unknown;0
2025-07-02T06:03:00+02:00;62559_G;50;6;0;unknown;0
2025-07-02T06:03:00+02:00;62560;50;5;0;unknown;0
2025-07-02T06:03:00+02:00;62565_D;50;2;0;unknown;0
2025-07-02T06:03:00+02:00;62565_G;50;1;0;unknown;0
2025-07-02T06:03:00+02:00;62831_D;50;1;0;unknown;0
2025-07-02T06:03:00+02:00;62831_G;50;1;0;unknown;0
2025-07-02T06:03:00+02:00;62832_D;50;1;0;unknown;0
2025-07-02T06:03:00+02:00;62832_G;50;1;0;unknown;0
2025-07-02T06:03:00+02:00;63045_D;30;5;0;unknown;0
2025-07-02T06:03:00+02:00;63045_G;30;5;0;unknown;0
2025-07-02T06:03:00+02:00;63053_D;50;4;0;unknown;0
2025-07-02T06:03:00+02:00;63053_G;50;4;0;unknown;0
2025-07-02T06:03:00+02:00;63899;67;25;75;freeFlow;2
2025-07-02T06:03:00+02:00;63934;50;1;0;unknown;0
2025-07-02T06:03:00+02:00;63935;50;8;0;unknown;0
2025-07-02T06:03:00+02:00;63936;50;10;0;unknown;0
2025-07-02T06:03:00+02:00;63939;50;12;0;unknown;0
2025-07-02T06:03:00+02:00;63940;50;2;0;unknown;0
2025-07-02T06:03:00+02:00;63941;50;1;0;unknown;0
2025-07-02T06:03:00+02:00;63942;50;1;0;unknown;0
2025-07-02T06:03:00+02:00;63943;50;2;0;unknown;0
2025-07-02T06:03:00+02:00;63944;50;3;0;unknown;0
2025-07-02T06:03:00+02:00;63947;50;2;0;unknown;0
2025-07-02T06:03:00+02:00;63950;50;1;0;unknown;0
2025-07-02T06:03:00+02:00;63951;50;2;0;unknown;0
2025-07-02T06:03:00+02:00;63952;50;0;0;unknown;0
2025-07-02T06:03:00+02:00;63953;50;1;0;unknown;0
2025-07-02T06:03:00+02:00;63970;56;17;48;freeFlow;1
2025-07-02T06:03:00+02:00;63973;60;2;40;freeFlow;1
2025-07-02T06:03:00+02:00;64032;50;20;0;unknown;0
2025-07-02T06:03:00+02:00;64061_D;47;6;60;freeFlow;1
2025-07-02T06:03:00+02:00;64061_G;30;11;0;unknown;0
2025-07-02T06:03:00+02:00;64637_D;50;8;0;unknown;0
2025-07-02T06:03:00+02:00;64637_G;50;8;0;unknown;0
2025-07-02T06:03:00+02:00;65310;50;6;0;unknown;0
2025-07-02T06:03:00+02:00;65313;50;6;0;unknown;0
2025-07-02T06:03:00+02:00;65682;50;23;0;unknown;0
2025-07-02T06:03:00+02:00;66421;50;2;0;unknown;0
2025-07-02T06:03:00+02:00;66442;50;4;0;unknown;0
2025-07-02T06:03:00+02:00;66782;50;7;0;unknown;0
2025-07-02T06:03:00+02:00;67066;50;6;0;unknown;0
2025-07-02T06:03:00+02:00;67097_D;30;11;0;unknown;0
2025-07-02T06:03:00+02:00;67097_G;30;12;0;unknown;0
2025-07-02T06:03:00+02:00;69381_D;50;6;0;unknown;0
2025-07-02T06:03:00+02:00;69381_G;50;6;0;unknown;0
2025-07-02T06:03:00+02:00;72487_G;80;31;0;unknown;0
2025-07-02T06:03:00+02:00;72614;50;2;0;unknown;0
2025-07-02T06:03:00+02:00;72621;29;13;57;heavy;1
2025-07-02T06:03:00+02:00;72624;44;8;75;freeFlow;2
2025-07-02T06:03:00+02:00;72628;46;0;75;freeFlow;2
2025-07-02T06:03:00+02:00;74283_D;63;12;60;freeFlow;1
2025-07-02T06:03:00+02:00;74283_G;57;13;60;freeFlow;1
2025-07-02T06:03:00+02:00;75387;50;1;0;unknown;0
2025-07-02T06:03:00+02:00;75631;45;7;40;heavy;1
2025-07-02T06:03:00+02:00;75818_D;50;3;0;unknown;0
2025-07-02T06:03:00+02:00;75818_G;50;2;0;unknown;0
2025-07-02T06:03:00+02:00;75820;87;22;60;freeFlow;1
2025-07-02T06:03:00+02:00;75824;108;4;60;freeFlow;1
2025-07-02T06:03:00+02:00;75825;81;6;100;freeFlow;3
2025-07-02T06:03:00+02:00;75828;55;13;55;freeFlow;1
2025-07-02T06:03:00+02:00;75829;91;8;15;freeFlow;1
2025-07-02T06:03:00+02:00;75832;118;1;60;freeFlow;1
2025-07-02T06:03:00+02:00;75833;57;4;60;freeFlow;1
2025-07-02T06:03:00+02:00;75835;79;2;60;freeFlow;1
2025-07-02T06:03:00+02:00;75836;118;8;60;freeFlow;1
2025-07-02T06:03:00+02:00;75837;118;4;60;freeFlow;1
2025-07-02T06:03:00+02:00;75838;88;3;60;freeFlow;1
2025-07-02T06:03:00+02:00;75839;50;4;0;unknown;0
2025-07-02T06:03:00+02:00;75840;52;4;60;freeFlow;1
2025-07-02T06:03:00+02:00;75845;38;3;75;heavy;2
2025-07-02T06:03:00+02:00;75846;43;7;75;heavy;2
2025-07-02T06:03:00+02:00;75847;52;11;55;freeFlow;1
2025-07-02T06:03:00+02:00;75848;50;5;0;unknown;0
2025-07-02T06:03:00+02:00;75849;50;5;0;unknown;0
2025-07-02T06:03:00+02:00;75850;50;4;0;unknown;0
2025-07-02T06:03:00+02:00;75851;50;4;0;unknown;0
2025-07-02T06:03:00+02:00;75853;66;1;30;freeFlow;1
2025-07-02T06:03:00+02:00;75854;66;4;30;freeFlow;1
2025-07-02T06:03:00+02:00;75856;79;2;27;freeFlow;1
2025-07-02T06:03:00+02:00;75897;61;15;27;heavy;1
2025-07-02T06:03:00+02:00;9128;82;34;100;freeFlow;3
2025-07-02T06:03:00+02:00;9130;68;11;68;freeFlow;2
2025-07-02T06:03:00+02:00;9131;95;7;75;freeFlow;2
2025-07-02T06:03:00+02:00;9132;94;22;100;freeFlow;4
2025-07-02T06:03:00+02:00;9146;90;4;75;freeFlow;2
2025-07-02T06:03:00+02:00;9178;58;20;43;heavy;2
2025-07-02T06:03:00+02:00;9179;74;24;100;freeFlow;3
2025-07-02T06:03:00+02:00;9180;103;18;75;freeFlow;2
2025-07-02T06:03:00+02:00;9181;59;16;55;freeFlow;1
2025-07-02T06:03:00+02:00;9182;70;3;0;unknown;0
2025-07-02T06:03:00+02:00;9183;79;5;15;freeFlow;1
2025-07-02T06:03:00+02:00;9184;40;16;38;heavy;1
2025-07-02T06:03:00+02:00;9245;101;70;60;freeFlow;1
2025-07-02T06:03:00+02:00;9246;107;111;71;freeFlow;3
2025-07-02T06:03:00+02:00;9380_D;80;23;0;unknown;0
2025-07-02T06:03:00+02:00;9380_G;80;23;0;unknown;0
2025-07-02T06:03:00+02:00;9389;80;1;0;unknown;0
2025-07-02T06:03:00+02:00;9390;80;1;0;unknown;0
2025-07-02T06:03:00+02:00;9391;80;1;0;unknown;0
2025-07-02T06:03:00+02:00;9392;80;1;0;unknown;0
2025-07-02T06:03:00+02:00;1677832;50;6;0;unknown;0
2025-07-02T06:03:00+02:00;1679085_D;50;2;0;unknown;0
2025-07-02T06:03:00+02:00;1679085_G;28;4;40;heavy;1
2025-07-02T06:03:00+02:00;1679794;29;2;40;heavy;1
2025-07-02T06:03:00+02:00;1679795_G;29;3;40;heavy;1
2025-07-02T06:03:00+02:00;1679796;28;1;40;heavy;1
2025-07-02T06:03:00+02:00;1679797_D;50;6;0;unknown;0
2025-07-02T06:03:00+02:00;1679797_G;50;6;0;unknown;0
2025-07-02T06:03:00+02:00;1679798;28;2;40;heavy;1
2025-07-02T06:03:00+02:00;1679800;50;2;0;unknown;0
2025-07-02T06:03:00+02:00;1680335;50;6;0;unknown;0
2025-07-02T06:03:00+02:00;1680340;50;2;0;unknown;0
2025-07-02T06:03:00+02:00;213972_D;50;6;0;unknown;0
2025-07-02T06:03:00+02:00;213972_G;50;5;0;unknown;0
2025-07-02T06:03:00+02:00;213973_D;50;8;0;unknown;0
2025-07-02T06:03:00+02:00;213973_G;50;8;0;unknown;0
2025-07-02T06:03:00+02:00;213974_D;50;4;0;unknown;0
2025-07-02T06:03:00+02:00;213974_G;50;4;0;unknown;0
2025-07-02T06:03:00+02:00;26521;110;50;75;freeFlow;2
2025-07-02T06:03:00+02:00;26522;114;29;25;freeFlow;1
2025-07-02T06:03:00+02:00;31304_G;50;22;0;unknown;0
2025-07-02T06:03:00+02:00;31328;105;9;60;freeFlow;1
2025-07-02T06:03:00+02:00;31441;79;43;57;freeFlow;1
2025-07-02T06:03:00+02:00;31535;80;9;60;freeFlow;1
2025-07-02T06:03:00+02:00;31552;93;8;75;freeFlow;2
2025-07-02T06:03:00+02:00;31555;108;8;60;freeFlow;1
2025-07-02T06:03:00+02:00;43014_D;50;4;0;unknown;0
2025-07-02T06:03:00+02:00;43014_G;51;4;60;freeFlow;1
2025-07-02T06:03:00+02:00;43105_D;50;5;0;unknown;0
2025-07-02T06:03:00+02:00;43105_G;50;5;0;unknown;0
2025-07-02T06:03:00+02:00;43118_D;50;11;0;unknown;0
2025-07-02T06:03:00+02:00;43118_G;40;14;60;freeFlow;1
2025-07-02T06:03:00+02:00;43124_D;30;13;0;unknown;0
2025-07-02T06:03:00+02:00;43124_G;40;10;60;freeFlow;1
2025-07-02T06:03:00+02:00;43125_D;30;9;0;unknown;0
2025-07-02T06:03:00+02:00;43125_G;38;7;60;freeFlow;1
2025-07-02T06:03:00+02:00;43126_D;30;17;0;unknown;0
2025-07-02T06:03:00+02:00;43126_G;38;14;60;freeFlow;1
2025-07-02T06:03:00+02:00;43147_D;30;9;0;unknown;0
2025-07-02T06:03:00+02:00;43147_G;38;7;60;freeFlow;1
2025-07-02T06:03:00+02:00;43336_D;50;6;0;unknown;0
2025-07-02T06:03:00+02:00;43336_G;50;6;0;unknown;0
2025-07-02T06:03:00+02:00;43337_D;50;8;0;unknown;0
2025-07-02T06:03:00+02:00;43337_G;50;8;0;unknown;0
2025-07-02T06:03:00+02:00;43338_D;50;4;0;unknown;0
2025-07-02T06:03:00+02:00;43338_G;50;4;0;unknown;0
2025-07-02T06:03:00+02:00;43339_D;50;5;0;unknown;0
2025-07-02T06:03:00+02:00;43339_G;50;5;0;unknown;0
2025-07-02T06:03:00+02:00;43340_D;50;1;0;unknown;0
2025-07-02T06:03:00+02:00;43340_G;50;1;0;unknown;0
2025-07-02T06:03:00+02:00;43341_D;50;4;0;unknown;0
2025-07-02T06:03:00+02:00;43341_G;50;4;0;unknown;0
2025-07-02T06:03:00+02:00;43342_D;50;2;0;unknown;0
2025-07-02T06:03:00+02:00;43342_G;50;2;0;unknown;0
2025-07-02T06:03:00+02:00;43343_D;50;7;0;unknown;0
2025-07-02T06:03:00+02:00;43343_G;50;7;0;unknown;0
2025-07-02T06:03:00+02:00;43345_D;30;10;0;unknown;0
2025-07-02T06:03:00+02:00;43345_G;30;10;0;unknown;0
2025-07-02T06:03:00+02:00;43347_D;30;5;0;unknown;0
2025-07-02T06:03:00+02:00;43347_G;30;5;0;unknown;0
2025-07-02T06:03:00+02:00;43352_D;30;16;0;unknown;0
2025-07-02T06:03:00+02:00;43353_D;30;10;0;unknown;0
2025-07-02T06:03:00+02:00;43353_G;30;10;0;unknown;0
2025-07-02T06:03:00+02:00;43377_D;30;16;0;unknown;0
2025-07-02T06:03:00+02:00;43377_G;30;16;0;unknown;0
2025-07-02T06:03:00+02:00;43379_D;30;7;0;unknown;0
2025-07-02T06:03:00+02:00;43379_G;30;7;0;unknown;0
2025-07-02T06:03:00+02:00;43413_D;30;6;0;unknown;0
2025-07-02T06:03:00+02:00;43413_G;30;6;0;unknown;0
2025-07-02T06:03:00+02:00;43474_D;50;3;0;unknown;0
2025-07-02T06:03:00+02:00;43474_G;35;4;40;heavy;1
2025-07-02T06:03:00+02:00;43615_D;30;2;0;unknown;0
2025-07-02T06:03:00+02:00;43615_G;35;2;40;freeFlow;1
2025-07-02T06:03:00+02:00;43743_D;50;25;0;unknown;0
2025-07-02T06:03:00+02:00;43746;30;7;0;unknown;0
2025-07-02T06:03:00+02:00;43747;30;14;0;unknown;0
2025-07-02T06:03:00+02:00;43751;30;19;0;unknown;0
2025-07-02T06:03:00+02:00;43774_D;50;4;0;unknown;0
2025-07-02T06:03:00+02:00;43774_G;40;5;60;freeFlow;1
2025-07-02T06:03:00+02:00;43775_D;50;8;0;unknown;0
2025-07-02T06:03:00+02:00;43775_G;50;8;0;unknown;0
2025-07-02T06:03:00+02:00;43826_D;50;6;0;unknown;0
2025-07-02T06:03:00+02:00;43826_G;50;5;0;unknown;0
2025-07-02T06:03:00+02:00;43971;50;13;0;unknown;0
2025-07-02T06:03:00+02:00;43973;50;5;0;unknown;0
2025-07-02T06:03:00+02:00;44003_G;52;8;38;freeFlow;1
2025-07-02T06:03:00+02:00;44004_D;50;22;0;unknown;0
2025-07-02T06:03:00+02:00;44004_G;44;25;35;freeFlow;1
2025-07-02T06:03:00+02:00;44017_G;47;3;38;freeFlow;1
2025-07-02T06:03:00+02:00;44018_G;47;12;38;freeFlow;1
2025-07-02T06:03:00+02:00;44037_D;50;3;0;unknown;0
2025-07-02T06:03:00+02:00;44037_G;30;5;40;heavy;1
2025-07-02T06:03:00+02:00;44851_D;50;11;0;unknown;0
2025-07-02T06:03:00+02:00;44851_G;50;11;0;unknown;0
2025-07-02T06:03:00+02:00;44852_D;50;9;0;unknown;0
2025-07-02T06:03:00+02:00;44852_G;50;9;0;unknown;0
2025-07-02T06:03:00+02:00;44854_D;50;1;0;unknown;0
2025-07-02T06:03:00+02:00;44854_G;50;1;0;unknown;0
2025-07-02T06:03:00+02:00;44855_D;50;7;0;unknown;0
2025-07-02T06:03:00+02:00;44855_G;50;7;0;unknown;0
2025-07-02T06:03:00+02:00;44879;83;16;20;freeFlow;1
2025-07-02T06:03:00+02:00;44897_D;50;5;0;unknown;0
2025-07-02T06:03:00+02:00;44897_G;50;5;0;unknown;0
2025-07-02T06:03:00+02:00;44901;70;22;0;unknown;0
2025-07-02T06:03:00+02:00;44939;82;50;60;freeFlow;1
2025-07-02T06:03:00+02:00;45135_D;50;1;0;unknown;0
2025-07-02T06:03:00+02:00;45135_G;50;1;0;unknown;0
2025-07-02T06:03:00+02:00;45136_G;48;17;0;unknown;0
2025-07-02T06:03:00+02:00;45137_D;50;2;0;unknown;0
2025-07-02T06:03:00+02:00;45137_G;43;2;0;unknown;0
2025-07-02T06:03:00+02:00;45146;50;8;0;unknown;0
2025-07-02T06:03:00+02:00;45147_D;50;1;0;unknown;0
2025-07-02T06:03:00+02:00;45147_G;51;1;60;freeFlow;1
2025-07-02T06:03:00+02:00;45153;50;8;0;unknown;0
2025-07-02T06:03:00+02:00;45155;50;16;0;unknown;0
2025-07-02T06:03:00+02:00;45213;50;9;0;unknown;0
2025-07-02T06:03:00+02:00;45214;55;5;60;freeFlow;1
2025-07-02T06:03:00+02:00;45232;50;33;0;unknown;0
2025-07-02T06:03:00+02:00;45233;50;2;0;unknown;0
2025-07-02T06:03:00+02:00;45236_D;50;13;0;unknown;0
2025-07-02T06:03:00+02:00;45242;80;14;60;freeFlow;1
2025-07-02T06:03:00+02:00;45246;99;26;60;freeFlow;1
2025-07-02T06:03:00+02:00;45247;70;14;0;unknown;0
2025-07-02T06:03:00+02:00;47742_G;31;7;40;heavy;1
2025-07-02T06:03:00+02:00;47744;50;40;0;unknown;0
2025-07-02T06:03:00+02:00;48725;50;2;0;unknown;0
2025-07-02T06:03:00+02:00;48736;50;1;0;unknown;0
2025-07-02T06:03:00+02:00;48738;50;1;0;unknown;0
2025-07-02T06:03:00+02:00;48746;50;7;0;unknown;0
2025-07-02T06:03:00+02:00;48751;50;1;0;unknown;0
2025-07-02T06:03:00+02:00;48752;50;1;0;unknown;0
2025-07-02T06:03:00+02:00;48753;50;2;0;unknown;0
2025-07-02T06:03:00+02:00;48754;50;1;0;unknown;0
2025-07-02T06:03:00+02:00;48764;10;8;10;congested;1
2025-07-02T06:03:00+02:00;48765;40;6;0;unknown;0
2025-07-02T06:03:00+02:00;48796;50;10;0;unknown;0
2025-07-02T06:03:00+02:00;48915_D;50;2;0;unknown;0
2025-07-02T06:03:00+02:00;48915_G;50;2;0;unknown;0
2025-07-02T06:03:00+02:00;48916;50;3;0;unknown;0
2025-07-02T06:03:00+02:00;48953_D;50;23;0;unknown;0
2025-07-02T06:03:00+02:00;48953_G;10;113;0;unknown;0
2025-07-02T06:03:00+02:00;48993_D;50;7;0;unknown;0
2025-07-02T06:03:00+02:00;48993_G;50;7;0;unknown;0
2025-07-02T06:03:00+02:00;49042_D;50;1;0;unknown;0
2025-07-02T06:03:00+02:00;49042_G;50;1;0;unknown;0
2025-07-02T06:03:00+02:00;50035_D;50;2;0;unknown;0
2025-07-02T06:03:00+02:00;50035_G;35;2;40;heavy;1
2025-07-02T06:03:00+02:00;50087;50;5;0;unknown;0
2025-07-02T06:03:00+02:00;50107_D;50;11;0;unknown;0
2025-07-02T06:03:00+02:00;50107_G;50;11;0;unknown;0
2025-07-02T06:03:00+02:00;52835_G;51;3;60;freeFlow;1
2025-07-02T06:03:00+02:00;52850_D;50;3;0;unknown;0
2025-07-02T06:03:00+02:00;52850_G;51;3;60;freeFlow;1
2025-07-02T06:03:00+02:00;52878;38;4;48;freeFlow;1
2025-07-02T06:03:00+02:00;53020_G;47;2;38;freeFlow;1
2025-07-02T06:03:00+02:00;53130_D;50;5;0;unknown;0
2025-07-02T06:03:00+02:00;53130_G;50;5;0;unknown;0
2025-07-02T06:03:00+02:00;53375_D;30;3;0;unknown;0
2025-07-02T06:03:00+02:00;53375_G;30;3;0;unknown;0
2025-07-02T06:03:00+02:00;53427;88;49;75;freeFlow;2
2025-07-02T06:03:00+02:00;53988;66;4;60;freeFlow;1
2025-07-02T06:03:00+02:00;53989;50;2;0;unknown;0
2025-07-02T06:03:00+02:00;53992_D;50;8;0;unknown;0
2025-07-02T06:03:00+02:00;53992_G;50;8;0;unknown;0
2025-07-02T06:03:00+02:00;53995;50;1;0;unknown;0
2025-07-02T06:03:00+02:00;53997;50;1;0;unknown;0
2025-07-02T06:03:00+02:00;53999;50;1;0;unknown;0
2025-07-02T06:03:00+02:00;54130;50;31;0;unknown;0
2025-07-02T06:03:00+02:00;54136;50;3;0;unknown;0
2025-07-02T06:03:00+02:00;54219;50;11;0;unknown;0
2025-07-02T06:03:00+02:00;54222;46;13;0;unknown;0
2025-07-02T06:03:00+02:00;54235;14;33;33;congested;1
2025-07-02T06:03:00+02:00;54300;50;8;0;unknown;0
2025-07-02T06:03:00+02:00;54304_D;21;10;0;unknown;0
2025-07-02T06:03:00+02:00;54304_G;14;14;0;unknown;0
2025-07-02T06:03:00+02:00;54309;50;18;0;unknown;0
2025-07-02T06:03:00+02:00;54345;46;3;0;unknown;0
2025-07-02T06:03:00+02:00;54352;38;9;10;freeFlow;1
2025-07-02T06:03:00+02:00;54353;50;3;0;unknown;0
2025-07-02T06:03:00+02:00;54356;46;18;10;freeFlow;1
2025-07-02T06:03:00+02:00;54357;31;8;10;heavy;1
2025-07-02T06:03:00+02:00;54370;50;4;0;unknown;0
2025-07-02T06:03:00+02:00;54373;50;4;0;unknown;0
2025-07-02T06:03:00+02:00;54374;50;4;0;unknown;0
2025-07-02T06:03:00+02:00;54377;30;36;0;unknown;0
2025-07-02T06:03:00+02:00;54396;50;5;0;unknown;0
2025-07-02T06:03:00+02:00;54397;50;12;0;unknown;0
2025-07-02T06:03:00+02:00;54468;55;2;60;freeFlow;1
2025-07-02T06:03:00+02:00;54470;50;5;0;unknown;0
2025-07-02T06:03:00+02:00;56022;50;3;0;unknown;0
2025-07-02T06:03:00+02:00;56598;50;1;0;unknown;0
2025-07-02T06:03:00+02:00;56676_D;50;4;0;unknown;0
2025-07-02T06:03:00+02:00;56868;24;8;0;unknown;0
2025-07-02T06:03:00+02:00;56869;50;3;0;unknown;0
2025-07-02T06:03:00+02:00;56894;50;4;0;unknown;0
2025-07-02T06:03:00+02:00;56895;50;23;0;unknown;0
2025-07-02T06:03:00+02:00;56896;50;3;0;unknown;0
2025-07-02T06:03:00+02:00;56901;76;29;52;freeFlow;1
2025-07-02T06:03:00+02:00;60284;50;24;0;unknown;0
2025-07-02T06:03:00+02:00;63409_D;50;2;0;unknown;0
2025-07-02T06:03:00+02:00;63409_G;50;2;0;unknown;0
2025-07-02T06:03:00+02:00;66896;50;6;0;unknown;0
2025-07-02T06:03:00+02:00;69440;50;5;0;unknown;0
2025-07-02T06:03:00+02:00;69442;50;8;0;unknown;0
2025-07-02T06:03:00+02:00;75868;72;10;100;freeFlow;3
2025-07-02T06:03:00+02:00;75908;35;29;10;freeFlow;1
2025-07-02T06:03:00+02:00;75909;50;20;0;unknown;0
2025-07-02T06:03:00+02:00;44943;33;19;50;freeFlow;1
2025-07-02T06:03:00+02:00;47063;70;9;45;freeFlow;1
2025-07-02T06:03:00+02:00;71455_G;50;3;0;unknown;0
2025-07-02T06:03:00+02:00;75831;50;18;0;unknown;0