datetime;predefinedLocationReference;averageVehicleSpeed;travelTime;travelTimeReliability;trafficStatus;vehicleProbeMeasurement
2025-07-02T09:03:00+02:00;10273_D;58;12;60;freeFlow;1
2025-07-02T09:03:00+02:00;10273_G;71;10;55;freeFlow;1
2025-07-02T09:03:00+02:00;10274_D;59;11;60;freeFlow;1
2025-07-02T09:03:00+02:00;10274_G;31;21;68;heavy;2
2025-07-02T09:03:00+02:00;10275_D;65;16;60;freeFlow;1
2025-07-02T09:03:00+02:00;10275_G;35;29;68;heavy;2
2025-07-02T09:03:00+02:00;10277_D;66;23;100;freeFlow;3
2025-07-02T09:03:00+02:00;10277_G;51;30;68;freeFlow;2
2025-07-02T09:03:00+02:00;10279_D;53;19;100;freeFlow;3
2025-07-02T09:03:00+02:00;10279_G;23;44;95;heavy;3
2025-07-02T09:03:00+02:00;10281_D;64;22;100;freeFlow;4
2025-07-02T09:03:00+02:00;10281_G;42;33;65;heavy;2
2025-07-02T09:03:00+02:00;10315_D;60;9;60;freeFlow;1
2025-07-02T09:03:00+02:00;10315_G;32;17;70;heavy;2
2025-07-02T09:03:00+02:00;11579_D;73;4;38;freeFlow;1
2025-07-02T09:03:00+02:00;11579_G;74;4;60;freeFlow;1
2025-07-02T09:03:00+02:00;11652;45;31;100;heavy;4
2025-07-02T09:03:00+02:00;11654;52;3;75;freeFlow;2
2025-07-02T09:03:00+02:00;11777_D;18;5;60;congested;1
2025-07-02T09:03:00+02:00;11777_G;37;1;60;heavy;1
2025-07-02T09:03:00+02:00;11781_D;45;2;75;freeFlow;2
2025-07-02T09:03:00+02:00;11781_G;33;2;60;freeFlow;1
2025-07-02T09:03:00+02:00;11784_D;44;1;60;freeFlow;1
2025-07-02T09:03:00+02:00;11784_G;43;1;60;freeFlow;1
2025-07-02T09:03:00+02:00;11785_D;31;1;53;freeFlow;2
2025-07-02T09:03:00+02:00;11785_G;26;1;60;freeFlow;1
2025-07-02T09:03:00+02:00;12060_D;56;13;60;freeFlow;1
2025-07-02T09:03:00+02:00;12060_G;66;11;70;freeFlow;2
2025-07-02T09:03:00+02:00;1242_D;52;2;63;freeFlow;2
2025-07-02T09:03:00+02:00;1242_G;11;11;75;congested;2
2025-07-02T09:03:00+02:00;1285_D;68;1;48;freeFlow;1
2025-07-02T09:03:00+02:00;1285_G;58;1;75;freeFlow;2
2025-07-02T09:03:00+02:00;13514;39;5;60;heavy;1
2025-07-02T09:03:00+02:00;13515;42;3;60;heavy;1
2025-07-02T09:03:00+02:00;13516;80;1;0;unknown;0
2025-07-02T09:03:00+02:00;13549_D;56;6;75;heavy;2
2025-07-02T09:03:00+02:00;13549_G;70;5;60;freeFlow;1
2025-07-02T09:03:00+02:00;13557_D;47;8;75;heavy;2
2025-07-02T09:03:00+02:00;13557_G;56;7;60;freeFlow;1
2025-07-02T09:03:00+02:00;14364;95;22;100;freeFlow;4
2025-07-02T09:03:00+02:00;14365;99;21;100;freeFlow;5
2025-07-02T09:03:00+02:00;15029_D;41;60;100;heavy;3
2025-07-02T09:03:00+02:00;15029_G;59;42;100;freeFlow;5
2025-07-02T09:03:00+02:00;15062;57;3;100;freeFlow;4
2025-07-02T09:03:00+02:00;15063;44;3;100;heavy;3
2025-07-02T09:03:00+02:00;15064;15;10;100;congested;4
2025-07-02T09:03:00+02:00;15065;57;3;100;freeFlow;4
2025-07-02T09:03:00+02:00;15066;50;3;100;heavy;5
2025-07-02T09:03:00+02:00;15067_D;52;82;60;heavy;1
2025-07-02T09:03:00+02:00;15067_G;78;54;88;freeFlow;5
2025-07-02T09:03:00+02:00;15104_D;83;48;60;freeFlow;1
2025-07-02T09:03:00+02:00;15104_G;83;48;68;freeFlow;2
2025-07-02T09:03:00+02:00;15111;100;3;100;freeFlow;5
2025-07-02T09:03:00+02:00;15113;35;5;75;heavy;2
2025-07-02T09:03:00+02:00;15114;32;5;75;heavy;2
2025-07-02T09:03:00+02:00;15117;24;6;60;heavy;1
2025-07-02T09:03:00+02:00;15118;25;4;60;heavy;1
2025-07-02T09:03:00+02:00;15119;26;7;74;heavy;2
2025-07-02T09:03:00+02:00;15120;39;5;74;heavy;2
2025-07-02T09:03:00+02:00;15121;39;3;60;heavy;1
2025-07-02T09:03:00+02:00;15122;43;4;60;heavy;1
2025-07-02T09:03:00+02:00;15124_D;39;22;75;heavy;2
2025-07-02T09:03:00+02:00;15124_G;48;18;60;heavy;1
2025-07-02T09:03:00+02:00;15549_D;50;1;0;unknown;0
2025-07-02T09:03:00+02:00;15549_G;41;1;55;freeFlow;1
2025-07-02T09:03:00+02:00;15550;36;1;100;heavy;4
2025-07-02T09:03:00+02:00;15551;78;145;100;freeFlow;5
2025-07-02T09:03:00+02:00;1601768;26;15;73;heavy;2
2025-07-02T09:03:00+02:00;1601771;21;12;43;heavy;2
2025-07-02T09:03:00+02:00;1601787;30;3;100;heavy;4
2025-07-02T09:03:00+02:00;1601792;30;2;100;freeFlow;4
2025-07-02T09:03:00+02:00;1601794_D;11;12;100;heavy;3
2025-07-02T09:03:00+02:00;1601794_G;30;3;0;unknown;0
2025-07-02T09:03:00+02:00;1601795;24;20;100;freeFlow;4
2025-07-02T09:03:00+02:00;1601797;57;9;60;freeFlow;1
2025-07-02T09:03:00+02:00;1601798;38;3;75;freeFlow;2
2025-07-02T09:03:00+02:00;1601799;57;1;60;freeFlow;1
2025-07-02T09:03:00+02:00;1601807;51;2;100;freeFlow;5
2025-07-02T09:03:00+02:00;1601808;54;18;100;freeFlow;3
2025-07-02T09:03:00+02:00;1601810;49;19;65;freeFlow;2
2025-07-02T09:03:00+02:00;1601812;61;3;100;freeFlow;3
2025-07-02T09:03:00+02:00;1601813_D;58;22;100;freeFlow;3
2025-07-02T09:03:00+02:00;1601813_G;54;23;63;freeFlow;2
2025-07-02T09:03:00+02:00;1601814;62;3;70;freeFlow;2
2025-07-02T09:03:00+02:00;1601815;52;3;73;freeFlow;2
2025-07-02T09:03:00+02:00;1601819;59;1;75;freeFlow;2
2025-07-02T09:03:00+02:00;1601824;63;2;100;freeFlow;3
2025-07-02T09:03:00+02:00;1601898;70;22;60;freeFlow;1
2025-07-02T09:03:00+02:00;1601931_D;21;13;55;heavy;1
2025-07-02T09:03:00+02:00;1601931_G;21;13;60;heavy;1
2025-07-02T09:03:00+02:00;1602158_D;35;1;57;freeFlow;1
2025-07-02T09:03:00+02:00;1602158_G;14;2;60;congested;1
2025-07-02T09:03:00+02:00;1602398;31;1;60;heavy;1
2025-07-02T09:03:00+02:00;1626;53;47;100;heavy;6
2025-07-02T09:03:00+02:00;1627;28;6;60;heavy;1
2025-07-02T09:03:00+02:00;1628;38;3;30;freeFlow;1
2025-07-02T09:03:00+02:00;1629;30;4;100;heavy;6
2025-07-02T09:03:00+02:00;1630;33;3;100;heavy;6
2025-07-02T09:03:00+02:00;1631;105;1;42;freeFlow;1
2025-07-02T09:03:00+02:00;1632;49;38;60;heavy;1
2025-07-02T09:03:00+02:00;1633;73;11;38;freeFlow;1
2025-07-02T09:03:00+02:00;1639;30;10;100;heavy;7
2025-07-02T09:03:00+02:00;16647_D;69;66;100;freeFlow;4
2025-07-02T09:03:00+02:00;16647_G;70;65;59;freeFlow;1
2025-07-02T09:03:00+02:00;16648_D;76;10;100;freeFlow;4
2025-07-02T09:03:00+02:00;16648_G;78;9;57;freeFlow;1
2025-07-02T09:03:00+02:00;16695_D;76;37;60;freeFlow;1
2025-07-02T09:03:00+02:00;16695_G;52;54;100;heavy;3
2025-07-02T09:03:00+02:00;16701;33;3;55;heavy;1
2025-07-02T09:03:00+02:00;16702;37;3;50;freeFlow;1
2025-07-02T09:03:00+02:00;16707_D;37;1;50;freeFlow;1
2025-07-02T09:03:00+02:00;16707_G;33;1;55;heavy;1
2025-07-02T09:03:00+02:00;16744;43;3;60;heavy;1
2025-07-02T09:03:00+02:00;16745;35;3;60;heavy;1
2025-07-02T09:03:00+02:00;16746;28;4;60;heavy;1
2025-07-02T09:03:00+02:00;16747;41;4;100;heavy;3
2025-07-02T09:03:00+02:00;16748;38;3;100;heavy;3
2025-07-02T09:03:00+02:00;16749;43;3;100;heavy;3
2025-07-02T09:03:00+02:00;16752_D;47;9;48;heavy;1
2025-07-02T09:03:00+02:00;16752_G;21;19;57;congested;1
2025-07-02T09:03:00+02:00;1675_D;36;8;71;freeFlow;2
2025-07-02T09:03:00+02:00;1675_G;4;67;60;congested;1
2025-07-02T09:03:00+02:00;1676;42;11;60;heavy;1
2025-07-02T09:03:00+02:00;16761;37;3;50;freeFlow;1
2025-07-02T09:03:00+02:00;16762;38;2;70;freeFlow;2
2025-07-02T09:03:00+02:00;1677;26;20;100;congested;6
2025-07-02T09:03:00+02:00;1677109;20;78;100;congested;3
2025-07-02T09:03:00+02:00;1677110;70;1;0;unknown;0
2025-07-02T09:03:00+02:00;1677175_D;15;93;100;heavy;3
2025-07-02T09:03:00+02:00;1677175_G;9;160;60;heavy;1
2025-07-02T09:03:00+02:00;1677180_D;21;2;75;freeFlow;2
2025-07-02T09:03:00+02:00;1677180_G;33;1;22;freeFlow;1
2025-07-02T09:03:00+02:00;1677184_D;9;79;75;congested;2
2025-07-02T09:03:00+02:00;1677184_G;19;37;25;heavy;1
2025-07-02T09:03:00+02:00;1677551_D;28;2;40;freeFlow;1
2025-07-02T09:03:00+02:00;1677551_G;34;2;0;unknown;0
2025-07-02T09:03:00+02:00;1677568_D;39;37;98;freeFlow;3
2025-07-02T09:03:00+02:00;1677568_G;50;30;0;unknown;0
2025-07-02T09:03:00+02:00;1677569;32;3;60;heavy;1
2025-07-02T09:03:00+02:00;1677687;28;1;75;heavy;2
2025-07-02T09:03:00+02:00;1677691;27;2;75;heavy;2
2025-07-02T09:03:00+02:00;1677693;50;2;0;unknown;0
2025-07-02T09:03:00+02:00;1677695_D;25;27;75;heavy;2
2025-07-02T09:03:00+02:00;1677695_G;50;13;0;unknown;0
2025-07-02T09:03:00+02:00;1677709_D;34;5;75;heavy;2
2025-07-02T09:03:00+02:00;1677709_G;50;4;0;unknown;0
2025-07-02T09:03:00+02:00;1677716_D;34;5;75;heavy;2
2025-07-02T09:03:00+02:00;1677716_G;50;3;0;unknown;0
2025-07-02T09:03:00+02:00;1677730_D;21;52;52;heavy;1
2025-07-02T09:03:00+02:00;1677730_G;50;22;0;unknown;0
2025-07-02T09:03:00+02:00;1677735_D;15;3;75;congested;2
2025-07-02T09:03:00+02:00;1677735_G;50;1;0;unknown;0
2025-07-02T09:03:00+02:00;1677745_D;25;3;75;heavy;2
2025-07-02T09:03:00+02:00;1677745_G;32;2;12;heavy;1
2025-07-02T09:03:00+02:00;1677785_D;30;9;75;freeFlow;2
2025-07-02T09:03:00+02:00;1677785_G;32;9;12;freeFlow;1
2025-07-02T09:03:00+02:00;1677801_D;29;11;75;heavy;2
2025-07-02T09:03:00+02:00;1677801_G;39;8;12;freeFlow;1
2025-07-02T09:03:00+02:00;1677808_D;50;13;75;freeFlow;2
2025-07-02T09:03:00+02:00;1677808_G;49;14;12;freeFlow;1
2025-07-02T09:03:00+02:00;16783;39;2;55;freeFlow;1
2025-07-02T09:03:00+02:00;16784;38;2;55;freeFlow;1
2025-07-02T09:03:00+02:00;16785;50;2;0;unknown;0
2025-07-02T09:03:00+02:00;1678542;60;35;75;heavy;2
2025-07-02T09:03:00+02:00;1678698_D;19;41;66;heavy;2
2025-07-02T09:03:00+02:00;1678698_G;35;23;75;heavy;2
2025-07-02T09:03:00+02:00;1678750;29;3;75;heavy;2
2025-07-02T09:03:00+02:00;1678763_D;50;4;0;unknown;0
2025-07-02T09:03:00+02:00;1678763_G;46;4;52;freeFlow;1
2025-07-02T09:03:00+02:00;1679092_D;32;7;60;heavy;1
2025-07-02T09:03:00+02:00;1679092_G;25;9;75;heavy;2
2025-07-02T09:03:00+02:00;1679681;15;52;60;congested;2
2025-07-02T09:03:00+02:00;1679779;62;5;100;freeFlow;3
2025-07-02T09:03:00+02:00;1679795_D;37;2;60;freeFlow;1
2025-07-02T09:03:00+02:00;1679822;13;6;75;congested;2
2025-07-02T09:03:00+02:00;1679825;35;2;100;heavy;5
2025-07-02T09:03:00+02:00;1679841;9;115;100;congested;3
2025-07-02T09:03:00+02:00;1679843;20;2;100;heavy;5
2025-07-02T09:03:00+02:00;1679845;11;4;100;congested;3
2025-07-02T09:03:00+02:00;1679847;44;1;100;freeFlow;4
2025-07-02T09:03:00+02:00;1679859_D;55;9;57;freeFlow;1
2025-07-02T09:03:00+02:00;1679859_G;45;10;55;freeFlow;1
2025-07-02T09:03:00+02:00;1680014;65;8;100;freeFlow;4
2025-07-02T09:03:00+02:00;1680016;54;22;100;heavy;3
2025-07-02T09:03:00+02:00;1680022;55;9;100;heavy;3
2025-07-02T09:03:00+02:00;1680024;80;10;100;freeFlow;5
2025-07-02T09:03:00+02:00;1680116;46;3;100;heavy;3
2025-07-02T09:03:00+02:00;1680119;58;3;75;freeFlow;2
2025-07-02T09:03:00+02:00;1680121;42;3;100;heavy;3
2025-07-02T09:03:00+02:00;1680122_D;61;30;75;freeFlow;2
2025-07-02T09:03:00+02:00;1680122_G;39;48;100;heavy;3
2025-07-02T09:03:00+02:00;1680123;41;4;100;heavy;3
2025-07-02T09:03:00+02:00;1680337;6;38;60;congested;1
2025-07-02T09:03:00+02:00;1680401_D;57;22;27;freeFlow;1
2025-07-02T09:03:00+02:00;1680401_G;43;28;60;heavy;1
2025-07-02T09:03:00+02:00;1680514_D;20;21;22;heavy;1
2025-07-02T09:03:00+02:00;1680514_G;42;11;60;freeFlow;1
2025-07-02T09:03:00+02:00;1680539;48;1;98;heavy;3
2025-07-02T09:03:00+02:00;1680541_D;29;14;60;freeFlow;1
2025-07-02T09:03:00+02:00;1680541_G;30;14;60;freeFlow;1
2025-07-02T09:03:00+02:00;1680549_D;6;99;53;congested;2
2025-07-02T09:03:00+02:00;1680549_G;33;19;60;heavy;1
2025-07-02T09:03:00+02:00;1680551_D;20;2;60;heavy;1
2025-07-02T09:03:00+02:00;1680551_G;28;2;60;freeFlow;1
2025-07-02T09:03:00+02:00;1680557_D;9;3;60;congested;1
2025-07-02T09:03:00+02:00;1680557_G;19;1;52;heavy;1
2025-07-02T09:03:00+02:00;1680561_D;8;4;22;congested;1
2025-07-02T09:03:00+02:00;1680561_G;28;1;60;heavy;1
2025-07-02T09:03:00+02:00;1680567;15;5;75;heavy;2
2025-07-02T09:03:00+02:00;1680569;21;7;75;heavy;2
2025-07-02T09:03:00+02:00;1680573;20;4;60;heavy;1
2025-07-02T09:03:00+02:00;1680574;24;5;75;heavy;2
2025-07-02T09:03:00+02:00;1680575;27;11;69;heavy;2
2025-07-02T09:03:00+02:00;1680576;28;4;60;heavy;1
2025-07-02T09:03:00+02:00;16821_D;74;90;100;freeFlow;5
2025-07-02T09:03:00+02:00;16821_G;78;84;56;freeFlow;1
2025-07-02T09:03:00+02:00;16830_D;50;16;0;unknown;0
2025-07-02T09:03:00+02:00;16830_G;58;14;38;freeFlow;1
2025-07-02T09:03:00+02:00;16831_D;50;2;0;unknown;0
2025-07-02T09:03:00+02:00;16831_G;57;2;35;freeFlow;1
2025-07-02T09:03:00+02:00;16832;8;20;0;unknown;0
2025-07-02T09:03:00+02:00;16834;58;12;35;freeFlow;1
2025-07-02T09:03:00+02:00;16850_D;50;1;0;unknown;0
2025-07-02T09:03:00+02:00;16850_G;51;1;52;freeFlow;1
2025-07-02T09:03:00+02:00;16851_D;50;3;0;unknown;0
2025-07-02T09:03:00+02:00;16851_G;49;3;52;freeFlow;1
2025-07-02T09:03:00+02:00;16852_D;50;5;0;unknown;0
2025-07-02T09:03:00+02:00;16852_G;46;6;52;freeFlow;1
2025-07-02T09:03:00+02:00;16853_D;50;7;0;unknown;0
2025-07-02T09:03:00+02:00;16853_G;45;8;52;freeFlow;1
2025-07-02T09:03:00+02:00;16854_D;50;4;0;unknown;0
2025-07-02T09:03:00+02:00;16854_G;43;5;52;freeFlow;1
2025-07-02T09:03:00+02:00;16855_D;50;4;0;unknown;0
2025-07-02T09:03:00+02:00;16855_G;42;5;52;freeFlow;1
2025-07-02T09:03:00+02:00;16856_D;50;7;0;unknown;0
2025-07-02T09:03:00+02:00;16856_G;31;11;52;heavy;1
2025-07-02T09:03:00+02:00;16858_D;50;30;0;unknown;0
2025-07-02T09:03:00+02:00;16858_G;28;53;40;heavy;1
2025-07-02T09:03:00+02:00;16859_D;50;3;0;unknown;0
2025-07-02T09:03:00+02:00;16859_G;34;4;38;heavy;1
2025-07-02T09:03:00+02:00;16860_D;50;7;0;unknown;0
2025-07-02T09:03:00+02:00;16860_G;49;7;38;freeFlow;1
2025-07-02T09:03:00+02:00;1690_D;26;11;57;heavy;1
2025-07-02T09:03:00+02:00;1690_G;34;8;59;heavy;1
2025-07-02T09:03:00+02:00;16910_D;50;6;0;unknown;0
2025-07-02T09:03:00+02:00;16910_G;51;6;52;freeFlow;1
2025-07-02T09:03:00+02:00;16967;17;32;100;congested;4
2025-07-02T09:03:00+02:00;16969;36;1;75;heavy;2
2025-07-02T09:03:00+02:00;16986;64;10;100;freeFlow;4
2025-07-02T09:03:00+02:00;16988;56;13;100;freeFlow;3
2025-07-02T09:03:00+02:00;16989;75;6;100;freeFlow;3
2025-07-02T09:03:00+02:00;16990;69;6;100;freeFlow;5
2025-07-02T09:03:00+02:00;16992;49;28;100;heavy;4
2025-07-02T09:03:00+02:00;16994;47;24;100;heavy;4
2025-07-02T09:03:00+02:00;17;44;5;100;heavy;6
2025-07-02T09:03:00+02:00;1721;34;3;73;heavy;2
2025-07-02T09:03:00+02:00;1722;30;4;57;heavy;1
2025-07-02T09:03:00+02:00;1723;32;5;57;heavy;1
2025-07-02T09:03:00+02:00;1724_D;25;21;57;heavy;1
2025-07-02T09:03:00+02:00;1724_G;38;14;60;heavy;1
2025-07-02T09:03:00+02:00;1732_D;36;2;52;freeFlow;1
2025-07-02T09:03:00+02:00;1732_G;26;3;57;heavy;1
2025-07-02T09:03:00+02:00;1733_D;17;3;57;heavy;1
2025-07-02T09:03:00+02:00;1733_G;30;2;73;heavy;2
2025-07-02T09:03:00+02:00;1734_D;21;17;73;heavy;2
2025-07-02T09:03:00+02:00;1734_G;35;10;70;freeFlow;2
2025-07-02T09:03:00+02:00;18337;33;3;52;heavy;1
2025-07-02T09:03:00+02:00;18391_D;60;4;100;freeFlow;3
2025-07-02T09:03:00+02:00;18391_G;77;3;75;freeFlow;2
2025-07-02T09:03:00+02:00;1853;69;35;100;freeFlow;13
2025-07-02T09:03:00+02:00;1855;74;6;100;freeFlow;12
2025-07-02T09:03:00+02:00;1856;66;13;100;freeFlow;11
2025-07-02T09:03:00+02:00;19040;31;3;74;heavy;2
2025-07-02T09:03:00+02:00;1910886;36;6;42;freeFlow;1
2025-07-02T09:03:00+02:00;1911185_D;22;52;17;heavy;1
2025-07-02T09:03:00+02:00;1911185_G;70;16;0;unknown;0
2025-07-02T09:03:00+02:00;1911398_D;30;2;0;unknown;0
2025-07-02T09:03:00+02:00;1911398_G;13;3;55;heavy;1
2025-07-02T09:03:00+02:00;1911404_D;9;10;57;heavy;1
2025-07-02T09:03:00+02:00;1911404_G;44;2;55;freeFlow;1
2025-07-02T09:03:00+02:00;1911418;43;6;100;freeFlow;4
2025-07-02T09:03:00+02:00;1911420;70;1;75;freeFlow;2
2025-07-02T09:03:00+02:00;1911448_D;70;27;0;unknown;0
2025-07-02T09:03:00+02:00;1911448_G;46;42;22;heavy;1
2025-07-02T09:03:00+02:00;1911623_D;24;8;55;freeFlow;1
2025-07-02T09:03:00+02:00;1911623_G;46;4;57;freeFlow;1
2025-07-02T09:03:00+02:00;19628;29;10;100;heavy;3
2025-07-02T09:03:00+02:00;19629;90;1;0;unknown;0
2025-07-02T09:03:00+02:00;19630;33;6;60;heavy;1
2025-07-02T09:03:00+02:00;19631;37;2;51;heavy;2
2025-07-02T09:03:00+02:00;19632;36;2;100;heavy;3
2025-07-02T09:03:00+02:00;19633;33;5;100;heavy;7
2025-07-02T09:03:00+02:00;19634;28;3;22;heavy;1
2025-07-02T09:03:00+02:00;19635;30;5;60;heavy;1
2025-07-02T09:03:00+02:00;19636;31;5;60;heavy;1
2025-07-02T09:03:00+02:00;19637;28;3;50;heavy;1
2025-07-02T09:03:00+02:00;19638;37;4;100;heavy;6
2025-07-02T09:03:00+02:00;19639;21;7;100;heavy;5
2025-07-02T09:03:00+02:00;19640;34;4;100;heavy;5
2025-07-02T09:03:00+02:00;19642;27;5;100;heavy;3
2025-07-02T09:03:00+02:00;19643;25;2;100;heavy;3
2025-07-02T09:03:00+02:00;19644;20;5;100;congested;5
2025-07-02T09:03:00+02:00;19683;104;19;100;freeFlow;7
2025-07-02T09:03:00+02:00;19684;85;55;100;freeFlow;6
2025-07-02T09:03:00+02:00;19685;99;53;100;freeFlow;14
2025-07-02T09:03:00+02:00;19686;97;17;100;freeFlow;13
2025-07-02T09:03:00+02:00;198;68;67;60;freeFlow;1
2025-07-02T09:03:00+02:00;19825_D;64;50;100;freeFlow;5
2025-07-02T09:03:00+02:00;19825_G;79;41;65;freeFlow;2
2025-07-02T09:03:00+02:00;19828;36;3;75;freeFlow;2
2025-07-02T09:03:00+02:00;19830;37;3;50;freeFlow;1
2025-07-02T09:03:00+02:00;19832;39;4;100;freeFlow;5
2025-07-02T09:03:00+02:00;19833;43;2;100;freeFlow;5
2025-07-02T09:03:00+02:00;19841_D;53;28;100;heavy;5
2025-07-02T09:03:00+02:00;19841_G;80;18;68;freeFlow;2
2025-07-02T09:03:00+02:00;19842_D;62;6;100;freeFlow;5
2025-07-02T09:03:00+02:00;19842_G;70;5;52;freeFlow;1
2025-07-02T09:03:00+02:00;20525;49;3;100;heavy;3
2025-07-02T09:03:00+02:00;20526;53;3;100;heavy;3
2025-07-02T09:03:00+02:00;20527;26;7;100;heavy;3
2025-07-02T09:03:00+02:00;20528;26;4;100;heavy;5
2025-07-02T09:03:00+02:00;20590_D;82;100;85;freeFlow;4
2025-07-02T09:03:00+02:00;20590_G;44;185;100;heavy;3
2025-07-02T09:03:00+02:00;20760_D;59;25;75;freeFlow;2
2025-07-02T09:03:00+02:00;20760_G;51;29;99;freeFlow;3
2025-07-02T09:03:00+02:00;2216_D;61;50;56;freeFlow;1
2025-07-02T09:03:00+02:00;2216_G;59;51;50;freeFlow;1
2025-07-02T09:03:00+02:00;2218_D;63;35;55;freeFlow;1
2025-07-02T09:03:00+02:00;2218_G;58;37;50;freeFlow;1
2025-07-02T09:03:00+02:00;23984_D;22;3;60;congested;1
2025-07-02T09:03:00+02:00;23984_G;72;1;60;freeFlow;1
2025-07-02T09:03:00+02:00;24143_D;20;19;75;congested;2
2025-07-02T09:03:00+02:00;24143_G;28;14;100;heavy;3
2025-07-02T09:03:00+02:00;24147_D;50;77;86;heavy;4
2025-07-02T09:03:00+02:00;24147_G;65;59;75;freeFlow;2
2025-07-02T09:03:00+02:00;24148;29;5;99;heavy;3
2025-07-02T09:03:00+02:00;24149;54;2;60;freeFlow;1
2025-07-02T09:03:00+02:00;24150;41;3;98;freeFlow;3
2025-07-02T09:03:00+02:00;24151;72;2;60;freeFlow;1
2025-07-02T09:03:00+02:00;24153_D;33;28;99;heavy;3
2025-07-02T09:03:00+02:00;24153_G;59;16;60;freeFlow;1
2025-07-02T09:03:00+02:00;24176;85;19;100;freeFlow;9
2025-07-02T09:03:00+02:00;24178;97;11;100;freeFlow;6
2025-07-02T09:03:00+02:00;24179;91;21;100;freeFlow;9
2025-07-02T09:03:00+02:00;24181_D;52;3;100;freeFlow;3
2025-07-02T09:03:00+02:00;24181_G;30;5;60;heavy;1
2025-07-02T09:03:00+02:00;24182;95;12;100;freeFlow;8
2025-07-02T09:03:00+02:00;24184_D;31;18;75;heavy;2
2025-07-02T09:03:00+02:00;24184_G;35;17;75;freeFlow;2
2025-07-02T09:03:00+02:00;24259;22;6;100;heavy;4
2025-07-02T09:03:00+02:00;24260;19;9;75;heavy;2
2025-07-02T09:03:00+02:00;24261;23;5;100;heavy;3
2025-07-02T09:03:00+02:00;24262;28;6;100;heavy;3
2025-07-02T09:03:00+02:00;24264_D;15;4;100;congested;3
2025-07-02T09:03:00+02:00;24264_G;22;2;75;congested;2
2025-07-02T09:03:00+02:00;24265_D;28;2;100;heavy;3
2025-07-02T09:03:00+02:00;24265_G;21;3;75;heavy;2
2025-07-02T09:03:00+02:00;24274_D;29;17;75;heavy;2
2025-07-02T09:03:00+02:00;24274_G;49;10;100;freeFlow;3
2025-07-02T09:03:00+02:00;25687_D;38;6;60;freeFlow;1
2025-07-02T09:03:00+02:00;25687_G;41;5;60;freeFlow;1
2025-07-02T09:03:00+02:00;25929_D;60;14;60;freeFlow;1
2025-07-02T09:03:00+02:00;25929_G;64;13;55;freeFlow;1
2025-07-02T09:03:00+02:00;25930;64;2;55;freeFlow;1
2025-07-02T09:03:00+02:00;25931;35;6;74;heavy;2
2025-07-02T09:03:00+02:00;25932;37;4;98;heavy;8
2025-07-02T09:03:00+02:00;25933;30;5;100;heavy;6
2025-07-02T09:03:00+02:00;25934_D;60;4;60;freeFlow;1
2025-07-02T09:03:00+02:00;25934_G;64;4;55;freeFlow;1
2025-07-02T09:03:00+02:00;25944_D;51;6;100;heavy;6
2025-07-02T09:03:00+02:00;25944_G;32;8;52;heavy;1
2025-07-02T09:03:00+02:00;25946_D;64;13;52;freeFlow;1
2025-07-02T09:03:00+02:00;25946_G;59;14;100;freeFlow;5
2025-07-02T09:03:00+02:00;25947_D;64;30;55;freeFlow;1
2025-07-02T09:03:00+02:00;25947_G;54;35;100;heavy;6
2025-07-02T09:03:00+02:00;25988_D;38;8;60;freeFlow;1
2025-07-02T09:03:00+02:00;25988_G;41;8;60;freeFlow;1
2025-07-02T09:03:00+02:00;25989;38;3;60;freeFlow;1
2025-07-02T09:03:00+02:00;25990;38;2;60;freeFlow;1
2025-07-02T09:03:00+02:00;25991;41;2;60;freeFlow;1
2025-07-02T09:03:00+02:00;25992;40;3;60;freeFlow;1
2025-07-02T09:03:00+02:00;25993_D;38;3;60;freeFlow;1
2025-07-02T09:03:00+02:00;25993_G;41;2;60;freeFlow;1
2025-07-02T09:03:00+02:00;25994_D;38;5;60;freeFlow;1
2025-07-02T09:03:00+02:00;25994_G;41;5;60;freeFlow;1
2025-07-02T09:03:00+02:00;25995_D;38;2;60;freeFlow;1
2025-07-02T09:03:00+02:00;25995_G;41;1;60;freeFlow;1
2025-07-02T09:03:00+02:00;25996_D;38;6;60;freeFlow;1
2025-07-02T09:03:00+02:00;25996_G;41;5;60;freeFlow;1
2025-07-02T09:03:00+02:00;25997_D;38;1;60;freeFlow;1
2025-07-02T09:03:00+02:00;25997_G;41;1;60;freeFlow;1
2025-07-02T09:03:00+02:00;25998_D;38;14;60;freeFlow;1
2025-07-02T09:03:00+02:00;25998_G;64;8;55;freeFlow;1
2025-07-02T09:03:00+02:00;25999_D;42;10;60;freeFlow;1
2025-07-02T09:03:00+02:00;25999_G;64;7;55;freeFlow;1
2025-07-02T09:03:00+02:00;26000_D;52;8;60;heavy;1
2025-07-02T09:03:00+02:00;26000_G;64;6;55;freeFlow;1
2025-07-02T09:03:00+02:00;26001_D;52;1;60;heavy;1
2025-07-02T09:03:00+02:00;26001_G;64;1;55;freeFlow;1
2025-07-02T09:03:00+02:00;26002_D;54;8;60;heavy;1
2025-07-02T09:03:00+02:00;26002_G;64;7;55;freeFlow;1
2025-07-02T09:03:00+02:00;26023;93;2;75;freeFlow;2
2025-07-02T09:03:00+02:00;26024;100;46;100;freeFlow;9
2025-07-02T09:03:00+02:00;26025;96;67;100;freeFlow;8
2025-07-02T09:03:00+02:00;26041;26;13;100;heavy;5
2025-07-02T09:03:00+02:00;26043;47;9;66;freeFlow;2
2025-07-02T09:03:00+02:00;26044;42;10;100;freeFlow;6
2025-07-02T09:03:00+02:00;26046;19;50;75;heavy;2
2025-07-02T09:03:00+02:00;26047;42;2;100;freeFlow;4
2025-07-02T09:03:00+02:00;26048;67;32;100;freeFlow;6
2025-07-02T09:03:00+02:00;26049;81;18;100;freeFlow;3
2025-07-02T09:03:00+02:00;26050;32;11;75;heavy;2
2025-07-02T09:03:00+02:00;26101_D;34;14;22;freeFlow;1
2025-07-02T09:03:00+02:00;26101_G;36;13;30;freeFlow;1
2025-07-02T09:03:00+02:00;26371_D;6;40;60;congested;1
2025-07-02T09:03:00+02:00;26371_G;27;10;32;freeFlow;1
2025-07-02T09:03:00+02:00;26389_D;57;13;27;freeFlow;1
2025-07-02T09:03:00+02:00;26389_G;71;11;60;freeFlow;1
2025-07-02T09:03:00+02:00;26392_D;16;27;22;heavy;1
2025-07-02T09:03:00+02:00;26392_G;26;16;30;freeFlow;1
2025-07-02T09:03:00+02:00;26393;29;2;32;heavy;1
2025-07-02T09:03:00+02:00;26394;29;2;32;heavy;1
2025-07-02T09:03:00+02:00;26395;30;3;22;heavy;1
2025-07-02T09:03:00+02:00;26396;33;2;22;heavy;1
2025-07-02T09:03:00+02:00;26397_D;33;6;22;heavy;1
2025-07-02T09:03:00+02:00;26397_G;34;6;32;heavy;1
2025-07-02T09:03:00+02:00;26402_D;11;24;74;heavy;2
2025-07-02T09:03:00+02:00;26402_G;28;10;75;freeFlow;2
2025-07-02T09:03:00+02:00;26403_D;11;11;60;heavy;1
2025-07-02T09:03:00+02:00;26403_G;12;10;32;heavy;1
2025-07-02T09:03:00+02:00;26404_D;11;9;60;heavy;1
2025-07-02T09:03:00+02:00;26404_G;26;4;32;freeFlow;1
2025-07-02T09:03:00+02:00;26405_D;38;1;60;freeFlow;1
2025-07-02T09:03:00+02:00;26405_G;41;1;60;freeFlow;1
2025-07-02T09:03:00+02:00;26409_D;61;13;27;freeFlow;1
2025-07-02T09:03:00+02:00;26409_G;75;11;60;freeFlow;1
2025-07-02T09:03:00+02:00;26420_D;69;4;60;freeFlow;1
2025-07-02T09:03:00+02:00;26420_G;56;5;30;freeFlow;1
2025-07-02T09:03:00+02:00;26422_D;69;11;60;freeFlow;1
2025-07-02T09:03:00+02:00;26422_G;60;12;27;freeFlow;1
2025-07-02T09:03:00+02:00;26423_D;75;6;60;freeFlow;1
2025-07-02T09:03:00+02:00;26423_G;62;7;27;freeFlow;1
2025-07-02T09:03:00+02:00;26495_D;30;11;25;heavy;1
2025-07-02T09:03:00+02:00;26495_G;42;8;60;freeFlow;1
2025-07-02T09:03:00+02:00;26497_D;35;13;25;freeFlow;1
2025-07-02T09:03:00+02:00;26497_G;38;12;60;freeFlow;1
2025-07-02T09:03:00+02:00;26501;102;22;100;freeFlow;15
2025-07-02T09:03:00+02:00;26573;86;16;100;freeFlow;5
2025-07-02T09:03:00+02:00;26603_D;38;1;60;freeFlow;1
2025-07-02T09:03:00+02:00;26603_G;41;1;60;freeFlow;1
2025-07-02T09:03:00+02:00;26611_D;11;11;60;heavy;1
2025-07-02T09:03:00+02:00;26611_G;26;5;32;freeFlow;1
2025-07-02T09:03:00+02:00;26619;39;2;50;freeFlow;1
2025-07-02T09:03:00+02:00;26654;28;18;100;heavy;5
2025-07-02T09:03:00+02:00;26656;37;14;75;freeFlow;2
2025-07-02T09:03:00+02:00;26897_D;27;16;25;freeFlow;1
2025-07-02T09:03:00+02:00;26897_G;38;12;60;freeFlow;1
2025-07-02T09:03:00+02:00;27837_D;81;3;52;freeFlow;1
2025-07-02T09:03:00+02:00;27837_G;58;5;50;freeFlow;1
2025-07-02T09:03:00+02:00;28032;37;4;74;heavy;2
2025-07-02T09:03:00+02:00;28033;26;6;57;heavy;1
2025-07-02T09:03:00+02:00;282910_D;31;6;60;heavy;1
2025-07-02T09:03:00+02:00;282910_G;25;5;60;heavy;1
2025-07-02T09:03:00+02:00;28642_D;11;42;63;congested;2
2025-07-02T09:03:00+02:00;28642_G;64;7;40;freeFlow;1
2025-07-02T09:03:00+02:00;28645_D;50;2;45;freeFlow;1
2025-07-02T09:03:00+02:00;28645_G;57;2;40;freeFlow;1
2025-07-02T09:03:00+02:00;28646_D;59;53;60;freeFlow;2
2025-07-02T09:03:00+02:00;28646_G;70;44;41;freeFlow;1
2025-07-02T09:03:00+02:00;28648_D;75;17;60;freeFlow;2
2025-07-02T09:03:00+02:00;28648_G;74;18;71;freeFlow;2
2025-07-02T09:03:00+02:00;28649_D;48;19;57;heavy;2
2025-07-02T09:03:00+02:00;28649_G;72;12;59;freeFlow;1
2025-07-02T09:03:00+02:00;28650_D;75;13;42;freeFlow;1
2025-07-02T09:03:00+02:00;28650_G;66;15;60;freeFlow;1
2025-07-02T09:03:00+02:00;28660_D;72;9;17;freeFlow;1
2025-07-02T09:03:00+02:00;28660_G;60;11;38;freeFlow;1
2025-07-02T09:03:00+02:00;28665_D;74;18;17;freeFlow;1
2025-07-02T09:03:00+02:00;28665_G;60;22;40;freeFlow;1
2025-07-02T09:03:00+02:00;28666_D;76;9;17;freeFlow;1
2025-07-02T09:03:00+02:00;28666_G;64;11;40;freeFlow;1
2025-07-02T09:03:00+02:00;28669_D;70;5;0;unknown;0
2025-07-02T09:03:00+02:00;28669_G;58;6;60;freeFlow;1
2025-07-02T09:03:00+02:00;28675_D;70;6;0;unknown;0
2025-07-02T09:03:00+02:00;28675_G;58;7;60;freeFlow;1
2025-07-02T09:03:00+02:00;28676_D;70;3;0;unknown;0
2025-07-02T09:03:00+02:00;28676_G;60;3;60;freeFlow;1
2025-07-02T09:03:00+02:00;28677_D;70;16;0;unknown;0
2025-07-02T09:03:00+02:00;28677_G;65;17;60;freeFlow;1
2025-07-02T09:03:00+02:00;28693_D;75;13;17;freeFlow;1
2025-07-02T09:03:00+02:00;28693_G;60;16;38;freeFlow;1
2025-07-02T09:03:00+02:00;28854;23;7;75;heavy;2
2025-07-02T09:03:00+02:00;28855;24;6;52;heavy;1
2025-07-02T09:03:00+02:00;28865_D;60;33;38;freeFlow;1
2025-07-02T09:03:00+02:00;28865_G;62;32;20;freeFlow;1
2025-07-02T09:03:00+02:00;28866_D;60;12;38;freeFlow;1
2025-07-02T09:03:00+02:00;28866_G;40;18;20;heavy;1
2025-07-02T09:03:00+02:00;28867;34;3;74;heavy;2
2025-07-02T09:03:00+02:00;28868;39;3;75;freeFlow;2
2025-07-02T09:03:00+02:00;29;44;32;100;heavy;4
2025-07-02T09:03:00+02:00;30;59;9;100;heavy;3
2025-07-02T09:03:00+02:00;30020_D;54;39;57;heavy;1
2025-07-02T09:03:00+02:00;30020_G;57;37;48;freeFlow;1
2025-07-02T09:03:00+02:00;30022;86;3;100;freeFlow;8
2025-07-02T09:03:00+02:00;30023;80;63;100;freeFlow;13
2025-07-02T09:03:00+02:00;30118;38;3;100;freeFlow;3
2025-07-02T09:03:00+02:00;30351_D;33;1;50;heavy;1
2025-07-02T09:03:00+02:00;30351_G;16;3;35;heavy;1
2025-07-02T09:03:00+02:00;30355_D;45;11;50;freeFlow;1
2025-07-02T09:03:00+02:00;30355_G;36;14;63;freeFlow;2
2025-07-02T09:03:00+02:00;30359_D;35;17;57;heavy;2
2025-07-02T09:03:00+02:00;30359_G;46;14;60;heavy;1
2025-07-02T09:03:00+02:00;30405;45;2;48;freeFlow;1
2025-07-02T09:03:00+02:00;30406;21;10;35;heavy;1
2025-07-02T09:03:00+02:00;30407;33;3;50;heavy;1
2025-07-02T09:03:00+02:00;30408;44;2;50;freeFlow;1
2025-07-02T09:03:00+02:00;30409;51;2;12;freeFlow;1
2025-07-02T09:03:00+02:00;30410_D;24;2;35;heavy;1
2025-07-02T09:03:00+02:00;30410_G;50;1;0;unknown;0
2025-07-02T09:03:00+02:00;30411_D;22;13;38;heavy;1
2025-07-02T09:03:00+02:00;30411_G;8;38;0;unknown;0
2025-07-02T09:03:00+02:00;30414_D;42;8;38;freeFlow;1
2025-07-02T09:03:00+02:00;30414_G;29;13;0;unknown;0
2025-07-02T09:03:00+02:00;30416_D;34;15;38;heavy;1
2025-07-02T09:03:00+02:00;30416_G;18;29;0;unknown;0
2025-07-02T09:03:00+02:00;30499_D;45;6;60;freeFlow;1
2025-07-02T09:03:00+02:00;30499_G;30;10;0;unknown;0
2025-07-02T09:03:00+02:00;30501_D;31;8;75;freeFlow;2
2025-07-02T09:03:00+02:00;30501_G;30;9;0;unknown;0
2025-07-02T09:03:00+02:00;30502_D;26;2;100;freeFlow;4
2025-07-02T09:03:00+02:00;30502_G;30;2;0;unknown;0
2025-07-02T09:03:00+02:00;30504_D;21;1;60;freeFlow;1
2025-07-02T09:03:00+02:00;30504_G;38;1;27;freeFlow;1
2025-07-02T09:03:00+02:00;30508;38;3;27;freeFlow;1
2025-07-02T09:03:00+02:00;30521_D;33;12;38;heavy;1
2025-07-02T09:03:00+02:00;30521_G;50;9;0;unknown;0
2025-07-02T09:03:00+02:00;30522_D;26;4;38;heavy;1
2025-07-02T09:03:00+02:00;30522_G;50;2;0;unknown;0
2025-07-02T09:03:00+02:00;30606_D;50;11;0;unknown;0
2025-07-02T09:03:00+02:00;30606_G;38;14;75;freeFlow;2
2025-07-02T09:03:00+02:00;30608_D;32;5;60;heavy;1
2025-07-02T09:03:00+02:00;30608_G;14;11;75;congested;2
2025-07-02T09:03:00+02:00;30611_D;50;8;0;unknown;0
2025-07-02T09:03:00+02:00;30611_G;12;33;60;congested;1
2025-07-02T09:03:00+02:00;31;60;7;100;heavy;3
2025-07-02T09:03:00+02:00;31286;29;5;75;heavy;2
2025-07-02T09:03:00+02:00;31287;30;2;75;heavy;2
2025-07-02T09:03:00+02:00;31288;27;7;75;heavy;2
2025-07-02T09:03:00+02:00;31289;28;4;100;heavy;3
2025-07-02T09:03:00+02:00;31300_D;46;1;60;freeFlow;1
2025-07-02T09:03:00+02:00;31300_G;31;2;60;heavy;1
2025-07-02T09:03:00+02:00;31302_D;35;1;60;freeFlow;1
2025-07-02T09:03:00+02:00;31302_G;16;3;60;heavy;1
2025-07-02T09:03:00+02:00;31304_D;45;25;60;freeFlow;1
2025-07-02T09:03:00+02:00;31305_D;44;17;60;freeFlow;1
2025-07-02T09:03:00+02:00;31305_G;39;20;59;freeFlow;1
2025-07-02T09:03:00+02:00;31361_D;31;2;60;heavy;1
2025-07-02T09:03:00+02:00;31361_G;31;1;75;heavy;2
2025-07-02T09:03:00+02:00;31444_D;59;42;60;freeFlow;1
2025-07-02T09:03:00+02:00;31444_G;62;40;98;freeFlow;3
2025-07-02T09:03:00+02:00;31448;34;3;48;heavy;1
2025-07-02T09:03:00+02:00;31449;36;4;51;heavy;2
2025-07-02T09:03:00+02:00;31450;30;4;60;heavy;1
2025-07-02T09:03:00+02:00;31451;28;4;60;heavy;2
2025-07-02T09:03:00+02:00;31453_D;50;32;55;heavy;1
2025-07-02T09:03:00+02:00;31453_G;53;30;48;heavy;1
2025-07-02T09:03:00+02:00;31511;84;18;100;freeFlow;3
2025-07-02T09:03:00+02:00;31512;83;29;100;freeFlow;11
2025-07-02T09:03:00+02:00;31513;101;22;100;freeFlow;5
2025-07-02T09:03:00+02:00;31515;33;3;100;heavy;3
2025-07-02T09:03:00+02:00;31517;33;4;75;heavy;2
2025-07-02T09:03:00+02:00;31520;38;2;100;freeFlow;5
2025-07-02T09:03:00+02:00;31522;36;5;100;freeFlow;3
2025-07-02T09:03:00+02:00;31523_D;37;5;75;freeFlow;2
2025-07-02T09:03:00+02:00;31523_G;36;5;75;freeFlow;2
2025-07-02T09:03:00+02:00;31530_D;59;6;60;freeFlow;1
2025-07-02T09:03:00+02:00;31530_G;15;25;98;congested;3
2025-07-02T09:03:00+02:00;31532_D;61;3;60;freeFlow;1
2025-07-02T09:03:00+02:00;31532_G;57;3;57;freeFlow;1
2025-07-02T09:03:00+02:00;31534;76;5;100;freeFlow;8
2025-07-02T09:03:00+02:00;31536;47;20;100;heavy;7
2025-07-02T09:03:00+02:00;31550;62;15;100;heavy;11
2025-07-02T09:03:00+02:00;31551;78;10;100;freeFlow;10
2025-07-02T09:03:00+02:00;31553;57;18;100;heavy;9
2025-07-02T09:03:00+02:00;31557;66;6;100;freeFlow;3
2025-07-02T09:03:00+02:00;31558_D;59;19;100;freeFlow;3
2025-07-02T09:03:00+02:00;31558_G;64;18;60;freeFlow;1
2025-07-02T09:03:00+02:00;31559;53;9;100;freeFlow;4
2025-07-02T09:03:00+02:00;31561;56;7;100;freeFlow;4
2025-07-02T09:03:00+02:00;31562;61;7;60;freeFlow;1
2025-07-02T09:03:00+02:00;31563;61;7;60;freeFlow;1
2025-07-02T09:03:00+02:00;31568;92;4;60;freeFlow;1
2025-07-02T09:03:00+02:00;31569;92;6;60;freeFlow;1
2025-07-02T09:03:00+02:00;31583_D;50;15;0;unknown;0
2025-07-02T09:03:00+02:00;31583_G;66;11;60;freeFlow;1
2025-07-02T09:03:00+02:00;31670_D;36;12;57;freeFlow;1
2025-07-02T09:03:00+02:00;31670_G;17;26;71;heavy;2
2025-07-02T09:03:00+02:00;31672_D;39;52;93;heavy;3
2025-07-02T09:03:00+02:00;31672_G;53;38;73;freeFlow;2
2025-07-02T09:03:00+02:00;31673;78;16;100;freeFlow;7
2025-07-02T09:03:00+02:00;31674;88;15;100;freeFlow;9
2025-07-02T09:03:00+02:00;31708_D;30;6;0;unknown;0
2025-07-02T09:03:00+02:00;31708_G;30;6;60;freeFlow;1
2025-07-02T09:03:00+02:00;31709_D;30;12;0;unknown;0
2025-07-02T09:03:00+02:00;31709_G;36;10;60;freeFlow;1
2025-07-02T09:03:00+02:00;31716_D;30;7;0;unknown;0
2025-07-02T09:03:00+02:00;31716_G;51;4;55;freeFlow;1
2025-07-02T09:03:00+02:00;31717_D;30;17;0;unknown;0
2025-07-02T09:03:00+02:00;31717_G;32;16;55;freeFlow;1
2025-07-02T09:03:00+02:00;31720_D;46;3;57;freeFlow;1
2025-07-02T09:03:00+02:00;31720_G;29;4;55;freeFlow;1
2025-07-02T09:03:00+02:00;31722_D;30;9;55;freeFlow;1
2025-07-02T09:03:00+02:00;31722_G;46;6;57;freeFlow;1
2025-07-02T09:03:00+02:00;31723;15;13;73;congested;2
2025-07-02T09:03:00+02:00;31724;29;7;60;heavy;1
2025-07-02T09:03:00+02:00;31725;55;3;57;freeFlow;1
2025-07-02T09:03:00+02:00;31726;39;6;55;freeFlow;1
2025-07-02T09:03:00+02:00;31727_D;24;14;57;freeFlow;1
2025-07-02T09:03:00+02:00;31727_G;44;8;57;freeFlow;1
2025-07-02T09:03:00+02:00;31878;33;5;75;heavy;2
2025-07-02T09:03:00+02:00;31879;41;4;75;heavy;2
2025-07-02T09:03:00+02:00;31880;94;3;100;freeFlow;7
2025-07-02T09:03:00+02:00;31881;105;3;60;freeFlow;1
2025-07-02T09:03:00+02:00;31882;79;2;100;freeFlow;3
2025-07-02T09:03:00+02:00;32;61;21;100;heavy;3
2025-07-02T09:03:00+02:00;32118;92;1;100;freeFlow;9
2025-07-02T09:03:00+02:00;32163_D;30;3;0;unknown;0
2025-07-02T09:03:00+02:00;32163_G;15;6;55;heavy;1
2025-07-02T09:03:00+02:00;32165_D;18;4;60;heavy;1
2025-07-02T09:03:00+02:00;32165_G;40;2;75;freeFlow;2
2025-07-02T09:03:00+02:00;32177_D;66;9;42;freeFlow;1
2025-07-02T09:03:00+02:00;32177_G;37;16;60;heavy;1
2025-07-02T09:03:00+02:00;32784_D;53;1;40;freeFlow;1
2025-07-02T09:03:00+02:00;32784_G;36;2;57;freeFlow;1
2025-07-02T09:03:00+02:00;32785;39;2;57;freeFlow;1
2025-07-02T09:03:00+02:00;32786;37;2;60;freeFlow;1
2025-07-02T09:03:00+02:00;32788;53;2;40;freeFlow;1
2025-07-02T09:03:00+02:00;32790;39;1;57;freeFlow;1
2025-07-02T09:03:00+02:00;32791;39;2;66;freeFlow;2
2025-07-02T09:03:00+02:00;32794;35;2;75;freeFlow;2
2025-07-02T09:03:00+02:00;32796;34;2;57;heavy;1
2025-07-02T09:03:00+02:00;33;80;32;100;freeFlow;6
2025-07-02T09:03:00+02:00;34;73;37;60;freeFlow;1
2025-07-02T09:03:00+02:00;34744;82;40;100;freeFlow;10
2025-07-02T09:03:00+02:00;34745;74;44;100;freeFlow;7
2025-07-02T09:03:00+02:00;34757_D;47;2;57;freeFlow;1
2025-07-02T09:03:00+02:00;34757_G;50;2;0;unknown;0
2025-07-02T09:03:00+02:00;34758_D;37;22;57;freeFlow;1
2025-07-02T09:03:00+02:00;34758_G;32;25;0;unknown;0
2025-07-02T09:03:00+02:00;35;74;72;60;freeFlow;1
2025-07-02T09:03:00+02:00;35072;78;33;100;freeFlow;12
2025-07-02T09:03:00+02:00;35077;77;54;100;freeFlow;10
2025-07-02T09:03:00+02:00;35086;72;56;100;freeFlow;7
2025-07-02T09:03:00+02:00;35092;87;3;100;freeFlow;3
2025-07-02T09:03:00+02:00;35096;77;21;100;freeFlow;8
2025-07-02T09:03:00+02:00;35098;79;47;100;freeFlow;9
2025-07-02T09:03:00+02:00;35103;49;16;57;heavy;1
2025-07-02T09:03:00+02:00;35869_D;35;1;57;freeFlow;1
2025-07-02T09:03:00+02:00;35869_G;50;1;0;unknown;0
2025-07-02T09:03:00+02:00;35870_D;45;12;57;freeFlow;1
2025-07-02T09:03:00+02:00;35870_G;50;11;0;unknown;0
2025-07-02T09:03:00+02:00;35940;26;12;70;freeFlow;2
2025-07-02T09:03:00+02:00;35942;30;2;0;unknown;0
2025-07-02T09:03:00+02:00;35943;30;2;0;unknown;0
2025-07-02T09:03:00+02:00;35944;21;4;48;freeFlow;1
2025-07-02T09:03:00+02:00;35945;17;4;68;heavy;2
2025-07-02T09:03:00+02:00;35946_D;30;2;0;unknown;0
2025-07-02T09:03:00+02:00;35946_G;20;2;68;heavy;2
2025-07-02T09:03:00+02:00;35947;27;11;68;freeFlow;2
2025-07-02T09:03:00+02:00;35948;31;7;70;freeFlow;2
2025-07-02T09:03:00+02:00;35949;32;7;70;freeFlow;2
2025-07-02T09:03:00+02:00;35950;30;12;0;unknown;0
2025-07-02T09:03:00+02:00;35951;30;5;0;unknown;0
2025-07-02T09:03:00+02:00;35952;30;11;0;unknown;0
2025-07-02T09:03:00+02:00;35953;35;3;57;freeFlow;1
2025-07-02T09:03:00+02:00;35954;50;2;0;unknown;0
2025-07-02T09:03:00+02:00;35955;35;3;57;freeFlow;1
2025-07-02T09:03:00+02:00;35956;19;2;57;heavy;1
2025-07-02T09:03:00+02:00;35957_D;30;2;0;unknown;0
2025-07-02T09:03:00+02:00;35957_G;21;2;48;freeFlow;1
2025-07-02T09:03:00+02:00;35959_D;30;2;0;unknown;0
2025-07-02T09:03:00+02:00;35959_G;33;1;48;freeFlow;1
2025-07-02T09:03:00+02:00;35960;33;10;48;freeFlow;1
2025-07-02T09:03:00+02:00;35961;33;15;48;freeFlow;1
2025-07-02T09:03:00+02:00;35962;16;22;48;heavy;1
2025-07-02T09:03:00+02:00;35963;30;6;0;unknown;0
2025-07-02T09:03:00+02:00;35964;30;6;0;unknown;0
2025-07-02T09:03:00+02:00;35965;30;20;0;unknown;0
2025-07-02T09:03:00+02:00;35971;30;20;0;unknown;0
2025-07-02T09:03:00+02:00;35972;31;11;70;freeFlow;2
2025-07-02T09:03:00+02:00;35973;32;8;70;freeFlow;2
2025-07-02T09:03:00+02:00;35985_D;50;1;0;unknown;0
2025-07-02T09:03:00+02:00;35985_G;41;2;75;freeFlow;2
2025-07-02T09:03:00+02:00;35986_D;15;49;95;congested;3
2025-07-02T09:03:00+02:00;35986_G;20;38;96;heavy;3
2025-07-02T09:03:00+02:00;35994_D;16;3;75;heavy;2
2025-07-02T09:03:00+02:00;35994_G;16;2;52;heavy;1
2025-07-02T09:03:00+02:00;35998;38;5;98;freeFlow;5
2025-07-02T09:03:00+02:00;35999;28;6;75;heavy;2
2025-07-02T09:03:00+02:00;36000;41;5;20;freeFlow;1
2025-07-02T09:03:00+02:00;36001;40;5;100;freeFlow;4
2025-07-02T09:03:00+02:00;36003_D;33;1;60;heavy;1
2025-07-02T09:03:00+02:00;36003_G;47;1;100;freeFlow;3
2025-07-02T09:03:00+02:00;36004_D;43;50;60;freeFlow;1
2025-07-02T09:03:00+02:00;36004_G;51;42;100;freeFlow;4
2025-07-02T09:03:00+02:00;36005;30;2;0;unknown;0
2025-07-02T09:03:00+02:00;36006;29;3;70;freeFlow;2
2025-07-02T09:03:00+02:00;36007;30;2;0;unknown;0
2025-07-02T09:03:00+02:00;36010_D;30;1;0;unknown;0
2025-07-02T09:03:00+02:00;36010_G;31;1;70;freeFlow;2
2025-07-02T09:03:00+02:00;36011;30;10;0;unknown;0
2025-07-02T09:03:00+02:00;36012_D;30;2;0;unknown;0
2025-07-02T09:03:00+02:00;36012_G;29;2;70;freeFlow;2
2025-07-02T09:03:00+02:00;37200_D;32;8;60;freeFlow;1
2025-07-02T09:03:00+02:00;37200_G;12;22;60;heavy;1
2025-07-02T09:03:00+02:00;37201;15;14;60;congested;1
2025-07-02T09:03:00+02:00;37202;17;18;75;heavy;2
2025-07-02T09:03:00+02:00;37203;23;23;100;heavy;3
2025-07-02T09:03:00+02:00;37204_D;24;4;60;heavy;1
2025-07-02T09:03:00+02:00;37204_G;12;7;75;congested;2
2025-07-02T09:03:00+02:00;37205_D;42;5;17;freeFlow;1
2025-07-02T09:03:00+02:00;37205_G;28;7;75;heavy;2
2025-07-02T09:03:00+02:00;37206_D;21;24;60;heavy;1
2025-07-02T09:03:00+02:00;37206_G;33;15;75;heavy;2
2025-07-02T09:03:00+02:00;37207;33;2;17;heavy;1
2025-07-02T09:03:00+02:00;37208;32;4;75;heavy;2
2025-07-02T09:03:00+02:00;37209;33;3;17;heavy;1
2025-07-02T09:03:00+02:00;37210_D;33;1;17;heavy;1
2025-07-02T09:03:00+02:00;37210_G;26;2;75;heavy;2
2025-07-02T09:03:00+02:00;37211_D;32;83;60;heavy;1
2025-07-02T09:03:00+02:00;37211_G;54;49;75;freeFlow;2
2025-07-02T09:03:00+02:00;37239;21;9;91;freeFlow;3
2025-07-02T09:03:00+02:00;37240;29;6;99;freeFlow;3
2025-07-02T09:03:00+02:00;37241;27;7;60;freeFlow;1
2025-07-02T09:03:00+02:00;37242;25;8;99;freeFlow;3
2025-07-02T09:03:00+02:00;37243_D;25;3;60;heavy;1
2025-07-02T09:03:00+02:00;37243_G;27;4;75;heavy;2
2025-07-02T09:03:00+02:00;37244_D;30;2;0;unknown;0
2025-07-02T09:03:00+02:00;37244_G;17;4;73;heavy;2
2025-07-02T09:03:00+02:00;37246_D;30;3;60;freeFlow;1
2025-07-02T09:03:00+02:00;37246_G;19;5;60;heavy;1
2025-07-02T09:03:00+02:00;37422_D;28;35;59;heavy;1
2025-07-02T09:03:00+02:00;37422_G;50;19;0;unknown;0
2025-07-02T09:03:00+02:00;37467_D;31;13;75;heavy;2
2025-07-02T09:03:00+02:00;37467_G;45;9;0;unknown;0
2025-07-02T09:03:00+02:00;37508_D;48;22;10;freeFlow;1
2025-07-02T09:03:00+02:00;37508_G;38;28;100;freeFlow;4
2025-07-02T09:03:00+02:00;37509_D;46;2;10;freeFlow;1
2025-07-02T09:03:00+02:00;37509_G;35;2;100;heavy;4
2025-07-02T09:03:00+02:00;37564_D;70;22;0;unknown;0
2025-07-02T09:03:00+02:00;37564_G;52;29;22;freeFlow;1
2025-07-02T09:03:00+02:00;37565_D;30;27;50;heavy;1
2025-07-02T09:03:00+02:00;37565_G;23;35;43;heavy;2
2025-07-02T09:03:00+02:00;37586_D;38;2;10;freeFlow;1
2025-07-02T09:03:00+02:00;37586_G;30;2;100;heavy;4
2025-07-02T09:03:00+02:00;37588_D;51;11;20;freeFlow;1
2025-07-02T09:03:00+02:00;37588_G;70;8;0;unknown;0
2025-07-02T09:03:00+02:00;37620_D;6;12;45;congested;2
2025-07-02T09:03:00+02:00;37620_G;70;1;0;unknown;0
2025-07-02T09:03:00+02:00;37621;30;6;100;heavy;4
2025-07-02T09:03:00+02:00;37622;38;5;10;freeFlow;1
2025-07-02T09:03:00+02:00;37625_D;38;24;40;freeFlow;2
2025-07-02T09:03:00+02:00;37625_G;50;18;0;unknown;0
2025-07-02T09:03:00+02:00;37665_D;32;3;57;heavy;1
2025-07-02T09:03:00+02:00;37665_G;17;5;75;heavy;2
2025-07-02T09:03:00+02:00;37667;44;28;75;heavy;2
2025-07-02T09:03:00+02:00;37668;23;17;60;heavy;1
2025-07-02T09:03:00+02:00;37673;21;17;100;congested;3
2025-07-02T09:03:00+02:00;37686_D;17;37;100;heavy;3
2025-07-02T09:03:00+02:00;37686_G;26;24;100;freeFlow;3
2025-07-02T09:03:00+02:00;37702_D;2;159;48;congested;1
2025-07-02T09:03:00+02:00;37702_G;17;15;60;heavy;1
2025-07-02T09:03:00+02:00;37706_D;25;2;60;heavy;1
2025-07-02T09:03:00+02:00;37706_G;5;10;48;congested;1
2025-07-02T09:03:00+02:00;37707_D;32;2;57;heavy;1
2025-07-02T09:03:00+02:00;37707_G;20;3;75;heavy;2
2025-07-02T09:03:00+02:00;37708_D;26;35;73;freeFlow;2
2025-07-02T09:03:00+02:00;37708_G;14;68;60;heavy;1
2025-07-02T09:03:00+02:00;37712_D;23;9;57;freeFlow;1
2025-07-02T09:03:00+02:00;37712_G;14;14;60;heavy;1
2025-07-02T09:03:00+02:00;37724;17;9;75;heavy;2
2025-07-02T09:03:00+02:00;37725;14;5;75;congested;2
2025-07-02T09:03:00+02:00;37726;10;11;100;congested;3
2025-07-02T09:03:00+02:00;37727;12;9;100;congested;3
2025-07-02T09:03:00+02:00;37728;27;4;30;heavy;1
2025-07-02T09:03:00+02:00;37729;67;84;83;freeFlow;3
2025-07-02T09:03:00+02:00;37730;36;4;75;freeFlow;2
2025-07-02T09:03:00+02:00;37732;65;56;75;freeFlow;2
2025-07-02T09:03:00+02:00;37737;75;54;100;freeFlow;8
2025-07-02T09:03:00+02:00;37738;47;2;100;heavy;3
2025-07-02T09:03:00+02:00;37739;53;3;100;freeFlow;3
2025-07-02T09:03:00+02:00;37740;23;7;75;heavy;2
2025-07-02T09:03:00+02:00;37741;38;1;75;heavy;2
2025-07-02T09:03:00+02:00;37742;17;8;71;congested;2
2025-07-02T09:03:00+02:00;37743;39;3;59;heavy;2
2025-07-02T09:03:00+02:00;37744;38;5;75;heavy;2
2025-07-02T09:03:00+02:00;37745;43;2;75;heavy;2
2025-07-02T09:03:00+02:00;37749;78;49;100;freeFlow;6
2025-07-02T09:03:00+02:00;37750;89;30;100;freeFlow;9
2025-07-02T09:03:00+02:00;37751;72;14;60;freeFlow;1
2025-07-02T09:03:00+02:00;37752;34;17;75;heavy;2
2025-07-02T09:03:00+02:00;37753;87;30;100;freeFlow;5
2025-07-02T09:03:00+02:00;37784;51;2;20;freeFlow;1
2025-07-02T09:03:00+02:00;37785;33;3;20;heavy;1
2025-07-02T09:03:00+02:00;37786;51;2;20;freeFlow;1
2025-07-02T09:03:00+02:00;37787_D;13;119;20;congested;1
2025-07-02T09:03:00+02:00;37787_G;70;22;0;unknown;0
2025-07-02T09:03:00+02:00;37818;103;45;73;freeFlow;6
2025-07-02T09:03:00+02:00;37819;75;74;100;freeFlow;4
2025-07-02T09:03:00+02:00;37822;107;8;60;freeFlow;1
2025-07-02T09:03:00+02:00;37826;36;2;25;freeFlow;1
2025-07-02T09:03:00+02:00;37827;39;1;75;freeFlow;2
2025-07-02T09:03:00+02:00;37941;81;61;83;freeFlow;8
2025-07-02T09:03:00+02:00;37947;85;8;100;freeFlow;4
2025-07-02T09:03:00+02:00;37948;79;87;100;freeFlow;5
2025-07-02T09:03:00+02:00;37949;72;96;100;freeFlow;6
2025-07-02T09:03:00+02:00;37950;78;9;100;freeFlow;5
2025-07-02T09:03:00+02:00;37970;71;20;100;freeFlow;6
2025-07-02T09:03:00+02:00;38;64;22;100;freeFlow;3
2025-07-02T09:03:00+02:00;38067;65;17;100;freeFlow;4
2025-07-02T09:03:00+02:00;38068;62;4;75;freeFlow;2
2025-07-02T09:03:00+02:00;38069;74;4;60;freeFlow;1
2025-07-02T09:03:00+02:00;38070;51;17;100;heavy;3
2025-07-02T09:03:00+02:00;38310;50;1;0;unknown;0
2025-07-02T09:03:00+02:00;38311;38;2;17;freeFlow;1
2025-07-02T09:03:00+02:00;38317;57;3;100;heavy;3
2025-07-02T09:03:00+02:00;38318;82;32;100;freeFlow;3
2025-07-02T09:03:00+02:00;38319;75;27;100;freeFlow;5
2025-07-02T09:03:00+02:00;38322;62;3;75;freeFlow;2
2025-07-02T09:03:00+02:00;38378_D;14;53;17;congested;1
2025-07-02T09:03:00+02:00;38378_G;70;10;0;unknown;0
2025-07-02T09:03:00+02:00;38389_D;60;18;17;freeFlow;1
2025-07-02T09:03:00+02:00;38389_G;70;15;0;unknown;0
2025-07-02T09:03:00+02:00;39061;77;3;71;freeFlow;2
2025-07-02T09:03:00+02:00;39062;32;4;69;heavy;2
2025-07-02T09:03:00+02:00;39063;51;8;75;freeFlow;2
2025-07-02T09:03:00+02:00;39473;36;56;100;heavy;4
2025-07-02T09:03:00+02:00;39618;73;4;100;freeFlow;4
2025-07-02T09:03:00+02:00;39619;72;3;100;freeFlow;4
2025-07-02T09:03:00+02:00;39720_D;47;26;60;freeFlow;1
2025-07-02T09:03:00+02:00;39720_G;45;27;100;freeFlow;4
2025-07-02T09:03:00+02:00;39902_D;12;5;17;congested;1
2025-07-02T09:03:00+02:00;39902_G;70;1;0;unknown;0
2025-07-02T09:03:00+02:00;39904_D;37;1;17;heavy;1
2025-07-02T09:03:00+02:00;39904_G;70;1;0;unknown;0
2025-07-02T09:03:00+02:00;39906_D;37;13;17;heavy;1
2025-07-02T09:03:00+02:00;39906_G;70;7;0;unknown;0
2025-07-02T09:03:00+02:00;40185_D;17;8;60;congested;1
2025-07-02T09:03:00+02:00;40185_G;37;1;60;heavy;1
2025-07-02T09:03:00+02:00;40201;36;1;42;freeFlow;1
2025-07-02T09:03:00+02:00;40202;36;2;42;freeFlow;1
2025-07-02T09:03:00+02:00;40203;17;5;57;heavy;1
2025-07-02T09:03:00+02:00;40212_D;72;2;17;freeFlow;1
2025-07-02T09:03:00+02:00;40212_G;60;2;38;freeFlow;1
2025-07-02T09:03:00+02:00;40213_D;39;1;60;heavy;2
2025-07-02T09:03:00+02:00;40213_G;57;1;40;freeFlow;1
2025-07-02T09:03:00+02:00;41631_D;28;8;17;freeFlow;1
2025-07-02T09:03:00+02:00;41631_G;30;7;0;unknown;0
2025-07-02T09:03:00+02:00;41632_D;30;5;0;unknown;0
2025-07-02T09:03:00+02:00;41632_G;8;14;60;congested;1
2025-07-02T09:03:00+02:00;41652_D;34;7;17;heavy;1
2025-07-02T09:03:00+02:00;41683_D;70;15;0;unknown;0
2025-07-02T09:03:00+02:00;41683_G;31;34;55;heavy;1
2025-07-02T09:03:00+02:00;41709_D;30;15;0;unknown;0
2025-07-02T09:03:00+02:00;41709_G;25;18;57;freeFlow;1
2025-07-02T09:03:00+02:00;41712_D;30;7;0;unknown;0
2025-07-02T09:03:00+02:00;41712_G;25;9;57;freeFlow;1
2025-07-02T09:03:00+02:00;41713_D;52;2;50;freeFlow;1
2025-07-02T09:03:00+02:00;41713_G;106;1;30;freeFlow;1
2025-07-02T09:03:00+02:00;41729;32;3;100;heavy;4
2025-07-02T09:03:00+02:00;41730;44;1;0;unknown;0
2025-07-02T09:03:00+02:00;41731;50;1;0;unknown;0
2025-07-02T09:03:00+02:00;41753_D;30;6;0;unknown;0
2025-07-02T09:03:00+02:00;41753_G;30;6;0;unknown;0
2025-07-02T09:03:00+02:00;41764_D;30;2;0;unknown;0
2025-07-02T09:03:00+02:00;41764_G;9;5;60;heavy;1
2025-07-02T09:03:00+02:00;41781;22;3;100;heavy;3
2025-07-02T09:03:00+02:00;41782;16;5;100;heavy;4
2025-07-02T09:03:00+02:00;41783;47;2;57;freeFlow;1
2025-07-02T09:03:00+02:00;41784;47;1;57;freeFlow;1
2025-07-02T09:03:00+02:00;41809_D;20;12;60;heavy;1
2025-07-02T09:03:00+02:00;41809_G;30;8;0;unknown;0
2025-07-02T09:03:00+02:00;41810_D;35;2;60;freeFlow;1
2025-07-02T09:03:00+02:00;41810_G;30;2;0;unknown;0
2025-07-02T09:03:00+02:00;41811_D;20;12;60;heavy;1
2025-07-02T09:03:00+02:00;41811_G;30;8;0;unknown;0
2025-07-02T09:03:00+02:00;41812_D;20;8;60;heavy;1
2025-07-02T09:03:00+02:00;41812_G;30;6;0;unknown;0
2025-07-02T09:03:00+02:00;41813_D;20;7;60;heavy;1
2025-07-02T09:03:00+02:00;41813_G;30;5;0;unknown;0
2025-07-02T09:03:00+02:00;41814_D;19;12;60;heavy;1
2025-07-02T09:03:00+02:00;41814_G;30;7;0;unknown;0
2025-07-02T09:03:00+02:00;41815_D;28;7;17;freeFlow;1
2025-07-02T09:03:00+02:00;41815_G;30;7;0;unknown;0
2025-07-02T09:03:00+02:00;41817_D;32;6;17;freeFlow;1
2025-07-02T09:03:00+02:00;41817_G;30;6;0;unknown;0
2025-07-02T09:03:00+02:00;41818_D;32;3;17;freeFlow;1
2025-07-02T09:03:00+02:00;41818_G;30;2;0;unknown;0
2025-07-02T09:03:00+02:00;42028;37;13;100;freeFlow;5
2025-07-02T09:03:00+02:00;42029;43;35;57;freeFlow;1
2025-07-02T09:03:00+02:00;42030;38;40;100;freeFlow;4
2025-07-02T09:03:00+02:00;42031;45;34;57;freeFlow;1
2025-07-02T09:03:00+02:00;42047;44;8;38;heavy;1
2025-07-02T09:03:00+02:00;42049;50;2;0;unknown;0
2025-07-02T09:03:00+02:00;42050;38;2;75;heavy;2
2025-07-02T09:03:00+02:00;42051;53;9;75;heavy;2
2025-07-02T09:03:00+02:00;42125_D;78;15;75;freeFlow;2
2025-07-02T09:03:00+02:00;42125_G;51;23;90;freeFlow;3
2025-07-02T09:03:00+02:00;42134;61;38;100;heavy;6
2025-07-02T09:03:00+02:00;42135;69;40;59;freeFlow;1
2025-07-02T09:03:00+02:00;42206_D;26;35;50;heavy;1
2025-07-02T09:03:00+02:00;42238_D;25;14;42;heavy;1
2025-07-02T09:03:00+02:00;42257;46;11;38;heavy;1
2025-07-02T09:03:00+02:00;42273_D;30;6;0;unknown;0
2025-07-02T09:03:00+02:00;42273_G;26;7;55;freeFlow;1
2025-07-02T09:03:00+02:00;42293_D;30;2;0;unknown;0
2025-07-02T09:03:00+02:00;42293_G;30;2;0;unknown;0
2025-07-02T09:03:00+02:00;42307_D;44;17;38;freeFlow;1
2025-07-02T09:03:00+02:00;42307_G;63;12;60;freeFlow;1
2025-07-02T09:03:00+02:00;42359;47;14;100;heavy;4
2025-07-02T09:03:00+02:00;42375;50;1;0;unknown;0
2025-07-02T09:03:00+02:00;42378_D;52;1;50;freeFlow;1
2025-07-02T09:03:00+02:00;42378_G;30;2;0;unknown;0
2025-07-02T09:03:00+02:00;42379;89;30;75;freeFlow;2
2025-07-02T09:03:00+02:00;42383;28;3;100;heavy;5
2025-07-02T09:03:00+02:00;42384;50;1;0;unknown;0
2025-07-02T09:03:00+02:00;42385;34;2;57;heavy;1
2025-07-02T09:03:00+02:00;42386;34;2;57;heavy;1
2025-07-02T09:03:00+02:00;42387;47;4;100;freeFlow;6
2025-07-02T09:03:00+02:00;42388;53;2;100;freeFlow;7
2025-07-02T09:03:00+02:00;42389;49;3;100;freeFlow;3
2025-07-02T09:03:00+02:00;42390;31;4;75;heavy;2
2025-07-02T09:03:00+02:00;42391;31;4;60;heavy;1
2025-07-02T09:03:00+02:00;42392;33;3;100;heavy;7
2025-07-02T09:03:00+02:00;42399;29;9;100;heavy;5
2025-07-02T09:03:00+02:00;42401_D;44;29;38;freeFlow;1
2025-07-02T09:03:00+02:00;42401_G;64;20;60;freeFlow;1
2025-07-02T09:03:00+02:00;42572;25;2;100;heavy;7
2025-07-02T09:03:00+02:00;42573;27;2;55;heavy;1
2025-07-02T09:03:00+02:00;42580;63;2;100;heavy;3
2025-07-02T09:03:00+02:00;42595_D;30;6;0;unknown;0
2025-07-02T09:03:00+02:00;42595_G;24;8;55;freeFlow;1
2025-07-02T09:03:00+02:00;42603;17;32;100;heavy;5
2025-07-02T09:03:00+02:00;42663_D;50;5;0;unknown;0
2025-07-02T09:03:00+02:00;42663_G;8;30;52;congested;1
2025-07-02T09:03:00+02:00;42681_D;70;13;0;unknown;0
2025-07-02T09:03:00+02:00;42681_G;36;25;52;heavy;1
2025-07-02T09:03:00+02:00;42684_D;106;1;30;freeFlow;1
2025-07-02T09:03:00+02:00;42684_G;105;1;22;freeFlow;1
2025-07-02T09:03:00+02:00;42685;53;50;60;heavy;1
2025-07-02T09:03:00+02:00;42709_D;50;19;0;unknown;0
2025-07-02T09:03:00+02:00;42709_G;51;18;60;freeFlow;1
2025-07-02T09:03:00+02:00;42777_D;50;3;0;unknown;0
2025-07-02T09:03:00+02:00;42777_G;19;8;60;heavy;1
2025-07-02T09:03:00+02:00;42778_D;50;1;0;unknown;0
2025-07-02T09:03:00+02:00;42778_G;13;5;60;congested;1
2025-07-02T09:03:00+02:00;42779;50;2;0;unknown;0
2025-07-02T09:03:00+02:00;42780_D;50;8;0;unknown;0
2025-07-02T09:03:00+02:00;42780_G;9;46;60;congested;1
2025-07-02T09:03:00+02:00;42938_D;28;11;12;heavy;1
2025-07-02T09:03:00+02:00;42938_G;50;6;0;unknown;0
2025-07-02T09:03:00+02:00;42939_D;37;6;15;freeFlow;1
2025-07-02T09:03:00+02:00;42939_G;50;4;0;unknown;0
2025-07-02T09:03:00+02:00;42940_D;6;75;17;congested;1
2025-07-02T09:03:00+02:00;42940_G;50;9;0;unknown;0
2025-07-02T09:03:00+02:00;42941_D;31;4;17;heavy;1
2025-07-02T09:03:00+02:00;42941_G;14;10;55;congested;1
2025-07-02T09:03:00+02:00;42947_D;50;9;0;unknown;0
2025-07-02T09:03:00+02:00;42947_G;30;14;57;heavy;1
2025-07-02T09:03:00+02:00;42948_D;50;5;0;unknown;0
2025-07-02T09:03:00+02:00;42948_G;14;17;60;congested;1
2025-07-02T09:03:00+02:00;42949_D;5;53;60;congested;1
2025-07-02T09:03:00+02:00;42949_G;25;11;57;heavy;1
2025-07-02T09:03:00+02:00;42978_D;50;11;0;unknown;0
2025-07-02T09:03:00+02:00;42978_G;31;18;12;heavy;1
2025-07-02T09:03:00+02:00;42979_D;8;18;12;congested;1
2025-07-02T09:03:00+02:00;42979_G;23;6;12;heavy;1
2025-07-02T09:03:00+02:00;42983_D;36;11;15;freeFlow;1
2025-07-02T09:03:00+02:00;42983_G;50;8;0;unknown;0
2025-07-02T09:03:00+02:00;42999_D;50;12;0;unknown;0
2025-07-02T09:03:00+02:00;42999_G;50;12;0;unknown;0
2025-07-02T09:03:00+02:00;43000_D;50;5;0;unknown;0
2025-07-02T09:03:00+02:00;43000_G;50;5;0;unknown;0
2025-07-02T09:03:00+02:00;43001_D;50;4;0;unknown;0
2025-07-02T09:03:00+02:00;43001_G;50;4;0;unknown;0
2025-07-02T09:03:00+02:00;43003_D;50;3;0;unknown;0
2025-07-02T09:03:00+02:00;43003_G;50;3;0;unknown;0
2025-07-02T09:03:00+02:00;43027_D;38;7;15;freeFlow;1
2025-07-02T09:03:00+02:00;43027_G;50;5;0;unknown;0
2025-07-02T09:03:00+02:00;43029_D;50;8;0;unknown;0
2025-07-02T09:03:00+02:00;43029_G;40;10;57;freeFlow;1
2025-07-02T09:03:00+02:00;43046_D;5;58;0;unknown;0
2025-07-02T09:03:00+02:00;43046_G;35;8;0;unknown;0
2025-07-02T09:03:00+02:00;43047_D;50;4;0;unknown;0
2025-07-02T09:03:00+02:00;43047_G;45;4;0;unknown;0
2025-07-02T09:03:00+02:00;43048_D;50;5;0;unknown;0
2025-07-02T09:03:00+02:00;43048_G;29;9;15;heavy;1
2025-07-02T09:03:00+02:00;43049_D;30;4;0;unknown;0
2025-07-02T09:03:00+02:00;43049_G;30;4;12;freeFlow;1
2025-07-02T09:03:00+02:00;43050_D;18;9;12;heavy;1
2025-07-02T09:03:00+02:00;43050_G;14;12;12;congested;1
2025-07-02T09:03:00+02:00;43099;25;3;60;heavy;1
2025-07-02T09:03:00+02:00;43352_G;24;20;75;freeFlow;2
2025-07-02T09:03:00+02:00;43451_D;30;15;0;unknown;0
2025-07-02T09:03:00+02:00;43481;23;30;75;heavy;2
2025-07-02T09:03:00+02:00;43627;27;24;42;heavy;1
2025-07-02T09:03:00+02:00;43658_D;24;7;42;heavy;1
2025-07-02T09:03:00+02:00;43658_G;32;6;60;heavy;1
2025-07-02T09:03:00+02:00;43718_D;50;3;0;unknown;0
2025-07-02T09:03:00+02:00;43718_G;50;3;0;unknown;0
2025-07-02T09:03:00+02:00;43719_D;50;9;0;unknown;0
2025-07-02T09:03:00+02:00;43719_G;50;9;0;unknown;0
2025-07-02T09:03:00+02:00;43720_D;50;4;0;unknown;0
2025-07-02T09:03:00+02:00;43720_G;50;4;0;unknown;0
2025-07-02T09:03:00+02:00;43724_D;50;8;0;unknown;0
2025-07-02T09:03:00+02:00;43724_G;34;12;15;heavy;1
2025-07-02T09:03:00+02:00;43733_D;50;4;0;unknown;0
2025-07-02T09:03:00+02:00;43733_G;50;4;0;unknown;0
2025-07-02T09:03:00+02:00;43736_D;50;4;0;unknown;0
2025-07-02T09:03:00+02:00;43736_G;50;4;0;unknown;0
2025-07-02T09:03:00+02:00;43739_D;50;6;0;unknown;0
2025-07-02T09:03:00+02:00;43739_G;8;45;53;congested;2
2025-07-02T09:03:00+02:00;43740_D;50;6;0;unknown;0
2025-07-02T09:03:00+02:00;43740_G;39;7;30;freeFlow;1
2025-07-02T09:03:00+02:00;43741_D;50;1;0;unknown;0
2025-07-02T09:03:00+02:00;43741_G;39;1;30;freeFlow;1
2025-07-02T09:03:00+02:00;43742_D;50;7;0;unknown;0
2025-07-02T09:03:00+02:00;43742_G;42;8;55;freeFlow;2
2025-07-02T09:03:00+02:00;43743_G;4;347;42;congested;1
2025-07-02T09:03:00+02:00;43744_D;50;5;0;unknown;0
2025-07-02T09:03:00+02:00;43744_G;54;5;32;freeFlow;1
2025-07-02T09:03:00+02:00;43748;32;6;15;freeFlow;1
2025-07-02T09:03:00+02:00;43757;16;6;35;heavy;1
2025-07-02T09:03:00+02:00;43758;24;12;60;heavy;1
2025-07-02T09:03:00+02:00;43786_D;9;68;20;congested;1
2025-07-02T09:03:00+02:00;43786_G;26;24;66;heavy;2
2025-07-02T09:03:00+02:00;43787_D;34;4;20;heavy;1
2025-07-02T09:03:00+02:00;43787_G;25;5;60;heavy;1
2025-07-02T09:03:00+02:00;43788_D;46;2;20;freeFlow;1
2025-07-02T09:03:00+02:00;43788_G;38;2;60;freeFlow;1
2025-07-02T09:03:00+02:00;43789_D;46;6;22;freeFlow;1
2025-07-02T09:03:00+02:00;43789_G;37;7;68;freeFlow;2
2025-07-02T09:03:00+02:00;43790_D;30;8;22;heavy;1
2025-07-02T09:03:00+02:00;43790_G;40;6;60;freeFlow;1
2025-07-02T09:03:00+02:00;43791_D;21;7;22;heavy;1
2025-07-02T09:03:00+02:00;43791_G;40;3;60;freeFlow;1
2025-07-02T09:03:00+02:00;43792_D;38;9;22;freeFlow;1
2025-07-02T09:03:00+02:00;43792_G;41;8;60;freeFlow;1
2025-07-02T09:03:00+02:00;43814_D;29;25;71;heavy;2
2025-07-02T09:03:00+02:00;43814_G;17;40;75;heavy;2
2025-07-02T09:03:00+02:00;43815_D;6;58;42;congested;1
2025-07-02T09:03:00+02:00;43815_G;22;17;75;heavy;2
2025-07-02T09:03:00+02:00;43817_D;50;14;0;unknown;0
2025-07-02T09:03:00+02:00;43817_G;39;17;40;freeFlow;1
2025-07-02T09:03:00+02:00;43819;25;18;60;freeFlow;1
2025-07-02T09:03:00+02:00;43821;7;40;64;congested;2
2025-07-02T09:03:00+02:00;43828_D;41;14;20;freeFlow;1
2025-07-02T09:03:00+02:00;43828_G;6;84;60;congested;1
2025-07-02T09:03:00+02:00;43835_D;40;9;73;freeFlow;2
2025-07-02T09:03:00+02:00;43835_G;24;14;75;heavy;2
2025-07-02T09:03:00+02:00;43836;29;17;60;heavy;1
2025-07-02T09:03:00+02:00;43871_D;50;4;0;unknown;0
2025-07-02T09:03:00+02:00;43871_G;26;8;75;heavy;2
2025-07-02T09:03:00+02:00;43872_D;50;4;0;unknown;0
2025-07-02T09:03:00+02:00;43872_G;43;5;60;freeFlow;1
2025-07-02T09:03:00+02:00;43873_D;50;5;0;unknown;0
2025-07-02T09:03:00+02:00;43873_G;43;6;60;freeFlow;1
2025-07-02T09:03:00+02:00;43925_D;50;5;0;unknown;0
2025-07-02T09:03:00+02:00;43925_G;43;6;60;freeFlow;1
2025-07-02T09:03:00+02:00;43937_D;29;11;60;heavy;1
2025-07-02T09:03:00+02:00;43937_G;11;27;42;congested;1
2025-07-02T09:03:00+02:00;43938_D;53;19;75;freeFlow;2
2025-07-02T09:03:00+02:00;43938_G;42;23;15;freeFlow;1
2025-07-02T09:03:00+02:00;43972;17;20;59;heavy;1
2025-07-02T09:03:00+02:00;43974;38;13;98;freeFlow;3
2025-07-02T09:03:00+02:00;43975;37;6;55;freeFlow;1
2025-07-02T09:03:00+02:00;44002_D;29;15;98;heavy;6
2025-07-02T09:03:00+02:00;44002_G;62;7;60;freeFlow;1
2025-07-02T09:03:00+02:00;44003_D;49;9;60;freeFlow;1
2025-07-02T09:03:00+02:00;44012;11;63;75;congested;2
2025-07-02T09:03:00+02:00;44017_D;39;4;60;freeFlow;1
2025-07-02T09:03:00+02:00;44018_D;35;16;60;freeFlow;1
2025-07-02T09:03:00+02:00;44028;11;25;60;congested;1
2025-07-02T09:03:00+02:00;44036_D;23;5;60;heavy;1
2025-07-02T09:03:00+02:00;44036_G;24;5;75;heavy;2
2025-07-02T09:03:00+02:00;44066;5;37;75;congested;2
2025-07-02T09:03:00+02:00;44067;11;64;75;congested;2
2025-07-02T09:03:00+02:00;44069;18;11;60;heavy;1
2025-07-02T09:03:00+02:00;44084_D;50;5;0;unknown;0
2025-07-02T09:03:00+02:00;44084_G;33;8;57;heavy;1
2025-07-02T09:03:00+02:00;44089_D;50;6;0;unknown;0
2025-07-02T09:03:00+02:00;44089_G;50;6;0;unknown;0
2025-07-02T09:03:00+02:00;44090_D;21;11;42;heavy;1
2025-07-02T09:03:00+02:00;44090_G;50;5;0;unknown;0
2025-07-02T09:03:00+02:00;44131;23;27;75;heavy;2
2025-07-02T09:03:00+02:00;44134;50;9;0;unknown;0
2025-07-02T09:03:00+02:00;44165_D;50;5;0;unknown;0
2025-07-02T09:03:00+02:00;44165_G;19;12;55;heavy;1
2025-07-02T09:03:00+02:00;44198_D;15;47;67;heavy;2
2025-07-02T09:03:00+02:00;44198_G;9;78;0;unknown;0
2025-07-02T09:03:00+02:00;44199_D;16;15;58;heavy;1
2025-07-02T09:03:00+02:00;44199_G;50;5;0;unknown;0
2025-07-02T09:03:00+02:00;44231_D;7;38;42;congested;1
2025-07-02T09:03:00+02:00;44231_G;28;9;60;heavy;1
2025-07-02T09:03:00+02:00;44232_D;22;9;70;heavy;2
2025-07-02T09:03:00+02:00;44232_G;11;20;100;congested;4
2025-07-02T09:03:00+02:00;44234_D;16;22;73;heavy;2
2025-07-02T09:03:00+02:00;44234_G;9;40;100;congested;4
2025-07-02T09:03:00+02:00;44259_D;20;6;60;heavy;1
2025-07-02T09:03:00+02:00;44259_G;32;3;55;heavy;1
2025-07-02T09:03:00+02:00;44260;28;14;60;heavy;1
2025-07-02T09:03:00+02:00;44261_D;39;12;60;freeFlow;1
2025-07-02T09:03:00+02:00;44261_G;15;30;55;heavy;1
2025-07-02T09:03:00+02:00;44293;50;5;0;unknown;0
2025-07-02T09:03:00+02:00;44303_D;50;2;0;unknown;0
2025-07-02T09:03:00+02:00;44303_G;50;2;0;unknown;0
2025-07-02T09:03:00+02:00;44304_D;28;17;60;heavy;1
2025-07-02T09:03:00+02:00;44304_G;50;9;0;unknown;0
2025-07-02T09:03:00+02:00;44322_D;16;137;93;heavy;3
2025-07-02T09:03:00+02:00;44322_G;31;72;60;heavy;1
2025-07-02T09:03:00+02:00;44328;50;10;0;unknown;0
2025-07-02T09:03:00+02:00;44583_D;50;7;0;unknown;0
2025-07-02T09:03:00+02:00;44583_G;14;25;57;congested;1
2025-07-02T09:03:00+02:00;44584_D;50;10;0;unknown;0
2025-07-02T09:03:00+02:00;44584_G;35;14;57;freeFlow;1
2025-07-02T09:03:00+02:00;44632_D;50;20;0;unknown;0
2025-07-02T09:03:00+02:00;44632_G;24;43;55;heavy;1
2025-07-02T09:03:00+02:00;44694_D;49;12;0;unknown;0
2025-07-02T09:03:00+02:00;44694_G;20;29;75;heavy;2
2025-07-02T09:03:00+02:00;44695_D;3;30;0;unknown;0
2025-07-02T09:03:00+02:00;44695_G;25;4;75;heavy;2
2025-07-02T09:03:00+02:00;44711_D;50;13;0;unknown;0
2025-07-02T09:03:00+02:00;44711_G;36;17;75;freeFlow;2
2025-07-02T09:03:00+02:00;44712_D;36;6;0;unknown;0
2025-07-02T09:03:00+02:00;44712_G;35;7;75;heavy;2
2025-07-02T09:03:00+02:00;44714_D;50;1;0;unknown;0
2025-07-02T09:03:00+02:00;44714_G;35;2;75;heavy;2
2025-07-02T09:03:00+02:00;44736_D;50;2;0;unknown;0
2025-07-02T09:03:00+02:00;44736_G;39;2;57;freeFlow;1
2025-07-02T09:03:00+02:00;44868;67;6;60;freeFlow;1
2025-07-02T09:03:00+02:00;44873;80;2;60;freeFlow;1
2025-07-02T09:03:00+02:00;44874;56;7;75;freeFlow;2
2025-07-02T09:03:00+02:00;44875;59;7;60;freeFlow;1
2025-07-02T09:03:00+02:00;44877;53;8;60;freeFlow;1
2025-07-02T09:03:00+02:00;44878;69;14;32;freeFlow;1
2025-07-02T09:03:00+02:00;44880;87;17;100;freeFlow;8
2025-07-02T09:03:00+02:00;44882;84;11;100;freeFlow;8
2025-07-02T09:03:00+02:00;44884;23;58;100;congested;11
2025-07-02T09:03:00+02:00;44900;64;24;75;freeFlow;2
2025-07-02T09:03:00+02:00;44902_D;59;28;60;freeFlow;1
2025-07-02T09:03:00+02:00;44902_G;45;37;45;freeFlow;2
2025-07-02T09:03:00+02:00;44905;63;11;75;freeFlow;2
2025-07-02T09:03:00+02:00;44920;77;3;100;freeFlow;10
2025-07-02T09:03:00+02:00;44942;37;30;100;freeFlow;3
2025-07-02T09:03:00+02:00;44948;82;13;100;freeFlow;8
2025-07-02T09:03:00+02:00;44961;31;10;75;freeFlow;2
2025-07-02T09:03:00+02:00;44962;50;5;25;freeFlow;1
2025-07-02T09:03:00+02:00;44963;15;7;60;congested;1
2025-07-02T09:03:00+02:00;44966;94;10;100;freeFlow;9
2025-07-02T09:03:00+02:00;44974;38;3;100;freeFlow;4
2025-07-02T09:03:00+02:00;45012_D;28;2;25;heavy;1
2025-07-02T09:03:00+02:00;45012_G;20;3;60;heavy;1
2025-07-02T09:03:00+02:00;45028_D;17;50;40;heavy;1
2025-07-02T09:03:00+02:00;45028_G;38;22;60;freeFlow;1
2025-07-02T09:03:00+02:00;45029_D;10;33;40;congested;1
2025-07-02T09:03:00+02:00;45029_G;35;10;60;heavy;1
2025-07-02T09:03:00+02:00;45106_D;2;76;38;congested;1
2025-07-02T09:03:00+02:00;45106_G;39;4;60;freeFlow;1
2025-07-02T09:03:00+02:00;45136_D;22;35;60;heavy;1
2025-07-02T09:03:00+02:00;45149;62;8;75;freeFlow;2
2025-07-02T09:03:00+02:00;45166;62;1;75;freeFlow;2
2025-07-02T09:03:00+02:00;45169;35;3;60;freeFlow;1
2025-07-02T09:03:00+02:00;45236_G;72;7;45;freeFlow;1
2025-07-02T09:03:00+02:00;45238;72;9;45;freeFlow;1
2025-07-02T09:03:00+02:00;45239;59;8;57;freeFlow;1
2025-07-02T09:03:00+02:00;45240;59;9;57;heavy;1
2025-07-02T09:03:00+02:00;45241;59;2;57;heavy;1
2025-07-02T09:03:00+02:00;45305;72;4;45;freeFlow;1
2025-07-02T09:03:00+02:00;45306;90;7;25;freeFlow;1
2025-07-02T09:03:00+02:00;45327;69;9;100;freeFlow;14
2025-07-02T09:03:00+02:00;45486_D;32;6;40;heavy;1
2025-07-02T09:03:00+02:00;45487_D;24;10;40;heavy;1
2025-07-02T09:03:00+02:00;45630;31;36;100;heavy;14
2025-07-02T09:03:00+02:00;45645_D;47;12;60;freeFlow;1
2025-07-02T09:03:00+02:00;45651;38;4;60;freeFlow;1
2025-07-02T09:03:00+02:00;45761_D;24;12;30;heavy;1
2025-07-02T09:03:00+02:00;45865_D;40;9;60;freeFlow;1
2025-07-02T09:03:00+02:00;46053_D;34;11;60;heavy;1
2025-07-02T09:03:00+02:00;46056_D;25;4;60;heavy;1
2025-07-02T09:03:00+02:00;46061;24;9;60;heavy;1
2025-07-02T09:03:00+02:00;46567_D;40;2;22;freeFlow;1
2025-07-02T09:03:00+02:00;46642;50;5;0;unknown;0
2025-07-02T09:03:00+02:00;46771;71;12;100;freeFlow;11
2025-07-02T09:03:00+02:00;46821_D;23;36;73;heavy;2
2025-07-02T09:03:00+02:00;46821_G;16;50;75;heavy;2
2025-07-02T09:03:00+02:00;46923_D;30;1;57;freeFlow;1
2025-07-02T09:03:00+02:00;46923_G;38;1;60;freeFlow;1
2025-07-02T09:03:00+02:00;46976;21;10;48;heavy;1
2025-07-02T09:03:00+02:00;47029;11;35;75;congested;2
2025-07-02T09:03:00+02:00;47061;31;58;100;heavy;5
2025-07-02T09:03:00+02:00;47239;66;8;100;freeFlow;5
2025-07-02T09:03:00+02:00;47410;93;14;100;freeFlow;10
2025-07-02T09:03:00+02:00;47411;86;15;100;freeFlow;5
2025-07-02T09:03:00+02:00;47412;101;0;60;freeFlow;1
2025-07-02T09:03:00+02:00;47413;106;4;75;freeFlow;2
2025-07-02T09:03:00+02:00;47414;105;0;60;freeFlow;1
2025-07-02T09:03:00+02:00;47416;91;13;100;freeFlow;9
2025-07-02T09:03:00+02:00;47418;76;20;100;freeFlow;7
2025-07-02T09:03:00+02:00;47420;69;14;60;freeFlow;1
2025-07-02T09:03:00+02:00;47476;100;6;60;freeFlow;1
2025-07-02T09:03:00+02:00;47477;87;2;75;freeFlow;2
2025-07-02T09:03:00+02:00;47479;101;10;60;freeFlow;1
2025-07-02T09:03:00+02:00;47480;86;52;100;freeFlow;13
2025-07-02T09:03:00+02:00;47481;75;62;100;freeFlow;8
2025-07-02T09:03:00+02:00;47537_D;44;7;20;freeFlow;1
2025-07-02T09:03:00+02:00;47537_G;33;9;60;heavy;1
2025-07-02T09:03:00+02:00;47742_D;37;6;60;freeFlow;1
2025-07-02T09:03:00+02:00;48758;30;3;100;heavy;3
2025-07-02T09:03:00+02:00;48759;30;2;100;heavy;3
2025-07-02T09:03:00+02:00;48920_D;13;19;22;congested;1
2025-07-02T09:03:00+02:00;48920_G;27;9;55;heavy;1
2025-07-02T09:03:00+02:00;489866_D;32;5;45;heavy;1
2025-07-02T09:03:00+02:00;489970;73;13;75;freeFlow;2
2025-07-02T09:03:00+02:00;489971;101;1;60;freeFlow;1
2025-07-02T09:03:00+02:00;489972;88;5;100;freeFlow;10
2025-07-02T09:03:00+02:00;490059_D;15;61;41;congested;2
2025-07-02T09:03:00+02:00;490059_G;9;104;27;congested;1
2025-07-02T09:03:00+02:00;490080_D;20;2;40;heavy;2
2025-07-02T09:03:00+02:00;490080_G;50;1;0;unknown;0
2025-07-02T09:03:00+02:00;49026;51;1;100;freeFlow;3
2025-07-02T09:03:00+02:00;49053;15;34;75;heavy;2
2025-07-02T09:03:00+02:00;490823;32;23;75;heavy;2
2025-07-02T09:03:00+02:00;490824;22;17;35;heavy;1
2025-07-02T09:03:00+02:00;490825;17;44;100;congested;3
2025-07-02T09:03:00+02:00;490827;7;53;100;congested;3
2025-07-02T09:03:00+02:00;490828_D;35;14;50;freeFlow;1
2025-07-02T09:03:00+02:00;490828_G;23;22;57;freeFlow;1
2025-07-02T09:03:00+02:00;491005_D;28;5;40;heavy;1
2025-07-02T09:03:00+02:00;491005_G;36;4;60;freeFlow;1
2025-07-02T09:03:00+02:00;491126_D;15;27;99;heavy;3
2025-07-02T09:03:00+02:00;491126_G;11;41;88;heavy;4
2025-07-02T09:03:00+02:00;491135;9;15;98;congested;4
2025-07-02T09:03:00+02:00;491141;43;2;60;freeFlow;1
2025-07-02T09:03:00+02:00;491300_D;12;52;74;congested;2
2025-07-02T09:03:00+02:00;491300_G;30;21;55;heavy;1
2025-07-02T09:03:00+02:00;491308;5;9;57;congested;1
2025-07-02T09:03:00+02:00;491320_D;37;8;60;freeFlow;1
2025-07-02T09:03:00+02:00;491320_G;42;7;57;freeFlow;1
2025-07-02T09:03:00+02:00;491326_D;33;16;60;heavy;1
2025-07-02T09:03:00+02:00;491326_G;40;13;57;freeFlow;1
2025-07-02T09:03:00+02:00;491329_D;25;9;60;heavy;1
2025-07-02T09:03:00+02:00;491329_G;32;6;55;heavy;1
2025-07-02T09:03:00+02:00;491490;24;9;94;heavy;3
2025-07-02T09:03:00+02:00;491714_D;38;7;73;freeFlow;2
2025-07-02T09:03:00+02:00;491714_G;37;7;60;freeFlow;1
2025-07-02T09:03:00+02:00;491735_D;22;5;60;freeFlow;1
2025-07-02T09:03:00+02:00;491735_G;28;5;60;freeFlow;1
2025-07-02T09:03:00+02:00;491794_D;50;3;0;unknown;0
2025-07-02T09:03:00+02:00;491794_G;52;3;42;freeFlow;1
2025-07-02T09:03:00+02:00;491872;35;18;100;freeFlow;3
2025-07-02T09:03:00+02:00;491877;32;3;100;heavy;3
2025-07-02T09:03:00+02:00;491881;35;1;100;heavy;3
2025-07-02T09:03:00+02:00;491884;20;3;100;heavy;3
2025-07-02T09:03:00+02:00;491888;53;17;75;heavy;2
2025-07-02T09:03:00+02:00;491890;43;1;75;freeFlow;2
2025-07-02T09:03:00+02:00;491917;38;3;75;heavy;2
2025-07-02T09:03:00+02:00;49225_D;50;6;0;unknown;0
2025-07-02T09:03:00+02:00;49225_G;50;6;0;unknown;0
2025-07-02T09:03:00+02:00;492315_D;50;29;0;unknown;0
2025-07-02T09:03:00+02:00;492315_G;38;38;75;freeFlow;2
2025-07-02T09:03:00+02:00;492351_D;18;7;42;heavy;1
2025-07-02T09:03:00+02:00;492359_G;42;6;60;freeFlow;1
2025-07-02T09:03:00+02:00;492437;23;8;75;heavy;2
2025-07-02T09:03:00+02:00;492442;11;3;100;congested;3
2025-07-02T09:03:00+02:00;492445_D;45;13;17;freeFlow;1
2025-07-02T09:03:00+02:00;492478;25;6;100;heavy;5
2025-07-02T09:03:00+02:00;492492;103;3;60;freeFlow;1
2025-07-02T09:03:00+02:00;49315_D;29;6;17;heavy;1
2025-07-02T09:03:00+02:00;49315_G;10;18;55;congested;1
2025-07-02T09:03:00+02:00;49943_D;50;14;0;unknown;0
2025-07-02T09:03:00+02:00;49943_G;50;14;0;unknown;0
2025-07-02T09:03:00+02:00;49947;7;26;65;congested;3
2025-07-02T09:03:00+02:00;49958_D;50;5;0;unknown;0
2025-07-02T09:03:00+02:00;49958_G;33;8;75;heavy;2
2025-07-02T09:03:00+02:00;50308_D;21;12;45;heavy;1
2025-07-02T09:03:00+02:00;50441;22;11;60;heavy;1
2025-07-02T09:03:00+02:00;50525;28;8;60;heavy;1
2025-07-02T09:03:00+02:00;50571;36;3;57;freeFlow;1
2025-07-02T09:03:00+02:00;50625;33;7;57;heavy;1
2025-07-02T09:03:00+02:00;5064_D;49;11;100;heavy;4
2025-07-02T09:03:00+02:00;5064_G;39;13;65;heavy;2
2025-07-02T09:03:00+02:00;51419;29;26;74;heavy;2
2025-07-02T09:03:00+02:00;51474_D;43;1;20;freeFlow;1
2025-07-02T09:03:00+02:00;51474_G;26;2;60;heavy;1
2025-07-02T09:03:00+02:00;51798;20;4;75;heavy;2
2025-07-02T09:03:00+02:00;52107_D;44;10;70;freeFlow;2
2025-07-02T09:03:00+02:00;52107_G;19;25;58;heavy;1
2025-07-02T09:03:00+02:00;52129;30;11;57;heavy;1
2025-07-02T09:03:00+02:00;52835_D;14;12;100;congested;3
2025-07-02T09:03:00+02:00;53020_D;39;3;60;freeFlow;1
2025-07-02T09:03:00+02:00;53327_D;43;8;60;freeFlow;1
2025-07-02T09:03:00+02:00;53327_G;40;9;75;freeFlow;2
2025-07-02T09:03:00+02:00;53411_G;25;15;50;heavy;1
2025-07-02T09:03:00+02:00;53428;51;91;100;heavy;11
2025-07-02T09:03:00+02:00;53539_D;49;4;57;freeFlow;1
2025-07-02T09:03:00+02:00;53566;18;7;57;heavy;1
2025-07-02T09:03:00+02:00;53623;41;3;75;freeFlow;2
2025-07-02T09:03:00+02:00;53624;33;2;67;heavy;2
2025-07-02T09:03:00+02:00;53625;34;2;48;heavy;2
2025-07-02T09:03:00+02:00;53634_D;16;3;52;heavy;1
2025-07-02T09:03:00+02:00;53634_G;30;2;0;unknown;0
2025-07-02T09:03:00+02:00;53641_D;12;35;75;congested;2
2025-07-02T09:03:00+02:00;53641_G;50;9;0;unknown;0
2025-07-02T09:03:00+02:00;53652;44;17;0;unknown;0
2025-07-02T09:03:00+02:00;53659;24;8;63;heavy;2
2025-07-02T09:03:00+02:00;53702;53;8;100;heavy;18
2025-07-02T09:03:00+02:00;53892;49;1;48;freeFlow;1
2025-07-02T09:03:00+02:00;53893;15;42;96;congested;3
2025-07-02T09:03:00+02:00;53895;14;23;75;congested;2
2025-07-02T09:03:00+02:00;53896;37;11;75;freeFlow;2
2025-07-02T09:03:00+02:00;53898;31;18;75;heavy;2
2025-07-02T09:03:00+02:00;53900;22;27;75;heavy;2
2025-07-02T09:03:00+02:00;53901;35;7;75;freeFlow;2
2025-07-02T09:03:00+02:00;53903;36;6;75;freeFlow;2
2025-07-02T09:03:00+02:00;53904;42;4;60;freeFlow;1
2025-07-02T09:03:00+02:00;53905;36;11;60;freeFlow;1
2025-07-02T09:03:00+02:00;53908;36;3;100;freeFlow;4
2025-07-02T09:03:00+02:00;53910;33;9;100;heavy;4
2025-07-02T09:03:00+02:00;53912;40;8;100;freeFlow;4
2025-07-02T09:03:00+02:00;53915;24;22;100;heavy;6
2025-07-02T09:03:00+02:00;53918;29;17;100;heavy;6
2025-07-02T09:03:00+02:00;53919;28;5;100;heavy;5
2025-07-02T09:03:00+02:00;53921;43;13;100;freeFlow;5
2025-07-02T09:03:00+02:00;53922;35;5;100;freeFlow;5
2025-07-02T09:03:00+02:00;53923;47;11;63;freeFlow;2
2025-07-02T09:03:00+02:00;53925_D;69;4;60;freeFlow;1
2025-07-02T09:03:00+02:00;53925_G;52;5;30;freeFlow;1
2025-07-02T09:03:00+02:00;53936;65;14;60;freeFlow;1
2025-07-02T09:03:00+02:00;53938;107;3;53;freeFlow;2
2025-07-02T09:03:00+02:00;53939;63;23;75;freeFlow;2
2025-07-02T09:03:00+02:00;53941;71;7;100;freeFlow;5
2025-07-02T09:03:00+02:00;53942;68;4;100;freeFlow;5
2025-07-02T09:03:00+02:00;53944;30;1;100;heavy;3
2025-07-02T09:03:00+02:00;53945;37;13;75;heavy;2
2025-07-02T09:03:00+02:00;53946;42;1;100;freeFlow;3
2025-07-02T09:03:00+02:00;53947;43;1;100;freeFlow;3
2025-07-02T09:03:00+02:00;53948;107;2;38;freeFlow;1
2025-07-02T09:03:00+02:00;53949;112;2;60;freeFlow;1
2025-07-02T09:03:00+02:00;53950;110;34;75;freeFlow;2
2025-07-02T09:03:00+02:00;53952_D;22;6;60;heavy;1
2025-07-02T09:03:00+02:00;53952_G;105;1;73;freeFlow;2
2025-07-02T09:03:00+02:00;53959;65;55;100;freeFlow;8
2025-07-02T09:03:00+02:00;53961;88;65;78;freeFlow;3
2025-07-02T09:03:00+02:00;53987;51;1;100;freeFlow;4
2025-07-02T09:03:00+02:00;53990;61;5;60;freeFlow;1
2025-07-02T09:03:00+02:00;54067;79;12;100;freeFlow;9
2025-07-02T09:03:00+02:00;54134;53;15;68;freeFlow;2
2025-07-02T09:03:00+02:00;54138;37;28;93;freeFlow;3
2025-07-02T09:03:00+02:00;54140;50;39;100;freeFlow;3
2025-07-02T09:03:00+02:00;54144;37;5;75;freeFlow;2
2025-07-02T09:03:00+02:00;54150;44;20;60;freeFlow;1
2025-07-02T09:03:00+02:00;54153;36;24;57;freeFlow;1
2025-07-02T09:03:00+02:00;54154;18;59;58;heavy;1
2025-07-02T09:03:00+02:00;54155;33;33;60;heavy;1
2025-07-02T09:03:00+02:00;54161;4;53;60;congested;1
2025-07-02T09:03:00+02:00;54187_D;30;11;60;freeFlow;1
2025-07-02T09:03:00+02:00;54187_G;14;24;60;heavy;1
2025-07-02T09:03:00+02:00;54189_D;20;20;60;heavy;1
2025-07-02T09:03:00+02:00;54189_G;18;22;60;heavy;1
2025-07-02T09:03:00+02:00;54191_D;30;9;60;freeFlow;1
2025-07-02T09:03:00+02:00;54191_G;14;20;75;heavy;2
2025-07-02T09:03:00+02:00;54197;20;38;75;heavy;2
2025-07-02T09:03:00+02:00;54198;15;14;75;heavy;2
2025-07-02T09:03:00+02:00;54206;28;21;73;heavy;2
2025-07-02T09:03:00+02:00;54208;27;2;25;freeFlow;1
2025-07-02T09:03:00+02:00;54212;23;71;87;heavy;3
2025-07-02T09:03:00+02:00;54223_D;30;2;0;unknown;0
2025-07-02T09:03:00+02:00;54223_G;29;2;12;freeFlow;1
2025-07-02T09:03:00+02:00;54227;87;11;100;freeFlow;5
2025-07-02T09:03:00+02:00;54234;107;0;38;freeFlow;1
2025-07-02T09:03:00+02:00;54239;106;1;30;freeFlow;1
2025-07-02T09:03:00+02:00;54240;62;5;100;freeFlow;3
2025-07-02T09:03:00+02:00;54241;35;2;60;freeFlow;1
2025-07-02T09:03:00+02:00;54243;35;16;60;freeFlow;1
2025-07-02T09:03:00+02:00;54297;17;50;100;heavy;3
2025-07-02T09:03:00+02:00;54339;24;39;73;heavy;2
2025-07-02T09:03:00+02:00;54340;42;7;57;freeFlow;1
2025-07-02T09:03:00+02:00;54358_D;50;14;60;freeFlow;1
2025-07-02T09:03:00+02:00;54358_G;62;11;75;freeFlow;2
2025-07-02T09:03:00+02:00;54363;43;11;100;freeFlow;3
2025-07-02T09:03:00+02:00;54365;43;6;100;freeFlow;3
2025-07-02T09:03:00+02:00;54367;24;17;100;heavy;3
2025-07-02T09:03:00+02:00;54368;35;3;75;heavy;2
2025-07-02T09:03:00+02:00;54369;38;32;86;freeFlow;11
2025-07-02T09:03:00+02:00;54372;38;1;50;freeFlow;1
2025-07-02T09:03:00+02:00;54375;31;22;72;heavy;2
2025-07-02T09:03:00+02:00;54376;8;24;75;congested;2
2025-07-02T09:03:00+02:00;54378;27;12;60;heavy;1
2025-07-02T09:03:00+02:00;54381;22;13;75;heavy;2
2025-07-02T09:03:00+02:00;54382;46;4;85;freeFlow;4
2025-07-02T09:03:00+02:00;54383;35;23;100;freeFlow;4
2025-07-02T09:03:00+02:00;54384;31;8;100;heavy;3
2025-07-02T09:03:00+02:00;54385;20;13;75;heavy;2
2025-07-02T09:03:00+02:00;54386;94;1;48;freeFlow;1
2025-07-02T09:03:00+02:00;54400;39;14;75;freeFlow;2
2025-07-02T09:03:00+02:00;54401;35;3;60;freeFlow;1
2025-07-02T09:03:00+02:00;54406;27;97;60;heavy;1
2025-07-02T09:03:00+02:00;54428_D;50;12;0;unknown;0
2025-07-02T09:03:00+02:00;54428_G;7;90;70;congested;2
2025-07-02T09:03:00+02:00;54429_D;6;111;88;congested;3
2025-07-02T09:03:00+02:00;54429_G;15;44;75;heavy;2
2025-07-02T09:03:00+02:00;54438_D;41;1;45;freeFlow;1
2025-07-02T09:03:00+02:00;54438_G;50;1;0;unknown;0
2025-07-02T09:03:00+02:00;54440_D;50;6;0;unknown;0
2025-07-02T09:03:00+02:00;54440_G;50;6;0;unknown;0
2025-07-02T09:03:00+02:00;54444_D;50;1;0;unknown;0
2025-07-02T09:03:00+02:00;54444_G;50;1;0;unknown;0
2025-07-02T09:03:00+02:00;54447_D;50;11;0;unknown;0
2025-07-02T09:03:00+02:00;54447_G;50;11;0;unknown;0
2025-07-02T09:03:00+02:00;54448_D;50;3;0;unknown;0
2025-07-02T09:03:00+02:00;54448_G;50;3;0;unknown;0
2025-07-02T09:03:00+02:00;54449_D;50;10;0;unknown;0
2025-07-02T09:03:00+02:00;54449_G;41;12;42;freeFlow;1
2025-07-02T09:03:00+02:00;54453_D;50;3;0;unknown;0
2025-07-02T09:03:00+02:00;54453_G;54;3;42;freeFlow;1
2025-07-02T09:03:00+02:00;54455;51;2;42;freeFlow;1
2025-07-02T09:03:00+02:00;54457;37;11;42;freeFlow;1
2025-07-02T09:03:00+02:00;54460;34;8;42;heavy;1
2025-07-02T09:03:00+02:00;54463_D;50;6;0;unknown;0
2025-07-02T09:03:00+02:00;54463_G;34;9;42;heavy;1
2025-07-02T09:03:00+02:00;54466_D;10;70;75;congested;2
2025-07-02T09:03:00+02:00;54466_G;17;49;60;heavy;1
2025-07-02T09:03:00+02:00;54469;39;3;75;freeFlow;2
2025-07-02T09:03:00+02:00;54471;13;32;75;congested;2
2025-07-02T09:03:00+02:00;54472;9;44;46;congested;2
2025-07-02T09:03:00+02:00;54473;27;1;25;freeFlow;1
2025-07-02T09:03:00+02:00;54483;33;46;73;heavy;2
2025-07-02T09:03:00+02:00;54489;50;1;0;unknown;0
2025-07-02T09:03:00+02:00;54490;50;4;0;unknown;0
2025-07-02T09:03:00+02:00;54492;46;3;0;unknown;0
2025-07-02T09:03:00+02:00;54505;28;27;55;heavy;1
2025-07-02T09:03:00+02:00;54509;5;53;45;congested;1
2025-07-02T09:03:00+02:00;54518;36;4;55;freeFlow;1
2025-07-02T09:03:00+02:00;54522;18;4;57;heavy;1
2025-07-02T09:03:00+02:00;54523;21;5;42;heavy;1
2025-07-02T09:03:00+02:00;54524;21;2;42;heavy;1
2025-07-02T09:03:00+02:00;54580_D;5;110;50;congested;1
2025-07-02T09:03:00+02:00;54877;18;41;75;heavy;2
2025-07-02T09:03:00+02:00;54879;19;39;92;heavy;3
2025-07-02T09:03:00+02:00;54880_D;4;236;84;congested;3
2025-07-02T09:03:00+02:00;54880_G;16;60;75;heavy;2
2025-07-02T09:03:00+02:00;54882;13;5;60;heavy;1
2025-07-02T09:03:00+02:00;54883;18;3;73;heavy;2
2025-07-02T09:03:00+02:00;54884;21;2;35;freeFlow;1
2025-07-02T09:03:00+02:00;54885;30;1;0;unknown;0
2025-07-02T09:03:00+02:00;54886;11;7;55;heavy;1
2025-07-02T09:03:00+02:00;54887;24;3;60;freeFlow;1
2025-07-02T09:03:00+02:00;54888;13;2;60;heavy;1
2025-07-02T09:03:00+02:00;54889;13;3;60;heavy;1
2025-07-02T09:03:00+02:00;54988;16;7;100;congested;3
2025-07-02T09:03:00+02:00;54989;34;51;75;heavy;2
2025-07-02T09:03:00+02:00;54990;16;6;89;congested;7
2025-07-02T09:03:00+02:00;54991;40;44;100;heavy;6
2025-07-02T09:03:00+02:00;55467_D;43;15;75;freeFlow;2
2025-07-02T09:03:00+02:00;55467_G;38;16;75;freeFlow;2
2025-07-02T09:03:00+02:00;55570_D;38;4;75;freeFlow;2
2025-07-02T09:03:00+02:00;55570_G;50;3;0;unknown;0
2025-07-02T09:03:00+02:00;55589_D;28;9;60;freeFlow;1
2025-07-02T09:03:00+02:00;55589_G;9;27;75;congested;2
2025-07-02T09:03:00+02:00;55591;50;1;0;unknown;0
2025-07-02T09:03:00+02:00;55592;31;2;48;heavy;1
2025-07-02T09:03:00+02:00;55593;14;4;60;congested;1
2025-07-02T09:03:00+02:00;55595;13;3;100;congested;3
2025-07-02T09:03:00+02:00;55596;15;2;100;congested;3
2025-07-02T09:03:00+02:00;55597;13;4;75;congested;2
2025-07-02T09:03:00+02:00;55702;41;7;30;freeFlow;1
2025-07-02T09:03:00+02:00;55704;21;40;42;heavy;1
2025-07-02T09:03:00+02:00;5576_D;42;8;55;heavy;1
2025-07-02T09:03:00+02:00;5576_G;38;9;60;heavy;1
2025-07-02T09:03:00+02:00;55881;14;2;75;congested;2
2025-07-02T09:03:00+02:00;55900;20;4;75;heavy;2
2025-07-02T09:03:00+02:00;55929_D;37;11;60;freeFlow;1
2025-07-02T09:03:00+02:00;55929_G;106;4;45;freeFlow;1
2025-07-02T09:03:00+02:00;55976;41;3;67;freeFlow;2
2025-07-02T09:03:00+02:00;56024;19;52;75;heavy;2
2025-07-02T09:03:00+02:00;56131;30;4;17;heavy;1
2025-07-02T09:03:00+02:00;56257;29;7;75;freeFlow;2
2025-07-02T09:03:00+02:00;563566;7;19;0;unknown;0
2025-07-02T09:03:00+02:00;563571;12;23;0;unknown;0
2025-07-02T09:03:00+02:00;563844_D;14;62;100;congested;3
2025-07-02T09:03:00+02:00;563844_G;40;22;100;heavy;4
2025-07-02T09:03:00+02:00;563846;47;7;75;freeFlow;2
2025-07-02T09:03:00+02:00;563903_D;24;71;55;heavy;2
2025-07-02T09:03:00+02:00;563903_G;50;34;0;unknown;0
2025-07-02T09:03:00+02:00;564067_D;76;16;75;freeFlow;2
2025-07-02T09:03:00+02:00;564067_G;58;22;100;freeFlow;3
2025-07-02T09:03:00+02:00;564195_D;17;26;57;heavy;1
2025-07-02T09:03:00+02:00;564195_G;40;11;45;freeFlow;1
2025-07-02T09:03:00+02:00;56441;16;14;0;unknown;0
2025-07-02T09:03:00+02:00;5651;37;2;100;freeFlow;6
2025-07-02T09:03:00+02:00;5652;40;1;100;freeFlow;5
2025-07-02T09:03:00+02:00;565232;32;4;70;freeFlow;2
2025-07-02T09:03:00+02:00;5653;36;1;75;freeFlow;2
2025-07-02T09:03:00+02:00;565374;44;47;100;freeFlow;6
2025-07-02T09:03:00+02:00;565376;8;274;99;congested;3
2025-07-02T09:03:00+02:00;565393;77;61;100;freeFlow;6
2025-07-02T09:03:00+02:00;5654;39;1;100;freeFlow;3
2025-07-02T09:03:00+02:00;565682_D;51;18;60;freeFlow;1
2025-07-02T09:03:00+02:00;565682_G;27;34;73;heavy;2
2025-07-02T09:03:00+02:00;565731_D;17;6;60;heavy;1
2025-07-02T09:03:00+02:00;565731_G;20;4;55;heavy;1
2025-07-02T09:03:00+02:00;565732;14;5;100;congested;3
2025-07-02T09:03:00+02:00;56584;44;5;60;freeFlow;1
2025-07-02T09:03:00+02:00;565854;45;22;72;heavy;2
2025-07-02T09:03:00+02:00;566176_D;48;23;57;heavy;1
2025-07-02T09:03:00+02:00;566176_G;45;25;50;heavy;1
2025-07-02T09:03:00+02:00;56619_D;31;13;70;heavy;2
2025-07-02T09:03:00+02:00;56619_G;13;31;60;congested;1
2025-07-02T09:03:00+02:00;566287_D;30;16;25;freeFlow;1
2025-07-02T09:03:00+02:00;566287_G;37;13;60;freeFlow;1
2025-07-02T09:03:00+02:00;566302_D;37;1;50;freeFlow;1
2025-07-02T09:03:00+02:00;566302_G;45;1;55;freeFlow;1
2025-07-02T09:03:00+02:00;566303_D;37;20;50;freeFlow;1
2025-07-02T09:03:00+02:00;566303_G;44;17;55;freeFlow;1
2025-07-02T09:03:00+02:00;5663_D;62;42;100;freeFlow;3
2025-07-02T09:03:00+02:00;5663_G;72;36;75;freeFlow;2
2025-07-02T09:03:00+02:00;566407_D;30;3;60;freeFlow;1
2025-07-02T09:03:00+02:00;566407_G;13;6;60;heavy;1
2025-07-02T09:03:00+02:00;566417_D;30;5;60;freeFlow;1
2025-07-02T09:03:00+02:00;566417_G;21;7;60;freeFlow;1
2025-07-02T09:03:00+02:00;566419;43;1;45;freeFlow;1
2025-07-02T09:03:00+02:00;566481;50;1;0;unknown;0
2025-07-02T09:03:00+02:00;566482;50;1;0;unknown;0
2025-07-02T09:03:00+02:00;566483;91;125;100;freeFlow;5
2025-07-02T09:03:00+02:00;566484;50;0;0;unknown;0
2025-07-02T09:03:00+02:00;5664_D;78;2;75;freeFlow;2
2025-07-02T09:03:00+02:00;5664_G;60;3;100;freeFlow;3
2025-07-02T09:03:00+02:00;566573_D;17;7;60;heavy;1
2025-07-02T09:03:00+02:00;566573_G;10;12;60;congested;1
2025-07-02T09:03:00+02:00;566599_D;43;1;60;freeFlow;1
2025-07-02T09:03:00+02:00;566599_G;22;1;75;freeFlow;2
2025-07-02T09:03:00+02:00;566706_D;50;3;0;unknown;0
2025-07-02T09:03:00+02:00;566706_G;50;4;0;unknown;0
2025-07-02T09:03:00+02:00;56676_G;23;9;75;heavy;2
2025-07-02T09:03:00+02:00;566850;28;5;100;heavy;4
2025-07-02T09:03:00+02:00;566924_D;15;20;55;heavy;1
2025-07-02T09:03:00+02:00;566924_G;22;13;65;heavy;2
2025-07-02T09:03:00+02:00;566942;33;1;60;heavy;1
2025-07-02T09:03:00+02:00;56872;87;24;100;freeFlow;10
2025-07-02T09:03:00+02:00;56874;37;13;100;heavy;10
2025-07-02T09:03:00+02:00;56886;35;72;60;freeFlow;1
2025-07-02T09:03:00+02:00;56914;15;11;75;heavy;2
2025-07-02T09:03:00+02:00;56926;70;4;100;freeFlow;11
2025-07-02T09:03:00+02:00;57009;43;8;100;heavy;12
2025-07-02T09:03:00+02:00;57011;89;7;100;freeFlow;10
2025-07-02T09:03:00+02:00;57012;33;12;60;heavy;1
2025-07-02T09:03:00+02:00;57082_D;26;10;57;freeFlow;1
2025-07-02T09:03:00+02:00;57360_D;30;5;0;unknown;0
2025-07-02T09:03:00+02:00;57360_G;35;5;60;freeFlow;1
2025-07-02T09:03:00+02:00;57362_D;30;4;0;unknown;0
2025-07-02T09:03:00+02:00;57362_G;34;3;60;freeFlow;1
2025-07-02T09:03:00+02:00;57368_D;17;12;60;heavy;1
2025-07-02T09:03:00+02:00;57368_G;30;7;73;freeFlow;2
2025-07-02T09:03:00+02:00;57378_D;33;4;60;heavy;1
2025-07-02T09:03:00+02:00;57378_G;38;4;15;freeFlow;1
2025-07-02T09:03:00+02:00;62549;31;1;50;heavy;1
2025-07-02T09:03:00+02:00;62550;20;3;65;heavy;2
2025-07-02T09:03:00+02:00;62617_D;54;8;75;freeFlow;2
2025-07-02T09:03:00+02:00;62617_G;52;9;12;freeFlow;1
2025-07-02T09:03:00+02:00;62948_D;19;9;60;heavy;1
2025-07-02T09:03:00+02:00;62948_G;28;6;55;freeFlow;1
2025-07-02T09:03:00+02:00;63039;41;4;100;freeFlow;4
2025-07-02T09:03:00+02:00;63203_D;30;26;0;unknown;0
2025-07-02T09:03:00+02:00;63203_G;12;64;58;heavy;1
2025-07-02T09:03:00+02:00;63308;50;2;100;freeFlow;4
2025-07-02T09:03:00+02:00;63895_D;11;13;60;heavy;1
2025-07-02T09:03:00+02:00;63895_G;11;13;32;heavy;1
2025-07-02T09:03:00+02:00;63903;93;1;100;freeFlow;10
2025-07-02T09:03:00+02:00;63917;69;2;100;freeFlow;3
2025-07-02T09:03:00+02:00;63954_D;27;7;75;freeFlow;2
2025-07-02T09:03:00+02:00;63954_G;11;14;75;heavy;2
2025-07-02T09:03:00+02:00;63961_D;21;2;75;freeFlow;2
2025-07-02T09:03:00+02:00;63961_G;30;2;0;unknown;0
2025-07-02T09:03:00+02:00;63963_D;29;16;74;freeFlow;2
2025-07-02T09:03:00+02:00;63963_G;26;17;57;freeFlow;1
2025-07-02T09:03:00+02:00;63974;33;12;57;heavy;1
2025-07-02T09:03:00+02:00;64028;50;2;0;unknown;0
2025-07-02T09:03:00+02:00;64029;32;4;60;heavy;1
2025-07-02T09:03:00+02:00;64033;37;4;57;freeFlow;1
2025-07-02T09:03:00+02:00;64034;21;5;74;heavy;2
2025-07-02T09:03:00+02:00;64035;32;4;60;heavy;1
2025-07-02T09:03:00+02:00;64104_D;50;2;0;unknown;0
2025-07-02T09:03:00+02:00;64104_G;50;2;0;unknown;0
2025-07-02T09:03:00+02:00;6421;94;25;100;freeFlow;3
2025-07-02T09:03:00+02:00;6422;96;7;100;freeFlow;3
2025-07-02T09:03:00+02:00;6423;92;15;57;freeFlow;1
2025-07-02T09:03:00+02:00;6424;92;33;77;freeFlow;3
2025-07-02T09:03:00+02:00;64792_D;36;18;50;freeFlow;1
2025-07-02T09:03:00+02:00;64792_G;44;15;55;freeFlow;1
2025-07-02T09:03:00+02:00;64862_D;50;10;0;unknown;0
2025-07-02T09:03:00+02:00;64862_G;9;55;38;congested;1
2025-07-02T09:03:00+02:00;65281;29;4;60;heavy;1
2025-07-02T09:03:00+02:00;65283;31;4;60;heavy;1
2025-07-02T09:03:00+02:00;65293;33;6;60;heavy;1
2025-07-02T09:03:00+02:00;65961_D;50;27;0;unknown;0
2025-07-02T09:03:00+02:00;65961_G;46;29;55;freeFlow;1
2025-07-02T09:03:00+02:00;65966_D;36;1;50;freeFlow;1
2025-07-02T09:03:00+02:00;65966_G;38;1;55;freeFlow;1
2025-07-02T09:03:00+02:00;66020;36;1;100;heavy;4
2025-07-02T09:03:00+02:00;6615_D;63;9;75;freeFlow;2
2025-07-02T09:03:00+02:00;6615_G;37;15;100;heavy;3
2025-07-02T09:03:00+02:00;6616;31;2;100;heavy;3
2025-07-02T09:03:00+02:00;6619;30;4;100;heavy;5
2025-07-02T09:03:00+02:00;6620;31;8;100;heavy;5
2025-07-02T09:03:00+02:00;6621;39;3;100;heavy;3
2025-07-02T09:03:00+02:00;6622;42;2;100;heavy;5
2025-07-02T09:03:00+02:00;6623;42;1;100;heavy;3
2025-07-02T09:03:00+02:00;6628_D;11;76;52;congested;1
2025-07-02T09:03:00+02:00;6628_G;50;17;0;unknown;0
2025-07-02T09:03:00+02:00;6629_D;35;28;42;freeFlow;1
2025-07-02T09:03:00+02:00;6629_G;50;19;0;unknown;0
2025-07-02T09:03:00+02:00;6643;49;14;75;heavy;2
2025-07-02T09:03:00+02:00;6644;33;20;75;heavy;2
2025-07-02T09:03:00+02:00;6645;24;4;75;heavy;2
2025-07-02T09:03:00+02:00;6646;24;2;75;heavy;2
2025-07-02T09:03:00+02:00;6647;24;1;75;heavy;2
2025-07-02T09:03:00+02:00;6648;45;2;75;freeFlow;2
2025-07-02T09:03:00+02:00;6649;41;2;75;freeFlow;2
2025-07-02T09:03:00+02:00;6650;42;4;75;freeFlow;2
2025-07-02T09:03:00+02:00;6651;33;5;75;heavy;2
2025-07-02T09:03:00+02:00;6669_D;56;89;92;heavy;4
2025-07-02T09:03:00+02:00;6669_G;80;62;70;freeFlow;2
2025-07-02T09:03:00+02:00;67069;41;4;75;freeFlow;2
2025-07-02T09:03:00+02:00;67223_D;25;2;75;freeFlow;2
2025-07-02T09:03:00+02:00;67223_G;25;3;60;freeFlow;1
2025-07-02T09:03:00+02:00;67229_D;37;11;63;freeFlow;2
2025-07-02T09:03:00+02:00;67229_G;32;13;60;freeFlow;1
2025-07-02T09:03:00+02:00;6723;93;9;100;freeFlow;3
2025-07-02T09:03:00+02:00;67324_D;63;15;60;freeFlow;1
2025-07-02T09:03:00+02:00;67324_G;62;16;57;freeFlow;1
2025-07-02T09:03:00+02:00;67330;31;2;38;freeFlow;1
2025-07-02T09:03:00+02:00;67332;38;2;27;freeFlow;1
2025-07-02T09:03:00+02:00;67334;38;1;27;freeFlow;1
2025-07-02T09:03:00+02:00;67340;105;1;60;freeFlow;1
2025-07-02T09:03:00+02:00;67341;97;3;60;freeFlow;1
2025-07-02T09:03:00+02:00;67344;38;5;27;freeFlow;1
2025-07-02T09:03:00+02:00;67352_D;105;4;60;freeFlow;1
2025-07-02T09:03:00+02:00;67352_G;38;10;27;freeFlow;1
2025-07-02T09:03:00+02:00;67380_D;31;26;60;heavy;1
2025-07-02T09:03:00+02:00;67380_G;39;21;75;freeFlow;2
2025-07-02T09:03:00+02:00;67385;38;3;75;freeFlow;2
2025-07-02T09:03:00+02:00;67389_D;50;1;0;unknown;0
2025-07-02T09:03:00+02:00;67389_G;36;2;75;freeFlow;2
2025-07-02T09:03:00+02:00;67390;20;5;74;heavy;2
2025-07-02T09:03:00+02:00;67391;27;6;59;heavy;2
2025-07-02T09:03:00+02:00;67392;36;4;75;freeFlow;2
2025-07-02T09:03:00+02:00;67511_D;30;4;0;unknown;0
2025-07-02T09:03:00+02:00;67511_G;27;4;55;freeFlow;1
2025-07-02T09:03:00+02:00;67514_D;30;6;0;unknown;0
2025-07-02T09:03:00+02:00;67514_G;27;7;55;freeFlow;1
2025-07-02T09:03:00+02:00;67611;30;6;0;unknown;0
2025-07-02T09:03:00+02:00;67816;35;1;50;freeFlow;1
2025-07-02T09:03:00+02:00;67819_D;35;1;50;freeFlow;1
2025-07-02T09:03:00+02:00;67819_G;33;1;57;freeFlow;1
2025-07-02T09:03:00+02:00;67820;35;1;50;freeFlow;1
2025-07-02T09:03:00+02:00;67821;33;2;57;freeFlow;1
2025-07-02T09:03:00+02:00;67823;33;8;55;freeFlow;1
2025-07-02T09:03:00+02:00;67824;35;14;73;heavy;2
2025-07-02T09:03:00+02:00;67829;39;13;100;freeFlow;3
2025-07-02T09:03:00+02:00;67892_D;30;8;60;heavy;1
2025-07-02T09:03:00+02:00;67892_G;40;6;75;freeFlow;2
2025-07-02T09:03:00+02:00;68069;32;12;70;heavy;2
2025-07-02T09:03:00+02:00;68070;35;1;57;freeFlow;1
2025-07-02T09:03:00+02:00;68815;20;5;60;heavy;1
2025-07-02T09:03:00+02:00;69060;37;3;75;freeFlow;2
2025-07-02T09:03:00+02:00;69061;38;3;75;freeFlow;2
2025-07-02T09:03:00+02:00;69062;38;1;75;freeFlow;2
2025-07-02T09:03:00+02:00;69063;32;1;12;freeFlow;1
2025-07-02T09:03:00+02:00;69064_D;37;1;75;freeFlow;2
2025-07-02T09:03:00+02:00;69064_G;32;1;12;freeFlow;1
2025-07-02T09:03:00+02:00;69270_D;50;2;0;unknown;0
2025-07-02T09:03:00+02:00;69270_G;21;3;60;heavy;1
2025-07-02T09:03:00+02:00;69277;32;3;12;freeFlow;1
2025-07-02T09:03:00+02:00;69464;32;1;12;freeFlow;1
2025-07-02T09:03:00+02:00;69467;38;1;75;freeFlow;2
2025-07-02T09:03:00+02:00;69493;46;14;100;freeFlow;6
2025-07-02T09:03:00+02:00;69495;31;13;100;heavy;6
2025-07-02T09:03:00+02:00;69591;13;21;75;congested;2
2025-07-02T09:03:00+02:00;69673;19;18;75;heavy;2
2025-07-02T09:03:00+02:00;69878;41;20;100;freeFlow;5
2025-07-02T09:03:00+02:00;71197_D;35;33;57;heavy;1
2025-07-02T09:03:00+02:00;71197_G;38;30;60;heavy;1
2025-07-02T09:03:00+02:00;71455_D;50;3;0;unknown;0
2025-07-02T09:03:00+02:00;71492_D;36;5;52;freeFlow;1
2025-07-02T09:03:00+02:00;71492_G;30;6;98;heavy;3
2025-07-02T09:03:00+02:00;71493_D;51;6;52;freeFlow;1
2025-07-02T09:03:00+02:00;71493_G;58;5;50;freeFlow;1
2025-07-02T09:03:00+02:00;71494;25;6;93;heavy;3
2025-07-02T09:03:00+02:00;71496;27;9;60;heavy;1
2025-07-02T09:03:00+02:00;71497;26;3;60;heavy;1
2025-07-02T09:03:00+02:00;71504_D;21;2;52;heavy;1
2025-07-02T09:03:00+02:00;71504_G;27;1;60;heavy;1
2025-07-02T09:03:00+02:00;71508_D;8;60;57;congested;1
2025-07-02T09:03:00+02:00;71508_G;27;18;73;heavy;2
2025-07-02T09:03:00+02:00;71509_D;76;13;52;freeFlow;1
2025-07-02T09:03:00+02:00;71509_G;58;17;50;freeFlow;1
2025-07-02T09:03:00+02:00;71554_D;38;6;60;freeFlow;1
2025-07-02T09:03:00+02:00;71554_G;41;6;55;freeFlow;1
2025-07-02T09:03:00+02:00;71555_D;36;3;60;freeFlow;1
2025-07-02T09:03:00+02:00;71555_G;32;4;57;heavy;1
2025-07-02T09:03:00+02:00;71661;42;7;75;heavy;2
2025-07-02T09:03:00+02:00;71668;56;12;60;heavy;2
2025-07-02T09:03:00+02:00;72425;92;13;100;freeFlow;4
2025-07-02T09:03:00+02:00;72487_D;70;36;73;freeFlow;2
2025-07-02T09:03:00+02:00;72842_D;50;22;0;unknown;0
2025-07-02T09:03:00+02:00;72842_G;58;19;60;freeFlow;1
2025-07-02T09:03:00+02:00;72940_D;13;91;30;congested;1
2025-07-02T09:03:00+02:00;72940_G;7;179;100;congested;3
2025-07-02T09:03:00+02:00;73636;32;5;57;heavy;1
2025-07-02T09:03:00+02:00;74067;5;16;63;congested;2
2025-07-02T09:03:00+02:00;74454;34;1;60;heavy;1
2025-07-02T09:03:00+02:00;74457_D;57;18;60;freeFlow;1
2025-07-02T09:03:00+02:00;74457_G;38;26;73;heavy;2
2025-07-02T09:03:00+02:00;74459;34;1;60;heavy;1
2025-07-02T09:03:00+02:00;74460;24;1;57;heavy;1
2025-07-02T09:03:00+02:00;74461;24;1;57;heavy;1
2025-07-02T09:03:00+02:00;74688_D;44;21;38;freeFlow;1
2025-07-02T09:03:00+02:00;74688_G;54;17;60;freeFlow;1
2025-07-02T09:03:00+02:00;74748_D;57;5;60;freeFlow;1
2025-07-02T09:03:00+02:00;74748_G;64;5;55;freeFlow;1
2025-07-02T09:03:00+02:00;75340;50;1;0;unknown;0
2025-07-02T09:03:00+02:00;75343_D;27;13;38;freeFlow;1
2025-07-02T09:03:00+02:00;75343_G;30;12;0;unknown;0
2025-07-02T09:03:00+02:00;75344;21;3;38;heavy;1
2025-07-02T09:03:00+02:00;75346;12;6;75;congested;2
2025-07-02T09:03:00+02:00;75347_D;50;1;0;unknown;0
2025-07-02T09:03:00+02:00;75347_G;24;3;75;heavy;2
2025-07-02T09:03:00+02:00;75348;16;2;60;heavy;1
2025-07-02T09:03:00+02:00;75353;16;2;60;heavy;1
2025-07-02T09:03:00+02:00;75356_D;30;17;75;heavy;2
2025-07-02T09:03:00+02:00;75356_G;32;16;12;heavy;1
2025-07-02T09:03:00+02:00;75358;32;2;12;heavy;1
2025-07-02T09:03:00+02:00;75359;19;3;75;heavy;2
2025-07-02T09:03:00+02:00;75385;29;2;60;heavy;1
2025-07-02T09:03:00+02:00;75533_D;70;0;0;unknown;0
2025-07-02T09:03:00+02:00;75533_G;59;1;15;freeFlow;1
2025-07-02T09:03:00+02:00;75630;54;29;75;freeFlow;2
2025-07-02T09:03:00+02:00;75810;74;10;100;freeFlow;3
2025-07-02T09:03:00+02:00;75811;111;4;67;freeFlow;2
2025-07-02T09:03:00+02:00;75812;89;5;100;freeFlow;10
2025-07-02T09:03:00+02:00;75813;38;6;100;heavy;7
2025-07-02T09:03:00+02:00;75814;83;3;100;freeFlow;9
2025-07-02T09:03:00+02:00;75815;31;43;100;heavy;10
2025-07-02T09:03:00+02:00;75816;18;12;75;heavy;2
2025-07-02T09:03:00+02:00;75819_D;49;4;57;freeFlow;1
2025-07-02T09:03:00+02:00;75819_G;39;5;60;freeFlow;1
2025-07-02T09:03:00+02:00;75821;27;11;100;heavy;9
2025-07-02T09:03:00+02:00;75823;22;20;100;congested;9
2025-07-02T09:03:00+02:00;75841;34;10;86;heavy;3
2025-07-02T09:03:00+02:00;75842;43;9;55;freeFlow;2
2025-07-02T09:03:00+02:00;75855;43;2;100;heavy;5
2025-07-02T09:03:00+02:00;75858;42;2;100;heavy;3
2025-07-02T09:03:00+02:00;75859;18;10;100;congested;3
2025-07-02T09:03:00+02:00;75860;23;8;60;heavy;1
2025-07-02T09:03:00+02:00;75861;23;3;74;heavy;2
2025-07-02T09:03:00+02:00;75862;105;2;60;freeFlow;1
2025-07-02T09:03:00+02:00;75863;105;1;60;freeFlow;1
2025-07-02T09:03:00+02:00;75864;101;1;60;freeFlow;1
2025-07-02T09:03:00+02:00;75865;101;1;60;freeFlow;1
2025-07-02T09:03:00+02:00;75866;78;11;100;freeFlow;9
2025-07-02T09:03:00+02:00;75867;95;12;100;freeFlow;7
2025-07-02T09:03:00+02:00;75869;79;66;100;freeFlow;9
2025-07-02T09:03:00+02:00;75873_D;59;10;57;freeFlow;1
2025-07-02T09:03:00+02:00;75873_G;72;7;45;freeFlow;1
2025-07-02T09:03:00+02:00;75874_D;51;8;73;freeFlow;2
2025-07-02T09:03:00+02:00;75874_G;72;5;45;freeFlow;1
2025-07-02T09:03:00+02:00;75875;53;5;60;freeFlow;1
2025-07-02T09:03:00+02:00;75876;58;8;60;freeFlow;1
2025-07-02T09:03:00+02:00;75877;48;18;60;freeFlow;1
2025-07-02T09:03:00+02:00;75878;64;13;75;freeFlow;2
2025-07-02T09:03:00+02:00;75879;107;2;38;freeFlow;1
2025-07-02T09:03:00+02:00;75880;107;8;38;freeFlow;1
2025-07-02T09:03:00+02:00;75882;112;9;75;freeFlow;2
2025-07-02T09:03:00+02:00;75883;84;5;100;freeFlow;11
2025-07-02T09:03:00+02:00;75884;33;12;100;heavy;13
2025-07-02T09:03:00+02:00;75885;87;3;100;freeFlow;9
2025-07-02T09:03:00+02:00;75886;39;15;100;heavy;12
2025-07-02T09:03:00+02:00;75911;38;7;60;freeFlow;1
2025-07-02T09:03:00+02:00;75912;49;6;55;freeFlow;1
2025-07-02T09:03:00+02:00;76094;39;14;75;freeFlow;2
2025-07-02T09:03:00+02:00;7864_D;73;49;75;freeFlow;2
2025-07-02T09:03:00+02:00;7864_G;70;52;88;freeFlow;3
2025-07-02T09:03:00+02:00;790_D;33;24;63;heavy;2
2025-07-02T09:03:00+02:00;790_G;13;62;100;congested;3
2025-07-02T09:03:00+02:00;791_D;28;31;88;heavy;4
2025-07-02T09:03:00+02:00;791_G;10;85;100;congested;3
2025-07-02T09:03:00+02:00;7936;95;8;75;freeFlow;2
2025-07-02T09:03:00+02:00;7937;96;23;100;freeFlow;3
2025-07-02T09:03:00+02:00;7938;91;33;57;freeFlow;1
2025-07-02T09:03:00+02:00;7995_D;79;13;75;freeFlow;2
2025-07-02T09:03:00+02:00;7995_G;72;14;75;freeFlow;2
2025-07-02T09:03:00+02:00;862_D;61;18;100;freeFlow;3
2025-07-02T09:03:00+02:00;862_G;67;16;65;freeFlow;2
2025-07-02T09:03:00+02:00;863_D;60;12;100;freeFlow;3
2025-07-02T09:03:00+02:00;863_G;47;15;65;heavy;2
2025-07-02T09:03:00+02:00;8745;33;6;60;heavy;1
2025-07-02T09:03:00+02:00;8962;93;24;75;freeFlow;2
2025-07-02T09:03:00+02:00;8963_D;61;7;79;freeFlow;3
2025-07-02T09:03:00+02:00;8963_G;7;57;100;congested;3
2025-07-02T09:03:00+02:00;8966;92;13;75;freeFlow;2
2025-07-02T09:03:00+02:00;8969;93;14;100;freeFlow;7
2025-07-02T09:03:00+02:00;8970;91;17;100;freeFlow;6
2025-07-02T09:03:00+02:00;8971;85;24;100;freeFlow;5
2025-07-02T09:03:00+02:00;8974_D;9;24;75;congested;2
2025-07-02T09:03:00+02:00;8974_G;51;5;32;freeFlow;1
2025-07-02T09:03:00+02:00;8976_D;13;27;100;congested;3
2025-07-02T09:03:00+02:00;8976_G;51;7;32;freeFlow;1
2025-07-02T09:03:00+02:00;8977_D;5;58;75;congested;2
2025-07-02T09:03:00+02:00;8977_G;62;5;48;freeFlow;2
2025-07-02T09:03:00+02:00;8978;85;16;75;freeFlow;2
2025-07-02T09:03:00+02:00;9040;58;15;60;heavy;1
2025-07-02T09:03:00+02:00;9041;68;3;73;freeFlow;2
2025-07-02T09:03:00+02:00;9042;43;2;75;freeFlow;2
2025-07-02T09:03:00+02:00;9043;47;4;60;freeFlow;1
2025-07-02T09:03:00+02:00;9044;40;3;60;freeFlow;2
2025-07-02T09:03:00+02:00;9045;50;2;0;unknown;0
2025-07-02T09:03:00+02:00;9046;32;3;60;heavy;1
2025-07-02T09:03:00+02:00;9047;32;3;60;heavy;1
2025-07-02T09:03:00+02:00;9048;35;15;85;heavy;3
2025-07-02T09:03:00+02:00;9049;33;5;57;heavy;2
2025-07-02T09:03:00+02:00;9050;30;2;75;heavy;2
2025-07-02T09:03:00+02:00;9051;39;4;60;freeFlow;1
2025-07-02T09:03:00+02:00;9052;50;2;0;unknown;0
2025-07-02T09:03:00+02:00;9053;41;3;60;freeFlow;1
2025-07-02T09:03:00+02:00;9054;27;22;60;heavy;2
2025-07-02T09:03:00+02:00;9055;42;14;60;freeFlow;1
2025-07-02T09:03:00+02:00;9057_D;30;17;100;heavy;3
2025-07-02T09:03:00+02:00;9057_G;71;8;100;freeFlow;4
2025-07-02T09:03:00+02:00;9058_D;21;66;100;congested;3
2025-07-02T09:03:00+02:00;9058_G;43;31;100;heavy;5
2025-07-02T09:03:00+02:00;9059_D;20;30;100;congested;3
2025-07-02T09:03:00+02:00;9059_G;57;11;100;freeFlow;4
2025-07-02T09:03:00+02:00;9060;42;5;92;heavy;4
2025-07-02T09:03:00+02:00;9061;27;6;48;heavy;1
2025-07-02T09:03:00+02:00;9062;42;4;100;heavy;3
2025-07-02T09:03:00+02:00;9063;25;5;96;heavy;3
2025-07-02T09:03:00+02:00;9068_D;56;32;50;heavy;1
2025-07-02T09:03:00+02:00;9068_G;32;56;100;heavy;3
2025-07-02T09:03:00+02:00;9070_D;43;47;100;heavy;3
2025-07-02T09:03:00+02:00;9070_G;60;35;100;freeFlow;3
2025-07-02T09:03:00+02:00;9073;50;8;100;heavy;16
2025-07-02T09:03:00+02:00;9074;59;15;100;heavy;3
2025-07-02T09:03:00+02:00;9082_D;55;4;60;freeFlow;1
2025-07-02T09:03:00+02:00;9082_G;70;3;55;freeFlow;1
2025-07-02T09:03:00+02:00;9090_D;15;88;58;congested;1
2025-07-02T09:03:00+02:00;9090_G;55;24;75;freeFlow;2
2025-07-02T09:03:00+02:00;9103;23;63;98;congested;4
2025-07-02T09:03:00+02:00;9108;43;29;95;heavy;4
2025-07-02T09:03:00+02:00;9114;41;2;93;heavy;4
2025-07-02T09:03:00+02:00;9115;55;27;60;heavy;1
2025-07-02T09:03:00+02:00;9116;35;4;60;heavy;2
2025-07-02T09:03:00+02:00;9117;50;11;45;heavy;1
2025-07-02T09:03:00+02:00;9133;71;27;100;freeFlow;5
2025-07-02T09:03:00+02:00;9134;65;23;98;freeFlow;4
2025-07-02T09:03:00+02:00;9177;76;25;100;freeFlow;3
2025-07-02T09:03:00+02:00;9190;54;7;60;heavy;1
2025-07-02T09:03:00+02:00;9199;6;10;63;congested;2
2025-07-02T09:03:00+02:00;9200;90;2;0;unknown;0
2025-07-02T09:03:00+02:00;9201;9;8;63;congested;2
2025-07-02T09:03:00+02:00;9202;20;6;45;congested;2
2025-07-02T09:03:00+02:00;9203;30;4;60;heavy;1
2025-07-02T09:03:00+02:00;9204;30;4;60;heavy;1
2025-07-02T09:03:00+02:00;9213;18;155;93;congested;4
2025-07-02T09:03:00+02:00;9214_D;70;1;0;unknown;0
2025-07-02T09:03:00+02:00;9214_G;45;1;85;heavy;3
2025-07-02T09:03:00+02:00;9215;57;48;75;heavy;2
2025-07-02T09:03:00+02:00;9279;79;27;100;freeFlow;3
2025-07-02T09:03:00+02:00;9280;80;30;100;freeFlow;5
2025-07-02T09:03:00+02:00;9343_D;62;20;40;freeFlow;1
2025-07-02T09:03:00+02:00;9343_G;27;45;60;heavy;1
2025-07-02T09:03:00+02:00;9344_D;59;10;42;freeFlow;1
2025-07-02T09:03:00+02:00;9344_G;55;11;60;freeFlow;1
2025-07-02T09:03:00+02:00;9345_D;61;13;42;freeFlow;1
2025-07-02T09:03:00+02:00;9345_G;63;13;57;freeFlow;1
2025-07-02T09:03:00+02:00;9346_D;59;8;42;freeFlow;1
2025-07-02T09:03:00+02:00;9346_G;64;7;57;freeFlow;1
2025-07-02T09:03:00+02:00;9348_D;58;3;55;freeFlow;1
2025-07-02T09:03:00+02:00;9348_G;26;9;57;freeFlow;1
2025-07-02T09:03:00+02:00;9351_D;67;18;57;freeFlow;1
2025-07-02T09:03:00+02:00;9351_G;76;15;17;freeFlow;1
2025-07-02T09:03:00+02:00;9370_D;60;14;40;freeFlow;1
2025-07-02T09:03:00+02:00;9370_G;45;19;60;heavy;1
2025-07-02T09:03:00+02:00;9371_D;60;11;40;freeFlow;1
2025-07-02T09:03:00+02:00;9371_G;50;13;60;heavy;1
2025-07-02T09:03:00+02:00;9378;60;19;100;heavy;16
2025-07-02T09:03:00+02:00;9379;62;18;100;heavy;5
2025-07-02T09:03:00+02:00;9414_D;42;6;75;freeFlow;2
2025-07-02T09:03:00+02:00;9414_G;33;8;60;freeFlow;1
2025-07-02T09:03:00+02:00;9416_D;45;5;75;freeFlow;2
2025-07-02T09:03:00+02:00;9416_G;33;7;60;freeFlow;1
2025-07-02T09:03:00+02:00;9418_D;44;8;60;freeFlow;1
2025-07-02T09:03:00+02:00;9418_G;36;10;60;freeFlow;1
2025-07-02T09:03:00+02:00;9421;44;2;60;freeFlow;1
2025-07-02T09:03:00+02:00;9422;44;2;60;freeFlow;1
2025-07-02T09:03:00+02:00;9423;26;4;60;freeFlow;1
2025-07-02T09:03:00+02:00;9424;32;5;60;freeFlow;1
2025-07-02T09:03:00+02:00;9425_D;44;3;60;freeFlow;1
2025-07-02T09:03:00+02:00;9425_G;43;3;60;freeFlow;1
2025-07-02T09:03:00+02:00;9427_D;44;7;38;heavy;1
2025-07-02T09:03:00+02:00;9427_G;62;5;60;freeFlow;1
2025-07-02T09:03:00+02:00;9434_D;60;13;38;freeFlow;1
2025-07-02T09:03:00+02:00;9434_G;67;12;60;freeFlow;1
2025-07-02T09:03:00+02:00;9435_D;71;14;38;freeFlow;1
2025-07-02T09:03:00+02:00;9435_G;75;14;60;freeFlow;1
2025-07-02T09:03:00+02:00;9437_D;69;16;40;freeFlow;1
2025-07-02T09:03:00+02:00;9437_G;62;18;60;freeFlow;1
2025-07-02T09:03:00+02:00;9588_D;56;11;60;freeFlow;1
2025-07-02T09:03:00+02:00;9588_G;71;9;70;freeFlow;2
2025-07-02T09:03:00+02:00;9625_D;65;5;60;freeFlow;1
2025-07-02T09:03:00+02:00;9625_G;31;12;70;heavy;2
2025-07-02T09:03:00+02:00;9739;24;5;100;heavy;4
2025-07-02T09:03:00+02:00;9740;19;3;100;congested;3
2025-07-02T09:03:00+02:00;9741;15;4;100;congested;3
2025-07-02T09:03:00+02:00;9742;18;8;75;congested;2
2025-07-02T09:03:00+02:00;9745_D;19;7;60;congested;1
2025-07-02T09:03:00+02:00;9745_G;22;13;75;heavy;2
2025-07-02T09:03:00+02:00;9757_D;45;3;60;heavy;1
2025-07-02T09:03:00+02:00;9757_G;10;11;60;congested;1
2025-07-02T09:03:00+02:00;9758_D;45;7;60;heavy;1
2025-07-02T09:03:00+02:00;9758_G;16;20;73;congested;2
2025-07-02T09:03:00+02:00;9834_D;56;35;57;freeFlow;1
2025-07-02T09:03:00+02:00;9834_G;42;47;75;heavy;2
2025-07-02T09:03:00+02:00;9912;6;26;100;congested;4
2025-07-02T09:03:00+02:00;9913;23;5;63;heavy;2
2025-07-02T09:03:00+02:00;9914;14;7;60;congested;1
2025-07-02T09:03:00+02:00;9915;21;6;73;congested;2
2025-07-02T09:03:00+02:00;9916;9;17;100;congested;3
2025-07-02T09:03:00+02:00;9917_D;11;14;75;congested;2
2025-07-02T09:03:00+02:00;9917_G;51;3;32;freeFlow;1
2025-07-02T09:03:00+02:00;9921_D;57;26;55;freeFlow;1
2025-07-02T09:03:00+02:00;9921_G;48;31;75;heavy;2
2025-07-02T09:03:00+02:00;1601981;38;4;65;freeFlow;2
2025-07-02T09:03:00+02:00;1601982;36;25;62;freeFlow;2
2025-07-02T09:03:00+02:00;1634;44;13;60;heavy;1
2025-07-02T09:03:00+02:00;1635;94;2;30;freeFlow;1
2025-07-02T09:03:00+02:00;1636;39;4;100;freeFlow;4
2025-07-02T09:03:00+02:00;1637;32;4;100;heavy;9
2025-07-02T09:03:00+02:00;1640;35;3;100;heavy;7
2025-07-02T09:03:00+02:00;1641;29;6;60;heavy;1
2025-07-02T09:03:00+02:00;1642;33;3;100;heavy;5
2025-07-02T09:03:00+02:00;1678329;24;25;75;heavy;2
2025-07-02T09:03:00+02:00;1680500_D;49;5;57;freeFlow;1
2025-07-02T09:03:00+02:00;1680500_G;38;7;60;freeFlow;1
2025-07-02T09:03:00+02:00;1680501;61;14;75;freeFlow;11
2025-07-02T09:03:00+02:00;1680580;50;9;0;unknown;0
2025-07-02T09:03:00+02:00;1680586;39;4;75;freeFlow;2
2025-07-02T09:03:00+02:00;1680594;39;0;75;freeFlow;2
2025-07-02T09:03:00+02:00;1680595;50;1;0;unknown;0
2025-07-02T09:03:00+02:00;1680596;39;1;75;freeFlow;2
2025-07-02T09:03:00+02:00;1680597;50;1;0;unknown;0
2025-07-02T09:03:00+02:00;1680604;50;2;0;unknown;0
2025-07-02T09:03:00+02:00;1747_D;22;3;50;heavy;1
2025-07-02T09:03:00+02:00;1747_G;25;4;60;heavy;1
2025-07-02T09:03:00+02:00;1762;30;17;60;heavy;1
2025-07-02T09:03:00+02:00;1763;20;28;68;heavy;2
2025-07-02T09:03:00+02:00;1765_D;32;13;52;heavy;1
2025-07-02T09:03:00+02:00;1765_G;34;12;60;heavy;1
2025-07-02T09:03:00+02:00;1852;73;15;100;freeFlow;14
2025-07-02T09:03:00+02:00;1857;73;29;100;freeFlow;12
2025-07-02T09:03:00+02:00;1858;64;14;100;freeFlow;11
2025-07-02T09:03:00+02:00;1859;71;14;100;freeFlow;11
2025-07-02T09:03:00+02:00;1860;97;13;98;freeFlow;3
2025-07-02T09:03:00+02:00;1910718_D;35;4;60;heavy;1
2025-07-02T09:03:00+02:00;1910718_G;45;2;17;freeFlow;1
2025-07-02T09:03:00+02:00;1910863_D;18;30;60;heavy;1
2025-07-02T09:03:00+02:00;1910863_G;17;34;30;heavy;1
2025-07-02T09:03:00+02:00;1911250;30;8;95;heavy;3
2025-07-02T09:03:00+02:00;35088;45;5;100;heavy;4
2025-07-02T09:03:00+02:00;35089;50;4;100;freeFlow;6
2025-07-02T09:03:00+02:00;35090;33;2;100;heavy;4
2025-07-02T09:03:00+02:00;35091;87;1;75;freeFlow;2
2025-07-02T09:03:00+02:00;35093;39;7;100;heavy;5
2025-07-02T09:03:00+02:00;35094;87;3;75;freeFlow;2
2025-07-02T09:03:00+02:00;35099;12;9;60;congested;1
2025-07-02T09:03:00+02:00;35101;22;3;60;heavy;1
2025-07-02T09:03:00+02:00;35102;36;2;57;heavy;1
2025-07-02T09:03:00+02:00;35104;22;122;98;heavy;4
2025-07-02T09:03:00+02:00;35116;26;5;100;heavy;3
2025-07-02T09:03:00+02:00;35117;30;6;99;heavy;3
2025-07-02T09:03:00+02:00;35118;21;8;60;heavy;1
2025-07-02T09:03:00+02:00;35119;13;16;73;congested;2
2025-07-02T09:03:00+02:00;35120_D;8;9;57;congested;2
2025-07-02T09:03:00+02:00;35120_G;21;4;75;heavy;2
2025-07-02T09:03:00+02:00;35121_D;8;266;96;congested;4
2025-07-02T09:03:00+02:00;35121_G;26;82;99;heavy;5
2025-07-02T09:03:00+02:00;40196;48;5;74;heavy;2
2025-07-02T09:03:00+02:00;40197;79;3;45;freeFlow;2
2025-07-02T09:03:00+02:00;41636_D;24;7;75;heavy;2
2025-07-02T09:03:00+02:00;41636_G;28;6;57;heavy;1
2025-07-02T09:03:00+02:00;41652_G;24;9;57;heavy;1
2025-07-02T09:03:00+02:00;41653_D;34;3;45;heavy;1
2025-07-02T09:03:00+02:00;41653_G;12;7;75;congested;2
2025-07-02T09:03:00+02:00;41667_D;33;4;45;heavy;1
2025-07-02T09:03:00+02:00;41667_G;11;11;75;congested;2
2025-07-02T09:03:00+02:00;41668_D;25;2;42;heavy;1
2025-07-02T09:03:00+02:00;41668_G;18;3;75;heavy;2
2025-07-02T09:03:00+02:00;41721;20;52;100;congested;9
2025-07-02T09:03:00+02:00;41722;69;16;100;freeFlow;11
2025-07-02T09:03:00+02:00;41758;76;18;100;freeFlow;12
2025-07-02T09:03:00+02:00;41759;66;21;100;freeFlow;15
2025-07-02T09:03:00+02:00;41760;34;40;100;heavy;10
2025-07-02T09:03:00+02:00;41949_D;21;12;60;heavy;1
2025-07-02T09:03:00+02:00;41949_G;45;6;17;freeFlow;1
2025-07-02T09:03:00+02:00;41974_D;35;6;60;heavy;1
2025-07-02T09:03:00+02:00;41974_G;28;8;20;heavy;1
2025-07-02T09:03:00+02:00;41975_D;42;8;60;freeFlow;1
2025-07-02T09:03:00+02:00;41975_G;44;7;20;freeFlow;1
2025-07-02T09:03:00+02:00;41985_D;25;3;42;heavy;1
2025-07-02T09:03:00+02:00;41985_G;20;4;75;heavy;2
2025-07-02T09:03:00+02:00;42064_D;20;11;45;heavy;1
2025-07-02T09:03:00+02:00;42064_G;18;12;75;heavy;2
2025-07-02T09:03:00+02:00;420870_D;35;6;45;freeFlow;1
2025-07-02T09:03:00+02:00;420870_G;41;6;60;freeFlow;1
2025-07-02T09:03:00+02:00;42206_G;50;19;0;unknown;0
2025-07-02T09:03:00+02:00;42238_G;8;45;100;congested;3
2025-07-02T09:03:00+02:00;42239_D;31;9;15;heavy;1
2025-07-02T09:03:00+02:00;42239_G;12;23;73;congested;2
2025-07-02T09:03:00+02:00;42240_D;18;43;50;heavy;1
2025-07-02T09:03:00+02:00;42240_G;50;15;0;unknown;0
2025-07-02T09:03:00+02:00;42241_D;37;19;100;freeFlow;3
2025-07-02T09:03:00+02:00;42241_G;19;37;17;heavy;1
2025-07-02T09:03:00+02:00;42242_D;16;18;60;heavy;1
2025-07-02T09:03:00+02:00;42242_G;30;10;10;heavy;1
2025-07-02T09:03:00+02:00;42683_D;38;9;60;freeFlow;1
2025-07-02T09:03:00+02:00;42683_G;8;40;58;congested;1
2025-07-02T09:03:00+02:00;42714_D;43;5;60;freeFlow;1
2025-07-02T09:03:00+02:00;42714_G;28;7;20;heavy;1
2025-07-02T09:03:00+02:00;42716_D;19;5;60;heavy;1
2025-07-02T09:03:00+02:00;42716_G;9;9;20;congested;1
2025-07-02T09:03:00+02:00;43449_D;24;9;32;freeFlow;1
2025-07-02T09:03:00+02:00;43449_G;14;15;60;heavy;1
2025-07-02T09:03:00+02:00;43450_D;16;19;35;heavy;1
2025-07-02T09:03:00+02:00;43450_G;22;14;60;freeFlow;1
2025-07-02T09:03:00+02:00;43451_G;28;17;60;freeFlow;1
2025-07-02T09:03:00+02:00;43452_D;4;45;32;congested;1
2025-07-02T09:03:00+02:00;43452_G;24;7;60;freeFlow;1
2025-07-02T09:03:00+02:00;43475_D;50;4;0;unknown;0
2025-07-02T09:03:00+02:00;43475_G;50;4;0;unknown;0
2025-07-02T09:03:00+02:00;43622_D;37;3;60;freeFlow;1
2025-07-02T09:03:00+02:00;43622_G;24;4;40;heavy;1
2025-07-02T09:03:00+02:00;43623_D;37;5;60;freeFlow;1
2025-07-02T09:03:00+02:00;43623_G;10;21;65;congested;2
2025-07-02T09:03:00+02:00;43624_D;21;11;60;heavy;1
2025-07-02T09:03:00+02:00;43624_G;14;17;65;congested;2
2025-07-02T09:03:00+02:00;43625_D;37;10;60;freeFlow;1
2025-07-02T09:03:00+02:00;43625_G;9;41;42;congested;1
2025-07-02T09:03:00+02:00;43657_D;24;3;42;heavy;1
2025-07-02T09:03:00+02:00;43657_G;33;2;60;heavy;1
2025-07-02T09:03:00+02:00;43659_D;30;5;0;unknown;0
2025-07-02T09:03:00+02:00;43659_G;32;4;60;freeFlow;1
2025-07-02T09:03:00+02:00;44039_D;50;2;0;unknown;0
2025-07-02T09:03:00+02:00;44039_G;50;2;0;unknown;0
2025-07-02T09:03:00+02:00;44040_D;40;11;30;freeFlow;1
2025-07-02T09:03:00+02:00;44040_G;26;17;30;heavy;1
2025-07-02T09:03:00+02:00;44041_D;46;10;32;freeFlow;1
2025-07-02T09:03:00+02:00;44041_G;23;21;30;heavy;1
2025-07-02T09:03:00+02:00;44042_D;18;27;32;heavy;1
2025-07-02T09:03:00+02:00;44042_G;50;9;0;unknown;0
2025-07-02T09:03:00+02:00;44071_D;15;18;58;heavy;2
2025-07-02T09:03:00+02:00;44071_G;11;29;60;heavy;1
2025-07-02T09:03:00+02:00;44080;22;6;72;heavy;2
2025-07-02T09:03:00+02:00;44113_D;39;7;0;unknown;0
2025-07-02T09:03:00+02:00;44113_G;16;18;60;heavy;1
2025-07-02T09:03:00+02:00;44114_D;20;13;60;heavy;1
2025-07-02T09:03:00+02:00;44114_G;25;10;75;heavy;2
2025-07-02T09:03:00+02:00;44115_D;20;18;60;heavy;1
2025-07-02T09:03:00+02:00;44115_G;26;13;60;heavy;1
2025-07-02T09:03:00+02:00;44117_D;20;14;75;heavy;2
2025-07-02T09:03:00+02:00;44117_G;4;59;60;congested;1
2025-07-02T09:03:00+02:00;44118_D;12;16;75;congested;2
2025-07-02T09:03:00+02:00;44118_G;5;39;60;congested;1
2025-07-02T09:03:00+02:00;44125_D;29;5;52;heavy;2
2025-07-02T09:03:00+02:00;44125_G;43;3;70;freeFlow;2
2025-07-02T09:03:00+02:00;44127;34;8;55;heavy;1
2025-07-02T09:03:00+02:00;44128;40;8;55;freeFlow;1
2025-07-02T09:03:00+02:00;44170_D;20;8;60;heavy;1
2025-07-02T09:03:00+02:00;44170_G;24;8;60;heavy;1
2025-07-02T09:03:00+02:00;44713_D;19;2;63;heavy;2
2025-07-02T09:03:00+02:00;44713_G;18;1;60;heavy;1
2025-07-02T09:03:00+02:00;44930;71;3;60;freeFlow;1
2025-07-02T09:03:00+02:00;44931;36;18;60;freeFlow;1
2025-07-02T09:03:00+02:00;44934;55;36;100;heavy;11
2025-07-02T09:03:00+02:00;45486_G;37;5;60;freeFlow;1
2025-07-02T09:03:00+02:00;45487_G;36;7;60;freeFlow;1
2025-07-02T09:03:00+02:00;45488_D;35;19;40;freeFlow;1
2025-07-02T09:03:00+02:00;45488_G;36;19;60;freeFlow;1
2025-07-02T09:03:00+02:00;45489_D;36;7;40;freeFlow;1
2025-07-02T09:03:00+02:00;45489_G;40;7;60;freeFlow;1
2025-07-02T09:03:00+02:00;45490_D;35;5;40;freeFlow;1
2025-07-02T09:03:00+02:00;45490_G;25;6;10;heavy;1
2025-07-02T09:03:00+02:00;45503_D;22;6;60;heavy;1
2025-07-02T09:03:00+02:00;45503_G;30;5;75;heavy;2
2025-07-02T09:03:00+02:00;45504_D;5;34;60;congested;1
2025-07-02T09:03:00+02:00;45504_G;35;4;75;heavy;2
2025-07-02T09:03:00+02:00;45505_D;31;11;60;heavy;1
2025-07-02T09:03:00+02:00;45505_G;33;10;75;heavy;2
2025-07-02T09:03:00+02:00;45530_D;17;4;60;heavy;1
2025-07-02T09:03:00+02:00;45530_G;24;3;60;freeFlow;1
2025-07-02T09:03:00+02:00;45531_D;17;3;60;heavy;1
2025-07-02T09:03:00+02:00;45531_G;11;5;57;heavy;1
2025-07-02T09:03:00+02:00;45532_D;18;12;60;heavy;1
2025-07-02T09:03:00+02:00;45532_G;15;15;57;heavy;1
2025-07-02T09:03:00+02:00;45565_D;50;7;0;unknown;0
2025-07-02T09:03:00+02:00;45565_G;33;10;75;heavy;2
2025-07-02T09:03:00+02:00;45566_D;50;5;0;unknown;0
2025-07-02T09:03:00+02:00;45566_G;34;8;75;heavy;2
2025-07-02T09:03:00+02:00;45567_D;50;6;0;unknown;0
2025-07-02T09:03:00+02:00;45567_G;31;9;75;heavy;2
2025-07-02T09:03:00+02:00;45568_D;11;38;0;unknown;0
2025-07-02T09:03:00+02:00;45568_G;9;50;75;congested;2
2025-07-02T09:03:00+02:00;45601_D;29;11;60;heavy;1
2025-07-02T09:03:00+02:00;45601_G;50;6;0;unknown;0
2025-07-02T09:03:00+02:00;45613_D;17;18;40;heavy;1
2025-07-02T09:03:00+02:00;45613_G;16;20;60;heavy;1
2025-07-02T09:03:00+02:00;45614_D;35;6;42;freeFlow;1
2025-07-02T09:03:00+02:00;45614_G;29;8;69;heavy;2
2025-07-02T09:03:00+02:00;45636;94;12;48;freeFlow;1
2025-07-02T09:03:00+02:00;45637;81;14;100;freeFlow;10
2025-07-02T09:03:00+02:00;45640;58;8;52;freeFlow;1
2025-07-02T09:03:00+02:00;45641;60;21;100;freeFlow;11
2025-07-02T09:03:00+02:00;45642;76;28;100;freeFlow;12
2025-07-02T09:03:00+02:00;45644_D;41;23;73;freeFlow;2
2025-07-02T09:03:00+02:00;45644_G;19;51;100;heavy;3
2025-07-02T09:03:00+02:00;45645_G;39;15;100;freeFlow;3
2025-07-02T09:03:00+02:00;45725;90;35;100;freeFlow;11
2025-07-02T09:03:00+02:00;45736_D;32;15;60;heavy;1
2025-07-02T09:03:00+02:00;45736_G;30;16;100;heavy;3
2025-07-02T09:03:00+02:00;45759_D;11;33;45;congested;2
2025-07-02T09:03:00+02:00;45759_G;18;21;67;heavy;2
2025-07-02T09:03:00+02:00;45760_D;13;23;30;congested;1
2025-07-02T09:03:00+02:00;45760_G;19;15;60;heavy;1
2025-07-02T09:03:00+02:00;45761_G;35;9;60;heavy;1
2025-07-02T09:03:00+02:00;45762_D;41;6;30;freeFlow;1
2025-07-02T09:03:00+02:00;45762_G;42;6;60;freeFlow;1
2025-07-02T09:03:00+02:00;45849_D;21;4;60;heavy;1
2025-07-02T09:03:00+02:00;45849_G;10;9;30;congested;1
2025-07-02T09:03:00+02:00;45850_D;26;4;57;heavy;1
2025-07-02T09:03:00+02:00;45850_G;13;7;25;congested;1
2025-07-02T09:03:00+02:00;45865_G;38;9;57;freeFlow;1
2025-07-02T09:03:00+02:00;46027;22;3;60;heavy;1
2025-07-02T09:03:00+02:00;46028;50;14;0;unknown;0
2025-07-02T09:03:00+02:00;46029;26;6;75;heavy;2
2025-07-02T09:03:00+02:00;46036_D;11;45;75;congested;2
2025-07-02T09:03:00+02:00;46036_G;29;17;75;heavy;2
2025-07-02T09:03:00+02:00;46053_G;20;19;75;heavy;2
2025-07-02T09:03:00+02:00;46054_D;29;7;60;heavy;1
2025-07-02T09:03:00+02:00;46054_G;30;6;75;heavy;2
2025-07-02T09:03:00+02:00;46055_D;29;9;60;heavy;1
2025-07-02T09:03:00+02:00;46055_G;32;8;75;heavy;2
2025-07-02T09:03:00+02:00;46056_G;34;3;75;heavy;2
2025-07-02T09:03:00+02:00;46057_D;35;5;60;heavy;1
2025-07-02T09:03:00+02:00;46057_G;35;6;75;freeFlow;2
2025-07-02T09:03:00+02:00;46058_D;50;7;0;unknown;0
2025-07-02T09:03:00+02:00;46058_G;43;8;75;freeFlow;2
2025-07-02T09:03:00+02:00;46059_D;50;12;0;unknown;0
2025-07-02T09:03:00+02:00;46059_G;40;15;75;freeFlow;2
2025-07-02T09:03:00+02:00;46079_D;50;6;0;unknown;0
2025-07-02T09:03:00+02:00;46079_G;40;8;75;freeFlow;2
2025-07-02T09:03:00+02:00;46080_D;50;9;0;unknown;0
2025-07-02T09:03:00+02:00;46080_G;17;28;100;heavy;3
2025-07-02T09:03:00+02:00;46081;41;6;75;freeFlow;2
2025-07-02T09:03:00+02:00;46135;33;10;75;heavy;2
2025-07-02T09:03:00+02:00;46136;32;9;75;heavy;2
2025-07-02T09:03:00+02:00;46137;29;16;75;heavy;2
2025-07-02T09:03:00+02:00;46163;24;13;100;heavy;3
2025-07-02T09:03:00+02:00;46228;73;14;100;freeFlow;3
2025-07-02T09:03:00+02:00;46230;60;24;100;heavy;15
2025-07-02T09:03:00+02:00;46251_D;18;10;42;heavy;1
2025-07-02T09:03:00+02:00;46251_G;5;36;60;congested;1
2025-07-02T09:03:00+02:00;46264;66;24;100;freeFlow;3
2025-07-02T09:03:00+02:00;46265;67;10;100;freeFlow;12
2025-07-02T09:03:00+02:00;46266;63;4;100;freeFlow;14
2025-07-02T09:03:00+02:00;46267;27;29;100;heavy;11
2025-07-02T09:03:00+02:00;46268;14;106;100;congested;8
2025-07-02T09:03:00+02:00;46270_D;17;13;60;heavy;1
2025-07-02T09:03:00+02:00;46270_G;50;4;0;unknown;0
2025-07-02T09:03:00+02:00;46271_D;35;8;60;heavy;1
2025-07-02T09:03:00+02:00;46271_G;106;2;45;freeFlow;1
2025-07-02T09:03:00+02:00;46374_D;19;66;60;heavy;1
2025-07-02T09:03:00+02:00;46374_G;29;43;73;heavy;2
2025-07-02T09:03:00+02:00;46375_D;34;14;60;heavy;1
2025-07-02T09:03:00+02:00;46375_G;10;48;55;congested;1
2025-07-02T09:03:00+02:00;46376_D;40;17;60;freeFlow;1
2025-07-02T09:03:00+02:00;46376_G;35;20;52;heavy;1
2025-07-02T09:03:00+02:00;46377_D;28;15;60;heavy;1
2025-07-02T09:03:00+02:00;46377_G;31;13;52;heavy;1
2025-07-02T09:03:00+02:00;46427_D;32;12;60;heavy;1
2025-07-02T09:03:00+02:00;46427_G;27;14;57;heavy;1
2025-07-02T09:03:00+02:00;46559_D;26;3;50;heavy;1
2025-07-02T09:03:00+02:00;46559_G;25;3;48;heavy;1
2025-07-02T09:03:00+02:00;46560_D;31;13;50;heavy;1
2025-07-02T09:03:00+02:00;46560_G;15;26;22;heavy;1
2025-07-02T09:03:00+02:00;46561_D;33;7;50;heavy;1
2025-07-02T09:03:00+02:00;46561_G;1;231;20;congested;1
2025-07-02T09:03:00+02:00;46562_D;34;3;50;heavy;1
2025-07-02T09:03:00+02:00;46562_G;50;2;0;unknown;0
2025-07-02T09:03:00+02:00;46563_D;22;19;50;heavy;1
2025-07-02T09:03:00+02:00;46563_G;27;16;20;heavy;1
2025-07-02T09:03:00+02:00;46564_D;15;14;55;congested;1
2025-07-02T09:03:00+02:00;46564_G;8;26;20;congested;1
2025-07-02T09:03:00+02:00;46565_D;16;11;57;heavy;1
2025-07-02T09:03:00+02:00;46565_G;10;18;17;congested;1
2025-07-02T09:03:00+02:00;46566_D;12;22;57;congested;1
2025-07-02T09:03:00+02:00;46566_G;21;12;17;heavy;1
2025-07-02T09:03:00+02:00;46567_G;16;6;52;heavy;1
2025-07-02T09:03:00+02:00;46568_D;3;24;40;congested;1
2025-07-02T09:03:00+02:00;46568_G;14;5;75;congested;2
2025-07-02T09:03:00+02:00;46569_D;6;80;48;congested;1
2025-07-02T09:03:00+02:00;46569_G;25;19;50;heavy;1
2025-07-02T09:03:00+02:00;46627_D;9;57;50;congested;1
2025-07-02T09:03:00+02:00;46627_G;4;118;54;congested;2
2025-07-02T09:03:00+02:00;46628_D;5;79;55;congested;1
2025-07-02T09:03:00+02:00;46628_G;27;15;20;heavy;1
2025-07-02T09:03:00+02:00;46640;50;15;0;unknown;0
2025-07-02T09:03:00+02:00;46641;50;8;0;unknown;0
2025-07-02T09:03:00+02:00;46643;16;11;60;heavy;1
2025-07-02T09:03:00+02:00;46649;50;8;0;unknown;0
2025-07-02T09:03:00+02:00;46653_D;15;41;60;heavy;1
2025-07-02T09:03:00+02:00;46653_G;40;15;60;freeFlow;1
2025-07-02T09:03:00+02:00;46654_D;9;60;60;congested;1
2025-07-02T09:03:00+02:00;46654_G;40;13;60;freeFlow;1
2025-07-02T09:03:00+02:00;46655_D;34;5;75;heavy;2
2025-07-02T09:03:00+02:00;46655_G;13;12;75;congested;2
2025-07-02T09:03:00+02:00;46682;15;32;60;heavy;1
2025-07-02T09:03:00+02:00;46683;30;2;60;heavy;1
2025-07-02T09:03:00+02:00;46684;38;13;75;freeFlow;2
2025-07-02T09:03:00+02:00;46685;11;91;100;congested;4
2025-07-02T09:03:00+02:00;46686;31;43;59;heavy;1
2025-07-02T09:03:00+02:00;46688;106;11;98;freeFlow;3
2025-07-02T09:03:00+02:00;46716;29;3;100;heavy;11
2025-07-02T09:03:00+02:00;46717;61;61;100;heavy;11
2025-07-02T09:03:00+02:00;46718;56;18;100;heavy;11
2025-07-02T09:03:00+02:00;46719;50;15;60;freeFlow;2
2025-07-02T09:03:00+02:00;46720;54;4;60;freeFlow;1
2025-07-02T09:03:00+02:00;46728;54;7;60;freeFlow;1
2025-07-02T09:03:00+02:00;46745_D;47;13;98;freeFlow;3
2025-07-02T09:03:00+02:00;46745_G;40;15;75;freeFlow;2
2025-07-02T09:03:00+02:00;46746_D;38;23;48;freeFlow;1
2025-07-02T09:03:00+02:00;46746_G;27;33;60;heavy;1
2025-07-02T09:03:00+02:00;46975;20;8;48;heavy;1
2025-07-02T09:03:00+02:00;47024;37;5;60;freeFlow;1
2025-07-02T09:03:00+02:00;47025;26;15;62;heavy;2
2025-07-02T09:03:00+02:00;47030;10;31;75;congested;2
2025-07-02T09:03:00+02:00;47057;66;13;100;freeFlow;17
2025-07-02T09:03:00+02:00;47058;62;31;100;heavy;17
2025-07-02T09:03:00+02:00;47059;13;100;100;congested;4
2025-07-02T09:03:00+02:00;47060;20;49;100;congested;3
2025-07-02T09:03:00+02:00;47062;50;17;0;unknown;0
2025-07-02T09:03:00+02:00;47064;29;3;100;heavy;4
2025-07-02T09:03:00+02:00;47066;41;3;60;freeFlow;1
2025-07-02T09:03:00+02:00;47068;48;14;60;heavy;1
2025-07-02T09:03:00+02:00;47070;41;7;100;freeFlow;3
2025-07-02T09:03:00+02:00;47071;68;13;100;freeFlow;4
2025-07-02T09:03:00+02:00;47074;42;11;100;heavy;3
2025-07-02T09:03:00+02:00;47075;18;14;60;congested;1
2025-07-02T09:03:00+02:00;47078;14;171;75;congested;2
2025-07-02T09:03:00+02:00;47101;48;8;60;freeFlow;1
2025-07-02T09:03:00+02:00;47107;21;23;100;congested;4
2025-07-02T09:03:00+02:00;47108;51;16;38;freeFlow;1
2025-07-02T09:03:00+02:00;47109;37;2;100;freeFlow;3
2025-07-02T09:03:00+02:00;47110;60;13;100;freeFlow;4
2025-07-02T09:03:00+02:00;47111;65;28;100;freeFlow;13
2025-07-02T09:03:00+02:00;47112;33;26;100;heavy;3
2025-07-02T09:03:00+02:00;47113;47;12;75;heavy;2
2025-07-02T09:03:00+02:00;47114;61;23;97;freeFlow;3
2025-07-02T09:03:00+02:00;47115;44;32;100;freeFlow;5
2025-07-02T09:03:00+02:00;47238;60;10;100;heavy;17
2025-07-02T09:03:00+02:00;47240;60;24;100;heavy;3
2025-07-02T09:03:00+02:00;47241;32;32;100;heavy;14
2025-07-02T09:03:00+02:00;47242;17;74;100;congested;19
2025-07-02T09:03:00+02:00;47243;33;43;100;heavy;18
2025-07-02T09:03:00+02:00;47290;40;13;75;freeFlow;2
2025-07-02T09:03:00+02:00;47293;13;41;100;congested;14
2025-07-02T09:03:00+02:00;47299;14;25;100;congested;4
2025-07-02T09:03:00+02:00;47300;89;14;55;freeFlow;2
2025-07-02T09:03:00+02:00;47306;64;31;100;freeFlow;5
2025-07-02T09:03:00+02:00;47316;25;12;60;heavy;1
2025-07-02T09:03:00+02:00;47428_D;50;5;0;unknown;0
2025-07-02T09:03:00+02:00;47428_G;50;5;0;unknown;0
2025-07-02T09:03:00+02:00;48769_D;21;7;32;heavy;1
2025-07-02T09:03:00+02:00;48769_G;33;4;75;heavy;2
2025-07-02T09:03:00+02:00;48890;28;1;60;heavy;1
2025-07-02T09:03:00+02:00;48891;22;2;45;heavy;1
2025-07-02T09:03:00+02:00;48958_D;28;8;75;heavy;2
2025-07-02T09:03:00+02:00;48958_G;13;17;40;congested;1
2025-07-02T09:03:00+02:00;489866_G;44;4;60;freeFlow;1
2025-07-02T09:03:00+02:00;49004;38;6;60;freeFlow;1
2025-07-02T09:03:00+02:00;490194_D;28;2;60;heavy;1
2025-07-02T09:03:00+02:00;490194_G;45;1;17;freeFlow;1
2025-07-02T09:03:00+02:00;49023;73;8;38;freeFlow;1
2025-07-02T09:03:00+02:00;49068;9;70;60;congested;1
2025-07-02T09:03:00+02:00;49074;38;3;75;heavy;2
2025-07-02T09:03:00+02:00;49075;70;2;0;unknown;0
2025-07-02T09:03:00+02:00;49081;87;6;30;freeFlow;1
2025-07-02T09:03:00+02:00;49084;39;11;75;freeFlow;2
2025-07-02T09:03:00+02:00;49137_D;37;5;30;freeFlow;1
2025-07-02T09:03:00+02:00;49137_G;16;12;30;heavy;1
2025-07-02T09:03:00+02:00;49184;31;4;60;heavy;1
2025-07-02T09:03:00+02:00;492351_G;32;4;60;heavy;1
2025-07-02T09:03:00+02:00;492359_D;6;43;42;congested;1
2025-07-02T09:03:00+02:00;492363_D;50;9;0;unknown;0
2025-07-02T09:03:00+02:00;492363_G;50;10;0;unknown;0
2025-07-02T09:03:00+02:00;492435;13;34;100;congested;3
2025-07-02T09:03:00+02:00;492445_G;10;61;100;congested;3
2025-07-02T09:03:00+02:00;492450;34;15;100;heavy;4
2025-07-02T09:03:00+02:00;492452;38;13;100;freeFlow;3
2025-07-02T09:03:00+02:00;492459;103;1;60;freeFlow;1
2025-07-02T09:03:00+02:00;492474;37;5;100;heavy;4
2025-07-02T09:03:00+02:00;492475;55;16;100;freeFlow;5
2025-07-02T09:03:00+02:00;492476;11;42;100;congested;5
2025-07-02T09:03:00+02:00;492477;32;3;75;heavy;2
2025-07-02T09:03:00+02:00;492479;32;20;75;heavy;2
2025-07-02T09:03:00+02:00;492481;29;6;47;heavy;2
2025-07-02T09:03:00+02:00;492482;32;4;100;heavy;3
2025-07-02T09:03:00+02:00;492483;9;20;100;congested;4
2025-07-02T09:03:00+02:00;492485;32;2;75;heavy;2
2025-07-02T09:03:00+02:00;492490;37;9;98;freeFlow;5
2025-07-02T09:03:00+02:00;492495;24;2;100;heavy;3
2025-07-02T09:03:00+02:00;492498;63;7;60;freeFlow;1
2025-07-02T09:03:00+02:00;492506;10;21;75;congested;2
2025-07-02T09:03:00+02:00;492512;25;4;45;heavy;1
2025-07-02T09:03:00+02:00;492514;31;2;100;heavy;3
2025-07-02T09:03:00+02:00;492519;18;29;75;heavy;2
2025-07-02T09:03:00+02:00;492574;35;5;100;freeFlow;4
2025-07-02T09:03:00+02:00;492576;24;2;60;heavy;1
2025-07-02T09:03:00+02:00;49328_D;20;6;60;heavy;1
2025-07-02T09:03:00+02:00;49328_G;35;3;60;heavy;1
2025-07-02T09:03:00+02:00;49686_D;37;4;30;freeFlow;1
2025-07-02T09:03:00+02:00;49686_G;24;7;30;heavy;1
2025-07-02T09:03:00+02:00;50079_D;22;10;35;freeFlow;1
2025-07-02T09:03:00+02:00;50079_G;24;9;68;freeFlow;2
2025-07-02T09:03:00+02:00;50191_D;29;18;60;heavy;1
2025-07-02T09:03:00+02:00;50191_G;7;78;10;congested;1
2025-07-02T09:03:00+02:00;50308_G;46;6;60;freeFlow;1
2025-07-02T09:03:00+02:00;50355_D;26;11;45;heavy;1
2025-07-02T09:03:00+02:00;50355_G;33;8;60;heavy;1
2025-07-02T09:03:00+02:00;50416_D;35;4;45;heavy;1
2025-07-02T09:03:00+02:00;50416_G;39;3;60;freeFlow;1
2025-07-02T09:03:00+02:00;50475;26;15;60;heavy;1
2025-07-02T09:03:00+02:00;50509;32;14;60;heavy;1
2025-07-02T09:03:00+02:00;50573_D;13;18;36;heavy;1
2025-07-02T09:03:00+02:00;50573_G;18;11;60;heavy;1
2025-07-02T09:03:00+02:00;51008;25;6;60;heavy;1
2025-07-02T09:03:00+02:00;51017;6;22;60;congested;1
2025-07-02T09:03:00+02:00;51159_D;13;49;60;congested;1
2025-07-02T09:03:00+02:00;51159_G;32;20;55;heavy;1
2025-07-02T09:03:00+02:00;51254_D;40;7;22;freeFlow;1
2025-07-02T09:03:00+02:00;51254_G;29;10;52;heavy;1
2025-07-02T09:03:00+02:00;51323_D;29;6;60;heavy;1
2025-07-02T09:03:00+02:00;51323_G;6;31;12;congested;1
2025-07-02T09:03:00+02:00;51437_D;50;3;0;unknown;0
2025-07-02T09:03:00+02:00;51437_G;29;4;75;heavy;2
2025-07-02T09:03:00+02:00;51455_D;50;6;0;unknown;0
2025-07-02T09:03:00+02:00;51455_G;32;8;75;heavy;2
2025-07-02T09:03:00+02:00;51797;26;8;60;heavy;1
2025-07-02T09:03:00+02:00;52130;6;36;57;congested;1
2025-07-02T09:03:00+02:00;53329_D;26;7;57;freeFlow;1
2025-07-02T09:03:00+02:00;53329_G;6;26;25;congested;1
2025-07-02T09:03:00+02:00;53336_D;42;9;48;freeFlow;1
2025-07-02T09:03:00+02:00;53336_G;36;11;52;freeFlow;1
2025-07-02T09:03:00+02:00;53411_D;15;24;42;heavy;1
2025-07-02T09:03:00+02:00;53539_G;39;5;60;freeFlow;1
2025-07-02T09:03:00+02:00;53542;76;6;100;freeFlow;3
2025-07-02T09:03:00+02:00;53543;81;5;25;freeFlow;1
2025-07-02T09:03:00+02:00;53575_D;26;26;57;heavy;1
2025-07-02T09:03:00+02:00;53575_G;46;13;60;freeFlow;1
2025-07-02T09:03:00+02:00;53656;37;2;50;freeFlow;1
2025-07-02T09:03:00+02:00;53660;13;28;60;congested;1
2025-07-02T09:03:00+02:00;53663;47;3;50;freeFlow;1
2025-07-02T09:03:00+02:00;53675;34;2;100;heavy;5
2025-07-02T09:03:00+02:00;53676;28;4;100;heavy;4
2025-07-02T09:03:00+02:00;53677;28;20;100;heavy;4
2025-07-02T09:03:00+02:00;53678;54;1;0;unknown;0
2025-07-02T09:03:00+02:00;53679;54;2;0;unknown;0
2025-07-02T09:03:00+02:00;53681;49;40;100;freeFlow;4
2025-07-02T09:03:00+02:00;53721;29;2;48;heavy;1
2025-07-02T09:03:00+02:00;53885_D;12;43;100;congested;3
2025-07-02T09:03:00+02:00;53885_G;19;28;60;heavy;1
2025-07-02T09:03:00+02:00;54211;15;44;97;congested;3
2025-07-02T09:03:00+02:00;54334_D;18;2;51;heavy;2
2025-07-02T09:03:00+02:00;54334_G;14;3;60;congested;1
2025-07-02T09:03:00+02:00;54337;17;48;65;heavy;2
2025-07-02T09:03:00+02:00;54361;27;7;100;heavy;4
2025-07-02T09:03:00+02:00;54580_G;10;57;75;congested;2
2025-07-02T09:03:00+02:00;54707;63;7;60;freeFlow;1
2025-07-02T09:03:00+02:00;54709;50;1;0;unknown;0
2025-07-02T09:03:00+02:00;54710;68;3;60;freeFlow;1
2025-07-02T09:03:00+02:00;55397_D;11;6;60;congested;1
2025-07-02T09:03:00+02:00;55397_G;18;4;100;heavy;3
2025-07-02T09:03:00+02:00;55401;21;18;75;heavy;2
2025-07-02T09:03:00+02:00;55405;23;3;75;heavy;2
2025-07-02T09:03:00+02:00;55406;22;8;100;heavy;3
2025-07-02T09:03:00+02:00;55407;17;7;60;heavy;1
2025-07-02T09:03:00+02:00;55408;25;7;60;heavy;1
2025-07-02T09:03:00+02:00;55440_D;26;7;60;freeFlow;1
2025-07-02T09:03:00+02:00;55440_G;19;9;57;heavy;1
2025-07-02T09:03:00+02:00;55443_D;26;3;75;heavy;2
2025-07-02T09:03:00+02:00;55443_G;9;7;12;congested;1
2025-07-02T09:03:00+02:00;55446;24;3;60;heavy;1
2025-07-02T09:03:00+02:00;55447;21;3;73;heavy;2
2025-07-02T09:03:00+02:00;55448;28;2;75;heavy;2
2025-07-02T09:03:00+02:00;55449;25;3;75;heavy;2
2025-07-02T09:03:00+02:00;55516;50;2;0;unknown;0
2025-07-02T09:03:00+02:00;55669;16;13;60;heavy;1
2025-07-02T09:03:00+02:00;55671;22;16;20;heavy;1
2025-07-02T09:03:00+02:00;55696;50;15;0;unknown;0
2025-07-02T09:03:00+02:00;55698;23;19;30;heavy;1
2025-07-02T09:03:00+02:00;55700;33;12;30;heavy;1
2025-07-02T09:03:00+02:00;55703;15;8;45;congested;1
2025-07-02T09:03:00+02:00;55706;50;1;0;unknown;0
2025-07-02T09:03:00+02:00;55707;27;12;60;heavy;1
2025-07-02T09:03:00+02:00;55708;22;6;75;heavy;2
2025-07-02T09:03:00+02:00;55710;24;28;60;heavy;1
2025-07-02T09:03:00+02:00;55711;22;3;45;heavy;1
2025-07-02T09:03:00+02:00;55713;50;14;0;unknown;0
2025-07-02T09:03:00+02:00;55781_D;50;2;0;unknown;0
2025-07-02T09:03:00+02:00;55781_G;22;5;100;heavy;3
2025-07-02T09:03:00+02:00;55800;50;6;0;unknown;0
2025-07-02T09:03:00+02:00;55801;42;4;75;freeFlow;2
2025-07-02T09:03:00+02:00;55805;15;15;0;unknown;0
2025-07-02T09:03:00+02:00;55806;50;10;0;unknown;0
2025-07-02T09:03:00+02:00;55811;50;7;0;unknown;0
2025-07-02T09:03:00+02:00;55814;50;2;0;unknown;0
2025-07-02T09:03:00+02:00;55815;48;0;75;freeFlow;2
2025-07-02T09:03:00+02:00;55820;28;1;57;heavy;1
2025-07-02T09:03:00+02:00;55821;40;3;75;freeFlow;2
2025-07-02T09:03:00+02:00;55822;42;2;75;freeFlow;2
2025-07-02T09:03:00+02:00;55823;50;1;0;unknown;0
2025-07-02T09:03:00+02:00;55824;50;1;0;unknown;0
2025-07-02T09:03:00+02:00;55827;8;10;100;congested;3
2025-07-02T09:03:00+02:00;55830;7;12;100;congested;3
2025-07-02T09:03:00+02:00;55841;30;15;60;heavy;1
2025-07-02T09:03:00+02:00;55843;50;1;0;unknown;0
2025-07-02T09:03:00+02:00;55879;50;1;60;freeFlow;2
2025-07-02T09:03:00+02:00;55883;50;1;45;freeFlow;1
2025-07-02T09:03:00+02:00;55887;24;22;60;heavy;1
2025-07-02T09:03:00+02:00;55888;41;14;25;freeFlow;1
2025-07-02T09:03:00+02:00;55889;12;7;75;congested;2
2025-07-02T09:03:00+02:00;55890;20;4;60;heavy;1
2025-07-02T09:03:00+02:00;55894;37;2;60;freeFlow;1
2025-07-02T09:03:00+02:00;55896;16;4;60;heavy;1
2025-07-02T09:03:00+02:00;55898;50;12;45;freeFlow;1
2025-07-02T09:03:00+02:00;55899;20;17;60;heavy;1
2025-07-02T09:03:00+02:00;55926_D;35;7;60;heavy;1
2025-07-02T09:03:00+02:00;55926_G;106;2;45;freeFlow;1
2025-07-02T09:03:00+02:00;55932;106;1;45;freeFlow;1
2025-07-02T09:03:00+02:00;55933;35;3;60;heavy;1
2025-07-02T09:03:00+02:00;55958;48;1;60;freeFlow;1
2025-07-02T09:03:00+02:00;55959;34;2;65;heavy;2
2025-07-02T09:03:00+02:00;55974;20;2;75;heavy;2
2025-07-02T09:03:00+02:00;55975;36;2;100;freeFlow;3
2025-07-02T09:03:00+02:00;55977;36;4;100;freeFlow;3
2025-07-02T09:03:00+02:00;55978;48;2;60;freeFlow;1
2025-07-02T09:03:00+02:00;55980;26;10;50;heavy;1
2025-07-02T09:03:00+02:00;55981;26;10;75;heavy;2
2025-07-02T09:03:00+02:00;56019;11;6;57;congested;1
2025-07-02T09:03:00+02:00;56020;106;0;45;freeFlow;1
2025-07-02T09:03:00+02:00;56113;14;17;40;congested;1
2025-07-02T09:03:00+02:00;56115;26;8;32;heavy;1
2025-07-02T09:03:00+02:00;56117;6;44;20;congested;1
2025-07-02T09:03:00+02:00;56118;18;3;60;heavy;1
2025-07-02T09:03:00+02:00;56124;18;3;60;heavy;1
2025-07-02T09:03:00+02:00;56125;31;2;20;heavy;1
2025-07-02T09:03:00+02:00;56126;20;7;32;heavy;1
2025-07-02T09:03:00+02:00;56128;17;4;63;heavy;2
2025-07-02T09:03:00+02:00;56157_D;30;13;0;unknown;0
2025-07-02T09:03:00+02:00;56157_G;30;13;0;unknown;0
2025-07-02T09:03:00+02:00;56165_D;30;2;0;unknown;0
2025-07-02T09:03:00+02:00;56165_G;30;2;0;unknown;0
2025-07-02T09:03:00+02:00;56170;50;1;0;unknown;0
2025-07-02T09:03:00+02:00;56174;50;5;0;unknown;0
2025-07-02T09:03:00+02:00;56175;25;9;60;heavy;1
2025-07-02T09:03:00+02:00;56179;50;2;0;unknown;0
2025-07-02T09:03:00+02:00;56180;50;1;0;unknown;0
2025-07-02T09:03:00+02:00;56181;17;6;60;heavy;1
2025-07-02T09:03:00+02:00;56182;20;4;60;heavy;1
2025-07-02T09:03:00+02:00;56183;50;1;0;unknown;0
2025-07-02T09:03:00+02:00;56218_D;50;3;0;unknown;0
2025-07-02T09:03:00+02:00;56218_G;50;3;0;unknown;0
2025-07-02T09:03:00+02:00;56223;50;1;0;unknown;0
2025-07-02T09:03:00+02:00;56224;33;11;64;heavy;2
2025-07-02T09:03:00+02:00;56225;15;23;40;congested;1
2025-07-02T09:03:00+02:00;56229;15;9;55;heavy;2
2025-07-02T09:03:00+02:00;56231;24;4;55;heavy;2
2025-07-02T09:03:00+02:00;56232;27;2;98;heavy;3
2025-07-02T09:03:00+02:00;56233;49;9;60;freeFlow;1
2025-07-02T09:03:00+02:00;56237;53;8;60;freeFlow;1
2025-07-02T09:03:00+02:00;56239;32;2;55;freeFlow;1
2025-07-02T09:03:00+02:00;56247;26;1;75;freeFlow;2
2025-07-02T09:03:00+02:00;56250;24;26;55;freeFlow;1
2025-07-02T09:03:00+02:00;56251;31;21;73;freeFlow;2
2025-07-02T09:03:00+02:00;56254;24;2;60;freeFlow;1
2025-07-02T09:03:00+02:00;56255;24;2;60;freeFlow;1
2025-07-02T09:03:00+02:00;56256;26;2;60;freeFlow;1
2025-07-02T09:03:00+02:00;56258;52;3;60;freeFlow;1
2025-07-02T09:03:00+02:00;56260;20;3;75;heavy;2
2025-07-02T09:03:00+02:00;56261;26;2;55;freeFlow;1
2025-07-02T09:03:00+02:00;56263;24;16;55;freeFlow;1
2025-07-02T09:03:00+02:00;56264;25;16;60;freeFlow;1
2025-07-02T09:03:00+02:00;56298;24;2;55;freeFlow;1
2025-07-02T09:03:00+02:00;56300;24;1;60;freeFlow;1
2025-07-02T09:03:00+02:00;56333;24;4;57;heavy;1
2025-07-02T09:03:00+02:00;565804_D;29;15;60;heavy;1
2025-07-02T09:03:00+02:00;565804_G;50;9;0;unknown;0
2025-07-02T09:03:00+02:00;565852;60;2;55;freeFlow;1
2025-07-02T09:03:00+02:00;565853;70;14;27;freeFlow;1
2025-07-02T09:03:00+02:00;566240;95;1;15;freeFlow;1
2025-07-02T09:03:00+02:00;566445_D;30;2;0;unknown;0
2025-07-02T09:03:00+02:00;566445_G;30;3;0;unknown;0
2025-07-02T09:03:00+02:00;566456_D;30;22;0;unknown;0
2025-07-02T09:03:00+02:00;566456_G;30;22;0;unknown;0
2025-07-02T09:03:00+02:00;566457;50;1;0;unknown;0
2025-07-02T09:03:00+02:00;566465_D;30;10;0;unknown;0
2025-07-02T09:03:00+02:00;566465_G;30;10;0;unknown;0
2025-07-02T09:03:00+02:00;56675_D;5;31;32;congested;1
2025-07-02T09:03:00+02:00;56675_G;29;5;75;heavy;2
2025-07-02T09:03:00+02:00;566941;20;5;75;heavy;2
2025-07-02T09:03:00+02:00;56871_D;50;3;0;unknown;0
2025-07-02T09:03:00+02:00;56871_G;50;3;0;unknown;0
2025-07-02T09:03:00+02:00;56908_D;38;10;60;freeFlow;1
2025-07-02T09:03:00+02:00;56908_G;26;15;57;heavy;1
2025-07-02T09:03:00+02:00;56925;41;85;100;heavy;16
2025-07-02T09:03:00+02:00;56944_D;17;18;60;heavy;1
2025-07-02T09:03:00+02:00;56944_G;17;18;60;heavy;1
2025-07-02T09:03:00+02:00;56945_D;17;14;60;heavy;1
2025-07-02T09:03:00+02:00;56945_G;6;36;58;congested;1
2025-07-02T09:03:00+02:00;57082_G;0;1.155879129135643e+32;22;congested;1
2025-07-02T09:03:00+02:00;57083_D;26;17;57;freeFlow;1
2025-07-02T09:03:00+02:00;57083_G;30;16;38;freeFlow;2
2025-07-02T09:03:00+02:00;59724;47;3;50;freeFlow;1
2025-07-02T09:03:00+02:00;59750_D;18;13;45;heavy;1
2025-07-02T09:03:00+02:00;59750_G;42;5;60;freeFlow;1
2025-07-02T09:03:00+02:00;59835_D;40;5;20;freeFlow;1
2025-07-02T09:03:00+02:00;59835_G;32;7;60;heavy;1
2025-07-02T09:03:00+02:00;59836;34;4;20;heavy;1
2025-07-02T09:03:00+02:00;59837;18;3;60;heavy;1
2025-07-02T09:03:00+02:00;59838;19;7;60;heavy;1
2025-07-02T09:03:00+02:00;62559_D;50;6;0;unknown;0
2025-07-02T09:03:00+02:00;62559_G;32;10;100;heavy;3
2025-07-02T09:03:00+02:00;62560;39;7;73;freeFlow;2
2025-07-02T09:03:00+02:00;62565_D;50;2;0;unknown;0
2025-07-02T09:03:00+02:00;62565_G;30;2;100;heavy;3
2025-07-02T09:03:00+02:00;62831_D;43;1;30;freeFlow;1
2025-07-02T09:03:00+02:00;62831_G;34;1;60;heavy;1
2025-07-02T09:03:00+02:00;62832_D;43;1;30;freeFlow;1
2025-07-02T09:03:00+02:00;62832_G;21;3;60;heavy;1
2025-07-02T09:03:00+02:00;63045_D;30;5;0;unknown;0
2025-07-02T09:03:00+02:00;63045_G;24;6;60;freeFlow;1
2025-07-02T09:03:00+02:00;63053_D;13;17;75;congested;2
2025-07-02T09:03:00+02:00;63053_G;6;36;60;congested;1
2025-07-02T09:03:00+02:00;63899;66;26;100;freeFlow;3
2025-07-02T09:03:00+02:00;63934;59;1;40;freeFlow;1
2025-07-02T09:03:00+02:00;63935;43;9;71;freeFlow;2
2025-07-02T09:03:00+02:00;63936;29;18;100;heavy;3
2025-07-02T09:03:00+02:00;63939;30;20;60;heavy;1
2025-07-02T09:03:00+02:00;63940;26;3;100;heavy;3
2025-07-02T09:03:00+02:00;63941;22;2;75;heavy;2
2025-07-02T09:03:00+02:00;63942;50;1;0;unknown;0
2025-07-02T09:03:00+02:00;63943;24;4;75;heavy;2
2025-07-02T09:03:00+02:00;63944;38;4;60;freeFlow;1
2025-07-02T09:03:00+02:00;63947;55;2;48;freeFlow;2
2025-07-02T09:03:00+02:00;63950;49;1;57;freeFlow;1
2025-07-02T09:03:00+02:00;63951;49;2;57;freeFlow;1
2025-07-02T09:03:00+02:00;63952;49;0;73;freeFlow;2
2025-07-02T09:03:00+02:00;63953;49;1;57;freeFlow;1
2025-07-02T09:03:00+02:00;63970;69;14;60;freeFlow;1
2025-07-02T09:03:00+02:00;63973;29;4;100;heavy;4
2025-07-02T09:03:00+02:00;64032;50;20;0;unknown;0
2025-07-02T09:03:00+02:00;64061_D;16;19;45;heavy;1
2025-07-02T09:03:00+02:00;64061_G;13;24;100;heavy;3
2025-07-02T09:03:00+02:00;64637_D;40;10;50;freeFlow;1
2025-07-02T09:03:00+02:00;64637_G;19;22;60;heavy;1
2025-07-02T09:03:00+02:00;65310;22;13;22;heavy;1
2025-07-02T09:03:00+02:00;65313;22;15;20;heavy;1
2025-07-02T09:03:00+02:00;65682;35;33;60;heavy;1
2025-07-02T09:03:00+02:00;66421;14;5;40;congested;1
2025-07-02T09:03:00+02:00;66442;53;3;60;freeFlow;1
2025-07-02T09:03:00+02:00;66782;28;13;73;heavy;2
2025-07-02T09:03:00+02:00;67066;50;6;0;unknown;0
2025-07-02T09:03:00+02:00;67097_D;26;13;57;freeFlow;1
2025-07-02T09:03:00+02:00;67097_G;31;12;22;freeFlow;1
2025-07-02T09:03:00+02:00;69381_D;35;8;32;freeFlow;1
2025-07-02T09:03:00+02:00;69381_G;21;14;60;heavy;1
2025-07-02T09:03:00+02:00;72487_G;81;31;17;freeFlow;1
2025-07-02T09:03:00+02:00;72614;7;16;20;congested;1
2025-07-02T09:03:00+02:00;72621;37;10;60;freeFlow;1
2025-07-02T09:03:00+02:00;72624;30;11;60;heavy;1
2025-07-02T09:03:00+02:00;72628;29;1;60;heavy;1
2025-07-02T09:03:00+02:00;74283_D;32;24;60;heavy;1
2025-07-02T09:03:00+02:00;74283_G;45;17;17;freeFlow;1
2025-07-02T09:03:00+02:00;75387;29;3;60;heavy;1
2025-07-02T09:03:00+02:00;75631;24;13;75;heavy;2
2025-07-02T09:03:00+02:00;75818_D;49;3;57;freeFlow;1
2025-07-02T09:03:00+02:00;75818_G;38;3;60;freeFlow;1
2025-07-02T09:03:00+02:00;75820;71;27;100;freeFlow;10
2025-07-02T09:03:00+02:00;75824;64;7;60;freeFlow;1
2025-07-02T09:03:00+02:00;75825;31;15;100;heavy;9
2025-07-02T09:03:00+02:00;75828;60;12;55;freeFlow;1
2025-07-02T09:03:00+02:00;75829;5;134;98;congested;3
2025-07-02T09:03:00+02:00;75832;42;3;100;freeFlow;3
2025-07-02T09:03:00+02:00;75833;21;10;100;heavy;5
2025-07-02T09:03:00+02:00;75835;36;4;100;freeFlow;4
2025-07-02T09:03:00+02:00;75836;79;12;100;freeFlow;3
2025-07-02T09:03:00+02:00;75837;48;9;100;freeFlow;4
2025-07-02T09:03:00+02:00;75838;40;6;100;freeFlow;6
2025-07-02T09:03:00+02:00;75839;45;4;25;freeFlow;1
2025-07-02T09:03:00+02:00;75840;25;7;60;heavy;1
2025-07-02T09:03:00+02:00;75845;23;5;100;heavy;4
2025-07-02T09:03:00+02:00;75846;28;11;100;heavy;4
2025-07-02T09:03:00+02:00;75847;34;17;60;heavy;1
2025-07-02T09:03:00+02:00;75848;42;5;72;freeFlow;2
2025-07-02T09:03:00+02:00;75849;57;4;75;freeFlow;2
2025-07-02T09:03:00+02:00;75850;59;3;60;freeFlow;1
2025-07-02T09:03:00+02:00;75851;39;5;60;freeFlow;1
2025-07-02T09:03:00+02:00;75853;87;1;75;freeFlow;2
2025-07-02T09:03:00+02:00;75854;87;3;75;freeFlow;2
2025-07-02T09:03:00+02:00;75856;49;3;100;heavy;3
2025-07-02T09:03:00+02:00;75897;46;20;73;heavy;2
2025-07-02T09:03:00+02:00;9128;18;155;100;congested;8
2025-07-02T09:03:00+02:00;9130;49;15;100;heavy;4
2025-07-02T09:03:00+02:00;9131;66;10;100;freeFlow;12
2025-07-02T09:03:00+02:00;9132;68;31;100;freeFlow;16
2025-07-02T09:03:00+02:00;9146;21;17;100;congested;4
2025-07-02T09:03:00+02:00;9178;46;26;75;heavy;2
2025-07-02T09:03:00+02:00;9179;13;136;100;congested;10
2025-07-02T09:03:00+02:00;9180;72;26;100;freeFlow;14
2025-07-02T09:03:00+02:00;9181;66;14;55;freeFlow;1
2025-07-02T09:03:00+02:00;9182;27;8;74;heavy;2
2025-07-02T09:03:00+02:00;9183;6;69;96;congested;4
2025-07-02T09:03:00+02:00;9184;48;14;100;heavy;3
2025-07-02T09:03:00+02:00;9245;22;323;100;congested;10
2025-07-02T09:03:00+02:00;9246;94;125;96;freeFlow;3
2025-07-02T09:03:00+02:00;9380_D;47;39;22;heavy;1
2025-07-02T09:03:00+02:00;9380_G;55;33;59;heavy;1
2025-07-02T09:03:00+02:00;9389;54;2;38;heavy;2
2025-07-02T09:03:00+02:00;9390;50;2;57;heavy;1
2025-07-02T09:03:00+02:00;9391;50;2;57;heavy;1
2025-07-02T09:03:00+02:00;9392;35;3;22;heavy;1
2025-07-02T09:03:00+02:00;1677832;26;12;60;heavy;1
2025-07-02T09:03:00+02:00;1679085_D;8;13;70;congested;2
2025-07-02T09:03:00+02:00;1679085_G;24;4;75;heavy;2
2025-07-02T09:03:00+02:00;1679794;21;3;75;heavy;2
2025-07-02T09:03:00+02:00;1679795_G;15;5;75;heavy;2
2025-07-02T09:03:00+02:00;1679796;21;2;75;heavy;2
2025-07-02T09:03:00+02:00;1679797_D;50;6;0;unknown;0
2025-07-02T09:03:00+02:00;1679797_G;28;10;0;unknown;0
2025-07-02T09:03:00+02:00;1679798;24;3;100;heavy;3
2025-07-02T09:03:00+02:00;1679800;25;3;60;heavy;1
2025-07-02T09:03:00+02:00;1680335;18;16;60;heavy;1
2025-07-02T09:03:00+02:00;1680340;26;4;60;heavy;1
2025-07-02T09:03:00+02:00;213972_D;54;5;60;freeFlow;1
2025-07-02T09:03:00+02:00;213972_G;43;6;30;freeFlow;1
2025-07-02T09:03:00+02:00;213973_D;40;9;60;freeFlow;1
2025-07-02T09:03:00+02:00;213973_G;17;22;32;heavy;1
2025-07-02T09:03:00+02:00;213974_D;54;4;60;freeFlow;1
2025-07-02T09:03:00+02:00;213974_G;45;4;30;freeFlow;1
2025-07-02T09:03:00+02:00;26521;97;56;70;freeFlow;2
2025-07-02T09:03:00+02:00;26522;100;33;100;freeFlow;3
2025-07-02T09:03:00+02:00;31304_G;28;40;60;heavy;1
2025-07-02T09:03:00+02:00;31328;87;10;100;freeFlow;5
2025-07-02T09:03:00+02:00;31441;79;43;100;freeFlow;6
2025-07-02T09:03:00+02:00;31535;57;13;100;freeFlow;7
2025-07-02T09:03:00+02:00;31552;84;8;100;freeFlow;9
2025-07-02T09:03:00+02:00;31555;77;11;100;freeFlow;8
2025-07-02T09:03:00+02:00;43014_D;27;7;75;heavy;2
2025-07-02T09:03:00+02:00;43014_G;4;56;93;congested;3
2025-07-02T09:03:00+02:00;43105_D;50;5;0;unknown;0
2025-07-02T09:03:00+02:00;43105_G;30;9;60;heavy;1
2025-07-02T09:03:00+02:00;43118_D;13;43;75;congested;2
2025-07-02T09:03:00+02:00;43118_G;13;44;90;congested;3
2025-07-02T09:03:00+02:00;43124_D;10;38;74;heavy;2
2025-07-02T09:03:00+02:00;43124_G;30;13;70;freeFlow;2
2025-07-02T09:03:00+02:00;43125_D;16;16;100;heavy;3
2025-07-02T09:03:00+02:00;43125_G;15;17;98;heavy;3
2025-07-02T09:03:00+02:00;43126_D;27;19;100;freeFlow;3
2025-07-02T09:03:00+02:00;43126_G;11;48;68;heavy;2
2025-07-02T09:03:00+02:00;43147_D;17;16;100;heavy;3
2025-07-02T09:03:00+02:00;43147_G;14;18;96;heavy;3
2025-07-02T09:03:00+02:00;43336_D;25;11;60;heavy;1
2025-07-02T09:03:00+02:00;43336_G;32;9;57;heavy;1
2025-07-02T09:03:00+02:00;43337_D;8;52;75;congested;2
2025-07-02T09:03:00+02:00;43337_G;15;29;63;congested;2
2025-07-02T09:03:00+02:00;43338_D;25;7;60;heavy;1
2025-07-02T09:03:00+02:00;43338_G;18;10;60;heavy;1
2025-07-02T09:03:00+02:00;43339_D;26;9;60;heavy;1
2025-07-02T09:03:00+02:00;43339_G;34;7;57;heavy;1
2025-07-02T09:03:00+02:00;43340_D;26;2;60;heavy;1
2025-07-02T09:03:00+02:00;43340_G;34;1;57;heavy;1
2025-07-02T09:03:00+02:00;43341_D;26;7;60;heavy;1
2025-07-02T09:03:00+02:00;43341_G;34;5;57;heavy;1
2025-07-02T09:03:00+02:00;43342_D;26;4;60;heavy;1
2025-07-02T09:03:00+02:00;43342_G;25;4;57;heavy;1
2025-07-02T09:03:00+02:00;43343_D;26;13;60;heavy;1
2025-07-02T09:03:00+02:00;43343_G;22;16;57;heavy;1
2025-07-02T09:03:00+02:00;43345_D;26;12;70;freeFlow;2
2025-07-02T09:03:00+02:00;43345_G;21;14;60;freeFlow;1
2025-07-02T09:03:00+02:00;43347_D;23;6;57;freeFlow;2
2025-07-02T09:03:00+02:00;43347_G;29;5;60;freeFlow;1
2025-07-02T09:03:00+02:00;43352_D;14;34;58;heavy;2
2025-07-02T09:03:00+02:00;43353_D;17;17;65;heavy;2
2025-07-02T09:03:00+02:00;43353_G;21;14;60;heavy;1
2025-07-02T09:03:00+02:00;43377_D;15;31;75;heavy;2
2025-07-02T09:03:00+02:00;43377_G;27;18;57;freeFlow;1
2025-07-02T09:03:00+02:00;43379_D;32;7;73;freeFlow;2
2025-07-02T09:03:00+02:00;43379_G;28;8;60;freeFlow;1
2025-07-02T09:03:00+02:00;43413_D;24;7;71;freeFlow;2
2025-07-02T09:03:00+02:00;43413_G;6;30;60;congested;1
2025-07-02T09:03:00+02:00;43474_D;22;6;68;heavy;2
2025-07-02T09:03:00+02:00;43474_G;24;6;75;heavy;2
2025-07-02T09:03:00+02:00;43615_D;22;3;68;freeFlow;2
2025-07-02T09:03:00+02:00;43615_G;27;2;85;freeFlow;3
2025-07-02T09:03:00+02:00;43743_D;2;637;42;congested;1
2025-07-02T09:03:00+02:00;43746;24;9;15;freeFlow;1
2025-07-02T09:03:00+02:00;43747;20;21;15;heavy;1
2025-07-02T09:03:00+02:00;43751;36;16;60;freeFlow;1
2025-07-02T09:03:00+02:00;43774_D;54;3;60;freeFlow;1
2025-07-02T09:03:00+02:00;43774_G;32;6;50;heavy;2
2025-07-02T09:03:00+02:00;43775_D;11;34;68;congested;2
2025-07-02T09:03:00+02:00;43775_G;32;12;50;heavy;1
2025-07-02T09:03:00+02:00;43826_D;27;10;60;heavy;1
2025-07-02T09:03:00+02:00;43826_G;49;5;42;freeFlow;1
2025-07-02T09:03:00+02:00;43971;32;20;60;heavy;1
2025-07-02T09:03:00+02:00;43973;13;19;75;congested;2
2025-07-02T09:03:00+02:00;44003_G;62;7;72;freeFlow;2
2025-07-02T09:03:00+02:00;44004_D;11;100;100;congested;3
2025-07-02T09:03:00+02:00;44004_G;52;21;75;freeFlow;2
2025-07-02T09:03:00+02:00;44017_G;13;12;75;congested;2
2025-07-02T09:03:00+02:00;44018_G;26;22;75;heavy;2
2025-07-02T09:03:00+02:00;44037_D;10;17;68;congested;2
2025-07-02T09:03:00+02:00;44037_G;24;7;75;heavy;2
2025-07-02T09:03:00+02:00;44851_D;19;29;60;heavy;1
2025-07-02T09:03:00+02:00;44851_G;23;24;20;heavy;1
2025-07-02T09:03:00+02:00;44852_D;46;10;60;freeFlow;1
2025-07-02T09:03:00+02:00;44852_G;41;12;17;freeFlow;1
2025-07-02T09:03:00+02:00;44854_D;33;2;60;heavy;1
2025-07-02T09:03:00+02:00;44854_G;38;2;17;freeFlow;1
2025-07-02T09:03:00+02:00;44855_D;19;19;75;heavy;2
2025-07-02T09:03:00+02:00;44855_G;50;7;0;unknown;0
2025-07-02T09:03:00+02:00;44879;59;23;60;freeFlow;1
2025-07-02T09:03:00+02:00;44897_D;19;12;75;heavy;2
2025-07-02T09:03:00+02:00;44897_G;38;6;17;freeFlow;1
2025-07-02T09:03:00+02:00;44901;28;55;56;heavy;2
2025-07-02T09:03:00+02:00;44939;35;117;100;heavy;11
2025-07-02T09:03:00+02:00;45135_D;25;3;60;heavy;1
2025-07-02T09:03:00+02:00;45135_G;29;2;60;heavy;1
2025-07-02T09:03:00+02:00;45136_G;27;29;75;heavy;2
2025-07-02T09:03:00+02:00;45137_D;27;3;60;heavy;1
2025-07-02T09:03:00+02:00;45137_G;40;2;75;freeFlow;2
2025-07-02T09:03:00+02:00;45146;30;14;53;heavy;1
2025-07-02T09:03:00+02:00;45147_D;22;2;100;heavy;3
2025-07-02T09:03:00+02:00;45147_G;24;2;75;heavy;2
2025-07-02T09:03:00+02:00;45153;20;20;67;heavy;2
2025-07-02T09:03:00+02:00;45155;25;31;60;heavy;1
2025-07-02T09:03:00+02:00;45213;51;9;52;freeFlow;1
2025-07-02T09:03:00+02:00;45214;62;4;75;freeFlow;2
2025-07-02T09:03:00+02:00;45232;49;34;60;freeFlow;1
2025-07-02T09:03:00+02:00;45233;20;6;75;heavy;2
2025-07-02T09:03:00+02:00;45236_D;51;13;68;freeFlow;2
2025-07-02T09:03:00+02:00;45242;27;43;100;heavy;14
2025-07-02T09:03:00+02:00;45246;89;29;100;freeFlow;8
2025-07-02T09:03:00+02:00;45247;52;18;60;freeFlow;1
2025-07-02T09:03:00+02:00;47742_G;13;16;75;congested;2
2025-07-02T09:03:00+02:00;47744;33;60;100;heavy;4
2025-07-02T09:03:00+02:00;48725;20;4;75;heavy;2
2025-07-02T09:03:00+02:00;48736;20;3;75;heavy;2
2025-07-02T09:03:00+02:00;48738;26;2;60;heavy;1
2025-07-02T09:03:00+02:00;48746;44;8;60;freeFlow;1
2025-07-02T09:03:00+02:00;48751;23;3;60;heavy;1
2025-07-02T09:03:00+02:00;48752;50;1;0;unknown;0
2025-07-02T09:03:00+02:00;48753;19;4;75;heavy;2
2025-07-02T09:03:00+02:00;48754;19;3;75;heavy;2
2025-07-02T09:03:00+02:00;48764;21;4;65;heavy;3
2025-07-02T09:03:00+02:00;48765;38;6;38;freeFlow;2
2025-07-02T09:03:00+02:00;48796;53;9;60;freeFlow;1
2025-07-02T09:03:00+02:00;48915_D;50;2;0;unknown;0
2025-07-02T09:03:00+02:00;48915_G;35;4;60;heavy;1
2025-07-02T09:03:00+02:00;48916;10;17;60;congested;1
2025-07-02T09:03:00+02:00;48953_D;27;43;60;heavy;1
2025-07-02T09:03:00+02:00;48953_G;39;29;60;freeFlow;1
2025-07-02T09:03:00+02:00;48993_D;9;39;71;congested;2
2025-07-02T09:03:00+02:00;48993_G;27;13;60;heavy;1
2025-07-02T09:03:00+02:00;49042_D;33;2;60;heavy;1
2025-07-02T09:03:00+02:00;49042_G;38;1;17;freeFlow;1
2025-07-02T09:03:00+02:00;50035_D;22;4;68;heavy;2
2025-07-02T09:03:00+02:00;50035_G;24;3;75;heavy;2
2025-07-02T09:03:00+02:00;50087;20;14;72;heavy;2
2025-07-02T09:03:00+02:00;50107_D;50;11;0;unknown;0
2025-07-02T09:03:00+02:00;50107_G;35;15;60;heavy;1
2025-07-02T09:03:00+02:00;52835_G;21;7;65;heavy;2
2025-07-02T09:03:00+02:00;52850_D;6;25;100;congested;3
2025-07-02T09:03:00+02:00;52850_G;21;7;68;heavy;2
2025-07-02T09:03:00+02:00;52878;28;5;40;freeFlow;1
2025-07-02T09:03:00+02:00;53020_G;25;4;75;heavy;2
2025-07-02T09:03:00+02:00;53130_D;50;5;0;unknown;0
2025-07-02T09:03:00+02:00;53130_G;35;7;60;heavy;1
2025-07-02T09:03:00+02:00;53375_D;16;6;60;heavy;1
2025-07-02T09:03:00+02:00;53375_G;19;5;60;heavy;1
2025-07-02T09:03:00+02:00;53427;59;73;100;heavy;16
2025-07-02T09:03:00+02:00;53988;51;5;100;freeFlow;4
2025-07-02T09:03:00+02:00;53989;26;3;15;heavy;1
2025-07-02T09:03:00+02:00;53992_D;27;15;60;heavy;1
2025-07-02T09:03:00+02:00;53992_G;41;10;60;freeFlow;1
2025-07-02T09:03:00+02:00;53995;36;2;60;freeFlow;1
2025-07-02T09:03:00+02:00;53997;27;2;60;heavy;1
2025-07-02T09:03:00+02:00;53999;27;2;60;heavy;1
2025-07-02T09:03:00+02:00;54130;43;36;12;freeFlow;1
2025-07-02T09:03:00+02:00;54136;49;4;68;freeFlow;2
2025-07-02T09:03:00+02:00;54219;25;21;75;heavy;2
2025-07-02T09:03:00+02:00;54222;8;72;22;congested;1
2025-07-02T09:03:00+02:00;54235;17;28;100;heavy;3
2025-07-02T09:03:00+02:00;54300;40;10;100;freeFlow;4
2025-07-02T09:03:00+02:00;54304_D;28;7;60;heavy;1
2025-07-02T09:03:00+02:00;54304_G;16;13;60;heavy;1
2025-07-02T09:03:00+02:00;54309;18;50;60;heavy;1
2025-07-02T09:03:00+02:00;54345;26;5;22;heavy;1
2025-07-02T09:03:00+02:00;54352;16;21;65;heavy;3
2025-07-02T09:03:00+02:00;54353;5;32;43;congested;2
2025-07-02T09:03:00+02:00;54356;30;28;100;heavy;3
2025-07-02T09:03:00+02:00;54357;24;11;100;heavy;3
2025-07-02T09:03:00+02:00;54370;59;3;35;freeFlow;1
2025-07-02T09:03:00+02:00;54373;37;5;75;freeFlow;2
2025-07-02T09:03:00+02:00;54374;38;5;60;freeFlow;1
2025-07-02T09:03:00+02:00;54377;107;10;50;freeFlow;1
2025-07-02T09:03:00+02:00;54396;23;11;100;heavy;3
2025-07-02T09:03:00+02:00;54397;41;14;100;freeFlow;3
2025-07-02T09:03:00+02:00;54468;62;2;75;freeFlow;2
2025-07-02T09:03:00+02:00;54470;39;7;75;freeFlow;2
2025-07-02T09:03:00+02:00;56022;54;2;68;freeFlow;2
2025-07-02T09:03:00+02:00;56598;46;1;60;freeFlow;1
2025-07-02T09:03:00+02:00;56676_D;11;20;60;congested;1
2025-07-02T09:03:00+02:00;56868;9;20;60;congested;1
2025-07-02T09:03:00+02:00;56869;42;4;57;freeFlow;1
2025-07-02T09:03:00+02:00;56894;33;6;55;heavy;1
2025-07-02T09:03:00+02:00;56895;33;35;70;heavy;2
2025-07-02T09:03:00+02:00;56896;53;3;100;freeFlow;4
2025-07-02T09:03:00+02:00;56901;26;85;100;heavy;7
2025-07-02T09:03:00+02:00;60284;47;26;100;freeFlow;4
2025-07-02T09:03:00+02:00;63409_D;14;8;60;congested;1
2025-07-02T09:03:00+02:00;63409_G;16;7;60;heavy;1
2025-07-02T09:03:00+02:00;66896;125;3;25;freeFlow;1
2025-07-02T09:03:00+02:00;69440;41;6;68;freeFlow;2
2025-07-02T09:03:00+02:00;69442;13;32;95;congested;3
2025-07-02T09:03:00+02:00;75868;85;9;100;freeFlow;13
2025-07-02T09:03:00+02:00;75908;49;21;55;freeFlow;1
2025-07-02T09:03:00+02:00;75909;31;33;60;heavy;1
2025-07-02T09:03:00+02:00;44943;30;21;100;freeFlow;3
2025-07-02T09:03:00+02:00;47063;33;18;38;heavy;1
2025-07-02T09:03:00+02:00;71455_G;50;3;0;unknown;0
2025-07-02T09:03:00+02:00;75831;41;22;60;freeFlow;1