datetime;predefinedLocationReference;averageVehicleSpeed;travelTime;travelTimeReliability;trafficStatus;vehicleProbeMeasurement
2025-07-02T20:03:00+02:00;10273_D;80;9;55;freeFlow;1
2025-07-02T20:03:00+02:00;10273_G;75;10;60;freeFlow;1
2025-07-02T20:03:00+02:00;10274_D;51;13;55;freeFlow;1
2025-07-02T20:03:00+02:00;10274_G;75;9;60;freeFlow;1
2025-07-02T20:03:00+02:00;10275_D;48;21;57;heavy;1
2025-07-02T20:03:00+02:00;10275_G;75;13;60;freeFlow;1
2025-07-02T20:03:00+02:00;10277_D;68;23;57;freeFlow;1
2025-07-02T20:03:00+02:00;10277_G;75;21;60;freeFlow;1
2025-07-02T20:03:00+02:00;10279_D;75;13;57;freeFlow;1
2025-07-02T20:03:00+02:00;10279_G;75;13;60;freeFlow;1
2025-07-02T20:03:00+02:00;10281_D;80;18;58;freeFlow;1
2025-07-02T20:03:00+02:00;10281_G;75;19;60;freeFlow;1
2025-07-02T20:03:00+02:00;10315_D;79;7;55;freeFlow;1
2025-07-02T20:03:00+02:00;10315_G;75;7;60;freeFlow;1
2025-07-02T20:03:00+02:00;11579_D;80;3;0;unknown;0
2025-07-02T20:03:00+02:00;11579_G;80;3;0;unknown;0
2025-07-02T20:03:00+02:00;11652;95;14;100;freeFlow;3
2025-07-02T20:03:00+02:00;11654;22;6;96;heavy;3
2025-07-02T20:03:00+02:00;11777_D;38;2;52;heavy;1
2025-07-02T20:03:00+02:00;11777_G;30;2;100;heavy;3
2025-07-02T20:03:00+02:00;11781_D;18;5;20;heavy;1
2025-07-02T20:03:00+02:00;11781_G;30;3;0;unknown;0
2025-07-02T20:03:00+02:00;11784_D;30;2;0;unknown;0
2025-07-02T20:03:00+02:00;11784_G;30;2;0;unknown;0
2025-07-02T20:03:00+02:00;11785_D;30;1;0;unknown;0
2025-07-02T20:03:00+02:00;11785_G;30;1;0;unknown;0
2025-07-02T20:03:00+02:00;12060_D;74;10;55;freeFlow;1
2025-07-02T20:03:00+02:00;12060_G;75;10;60;freeFlow;1
2025-07-02T20:03:00+02:00;1242_D;65;2;57;freeFlow;1
2025-07-02T20:03:00+02:00;1242_G;83;1;60;freeFlow;1
2025-07-02T20:03:00+02:00;1285_D;74;1;57;freeFlow;1
2025-07-02T20:03:00+02:00;1285_G;83;1;60;freeFlow;1
2025-07-02T20:03:00+02:00;13514;32;6;60;heavy;1
2025-07-02T20:03:00+02:00;13515;29;5;60;heavy;1
2025-07-02T20:03:00+02:00;13516;80;1;0;unknown;0
2025-07-02T20:03:00+02:00;13549_D;73;5;74;freeFlow;2
2025-07-02T20:03:00+02:00;13549_G;63;6;71;freeFlow;2
2025-07-02T20:03:00+02:00;13557_D;60;6;67;freeFlow;3
2025-07-02T20:03:00+02:00;13557_G;53;7;60;heavy;1
2025-07-02T20:03:00+02:00;14364;103;20;75;freeFlow;2
2025-07-02T20:03:00+02:00;14365;115;18;60;freeFlow;1
2025-07-02T20:03:00+02:00;15029_D;88;28;60;freeFlow;1
2025-07-02T20:03:00+02:00;15029_G;69;35;40;freeFlow;1
2025-07-02T20:03:00+02:00;15062;46;3;40;heavy;1
2025-07-02T20:03:00+02:00;15063;50;3;60;heavy;1
2025-07-02T20:03:00+02:00;15064;72;2;60;freeFlow;1
2025-07-02T20:03:00+02:00;15065;35;5;40;heavy;1
2025-07-02T20:03:00+02:00;15066;35;4;66;heavy;2
2025-07-02T20:03:00+02:00;15067_D;80;53;0;unknown;0
2025-07-02T20:03:00+02:00;15067_G;64;67;60;freeFlow;1
2025-07-02T20:03:00+02:00;15104_D;80;49;0;unknown;0
2025-07-02T20:03:00+02:00;15104_G;80;50;60;freeFlow;1
2025-07-02T20:03:00+02:00;15111;115;3;60;freeFlow;1
2025-07-02T20:03:00+02:00;15113;42;4;25;heavy;2
2025-07-02T20:03:00+02:00;15114;63;2;25;freeFlow;1
2025-07-02T20:03:00+02:00;15117;27;6;25;heavy;2
2025-07-02T20:03:00+02:00;15118;14;8;0;unknown;0
2025-07-02T20:03:00+02:00;15119;49;4;0;unknown;0
2025-07-02T20:03:00+02:00;15120;36;5;73;heavy;2
2025-07-02T20:03:00+02:00;15121;42;2;60;heavy;1
2025-07-02T20:03:00+02:00;15122;33;5;60;heavy;1
2025-07-02T20:03:00+02:00;15124_D;45;19;25;heavy;2
2025-07-02T20:03:00+02:00;15124_G;49;17;60;heavy;1
2025-07-02T20:03:00+02:00;15549_D;38;1;15;freeFlow;1
2025-07-02T20:03:00+02:00;15549_G;50;1;0;unknown;0
2025-07-02T20:03:00+02:00;15550;62;0;75;freeFlow;2
2025-07-02T20:03:00+02:00;15551;89;127;70;freeFlow;3
2025-07-02T20:03:00+02:00;1601768;28;14;100;heavy;3
2025-07-02T20:03:00+02:00;1601771;29;9;48;heavy;2
2025-07-02T20:03:00+02:00;1601787;35;2;25;heavy;1
2025-07-02T20:03:00+02:00;1601792;30;2;0;unknown;0
2025-07-02T20:03:00+02:00;1601794_D;30;4;0;unknown;0
2025-07-02T20:03:00+02:00;1601794_G;37;3;75;freeFlow;2
2025-07-02T20:03:00+02:00;1601795;30;16;0;unknown;0
2025-07-02T20:03:00+02:00;1601797;41;13;75;freeFlow;2
2025-07-02T20:03:00+02:00;1601798;42;3;95;freeFlow;3
2025-07-02T20:03:00+02:00;1601799;43;2;75;freeFlow;2
2025-07-02T20:03:00+02:00;1601807;44;3;88;freeFlow;3
2025-07-02T20:03:00+02:00;1601808;55;17;48;freeFlow;1
2025-07-02T20:03:00+02:00;1601810;44;22;86;freeFlow;4
2025-07-02T20:03:00+02:00;1601812;52;3;49;freeFlow;2
2025-07-02T20:03:00+02:00;1601813_D;53;24;25;freeFlow;1
2025-07-02T20:03:00+02:00;1601813_G;42;30;45;freeFlow;1
2025-07-02T20:03:00+02:00;1601814;42;4;45;freeFlow;1
2025-07-02T20:03:00+02:00;1601815;29;6;94;heavy;4
2025-07-02T20:03:00+02:00;1601819;38;1;60;freeFlow;2
2025-07-02T20:03:00+02:00;1601824;56;3;63;freeFlow;2
2025-07-02T20:03:00+02:00;1601898;86;18;75;freeFlow;2
2025-07-02T20:03:00+02:00;1601931_D;50;5;0;unknown;0
2025-07-02T20:03:00+02:00;1601931_G;43;6;52;freeFlow;1
2025-07-02T20:03:00+02:00;1602158_D;50;1;0;unknown;0
2025-07-02T20:03:00+02:00;1602158_G;11;3;50;congested;1
2025-07-02T20:03:00+02:00;1602398;26;2;75;heavy;2
2025-07-02T20:03:00+02:00;1626;71;35;100;freeFlow;4
2025-07-02T20:03:00+02:00;1627;41;4;75;freeFlow;2
2025-07-02T20:03:00+02:00;1628;50;2;0;unknown;0
2025-07-02T20:03:00+02:00;1629;59;2;100;freeFlow;3
2025-07-02T20:03:00+02:00;1630;64;2;100;freeFlow;4
2025-07-02T20:03:00+02:00;1631;63;2;60;freeFlow;1
2025-07-02T20:03:00+02:00;1632;53;36;100;heavy;3
2025-07-02T20:03:00+02:00;1633;80;10;50;freeFlow;1
2025-07-02T20:03:00+02:00;1639;56;5;100;freeFlow;3
2025-07-02T20:03:00+02:00;16647_D;82;55;32;freeFlow;2
2025-07-02T20:03:00+02:00;16647_G;84;54;53;freeFlow;1
2025-07-02T20:03:00+02:00;16648_D;76;10;20;freeFlow;1
2025-07-02T20:03:00+02:00;16648_G;85;8;60;freeFlow;1
2025-07-02T20:03:00+02:00;16695_D;60;47;55;freeFlow;1
2025-07-02T20:03:00+02:00;16695_G;80;36;68;freeFlow;2
2025-07-02T20:03:00+02:00;16701;107;1;38;freeFlow;1
2025-07-02T20:03:00+02:00;16702;50;2;0;unknown;0
2025-07-02T20:03:00+02:00;16707_D;44;1;12;freeFlow;1
2025-07-02T20:03:00+02:00;16707_G;32;1;0;unknown;0
2025-07-02T20:03:00+02:00;16744;32;4;52;heavy;1
2025-07-02T20:03:00+02:00;16745;32;4;93;heavy;3
2025-07-02T20:03:00+02:00;16746;38;3;75;heavy;2
2025-07-02T20:03:00+02:00;16747;33;5;75;heavy;2
2025-07-02T20:03:00+02:00;16748;36;4;75;heavy;2
2025-07-02T20:03:00+02:00;16749;43;3;75;heavy;2
2025-07-02T20:03:00+02:00;16752_D;80;5;0;unknown;0
2025-07-02T20:03:00+02:00;16752_G;39;10;52;heavy;1
2025-07-02T20:03:00+02:00;1675_D;30;9;0;unknown;0
2025-07-02T20:03:00+02:00;1675_G;66;4;60;freeFlow;1
2025-07-02T20:03:00+02:00;1676;75;6;75;freeFlow;2
2025-07-02T20:03:00+02:00;16761;44;2;12;freeFlow;1
2025-07-02T20:03:00+02:00;16762;107;1;38;freeFlow;1
2025-07-02T20:03:00+02:00;1677;63;8;100;heavy;3
2025-07-02T20:03:00+02:00;1677109;67;24;75;freeFlow;2
2025-07-02T20:03:00+02:00;1677110;37;1;60;heavy;1
2025-07-02T20:03:00+02:00;1677175_D;12;123;69;heavy;2
2025-07-02T20:03:00+02:00;1677175_G;26;56;75;freeFlow;2
2025-07-02T20:03:00+02:00;1677180_D;30;1;0;unknown;0
2025-07-02T20:03:00+02:00;1677180_G;21;2;75;freeFlow;2
2025-07-02T20:03:00+02:00;1677184_D;6;110;55;congested;1
2025-07-02T20:03:00+02:00;1677184_G;21;32;75;freeFlow;2
2025-07-02T20:03:00+02:00;1677551_D;30;2;0;unknown;0
2025-07-02T20:03:00+02:00;1677551_G;54;1;32;freeFlow;1
2025-07-02T20:03:00+02:00;1677568_D;50;29;0;unknown;0
2025-07-02T20:03:00+02:00;1677568_G;57;26;50;freeFlow;1
2025-07-02T20:03:00+02:00;1677569;36;3;25;freeFlow;1
2025-07-02T20:03:00+02:00;1677687;23;2;35;heavy;1
2025-07-02T20:03:00+02:00;1677691;50;1;0;unknown;0
2025-07-02T20:03:00+02:00;1677693;45;2;65;freeFlow;2
2025-07-02T20:03:00+02:00;1677695_D;50;14;0;unknown;0
2025-07-02T20:03:00+02:00;1677695_G;50;13;0;unknown;0
2025-07-02T20:03:00+02:00;1677709_D;50;3;0;unknown;0
2025-07-02T20:03:00+02:00;1677709_G;50;4;0;unknown;0
2025-07-02T20:03:00+02:00;1677716_D;50;3;0;unknown;0
2025-07-02T20:03:00+02:00;1677716_G;50;3;0;unknown;0
2025-07-02T20:03:00+02:00;1677730_D;50;22;0;unknown;0
2025-07-02T20:03:00+02:00;1677730_G;38;29;32;freeFlow;1
2025-07-02T20:03:00+02:00;1677735_D;50;1;0;unknown;0
2025-07-02T20:03:00+02:00;1677735_G;50;1;0;unknown;0
2025-07-02T20:03:00+02:00;1677745_D;50;2;0;unknown;0
2025-07-02T20:03:00+02:00;1677745_G;60;1;50;freeFlow;1
2025-07-02T20:03:00+02:00;1677785_D;30;9;0;unknown;0
2025-07-02T20:03:00+02:00;1677785_G;60;5;50;freeFlow;1
2025-07-02T20:03:00+02:00;1677801_D;50;6;0;unknown;0
2025-07-02T20:03:00+02:00;1677801_G;34;8;55;heavy;1
2025-07-02T20:03:00+02:00;1677808_D;50;13;0;unknown;0
2025-07-02T20:03:00+02:00;1677808_G;34;19;55;heavy;1
2025-07-02T20:03:00+02:00;16783;50;2;0;unknown;0
2025-07-02T20:03:00+02:00;16784;50;2;0;unknown;0
2025-07-02T20:03:00+02:00;16785;38;2;15;freeFlow;1
2025-07-02T20:03:00+02:00;1678542;73;29;75;freeFlow;2
2025-07-02T20:03:00+02:00;1678698_D;25;31;75;heavy;2
2025-07-02T20:03:00+02:00;1678698_G;29;27;60;heavy;1
2025-07-02T20:03:00+02:00;1678750;31;3;35;heavy;1
2025-07-02T20:03:00+02:00;1678763_D;47;4;15;freeFlow;1
2025-07-02T20:03:00+02:00;1678763_G;50;4;0;unknown;0
2025-07-02T20:03:00+02:00;1679092_D;36;6;42;freeFlow;1
2025-07-02T20:03:00+02:00;1679092_G;36;6;60;freeFlow;1
2025-07-02T20:03:00+02:00;1679681;40;20;75;heavy;2
2025-07-02T20:03:00+02:00;1679779;45;7;60;freeFlow;1
2025-07-02T20:03:00+02:00;1679795_D;26;3;40;heavy;1
2025-07-02T20:03:00+02:00;1679822;28;3;75;heavy;2
2025-07-02T20:03:00+02:00;1679825;35;2;100;freeFlow;4
2025-07-02T20:03:00+02:00;1679841;61;16;60;freeFlow;1
2025-07-02T20:03:00+02:00;1679843;16;2;100;heavy;3
2025-07-02T20:03:00+02:00;1679845;71;1;63;freeFlow;2
2025-07-02T20:03:00+02:00;1679847;34;2;100;heavy;4
2025-07-02T20:03:00+02:00;1679859_D;30;16;0;unknown;0
2025-07-02T20:03:00+02:00;1679859_G;30;16;0;unknown;0
2025-07-02T20:03:00+02:00;1680014;101;5;100;freeFlow;5
2025-07-02T20:03:00+02:00;1680016;94;13;100;freeFlow;5
2025-07-02T20:03:00+02:00;1680022;95;5;100;freeFlow;3
2025-07-02T20:03:00+02:00;1680024;100;8;100;freeFlow;5
2025-07-02T20:03:00+02:00;1680116;56;2;27;freeFlow;1
2025-07-02T20:03:00+02:00;1680119;56;3;27;freeFlow;1
2025-07-02T20:03:00+02:00;1680121;39;4;73;heavy;2
2025-07-02T20:03:00+02:00;1680122_D;61;30;30;freeFlow;1
2025-07-02T20:03:00+02:00;1680122_G;53;35;75;heavy;2
2025-07-02T20:03:00+02:00;1680123;33;5;73;heavy;2
2025-07-02T20:03:00+02:00;1680337;33;7;60;heavy;1
2025-07-02T20:03:00+02:00;1680401_D;70;17;0;unknown;0
2025-07-02T20:03:00+02:00;1680401_G;70;18;0;unknown;0
2025-07-02T20:03:00+02:00;1680514_D;27;16;50;heavy;1
2025-07-02T20:03:00+02:00;1680514_G;59;8;15;freeFlow;1
2025-07-02T20:03:00+02:00;1680539;77;1;100;freeFlow;4
2025-07-02T20:03:00+02:00;1680541_D;37;11;52;freeFlow;1
2025-07-02T20:03:00+02:00;1680541_G;30;14;0;unknown;0
2025-07-02T20:03:00+02:00;1680549_D;27;23;50;heavy;1
2025-07-02T20:03:00+02:00;1680549_G;30;21;55;heavy;1
2025-07-02T20:03:00+02:00;1680551_D;30;1;0;unknown;0
2025-07-02T20:03:00+02:00;1680551_G;36;1;52;freeFlow;1
2025-07-02T20:03:00+02:00;1680557_D;43;1;12;freeFlow;1
2025-07-02T20:03:00+02:00;1680557_G;19;1;55;heavy;1
2025-07-02T20:03:00+02:00;1680561_D;27;1;50;heavy;1
2025-07-02T20:03:00+02:00;1680561_G;59;0;15;freeFlow;1
2025-07-02T20:03:00+02:00;1680567;31;3;52;heavy;1
2025-07-02T20:03:00+02:00;1680569;28;5;70;heavy;2
2025-07-02T20:03:00+02:00;1680573;27;3;55;heavy;1
2025-07-02T20:03:00+02:00;1680574;27;5;55;heavy;1
2025-07-02T20:03:00+02:00;1680575;27;11;50;heavy;1
2025-07-02T20:03:00+02:00;1680576;31;3;52;heavy;1
2025-07-02T20:03:00+02:00;16821_D;74;90;41;freeFlow;2
2025-07-02T20:03:00+02:00;16821_G;82;80;60;freeFlow;1
2025-07-02T20:03:00+02:00;16830_D;59;14;60;freeFlow;1
2025-07-02T20:03:00+02:00;16830_G;57;14;50;freeFlow;1
2025-07-02T20:03:00+02:00;16831_D;42;3;60;freeFlow;1
2025-07-02T20:03:00+02:00;16831_G;57;2;50;freeFlow;1
2025-07-02T20:03:00+02:00;16832;26;6;60;heavy;1
2025-07-02T20:03:00+02:00;16834;62;11;50;freeFlow;1
2025-07-02T20:03:00+02:00;16850_D;47;1;15;freeFlow;1
2025-07-02T20:03:00+02:00;16850_G;50;1;0;unknown;0
2025-07-02T20:03:00+02:00;16851_D;47;3;15;freeFlow;1
2025-07-02T20:03:00+02:00;16851_G;50;2;0;unknown;0
2025-07-02T20:03:00+02:00;16852_D;53;5;17;freeFlow;1
2025-07-02T20:03:00+02:00;16852_G;50;5;0;unknown;0
2025-07-02T20:03:00+02:00;16853_D;53;6;17;freeFlow;1
2025-07-02T20:03:00+02:00;16853_G;50;7;0;unknown;0
2025-07-02T20:03:00+02:00;16854_D;51;4;17;freeFlow;1
2025-07-02T20:03:00+02:00;16854_G;50;4;0;unknown;0
2025-07-02T20:03:00+02:00;16855_D;59;4;60;freeFlow;1
2025-07-02T20:03:00+02:00;16855_G;50;4;0;unknown;0
2025-07-02T20:03:00+02:00;16856_D;26;13;75;heavy;2
2025-07-02T20:03:00+02:00;16856_G;50;7;0;unknown;0
2025-07-02T20:03:00+02:00;16858_D;47;32;60;freeFlow;1
2025-07-02T20:03:00+02:00;16858_G;38;39;52;freeFlow;1
2025-07-02T20:03:00+02:00;16859_D;47;3;60;freeFlow;1
2025-07-02T20:03:00+02:00;16859_G;57;3;50;freeFlow;1
2025-07-02T20:03:00+02:00;16860_D;56;6;60;freeFlow;1
2025-07-02T20:03:00+02:00;16860_G;57;6;50;freeFlow;1
2025-07-02T20:03:00+02:00;1690_D;50;6;0;unknown;0
2025-07-02T20:03:00+02:00;1690_G;72;4;60;freeFlow;1
2025-07-02T20:03:00+02:00;16910_D;46;6;15;freeFlow;1
2025-07-02T20:03:00+02:00;16910_G;50;6;0;unknown;0
2025-07-02T20:03:00+02:00;16967;51;11;75;freeFlow;2
2025-07-02T20:03:00+02:00;16969;71;1;60;freeFlow;1
2025-07-02T20:03:00+02:00;16986;69;10;75;freeFlow;2
2025-07-02T20:03:00+02:00;16988;70;10;75;freeFlow;2
2025-07-02T20:03:00+02:00;16989;69;7;75;freeFlow;2
2025-07-02T20:03:00+02:00;16990;39;11;75;heavy;2
2025-07-02T20:03:00+02:00;16992;36;38;75;heavy;2
2025-07-02T20:03:00+02:00;16994;40;28;75;heavy;2
2025-07-02T20:03:00+02:00;17;67;3;75;freeFlow;2
2025-07-02T20:03:00+02:00;1721;61;2;60;freeFlow;1
2025-07-02T20:03:00+02:00;1722;65;2;60;freeFlow;1
2025-07-02T20:03:00+02:00;1723;32;5;42;heavy;1
2025-07-02T20:03:00+02:00;1724_D;80;7;0;unknown;0
2025-07-02T20:03:00+02:00;1724_G;88;6;60;freeFlow;1
2025-07-02T20:03:00+02:00;1732_D;41;2;75;freeFlow;2
2025-07-02T20:03:00+02:00;1732_G;28;3;60;heavy;1
2025-07-02T20:03:00+02:00;1733_D;96;1;60;freeFlow;1
2025-07-02T20:03:00+02:00;1733_G;27;2;66;heavy;2
2025-07-02T20:03:00+02:00;1734_D;63;6;60;freeFlow;1
2025-07-02T20:03:00+02:00;1734_G;31;12;42;heavy;1
2025-07-02T20:03:00+02:00;18337;38;2;15;freeFlow;1
2025-07-02T20:03:00+02:00;18391_D;86;3;60;freeFlow;1
2025-07-02T20:03:00+02:00;18391_G;79;3;38;freeFlow;1
2025-07-02T20:03:00+02:00;1853;81;30;100;freeFlow;7
2025-07-02T20:03:00+02:00;1855;107;4;100;freeFlow;3
2025-07-02T20:03:00+02:00;1856;98;9;100;freeFlow;3
2025-07-02T20:03:00+02:00;19040;51;2;75;freeFlow;2
2025-07-02T20:03:00+02:00;1910886;41;5;75;freeFlow;2
2025-07-02T20:03:00+02:00;1911185_D;70;16;0;unknown;0
2025-07-02T20:03:00+02:00;1911185_G;54;21;75;freeFlow;2
2025-07-02T20:03:00+02:00;1911398_D;34;1;75;freeFlow;2
2025-07-02T20:03:00+02:00;1911398_G;30;1;0;unknown;0
2025-07-02T20:03:00+02:00;1911404_D;36;2;60;freeFlow;1
2025-07-02T20:03:00+02:00;1911404_G;41;2;75;freeFlow;2
2025-07-02T20:03:00+02:00;1911418;22;12;70;heavy;2
2025-07-02T20:03:00+02:00;1911420;43;2;100;freeFlow;4
2025-07-02T20:03:00+02:00;1911448_D;73;26;60;freeFlow;1
2025-07-02T20:03:00+02:00;1911448_G;70;27;0;unknown;0
2025-07-02T20:03:00+02:00;1911623_D;38;5;60;freeFlow;1
2025-07-02T20:03:00+02:00;1911623_G;35;5;75;freeFlow;2
2025-07-02T20:03:00+02:00;19628;104;3;60;freeFlow;1
2025-07-02T20:03:00+02:00;19629;90;1;0;unknown;0
2025-07-02T20:03:00+02:00;19630;70;3;60;freeFlow;1
2025-07-02T20:03:00+02:00;19631;45;2;55;heavy;1
2025-07-02T20:03:00+02:00;19632;104;1;60;freeFlow;1
2025-07-02T20:03:00+02:00;19633;59;3;100;freeFlow;3
2025-07-02T20:03:00+02:00;19634;70;1;0;unknown;0
2025-07-02T20:03:00+02:00;19635;106;1;60;freeFlow;1
2025-07-02T20:03:00+02:00;19636;106;1;60;freeFlow;1
2025-07-02T20:03:00+02:00;19637;106;1;60;freeFlow;1
2025-07-02T20:03:00+02:00;19638;55;2;75;freeFlow;2
2025-07-02T20:03:00+02:00;19639;44;3;100;heavy;3
2025-07-02T20:03:00+02:00;19640;47;3;100;heavy;4
2025-07-02T20:03:00+02:00;19642;42;3;72;heavy;2
2025-07-02T20:03:00+02:00;19643;39;2;60;heavy;1
2025-07-02T20:03:00+02:00;19644;36;3;100;heavy;3
2025-07-02T20:03:00+02:00;19683;114;17;100;freeFlow;7
2025-07-02T20:03:00+02:00;19684;98;48;100;freeFlow;10
2025-07-02T20:03:00+02:00;19685;115;46;100;freeFlow;9
2025-07-02T20:03:00+02:00;19686;113;15;100;freeFlow;8
2025-07-02T20:03:00+02:00;198;106;43;60;freeFlow;1
2025-07-02T20:03:00+02:00;19825_D;88;37;30;freeFlow;1
2025-07-02T20:03:00+02:00;19825_G;75;44;27;freeFlow;1
2025-07-02T20:03:00+02:00;19828;47;3;42;freeFlow;1
2025-07-02T20:03:00+02:00;19830;44;2;42;freeFlow;1
2025-07-02T20:03:00+02:00;19832;47;3;42;freeFlow;1
2025-07-02T20:03:00+02:00;19833;55;2;63;freeFlow;2
2025-07-02T20:03:00+02:00;19841_D;30;48;30;heavy;1
2025-07-02T20:03:00+02:00;19841_G;84;17;51;freeFlow;2
2025-07-02T20:03:00+02:00;19842_D;45;8;27;heavy;1
2025-07-02T20:03:00+02:00;19842_G;75;5;60;freeFlow;1
2025-07-02T20:03:00+02:00;20525;39;4;62;heavy;2
2025-07-02T20:03:00+02:00;20526;44;3;60;heavy;1
2025-07-02T20:03:00+02:00;20527;44;4;60;heavy;1
2025-07-02T20:03:00+02:00;20528;44;3;60;heavy;1
2025-07-02T20:03:00+02:00;20590_D;78;105;31;freeFlow;1
2025-07-02T20:03:00+02:00;20590_G;44;185;66;heavy;2
2025-07-02T20:03:00+02:00;20760_D;58;26;27;freeFlow;1
2025-07-02T20:03:00+02:00;20760_G;43;35;73;freeFlow;2
2025-07-02T20:03:00+02:00;2216_D;52;59;75;heavy;2
2025-07-02T20:03:00+02:00;2216_G;72;43;38;freeFlow;1
2025-07-02T20:03:00+02:00;2218_D;59;37;98;freeFlow;3
2025-07-02T20:03:00+02:00;2218_G;77;28;38;freeFlow;1
2025-07-02T20:03:00+02:00;23984_D;39;1;60;heavy;1
2025-07-02T20:03:00+02:00;23984_G;63;1;35;freeFlow;1
2025-07-02T20:03:00+02:00;24143_D;44;9;65;heavy;2
2025-07-02T20:03:00+02:00;24143_G;52;8;38;heavy;1
2025-07-02T20:03:00+02:00;24147_D;63;61;79;freeFlow;3
2025-07-02T20:03:00+02:00;24147_G;71;54;36;freeFlow;1
2025-07-02T20:03:00+02:00;24148;39;3;60;freeFlow;1
2025-07-02T20:03:00+02:00;24149;46;3;35;freeFlow;1
2025-07-02T20:03:00+02:00;24150;42;3;50;freeFlow;1
2025-07-02T20:03:00+02:00;24151;55;2;35;freeFlow;1
2025-07-02T20:03:00+02:00;24153_D;45;21;65;heavy;2
2025-07-02T20:03:00+02:00;24153_G;64;14;35;freeFlow;1
2025-07-02T20:03:00+02:00;24176;79;20;100;freeFlow;4
2025-07-02T20:03:00+02:00;24178;65;17;100;freeFlow;3
2025-07-02T20:03:00+02:00;24179;78;25;100;freeFlow;4
2025-07-02T20:03:00+02:00;24181_D;62;3;57;freeFlow;1
2025-07-02T20:03:00+02:00;24181_G;53;3;75;freeFlow;2
2025-07-02T20:03:00+02:00;24182;90;13;100;freeFlow;3
2025-07-02T20:03:00+02:00;24184_D;62;9;57;freeFlow;1
2025-07-02T20:03:00+02:00;24184_G;55;11;75;freeFlow;2
2025-07-02T20:03:00+02:00;24259;35;4;57;freeFlow;1
2025-07-02T20:03:00+02:00;24260;55;3;75;freeFlow;2
2025-07-02T20:03:00+02:00;24261;41;3;60;freeFlow;1
2025-07-02T20:03:00+02:00;24262;35;5;57;freeFlow;1
2025-07-02T20:03:00+02:00;24264_D;26;2;38;heavy;1
2025-07-02T20:03:00+02:00;24264_G;41;1;60;heavy;1
2025-07-02T20:03:00+02:00;24265_D;35;2;57;freeFlow;1
2025-07-02T20:03:00+02:00;24265_G;55;1;75;freeFlow;2
2025-07-02T20:03:00+02:00;24274_D;56;9;75;freeFlow;2
2025-07-02T20:03:00+02:00;24274_G;60;8;57;freeFlow;1
2025-07-02T20:03:00+02:00;25687_D;35;6;60;freeFlow;1
2025-07-02T20:03:00+02:00;25687_G;25;9;10;freeFlow;1
2025-07-02T20:03:00+02:00;25929_D;80;10;0;unknown;0
2025-07-02T20:03:00+02:00;25929_G;73;12;22;freeFlow;1
2025-07-02T20:03:00+02:00;25930;36;4;60;heavy;1
2025-07-02T20:03:00+02:00;25931;47;4;64;heavy;2
2025-07-02T20:03:00+02:00;25932;59;3;25;freeFlow;1
2025-07-02T20:03:00+02:00;25933;65;2;40;freeFlow;2
2025-07-02T20:03:00+02:00;25934_D;80;3;0;unknown;0
2025-07-02T20:03:00+02:00;25934_G;73;3;22;freeFlow;1
2025-07-02T20:03:00+02:00;25944_D;59;5;25;freeFlow;1
2025-07-02T20:03:00+02:00;25944_G;35;8;60;heavy;1
2025-07-02T20:03:00+02:00;25946_D;66;13;60;freeFlow;1
2025-07-02T20:03:00+02:00;25946_G;59;14;25;freeFlow;1
2025-07-02T20:03:00+02:00;25947_D;73;26;60;freeFlow;1
2025-07-02T20:03:00+02:00;25947_G;69;28;25;freeFlow;1
2025-07-02T20:03:00+02:00;25988_D;27;11;60;freeFlow;1
2025-07-02T20:03:00+02:00;25988_G;28;11;10;freeFlow;1
2025-07-02T20:03:00+02:00;25989;42;3;60;freeFlow;1
2025-07-02T20:03:00+02:00;25990;30;3;60;heavy;1
2025-07-02T20:03:00+02:00;25991;37;2;60;freeFlow;1
2025-07-02T20:03:00+02:00;25992;37;3;60;freeFlow;1
2025-07-02T20:03:00+02:00;25993_D;38;3;60;freeFlow;1
2025-07-02T20:03:00+02:00;25993_G;30;3;10;freeFlow;1
2025-07-02T20:03:00+02:00;25994_D;60;3;60;freeFlow;1
2025-07-02T20:03:00+02:00;25994_G;42;5;60;freeFlow;1
2025-07-02T20:03:00+02:00;25995_D;60;1;60;freeFlow;1
2025-07-02T20:03:00+02:00;25995_G;60;1;60;freeFlow;1
2025-07-02T20:03:00+02:00;25996_D;50;5;0;unknown;0
2025-07-02T20:03:00+02:00;25996_G;50;4;10;freeFlow;1
2025-07-02T20:03:00+02:00;25997_D;50;1;0;unknown;0
2025-07-02T20:03:00+02:00;25997_G;50;1;10;freeFlow;1
2025-07-02T20:03:00+02:00;25998_D;50;11;0;unknown;0
2025-07-02T20:03:00+02:00;25998_G;50;11;10;freeFlow;1
2025-07-02T20:03:00+02:00;25999_D;50;8;0;unknown;0
2025-07-02T20:03:00+02:00;25999_G;42;10;22;freeFlow;1
2025-07-02T20:03:00+02:00;26000_D;80;5;0;unknown;0
2025-07-02T20:03:00+02:00;26000_G;42;9;22;heavy;1
2025-07-02T20:03:00+02:00;26001_D;80;1;0;unknown;0
2025-07-02T20:03:00+02:00;26001_G;42;1;22;heavy;1
2025-07-02T20:03:00+02:00;26002_D;80;5;0;unknown;0
2025-07-02T20:03:00+02:00;26002_G;61;7;22;freeFlow;1
2025-07-02T20:03:00+02:00;26023;91;2;100;freeFlow;6
2025-07-02T20:03:00+02:00;26024;108;43;75;freeFlow;2
2025-07-02T20:03:00+02:00;26025;99;65;100;freeFlow;7
2025-07-02T20:03:00+02:00;26041;14;22;95;congested;3
2025-07-02T20:03:00+02:00;26043;49;9;100;freeFlow;3
2025-07-02T20:03:00+02:00;26044;43;10;92;freeFlow;3
2025-07-02T20:03:00+02:00;26046;31;30;100;heavy;4
2025-07-02T20:03:00+02:00;26047;42;2;70;freeFlow;2
2025-07-02T20:03:00+02:00;26048;62;34;100;freeFlow;4
2025-07-02T20:03:00+02:00;26049;70;21;75;freeFlow;2
2025-07-02T20:03:00+02:00;26050;52;7;75;freeFlow;2
2025-07-02T20:03:00+02:00;26101_D;30;16;0;unknown;0
2025-07-02T20:03:00+02:00;26101_G;30;16;0;unknown;0
2025-07-02T20:03:00+02:00;26371_D;15;17;40;heavy;1
2025-07-02T20:03:00+02:00;26371_G;30;9;0;unknown;0
2025-07-02T20:03:00+02:00;26389_D;70;11;0;unknown;0
2025-07-02T20:03:00+02:00;26389_G;70;11;0;unknown;0
2025-07-02T20:03:00+02:00;26392_D;30;15;0;unknown;0
2025-07-02T20:03:00+02:00;26392_G;30;14;0;unknown;0
2025-07-02T20:03:00+02:00;26393;24;3;40;heavy;1
2025-07-02T20:03:00+02:00;26394;50;1;0;unknown;0
2025-07-02T20:03:00+02:00;26395;24;3;40;heavy;1
2025-07-02T20:03:00+02:00;26396;24;2;40;heavy;1
2025-07-02T20:03:00+02:00;26397_D;24;8;40;heavy;1
2025-07-02T20:03:00+02:00;26397_G;50;4;0;unknown;0
2025-07-02T20:03:00+02:00;26402_D;35;8;60;freeFlow;1
2025-07-02T20:03:00+02:00;26402_G;8;34;12;congested;1
2025-07-02T20:03:00+02:00;26403_D;21;6;15;freeFlow;1
2025-07-02T20:03:00+02:00;26403_G;30;4;0;unknown;0
2025-07-02T20:03:00+02:00;26404_D;33;3;15;freeFlow;1
2025-07-02T20:03:00+02:00;26404_G;30;3;0;unknown;0
2025-07-02T20:03:00+02:00;26405_D;38;1;60;freeFlow;1
2025-07-02T20:03:00+02:00;26405_G;25;2;10;freeFlow;1
2025-07-02T20:03:00+02:00;26409_D;70;11;0;unknown;0
2025-07-02T20:03:00+02:00;26409_G;70;11;0;unknown;0
2025-07-02T20:03:00+02:00;26420_D;70;4;0;unknown;0
2025-07-02T20:03:00+02:00;26420_G;70;4;0;unknown;0
2025-07-02T20:03:00+02:00;26422_D;70;11;0;unknown;0
2025-07-02T20:03:00+02:00;26422_G;70;11;0;unknown;0
2025-07-02T20:03:00+02:00;26423_D;70;7;0;unknown;0
2025-07-02T20:03:00+02:00;26423_G;70;7;0;unknown;0
2025-07-02T20:03:00+02:00;26495_D;50;7;0;unknown;0
2025-07-02T20:03:00+02:00;26495_G;50;7;0;unknown;0
2025-07-02T20:03:00+02:00;26497_D;30;16;0;unknown;0
2025-07-02T20:03:00+02:00;26497_G;30;16;0;unknown;0
2025-07-02T20:03:00+02:00;26501;115;20;100;freeFlow;9
2025-07-02T20:03:00+02:00;26573;103;13;100;freeFlow;10
2025-07-02T20:03:00+02:00;26603_D;37;1;60;freeFlow;1
2025-07-02T20:03:00+02:00;26603_G;25;2;10;freeFlow;1
2025-07-02T20:03:00+02:00;26611_D;22;6;15;freeFlow;1
2025-07-02T20:03:00+02:00;26611_G;30;4;0;unknown;0
2025-07-02T20:03:00+02:00;26619;45;2;42;freeFlow;1
2025-07-02T20:03:00+02:00;26654;15;34;91;congested;4
2025-07-02T20:03:00+02:00;26656;60;8;75;freeFlow;2
2025-07-02T20:03:00+02:00;26897_D;30;15;0;unknown;0
2025-07-02T20:03:00+02:00;26897_G;30;15;0;unknown;0
2025-07-02T20:03:00+02:00;27837_D;55;5;75;freeFlow;2
2025-07-02T20:03:00+02:00;27837_G;71;4;40;freeFlow;1
2025-07-02T20:03:00+02:00;28032;47;4;64;heavy;2
2025-07-02T20:03:00+02:00;28033;41;4;45;heavy;1
2025-07-02T20:03:00+02:00;282910_D;36;5;75;freeFlow;2
2025-07-02T20:03:00+02:00;282910_G;31;4;42;heavy;1
2025-07-02T20:03:00+02:00;28642_D;28;16;65;heavy;2
2025-07-02T20:03:00+02:00;28642_G;51;9;60;freeFlow;1
2025-07-02T20:03:00+02:00;28645_D;61;2;50;freeFlow;1
2025-07-02T20:03:00+02:00;28645_G;7;16;60;congested;1
2025-07-02T20:03:00+02:00;28646_D;71;43;49;freeFlow;1
2025-07-02T20:03:00+02:00;28646_G;28;109;60;heavy;1
2025-07-02T20:03:00+02:00;28648_D;70;19;48;freeFlow;1
2025-07-02T20:03:00+02:00;28648_G;47;28;71;heavy;2
2025-07-02T20:03:00+02:00;28649_D;67;13;48;freeFlow;1
2025-07-02T20:03:00+02:00;28649_G;57;16;55;freeFlow;1
2025-07-02T20:03:00+02:00;28650_D;66;15;48;freeFlow;1
2025-07-02T20:03:00+02:00;28650_G;58;17;57;freeFlow;1
2025-07-02T20:03:00+02:00;28660_D;71;9;50;freeFlow;1
2025-07-02T20:03:00+02:00;28660_G;78;8;75;freeFlow;2
2025-07-02T20:03:00+02:00;28665_D;86;16;50;freeFlow;1
2025-07-02T20:03:00+02:00;28665_G;92;15;75;freeFlow;2
2025-07-02T20:03:00+02:00;28666_D;98;7;50;freeFlow;1
2025-07-02T20:03:00+02:00;28666_G;57;12;60;freeFlow;1
2025-07-02T20:03:00+02:00;28669_D;70;5;0;unknown;0
2025-07-02T20:03:00+02:00;28669_G;70;5;0;unknown;0
2025-07-02T20:03:00+02:00;28675_D;52;8;0;unknown;0
2025-07-02T20:03:00+02:00;28675_G;52;8;48;freeFlow;1
2025-07-02T20:03:00+02:00;28676_D;70;3;0;unknown;0
2025-07-02T20:03:00+02:00;28676_G;70;3;0;unknown;0
2025-07-02T20:03:00+02:00;28677_D;70;16;0;unknown;0
2025-07-02T20:03:00+02:00;28677_G;70;16;0;unknown;0
2025-07-02T20:03:00+02:00;28693_D;68;14;50;freeFlow;1
2025-07-02T20:03:00+02:00;28693_G;94;10;60;freeFlow;1
2025-07-02T20:03:00+02:00;28854;62;2;100;freeFlow;3
2025-07-02T20:03:00+02:00;28855;52;3;75;freeFlow;2
2025-07-02T20:03:00+02:00;28865_D;86;23;75;freeFlow;2
2025-07-02T20:03:00+02:00;28865_G;77;26;52;freeFlow;1
2025-07-02T20:03:00+02:00;28866_D;62;11;75;freeFlow;2
2025-07-02T20:03:00+02:00;28866_G;54;13;64;heavy;2
2025-07-02T20:03:00+02:00;28867;43;2;60;freeFlow;1
2025-07-02T20:03:00+02:00;28868;43;3;60;freeFlow;1
2025-07-02T20:03:00+02:00;29;91;16;100;freeFlow;3
2025-07-02T20:03:00+02:00;30;93;6;100;freeFlow;3
2025-07-02T20:03:00+02:00;30020_D;60;35;35;freeFlow;1
2025-07-02T20:03:00+02:00;30020_G;82;26;60;freeFlow;1
2025-07-02T20:03:00+02:00;30022;80;3;100;freeFlow;5
2025-07-02T20:03:00+02:00;30023;23;221;83;congested;4
2025-07-02T20:03:00+02:00;30118;61;2;75;freeFlow;2
2025-07-02T20:03:00+02:00;30351_D;49;1;22;freeFlow;1
2025-07-02T20:03:00+02:00;30351_G;50;1;0;unknown;0
2025-07-02T20:03:00+02:00;30355_D;33;15;71;heavy;2
2025-07-02T20:03:00+02:00;30355_G;50;10;0;unknown;0
2025-07-02T20:03:00+02:00;30359_D;24;25;69;heavy;2
2025-07-02T20:03:00+02:00;30359_G;80;8;0;unknown;0
2025-07-02T20:03:00+02:00;30405;49;2;22;freeFlow;1
2025-07-02T20:03:00+02:00;30406;50;4;0;unknown;0
2025-07-02T20:03:00+02:00;30407;49;2;22;freeFlow;1
2025-07-02T20:03:00+02:00;30408;49;1;22;freeFlow;1
2025-07-02T20:03:00+02:00;30409;48;2;22;freeFlow;1
2025-07-02T20:03:00+02:00;30410_D;50;1;0;unknown;0
2025-07-02T20:03:00+02:00;30410_G;45;1;49;freeFlow;2
2025-07-02T20:03:00+02:00;30411_D;50;6;0;unknown;0
2025-07-02T20:03:00+02:00;30411_G;38;7;60;freeFlow;1
2025-07-02T20:03:00+02:00;30414_D;27;13;35;heavy;1
2025-07-02T20:03:00+02:00;30414_G;25;16;60;heavy;1
2025-07-02T20:03:00+02:00;30416_D;27;19;35;heavy;1
2025-07-02T20:03:00+02:00;30416_G;38;14;60;freeFlow;1
2025-07-02T20:03:00+02:00;30499_D;30;9;0;unknown;0
2025-07-02T20:03:00+02:00;30499_G;30;10;60;freeFlow;1
2025-07-02T20:03:00+02:00;30501_D;30;9;0;unknown;0
2025-07-02T20:03:00+02:00;30501_G;10;28;60;heavy;1
2025-07-02T20:03:00+02:00;30502_D;33;2;60;freeFlow;1
2025-07-02T20:03:00+02:00;30502_G;26;2;60;freeFlow;1
2025-07-02T20:03:00+02:00;30504_D;30;1;0;unknown;0
2025-07-02T20:03:00+02:00;30504_G;31;1;75;freeFlow;2
2025-07-02T20:03:00+02:00;30508;28;4;75;freeFlow;2
2025-07-02T20:03:00+02:00;30521_D;27;15;35;heavy;1
2025-07-02T20:03:00+02:00;30521_G;38;11;60;freeFlow;1
2025-07-02T20:03:00+02:00;30522_D;27;4;35;heavy;1
2025-07-02T20:03:00+02:00;30522_G;38;3;60;freeFlow;1
2025-07-02T20:03:00+02:00;30606_D;19;29;73;heavy;2
2025-07-02T20:03:00+02:00;30606_G;50;11;0;unknown;0
2025-07-02T20:03:00+02:00;30608_D;16;10;57;heavy;1
2025-07-02T20:03:00+02:00;30608_G;50;3;0;unknown;0
2025-07-02T20:03:00+02:00;30611_D;13;30;73;congested;2
2025-07-02T20:03:00+02:00;30611_G;50;8;0;unknown;0
2025-07-02T20:03:00+02:00;31;95;4;100;freeFlow;3
2025-07-02T20:03:00+02:00;31286;39;4;60;freeFlow;1
2025-07-02T20:03:00+02:00;31287;26;2;52;heavy;1
2025-07-02T20:03:00+02:00;31288;26;7;52;heavy;1
2025-07-02T20:03:00+02:00;31289;26;4;67;heavy;2
2025-07-02T20:03:00+02:00;31300_D;26;1;52;heavy;1
2025-07-02T20:03:00+02:00;31300_G;42;1;60;freeFlow;1
2025-07-02T20:03:00+02:00;31302_D;50;1;0;unknown;0
2025-07-02T20:03:00+02:00;31302_G;30;1;32;heavy;1
2025-07-02T20:03:00+02:00;31304_D;50;22;0;unknown;0
2025-07-02T20:03:00+02:00;31305_D;31;25;66;heavy;2
2025-07-02T20:03:00+02:00;31305_G;42;18;60;freeFlow;1
2025-07-02T20:03:00+02:00;31361_D;37;1;60;freeFlow;1
2025-07-02T20:03:00+02:00;31361_G;32;1;75;heavy;2
2025-07-02T20:03:00+02:00;31444_D;74;33;30;freeFlow;1
2025-07-02T20:03:00+02:00;31444_G;63;39;75;freeFlow;2
2025-07-02T20:03:00+02:00;31448;32;3;75;heavy;2
2025-07-02T20:03:00+02:00;31449;43;4;75;heavy;2
2025-07-02T20:03:00+02:00;31450;36;4;32;heavy;1
2025-07-02T20:03:00+02:00;31451;36;3;32;heavy;1
2025-07-02T20:03:00+02:00;31453_D;68;23;32;freeFlow;1
2025-07-02T20:03:00+02:00;31453_G;63;25;75;freeFlow;2
2025-07-02T20:03:00+02:00;31511;74;20;55;freeFlow;1
2025-07-02T20:03:00+02:00;31512;100;24;55;freeFlow;1
2025-07-02T20:03:00+02:00;31513;121;18;99;freeFlow;3
2025-07-02T20:03:00+02:00;31515;34;3;100;heavy;4
2025-07-02T20:03:00+02:00;31517;47;3;75;freeFlow;2
2025-07-02T20:03:00+02:00;31520;76;1;66;freeFlow;2
2025-07-02T20:03:00+02:00;31522;52;3;60;freeFlow;1
2025-07-02T20:03:00+02:00;31523_D;57;3;75;freeFlow;2
2025-07-02T20:03:00+02:00;31523_G;59;3;59;freeFlow;1
2025-07-02T20:03:00+02:00;31530_D;27;14;57;heavy;2
2025-07-02T20:03:00+02:00;31530_G;30;13;75;heavy;2
2025-07-02T20:03:00+02:00;31532_D;71;2;30;freeFlow;1
2025-07-02T20:03:00+02:00;31532_G;58;3;75;freeFlow;2
2025-07-02T20:03:00+02:00;31534;99;4;75;freeFlow;2
2025-07-02T20:03:00+02:00;31536;49;19;75;freeFlow;2
2025-07-02T20:03:00+02:00;31550;87;11;100;freeFlow;3
2025-07-02T20:03:00+02:00;31551;91;8;100;freeFlow;3
2025-07-02T20:03:00+02:00;31553;90;11;75;freeFlow;2
2025-07-02T20:03:00+02:00;31557;74;5;60;freeFlow;2
2025-07-02T20:03:00+02:00;31558_D;60;19;60;freeFlow;2
2025-07-02T20:03:00+02:00;31558_G;51;22;60;freeFlow;1
2025-07-02T20:03:00+02:00;31559;55;8;86;freeFlow;3
2025-07-02T20:03:00+02:00;31561;54;7;60;freeFlow;1
2025-07-02T20:03:00+02:00;31562;51;8;60;freeFlow;1
2025-07-02T20:03:00+02:00;31563;51;8;60;freeFlow;1
2025-07-02T20:03:00+02:00;31568;49;8;60;freeFlow;2
2025-07-02T20:03:00+02:00;31569;49;11;42;freeFlow;1
2025-07-02T20:03:00+02:00;31583_D;50;15;0;unknown;0
2025-07-02T20:03:00+02:00;31583_G;50;15;0;unknown;0
2025-07-02T20:03:00+02:00;31670_D;43;10;67;freeFlow;2
2025-07-02T20:03:00+02:00;31670_G;41;11;75;freeFlow;2
2025-07-02T20:03:00+02:00;31672_D;70;29;0;unknown;0
2025-07-02T20:03:00+02:00;31672_G;60;33;42;freeFlow;1
2025-07-02T20:03:00+02:00;31673;98;13;100;freeFlow;5
2025-07-02T20:03:00+02:00;31674;8;167;100;congested;4
2025-07-02T20:03:00+02:00;31708_D;25;7;60;freeFlow;1
2025-07-02T20:03:00+02:00;31708_G;30;6;0;unknown;0
2025-07-02T20:03:00+02:00;31709_D;38;10;60;freeFlow;1
2025-07-02T20:03:00+02:00;31709_G;30;12;0;unknown;0
2025-07-02T20:03:00+02:00;31716_D;35;6;60;freeFlow;1
2025-07-02T20:03:00+02:00;31716_G;30;7;0;unknown;0
2025-07-02T20:03:00+02:00;31717_D;35;14;75;freeFlow;2
2025-07-02T20:03:00+02:00;31717_G;30;17;0;unknown;0
2025-07-02T20:03:00+02:00;31720_D;34;3;75;freeFlow;2
2025-07-02T20:03:00+02:00;31720_G;38;3;60;freeFlow;1
2025-07-02T20:03:00+02:00;31722_D;37;7;60;freeFlow;1
2025-07-02T20:03:00+02:00;31722_G;34;8;75;freeFlow;2
2025-07-02T20:03:00+02:00;31723;41;5;75;freeFlow;2
2025-07-02T20:03:00+02:00;31724;42;5;60;freeFlow;1
2025-07-02T20:03:00+02:00;31725;42;4;60;freeFlow;1
2025-07-02T20:03:00+02:00;31726;37;6;75;freeFlow;2
2025-07-02T20:03:00+02:00;31727_D;38;9;60;freeFlow;1
2025-07-02T20:03:00+02:00;31727_G;40;9;75;freeFlow;2
2025-07-02T20:03:00+02:00;31878;69;2;64;freeFlow;2
2025-07-02T20:03:00+02:00;31879;35;4;50;heavy;2
2025-07-02T20:03:00+02:00;31880;98;3;100;freeFlow;4
2025-07-02T20:03:00+02:00;31881;105;3;45;freeFlow;1
2025-07-02T20:03:00+02:00;31882;105;2;45;freeFlow;1
2025-07-02T20:03:00+02:00;32;95;13;100;freeFlow;3
2025-07-02T20:03:00+02:00;32118;5;14;100;congested;3
2025-07-02T20:03:00+02:00;32163_D;34;3;75;freeFlow;2
2025-07-02T20:03:00+02:00;32163_G;30;3;0;unknown;0
2025-07-02T20:03:00+02:00;32165_D;20;4;60;heavy;1
2025-07-02T20:03:00+02:00;32165_G;39;2;75;freeFlow;2
2025-07-02T20:03:00+02:00;32177_D;47;13;45;heavy;1
2025-07-02T20:03:00+02:00;32177_G;46;13;57;heavy;1
2025-07-02T20:03:00+02:00;32784_D;24;3;60;heavy;1
2025-07-02T20:03:00+02:00;32784_G;20;4;75;heavy;2
2025-07-02T20:03:00+02:00;32785;28;2;75;heavy;2
2025-07-02T20:03:00+02:00;32786;29;3;75;heavy;2
2025-07-02T20:03:00+02:00;32788;17;5;75;heavy;2
2025-07-02T20:03:00+02:00;32790;17;3;75;heavy;2
2025-07-02T20:03:00+02:00;32791;27;3;60;heavy;1
2025-07-02T20:03:00+02:00;32794;20;3;75;heavy;2
2025-07-02T20:03:00+02:00;32796;20;3;75;heavy;2
2025-07-02T20:03:00+02:00;33;93;27;100;freeFlow;4
2025-07-02T20:03:00+02:00;34;106;25;60;freeFlow;1
2025-07-02T20:03:00+02:00;34744;130;25;60;freeFlow;1
2025-07-02T20:03:00+02:00;34745;96;34;100;freeFlow;5
2025-07-02T20:03:00+02:00;34757_D;53;2;55;freeFlow;2
2025-07-02T20:03:00+02:00;34757_G;50;2;0;unknown;0
2025-07-02T20:03:00+02:00;34758_D;67;12;42;freeFlow;1
2025-07-02T20:03:00+02:00;34758_G;50;16;0;unknown;0
2025-07-02T20:03:00+02:00;35;106;50;60;freeFlow;1
2025-07-02T20:03:00+02:00;35072;86;30;100;freeFlow;7
2025-07-02T20:03:00+02:00;35077;130;32;60;freeFlow;1
2025-07-02T20:03:00+02:00;35086;83;49;100;freeFlow;6
2025-07-02T20:03:00+02:00;35092;97;3;68;freeFlow;2
2025-07-02T20:03:00+02:00;35096;82;20;100;freeFlow;6
2025-07-02T20:03:00+02:00;35098;130;29;60;freeFlow;1
2025-07-02T20:03:00+02:00;35103;45;18;65;heavy;2
2025-07-02T20:03:00+02:00;35869_D;37;1;30;freeFlow;1
2025-07-02T20:03:00+02:00;35869_G;50;1;0;unknown;0
2025-07-02T20:03:00+02:00;35870_D;38;15;32;freeFlow;1
2025-07-02T20:03:00+02:00;35870_G;50;11;0;unknown;0
2025-07-02T20:03:00+02:00;35940;32;10;60;freeFlow;1
2025-07-02T20:03:00+02:00;35942;28;2;50;freeFlow;1
2025-07-02T20:03:00+02:00;35943;30;2;50;freeFlow;1
2025-07-02T20:03:00+02:00;35944;31;3;50;freeFlow;1
2025-07-02T20:03:00+02:00;35945;30;3;0;unknown;0
2025-07-02T20:03:00+02:00;35946_D;28;2;50;freeFlow;1
2025-07-02T20:03:00+02:00;35946_G;30;2;0;unknown;0
2025-07-02T20:03:00+02:00;35947;30;10;0;unknown;0
2025-07-02T20:03:00+02:00;35948;21;11;27;heavy;1
2025-07-02T20:03:00+02:00;35949;26;9;27;freeFlow;1
2025-07-02T20:03:00+02:00;35950;36;10;48;freeFlow;1
2025-07-02T20:03:00+02:00;35951;36;4;48;freeFlow;1
2025-07-02T20:03:00+02:00;35952;12;26;57;heavy;2
2025-07-02T20:03:00+02:00;35953;37;3;30;freeFlow;1
2025-07-02T20:03:00+02:00;35954;50;2;0;unknown;0
2025-07-02T20:03:00+02:00;35955;50;2;0;unknown;0
2025-07-02T20:03:00+02:00;35956;50;1;0;unknown;0
2025-07-02T20:03:00+02:00;35957_D;37;1;30;freeFlow;1
2025-07-02T20:03:00+02:00;35957_G;30;2;0;unknown;0
2025-07-02T20:03:00+02:00;35959_D;37;2;30;freeFlow;1
2025-07-02T20:03:00+02:00;35959_G;30;1;0;unknown;0
2025-07-02T20:03:00+02:00;35960;30;11;0;unknown;0
2025-07-02T20:03:00+02:00;35961;30;16;0;unknown;0
2025-07-02T20:03:00+02:00;35962;30;12;0;unknown;0
2025-07-02T20:03:00+02:00;35963;37;5;30;freeFlow;1
2025-07-02T20:03:00+02:00;35964;37;5;30;freeFlow;1
2025-07-02T20:03:00+02:00;35965;37;16;30;freeFlow;1
2025-07-02T20:03:00+02:00;35971;30;20;48;freeFlow;1
2025-07-02T20:03:00+02:00;35972;26;13;27;freeFlow;1
2025-07-02T20:03:00+02:00;35973;26;9;27;freeFlow;1
2025-07-02T20:03:00+02:00;35985_D;57;1;25;freeFlow;1
2025-07-02T20:03:00+02:00;35985_G;39;3;52;freeFlow;1
2025-07-02T20:03:00+02:00;35986_D;50;14;0;unknown;0
2025-07-02T20:03:00+02:00;35986_G;29;26;55;heavy;1
2025-07-02T20:03:00+02:00;35994_D;30;1;0;unknown;0
2025-07-02T20:03:00+02:00;35994_G;30;1;0;unknown;0
2025-07-02T20:03:00+02:00;35998;50;4;0;unknown;0
2025-07-02T20:03:00+02:00;35999;42;4;72;freeFlow;2
2025-07-02T20:03:00+02:00;36000;44;5;60;freeFlow;1
2025-07-02T20:03:00+02:00;36001;30;6;45;heavy;1
2025-07-02T20:03:00+02:00;36003_D;44;1;60;freeFlow;1
2025-07-02T20:03:00+02:00;36003_G;41;2;30;freeFlow;1
2025-07-02T20:03:00+02:00;36004_D;56;38;60;freeFlow;1
2025-07-02T20:03:00+02:00;36004_G;42;50;30;freeFlow;1
2025-07-02T20:03:00+02:00;36005;24;3;48;freeFlow;1
2025-07-02T20:03:00+02:00;36006;29;3;60;freeFlow;1
2025-07-02T20:03:00+02:00;36007;23;2;60;freeFlow;1
2025-07-02T20:03:00+02:00;36010_D;24;1;48;freeFlow;1
2025-07-02T20:03:00+02:00;36010_G;29;1;60;freeFlow;1
2025-07-02T20:03:00+02:00;36011;18;17;63;heavy;2
2025-07-02T20:03:00+02:00;36012_D;36;2;48;freeFlow;1
2025-07-02T20:03:00+02:00;36012_G;30;2;0;unknown;0
2025-07-02T20:03:00+02:00;37200_D;33;8;60;freeFlow;1
2025-07-02T20:03:00+02:00;37200_G;36;7;35;freeFlow;1
2025-07-02T20:03:00+02:00;37201;53;4;48;freeFlow;2
2025-07-02T20:03:00+02:00;37202;38;8;91;freeFlow;3
2025-07-02T20:03:00+02:00;37203;42;13;88;freeFlow;3
2025-07-02T20:03:00+02:00;37204_D;37;2;60;freeFlow;1
2025-07-02T20:03:00+02:00;37204_G;41;2;48;freeFlow;1
2025-07-02T20:03:00+02:00;37205_D;42;5;60;freeFlow;1
2025-07-02T20:03:00+02:00;37205_G;41;5;48;freeFlow;1
2025-07-02T20:03:00+02:00;37206_D;40;12;75;freeFlow;2
2025-07-02T20:03:00+02:00;37206_G;41;12;48;freeFlow;1
2025-07-02T20:03:00+02:00;37207;29;2;75;heavy;2
2025-07-02T20:03:00+02:00;37208;56;2;45;freeFlow;1
2025-07-02T20:03:00+02:00;37209;44;2;75;freeFlow;2
2025-07-02T20:03:00+02:00;37210_D;44;1;75;freeFlow;2
2025-07-02T20:03:00+02:00;37210_G;30;2;45;heavy;1
2025-07-02T20:03:00+02:00;37211_D;53;50;75;freeFlow;2
2025-07-02T20:03:00+02:00;37211_G;28;94;72;heavy;2
2025-07-02T20:03:00+02:00;37239;18;11;60;heavy;1
2025-07-02T20:03:00+02:00;37240;29;6;100;freeFlow;3
2025-07-02T20:03:00+02:00;37241;31;6;100;freeFlow;3
2025-07-02T20:03:00+02:00;37242;31;6;75;freeFlow;2
2025-07-02T20:03:00+02:00;37243_D;28;3;60;heavy;1
2025-07-02T20:03:00+02:00;37243_G;44;3;27;freeFlow;1
2025-07-02T20:03:00+02:00;37244_D;31;2;45;freeFlow;1
2025-07-02T20:03:00+02:00;37244_G;32;2;60;freeFlow;1
2025-07-02T20:03:00+02:00;37246_D;30;3;60;freeFlow;1
2025-07-02T20:03:00+02:00;37246_G;24;4;35;freeFlow;1
2025-07-02T20:03:00+02:00;37422_D;54;18;42;freeFlow;1
2025-07-02T20:03:00+02:00;37422_G;50;19;0;unknown;0
2025-07-02T20:03:00+02:00;37467_D;54;7;42;freeFlow;1
2025-07-02T20:03:00+02:00;37467_G;50;8;0;unknown;0
2025-07-02T20:03:00+02:00;37508_D;54;19;75;freeFlow;2
2025-07-02T20:03:00+02:00;37508_G;50;21;0;unknown;0
2025-07-02T20:03:00+02:00;37509_D;46;2;60;freeFlow;1
2025-07-02T20:03:00+02:00;37509_G;50;1;0;unknown;0
2025-07-02T20:03:00+02:00;37564_D;74;21;60;freeFlow;1
2025-07-02T20:03:00+02:00;37564_G;70;22;0;unknown;0
2025-07-02T20:03:00+02:00;37565_D;47;17;60;heavy;1
2025-07-02T20:03:00+02:00;37565_G;70;12;0;unknown;0
2025-07-02T20:03:00+02:00;37586_D;47;1;75;freeFlow;2
2025-07-02T20:03:00+02:00;37586_G;50;1;0;unknown;0
2025-07-02T20:03:00+02:00;37588_D;70;8;0;unknown;0
2025-07-02T20:03:00+02:00;37588_G;54;10;60;freeFlow;1
2025-07-02T20:03:00+02:00;37620_D;27;3;25;heavy;1
2025-07-02T20:03:00+02:00;37620_G;70;1;0;unknown;0
2025-07-02T20:03:00+02:00;37621;49;4;0;unknown;0
2025-07-02T20:03:00+02:00;37622;43;5;75;freeFlow;2
2025-07-02T20:03:00+02:00;37625_D;45;20;42;freeFlow;2
2025-07-02T20:03:00+02:00;37625_G;35;26;60;freeFlow;1
2025-07-02T20:03:00+02:00;37665_D;40;2;57;freeFlow;1
2025-07-02T20:03:00+02:00;37665_G;36;2;48;freeFlow;1
2025-07-02T20:03:00+02:00;37667;70;18;100;freeFlow;3
2025-07-02T20:03:00+02:00;37668;54;7;60;freeFlow;1
2025-07-02T20:03:00+02:00;37673;75;5;100;freeFlow;3
2025-07-02T20:03:00+02:00;37686_D;37;17;75;freeFlow;2
2025-07-02T20:03:00+02:00;37686_G;51;12;75;freeFlow;2
2025-07-02T20:03:00+02:00;37702_D;27;10;17;heavy;1
2025-07-02T20:03:00+02:00;37702_G;50;5;0;unknown;0
2025-07-02T20:03:00+02:00;37706_D;50;1;0;unknown;0
2025-07-02T20:03:00+02:00;37706_G;27;2;17;heavy;1
2025-07-02T20:03:00+02:00;37707_D;40;2;57;freeFlow;1
2025-07-02T20:03:00+02:00;37707_G;36;2;48;freeFlow;1
2025-07-02T20:03:00+02:00;37708_D;40;23;57;freeFlow;1
2025-07-02T20:03:00+02:00;37708_G;28;33;48;freeFlow;1
2025-07-02T20:03:00+02:00;37712_D;40;5;57;freeFlow;1
2025-07-02T20:03:00+02:00;37712_G;35;6;45;freeFlow;1
2025-07-02T20:03:00+02:00;37724;41;4;100;freeFlow;3
2025-07-02T20:03:00+02:00;37725;39;2;100;freeFlow;3
2025-07-02T20:03:00+02:00;37726;36;3;75;freeFlow;2
2025-07-02T20:03:00+02:00;37727;62;2;75;freeFlow;2
2025-07-02T20:03:00+02:00;37728;50;2;0;unknown;0
2025-07-02T20:03:00+02:00;37729;59;95;83;heavy;3
2025-07-02T20:03:00+02:00;37730;43;3;60;freeFlow;1
2025-07-02T20:03:00+02:00;37732;80;45;60;freeFlow;1
2025-07-02T20:03:00+02:00;37737;96;42;100;freeFlow;6
2025-07-02T20:03:00+02:00;37738;51;2;100;freeFlow;3
2025-07-02T20:03:00+02:00;37739;73;2;100;freeFlow;4
2025-07-02T20:03:00+02:00;37740;89;2;75;freeFlow;2
2025-07-02T20:03:00+02:00;37741;89;1;75;freeFlow;2
2025-07-02T20:03:00+02:00;37742;89;2;75;freeFlow;2
2025-07-02T20:03:00+02:00;37743;91;1;75;freeFlow;2
2025-07-02T20:03:00+02:00;37744;92;2;75;freeFlow;2
2025-07-02T20:03:00+02:00;37745;82;1;60;freeFlow;1
2025-07-02T20:03:00+02:00;37749;104;37;100;freeFlow;7
2025-07-02T20:03:00+02:00;37750;34;78;100;heavy;6
2025-07-02T20:03:00+02:00;37751;96;10;60;freeFlow;1
2025-07-02T20:03:00+02:00;37752;106;6;100;freeFlow;3
2025-07-02T20:03:00+02:00;37753;101;26;100;freeFlow;7
2025-07-02T20:03:00+02:00;37784;50;2;0;unknown;0
2025-07-02T20:03:00+02:00;37785;50;2;0;unknown;0
2025-07-02T20:03:00+02:00;37786;36;3;60;freeFlow;1
2025-07-02T20:03:00+02:00;37787_D;70;21;0;unknown;0
2025-07-02T20:03:00+02:00;37787_G;60;25;60;freeFlow;1
2025-07-02T20:03:00+02:00;37818;79;59;100;freeFlow;6
2025-07-02T20:03:00+02:00;37819;102;54;100;freeFlow;4
2025-07-02T20:03:00+02:00;37822;97;9;100;freeFlow;3
2025-07-02T20:03:00+02:00;37826;44;1;52;freeFlow;1
2025-07-02T20:03:00+02:00;37827;43;1;60;freeFlow;1
2025-07-02T20:03:00+02:00;37941;83;59;60;freeFlow;2
2025-07-02T20:03:00+02:00;37947;100;7;99;freeFlow;3
2025-07-02T20:03:00+02:00;37948;101;68;100;freeFlow;8
2025-07-02T20:03:00+02:00;37949;101;69;81;freeFlow;4
2025-07-02T20:03:00+02:00;37950;99;7;100;freeFlow;6
2025-07-02T20:03:00+02:00;37970;97;14;100;freeFlow;6
2025-07-02T20:03:00+02:00;38;92;15;100;freeFlow;3
2025-07-02T20:03:00+02:00;38067;101;11;100;freeFlow;5
2025-07-02T20:03:00+02:00;38068;43;5;92;heavy;3
2025-07-02T20:03:00+02:00;38069;55;6;22;freeFlow;1
2025-07-02T20:03:00+02:00;38070;94;9;100;freeFlow;3
2025-07-02T20:03:00+02:00;38310;36;2;60;freeFlow;1
2025-07-02T20:03:00+02:00;38311;36;2;60;freeFlow;1
2025-07-02T20:03:00+02:00;38317;102;1;100;freeFlow;4
2025-07-02T20:03:00+02:00;38318;98;27;100;freeFlow;5
2025-07-02T20:03:00+02:00;38319;100;20;100;freeFlow;6
2025-07-02T20:03:00+02:00;38322;86;2;50;freeFlow;2
2025-07-02T20:03:00+02:00;38378_D;70;10;0;unknown;0
2025-07-02T20:03:00+02:00;38378_G;80;9;75;freeFlow;2
2025-07-02T20:03:00+02:00;38389_D;70;16;0;unknown;0
2025-07-02T20:03:00+02:00;38389_G;87;12;60;freeFlow;1
2025-07-02T20:03:00+02:00;39061;48;5;75;heavy;2
2025-07-02T20:03:00+02:00;39062;40;3;75;heavy;2
2025-07-02T20:03:00+02:00;39063;32;13;99;heavy;3
2025-07-02T20:03:00+02:00;39473;89;22;75;freeFlow;2
2025-07-02T20:03:00+02:00;39618;101;3;100;freeFlow;5
2025-07-02T20:03:00+02:00;39619;101;2;100;freeFlow;5
2025-07-02T20:03:00+02:00;39720_D;52;24;60;freeFlow;1
2025-07-02T20:03:00+02:00;39720_G;44;28;27;freeFlow;1
2025-07-02T20:03:00+02:00;39902_D;70;1;0;unknown;0
2025-07-02T20:03:00+02:00;39902_G;83;1;75;freeFlow;2
2025-07-02T20:03:00+02:00;39904_D;70;1;0;unknown;0
2025-07-02T20:03:00+02:00;39904_G;81;1;75;freeFlow;2
2025-07-02T20:03:00+02:00;39906_D;70;7;0;unknown;0
2025-07-02T20:03:00+02:00;39906_G;77;6;75;freeFlow;2
2025-07-02T20:03:00+02:00;40185_D;32;4;50;heavy;1
2025-07-02T20:03:00+02:00;40185_G;30;1;100;heavy;3
2025-07-02T20:03:00+02:00;40201;50;0;0;unknown;0
2025-07-02T20:03:00+02:00;40202;31;2;42;heavy;1
2025-07-02T20:03:00+02:00;40203;66;1;60;freeFlow;1
2025-07-02T20:03:00+02:00;40212_D;66;2;50;freeFlow;1
2025-07-02T20:03:00+02:00;40212_G;94;1;60;freeFlow;1
2025-07-02T20:03:00+02:00;40213_D;58;1;50;freeFlow;1
2025-07-02T20:03:00+02:00;40213_G;29;2;60;heavy;1
2025-07-02T20:03:00+02:00;41631_D;13;17;20;heavy;1
2025-07-02T20:03:00+02:00;41631_G;30;7;0;unknown;0
2025-07-02T20:03:00+02:00;41632_D;30;5;0;unknown;0
2025-07-02T20:03:00+02:00;41632_G;38;3;20;freeFlow;1
2025-07-02T20:03:00+02:00;41652_D;4;55;43;congested;2
2025-07-02T20:03:00+02:00;41683_D;70;15;0;unknown;0
2025-07-02T20:03:00+02:00;41683_G;46;23;17;heavy;1
2025-07-02T20:03:00+02:00;41709_D;30;15;0;unknown;0
2025-07-02T20:03:00+02:00;41709_G;38;12;20;freeFlow;1
2025-07-02T20:03:00+02:00;41712_D;30;7;0;unknown;0
2025-07-02T20:03:00+02:00;41712_G;38;6;20;freeFlow;1
2025-07-02T20:03:00+02:00;41713_D;38;3;48;freeFlow;1
2025-07-02T20:03:00+02:00;41713_G;4;31;45;congested;1
2025-07-02T20:03:00+02:00;41729;26;3;100;heavy;4
2025-07-02T20:03:00+02:00;41730;50;1;0;unknown;0
2025-07-02T20:03:00+02:00;41731;50;1;0;unknown;0
2025-07-02T20:03:00+02:00;41753_D;38;5;48;freeFlow;1
2025-07-02T20:03:00+02:00;41753_G;26;7;42;freeFlow;1
2025-07-02T20:03:00+02:00;41764_D;30;2;0;unknown;0
2025-07-02T20:03:00+02:00;41764_G;38;1;20;freeFlow;1
2025-07-02T20:03:00+02:00;41781;56;1;100;freeFlow;3
2025-07-02T20:03:00+02:00;41782;39;2;100;freeFlow;4
2025-07-02T20:03:00+02:00;41783;54;1;57;freeFlow;1
2025-07-02T20:03:00+02:00;41784;54;1;57;freeFlow;1
2025-07-02T20:03:00+02:00;41809_D;20;12;49;heavy;1
2025-07-02T20:03:00+02:00;41809_G;28;8;42;freeFlow;1
2025-07-02T20:03:00+02:00;41810_D;25;3;50;freeFlow;1
2025-07-02T20:03:00+02:00;41810_G;40;1;42;freeFlow;1
2025-07-02T20:03:00+02:00;41811_D;32;8;50;freeFlow;1
2025-07-02T20:03:00+02:00;41811_G;40;6;42;freeFlow;1
2025-07-02T20:03:00+02:00;41812_D;30;6;0;unknown;0
2025-07-02T20:03:00+02:00;41812_G;32;6;42;freeFlow;1
2025-07-02T20:03:00+02:00;41813_D;30;5;0;unknown;0
2025-07-02T20:03:00+02:00;41813_G;28;5;40;freeFlow;1
2025-07-02T20:03:00+02:00;41814_D;30;7;0;unknown;0
2025-07-02T20:03:00+02:00;41814_G;29;7;40;freeFlow;1
2025-07-02T20:03:00+02:00;41815_D;30;6;0;unknown;0
2025-07-02T20:03:00+02:00;41815_G;34;6;40;freeFlow;1
2025-07-02T20:03:00+02:00;41817_D;30;6;0;unknown;0
2025-07-02T20:03:00+02:00;41817_G;30;6;0;unknown;0
2025-07-02T20:03:00+02:00;41818_D;30;3;0;unknown;0
2025-07-02T20:03:00+02:00;41818_G;30;2;0;unknown;0
2025-07-02T20:03:00+02:00;42028;40;12;100;freeFlow;4
2025-07-02T20:03:00+02:00;42029;68;22;98;freeFlow;3
2025-07-02T20:03:00+02:00;42030;37;41;100;freeFlow;4
2025-07-02T20:03:00+02:00;42031;54;28;57;freeFlow;1
2025-07-02T20:03:00+02:00;42047;70;5;45;freeFlow;1
2025-07-02T20:03:00+02:00;42049;50;2;0;unknown;0
2025-07-02T20:03:00+02:00;42050;89;1;75;freeFlow;2
2025-07-02T20:03:00+02:00;42051;52;10;100;heavy;3
2025-07-02T20:03:00+02:00;42125_D;39;29;68;freeFlow;2
2025-07-02T20:03:00+02:00;42125_G;58;20;60;freeFlow;1
2025-07-02T20:03:00+02:00;42134;68;35;100;freeFlow;4
2025-07-02T20:03:00+02:00;42135;108;25;55;freeFlow;1
2025-07-02T20:03:00+02:00;42206_D;15;64;79;congested;3
2025-07-02T20:03:00+02:00;42238_D;24;15;27;heavy;1
2025-07-02T20:03:00+02:00;42257;70;7;45;freeFlow;1
2025-07-02T20:03:00+02:00;42273_D;30;6;0;unknown;0
2025-07-02T20:03:00+02:00;42273_G;38;5;20;freeFlow;1
2025-07-02T20:03:00+02:00;42293_D;38;1;48;freeFlow;1
2025-07-02T20:03:00+02:00;42293_G;25;2;42;freeFlow;1
2025-07-02T20:03:00+02:00;42307_D;70;11;45;freeFlow;1
2025-07-02T20:03:00+02:00;42307_G;61;13;50;freeFlow;1
2025-07-02T20:03:00+02:00;42359;80;8;100;freeFlow;3
2025-07-02T20:03:00+02:00;42375;50;1;0;unknown;0
2025-07-02T20:03:00+02:00;42378_D;38;1;48;freeFlow;1
2025-07-02T20:03:00+02:00;42378_G;21;2;42;heavy;1
2025-07-02T20:03:00+02:00;42379;91;29;100;freeFlow;3
2025-07-02T20:03:00+02:00;42383;19;4;100;heavy;4
2025-07-02T20:03:00+02:00;42384;50;1;0;unknown;0
2025-07-02T20:03:00+02:00;42385;71;1;63;freeFlow;2
2025-07-02T20:03:00+02:00;42386;71;1;63;freeFlow;2
2025-07-02T20:03:00+02:00;42387;41;5;100;freeFlow;4
2025-07-02T20:03:00+02:00;42388;38;3;98;freeFlow;6
2025-07-02T20:03:00+02:00;42389;54;3;57;freeFlow;1
2025-07-02T20:03:00+02:00;42390;56;2;74;freeFlow;2
2025-07-02T20:03:00+02:00;42391;50;2;0;unknown;0
2025-07-02T20:03:00+02:00;42392;39;2;100;freeFlow;4
2025-07-02T20:03:00+02:00;42399;26;10;100;congested;4
2025-07-02T20:03:00+02:00;42401_D;48;27;63;freeFlow;2
2025-07-02T20:03:00+02:00;42401_G;67;19;50;freeFlow;1
2025-07-02T20:03:00+02:00;42572;31;1;100;heavy;4
2025-07-02T20:03:00+02:00;42573;54;1;57;freeFlow;1
2025-07-02T20:03:00+02:00;42580;79;2;100;freeFlow;3
2025-07-02T20:03:00+02:00;42595_D;30;6;0;unknown;0
2025-07-02T20:03:00+02:00;42595_G;38;5;20;freeFlow;1
2025-07-02T20:03:00+02:00;42603;11;51;100;congested;3
2025-07-02T20:03:00+02:00;42663_D;50;5;0;unknown;0
2025-07-02T20:03:00+02:00;42663_G;62;4;17;freeFlow;1
2025-07-02T20:03:00+02:00;42681_D;70;13;0;unknown;0
2025-07-02T20:03:00+02:00;42681_G;65;14;17;freeFlow;1
2025-07-02T20:03:00+02:00;42684_D;58;1;60;freeFlow;1
2025-07-02T20:03:00+02:00;42684_G;30;2;0;unknown;0
2025-07-02T20:03:00+02:00;42685;58;46;60;heavy;1
2025-07-02T20:03:00+02:00;42709_D;33;29;98;heavy;3
2025-07-02T20:03:00+02:00;42709_G;65;14;48;freeFlow;1
2025-07-02T20:03:00+02:00;42777_D;50;3;0;unknown;0
2025-07-02T20:03:00+02:00;42777_G;38;4;50;freeFlow;1
2025-07-02T20:03:00+02:00;42778_D;50;1;0;unknown;0
2025-07-02T20:03:00+02:00;42778_G;38;2;50;freeFlow;1
2025-07-02T20:03:00+02:00;42779;50;2;0;unknown;0
2025-07-02T20:03:00+02:00;42780_D;50;8;0;unknown;0
2025-07-02T20:03:00+02:00;42780_G;51;8;50;freeFlow;1
2025-07-02T20:03:00+02:00;42938_D;59;5;32;freeFlow;1
2025-07-02T20:03:00+02:00;42938_G;50;6;0;unknown;0
2025-07-02T20:03:00+02:00;42939_D;50;4;0;unknown;0
2025-07-02T20:03:00+02:00;42939_G;27;8;50;heavy;1
2025-07-02T20:03:00+02:00;42940_D;50;9;0;unknown;0
2025-07-02T20:03:00+02:00;42940_G;38;11;50;freeFlow;1
2025-07-02T20:03:00+02:00;42941_D;50;3;0;unknown;0
2025-07-02T20:03:00+02:00;42941_G;6;24;60;congested;1
2025-07-02T20:03:00+02:00;42947_D;50;9;0;unknown;0
2025-07-02T20:03:00+02:00;42947_G;38;11;60;freeFlow;1
2025-07-02T20:03:00+02:00;42948_D;50;5;0;unknown;0
2025-07-02T20:03:00+02:00;42948_G;10;24;17;congested;1
2025-07-02T20:03:00+02:00;42949_D;50;5;0;unknown;0
2025-07-02T20:03:00+02:00;42949_G;25;11;17;heavy;1
2025-07-02T20:03:00+02:00;42978_D;50;11;0;unknown;0
2025-07-02T20:03:00+02:00;42978_G;34;17;75;heavy;2
2025-07-02T20:03:00+02:00;42979_D;50;3;0;unknown;0
2025-07-02T20:03:00+02:00;42979_G;23;7;75;heavy;2
2025-07-02T20:03:00+02:00;42983_D;50;8;0;unknown;0
2025-07-02T20:03:00+02:00;42983_G;50;8;0;unknown;0
2025-07-02T20:03:00+02:00;42999_D;50;12;0;unknown;0
2025-07-02T20:03:00+02:00;42999_G;50;12;0;unknown;0
2025-07-02T20:03:00+02:00;43000_D;50;5;0;unknown;0
2025-07-02T20:03:00+02:00;43000_G;50;5;0;unknown;0
2025-07-02T20:03:00+02:00;43001_D;33;6;12;heavy;1
2025-07-02T20:03:00+02:00;43001_G;50;4;0;unknown;0
2025-07-02T20:03:00+02:00;43003_D;50;3;0;unknown;0
2025-07-02T20:03:00+02:00;43003_G;50;3;0;unknown;0
2025-07-02T20:03:00+02:00;43027_D;50;5;0;unknown;0
2025-07-02T20:03:00+02:00;43027_G;45;6;50;freeFlow;1
2025-07-02T20:03:00+02:00;43029_D;50;8;0;unknown;0
2025-07-02T20:03:00+02:00;43029_G;32;13;60;heavy;1
2025-07-02T20:03:00+02:00;43046_D;29;10;60;heavy;1
2025-07-02T20:03:00+02:00;43046_G;29;10;75;heavy;2
2025-07-02T20:03:00+02:00;43047_D;50;4;0;unknown;0
2025-07-02T20:03:00+02:00;43047_G;29;5;75;heavy;2
2025-07-02T20:03:00+02:00;43048_D;50;5;0;unknown;0
2025-07-02T20:03:00+02:00;43048_G;12;22;100;congested;4
2025-07-02T20:03:00+02:00;43049_D;30;4;0;unknown;0
2025-07-02T20:03:00+02:00;43049_G;26;4;75;freeFlow;2
2025-07-02T20:03:00+02:00;43050_D;50;3;0;unknown;0
2025-07-02T20:03:00+02:00;43050_G;35;5;75;heavy;2
2025-07-02T20:03:00+02:00;43099;28;3;60;heavy;1
2025-07-02T20:03:00+02:00;43352_G;22;21;55;freeFlow;1
2025-07-02T20:03:00+02:00;43451_D;30;15;0;unknown;0
2025-07-02T20:03:00+02:00;43481;30;24;22;heavy;1
2025-07-02T20:03:00+02:00;43627;41;16;75;freeFlow;2
2025-07-02T20:03:00+02:00;43658_D;47;4;60;freeFlow;1
2025-07-02T20:03:00+02:00;43658_G;50;4;0;unknown;0
2025-07-02T20:03:00+02:00;43718_D;50;3;0;unknown;0
2025-07-02T20:03:00+02:00;43718_G;50;3;0;unknown;0
2025-07-02T20:03:00+02:00;43719_D;50;9;0;unknown;0
2025-07-02T20:03:00+02:00;43719_G;50;9;0;unknown;0
2025-07-02T20:03:00+02:00;43720_D;50;4;0;unknown;0
2025-07-02T20:03:00+02:00;43720_G;50;4;0;unknown;0
2025-07-02T20:03:00+02:00;43724_D;50;8;0;unknown;0
2025-07-02T20:03:00+02:00;43724_G;17;24;100;heavy;3
2025-07-02T20:03:00+02:00;43733_D;30;7;12;heavy;1
2025-07-02T20:03:00+02:00;43733_G;50;4;0;unknown;0
2025-07-02T20:03:00+02:00;43736_D;50;4;0;unknown;0
2025-07-02T20:03:00+02:00;43736_G;50;4;0;unknown;0
2025-07-02T20:03:00+02:00;43739_D;38;8;52;freeFlow;1
2025-07-02T20:03:00+02:00;43739_G;22;16;75;heavy;2
2025-07-02T20:03:00+02:00;43740_D;35;8;48;freeFlow;1
2025-07-02T20:03:00+02:00;43740_G;39;7;60;freeFlow;1
2025-07-02T20:03:00+02:00;43741_D;36;1;48;freeFlow;1
2025-07-02T20:03:00+02:00;43741_G;39;1;60;freeFlow;1
2025-07-02T20:03:00+02:00;43742_D;28;12;52;heavy;1
2025-07-02T20:03:00+02:00;43742_G;27;12;75;heavy;2
2025-07-02T20:03:00+02:00;43743_G;24;52;60;heavy;1
2025-07-02T20:03:00+02:00;43744_D;28;9;52;heavy;1
2025-07-02T20:03:00+02:00;43744_G;26;9;60;heavy;1
2025-07-02T20:03:00+02:00;43748;30;7;60;freeFlow;1
2025-07-02T20:03:00+02:00;43757;26;4;75;heavy;2
2025-07-02T20:03:00+02:00;43758;42;7;75;freeFlow;2
2025-07-02T20:03:00+02:00;43786_D;50;12;0;unknown;0
2025-07-02T20:03:00+02:00;43786_G;41;15;48;freeFlow;1
2025-07-02T20:03:00+02:00;43787_D;50;3;0;unknown;0
2025-07-02T20:03:00+02:00;43787_G;32;4;48;heavy;1
2025-07-02T20:03:00+02:00;43788_D;50;2;0;unknown;0
2025-07-02T20:03:00+02:00;43788_G;59;1;15;freeFlow;1
2025-07-02T20:03:00+02:00;43789_D;50;5;0;unknown;0
2025-07-02T20:03:00+02:00;43789_G;59;5;15;freeFlow;1
2025-07-02T20:03:00+02:00;43790_D;50;5;0;unknown;0
2025-07-02T20:03:00+02:00;43790_G;59;4;15;freeFlow;1
2025-07-02T20:03:00+02:00;43791_D;50;3;0;unknown;0
2025-07-02T20:03:00+02:00;43791_G;59;2;15;freeFlow;1
2025-07-02T20:03:00+02:00;43792_D;50;7;0;unknown;0
2025-07-02T20:03:00+02:00;43792_G;59;6;15;freeFlow;1
2025-07-02T20:03:00+02:00;43814_D;42;17;60;freeFlow;1
2025-07-02T20:03:00+02:00;43814_G;40;17;57;freeFlow;1
2025-07-02T20:03:00+02:00;43815_D;50;7;0;unknown;0
2025-07-02T20:03:00+02:00;43815_G;34;11;57;heavy;1
2025-07-02T20:03:00+02:00;43817_D;44;15;52;freeFlow;1
2025-07-02T20:03:00+02:00;43817_G;33;21;75;heavy;2
2025-07-02T20:03:00+02:00;43819;39;12;35;freeFlow;1
2025-07-02T20:03:00+02:00;43821;28;10;75;heavy;2
2025-07-02T20:03:00+02:00;43828_D;50;11;0;unknown;0
2025-07-02T20:03:00+02:00;43828_G;50;11;0;unknown;0
2025-07-02T20:03:00+02:00;43835_D;50;7;0;unknown;0
2025-07-02T20:03:00+02:00;43835_G;38;9;57;freeFlow;1
2025-07-02T20:03:00+02:00;43836;32;16;12;heavy;1
2025-07-02T20:03:00+02:00;43871_D;47;4;0;unknown;0
2025-07-02T20:03:00+02:00;43871_G;29;7;20;heavy;1
2025-07-02T20:03:00+02:00;43872_D;50;4;0;unknown;0
2025-07-02T20:03:00+02:00;43872_G;24;9;20;heavy;1
2025-07-02T20:03:00+02:00;43873_D;50;5;0;unknown;0
2025-07-02T20:03:00+02:00;43873_G;26;10;20;heavy;1
2025-07-02T20:03:00+02:00;43925_D;50;5;0;unknown;0
2025-07-02T20:03:00+02:00;43925_G;28;9;20;heavy;1
2025-07-02T20:03:00+02:00;43937_D;50;6;0;unknown;0
2025-07-02T20:03:00+02:00;43937_G;38;8;55;freeFlow;1
2025-07-02T20:03:00+02:00;43938_D;50;20;0;unknown;0
2025-07-02T20:03:00+02:00;43938_G;34;28;55;heavy;1
2025-07-02T20:03:00+02:00;43972;31;11;40;heavy;1
2025-07-02T20:03:00+02:00;43974;13;39;63;congested;3
2025-07-02T20:03:00+02:00;43975;20;11;22;heavy;1
2025-07-02T20:03:00+02:00;44002_D;58;7;45;freeFlow;1
2025-07-02T20:03:00+02:00;44002_G;37;12;60;freeFlow;1
2025-07-02T20:03:00+02:00;44003_D;60;7;45;freeFlow;1
2025-07-02T20:03:00+02:00;44012;42;16;60;freeFlow;1
2025-07-02T20:03:00+02:00;44017_D;20;7;40;heavy;1
2025-07-02T20:03:00+02:00;44018_D;40;14;42;freeFlow;1
2025-07-02T20:03:00+02:00;44028;31;9;40;heavy;1
2025-07-02T20:03:00+02:00;44036_D;31;4;42;heavy;1
2025-07-02T20:03:00+02:00;44036_G;36;3;60;freeFlow;1
2025-07-02T20:03:00+02:00;44066;16;12;43;heavy;2
2025-07-02T20:03:00+02:00;44067;20;36;22;heavy;1
2025-07-02T20:03:00+02:00;44069;24;9;60;heavy;1
2025-07-02T20:03:00+02:00;44084_D;31;9;35;heavy;1
2025-07-02T20:03:00+02:00;44084_G;50;5;0;unknown;0
2025-07-02T20:03:00+02:00;44089_D;35;9;60;heavy;1
2025-07-02T20:03:00+02:00;44089_G;50;6;0;unknown;0
2025-07-02T20:03:00+02:00;44090_D;35;7;60;heavy;1
2025-07-02T20:03:00+02:00;44090_G;50;5;0;unknown;0
2025-07-02T20:03:00+02:00;44131;26;23;83;heavy;3
2025-07-02T20:03:00+02:00;44134;50;9;0;unknown;0
2025-07-02T20:03:00+02:00;44165_D;21;11;40;heavy;1
2025-07-02T20:03:00+02:00;44165_G;50;5;0;unknown;0
2025-07-02T20:03:00+02:00;44198_D;50;14;0;unknown;0
2025-07-02T20:03:00+02:00;44198_G;36;20;32;freeFlow;1
2025-07-02T20:03:00+02:00;44199_D;11;22;30;congested;1
2025-07-02T20:03:00+02:00;44199_G;20;12;30;heavy;1
2025-07-02T20:03:00+02:00;44231_D;23;11;52;heavy;1
2025-07-02T20:03:00+02:00;44231_G;31;8;50;heavy;1
2025-07-02T20:03:00+02:00;44232_D;40;5;57;freeFlow;1
2025-07-02T20:03:00+02:00;44232_G;44;5;48;freeFlow;1
2025-07-02T20:03:00+02:00;44234_D;40;9;57;freeFlow;1
2025-07-02T20:03:00+02:00;44234_G;41;8;48;freeFlow;1
2025-07-02T20:03:00+02:00;44259_D;27;4;10;heavy;1
2025-07-02T20:03:00+02:00;44259_G;35;3;57;heavy;1
2025-07-02T20:03:00+02:00;44260;38;10;60;freeFlow;1
2025-07-02T20:03:00+02:00;44261_D;45;10;12;freeFlow;1
2025-07-02T20:03:00+02:00;44261_G;16;29;69;heavy;2
2025-07-02T20:03:00+02:00;44293;50;5;0;unknown;0
2025-07-02T20:03:00+02:00;44303_D;50;2;0;unknown;0
2025-07-02T20:03:00+02:00;44303_G;50;2;0;unknown;0
2025-07-02T20:03:00+02:00;44304_D;38;12;60;freeFlow;1
2025-07-02T20:03:00+02:00;44304_G;50;9;0;unknown;0
2025-07-02T20:03:00+02:00;44322_D;28;80;43;heavy;2
2025-07-02T20:03:00+02:00;44322_G;31;72;50;heavy;1
2025-07-02T20:03:00+02:00;44328;50;10;0;unknown;0
2025-07-02T20:03:00+02:00;44583_D;40;9;47;freeFlow;2
2025-07-02T20:03:00+02:00;44583_G;50;7;0;unknown;0
2025-07-02T20:03:00+02:00;44584_D;41;12;30;freeFlow;1
2025-07-02T20:03:00+02:00;44584_G;50;10;0;unknown;0
2025-07-02T20:03:00+02:00;44632_D;12;82;35;congested;1
2025-07-02T20:03:00+02:00;44632_G;50;20;0;unknown;0
2025-07-02T20:03:00+02:00;44694_D;28;21;57;heavy;1
2025-07-02T20:03:00+02:00;44694_G;10;58;22;congested;1
2025-07-02T20:03:00+02:00;44695_D;12;9;57;congested;1
2025-07-02T20:03:00+02:00;44695_G;29;4;20;heavy;1
2025-07-02T20:03:00+02:00;44711_D;40;16;57;freeFlow;1
2025-07-02T20:03:00+02:00;44711_G;48;13;25;freeFlow;1
2025-07-02T20:03:00+02:00;44712_D;26;9;57;heavy;1
2025-07-02T20:03:00+02:00;44712_G;44;5;25;freeFlow;1
2025-07-02T20:03:00+02:00;44714_D;31;2;55;heavy;1
2025-07-02T20:03:00+02:00;44714_G;46;1;25;freeFlow;1
2025-07-02T20:03:00+02:00;44736_D;41;2;30;freeFlow;1
2025-07-02T20:03:00+02:00;44736_G;50;2;0;unknown;0
2025-07-02T20:03:00+02:00;44868;101;4;25;freeFlow;1
2025-07-02T20:03:00+02:00;44873;50;3;0;unknown;0
2025-07-02T20:03:00+02:00;44874;71;6;100;freeFlow;5
2025-07-02T20:03:00+02:00;44875;47;9;22;freeFlow;1
2025-07-02T20:03:00+02:00;44877;69;6;100;freeFlow;4
2025-07-02T20:03:00+02:00;44878;70;13;0;unknown;0
2025-07-02T20:03:00+02:00;44880;78;19;100;freeFlow;4
2025-07-02T20:03:00+02:00;44882;76;13;100;freeFlow;6
2025-07-02T20:03:00+02:00;44884;108;12;60;freeFlow;1
2025-07-02T20:03:00+02:00;44900;85;18;52;freeFlow;2
2025-07-02T20:03:00+02:00;44902_D;50;33;0;unknown;0
2025-07-02T20:03:00+02:00;44902_G;50;33;0;unknown;0
2025-07-02T20:03:00+02:00;44905;73;9;100;freeFlow;6
2025-07-02T20:03:00+02:00;44920;77;3;100;freeFlow;14
2025-07-02T20:03:00+02:00;44942;42;26;75;freeFlow;2
2025-07-02T20:03:00+02:00;44948;82;13;100;freeFlow;7
2025-07-02T20:03:00+02:00;44961;16;20;75;heavy;2
2025-07-02T20:03:00+02:00;44962;30;8;0;unknown;0
2025-07-02T20:03:00+02:00;44963;26;4;60;heavy;1
2025-07-02T20:03:00+02:00;44966;80;12;100;freeFlow;8
2025-07-02T20:03:00+02:00;44974;20;7;75;heavy;2
2025-07-02T20:03:00+02:00;45012_D;27;2;50;heavy;1
2025-07-02T20:03:00+02:00;45012_G;20;3;55;heavy;1
2025-07-02T20:03:00+02:00;45028_D;25;35;52;heavy;1
2025-07-02T20:03:00+02:00;45028_G;31;28;64;heavy;2
2025-07-02T20:03:00+02:00;45029_D;23;14;52;heavy;1
2025-07-02T20:03:00+02:00;45029_G;19;18;52;heavy;1
2025-07-02T20:03:00+02:00;45106_D;27;5;50;heavy;1
2025-07-02T20:03:00+02:00;45106_G;49;3;52;freeFlow;1
2025-07-02T20:03:00+02:00;45136_D;28;28;27;heavy;1
2025-07-02T20:03:00+02:00;45149;45;11;60;freeFlow;1
2025-07-02T20:03:00+02:00;45166;48;1;60;freeFlow;1
2025-07-02T20:03:00+02:00;45169;51;2;60;freeFlow;1
2025-07-02T20:03:00+02:00;45236_G;50;10;0;unknown;0
2025-07-02T20:03:00+02:00;45238;50;12;0;unknown;0
2025-07-02T20:03:00+02:00;45239;53;9;75;freeFlow;2
2025-07-02T20:03:00+02:00;45240;58;9;75;heavy;2
2025-07-02T20:03:00+02:00;45241;75;2;75;freeFlow;2
2025-07-02T20:03:00+02:00;45305;95;3;27;freeFlow;1
2025-07-02T20:03:00+02:00;45306;93;6;27;freeFlow;1
2025-07-02T20:03:00+02:00;45327;89;7;100;freeFlow;3
2025-07-02T20:03:00+02:00;45486_D;38;5;75;freeFlow;2
2025-07-02T20:03:00+02:00;45487_D;37;6;75;freeFlow;2
2025-07-02T20:03:00+02:00;45630;89;13;100;freeFlow;12
2025-07-02T20:03:00+02:00;45645_D;28;20;42;heavy;1
2025-07-02T20:03:00+02:00;45651;36;5;60;freeFlow;1
2025-07-02T20:03:00+02:00;45761_D;21;14;40;heavy;1
2025-07-02T20:03:00+02:00;45865_D;39;9;60;freeFlow;1
2025-07-02T20:03:00+02:00;46053_D;48;8;32;freeFlow;1
2025-07-02T20:03:00+02:00;46056_D;35;3;32;freeFlow;1
2025-07-02T20:03:00+02:00;46061;60;4;60;freeFlow;1
2025-07-02T20:03:00+02:00;46567_D;14;6;58;congested;1
2025-07-02T20:03:00+02:00;46642;50;5;0;unknown;0
2025-07-02T20:03:00+02:00;46771;97;9;100;freeFlow;3
2025-07-02T20:03:00+02:00;46821_D;7;110;75;congested;2
2025-07-02T20:03:00+02:00;46821_G;17;47;45;heavy;1
2025-07-02T20:03:00+02:00;46923_D;38;1;75;freeFlow;2
2025-07-02T20:03:00+02:00;46923_G;41;1;42;freeFlow;1
2025-07-02T20:03:00+02:00;46976;25;8;45;heavy;1
2025-07-02T20:03:00+02:00;47029;9;41;0;unknown;0
2025-07-02T20:03:00+02:00;47061;81;22;100;freeFlow;12
2025-07-02T20:03:00+02:00;47239;73;7;100;freeFlow;10
2025-07-02T20:03:00+02:00;47410;7;188;100;congested;4
2025-07-02T20:03:00+02:00;47411;99;13;100;freeFlow;4
2025-07-02T20:03:00+02:00;47412;107;0;32;freeFlow;1
2025-07-02T20:03:00+02:00;47413;105;4;60;freeFlow;2
2025-07-02T20:03:00+02:00;47414;105;0;45;freeFlow;1
2025-07-02T20:03:00+02:00;47416;5;236;100;congested;3
2025-07-02T20:03:00+02:00;47418;100;15;100;freeFlow;4
2025-07-02T20:03:00+02:00;47420;107;9;32;freeFlow;1
2025-07-02T20:03:00+02:00;47476;105;6;45;freeFlow;1
2025-07-02T20:03:00+02:00;47477;105;2;45;freeFlow;1
2025-07-02T20:03:00+02:00;47479;107;9;32;freeFlow;1
2025-07-02T20:03:00+02:00;47480;10;439;100;congested;10
2025-07-02T20:03:00+02:00;47481;103;45;100;freeFlow;6
2025-07-02T20:03:00+02:00;47537_D;9;34;22;congested;1
2025-07-02T20:03:00+02:00;47537_G;12;26;22;congested;1
2025-07-02T20:03:00+02:00;47742_D;34;7;40;heavy;1
2025-07-02T20:03:00+02:00;48758;40;3;100;freeFlow;3
2025-07-02T20:03:00+02:00;48759;44;1;100;freeFlow;3
2025-07-02T20:03:00+02:00;48920_D;50;5;0;unknown;0
2025-07-02T20:03:00+02:00;48920_G;38;6;60;freeFlow;1
2025-07-02T20:03:00+02:00;489866_D;39;4;100;freeFlow;3
2025-07-02T20:03:00+02:00;489970;105;9;45;freeFlow;1
2025-07-02T20:03:00+02:00;489971;107;1;32;freeFlow;1
2025-07-02T20:03:00+02:00;489972;6;68;75;congested;2
2025-07-02T20:03:00+02:00;490059_D;59;16;25;freeFlow;1
2025-07-02T20:03:00+02:00;490059_G;70;13;0;unknown;0
2025-07-02T20:03:00+02:00;490080_D;65;1;22;freeFlow;1
2025-07-02T20:03:00+02:00;490080_G;50;1;0;unknown;0
2025-07-02T20:03:00+02:00;49026;28;3;60;heavy;1
2025-07-02T20:03:00+02:00;49053;16;34;40;heavy;2
2025-07-02T20:03:00+02:00;490823;106;7;75;freeFlow;2
2025-07-02T20:03:00+02:00;490824;107;3;60;freeFlow;1
2025-07-02T20:03:00+02:00;490825;88;9;100;freeFlow;3
2025-07-02T20:03:00+02:00;490827;80;5;75;freeFlow;2
2025-07-02T20:03:00+02:00;490828_D;32;16;60;freeFlow;1
2025-07-02T20:03:00+02:00;490828_G;35;14;45;freeFlow;1
2025-07-02T20:03:00+02:00;491005_D;23;6;52;heavy;1
2025-07-02T20:03:00+02:00;491005_G;28;5;52;heavy;1
2025-07-02T20:03:00+02:00;491126_D;32;13;60;freeFlow;1
2025-07-02T20:03:00+02:00;491126_G;37;12;49;freeFlow;2
2025-07-02T20:03:00+02:00;491135;51;3;100;freeFlow;3
2025-07-02T20:03:00+02:00;491141;37;2;75;freeFlow;2
2025-07-02T20:03:00+02:00;491300_D;48;13;12;freeFlow;1
2025-07-02T20:03:00+02:00;491300_G;35;19;55;heavy;1
2025-07-02T20:03:00+02:00;491308;19;3;60;heavy;1
2025-07-02T20:03:00+02:00;491320_D;38;7;60;freeFlow;1
2025-07-02T20:03:00+02:00;491320_G;41;7;59;freeFlow;1
2025-07-02T20:03:00+02:00;491326_D;29;18;60;heavy;1
2025-07-02T20:03:00+02:00;491326_G;38;14;57;freeFlow;1
2025-07-02T20:03:00+02:00;491329_D;18;12;10;heavy;1
2025-07-02T20:03:00+02:00;491329_G;35;6;57;heavy;1
2025-07-02T20:03:00+02:00;491490;14;16;100;congested;3
2025-07-02T20:03:00+02:00;491714_D;35;7;75;freeFlow;2
2025-07-02T20:03:00+02:00;491714_G;41;6;42;freeFlow;1
2025-07-02T20:03:00+02:00;491735_D;34;3;75;freeFlow;2
2025-07-02T20:03:00+02:00;491735_G;36;4;42;freeFlow;1
2025-07-02T20:03:00+02:00;491794_D;50;3;0;unknown;0
2025-07-02T20:03:00+02:00;491794_G;54;3;55;freeFlow;1
2025-07-02T20:03:00+02:00;491872;43;15;75;freeFlow;2
2025-07-02T20:03:00+02:00;491877;37;3;75;freeFlow;2
2025-07-02T20:03:00+02:00;491881;37;1;75;freeFlow;2
2025-07-02T20:03:00+02:00;491884;40;2;75;freeFlow;2
2025-07-02T20:03:00+02:00;491888;54;17;75;heavy;2
2025-07-02T20:03:00+02:00;491890;40;1;60;freeFlow;1
2025-07-02T20:03:00+02:00;491917;46;2;42;heavy;1
2025-07-02T20:03:00+02:00;49225_D;4;73;15;congested;1
2025-07-02T20:03:00+02:00;49225_G;50;6;0;unknown;0
2025-07-02T20:03:00+02:00;492315_D;33;44;74;heavy;2
2025-07-02T20:03:00+02:00;492315_G;50;29;0;unknown;0
2025-07-02T20:03:00+02:00;492351_D;17;7;100;heavy;3
2025-07-02T20:03:00+02:00;492359_G;15;17;42;congested;1
2025-07-02T20:03:00+02:00;492437;18;11;75;heavy;2
2025-07-02T20:03:00+02:00;492442;40;1;60;freeFlow;1
2025-07-02T20:03:00+02:00;492445_D;27;23;60;heavy;1
2025-07-02T20:03:00+02:00;492478;26;6;75;heavy;2
2025-07-02T20:03:00+02:00;492492;35;9;75;heavy;2
2025-07-02T20:03:00+02:00;49315_D;50;4;0;unknown;0
2025-07-02T20:03:00+02:00;49315_G;32;6;60;heavy;1
2025-07-02T20:03:00+02:00;49943_D;35;20;60;heavy;1
2025-07-02T20:03:00+02:00;49943_G;0;10741;60;congested;1
2025-07-02T20:03:00+02:00;49947;8;24;60;congested;1
2025-07-02T20:03:00+02:00;49958_D;25;11;57;heavy;1
2025-07-02T20:03:00+02:00;49958_G;36;8;22;freeFlow;1
2025-07-02T20:03:00+02:00;50308_D;34;8;100;heavy;3
2025-07-02T20:03:00+02:00;50441;50;5;0;unknown;0
2025-07-02T20:03:00+02:00;50525;31;7;60;heavy;1
2025-07-02T20:03:00+02:00;50571;31;3;40;heavy;1
2025-07-02T20:03:00+02:00;50625;31;7;40;heavy;1
2025-07-02T20:03:00+02:00;5064_D;80;7;60;freeFlow;1
2025-07-02T20:03:00+02:00;5064_G;75;7;60;freeFlow;1
2025-07-02T20:03:00+02:00;51419;32;24;12;heavy;1
2025-07-02T20:03:00+02:00;51474_D;50;1;0;unknown;0
2025-07-02T20:03:00+02:00;51474_G;50;1;0;unknown;0
2025-07-02T20:03:00+02:00;51798;50;2;0;unknown;0
2025-07-02T20:03:00+02:00;52107_D;42;11;75;freeFlow;2
2025-07-02T20:03:00+02:00;52107_G;38;13;42;freeFlow;1
2025-07-02T20:03:00+02:00;52129;50;6;0;unknown;0
2025-07-02T20:03:00+02:00;52835_D;15;10;60;heavy;1
2025-07-02T20:03:00+02:00;53020_D;14;7;42;congested;1
2025-07-02T20:03:00+02:00;53327_D;56;6;75;freeFlow;2
2025-07-02T20:03:00+02:00;53327_G;18;20;60;heavy;1
2025-07-02T20:03:00+02:00;53411_G;36;10;45;freeFlow;1
2025-07-02T20:03:00+02:00;53428;81;58;100;freeFlow;5
2025-07-02T20:03:00+02:00;53539_D;27;8;48;heavy;1
2025-07-02T20:03:00+02:00;53566;50;2;0;unknown;0
2025-07-02T20:03:00+02:00;53623;51;2;60;freeFlow;1
2025-07-02T20:03:00+02:00;53624;51;1;73;freeFlow;2
2025-07-02T20:03:00+02:00;53625;37;2;52;freeFlow;1
2025-07-02T20:03:00+02:00;53634_D;30;2;0;unknown;0
2025-07-02T20:03:00+02:00;53634_G;54;1;32;freeFlow;1
2025-07-02T20:03:00+02:00;53641_D;50;9;0;unknown;0
2025-07-02T20:03:00+02:00;53641_G;50;9;0;unknown;0
2025-07-02T20:03:00+02:00;53652;24;31;60;heavy;1
2025-07-02T20:03:00+02:00;53659;21;9;100;heavy;4
2025-07-02T20:03:00+02:00;53702;89;5;100;freeFlow;5
2025-07-02T20:03:00+02:00;53892;54;1;100;freeFlow;3
2025-07-02T20:03:00+02:00;53893;50;12;100;freeFlow;3
2025-07-02T20:03:00+02:00;53895;31;10;100;heavy;5
2025-07-02T20:03:00+02:00;53896;41;10;100;freeFlow;5
2025-07-02T20:03:00+02:00;53898;43;13;100;freeFlow;5
2025-07-02T20:03:00+02:00;53900;21;27;100;heavy;5
2025-07-02T20:03:00+02:00;53901;41;6;100;freeFlow;7
2025-07-02T20:03:00+02:00;53903;46;4;100;freeFlow;7
2025-07-02T20:03:00+02:00;53904;53;3;100;freeFlow;3
2025-07-02T20:03:00+02:00;53905;49;8;100;freeFlow;7
2025-07-02T20:03:00+02:00;53908;47;2;100;freeFlow;5
2025-07-02T20:03:00+02:00;53910;44;7;100;freeFlow;5
2025-07-02T20:03:00+02:00;53912;64;5;75;freeFlow;2
2025-07-02T20:03:00+02:00;53915;59;9;100;freeFlow;3
2025-07-02T20:03:00+02:00;53918;70;7;100;freeFlow;3
2025-07-02T20:03:00+02:00;53919;71;2;75;freeFlow;2
2025-07-02T20:03:00+02:00;53921;73;7;75;freeFlow;2
2025-07-02T20:03:00+02:00;53922;77;2;60;freeFlow;1
2025-07-02T20:03:00+02:00;53923;53;10;100;freeFlow;3
2025-07-02T20:03:00+02:00;53925_D;70;4;0;unknown;0
2025-07-02T20:03:00+02:00;53925_G;70;4;0;unknown;0
2025-07-02T20:03:00+02:00;53936;86;10;72;freeFlow;4
2025-07-02T20:03:00+02:00;53938;43;8;100;freeFlow;3
2025-07-02T20:03:00+02:00;53939;76;19;100;freeFlow;6
2025-07-02T20:03:00+02:00;53941;88;6;100;freeFlow;8
2025-07-02T20:03:00+02:00;53942;74;3;100;freeFlow;8
2025-07-02T20:03:00+02:00;53944;38;1;60;freeFlow;1
2025-07-02T20:03:00+02:00;53945;42;11;60;heavy;1
2025-07-02T20:03:00+02:00;53946;39;1;60;freeFlow;1
2025-07-02T20:03:00+02:00;53947;54;1;75;freeFlow;2
2025-07-02T20:03:00+02:00;53948;54;5;75;heavy;2
2025-07-02T20:03:00+02:00;53949;39;5;75;heavy;2
2025-07-02T20:03:00+02:00;53950;97;39;100;freeFlow;6
2025-07-02T20:03:00+02:00;53952_D;25;5;52;heavy;1
2025-07-02T20:03:00+02:00;53952_G;104;1;60;freeFlow;1
2025-07-02T20:03:00+02:00;53959;102;35;75;freeFlow;2
2025-07-02T20:03:00+02:00;53961;101;56;92;freeFlow;3
2025-07-02T20:03:00+02:00;53987;28;3;60;heavy;1
2025-07-02T20:03:00+02:00;53990;51;6;60;freeFlow;1
2025-07-02T20:03:00+02:00;54067;6;172;75;congested;2
2025-07-02T20:03:00+02:00;54134;46;17;75;freeFlow;2
2025-07-02T20:03:00+02:00;54138;42;25;75;freeFlow;2
2025-07-02T20:03:00+02:00;54140;35;56;100;freeFlow;3
2025-07-02T20:03:00+02:00;54144;59;3;60;freeFlow;1
2025-07-02T20:03:00+02:00;54150;45;20;75;freeFlow;2
2025-07-02T20:03:00+02:00;54153;35;25;73;freeFlow;2
2025-07-02T20:03:00+02:00;54154;14;76;58;congested;1
2025-07-02T20:03:00+02:00;54155;40;27;75;freeFlow;2
2025-07-02T20:03:00+02:00;54161;17;12;60;heavy;1
2025-07-02T20:03:00+02:00;54187_D;30;11;0;unknown;0
2025-07-02T20:03:00+02:00;54187_G;44;8;52;freeFlow;1
2025-07-02T20:03:00+02:00;54189_D;30;13;0;unknown;0
2025-07-02T20:03:00+02:00;54189_G;40;10;55;freeFlow;1
2025-07-02T20:03:00+02:00;54191_D;30;10;0;unknown;0
2025-07-02T20:03:00+02:00;54191_G;35;8;55;freeFlow;1
2025-07-02T20:03:00+02:00;54197;37;20;55;freeFlow;1
2025-07-02T20:03:00+02:00;54198;23;9;57;heavy;1
2025-07-02T20:03:00+02:00;54206;32;18;100;heavy;3
2025-07-02T20:03:00+02:00;54208;44;1;100;freeFlow;3
2025-07-02T20:03:00+02:00;54212;36;45;35;freeFlow;1
2025-07-02T20:03:00+02:00;54223_D;30;2;0;unknown;0
2025-07-02T20:03:00+02:00;54223_G;32;2;100;freeFlow;3
2025-07-02T20:03:00+02:00;54227;98;10;100;freeFlow;4
2025-07-02T20:03:00+02:00;54234;106;0;55;freeFlow;1
2025-07-02T20:03:00+02:00;54239;74;1;55;freeFlow;1
2025-07-02T20:03:00+02:00;54240;40;8;60;freeFlow;1
2025-07-02T20:03:00+02:00;54241;51;1;60;freeFlow;1
2025-07-02T20:03:00+02:00;54243;51;11;60;freeFlow;1
2025-07-02T20:03:00+02:00;54297;15;54;96;heavy;3
2025-07-02T20:03:00+02:00;54339;10;92;53;congested;2
2025-07-02T20:03:00+02:00;54340;29;11;63;heavy;3
2025-07-02T20:03:00+02:00;54358_D;47;15;10;freeFlow;1
2025-07-02T20:03:00+02:00;54358_G;41;17;60;freeFlow;1
2025-07-02T20:03:00+02:00;54363;20;22;27;heavy;1
2025-07-02T20:03:00+02:00;54365;20;14;27;heavy;1
2025-07-02T20:03:00+02:00;54367;46;9;27;freeFlow;1
2025-07-02T20:03:00+02:00;54368;29;4;60;heavy;1
2025-07-02T20:03:00+02:00;54369;34;35;100;heavy;9
2025-07-02T20:03:00+02:00;54372;37;1;27;freeFlow;1
2025-07-02T20:03:00+02:00;54375;45;15;100;freeFlow;5
2025-07-02T20:03:00+02:00;54376;13;15;75;congested;2
2025-07-02T20:03:00+02:00;54378;10;33;100;congested;3
2025-07-02T20:03:00+02:00;54381;28;10;100;heavy;6
2025-07-02T20:03:00+02:00;54382;37;6;98;freeFlow;3
2025-07-02T20:03:00+02:00;54383;50;17;100;freeFlow;5
2025-07-02T20:03:00+02:00;54384;32;8;75;heavy;2
2025-07-02T20:03:00+02:00;54385;11;24;75;congested;2
2025-07-02T20:03:00+02:00;54386;66;1;35;freeFlow;1
2025-07-02T20:03:00+02:00;54400;51;10;60;freeFlow;1
2025-07-02T20:03:00+02:00;54401;51;2;60;freeFlow;1
2025-07-02T20:03:00+02:00;54406;25;102;75;heavy;2
2025-07-02T20:03:00+02:00;54428_D;50;12;0;unknown;0
2025-07-02T20:03:00+02:00;54428_G;46;13;60;freeFlow;1
2025-07-02T20:03:00+02:00;54429_D;4;165;60;congested;1
2025-07-02T20:03:00+02:00;54429_G;44;15;57;freeFlow;1
2025-07-02T20:03:00+02:00;54438_D;50;1;0;unknown;0
2025-07-02T20:03:00+02:00;54438_G;50;1;0;unknown;0
2025-07-02T20:03:00+02:00;54440_D;50;6;0;unknown;0
2025-07-02T20:03:00+02:00;54440_G;39;7;55;freeFlow;1
2025-07-02T20:03:00+02:00;54444_D;50;1;0;unknown;0
2025-07-02T20:03:00+02:00;54444_G;39;1;55;freeFlow;1
2025-07-02T20:03:00+02:00;54447_D;50;11;0;unknown;0
2025-07-02T20:03:00+02:00;54447_G;42;13;55;freeFlow;1
2025-07-02T20:03:00+02:00;54448_D;50;3;0;unknown;0
2025-07-02T20:03:00+02:00;54448_G;45;4;55;freeFlow;1
2025-07-02T20:03:00+02:00;54449_D;50;10;0;unknown;0
2025-07-02T20:03:00+02:00;54449_G;48;10;55;freeFlow;1
2025-07-02T20:03:00+02:00;54453_D;50;3;0;unknown;0
2025-07-02T20:03:00+02:00;54453_G;54;3;55;freeFlow;1
2025-07-02T20:03:00+02:00;54455;54;1;55;freeFlow;1
2025-07-02T20:03:00+02:00;54457;55;7;55;freeFlow;1
2025-07-02T20:03:00+02:00;54460;57;5;55;freeFlow;1
2025-07-02T20:03:00+02:00;54463_D;50;6;0;unknown;0
2025-07-02T20:03:00+02:00;54463_G;42;8;55;freeFlow;1
2025-07-02T20:03:00+02:00;54466_D;50;15;0;unknown;0
2025-07-02T20:03:00+02:00;54466_G;28;29;52;heavy;1
2025-07-02T20:03:00+02:00;54469;27;5;57;heavy;1
2025-07-02T20:03:00+02:00;54471;57;8;57;freeFlow;2
2025-07-02T20:03:00+02:00;54472;41;10;100;freeFlow;3
2025-07-02T20:03:00+02:00;54473;44;1;100;freeFlow;3
2025-07-02T20:03:00+02:00;54483;34;45;75;heavy;2
2025-07-02T20:03:00+02:00;54489;50;1;0;unknown;0
2025-07-02T20:03:00+02:00;54490;50;4;0;unknown;0
2025-07-02T20:03:00+02:00;54492;50;3;0;unknown;0
2025-07-02T20:03:00+02:00;54505;28;27;97;heavy;3
2025-07-02T20:03:00+02:00;54509;35;8;60;heavy;1
2025-07-02T20:03:00+02:00;54518;50;3;0;unknown;0
2025-07-02T20:03:00+02:00;54522;50;2;0;unknown;0
2025-07-02T20:03:00+02:00;54523;21;5;60;heavy;1
2025-07-02T20:03:00+02:00;54524;21;2;60;heavy;1
2025-07-02T20:03:00+02:00;54580_D;37;15;55;freeFlow;1
2025-07-02T20:03:00+02:00;54877;17;43;75;heavy;2
2025-07-02T20:03:00+02:00;54879;34;22;57;heavy;2
2025-07-02T20:03:00+02:00;54880_D;35;28;60;heavy;1
2025-07-02T20:03:00+02:00;54880_G;28;35;88;heavy;3
2025-07-02T20:03:00+02:00;54882;25;3;100;freeFlow;3
2025-07-02T20:03:00+02:00;54883;20;3;100;heavy;3
2025-07-02T20:03:00+02:00;54884;27;2;60;freeFlow;1
2025-07-02T20:03:00+02:00;54885;27;1;60;freeFlow;1
2025-07-02T20:03:00+02:00;54886;20;4;60;heavy;1
2025-07-02T20:03:00+02:00;54887;28;2;60;freeFlow;1
2025-07-02T20:03:00+02:00;54888;28;1;60;freeFlow;1
2025-07-02T20:03:00+02:00;54889;28;2;60;freeFlow;1
2025-07-02T20:03:00+02:00;54988;45;3;98;heavy;3
2025-07-02T20:03:00+02:00;54989;66;26;65;freeFlow;2
2025-07-02T20:03:00+02:00;54990;46;2;100;heavy;4
2025-07-02T20:03:00+02:00;54991;61;28;100;freeFlow;3
2025-07-02T20:03:00+02:00;55467_D;20;34;52;heavy;1
2025-07-02T20:03:00+02:00;55467_G;58;10;60;freeFlow;1
2025-07-02T20:03:00+02:00;55570_D;50;3;0;unknown;0
2025-07-02T20:03:00+02:00;55570_G;60;3;50;freeFlow;1
2025-07-02T20:03:00+02:00;55589_D;30;8;0;unknown;0
2025-07-02T20:03:00+02:00;55589_G;34;7;55;freeFlow;1
2025-07-02T20:03:00+02:00;55591;50;1;0;unknown;0
2025-07-02T20:03:00+02:00;55592;32;2;12;heavy;1
2025-07-02T20:03:00+02:00;55593;32;2;12;heavy;1
2025-07-02T20:03:00+02:00;55595;34;1;55;heavy;1
2025-07-02T20:03:00+02:00;55596;34;1;55;heavy;1
2025-07-02T20:03:00+02:00;55597;34;1;55;heavy;1
2025-07-02T20:03:00+02:00;55702;50;6;0;unknown;0
2025-07-02T20:03:00+02:00;55704;60;14;60;freeFlow;1
2025-07-02T20:03:00+02:00;5576_D;11;29;0;unknown;0
2025-07-02T20:03:00+02:00;5576_G;69;5;60;freeFlow;1
2025-07-02T20:03:00+02:00;55881;48;1;38;freeFlow;1
2025-07-02T20:03:00+02:00;55900;48;2;38;freeFlow;1
2025-07-02T20:03:00+02:00;55929_D;25;17;68;heavy;2
2025-07-02T20:03:00+02:00;55929_G;104;4;60;freeFlow;1
2025-07-02T20:03:00+02:00;55976;37;4;100;freeFlow;3
2025-07-02T20:03:00+02:00;56024;12;79;60;congested;1
2025-07-02T20:03:00+02:00;56131;18;7;50;heavy;1
2025-07-02T20:03:00+02:00;56257;30;7;0;unknown;0
2025-07-02T20:03:00+02:00;563566;50;3;0;unknown;0
2025-07-02T20:03:00+02:00;563571;50;6;0;unknown;0
2025-07-02T20:03:00+02:00;563844_D;47;19;100;heavy;3
2025-07-02T20:03:00+02:00;563844_G;64;14;75;freeFlow;2
2025-07-02T20:03:00+02:00;563846;46;7;27;freeFlow;1
2025-07-02T20:03:00+02:00;563903_D;50;34;0;unknown;0
2025-07-02T20:03:00+02:00;563903_G;47;36;35;freeFlow;1
2025-07-02T20:03:00+02:00;564067_D;42;30;73;heavy;2
2025-07-02T20:03:00+02:00;564067_G;70;19;75;freeFlow;2
2025-07-02T20:03:00+02:00;564195_D;96;5;60;freeFlow;1
2025-07-02T20:03:00+02:00;564195_G;23;20;45;heavy;1
2025-07-02T20:03:00+02:00;56441;29;8;60;heavy;1
2025-07-02T20:03:00+02:00;5651;42;1;35;freeFlow;1
2025-07-02T20:03:00+02:00;5652;59;1;32;freeFlow;1
2025-07-02T20:03:00+02:00;565232;26;4;27;freeFlow;1
2025-07-02T20:03:00+02:00;5653;35;1;55;heavy;1
2025-07-02T20:03:00+02:00;565374;50;41;100;freeFlow;4
2025-07-02T20:03:00+02:00;565376;71;29;63;freeFlow;2
2025-07-02T20:03:00+02:00;565393;90;53;100;freeFlow;3
2025-07-02T20:03:00+02:00;5654;41;1;60;freeFlow;1
2025-07-02T20:03:00+02:00;565682_D;54;17;52;freeFlow;1
2025-07-02T20:03:00+02:00;565682_G;75;13;60;freeFlow;1
2025-07-02T20:03:00+02:00;565731_D;32;3;60;freeFlow;1
2025-07-02T20:03:00+02:00;565731_G;50;1;42;freeFlow;1
2025-07-02T20:03:00+02:00;565732;93;1;75;freeFlow;2
2025-07-02T20:03:00+02:00;56584;36;7;100;freeFlow;3
2025-07-02T20:03:00+02:00;565854;104;10;60;freeFlow;1
2025-07-02T20:03:00+02:00;566176_D;40;28;68;heavy;2
2025-07-02T20:03:00+02:00;566176_G;80;14;0;unknown;0
2025-07-02T20:03:00+02:00;56619_D;33;12;60;heavy;1
2025-07-02T20:03:00+02:00;56619_G;44;9;35;freeFlow;1
2025-07-02T20:03:00+02:00;566287_D;30;16;0;unknown;0
2025-07-02T20:03:00+02:00;566287_G;30;16;0;unknown;0
2025-07-02T20:03:00+02:00;566302_D;50;1;0;unknown;0
2025-07-02T20:03:00+02:00;566302_G;107;0;38;freeFlow;1
2025-07-02T20:03:00+02:00;566303_D;55;13;15;freeFlow;1
2025-07-02T20:03:00+02:00;566303_G;42;17;0;unknown;0
2025-07-02T20:03:00+02:00;5663_D;50;52;75;heavy;2
2025-07-02T20:03:00+02:00;5663_G;67;39;38;freeFlow;1
2025-07-02T20:03:00+02:00;566407_D;30;3;0;unknown;0
2025-07-02T20:03:00+02:00;566407_G;40;2;52;freeFlow;1
2025-07-02T20:03:00+02:00;566417_D;30;5;0;unknown;0
2025-07-02T20:03:00+02:00;566417_G;40;4;52;freeFlow;1
2025-07-02T20:03:00+02:00;566419;32;1;12;heavy;1
2025-07-02T20:03:00+02:00;566481;37;2;60;freeFlow;1
2025-07-02T20:03:00+02:00;566482;84;0;20;freeFlow;1
2025-07-02T20:03:00+02:00;566483;87;131;79;freeFlow;3
2025-07-02T20:03:00+02:00;566484;84;0;20;freeFlow;1
2025-07-02T20:03:00+02:00;5664_D;78;2;38;freeFlow;1
2025-07-02T20:03:00+02:00;5664_G;86;2;60;freeFlow;1
2025-07-02T20:03:00+02:00;566573_D;36;3;60;freeFlow;1
2025-07-02T20:03:00+02:00;566573_G;46;3;32;freeFlow;1
2025-07-02T20:03:00+02:00;566599_D;46;1;60;freeFlow;1
2025-07-02T20:03:00+02:00;566599_G;50;0;75;freeFlow;2
2025-07-02T20:03:00+02:00;566706_D;50;3;0;unknown;0
2025-07-02T20:03:00+02:00;566706_G;25;7;75;heavy;2
2025-07-02T20:03:00+02:00;56676_G;36;6;60;freeFlow;1
2025-07-02T20:03:00+02:00;566850;24;6;25;heavy;1
2025-07-02T20:03:00+02:00;566924_D;50;6;0;unknown;0
2025-07-02T20:03:00+02:00;566924_G;8;37;52;congested;1
2025-07-02T20:03:00+02:00;566942;41;1;60;freeFlow;1
2025-07-02T20:03:00+02:00;56872;79;27;100;freeFlow;13
2025-07-02T20:03:00+02:00;56874;87;6;100;freeFlow;9
2025-07-02T20:03:00+02:00;56886;44;58;60;freeFlow;1
2025-07-02T20:03:00+02:00;56914;32;5;75;heavy;2
2025-07-02T20:03:00+02:00;56926;102;3;100;freeFlow;6
2025-07-02T20:03:00+02:00;57009;89;4;100;freeFlow;10
2025-07-02T20:03:00+02:00;57011;75;8;100;freeFlow;9
2025-07-02T20:03:00+02:00;57012;57;7;100;freeFlow;5
2025-07-02T20:03:00+02:00;57082_D;30;9;0;unknown;0
2025-07-02T20:03:00+02:00;57360_D;37;4;60;freeFlow;1
2025-07-02T20:03:00+02:00;57360_G;30;6;0;unknown;0
2025-07-02T20:03:00+02:00;57362_D;38;3;60;freeFlow;1
2025-07-02T20:03:00+02:00;57362_G;30;3;0;unknown;0
2025-07-02T20:03:00+02:00;57368_D;29;7;60;freeFlow;1
2025-07-02T20:03:00+02:00;57368_G;30;7;0;unknown;0
2025-07-02T20:03:00+02:00;57378_D;50;3;0;unknown;0
2025-07-02T20:03:00+02:00;57378_G;34;4;55;heavy;1
2025-07-02T20:03:00+02:00;62549;24;2;60;heavy;1
2025-07-02T20:03:00+02:00;62550;24;3;60;heavy;1
2025-07-02T20:03:00+02:00;62617_D;50;9;0;unknown;0
2025-07-02T20:03:00+02:00;62617_G;34;13;55;heavy;1
2025-07-02T20:03:00+02:00;62948_D;6;26;12;congested;1
2025-07-02T20:03:00+02:00;62948_G;35;5;57;freeFlow;1
2025-07-02T20:03:00+02:00;63039;64;2;75;freeFlow;2
2025-07-02T20:03:00+02:00;63203_D;30;26;0;unknown;0
2025-07-02T20:03:00+02:00;63203_G;38;21;20;freeFlow;1
2025-07-02T20:03:00+02:00;63308;28;3;60;heavy;1
2025-07-02T20:03:00+02:00;63895_D;30;5;15;freeFlow;1
2025-07-02T20:03:00+02:00;63895_G;30;5;0;unknown;0
2025-07-02T20:03:00+02:00;63903;6;23;100;congested;3
2025-07-02T20:03:00+02:00;63917;79;1;60;freeFlow;1
2025-07-02T20:03:00+02:00;63954_D;17;11;73;heavy;2
2025-07-02T20:03:00+02:00;63954_G;35;4;75;freeFlow;2
2025-07-02T20:03:00+02:00;63961_D;30;2;0;unknown;0
2025-07-02T20:03:00+02:00;63961_G;37;1;75;freeFlow;2
2025-07-02T20:03:00+02:00;63963_D;39;12;58;freeFlow;1
2025-07-02T20:03:00+02:00;63963_G;35;13;45;freeFlow;1
2025-07-02T20:03:00+02:00;63974;47;8;75;heavy;2
2025-07-02T20:03:00+02:00;64028;50;2;0;unknown;0
2025-07-02T20:03:00+02:00;64029;16;8;89;congested;3
2025-07-02T20:03:00+02:00;64033;36;4;60;freeFlow;1
2025-07-02T20:03:00+02:00;64034;25;4;52;heavy;1
2025-07-02T20:03:00+02:00;64035;25;5;52;heavy;1
2025-07-02T20:03:00+02:00;64104_D;50;2;0;unknown;0
2025-07-02T20:03:00+02:00;64104_G;50;2;0;unknown;0
2025-07-02T20:03:00+02:00;6421;103;23;100;freeFlow;5
2025-07-02T20:03:00+02:00;6422;105;6;100;freeFlow;4
2025-07-02T20:03:00+02:00;6423;101;14;52;freeFlow;1
2025-07-02T20:03:00+02:00;6424;89;33;41;freeFlow;2
2025-07-02T20:03:00+02:00;64792_D;48;14;15;freeFlow;1
2025-07-02T20:03:00+02:00;64792_G;50;13;0;unknown;0
2025-07-02T20:03:00+02:00;64862_D;9;56;49;congested;1
2025-07-02T20:03:00+02:00;64862_G;39;13;60;freeFlow;1
2025-07-02T20:03:00+02:00;65281;50;2;0;unknown;0
2025-07-02T20:03:00+02:00;65283;50;2;0;unknown;0
2025-07-02T20:03:00+02:00;65293;50;4;0;unknown;0
2025-07-02T20:03:00+02:00;65961_D;51;26;15;freeFlow;1
2025-07-02T20:03:00+02:00;65961_G;50;27;0;unknown;0
2025-07-02T20:03:00+02:00;65966_D;38;1;15;freeFlow;1
2025-07-02T20:03:00+02:00;65966_G;50;1;0;unknown;0
2025-07-02T20:03:00+02:00;66020;62;0;75;freeFlow;2
2025-07-02T20:03:00+02:00;6615_D;56;10;55;heavy;2
2025-07-02T20:03:00+02:00;6615_G;46;12;60;heavy;1
2025-07-02T20:03:00+02:00;6616;37;2;60;heavy;1
2025-07-02T20:03:00+02:00;6619;18;7;60;congested;1
2025-07-02T20:03:00+02:00;6620;35;7;75;heavy;2
2025-07-02T20:03:00+02:00;6621;37;3;60;heavy;1
2025-07-02T20:03:00+02:00;6622;38;2;59;heavy;2
2025-07-02T20:03:00+02:00;6623;38;1;38;heavy;1
2025-07-02T20:03:00+02:00;6628_D;62;14;17;freeFlow;1
2025-07-02T20:03:00+02:00;6628_G;50;17;0;unknown;0
2025-07-02T20:03:00+02:00;6629_D;35;28;15;freeFlow;1
2025-07-02T20:03:00+02:00;6629_G;50;19;0;unknown;0
2025-07-02T20:03:00+02:00;6643;36;18;60;heavy;1
2025-07-02T20:03:00+02:00;6644;25;27;69;heavy;2
2025-07-02T20:03:00+02:00;6645;30;3;75;heavy;2
2025-07-02T20:03:00+02:00;6646;22;3;75;heavy;2
2025-07-02T20:03:00+02:00;6647;12;2;60;congested;1
2025-07-02T20:03:00+02:00;6648;32;3;60;heavy;1
2025-07-02T20:03:00+02:00;6649;31;3;60;heavy;1
2025-07-02T20:03:00+02:00;6650;26;6;74;heavy;2
2025-07-02T20:03:00+02:00;6651;27;6;74;heavy;2
2025-07-02T20:03:00+02:00;6669_D;62;80;40;freeFlow;2
2025-07-02T20:03:00+02:00;6669_G;52;96;65;heavy;2
2025-07-02T20:03:00+02:00;67069;28;6;62;heavy;2
2025-07-02T20:03:00+02:00;67223_D;9;7;50;congested;1
2025-07-02T20:03:00+02:00;67223_G;20;3;75;heavy;2
2025-07-02T20:03:00+02:00;67229_D;23;18;100;freeFlow;4
2025-07-02T20:03:00+02:00;67229_G;44;9;60;freeFlow;1
2025-07-02T20:03:00+02:00;6723;103;8;100;freeFlow;4
2025-07-02T20:03:00+02:00;67324_D;84;12;30;freeFlow;1
2025-07-02T20:03:00+02:00;67324_G;61;16;75;freeFlow;2
2025-07-02T20:03:00+02:00;67330;28;2;60;freeFlow;1
2025-07-02T20:03:00+02:00;67332;32;2;75;freeFlow;2
2025-07-02T20:03:00+02:00;67334;28;1;60;freeFlow;1
2025-07-02T20:03:00+02:00;67340;30;2;0;unknown;0
2025-07-02T20:03:00+02:00;67341;30;10;0;unknown;0
2025-07-02T20:03:00+02:00;67344;31;6;75;freeFlow;2
2025-07-02T20:03:00+02:00;67352_D;30;13;0;unknown;0
2025-07-02T20:03:00+02:00;67352_G;31;12;75;freeFlow;2
2025-07-02T20:03:00+02:00;67380_D;39;21;60;freeFlow;1
2025-07-02T20:03:00+02:00;67380_G;44;19;75;freeFlow;2
2025-07-02T20:03:00+02:00;67385;35;3;75;freeFlow;2
2025-07-02T20:03:00+02:00;67389_D;35;2;70;freeFlow;2
2025-07-02T20:03:00+02:00;67389_G;50;1;0;unknown;0
2025-07-02T20:03:00+02:00;67390;22;5;60;heavy;1
2025-07-02T20:03:00+02:00;67391;28;6;60;heavy;1
2025-07-02T20:03:00+02:00;67392;28;6;60;heavy;1
2025-07-02T20:03:00+02:00;67511_D;30;4;0;unknown;0
2025-07-02T20:03:00+02:00;67511_G;38;3;20;freeFlow;1
2025-07-02T20:03:00+02:00;67514_D;30;6;0;unknown;0
2025-07-02T20:03:00+02:00;67514_G;38;5;20;freeFlow;1
2025-07-02T20:03:00+02:00;67611;37;5;30;freeFlow;1
2025-07-02T20:03:00+02:00;67816;32;1;60;freeFlow;1
2025-07-02T20:03:00+02:00;67819_D;32;1;60;freeFlow;1
2025-07-02T20:03:00+02:00;67819_G;35;1;45;freeFlow;1
2025-07-02T20:03:00+02:00;67820;32;1;60;freeFlow;1
2025-07-02T20:03:00+02:00;67821;35;2;45;freeFlow;1
2025-07-02T20:03:00+02:00;67823;30;8;0;unknown;0
2025-07-02T20:03:00+02:00;67824;36;13;40;freeFlow;1
2025-07-02T20:03:00+02:00;67829;23;23;86;heavy;3
2025-07-02T20:03:00+02:00;67892_D;31;8;60;heavy;1
2025-07-02T20:03:00+02:00;67892_G;40;6;75;freeFlow;2
2025-07-02T20:03:00+02:00;68069;50;8;0;unknown;0
2025-07-02T20:03:00+02:00;68070;50;1;0;unknown;0
2025-07-02T20:03:00+02:00;68815;29;4;73;heavy;2
2025-07-02T20:03:00+02:00;69060;30;3;0;unknown;0
2025-07-02T20:03:00+02:00;69061;60;2;50;freeFlow;1
2025-07-02T20:03:00+02:00;69062;30;2;0;unknown;0
2025-07-02T20:03:00+02:00;69063;60;0;50;freeFlow;1
2025-07-02T20:03:00+02:00;69064_D;30;1;0;unknown;0
2025-07-02T20:03:00+02:00;69064_G;60;1;50;freeFlow;1
2025-07-02T20:03:00+02:00;69270_D;19;6;30;heavy;1
2025-07-02T20:03:00+02:00;69270_G;50;1;0;unknown;0
2025-07-02T20:03:00+02:00;69277;60;1;50;freeFlow;1
2025-07-02T20:03:00+02:00;69464;60;1;50;freeFlow;1
2025-07-02T20:03:00+02:00;69467;32;1;12;freeFlow;1
2025-07-02T20:03:00+02:00;69493;56;11;100;freeFlow;4
2025-07-02T20:03:00+02:00;69495;56;7;100;freeFlow;3
2025-07-02T20:03:00+02:00;69591;27;10;55;heavy;1
2025-07-02T20:03:00+02:00;69673;42;8;60;freeFlow;1
2025-07-02T20:03:00+02:00;69878;55;15;100;freeFlow;4
2025-07-02T20:03:00+02:00;71197_D;80;14;0;unknown;0
2025-07-02T20:03:00+02:00;71197_G;94;12;60;freeFlow;1
2025-07-02T20:03:00+02:00;71455_D;50;3;0;unknown;0
2025-07-02T20:03:00+02:00;71492_D;51;4;60;freeFlow;1
2025-07-02T20:03:00+02:00;71492_G;21;9;75;heavy;2
2025-07-02T20:03:00+02:00;71493_D;31;10;82;heavy;3
2025-07-02T20:03:00+02:00;71493_G;39;8;40;freeFlow;1
2025-07-02T20:03:00+02:00;71494;50;3;75;freeFlow;2
2025-07-02T20:03:00+02:00;71496;24;10;60;heavy;1
2025-07-02T20:03:00+02:00;71497;17;5;60;heavy;1
2025-07-02T20:03:00+02:00;71504_D;66;1;60;freeFlow;1
2025-07-02T20:03:00+02:00;71504_G;31;1;60;heavy;1
2025-07-02T20:03:00+02:00;71508_D;41;11;75;freeFlow;2
2025-07-02T20:03:00+02:00;71508_G;37;13;60;freeFlow;1
2025-07-02T20:03:00+02:00;71509_D;63;16;85;freeFlow;3
2025-07-02T20:03:00+02:00;71509_G;60;16;40;freeFlow;1
2025-07-02T20:03:00+02:00;71554_D;57;4;12;freeFlow;1
2025-07-02T20:03:00+02:00;71554_G;43;5;55;freeFlow;1
2025-07-02T20:03:00+02:00;71555_D;38;3;60;freeFlow;1
2025-07-02T20:03:00+02:00;71555_G;41;3;60;freeFlow;1
2025-07-02T20:03:00+02:00;71661;52;5;71;heavy;2
2025-07-02T20:03:00+02:00;71668;45;14;75;heavy;2
2025-07-02T20:03:00+02:00;72425;82;15;55;freeFlow;1
2025-07-02T20:03:00+02:00;72487_D;80;31;0;unknown;0
2025-07-02T20:03:00+02:00;72842_D;42;27;60;freeFlow;1
2025-07-02T20:03:00+02:00;72842_G;50;22;0;unknown;0
2025-07-02T20:03:00+02:00;72940_D;57;21;25;freeFlow;1
2025-07-02T20:03:00+02:00;72940_G;19;60;54;heavy;1
2025-07-02T20:03:00+02:00;73636;41;4;60;freeFlow;1
2025-07-02T20:03:00+02:00;74067;74;1;60;freeFlow;1
2025-07-02T20:03:00+02:00;74454;44;1;52;heavy;1
2025-07-02T20:03:00+02:00;74457_D;46;22;73;heavy;2
2025-07-02T20:03:00+02:00;74457_G;75;13;60;freeFlow;1
2025-07-02T20:03:00+02:00;74459;44;1;52;heavy;1
2025-07-02T20:03:00+02:00;74460;75;0;60;freeFlow;1
2025-07-02T20:03:00+02:00;74461;75;0;60;freeFlow;1
2025-07-02T20:03:00+02:00;74688_D;25;36;63;heavy;2
2025-07-02T20:03:00+02:00;74688_G;67;14;48;freeFlow;1
2025-07-02T20:03:00+02:00;74748_D;80;4;0;unknown;0
2025-07-02T20:03:00+02:00;74748_G;73;4;22;freeFlow;1
2025-07-02T20:03:00+02:00;75340;50;1;0;unknown;0
2025-07-02T20:03:00+02:00;75343_D;30;12;0;unknown;0
2025-07-02T20:03:00+02:00;75343_G;51;7;35;freeFlow;1
2025-07-02T20:03:00+02:00;75344;50;1;0;unknown;0
2025-07-02T20:03:00+02:00;75346;54;1;42;freeFlow;1
2025-07-02T20:03:00+02:00;75347_D;50;1;0;unknown;0
2025-07-02T20:03:00+02:00;75347_G;54;1;42;freeFlow;1
2025-07-02T20:03:00+02:00;75348;50;1;0;unknown;0
2025-07-02T20:03:00+02:00;75353;50;1;0;unknown;0
2025-07-02T20:03:00+02:00;75356_D;54;10;42;freeFlow;1
2025-07-02T20:03:00+02:00;75356_G;50;10;0;unknown;0
2025-07-02T20:03:00+02:00;75358;31;2;35;heavy;1
2025-07-02T20:03:00+02:00;75359;54;1;42;freeFlow;1
2025-07-02T20:03:00+02:00;75385;32;2;63;heavy;2
2025-07-02T20:03:00+02:00;75533_D;67;0;60;freeFlow;1
2025-07-02T20:03:00+02:00;75533_G;70;0;0;unknown;0
2025-07-02T20:03:00+02:00;75630;65;24;65;freeFlow;2
2025-07-02T20:03:00+02:00;75810;79;10;60;freeFlow;1
2025-07-02T20:03:00+02:00;75811;83;5;75;freeFlow;2
2025-07-02T20:03:00+02:00;75812;64;7;100;freeFlow;11
2025-07-02T20:03:00+02:00;75813;89;3;100;freeFlow;9
2025-07-02T20:03:00+02:00;75814;83;3;100;freeFlow;10
2025-07-02T20:03:00+02:00;75815;89;15;100;freeFlow;9
2025-07-02T20:03:00+02:00;75816;30;8;75;heavy;2
2025-07-02T20:03:00+02:00;75819_D;53;3;63;freeFlow;2
2025-07-02T20:03:00+02:00;75819_G;60;3;100;freeFlow;3
2025-07-02T20:03:00+02:00;75821;85;3;100;freeFlow;8
2025-07-02T20:03:00+02:00;75823;89;5;100;freeFlow;9
2025-07-02T20:03:00+02:00;75841;57;6;60;freeFlow;1
2025-07-02T20:03:00+02:00;75842;45;9;100;freeFlow;4
2025-07-02T20:03:00+02:00;75855;51;2;60;freeFlow;1
2025-07-02T20:03:00+02:00;75858;82;1;60;freeFlow;1
2025-07-02T20:03:00+02:00;75859;82;2;60;freeFlow;1
2025-07-02T20:03:00+02:00;75860;51;4;60;freeFlow;1
2025-07-02T20:03:00+02:00;75861;51;2;60;freeFlow;1
2025-07-02T20:03:00+02:00;75862;105;2;45;freeFlow;1
2025-07-02T20:03:00+02:00;75863;105;1;45;freeFlow;1
2025-07-02T20:03:00+02:00;75864;107;1;32;freeFlow;1
2025-07-02T20:03:00+02:00;75865;107;1;32;freeFlow;1
2025-07-02T20:03:00+02:00;75866;88;10;75;freeFlow;2
2025-07-02T20:03:00+02:00;75867;91;13;75;freeFlow;2
2025-07-02T20:03:00+02:00;75869;91;57;100;freeFlow;5
2025-07-02T20:03:00+02:00;75873_D;53;11;75;freeFlow;2
2025-07-02T20:03:00+02:00;75873_G;30;16;0;unknown;0
2025-07-02T20:03:00+02:00;75874_D;53;8;75;freeFlow;2
2025-07-02T20:03:00+02:00;75874_G;50;8;0;unknown;0
2025-07-02T20:03:00+02:00;75875;69;4;100;freeFlow;4
2025-07-02T20:03:00+02:00;75876;69;7;100;freeFlow;4
2025-07-02T20:03:00+02:00;75877;50;17;0;unknown;0
2025-07-02T20:03:00+02:00;75878;79;10;60;freeFlow;1
2025-07-02T20:03:00+02:00;75879;58;4;75;heavy;2
2025-07-02T20:03:00+02:00;75880;69;12;72;freeFlow;2
2025-07-02T20:03:00+02:00;75882;98;10;100;freeFlow;6
2025-07-02T20:03:00+02:00;75883;85;5;100;freeFlow;14
2025-07-02T20:03:00+02:00;75884;83;5;100;freeFlow;10
2025-07-02T20:03:00+02:00;75885;83;3;100;freeFlow;15
2025-07-02T20:03:00+02:00;75886;91;7;100;freeFlow;10
2025-07-02T20:03:00+02:00;75911;48;6;75;freeFlow;2
2025-07-02T20:03:00+02:00;75912;51;6;70;freeFlow;2
2025-07-02T20:03:00+02:00;76094;38;15;100;freeFlow;3
2025-07-02T20:03:00+02:00;7864_D;74;48;60;freeFlow;1
2025-07-02T20:03:00+02:00;7864_G;74;48;68;freeFlow;2
2025-07-02T20:03:00+02:00;790_D;69;12;57;freeFlow;1
2025-07-02T20:03:00+02:00;790_G;83;10;60;freeFlow;1
2025-07-02T20:03:00+02:00;791_D;65;13;57;freeFlow;1
2025-07-02T20:03:00+02:00;791_G;65;13;60;freeFlow;1
2025-07-02T20:03:00+02:00;7936;106;7;100;freeFlow;3
2025-07-02T20:03:00+02:00;7937;106;21;100;freeFlow;3
2025-07-02T20:03:00+02:00;7938;105;29;55;freeFlow;1
2025-07-02T20:03:00+02:00;7995_D;68;16;60;freeFlow;1
2025-07-02T20:03:00+02:00;7995_G;77;13;75;freeFlow;2
2025-07-02T20:03:00+02:00;862_D;83;13;60;freeFlow;1
2025-07-02T20:03:00+02:00;862_G;74;15;57;freeFlow;1
2025-07-02T20:03:00+02:00;863_D;83;8;60;freeFlow;1
2025-07-02T20:03:00+02:00;863_G;75;9;59;freeFlow;1
2025-07-02T20:03:00+02:00;8745;39;5;100;freeFlow;3
2025-07-02T20:03:00+02:00;8962;98;22;100;freeFlow;9
2025-07-02T20:03:00+02:00;8963_D;71;6;73;freeFlow;2
2025-07-02T20:03:00+02:00;8963_G;57;7;75;freeFlow;2
2025-07-02T20:03:00+02:00;8966;103;12;100;freeFlow;9
2025-07-02T20:03:00+02:00;8969;83;16;100;freeFlow;4
2025-07-02T20:03:00+02:00;8970;86;18;100;freeFlow;6
2025-07-02T20:03:00+02:00;8971;88;23;100;freeFlow;6
2025-07-02T20:03:00+02:00;8974_D;52;4;60;freeFlow;1
2025-07-02T20:03:00+02:00;8974_G;33;7;74;heavy;2
2025-07-02T20:03:00+02:00;8976_D;52;7;60;freeFlow;1
2025-07-02T20:03:00+02:00;8976_G;52;7;70;freeFlow;2
2025-07-02T20:03:00+02:00;8977_D;52;6;60;freeFlow;1
2025-07-02T20:03:00+02:00;8977_G;70;4;48;freeFlow;1
2025-07-02T20:03:00+02:00;8978;113;12;100;freeFlow;7
2025-07-02T20:03:00+02:00;9040;66;13;60;freeFlow;1
2025-07-02T20:03:00+02:00;9041;74;2;60;freeFlow;1
2025-07-02T20:03:00+02:00;9042;43;2;52;freeFlow;1
2025-07-02T20:03:00+02:00;9043;40;4;43;freeFlow;2
2025-07-02T20:03:00+02:00;9044;18;8;75;heavy;2
2025-07-02T20:03:00+02:00;9045;24;5;60;heavy;1
2025-07-02T20:03:00+02:00;9046;43;2;52;freeFlow;1
2025-07-02T20:03:00+02:00;9047;43;2;52;freeFlow;1
2025-07-02T20:03:00+02:00;9048;74;7;60;freeFlow;1
2025-07-02T20:03:00+02:00;9049;69;2;75;freeFlow;2
2025-07-02T20:03:00+02:00;9050;62;1;75;freeFlow;2
2025-07-02T20:03:00+02:00;9051;26;5;60;heavy;1
2025-07-02T20:03:00+02:00;9052;50;2;0;unknown;0
2025-07-02T20:03:00+02:00;9053;26;4;60;heavy;1
2025-07-02T20:03:00+02:00;9054;74;8;60;freeFlow;1
2025-07-02T20:03:00+02:00;9055;16;38;60;heavy;1
2025-07-02T20:03:00+02:00;9057_D;57;9;75;freeFlow;2
2025-07-02T20:03:00+02:00;9057_G;76;7;75;freeFlow;2
2025-07-02T20:03:00+02:00;9058_D;59;23;75;freeFlow;2
2025-07-02T20:03:00+02:00;9058_G;73;19;75;freeFlow;2
2025-07-02T20:03:00+02:00;9059_D;70;9;75;freeFlow;2
2025-07-02T20:03:00+02:00;9059_G;74;8;75;freeFlow;2
2025-07-02T20:03:00+02:00;9060;41;5;100;heavy;3
2025-07-02T20:03:00+02:00;9061;45;3;99;heavy;3
2025-07-02T20:03:00+02:00;9062;43;4;98;heavy;4
2025-07-02T20:03:00+02:00;9063;40;3;75;heavy;2
2025-07-02T20:03:00+02:00;9068_D;54;33;99;heavy;3
2025-07-02T20:03:00+02:00;9068_G;42;43;100;heavy;3
2025-07-02T20:03:00+02:00;9070_D;72;28;72;freeFlow;2
2025-07-02T20:03:00+02:00;9070_G;81;26;75;freeFlow;2
2025-07-02T20:03:00+02:00;9073;90;5;100;freeFlow;4
2025-07-02T20:03:00+02:00;9074;86;10;100;freeFlow;10
2025-07-02T20:03:00+02:00;9082_D;81;3;55;freeFlow;1
2025-07-02T20:03:00+02:00;9082_G;75;3;60;freeFlow;1
2025-07-02T20:03:00+02:00;9090_D;62;22;50;freeFlow;1
2025-07-02T20:03:00+02:00;9090_G;43;31;100;heavy;3
2025-07-02T20:03:00+02:00;9103;59;24;75;heavy;2
2025-07-02T20:03:00+02:00;9108;66;19;75;freeFlow;2
2025-07-02T20:03:00+02:00;9114;70;1;75;freeFlow;2
2025-07-02T20:03:00+02:00;9115;47;31;71;heavy;2
2025-07-02T20:03:00+02:00;9116;74;2;60;freeFlow;1
2025-07-02T20:03:00+02:00;9117;74;7;60;freeFlow;1
2025-07-02T20:03:00+02:00;9133;55;35;100;heavy;3
2025-07-02T20:03:00+02:00;9134;75;20;100;freeFlow;4
2025-07-02T20:03:00+02:00;9177;60;32;72;freeFlow;2
2025-07-02T20:03:00+02:00;9190;80;5;60;freeFlow;1
2025-07-02T20:03:00+02:00;9199;74;1;60;freeFlow;1
2025-07-02T20:03:00+02:00;9200;90;2;0;unknown;0
2025-07-02T20:03:00+02:00;9201;74;1;60;freeFlow;1
2025-07-02T20:03:00+02:00;9202;48;3;52;heavy;1
2025-07-02T20:03:00+02:00;9203;48;2;52;heavy;1
2025-07-02T20:03:00+02:00;9204;48;2;52;heavy;1
2025-07-02T20:03:00+02:00;9213;64;44;75;freeFlow;2
2025-07-02T20:03:00+02:00;9214_D;70;1;0;unknown;0
2025-07-02T20:03:00+02:00;9214_G;108;1;55;freeFlow;1
2025-07-02T20:03:00+02:00;9215;58;48;73;heavy;3
2025-07-02T20:03:00+02:00;9279;87;24;100;freeFlow;7
2025-07-02T20:03:00+02:00;9280;82;29;100;freeFlow;6
2025-07-02T20:03:00+02:00;9343_D;80;15;0;unknown;0
2025-07-02T20:03:00+02:00;9343_G;80;15;0;unknown;0
2025-07-02T20:03:00+02:00;9344_D;30;20;0;unknown;0
2025-07-02T20:03:00+02:00;9344_G;30;20;0;unknown;0
2025-07-02T20:03:00+02:00;9345_D;30;27;0;unknown;0
2025-07-02T20:03:00+02:00;9345_G;30;28;0;unknown;0
2025-07-02T20:03:00+02:00;9346_D;30;15;0;unknown;0
2025-07-02T20:03:00+02:00;9346_G;30;15;0;unknown;0
2025-07-02T20:03:00+02:00;9348_D;30;7;0;unknown;0
2025-07-02T20:03:00+02:00;9348_G;30;8;0;unknown;0
2025-07-02T20:03:00+02:00;9351_D;80;15;0;unknown;0
2025-07-02T20:03:00+02:00;9351_G;80;14;0;unknown;0
2025-07-02T20:03:00+02:00;9370_D;80;10;0;unknown;0
2025-07-02T20:03:00+02:00;9370_G;80;11;0;unknown;0
2025-07-02T20:03:00+02:00;9371_D;80;8;0;unknown;0
2025-07-02T20:03:00+02:00;9371_G;80;8;0;unknown;0
2025-07-02T20:03:00+02:00;9378;88;13;100;freeFlow;5
2025-07-02T20:03:00+02:00;9379;89;13;100;freeFlow;11
2025-07-02T20:03:00+02:00;9414_D;19;14;20;heavy;1
2025-07-02T20:03:00+02:00;9414_G;30;9;0;unknown;0
2025-07-02T20:03:00+02:00;9416_D;30;7;0;unknown;0
2025-07-02T20:03:00+02:00;9416_G;30;7;0;unknown;0
2025-07-02T20:03:00+02:00;9418_D;30;12;0;unknown;0
2025-07-02T20:03:00+02:00;9418_G;30;12;0;unknown;0
2025-07-02T20:03:00+02:00;9421;30;4;0;unknown;0
2025-07-02T20:03:00+02:00;9422;30;3;0;unknown;0
2025-07-02T20:03:00+02:00;9423;30;3;0;unknown;0
2025-07-02T20:03:00+02:00;9424;30;6;0;unknown;0
2025-07-02T20:03:00+02:00;9425_D;30;5;0;unknown;0
2025-07-02T20:03:00+02:00;9425_G;30;4;0;unknown;0
2025-07-02T20:03:00+02:00;9427_D;80;4;0;unknown;0
2025-07-02T20:03:00+02:00;9427_G;80;4;0;unknown;0
2025-07-02T20:03:00+02:00;9434_D;80;10;0;unknown;0
2025-07-02T20:03:00+02:00;9434_G;80;10;0;unknown;0
2025-07-02T20:03:00+02:00;9435_D;80;13;0;unknown;0
2025-07-02T20:03:00+02:00;9435_G;80;13;0;unknown;0
2025-07-02T20:03:00+02:00;9437_D;80;14;0;unknown;0
2025-07-02T20:03:00+02:00;9437_G;80;14;0;unknown;0
2025-07-02T20:03:00+02:00;9588_D;79;8;55;freeFlow;1
2025-07-02T20:03:00+02:00;9588_G;75;8;60;freeFlow;1
2025-07-02T20:03:00+02:00;9625_D;79;4;52;freeFlow;1
2025-07-02T20:03:00+02:00;9625_G;75;5;60;freeFlow;1
2025-07-02T20:03:00+02:00;9739;20;6;100;congested;3
2025-07-02T20:03:00+02:00;9740;42;1;68;heavy;2
2025-07-02T20:03:00+02:00;9741;27;2;100;heavy;3
2025-07-02T20:03:00+02:00;9742;29;5;100;heavy;3
2025-07-02T20:03:00+02:00;9745_D;32;4;50;heavy;1
2025-07-02T20:03:00+02:00;9745_G;43;6;100;heavy;3
2025-07-02T20:03:00+02:00;9757_D;45;3;52;heavy;1
2025-07-02T20:03:00+02:00;9757_G;75;2;60;freeFlow;1
2025-07-02T20:03:00+02:00;9758_D;45;7;52;heavy;1
2025-07-02T20:03:00+02:00;9758_G;75;4;60;freeFlow;1
2025-07-02T20:03:00+02:00;9834_D;65;31;50;freeFlow;1
2025-07-02T20:03:00+02:00;9834_G;65;30;100;freeFlow;3
2025-07-02T20:03:00+02:00;9912;47;4;91;heavy;4
2025-07-02T20:03:00+02:00;9913;39;3;65;heavy;2
2025-07-02T20:03:00+02:00;9914;27;3;73;heavy;2
2025-07-02T20:03:00+02:00;9915;37;3;59;heavy;2
2025-07-02T20:03:00+02:00;9916;51;3;75;freeFlow;2
2025-07-02T20:03:00+02:00;9917_D;52;3;60;freeFlow;1
2025-07-02T20:03:00+02:00;9917_G;38;3;60;heavy;1
2025-07-02T20:03:00+02:00;9921_D;61;25;50;freeFlow;1
2025-07-02T20:03:00+02:00;9921_G;45;33;100;heavy;3
2025-07-02T20:03:00+02:00;1601981;30;5;100;heavy;5
2025-07-02T20:03:00+02:00;1601982;55;17;96;freeFlow;3
2025-07-02T20:03:00+02:00;1634;71;8;75;freeFlow;2
2025-07-02T20:03:00+02:00;1635;55;3;22;freeFlow;1
2025-07-02T20:03:00+02:00;1636;84;2;60;freeFlow;1
2025-07-02T20:03:00+02:00;1637;63;2;100;freeFlow;5
2025-07-02T20:03:00+02:00;1640;48;2;72;heavy;6
2025-07-02T20:03:00+02:00;1641;63;3;75;freeFlow;2
2025-07-02T20:03:00+02:00;1642;67;1;100;freeFlow;3
2025-07-02T20:03:00+02:00;1678329;38;16;83;freeFlow;3
2025-07-02T20:03:00+02:00;1680500_D;44;6;32;freeFlow;1
2025-07-02T20:03:00+02:00;1680500_G;60;5;100;freeFlow;3
2025-07-02T20:03:00+02:00;1680501;33;25;100;heavy;12
2025-07-02T20:03:00+02:00;1680580;29;15;60;heavy;1
2025-07-02T20:03:00+02:00;1680586;45;3;75;freeFlow;2
2025-07-02T20:03:00+02:00;1680594;43;0;75;freeFlow;2
2025-07-02T20:03:00+02:00;1680595;50;1;0;unknown;0
2025-07-02T20:03:00+02:00;1680596;43;1;75;freeFlow;2
2025-07-02T20:03:00+02:00;1680597;50;1;0;unknown;0
2025-07-02T20:03:00+02:00;1680604;41;2;27;freeFlow;1
2025-07-02T20:03:00+02:00;1747_D;55;1;100;freeFlow;3
2025-07-02T20:03:00+02:00;1747_G;40;2;60;freeFlow;1
2025-07-02T20:03:00+02:00;1762;39;13;60;freeFlow;1
2025-07-02T20:03:00+02:00;1763;43;13;100;freeFlow;4
2025-07-02T20:03:00+02:00;1765_D;52;8;100;freeFlow;3
2025-07-02T20:03:00+02:00;1765_G;38;11;60;freeFlow;1
2025-07-02T20:03:00+02:00;1852;78;14;100;freeFlow;7
2025-07-02T20:03:00+02:00;1857;90;24;100;freeFlow;3
2025-07-02T20:03:00+02:00;1858;91;10;100;freeFlow;5
2025-07-02T20:03:00+02:00;1859;96;10;75;freeFlow;2
2025-07-02T20:03:00+02:00;1860;68;18;82;freeFlow;6
2025-07-02T20:03:00+02:00;1910718_D;29;4;75;heavy;2
2025-07-02T20:03:00+02:00;1910718_G;27;4;60;heavy;1
2025-07-02T20:03:00+02:00;1910863_D;35;16;60;heavy;1
2025-07-02T20:03:00+02:00;1910863_G;8;72;66;congested;2
2025-07-02T20:03:00+02:00;1911250;39;6;75;freeFlow;2
2025-07-02T20:03:00+02:00;35088;67;3;42;freeFlow;1
2025-07-02T20:03:00+02:00;35089;49;5;61;heavy;2
2025-07-02T20:03:00+02:00;35090;38;2;60;heavy;1
2025-07-02T20:03:00+02:00;35091;87;1;35;freeFlow;1
2025-07-02T20:03:00+02:00;35093;58;5;46;freeFlow;2
2025-07-02T20:03:00+02:00;35094;87;3;35;freeFlow;1
2025-07-02T20:03:00+02:00;35099;15;7;60;congested;1
2025-07-02T20:03:00+02:00;35101;30;3;35;heavy;1
2025-07-02T20:03:00+02:00;35102;45;2;50;heavy;1
2025-07-02T20:03:00+02:00;35104;55;48;35;freeFlow;1
2025-07-02T20:03:00+02:00;35116;27;5;35;heavy;1
2025-07-02T20:03:00+02:00;35117;39;4;65;freeFlow;2
2025-07-02T20:03:00+02:00;35118;45;4;50;freeFlow;1
2025-07-02T20:03:00+02:00;35119;29;7;35;heavy;1
2025-07-02T20:03:00+02:00;35120_D;106;1;25;freeFlow;1
2025-07-02T20:03:00+02:00;35120_G;45;2;50;freeFlow;1
2025-07-02T20:03:00+02:00;35121_D;52;40;43;freeFlow;2
2025-07-02T20:03:00+02:00;35121_G;47;44;65;freeFlow;2
2025-07-02T20:03:00+02:00;40196;53;5;71;heavy;2
2025-07-02T20:03:00+02:00;40197;70;4;60;freeFlow;1
2025-07-02T20:03:00+02:00;41636_D;11;16;35;congested;1
2025-07-02T20:03:00+02:00;41636_G;28;6;42;heavy;1
2025-07-02T20:03:00+02:00;41652_G;32;7;42;heavy;1
2025-07-02T20:03:00+02:00;41653_D;10;9;56;congested;2
2025-07-02T20:03:00+02:00;41653_G;30;3;42;heavy;1
2025-07-02T20:03:00+02:00;41667_D;27;5;57;heavy;1
2025-07-02T20:03:00+02:00;41667_G;17;7;42;heavy;1
2025-07-02T20:03:00+02:00;41668_D;7;8;48;congested;2
2025-07-02T20:03:00+02:00;41668_G;23;2;45;heavy;1
2025-07-02T20:03:00+02:00;41721;85;12;100;freeFlow;8
2025-07-02T20:03:00+02:00;41722;89;13;100;freeFlow;12
2025-07-02T20:03:00+02:00;41758;84;16;100;freeFlow;8
2025-07-02T20:03:00+02:00;41759;92;15;100;freeFlow;7
2025-07-02T20:03:00+02:00;41760;90;15;100;freeFlow;10
2025-07-02T20:03:00+02:00;41949_D;23;11;75;heavy;2
2025-07-02T20:03:00+02:00;41949_G;48;6;60;freeFlow;1
2025-07-02T20:03:00+02:00;41974_D;19;12;75;heavy;2
2025-07-02T20:03:00+02:00;41974_G;8;29;60;congested;1
2025-07-02T20:03:00+02:00;41975_D;34;10;75;heavy;2
2025-07-02T20:03:00+02:00;41975_G;48;7;60;freeFlow;1
2025-07-02T20:03:00+02:00;41985_D;8;10;48;congested;2
2025-07-02T20:03:00+02:00;41985_G;21;4;60;heavy;2
2025-07-02T20:03:00+02:00;42064_D;6;37;27;congested;1
2025-07-02T20:03:00+02:00;42064_G;23;9;57;heavy;2
2025-07-02T20:03:00+02:00;420870_D;44;5;100;freeFlow;3
2025-07-02T20:03:00+02:00;420870_G;50;5;42;freeFlow;1
2025-07-02T20:03:00+02:00;42206_G;44;21;40;freeFlow;1
2025-07-02T20:03:00+02:00;42238_G;19;18;60;heavy;2
2025-07-02T20:03:00+02:00;42239_D;30;9;50;heavy;2
2025-07-02T20:03:00+02:00;42239_G;34;8;42;heavy;1
2025-07-02T20:03:00+02:00;42240_D;13;59;52;congested;2
2025-07-02T20:03:00+02:00;42240_G;21;36;42;heavy;1
2025-07-02T20:03:00+02:00;42241_D;29;24;97;heavy;4
2025-07-02T20:03:00+02:00;42241_G;7;104;0;unknown;0
2025-07-02T20:03:00+02:00;42242_D;10;30;75;congested;2
2025-07-02T20:03:00+02:00;42242_G;46;7;0;unknown;0
2025-07-02T20:03:00+02:00;42683_D;33;10;75;heavy;2
2025-07-02T20:03:00+02:00;42683_G;17;19;0;unknown;0
2025-07-02T20:03:00+02:00;42714_D;36;6;75;freeFlow;2
2025-07-02T20:03:00+02:00;42714_G;46;4;60;freeFlow;1
2025-07-02T20:03:00+02:00;42716_D;23;4;75;heavy;2
2025-07-02T20:03:00+02:00;42716_G;15;5;60;heavy;1
2025-07-02T20:03:00+02:00;43449_D;38;6;22;freeFlow;1
2025-07-02T20:03:00+02:00;43449_G;7;33;60;congested;1
2025-07-02T20:03:00+02:00;43450_D;9;35;71;congested;3
2025-07-02T20:03:00+02:00;43450_G;7;46;60;congested;1
2025-07-02T20:03:00+02:00;43451_G;8;58;45;congested;1
2025-07-02T20:03:00+02:00;43452_D;30;5;0;unknown;0
2025-07-02T20:03:00+02:00;43452_G;20;8;45;heavy;1
2025-07-02T20:03:00+02:00;43475_D;50;4;0;unknown;0
2025-07-02T20:03:00+02:00;43475_G;50;4;0;unknown;0
2025-07-02T20:03:00+02:00;43622_D;14;7;0;unknown;0
2025-07-02T20:03:00+02:00;43622_G;54;2;60;freeFlow;1
2025-07-02T20:03:00+02:00;43623_D;50;4;0;unknown;0
2025-07-02T20:03:00+02:00;43623_G;54;4;60;freeFlow;1
2025-07-02T20:03:00+02:00;43624_D;13;18;60;congested;1
2025-07-02T20:03:00+02:00;43624_G;21;11;50;heavy;2
2025-07-02T20:03:00+02:00;43625_D;50;7;0;unknown;0
2025-07-02T20:03:00+02:00;43625_G;54;7;60;freeFlow;1
2025-07-02T20:03:00+02:00;43657_D;54;2;60;freeFlow;1
2025-07-02T20:03:00+02:00;43657_G;50;2;0;unknown;0
2025-07-02T20:03:00+02:00;43659_D;5;30;48;congested;1
2025-07-02T20:03:00+02:00;43659_G;6;24;47;congested;1
2025-07-02T20:03:00+02:00;44039_D;50;2;0;unknown;0
2025-07-02T20:03:00+02:00;44039_G;50;2;0;unknown;0
2025-07-02T20:03:00+02:00;44040_D;50;9;0;unknown;0
2025-07-02T20:03:00+02:00;44040_G;50;9;0;unknown;0
2025-07-02T20:03:00+02:00;44041_D;50;9;0;unknown;0
2025-07-02T20:03:00+02:00;44041_G;50;9;0;unknown;0
2025-07-02T20:03:00+02:00;44042_D;50;10;0;unknown;0
2025-07-02T20:03:00+02:00;44042_G;50;9;0;unknown;0
2025-07-02T20:03:00+02:00;44071_D;27;10;53;freeFlow;2
2025-07-02T20:03:00+02:00;44071_G;8;40;59;congested;1
2025-07-02T20:03:00+02:00;44080;22;5;55;heavy;2
2025-07-02T20:03:00+02:00;44113_D;38;7;25;freeFlow;1
2025-07-02T20:03:00+02:00;44113_G;8;37;55;congested;1
2025-07-02T20:03:00+02:00;44114_D;34;7;25;heavy;1
2025-07-02T20:03:00+02:00;44114_G;32;8;55;heavy;1
2025-07-02T20:03:00+02:00;44115_D;30;11;26;heavy;1
2025-07-02T20:03:00+02:00;44115_G;34;10;52;heavy;1
2025-07-02T20:03:00+02:00;44117_D;43;7;46;freeFlow;2
2025-07-02T20:03:00+02:00;44117_G;35;7;52;heavy;1
2025-07-02T20:03:00+02:00;44118_D;42;5;45;freeFlow;1
2025-07-02T20:03:00+02:00;44118_G;33;6;52;heavy;1
2025-07-02T20:03:00+02:00;44125_D;35;4;25;heavy;1
2025-07-02T20:03:00+02:00;44125_G;24;6;55;heavy;1
2025-07-02T20:03:00+02:00;44127;38;8;75;freeFlow;2
2025-07-02T20:03:00+02:00;44128;47;7;75;freeFlow;2
2025-07-02T20:03:00+02:00;44170_D;41;4;27;freeFlow;1
2025-07-02T20:03:00+02:00;44170_G;35;5;52;freeFlow;1
2025-07-02T20:03:00+02:00;44713_D;41;1;55;freeFlow;1
2025-07-02T20:03:00+02:00;44713_G;33;1;25;heavy;1
2025-07-02T20:03:00+02:00;44930;98;2;75;freeFlow;2
2025-07-02T20:03:00+02:00;44931;98;7;75;freeFlow;2
2025-07-02T20:03:00+02:00;44934;85;24;100;freeFlow;9
2025-07-02T20:03:00+02:00;45486_G;40;5;50;freeFlow;1
2025-07-02T20:03:00+02:00;45487_G;39;6;50;freeFlow;1
2025-07-02T20:03:00+02:00;45488_D;38;18;75;freeFlow;2
2025-07-02T20:03:00+02:00;45488_G;40;17;50;freeFlow;1
2025-07-02T20:03:00+02:00;45489_D;30;9;75;heavy;2
2025-07-02T20:03:00+02:00;45489_G;41;6;50;freeFlow;1
2025-07-02T20:03:00+02:00;45490_D;19;8;75;heavy;2
2025-07-02T20:03:00+02:00;45490_G;41;4;48;freeFlow;1
2025-07-02T20:03:00+02:00;45503_D;26;5;32;heavy;1
2025-07-02T20:03:00+02:00;45503_G;3;54;38;congested;1
2025-07-02T20:03:00+02:00;45504_D;10;16;32;congested;1
2025-07-02T20:03:00+02:00;45504_G;23;7;38;heavy;1
2025-07-02T20:03:00+02:00;45505_D;31;11;32;heavy;1
2025-07-02T20:03:00+02:00;45505_G;33;10;35;heavy;1
2025-07-02T20:03:00+02:00;45530_D;42;2;45;freeFlow;1
2025-07-02T20:03:00+02:00;45530_G;28;3;52;freeFlow;1
2025-07-02T20:03:00+02:00;45531_D;41;1;45;freeFlow;1
2025-07-02T20:03:00+02:00;45531_G;28;2;50;freeFlow;1
2025-07-02T20:03:00+02:00;45532_D;41;5;45;freeFlow;1
2025-07-02T20:03:00+02:00;45532_G;25;9;50;freeFlow;1
2025-07-02T20:03:00+02:00;45565_D;10;32;75;congested;2
2025-07-02T20:03:00+02:00;45565_G;6;51;63;congested;2
2025-07-02T20:03:00+02:00;45566_D;42;6;60;freeFlow;1
2025-07-02T20:03:00+02:00;45566_G;22;12;52;heavy;1
2025-07-02T20:03:00+02:00;45567_D;14;21;58;congested;2
2025-07-02T20:03:00+02:00;45567_G;24;12;52;heavy;1
2025-07-02T20:03:00+02:00;45568_D;44;10;60;freeFlow;1
2025-07-02T20:03:00+02:00;45568_G;12;41;38;congested;1
2025-07-02T20:03:00+02:00;45601_D;28;11;32;heavy;1
2025-07-02T20:03:00+02:00;45601_G;27;12;50;heavy;1
2025-07-02T20:03:00+02:00;45613_D;35;9;75;freeFlow;2
2025-07-02T20:03:00+02:00;45613_G;7;43;68;congested;2
2025-07-02T20:03:00+02:00;45614_D;44;5;75;freeFlow;2
2025-07-02T20:03:00+02:00;45614_G;26;9;63;heavy;2
2025-07-02T20:03:00+02:00;45636;59;20;100;freeFlow;3
2025-07-02T20:03:00+02:00;45637;88;13;100;freeFlow;12
2025-07-02T20:03:00+02:00;45640;53;9;50;freeFlow;1
2025-07-02T20:03:00+02:00;45641;63;20;83;freeFlow;11
2025-07-02T20:03:00+02:00;45642;85;25;100;freeFlow;9
2025-07-02T20:03:00+02:00;45644_D;38;25;42;freeFlow;1
2025-07-02T20:03:00+02:00;45644_G;17;55;63;heavy;2
2025-07-02T20:03:00+02:00;45645_G;43;13;45;freeFlow;1
2025-07-02T20:03:00+02:00;45725;84;37;100;freeFlow;12
2025-07-02T20:03:00+02:00;45736_D;44;11;57;freeFlow;2
2025-07-02T20:03:00+02:00;45736_G;44;11;60;freeFlow;2
2025-07-02T20:03:00+02:00;45759_D;20;19;55;heavy;2
2025-07-02T20:03:00+02:00;45759_G;5;70;0;unknown;0
2025-07-02T20:03:00+02:00;45760_D;16;19;40;heavy;1
2025-07-02T20:03:00+02:00;45760_G;50;6;0;unknown;0
2025-07-02T20:03:00+02:00;45761_G;50;6;0;unknown;0
2025-07-02T20:03:00+02:00;45762_D;30;8;40;heavy;1
2025-07-02T20:03:00+02:00;45762_G;17;14;17;heavy;1
2025-07-02T20:03:00+02:00;45849_D;35;2;60;heavy;1
2025-07-02T20:03:00+02:00;45849_G;20;4;32;heavy;1
2025-07-02T20:03:00+02:00;45850_D;42;2;60;freeFlow;1
2025-07-02T20:03:00+02:00;45850_G;33;3;69;heavy;2
2025-07-02T20:03:00+02:00;45865_G;50;7;0;unknown;0
2025-07-02T20:03:00+02:00;46027;15;4;0;unknown;0
2025-07-02T20:03:00+02:00;46028;32;22;0;unknown;0
2025-07-02T20:03:00+02:00;46029;47;4;60;freeFlow;1
2025-07-02T20:03:00+02:00;46036_D;40;13;60;freeFlow;1
2025-07-02T20:03:00+02:00;46036_G;34;15;38;heavy;1
2025-07-02T20:03:00+02:00;46053_G;24;16;50;heavy;2
2025-07-02T20:03:00+02:00;46054_D;29;7;32;heavy;1
2025-07-02T20:03:00+02:00;46054_G;32;6;35;heavy;1
2025-07-02T20:03:00+02:00;46055_D;34;7;32;heavy;1
2025-07-02T20:03:00+02:00;46055_G;37;7;35;freeFlow;1
2025-07-02T20:03:00+02:00;46056_G;41;2;50;freeFlow;2
2025-07-02T20:03:00+02:00;46057_D;30;6;35;heavy;1
2025-07-02T20:03:00+02:00;46057_G;47;4;60;freeFlow;1
2025-07-02T20:03:00+02:00;46058_D;39;9;35;freeFlow;1
2025-07-02T20:03:00+02:00;46058_G;50;7;60;freeFlow;1
2025-07-02T20:03:00+02:00;46059_D;27;23;35;heavy;1
2025-07-02T20:03:00+02:00;46059_G;49;12;60;freeFlow;1
2025-07-02T20:03:00+02:00;46079_D;28;11;35;heavy;1
2025-07-02T20:03:00+02:00;46079_G;49;6;60;freeFlow;1
2025-07-02T20:03:00+02:00;46080_D;33;15;38;heavy;1
2025-07-02T20:03:00+02:00;46080_G;49;10;60;freeFlow;1
2025-07-02T20:03:00+02:00;46081;27;9;60;heavy;1
2025-07-02T20:03:00+02:00;46135;50;7;0;unknown;0
2025-07-02T20:03:00+02:00;46136;50;6;0;unknown;0
2025-07-02T20:03:00+02:00;46137;50;9;0;unknown;0
2025-07-02T20:03:00+02:00;46163;30;11;60;heavy;1
2025-07-02T20:03:00+02:00;46228;69;15;75;freeFlow;2
2025-07-02T20:03:00+02:00;46230;91;16;100;freeFlow;6
2025-07-02T20:03:00+02:00;46251_D;21;8;100;heavy;3
2025-07-02T20:03:00+02:00;46251_G;43;4;42;freeFlow;1
2025-07-02T20:03:00+02:00;46264;85;19;35;freeFlow;1
2025-07-02T20:03:00+02:00;46265;90;8;100;freeFlow;6
2025-07-02T20:03:00+02:00;46266;91;3;100;freeFlow;6
2025-07-02T20:03:00+02:00;46267;89;9;100;freeFlow;9
2025-07-02T20:03:00+02:00;46268;86;17;100;freeFlow;7
2025-07-02T20:03:00+02:00;46270_D;94;2;48;freeFlow;1
2025-07-02T20:03:00+02:00;46270_G;40;6;40;freeFlow;1
2025-07-02T20:03:00+02:00;46271_D;94;3;48;freeFlow;1
2025-07-02T20:03:00+02:00;46271_G;69;4;60;freeFlow;1
2025-07-02T20:03:00+02:00;46374_D;45;28;0;unknown;0
2025-07-02T20:03:00+02:00;46374_G;16;78;60;heavy;1
2025-07-02T20:03:00+02:00;46375_D;50;10;0;unknown;0
2025-07-02T20:03:00+02:00;46375_G;14;34;60;congested;1
2025-07-02T20:03:00+02:00;46376_D;30;23;25;heavy;1
2025-07-02T20:03:00+02:00;46376_G;40;17;60;freeFlow;1
2025-07-02T20:03:00+02:00;46377_D;14;30;57;congested;1
2025-07-02T20:03:00+02:00;46377_G;32;13;60;heavy;1
2025-07-02T20:03:00+02:00;46427_D;50;7;0;unknown;0
2025-07-02T20:03:00+02:00;46427_G;35;11;60;heavy;1
2025-07-02T20:03:00+02:00;46559_D;39;2;52;freeFlow;1
2025-07-02T20:03:00+02:00;46559_G;29;2;45;heavy;1
2025-07-02T20:03:00+02:00;46560_D;37;11;55;freeFlow;1
2025-07-02T20:03:00+02:00;46560_G;9;46;45;congested;1
2025-07-02T20:03:00+02:00;46561_D;29;8;55;heavy;1
2025-07-02T20:03:00+02:00;46561_G;21;13;83;heavy;3
2025-07-02T20:03:00+02:00;46562_D;34;3;55;heavy;1
2025-07-02T20:03:00+02:00;46562_G;35;3;42;heavy;1
2025-07-02T20:03:00+02:00;46563_D;38;11;55;freeFlow;1
2025-07-02T20:03:00+02:00;46563_G;38;11;42;freeFlow;1
2025-07-02T20:03:00+02:00;46564_D;12;16;57;congested;1
2025-07-02T20:03:00+02:00;46564_G;43;5;40;freeFlow;1
2025-07-02T20:03:00+02:00;46565_D;22;8;57;heavy;1
2025-07-02T20:03:00+02:00;46565_G;40;4;40;freeFlow;1
2025-07-02T20:03:00+02:00;46566_D;40;6;57;freeFlow;1
2025-07-02T20:03:00+02:00;46566_G;38;7;80;freeFlow;3
2025-07-02T20:03:00+02:00;46567_G;14;7;60;congested;1
2025-07-02T20:03:00+02:00;46568_D;50;1;0;unknown;0
2025-07-02T20:03:00+02:00;46568_G;22;3;45;heavy;1
2025-07-02T20:03:00+02:00;46569_D;3;166;12;congested;1
2025-07-02T20:03:00+02:00;46569_G;35;14;45;freeFlow;1
2025-07-02T20:03:00+02:00;46627_D;22;24;68;heavy;2
2025-07-02T20:03:00+02:00;46627_G;33;16;45;heavy;1
2025-07-02T20:03:00+02:00;46628_D;22;18;57;heavy;1
2025-07-02T20:03:00+02:00;46628_G;44;9;40;freeFlow;1
2025-07-02T20:03:00+02:00;46640;50;15;0;unknown;0
2025-07-02T20:03:00+02:00;46641;50;8;0;unknown;0
2025-07-02T20:03:00+02:00;46643;60;3;60;freeFlow;1
2025-07-02T20:03:00+02:00;46649;50;8;0;unknown;0
2025-07-02T20:03:00+02:00;46653_D;8;77;57;congested;1
2025-07-02T20:03:00+02:00;46653_G;26;24;80;heavy;3
2025-07-02T20:03:00+02:00;46654_D;25;20;57;heavy;1
2025-07-02T20:03:00+02:00;46654_G;45;12;53;freeFlow;2
2025-07-02T20:03:00+02:00;46655_D;20;8;60;heavy;1
2025-07-02T20:03:00+02:00;46655_G;37;4;60;freeFlow;1
2025-07-02T20:03:00+02:00;46682;29;17;60;heavy;1
2025-07-02T20:03:00+02:00;46683;47;1;60;freeFlow;1
2025-07-02T20:03:00+02:00;46684;42;12;60;freeFlow;1
2025-07-02T20:03:00+02:00;46685;41;25;73;heavy;2
2025-07-02T20:03:00+02:00;46686;106;12;60;freeFlow;1
2025-07-02T20:03:00+02:00;46688;36;31;75;heavy;2
2025-07-02T20:03:00+02:00;46716;93;1;100;freeFlow;5
2025-07-02T20:03:00+02:00;46717;90;42;100;freeFlow;7
2025-07-02T20:03:00+02:00;46718;90;11;100;freeFlow;5
2025-07-02T20:03:00+02:00;46719;29;26;100;heavy;3
2025-07-02T20:03:00+02:00;46720;87;2;35;freeFlow;1
2025-07-02T20:03:00+02:00;46728;82;4;60;freeFlow;1
2025-07-02T20:03:00+02:00;46745_D;38;16;100;freeFlow;3
2025-07-02T20:03:00+02:00;46745_G;21;29;40;heavy;1
2025-07-02T20:03:00+02:00;46746_D;30;30;100;heavy;4
2025-07-02T20:03:00+02:00;46746_G;25;36;60;heavy;1
2025-07-02T20:03:00+02:00;46975;25;6;45;heavy;1
2025-07-02T20:03:00+02:00;47024;41;4;60;freeFlow;1
2025-07-02T20:03:00+02:00;47025;12;32;60;congested;1
2025-07-02T20:03:00+02:00;47030;11;29;0;unknown;0
2025-07-02T20:03:00+02:00;47057;75;11;100;freeFlow;6
2025-07-02T20:03:00+02:00;47058;74;25;100;freeFlow;6
2025-07-02T20:03:00+02:00;47059;91;14;100;freeFlow;6
2025-07-02T20:03:00+02:00;47060;77;12;100;freeFlow;9
2025-07-02T20:03:00+02:00;47062;50;17;0;unknown;0
2025-07-02T20:03:00+02:00;47064;19;4;100;heavy;4
2025-07-02T20:03:00+02:00;47066;23;5;100;heavy;8
2025-07-02T20:03:00+02:00;47068;32;21;100;heavy;3
2025-07-02T20:03:00+02:00;47070;45;7;100;freeFlow;7
2025-07-02T20:03:00+02:00;47071;53;16;100;freeFlow;3
2025-07-02T20:03:00+02:00;47074;77;6;75;freeFlow;7
2025-07-02T20:03:00+02:00;47075;80;3;75;freeFlow;2
2025-07-02T20:03:00+02:00;47078;86;28;100;freeFlow;4
2025-07-02T20:03:00+02:00;47101;25;16;53;heavy;2
2025-07-02T20:03:00+02:00;47107;92;5;100;freeFlow;6
2025-07-02T20:03:00+02:00;47108;36;23;60;heavy;1
2025-07-02T20:03:00+02:00;47109;25;3;100;heavy;12
2025-07-02T20:03:00+02:00;47110;49;15;100;freeFlow;3
2025-07-02T20:03:00+02:00;47111;86;21;100;freeFlow;3
2025-07-02T20:03:00+02:00;47112;12;71;100;congested;12
2025-07-02T20:03:00+02:00;47113;33;17;99;heavy;5
2025-07-02T20:03:00+02:00;47114;41;34;38;freeFlow;1
2025-07-02T20:03:00+02:00;47115;71;20;75;freeFlow;2
2025-07-02T20:03:00+02:00;47238;89;7;100;freeFlow;5
2025-07-02T20:03:00+02:00;47240;69;21;100;freeFlow;10
2025-07-02T20:03:00+02:00;47241;92;11;100;freeFlow;5
2025-07-02T20:03:00+02:00;47242;91;14;100;freeFlow;3
2025-07-02T20:03:00+02:00;47243;91;16;100;freeFlow;4
2025-07-02T20:03:00+02:00;47290;19;26;60;heavy;1
2025-07-02T20:03:00+02:00;47293;37;14;73;heavy;4
2025-07-02T20:03:00+02:00;47299;43;8;75;heavy;2
2025-07-02T20:03:00+02:00;47300;52;23;68;freeFlow;2
2025-07-02T20:03:00+02:00;47306;85;24;100;freeFlow;8
2025-07-02T20:03:00+02:00;47316;74;4;75;freeFlow;2
2025-07-02T20:03:00+02:00;47428_D;50;5;0;unknown;0
2025-07-02T20:03:00+02:00;47428_G;50;5;0;unknown;0
2025-07-02T20:03:00+02:00;48769_D;3;44;60;congested;1
2025-07-02T20:03:00+02:00;48769_G;26;5;42;heavy;1
2025-07-02T20:03:00+02:00;48890;35;1;60;heavy;1
2025-07-02T20:03:00+02:00;48891;60;1;60;freeFlow;1
2025-07-02T20:03:00+02:00;48958_D;6;34;60;congested;1
2025-07-02T20:03:00+02:00;48958_G;6;36;53;congested;2
2025-07-02T20:03:00+02:00;489866_G;50;4;42;freeFlow;1
2025-07-02T20:03:00+02:00;49004;41;5;60;freeFlow;1
2025-07-02T20:03:00+02:00;490194_D;25;3;75;heavy;2
2025-07-02T20:03:00+02:00;490194_G;34;2;60;heavy;1
2025-07-02T20:03:00+02:00;49023;65;9;50;freeFlow;1
2025-07-02T20:03:00+02:00;49068;7;97;0;unknown;0
2025-07-02T20:03:00+02:00;49074;48;2;42;heavy;1
2025-07-02T20:03:00+02:00;49075;90;1;20;freeFlow;1
2025-07-02T20:03:00+02:00;49081;77;7;35;freeFlow;2
2025-07-02T20:03:00+02:00;49084;33;13;75;heavy;2
2025-07-02T20:03:00+02:00;49137_D;50;4;0;unknown;0
2025-07-02T20:03:00+02:00;49137_G;50;4;0;unknown;0
2025-07-02T20:03:00+02:00;49184;38;3;100;freeFlow;3
2025-07-02T20:03:00+02:00;492351_G;30;4;42;heavy;1
2025-07-02T20:03:00+02:00;492359_D;15;17;100;heavy;3
2025-07-02T20:03:00+02:00;492363_D;50;9;0;unknown;0
2025-07-02T20:03:00+02:00;492363_G;50;10;0;unknown;0
2025-07-02T20:03:00+02:00;492435;41;10;60;freeFlow;1
2025-07-02T20:03:00+02:00;492445_G;27;24;100;heavy;3
2025-07-02T20:03:00+02:00;492450;26;19;75;heavy;2
2025-07-02T20:03:00+02:00;492452;30;17;75;heavy;2
2025-07-02T20:03:00+02:00;492459;35;2;60;freeFlow;1
2025-07-02T20:03:00+02:00;492474;36;5;60;heavy;1
2025-07-02T20:03:00+02:00;492475;51;17;64;freeFlow;2
2025-07-02T20:03:00+02:00;492476;62;8;60;freeFlow;1
2025-07-02T20:03:00+02:00;492477;57;2;48;freeFlow;1
2025-07-02T20:03:00+02:00;492479;51;13;60;freeFlow;1
2025-07-02T20:03:00+02:00;492481;51;3;60;freeFlow;1
2025-07-02T20:03:00+02:00;492482;57;2;63;freeFlow;2
2025-07-02T20:03:00+02:00;492483;62;3;60;freeFlow;1
2025-07-02T20:03:00+02:00;492485;36;2;60;freeFlow;1
2025-07-02T20:03:00+02:00;492490;28;12;75;freeFlow;2
2025-07-02T20:03:00+02:00;492495;36;1;60;heavy;1
2025-07-02T20:03:00+02:00;492498;107;4;48;freeFlow;1
2025-07-02T20:03:00+02:00;492506;71;3;60;freeFlow;1
2025-07-02T20:03:00+02:00;492512;51;2;60;freeFlow;1
2025-07-02T20:03:00+02:00;492514;71;1;60;freeFlow;1
2025-07-02T20:03:00+02:00;492519;30;17;75;heavy;2
2025-07-02T20:03:00+02:00;492574;30;5;75;heavy;2
2025-07-02T20:03:00+02:00;492576;107;0;48;freeFlow;1
2025-07-02T20:03:00+02:00;49328_D;39;3;27;freeFlow;1
2025-07-02T20:03:00+02:00;49328_G;35;3;52;freeFlow;1
2025-07-02T20:03:00+02:00;49686_D;50;3;0;unknown;0
2025-07-02T20:03:00+02:00;49686_G;50;3;0;unknown;0
2025-07-02T20:03:00+02:00;50079_D;38;6;22;freeFlow;1
2025-07-02T20:03:00+02:00;50079_G;7;34;60;congested;1
2025-07-02T20:03:00+02:00;50191_D;30;17;27;heavy;1
2025-07-02T20:03:00+02:00;50191_G;31;17;50;heavy;1
2025-07-02T20:03:00+02:00;50308_G;49;6;42;freeFlow;1
2025-07-02T20:03:00+02:00;50355_D;33;9;100;heavy;3
2025-07-02T20:03:00+02:00;50355_G;46;6;42;freeFlow;1
2025-07-02T20:03:00+02:00;50416_D;44;3;100;freeFlow;3
2025-07-02T20:03:00+02:00;50416_G;50;3;42;freeFlow;1
2025-07-02T20:03:00+02:00;50475;26;15;60;heavy;1
2025-07-02T20:03:00+02:00;50509;46;9;60;freeFlow;1
2025-07-02T20:03:00+02:00;50573_D;33;7;27;freeFlow;1
2025-07-02T20:03:00+02:00;50573_G;22;9;55;freeFlow;1
2025-07-02T20:03:00+02:00;51008;60;3;60;freeFlow;1
2025-07-02T20:03:00+02:00;51017;12;11;60;congested;1
2025-07-02T20:03:00+02:00;51159_D;29;23;0;unknown;0
2025-07-02T20:03:00+02:00;51159_G;27;24;60;heavy;1
2025-07-02T20:03:00+02:00;51254_D;17;17;60;heavy;1
2025-07-02T20:03:00+02:00;51254_G;36;8;17;freeFlow;1
2025-07-02T20:03:00+02:00;51323_D;7;24;27;congested;1
2025-07-02T20:03:00+02:00;51323_G;24;8;50;heavy;1
2025-07-02T20:03:00+02:00;51437_D;45;4;60;freeFlow;1
2025-07-02T20:03:00+02:00;51437_G;27;5;35;heavy;1
2025-07-02T20:03:00+02:00;51455_D;42;7;60;freeFlow;1
2025-07-02T20:03:00+02:00;51455_G;28;10;35;heavy;1
2025-07-02T20:03:00+02:00;51797;48;4;38;freeFlow;1
2025-07-02T20:03:00+02:00;52130;50;4;0;unknown;0
2025-07-02T20:03:00+02:00;53329_D;28;6;60;freeFlow;1
2025-07-02T20:03:00+02:00;53329_G;36;5;30;freeFlow;1
2025-07-02T20:03:00+02:00;53336_D;38;10;100;freeFlow;3
2025-07-02T20:03:00+02:00;53336_G;45;9;40;freeFlow;1
2025-07-02T20:03:00+02:00;53411_D;50;7;0;unknown;0
2025-07-02T20:03:00+02:00;53539_G;60;3;100;freeFlow;3
2025-07-02T20:03:00+02:00;53542;47;9;60;heavy;1
2025-07-02T20:03:00+02:00;53543;97;5;60;freeFlow;1
2025-07-02T20:03:00+02:00;53575_D;50;13;0;unknown;0
2025-07-02T20:03:00+02:00;53575_G;36;17;60;freeFlow;1
2025-07-02T20:03:00+02:00;53656;29;3;75;heavy;2
2025-07-02T20:03:00+02:00;53660;32;11;75;heavy;2
2025-07-02T20:03:00+02:00;53663;35;4;100;freeFlow;4
2025-07-02T20:03:00+02:00;53675;70;1;100;freeFlow;3
2025-07-02T20:03:00+02:00;53676;40;3;85;heavy;3
2025-07-02T20:03:00+02:00;53677;47;12;75;heavy;2
2025-07-02T20:03:00+02:00;53678;39;1;60;heavy;2
2025-07-02T20:03:00+02:00;53679;31;4;53;heavy;2
2025-07-02T20:03:00+02:00;53681;63;31;60;freeFlow;1
2025-07-02T20:03:00+02:00;53721;25;2;45;heavy;1
2025-07-02T20:03:00+02:00;53885_D;25;21;75;heavy;2
2025-07-02T20:03:00+02:00;53885_G;48;11;60;freeFlow;1
2025-07-02T20:03:00+02:00;54211;23;28;53;heavy;2
2025-07-02T20:03:00+02:00;54334_D;20;2;38;heavy;1
2025-07-02T20:03:00+02:00;54334_G;12;4;60;congested;1
2025-07-02T20:03:00+02:00;54337;13;60;38;congested;1
2025-07-02T20:03:00+02:00;54361;27;7;48;heavy;1
2025-07-02T20:03:00+02:00;54580_G;34;17;25;heavy;1
2025-07-02T20:03:00+02:00;54707;41;11;48;freeFlow;2
2025-07-02T20:03:00+02:00;54709;90;0;20;freeFlow;1
2025-07-02T20:03:00+02:00;54710;34;6;88;heavy;3
2025-07-02T20:03:00+02:00;55397_D;6;11;60;congested;2
2025-07-02T20:03:00+02:00;55397_G;22;3;45;heavy;1
2025-07-02T20:03:00+02:00;55401;33;12;45;heavy;1
2025-07-02T20:03:00+02:00;55405;25;2;45;heavy;1
2025-07-02T20:03:00+02:00;55406;29;6;45;heavy;1
2025-07-02T20:03:00+02:00;55407;30;4;45;heavy;2
2025-07-02T20:03:00+02:00;55408;19;9;85;heavy;3
2025-07-02T20:03:00+02:00;55440_D;41;4;45;freeFlow;1
2025-07-02T20:03:00+02:00;55440_G;22;8;50;freeFlow;1
2025-07-02T20:03:00+02:00;55443_D;16;5;50;heavy;1
2025-07-02T20:03:00+02:00;55443_G;22;3;50;heavy;1
2025-07-02T20:03:00+02:00;55446;18;4;65;heavy;2
2025-07-02T20:03:00+02:00;55447;21;3;50;heavy;1
2025-07-02T20:03:00+02:00;55448;29;2;60;heavy;2
2025-07-02T20:03:00+02:00;55449;16;4;50;heavy;1
2025-07-02T20:03:00+02:00;55516;50;2;0;unknown;0
2025-07-02T20:03:00+02:00;55669;32;7;0;unknown;0
2025-07-02T20:03:00+02:00;55671;44;8;52;freeFlow;1
2025-07-02T20:03:00+02:00;55696;50;15;0;unknown;0
2025-07-02T20:03:00+02:00;55698;50;9;0;unknown;0
2025-07-02T20:03:00+02:00;55700;50;8;0;unknown;0
2025-07-02T20:03:00+02:00;55703;60;2;60;freeFlow;1
2025-07-02T20:03:00+02:00;55706;50;1;0;unknown;0
2025-07-02T20:03:00+02:00;55707;57;6;60;freeFlow;1
2025-07-02T20:03:00+02:00;55708;35;4;60;heavy;1
2025-07-02T20:03:00+02:00;55710;35;20;60;heavy;1
2025-07-02T20:03:00+02:00;55711;50;1;0;unknown;0
2025-07-02T20:03:00+02:00;55713;50;14;0;unknown;0
2025-07-02T20:03:00+02:00;55781_D;19;6;0;unknown;0
2025-07-02T20:03:00+02:00;55781_G;37;3;60;freeFlow;1
2025-07-02T20:03:00+02:00;55800;19;16;0;unknown;0
2025-07-02T20:03:00+02:00;55801;39;4;60;freeFlow;1
2025-07-02T20:03:00+02:00;55805;42;6;0;unknown;0
2025-07-02T20:03:00+02:00;55806;47;11;0;unknown;0
2025-07-02T20:03:00+02:00;55811;23;14;52;heavy;2
2025-07-02T20:03:00+02:00;55814;39;3;27;freeFlow;1
2025-07-02T20:03:00+02:00;55815;28;1;75;heavy;2
2025-07-02T20:03:00+02:00;55820;34;1;60;heavy;1
2025-07-02T20:03:00+02:00;55821;18;7;100;heavy;3
2025-07-02T20:03:00+02:00;55822;18;6;59;heavy;2
2025-07-02T20:03:00+02:00;55823;16;3;38;heavy;1
2025-07-02T20:03:00+02:00;55824;36;2;0;unknown;0
2025-07-02T20:03:00+02:00;55827;41;2;75;heavy;2
2025-07-02T20:03:00+02:00;55830;41;2;60;heavy;1
2025-07-02T20:03:00+02:00;55841;48;10;60;freeFlow;1
2025-07-02T20:03:00+02:00;55843;44;1;52;freeFlow;1
2025-07-02T20:03:00+02:00;55879;27;2;100;heavy;4
2025-07-02T20:03:00+02:00;55883;30;2;100;heavy;4
2025-07-02T20:03:00+02:00;55887;50;11;0;unknown;0
2025-07-02T20:03:00+02:00;55888;42;14;100;freeFlow;3
2025-07-02T20:03:00+02:00;55889;7;12;60;congested;1
2025-07-02T20:03:00+02:00;55890;28;3;60;heavy;1
2025-07-02T20:03:00+02:00;55894;40;2;60;freeFlow;1
2025-07-02T20:03:00+02:00;55896;50;1;0;unknown;0
2025-07-02T20:03:00+02:00;55898;45;13;75;freeFlow;2
2025-07-02T20:03:00+02:00;55899;48;7;38;freeFlow;1
2025-07-02T20:03:00+02:00;55926_D;94;2;48;freeFlow;1
2025-07-02T20:03:00+02:00;55926_G;104;2;60;freeFlow;1
2025-07-02T20:03:00+02:00;55932;104;1;60;freeFlow;1
2025-07-02T20:03:00+02:00;55933;94;1;48;freeFlow;1
2025-07-02T20:03:00+02:00;55958;22;3;53;heavy;2
2025-07-02T20:03:00+02:00;55959;47;2;75;freeFlow;2
2025-07-02T20:03:00+02:00;55974;48;1;38;freeFlow;1
2025-07-02T20:03:00+02:00;55975;31;3;100;heavy;7
2025-07-02T20:03:00+02:00;55977;23;7;100;heavy;4
2025-07-02T20:03:00+02:00;55978;48;2;38;freeFlow;1
2025-07-02T20:03:00+02:00;55980;27;10;100;heavy;5
2025-07-02T20:03:00+02:00;55981;48;6;38;freeFlow;1
2025-07-02T20:03:00+02:00;56019;20;3;60;heavy;1
2025-07-02T20:03:00+02:00;56020;104;0;60;freeFlow;1
2025-07-02T20:03:00+02:00;56113;50;5;0;unknown;0
2025-07-02T20:03:00+02:00;56115;33;6;17;heavy;1
2025-07-02T20:03:00+02:00;56117;19;14;52;heavy;1
2025-07-02T20:03:00+02:00;56118;25;2;45;heavy;1
2025-07-02T20:03:00+02:00;56124;15;4;0;unknown;0
2025-07-02T20:03:00+02:00;56125;25;2;45;heavy;1
2025-07-02T20:03:00+02:00;56126;20;7;17;heavy;1
2025-07-02T20:03:00+02:00;56128;25;2;45;heavy;1
2025-07-02T20:03:00+02:00;56157_D;31;13;60;freeFlow;1
2025-07-02T20:03:00+02:00;56157_G;30;13;0;unknown;0
2025-07-02T20:03:00+02:00;56165_D;30;2;0;unknown;0
2025-07-02T20:03:00+02:00;56165_G;30;2;0;unknown;0
2025-07-02T20:03:00+02:00;56170;50;1;0;unknown;0
2025-07-02T20:03:00+02:00;56174;50;5;0;unknown;0
2025-07-02T20:03:00+02:00;56175;50;4;0;unknown;0
2025-07-02T20:03:00+02:00;56179;50;2;0;unknown;0
2025-07-02T20:03:00+02:00;56180;50;1;0;unknown;0
2025-07-02T20:03:00+02:00;56181;50;2;0;unknown;0
2025-07-02T20:03:00+02:00;56182;35;2;60;heavy;1
2025-07-02T20:03:00+02:00;56183;50;1;0;unknown;0
2025-07-02T20:03:00+02:00;56218_D;50;3;0;unknown;0
2025-07-02T20:03:00+02:00;56218_G;50;3;0;unknown;0
2025-07-02T20:03:00+02:00;56223;50;1;0;unknown;0
2025-07-02T20:03:00+02:00;56224;36;11;17;freeFlow;1
2025-07-02T20:03:00+02:00;56225;50;7;0;unknown;0
2025-07-02T20:03:00+02:00;56229;50;3;0;unknown;0
2025-07-02T20:03:00+02:00;56231;50;2;0;unknown;0
2025-07-02T20:03:00+02:00;56232;23;3;17;heavy;1
2025-07-02T20:03:00+02:00;56233;50;9;0;unknown;0
2025-07-02T20:03:00+02:00;56237;50;9;0;unknown;0
2025-07-02T20:03:00+02:00;56239;30;3;0;unknown;0
2025-07-02T20:03:00+02:00;56247;23;1;40;freeFlow;1
2025-07-02T20:03:00+02:00;56250;30;21;0;unknown;0
2025-07-02T20:03:00+02:00;56251;25;26;40;freeFlow;1
2025-07-02T20:03:00+02:00;56254;30;1;0;unknown;0
2025-07-02T20:03:00+02:00;56255;11;5;40;heavy;1
2025-07-02T20:03:00+02:00;56256;23;2;40;freeFlow;1
2025-07-02T20:03:00+02:00;56258;30;5;0;unknown;0
2025-07-02T20:03:00+02:00;56260;30;2;0;unknown;0
2025-07-02T20:03:00+02:00;56261;30;2;0;unknown;0
2025-07-02T20:03:00+02:00;56263;22;18;0;unknown;0
2025-07-02T20:03:00+02:00;56264;30;13;0;unknown;0
2025-07-02T20:03:00+02:00;56298;30;1;0;unknown;0
2025-07-02T20:03:00+02:00;56300;30;1;0;unknown;0
2025-07-02T20:03:00+02:00;56333;31;3;60;heavy;1
2025-07-02T20:03:00+02:00;565804_D;23;19;44;heavy;2
2025-07-02T20:03:00+02:00;565804_G;31;14;48;heavy;1
2025-07-02T20:03:00+02:00;565852;38;4;55;heavy;2
2025-07-02T20:03:00+02:00;565853;104;10;60;freeFlow;1
2025-07-02T20:03:00+02:00;566240;47;2;60;freeFlow;1
2025-07-02T20:03:00+02:00;566445_D;25;2;60;freeFlow;1
2025-07-02T20:03:00+02:00;566445_G;30;3;0;unknown;0
2025-07-02T20:03:00+02:00;566456_D;30;22;0;unknown;0
2025-07-02T20:03:00+02:00;566456_G;30;22;0;unknown;0
2025-07-02T20:03:00+02:00;566457;50;1;0;unknown;0
2025-07-02T20:03:00+02:00;566465_D;30;10;0;unknown;0
2025-07-02T20:03:00+02:00;566465_G;30;10;0;unknown;0
2025-07-02T20:03:00+02:00;56675_D;10;16;42;congested;1
2025-07-02T20:03:00+02:00;56675_G;19;8;42;heavy;1
2025-07-02T20:03:00+02:00;566941;42;2;60;freeFlow;1
2025-07-02T20:03:00+02:00;56871_D;50;3;0;unknown;0
2025-07-02T20:03:00+02:00;56871_G;50;3;0;unknown;0
2025-07-02T20:03:00+02:00;56908_D;10;39;60;congested;1
2025-07-02T20:03:00+02:00;56908_G;50;8;0;unknown;0
2025-07-02T20:03:00+02:00;56925;93;38;100;freeFlow;7
2025-07-02T20:03:00+02:00;56944_D;41;7;45;freeFlow;1
2025-07-02T20:03:00+02:00;56944_G;28;11;52;freeFlow;1
2025-07-02T20:03:00+02:00;56945_D;41;6;45;freeFlow;1
2025-07-02T20:03:00+02:00;56945_G;28;8;52;freeFlow;1
2025-07-02T20:03:00+02:00;57082_G;36;7;30;freeFlow;1
2025-07-02T20:03:00+02:00;57083_D;30;14;0;unknown;0
2025-07-02T20:03:00+02:00;57083_G;37;13;63;freeFlow;2
2025-07-02T20:03:00+02:00;59724;36;4;100;freeFlow;4
2025-07-02T20:03:00+02:00;59750_D;33;7;100;heavy;3
2025-07-02T20:03:00+02:00;59750_G;27;8;42;heavy;1
2025-07-02T20:03:00+02:00;59835_D;50;4;0;unknown;0
2025-07-02T20:03:00+02:00;59835_G;50;4;0;unknown;0
2025-07-02T20:03:00+02:00;59836;50;2;0;unknown;0
2025-07-02T20:03:00+02:00;59837;25;2;45;heavy;1
2025-07-02T20:03:00+02:00;59838;6;20;0;unknown;0
2025-07-02T20:03:00+02:00;62559_D;19;16;38;heavy;1
2025-07-02T20:03:00+02:00;62559_G;33;10;60;heavy;1
2025-07-02T20:03:00+02:00;62560;40;6;38;freeFlow;1
2025-07-02T20:03:00+02:00;62565_D;35;2;38;heavy;1
2025-07-02T20:03:00+02:00;62565_G;49;1;60;freeFlow;1
2025-07-02T20:03:00+02:00;62831_D;20;2;40;heavy;1
2025-07-02T20:03:00+02:00;62831_G;21;2;42;heavy;1
2025-07-02T20:03:00+02:00;62832_D;18;3;40;heavy;1
2025-07-02T20:03:00+02:00;62832_G;14;4;42;congested;1
2025-07-02T20:03:00+02:00;63045_D;30;5;0;unknown;0
2025-07-02T20:03:00+02:00;63045_G;30;5;0;unknown;0
2025-07-02T20:03:00+02:00;63053_D;42;5;45;freeFlow;1
2025-07-02T20:03:00+02:00;63053_G;30;7;52;heavy;1
2025-07-02T20:03:00+02:00;63899;90;19;100;freeFlow;9
2025-07-02T20:03:00+02:00;63934;50;1;0;unknown;0
2025-07-02T20:03:00+02:00;63935;26;15;48;heavy;1
2025-07-02T20:03:00+02:00;63936;34;15;60;heavy;1
2025-07-02T20:03:00+02:00;63939;27;22;85;heavy;3
2025-07-02T20:03:00+02:00;63940;25;3;75;heavy;2
2025-07-02T20:03:00+02:00;63941;31;2;75;heavy;2
2025-07-02T20:03:00+02:00;63942;31;1;75;heavy;2
2025-07-02T20:03:00+02:00;63943;29;3;99;heavy;3
2025-07-02T20:03:00+02:00;63944;46;3;100;freeFlow;4
2025-07-02T20:03:00+02:00;63947;34;4;60;heavy;1
2025-07-02T20:03:00+02:00;63950;30;1;75;heavy;2
2025-07-02T20:03:00+02:00;63951;38;2;32;freeFlow;1
2025-07-02T20:03:00+02:00;63952;49;0;100;freeFlow;3
2025-07-02T20:03:00+02:00;63953;53;1;100;freeFlow;3
2025-07-02T20:03:00+02:00;63970;74;13;100;freeFlow;3
2025-07-02T20:03:00+02:00;63973;20;6;100;heavy;3
2025-07-02T20:03:00+02:00;64032;94;10;48;freeFlow;1
2025-07-02T20:03:00+02:00;64061_D;8;40;32;congested;1
2025-07-02T20:03:00+02:00;64061_G;27;12;57;freeFlow;2
2025-07-02T20:03:00+02:00;64637_D;45;9;100;freeFlow;3
2025-07-02T20:03:00+02:00;64637_G;17;25;60;heavy;1
2025-07-02T20:03:00+02:00;65310;44;7;52;freeFlow;1
2025-07-02T20:03:00+02:00;65313;50;6;0;unknown;0
2025-07-02T20:03:00+02:00;65682;61;19;73;freeFlow;2
2025-07-02T20:03:00+02:00;66421;50;2;0;unknown;0
2025-07-02T20:03:00+02:00;66442;50;4;0;unknown;0
2025-07-02T20:03:00+02:00;66782;26;14;45;heavy;1
2025-07-02T20:03:00+02:00;67066;18;17;0;unknown;0
2025-07-02T20:03:00+02:00;67097_D;30;11;0;unknown;0
2025-07-02T20:03:00+02:00;67097_G;36;10;30;freeFlow;1
2025-07-02T20:03:00+02:00;69381_D;50;6;0;unknown;0
2025-07-02T20:03:00+02:00;69381_G;26;12;42;heavy;1
2025-07-02T20:03:00+02:00;72487_G;80;31;0;unknown;0
2025-07-02T20:03:00+02:00;72614;44;3;52;freeFlow;1
2025-07-02T20:03:00+02:00;72621;40;9;60;freeFlow;1
2025-07-02T20:03:00+02:00;72624;39;9;0;unknown;0
2025-07-02T20:03:00+02:00;72628;50;0;0;unknown;0
2025-07-02T20:03:00+02:00;74283_D;24;31;75;heavy;2
2025-07-02T20:03:00+02:00;74283_G;34;22;60;heavy;1
2025-07-02T20:03:00+02:00;75387;26;3;48;heavy;1
2025-07-02T20:03:00+02:00;75631;29;11;60;heavy;1
2025-07-02T20:03:00+02:00;75818_D;47;3;32;freeFlow;1
2025-07-02T20:03:00+02:00;75818_G;60;2;100;freeFlow;3
2025-07-02T20:03:00+02:00;75820;91;21;100;freeFlow;7
2025-07-02T20:03:00+02:00;75824;107;4;48;freeFlow;1
2025-07-02T20:03:00+02:00;75825;85;5;100;freeFlow;9
2025-07-02T20:03:00+02:00;75828;48;15;38;heavy;1
2025-07-02T20:03:00+02:00;75829;73;9;75;freeFlow;2
2025-07-02T20:03:00+02:00;75832;37;3;100;freeFlow;10
2025-07-02T20:03:00+02:00;75833;50;4;75;freeFlow;2
2025-07-02T20:03:00+02:00;75835;52;3;60;freeFlow;1
2025-07-02T20:03:00+02:00;75836;86;11;100;freeFlow;8
2025-07-02T20:03:00+02:00;75837;51;9;100;freeFlow;11
2025-07-02T20:03:00+02:00;75838;52;5;60;freeFlow;1
2025-07-02T20:03:00+02:00;75839;51;4;100;freeFlow;3
2025-07-02T20:03:00+02:00;75840;50;4;0;unknown;0
2025-07-02T20:03:00+02:00;75845;42;3;75;heavy;2
2025-07-02T20:03:00+02:00;75846;44;7;75;heavy;2
2025-07-02T20:03:00+02:00;75847;74;8;75;freeFlow;2
2025-07-02T20:03:00+02:00;75848;29;8;100;heavy;3
2025-07-02T20:03:00+02:00;75849;35;7;100;freeFlow;4
2025-07-02T20:03:00+02:00;75850;19;9;100;heavy;4
2025-07-02T20:03:00+02:00;75851;16;12;100;heavy;3
2025-07-02T20:03:00+02:00;75853;87;1;35;freeFlow;1
2025-07-02T20:03:00+02:00;75854;87;3;35;freeFlow;1
2025-07-02T20:03:00+02:00;75856;62;2;50;freeFlow;2
2025-07-02T20:03:00+02:00;75897;38;24;79;heavy;6
2025-07-02T20:03:00+02:00;9128;93;30;100;freeFlow;8
2025-07-02T20:03:00+02:00;9130;60;13;100;freeFlow;3
2025-07-02T20:03:00+02:00;9131;86;8;75;freeFlow;2
2025-07-02T20:03:00+02:00;9132;92;23;100;freeFlow;5
2025-07-02T20:03:00+02:00;9146;92;4;100;freeFlow;6
2025-07-02T20:03:00+02:00;9178;70;17;60;freeFlow;1
2025-07-02T20:03:00+02:00;9179;82;22;100;freeFlow;7
2025-07-02T20:03:00+02:00;9180;92;20;100;freeFlow;6
2025-07-02T20:03:00+02:00;9181;48;20;55;heavy;2
2025-07-02T20:03:00+02:00;9182;55;4;57;freeFlow;2
2025-07-02T20:03:00+02:00;9183;44;10;98;heavy;3
2025-07-02T20:03:00+02:00;9184;104;6;60;freeFlow;1
2025-07-02T20:03:00+02:00;9245;83;85;100;freeFlow;7
2025-07-02T20:03:00+02:00;9246;102;116;100;freeFlow;9
2025-07-02T20:03:00+02:00;9380_D;80;23;0;unknown;0
2025-07-02T20:03:00+02:00;9380_G;80;23;0;unknown;0
2025-07-02T20:03:00+02:00;9389;48;2;0;unknown;0
2025-07-02T20:03:00+02:00;9390;57;2;0;unknown;0
2025-07-02T20:03:00+02:00;9391;57;1;0;unknown;0
2025-07-02T20:03:00+02:00;9392;80;1;0;unknown;0
2025-07-02T20:03:00+02:00;1677832;25;13;72;heavy;2
2025-07-02T20:03:00+02:00;1679085_D;9;11;40;congested;1
2025-07-02T20:03:00+02:00;1679085_G;28;4;60;heavy;1
2025-07-02T20:03:00+02:00;1679794;28;2;60;heavy;1
2025-07-02T20:03:00+02:00;1679795_G;28;3;60;heavy;1
2025-07-02T20:03:00+02:00;1679796;28;1;60;heavy;1
2025-07-02T20:03:00+02:00;1679797_D;50;6;0;unknown;0
2025-07-02T20:03:00+02:00;1679797_G;50;6;0;unknown;0
2025-07-02T20:03:00+02:00;1679798;28;2;60;heavy;1
2025-07-02T20:03:00+02:00;1679800;15;5;40;heavy;1
2025-07-02T20:03:00+02:00;1680335;20;15;60;heavy;1
2025-07-02T20:03:00+02:00;1680340;27;4;60;heavy;1
2025-07-02T20:03:00+02:00;213972_D;50;6;0;unknown;0
2025-07-02T20:03:00+02:00;213972_G;50;5;0;unknown;0
2025-07-02T20:03:00+02:00;213973_D;50;8;0;unknown;0
2025-07-02T20:03:00+02:00;213973_G;50;8;0;unknown;0
2025-07-02T20:03:00+02:00;213974_D;50;4;0;unknown;0
2025-07-02T20:03:00+02:00;213974_G;50;4;0;unknown;0
2025-07-02T20:03:00+02:00;26521;103;53;100;freeFlow;4
2025-07-02T20:03:00+02:00;26522;101;33;100;freeFlow;7
2025-07-02T20:03:00+02:00;31304_G;36;31;30;freeFlow;1
2025-07-02T20:03:00+02:00;31328;97;9;60;freeFlow;1
2025-07-02T20:03:00+02:00;31441;105;32;45;freeFlow;1
2025-07-02T20:03:00+02:00;31535;85;9;75;freeFlow;2
2025-07-02T20:03:00+02:00;31552;86;8;75;freeFlow;2
2025-07-02T20:03:00+02:00;31555;99;8;97;freeFlow;3
2025-07-02T20:03:00+02:00;43014_D;22;9;60;heavy;1
2025-07-02T20:03:00+02:00;43014_G;26;8;75;heavy;2
2025-07-02T20:03:00+02:00;43105_D;5;53;84;congested;3
2025-07-02T20:03:00+02:00;43105_G;26;10;68;heavy;2
2025-07-02T20:03:00+02:00;43118_D;35;16;60;heavy;1
2025-07-02T20:03:00+02:00;43118_G;19;29;75;heavy;2
2025-07-02T20:03:00+02:00;43124_D;11;36;73;heavy;2
2025-07-02T20:03:00+02:00;43124_G;35;11;75;freeFlow;2
2025-07-02T20:03:00+02:00;43125_D;32;8;60;freeFlow;1
2025-07-02T20:03:00+02:00;43125_G;29;9;75;freeFlow;2
2025-07-02T20:03:00+02:00;43126_D;15;33;75;heavy;2
2025-07-02T20:03:00+02:00;43126_G;22;23;75;freeFlow;2
2025-07-02T20:03:00+02:00;43147_D;34;8;60;freeFlow;1
2025-07-02T20:03:00+02:00;43147_G;34;8;75;freeFlow;2
2025-07-02T20:03:00+02:00;43336_D;38;8;32;freeFlow;1
2025-07-02T20:03:00+02:00;43336_G;41;7;52;freeFlow;1
2025-07-02T20:03:00+02:00;43337_D;28;15;58;heavy;2
2025-07-02T20:03:00+02:00;43337_G;11;38;50;congested;1
2025-07-02T20:03:00+02:00;43338_D;27;6;32;heavy;1
2025-07-02T20:03:00+02:00;43338_G;28;6;52;heavy;1
2025-07-02T20:03:00+02:00;43339_D;41;6;32;freeFlow;1
2025-07-02T20:03:00+02:00;43339_G;41;6;52;freeFlow;1
2025-07-02T20:03:00+02:00;43340_D;40;1;32;freeFlow;1
2025-07-02T20:03:00+02:00;43340_G;41;1;52;freeFlow;1
2025-07-02T20:03:00+02:00;43341_D;34;5;32;heavy;1
2025-07-02T20:03:00+02:00;43341_G;41;4;52;freeFlow;1
2025-07-02T20:03:00+02:00;43342_D;34;3;32;heavy;1
2025-07-02T20:03:00+02:00;43342_G;41;2;52;freeFlow;1
2025-07-02T20:03:00+02:00;43343_D;38;9;32;freeFlow;1
2025-07-02T20:03:00+02:00;43343_G;41;9;52;freeFlow;1
2025-07-02T20:03:00+02:00;43345_D;39;8;30;freeFlow;1
2025-07-02T20:03:00+02:00;43345_G;31;9;55;freeFlow;1
2025-07-02T20:03:00+02:00;43347_D;37;4;30;freeFlow;1
2025-07-02T20:03:00+02:00;43347_G;33;4;52;freeFlow;1
2025-07-02T20:03:00+02:00;43352_D;39;12;27;freeFlow;1
2025-07-02T20:03:00+02:00;43353_D;39;7;27;freeFlow;1
2025-07-02T20:03:00+02:00;43353_G;22;13;55;freeFlow;1
2025-07-02T20:03:00+02:00;43377_D;37;13;35;freeFlow;1
2025-07-02T20:03:00+02:00;43377_G;35;14;52;freeFlow;1
2025-07-02T20:03:00+02:00;43379_D;37;6;30;freeFlow;1
2025-07-02T20:03:00+02:00;43379_G;33;7;52;freeFlow;1
2025-07-02T20:03:00+02:00;43413_D;40;4;27;freeFlow;1
2025-07-02T20:03:00+02:00;43413_G;22;8;55;freeFlow;1
2025-07-02T20:03:00+02:00;43474_D;33;4;40;heavy;1
2025-07-02T20:03:00+02:00;43474_G;30;5;75;heavy;2
2025-07-02T20:03:00+02:00;43615_D;34;2;40;freeFlow;1
2025-07-02T20:03:00+02:00;43615_G;30;2;75;freeFlow;2
2025-07-02T20:03:00+02:00;43743_D;37;34;52;freeFlow;1
2025-07-02T20:03:00+02:00;43746;9;23;60;heavy;1
2025-07-02T20:03:00+02:00;43747;32;13;60;freeFlow;1
2025-07-02T20:03:00+02:00;43751;38;15;35;freeFlow;1
2025-07-02T20:03:00+02:00;43774_D;33;6;60;heavy;1
2025-07-02T20:03:00+02:00;43774_G;35;6;75;freeFlow;2
2025-07-02T20:03:00+02:00;43775_D;34;12;75;heavy;2
2025-07-02T20:03:00+02:00;43775_G;14;28;60;congested;1
2025-07-02T20:03:00+02:00;43826_D;21;13;60;heavy;1
2025-07-02T20:03:00+02:00;43826_G;6;43;60;congested;1
2025-07-02T20:03:00+02:00;43971;31;21;40;heavy;1
2025-07-02T20:03:00+02:00;43973;22;11;42;heavy;1
2025-07-02T20:03:00+02:00;44003_G;37;11;60;freeFlow;1
2025-07-02T20:03:00+02:00;44004_D;30;36;53;heavy;2
2025-07-02T20:03:00+02:00;44004_G;43;26;75;freeFlow;2
2025-07-02T20:03:00+02:00;44017_G;40;4;60;freeFlow;1
2025-07-02T20:03:00+02:00;44018_G;39;15;60;freeFlow;1
2025-07-02T20:03:00+02:00;44037_D;29;6;40;heavy;1
2025-07-02T20:03:00+02:00;44037_G;28;6;75;heavy;2
2025-07-02T20:03:00+02:00;44851_D;50;11;0;unknown;0
2025-07-02T20:03:00+02:00;44851_G;8;68;58;congested;1
2025-07-02T20:03:00+02:00;44852_D;50;9;0;unknown;0
2025-07-02T20:03:00+02:00;44852_G;35;13;57;freeFlow;3
2025-07-02T20:03:00+02:00;44854_D;50;1;0;unknown;0
2025-07-02T20:03:00+02:00;44854_G;54;1;57;freeFlow;1
2025-07-02T20:03:00+02:00;44855_D;26;14;32;heavy;1
2025-07-02T20:03:00+02:00;44855_G;48;7;57;freeFlow;1
2025-07-02T20:03:00+02:00;44879;80;17;100;freeFlow;5
2025-07-02T20:03:00+02:00;44897_D;50;5;0;unknown;0
2025-07-02T20:03:00+02:00;44897_G;52;5;57;freeFlow;1
2025-07-02T20:03:00+02:00;44901;60;26;57;freeFlow;1
2025-07-02T20:03:00+02:00;44939;98;42;100;freeFlow;4
2025-07-02T20:03:00+02:00;45135_D;6;12;27;congested;1
2025-07-02T20:03:00+02:00;45135_G;50;1;0;unknown;0
2025-07-02T20:03:00+02:00;45136_G;50;16;0;unknown;0
2025-07-02T20:03:00+02:00;45137_D;30;3;27;heavy;1
2025-07-02T20:03:00+02:00;45137_G;50;1;0;unknown;0
2025-07-02T20:03:00+02:00;45146;32;13;70;heavy;2
2025-07-02T20:03:00+02:00;45147_D;27;2;57;heavy;1
2025-07-02T20:03:00+02:00;45147_G;28;1;60;heavy;1
2025-07-02T20:03:00+02:00;45153;21;19;60;heavy;1
2025-07-02T20:03:00+02:00;45155;8;92;15;congested;1
2025-07-02T20:03:00+02:00;45213;26;18;68;heavy;2
2025-07-02T20:03:00+02:00;45214;42;6;60;freeFlow;1
2025-07-02T20:03:00+02:00;45232;19;86;60;heavy;1
2025-07-02T20:03:00+02:00;45233;31;4;60;heavy;1
2025-07-02T20:03:00+02:00;45236_D;52;12;75;freeFlow;2
2025-07-02T20:03:00+02:00;45242;108;11;60;freeFlow;1
2025-07-02T20:03:00+02:00;45246;88;29;100;freeFlow;4
2025-07-02T20:03:00+02:00;45247;50;19;60;freeFlow;1
2025-07-02T20:03:00+02:00;47742_G;36;6;60;freeFlow;1
2025-07-02T20:03:00+02:00;47744;31;64;17;heavy;1
2025-07-02T20:03:00+02:00;48725;42;2;60;freeFlow;1
2025-07-02T20:03:00+02:00;48736;28;2;53;heavy;2
2025-07-02T20:03:00+02:00;48738;20;3;22;heavy;1
2025-07-02T20:03:00+02:00;48746;20;19;22;heavy;1
2025-07-02T20:03:00+02:00;48751;50;1;0;unknown;0
2025-07-02T20:03:00+02:00;48752;40;2;57;freeFlow;1
2025-07-02T20:03:00+02:00;48753;25;3;32;heavy;1
2025-07-02T20:03:00+02:00;48754;50;1;0;unknown;0
2025-07-02T20:03:00+02:00;48764;16;5;60;heavy;1
2025-07-02T20:03:00+02:00;48765;19;12;45;heavy;1
2025-07-02T20:03:00+02:00;48796;26;19;60;heavy;1
2025-07-02T20:03:00+02:00;48915_D;50;2;0;unknown;0
2025-07-02T20:03:00+02:00;48915_G;31;4;60;heavy;1
2025-07-02T20:03:00+02:00;48916;35;5;60;freeFlow;1
2025-07-02T20:03:00+02:00;48953_D;31;37;30;heavy;1
2025-07-02T20:03:00+02:00;48953_G;50;23;0;unknown;0
2025-07-02T20:03:00+02:00;48993_D;32;11;30;heavy;1
2025-07-02T20:03:00+02:00;48993_G;29;12;52;heavy;1
2025-07-02T20:03:00+02:00;49042_D;50;1;0;unknown;0
2025-07-02T20:03:00+02:00;49042_G;54;1;57;freeFlow;1
2025-07-02T20:03:00+02:00;50035_D;35;3;40;heavy;1
2025-07-02T20:03:00+02:00;50035_G;29;3;75;heavy;2
2025-07-02T20:03:00+02:00;50087;31;9;60;heavy;1
2025-07-02T20:03:00+02:00;50107_D;50;11;0;unknown;0
2025-07-02T20:03:00+02:00;50107_G;28;19;60;heavy;1
2025-07-02T20:03:00+02:00;52835_G;31;5;75;heavy;2
2025-07-02T20:03:00+02:00;52850_D;23;6;60;heavy;1
2025-07-02T20:03:00+02:00;52850_G;31;5;75;heavy;2
2025-07-02T20:03:00+02:00;52878;40;4;75;freeFlow;2
2025-07-02T20:03:00+02:00;53020_G;40;2;60;freeFlow;1
2025-07-02T20:03:00+02:00;53130_D;50;5;0;unknown;0
2025-07-02T20:03:00+02:00;53130_G;25;10;60;heavy;1
2025-07-02T20:03:00+02:00;53375_D;38;3;27;freeFlow;1
2025-07-02T20:03:00+02:00;53375_G;22;5;55;freeFlow;1
2025-07-02T20:03:00+02:00;53427;98;44;100;freeFlow;3
2025-07-02T20:03:00+02:00;53988;42;6;60;freeFlow;1
2025-07-02T20:03:00+02:00;53989;50;2;0;unknown;0
2025-07-02T20:03:00+02:00;53992_D;34;12;30;heavy;1
2025-07-02T20:03:00+02:00;53992_G;50;8;0;unknown;0
2025-07-02T20:03:00+02:00;53995;50;1;0;unknown;0
2025-07-02T20:03:00+02:00;53997;34;2;30;heavy;1
2025-07-02T20:03:00+02:00;53999;34;2;30;heavy;1
2025-07-02T20:03:00+02:00;54130;50;31;0;unknown;0
2025-07-02T20:03:00+02:00;54136;53;3;75;freeFlow;2
2025-07-02T20:03:00+02:00;54219;22;25;42;heavy;1
2025-07-02T20:03:00+02:00;54222;22;27;42;heavy;1
2025-07-02T20:03:00+02:00;54235;8;57;75;congested;2
2025-07-02T20:03:00+02:00;54300;36;11;100;freeFlow;3
2025-07-02T20:03:00+02:00;54304_D;27;8;27;heavy;1
2025-07-02T20:03:00+02:00;54304_G;50;4;0;unknown;0
2025-07-02T20:03:00+02:00;54309;23;38;75;heavy;2
2025-07-02T20:03:00+02:00;54345;19;7;45;heavy;1
2025-07-02T20:03:00+02:00;54352;39;8;60;freeFlow;1
2025-07-02T20:03:00+02:00;54353;50;3;0;unknown;0
2025-07-02T20:03:00+02:00;54356;43;20;75;freeFlow;2
2025-07-02T20:03:00+02:00;54357;40;6;75;freeFlow;2
2025-07-02T20:03:00+02:00;54370;31;6;64;heavy;2
2025-07-02T20:03:00+02:00;54373;40;5;27;freeFlow;1
2025-07-02T20:03:00+02:00;54374;51;4;32;freeFlow;1
2025-07-02T20:03:00+02:00;54377;62;17;60;freeFlow;1
2025-07-02T20:03:00+02:00;54396;27;9;57;heavy;1
2025-07-02T20:03:00+02:00;54397;27;22;57;heavy;1
2025-07-02T20:03:00+02:00;54468;45;3;60;freeFlow;1
2025-07-02T20:03:00+02:00;54470;27;10;57;heavy;1
2025-07-02T20:03:00+02:00;56022;49;3;75;freeFlow;2
2025-07-02T20:03:00+02:00;56598;50;1;0;unknown;0
2025-07-02T20:03:00+02:00;56676_D;18;12;42;heavy;1
2025-07-02T20:03:00+02:00;56868;26;7;42;heavy;1
2025-07-02T20:03:00+02:00;56869;27;6;32;heavy;1
2025-07-02T20:03:00+02:00;56894;21;10;60;heavy;1
2025-07-02T20:03:00+02:00;56895;21;55;60;heavy;1
2025-07-02T20:03:00+02:00;56896;53;3;100;freeFlow;3
2025-07-02T20:03:00+02:00;56901;97;22;75;freeFlow;2
2025-07-02T20:03:00+02:00;60284;35;35;100;heavy;3
2025-07-02T20:03:00+02:00;63409_D;4;26;32;congested;1
2025-07-02T20:03:00+02:00;63409_G;28;4;52;heavy;1
2025-07-02T20:03:00+02:00;66896;37;9;60;freeFlow;1
2025-07-02T20:03:00+02:00;69440;43;5;75;freeFlow;2
2025-07-02T20:03:00+02:00;69442;45;9;75;freeFlow;2
2025-07-02T20:03:00+02:00;75868;83;9;75;freeFlow;2
2025-07-02T20:03:00+02:00;75908;46;22;70;freeFlow;2
2025-07-02T20:03:00+02:00;75909;15;69;100;congested;3
2025-07-02T20:03:00+02:00;44943;45;14;100;freeFlow;3
2025-07-02T20:03:00+02:00;47063;31;19;60;heavy;1
2025-07-02T20:03:00+02:00;71455_G;50;3;0;unknown;0
2025-07-02T20:03:00+02:00;75831;25;37;98;heavy;4