datetime;predefinedLocationReference;averageVehicleSpeed;travelTime;travelTimeReliability;trafficStatus;vehicleProbeMeasurement
2025-07-03T08:03:00+02:00;10273_D;82;9;45;freeFlow;1
2025-07-03T08:03:00+02:00;10273_G;46;16;73;heavy;2
2025-07-03T08:03:00+02:00;10274_D;82;8;45;freeFlow;1
2025-07-03T08:03:00+02:00;10274_G;60;11;73;freeFlow;2
2025-07-03T08:03:00+02:00;10275_D;82;12;45;freeFlow;1
2025-07-03T08:03:00+02:00;10275_G;40;25;73;heavy;2
2025-07-03T08:03:00+02:00;10277_D;77;20;60;freeFlow;2
2025-07-03T08:03:00+02:00;10277_G;72;21;74;freeFlow;2
2025-07-03T08:03:00+02:00;10279_D;75;13;60;freeFlow;2
2025-07-03T08:03:00+02:00;10279_G;73;14;60;freeFlow;1
2025-07-03T08:03:00+02:00;10281_D;75;19;63;freeFlow;2
2025-07-03T08:03:00+02:00;10281_G;59;24;74;freeFlow;2
2025-07-03T08:03:00+02:00;10315_D;82;7;45;freeFlow;1
2025-07-03T08:03:00+02:00;10315_G;45;12;75;heavy;2
2025-07-03T08:03:00+02:00;11579_D;33;8;60;heavy;1
2025-07-03T08:03:00+02:00;11579_G;63;4;60;freeFlow;1
2025-07-03T08:03:00+02:00;11652;39;35;100;heavy;4
2025-07-03T08:03:00+02:00;11654;43;3;100;heavy;6
2025-07-03T08:03:00+02:00;11777_D;31;3;40;heavy;1
2025-07-03T08:03:00+02:00;11777_G;31;2;75;heavy;2
2025-07-03T08:03:00+02:00;11781_D;33;2;60;freeFlow;1
2025-07-03T08:03:00+02:00;11781_G;30;3;0;unknown;0
2025-07-03T08:03:00+02:00;11784_D;50;1;60;freeFlow;1
2025-07-03T08:03:00+02:00;11784_G;30;2;0;unknown;0
2025-07-03T08:03:00+02:00;11785_D;50;1;60;freeFlow;1
2025-07-03T08:03:00+02:00;11785_G;38;1;60;freeFlow;1
2025-07-03T08:03:00+02:00;12060_D;82;9;45;freeFlow;1
2025-07-03T08:03:00+02:00;12060_G;44;17;60;heavy;1
2025-07-03T08:03:00+02:00;1242_D;84;1;60;freeFlow;1
2025-07-03T08:03:00+02:00;1242_G;15;8;65;congested;2
2025-07-03T08:03:00+02:00;1285_D;94;1;60;freeFlow;1
2025-07-03T08:03:00+02:00;1285_G;37;2;63;heavy;2
2025-07-03T08:03:00+02:00;13514;37;6;45;heavy;1
2025-07-03T08:03:00+02:00;13515;28;5;45;heavy;1
2025-07-03T08:03:00+02:00;13516;30;4;15;heavy;1
2025-07-03T08:03:00+02:00;13549_D;55;7;55;heavy;1
2025-07-03T08:03:00+02:00;13549_G;51;7;42;heavy;1
2025-07-03T08:03:00+02:00;13557_D;40;9;55;heavy;1
2025-07-03T08:03:00+02:00;13557_G;46;8;42;heavy;1
2025-07-03T08:03:00+02:00;14364;113;18;60;freeFlow;1
2025-07-03T08:03:00+02:00;14365;114;18;100;freeFlow;3
2025-07-03T08:03:00+02:00;15029_D;52;47;100;heavy;4
2025-07-03T08:03:00+02:00;15029_G;57;43;98;freeFlow;3
2025-07-03T08:03:00+02:00;15062;33;4;68;heavy;2
2025-07-03T08:03:00+02:00;15063;30;5;100;heavy;4
2025-07-03T08:03:00+02:00;15064;37;4;94;heavy;6
2025-07-03T08:03:00+02:00;15065;33;6;48;heavy;1
2025-07-03T08:03:00+02:00;15066;36;4;60;heavy;1
2025-07-03T08:03:00+02:00;15067_D;64;66;57;freeFlow;2
2025-07-03T08:03:00+02:00;15067_G;60;71;60;freeFlow;1
2025-07-03T08:03:00+02:00;15104_D;65;61;51;freeFlow;1
2025-07-03T08:03:00+02:00;15104_G;69;57;34;freeFlow;1
2025-07-03T08:03:00+02:00;15111;116;3;100;freeFlow;3
2025-07-03T08:03:00+02:00;15113;30;6;52;heavy;1
2025-07-03T08:03:00+02:00;15114;34;4;52;heavy;1
2025-07-03T08:03:00+02:00;15117;33;5;52;heavy;1
2025-07-03T08:03:00+02:00;15118;29;4;52;heavy;1
2025-07-03T08:03:00+02:00;15119;36;5;68;heavy;2
2025-07-03T08:03:00+02:00;15120;78;2;45;freeFlow;1
2025-07-03T08:03:00+02:00;15121;78;1;45;freeFlow;1
2025-07-03T08:03:00+02:00;15122;67;3;45;freeFlow;1
2025-07-03T08:03:00+02:00;15124_D;35;24;52;heavy;1
2025-07-03T08:03:00+02:00;15124_G;28;30;45;heavy;1
2025-07-03T08:03:00+02:00;15549_D;36;1;60;freeFlow;1
2025-07-03T08:03:00+02:00;15549_G;50;1;0;unknown;0
2025-07-03T08:03:00+02:00;15550;84;0;60;freeFlow;1
2025-07-03T08:03:00+02:00;15551;98;116;83;freeFlow;3
2025-07-03T08:03:00+02:00;1601768;23;17;75;heavy;2
2025-07-03T08:03:00+02:00;1601771;42;6;60;freeFlow;1
2025-07-03T08:03:00+02:00;1601787;34;2;67;heavy;2
2025-07-03T08:03:00+02:00;1601792;33;2;60;freeFlow;1
2025-07-03T08:03:00+02:00;1601794_D;27;5;60;freeFlow;1
2025-07-03T08:03:00+02:00;1601794_G;30;3;0;unknown;0
2025-07-03T08:03:00+02:00;1601795;32;15;60;freeFlow;1
2025-07-03T08:03:00+02:00;1601797;10;50;0;unknown;0
2025-07-03T08:03:00+02:00;1601798;37;3;32;freeFlow;1
2025-07-03T08:03:00+02:00;1601799;30;2;0;unknown;0
2025-07-03T08:03:00+02:00;1601807;26;4;100;heavy;8
2025-07-03T08:03:00+02:00;1601808;49;19;100;freeFlow;3
2025-07-03T08:03:00+02:00;1601810;36;27;100;freeFlow;5
2025-07-03T08:03:00+02:00;1601812;55;3;95;freeFlow;4
2025-07-03T08:03:00+02:00;1601813_D;61;21;95;freeFlow;3
2025-07-03T08:03:00+02:00;1601813_G;63;20;75;freeFlow;2
2025-07-03T08:03:00+02:00;1601814;58;3;75;freeFlow;2
2025-07-03T08:03:00+02:00;1601815;55;3;100;freeFlow;5
2025-07-03T08:03:00+02:00;1601819;26;2;100;heavy;5
2025-07-03T08:03:00+02:00;1601824;51;3;100;freeFlow;3
2025-07-03T08:03:00+02:00;1601898;73;21;100;freeFlow;6
2025-07-03T08:03:00+02:00;1601931_D;50;5;0;unknown;0
2025-07-03T08:03:00+02:00;1601931_G;12;23;20;congested;1
2025-07-03T08:03:00+02:00;1602158_D;22;1;22;heavy;1
2025-07-03T08:03:00+02:00;1602158_G;50;1;0;unknown;0
2025-07-03T08:03:00+02:00;1602398;13;3;75;congested;2
2025-07-03T08:03:00+02:00;1626;44;55;98;heavy;3
2025-07-03T08:03:00+02:00;1627;49;4;100;freeFlow;4
2025-07-03T08:03:00+02:00;1628;58;2;60;freeFlow;1
2025-07-03T08:03:00+02:00;1629;33;4;98;heavy;3
2025-07-03T08:03:00+02:00;1630;34;3;72;heavy;2
2025-07-03T08:03:00+02:00;1631;87;1;60;freeFlow;1
2025-07-03T08:03:00+02:00;1632;59;32;98;heavy;3
2025-07-03T08:03:00+02:00;1633;78;10;52;freeFlow;1
2025-07-03T08:03:00+02:00;1639;32;9;73;heavy;2
2025-07-03T08:03:00+02:00;16647_D;77;59;75;freeFlow;2
2025-07-03T08:03:00+02:00;16647_G;65;70;74;freeFlow;3
2025-07-03T08:03:00+02:00;16648_D;91;8;75;freeFlow;2
2025-07-03T08:03:00+02:00;16648_G;79;9;75;freeFlow;2
2025-07-03T08:03:00+02:00;16695_D;63;45;42;freeFlow;1
2025-07-03T08:03:00+02:00;16695_G;25;112;56;heavy;1
2025-07-03T08:03:00+02:00;16701;21;5;75;heavy;2
2025-07-03T08:03:00+02:00;16702;28;4;100;heavy;3
2025-07-03T08:03:00+02:00;16707_D;33;1;75;heavy;2
2025-07-03T08:03:00+02:00;16707_G;50;1;0;unknown;0
2025-07-03T08:03:00+02:00;16744;16;9;100;congested;4
2025-07-03T08:03:00+02:00;16745;35;3;75;heavy;2
2025-07-03T08:03:00+02:00;16746;38;3;60;heavy;1
2025-07-03T08:03:00+02:00;16747;35;5;100;heavy;5
2025-07-03T08:03:00+02:00;16748;35;4;100;heavy;5
2025-07-03T08:03:00+02:00;16749;32;4;100;heavy;5
2025-07-03T08:03:00+02:00;16752_D;36;11;75;heavy;2
2025-07-03T08:03:00+02:00;16752_G;80;5;0;unknown;0
2025-07-03T08:03:00+02:00;1675_D;51;6;60;freeFlow;1
2025-07-03T08:03:00+02:00;1675_G;54;5;60;freeFlow;1
2025-07-03T08:03:00+02:00;1676;69;7;100;freeFlow;3
2025-07-03T08:03:00+02:00;16761;25;4;100;heavy;3
2025-07-03T08:03:00+02:00;16762;33;3;100;heavy;3
2025-07-03T08:03:00+02:00;1677;25;20;60;congested;1
2025-07-03T08:03:00+02:00;1677109;30;54;99;heavy;3
2025-07-03T08:03:00+02:00;1677110;19;3;35;congested;1
2025-07-03T08:03:00+02:00;1677175_D;10;145;56;heavy;1
2025-07-03T08:03:00+02:00;1677175_G;30;48;0;unknown;0
2025-07-03T08:03:00+02:00;1677180_D;11;3;60;heavy;1
2025-07-03T08:03:00+02:00;1677180_G;18;3;60;heavy;1
2025-07-03T08:03:00+02:00;1677184_D;15;47;60;heavy;1
2025-07-03T08:03:00+02:00;1677184_G;12;59;60;heavy;1
2025-07-03T08:03:00+02:00;1677551_D;30;2;0;unknown;0
2025-07-03T08:03:00+02:00;1677551_G;44;1;38;freeFlow;1
2025-07-03T08:03:00+02:00;1677568_D;50;29;0;unknown;0
2025-07-03T08:03:00+02:00;1677568_G;50;30;0;unknown;0
2025-07-03T08:03:00+02:00;1677569;37;3;32;freeFlow;1
2025-07-03T08:03:00+02:00;1677687;50;1;0;unknown;0
2025-07-03T08:03:00+02:00;1677691;30;2;12;heavy;1
2025-07-03T08:03:00+02:00;1677693;30;3;12;heavy;1
2025-07-03T08:03:00+02:00;1677695_D;50;14;0;unknown;0
2025-07-03T08:03:00+02:00;1677695_G;27;24;12;heavy;1
2025-07-03T08:03:00+02:00;1677709_D;50;3;0;unknown;0
2025-07-03T08:03:00+02:00;1677709_G;40;5;12;freeFlow;1
2025-07-03T08:03:00+02:00;1677716_D;50;3;0;unknown;0
2025-07-03T08:03:00+02:00;1677716_G;45;3;12;freeFlow;1
2025-07-03T08:03:00+02:00;1677730_D;50;22;0;unknown;0
2025-07-03T08:03:00+02:00;1677730_G;24;45;91;heavy;4
2025-07-03T08:03:00+02:00;1677735_D;50;1;0;unknown;0
2025-07-03T08:03:00+02:00;1677735_G;35;1;10;freeFlow;1
2025-07-03T08:03:00+02:00;1677745_D;50;2;0;unknown;0
2025-07-03T08:03:00+02:00;1677745_G;50;1;0;unknown;0
2025-07-03T08:03:00+02:00;1677785_D;30;9;0;unknown;0
2025-07-03T08:03:00+02:00;1677785_G;30;9;0;unknown;0
2025-07-03T08:03:00+02:00;1677801_D;50;6;0;unknown;0
2025-07-03T08:03:00+02:00;1677801_G;50;6;0;unknown;0
2025-07-03T08:03:00+02:00;1677808_D;50;13;0;unknown;0
2025-07-03T08:03:00+02:00;1677808_G;50;13;0;unknown;0
2025-07-03T08:03:00+02:00;16783;26;4;66;heavy;2
2025-07-03T08:03:00+02:00;16784;41;2;27;freeFlow;1
2025-07-03T08:03:00+02:00;16785;35;2;60;freeFlow;1
2025-07-03T08:03:00+02:00;1678542;51;41;100;heavy;5
2025-07-03T08:03:00+02:00;1678698_D;20;40;60;heavy;1
2025-07-03T08:03:00+02:00;1678698_G;48;16;60;freeFlow;1
2025-07-03T08:03:00+02:00;1678750;30;3;12;heavy;1
2025-07-03T08:03:00+02:00;1678763_D;41;5;60;freeFlow;1
2025-07-03T08:03:00+02:00;1678763_G;50;4;0;unknown;0
2025-07-03T08:03:00+02:00;1679092_D;22;10;75;heavy;2
2025-07-03T08:03:00+02:00;1679092_G;37;6;60;freeFlow;1
2025-07-03T08:03:00+02:00;1679681;45;18;100;heavy;3
2025-07-03T08:03:00+02:00;1679779;82;4;60;freeFlow;1
2025-07-03T08:03:00+02:00;1679795_D;18;4;75;heavy;2
2025-07-03T08:03:00+02:00;1679822;23;3;100;heavy;3
2025-07-03T08:03:00+02:00;1679825;29;2;75;heavy;2
2025-07-03T08:03:00+02:00;1679841;8;118;100;congested;5
2025-07-03T08:03:00+02:00;1679843;29;1;75;heavy;2
2025-07-03T08:03:00+02:00;1679845;8;5;100;congested;3
2025-07-03T08:03:00+02:00;1679847;29;2;75;heavy;2
2025-07-03T08:03:00+02:00;1679859_D;56;9;57;freeFlow;1
2025-07-03T08:03:00+02:00;1679859_G;59;8;32;freeFlow;1
2025-07-03T08:03:00+02:00;1680014;76;6;100;freeFlow;10
2025-07-03T08:03:00+02:00;1680016;92;13;100;freeFlow;8
2025-07-03T08:03:00+02:00;1680022;93;5;100;freeFlow;6
2025-07-03T08:03:00+02:00;1680024;99;8;100;freeFlow;10
2025-07-03T08:03:00+02:00;1680116;48;3;100;heavy;3
2025-07-03T08:03:00+02:00;1680119;39;5;100;heavy;4
2025-07-03T08:03:00+02:00;1680121;51;3;100;heavy;3
2025-07-03T08:03:00+02:00;1680122_D;49;38;75;heavy;2
2025-07-03T08:03:00+02:00;1680122_G;48;39;74;heavy;2
2025-07-03T08:03:00+02:00;1680123;37;4;100;heavy;4
2025-07-03T08:03:00+02:00;1680337;32;7;75;heavy;2
2025-07-03T08:03:00+02:00;1680401_D;54;23;60;freeFlow;1
2025-07-03T08:03:00+02:00;1680401_G;70;18;0;unknown;0
2025-07-03T08:03:00+02:00;1680514_D;27;16;12;heavy;1
2025-07-03T08:03:00+02:00;1680514_G;49;9;20;freeFlow;1
2025-07-03T08:03:00+02:00;1680539;60;1;100;heavy;3
2025-07-03T08:03:00+02:00;1680541_D;45;9;25;freeFlow;1
2025-07-03T08:03:00+02:00;1680541_G;41;10;42;freeFlow;1
2025-07-03T08:03:00+02:00;1680549_D;42;15;60;freeFlow;1
2025-07-03T08:03:00+02:00;1680549_G;27;23;60;heavy;1
2025-07-03T08:03:00+02:00;1680551_D;41;1;42;freeFlow;1
2025-07-03T08:03:00+02:00;1680551_G;38;1;25;freeFlow;1
2025-07-03T08:03:00+02:00;1680557_D;28;1;30;heavy;1
2025-07-03T08:03:00+02:00;1680557_G;32;1;60;heavy;1
2025-07-03T08:03:00+02:00;1680561_D;27;1;12;heavy;1
2025-07-03T08:03:00+02:00;1680561_G;34;1;17;heavy;1
2025-07-03T08:03:00+02:00;1680567;30;3;60;heavy;1
2025-07-03T08:03:00+02:00;1680569;24;6;75;heavy;2
2025-07-03T08:03:00+02:00;1680573;26;3;60;heavy;1
2025-07-03T08:03:00+02:00;1680574;21;6;60;heavy;1
2025-07-03T08:03:00+02:00;1680575;32;10;60;heavy;1
2025-07-03T08:03:00+02:00;1680576;30;3;60;heavy;1
2025-07-03T08:03:00+02:00;16821_D;27;242;100;heavy;4
2025-07-03T08:03:00+02:00;16821_G;74;90;75;freeFlow;2
2025-07-03T08:03:00+02:00;16830_D;49;16;35;freeFlow;1
2025-07-03T08:03:00+02:00;16830_G;56;15;60;freeFlow;1
2025-07-03T08:03:00+02:00;16831_D;45;3;35;freeFlow;1
2025-07-03T08:03:00+02:00;16831_G;56;2;60;freeFlow;1
2025-07-03T08:03:00+02:00;16832;14;11;35;congested;1
2025-07-03T08:03:00+02:00;16834;58;12;60;freeFlow;1
2025-07-03T08:03:00+02:00;16850_D;30;2;60;heavy;1
2025-07-03T08:03:00+02:00;16850_G;50;1;0;unknown;0
2025-07-03T08:03:00+02:00;16851_D;34;4;60;heavy;1
2025-07-03T08:03:00+02:00;16851_G;50;2;0;unknown;0
2025-07-03T08:03:00+02:00;16852_D;43;6;60;freeFlow;1
2025-07-03T08:03:00+02:00;16852_G;50;5;0;unknown;0
2025-07-03T08:03:00+02:00;16853_D;42;8;60;freeFlow;1
2025-07-03T08:03:00+02:00;16853_G;50;7;0;unknown;0
2025-07-03T08:03:00+02:00;16854_D;42;5;60;freeFlow;1
2025-07-03T08:03:00+02:00;16854_G;50;4;0;unknown;0
2025-07-03T08:03:00+02:00;16855_D;37;6;60;freeFlow;1
2025-07-03T08:03:00+02:00;16855_G;50;4;0;unknown;0
2025-07-03T08:03:00+02:00;16856_D;7;47;62;congested;2
2025-07-03T08:03:00+02:00;16856_G;50;7;0;unknown;0
2025-07-03T08:03:00+02:00;16858_D;35;43;32;heavy;1
2025-07-03T08:03:00+02:00;16858_G;42;36;60;freeFlow;1
2025-07-03T08:03:00+02:00;16859_D;17;8;32;heavy;1
2025-07-03T08:03:00+02:00;16859_G;56;3;60;freeFlow;1
2025-07-03T08:03:00+02:00;16860_D;37;10;32;freeFlow;1
2025-07-03T08:03:00+02:00;16860_G;56;6;60;freeFlow;1
2025-07-03T08:03:00+02:00;1690_D;51;5;60;freeFlow;1
2025-07-03T08:03:00+02:00;1690_G;56;5;60;freeFlow;1
2025-07-03T08:03:00+02:00;16910_D;32;9;60;heavy;1
2025-07-03T08:03:00+02:00;16910_G;50;6;0;unknown;0
2025-07-03T08:03:00+02:00;16967;84;7;75;freeFlow;2
2025-07-03T08:03:00+02:00;16969;20;2;60;congested;1
2025-07-03T08:03:00+02:00;16986;52;13;55;freeFlow;1
2025-07-03T08:03:00+02:00;16988;45;16;70;heavy;2
2025-07-03T08:03:00+02:00;16989;23;20;72;heavy;2
2025-07-03T08:03:00+02:00;16990;77;6;75;freeFlow;2
2025-07-03T08:03:00+02:00;16992;69;20;75;freeFlow;2
2025-07-03T08:03:00+02:00;16994;65;17;75;freeFlow;2
2025-07-03T08:03:00+02:00;17;55;4;42;heavy;1
2025-07-03T08:03:00+02:00;1721;52;2;100;freeFlow;3
2025-07-03T08:03:00+02:00;1722;56;2;75;freeFlow;2
2025-07-03T08:03:00+02:00;1723;43;4;75;freeFlow;2
2025-07-03T08:03:00+02:00;1724_D;68;8;60;freeFlow;1
2025-07-03T08:03:00+02:00;1724_G;94;6;60;freeFlow;1
2025-07-03T08:03:00+02:00;1732_D;64;1;75;freeFlow;2
2025-07-03T08:03:00+02:00;1732_G;25;3;60;heavy;1
2025-07-03T08:03:00+02:00;1733_D;40;1;75;freeFlow;2
2025-07-03T08:03:00+02:00;1733_G;26;2;60;heavy;1
2025-07-03T08:03:00+02:00;1734_D;35;10;75;heavy;2
2025-07-03T08:03:00+02:00;1734_G;25;14;60;heavy;1
2025-07-03T08:03:00+02:00;18337;36;3;67;freeFlow;2
2025-07-03T08:03:00+02:00;18391_D;60;4;100;freeFlow;4
2025-07-03T08:03:00+02:00;18391_G;68;3;60;freeFlow;1
2025-07-03T08:03:00+02:00;1853;86;28;100;freeFlow;6
2025-07-03T08:03:00+02:00;1855;86;6;100;freeFlow;9
2025-07-03T08:03:00+02:00;1856;88;10;100;freeFlow;10
2025-07-03T08:03:00+02:00;19040;56;2;75;freeFlow;2
2025-07-03T08:03:00+02:00;1910886;32;7;72;heavy;2
2025-07-03T08:03:00+02:00;1911185_D;62;19;35;freeFlow;1
2025-07-03T08:03:00+02:00;1911185_G;69;17;60;freeFlow;1
2025-07-03T08:03:00+02:00;1911398_D;30;2;0;unknown;0
2025-07-03T08:03:00+02:00;1911398_G;29;1;52;freeFlow;1
2025-07-03T08:03:00+02:00;1911404_D;34;3;52;freeFlow;1
2025-07-03T08:03:00+02:00;1911404_G;30;3;0;unknown;0
2025-07-03T08:03:00+02:00;1911418;59;4;75;freeFlow;2
2025-07-03T08:03:00+02:00;1911420;22;4;100;heavy;4
2025-07-03T08:03:00+02:00;1911448_D;77;25;57;freeFlow;1
2025-07-03T08:03:00+02:00;1911448_G;60;32;40;freeFlow;1
2025-07-03T08:03:00+02:00;1911623_D;41;4;52;freeFlow;1
2025-07-03T08:03:00+02:00;1911623_G;30;6;0;unknown;0
2025-07-03T08:03:00+02:00;19628;23;12;60;congested;1
2025-07-03T08:03:00+02:00;19629;103;1;22;freeFlow;1
2025-07-03T08:03:00+02:00;19630;49;4;100;heavy;3
2025-07-03T08:03:00+02:00;19631;30;3;20;heavy;1
2025-07-03T08:03:00+02:00;19632;61;1;70;heavy;2
2025-07-03T08:03:00+02:00;19633;31;5;68;heavy;2
2025-07-03T08:03:00+02:00;19634;45;2;0;unknown;0
2025-07-03T08:03:00+02:00;19635;40;4;100;heavy;3
2025-07-03T08:03:00+02:00;19636;40;4;100;heavy;3
2025-07-03T08:03:00+02:00;19637;34;2;60;heavy;1
2025-07-03T08:03:00+02:00;19638;49;3;57;freeFlow;2
2025-07-03T08:03:00+02:00;19639;13;11;75;congested;2
2025-07-03T08:03:00+02:00;19640;15;9;75;congested;2
2025-07-03T08:03:00+02:00;19642;34;4;60;heavy;1
2025-07-03T08:03:00+02:00;19643;34;2;75;heavy;2
2025-07-03T08:03:00+02:00;19644;20;5;67;congested;3
2025-07-03T08:03:00+02:00;19683;106;19;100;freeFlow;7
2025-07-03T08:03:00+02:00;19684;85;55;100;freeFlow;8
2025-07-03T08:03:00+02:00;19685;107;49;100;freeFlow;10
2025-07-03T08:03:00+02:00;19686;104;16;100;freeFlow;9
2025-07-03T08:03:00+02:00;198;75;61;100;freeFlow;3
2025-07-03T08:03:00+02:00;19825_D;20;164;58;congested;1
2025-07-03T08:03:00+02:00;19825_G;69;47;100;freeFlow;4
2025-07-03T08:03:00+02:00;19828;20;6;100;heavy;8
2025-07-03T08:03:00+02:00;19830;27;4;100;heavy;4
2025-07-03T08:03:00+02:00;19832;42;3;100;freeFlow;4
2025-07-03T08:03:00+02:00;19833;37;3;100;freeFlow;4
2025-07-03T08:03:00+02:00;19841_D;57;26;55;freeFlow;1
2025-07-03T08:03:00+02:00;19841_G;77;19;75;freeFlow;2
2025-07-03T08:03:00+02:00;19842_D;56;7;55;freeFlow;1
2025-07-03T08:03:00+02:00;19842_G;70;5;75;freeFlow;2
2025-07-03T08:03:00+02:00;20525;39;4;75;heavy;2
2025-07-03T08:03:00+02:00;20526;44;3;75;heavy;2
2025-07-03T08:03:00+02:00;20527;50;3;73;heavy;2
2025-07-03T08:03:00+02:00;20528;50;2;73;heavy;2
2025-07-03T08:03:00+02:00;20590_D;73;112;66;freeFlow;2
2025-07-03T08:03:00+02:00;20590_G;70;117;68;freeFlow;2
2025-07-03T08:03:00+02:00;20760_D;54;28;100;freeFlow;4
2025-07-03T08:03:00+02:00;20760_G;55;27;100;freeFlow;3
2025-07-03T08:03:00+02:00;2216_D;75;41;21;freeFlow;1
2025-07-03T08:03:00+02:00;2216_G;43;71;100;heavy;3
2025-07-03T08:03:00+02:00;2218_D;94;23;20;freeFlow;1
2025-07-03T08:03:00+02:00;2218_G;52;42;100;heavy;3
2025-07-03T08:03:00+02:00;23984_D;44;1;65;heavy;2
2025-07-03T08:03:00+02:00;23984_G;40;1;60;heavy;1
2025-07-03T08:03:00+02:00;24143_D;37;11;63;heavy;2
2025-07-03T08:03:00+02:00;24143_G;26;15;60;heavy;1
2025-07-03T08:03:00+02:00;24147_D;53;72;78;heavy;3
2025-07-03T08:03:00+02:00;24147_G;52;74;60;heavy;1
2025-07-03T08:03:00+02:00;24148;35;4;57;freeFlow;1
2025-07-03T08:03:00+02:00;24149;38;3;60;freeFlow;1
2025-07-03T08:03:00+02:00;24150;52;3;68;freeFlow;2
2025-07-03T08:03:00+02:00;24151;40;3;60;freeFlow;1
2025-07-03T08:03:00+02:00;24153_D;52;18;68;heavy;2
2025-07-03T08:03:00+02:00;24153_G;51;18;60;heavy;1
2025-07-03T08:03:00+02:00;24176;37;43;100;heavy;11
2025-07-03T08:03:00+02:00;24178;55;20;100;heavy;10
2025-07-03T08:03:00+02:00;24179;40;49;100;heavy;13
2025-07-03T08:03:00+02:00;24181_D;51;3;75;freeFlow;2
2025-07-03T08:03:00+02:00;24181_G;47;3;57;freeFlow;1
2025-07-03T08:03:00+02:00;24182;37;31;100;heavy;9
2025-07-03T08:03:00+02:00;24184_D;38;15;100;freeFlow;3
2025-07-03T08:03:00+02:00;24184_G;91;7;100;freeFlow;5
2025-07-03T08:03:00+02:00;24259;25;5;100;heavy;3
2025-07-03T08:03:00+02:00;24260;32;5;65;heavy;2
2025-07-03T08:03:00+02:00;24261;15;8;75;congested;2
2025-07-03T08:03:00+02:00;24262;25;7;91;heavy;3
2025-07-03T08:03:00+02:00;24264_D;24;2;60;heavy;1
2025-07-03T08:03:00+02:00;24264_G;37;1;63;heavy;2
2025-07-03T08:03:00+02:00;24265_D;28;2;75;heavy;2
2025-07-03T08:03:00+02:00;24265_G;32;2;57;heavy;1
2025-07-03T08:03:00+02:00;24274_D;22;23;57;heavy;1
2025-07-03T08:03:00+02:00;24274_G;49;10;75;freeFlow;2
2025-07-03T08:03:00+02:00;25687_D;30;7;0;unknown;0
2025-07-03T08:03:00+02:00;25687_G;22;10;75;freeFlow;2
2025-07-03T08:03:00+02:00;25929_D;64;13;12;freeFlow;1
2025-07-03T08:03:00+02:00;25929_G;50;17;75;heavy;2
2025-07-03T08:03:00+02:00;25930;33;5;75;heavy;2
2025-07-03T08:03:00+02:00;25931;32;6;100;heavy;4
2025-07-03T08:03:00+02:00;25932;48;3;55;heavy;1
2025-07-03T08:03:00+02:00;25933;37;4;73;heavy;2
2025-07-03T08:03:00+02:00;25934_D;59;4;12;freeFlow;1
2025-07-03T08:03:00+02:00;25934_G;41;6;75;heavy;2
2025-07-03T08:03:00+02:00;25944_D;48;6;55;heavy;1
2025-07-03T08:03:00+02:00;25944_G;30;9;75;heavy;2
2025-07-03T08:03:00+02:00;25946_D;62;13;75;freeFlow;2
2025-07-03T08:03:00+02:00;25946_G;48;17;55;heavy;1
2025-07-03T08:03:00+02:00;25947_D;57;33;75;freeFlow;2
2025-07-03T08:03:00+02:00;25947_G;21;91;99;congested;4
2025-07-03T08:03:00+02:00;25988_D;30;10;0;unknown;0
2025-07-03T08:03:00+02:00;25988_G;25;12;100;freeFlow;3
2025-07-03T08:03:00+02:00;25989;28;4;60;heavy;1
2025-07-03T08:03:00+02:00;25990;25;4;100;heavy;3
2025-07-03T08:03:00+02:00;25991;26;3;100;heavy;3
2025-07-03T08:03:00+02:00;25992;26;4;100;heavy;3
2025-07-03T08:03:00+02:00;25993_D;30;3;0;unknown;0
2025-07-03T08:03:00+02:00;25993_G;26;4;100;freeFlow;3
2025-07-03T08:03:00+02:00;25994_D;16;12;10;heavy;1
2025-07-03T08:03:00+02:00;25994_G;28;8;100;heavy;3
2025-07-03T08:03:00+02:00;25995_D;22;3;10;heavy;1
2025-07-03T08:03:00+02:00;25995_G;35;1;75;freeFlow;2
2025-07-03T08:03:00+02:00;25996_D;33;7;10;heavy;1
2025-07-03T08:03:00+02:00;25996_G;37;6;100;freeFlow;3
2025-07-03T08:03:00+02:00;25997_D;38;1;10;freeFlow;1
2025-07-03T08:03:00+02:00;25997_G;39;1;100;freeFlow;3
2025-07-03T08:03:00+02:00;25998_D;46;12;12;freeFlow;1
2025-07-03T08:03:00+02:00;25998_G;43;12;100;freeFlow;3
2025-07-03T08:03:00+02:00;25999_D;50;8;12;freeFlow;1
2025-07-03T08:03:00+02:00;25999_G;50;8;100;freeFlow;3
2025-07-03T08:03:00+02:00;26000_D;53;7;12;heavy;1
2025-07-03T08:03:00+02:00;26000_G;28;14;75;heavy;2
2025-07-03T08:03:00+02:00;26001_D;55;1;12;heavy;1
2025-07-03T08:03:00+02:00;26001_G;54;1;60;heavy;1
2025-07-03T08:03:00+02:00;26002_D;57;8;12;freeFlow;1
2025-07-03T08:03:00+02:00;26002_G;56;8;60;heavy;1
2025-07-03T08:03:00+02:00;26023;47;5;100;heavy;5
2025-07-03T08:03:00+02:00;26024;91;51;69;freeFlow;2
2025-07-03T08:03:00+02:00;26025;89;72;100;freeFlow;4
2025-07-03T08:03:00+02:00;26041;49;7;75;freeFlow;2
2025-07-03T08:03:00+02:00;26043;36;12;100;freeFlow;3
2025-07-03T08:03:00+02:00;26044;51;9;75;freeFlow;2
2025-07-03T08:03:00+02:00;26046;12;76;100;congested;4
2025-07-03T08:03:00+02:00;26047;51;1;75;freeFlow;2
2025-07-03T08:03:00+02:00;26048;70;30;100;freeFlow;3
2025-07-03T08:03:00+02:00;26049;6;238;74;congested;2
2025-07-03T08:03:00+02:00;26050;9;37;75;congested;2
2025-07-03T08:03:00+02:00;26101_D;23;21;74;freeFlow;2
2025-07-03T08:03:00+02:00;26101_G;30;16;0;unknown;0
2025-07-03T08:03:00+02:00;26371_D;23;11;74;freeFlow;2
2025-07-03T08:03:00+02:00;26371_G;30;9;0;unknown;0
2025-07-03T08:03:00+02:00;26389_D;56;14;60;freeFlow;1
2025-07-03T08:03:00+02:00;26389_G;70;11;0;unknown;0
2025-07-03T08:03:00+02:00;26392_D;6;69;74;congested;2
2025-07-03T08:03:00+02:00;26392_G;1;774;0;unknown;0
2025-07-03T08:03:00+02:00;26393;50;1;0;unknown;0
2025-07-03T08:03:00+02:00;26394;50;1;0;unknown;0
2025-07-03T08:03:00+02:00;26395;20;4;57;heavy;1
2025-07-03T08:03:00+02:00;26396;32;2;57;heavy;1
2025-07-03T08:03:00+02:00;26397_D;22;9;73;heavy;2
2025-07-03T08:03:00+02:00;26397_G;50;4;0;unknown;0
2025-07-03T08:03:00+02:00;26402_D;30;9;0;unknown;0
2025-07-03T08:03:00+02:00;26402_G;9;31;72;congested;2
2025-07-03T08:03:00+02:00;26403_D;19;6;60;heavy;1
2025-07-03T08:03:00+02:00;26403_G;30;4;0;unknown;0
2025-07-03T08:03:00+02:00;26404_D;26;4;60;freeFlow;1
2025-07-03T08:03:00+02:00;26404_G;30;3;0;unknown;0
2025-07-03T08:03:00+02:00;26405_D;30;2;0;unknown;0
2025-07-03T08:03:00+02:00;26405_G;17;4;99;heavy;3
2025-07-03T08:03:00+02:00;26409_D;58;14;60;freeFlow;1
2025-07-03T08:03:00+02:00;26409_G;62;13;20;freeFlow;1
2025-07-03T08:03:00+02:00;26420_D;68;4;20;freeFlow;1
2025-07-03T08:03:00+02:00;26420_G;52;5;60;freeFlow;1
2025-07-03T08:03:00+02:00;26422_D;64;12;20;freeFlow;1
2025-07-03T08:03:00+02:00;26422_G;62;12;60;freeFlow;1
2025-07-03T08:03:00+02:00;26423_D;62;7;20;freeFlow;1
2025-07-03T08:03:00+02:00;26423_G;59;8;60;freeFlow;1
2025-07-03T08:03:00+02:00;26495_D;16;22;60;heavy;1
2025-07-03T08:03:00+02:00;26495_G;50;7;0;unknown;0
2025-07-03T08:03:00+02:00;26497_D;28;17;75;freeFlow;2
2025-07-03T08:03:00+02:00;26497_G;30;16;0;unknown;0
2025-07-03T08:03:00+02:00;26501;89;25;100;freeFlow;6
2025-07-03T08:03:00+02:00;26573;95;14;100;freeFlow;8
2025-07-03T08:03:00+02:00;26603_D;30;2;0;unknown;0
2025-07-03T08:03:00+02:00;26603_G;14;4;52;heavy;1
2025-07-03T08:03:00+02:00;26611_D;26;5;60;freeFlow;1
2025-07-03T08:03:00+02:00;26611_G;30;4;0;unknown;0
2025-07-03T08:03:00+02:00;26619;26;3;100;heavy;8
2025-07-03T08:03:00+02:00;26654;22;22;75;heavy;2
2025-07-03T08:03:00+02:00;26656;7;77;75;congested;2
2025-07-03T08:03:00+02:00;26897_D;24;18;75;freeFlow;2
2025-07-03T08:03:00+02:00;26897_G;30;15;0;unknown;0
2025-07-03T08:03:00+02:00;27837_D;50;5;0;unknown;0
2025-07-03T08:03:00+02:00;27837_G;60;5;100;freeFlow;3
2025-07-03T08:03:00+02:00;28032;36;5;75;heavy;2
2025-07-03T08:03:00+02:00;28033;45;3;75;heavy;2
2025-07-03T08:03:00+02:00;282910_D;43;4;25;freeFlow;1
2025-07-03T08:03:00+02:00;282910_G;33;3;55;heavy;1
2025-07-03T08:03:00+02:00;28642_D;46;10;75;heavy;2
2025-07-03T08:03:00+02:00;28642_G;83;5;60;freeFlow;1
2025-07-03T08:03:00+02:00;28645_D;58;2;75;freeFlow;2
2025-07-03T08:03:00+02:00;28645_G;83;1;60;freeFlow;1
2025-07-03T08:03:00+02:00;28646_D;65;47;75;freeFlow;2
2025-07-03T08:03:00+02:00;28646_G;83;37;60;freeFlow;1
2025-07-03T08:03:00+02:00;28648_D;78;17;75;freeFlow;2
2025-07-03T08:03:00+02:00;28648_G;83;16;60;freeFlow;1
2025-07-03T08:03:00+02:00;28649_D;77;12;75;freeFlow;2
2025-07-03T08:03:00+02:00;28649_G;83;11;60;freeFlow;1
2025-07-03T08:03:00+02:00;28650_D;73;14;75;freeFlow;2
2025-07-03T08:03:00+02:00;28650_G;83;12;60;freeFlow;1
2025-07-03T08:03:00+02:00;28660_D;54;12;60;heavy;1
2025-07-03T08:03:00+02:00;28660_G;82;8;69;freeFlow;2
2025-07-03T08:03:00+02:00;28665_D;54;25;60;heavy;1
2025-07-03T08:03:00+02:00;28665_G;83;16;60;freeFlow;1
2025-07-03T08:03:00+02:00;28666_D;55;12;60;freeFlow;1
2025-07-03T08:03:00+02:00;28666_G;83;8;60;freeFlow;1
2025-07-03T08:03:00+02:00;28669_D;70;5;0;unknown;0
2025-07-03T08:03:00+02:00;28669_G;72;5;30;freeFlow;1
2025-07-03T08:03:00+02:00;28675_D;70;6;0;unknown;0
2025-07-03T08:03:00+02:00;28675_G;23;17;27;heavy;1
2025-07-03T08:03:00+02:00;28676_D;70;3;0;unknown;0
2025-07-03T08:03:00+02:00;28676_G;72;3;30;freeFlow;1
2025-07-03T08:03:00+02:00;28677_D;70;16;0;unknown;0
2025-07-03T08:03:00+02:00;28677_G;72;16;30;freeFlow;1
2025-07-03T08:03:00+02:00;28693_D;53;18;60;heavy;1
2025-07-03T08:03:00+02:00;28693_G;78;12;43;freeFlow;2
2025-07-03T08:03:00+02:00;28854;42;4;60;freeFlow;1
2025-07-03T08:03:00+02:00;28855;42;3;60;freeFlow;1
2025-07-03T08:03:00+02:00;28865_D;93;22;57;freeFlow;1
2025-07-03T08:03:00+02:00;28865_G;45;45;60;heavy;1
2025-07-03T08:03:00+02:00;28866_D;72;10;57;freeFlow;1
2025-07-03T08:03:00+02:00;28866_G;24;29;60;heavy;1
2025-07-03T08:03:00+02:00;28867;41;2;75;freeFlow;2
2025-07-03T08:03:00+02:00;28868;38;3;60;freeFlow;1
2025-07-03T08:03:00+02:00;29;51;28;60;heavy;1
2025-07-03T08:03:00+02:00;30;72;8;60;freeFlow;1
2025-07-03T08:03:00+02:00;30020_D;60;35;60;freeFlow;1
2025-07-03T08:03:00+02:00;30020_G;62;34;75;freeFlow;2
2025-07-03T08:03:00+02:00;30022;47;6;100;heavy;7
2025-07-03T08:03:00+02:00;30023;76;66;100;freeFlow;10
2025-07-03T08:03:00+02:00;30118;68;1;100;freeFlow;6
2025-07-03T08:03:00+02:00;30351_D;50;1;0;unknown;0
2025-07-03T08:03:00+02:00;30351_G;44;1;75;freeFlow;2
2025-07-03T08:03:00+02:00;30355_D;50;10;0;unknown;0
2025-07-03T08:03:00+02:00;30355_G;44;12;75;freeFlow;2
2025-07-03T08:03:00+02:00;30359_D;80;8;0;unknown;0
2025-07-03T08:03:00+02:00;30359_G;43;15;75;heavy;2
2025-07-03T08:03:00+02:00;30405;50;2;0;unknown;0
2025-07-03T08:03:00+02:00;30406;44;5;75;freeFlow;2
2025-07-03T08:03:00+02:00;30407;50;2;0;unknown;0
2025-07-03T08:03:00+02:00;30408;50;1;0;unknown;0
2025-07-03T08:03:00+02:00;30409;50;2;0;unknown;0
2025-07-03T08:03:00+02:00;30410_D;44;1;75;freeFlow;2
2025-07-03T08:03:00+02:00;30410_G;50;1;0;unknown;0
2025-07-03T08:03:00+02:00;30411_D;44;6;75;freeFlow;2
2025-07-03T08:03:00+02:00;30411_G;50;6;0;unknown;0
2025-07-03T08:03:00+02:00;30414_D;42;8;75;freeFlow;2
2025-07-03T08:03:00+02:00;30414_G;50;8;0;unknown;0
2025-07-03T08:03:00+02:00;30416_D;34;15;75;heavy;2
2025-07-03T08:03:00+02:00;30416_G;50;10;0;unknown;0
2025-07-03T08:03:00+02:00;30499_D;43;6;75;freeFlow;2
2025-07-03T08:03:00+02:00;30499_G;30;10;0;unknown;0
2025-07-03T08:03:00+02:00;30501_D;36;7;75;freeFlow;2
2025-07-03T08:03:00+02:00;30501_G;30;9;0;unknown;0
2025-07-03T08:03:00+02:00;30502_D;23;2;75;freeFlow;2
2025-07-03T08:03:00+02:00;30502_G;30;2;0;unknown;0
2025-07-03T08:03:00+02:00;30504_D;20;1;60;heavy;1
2025-07-03T08:03:00+02:00;30504_G;30;1;0;unknown;0
2025-07-03T08:03:00+02:00;30508;30;4;0;unknown;0
2025-07-03T08:03:00+02:00;30521_D;28;15;75;heavy;2
2025-07-03T08:03:00+02:00;30521_G;50;9;0;unknown;0
2025-07-03T08:03:00+02:00;30522_D;32;3;75;heavy;2
2025-07-03T08:03:00+02:00;30522_G;50;2;0;unknown;0
2025-07-03T08:03:00+02:00;30606_D;50;11;0;unknown;0
2025-07-03T08:03:00+02:00;30606_G;33;16;100;heavy;5
2025-07-03T08:03:00+02:00;30608_D;50;3;0;unknown;0
2025-07-03T08:03:00+02:00;30608_G;37;4;100;freeFlow;3
2025-07-03T08:03:00+02:00;30611_D;5;85;42;congested;1
2025-07-03T08:03:00+02:00;30611_G;36;11;75;freeFlow;2
2025-07-03T08:03:00+02:00;31;72;6;60;freeFlow;1
2025-07-03T08:03:00+02:00;31286;41;4;100;freeFlow;3
2025-07-03T08:03:00+02:00;31287;42;2;100;freeFlow;3
2025-07-03T08:03:00+02:00;31288;38;5;100;freeFlow;3
2025-07-03T08:03:00+02:00;31289;37;3;90;freeFlow;4
2025-07-03T08:03:00+02:00;31300_D;41;1;60;freeFlow;1
2025-07-03T08:03:00+02:00;31300_G;38;1;60;freeFlow;1
2025-07-03T08:03:00+02:00;31302_D;22;2;42;heavy;1
2025-07-03T08:03:00+02:00;31302_G;37;1;100;freeFlow;3
2025-07-03T08:03:00+02:00;31304_D;25;44;61;heavy;2
2025-07-03T08:03:00+02:00;31305_D;40;19;60;freeFlow;1
2025-07-03T08:03:00+02:00;31305_G;35;22;60;freeFlow;1
2025-07-03T08:03:00+02:00;31361_D;38;1;60;freeFlow;1
2025-07-03T08:03:00+02:00;31361_G;26;1;100;heavy;7
2025-07-03T08:03:00+02:00;31444_D;62;40;74;freeFlow;2
2025-07-03T08:03:00+02:00;31444_G;32;77;100;heavy;4
2025-07-03T08:03:00+02:00;31448;27;4;100;heavy;6
2025-07-03T08:03:00+02:00;31449;31;5;100;heavy;4
2025-07-03T08:03:00+02:00;31450;31;4;100;heavy;3
2025-07-03T08:03:00+02:00;31451;24;5;60;heavy;1
2025-07-03T08:03:00+02:00;31453_D;54;30;60;heavy;1
2025-07-03T08:03:00+02:00;31453_G;33;49;100;heavy;4
2025-07-03T08:03:00+02:00;31511;94;16;100;freeFlow;3
2025-07-03T08:03:00+02:00;31512;95;25;100;freeFlow;10
2025-07-03T08:03:00+02:00;31513;97;23;100;freeFlow;9
2025-07-03T08:03:00+02:00;31515;50;2;100;freeFlow;9
2025-07-03T08:03:00+02:00;31517;51;2;100;freeFlow;6
2025-07-03T08:03:00+02:00;31520;50;2;100;freeFlow;8
2025-07-03T08:03:00+02:00;31522;36;5;100;freeFlow;4
2025-07-03T08:03:00+02:00;31523_D;76;3;100;freeFlow;5
2025-07-03T08:03:00+02:00;31523_G;25;8;100;heavy;3
2025-07-03T08:03:00+02:00;31530_D;50;8;60;heavy;1
2025-07-03T08:03:00+02:00;31530_G;29;13;100;heavy;4
2025-07-03T08:03:00+02:00;31532_D;59;3;60;freeFlow;1
2025-07-03T08:03:00+02:00;31532_G;36;5;100;heavy;4
2025-07-03T08:03:00+02:00;31534;48;8;100;heavy;9
2025-07-03T08:03:00+02:00;31536;52;18;100;freeFlow;5
2025-07-03T08:03:00+02:00;31550;63;15;100;heavy;6
2025-07-03T08:03:00+02:00;31551;79;10;100;freeFlow;5
2025-07-03T08:03:00+02:00;31553;65;16;100;freeFlow;6
2025-07-03T08:03:00+02:00;31557;68;6;55;freeFlow;1
2025-07-03T08:03:00+02:00;31558_D;23;50;74;heavy;2
2025-07-03T08:03:00+02:00;31558_G;67;17;75;freeFlow;2
2025-07-03T08:03:00+02:00;31559;23;20;75;heavy;2
2025-07-03T08:03:00+02:00;31561;34;11;75;heavy;2
2025-07-03T08:03:00+02:00;31562;25;16;100;heavy;3
2025-07-03T08:03:00+02:00;31563;39;10;75;freeFlow;2
2025-07-03T08:03:00+02:00;31568;66;6;60;freeFlow;1
2025-07-03T08:03:00+02:00;31569;66;8;60;freeFlow;1
2025-07-03T08:03:00+02:00;31583_D;50;15;0;unknown;0
2025-07-03T08:03:00+02:00;31583_G;72;10;30;freeFlow;1
2025-07-03T08:03:00+02:00;31670_D;46;9;52;freeFlow;1
2025-07-03T08:03:00+02:00;31670_G;26;17;40;heavy;2
2025-07-03T08:03:00+02:00;31672_D;39;51;45;heavy;2
2025-07-03T08:03:00+02:00;31672_G;70;28;0;unknown;0
2025-07-03T08:03:00+02:00;31673;89;14;100;freeFlow;8
2025-07-03T08:03:00+02:00;31674;86;15;100;freeFlow;10
2025-07-03T08:03:00+02:00;31708_D;30;6;0;unknown;0
2025-07-03T08:03:00+02:00;31708_G;33;5;32;freeFlow;1
2025-07-03T08:03:00+02:00;31709_D;30;12;0;unknown;0
2025-07-03T08:03:00+02:00;31709_G;18;20;32;heavy;1
2025-07-03T08:03:00+02:00;31716_D;30;7;0;unknown;0
2025-07-03T08:03:00+02:00;31716_G;33;6;32;freeFlow;1
2025-07-03T08:03:00+02:00;31717_D;30;17;0;unknown;0
2025-07-03T08:03:00+02:00;31717_G;26;20;50;freeFlow;1
2025-07-03T08:03:00+02:00;31720_D;26;5;48;freeFlow;1
2025-07-03T08:03:00+02:00;31720_G;18;6;52;heavy;1
2025-07-03T08:03:00+02:00;31722_D;26;10;52;freeFlow;1
2025-07-03T08:03:00+02:00;31722_G;30;9;0;unknown;0
2025-07-03T08:03:00+02:00;31723;27;7;27;heavy;1
2025-07-03T08:03:00+02:00;31724;38;5;52;freeFlow;1
2025-07-03T08:03:00+02:00;31725;42;4;52;freeFlow;1
2025-07-03T08:03:00+02:00;31726;32;7;43;heavy;2
2025-07-03T08:03:00+02:00;31727_D;37;9;52;freeFlow;1
2025-07-03T08:03:00+02:00;31727_G;30;12;0;unknown;0
2025-07-03T08:03:00+02:00;31878;37;4;75;heavy;2
2025-07-03T08:03:00+02:00;31879;37;4;75;heavy;2
2025-07-03T08:03:00+02:00;31880;82;3;100;freeFlow;6
2025-07-03T08:03:00+02:00;31881;107;3;12;freeFlow;1
2025-07-03T08:03:00+02:00;31882;94;2;32;freeFlow;1
2025-07-03T08:03:00+02:00;32;77;16;58;freeFlow;1
2025-07-03T08:03:00+02:00;32118;92;1;100;freeFlow;8
2025-07-03T08:03:00+02:00;32163_D;30;3;0;unknown;0
2025-07-03T08:03:00+02:00;32163_G;18;5;52;heavy;1
2025-07-03T08:03:00+02:00;32165_D;42;2;60;freeFlow;1
2025-07-03T08:03:00+02:00;32165_G;46;2;100;freeFlow;7
2025-07-03T08:03:00+02:00;32177_D;57;10;75;freeFlow;2
2025-07-03T08:03:00+02:00;32177_G;57;10;75;freeFlow;2
2025-07-03T08:03:00+02:00;32784_D;26;3;75;heavy;2
2025-07-03T08:03:00+02:00;32784_G;13;6;60;congested;1
2025-07-03T08:03:00+02:00;32785;13;5;60;congested;1
2025-07-03T08:03:00+02:00;32786;13;6;75;congested;2
2025-07-03T08:03:00+02:00;32788;26;3;75;heavy;2
2025-07-03T08:03:00+02:00;32790;13;4;60;congested;1
2025-07-03T08:03:00+02:00;32791;28;3;100;heavy;3
2025-07-03T08:03:00+02:00;32794;20;3;100;heavy;7
2025-07-03T08:03:00+02:00;32796;15;4;75;congested;2
2025-07-03T08:03:00+02:00;33;93;27;82;freeFlow;3
2025-07-03T08:03:00+02:00;34;90;30;100;freeFlow;3
2025-07-03T08:03:00+02:00;34744;99;33;88;freeFlow;4
2025-07-03T08:03:00+02:00;34745;80;40;100;freeFlow;7
2025-07-03T08:03:00+02:00;34757_D;50;2;0;unknown;0
2025-07-03T08:03:00+02:00;34757_G;36;2;17;freeFlow;1
2025-07-03T08:03:00+02:00;34758_D;50;16;0;unknown;0
2025-07-03T08:03:00+02:00;34758_G;36;22;17;freeFlow;1
2025-07-03T08:03:00+02:00;35;87;61;92;freeFlow;3
2025-07-03T08:03:00+02:00;35072;78;33;100;freeFlow;6
2025-07-03T08:03:00+02:00;35077;93;45;100;freeFlow;6
2025-07-03T08:03:00+02:00;35086;75;54;100;freeFlow;8
2025-07-03T08:03:00+02:00;35092;69;4;75;freeFlow;2
2025-07-03T08:03:00+02:00;35096;85;20;100;freeFlow;6
2025-07-03T08:03:00+02:00;35098;91;41;100;freeFlow;6
2025-07-03T08:03:00+02:00;35103;66;12;38;freeFlow;1
2025-07-03T08:03:00+02:00;35869_D;50;1;0;unknown;0
2025-07-03T08:03:00+02:00;35869_G;50;1;0;unknown;0
2025-07-03T08:03:00+02:00;35870_D;50;11;0;unknown;0
2025-07-03T08:03:00+02:00;35870_G;50;11;0;unknown;0
2025-07-03T08:03:00+02:00;35940;18;17;35;heavy;1
2025-07-03T08:03:00+02:00;35942;30;2;0;unknown;0
2025-07-03T08:03:00+02:00;35943;30;2;0;unknown;0
2025-07-03T08:03:00+02:00;35944;7;12;22;congested;1
2025-07-03T08:03:00+02:00;35945;7;10;22;congested;1
2025-07-03T08:03:00+02:00;35946_D;30;2;0;unknown;0
2025-07-03T08:03:00+02:00;35946_G;7;7;22;congested;1
2025-07-03T08:03:00+02:00;35947;30;10;0;unknown;0
2025-07-03T08:03:00+02:00;35948;9;26;25;congested;1
2025-07-03T08:03:00+02:00;35949;34;7;25;freeFlow;1
2025-07-03T08:03:00+02:00;35950;30;12;0;unknown;0
2025-07-03T08:03:00+02:00;35951;30;5;0;unknown;0
2025-07-03T08:03:00+02:00;35952;30;11;0;unknown;0
2025-07-03T08:03:00+02:00;35953;50;2;0;unknown;0
2025-07-03T08:03:00+02:00;35954;50;2;0;unknown;0
2025-07-03T08:03:00+02:00;35955;50;2;0;unknown;0
2025-07-03T08:03:00+02:00;35956;50;1;0;unknown;0
2025-07-03T08:03:00+02:00;35957_D;30;2;0;unknown;0
2025-07-03T08:03:00+02:00;35957_G;30;2;0;unknown;0
2025-07-03T08:03:00+02:00;35959_D;30;2;0;unknown;0
2025-07-03T08:03:00+02:00;35959_G;30;1;0;unknown;0
2025-07-03T08:03:00+02:00;35960;30;11;0;unknown;0
2025-07-03T08:03:00+02:00;35961;30;16;0;unknown;0
2025-07-03T08:03:00+02:00;35962;8;45;22;congested;1
2025-07-03T08:03:00+02:00;35963;30;6;0;unknown;0
2025-07-03T08:03:00+02:00;35964;30;6;0;unknown;0
2025-07-03T08:03:00+02:00;35965;30;20;0;unknown;0
2025-07-03T08:03:00+02:00;35971;30;20;0;unknown;0
2025-07-03T08:03:00+02:00;35972;34;10;25;freeFlow;1
2025-07-03T08:03:00+02:00;35973;14;17;25;heavy;1
2025-07-03T08:03:00+02:00;35985_D;18;4;12;heavy;1
2025-07-03T08:03:00+02:00;35985_G;37;3;32;freeFlow;1
2025-07-03T08:03:00+02:00;35986_D;9;83;42;congested;1
2025-07-03T08:03:00+02:00;35986_G;6;119;10;congested;1
2025-07-03T08:03:00+02:00;35994_D;21;2;10;freeFlow;1
2025-07-03T08:03:00+02:00;35994_G;35;1;10;freeFlow;1
2025-07-03T08:03:00+02:00;35998;32;7;40;heavy;1
2025-07-03T08:03:00+02:00;35999;36;5;15;freeFlow;1
2025-07-03T08:03:00+02:00;36000;31;6;40;heavy;1
2025-07-03T08:03:00+02:00;36001;12;15;63;congested;2
2025-07-03T08:03:00+02:00;36003_D;36;1;15;freeFlow;1
2025-07-03T08:03:00+02:00;36003_G;8;8;63;congested;2
2025-07-03T08:03:00+02:00;36004_D;53;40;15;freeFlow;1
2025-07-03T08:03:00+02:00;36004_G;32;66;86;heavy;4
2025-07-03T08:03:00+02:00;36005;30;2;0;unknown;0
2025-07-03T08:03:00+02:00;36006;22;3;35;freeFlow;1
2025-07-03T08:03:00+02:00;36007;23;2;35;freeFlow;1
2025-07-03T08:03:00+02:00;36010_D;30;1;0;unknown;0
2025-07-03T08:03:00+02:00;36010_G;20;1;35;heavy;1
2025-07-03T08:03:00+02:00;36011;28;11;0;unknown;0
2025-07-03T08:03:00+02:00;36012_D;30;2;0;unknown;0
2025-07-03T08:03:00+02:00;36012_G;34;2;25;freeFlow;1
2025-07-03T08:03:00+02:00;37200_D;30;8;20;freeFlow;1
2025-07-03T08:03:00+02:00;37200_G;12;22;60;heavy;2
2025-07-03T08:03:00+02:00;37201;46;5;55;freeFlow;1
2025-07-03T08:03:00+02:00;37202;46;7;55;freeFlow;1
2025-07-03T08:03:00+02:00;37203;41;13;57;freeFlow;2
2025-07-03T08:03:00+02:00;37204_D;46;2;55;freeFlow;1
2025-07-03T08:03:00+02:00;37204_G;15;6;42;heavy;1
2025-07-03T08:03:00+02:00;37205_D;46;4;55;freeFlow;1
2025-07-03T08:03:00+02:00;37205_G;10;20;57;congested;2
2025-07-03T08:03:00+02:00;37206_D;48;10;57;freeFlow;1
2025-07-03T08:03:00+02:00;37206_G;60;8;35;freeFlow;1
2025-07-03T08:03:00+02:00;37207;49;1;57;freeFlow;1
2025-07-03T08:03:00+02:00;37208;43;3;57;freeFlow;2
2025-07-03T08:03:00+02:00;37209;49;2;57;freeFlow;1
2025-07-03T08:03:00+02:00;37210_D;49;1;57;freeFlow;1
2025-07-03T08:03:00+02:00;37210_G;38;1;42;freeFlow;1
2025-07-03T08:03:00+02:00;37211_D;49;54;57;freeFlow;1
2025-07-03T08:03:00+02:00;37211_G;35;77;87;heavy;3
2025-07-03T08:03:00+02:00;37239;27;7;38;freeFlow;1
2025-07-03T08:03:00+02:00;37240;21;8;38;freeFlow;1
2025-07-03T08:03:00+02:00;37241;29;6;20;freeFlow;1
2025-07-03T08:03:00+02:00;37242;21;9;60;freeFlow;2
2025-07-03T08:03:00+02:00;37243_D;14;6;17;congested;1
2025-07-03T08:03:00+02:00;37243_G;8;15;60;congested;2
2025-07-03T08:03:00+02:00;37244_D;30;2;0;unknown;0
2025-07-03T08:03:00+02:00;37244_G;15;4;35;heavy;1
2025-07-03T08:03:00+02:00;37246_D;30;3;20;freeFlow;1
2025-07-03T08:03:00+02:00;37246_G;17;6;45;heavy;1
2025-07-03T08:03:00+02:00;37422_D;37;26;60;freeFlow;1
2025-07-03T08:03:00+02:00;37422_G;35;28;17;heavy;1
2025-07-03T08:03:00+02:00;37467_D;50;8;0;unknown;0
2025-07-03T08:03:00+02:00;37467_G;35;11;45;heavy;1
2025-07-03T08:03:00+02:00;37508_D;23;46;15;heavy;1
2025-07-03T08:03:00+02:00;37508_G;33;32;64;heavy;2
2025-07-03T08:03:00+02:00;37509_D;23;3;15;heavy;1
2025-07-03T08:03:00+02:00;37509_G;39;1;30;freeFlow;1
2025-07-03T08:03:00+02:00;37564_D;78;19;55;freeFlow;1
2025-07-03T08:03:00+02:00;37564_G;60;25;40;freeFlow;1
2025-07-03T08:03:00+02:00;37565_D;55;15;71;freeFlow;2
2025-07-03T08:03:00+02:00;37565_G;52;16;58;freeFlow;2
2025-07-03T08:03:00+02:00;37586_D;38;2;12;freeFlow;1
2025-07-03T08:03:00+02:00;37586_G;31;2;50;heavy;1
2025-07-03T08:03:00+02:00;37588_D;60;9;40;freeFlow;1
2025-07-03T08:03:00+02:00;37588_G;67;8;57;freeFlow;1
2025-07-03T08:03:00+02:00;37620_D;33;2;60;heavy;1
2025-07-03T08:03:00+02:00;37620_G;70;1;0;unknown;0
2025-07-03T08:03:00+02:00;37621;26;7;50;heavy;1
2025-07-03T08:03:00+02:00;37622;30;7;12;heavy;1
2025-07-03T08:03:00+02:00;37625_D;48;19;60;freeFlow;1
2025-07-03T08:03:00+02:00;37625_G;50;18;0;unknown;0
2025-07-03T08:03:00+02:00;37665_D;4;21;42;congested;1
2025-07-03T08:03:00+02:00;37665_G;36;2;75;freeFlow;2
2025-07-03T08:03:00+02:00;37667;50;25;100;freeFlow;3
2025-07-03T08:03:00+02:00;37668;66;6;60;freeFlow;1
2025-07-03T08:03:00+02:00;37673;39;9;75;heavy;2
2025-07-03T08:03:00+02:00;37686_D;10;64;75;heavy;2
2025-07-03T08:03:00+02:00;37686_G;22;30;60;freeFlow;1
2025-07-03T08:03:00+02:00;37702_D;40;7;60;freeFlow;1
2025-07-03T08:03:00+02:00;37702_G;28;9;60;heavy;1
2025-07-03T08:03:00+02:00;37706_D;50;1;0;unknown;0
2025-07-03T08:03:00+02:00;37706_G;42;1;60;freeFlow;1
2025-07-03T08:03:00+02:00;37707_D;40;2;42;freeFlow;1
2025-07-03T08:03:00+02:00;37707_G;36;2;75;freeFlow;2
2025-07-03T08:03:00+02:00;37708_D;13;73;60;heavy;1
2025-07-03T08:03:00+02:00;37708_G;37;25;100;freeFlow;3
2025-07-03T08:03:00+02:00;37712_D;26;7;54;freeFlow;2
2025-07-03T08:03:00+02:00;37712_G;39;5;100;freeFlow;3
2025-07-03T08:03:00+02:00;37724;37;4;75;freeFlow;2
2025-07-03T08:03:00+02:00;37725;28;2;100;heavy;3
2025-07-03T08:03:00+02:00;37726;14;8;100;congested;4
2025-07-03T08:03:00+02:00;37727;30;4;75;heavy;2
2025-07-03T08:03:00+02:00;37728;51;2;55;freeFlow;1
2025-07-03T08:03:00+02:00;37729;57;98;72;heavy;4
2025-07-03T08:03:00+02:00;37730;28;5;60;heavy;1
2025-07-03T08:03:00+02:00;37732;74;49;75;freeFlow;2
2025-07-03T08:03:00+02:00;37737;95;43;100;freeFlow;11
2025-07-03T08:03:00+02:00;37738;22;4;100;heavy;3
2025-07-03T08:03:00+02:00;37739;38;4;100;heavy;5
2025-07-03T08:03:00+02:00;37740;39;4;100;heavy;4
2025-07-03T08:03:00+02:00;37741;43;1;100;heavy;4
2025-07-03T08:03:00+02:00;37742;55;3;75;freeFlow;2
2025-07-03T08:03:00+02:00;37743;49;3;75;freeFlow;2
2025-07-03T08:03:00+02:00;37744;28;6;100;heavy;3
2025-07-03T08:03:00+02:00;37745;32;2;75;heavy;2
2025-07-03T08:03:00+02:00;37749;93;42;100;freeFlow;11
2025-07-03T08:03:00+02:00;37750;89;30;100;freeFlow;11
2025-07-03T08:03:00+02:00;37751;68;14;75;freeFlow;2
2025-07-03T08:03:00+02:00;37752;60;10;75;freeFlow;2
2025-07-03T08:03:00+02:00;37753;96;27;100;freeFlow;11
2025-07-03T08:03:00+02:00;37784;60;1;40;freeFlow;1
2025-07-03T08:03:00+02:00;37785;62;1;40;freeFlow;1
2025-07-03T08:03:00+02:00;37786;67;1;72;freeFlow;2
2025-07-03T08:03:00+02:00;37787_D;62;24;35;freeFlow;1
2025-07-03T08:03:00+02:00;37787_G;69;22;57;freeFlow;1
2025-07-03T08:03:00+02:00;37818;98;47;100;freeFlow;9
2025-07-03T08:03:00+02:00;37819;102;55;100;freeFlow;10
2025-07-03T08:03:00+02:00;37822;97;9;100;freeFlow;6
2025-07-03T08:03:00+02:00;37826;38;1;38;freeFlow;1
2025-07-03T08:03:00+02:00;37827;37;1;60;freeFlow;1
2025-07-03T08:03:00+02:00;37941;96;51;83;freeFlow;3
2025-07-03T08:03:00+02:00;37947;95;7;100;freeFlow;6
2025-07-03T08:03:00+02:00;37948;93;75;100;freeFlow;15
2025-07-03T08:03:00+02:00;37949;93;74;100;freeFlow;8
2025-07-03T08:03:00+02:00;37950;97;7;100;freeFlow;13
2025-07-03T08:03:00+02:00;37970;76;18;100;freeFlow;7
2025-07-03T08:03:00+02:00;38;72;19;60;freeFlow;1
2025-07-03T08:03:00+02:00;38067;100;11;100;freeFlow;10
2025-07-03T08:03:00+02:00;38068;47;5;74;heavy;2
2025-07-03T08:03:00+02:00;38069;61;5;57;freeFlow;1
2025-07-03T08:03:00+02:00;38070;90;10;100;freeFlow;6
2025-07-03T08:03:00+02:00;38310;67;1;57;freeFlow;1
2025-07-03T08:03:00+02:00;38311;67;1;57;freeFlow;1
2025-07-03T08:03:00+02:00;38317;101;1;100;freeFlow;7
2025-07-03T08:03:00+02:00;38318;92;28;100;freeFlow;8
2025-07-03T08:03:00+02:00;38319;95;22;100;freeFlow;10
2025-07-03T08:03:00+02:00;38322;61;3;57;freeFlow;1
2025-07-03T08:03:00+02:00;38378_D;62;12;35;freeFlow;1
2025-07-03T08:03:00+02:00;38378_G;79;9;59;freeFlow;1
2025-07-03T08:03:00+02:00;38389_D;62;18;35;freeFlow;1
2025-07-03T08:03:00+02:00;38389_G;84;13;57;freeFlow;1
2025-07-03T08:03:00+02:00;39061;55;4;75;freeFlow;2
2025-07-03T08:03:00+02:00;39062;85;1;60;freeFlow;1
2025-07-03T08:03:00+02:00;39063;62;7;60;freeFlow;1
2025-07-03T08:03:00+02:00;39473;12;162;100;congested;5
2025-07-03T08:03:00+02:00;39618;99;3;100;freeFlow;10
2025-07-03T08:03:00+02:00;39619;99;2;100;freeFlow;10
2025-07-03T08:03:00+02:00;39720_D;19;65;17;heavy;1
2025-07-03T08:03:00+02:00;39720_G;37;33;63;freeFlow;2
2025-07-03T08:03:00+02:00;39902_D;62;1;35;freeFlow;1
2025-07-03T08:03:00+02:00;39902_G;84;1;57;freeFlow;1
2025-07-03T08:03:00+02:00;39904_D;62;1;35;freeFlow;1
2025-07-03T08:03:00+02:00;39904_G;69;1;60;freeFlow;1
2025-07-03T08:03:00+02:00;39906_D;62;8;35;freeFlow;1
2025-07-03T08:03:00+02:00;39906_G;69;7;60;freeFlow;1
2025-07-03T08:03:00+02:00;40185_D;37;3;40;heavy;1
2025-07-03T08:03:00+02:00;40185_G;31;1;75;heavy;2
2025-07-03T08:03:00+02:00;40201;25;1;60;heavy;1
2025-07-03T08:03:00+02:00;40202;5;16;60;congested;1
2025-07-03T08:03:00+02:00;40203;35;2;75;heavy;2
2025-07-03T08:03:00+02:00;40212_D;54;2;60;heavy;1
2025-07-03T08:03:00+02:00;40212_G;78;1;25;freeFlow;1
2025-07-03T08:03:00+02:00;40213_D;58;1;75;freeFlow;2
2025-07-03T08:03:00+02:00;40213_G;83;1;60;freeFlow;1
2025-07-03T08:03:00+02:00;41631_D;30;7;0;unknown;0
2025-07-03T08:03:00+02:00;41631_G;30;7;0;unknown;0
2025-07-03T08:03:00+02:00;41632_D;30;5;0;unknown;0
2025-07-03T08:03:00+02:00;41632_G;38;3;60;freeFlow;1
2025-07-03T08:03:00+02:00;41652_D;30;7;57;heavy;1
2025-07-03T08:03:00+02:00;41683_D;70;15;0;unknown;0
2025-07-03T08:03:00+02:00;41683_G;49;22;60;heavy;1
2025-07-03T08:03:00+02:00;41709_D;30;15;0;unknown;0
2025-07-03T08:03:00+02:00;41709_G;25;19;60;freeFlow;1
2025-07-03T08:03:00+02:00;41712_D;30;7;0;unknown;0
2025-07-03T08:03:00+02:00;41712_G;38;6;60;freeFlow;1
2025-07-03T08:03:00+02:00;41713_D;30;4;0;unknown;0
2025-07-03T08:03:00+02:00;41713_G;5;24;12;congested;1
2025-07-03T08:03:00+02:00;41729;23;4;100;heavy;3
2025-07-03T08:03:00+02:00;41730;50;1;0;unknown;0
2025-07-03T08:03:00+02:00;41731;50;1;0;unknown;0
2025-07-03T08:03:00+02:00;41753_D;30;6;0;unknown;0
2025-07-03T08:03:00+02:00;41753_G;30;6;0;unknown;0
2025-07-03T08:03:00+02:00;41764_D;30;2;0;unknown;0
2025-07-03T08:03:00+02:00;41764_G;38;1;60;freeFlow;1
2025-07-03T08:03:00+02:00;41781;32;2;75;heavy;2
2025-07-03T08:03:00+02:00;41782;32;3;75;heavy;2
2025-07-03T08:03:00+02:00;41783;27;3;60;heavy;1
2025-07-03T08:03:00+02:00;41784;27;2;60;heavy;1
2025-07-03T08:03:00+02:00;41809_D;30;8;0;unknown;0
2025-07-03T08:03:00+02:00;41809_G;30;8;0;unknown;0
2025-07-03T08:03:00+02:00;41810_D;30;2;0;unknown;0
2025-07-03T08:03:00+02:00;41810_G;32;2;0;unknown;0
2025-07-03T08:03:00+02:00;41811_D;30;8;0;unknown;0
2025-07-03T08:03:00+02:00;41811_G;32;8;0;unknown;0
2025-07-03T08:03:00+02:00;41812_D;30;6;0;unknown;0
2025-07-03T08:03:00+02:00;41812_G;30;6;0;unknown;0
2025-07-03T08:03:00+02:00;41813_D;30;5;0;unknown;0
2025-07-03T08:03:00+02:00;41813_G;30;5;0;unknown;0
2025-07-03T08:03:00+02:00;41814_D;30;7;0;unknown;0
2025-07-03T08:03:00+02:00;41814_G;30;7;0;unknown;0
2025-07-03T08:03:00+02:00;41815_D;30;6;0;unknown;0
2025-07-03T08:03:00+02:00;41815_G;30;7;0;unknown;0
2025-07-03T08:03:00+02:00;41817_D;30;6;0;unknown;0
2025-07-03T08:03:00+02:00;41817_G;30;6;0;unknown;0
2025-07-03T08:03:00+02:00;41818_D;30;3;0;unknown;0
2025-07-03T08:03:00+02:00;41818_G;30;2;0;unknown;0
2025-07-03T08:03:00+02:00;42028;37;13;75;freeFlow;2
2025-07-03T08:03:00+02:00;42029;43;35;75;freeFlow;2
2025-07-03T08:03:00+02:00;42030;33;46;75;heavy;2
2025-07-03T08:03:00+02:00;42031;32;48;75;heavy;2
2025-07-03T08:03:00+02:00;42047;35;10;48;heavy;1
2025-07-03T08:03:00+02:00;42049;50;2;0;unknown;0
2025-07-03T08:03:00+02:00;42050;47;2;100;heavy;3
2025-07-03T08:03:00+02:00;42051;47;11;100;heavy;5
2025-07-03T08:03:00+02:00;42125_D;46;24;75;freeFlow;2
2025-07-03T08:03:00+02:00;42125_G;49;24;65;freeFlow;2
2025-07-03T08:03:00+02:00;42134;52;45;75;heavy;2
2025-07-03T08:03:00+02:00;42135;15;180;67;congested;2
2025-07-03T08:03:00+02:00;42206_D;29;32;75;heavy;2
2025-07-03T08:03:00+02:00;42238_D;50;7;0;unknown;0
2025-07-03T08:03:00+02:00;42257;53;9;48;heavy;1
2025-07-03T08:03:00+02:00;42273_D;30;6;0;unknown;0
2025-07-03T08:03:00+02:00;42273_G;30;6;0;unknown;0
2025-07-03T08:03:00+02:00;42293_D;30;2;0;unknown;0
2025-07-03T08:03:00+02:00;42293_G;15;3;10;heavy;1
2025-07-03T08:03:00+02:00;42307_D;57;13;48;freeFlow;1
2025-07-03T08:03:00+02:00;42307_G;57;13;38;freeFlow;1
2025-07-03T08:03:00+02:00;42359;53;13;100;heavy;4
2025-07-03T08:03:00+02:00;42375;19;3;60;heavy;1
2025-07-03T08:03:00+02:00;42378_D;30;1;0;unknown;0
2025-07-03T08:03:00+02:00;42378_G;15;3;10;heavy;1
2025-07-03T08:03:00+02:00;42379;78;34;75;freeFlow;2
2025-07-03T08:03:00+02:00;42383;29;2;100;heavy;3
2025-07-03T08:03:00+02:00;42384;50;1;0;unknown;0
2025-07-03T08:03:00+02:00;42385;21;4;100;heavy;3
2025-07-03T08:03:00+02:00;42386;33;2;75;heavy;2
2025-07-03T08:03:00+02:00;42387;74;3;100;freeFlow;3
2025-07-03T08:03:00+02:00;42388;33;3;91;heavy;4
2025-07-03T08:03:00+02:00;42389;42;4;75;freeFlow;2
2025-07-03T08:03:00+02:00;42390;43;3;75;freeFlow;2
2025-07-03T08:03:00+02:00;42391;46;2;60;freeFlow;1
2025-07-03T08:03:00+02:00;42392;63;1;75;freeFlow;2
2025-07-03T08:03:00+02:00;42399;39;7;75;heavy;2
2025-07-03T08:03:00+02:00;42401_D;47;27;100;freeFlow;3
2025-07-03T08:03:00+02:00;42401_G;41;32;52;freeFlow;1
2025-07-03T08:03:00+02:00;42572;51;1;60;freeFlow;1
2025-07-03T08:03:00+02:00;42573;51;1;75;freeFlow;2
2025-07-03T08:03:00+02:00;42580;62;2;75;heavy;2
2025-07-03T08:03:00+02:00;42595_D;30;6;0;unknown;0
2025-07-03T08:03:00+02:00;42595_G;25;7;60;freeFlow;1
2025-07-03T08:03:00+02:00;42603;10;53;75;congested;2
2025-07-03T08:03:00+02:00;42663_D;50;5;0;unknown;0
2025-07-03T08:03:00+02:00;42663_G;35;7;60;heavy;1
2025-07-03T08:03:00+02:00;42681_D;70;13;0;unknown;0
2025-07-03T08:03:00+02:00;42681_G;49;19;60;heavy;1
2025-07-03T08:03:00+02:00;42684_D;39;2;12;freeFlow;1
2025-07-03T08:03:00+02:00;42684_G;30;2;0;unknown;0
2025-07-03T08:03:00+02:00;42685;45;58;71;heavy;2
2025-07-03T08:03:00+02:00;42709_D;37;26;100;freeFlow;3
2025-07-03T08:03:00+02:00;42709_G;38;24;50;freeFlow;1
2025-07-03T08:03:00+02:00;42777_D;50;3;0;unknown;0
2025-07-03T08:03:00+02:00;42777_G;3;53;40;congested;1
2025-07-03T08:03:00+02:00;42778_D;50;1;0;unknown;0
2025-07-03T08:03:00+02:00;42778_G;32;2;38;heavy;1
2025-07-03T08:03:00+02:00;42779;50;2;0;unknown;0
2025-07-03T08:03:00+02:00;42780_D;50;8;0;unknown;0
2025-07-03T08:03:00+02:00;42780_G;39;11;38;freeFlow;1
2025-07-03T08:03:00+02:00;42938_D;36;8;60;freeFlow;1
2025-07-03T08:03:00+02:00;42938_G;52;6;60;freeFlow;1
2025-07-03T08:03:00+02:00;42939_D;50;4;0;unknown;0
2025-07-03T08:03:00+02:00;42939_G;50;4;0;unknown;0
2025-07-03T08:03:00+02:00;42940_D;50;9;0;unknown;0
2025-07-03T08:03:00+02:00;42940_G;9;50;60;congested;1
2025-07-03T08:03:00+02:00;42941_D;50;3;0;unknown;0
2025-07-03T08:03:00+02:00;42941_G;42;3;60;freeFlow;1
2025-07-03T08:03:00+02:00;42947_D;29;15;75;heavy;2
2025-07-03T08:03:00+02:00;42947_G;42;11;60;freeFlow;1
2025-07-03T08:03:00+02:00;42948_D;31;7;75;heavy;2
2025-07-03T08:03:00+02:00;42948_G;50;5;0;unknown;0
2025-07-03T08:03:00+02:00;42949_D;34;8;75;heavy;2
2025-07-03T08:03:00+02:00;42949_G;50;5;0;unknown;0
2025-07-03T08:03:00+02:00;42978_D;16;34;75;heavy;2
2025-07-03T08:03:00+02:00;42978_G;7;82;74;congested;2
2025-07-03T08:03:00+02:00;42979_D;15;10;60;congested;1
2025-07-03T08:03:00+02:00;42979_G;19;8;55;heavy;1
2025-07-03T08:03:00+02:00;42983_D;50;8;0;unknown;0
2025-07-03T08:03:00+02:00;42983_G;50;8;0;unknown;0
2025-07-03T08:03:00+02:00;42999_D;38;16;60;freeFlow;1
2025-07-03T08:03:00+02:00;42999_G;20;30;75;heavy;2
2025-07-03T08:03:00+02:00;43000_D;35;7;60;heavy;1
2025-07-03T08:03:00+02:00;43000_G;34;7;75;heavy;2
2025-07-03T08:03:00+02:00;43001_D;45;4;60;freeFlow;1
2025-07-03T08:03:00+02:00;43001_G;38;5;75;freeFlow;2
2025-07-03T08:03:00+02:00;43003_D;42;4;60;freeFlow;1
2025-07-03T08:03:00+02:00;43003_G;29;5;75;heavy;2
2025-07-03T08:03:00+02:00;43027_D;50;5;0;unknown;0
2025-07-03T08:03:00+02:00;43027_G;50;5;0;unknown;0
2025-07-03T08:03:00+02:00;43029_D;24;17;75;heavy;2
2025-07-03T08:03:00+02:00;43029_G;50;8;0;unknown;0
2025-07-03T08:03:00+02:00;43046_D;45;7;60;freeFlow;1
2025-07-03T08:03:00+02:00;43046_G;50;6;0;unknown;0
2025-07-03T08:03:00+02:00;43047_D;12;14;60;congested;1
2025-07-03T08:03:00+02:00;43047_G;50;3;0;unknown;0
2025-07-03T08:03:00+02:00;43048_D;23;11;57;heavy;1
2025-07-03T08:03:00+02:00;43048_G;19;13;55;heavy;1
2025-07-03T08:03:00+02:00;43049_D;28;4;60;freeFlow;1
2025-07-03T08:03:00+02:00;43049_G;19;6;55;heavy;1
2025-07-03T08:03:00+02:00;43050_D;29;6;60;heavy;1
2025-07-03T08:03:00+02:00;43050_G;19;9;55;heavy;1
2025-07-03T08:03:00+02:00;43099;38;2;55;freeFlow;1
2025-07-03T08:03:00+02:00;43352_G;33;14;60;freeFlow;1
2025-07-03T08:03:00+02:00;43451_D;30;15;0;unknown;0
2025-07-03T08:03:00+02:00;43481;33;21;57;heavy;1
2025-07-03T08:03:00+02:00;43627;32;20;60;heavy;1
2025-07-03T08:03:00+02:00;43658_D;24;7;57;heavy;1
2025-07-03T08:03:00+02:00;43658_G;50;4;0;unknown;0
2025-07-03T08:03:00+02:00;43718_D;50;3;0;unknown;0
2025-07-03T08:03:00+02:00;43718_G;50;3;0;unknown;0
2025-07-03T08:03:00+02:00;43719_D;50;9;0;unknown;0
2025-07-03T08:03:00+02:00;43719_G;50;9;0;unknown;0
2025-07-03T08:03:00+02:00;43720_D;50;4;0;unknown;0
2025-07-03T08:03:00+02:00;43720_G;50;4;0;unknown;0
2025-07-03T08:03:00+02:00;43724_D;13;29;60;congested;1
2025-07-03T08:03:00+02:00;43724_G;19;21;55;heavy;1
2025-07-03T08:03:00+02:00;43733_D;42;5;60;freeFlow;1
2025-07-03T08:03:00+02:00;43733_G;29;7;75;heavy;2
2025-07-03T08:03:00+02:00;43736_D;50;4;0;unknown;0
2025-07-03T08:03:00+02:00;43736_G;50;4;0;unknown;0
2025-07-03T08:03:00+02:00;43739_D;50;6;0;unknown;0
2025-07-03T08:03:00+02:00;43739_G;50;7;0;unknown;0
2025-07-03T08:03:00+02:00;43740_D;50;6;0;unknown;0
2025-07-03T08:03:00+02:00;43740_G;50;6;0;unknown;0
2025-07-03T08:03:00+02:00;43741_D;35;1;60;heavy;1
2025-07-03T08:03:00+02:00;43741_G;50;0;0;unknown;0
2025-07-03T08:03:00+02:00;43742_D;50;7;0;unknown;0
2025-07-03T08:03:00+02:00;43742_G;21;16;57;heavy;1
2025-07-03T08:03:00+02:00;43743_G;50;25;0;unknown;0
2025-07-03T08:03:00+02:00;43744_D;50;5;0;unknown;0
2025-07-03T08:03:00+02:00;43744_G;50;5;0;unknown;0
2025-07-03T08:03:00+02:00;43748;19;11;73;heavy;2
2025-07-03T08:03:00+02:00;43757;23;5;60;heavy;1
2025-07-03T08:03:00+02:00;43758;18;16;60;heavy;1
2025-07-03T08:03:00+02:00;43786_D;28;23;0;unknown;0
2025-07-03T08:03:00+02:00;43786_G;50;12;0;unknown;0
2025-07-03T08:03:00+02:00;43787_D;50;3;0;unknown;0
2025-07-03T08:03:00+02:00;43787_G;50;3;0;unknown;0
2025-07-03T08:03:00+02:00;43788_D;50;2;0;unknown;0
2025-07-03T08:03:00+02:00;43788_G;50;2;0;unknown;0
2025-07-03T08:03:00+02:00;43789_D;50;5;0;unknown;0
2025-07-03T08:03:00+02:00;43789_G;50;6;0;unknown;0
2025-07-03T08:03:00+02:00;43790_D;50;5;0;unknown;0
2025-07-03T08:03:00+02:00;43790_G;50;5;0;unknown;0
2025-07-03T08:03:00+02:00;43791_D;26;5;50;heavy;1
2025-07-03T08:03:00+02:00;43791_G;50;3;0;unknown;0
2025-07-03T08:03:00+02:00;43792_D;50;7;0;unknown;0
2025-07-03T08:03:00+02:00;43792_G;36;9;20;freeFlow;1
2025-07-03T08:03:00+02:00;43814_D;41;17;42;freeFlow;1
2025-07-03T08:03:00+02:00;43814_G;50;14;0;unknown;0
2025-07-03T08:03:00+02:00;43815_D;41;9;42;freeFlow;1
2025-07-03T08:03:00+02:00;43815_G;33;11;30;heavy;1
2025-07-03T08:03:00+02:00;43817_D;50;14;0;unknown;0
2025-07-03T08:03:00+02:00;43817_G;18;38;57;heavy;1
2025-07-03T08:03:00+02:00;43819;45;10;60;freeFlow;1
2025-07-03T08:03:00+02:00;43821;23;12;60;heavy;1
2025-07-03T08:03:00+02:00;43828_D;50;11;0;unknown;0
2025-07-03T08:03:00+02:00;43828_G;50;11;0;unknown;0
2025-07-03T08:03:00+02:00;43835_D;41;8;42;freeFlow;1
2025-07-03T08:03:00+02:00;43835_G;50;7;0;unknown;0
2025-07-03T08:03:00+02:00;43836;41;12;42;freeFlow;1
2025-07-03T08:03:00+02:00;43871_D;20;10;75;heavy;2
2025-07-03T08:03:00+02:00;43871_G;20;10;0;unknown;0
2025-07-03T08:03:00+02:00;43872_D;37;5;60;freeFlow;1
2025-07-03T08:03:00+02:00;43872_G;50;4;0;unknown;0
2025-07-03T08:03:00+02:00;43873_D;13;19;75;congested;2
2025-07-03T08:03:00+02:00;43873_G;50;5;0;unknown;0
2025-07-03T08:03:00+02:00;43925_D;24;11;75;heavy;2
2025-07-03T08:03:00+02:00;43925_G;50;5;0;unknown;0
2025-07-03T08:03:00+02:00;43937_D;50;6;0;unknown;0
2025-07-03T08:03:00+02:00;43937_G;50;6;0;unknown;0
2025-07-03T08:03:00+02:00;43938_D;50;20;0;unknown;0
2025-07-03T08:03:00+02:00;43938_G;50;20;0;unknown;0
2025-07-03T08:03:00+02:00;43972;12;28;22;congested;1
2025-07-03T08:03:00+02:00;43974;34;14;50;heavy;1
2025-07-03T08:03:00+02:00;43975;35;6;50;freeFlow;1
2025-07-03T08:03:00+02:00;44002_D;38;11;75;freeFlow;2
2025-07-03T08:03:00+02:00;44002_G;54;8;38;freeFlow;1
2025-07-03T08:03:00+02:00;44003_D;47;9;60;freeFlow;1
2025-07-03T08:03:00+02:00;44012;21;31;48;heavy;1
2025-07-03T08:03:00+02:00;44017_D;34;4;75;heavy;2
2025-07-03T08:03:00+02:00;44018_D;31;19;75;heavy;2
2025-07-03T08:03:00+02:00;44028;43;6;75;freeFlow;2
2025-07-03T08:03:00+02:00;44036_D;19;6;75;heavy;2
2025-07-03T08:03:00+02:00;44036_G;33;3;60;heavy;1
2025-07-03T08:03:00+02:00;44066;14;14;52;congested;1
2025-07-03T08:03:00+02:00;44067;17;44;58;heavy;1
2025-07-03T08:03:00+02:00;44069;4;48;70;congested;2
2025-07-03T08:03:00+02:00;44084_D;50;5;0;unknown;0
2025-07-03T08:03:00+02:00;44084_G;35;8;45;freeFlow;1
2025-07-03T08:03:00+02:00;44089_D;50;6;0;unknown;0
2025-07-03T08:03:00+02:00;44089_G;50;6;0;unknown;0
2025-07-03T08:03:00+02:00;44090_D;50;5;0;unknown;0
2025-07-03T08:03:00+02:00;44090_G;50;5;0;unknown;0
2025-07-03T08:03:00+02:00;44131;35;18;96;freeFlow;3
2025-07-03T08:03:00+02:00;44134;50;9;0;unknown;0
2025-07-03T08:03:00+02:00;44165_D;36;6;25;freeFlow;1
2025-07-03T08:03:00+02:00;44165_G;22;11;42;heavy;1
2025-07-03T08:03:00+02:00;44198_D;26;28;60;heavy;1
2025-07-03T08:03:00+02:00;44198_G;31;23;60;heavy;1
2025-07-03T08:03:00+02:00;44199_D;25;9;60;heavy;1
2025-07-03T08:03:00+02:00;44199_G;14;17;60;congested;1
2025-07-03T08:03:00+02:00;44231_D;41;6;42;freeFlow;1
2025-07-03T08:03:00+02:00;44231_G;49;5;57;freeFlow;1
2025-07-03T08:03:00+02:00;44232_D;37;6;40;freeFlow;1
2025-07-03T08:03:00+02:00;44232_G;23;9;75;heavy;2
2025-07-03T08:03:00+02:00;44234_D;33;11;40;heavy;1
2025-07-03T08:03:00+02:00;44234_G;21;17;75;heavy;2
2025-07-03T08:03:00+02:00;44259_D;31;4;27;heavy;1
2025-07-03T08:03:00+02:00;44259_G;32;3;60;heavy;1
2025-07-03T08:03:00+02:00;44260;29;14;25;heavy;1
2025-07-03T08:03:00+02:00;44261_D;49;9;27;freeFlow;1
2025-07-03T08:03:00+02:00;44261_G;31;15;60;heavy;1
2025-07-03T08:03:00+02:00;44293;50;5;0;unknown;0
2025-07-03T08:03:00+02:00;44303_D;50;2;0;unknown;0
2025-07-03T08:03:00+02:00;44303_G;50;2;0;unknown;0
2025-07-03T08:03:00+02:00;44304_D;31;15;25;heavy;1
2025-07-03T08:03:00+02:00;44304_G;50;9;0;unknown;0
2025-07-03T08:03:00+02:00;44322_D;41;54;42;freeFlow;1
2025-07-03T08:03:00+02:00;44322_G;32;70;99;heavy;3
2025-07-03T08:03:00+02:00;44328;50;10;0;unknown;0
2025-07-03T08:03:00+02:00;44583_D;34;11;60;heavy;1
2025-07-03T08:03:00+02:00;44583_G;26;13;45;heavy;1
2025-07-03T08:03:00+02:00;44584_D;50;10;0;unknown;0
2025-07-03T08:03:00+02:00;44584_G;32;15;60;heavy;2
2025-07-03T08:03:00+02:00;44632_D;50;20;0;unknown;0
2025-07-03T08:03:00+02:00;44632_G;36;28;45;freeFlow;1
2025-07-03T08:03:00+02:00;44694_D;19;31;60;heavy;1
2025-07-03T08:03:00+02:00;44694_G;50;12;0;unknown;0
2025-07-03T08:03:00+02:00;44695_D;12;9;60;congested;1
2025-07-03T08:03:00+02:00;44695_G;29;4;48;heavy;1
2025-07-03T08:03:00+02:00;44711_D;18;35;71;heavy;2
2025-07-03T08:03:00+02:00;44711_G;46;14;38;freeFlow;1
2025-07-03T08:03:00+02:00;44712_D;19;12;60;heavy;1
2025-07-03T08:03:00+02:00;44712_G;45;5;38;freeFlow;1
2025-07-03T08:03:00+02:00;44714_D;37;1;60;freeFlow;1
2025-07-03T08:03:00+02:00;44714_G;46;1;38;freeFlow;1
2025-07-03T08:03:00+02:00;44736_D;50;2;0;unknown;0
2025-07-03T08:03:00+02:00;44736_G;38;3;45;freeFlow;1
2025-07-03T08:03:00+02:00;44868;77;5;38;freeFlow;1
2025-07-03T08:03:00+02:00;44873;50;3;0;unknown;0
2025-07-03T08:03:00+02:00;44874;58;7;100;freeFlow;5
2025-07-03T08:03:00+02:00;44875;50;8;0;unknown;0
2025-07-03T08:03:00+02:00;44877;54;8;100;freeFlow;4
2025-07-03T08:03:00+02:00;44878;70;13;0;unknown;0
2025-07-03T08:03:00+02:00;44880;64;24;100;freeFlow;5
2025-07-03T08:03:00+02:00;44882;38;26;100;heavy;5
2025-07-03T08:03:00+02:00;44884;29;46;100;heavy;8
2025-07-03T08:03:00+02:00;44900;43;35;60;heavy;2
2025-07-03T08:03:00+02:00;44902_D;68;24;20;freeFlow;1
2025-07-03T08:03:00+02:00;44902_G;36;46;60;freeFlow;1
2025-07-03T08:03:00+02:00;44905;48;14;100;heavy;5
2025-07-03T08:03:00+02:00;44920;65;3;100;freeFlow;7
2025-07-03T08:03:00+02:00;44942;44;25;48;freeFlow;1
2025-07-03T08:03:00+02:00;44948;56;19;100;heavy;5
2025-07-03T08:03:00+02:00;44961;6;52;60;congested;1
2025-07-03T08:03:00+02:00;44962;18;14;35;heavy;1
2025-07-03T08:03:00+02:00;44963;19;5;52;heavy;1
2025-07-03T08:03:00+02:00;44966;48;20;100;heavy;6
2025-07-03T08:03:00+02:00;44974;18;7;100;heavy;3
2025-07-03T08:03:00+02:00;45012_D;32;2;60;heavy;1
2025-07-03T08:03:00+02:00;45012_G;8;7;60;congested;1
2025-07-03T08:03:00+02:00;45028_D;29;30;72;heavy;2
2025-07-03T08:03:00+02:00;45028_G;48;18;58;freeFlow;1
2025-07-03T08:03:00+02:00;45029_D;41;8;42;freeFlow;1
2025-07-03T08:03:00+02:00;45029_G;47;7;57;freeFlow;1
2025-07-03T08:03:00+02:00;45106_D;45;3;60;freeFlow;1
2025-07-03T08:03:00+02:00;45106_G;42;3;60;freeFlow;1
2025-07-03T08:03:00+02:00;45136_D;50;15;60;freeFlow;1
2025-07-03T08:03:00+02:00;45149;46;11;60;freeFlow;1
2025-07-03T08:03:00+02:00;45166;89;0;60;freeFlow;1
2025-07-03T08:03:00+02:00;45169;18;6;100;heavy;3
2025-07-03T08:03:00+02:00;45236_G;89;6;60;freeFlow;1
2025-07-03T08:03:00+02:00;45238;89;7;60;freeFlow;1
2025-07-03T08:03:00+02:00;45239;59;8;22;freeFlow;1
2025-07-03T08:03:00+02:00;45240;61;8;22;heavy;1
2025-07-03T08:03:00+02:00;45241;61;2;22;heavy;1
2025-07-03T08:03:00+02:00;45305;89;3;60;freeFlow;1
2025-07-03T08:03:00+02:00;45306;90;7;0;unknown;0
2025-07-03T08:03:00+02:00;45327;78;8;100;freeFlow;9
2025-07-03T08:03:00+02:00;45486_D;50;4;0;unknown;0
2025-07-03T08:03:00+02:00;45487_D;50;5;0;unknown;0
2025-07-03T08:03:00+02:00;45630;68;17;100;freeFlow;13
2025-07-03T08:03:00+02:00;45645_D;42;13;60;freeFlow;1
2025-07-03T08:03:00+02:00;45651;12;14;75;congested;2
2025-07-03T08:03:00+02:00;45761_D;0;1.9367933914744216e+35;75;congested;2
2025-07-03T08:03:00+02:00;45865_D;46;8;48;freeFlow;1
2025-07-03T08:03:00+02:00;46053_D;15;25;63;heavy;2
2025-07-03T08:03:00+02:00;46056_D;4;28;65;congested;2
2025-07-03T08:03:00+02:00;46061;40;5;32;freeFlow;1
2025-07-03T08:03:00+02:00;46567_D;38;2;38;freeFlow;1
2025-07-03T08:03:00+02:00;46642;25;11;32;heavy;1
2025-07-03T08:03:00+02:00;46771;87;10;100;freeFlow;8
2025-07-03T08:03:00+02:00;46821_D;35;23;25;heavy;1
2025-07-03T08:03:00+02:00;46821_G;16;52;57;heavy;1
2025-07-03T08:03:00+02:00;46923_D;43;1;25;freeFlow;1
2025-07-03T08:03:00+02:00;46923_G;41;1;55;freeFlow;1
2025-07-03T08:03:00+02:00;46976;46;5;55;freeFlow;1
2025-07-03T08:03:00+02:00;47029;10;39;57;congested;2
2025-07-03T08:03:00+02:00;47061;36;50;100;heavy;14
2025-07-03T08:03:00+02:00;47239;57;10;100;heavy;12
2025-07-03T08:03:00+02:00;47410;81;16;100;freeFlow;9
2025-07-03T08:03:00+02:00;47411;89;14;100;freeFlow;7
2025-07-03T08:03:00+02:00;47412;70;0;0;unknown;0
2025-07-03T08:03:00+02:00;47413;107;4;12;freeFlow;1
2025-07-03T08:03:00+02:00;47414;107;0;12;freeFlow;1
2025-07-03T08:03:00+02:00;47416;87;14;100;freeFlow;9
2025-07-03T08:03:00+02:00;47418;88;17;100;freeFlow;8
2025-07-03T08:03:00+02:00;47420;91;10;32;freeFlow;1
2025-07-03T08:03:00+02:00;47476;107;5;12;freeFlow;1
2025-07-03T08:03:00+02:00;47477;94;2;32;freeFlow;1
2025-07-03T08:03:00+02:00;47479;70;14;0;unknown;0
2025-07-03T08:03:00+02:00;47480;83;54;100;freeFlow;11
2025-07-03T08:03:00+02:00;47481;91;50;100;freeFlow;10
2025-07-03T08:03:00+02:00;47537_D;50;6;0;unknown;0
2025-07-03T08:03:00+02:00;47537_G;50;6;0;unknown;0
2025-07-03T08:03:00+02:00;47742_D;14;16;100;congested;3
2025-07-03T08:03:00+02:00;48758;85;1;75;freeFlow;2
2025-07-03T08:03:00+02:00;48759;85;1;75;freeFlow;2
2025-07-03T08:03:00+02:00;48920_D;30;8;75;heavy;2
2025-07-03T08:03:00+02:00;48920_G;42;6;60;freeFlow;1
2025-07-03T08:03:00+02:00;489866_D;45;4;10;freeFlow;1
2025-07-03T08:03:00+02:00;489970;93;10;32;freeFlow;1
2025-07-03T08:03:00+02:00;489971;70;2;0;unknown;0
2025-07-03T08:03:00+02:00;489972;64;7;100;freeFlow;9
2025-07-03T08:03:00+02:00;490059_D;49;19;60;heavy;1
2025-07-03T08:03:00+02:00;490059_G;70;13;0;unknown;0
2025-07-03T08:03:00+02:00;490080_D;51;1;60;freeFlow;1
2025-07-03T08:03:00+02:00;490080_G;50;1;0;unknown;0
2025-07-03T08:03:00+02:00;49026;30;2;75;heavy;2
2025-07-03T08:03:00+02:00;49053;11;49;68;congested;2
2025-07-03T08:03:00+02:00;490823;46;16;100;heavy;3
2025-07-03T08:03:00+02:00;490824;27;14;25;heavy;1
2025-07-03T08:03:00+02:00;490825;43;18;100;heavy;4
2025-07-03T08:03:00+02:00;490827;35;12;100;heavy;4
2025-07-03T08:03:00+02:00;490828_D;22;24;50;freeFlow;2
2025-07-03T08:03:00+02:00;490828_G;39;13;100;freeFlow;3
2025-07-03T08:03:00+02:00;491005_D;41;3;42;freeFlow;1
2025-07-03T08:03:00+02:00;491005_G;50;3;57;freeFlow;1
2025-07-03T08:03:00+02:00;491126_D;12;34;74;heavy;2
2025-07-03T08:03:00+02:00;491126_G;45;10;97;freeFlow;4
2025-07-03T08:03:00+02:00;491135;25;5;100;heavy;3
2025-07-03T08:03:00+02:00;491141;29;3;100;heavy;3
2025-07-03T08:03:00+02:00;491300_D;4;166;30;congested;1
2025-07-03T08:03:00+02:00;491300_G;28;23;60;heavy;1
2025-07-03T08:03:00+02:00;491308;50;1;0;unknown;0
2025-07-03T08:03:00+02:00;491320_D;37;8;27;freeFlow;1
2025-07-03T08:03:00+02:00;491320_G;41;7;60;freeFlow;1
2025-07-03T08:03:00+02:00;491326_D;33;16;27;heavy;1
2025-07-03T08:03:00+02:00;491326_G;37;14;60;freeFlow;1
2025-07-03T08:03:00+02:00;491329_D;41;5;42;freeFlow;1
2025-07-03T08:03:00+02:00;491329_G;32;6;60;heavy;1
2025-07-03T08:03:00+02:00;491490;33;7;60;heavy;1
2025-07-03T08:03:00+02:00;491714_D;43;6;25;freeFlow;1
2025-07-03T08:03:00+02:00;491714_G;37;7;55;freeFlow;1
2025-07-03T08:03:00+02:00;491735_D;43;3;25;freeFlow;1
2025-07-03T08:03:00+02:00;491735_G;32;5;55;freeFlow;1
2025-07-03T08:03:00+02:00;491794_D;50;3;0;unknown;0
2025-07-03T08:03:00+02:00;491794_G;50;3;0;unknown;0
2025-07-03T08:03:00+02:00;491872;38;17;60;freeFlow;1
2025-07-03T08:03:00+02:00;491877;44;2;100;freeFlow;3
2025-07-03T08:03:00+02:00;491881;26;2;60;heavy;1
2025-07-03T08:03:00+02:00;491884;54;1;38;freeFlow;1
2025-07-03T08:03:00+02:00;491888;95;9;75;freeFlow;2
2025-07-03T08:03:00+02:00;491890;44;1;100;freeFlow;3
2025-07-03T08:03:00+02:00;491917;105;1;60;freeFlow;1
2025-07-03T08:03:00+02:00;49225_D;42;8;60;freeFlow;1
2025-07-03T08:03:00+02:00;49225_G;29;11;75;heavy;2
2025-07-03T08:03:00+02:00;492315_D;50;29;0;unknown;0
2025-07-03T08:03:00+02:00;492315_G;43;34;75;freeFlow;2
2025-07-03T08:03:00+02:00;492351_D;12;10;10;congested;1
2025-07-03T08:03:00+02:00;492359_G;43;6;60;freeFlow;1
2025-07-03T08:03:00+02:00;492437;50;4;0;unknown;0
2025-07-03T08:03:00+02:00;492442;27;1;100;heavy;3
2025-07-03T08:03:00+02:00;492445_D;50;12;0;unknown;0
2025-07-03T08:03:00+02:00;492478;54;3;100;freeFlow;3
2025-07-03T08:03:00+02:00;492492;90;4;60;freeFlow;1
2025-07-03T08:03:00+02:00;49315_D;50;4;0;unknown;0
2025-07-03T08:03:00+02:00;49315_G;35;5;60;heavy;1
2025-07-03T08:03:00+02:00;49943_D;50;14;0;unknown;0
2025-07-03T08:03:00+02:00;49943_G;50;14;0;unknown;0
2025-07-03T08:03:00+02:00;49947;12;15;83;congested;3
2025-07-03T08:03:00+02:00;49958_D;33;8;60;heavy;1
2025-07-03T08:03:00+02:00;49958_G;35;8;38;heavy;1
2025-07-03T08:03:00+02:00;50308_D;4;66;12;congested;1
2025-07-03T08:03:00+02:00;50441;37;7;55;freeFlow;1
2025-07-03T08:03:00+02:00;50525;44;5;80;freeFlow;3
2025-07-03T08:03:00+02:00;50571;28;4;22;heavy;1
2025-07-03T08:03:00+02:00;50625;35;6;20;heavy;1
2025-07-03T08:03:00+02:00;5064_D;79;7;48;freeFlow;1
2025-07-03T08:03:00+02:00;5064_G;70;7;60;freeFlow;1
2025-07-03T08:03:00+02:00;51419;41;18;42;freeFlow;1
2025-07-03T08:03:00+02:00;51474_D;50;1;0;unknown;0
2025-07-03T08:03:00+02:00;51474_G;50;1;0;unknown;0
2025-07-03T08:03:00+02:00;51798;27;3;32;heavy;1
2025-07-03T08:03:00+02:00;52107_D;43;10;25;freeFlow;1
2025-07-03T08:03:00+02:00;52107_G;42;11;55;freeFlow;1
2025-07-03T08:03:00+02:00;52129;32;10;63;heavy;2
2025-07-03T08:03:00+02:00;52835_D;20;8;75;heavy;2
2025-07-03T08:03:00+02:00;53020_D;35;3;75;freeFlow;2
2025-07-03T08:03:00+02:00;53327_D;20;17;59;heavy;1
2025-07-03T08:03:00+02:00;53327_G;55;6;60;freeFlow;1
2025-07-03T08:03:00+02:00;53411_G;38;10;40;freeFlow;1
2025-07-03T08:03:00+02:00;53428;56;83;100;heavy;12
2025-07-03T08:03:00+02:00;53539_D;40;5;75;freeFlow;2
2025-07-03T08:03:00+02:00;53566;50;2;0;unknown;0
2025-07-03T08:03:00+02:00;53623;34;3;75;heavy;2
2025-07-03T08:03:00+02:00;53624;35;2;93;heavy;3
2025-07-03T08:03:00+02:00;53625;34;2;38;heavy;1
2025-07-03T08:03:00+02:00;53634_D;30;2;0;unknown;0
2025-07-03T08:03:00+02:00;53634_G;19;3;38;heavy;1
2025-07-03T08:03:00+02:00;53641_D;50;9;0;unknown;0
2025-07-03T08:03:00+02:00;53641_G;45;9;12;freeFlow;1
2025-07-03T08:03:00+02:00;53652;50;15;0;unknown;0
2025-07-03T08:03:00+02:00;53659;50;4;0;unknown;0
2025-07-03T08:03:00+02:00;53702;54;8;100;heavy;3
2025-07-03T08:03:00+02:00;53892;43;1;100;freeFlow;3
2025-07-03T08:03:00+02:00;53893;44;14;100;freeFlow;3
2025-07-03T08:03:00+02:00;53895;20;16;100;heavy;3
2025-07-03T08:03:00+02:00;53896;29;14;100;heavy;3
2025-07-03T08:03:00+02:00;53898;19;30;100;heavy;3
2025-07-03T08:03:00+02:00;53900;14;42;100;congested;4
2025-07-03T08:03:00+02:00;53901;22;12;100;heavy;4
2025-07-03T08:03:00+02:00;53903;24;8;100;heavy;4
2025-07-03T08:03:00+02:00;53904;31;5;75;heavy;2
2025-07-03T08:03:00+02:00;53905;36;11;100;freeFlow;4
2025-07-03T08:03:00+02:00;53908;37;3;75;freeFlow;2
2025-07-03T08:03:00+02:00;53910;39;8;75;freeFlow;2
2025-07-03T08:03:00+02:00;53912;37;9;100;freeFlow;3
2025-07-03T08:03:00+02:00;53915;29;19;100;heavy;3
2025-07-03T08:03:00+02:00;53918;46;10;100;freeFlow;3
2025-07-03T08:03:00+02:00;53919;48;3;75;freeFlow;2
2025-07-03T08:03:00+02:00;53921;49;11;75;freeFlow;2
2025-07-03T08:03:00+02:00;53922;48;3;75;freeFlow;2
2025-07-03T08:03:00+02:00;53923;44;12;100;freeFlow;3
2025-07-03T08:03:00+02:00;53925_D;68;4;20;freeFlow;1
2025-07-03T08:03:00+02:00;53925_G;48;6;60;heavy;1
2025-07-03T08:03:00+02:00;53936;105;9;75;freeFlow;2
2025-07-03T08:03:00+02:00;53938;101;3;75;freeFlow;2
2025-07-03T08:03:00+02:00;53939;24;58;100;heavy;3
2025-07-03T08:03:00+02:00;53941;54;10;100;freeFlow;4
2025-07-03T08:03:00+02:00;53942;24;11;100;heavy;4
2025-07-03T08:03:00+02:00;53944;44;1;100;freeFlow;3
2025-07-03T08:03:00+02:00;53945;29;16;100;heavy;3
2025-07-03T08:03:00+02:00;53946;52;1;79;freeFlow;4
2025-07-03T08:03:00+02:00;53947;48;1;75;freeFlow;2
2025-07-03T08:03:00+02:00;53948;105;2;75;freeFlow;2
2025-07-03T08:03:00+02:00;53949;105;2;75;freeFlow;2
2025-07-03T08:03:00+02:00;53950;74;51;100;freeFlow;5
2025-07-03T08:03:00+02:00;53952_D;45;3;75;freeFlow;2
2025-07-03T08:03:00+02:00;53952_G;36;4;75;freeFlow;2
2025-07-03T08:03:00+02:00;53959;13;276;75;congested;2
2025-07-03T08:03:00+02:00;53961;118;48;75;freeFlow;2
2025-07-03T08:03:00+02:00;53987;31;2;75;heavy;2
2025-07-03T08:03:00+02:00;53990;27;10;75;heavy;2
2025-07-03T08:03:00+02:00;54067;84;11;100;freeFlow;8
2025-07-03T08:03:00+02:00;54134;39;20;20;freeFlow;1
2025-07-03T08:03:00+02:00;54138;43;24;17;freeFlow;1
2025-07-03T08:03:00+02:00;54140;89;22;60;freeFlow;1
2025-07-03T08:03:00+02:00;54144;43;4;75;freeFlow;2
2025-07-03T08:03:00+02:00;54150;54;17;75;freeFlow;2
2025-07-03T08:03:00+02:00;54153;54;16;60;freeFlow;1
2025-07-03T08:03:00+02:00;54154;28;38;45;heavy;1
2025-07-03T08:03:00+02:00;54155;39;28;60;freeFlow;1
2025-07-03T08:03:00+02:00;54161;24;8;60;heavy;1
2025-07-03T08:03:00+02:00;54187_D;41;8;42;freeFlow;1
2025-07-03T08:03:00+02:00;54187_G;48;7;25;freeFlow;1
2025-07-03T08:03:00+02:00;54189_D;41;10;42;freeFlow;1
2025-07-03T08:03:00+02:00;54189_G;38;11;25;freeFlow;1
2025-07-03T08:03:00+02:00;54191_D;41;7;42;freeFlow;1
2025-07-03T08:03:00+02:00;54191_G;15;19;25;heavy;1
2025-07-03T08:03:00+02:00;54197;46;16;27;freeFlow;1
2025-07-03T08:03:00+02:00;54198;5;44;30;congested;1
2025-07-03T08:03:00+02:00;54206;42;14;60;freeFlow;1
2025-07-03T08:03:00+02:00;54208;42;1;60;freeFlow;1
2025-07-03T08:03:00+02:00;54212;35;46;12;freeFlow;1
2025-07-03T08:03:00+02:00;54223_D;25;3;60;freeFlow;1
2025-07-03T08:03:00+02:00;54223_G;19;4;55;heavy;1
2025-07-03T08:03:00+02:00;54227;84;11;100;freeFlow;6
2025-07-03T08:03:00+02:00;54234;78;0;75;freeFlow;2
2025-07-03T08:03:00+02:00;54239;16;4;60;heavy;1
2025-07-03T08:03:00+02:00;54240;70;5;60;freeFlow;1
2025-07-03T08:03:00+02:00;54241;18;3;100;heavy;3
2025-07-03T08:03:00+02:00;54243;26;22;75;heavy;2
2025-07-03T08:03:00+02:00;54297;10;83;100;congested;3
2025-07-03T08:03:00+02:00;54339;49;19;57;freeFlow;2
2025-07-03T08:03:00+02:00;54340;12;26;60;congested;2
2025-07-03T08:03:00+02:00;54358_D;44;16;60;freeFlow;1
2025-07-03T08:03:00+02:00;54358_G;54;13;38;freeFlow;1
2025-07-03T08:03:00+02:00;54363;29;16;60;heavy;1
2025-07-03T08:03:00+02:00;54365;29;9;75;heavy;2
2025-07-03T08:03:00+02:00;54367;29;14;75;heavy;2
2025-07-03T08:03:00+02:00;54368;35;3;75;freeFlow;2
2025-07-03T08:03:00+02:00;54369;48;25;100;freeFlow;12
2025-07-03T08:03:00+02:00;54372;3;13;35;congested;1
2025-07-03T08:03:00+02:00;54375;43;16;75;freeFlow;2
2025-07-03T08:03:00+02:00;54376;17;11;60;heavy;1
2025-07-03T08:03:00+02:00;54378;13;24;75;congested;2
2025-07-03T08:03:00+02:00;54381;39;7;100;freeFlow;4
2025-07-03T08:03:00+02:00;54382;35;6;50;freeFlow;1
2025-07-03T08:03:00+02:00;54383;36;23;75;freeFlow;2
2025-07-03T08:03:00+02:00;54384;50;5;63;freeFlow;2
2025-07-03T08:03:00+02:00;54385;25;11;60;heavy;1
2025-07-03T08:03:00+02:00;54386;47;1;45;freeFlow;1
2025-07-03T08:03:00+02:00;54400;41;13;75;freeFlow;2
2025-07-03T08:03:00+02:00;54401;32;3;75;heavy;2
2025-07-03T08:03:00+02:00;54406;50;52;0;unknown;0
2025-07-03T08:03:00+02:00;54428_D;50;12;0;unknown;0
2025-07-03T08:03:00+02:00;54428_G;45;13;60;freeFlow;1
2025-07-03T08:03:00+02:00;54429_D;46;15;60;freeFlow;1
2025-07-03T08:03:00+02:00;54429_G;14;47;42;congested;1
2025-07-03T08:03:00+02:00;54438_D;50;1;0;unknown;0
2025-07-03T08:03:00+02:00;54438_G;50;1;0;unknown;0
2025-07-03T08:03:00+02:00;54440_D;30;9;60;heavy;1
2025-07-03T08:03:00+02:00;54440_G;50;6;0;unknown;0
2025-07-03T08:03:00+02:00;54444_D;29;2;60;heavy;1
2025-07-03T08:03:00+02:00;54444_G;50;1;0;unknown;0
2025-07-03T08:03:00+02:00;54447_D;35;15;60;heavy;1
2025-07-03T08:03:00+02:00;54447_G;50;11;0;unknown;0
2025-07-03T08:03:00+02:00;54448_D;50;3;0;unknown;0
2025-07-03T08:03:00+02:00;54448_G;50;3;0;unknown;0
2025-07-03T08:03:00+02:00;54449_D;50;10;0;unknown;0
2025-07-03T08:03:00+02:00;54449_G;50;10;0;unknown;0
2025-07-03T08:03:00+02:00;54453_D;50;3;0;unknown;0
2025-07-03T08:03:00+02:00;54453_G;50;3;0;unknown;0
2025-07-03T08:03:00+02:00;54455;50;2;0;unknown;0
2025-07-03T08:03:00+02:00;54457;50;8;0;unknown;0
2025-07-03T08:03:00+02:00;54460;50;5;0;unknown;0
2025-07-03T08:03:00+02:00;54463_D;50;6;0;unknown;0
2025-07-03T08:03:00+02:00;54463_G;50;6;0;unknown;0
2025-07-03T08:03:00+02:00;54466_D;12;61;22;congested;1
2025-07-03T08:03:00+02:00;54466_G;15;56;20;congested;1
2025-07-03T08:03:00+02:00;54469;38;3;75;freeFlow;2
2025-07-03T08:03:00+02:00;54471;34;13;60;heavy;1
2025-07-03T08:03:00+02:00;54472;42;10;60;freeFlow;1
2025-07-03T08:03:00+02:00;54473;42;1;60;freeFlow;1
2025-07-03T08:03:00+02:00;54483;31;48;60;heavy;1
2025-07-03T08:03:00+02:00;54489;50;1;0;unknown;0
2025-07-03T08:03:00+02:00;54490;50;4;0;unknown;0
2025-07-03T08:03:00+02:00;54492;50;3;0;unknown;0
2025-07-03T08:03:00+02:00;54505;24;31;55;heavy;1
2025-07-03T08:03:00+02:00;54509;50;6;0;unknown;0
2025-07-03T08:03:00+02:00;54518;32;5;55;heavy;1
2025-07-03T08:03:00+02:00;54522;50;2;0;unknown;0
2025-07-03T08:03:00+02:00;54523;30;3;0;unknown;0
2025-07-03T08:03:00+02:00;54524;30;1;0;unknown;0
2025-07-03T08:03:00+02:00;54580_D;32;17;59;heavy;1
2025-07-03T08:03:00+02:00;54877;38;20;75;freeFlow;2
2025-07-03T08:03:00+02:00;54879;42;17;60;freeFlow;1
2025-07-03T08:03:00+02:00;54880_D;35;28;60;freeFlow;1
2025-07-03T08:03:00+02:00;54880_G;19;52;27;heavy;1
2025-07-03T08:03:00+02:00;54882;29;2;75;freeFlow;2
2025-07-03T08:03:00+02:00;54883;30;2;100;freeFlow;3
2025-07-03T08:03:00+02:00;54884;41;1;60;freeFlow;1
2025-07-03T08:03:00+02:00;54885;41;1;60;freeFlow;1
2025-07-03T08:03:00+02:00;54886;41;2;75;freeFlow;2
2025-07-03T08:03:00+02:00;54887;42;2;60;freeFlow;1
2025-07-03T08:03:00+02:00;54888;42;1;60;freeFlow;1
2025-07-03T08:03:00+02:00;54889;42;1;60;freeFlow;1
2025-07-03T08:03:00+02:00;54988;29;4;100;heavy;3
2025-07-03T08:03:00+02:00;54989;53;33;75;freeFlow;2
2025-07-03T08:03:00+02:00;54990;24;4;94;heavy;3
2025-07-03T08:03:00+02:00;54991;38;45;99;heavy;3
2025-07-03T08:03:00+02:00;55467_D;32;21;60;heavy;1
2025-07-03T08:03:00+02:00;55467_G;29;20;88;heavy;6
2025-07-03T08:03:00+02:00;55570_D;50;3;0;unknown;0
2025-07-03T08:03:00+02:00;55570_G;50;3;0;unknown;0
2025-07-03T08:03:00+02:00;55589_D;41;6;42;freeFlow;1
2025-07-03T08:03:00+02:00;55589_G;34;7;27;freeFlow;1
2025-07-03T08:03:00+02:00;55591;50;1;0;unknown;0
2025-07-03T08:03:00+02:00;55592;41;1;42;freeFlow;1
2025-07-03T08:03:00+02:00;55593;41;1;42;freeFlow;1
2025-07-03T08:03:00+02:00;55595;34;1;27;heavy;1
2025-07-03T08:03:00+02:00;55596;34;1;27;heavy;1
2025-07-03T08:03:00+02:00;55597;34;1;27;heavy;1
2025-07-03T08:03:00+02:00;55702;50;6;0;unknown;0
2025-07-03T08:03:00+02:00;55704;50;17;0;unknown;0
2025-07-03T08:03:00+02:00;5576_D;56;6;60;freeFlow;1
2025-07-03T08:03:00+02:00;5576_G;65;5;60;freeFlow;1
2025-07-03T08:03:00+02:00;55881;37;1;85;freeFlow;3
2025-07-03T08:03:00+02:00;55900;43;2;75;freeFlow;2
2025-07-03T08:03:00+02:00;55929_D;44;10;75;freeFlow;2
2025-07-03T08:03:00+02:00;55929_G;50;8;0;unknown;0
2025-07-03T08:03:00+02:00;55976;40;3;75;freeFlow;2
2025-07-03T08:03:00+02:00;56024;43;23;100;freeFlow;3
2025-07-03T08:03:00+02:00;56131;20;6;57;heavy;1
2025-07-03T08:03:00+02:00;56257;36;6;27;freeFlow;1
2025-07-03T08:03:00+02:00;563566;50;3;0;unknown;0
2025-07-03T08:03:00+02:00;563571;50;6;0;unknown;0
2025-07-03T08:03:00+02:00;563844_D;23;38;72;congested;2
2025-07-03T08:03:00+02:00;563844_G;44;20;53;heavy;2
2025-07-03T08:03:00+02:00;563846;35;9;75;freeFlow;2
2025-07-03T08:03:00+02:00;563903_D;50;34;0;unknown;0
2025-07-03T08:03:00+02:00;563903_G;44;38;38;freeFlow;1
2025-07-03T08:03:00+02:00;564067_D;64;19;75;freeFlow;2
2025-07-03T08:03:00+02:00;564067_G;58;23;60;freeFlow;1
2025-07-03T08:03:00+02:00;564195_D;41;11;75;freeFlow;2
2025-07-03T08:03:00+02:00;564195_G;14;33;60;congested;1
2025-07-03T08:03:00+02:00;56441;25;9;57;heavy;1
2025-07-03T08:03:00+02:00;5651;36;2;60;freeFlow;1
2025-07-03T08:03:00+02:00;5652;43;1;100;freeFlow;3
2025-07-03T08:03:00+02:00;565232;27;4;25;freeFlow;1
2025-07-03T08:03:00+02:00;5653;41;1;60;freeFlow;1
2025-07-03T08:03:00+02:00;565374;33;62;100;heavy;3
2025-07-03T08:03:00+02:00;565376;14;148;100;congested;4
2025-07-03T08:03:00+02:00;565393;82;57;45;freeFlow;1
2025-07-03T08:03:00+02:00;5654;32;1;100;heavy;3
2025-07-03T08:03:00+02:00;565682_D;47;20;55;heavy;2
2025-07-03T08:03:00+02:00;565682_G;30;31;100;heavy;3
2025-07-03T08:03:00+02:00;565731_D;26;4;60;freeFlow;1
2025-07-03T08:03:00+02:00;565731_G;40;2;100;freeFlow;3
2025-07-03T08:03:00+02:00;565732;36;2;100;heavy;3
2025-07-03T08:03:00+02:00;56584;44;5;75;freeFlow;2
2025-07-03T08:03:00+02:00;565854;55;18;100;freeFlow;3
2025-07-03T08:03:00+02:00;566176_D;85;13;68;freeFlow;2
2025-07-03T08:03:00+02:00;566176_G;42;27;75;heavy;2
2025-07-03T08:03:00+02:00;56619_D;40;10;20;freeFlow;1
2025-07-03T08:03:00+02:00;56619_G;17;24;57;heavy;2
2025-07-03T08:03:00+02:00;566287_D;25;20;60;freeFlow;1
2025-07-03T08:03:00+02:00;566287_G;30;16;0;unknown;0
2025-07-03T08:03:00+02:00;566302_D;30;1;75;heavy;2
2025-07-03T08:03:00+02:00;566302_G;50;1;0;unknown;0
2025-07-03T08:03:00+02:00;566303_D;44;17;75;freeFlow;2
2025-07-03T08:03:00+02:00;566303_G;50;15;0;unknown;0
2025-07-03T08:03:00+02:00;5663_D;37;71;100;heavy;4
2025-07-03T08:03:00+02:00;5663_G;68;38;60;freeFlow;1
2025-07-03T08:03:00+02:00;566407_D;41;2;42;freeFlow;1
2025-07-03T08:03:00+02:00;566407_G;45;2;25;freeFlow;1
2025-07-03T08:03:00+02:00;566417_D;41;3;42;freeFlow;1
2025-07-03T08:03:00+02:00;566417_G;38;4;25;freeFlow;1
2025-07-03T08:03:00+02:00;566419;50;1;0;unknown;0
2025-07-03T08:03:00+02:00;566481;5;15;35;congested;1
2025-07-03T08:03:00+02:00;566482;52;1;0;unknown;0
2025-07-03T08:03:00+02:00;566483;107;106;73;freeFlow;2
2025-07-03T08:03:00+02:00;566484;52;0;0;unknown;0
2025-07-03T08:03:00+02:00;5664_D;68;2;60;freeFlow;1
2025-07-03T08:03:00+02:00;5664_G;61;2;100;freeFlow;4
2025-07-03T08:03:00+02:00;566573_D;41;3;20;freeFlow;1
2025-07-03T08:03:00+02:00;566573_G;24;5;57;heavy;2
2025-07-03T08:03:00+02:00;566599_D;30;1;75;freeFlow;2
2025-07-03T08:03:00+02:00;566599_G;28;1;60;freeFlow;1
2025-07-03T08:03:00+02:00;566706_D;13;13;74;congested;2
2025-07-03T08:03:00+02:00;566706_G;50;4;0;unknown;0
2025-07-03T08:03:00+02:00;56676_G;33;6;60;heavy;1
2025-07-03T08:03:00+02:00;566850;27;5;71;heavy;2
2025-07-03T08:03:00+02:00;566924_D;50;6;0;unknown;0
2025-07-03T08:03:00+02:00;566924_G;2;198;60;congested;1
2025-07-03T08:03:00+02:00;566942;47;1;80;freeFlow;3
2025-07-03T08:03:00+02:00;56872;54;39;100;heavy;6
2025-07-03T08:03:00+02:00;56874;73;7;100;freeFlow;12
2025-07-03T08:03:00+02:00;56886;42;61;25;freeFlow;1
2025-07-03T08:03:00+02:00;56914;16;10;60;heavy;1
2025-07-03T08:03:00+02:00;56926;68;4;100;freeFlow;11
2025-07-03T08:03:00+02:00;57009;72;5;100;freeFlow;11
2025-07-03T08:03:00+02:00;57011;60;10;100;heavy;5
2025-07-03T08:03:00+02:00;57012;45;9;75;freeFlow;2
2025-07-03T08:03:00+02:00;57082_D;30;9;0;unknown;0
2025-07-03T08:03:00+02:00;57360_D;30;5;0;unknown;0
2025-07-03T08:03:00+02:00;57360_G;32;6;32;freeFlow;1
2025-07-03T08:03:00+02:00;57362_D;30;4;0;unknown;0
2025-07-03T08:03:00+02:00;57362_G;34;3;32;freeFlow;1
2025-07-03T08:03:00+02:00;57368_D;30;7;0;unknown;0
2025-07-03T08:03:00+02:00;57368_G;33;7;32;freeFlow;1
2025-07-03T08:03:00+02:00;57378_D;50;3;0;unknown;0
2025-07-03T08:03:00+02:00;57378_G;50;3;0;unknown;0
2025-07-03T08:03:00+02:00;62549;36;1;60;freeFlow;1
2025-07-03T08:03:00+02:00;62550;17;3;60;heavy;1
2025-07-03T08:03:00+02:00;62617_D;50;9;0;unknown;0
2025-07-03T08:03:00+02:00;62617_G;50;9;0;unknown;0
2025-07-03T08:03:00+02:00;62948_D;41;4;42;freeFlow;1
2025-07-03T08:03:00+02:00;62948_G;33;5;60;freeFlow;1
2025-07-03T08:03:00+02:00;63039;38;4;100;freeFlow;3
2025-07-03T08:03:00+02:00;63203_D;30;26;0;unknown;0
2025-07-03T08:03:00+02:00;63203_G;38;21;60;freeFlow;1
2025-07-03T08:03:00+02:00;63308;31;3;75;heavy;2
2025-07-03T08:03:00+02:00;63895_D;30;5;60;freeFlow;1
2025-07-03T08:03:00+02:00;63895_G;30;5;0;unknown;0
2025-07-03T08:03:00+02:00;63903;92;1;100;freeFlow;8
2025-07-03T08:03:00+02:00;63917;90;1;100;freeFlow;3
2025-07-03T08:03:00+02:00;63954_D;25;7;60;freeFlow;1
2025-07-03T08:03:00+02:00;63954_G;30;5;0;unknown;0
2025-07-03T08:03:00+02:00;63961_D;29;2;60;freeFlow;1
2025-07-03T08:03:00+02:00;63961_G;30;2;0;unknown;0
2025-07-03T08:03:00+02:00;63963_D;20;23;60;heavy;1
2025-07-03T08:03:00+02:00;63963_G;39;12;100;freeFlow;3
2025-07-03T08:03:00+02:00;63974;39;10;75;heavy;2
2025-07-03T08:03:00+02:00;64028;50;2;0;unknown;0
2025-07-03T08:03:00+02:00;64029;45;3;100;heavy;3
2025-07-03T08:03:00+02:00;64033;36;4;75;freeFlow;2
2025-07-03T08:03:00+02:00;64034;48;2;100;freeFlow;4
2025-07-03T08:03:00+02:00;64035;45;3;100;freeFlow;3
2025-07-03T08:03:00+02:00;64104_D;50;2;0;unknown;0
2025-07-03T08:03:00+02:00;64104_G;50;2;0;unknown;0
2025-07-03T08:03:00+02:00;6421;109;22;60;freeFlow;1
2025-07-03T08:03:00+02:00;6422;109;6;60;freeFlow;1
2025-07-03T08:03:00+02:00;6423;57;24;62;heavy;2
2025-07-03T08:03:00+02:00;6424;84;36;98;freeFlow;5
2025-07-03T08:03:00+02:00;64792_D;48;14;75;freeFlow;2
2025-07-03T08:03:00+02:00;64792_G;50;13;0;unknown;0
2025-07-03T08:03:00+02:00;64862_D;35;14;60;heavy;1
2025-07-03T08:03:00+02:00;64862_G;50;10;0;unknown;0
2025-07-03T08:03:00+02:00;65281;36;3;55;freeFlow;1
2025-07-03T08:03:00+02:00;65283;38;3;55;freeFlow;1
2025-07-03T08:03:00+02:00;65293;35;6;55;heavy;1
2025-07-03T08:03:00+02:00;65961_D;37;37;60;freeFlow;1
2025-07-03T08:03:00+02:00;65961_G;50;27;0;unknown;0
2025-07-03T08:03:00+02:00;65966_D;31;1;60;heavy;1
2025-07-03T08:03:00+02:00;65966_G;50;1;0;unknown;0
2025-07-03T08:03:00+02:00;66020;84;0;60;freeFlow;1
2025-07-03T08:03:00+02:00;6615_D;50;12;75;heavy;2
2025-07-03T08:03:00+02:00;6615_G;54;11;60;heavy;1
2025-07-03T08:03:00+02:00;6616;45;1;60;heavy;1
2025-07-03T08:03:00+02:00;6619;29;4;100;heavy;3
2025-07-03T08:03:00+02:00;6620;38;6;100;heavy;3
2025-07-03T08:03:00+02:00;6621;36;3;60;heavy;1
2025-07-03T08:03:00+02:00;6622;35;2;75;heavy;2
2025-07-03T08:03:00+02:00;6623;36;1;60;heavy;1
2025-07-03T08:03:00+02:00;6628_D;35;24;60;heavy;1
2025-07-03T08:03:00+02:00;6628_G;50;17;0;unknown;0
2025-07-03T08:03:00+02:00;6629_D;59;17;60;freeFlow;1
2025-07-03T08:03:00+02:00;6629_G;50;19;0;unknown;0
2025-07-03T08:03:00+02:00;6643;34;19;60;heavy;1
2025-07-03T08:03:00+02:00;6644;35;19;60;heavy;1
2025-07-03T08:03:00+02:00;6645;29;3;75;heavy;2
2025-07-03T08:03:00+02:00;6646;30;2;75;heavy;2
2025-07-03T08:03:00+02:00;6647;33;1;75;heavy;2
2025-07-03T08:03:00+02:00;6648;38;2;75;freeFlow;2
2025-07-03T08:03:00+02:00;6649;43;2;75;freeFlow;2
2025-07-03T08:03:00+02:00;6650;40;4;75;freeFlow;2
2025-07-03T08:03:00+02:00;6651;23;7;100;heavy;3
2025-07-03T08:03:00+02:00;6669_D;53;94;60;heavy;1
2025-07-03T08:03:00+02:00;6669_G;54;93;100;heavy;3
2025-07-03T08:03:00+02:00;67069;24;7;75;heavy;2
2025-07-03T08:03:00+02:00;67223_D;16;4;52;heavy;1
2025-07-03T08:03:00+02:00;67223_G;30;2;0;unknown;0
2025-07-03T08:03:00+02:00;67229_D;30;14;0;unknown;0
2025-07-03T08:03:00+02:00;67229_G;22;19;100;freeFlow;3
2025-07-03T08:03:00+02:00;6723;109;7;60;freeFlow;1
2025-07-03T08:03:00+02:00;67324_D;73;13;60;freeFlow;1
2025-07-03T08:03:00+02:00;67324_G;40;25;100;heavy;4
2025-07-03T08:03:00+02:00;67330;28;2;75;freeFlow;2
2025-07-03T08:03:00+02:00;67332;30;3;0;unknown;0
2025-07-03T08:03:00+02:00;67334;30;1;0;unknown;0
2025-07-03T08:03:00+02:00;67340;28;2;75;freeFlow;2
2025-07-03T08:03:00+02:00;67341;20;16;75;heavy;2
2025-07-03T08:03:00+02:00;67344;30;6;0;unknown;0
2025-07-03T08:03:00+02:00;67352_D;31;12;60;freeFlow;1
2025-07-03T08:03:00+02:00;67352_G;30;12;0;unknown;0
2025-07-03T08:03:00+02:00;67380_D;43;19;60;freeFlow;1
2025-07-03T08:03:00+02:00;67380_G;41;20;100;freeFlow;7
2025-07-03T08:03:00+02:00;67385;42;3;100;freeFlow;7
2025-07-03T08:03:00+02:00;67389_D;50;1;0;unknown;0
2025-07-03T08:03:00+02:00;67389_G;34;2;100;heavy;5
2025-07-03T08:03:00+02:00;67390;37;3;60;freeFlow;1
2025-07-03T08:03:00+02:00;67391;27;6;60;heavy;1
2025-07-03T08:03:00+02:00;67392;34;4;100;heavy;6
2025-07-03T08:03:00+02:00;67511_D;30;4;0;unknown;0
2025-07-03T08:03:00+02:00;67511_G;25;5;60;freeFlow;1
2025-07-03T08:03:00+02:00;67514_D;30;6;0;unknown;0
2025-07-03T08:03:00+02:00;67514_G;25;7;60;freeFlow;1
2025-07-03T08:03:00+02:00;67611;30;6;0;unknown;0
2025-07-03T08:03:00+02:00;67816;20;2;60;heavy;1
2025-07-03T08:03:00+02:00;67819_D;54;1;22;freeFlow;1
2025-07-03T08:03:00+02:00;67819_G;39;1;100;freeFlow;3
2025-07-03T08:03:00+02:00;67820;20;1;60;heavy;1
2025-07-03T08:03:00+02:00;67821;39;2;100;freeFlow;3
2025-07-03T08:03:00+02:00;67823;36;7;60;freeFlow;2
2025-07-03T08:03:00+02:00;67824;50;9;0;unknown;0
2025-07-03T08:03:00+02:00;67829;29;18;58;heavy;1
2025-07-03T08:03:00+02:00;67892_D;25;10;60;heavy;1
2025-07-03T08:03:00+02:00;67892_G;46;5;100;freeFlow;7
2025-07-03T08:03:00+02:00;68069;26;16;57;heavy;1
2025-07-03T08:03:00+02:00;68070;50;1;0;unknown;0
2025-07-03T08:03:00+02:00;68815;26;4;55;heavy;1
2025-07-03T08:03:00+02:00;69060;30;3;0;unknown;0
2025-07-03T08:03:00+02:00;69061;30;4;0;unknown;0
2025-07-03T08:03:00+02:00;69062;30;2;0;unknown;0
2025-07-03T08:03:00+02:00;69063;30;1;0;unknown;0
2025-07-03T08:03:00+02:00;69064_D;30;1;0;unknown;0
2025-07-03T08:03:00+02:00;69064_G;30;1;0;unknown;0
2025-07-03T08:03:00+02:00;69270_D;36;3;60;freeFlow;1
2025-07-03T08:03:00+02:00;69270_G;28;3;60;heavy;1
2025-07-03T08:03:00+02:00;69277;30;3;0;unknown;0
2025-07-03T08:03:00+02:00;69464;30;1;0;unknown;0
2025-07-03T08:03:00+02:00;69467;30;2;0;unknown;0
2025-07-03T08:03:00+02:00;69493;40;16;75;freeFlow;2
2025-07-03T08:03:00+02:00;69495;33;12;75;heavy;2
2025-07-03T08:03:00+02:00;69591;39;7;27;freeFlow;1
2025-07-03T08:03:00+02:00;69673;23;15;42;heavy;1
2025-07-03T08:03:00+02:00;69878;45;19;100;freeFlow;3
2025-07-03T08:03:00+02:00;71197_D;67;17;60;freeFlow;1
2025-07-03T08:03:00+02:00;71197_G;94;12;60;freeFlow;1
2025-07-03T08:03:00+02:00;71455_D;50;3;0;unknown;0
2025-07-03T08:03:00+02:00;71492_D;50;4;60;freeFlow;1
2025-07-03T08:03:00+02:00;71492_G;18;10;63;heavy;2
2025-07-03T08:03:00+02:00;71493_D;50;6;0;unknown;0
2025-07-03T08:03:00+02:00;71493_G;25;12;100;heavy;3
2025-07-03T08:03:00+02:00;71494;48;3;75;freeFlow;2
2025-07-03T08:03:00+02:00;71496;34;7;75;heavy;2
2025-07-03T08:03:00+02:00;71497;30;3;45;heavy;1
2025-07-03T08:03:00+02:00;71504_D;94;0;60;freeFlow;1
2025-07-03T08:03:00+02:00;71504_G;21;2;100;heavy;3
2025-07-03T08:03:00+02:00;71508_D;40;12;75;freeFlow;2
2025-07-03T08:03:00+02:00;71508_G;30;16;60;heavy;1
2025-07-03T08:03:00+02:00;71509_D;50;20;0;unknown;0
2025-07-03T08:03:00+02:00;71509_G;53;19;100;freeFlow;3
2025-07-03T08:03:00+02:00;71554_D;45;5;27;freeFlow;1
2025-07-03T08:03:00+02:00;71554_G;20;12;60;heavy;1
2025-07-03T08:03:00+02:00;71555_D;35;3;25;heavy;1
2025-07-03T08:03:00+02:00;71555_G;29;4;60;heavy;1
2025-07-03T08:03:00+02:00;71661;39;7;100;heavy;4
2025-07-03T08:03:00+02:00;71668;70;9;75;freeFlow;2
2025-07-03T08:03:00+02:00;72425;92;13;100;freeFlow;8
2025-07-03T08:03:00+02:00;72487_D;46;54;75;heavy;3
2025-07-03T08:03:00+02:00;72842_D;50;22;0;unknown;0
2025-07-03T08:03:00+02:00;72842_G;64;17;30;freeFlow;1
2025-07-03T08:03:00+02:00;72940_D;13;93;44;congested;1
2025-07-03T08:03:00+02:00;72940_G;15;78;60;congested;2
2025-07-03T08:03:00+02:00;73636;24;7;60;heavy;1
2025-07-03T08:03:00+02:00;74067;40;2;100;heavy;3
2025-07-03T08:03:00+02:00;74454;40;1;55;heavy;2
2025-07-03T08:03:00+02:00;74457_D;51;20;57;freeFlow;2
2025-07-03T08:03:00+02:00;74457_G;46;22;75;heavy;2
2025-07-03T08:03:00+02:00;74459;23;1;75;heavy;2
2025-07-03T08:03:00+02:00;74460;19;2;100;congested;3
2025-07-03T08:03:00+02:00;74461;17;2;75;congested;2
2025-07-03T08:03:00+02:00;74688_D;51;18;100;freeFlow;3
2025-07-03T08:03:00+02:00;74688_G;51;18;52;freeFlow;1
2025-07-03T08:03:00+02:00;74748_D;8;36;15;congested;1
2025-07-03T08:03:00+02:00;74748_G;25;12;75;heavy;2
2025-07-03T08:03:00+02:00;75340;30;2;42;heavy;1
2025-07-03T08:03:00+02:00;75343_D;30;12;0;unknown;0
2025-07-03T08:03:00+02:00;75343_G;36;10;38;freeFlow;1
2025-07-03T08:03:00+02:00;75344;30;2;42;heavy;1
2025-07-03T08:03:00+02:00;75346;50;1;0;unknown;0
2025-07-03T08:03:00+02:00;75347_D;33;2;42;heavy;1
2025-07-03T08:03:00+02:00;75347_G;50;1;0;unknown;0
2025-07-03T08:03:00+02:00;75348;45;1;15;freeFlow;1
2025-07-03T08:03:00+02:00;75353;33;1;38;heavy;1
2025-07-03T08:03:00+02:00;75356_D;50;10;0;unknown;0
2025-07-03T08:03:00+02:00;75356_G;33;16;45;heavy;1
2025-07-03T08:03:00+02:00;75358;30;2;62;heavy;2
2025-07-03T08:03:00+02:00;75359;42;1;60;freeFlow;1
2025-07-03T08:03:00+02:00;75385;29;2;60;heavy;1
2025-07-03T08:03:00+02:00;75533_D;78;0;55;freeFlow;1
2025-07-03T08:03:00+02:00;75533_G;60;1;40;freeFlow;1
2025-07-03T08:03:00+02:00;75630;74;21;40;freeFlow;1
2025-07-03T08:03:00+02:00;75810;67;11;100;freeFlow;3
2025-07-03T08:03:00+02:00;75811;105;4;75;freeFlow;2
2025-07-03T08:03:00+02:00;75812;51;8;100;heavy;6
2025-07-03T08:03:00+02:00;75813;73;3;100;freeFlow;12
2025-07-03T08:03:00+02:00;75814;33;7;100;heavy;6
2025-07-03T08:03:00+02:00;75815;69;19;100;freeFlow;13
2025-07-03T08:03:00+02:00;75816;22;10;60;heavy;1
2025-07-03T08:03:00+02:00;75819_D;45;4;60;freeFlow;1
2025-07-03T08:03:00+02:00;75819_G;38;5;100;freeFlow;4
2025-07-03T08:03:00+02:00;75821;38;8;100;heavy;6
2025-07-03T08:03:00+02:00;75823;37;11;100;heavy;6
2025-07-03T08:03:00+02:00;75841;13;27;53;congested;2
2025-07-03T08:03:00+02:00;75842;54;7;45;freeFlow;1
2025-07-03T08:03:00+02:00;75855;33;2;60;heavy;1
2025-07-03T08:03:00+02:00;75858;32;2;75;heavy;2
2025-07-03T08:03:00+02:00;75859;55;3;60;freeFlow;1
2025-07-03T08:03:00+02:00;75860;42;4;75;heavy;2
2025-07-03T08:03:00+02:00;75861;51;2;75;freeFlow;2
2025-07-03T08:03:00+02:00;75862;107;2;12;freeFlow;1
2025-07-03T08:03:00+02:00;75863;107;1;12;freeFlow;1
2025-07-03T08:03:00+02:00;75864;70;1;0;unknown;0
2025-07-03T08:03:00+02:00;75865;70;2;0;unknown;0
2025-07-03T08:03:00+02:00;75866;74;12;100;freeFlow;6
2025-07-03T08:03:00+02:00;75867;65;18;100;freeFlow;4
2025-07-03T08:03:00+02:00;75869;60;87;100;heavy;8
2025-07-03T08:03:00+02:00;75873_D;59;10;22;freeFlow;1
2025-07-03T08:03:00+02:00;75873_G;89;5;60;freeFlow;1
2025-07-03T08:03:00+02:00;75874_D;59;7;22;freeFlow;1
2025-07-03T08:03:00+02:00;75874_G;89;4;60;freeFlow;1
2025-07-03T08:03:00+02:00;75875;57;5;100;freeFlow;4
2025-07-03T08:03:00+02:00;75876;54;9;100;freeFlow;5
2025-07-03T08:03:00+02:00;75877;50;17;0;unknown;0
2025-07-03T08:03:00+02:00;75878;86;9;100;freeFlow;3
2025-07-03T08:03:00+02:00;75879;105;2;75;freeFlow;2
2025-07-03T08:03:00+02:00;75880;78;11;75;freeFlow;2
2025-07-03T08:03:00+02:00;75882;58;17;74;heavy;6
2025-07-03T08:03:00+02:00;75883;69;6;100;freeFlow;6
2025-07-03T08:03:00+02:00;75884;66;6;100;freeFlow;10
2025-07-03T08:03:00+02:00;75885;66;4;100;freeFlow;7
2025-07-03T08:03:00+02:00;75886;75;8;100;freeFlow;11
2025-07-03T08:03:00+02:00;75911;54;5;60;freeFlow;1
2025-07-03T08:03:00+02:00;75912;54;5;60;freeFlow;1
2025-07-03T08:03:00+02:00;76094;70;8;60;freeFlow;1
2025-07-03T08:03:00+02:00;7864_D;70;51;100;freeFlow;3
2025-07-03T08:03:00+02:00;7864_G;75;48;60;freeFlow;1
2025-07-03T08:03:00+02:00;790_D;94;8;60;freeFlow;1
2025-07-03T08:03:00+02:00;790_G;22;35;65;heavy;2
2025-07-03T08:03:00+02:00;791_D;67;13;75;freeFlow;2
2025-07-03T08:03:00+02:00;791_G;12;68;68;congested;2
2025-07-03T08:03:00+02:00;7936;105;7;60;freeFlow;1
2025-07-03T08:03:00+02:00;7937;109;20;60;freeFlow;1
2025-07-03T08:03:00+02:00;7938;45;68;62;heavy;2
2025-07-03T08:03:00+02:00;7995_D;62;17;75;freeFlow;2
2025-07-03T08:03:00+02:00;7995_G;67;15;60;freeFlow;1
2025-07-03T08:03:00+02:00;862_D;65;17;63;freeFlow;2
2025-07-03T08:03:00+02:00;862_G;44;25;75;heavy;2
2025-07-03T08:03:00+02:00;863_D;67;10;63;freeFlow;2
2025-07-03T08:03:00+02:00;863_G;75;9;75;freeFlow;2
2025-07-03T08:03:00+02:00;8745;37;5;100;freeFlow;4
2025-07-03T08:03:00+02:00;8962;94;23;100;freeFlow;4
2025-07-03T08:03:00+02:00;8963_D;61;7;73;freeFlow;2
2025-07-03T08:03:00+02:00;8963_G;15;29;60;congested;1
2025-07-03T08:03:00+02:00;8966;93;13;100;freeFlow;4
2025-07-03T08:03:00+02:00;8969;102;13;100;freeFlow;7
2025-07-03T08:03:00+02:00;8970;93;16;100;freeFlow;7
2025-07-03T08:03:00+02:00;8971;94;22;100;freeFlow;7
2025-07-03T08:03:00+02:00;8974_D;10;24;75;congested;2
2025-07-03T08:03:00+02:00;8974_G;41;6;63;heavy;2
2025-07-03T08:03:00+02:00;8976_D;16;22;75;congested;2
2025-07-03T08:03:00+02:00;8976_G;49;7;48;freeFlow;1
2025-07-03T08:03:00+02:00;8977_D;21;15;75;congested;2
2025-07-03T08:03:00+02:00;8977_G;49;6;45;heavy;1
2025-07-03T08:03:00+02:00;8978;90;15;100;freeFlow;6
2025-07-03T08:03:00+02:00;9040;52;17;100;heavy;4
2025-07-03T08:03:00+02:00;9041;39;5;75;freeFlow;2
2025-07-03T08:03:00+02:00;9042;39;2;100;freeFlow;5
2025-07-03T08:03:00+02:00;9043;39;4;75;freeFlow;2
2025-07-03T08:03:00+02:00;9044;37;4;75;freeFlow;2
2025-07-03T08:03:00+02:00;9045;50;2;0;unknown;0
2025-07-03T08:03:00+02:00;9046;42;2;100;freeFlow;5
2025-07-03T08:03:00+02:00;9047;39;3;100;freeFlow;5
2025-07-03T08:03:00+02:00;9048;48;11;75;heavy;2
2025-07-03T08:03:00+02:00;9049;34;4;100;heavy;3
2025-07-03T08:03:00+02:00;9050;30;2;100;heavy;5
2025-07-03T08:03:00+02:00;9051;35;4;100;heavy;5
2025-07-03T08:03:00+02:00;9052;40;2;45;freeFlow;1
2025-07-03T08:03:00+02:00;9053;44;3;100;freeFlow;3
2025-07-03T08:03:00+02:00;9054;37;16;75;freeFlow;2
2025-07-03T08:03:00+02:00;9055;41;15;100;freeFlow;4
2025-07-03T08:03:00+02:00;9057_D;85;6;55;freeFlow;1
2025-07-03T08:03:00+02:00;9057_G;72;7;40;freeFlow;1
2025-07-03T08:03:00+02:00;9058_D;39;35;74;heavy;2
2025-07-03T08:03:00+02:00;9058_G;72;19;40;freeFlow;1
2025-07-03T08:03:00+02:00;9059_D;57;11;60;freeFlow;1
2025-07-03T08:03:00+02:00;9059_G;47;13;55;heavy;2
2025-07-03T08:03:00+02:00;9060;43;4;52;heavy;1
2025-07-03T08:03:00+02:00;9061;61;3;70;freeFlow;2
2025-07-03T08:03:00+02:00;9062;32;5;68;heavy;2
2025-07-03T08:03:00+02:00;9063;24;5;73;heavy;2
2025-07-03T08:03:00+02:00;9068_D;39;46;75;heavy;2
2025-07-03T08:03:00+02:00;9068_G;22;83;67;congested;2
2025-07-03T08:03:00+02:00;9070_D;70;29;98;freeFlow;5
2025-07-03T08:03:00+02:00;9070_G;71;29;83;freeFlow;3
2025-07-03T08:03:00+02:00;9073;47;9;100;heavy;3
2025-07-03T08:03:00+02:00;9074;67;13;100;freeFlow;12
2025-07-03T08:03:00+02:00;9082_D;73;3;60;freeFlow;2
2025-07-03T08:03:00+02:00;9082_G;41;6;75;heavy;2
2025-07-03T08:03:00+02:00;9090_D;76;18;55;freeFlow;2
2025-07-03T08:03:00+02:00;9090_G;60;22;75;freeFlow;2
2025-07-03T08:03:00+02:00;9103;50;29;100;heavy;4
2025-07-03T08:03:00+02:00;9108;70;18;100;freeFlow;4
2025-07-03T08:03:00+02:00;9114;45;2;100;heavy;4
2025-07-03T08:03:00+02:00;9115;50;30;100;heavy;4
2025-07-03T08:03:00+02:00;9116;74;2;75;freeFlow;2
2025-07-03T08:03:00+02:00;9117;72;7;75;freeFlow;2
2025-07-03T08:03:00+02:00;9133;68;28;100;freeFlow;5
2025-07-03T08:03:00+02:00;9134;74;20;100;freeFlow;3
2025-07-03T08:03:00+02:00;9177;70;28;75;freeFlow;2
2025-07-03T08:03:00+02:00;9190;63;6;100;freeFlow;3
2025-07-03T08:03:00+02:00;9199;42;2;100;heavy;3
2025-07-03T08:03:00+02:00;9200;90;2;0;unknown;0
2025-07-03T08:03:00+02:00;9201;27;2;100;heavy;3
2025-07-03T08:03:00+02:00;9202;34;4;80;heavy;5
2025-07-03T08:03:00+02:00;9203;35;3;100;heavy;4
2025-07-03T08:03:00+02:00;9204;37;3;100;heavy;4
2025-07-03T08:03:00+02:00;9213;51;54;100;freeFlow;4
2025-07-03T08:03:00+02:00;9214_D;70;1;0;unknown;0
2025-07-03T08:03:00+02:00;9214_G;77;1;60;freeFlow;1
2025-07-03T08:03:00+02:00;9215;44;63;100;heavy;4
2025-07-03T08:03:00+02:00;9279;20;104;100;congested;9
2025-07-03T08:03:00+02:00;9280;41;58;100;heavy;8
2025-07-03T08:03:00+02:00;9343_D;34;36;45;heavy;2
2025-07-03T08:03:00+02:00;9343_G;58;21;60;freeFlow;1
2025-07-03T08:03:00+02:00;9344_D;53;11;32;freeFlow;1
2025-07-03T08:03:00+02:00;9344_G;53;11;60;freeFlow;1
2025-07-03T08:03:00+02:00;9345_D;66;12;32;freeFlow;1
2025-07-03T08:03:00+02:00;9345_G;53;16;58;freeFlow;1
2025-07-03T08:03:00+02:00;9346_D;42;11;48;freeFlow;2
2025-07-03T08:03:00+02:00;9346_G;49;9;57;freeFlow;1
2025-07-03T08:03:00+02:00;9348_D;64;3;32;freeFlow;1
2025-07-03T08:03:00+02:00;9348_G;60;4;57;freeFlow;1
2025-07-03T08:03:00+02:00;9351_D;45;26;73;heavy;3
2025-07-03T08:03:00+02:00;9351_G;75;15;57;freeFlow;1
2025-07-03T08:03:00+02:00;9370_D;67;12;30;freeFlow;1
2025-07-03T08:03:00+02:00;9370_G;60;14;60;freeFlow;1
2025-07-03T08:03:00+02:00;9371_D;44;14;45;heavy;2
2025-07-03T08:03:00+02:00;9371_G;54;12;60;heavy;1
2025-07-03T08:03:00+02:00;9378;53;22;100;heavy;5
2025-07-03T08:03:00+02:00;9379;53;21;100;heavy;13
2025-07-03T08:03:00+02:00;9414_D;33;8;60;freeFlow;1
2025-07-03T08:03:00+02:00;9414_G;30;9;0;unknown;0
2025-07-03T08:03:00+02:00;9416_D;33;7;60;freeFlow;1
2025-07-03T08:03:00+02:00;9416_G;30;7;0;unknown;0
2025-07-03T08:03:00+02:00;9418_D;33;11;60;freeFlow;1
2025-07-03T08:03:00+02:00;9418_G;30;12;0;unknown;0
2025-07-03T08:03:00+02:00;9421;50;2;60;freeFlow;1
2025-07-03T08:03:00+02:00;9422;50;2;60;freeFlow;1
2025-07-03T08:03:00+02:00;9423;38;3;60;freeFlow;1
2025-07-03T08:03:00+02:00;9424;30;6;0;unknown;0
2025-07-03T08:03:00+02:00;9425_D;34;4;60;freeFlow;1
2025-07-03T08:03:00+02:00;9425_G;30;4;0;unknown;0
2025-07-03T08:03:00+02:00;9427_D;50;7;60;heavy;1
2025-07-03T08:03:00+02:00;9427_G;38;9;60;heavy;1
2025-07-03T08:03:00+02:00;9434_D;57;14;60;freeFlow;1
2025-07-03T08:03:00+02:00;9434_G;55;14;60;heavy;1
2025-07-03T08:03:00+02:00;9435_D;70;15;60;freeFlow;1
2025-07-03T08:03:00+02:00;9435_G;62;16;60;freeFlow;1
2025-07-03T08:03:00+02:00;9437_D;31;37;60;heavy;1
2025-07-03T08:03:00+02:00;9437_G;61;19;60;freeFlow;1
2025-07-03T08:03:00+02:00;9588_D;76;8;42;freeFlow;1
2025-07-03T08:03:00+02:00;9588_G;67;9;75;freeFlow;2
2025-07-03T08:03:00+02:00;9625_D;76;5;42;freeFlow;1
2025-07-03T08:03:00+02:00;9625_G;52;7;75;freeFlow;2
2025-07-03T08:03:00+02:00;9739;30;4;81;heavy;6
2025-07-03T08:03:00+02:00;9740;30;2;55;heavy;2
2025-07-03T08:03:00+02:00;9741;18;4;100;congested;4
2025-07-03T08:03:00+02:00;9742;26;5;75;heavy;2
2025-07-03T08:03:00+02:00;9745_D;53;2;40;freeFlow;1
2025-07-03T08:03:00+02:00;9745_G;33;9;75;heavy;2
2025-07-03T08:03:00+02:00;9757_D;33;3;55;heavy;2
2025-07-03T08:03:00+02:00;9757_G;11;10;100;congested;4
2025-07-03T08:03:00+02:00;9758_D;48;7;55;heavy;2
2025-07-03T08:03:00+02:00;9758_G;32;10;100;heavy;3
2025-07-03T08:03:00+02:00;9834_D;74;27;53;freeFlow;2
2025-07-03T08:03:00+02:00;9834_G;76;26;75;freeFlow;2
2025-07-03T08:03:00+02:00;9912;18;10;95;congested;4
2025-07-03T08:03:00+02:00;9913;21;5;40;heavy;1
2025-07-03T08:03:00+02:00;9914;31;3;42;heavy;1
2025-07-03T08:03:00+02:00;9915;22;6;42;heavy;1
2025-07-03T08:03:00+02:00;9916;10;15;75;congested;2
2025-07-03T08:03:00+02:00;9917_D;10;14;75;congested;2
2025-07-03T08:03:00+02:00;9917_G;40;3;40;heavy;1
2025-07-03T08:03:00+02:00;9921_D;58;26;53;freeFlow;2
2025-07-03T08:03:00+02:00;9921_G;51;29;75;freeFlow;2
2025-07-03T08:03:00+02:00;1601981;50;3;0;unknown;0
2025-07-03T08:03:00+02:00;1601982;41;22;100;freeFlow;3
2025-07-03T08:03:00+02:00;1634;52;11;57;heavy;1
2025-07-03T08:03:00+02:00;1635;70;2;0;unknown;0
2025-07-03T08:03:00+02:00;1636;26;6;55;heavy;1
2025-07-03T08:03:00+02:00;1637;15;8;95;congested;4
2025-07-03T08:03:00+02:00;1640;31;3;73;heavy;2
2025-07-03T08:03:00+02:00;1641;35;5;57;heavy;1
2025-07-03T08:03:00+02:00;1642;23;4;98;heavy;3
2025-07-03T08:03:00+02:00;1678329;88;7;100;freeFlow;3
2025-07-03T08:03:00+02:00;1680500_D;65;4;60;freeFlow;1
2025-07-03T08:03:00+02:00;1680500_G;37;8;100;freeFlow;4
2025-07-03T08:03:00+02:00;1680501;41;20;88;freeFlow;8
2025-07-03T08:03:00+02:00;1680580;46;9;55;freeFlow;1
2025-07-03T08:03:00+02:00;1680586;19;8;74;heavy;2
2025-07-03T08:03:00+02:00;1680594;19;1;60;heavy;1
2025-07-03T08:03:00+02:00;1680595;50;1;0;unknown;0
2025-07-03T08:03:00+02:00;1680596;19;2;60;heavy;1
2025-07-03T08:03:00+02:00;1680597;50;1;0;unknown;0
2025-07-03T08:03:00+02:00;1680604;49;2;55;freeFlow;1
2025-07-03T08:03:00+02:00;1747_D;94;1;60;freeFlow;1
2025-07-03T08:03:00+02:00;1747_G;23;4;75;heavy;2
2025-07-03T08:03:00+02:00;1762;22;23;100;heavy;4
2025-07-03T08:03:00+02:00;1763;20;28;100;heavy;4
2025-07-03T08:03:00+02:00;1765_D;94;4;60;freeFlow;1
2025-07-03T08:03:00+02:00;1765_G;27;15;100;heavy;3
2025-07-03T08:03:00+02:00;1852;72;15;100;freeFlow;6
2025-07-03T08:03:00+02:00;1857;88;24;100;freeFlow;9
2025-07-03T08:03:00+02:00;1858;80;11;100;freeFlow;4
2025-07-03T08:03:00+02:00;1859;77;13;100;freeFlow;8
2025-07-03T08:03:00+02:00;1860;80;16;75;freeFlow;2
2025-07-03T08:03:00+02:00;1910718_D;29;4;60;heavy;1
2025-07-03T08:03:00+02:00;1910718_G;50;2;0;unknown;0
2025-07-03T08:03:00+02:00;1910863_D;50;11;0;unknown;0
2025-07-03T08:03:00+02:00;1910863_G;16;34;52;heavy;1
2025-07-03T08:03:00+02:00;1911250;29;8;100;heavy;3
2025-07-03T08:03:00+02:00;35088;69;3;75;freeFlow;2
2025-07-03T08:03:00+02:00;35089;99;2;75;freeFlow;2
2025-07-03T08:03:00+02:00;35090;107;1;60;freeFlow;1
2025-07-03T08:03:00+02:00;35091;36;3;75;heavy;2
2025-07-03T08:03:00+02:00;35093;68;4;70;freeFlow;2
2025-07-03T08:03:00+02:00;35094;54;5;75;freeFlow;2
2025-07-03T08:03:00+02:00;35099;40;3;10;freeFlow;1
2025-07-03T08:03:00+02:00;35101;24;3;60;heavy;1
2025-07-03T08:03:00+02:00;35102;56;1;38;freeFlow;1
2025-07-03T08:03:00+02:00;35104;32;83;75;heavy;2
2025-07-03T08:03:00+02:00;35116;26;5;73;heavy;2
2025-07-03T08:03:00+02:00;35117;16;10;89;heavy;3
2025-07-03T08:03:00+02:00;35118;45;4;38;freeFlow;1
2025-07-03T08:03:00+02:00;35119;32;6;55;heavy;1
2025-07-03T08:03:00+02:00;35120_D;49;1;52;freeFlow;1
2025-07-03T08:03:00+02:00;35120_G;11;7;38;congested;1
2025-07-03T08:03:00+02:00;35121_D;47;44;55;freeFlow;1
2025-07-03T08:03:00+02:00;35121_G;40;52;51;freeFlow;2
2025-07-03T08:03:00+02:00;40196;80;3;100;freeFlow;3
2025-07-03T08:03:00+02:00;40197;81;3;100;freeFlow;3
2025-07-03T08:03:00+02:00;41636_D;31;5;59;heavy;1
2025-07-03T08:03:00+02:00;41636_G;50;3;0;unknown;0
2025-07-03T08:03:00+02:00;41652_G;50;5;0;unknown;0
2025-07-03T08:03:00+02:00;41653_D;19;5;57;heavy;1
2025-07-03T08:03:00+02:00;41653_G;50;2;0;unknown;0
2025-07-03T08:03:00+02:00;41667_D;50;3;0;unknown;0
2025-07-03T08:03:00+02:00;41667_G;50;3;0;unknown;0
2025-07-03T08:03:00+02:00;41668_D;50;1;0;unknown;0
2025-07-03T08:03:00+02:00;41668_G;10;5;25;congested;1
2025-07-03T08:03:00+02:00;41721;55;19;100;heavy;6
2025-07-03T08:03:00+02:00;41722;73;16;100;freeFlow;7
2025-07-03T08:03:00+02:00;41758;77;17;100;freeFlow;12
2025-07-03T08:03:00+02:00;41759;77;18;100;freeFlow;9
2025-07-03T08:03:00+02:00;41760;50;27;100;heavy;10
2025-07-03T08:03:00+02:00;41949_D;19;13;60;heavy;1
2025-07-03T08:03:00+02:00;41949_G;50;5;0;unknown;0
2025-07-03T08:03:00+02:00;41974_D;22;10;75;heavy;2
2025-07-03T08:03:00+02:00;41974_G;8;28;0;unknown;0
2025-07-03T08:03:00+02:00;41975_D;24;14;60;heavy;1
2025-07-03T08:03:00+02:00;41975_G;50;7;0;unknown;0
2025-07-03T08:03:00+02:00;41985_D;50;2;0;unknown;0
2025-07-03T08:03:00+02:00;41985_G;17;4;25;heavy;1
2025-07-03T08:03:00+02:00;42064_D;50;4;0;unknown;0
2025-07-03T08:03:00+02:00;42064_G;50;4;0;unknown;0
2025-07-03T08:03:00+02:00;420870_D;47;5;10;freeFlow;1
2025-07-03T08:03:00+02:00;420870_G;48;5;60;freeFlow;1
2025-07-03T08:03:00+02:00;42206_G;50;19;0;unknown;0
2025-07-03T08:03:00+02:00;42238_G;7;52;25;congested;1
2025-07-03T08:03:00+02:00;42239_D;25;11;57;heavy;1
2025-07-03T08:03:00+02:00;42239_G;50;6;0;unknown;0
2025-07-03T08:03:00+02:00;42240_D;27;28;75;heavy;2
2025-07-03T08:03:00+02:00;42240_G;21;36;20;heavy;1
2025-07-03T08:03:00+02:00;42241_D;22;32;75;heavy;2
2025-07-03T08:03:00+02:00;42241_G;50;14;0;unknown;0
2025-07-03T08:03:00+02:00;42242_D;23;13;60;heavy;1
2025-07-03T08:03:00+02:00;42242_G;50;6;0;unknown;0
2025-07-03T08:03:00+02:00;42683_D;48;7;48;freeFlow;1
2025-07-03T08:03:00+02:00;42683_G;50;6;0;unknown;0
2025-07-03T08:03:00+02:00;42714_D;24;9;60;heavy;1
2025-07-03T08:03:00+02:00;42714_G;50;4;0;unknown;0
2025-07-03T08:03:00+02:00;42716_D;19;4;60;heavy;1
2025-07-03T08:03:00+02:00;42716_G;50;2;0;unknown;0
2025-07-03T08:03:00+02:00;43449_D;30;7;0;unknown;0
2025-07-03T08:03:00+02:00;43449_G;17;13;50;heavy;2
2025-07-03T08:03:00+02:00;43450_D;9;34;53;congested;2
2025-07-03T08:03:00+02:00;43450_G;12;25;94;heavy;3
2025-07-03T08:03:00+02:00;43451_G;30;16;0;unknown;0
2025-07-03T08:03:00+02:00;43452_D;30;5;0;unknown;0
2025-07-03T08:03:00+02:00;43452_G;30;5;0;unknown;0
2025-07-03T08:03:00+02:00;43475_D;50;4;0;unknown;0
2025-07-03T08:03:00+02:00;43475_G;50;4;0;unknown;0
2025-07-03T08:03:00+02:00;43622_D;50;2;0;unknown;0
2025-07-03T08:03:00+02:00;43622_G;29;3;55;heavy;1
2025-07-03T08:03:00+02:00;43623_D;50;4;0;unknown;0
2025-07-03T08:03:00+02:00;43623_G;31;6;55;heavy;1
2025-07-03T08:03:00+02:00;43624_D;50;5;0;unknown;0
2025-07-03T08:03:00+02:00;43624_G;32;7;55;heavy;1
2025-07-03T08:03:00+02:00;43625_D;50;7;0;unknown;0
2025-07-03T08:03:00+02:00;43625_G;29;13;55;heavy;1
2025-07-03T08:03:00+02:00;43657_D;28;3;55;heavy;1
2025-07-03T08:03:00+02:00;43657_G;50;2;0;unknown;0
2025-07-03T08:03:00+02:00;43659_D;30;5;0;unknown;0
2025-07-03T08:03:00+02:00;43659_G;30;5;0;unknown;0
2025-07-03T08:03:00+02:00;44039_D;50;2;0;unknown;0
2025-07-03T08:03:00+02:00;44039_G;50;2;0;unknown;0
2025-07-03T08:03:00+02:00;44040_D;50;9;0;unknown;0
2025-07-03T08:03:00+02:00;44040_G;50;9;0;unknown;0
2025-07-03T08:03:00+02:00;44041_D;50;9;0;unknown;0
2025-07-03T08:03:00+02:00;44041_G;50;9;0;unknown;0
2025-07-03T08:03:00+02:00;44042_D;7;72;45;congested;1
2025-07-03T08:03:00+02:00;44042_G;50;9;0;unknown;0
2025-07-03T08:03:00+02:00;44071_D;12;23;70;heavy;2
2025-07-03T08:03:00+02:00;44071_G;8;39;73;congested;2
2025-07-03T08:03:00+02:00;44080;30;4;20;heavy;1
2025-07-03T08:03:00+02:00;44113_D;50;6;0;unknown;0
2025-07-03T08:03:00+02:00;44113_G;38;8;57;freeFlow;1
2025-07-03T08:03:00+02:00;44114_D;50;5;0;unknown;0
2025-07-03T08:03:00+02:00;44114_G;38;7;57;freeFlow;1
2025-07-03T08:03:00+02:00;44115_D;50;7;0;unknown;0
2025-07-03T08:03:00+02:00;44115_G;38;9;57;freeFlow;1
2025-07-03T08:03:00+02:00;44117_D;29;10;55;heavy;1
2025-07-03T08:03:00+02:00;44117_G;38;7;57;freeFlow;1
2025-07-03T08:03:00+02:00;44118_D;29;7;55;heavy;1
2025-07-03T08:03:00+02:00;44118_G;29;7;57;heavy;1
2025-07-03T08:03:00+02:00;44125_D;50;3;0;unknown;0
2025-07-03T08:03:00+02:00;44125_G;30;5;57;heavy;1
2025-07-03T08:03:00+02:00;44127;37;8;60;freeFlow;1
2025-07-03T08:03:00+02:00;44128;30;11;60;heavy;1
2025-07-03T08:03:00+02:00;44170_D;50;3;0;unknown;0
2025-07-03T08:03:00+02:00;44170_G;38;5;57;freeFlow;1
2025-07-03T08:03:00+02:00;44713_D;30;1;57;heavy;1
2025-07-03T08:03:00+02:00;44713_G;50;0;40;freeFlow;1
2025-07-03T08:03:00+02:00;44930;31;6;75;heavy;2
2025-07-03T08:03:00+02:00;44931;41;16;75;freeFlow;2
2025-07-03T08:03:00+02:00;44934;83;24;100;freeFlow;9
2025-07-03T08:03:00+02:00;45486_G;21;9;60;heavy;1
2025-07-03T08:03:00+02:00;45487_G;22;12;60;heavy;1
2025-07-03T08:03:00+02:00;45488_D;46;15;0;unknown;0
2025-07-03T08:03:00+02:00;45488_G;24;28;60;heavy;1
2025-07-03T08:03:00+02:00;45489_D;50;5;0;unknown;0
2025-07-03T08:03:00+02:00;45489_G;26;10;60;heavy;1
2025-07-03T08:03:00+02:00;45490_D;50;3;0;unknown;0
2025-07-03T08:03:00+02:00;45490_G;28;6;60;heavy;1
2025-07-03T08:03:00+02:00;45503_D;36;4;45;freeFlow;1
2025-07-03T08:03:00+02:00;45503_G;32;4;60;heavy;1
2025-07-03T08:03:00+02:00;45504_D;33;5;45;heavy;1
2025-07-03T08:03:00+02:00;45504_G;32;5;70;heavy;2
2025-07-03T08:03:00+02:00;45505_D;19;17;60;heavy;2
2025-07-03T08:03:00+02:00;45505_G;34;10;68;heavy;2
2025-07-03T08:03:00+02:00;45530_D;30;2;0;unknown;0
2025-07-03T08:03:00+02:00;45530_G;33;2;73;freeFlow;2
2025-07-03T08:03:00+02:00;45531_D;10;5;57;heavy;1
2025-07-03T08:03:00+02:00;45531_G;43;1;55;freeFlow;1
2025-07-03T08:03:00+02:00;45532_D;27;8;74;freeFlow;2
2025-07-03T08:03:00+02:00;45532_G;12;19;74;heavy;2
2025-07-03T08:03:00+02:00;45565_D;38;9;60;freeFlow;1
2025-07-03T08:03:00+02:00;45565_G;40;8;60;freeFlow;1
2025-07-03T08:03:00+02:00;45566_D;35;8;69;freeFlow;2
2025-07-03T08:03:00+02:00;45566_G;28;10;75;heavy;2
2025-07-03T08:03:00+02:00;45567_D;8;33;55;congested;1
2025-07-03T08:03:00+02:00;45567_G;28;10;75;heavy;2
2025-07-03T08:03:00+02:00;45568_D;30;15;60;heavy;1
2025-07-03T08:03:00+02:00;45568_G;35;14;60;heavy;1
2025-07-03T08:03:00+02:00;45601_D;36;9;60;freeFlow;1
2025-07-03T08:03:00+02:00;45601_G;27;11;57;heavy;1
2025-07-03T08:03:00+02:00;45613_D;50;6;0;unknown;0
2025-07-03T08:03:00+02:00;45613_G;12;27;75;congested;2
2025-07-03T08:03:00+02:00;45614_D;45;5;0;unknown;0
2025-07-03T08:03:00+02:00;45614_G;42;5;60;freeFlow;1
2025-07-03T08:03:00+02:00;45636;13;91;90;congested;4
2025-07-03T08:03:00+02:00;45637;78;14;100;freeFlow;7
2025-07-03T08:03:00+02:00;45640;37;13;57;freeFlow;2
2025-07-03T08:03:00+02:00;45641;86;14;100;freeFlow;11
2025-07-03T08:03:00+02:00;45642;86;25;100;freeFlow;12
2025-07-03T08:03:00+02:00;45644_D;29;33;75;heavy;2
2025-07-03T08:03:00+02:00;45644_G;23;40;75;heavy;2
2025-07-03T08:03:00+02:00;45645_G;105;5;60;freeFlow;1
2025-07-03T08:03:00+02:00;45725;79;40;100;freeFlow;8
2025-07-03T08:03:00+02:00;45736_D;42;11;60;freeFlow;1
2025-07-03T08:03:00+02:00;45736_G;88;5;75;freeFlow;2
2025-07-03T08:03:00+02:00;45759_D;50;8;0;unknown;0
2025-07-03T08:03:00+02:00;45759_G;35;11;60;heavy;1
2025-07-03T08:03:00+02:00;45760_D;50;6;0;unknown;0
2025-07-03T08:03:00+02:00;45760_G;37;8;60;freeFlow;1
2025-07-03T08:03:00+02:00;45761_G;43;7;60;freeFlow;1
2025-07-03T08:03:00+02:00;45762_D;42;6;60;freeFlow;1
2025-07-03T08:03:00+02:00;45762_G;48;5;60;freeFlow;1
2025-07-03T08:03:00+02:00;45849_D;50;2;0;unknown;0
2025-07-03T08:03:00+02:00;45849_G;17;5;55;heavy;1
2025-07-03T08:03:00+02:00;45850_D;50;2;0;unknown;0
2025-07-03T08:03:00+02:00;45850_G;32;3;52;heavy;1
2025-07-03T08:03:00+02:00;45865_G;50;7;0;unknown;0
2025-07-03T08:03:00+02:00;46027;22;3;57;heavy;1
2025-07-03T08:03:00+02:00;46028;50;14;0;unknown;0
2025-07-03T08:03:00+02:00;46029;35;5;85;freeFlow;3
2025-07-03T08:03:00+02:00;46036_D;28;18;50;heavy;1
2025-07-03T08:03:00+02:00;46036_G;10;49;60;congested;1
2025-07-03T08:03:00+02:00;46053_G;12;34;99;congested;4
2025-07-03T08:03:00+02:00;46054_D;22;9;48;heavy;1
2025-07-03T08:03:00+02:00;46054_G;22;8;65;heavy;2
2025-07-03T08:03:00+02:00;46055_D;25;10;63;heavy;2
2025-07-03T08:03:00+02:00;46055_G;25;10;67;heavy;2
2025-07-03T08:03:00+02:00;46056_G;25;4;73;heavy;2
2025-07-03T08:03:00+02:00;46057_D;21;8;50;heavy;1
2025-07-03T08:03:00+02:00;46057_G;37;5;50;freeFlow;1
2025-07-03T08:03:00+02:00;46058_D;38;9;50;freeFlow;1
2025-07-03T08:03:00+02:00;46058_G;36;10;60;freeFlow;1
2025-07-03T08:03:00+02:00;46059_D;28;22;65;heavy;2
2025-07-03T08:03:00+02:00;46059_G;25;24;90;heavy;3
2025-07-03T08:03:00+02:00;46079_D;31;9;50;heavy;1
2025-07-03T08:03:00+02:00;46079_G;38;8;68;freeFlow;2
2025-07-03T08:03:00+02:00;46080_D;42;11;68;freeFlow;2
2025-07-03T08:03:00+02:00;46080_G;29;16;94;heavy;3
2025-07-03T08:03:00+02:00;46081;20;12;75;heavy;2
2025-07-03T08:03:00+02:00;46135;32;10;30;heavy;1
2025-07-03T08:03:00+02:00;46136;35;8;30;heavy;1
2025-07-03T08:03:00+02:00;46137;36;13;30;freeFlow;1
2025-07-03T08:03:00+02:00;46163;16;19;100;heavy;3
2025-07-03T08:03:00+02:00;46228;43;24;75;heavy;2
2025-07-03T08:03:00+02:00;46230;57;25;100;heavy;5
2025-07-03T08:03:00+02:00;46251_D;45;4;10;freeFlow;1
2025-07-03T08:03:00+02:00;46251_G;46;4;60;freeFlow;1
2025-07-03T08:03:00+02:00;46264;29;57;96;heavy;3
2025-07-03T08:03:00+02:00;46265;34;21;100;heavy;5
2025-07-03T08:03:00+02:00;46266;67;4;100;freeFlow;7
2025-07-03T08:03:00+02:00;46267;58;14;100;heavy;10
2025-07-03T08:03:00+02:00;46268;54;27;100;heavy;8
2025-07-03T08:03:00+02:00;46270_D;41;5;75;freeFlow;2
2025-07-03T08:03:00+02:00;46270_G;50;4;0;unknown;0
2025-07-03T08:03:00+02:00;46271_D;39;7;75;freeFlow;2
2025-07-03T08:03:00+02:00;46271_G;50;5;0;unknown;0
2025-07-03T08:03:00+02:00;46374_D;19;65;35;heavy;1
2025-07-03T08:03:00+02:00;46374_G;22;57;60;heavy;1
2025-07-03T08:03:00+02:00;46375_D;40;12;35;freeFlow;1
2025-07-03T08:03:00+02:00;46375_G;45;11;42;freeFlow;1
2025-07-03T08:03:00+02:00;46376_D;28;25;38;heavy;1
2025-07-03T08:03:00+02:00;46376_G;36;19;42;freeFlow;1
2025-07-03T08:03:00+02:00;46377_D;35;12;38;heavy;1
2025-07-03T08:03:00+02:00;46377_G;47;9;42;freeFlow;1
2025-07-03T08:03:00+02:00;46427_D;28;13;35;heavy;1
2025-07-03T08:03:00+02:00;46427_G;22;17;60;heavy;1
2025-07-03T08:03:00+02:00;46559_D;47;1;42;freeFlow;1
2025-07-03T08:03:00+02:00;46559_G;45;1;40;freeFlow;1
2025-07-03T08:03:00+02:00;46560_D;32;12;42;heavy;1
2025-07-03T08:03:00+02:00;46560_G;34;11;40;heavy;1
2025-07-03T08:03:00+02:00;46561_D;32;7;60;heavy;2
2025-07-03T08:03:00+02:00;46561_G;29;9;50;heavy;1
2025-07-03T08:03:00+02:00;46562_D;42;3;45;freeFlow;1
2025-07-03T08:03:00+02:00;46562_G;34;3;50;heavy;1
2025-07-03T08:03:00+02:00;46563_D;48;9;45;freeFlow;1
2025-07-03T08:03:00+02:00;46563_G;37;11;50;freeFlow;1
2025-07-03T08:03:00+02:00;46564_D;36;6;45;freeFlow;1
2025-07-03T08:03:00+02:00;46564_G;35;6;48;freeFlow;1
2025-07-03T08:03:00+02:00;46565_D;39;5;45;freeFlow;1
2025-07-03T08:03:00+02:00;46565_G;38;5;48;freeFlow;1
2025-07-03T08:03:00+02:00;46566_D;11;24;48;congested;1
2025-07-03T08:03:00+02:00;46566_G;39;7;48;freeFlow;1
2025-07-03T08:03:00+02:00;46567_G;48;2;42;freeFlow;1
2025-07-03T08:03:00+02:00;46568_D;43;1;38;freeFlow;1
2025-07-03T08:03:00+02:00;46568_G;27;2;75;heavy;2
2025-07-03T08:03:00+02:00;46569_D;23;21;83;heavy;3
2025-07-03T08:03:00+02:00;46569_G;30;16;40;heavy;1
2025-07-03T08:03:00+02:00;46627_D;41;13;42;freeFlow;1
2025-07-03T08:03:00+02:00;46627_G;43;12;40;freeFlow;1
2025-07-03T08:03:00+02:00;46628_D;16;24;60;heavy;2
2025-07-03T08:03:00+02:00;46628_G;38;10;50;freeFlow;1
2025-07-03T08:03:00+02:00;46640;50;15;0;unknown;0
2025-07-03T08:03:00+02:00;46641;50;8;0;unknown;0
2025-07-03T08:03:00+02:00;46643;40;4;32;freeFlow;1
2025-07-03T08:03:00+02:00;46649;37;11;32;freeFlow;1
2025-07-03T08:03:00+02:00;46653_D;47;13;48;freeFlow;1
2025-07-03T08:03:00+02:00;46653_G;43;14;69;freeFlow;2
2025-07-03T08:03:00+02:00;46654_D;19;27;50;heavy;1
2025-07-03T08:03:00+02:00;46654_G;45;12;60;freeFlow;1
2025-07-03T08:03:00+02:00;46655_D;29;6;50;heavy;1
2025-07-03T08:03:00+02:00;46655_G;8;19;60;congested;1
2025-07-03T08:03:00+02:00;46682;19;26;38;heavy;1
2025-07-03T08:03:00+02:00;46683;34;2;53;heavy;2
2025-07-03T08:03:00+02:00;46684;21;24;60;heavy;1
2025-07-03T08:03:00+02:00;46685;45;23;73;heavy;2
2025-07-03T08:03:00+02:00;46686;106;13;22;freeFlow;1
2025-07-03T08:03:00+02:00;46688;32;35;71;heavy;3
2025-07-03T08:03:00+02:00;46716;83;1;100;freeFlow;3
2025-07-03T08:03:00+02:00;46717;80;47;100;freeFlow;14
2025-07-03T08:03:00+02:00;46718;81;13;100;freeFlow;4
2025-07-03T08:03:00+02:00;46719;8;98;75;congested;2
2025-07-03T08:03:00+02:00;46720;41;5;60;heavy;1
2025-07-03T08:03:00+02:00;46728;67;5;73;freeFlow;2
2025-07-03T08:03:00+02:00;46745_D;42;14;60;freeFlow;1
2025-07-03T08:03:00+02:00;46745_G;29;21;100;heavy;3
2025-07-03T08:03:00+02:00;46746_D;50;18;0;unknown;0
2025-07-03T08:03:00+02:00;46746_G;23;38;100;heavy;5
2025-07-03T08:03:00+02:00;46975;46;3;55;freeFlow;1
2025-07-03T08:03:00+02:00;47024;46;4;80;freeFlow;3
2025-07-03T08:03:00+02:00;47025;10;40;86;congested;4
2025-07-03T08:03:00+02:00;47030;7;49;57;congested;2
2025-07-03T08:03:00+02:00;47057;75;11;100;freeFlow;4
2025-07-03T08:03:00+02:00;47058;59;32;100;heavy;5
2025-07-03T08:03:00+02:00;47059;26;49;100;congested;7
2025-07-03T08:03:00+02:00;47060;28;35;100;heavy;11
2025-07-03T08:03:00+02:00;47062;50;17;0;unknown;0
2025-07-03T08:03:00+02:00;47064;39;2;100;freeFlow;6
2025-07-03T08:03:00+02:00;47066;43;3;100;freeFlow;5
2025-07-03T08:03:00+02:00;47068;37;18;78;heavy;3
2025-07-03T08:03:00+02:00;47070;49;6;100;freeFlow;7
2025-07-03T08:03:00+02:00;47071;69;13;100;freeFlow;3
2025-07-03T08:03:00+02:00;47074;56;8;100;heavy;6
2025-07-03T08:03:00+02:00;47075;45;6;100;heavy;4
2025-07-03T08:03:00+02:00;47078;16;147;100;congested;6
2025-07-03T08:03:00+02:00;47101;35;11;60;heavy;1
2025-07-03T08:03:00+02:00;47107;51;9;100;heavy;7
2025-07-03T08:03:00+02:00;47108;58;14;22;freeFlow;1
2025-07-03T08:03:00+02:00;47109;35;2;100;heavy;8
2025-07-03T08:03:00+02:00;47110;45;17;75;heavy;2
2025-07-03T08:03:00+02:00;47111;74;24;75;freeFlow;2
2025-07-03T08:03:00+02:00;47112;32;27;100;heavy;8
2025-07-03T08:03:00+02:00;47113;52;11;100;heavy;5
2025-07-03T08:03:00+02:00;47114;38;36;60;freeFlow;1
2025-07-03T08:03:00+02:00;47115;41;34;100;freeFlow;5
2025-07-03T08:03:00+02:00;47238;55;11;100;heavy;5
2025-07-03T08:03:00+02:00;47240;73;20;100;freeFlow;12
2025-07-03T08:03:00+02:00;47241;76;13;100;freeFlow;5
2025-07-03T08:03:00+02:00;47242;62;21;100;heavy;4
2025-07-03T08:03:00+02:00;47243;38;37;100;heavy;4
2025-07-03T08:03:00+02:00;47290;24;22;75;heavy;2
2025-07-03T08:03:00+02:00;47293;67;8;98;freeFlow;4
2025-07-03T08:03:00+02:00;47299;29;12;73;heavy;2
2025-07-03T08:03:00+02:00;47300;76;16;52;freeFlow;1
2025-07-03T08:03:00+02:00;47306;84;24;100;freeFlow;12
2025-07-03T08:03:00+02:00;47316;33;9;95;heavy;4
2025-07-03T08:03:00+02:00;47428_D;50;5;0;unknown;0
2025-07-03T08:03:00+02:00;47428_G;50;5;0;unknown;0
2025-07-03T08:03:00+02:00;48769_D;42;3;60;freeFlow;1
2025-07-03T08:03:00+02:00;48769_G;29;4;60;heavy;1
2025-07-03T08:03:00+02:00;48890;33;1;32;heavy;1
2025-07-03T08:03:00+02:00;48891;50;1;0;unknown;0
2025-07-03T08:03:00+02:00;48958_D;50;4;0;unknown;0
2025-07-03T08:03:00+02:00;48958_G;32;7;55;heavy;1
2025-07-03T08:03:00+02:00;489866_G;46;4;75;freeFlow;2
2025-07-03T08:03:00+02:00;49004;33;7;60;heavy;1
2025-07-03T08:03:00+02:00;490194_D;23;3;60;heavy;1
2025-07-03T08:03:00+02:00;490194_G;50;1;0;unknown;0
2025-07-03T08:03:00+02:00;49023;83;7;52;freeFlow;1
2025-07-03T08:03:00+02:00;49068;13;51;58;congested;1
2025-07-03T08:03:00+02:00;49074;105;1;60;freeFlow;1
2025-07-03T08:03:00+02:00;49075;72;2;60;freeFlow;1
2025-07-03T08:03:00+02:00;49081;70;8;0;unknown;0
2025-07-03T08:03:00+02:00;49084;25;17;60;heavy;1
2025-07-03T08:03:00+02:00;49137_D;50;4;0;unknown;0
2025-07-03T08:03:00+02:00;49137_G;50;4;0;unknown;0
2025-07-03T08:03:00+02:00;49184;26;4;75;heavy;2
2025-07-03T08:03:00+02:00;492351_G;46;3;60;freeFlow;1
2025-07-03T08:03:00+02:00;492359_D;12;22;10;congested;1
2025-07-03T08:03:00+02:00;492363_D;50;9;0;unknown;0
2025-07-03T08:03:00+02:00;492363_G;50;10;0;unknown;0
2025-07-03T08:03:00+02:00;492435;15;28;100;heavy;6
2025-07-03T08:03:00+02:00;492445_G;10;65;60;congested;1
2025-07-03T08:03:00+02:00;492450;36;14;90;freeFlow;3
2025-07-03T08:03:00+02:00;492452;19;26;60;heavy;1
2025-07-03T08:03:00+02:00;492459;105;1;60;freeFlow;1
2025-07-03T08:03:00+02:00;492474;51;3;60;freeFlow;1
2025-07-03T08:03:00+02:00;492475;108;8;60;freeFlow;1
2025-07-03T08:03:00+02:00;492476;33;14;75;heavy;2
2025-07-03T08:03:00+02:00;492477;50;2;100;freeFlow;3
2025-07-03T08:03:00+02:00;492479;48;14;100;freeFlow;4
2025-07-03T08:03:00+02:00;492481;29;6;60;heavy;1
2025-07-03T08:03:00+02:00;492482;52;3;100;freeFlow;4
2025-07-03T08:03:00+02:00;492483;53;3;55;freeFlow;2
2025-07-03T08:03:00+02:00;492485;107;1;75;freeFlow;2
2025-07-03T08:03:00+02:00;492490;13;26;75;heavy;2
2025-07-03T08:03:00+02:00;492495;41;1;60;heavy;1
2025-07-03T08:03:00+02:00;492498;47;9;100;freeFlow;3
2025-07-03T08:03:00+02:00;492506;18;12;100;heavy;5
2025-07-03T08:03:00+02:00;492512;29;4;60;heavy;1
2025-07-03T08:03:00+02:00;492514;60;1;100;freeFlow;4
2025-07-03T08:03:00+02:00;492519;50;10;0;unknown;0
2025-07-03T08:03:00+02:00;492574;28;6;60;heavy;1
2025-07-03T08:03:00+02:00;492576;37;1;100;freeFlow;3
2025-07-03T08:03:00+02:00;49328_D;50;2;0;unknown;0
2025-07-03T08:03:00+02:00;49328_G;38;3;57;freeFlow;1
2025-07-03T08:03:00+02:00;49686_D;50;3;0;unknown;0
2025-07-03T08:03:00+02:00;49686_G;50;3;0;unknown;0
2025-07-03T08:03:00+02:00;50079_D;30;8;0;unknown;0
2025-07-03T08:03:00+02:00;50079_G;14;16;50;heavy;2
2025-07-03T08:03:00+02:00;50191_D;35;15;60;heavy;1
2025-07-03T08:03:00+02:00;50191_G;32;17;57;heavy;1
2025-07-03T08:03:00+02:00;50308_G;41;7;75;freeFlow;2
2025-07-03T08:03:00+02:00;50355_D;46;6;10;freeFlow;1
2025-07-03T08:03:00+02:00;50355_G;47;6;60;freeFlow;1
2025-07-03T08:03:00+02:00;50416_D;47;3;10;freeFlow;1
2025-07-03T08:03:00+02:00;50416_G;48;3;60;freeFlow;1
2025-07-03T08:03:00+02:00;50475;28;13;80;heavy;3
2025-07-03T08:03:00+02:00;50509;33;13;55;heavy;2
2025-07-03T08:03:00+02:00;50573_D;5;48;68;congested;2
2025-07-03T08:03:00+02:00;50573_G;4;49;54;congested;2
2025-07-03T08:03:00+02:00;51008;41;4;32;freeFlow;1
2025-07-03T08:03:00+02:00;51017;6;21;53;congested;2
2025-07-03T08:03:00+02:00;51159_D;20;32;35;heavy;1
2025-07-03T08:03:00+02:00;51159_G;22;30;60;heavy;1
2025-07-03T08:03:00+02:00;51254_D;39;7;38;freeFlow;1
2025-07-03T08:03:00+02:00;51254_G;49;6;40;freeFlow;1
2025-07-03T08:03:00+02:00;51323_D;35;5;60;heavy;1
2025-07-03T08:03:00+02:00;51323_G;16;12;57;heavy;1
2025-07-03T08:03:00+02:00;51437_D;30;6;60;heavy;1
2025-07-03T08:03:00+02:00;51437_G;51;3;60;freeFlow;1
2025-07-03T08:03:00+02:00;51455_D;35;8;60;freeFlow;1
2025-07-03T08:03:00+02:00;51455_G;28;10;60;heavy;1
2025-07-03T08:03:00+02:00;51797;45;4;60;freeFlow;1
2025-07-03T08:03:00+02:00;52130;30;7;48;heavy;1
2025-07-03T08:03:00+02:00;53329_D;30;6;0;unknown;0
2025-07-03T08:03:00+02:00;53329_G;16;11;52;heavy;1
2025-07-03T08:03:00+02:00;53336_D;42;9;60;freeFlow;1
2025-07-03T08:03:00+02:00;53336_G;24;16;100;heavy;4
2025-07-03T08:03:00+02:00;53411_D;30;12;40;heavy;1
2025-07-03T08:03:00+02:00;53539_G;34;6;100;heavy;4
2025-07-03T08:03:00+02:00;53542;67;6;75;freeFlow;2
2025-07-03T08:03:00+02:00;53543;90;5;0;unknown;0
2025-07-03T08:03:00+02:00;53575_D;50;13;0;unknown;0
2025-07-03T08:03:00+02:00;53575_G;36;17;50;freeFlow;1
2025-07-03T08:03:00+02:00;53656;21;4;100;heavy;3
2025-07-03T08:03:00+02:00;53660;30;12;100;heavy;3
2025-07-03T08:03:00+02:00;53663;50;2;0;unknown;0
2025-07-03T08:03:00+02:00;53675;16;5;95;congested;3
2025-07-03T08:03:00+02:00;53676;34;3;98;heavy;4
2025-07-03T08:03:00+02:00;53677;32;18;73;heavy;2
2025-07-03T08:03:00+02:00;53678;31;2;93;heavy;3
2025-07-03T08:03:00+02:00;53679;31;4;93;heavy;3
2025-07-03T08:03:00+02:00;53681;50;40;57;freeFlow;1
2025-07-03T08:03:00+02:00;53721;46;1;55;freeFlow;1
2025-07-03T08:03:00+02:00;53885_D;20;25;60;heavy;1
2025-07-03T08:03:00+02:00;53885_G;50;10;0;unknown;0
2025-07-03T08:03:00+02:00;54211;6;101;12;congested;1
2025-07-03T08:03:00+02:00;54334_D;51;1;52;freeFlow;1
2025-07-03T08:03:00+02:00;54334_G;12;4;57;congested;1
2025-07-03T08:03:00+02:00;54337;11;72;48;congested;1
2025-07-03T08:03:00+02:00;54361;32;6;57;heavy;1
2025-07-03T08:03:00+02:00;54580_G;38;15;40;freeFlow;1
2025-07-03T08:03:00+02:00;54707;8;56;60;congested;1
2025-07-03T08:03:00+02:00;54709;63;1;60;freeFlow;1
2025-07-03T08:03:00+02:00;54710;10;22;75;congested;2
2025-07-03T08:03:00+02:00;55397_D;42;2;60;freeFlow;1
2025-07-03T08:03:00+02:00;55397_G;88;1;75;freeFlow;2
2025-07-03T08:03:00+02:00;55401;88;4;100;freeFlow;3
2025-07-03T08:03:00+02:00;55405;88;1;100;freeFlow;3
2025-07-03T08:03:00+02:00;55406;73;2;100;freeFlow;3
2025-07-03T08:03:00+02:00;55407;47;3;75;freeFlow;2
2025-07-03T08:03:00+02:00;55408;40;4;75;freeFlow;2
2025-07-03T08:03:00+02:00;55440_D;22;8;57;freeFlow;1
2025-07-03T08:03:00+02:00;55440_G;18;10;57;heavy;1
2025-07-03T08:03:00+02:00;55443_D;21;4;100;heavy;3
2025-07-03T08:03:00+02:00;55443_G;14;4;57;congested;1
2025-07-03T08:03:00+02:00;55446;20;4;75;heavy;2
2025-07-03T08:03:00+02:00;55447;12;5;60;congested;1
2025-07-03T08:03:00+02:00;55448;22;3;60;heavy;1
2025-07-03T08:03:00+02:00;55449;15;4;100;congested;3
2025-07-03T08:03:00+02:00;55516;50;2;0;unknown;0
2025-07-03T08:03:00+02:00;55669;11;19;57;congested;1
2025-07-03T08:03:00+02:00;55671;50;7;0;unknown;0
2025-07-03T08:03:00+02:00;55696;50;15;0;unknown;0
2025-07-03T08:03:00+02:00;55698;42;10;60;freeFlow;1
2025-07-03T08:03:00+02:00;55700;50;8;0;unknown;0
2025-07-03T08:03:00+02:00;55703;50;3;0;unknown;0
2025-07-03T08:03:00+02:00;55706;50;1;0;unknown;0
2025-07-03T08:03:00+02:00;55707;34;10;32;heavy;1
2025-07-03T08:03:00+02:00;55708;34;4;32;heavy;1
2025-07-03T08:03:00+02:00;55710;34;20;30;heavy;1
2025-07-03T08:03:00+02:00;55711;50;1;0;unknown;0
2025-07-03T08:03:00+02:00;55713;50;14;0;unknown;0
2025-07-03T08:03:00+02:00;55781_D;37;3;52;freeFlow;1
2025-07-03T08:03:00+02:00;55781_G;34;3;48;heavy;1
2025-07-03T08:03:00+02:00;55800;35;9;52;heavy;1
2025-07-03T08:03:00+02:00;55801;24;6;75;heavy;2
2025-07-03T08:03:00+02:00;55805;10;23;69;congested;2
2025-07-03T08:03:00+02:00;55806;15;34;55;congested;1
2025-07-03T08:03:00+02:00;55811;45;7;55;freeFlow;1
2025-07-03T08:03:00+02:00;55814;26;5;55;heavy;1
2025-07-03T08:03:00+02:00;55815;36;1;60;freeFlow;1
2025-07-03T08:03:00+02:00;55820;26;2;60;heavy;1
2025-07-03T08:03:00+02:00;55821;25;5;75;heavy;2
2025-07-03T08:03:00+02:00;55822;28;4;75;heavy;2
2025-07-03T08:03:00+02:00;55823;25;2;48;heavy;2
2025-07-03T08:03:00+02:00;55824;20;3;55;heavy;1
2025-07-03T08:03:00+02:00;55827;20;4;57;congested;1
2025-07-03T08:03:00+02:00;55830;35;2;50;heavy;1
2025-07-03T08:03:00+02:00;55841;34;13;55;heavy;2
2025-07-03T08:03:00+02:00;55843;50;1;0;unknown;0
2025-07-03T08:03:00+02:00;55879;36;2;67;freeFlow;2
2025-07-03T08:03:00+02:00;55883;56;1;60;freeFlow;1
2025-07-03T08:03:00+02:00;55887;21;25;53;heavy;2
2025-07-03T08:03:00+02:00;55888;50;12;45;freeFlow;1
2025-07-03T08:03:00+02:00;55889;23;4;42;heavy;1
2025-07-03T08:03:00+02:00;55890;24;4;95;heavy;4
2025-07-03T08:03:00+02:00;55894;40;2;80;freeFlow;3
2025-07-03T08:03:00+02:00;55896;26;3;58;heavy;2
2025-07-03T08:03:00+02:00;55898;56;10;60;freeFlow;1
2025-07-03T08:03:00+02:00;55899;52;7;75;freeFlow;2
2025-07-03T08:03:00+02:00;55926_D;42;5;75;freeFlow;2
2025-07-03T08:03:00+02:00;55926_G;50;5;0;unknown;0
2025-07-03T08:03:00+02:00;55932;29;2;48;heavy;1
2025-07-03T08:03:00+02:00;55933;44;3;75;freeFlow;2
2025-07-03T08:03:00+02:00;55958;35;2;60;heavy;1
2025-07-03T08:03:00+02:00;55959;35;2;75;heavy;2
2025-07-03T08:03:00+02:00;55974;21;2;75;heavy;2
2025-07-03T08:03:00+02:00;55975;42;2;100;freeFlow;7
2025-07-03T08:03:00+02:00;55977;46;3;100;freeFlow;4
2025-07-03T08:03:00+02:00;55978;35;3;60;heavy;1
2025-07-03T08:03:00+02:00;55980;35;8;100;heavy;3
2025-07-03T08:03:00+02:00;55981;41;6;75;freeFlow;2
2025-07-03T08:03:00+02:00;56019;23;3;70;heavy;2
2025-07-03T08:03:00+02:00;56020;50;1;0;unknown;0
2025-07-03T08:03:00+02:00;56113;23;10;42;heavy;1
2025-07-03T08:03:00+02:00;56115;50;4;35;freeFlow;1
2025-07-03T08:03:00+02:00;56117;19;14;57;heavy;1
2025-07-03T08:03:00+02:00;56118;58;1;55;freeFlow;1
2025-07-03T08:03:00+02:00;56124;61;1;70;freeFlow;2
2025-07-03T08:03:00+02:00;56125;61;1;70;freeFlow;2
2025-07-03T08:03:00+02:00;56126;50;3;35;freeFlow;1
2025-07-03T08:03:00+02:00;56128;37;2;70;freeFlow;2
2025-07-03T08:03:00+02:00;56157_D;30;13;0;unknown;0
2025-07-03T08:03:00+02:00;56157_G;30;13;0;unknown;0
2025-07-03T08:03:00+02:00;56165_D;30;2;0;unknown;0
2025-07-03T08:03:00+02:00;56165_G;30;2;0;unknown;0
2025-07-03T08:03:00+02:00;56170;50;1;0;unknown;0
2025-07-03T08:03:00+02:00;56174;50;5;0;unknown;0
2025-07-03T08:03:00+02:00;56175;31;7;30;heavy;1
2025-07-03T08:03:00+02:00;56179;50;2;0;unknown;0
2025-07-03T08:03:00+02:00;56180;50;1;0;unknown;0
2025-07-03T08:03:00+02:00;56181;30;3;30;heavy;1
2025-07-03T08:03:00+02:00;56182;30;3;30;heavy;1
2025-07-03T08:03:00+02:00;56183;50;1;0;unknown;0
2025-07-03T08:03:00+02:00;56218_D;50;3;0;unknown;0
2025-07-03T08:03:00+02:00;56218_G;50;3;0;unknown;0
2025-07-03T08:03:00+02:00;56223;50;1;0;unknown;0
2025-07-03T08:03:00+02:00;56224;50;8;0;unknown;0
2025-07-03T08:03:00+02:00;56225;20;17;42;heavy;1
2025-07-03T08:03:00+02:00;56229;20;7;42;heavy;1
2025-07-03T08:03:00+02:00;56231;26;3;42;heavy;1
2025-07-03T08:03:00+02:00;56232;44;1;42;freeFlow;1
2025-07-03T08:03:00+02:00;56233;50;9;0;unknown;0
2025-07-03T08:03:00+02:00;56237;29;16;63;heavy;2
2025-07-03T08:03:00+02:00;56239;26;3;48;freeFlow;1
2025-07-03T08:03:00+02:00;56247;23;1;63;freeFlow;2
2025-07-03T08:03:00+02:00;56250;29;21;60;freeFlow;2
2025-07-03T08:03:00+02:00;56251;30;21;0;unknown;0
2025-07-03T08:03:00+02:00;56254;19;2;42;heavy;1
2025-07-03T08:03:00+02:00;56255;22;2;42;freeFlow;1
2025-07-03T08:03:00+02:00;56256;24;2;63;freeFlow;2
2025-07-03T08:03:00+02:00;56258;26;5;48;freeFlow;1
2025-07-03T08:03:00+02:00;56260;33;2;27;freeFlow;1
2025-07-03T08:03:00+02:00;56261;28;2;48;freeFlow;1
2025-07-03T08:03:00+02:00;56263;31;12;48;freeFlow;1
2025-07-03T08:03:00+02:00;56264;33;12;27;freeFlow;1
2025-07-03T08:03:00+02:00;56298;24;2;42;freeFlow;1
2025-07-03T08:03:00+02:00;56300;33;1;45;freeFlow;1
2025-07-03T08:03:00+02:00;56333;27;4;60;heavy;1
2025-07-03T08:03:00+02:00;565804_D;35;12;75;heavy;2
2025-07-03T08:03:00+02:00;565804_G;16;26;55;heavy;1
2025-07-03T08:03:00+02:00;565852;77;2;75;freeFlow;2
2025-07-03T08:03:00+02:00;565853;57;17;60;heavy;1
2025-07-03T08:03:00+02:00;566240;71;1;0;unknown;0
2025-07-03T08:03:00+02:00;566445_D;30;2;0;unknown;0
2025-07-03T08:03:00+02:00;566445_G;30;3;0;unknown;0
2025-07-03T08:03:00+02:00;566456_D;30;22;0;unknown;0
2025-07-03T08:03:00+02:00;566456_G;30;22;0;unknown;0
2025-07-03T08:03:00+02:00;566457;50;1;0;unknown;0
2025-07-03T08:03:00+02:00;566465_D;30;10;0;unknown;0
2025-07-03T08:03:00+02:00;566465_G;30;10;0;unknown;0
2025-07-03T08:03:00+02:00;56675_D;42;4;60;freeFlow;1
2025-07-03T08:03:00+02:00;56675_G;29;5;60;heavy;1
2025-07-03T08:03:00+02:00;566941;23;4;42;heavy;1
2025-07-03T08:03:00+02:00;56871_D;50;3;0;unknown;0
2025-07-03T08:03:00+02:00;56871_G;50;3;0;unknown;0
2025-07-03T08:03:00+02:00;56908_D;11;37;48;congested;1
2025-07-03T08:03:00+02:00;56908_G;50;8;0;unknown;0
2025-07-03T08:03:00+02:00;56925;68;51;100;freeFlow;8
2025-07-03T08:03:00+02:00;56944_D;12;25;57;heavy;1
2025-07-03T08:03:00+02:00;56944_G;23;13;73;freeFlow;2
2025-07-03T08:03:00+02:00;56945_D;10;23;57;heavy;1
2025-07-03T08:03:00+02:00;56945_G;30;7;55;freeFlow;1
2025-07-03T08:03:00+02:00;57082_G;29;9;50;freeFlow;1
2025-07-03T08:03:00+02:00;57083_D;30;14;0;unknown;0
2025-07-03T08:03:00+02:00;57083_G;40;12;50;freeFlow;1
2025-07-03T08:03:00+02:00;59724;50;3;0;unknown;0
2025-07-03T08:03:00+02:00;59750_D;28;8;12;heavy;1
2025-07-03T08:03:00+02:00;59750_G;33;6;75;heavy;2
2025-07-03T08:03:00+02:00;59835_D;45;5;60;freeFlow;1
2025-07-03T08:03:00+02:00;59835_G;6;35;68;congested;2
2025-07-03T08:03:00+02:00;59836;27;4;60;heavy;1
2025-07-03T08:03:00+02:00;59837;46;1;55;freeFlow;1
2025-07-03T08:03:00+02:00;59838;5;26;89;congested;3
2025-07-03T08:03:00+02:00;62559_D;41;8;52;freeFlow;1
2025-07-03T08:03:00+02:00;62559_G;23;14;90;heavy;3
2025-07-03T08:03:00+02:00;62560;50;5;0;unknown;0
2025-07-03T08:03:00+02:00;62565_D;42;2;52;freeFlow;1
2025-07-03T08:03:00+02:00;62565_G;18;4;60;heavy;1
2025-07-03T08:03:00+02:00;62831_D;42;1;60;freeFlow;1
2025-07-03T08:03:00+02:00;62831_G;40;1;60;freeFlow;1
2025-07-03T08:03:00+02:00;62832_D;42;1;60;freeFlow;1
2025-07-03T08:03:00+02:00;62832_G;40;2;60;freeFlow;1
2025-07-03T08:03:00+02:00;63045_D;30;5;0;unknown;0
2025-07-03T08:03:00+02:00;63045_G;30;5;0;unknown;0
2025-07-03T08:03:00+02:00;63053_D;29;7;55;heavy;1
2025-07-03T08:03:00+02:00;63053_G;27;8;57;heavy;1
2025-07-03T08:03:00+02:00;63899;90;19;93;freeFlow;5
2025-07-03T08:03:00+02:00;63934;50;1;0;unknown;0
2025-07-03T08:03:00+02:00;63935;31;13;67;heavy;2
2025-07-03T08:03:00+02:00;63936;32;16;100;heavy;3
2025-07-03T08:03:00+02:00;63939;34;18;75;heavy;2
2025-07-03T08:03:00+02:00;63940;35;2;100;freeFlow;3
2025-07-03T08:03:00+02:00;63941;88;1;75;freeFlow;2
2025-07-03T08:03:00+02:00;63942;50;1;0;unknown;0
2025-07-03T08:03:00+02:00;63943;29;3;60;heavy;1
2025-07-03T08:03:00+02:00;63944;24;6;100;heavy;4
2025-07-03T08:03:00+02:00;63947;32;4;60;heavy;2
2025-07-03T08:03:00+02:00;63950;40;1;60;freeFlow;1
2025-07-03T08:03:00+02:00;63951;63;1;60;freeFlow;1
2025-07-03T08:03:00+02:00;63952;13;1;100;congested;3
2025-07-03T08:03:00+02:00;63953;30;2;60;heavy;1
2025-07-03T08:03:00+02:00;63970;60;16;100;freeFlow;3
2025-07-03T08:03:00+02:00;63973;21;6;75;heavy;2
2025-07-03T08:03:00+02:00;64032;59;17;60;freeFlow;1
2025-07-03T08:03:00+02:00;64061_D;30;10;0;unknown;0
2025-07-03T08:03:00+02:00;64061_G;30;11;0;unknown;0
2025-07-03T08:03:00+02:00;64637_D;94;4;60;freeFlow;1
2025-07-03T08:03:00+02:00;64637_G;10;41;100;congested;3
2025-07-03T08:03:00+02:00;65310;50;6;0;unknown;0
2025-07-03T08:03:00+02:00;65313;50;6;0;unknown;0
2025-07-03T08:03:00+02:00;65682;50;23;0;unknown;0
2025-07-03T08:03:00+02:00;66421;23;3;42;heavy;1
2025-07-03T08:03:00+02:00;66442;50;4;0;unknown;0
2025-07-03T08:03:00+02:00;66782;37;10;75;freeFlow;2
2025-07-03T08:03:00+02:00;67066;23;14;52;heavy;1
2025-07-03T08:03:00+02:00;67097_D;30;11;0;unknown;0
2025-07-03T08:03:00+02:00;67097_G;20;18;52;heavy;1
2025-07-03T08:03:00+02:00;69381_D;42;7;60;freeFlow;1
2025-07-03T08:03:00+02:00;69381_G;29;11;60;heavy;1
2025-07-03T08:03:00+02:00;72487_G;76;33;57;freeFlow;1
2025-07-03T08:03:00+02:00;72614;50;2;0;unknown;0
2025-07-03T08:03:00+02:00;72621;22;16;80;heavy;3
2025-07-03T08:03:00+02:00;72624;28;12;55;heavy;1
2025-07-03T08:03:00+02:00;72628;36;1;55;freeFlow;1
2025-07-03T08:03:00+02:00;74283_D;17;43;60;heavy;1
2025-07-03T08:03:00+02:00;74283_G;28;27;0;unknown;0
2025-07-03T08:03:00+02:00;75387;32;2;75;heavy;2
2025-07-03T08:03:00+02:00;75631;42;7;40;heavy;1
2025-07-03T08:03:00+02:00;75818_D;71;2;60;freeFlow;1
2025-07-03T08:03:00+02:00;75818_G;38;3;100;freeFlow;4
2025-07-03T08:03:00+02:00;75820;77;25;100;freeFlow;8
2025-07-03T08:03:00+02:00;75824;57;8;100;freeFlow;3
2025-07-03T08:03:00+02:00;75825;47;10;100;heavy;6
2025-07-03T08:03:00+02:00;75828;77;10;75;freeFlow;2
2025-07-03T08:03:00+02:00;75829;16;43;100;congested;4
2025-07-03T08:03:00+02:00;75832;37;3;100;freeFlow;8
2025-07-03T08:03:00+02:00;75833;38;5;100;freeFlow;6
2025-07-03T08:03:00+02:00;75835;37;3;100;freeFlow;6
2025-07-03T08:03:00+02:00;75836;71;14;100;freeFlow;4
2025-07-03T08:03:00+02:00;75837;49;9;100;freeFlow;8
2025-07-03T08:03:00+02:00;75838;42;6;100;freeFlow;6
2025-07-03T08:03:00+02:00;75839;54;3;45;freeFlow;1
2025-07-03T08:03:00+02:00;75840;50;4;78;freeFlow;3
2025-07-03T08:03:00+02:00;75845;35;3;74;heavy;2
2025-07-03T08:03:00+02:00;75846;22;14;60;heavy;1
2025-07-03T08:03:00+02:00;75847;18;32;95;congested;3
2025-07-03T08:03:00+02:00;75848;20;11;100;heavy;6
2025-07-03T08:03:00+02:00;75849;106;2;75;freeFlow;2
2025-07-03T08:03:00+02:00;75850;89;2;73;freeFlow;2
2025-07-03T08:03:00+02:00;75851;9;19;100;congested;6
2025-07-03T08:03:00+02:00;75853;69;1;75;freeFlow;2
2025-07-03T08:03:00+02:00;75854;69;3;75;freeFlow;2
2025-07-03T08:03:00+02:00;75856;40;3;96;heavy;3
2025-07-03T08:03:00+02:00;75897;70;13;100;freeFlow;3
2025-07-03T08:03:00+02:00;9128;50;56;100;heavy;10
2025-07-03T08:03:00+02:00;9130;36;21;100;heavy;3
2025-07-03T08:03:00+02:00;9131;28;24;75;heavy;2
2025-07-03T08:03:00+02:00;9132;46;46;100;heavy;5
2025-07-03T08:03:00+02:00;9146;57;6;100;heavy;7
2025-07-03T08:03:00+02:00;9178;68;17;100;freeFlow;3
2025-07-03T08:03:00+02:00;9179;23;78;100;congested;9
2025-07-03T08:03:00+02:00;9180;30;61;100;heavy;5
2025-07-03T08:03:00+02:00;9181;76;13;75;freeFlow;2
2025-07-03T08:03:00+02:00;9182;8;28;75;congested;2
2025-07-03T08:03:00+02:00;9183;5;94;100;congested;5
2025-07-03T08:03:00+02:00;9184;60;11;70;heavy;2
2025-07-03T08:03:00+02:00;9245;19;381;100;congested;13
2025-07-03T08:03:00+02:00;9246;94;127;100;freeFlow;6
2025-07-03T08:03:00+02:00;9380_D;58;31;60;freeFlow;1
2025-07-03T08:03:00+02:00;9380_G;37;49;90;heavy;3
2025-07-03T08:03:00+02:00;9389;40;2;70;heavy;2
2025-07-03T08:03:00+02:00;9390;38;3;50;heavy;1
2025-07-03T08:03:00+02:00;9391;22;4;75;congested;3
2025-07-03T08:03:00+02:00;9392;41;2;60;heavy;1
2025-07-03T08:03:00+02:00;1677832;36;9;60;freeFlow;1
2025-07-03T08:03:00+02:00;1679085_D;26;4;60;heavy;1
2025-07-03T08:03:00+02:00;1679085_G;39;3;60;freeFlow;1
2025-07-03T08:03:00+02:00;1679794;12;5;60;congested;1
2025-07-03T08:03:00+02:00;1679795_G;12;6;60;congested;1
2025-07-03T08:03:00+02:00;1679796;12;3;60;congested;1
2025-07-03T08:03:00+02:00;1679797_D;50;6;0;unknown;0
2025-07-03T08:03:00+02:00;1679797_G;24;12;60;heavy;1
2025-07-03T08:03:00+02:00;1679798;20;3;75;heavy;2
2025-07-03T08:03:00+02:00;1679800;18;5;75;heavy;2
2025-07-03T08:03:00+02:00;1680335;16;18;75;heavy;2
2025-07-03T08:03:00+02:00;1680340;32;3;60;heavy;1
2025-07-03T08:03:00+02:00;213972_D;41;7;17;freeFlow;1
2025-07-03T08:03:00+02:00;213972_G;41;7;60;freeFlow;1
2025-07-03T08:03:00+02:00;213973_D;41;9;17;freeFlow;1
2025-07-03T08:03:00+02:00;213973_G;24;15;60;heavy;1
2025-07-03T08:03:00+02:00;213974_D;41;5;17;freeFlow;1
2025-07-03T08:03:00+02:00;213974_G;43;5;60;freeFlow;1
2025-07-03T08:03:00+02:00;26521;108;50;83;freeFlow;3
2025-07-03T08:03:00+02:00;26522;76;44;100;freeFlow;5
2025-07-03T08:03:00+02:00;31304_G;43;26;100;freeFlow;3
2025-07-03T08:03:00+02:00;31328;84;11;100;freeFlow;6
2025-07-03T08:03:00+02:00;31441;117;29;75;freeFlow;2
2025-07-03T08:03:00+02:00;31535;36;21;100;heavy;5
2025-07-03T08:03:00+02:00;31552;88;8;100;freeFlow;6
2025-07-03T08:03:00+02:00;31555;85;10;99;freeFlow;6
2025-07-03T08:03:00+02:00;43014_D;24;8;100;heavy;3
2025-07-03T08:03:00+02:00;43014_G;27;7;75;heavy;2
2025-07-03T08:03:00+02:00;43105_D;50;5;0;unknown;0
2025-07-03T08:03:00+02:00;43105_G;25;10;52;heavy;1
2025-07-03T08:03:00+02:00;43118_D;19;29;57;heavy;2
2025-07-03T08:03:00+02:00;43118_G;31;18;75;heavy;2
2025-07-03T08:03:00+02:00;43124_D;7;55;60;congested;2
2025-07-03T08:03:00+02:00;43124_G;22;17;75;freeFlow;2
2025-07-03T08:03:00+02:00;43125_D;12;22;100;heavy;3
2025-07-03T08:03:00+02:00;43125_G;22;11;75;freeFlow;2
2025-07-03T08:03:00+02:00;43126_D;24;21;100;freeFlow;3
2025-07-03T08:03:00+02:00;43126_G;22;23;75;freeFlow;2
2025-07-03T08:03:00+02:00;43147_D;15;18;100;heavy;3
2025-07-03T08:03:00+02:00;43147_G;25;11;75;freeFlow;2
2025-07-03T08:03:00+02:00;43336_D;50;6;57;freeFlow;1
2025-07-03T08:03:00+02:00;43336_G;26;11;42;heavy;1
2025-07-03T08:03:00+02:00;43337_D;2;187;99;congested;3
2025-07-03T08:03:00+02:00;43337_G;39;11;0;unknown;0
2025-07-03T08:03:00+02:00;43338_D;50;4;57;freeFlow;1
2025-07-03T08:03:00+02:00;43338_G;24;7;42;heavy;1
2025-07-03T08:03:00+02:00;43339_D;50;5;57;freeFlow;1
2025-07-03T08:03:00+02:00;43339_G;38;6;42;freeFlow;1
2025-07-03T08:03:00+02:00;43340_D;50;1;57;freeFlow;1
2025-07-03T08:03:00+02:00;43340_G;38;1;42;freeFlow;1
2025-07-03T08:03:00+02:00;43341_D;50;4;57;freeFlow;1
2025-07-03T08:03:00+02:00;43341_G;38;5;42;freeFlow;1
2025-07-03T08:03:00+02:00;43342_D;50;2;57;freeFlow;1
2025-07-03T08:03:00+02:00;43342_G;38;3;42;freeFlow;1
2025-07-03T08:03:00+02:00;43343_D;50;7;57;freeFlow;1
2025-07-03T08:03:00+02:00;43343_G;27;13;42;heavy;1
2025-07-03T08:03:00+02:00;43345_D;50;6;57;freeFlow;1
2025-07-03T08:03:00+02:00;43345_G;31;10;75;freeFlow;2
2025-07-03T08:03:00+02:00;43347_D;34;4;57;freeFlow;1
2025-07-03T08:03:00+02:00;43347_G;50;3;50;freeFlow;1
2025-07-03T08:03:00+02:00;43352_D;51;9;52;freeFlow;1
2025-07-03T08:03:00+02:00;43353_D;51;6;52;freeFlow;1
2025-07-03T08:03:00+02:00;43353_G;47;6;60;freeFlow;1
2025-07-03T08:03:00+02:00;43377_D;17;29;60;heavy;1
2025-07-03T08:03:00+02:00;43377_G;22;22;40;freeFlow;1
2025-07-03T08:03:00+02:00;43379_D;50;4;57;freeFlow;1
2025-07-03T08:03:00+02:00;43379_G;41;5;50;freeFlow;1
2025-07-03T08:03:00+02:00;43413_D;50;4;57;freeFlow;1
2025-07-03T08:03:00+02:00;43413_G;47;4;60;freeFlow;1
2025-07-03T08:03:00+02:00;43474_D;34;4;60;heavy;1
2025-07-03T08:03:00+02:00;43474_G;27;5;60;heavy;1
2025-07-03T08:03:00+02:00;43615_D;34;2;60;freeFlow;1
2025-07-03T08:03:00+02:00;43615_G;27;2;60;freeFlow;1
2025-07-03T08:03:00+02:00;43743_D;50;25;0;unknown;0
2025-07-03T08:03:00+02:00;43746;23;9;60;freeFlow;1
2025-07-03T08:03:00+02:00;43747;21;20;60;heavy;1
2025-07-03T08:03:00+02:00;43751;45;13;60;freeFlow;1
2025-07-03T08:03:00+02:00;43774_D;41;5;60;freeFlow;1
2025-07-03T08:03:00+02:00;43774_G;39;5;94;freeFlow;4
2025-07-03T08:03:00+02:00;43775_D;22;18;75;heavy;2
2025-07-03T08:03:00+02:00;43775_G;29;14;52;heavy;1
2025-07-03T08:03:00+02:00;43826_D;25;11;60;heavy;1
2025-07-03T08:03:00+02:00;43826_G;45;6;68;freeFlow;2
2025-07-03T08:03:00+02:00;43971;57;11;42;freeFlow;1
2025-07-03T08:03:00+02:00;43973;32;8;75;heavy;2
2025-07-03T08:03:00+02:00;44003_G;54;8;38;freeFlow;1
2025-07-03T08:03:00+02:00;44004_D;35;32;60;heavy;1
2025-07-03T08:03:00+02:00;44004_G;45;24;72;freeFlow;2
2025-07-03T08:03:00+02:00;44017_G;23;7;60;heavy;1
2025-07-03T08:03:00+02:00;44018_G;38;15;60;freeFlow;1
2025-07-03T08:03:00+02:00;44037_D;30;6;60;heavy;1
2025-07-03T08:03:00+02:00;44037_G;39;4;60;freeFlow;1
2025-07-03T08:03:00+02:00;44851_D;29;19;65;heavy;2
2025-07-03T08:03:00+02:00;44851_G;28;20;60;heavy;1
2025-07-03T08:03:00+02:00;44852_D;9;52;52;congested;1
2025-07-03T08:03:00+02:00;44852_G;26;18;60;heavy;1
2025-07-03T08:03:00+02:00;44854_D;23;3;52;heavy;1
2025-07-03T08:03:00+02:00;44854_G;15;5;60;heavy;1
2025-07-03T08:03:00+02:00;44855_D;30;12;55;heavy;1
2025-07-03T08:03:00+02:00;44855_G;25;14;60;heavy;1
2025-07-03T08:03:00+02:00;44879;68;20;100;freeFlow;5
2025-07-03T08:03:00+02:00;44897_D;23;10;52;heavy;1
2025-07-03T08:03:00+02:00;44897_G;1;213;60;congested;1
2025-07-03T08:03:00+02:00;44901;56;28;45;freeFlow;1
2025-07-03T08:03:00+02:00;44939;73;56;100;freeFlow;8
2025-07-03T08:03:00+02:00;45135_D;50;1;60;freeFlow;1
2025-07-03T08:03:00+02:00;45135_G;33;2;48;heavy;1
2025-07-03T08:03:00+02:00;45136_G;39;20;45;freeFlow;1
2025-07-03T08:03:00+02:00;45137_D;55;1;60;freeFlow;1
2025-07-03T08:03:00+02:00;45137_G;34;2;45;heavy;1
2025-07-03T08:03:00+02:00;45146;18;23;40;heavy;1
2025-07-03T08:03:00+02:00;45147_D;13;4;75;congested;2
2025-07-03T08:03:00+02:00;45147_G;7;6;60;congested;1
2025-07-03T08:03:00+02:00;45153;57;7;50;freeFlow;1
2025-07-03T08:03:00+02:00;45155;20;39;73;heavy;2
2025-07-03T08:03:00+02:00;45213;41;11;38;freeFlow;1
2025-07-03T08:03:00+02:00;45214;8;32;75;congested;2
2025-07-03T08:03:00+02:00;45232;62;27;72;freeFlow;2
2025-07-03T08:03:00+02:00;45233;62;2;60;freeFlow;1
2025-07-03T08:03:00+02:00;45236_D;59;11;22;freeFlow;1
2025-07-03T08:03:00+02:00;45242;30;39;100;heavy;7
2025-07-03T08:03:00+02:00;45246;77;33;100;freeFlow;7
2025-07-03T08:03:00+02:00;45247;43;22;69;heavy;2
2025-07-03T08:03:00+02:00;47742_G;11;19;60;congested;1
2025-07-03T08:03:00+02:00;47744;39;52;74;freeFlow;2
2025-07-03T08:03:00+02:00;48725;23;4;48;heavy;1
2025-07-03T08:03:00+02:00;48736;23;3;48;heavy;1
2025-07-03T08:03:00+02:00;48738;23;2;48;heavy;1
2025-07-03T08:03:00+02:00;48746;33;11;50;heavy;1
2025-07-03T08:03:00+02:00;48751;20;4;60;heavy;1
2025-07-03T08:03:00+02:00;48752;29;3;60;heavy;1
2025-07-03T08:03:00+02:00;48753;28;3;55;heavy;1
2025-07-03T08:03:00+02:00;48754;28;2;55;heavy;1
2025-07-03T08:03:00+02:00;48764;30;2;30;heavy;1
2025-07-03T08:03:00+02:00;48765;43;5;75;freeFlow;2
2025-07-03T08:03:00+02:00;48796;14;37;71;congested;3
2025-07-03T08:03:00+02:00;48915_D;50;2;0;unknown;0
2025-07-03T08:03:00+02:00;48915_G;37;3;50;freeFlow;1
2025-07-03T08:03:00+02:00;48916;16;11;75;heavy;2
2025-07-03T08:03:00+02:00;48953_D;32;36;100;heavy;3
2025-07-03T08:03:00+02:00;48953_G;29;39;68;heavy;2
2025-07-03T08:03:00+02:00;48993_D;50;7;57;freeFlow;1
2025-07-03T08:03:00+02:00;48993_G;52;7;50;freeFlow;1
2025-07-03T08:03:00+02:00;49042_D;23;2;52;heavy;1
2025-07-03T08:03:00+02:00;49042_G;42;1;60;freeFlow;1
2025-07-03T08:03:00+02:00;50035_D;34;3;60;heavy;1
2025-07-03T08:03:00+02:00;50035_G;39;2;60;freeFlow;1
2025-07-03T08:03:00+02:00;50087;18;15;75;heavy;2
2025-07-03T08:03:00+02:00;50107_D;50;11;0;unknown;0
2025-07-03T08:03:00+02:00;50107_G;32;16;52;heavy;1
2025-07-03T08:03:00+02:00;52835_G;11;13;60;congested;1
2025-07-03T08:03:00+02:00;52850_D;11;13;100;congested;3
2025-07-03T08:03:00+02:00;52850_G;14;11;75;congested;2
2025-07-03T08:03:00+02:00;52878;27;5;60;freeFlow;1
2025-07-03T08:03:00+02:00;53020_G;23;4;60;heavy;1
2025-07-03T08:03:00+02:00;53130_D;4;67;40;congested;1
2025-07-03T08:03:00+02:00;53130_G;19;14;52;heavy;1
2025-07-03T08:03:00+02:00;53375_D;51;2;52;freeFlow;1
2025-07-03T08:03:00+02:00;53375_G;47;2;60;freeFlow;1
2025-07-03T08:03:00+02:00;53427;63;69;100;heavy;13
2025-07-03T08:03:00+02:00;53988;32;7;75;heavy;2
2025-07-03T08:03:00+02:00;53989;50;2;0;unknown;0
2025-07-03T08:03:00+02:00;53992_D;39;10;75;freeFlow;2
2025-07-03T08:03:00+02:00;53992_G;24;17;61;heavy;2
2025-07-03T08:03:00+02:00;53995;21;3;60;heavy;1
2025-07-03T08:03:00+02:00;53997;37;2;75;freeFlow;2
2025-07-03T08:03:00+02:00;53999;37;2;75;freeFlow;2
2025-07-03T08:03:00+02:00;54130;50;31;0;unknown;0
2025-07-03T08:03:00+02:00;54136;59;3;22;freeFlow;1
2025-07-03T08:03:00+02:00;54219;35;16;75;heavy;2
2025-07-03T08:03:00+02:00;54222;30;20;75;heavy;2
2025-07-03T08:03:00+02:00;54235;10;49;60;congested;1
2025-07-03T08:03:00+02:00;54300;65;6;75;freeFlow;2
2025-07-03T08:03:00+02:00;54304_D;50;4;60;freeFlow;1
2025-07-03T08:03:00+02:00;54304_G;18;11;48;heavy;1
2025-07-03T08:03:00+02:00;54309;32;28;32;heavy;1
2025-07-03T08:03:00+02:00;54345;22;6;75;heavy;2
2025-07-03T08:03:00+02:00;54352;32;10;55;heavy;2
2025-07-03T08:03:00+02:00;54353;7;23;57;congested;2
2025-07-03T08:03:00+02:00;54356;45;19;68;freeFlow;2
2025-07-03T08:03:00+02:00;54357;21;12;60;heavy;1
2025-07-03T08:03:00+02:00;54370;50;4;0;unknown;0
2025-07-03T08:03:00+02:00;54373;35;5;75;freeFlow;2
2025-07-03T08:03:00+02:00;54374;25;8;75;heavy;2
2025-07-03T08:03:00+02:00;54377;41;26;60;freeFlow;1
2025-07-03T08:03:00+02:00;54396;14;17;100;congested;3
2025-07-03T08:03:00+02:00;54397;16;38;75;heavy;2
2025-07-03T08:03:00+02:00;54468;21;6;75;heavy;2
2025-07-03T08:03:00+02:00;54470;38;7;75;freeFlow;2
2025-07-03T08:03:00+02:00;56022;21;6;20;heavy;1
2025-07-03T08:03:00+02:00;56598;21;2;60;heavy;1
2025-07-03T08:03:00+02:00;56676_D;22;10;75;heavy;2
2025-07-03T08:03:00+02:00;56868;44;4;75;freeFlow;2
2025-07-03T08:03:00+02:00;56869;43;4;70;freeFlow;2
2025-07-03T08:03:00+02:00;56894;57;4;50;freeFlow;1
2025-07-03T08:03:00+02:00;56895;48;24;69;freeFlow;2
2025-07-03T08:03:00+02:00;56896;65;2;75;freeFlow;2
2025-07-03T08:03:00+02:00;56901;27;81;100;heavy;3
2025-07-03T08:03:00+02:00;60284;65;19;75;freeFlow;2
2025-07-03T08:03:00+02:00;63409_D;50;2;57;freeFlow;1
2025-07-03T08:03:00+02:00;63409_G;52;2;50;freeFlow;1
2025-07-03T08:03:00+02:00;66896;41;8;75;freeFlow;2
2025-07-03T08:03:00+02:00;69440;21;11;20;heavy;1
2025-07-03T08:03:00+02:00;69442;12;33;20;congested;1
2025-07-03T08:03:00+02:00;75868;72;10;100;freeFlow;9
2025-07-03T08:03:00+02:00;75908;39;26;72;freeFlow;2
2025-07-03T08:03:00+02:00;75909;54;19;60;freeFlow;1
2025-07-03T08:03:00+02:00;44943;27;23;60;freeFlow;1
2025-07-03T08:03:00+02:00;47063;11;52;25;congested;1
2025-07-03T08:03:00+02:00;71455_G;50;3;0;unknown;0
2025-07-03T08:03:00+02:00;75831;48;19;100;freeFlow;4