datetime;predefinedLocationReference;averageVehicleSpeed;travelTime;travelTimeReliability;trafficStatus;vehicleProbeMeasurement
2025-07-02T21:43:00+02:00;10273_D;76;10;32;freeFlow;1
2025-07-02T21:43:00+02:00;10273_G;83;9;60;freeFlow;1
2025-07-02T21:43:00+02:00;10274_D;19;34;35;congested;1
2025-07-02T21:43:00+02:00;10274_G;83;8;60;freeFlow;1
2025-07-02T21:43:00+02:00;10275_D;24;42;35;heavy;1
2025-07-02T21:43:00+02:00;10275_G;83;12;60;freeFlow;1
2025-07-02T21:43:00+02:00;10277_D;20;76;35;congested;1
2025-07-02T21:43:00+02:00;10277_G;81;19;60;freeFlow;1
2025-07-02T21:43:00+02:00;10279_D;26;38;35;heavy;1
2025-07-02T21:43:00+02:00;10279_G;75;13;60;freeFlow;1
2025-07-02T21:43:00+02:00;10281_D;65;22;37;freeFlow;1
2025-07-02T21:43:00+02:00;10281_G;75;19;60;freeFlow;1
2025-07-02T21:43:00+02:00;10315_D;79;7;32;freeFlow;1
2025-07-02T21:43:00+02:00;10315_G;83;7;60;freeFlow;1
2025-07-02T21:43:00+02:00;11579_D;80;3;0;unknown;0
2025-07-02T21:43:00+02:00;11579_G;80;3;0;unknown;0
2025-07-02T21:43:00+02:00;11652;68;20;22;freeFlow;1
2025-07-02T21:43:00+02:00;11654;70;2;0;unknown;0
2025-07-02T21:43:00+02:00;11777_D;79;1;10;freeFlow;1
2025-07-02T21:43:00+02:00;11777_G;74;1;60;freeFlow;1
2025-07-02T21:43:00+02:00;11781_D;30;3;0;unknown;0
2025-07-02T21:43:00+02:00;11781_G;30;3;0;unknown;0
2025-07-02T21:43:00+02:00;11784_D;30;2;0;unknown;0
2025-07-02T21:43:00+02:00;11784_G;30;2;0;unknown;0
2025-07-02T21:43:00+02:00;11785_D;30;1;0;unknown;0
2025-07-02T21:43:00+02:00;11785_G;30;1;0;unknown;0
2025-07-02T21:43:00+02:00;12060_D;79;9;32;freeFlow;1
2025-07-02T21:43:00+02:00;12060_G;83;9;60;freeFlow;1
2025-07-02T21:43:00+02:00;1242_D;67;2;60;freeFlow;1
2025-07-02T21:43:00+02:00;1242_G;59;2;17;freeFlow;1
2025-07-02T21:43:00+02:00;1285_D;68;1;60;freeFlow;1
2025-07-02T21:43:00+02:00;1285_G;77;1;17;freeFlow;1
2025-07-02T21:43:00+02:00;13514;25;8;20;heavy;1
2025-07-02T21:43:00+02:00;13515;36;4;20;heavy;1
2025-07-02T21:43:00+02:00;13516;80;1;0;unknown;0
2025-07-02T21:43:00+02:00;13549_D;80;4;0;unknown;0
2025-07-02T21:43:00+02:00;13549_G;40;9;20;heavy;1
2025-07-02T21:43:00+02:00;13557_D;80;5;0;unknown;0
2025-07-02T21:43:00+02:00;13557_G;33;11;20;heavy;1
2025-07-02T21:43:00+02:00;14364;93;22;27;freeFlow;1
2025-07-02T21:43:00+02:00;14365;117;18;58;freeFlow;1
2025-07-02T21:43:00+02:00;15029_D;62;40;52;freeFlow;1
2025-07-02T21:43:00+02:00;15029_G;63;39;42;freeFlow;1
2025-07-02T21:43:00+02:00;15062;33;4;45;heavy;1
2025-07-02T21:43:00+02:00;15063;50;3;60;heavy;2
2025-07-02T21:43:00+02:00;15064;62;2;52;freeFlow;1
2025-07-02T21:43:00+02:00;15065;42;4;45;heavy;1
2025-07-02T21:43:00+02:00;15066;41;3;30;heavy;1
2025-07-02T21:43:00+02:00;15067_D;81;53;45;freeFlow;1
2025-07-02T21:43:00+02:00;15067_G;91;47;29;freeFlow;1
2025-07-02T21:43:00+02:00;15104_D;78;50;48;freeFlow;1
2025-07-02T21:43:00+02:00;15104_G;93;42;27;freeFlow;1
2025-07-02T21:43:00+02:00;15111;113;3;60;freeFlow;1
2025-07-02T21:43:00+02:00;15113;80;2;0;unknown;0
2025-07-02T21:43:00+02:00;15114;80;2;0;unknown;0
2025-07-02T21:43:00+02:00;15117;80;2;0;unknown;0
2025-07-02T21:43:00+02:00;15118;37;3;48;heavy;1
2025-07-02T21:43:00+02:00;15119;37;5;62;heavy;2
2025-07-02T21:43:00+02:00;15120;44;4;27;heavy;1
2025-07-02T21:43:00+02:00;15121;40;3;25;heavy;1
2025-07-02T21:43:00+02:00;15122;28;6;20;heavy;1
2025-07-02T21:43:00+02:00;15124_D;80;11;0;unknown;0
2025-07-02T21:43:00+02:00;15124_G;38;22;20;heavy;1
2025-07-02T21:43:00+02:00;15549_D;50;1;0;unknown;0
2025-07-02T21:43:00+02:00;15549_G;50;1;0;unknown;0
2025-07-02T21:43:00+02:00;15550;81;0;22;freeFlow;1
2025-07-02T21:43:00+02:00;15551;90;126;67;freeFlow;3
2025-07-02T21:43:00+02:00;1601768;37;11;60;freeFlow;1
2025-07-02T21:43:00+02:00;1601771;41;6;75;freeFlow;2
2025-07-02T21:43:00+02:00;1601787;50;2;0;unknown;0
2025-07-02T21:43:00+02:00;1601792;30;2;0;unknown;0
2025-07-02T21:43:00+02:00;1601794_D;30;4;0;unknown;0
2025-07-02T21:43:00+02:00;1601794_G;45;2;60;freeFlow;1
2025-07-02T21:43:00+02:00;1601795;30;16;0;unknown;0
2025-07-02T21:43:00+02:00;1601797;45;11;60;freeFlow;1
2025-07-02T21:43:00+02:00;1601798;45;2;60;freeFlow;1
2025-07-02T21:43:00+02:00;1601799;45;2;60;freeFlow;1
2025-07-02T21:43:00+02:00;1601807;52;2;84;freeFlow;3
2025-07-02T21:43:00+02:00;1601808;65;15;45;freeFlow;2
2025-07-02T21:43:00+02:00;1601810;56;17;60;freeFlow;1
2025-07-02T21:43:00+02:00;1601812;67;3;45;freeFlow;2
2025-07-02T21:43:00+02:00;1601813_D;59;21;45;freeFlow;2
2025-07-02T21:43:00+02:00;1601813_G;67;19;38;freeFlow;1
2025-07-02T21:43:00+02:00;1601814;67;3;38;freeFlow;1
2025-07-02T21:43:00+02:00;1601815;59;3;72;freeFlow;2
2025-07-02T21:43:00+02:00;1601819;56;1;60;freeFlow;1
2025-07-02T21:43:00+02:00;1601824;67;2;45;freeFlow;2
2025-07-02T21:43:00+02:00;1601898;98;16;75;freeFlow;2
2025-07-02T21:43:00+02:00;1601931_D;50;5;0;unknown;0
2025-07-02T21:43:00+02:00;1601931_G;50;5;0;unknown;0
2025-07-02T21:43:00+02:00;1602158_D;50;1;0;unknown;0
2025-07-02T21:43:00+02:00;1602158_G;50;1;0;unknown;0
2025-07-02T21:43:00+02:00;1602398;50;1;0;unknown;0
2025-07-02T21:43:00+02:00;1626;50;49;52;heavy;1
2025-07-02T21:43:00+02:00;1627;36;5;75;freeFlow;2
2025-07-02T21:43:00+02:00;1628;53;2;32;freeFlow;1
2025-07-02T21:43:00+02:00;1629;63;2;50;freeFlow;1
2025-07-02T21:43:00+02:00;1630;54;2;50;freeFlow;1
2025-07-02T21:43:00+02:00;1631;107;1;27;freeFlow;1
2025-07-02T21:43:00+02:00;1632;64;29;75;freeFlow;2
2025-07-02T21:43:00+02:00;1633;70;11;0;unknown;0
2025-07-02T21:43:00+02:00;1639;44;7;52;heavy;1
2025-07-02T21:43:00+02:00;16647_D;74;62;18;freeFlow;1
2025-07-02T21:43:00+02:00;16647_G;87;52;47;freeFlow;1
2025-07-02T21:43:00+02:00;16648_D;87;8;20;freeFlow;1
2025-07-02T21:43:00+02:00;16648_G;95;8;45;freeFlow;1
2025-07-02T21:43:00+02:00;16695_D;72;40;34;freeFlow;1
2025-07-02T21:43:00+02:00;16695_G;80;36;0;unknown;0
2025-07-02T21:43:00+02:00;16701;50;2;0;unknown;0
2025-07-02T21:43:00+02:00;16702;50;2;0;unknown;0
2025-07-02T21:43:00+02:00;16707_D;50;1;0;unknown;0
2025-07-02T21:43:00+02:00;16707_G;50;1;0;unknown;0
2025-07-02T21:43:00+02:00;16744;40;4;17;heavy;1
2025-07-02T21:43:00+02:00;16745;70;2;48;freeFlow;1
2025-07-02T21:43:00+02:00;16746;70;2;48;freeFlow;1
2025-07-02T21:43:00+02:00;16747;39;5;17;heavy;1
2025-07-02T21:43:00+02:00;16748;40;3;17;heavy;1
2025-07-02T21:43:00+02:00;16749;44;3;17;heavy;1
2025-07-02T21:43:00+02:00;16752_D;80;5;0;unknown;0
2025-07-02T21:43:00+02:00;16752_G;80;5;0;unknown;0
2025-07-02T21:43:00+02:00;1675_D;53;5;32;freeFlow;1
2025-07-02T21:43:00+02:00;1675_G;107;2;27;freeFlow;1
2025-07-02T21:43:00+02:00;1676;49;9;63;heavy;2
2025-07-02T21:43:00+02:00;16761;50;2;0;unknown;0
2025-07-02T21:43:00+02:00;16762;50;2;0;unknown;0
2025-07-02T21:43:00+02:00;1677;68;8;48;freeFlow;1
2025-07-02T21:43:00+02:00;1677109;61;26;60;freeFlow;1
2025-07-02T21:43:00+02:00;1677110;70;1;0;unknown;0
2025-07-02T21:43:00+02:00;1677175_D;30;48;0;unknown;0
2025-07-02T21:43:00+02:00;1677175_G;31;47;60;freeFlow;1
2025-07-02T21:43:00+02:00;1677180_D;30;1;0;unknown;0
2025-07-02T21:43:00+02:00;1677180_G;45;1;60;freeFlow;1
2025-07-02T21:43:00+02:00;1677184_D;30;23;0;unknown;0
2025-07-02T21:43:00+02:00;1677184_G;45;15;60;freeFlow;1
2025-07-02T21:43:00+02:00;1677551_D;30;2;0;unknown;0
2025-07-02T21:43:00+02:00;1677551_G;30;2;0;unknown;0
2025-07-02T21:43:00+02:00;1677568_D;50;29;0;unknown;0
2025-07-02T21:43:00+02:00;1677568_G;50;30;0;unknown;0
2025-07-02T21:43:00+02:00;1677569;50;2;0;unknown;0
2025-07-02T21:43:00+02:00;1677687;50;1;0;unknown;0
2025-07-02T21:43:00+02:00;1677691;50;1;0;unknown;0
2025-07-02T21:43:00+02:00;1677693;50;2;0;unknown;0
2025-07-02T21:43:00+02:00;1677695_D;50;14;0;unknown;0
2025-07-02T21:43:00+02:00;1677695_G;50;13;0;unknown;0
2025-07-02T21:43:00+02:00;1677709_D;50;3;0;unknown;0
2025-07-02T21:43:00+02:00;1677709_G;50;4;0;unknown;0
2025-07-02T21:43:00+02:00;1677716_D;50;3;0;unknown;0
2025-07-02T21:43:00+02:00;1677716_G;50;3;0;unknown;0
2025-07-02T21:43:00+02:00;1677730_D;50;22;0;unknown;0
2025-07-02T21:43:00+02:00;1677730_G;50;22;0;unknown;0
2025-07-02T21:43:00+02:00;1677735_D;50;1;0;unknown;0
2025-07-02T21:43:00+02:00;1677735_G;50;1;0;unknown;0
2025-07-02T21:43:00+02:00;1677745_D;50;2;0;unknown;0
2025-07-02T21:43:00+02:00;1677745_G;50;1;0;unknown;0
2025-07-02T21:43:00+02:00;1677785_D;30;9;0;unknown;0
2025-07-02T21:43:00+02:00;1677785_G;30;9;0;unknown;0
2025-07-02T21:43:00+02:00;1677801_D;50;6;0;unknown;0
2025-07-02T21:43:00+02:00;1677801_G;50;6;0;unknown;0
2025-07-02T21:43:00+02:00;1677808_D;50;13;0;unknown;0
2025-07-02T21:43:00+02:00;1677808_G;50;13;0;unknown;0
2025-07-02T21:43:00+02:00;16783;50;2;0;unknown;0
2025-07-02T21:43:00+02:00;16784;50;2;0;unknown;0
2025-07-02T21:43:00+02:00;16785;50;2;0;unknown;0
2025-07-02T21:43:00+02:00;1678542;90;23;0;unknown;0
2025-07-02T21:43:00+02:00;1678698_D;50;16;60;freeFlow;1
2025-07-02T21:43:00+02:00;1678698_G;22;35;75;heavy;2
2025-07-02T21:43:00+02:00;1678750;50;2;0;unknown;0
2025-07-02T21:43:00+02:00;1678763_D;50;4;0;unknown;0
2025-07-02T21:43:00+02:00;1678763_G;50;4;0;unknown;0
2025-07-02T21:43:00+02:00;1679092_D;42;5;60;freeFlow;1
2025-07-02T21:43:00+02:00;1679092_G;45;5;48;freeFlow;1
2025-07-02T21:43:00+02:00;1679681;72;11;20;freeFlow;1
2025-07-02T21:43:00+02:00;1679779;108;3;57;freeFlow;1
2025-07-02T21:43:00+02:00;1679795_D;35;2;60;heavy;1
2025-07-02T21:43:00+02:00;1679822;55;1;75;freeFlow;2
2025-07-02T21:43:00+02:00;1679825;50;1;0;unknown;0
2025-07-02T21:43:00+02:00;1679841;26;38;75;heavy;2
2025-07-02T21:43:00+02:00;1679843;50;1;0;unknown;0
2025-07-02T21:43:00+02:00;1679845;55;1;75;freeFlow;2
2025-07-02T21:43:00+02:00;1679847;50;1;0;unknown;0
2025-07-02T21:43:00+02:00;1679859_D;30;16;0;unknown;0
2025-07-02T21:43:00+02:00;1679859_G;30;16;0;unknown;0
2025-07-02T21:43:00+02:00;1680014;99;5;75;freeFlow;2
2025-07-02T21:43:00+02:00;1680016;104;11;75;freeFlow;2
2025-07-02T21:43:00+02:00;1680022;103;5;75;freeFlow;2
2025-07-02T21:43:00+02:00;1680024;98;8;75;freeFlow;2
2025-07-02T21:43:00+02:00;1680116;63;2;32;freeFlow;1
2025-07-02T21:43:00+02:00;1680119;63;3;32;freeFlow;1
2025-07-02T21:43:00+02:00;1680121;53;3;60;heavy;1
2025-07-02T21:43:00+02:00;1680122_D;58;32;32;freeFlow;1
2025-07-02T21:43:00+02:00;1680122_G;57;32;57;freeFlow;1
2025-07-02T21:43:00+02:00;1680123;56;3;59;heavy;1
2025-07-02T21:43:00+02:00;1680337;29;8;60;heavy;1
2025-07-02T21:43:00+02:00;1680401_D;70;17;0;unknown;0
2025-07-02T21:43:00+02:00;1680401_G;70;18;0;unknown;0
2025-07-02T21:43:00+02:00;1680514_D;33;13;88;heavy;3
2025-07-02T21:43:00+02:00;1680514_G;50;9;0;unknown;0
2025-07-02T21:43:00+02:00;1680539;90;1;22;freeFlow;1
2025-07-02T21:43:00+02:00;1680541_D;30;14;0;unknown;0
2025-07-02T21:43:00+02:00;1680541_G;30;14;0;unknown;0
2025-07-02T21:43:00+02:00;1680549_D;19;33;75;heavy;2
2025-07-02T21:43:00+02:00;1680549_G;35;18;75;freeFlow;2
2025-07-02T21:43:00+02:00;1680551_D;30;1;0;unknown;0
2025-07-02T21:43:00+02:00;1680551_G;30;1;0;unknown;0
2025-07-02T21:43:00+02:00;1680557_D;24;1;30;heavy;1
2025-07-02T21:43:00+02:00;1680557_G;105;0;20;freeFlow;1
2025-07-02T21:43:00+02:00;1680561_D;29;1;60;heavy;2
2025-07-02T21:43:00+02:00;1680561_G;50;1;0;unknown;0
2025-07-02T21:43:00+02:00;1680567;33;2;75;heavy;2
2025-07-02T21:43:00+02:00;1680569;35;4;75;freeFlow;2
2025-07-02T21:43:00+02:00;1680573;25;3;75;heavy;2
2025-07-02T21:43:00+02:00;1680574;28;4;97;heavy;3
2025-07-02T21:43:00+02:00;1680575;38;8;99;freeFlow;3
2025-07-02T21:43:00+02:00;1680576;35;3;75;heavy;2
2025-07-02T21:43:00+02:00;16821_D;73;91;22;freeFlow;1
2025-07-02T21:43:00+02:00;16821_G;96;69;44;freeFlow;1
2025-07-02T21:43:00+02:00;16830_D;50;16;0;unknown;0
2025-07-02T21:43:00+02:00;16830_G;60;14;50;freeFlow;1
2025-07-02T21:43:00+02:00;16831_D;50;2;0;unknown;0
2025-07-02T21:43:00+02:00;16831_G;60;2;50;freeFlow;1
2025-07-02T21:43:00+02:00;16832;50;3;0;unknown;0
2025-07-02T21:43:00+02:00;16834;69;10;50;freeFlow;1
2025-07-02T21:43:00+02:00;16850_D;50;1;0;unknown;0
2025-07-02T21:43:00+02:00;16850_G;50;1;0;unknown;0
2025-07-02T21:43:00+02:00;16851_D;50;3;0;unknown;0
2025-07-02T21:43:00+02:00;16851_G;50;2;0;unknown;0
2025-07-02T21:43:00+02:00;16852_D;50;5;0;unknown;0
2025-07-02T21:43:00+02:00;16852_G;50;5;0;unknown;0
2025-07-02T21:43:00+02:00;16853_D;50;7;0;unknown;0
2025-07-02T21:43:00+02:00;16853_G;50;7;0;unknown;0
2025-07-02T21:43:00+02:00;16854_D;50;4;0;unknown;0
2025-07-02T21:43:00+02:00;16854_G;50;4;0;unknown;0
2025-07-02T21:43:00+02:00;16855_D;50;4;0;unknown;0
2025-07-02T21:43:00+02:00;16855_G;50;4;0;unknown;0
2025-07-02T21:43:00+02:00;16856_D;50;7;0;unknown;0
2025-07-02T21:43:00+02:00;16856_G;50;7;0;unknown;0
2025-07-02T21:43:00+02:00;16858_D;50;30;0;unknown;0
2025-07-02T21:43:00+02:00;16858_G;41;36;52;freeFlow;1
2025-07-02T21:43:00+02:00;16859_D;50;3;0;unknown;0
2025-07-02T21:43:00+02:00;16859_G;60;2;50;freeFlow;1
2025-07-02T21:43:00+02:00;16860_D;50;7;0;unknown;0
2025-07-02T21:43:00+02:00;16860_G;60;6;50;freeFlow;1
2025-07-02T21:43:00+02:00;1690_D;58;5;35;freeFlow;1
2025-07-02T21:43:00+02:00;1690_G;107;3;27;freeFlow;1
2025-07-02T21:43:00+02:00;16910_D;50;6;0;unknown;0
2025-07-02T21:43:00+02:00;16910_G;50;6;0;unknown;0
2025-07-02T21:43:00+02:00;16967;80;7;38;freeFlow;2
2025-07-02T21:43:00+02:00;16969;32;1;60;heavy;1
2025-07-02T21:43:00+02:00;16986;77;8;60;freeFlow;1
2025-07-02T21:43:00+02:00;16988;77;9;60;freeFlow;1
2025-07-02T21:43:00+02:00;16989;83;6;60;freeFlow;1
2025-07-02T21:43:00+02:00;16990;78;6;48;freeFlow;1
2025-07-02T21:43:00+02:00;16992;27;49;48;heavy;1
2025-07-02T21:43:00+02:00;16994;55;20;48;freeFlow;1
2025-07-02T21:43:00+02:00;17;34;6;55;heavy;2
2025-07-02T21:43:00+02:00;1721;107;1;27;freeFlow;1
2025-07-02T21:43:00+02:00;1722;107;1;27;freeFlow;1
2025-07-02T21:43:00+02:00;1723;58;3;35;freeFlow;1
2025-07-02T21:43:00+02:00;1724_D;95;6;35;freeFlow;1
2025-07-02T21:43:00+02:00;1724_G;107;5;27;freeFlow;1
2025-07-02T21:43:00+02:00;1732_D;107;1;27;freeFlow;1
2025-07-02T21:43:00+02:00;1732_G;40;2;22;freeFlow;1
2025-07-02T21:43:00+02:00;1733_D;107;0;27;freeFlow;1
2025-07-02T21:43:00+02:00;1733_G;31;2;22;heavy;1
2025-07-02T21:43:00+02:00;1734_D;107;3;27;freeFlow;1
2025-07-02T21:43:00+02:00;1734_G;50;7;35;freeFlow;1
2025-07-02T21:43:00+02:00;18337;50;2;0;unknown;0
2025-07-02T21:43:00+02:00;18391_D;62;4;52;freeFlow;1
2025-07-02T21:43:00+02:00;18391_G;81;3;42;freeFlow;1
2025-07-02T21:43:00+02:00;1853;92;26;100;freeFlow;5
2025-07-02T21:43:00+02:00;1855;95;5;100;freeFlow;4
2025-07-02T21:43:00+02:00;1856;90;10;100;freeFlow;4
2025-07-02T21:43:00+02:00;19040;38;2;74;freeFlow;2
2025-07-02T21:43:00+02:00;1910886;36;6;50;freeFlow;1
2025-07-02T21:43:00+02:00;1911185_D;70;16;0;unknown;0
2025-07-02T21:43:00+02:00;1911185_G;64;18;25;freeFlow;1
2025-07-02T21:43:00+02:00;1911398_D;33;2;10;freeFlow;1
2025-07-02T21:43:00+02:00;1911398_G;30;1;0;unknown;0
2025-07-02T21:43:00+02:00;1911404_D;30;3;0;unknown;0
2025-07-02T21:43:00+02:00;1911404_G;36;3;10;freeFlow;1
2025-07-02T21:43:00+02:00;1911418;48;5;45;freeFlow;1
2025-07-02T21:43:00+02:00;1911420;41;2;75;freeFlow;2
2025-07-02T21:43:00+02:00;1911448_D;70;27;0;unknown;0
2025-07-02T21:43:00+02:00;1911448_G;70;27;0;unknown;0
2025-07-02T21:43:00+02:00;1911623_D;30;6;0;unknown;0
2025-07-02T21:43:00+02:00;1911623_G;40;4;10;freeFlow;1
2025-07-02T21:43:00+02:00;19628;36;8;25;heavy;1
2025-07-02T21:43:00+02:00;19629;90;1;0;unknown;0
2025-07-02T21:43:00+02:00;19630;90;2;0;unknown;0
2025-07-02T21:43:00+02:00;19631;90;1;0;unknown;0
2025-07-02T21:43:00+02:00;19632;90;1;0;unknown;0
2025-07-02T21:43:00+02:00;19633;34;5;68;heavy;2
2025-07-02T21:43:00+02:00;19634;33;3;60;heavy;1
2025-07-02T21:43:00+02:00;19635;37;4;60;heavy;1
2025-07-02T21:43:00+02:00;19636;37;4;60;heavy;1
2025-07-02T21:43:00+02:00;19637;34;2;52;heavy;1
2025-07-02T21:43:00+02:00;19638;32;4;67;heavy;2
2025-07-02T21:43:00+02:00;19639;49;3;40;heavy;1
2025-07-02T21:43:00+02:00;19640;30;4;40;heavy;1
2025-07-02T21:43:00+02:00;19642;23;5;40;heavy;1
2025-07-02T21:43:00+02:00;19643;30;2;40;heavy;1
2025-07-02T21:43:00+02:00;19644;50;2;38;freeFlow;1
2025-07-02T21:43:00+02:00;19683;87;22;35;freeFlow;1
2025-07-02T21:43:00+02:00;19684;90;52;34;freeFlow;1
2025-07-02T21:43:00+02:00;19685;75;70;22;heavy;1
2025-07-02T21:43:00+02:00;19686;114;15;38;freeFlow;1
2025-07-02T21:43:00+02:00;198;83;55;50;freeFlow;1
2025-07-02T21:43:00+02:00;19825_D;70;46;36;freeFlow;2
2025-07-02T21:43:00+02:00;19825_G;64;51;55;freeFlow;2
2025-07-02T21:43:00+02:00;19828;48;3;53;freeFlow;2
2025-07-02T21:43:00+02:00;19830;56;2;60;freeFlow;1
2025-07-02T21:43:00+02:00;19832;55;3;70;freeFlow;3
2025-07-02T21:43:00+02:00;19833;57;2;45;freeFlow;2
2025-07-02T21:43:00+02:00;19841_D;68;22;27;freeFlow;1
2025-07-02T21:43:00+02:00;19841_G;87;17;40;freeFlow;1
2025-07-02T21:43:00+02:00;19842_D;76;5;25;freeFlow;1
2025-07-02T21:43:00+02:00;19842_G;63;6;40;freeFlow;1
2025-07-02T21:43:00+02:00;20525;59;3;32;freeFlow;1
2025-07-02T21:43:00+02:00;20526;60;2;32;freeFlow;1
2025-07-02T21:43:00+02:00;20527;58;3;57;freeFlow;1
2025-07-02T21:43:00+02:00;20528;58;2;57;freeFlow;1
2025-07-02T21:43:00+02:00;20590_D;79;104;37;freeFlow;1
2025-07-02T21:43:00+02:00;20590_G;73;112;57;freeFlow;1
2025-07-02T21:43:00+02:00;20760_D;66;23;48;freeFlow;2
2025-07-02T21:43:00+02:00;20760_G;54;28;73;freeFlow;2
2025-07-02T21:43:00+02:00;2216_D;89;34;40;freeFlow;1
2025-07-02T21:43:00+02:00;2216_G;80;38;0;unknown;0
2025-07-02T21:43:00+02:00;2218_D;73;30;51;freeFlow;2
2025-07-02T21:43:00+02:00;2218_G;80;27;0;unknown;0
2025-07-02T21:43:00+02:00;23984_D;52;1;52;heavy;1
2025-07-02T21:43:00+02:00;23984_G;51;1;42;heavy;1
2025-07-02T21:43:00+02:00;24143_D;63;6;50;freeFlow;1
2025-07-02T21:43:00+02:00;24143_G;49;8;45;heavy;1
2025-07-02T21:43:00+02:00;24147_D;62;62;51;freeFlow;1
2025-07-02T21:43:00+02:00;24147_G;75;51;45;freeFlow;1
2025-07-02T21:43:00+02:00;24148;59;2;55;freeFlow;1
2025-07-02T21:43:00+02:00;24149;43;3;42;freeFlow;1
2025-07-02T21:43:00+02:00;24150;70;2;55;freeFlow;1
2025-07-02T21:43:00+02:00;24151;51;3;42;freeFlow;1
2025-07-02T21:43:00+02:00;24153_D;70;13;55;freeFlow;1
2025-07-02T21:43:00+02:00;24153_G;69;13;38;freeFlow;1
2025-07-02T21:43:00+02:00;24176;86;19;63;freeFlow;2
2025-07-02T21:43:00+02:00;24178;107;10;48;freeFlow;1
2025-07-02T21:43:00+02:00;24179;101;19;63;freeFlow;2
2025-07-02T21:43:00+02:00;24181_D;68;2;48;freeFlow;1
2025-07-02T21:43:00+02:00;24181_G;47;3;48;freeFlow;1
2025-07-02T21:43:00+02:00;24182;107;11;48;freeFlow;1
2025-07-02T21:43:00+02:00;24184_D;51;11;42;freeFlow;1
2025-07-02T21:43:00+02:00;24184_G;47;13;48;freeFlow;1
2025-07-02T21:43:00+02:00;24259;21;6;45;heavy;1
2025-07-02T21:43:00+02:00;24260;51;3;50;freeFlow;1
2025-07-02T21:43:00+02:00;24261;63;2;50;freeFlow;1
2025-07-02T21:43:00+02:00;24262;50;4;45;freeFlow;1
2025-07-02T21:43:00+02:00;24264_D;21;2;45;congested;1
2025-07-02T21:43:00+02:00;24264_G;63;1;50;freeFlow;1
2025-07-02T21:43:00+02:00;24265_D;50;1;45;freeFlow;1
2025-07-02T21:43:00+02:00;24265_G;47;1;48;freeFlow;1
2025-07-02T21:43:00+02:00;24274_D;47;10;48;freeFlow;1
2025-07-02T21:43:00+02:00;24274_G;53;9;48;freeFlow;1
2025-07-02T21:43:00+02:00;25687_D;7;30;0;unknown;0
2025-07-02T21:43:00+02:00;25687_G;30;7;0;unknown;0
2025-07-02T21:43:00+02:00;25929_D;80;10;0;unknown;0
2025-07-02T21:43:00+02:00;25929_G;80;11;0;unknown;0
2025-07-02T21:43:00+02:00;25930;85;2;42;freeFlow;1
2025-07-02T21:43:00+02:00;25931;85;2;42;freeFlow;1
2025-07-02T21:43:00+02:00;25932;50;3;25;heavy;1
2025-07-02T21:43:00+02:00;25933;51;3;25;heavy;1
2025-07-02T21:43:00+02:00;25934_D;80;3;0;unknown;0
2025-07-02T21:43:00+02:00;25934_G;80;3;0;unknown;0
2025-07-02T21:43:00+02:00;25944_D;50;6;25;heavy;1
2025-07-02T21:43:00+02:00;25944_G;60;5;40;freeFlow;1
2025-07-02T21:43:00+02:00;25946_D;60;14;40;freeFlow;1
2025-07-02T21:43:00+02:00;25946_G;61;14;25;freeFlow;1
2025-07-02T21:43:00+02:00;25947_D;85;23;42;freeFlow;1
2025-07-02T21:43:00+02:00;25947_G;67;28;25;freeFlow;1
2025-07-02T21:43:00+02:00;25988_D;30;10;0;unknown;0
2025-07-02T21:43:00+02:00;25988_G;30;10;0;unknown;0
2025-07-02T21:43:00+02:00;25989;50;2;0;unknown;0
2025-07-02T21:43:00+02:00;25990;50;2;0;unknown;0
2025-07-02T21:43:00+02:00;25991;50;2;0;unknown;0
2025-07-02T21:43:00+02:00;25992;50;2;0;unknown;0
2025-07-02T21:43:00+02:00;25993_D;30;3;0;unknown;0
2025-07-02T21:43:00+02:00;25993_G;30;3;0;unknown;0
2025-07-02T21:43:00+02:00;25994_D;50;4;0;unknown;0
2025-07-02T21:43:00+02:00;25994_G;50;4;0;unknown;0
2025-07-02T21:43:00+02:00;25995_D;50;1;0;unknown;0
2025-07-02T21:43:00+02:00;25995_G;50;1;0;unknown;0
2025-07-02T21:43:00+02:00;25996_D;50;5;0;unknown;0
2025-07-02T21:43:00+02:00;25996_G;50;4;0;unknown;0
2025-07-02T21:43:00+02:00;25997_D;50;1;0;unknown;0
2025-07-02T21:43:00+02:00;25997_G;50;1;0;unknown;0
2025-07-02T21:43:00+02:00;25998_D;50;11;0;unknown;0
2025-07-02T21:43:00+02:00;25998_G;50;11;0;unknown;0
2025-07-02T21:43:00+02:00;25999_D;50;8;0;unknown;0
2025-07-02T21:43:00+02:00;25999_G;50;8;0;unknown;0
2025-07-02T21:43:00+02:00;26000_D;80;5;0;unknown;0
2025-07-02T21:43:00+02:00;26000_G;80;5;0;unknown;0
2025-07-02T21:43:00+02:00;26001_D;80;1;0;unknown;0
2025-07-02T21:43:00+02:00;26001_G;80;1;0;unknown;0
2025-07-02T21:43:00+02:00;26002_D;80;5;0;unknown;0
2025-07-02T21:43:00+02:00;26002_G;80;5;0;unknown;0
2025-07-02T21:43:00+02:00;26023;65;3;27;freeFlow;1
2025-07-02T21:43:00+02:00;26024;78;59;32;freeFlow;2
2025-07-02T21:43:00+02:00;26025;110;59;0;unknown;0
2025-07-02T21:43:00+02:00;26041;60;5;60;freeFlow;1
2025-07-02T21:43:00+02:00;26043;45;10;100;freeFlow;3
2025-07-02T21:43:00+02:00;26044;60;7;60;freeFlow;1
2025-07-02T21:43:00+02:00;26046;25;37;100;heavy;3
2025-07-02T21:43:00+02:00;26047;26;3;45;heavy;1
2025-07-02T21:43:00+02:00;26048;76;28;48;freeFlow;1
2025-07-02T21:43:00+02:00;26049;69;21;75;freeFlow;2
2025-07-02T21:43:00+02:00;26050;17;20;75;heavy;2
2025-07-02T21:43:00+02:00;26101_D;30;16;0;unknown;0
2025-07-02T21:43:00+02:00;26101_G;30;16;0;unknown;0
2025-07-02T21:43:00+02:00;26371_D;30;9;0;unknown;0
2025-07-02T21:43:00+02:00;26371_G;30;9;0;unknown;0
2025-07-02T21:43:00+02:00;26389_D;70;11;0;unknown;0
2025-07-02T21:43:00+02:00;26389_G;70;11;0;unknown;0
2025-07-02T21:43:00+02:00;26392_D;30;15;0;unknown;0
2025-07-02T21:43:00+02:00;26392_G;30;14;0;unknown;0
2025-07-02T21:43:00+02:00;26393;50;1;0;unknown;0
2025-07-02T21:43:00+02:00;26394;50;1;0;unknown;0
2025-07-02T21:43:00+02:00;26395;50;2;0;unknown;0
2025-07-02T21:43:00+02:00;26396;50;1;0;unknown;0
2025-07-02T21:43:00+02:00;26397_D;50;4;0;unknown;0
2025-07-02T21:43:00+02:00;26397_G;50;4;0;unknown;0
2025-07-02T21:43:00+02:00;26402_D;30;9;0;unknown;0
2025-07-02T21:43:00+02:00;26402_G;30;9;0;unknown;0
2025-07-02T21:43:00+02:00;26403_D;30;4;0;unknown;0
2025-07-02T21:43:00+02:00;26403_G;30;4;0;unknown;0
2025-07-02T21:43:00+02:00;26404_D;30;3;0;unknown;0
2025-07-02T21:43:00+02:00;26404_G;30;3;0;unknown;0
2025-07-02T21:43:00+02:00;26405_D;23;2;0;unknown;0
2025-07-02T21:43:00+02:00;26405_G;30;2;0;unknown;0
2025-07-02T21:43:00+02:00;26409_D;70;11;0;unknown;0
2025-07-02T21:43:00+02:00;26409_G;70;11;0;unknown;0
2025-07-02T21:43:00+02:00;26420_D;70;4;0;unknown;0
2025-07-02T21:43:00+02:00;26420_G;70;4;0;unknown;0
2025-07-02T21:43:00+02:00;26422_D;70;11;0;unknown;0
2025-07-02T21:43:00+02:00;26422_G;70;11;0;unknown;0
2025-07-02T21:43:00+02:00;26423_D;70;7;0;unknown;0
2025-07-02T21:43:00+02:00;26423_G;70;7;0;unknown;0
2025-07-02T21:43:00+02:00;26495_D;50;7;0;unknown;0
2025-07-02T21:43:00+02:00;26495_G;50;7;0;unknown;0
2025-07-02T21:43:00+02:00;26497_D;30;16;0;unknown;0
2025-07-02T21:43:00+02:00;26497_G;30;16;0;unknown;0
2025-07-02T21:43:00+02:00;26501;95;24;46;freeFlow;2
2025-07-02T21:43:00+02:00;26573;95;15;32;freeFlow;1
2025-07-02T21:43:00+02:00;26603_D;30;2;0;unknown;0
2025-07-02T21:43:00+02:00;26603_G;30;2;0;unknown;0
2025-07-02T21:43:00+02:00;26611_D;30;4;0;unknown;0
2025-07-02T21:43:00+02:00;26611_G;30;4;0;unknown;0
2025-07-02T21:43:00+02:00;26619;56;1;60;freeFlow;1
2025-07-02T21:43:00+02:00;26654;18;28;60;heavy;1
2025-07-02T21:43:00+02:00;26656;54;9;75;freeFlow;2
2025-07-02T21:43:00+02:00;26897_D;30;15;0;unknown;0
2025-07-02T21:43:00+02:00;26897_G;30;15;0;unknown;0
2025-07-02T21:43:00+02:00;27837_D;69;4;22;freeFlow;1
2025-07-02T21:43:00+02:00;27837_G;50;6;0;unknown;0
2025-07-02T21:43:00+02:00;28032;44;4;75;heavy;2
2025-07-02T21:43:00+02:00;28033;39;4;25;heavy;1
2025-07-02T21:43:00+02:00;282910_D;41;5;60;freeFlow;1
2025-07-02T21:43:00+02:00;282910_G;50;2;0;unknown;0
2025-07-02T21:43:00+02:00;28642_D;65;7;27;freeFlow;1
2025-07-02T21:43:00+02:00;28642_G;108;4;60;freeFlow;1
2025-07-02T21:43:00+02:00;28645_D;65;2;27;freeFlow;1
2025-07-02T21:43:00+02:00;28645_G;108;1;60;freeFlow;1
2025-07-02T21:43:00+02:00;28646_D;72;43;27;freeFlow;1
2025-07-02T21:43:00+02:00;28646_G;108;29;60;freeFlow;1
2025-07-02T21:43:00+02:00;28648_D;83;16;27;freeFlow;1
2025-07-02T21:43:00+02:00;28648_G;108;12;60;freeFlow;1
2025-07-02T21:43:00+02:00;28649_D;82;11;25;freeFlow;1
2025-07-02T21:43:00+02:00;28649_G;108;8;60;freeFlow;1
2025-07-02T21:43:00+02:00;28650_D;79;13;25;freeFlow;1
2025-07-02T21:43:00+02:00;28650_G;93;11;60;freeFlow;1
2025-07-02T21:43:00+02:00;28660_D;68;10;30;freeFlow;1
2025-07-02T21:43:00+02:00;28660_G;93;7;60;freeFlow;1
2025-07-02T21:43:00+02:00;28665_D;67;20;30;freeFlow;1
2025-07-02T21:43:00+02:00;28665_G;93;15;60;freeFlow;1
2025-07-02T21:43:00+02:00;28666_D;66;10;30;freeFlow;1
2025-07-02T21:43:00+02:00;28666_G;107;6;60;freeFlow;1
2025-07-02T21:43:00+02:00;28669_D;70;5;0;unknown;0
2025-07-02T21:43:00+02:00;28669_G;70;5;0;unknown;0
2025-07-02T21:43:00+02:00;28675_D;70;6;0;unknown;0
2025-07-02T21:43:00+02:00;28675_G;70;6;0;unknown;0
2025-07-02T21:43:00+02:00;28676_D;54;4;15;freeFlow;1
2025-07-02T21:43:00+02:00;28676_G;70;3;0;unknown;0
2025-07-02T21:43:00+02:00;28677_D;54;21;15;freeFlow;1
2025-07-02T21:43:00+02:00;28677_G;70;16;0;unknown;0
2025-07-02T21:43:00+02:00;28693_D;74;13;30;freeFlow;1
2025-07-02T21:43:00+02:00;28693_G;93;10;60;freeFlow;1
2025-07-02T21:43:00+02:00;28854;68;2;75;freeFlow;2
2025-07-02T21:43:00+02:00;28855;93;2;60;freeFlow;1
2025-07-02T21:43:00+02:00;28865_D;93;22;60;freeFlow;1
2025-07-02T21:43:00+02:00;28865_G;77;26;32;freeFlow;1
2025-07-02T21:43:00+02:00;28866_D;93;8;60;freeFlow;1
2025-07-02T21:43:00+02:00;28866_G;46;15;32;heavy;1
2025-07-02T21:43:00+02:00;28867;93;1;60;freeFlow;1
2025-07-02T21:43:00+02:00;28868;93;1;60;freeFlow;1
2025-07-02T21:43:00+02:00;29;68;21;48;freeFlow;1
2025-07-02T21:43:00+02:00;30;68;8;48;freeFlow;1
2025-07-02T21:43:00+02:00;30020_D;64;33;25;freeFlow;1
2025-07-02T21:43:00+02:00;30020_G;72;29;55;freeFlow;1
2025-07-02T21:43:00+02:00;30022;81;3;32;freeFlow;1
2025-07-02T21:43:00+02:00;30023;72;70;67;freeFlow;3
2025-07-02T21:43:00+02:00;30118;43;2;42;freeFlow;1
2025-07-02T21:43:00+02:00;30351_D;50;1;0;unknown;0
2025-07-02T21:43:00+02:00;30351_G;50;1;0;unknown;0
2025-07-02T21:43:00+02:00;30355_D;50;10;0;unknown;0
2025-07-02T21:43:00+02:00;30355_G;50;10;0;unknown;0
2025-07-02T21:43:00+02:00;30359_D;80;8;0;unknown;0
2025-07-02T21:43:00+02:00;30359_G;80;8;0;unknown;0
2025-07-02T21:43:00+02:00;30405;50;2;0;unknown;0
2025-07-02T21:43:00+02:00;30406;50;4;0;unknown;0
2025-07-02T21:43:00+02:00;30407;50;2;0;unknown;0
2025-07-02T21:43:00+02:00;30408;50;1;0;unknown;0
2025-07-02T21:43:00+02:00;30409;50;2;0;unknown;0
2025-07-02T21:43:00+02:00;30410_D;50;1;0;unknown;0
2025-07-02T21:43:00+02:00;30410_G;50;1;0;unknown;0
2025-07-02T21:43:00+02:00;30411_D;50;6;0;unknown;0
2025-07-02T21:43:00+02:00;30411_G;50;6;0;unknown;0
2025-07-02T21:43:00+02:00;30414_D;50;7;0;unknown;0
2025-07-02T21:43:00+02:00;30414_G;50;8;0;unknown;0
2025-07-02T21:43:00+02:00;30416_D;50;10;0;unknown;0
2025-07-02T21:43:00+02:00;30416_G;50;10;0;unknown;0
2025-07-02T21:43:00+02:00;30499_D;30;9;0;unknown;0
2025-07-02T21:43:00+02:00;30499_G;30;10;0;unknown;0
2025-07-02T21:43:00+02:00;30501_D;30;9;0;unknown;0
2025-07-02T21:43:00+02:00;30501_G;30;9;0;unknown;0
2025-07-02T21:43:00+02:00;30502_D;30;2;0;unknown;0
2025-07-02T21:43:00+02:00;30502_G;30;2;0;unknown;0
2025-07-02T21:43:00+02:00;30504_D;30;1;0;unknown;0
2025-07-02T21:43:00+02:00;30504_G;30;1;0;unknown;0
2025-07-02T21:43:00+02:00;30508;30;4;0;unknown;0
2025-07-02T21:43:00+02:00;30521_D;50;8;0;unknown;0
2025-07-02T21:43:00+02:00;30521_G;50;9;0;unknown;0
2025-07-02T21:43:00+02:00;30522_D;50;2;0;unknown;0
2025-07-02T21:43:00+02:00;30522_G;50;2;0;unknown;0
2025-07-02T21:43:00+02:00;30606_D;50;11;0;unknown;0
2025-07-02T21:43:00+02:00;30606_G;50;11;0;unknown;0
2025-07-02T21:43:00+02:00;30608_D;50;3;0;unknown;0
2025-07-02T21:43:00+02:00;30608_G;50;3;0;unknown;0
2025-07-02T21:43:00+02:00;30611_D;50;8;0;unknown;0
2025-07-02T21:43:00+02:00;30611_G;50;8;0;unknown;0
2025-07-02T21:43:00+02:00;31;86;5;45;freeFlow;1
2025-07-02T21:43:00+02:00;31286;50;3;0;unknown;0
2025-07-02T21:43:00+02:00;31287;50;1;0;unknown;0
2025-07-02T21:43:00+02:00;31288;50;4;0;unknown;0
2025-07-02T21:43:00+02:00;31289;50;2;0;unknown;0
2025-07-02T21:43:00+02:00;31300_D;50;1;0;unknown;0
2025-07-02T21:43:00+02:00;31300_G;50;1;0;unknown;0
2025-07-02T21:43:00+02:00;31302_D;50;1;0;unknown;0
2025-07-02T21:43:00+02:00;31302_G;50;1;0;unknown;0
2025-07-02T21:43:00+02:00;31304_D;50;22;0;unknown;0
2025-07-02T21:43:00+02:00;31305_D;50;15;0;unknown;0
2025-07-02T21:43:00+02:00;31305_G;50;15;0;unknown;0
2025-07-02T21:43:00+02:00;31361_D;50;1;0;unknown;0
2025-07-02T21:43:00+02:00;31361_G;50;1;0;unknown;0
2025-07-02T21:43:00+02:00;31444_D;60;41;22;freeFlow;1
2025-07-02T21:43:00+02:00;31444_G;80;31;57;freeFlow;1
2025-07-02T21:43:00+02:00;31448;48;2;57;heavy;1
2025-07-02T21:43:00+02:00;31449;48;3;57;heavy;1
2025-07-02T21:43:00+02:00;31450;43;3;22;heavy;1
2025-07-02T21:43:00+02:00;31451;43;3;22;heavy;1
2025-07-02T21:43:00+02:00;31453_D;64;25;22;freeFlow;1
2025-07-02T21:43:00+02:00;31453_G;68;24;57;freeFlow;1
2025-07-02T21:43:00+02:00;31511;95;16;60;freeFlow;1
2025-07-02T21:43:00+02:00;31512;84;29;75;freeFlow;2
2025-07-02T21:43:00+02:00;31513;83;26;75;freeFlow;2
2025-07-02T21:43:00+02:00;31515;42;3;90;freeFlow;3
2025-07-02T21:43:00+02:00;31517;62;2;52;freeFlow;2
2025-07-02T21:43:00+02:00;31520;43;2;42;freeFlow;1
2025-07-02T21:43:00+02:00;31522;53;3;51;freeFlow;2
2025-07-02T21:43:00+02:00;31523_D;47;4;48;freeFlow;1
2025-07-02T21:43:00+02:00;31523_G;36;5;42;freeFlow;1
2025-07-02T21:43:00+02:00;31530_D;44;9;20;heavy;1
2025-07-02T21:43:00+02:00;31530_G;43;9;60;heavy;1
2025-07-02T21:43:00+02:00;31532_D;57;3;20;freeFlow;1
2025-07-02T21:43:00+02:00;31532_G;66;3;57;freeFlow;1
2025-07-02T21:43:00+02:00;31534;83;5;65;freeFlow;2
2025-07-02T21:43:00+02:00;31536;79;12;50;freeFlow;1
2025-07-02T21:43:00+02:00;31550;82;11;75;freeFlow;2
2025-07-02T21:43:00+02:00;31551;68;11;56;freeFlow;2
2025-07-02T21:43:00+02:00;31553;74;14;45;freeFlow;1
2025-07-02T21:43:00+02:00;31557;70;5;50;freeFlow;1
2025-07-02T21:43:00+02:00;31558_D;57;20;50;freeFlow;1
2025-07-02T21:43:00+02:00;31558_G;50;23;0;unknown;0
2025-07-02T21:43:00+02:00;31559;58;8;73;freeFlow;2
2025-07-02T21:43:00+02:00;31561;108;3;57;freeFlow;1
2025-07-02T21:43:00+02:00;31562;50;8;0;unknown;0
2025-07-02T21:43:00+02:00;31563;50;8;0;unknown;0
2025-07-02T21:43:00+02:00;31568;70;5;0;unknown;0
2025-07-02T21:43:00+02:00;31569;70;8;0;unknown;0
2025-07-02T21:43:00+02:00;31583_D;70;11;12;freeFlow;1
2025-07-02T21:43:00+02:00;31583_G;50;15;0;unknown;0
2025-07-02T21:43:00+02:00;31670_D;50;9;0;unknown;0
2025-07-02T21:43:00+02:00;31670_G;42;10;75;freeFlow;2
2025-07-02T21:43:00+02:00;31672_D;46;43;75;heavy;2
2025-07-02T21:43:00+02:00;31672_G;59;33;0;unknown;0
2025-07-02T21:43:00+02:00;31673;4;343;60;congested;1
2025-07-02T21:43:00+02:00;31674;90;15;0;unknown;0
2025-07-02T21:43:00+02:00;31708_D;40;4;12;freeFlow;1
2025-07-02T21:43:00+02:00;31708_G;30;6;0;unknown;0
2025-07-02T21:43:00+02:00;31709_D;40;9;12;freeFlow;1
2025-07-02T21:43:00+02:00;31709_G;30;12;0;unknown;0
2025-07-02T21:43:00+02:00;31716_D;35;6;10;freeFlow;1
2025-07-02T21:43:00+02:00;31716_G;30;7;0;unknown;0
2025-07-02T21:43:00+02:00;31717_D;32;16;10;freeFlow;1
2025-07-02T21:43:00+02:00;31717_G;30;17;0;unknown;0
2025-07-02T21:43:00+02:00;31720_D;32;4;10;freeFlow;1
2025-07-02T21:43:00+02:00;31720_G;30;4;0;unknown;0
2025-07-02T21:43:00+02:00;31722_D;30;9;0;unknown;0
2025-07-02T21:43:00+02:00;31722_G;33;8;10;freeFlow;1
2025-07-02T21:43:00+02:00;31723;43;5;60;freeFlow;1
2025-07-02T21:43:00+02:00;31724;18;11;75;heavy;2
2025-07-02T21:43:00+02:00;31725;30;6;0;unknown;0
2025-07-02T21:43:00+02:00;31726;39;6;75;freeFlow;2
2025-07-02T21:43:00+02:00;31727_D;30;12;0;unknown;0
2025-07-02T21:43:00+02:00;31727_G;39;9;10;freeFlow;1
2025-07-02T21:43:00+02:00;31878;45;4;55;heavy;1
2025-07-02T21:43:00+02:00;31879;32;5;25;heavy;1
2025-07-02T21:43:00+02:00;31880;41;6;38;heavy;1
2025-07-02T21:43:00+02:00;31881;46;7;38;heavy;1
2025-07-02T21:43:00+02:00;31882;42;4;91;heavy;3
2025-07-02T21:43:00+02:00;32;86;14;45;freeFlow;1
2025-07-02T21:43:00+02:00;32118;90;1;0;unknown;0
2025-07-02T21:43:00+02:00;32163_D;33;3;10;freeFlow;1
2025-07-02T21:43:00+02:00;32163_G;30;3;0;unknown;0
2025-07-02T21:43:00+02:00;32165_D;50;2;0;unknown;0
2025-07-02T21:43:00+02:00;32165_G;50;2;0;unknown;0
2025-07-02T21:43:00+02:00;32177_D;56;11;25;heavy;1
2025-07-02T21:43:00+02:00;32177_G;68;9;60;freeFlow;1
2025-07-02T21:43:00+02:00;32784_D;50;2;0;unknown;0
2025-07-02T21:43:00+02:00;32784_G;50;2;0;unknown;0
2025-07-02T21:43:00+02:00;32785;50;1;0;unknown;0
2025-07-02T21:43:00+02:00;32786;50;2;0;unknown;0
2025-07-02T21:43:00+02:00;32788;50;2;0;unknown;0
2025-07-02T21:43:00+02:00;32790;50;1;0;unknown;0
2025-07-02T21:43:00+02:00;32791;50;2;0;unknown;0
2025-07-02T21:43:00+02:00;32794;50;1;0;unknown;0
2025-07-02T21:43:00+02:00;32796;50;1;0;unknown;0
2025-07-02T21:43:00+02:00;33;85;29;45;freeFlow;1
2025-07-02T21:43:00+02:00;34;93;29;48;freeFlow;1
2025-07-02T21:43:00+02:00;34744;89;37;100;freeFlow;5
2025-07-02T21:43:00+02:00;34745;86;38;100;freeFlow;6
2025-07-02T21:43:00+02:00;34757_D;50;2;0;unknown;0
2025-07-02T21:43:00+02:00;34757_G;50;2;0;unknown;0
2025-07-02T21:43:00+02:00;34758_D;50;16;0;unknown;0
2025-07-02T21:43:00+02:00;34758_G;50;16;0;unknown;0
2025-07-02T21:43:00+02:00;35;89;59;47;freeFlow;1
2025-07-02T21:43:00+02:00;35072;81;32;100;freeFlow;6
2025-07-02T21:43:00+02:00;35077;89;47;100;freeFlow;5
2025-07-02T21:43:00+02:00;35086;88;46;100;freeFlow;7
2025-07-02T21:43:00+02:00;35092;36;7;32;heavy;1
2025-07-02T21:43:00+02:00;35096;77;21;100;freeFlow;5
2025-07-02T21:43:00+02:00;35098;89;42;100;freeFlow;5
2025-07-02T21:43:00+02:00;35103;57;14;75;freeFlow;2
2025-07-02T21:43:00+02:00;35869_D;50;1;0;unknown;0
2025-07-02T21:43:00+02:00;35869_G;50;1;0;unknown;0
2025-07-02T21:43:00+02:00;35870_D;50;11;0;unknown;0
2025-07-02T21:43:00+02:00;35870_G;50;11;0;unknown;0
2025-07-02T21:43:00+02:00;35940;30;10;0;unknown;0
2025-07-02T21:43:00+02:00;35942;30;2;0;unknown;0
2025-07-02T21:43:00+02:00;35943;30;2;0;unknown;0
2025-07-02T21:43:00+02:00;35944;30;3;0;unknown;0
2025-07-02T21:43:00+02:00;35945;30;3;0;unknown;0
2025-07-02T21:43:00+02:00;35946_D;30;2;0;unknown;0
2025-07-02T21:43:00+02:00;35946_G;30;2;0;unknown;0
2025-07-02T21:43:00+02:00;35947;30;10;0;unknown;0
2025-07-02T21:43:00+02:00;35948;30;8;0;unknown;0
2025-07-02T21:43:00+02:00;35949;30;7;0;unknown;0
2025-07-02T21:43:00+02:00;35950;30;12;0;unknown;0
2025-07-02T21:43:00+02:00;35951;30;5;0;unknown;0
2025-07-02T21:43:00+02:00;35952;30;11;0;unknown;0
2025-07-02T21:43:00+02:00;35953;50;2;0;unknown;0
2025-07-02T21:43:00+02:00;35954;50;2;0;unknown;0
2025-07-02T21:43:00+02:00;35955;50;2;0;unknown;0
2025-07-02T21:43:00+02:00;35956;50;1;0;unknown;0
2025-07-02T21:43:00+02:00;35957_D;30;2;0;unknown;0
2025-07-02T21:43:00+02:00;35957_G;30;2;0;unknown;0
2025-07-02T21:43:00+02:00;35959_D;30;2;0;unknown;0
2025-07-02T21:43:00+02:00;35959_G;30;1;0;unknown;0
2025-07-02T21:43:00+02:00;35960;30;11;0;unknown;0
2025-07-02T21:43:00+02:00;35961;30;16;0;unknown;0
2025-07-02T21:43:00+02:00;35962;30;12;0;unknown;0
2025-07-02T21:43:00+02:00;35963;30;6;0;unknown;0
2025-07-02T21:43:00+02:00;35964;30;6;0;unknown;0
2025-07-02T21:43:00+02:00;35965;30;20;0;unknown;0
2025-07-02T21:43:00+02:00;35971;30;20;0;unknown;0
2025-07-02T21:43:00+02:00;35972;30;11;0;unknown;0
2025-07-02T21:43:00+02:00;35973;30;8;0;unknown;0
2025-07-02T21:43:00+02:00;35985_D;50;1;0;unknown;0
2025-07-02T21:43:00+02:00;35985_G;50;2;0;unknown;0
2025-07-02T21:43:00+02:00;35986_D;50;14;0;unknown;0
2025-07-02T21:43:00+02:00;35986_G;50;15;0;unknown;0
2025-07-02T21:43:00+02:00;35994_D;30;1;0;unknown;0
2025-07-02T21:43:00+02:00;35994_G;30;1;0;unknown;0
2025-07-02T21:43:00+02:00;35998;36;6;0;unknown;0
2025-07-02T21:43:00+02:00;35999;43;4;60;freeFlow;1
2025-07-02T21:43:00+02:00;36000;43;5;60;freeFlow;1
2025-07-02T21:43:00+02:00;36001;50;4;0;unknown;0
2025-07-02T21:43:00+02:00;36003_D;43;1;60;freeFlow;1
2025-07-02T21:43:00+02:00;36003_G;50;1;0;unknown;0
2025-07-02T21:43:00+02:00;36004_D;57;37;60;freeFlow;1
2025-07-02T21:43:00+02:00;36004_G;50;42;0;unknown;0
2025-07-02T21:43:00+02:00;36005;34;2;60;freeFlow;1
2025-07-02T21:43:00+02:00;36006;30;3;0;unknown;0
2025-07-02T21:43:00+02:00;36007;30;2;0;unknown;0
2025-07-02T21:43:00+02:00;36010_D;34;1;60;freeFlow;1
2025-07-02T21:43:00+02:00;36010_G;30;1;0;unknown;0
2025-07-02T21:43:00+02:00;36011;33;9;60;freeFlow;1
2025-07-02T21:43:00+02:00;36012_D;30;2;0;unknown;0
2025-07-02T21:43:00+02:00;36012_G;30;2;0;unknown;0
2025-07-02T21:43:00+02:00;37200_D;37;7;75;freeFlow;2
2025-07-02T21:43:00+02:00;37200_G;22;12;60;freeFlow;1
2025-07-02T21:43:00+02:00;37201;58;4;75;freeFlow;2
2025-07-02T21:43:00+02:00;37202;42;7;100;freeFlow;3
2025-07-02T21:43:00+02:00;37203;48;11;100;freeFlow;3
2025-07-02T21:43:00+02:00;37204_D;59;1;60;freeFlow;1
2025-07-02T21:43:00+02:00;37204_G;60;2;60;freeFlow;1
2025-07-02T21:43:00+02:00;37205_D;59;3;60;freeFlow;1
2025-07-02T21:43:00+02:00;37205_G;60;3;60;freeFlow;1
2025-07-02T21:43:00+02:00;37206_D;59;8;60;freeFlow;1
2025-07-02T21:43:00+02:00;37206_G;60;8;60;freeFlow;1
2025-07-02T21:43:00+02:00;37207;59;1;60;freeFlow;1
2025-07-02T21:43:00+02:00;37208;60;2;60;freeFlow;1
2025-07-02T21:43:00+02:00;37209;59;1;60;freeFlow;1
2025-07-02T21:43:00+02:00;37210_D;59;1;60;freeFlow;1
2025-07-02T21:43:00+02:00;37210_G;60;1;60;freeFlow;1
2025-07-02T21:43:00+02:00;37211_D;59;45;60;freeFlow;1
2025-07-02T21:43:00+02:00;37211_G;60;45;60;freeFlow;1
2025-07-02T21:43:00+02:00;37239;33;6;75;freeFlow;2
2025-07-02T21:43:00+02:00;37240;29;6;75;freeFlow;2
2025-07-02T21:43:00+02:00;37241;28;6;100;freeFlow;3
2025-07-02T21:43:00+02:00;37242;30;7;60;freeFlow;1
2025-07-02T21:43:00+02:00;37243_D;59;1;60;freeFlow;1
2025-07-02T21:43:00+02:00;37243_G;50;2;0;unknown;0
2025-07-02T21:43:00+02:00;37244_D;32;2;60;freeFlow;1
2025-07-02T21:43:00+02:00;37244_G;30;2;0;unknown;0
2025-07-02T21:43:00+02:00;37246_D;18;5;75;heavy;2
2025-07-02T21:43:00+02:00;37246_G;17;5;60;heavy;1
2025-07-02T21:43:00+02:00;37422_D;50;19;0;unknown;0
2025-07-02T21:43:00+02:00;37422_G;50;19;0;unknown;0
2025-07-02T21:43:00+02:00;37467_D;50;8;0;unknown;0
2025-07-02T21:43:00+02:00;37467_G;50;8;0;unknown;0
2025-07-02T21:43:00+02:00;37508_D;50;21;60;freeFlow;1
2025-07-02T21:43:00+02:00;37508_G;50;21;0;unknown;0
2025-07-02T21:43:00+02:00;37509_D;29;3;60;heavy;1
2025-07-02T21:43:00+02:00;37509_G;50;1;0;unknown;0
2025-07-02T21:43:00+02:00;37564_D;70;22;0;unknown;0
2025-07-02T21:43:00+02:00;37564_G;70;22;0;unknown;0
2025-07-02T21:43:00+02:00;37565_D;70;12;0;unknown;0
2025-07-02T21:43:00+02:00;37565_G;70;12;0;unknown;0
2025-07-02T21:43:00+02:00;37586_D;45;1;60;freeFlow;1
2025-07-02T21:43:00+02:00;37586_G;50;1;0;unknown;0
2025-07-02T21:43:00+02:00;37588_D;70;8;0;unknown;0
2025-07-02T21:43:00+02:00;37588_G;70;8;0;unknown;0
2025-07-02T21:43:00+02:00;37620_D;67;1;0;unknown;0
2025-07-02T21:43:00+02:00;37620_G;38;2;0;unknown;0
2025-07-02T21:43:00+02:00;37621;38;5;0;unknown;0
2025-07-02T21:43:00+02:00;37622;45;5;60;freeFlow;1
2025-07-02T21:43:00+02:00;37625_D;50;18;0;unknown;0
2025-07-02T21:43:00+02:00;37625_G;50;18;0;unknown;0
2025-07-02T21:43:00+02:00;37665_D;41;2;60;freeFlow;1
2025-07-02T21:43:00+02:00;37665_G;52;2;70;freeFlow;2
2025-07-02T21:43:00+02:00;37667;60;21;75;freeFlow;2
2025-07-02T21:43:00+02:00;37668;64;6;55;freeFlow;1
2025-07-02T21:43:00+02:00;37673;67;5;75;freeFlow;2
2025-07-02T21:43:00+02:00;37686_D;30;21;0;unknown;0
2025-07-02T21:43:00+02:00;37686_G;38;17;57;freeFlow;1
2025-07-02T21:43:00+02:00;37702_D;50;5;0;unknown;0
2025-07-02T21:43:00+02:00;37702_G;31;8;60;heavy;1
2025-07-02T21:43:00+02:00;37706_D;31;2;60;heavy;1
2025-07-02T21:43:00+02:00;37706_G;50;1;0;unknown;0
2025-07-02T21:43:00+02:00;37707_D;48;1;60;freeFlow;1
2025-07-02T21:43:00+02:00;37707_G;52;1;70;freeFlow;2
2025-07-02T21:43:00+02:00;37708_D;35;27;75;freeFlow;2
2025-07-02T21:43:00+02:00;37708_G;52;18;70;freeFlow;2
2025-07-02T21:43:00+02:00;37712_D;34;6;75;freeFlow;2
2025-07-02T21:43:00+02:00;37712_G;52;4;70;freeFlow;2
2025-07-02T21:43:00+02:00;37724;27;5;75;heavy;2
2025-07-02T21:43:00+02:00;37725;32;2;99;heavy;3
2025-07-02T21:43:00+02:00;37726;29;4;75;heavy;2
2025-07-02T21:43:00+02:00;37727;41;3;57;freeFlow;1
2025-07-02T21:43:00+02:00;37728;50;2;0;unknown;0
2025-07-02T21:43:00+02:00;37729;73;77;75;freeFlow;2
2025-07-02T21:43:00+02:00;37730;77;2;60;freeFlow;1
2025-07-02T21:43:00+02:00;37732;94;39;60;freeFlow;1
2025-07-02T21:43:00+02:00;37737;83;48;75;freeFlow;2
2025-07-02T21:43:00+02:00;37738;73;1;75;freeFlow;2
2025-07-02T21:43:00+02:00;37739;57;2;100;freeFlow;3
2025-07-02T21:43:00+02:00;37740;30;5;75;heavy;2
2025-07-02T21:43:00+02:00;37741;36;1;75;heavy;2
2025-07-02T21:43:00+02:00;37742;50;3;75;freeFlow;2
2025-07-02T21:43:00+02:00;37743;44;3;75;heavy;2
2025-07-02T21:43:00+02:00;37744;57;3;100;freeFlow;4
2025-07-02T21:43:00+02:00;37745;66;1;75;freeFlow;2
2025-07-02T21:43:00+02:00;37749;91;42;70;freeFlow;3
2025-07-02T21:43:00+02:00;37750;96;28;60;freeFlow;1
2025-07-02T21:43:00+02:00;37751;70;14;0;unknown;0
2025-07-02T21:43:00+02:00;37752;105;6;20;freeFlow;1
2025-07-02T21:43:00+02:00;37753;98;27;75;freeFlow;2
2025-07-02T21:43:00+02:00;37784;50;2;0;unknown;0
2025-07-02T21:43:00+02:00;37785;50;2;0;unknown;0
2025-07-02T21:43:00+02:00;37786;40;2;20;freeFlow;1
2025-07-02T21:43:00+02:00;37787_D;70;21;0;unknown;0
2025-07-02T21:43:00+02:00;37787_G;64;24;22;freeFlow;1
2025-07-02T21:43:00+02:00;37818;87;53;75;freeFlow;2
2025-07-02T21:43:00+02:00;37819;101;55;50;freeFlow;1
2025-07-02T21:43:00+02:00;37822;95;9;75;freeFlow;2
2025-07-02T21:43:00+02:00;37826;50;1;0;unknown;0
2025-07-02T21:43:00+02:00;37827;93;0;60;freeFlow;1
2025-07-02T21:43:00+02:00;37941;96;51;47;freeFlow;5
2025-07-02T21:43:00+02:00;37947;102;7;93;freeFlow;3
2025-07-02T21:43:00+02:00;37948;98;71;81;freeFlow;3
2025-07-02T21:43:00+02:00;37949;80;87;81;freeFlow;3
2025-07-02T21:43:00+02:00;37950;98;7;75;freeFlow;2
2025-07-02T21:43:00+02:00;37970;63;22;100;freeFlow;5
2025-07-02T21:43:00+02:00;38;84;17;48;freeFlow;1
2025-07-02T21:43:00+02:00;38067;98;11;75;freeFlow;2
2025-07-02T21:43:00+02:00;38068;51;4;25;freeFlow;1
2025-07-02T21:43:00+02:00;38069;70;4;0;unknown;0
2025-07-02T21:43:00+02:00;38070;60;15;75;heavy;2
2025-07-02T21:43:00+02:00;38310;40;1;20;freeFlow;1
2025-07-02T21:43:00+02:00;38311;40;2;20;freeFlow;1
2025-07-02T21:43:00+02:00;38317;104;1;50;freeFlow;1
2025-07-02T21:43:00+02:00;38318;102;26;75;freeFlow;2
2025-07-02T21:43:00+02:00;38319;99;21;99;freeFlow;4
2025-07-02T21:43:00+02:00;38322;70;2;0;unknown;0
2025-07-02T21:43:00+02:00;38378_D;70;10;0;unknown;0
2025-07-02T21:43:00+02:00;38378_G;80;9;22;freeFlow;1
2025-07-02T21:43:00+02:00;38389_D;70;16;0;unknown;0
2025-07-02T21:43:00+02:00;38389_G;76;14;22;freeFlow;1
2025-07-02T21:43:00+02:00;39061;107;2;25;freeFlow;1
2025-07-02T21:43:00+02:00;39062;107;1;25;freeFlow;1
2025-07-02T21:43:00+02:00;39063;62;7;40;freeFlow;2
2025-07-02T21:43:00+02:00;39473;82;24;75;freeFlow;2
2025-07-02T21:43:00+02:00;39618;99;3;75;freeFlow;2
2025-07-02T21:43:00+02:00;39619;99;2;75;freeFlow;2
2025-07-02T21:43:00+02:00;39720_D;59;21;60;freeFlow;1
2025-07-02T21:43:00+02:00;39720_G;50;25;0;unknown;0
2025-07-02T21:43:00+02:00;39902_D;70;1;0;unknown;0
2025-07-02T21:43:00+02:00;39902_G;80;1;22;freeFlow;1
2025-07-02T21:43:00+02:00;39904_D;70;1;0;unknown;0
2025-07-02T21:43:00+02:00;39904_G;76;1;22;freeFlow;1
2025-07-02T21:43:00+02:00;39906_D;70;7;0;unknown;0
2025-07-02T21:43:00+02:00;39906_G;76;6;22;freeFlow;1
2025-07-02T21:43:00+02:00;40185_D;79;2;10;freeFlow;1
2025-07-02T21:43:00+02:00;40185_G;74;0;60;freeFlow;1
2025-07-02T21:43:00+02:00;40201;50;0;0;unknown;0
2025-07-02T21:43:00+02:00;40202;33;2;35;heavy;1
2025-07-02T21:43:00+02:00;40203;107;1;27;freeFlow;1
2025-07-02T21:43:00+02:00;40212_D;68;2;30;freeFlow;1
2025-07-02T21:43:00+02:00;40212_G;93;1;60;freeFlow;1
2025-07-02T21:43:00+02:00;40213_D;65;1;27;freeFlow;1
2025-07-02T21:43:00+02:00;40213_G;108;0;60;freeFlow;1
2025-07-02T21:43:00+02:00;41631_D;30;7;0;unknown;0
2025-07-02T21:43:00+02:00;41631_G;30;7;0;unknown;0
2025-07-02T21:43:00+02:00;41632_D;30;5;0;unknown;0
2025-07-02T21:43:00+02:00;41632_G;30;4;0;unknown;0
2025-07-02T21:43:00+02:00;41652_D;50;4;0;unknown;0
2025-07-02T21:43:00+02:00;41683_D;70;15;0;unknown;0
2025-07-02T21:43:00+02:00;41683_G;70;15;0;unknown;0
2025-07-02T21:43:00+02:00;41709_D;30;15;0;unknown;0
2025-07-02T21:43:00+02:00;41709_G;30;15;0;unknown;0
2025-07-02T21:43:00+02:00;41712_D;30;7;0;unknown;0
2025-07-02T21:43:00+02:00;41712_G;30;7;0;unknown;0
2025-07-02T21:43:00+02:00;41713_D;30;4;0;unknown;0
2025-07-02T21:43:00+02:00;41713_G;30;4;0;unknown;0
2025-07-02T21:43:00+02:00;41729;50;2;0;unknown;0
2025-07-02T21:43:00+02:00;41730;50;1;0;unknown;0
2025-07-02T21:43:00+02:00;41731;50;1;0;unknown;0
2025-07-02T21:43:00+02:00;41753_D;30;6;0;unknown;0
2025-07-02T21:43:00+02:00;41753_G;30;6;0;unknown;0
2025-07-02T21:43:00+02:00;41764_D;30;2;0;unknown;0
2025-07-02T21:43:00+02:00;41764_G;30;2;0;unknown;0
2025-07-02T21:43:00+02:00;41781;50;1;0;unknown;0
2025-07-02T21:43:00+02:00;41782;50;2;0;unknown;0
2025-07-02T21:43:00+02:00;41783;38;2;73;freeFlow;2
2025-07-02T21:43:00+02:00;41784;38;2;73;freeFlow;2
2025-07-02T21:43:00+02:00;41809_D;30;8;0;unknown;0
2025-07-02T21:43:00+02:00;41809_G;30;8;0;unknown;0
2025-07-02T21:43:00+02:00;41810_D;30;2;0;unknown;0
2025-07-02T21:43:00+02:00;41810_G;30;2;0;unknown;0
2025-07-02T21:43:00+02:00;41811_D;30;8;0;unknown;0
2025-07-02T21:43:00+02:00;41811_G;30;8;0;unknown;0
2025-07-02T21:43:00+02:00;41812_D;30;6;0;unknown;0
2025-07-02T21:43:00+02:00;41812_G;30;6;0;unknown;0
2025-07-02T21:43:00+02:00;41813_D;30;5;0;unknown;0
2025-07-02T21:43:00+02:00;41813_G;30;5;0;unknown;0
2025-07-02T21:43:00+02:00;41814_D;30;7;0;unknown;0
2025-07-02T21:43:00+02:00;41814_G;30;7;0;unknown;0
2025-07-02T21:43:00+02:00;41815_D;30;6;0;unknown;0
2025-07-02T21:43:00+02:00;41815_G;30;7;0;unknown;0
2025-07-02T21:43:00+02:00;41817_D;30;6;0;unknown;0
2025-07-02T21:43:00+02:00;41817_G;30;6;0;unknown;0
2025-07-02T21:43:00+02:00;41818_D;30;3;0;unknown;0
2025-07-02T21:43:00+02:00;41818_G;30;2;0;unknown;0
2025-07-02T21:43:00+02:00;42028;50;10;0;unknown;0
2025-07-02T21:43:00+02:00;42029;55;27;73;freeFlow;2
2025-07-02T21:43:00+02:00;42030;50;30;0;unknown;0
2025-07-02T21:43:00+02:00;42031;56;27;73;freeFlow;2
2025-07-02T21:43:00+02:00;42047;70;5;0;unknown;0
2025-07-02T21:43:00+02:00;42049;50;2;0;unknown;0
2025-07-02T21:43:00+02:00;42050;90;1;0;unknown;0
2025-07-02T21:43:00+02:00;42051;90;6;0;unknown;0
2025-07-02T21:43:00+02:00;42125_D;50;23;0;unknown;0
2025-07-02T21:43:00+02:00;42125_G;50;23;0;unknown;0
2025-07-02T21:43:00+02:00;42134;82;29;57;freeFlow;1
2025-07-02T21:43:00+02:00;42135;73;37;63;freeFlow;2
2025-07-02T21:43:00+02:00;42206_D;50;19;0;unknown;0
2025-07-02T21:43:00+02:00;42238_D;50;7;0;unknown;0
2025-07-02T21:43:00+02:00;42257;90;6;0;unknown;0
2025-07-02T21:43:00+02:00;42273_D;30;6;0;unknown;0
2025-07-02T21:43:00+02:00;42273_G;30;6;0;unknown;0
2025-07-02T21:43:00+02:00;42293_D;30;2;0;unknown;0
2025-07-02T21:43:00+02:00;42293_G;30;2;0;unknown;0
2025-07-02T21:43:00+02:00;42307_D;50;15;0;unknown;0
2025-07-02T21:43:00+02:00;42307_G;50;15;0;unknown;0
2025-07-02T21:43:00+02:00;42359;90;7;0;unknown;0
2025-07-02T21:43:00+02:00;42375;50;1;0;unknown;0
2025-07-02T21:43:00+02:00;42378_D;30;1;0;unknown;0
2025-07-02T21:43:00+02:00;42378_G;30;2;0;unknown;0
2025-07-02T21:43:00+02:00;42379;96;28;60;freeFlow;1
2025-07-02T21:43:00+02:00;42383;50;1;0;unknown;0
2025-07-02T21:43:00+02:00;42384;50;1;0;unknown;0
2025-07-02T21:43:00+02:00;42385;33;2;60;heavy;1
2025-07-02T21:43:00+02:00;42386;33;2;60;heavy;1
2025-07-02T21:43:00+02:00;42387;79;3;57;freeFlow;1
2025-07-02T21:43:00+02:00;42388;49;2;57;freeFlow;1
2025-07-02T21:43:00+02:00;42389;49;3;57;freeFlow;1
2025-07-02T21:43:00+02:00;42390;52;2;73;freeFlow;2
2025-07-02T21:43:00+02:00;42391;50;2;0;unknown;0
2025-07-02T21:43:00+02:00;42392;50;2;0;unknown;0
2025-07-02T21:43:00+02:00;42399;87;3;57;freeFlow;1
2025-07-02T21:43:00+02:00;42401_D;50;26;0;unknown;0
2025-07-02T21:43:00+02:00;42401_G;50;26;0;unknown;0
2025-07-02T21:43:00+02:00;42572;50;1;0;unknown;0
2025-07-02T21:43:00+02:00;42573;49;1;57;freeFlow;1
2025-07-02T21:43:00+02:00;42580;88;1;57;freeFlow;1
2025-07-02T21:43:00+02:00;42595_D;30;6;0;unknown;0
2025-07-02T21:43:00+02:00;42595_G;30;6;0;unknown;0
2025-07-02T21:43:00+02:00;42603;50;11;0;unknown;0
2025-07-02T21:43:00+02:00;42663_D;50;5;0;unknown;0
2025-07-02T21:43:00+02:00;42663_G;50;5;0;unknown;0
2025-07-02T21:43:00+02:00;42681_D;70;13;0;unknown;0
2025-07-02T21:43:00+02:00;42681_G;70;13;0;unknown;0
2025-07-02T21:43:00+02:00;42684_D;30;2;0;unknown;0
2025-07-02T21:43:00+02:00;42684_G;30;2;0;unknown;0
2025-07-02T21:43:00+02:00;42685;73;36;70;freeFlow;2
2025-07-02T21:43:00+02:00;42709_D;50;19;0;unknown;0
2025-07-02T21:43:00+02:00;42709_G;50;18;0;unknown;0
2025-07-02T21:43:00+02:00;42777_D;50;3;0;unknown;0
2025-07-02T21:43:00+02:00;42777_G;50;3;0;unknown;0
2025-07-02T21:43:00+02:00;42778_D;50;1;0;unknown;0
2025-07-02T21:43:00+02:00;42778_G;50;1;0;unknown;0
2025-07-02T21:43:00+02:00;42779;50;2;0;unknown;0
2025-07-02T21:43:00+02:00;42780_D;50;8;0;unknown;0
2025-07-02T21:43:00+02:00;42780_G;50;8;0;unknown;0
2025-07-02T21:43:00+02:00;42938_D;40;7;40;freeFlow;1
2025-07-02T21:43:00+02:00;42938_G;28;11;0;unknown;0
2025-07-02T21:43:00+02:00;42939_D;38;6;40;freeFlow;1
2025-07-02T21:43:00+02:00;42939_G;50;4;0;unknown;0
2025-07-02T21:43:00+02:00;42940_D;9;50;42;congested;1
2025-07-02T21:43:00+02:00;42940_G;28;15;27;heavy;1
2025-07-02T21:43:00+02:00;42941_D;24;5;55;heavy;2
2025-07-02T21:43:00+02:00;42941_G;21;7;27;heavy;1
2025-07-02T21:43:00+02:00;42947_D;16;28;30;heavy;1
2025-07-02T21:43:00+02:00;42947_G;50;9;0;unknown;0
2025-07-02T21:43:00+02:00;42948_D;50;5;0;unknown;0
2025-07-02T21:43:00+02:00;42948_G;35;7;0;unknown;0
2025-07-02T21:43:00+02:00;42949_D;50;5;0;unknown;0
2025-07-02T21:43:00+02:00;42949_G;38;7;0;unknown;0
2025-07-02T21:43:00+02:00;42978_D;50;11;0;unknown;0
2025-07-02T21:43:00+02:00;42978_G;50;11;0;unknown;0
2025-07-02T21:43:00+02:00;42979_D;50;3;0;unknown;0
2025-07-02T21:43:00+02:00;42979_G;50;3;0;unknown;0
2025-07-02T21:43:00+02:00;42983_D;34;11;40;heavy;1
2025-07-02T21:43:00+02:00;42983_G;50;8;0;unknown;0
2025-07-02T21:43:00+02:00;42999_D;50;12;0;unknown;0
2025-07-02T21:43:00+02:00;42999_G;50;12;0;unknown;0
2025-07-02T21:43:00+02:00;43000_D;50;5;0;unknown;0
2025-07-02T21:43:00+02:00;43000_G;50;5;0;unknown;0
2025-07-02T21:43:00+02:00;43001_D;50;4;0;unknown;0
2025-07-02T21:43:00+02:00;43001_G;47;4;42;freeFlow;1
2025-07-02T21:43:00+02:00;43003_D;23;7;45;heavy;1
2025-07-02T21:43:00+02:00;43003_G;24;6;45;heavy;1
2025-07-02T21:43:00+02:00;43027_D;33;8;40;heavy;1
2025-07-02T21:43:00+02:00;43027_G;23;11;27;heavy;1
2025-07-02T21:43:00+02:00;43029_D;50;8;0;unknown;0
2025-07-02T21:43:00+02:00;43029_G;48;8;0;unknown;0
2025-07-02T21:43:00+02:00;43046_D;50;6;0;unknown;0
2025-07-02T21:43:00+02:00;43046_G;50;6;0;unknown;0
2025-07-02T21:43:00+02:00;43047_D;50;4;0;unknown;0
2025-07-02T21:43:00+02:00;43047_G;50;3;0;unknown;0
2025-07-02T21:43:00+02:00;43048_D;50;5;0;unknown;0
2025-07-02T21:43:00+02:00;43048_G;50;5;0;unknown;0
2025-07-02T21:43:00+02:00;43049_D;30;4;0;unknown;0
2025-07-02T21:43:00+02:00;43049_G;30;4;0;unknown;0
2025-07-02T21:43:00+02:00;43050_D;50;3;0;unknown;0
2025-07-02T21:43:00+02:00;43050_G;50;3;0;unknown;0
2025-07-02T21:43:00+02:00;43099;31;3;60;heavy;1
2025-07-02T21:43:00+02:00;43352_G;30;16;0;unknown;0
2025-07-02T21:43:00+02:00;43451_D;30;15;0;unknown;0
2025-07-02T21:43:00+02:00;43481;50;14;0;unknown;0
2025-07-02T21:43:00+02:00;43627;29;22;50;heavy;1
2025-07-02T21:43:00+02:00;43658_D;50;4;0;unknown;0
2025-07-02T21:43:00+02:00;43658_G;50;4;0;unknown;0
2025-07-02T21:43:00+02:00;43718_D;50;3;0;unknown;0
2025-07-02T21:43:00+02:00;43718_G;50;3;0;unknown;0
2025-07-02T21:43:00+02:00;43719_D;50;9;0;unknown;0
2025-07-02T21:43:00+02:00;43719_G;50;9;0;unknown;0
2025-07-02T21:43:00+02:00;43720_D;50;4;0;unknown;0
2025-07-02T21:43:00+02:00;43720_G;50;4;0;unknown;0
2025-07-02T21:43:00+02:00;43724_D;50;8;0;unknown;0
2025-07-02T21:43:00+02:00;43724_G;50;8;0;unknown;0
2025-07-02T21:43:00+02:00;43733_D;50;4;0;unknown;0
2025-07-02T21:43:00+02:00;43733_G;35;6;45;freeFlow;1
2025-07-02T21:43:00+02:00;43736_D;50;4;0;unknown;0
2025-07-02T21:43:00+02:00;43736_G;50;4;0;unknown;0
2025-07-02T21:43:00+02:00;43739_D;50;6;0;unknown;0
2025-07-02T21:43:00+02:00;43739_G;50;7;0;unknown;0
2025-07-02T21:43:00+02:00;43740_D;50;6;0;unknown;0
2025-07-02T21:43:00+02:00;43740_G;50;6;0;unknown;0
2025-07-02T21:43:00+02:00;43741_D;50;1;0;unknown;0
2025-07-02T21:43:00+02:00;43741_G;50;0;0;unknown;0
2025-07-02T21:43:00+02:00;43742_D;50;7;0;unknown;0
2025-07-02T21:43:00+02:00;43742_G;50;7;0;unknown;0
2025-07-02T21:43:00+02:00;43743_G;50;25;0;unknown;0
2025-07-02T21:43:00+02:00;43744_D;50;5;0;unknown;0
2025-07-02T21:43:00+02:00;43744_G;50;5;0;unknown;0
2025-07-02T21:43:00+02:00;43748;30;7;0;unknown;0
2025-07-02T21:43:00+02:00;43757;50;2;0;unknown;0
2025-07-02T21:43:00+02:00;43758;50;6;0;unknown;0
2025-07-02T21:43:00+02:00;43786_D;29;21;60;heavy;2
2025-07-02T21:43:00+02:00;43786_G;21;30;27;heavy;1
2025-07-02T21:43:00+02:00;43787_D;28;5;45;heavy;1
2025-07-02T21:43:00+02:00;43787_G;21;6;25;heavy;1
2025-07-02T21:43:00+02:00;43788_D;28;4;45;heavy;1
2025-07-02T21:43:00+02:00;43788_G;28;3;22;heavy;1
2025-07-02T21:43:00+02:00;43789_D;28;10;45;heavy;1
2025-07-02T21:43:00+02:00;43789_G;30;9;22;heavy;1
2025-07-02T21:43:00+02:00;43790_D;16;14;63;heavy;2
2025-07-02T21:43:00+02:00;43790_G;12;19;38;congested;2
2025-07-02T21:43:00+02:00;43791_D;12;11;63;congested;2
2025-07-02T21:43:00+02:00;43791_G;42;3;22;freeFlow;1
2025-07-02T21:43:00+02:00;43792_D;28;12;48;heavy;1
2025-07-02T21:43:00+02:00;43792_G;50;6;0;unknown;0
2025-07-02T21:43:00+02:00;43814_D;50;14;0;unknown;0
2025-07-02T21:43:00+02:00;43814_G;50;14;0;unknown;0
2025-07-02T21:43:00+02:00;43815_D;50;7;0;unknown;0
2025-07-02T21:43:00+02:00;43815_G;50;7;0;unknown;0
2025-07-02T21:43:00+02:00;43817_D;50;14;0;unknown;0
2025-07-02T21:43:00+02:00;43817_G;50;14;0;unknown;0
2025-07-02T21:43:00+02:00;43819;11;41;90;heavy;3
2025-07-02T21:43:00+02:00;43821;50;5;0;unknown;0
2025-07-02T21:43:00+02:00;43828_D;28;20;45;heavy;1
2025-07-02T21:43:00+02:00;43828_G;12;44;25;congested;1
2025-07-02T21:43:00+02:00;43835_D;50;7;0;unknown;0
2025-07-02T21:43:00+02:00;43835_G;50;7;0;unknown;0
2025-07-02T21:43:00+02:00;43836;50;10;0;unknown;0
2025-07-02T21:43:00+02:00;43871_D;50;4;0;unknown;0
2025-07-02T21:43:00+02:00;43871_G;28;7;10;heavy;1
2025-07-02T21:43:00+02:00;43872_D;50;4;0;unknown;0
2025-07-02T21:43:00+02:00;43872_G;37;6;0;unknown;0
2025-07-02T21:43:00+02:00;43873_D;50;5;0;unknown;0
2025-07-02T21:43:00+02:00;43873_G;42;6;0;unknown;0
2025-07-02T21:43:00+02:00;43925_D;50;5;0;unknown;0
2025-07-02T21:43:00+02:00;43925_G;50;5;0;unknown;0
2025-07-02T21:43:00+02:00;43937_D;50;6;0;unknown;0
2025-07-02T21:43:00+02:00;43937_G;22;14;0;unknown;0
2025-07-02T21:43:00+02:00;43938_D;50;20;0;unknown;0
2025-07-02T21:43:00+02:00;43938_G;50;20;0;unknown;0
2025-07-02T21:43:00+02:00;43972;50;7;0;unknown;0
2025-07-02T21:43:00+02:00;43974;50;10;0;unknown;0
2025-07-02T21:43:00+02:00;43975;50;4;0;unknown;0
2025-07-02T21:43:00+02:00;44002_D;42;10;60;freeFlow;1
2025-07-02T21:43:00+02:00;44002_G;34;13;48;heavy;1
2025-07-02T21:43:00+02:00;44003_D;51;8;60;freeFlow;1
2025-07-02T21:43:00+02:00;44012;50;13;0;unknown;0
2025-07-02T21:43:00+02:00;44017_D;35;4;60;heavy;1
2025-07-02T21:43:00+02:00;44018_D;39;15;60;freeFlow;1
2025-07-02T21:43:00+02:00;44028;50;5;0;unknown;0
2025-07-02T21:43:00+02:00;44036_D;42;3;60;freeFlow;1
2025-07-02T21:43:00+02:00;44036_G;40;3;48;freeFlow;1
2025-07-02T21:43:00+02:00;44066;50;4;0;unknown;0
2025-07-02T21:43:00+02:00;44067;50;15;0;unknown;0
2025-07-02T21:43:00+02:00;44069;62;3;45;freeFlow;1
2025-07-02T21:43:00+02:00;44084_D;50;5;0;unknown;0
2025-07-02T21:43:00+02:00;44084_G;50;5;0;unknown;0
2025-07-02T21:43:00+02:00;44089_D;50;6;0;unknown;0
2025-07-02T21:43:00+02:00;44089_G;50;6;0;unknown;0
2025-07-02T21:43:00+02:00;44090_D;50;5;0;unknown;0
2025-07-02T21:43:00+02:00;44090_G;50;5;0;unknown;0
2025-07-02T21:43:00+02:00;44131;50;12;0;unknown;0
2025-07-02T21:43:00+02:00;44134;50;9;0;unknown;0
2025-07-02T21:43:00+02:00;44165_D;37;6;60;freeFlow;1
2025-07-02T21:43:00+02:00;44165_G;50;5;0;unknown;0
2025-07-02T21:43:00+02:00;44198_D;50;14;0;unknown;0
2025-07-02T21:43:00+02:00;44198_G;50;14;0;unknown;0
2025-07-02T21:43:00+02:00;44199_D;50;5;0;unknown;0
2025-07-02T21:43:00+02:00;44199_G;50;5;0;unknown;0
2025-07-02T21:43:00+02:00;44231_D;43;6;63;freeFlow;2
2025-07-02T21:43:00+02:00;44231_G;58;4;73;freeFlow;2
2025-07-02T21:43:00+02:00;44232_D;30;7;60;heavy;1
2025-07-02T21:43:00+02:00;44232_G;24;9;73;heavy;2
2025-07-02T21:43:00+02:00;44234_D;34;10;97;heavy;3
2025-07-02T21:43:00+02:00;44234_G;39;9;70;freeFlow;2
2025-07-02T21:43:00+02:00;44259_D;26;4;25;heavy;1
2025-07-02T21:43:00+02:00;44259_G;50;2;0;unknown;0
2025-07-02T21:43:00+02:00;44260;19;21;25;heavy;1
2025-07-02T21:43:00+02:00;44261_D;18;25;27;heavy;1
2025-07-02T21:43:00+02:00;44261_G;105;4;20;freeFlow;1
2025-07-02T21:43:00+02:00;44293;50;5;0;unknown;0
2025-07-02T21:43:00+02:00;44303_D;50;2;0;unknown;0
2025-07-02T21:43:00+02:00;44303_G;50;2;0;unknown;0
2025-07-02T21:43:00+02:00;44304_D;19;25;25;heavy;1
2025-07-02T21:43:00+02:00;44304_G;50;9;0;unknown;0
2025-07-02T21:43:00+02:00;44322_D;50;44;60;freeFlow;1
2025-07-02T21:43:00+02:00;44322_G;54;41;73;freeFlow;2
2025-07-02T21:43:00+02:00;44328;50;10;0;unknown;0
2025-07-02T21:43:00+02:00;44583_D;30;12;32;heavy;1
2025-07-02T21:43:00+02:00;44583_G;50;7;0;unknown;0
2025-07-02T21:43:00+02:00;44584_D;50;10;0;unknown;0
2025-07-02T21:43:00+02:00;44584_G;50;10;0;unknown;0
2025-07-02T21:43:00+02:00;44632_D;37;27;60;freeFlow;1
2025-07-02T21:43:00+02:00;44632_G;50;20;0;unknown;0
2025-07-02T21:43:00+02:00;44694_D;50;12;0;unknown;0
2025-07-02T21:43:00+02:00;44694_G;49;12;42;freeFlow;1
2025-07-02T21:43:00+02:00;44695_D;50;2;0;unknown;0
2025-07-02T21:43:00+02:00;44695_G;49;2;42;freeFlow;1
2025-07-02T21:43:00+02:00;44711_D;50;13;0;unknown;0
2025-07-02T21:43:00+02:00;44711_G;50;13;0;unknown;0
2025-07-02T21:43:00+02:00;44712_D;50;5;0;unknown;0
2025-07-02T21:43:00+02:00;44712_G;49;5;42;freeFlow;1
2025-07-02T21:43:00+02:00;44714_D;50;1;0;unknown;0
2025-07-02T21:43:00+02:00;44714_G;7;8;12;congested;1
2025-07-02T21:43:00+02:00;44736_D;50;2;0;unknown;0
2025-07-02T21:43:00+02:00;44736_G;50;2;0;unknown;0
2025-07-02T21:43:00+02:00;44868;90;5;57;freeFlow;1
2025-07-02T21:43:00+02:00;44873;50;3;0;unknown;0
2025-07-02T21:43:00+02:00;44874;61;6;27;freeFlow;1
2025-07-02T21:43:00+02:00;44875;50;8;0;unknown;0
2025-07-02T21:43:00+02:00;44877;44;9;27;freeFlow;1
2025-07-02T21:43:00+02:00;44878;70;13;0;unknown;0
2025-07-02T21:43:00+02:00;44880;107;14;55;freeFlow;1
2025-07-02T21:43:00+02:00;44882;102;10;55;freeFlow;1
2025-07-02T21:43:00+02:00;44884;98;14;60;freeFlow;1
2025-07-02T21:43:00+02:00;44900;76;20;60;freeFlow;1
2025-07-02T21:43:00+02:00;44902_D;50;33;0;unknown;0
2025-07-02T21:43:00+02:00;44902_G;50;33;0;unknown;0
2025-07-02T21:43:00+02:00;44905;57;12;27;freeFlow;1
2025-07-02T21:43:00+02:00;44920;72;3;60;freeFlow;1
2025-07-02T21:43:00+02:00;44942;63;18;57;freeFlow;1
2025-07-02T21:43:00+02:00;44948;102;10;55;freeFlow;1
2025-07-02T21:43:00+02:00;44961;34;9;60;freeFlow;1
2025-07-02T21:43:00+02:00;44962;30;8;0;unknown;0
2025-07-02T21:43:00+02:00;44963;62;2;45;freeFlow;1
2025-07-02T21:43:00+02:00;44966;77;13;55;freeFlow;1
2025-07-02T21:43:00+02:00;44974;51;3;75;freeFlow;2
2025-07-02T21:43:00+02:00;45012_D;39;1;75;freeFlow;2
2025-07-02T21:43:00+02:00;45012_G;35;2;75;freeFlow;2
2025-07-02T21:43:00+02:00;45028_D;38;23;63;freeFlow;2
2025-07-02T21:43:00+02:00;45028_G;38;23;75;freeFlow;2
2025-07-02T21:43:00+02:00;45029_D;43;8;63;freeFlow;2
2025-07-02T21:43:00+02:00;45029_G;49;7;74;freeFlow;2
2025-07-02T21:43:00+02:00;45106_D;23;6;60;heavy;1
2025-07-02T21:43:00+02:00;45106_G;35;4;75;freeFlow;2
2025-07-02T21:43:00+02:00;45136_D;50;16;0;unknown;0
2025-07-02T21:43:00+02:00;45149;90;6;57;freeFlow;1
2025-07-02T21:43:00+02:00;45166;107;0;57;freeFlow;1
2025-07-02T21:43:00+02:00;45169;50;2;0;unknown;0
2025-07-02T21:43:00+02:00;45236_G;50;10;0;unknown;0
2025-07-02T21:43:00+02:00;45238;50;12;0;unknown;0
2025-07-02T21:43:00+02:00;45239;30;16;0;unknown;0
2025-07-02T21:43:00+02:00;45240;90;6;0;unknown;0
2025-07-02T21:43:00+02:00;45241;90;1;0;unknown;0
2025-07-02T21:43:00+02:00;45305;90;3;0;unknown;0
2025-07-02T21:43:00+02:00;45306;90;7;0;unknown;0
2025-07-02T21:43:00+02:00;45327;64;9;75;freeFlow;2
2025-07-02T21:43:00+02:00;45486_D;45;4;12;freeFlow;1
2025-07-02T21:43:00+02:00;45487_D;39;6;12;freeFlow;1
2025-07-02T21:43:00+02:00;45630;80;14;93;freeFlow;5
2025-07-02T21:43:00+02:00;45645_D;45;12;48;freeFlow;1
2025-07-02T21:43:00+02:00;45651;50;3;0;unknown;0
2025-07-02T21:43:00+02:00;45761_D;6;52;45;congested;1
2025-07-02T21:43:00+02:00;45865_D;50;7;0;unknown;0
2025-07-02T21:43:00+02:00;46053_D;29;13;27;heavy;1
2025-07-02T21:43:00+02:00;46056_D;16;7;30;heavy;1
2025-07-02T21:43:00+02:00;46061;65;3;27;freeFlow;1
2025-07-02T21:43:00+02:00;46567_D;50;2;0;unknown;0
2025-07-02T21:43:00+02:00;46642;50;5;0;unknown;0
2025-07-02T21:43:00+02:00;46771;83;10;100;freeFlow;4
2025-07-02T21:43:00+02:00;46821_D;31;26;60;heavy;1
2025-07-02T21:43:00+02:00;46821_G;50;16;0;unknown;0
2025-07-02T21:43:00+02:00;46923_D;23;1;60;freeFlow;1
2025-07-02T21:43:00+02:00;46923_G;30;1;0;unknown;0
2025-07-02T21:43:00+02:00;46976;50;4;0;unknown;0
2025-07-02T21:43:00+02:00;47029;20;19;40;heavy;1
2025-07-02T21:43:00+02:00;47061;88;21;100;freeFlow;4
2025-07-02T21:43:00+02:00;47239;91;6;100;freeFlow;4
2025-07-02T21:43:00+02:00;47410;90;15;0;unknown;0
2025-07-02T21:43:00+02:00;47411;105;12;20;freeFlow;1
2025-07-02T21:43:00+02:00;47412;70;0;0;unknown;0
2025-07-02T21:43:00+02:00;47413;19;24;40;congested;1
2025-07-02T21:43:00+02:00;47414;24;2;40;heavy;1
2025-07-02T21:43:00+02:00;47416;90;13;0;unknown;0
2025-07-02T21:43:00+02:00;47418;2;875;60;congested;1
2025-07-02T21:43:00+02:00;47420;70;13;0;unknown;0
2025-07-02T21:43:00+02:00;47476;28;21;38;heavy;1
2025-07-02T21:43:00+02:00;47477;34;5;40;heavy;1
2025-07-02T21:43:00+02:00;47479;70;14;0;unknown;0
2025-07-02T21:43:00+02:00;47480;90;50;0;unknown;0
2025-07-02T21:43:00+02:00;47481;5;866;39;congested;4
2025-07-02T21:43:00+02:00;47537_D;18;17;45;heavy;1
2025-07-02T21:43:00+02:00;47537_G;28;11;38;heavy;2
2025-07-02T21:43:00+02:00;47742_D;35;7;60;heavy;1
2025-07-02T21:43:00+02:00;48758;50;2;0;unknown;0
2025-07-02T21:43:00+02:00;48759;39;2;60;freeFlow;1
2025-07-02T21:43:00+02:00;48920_D;50;5;0;unknown;0
2025-07-02T21:43:00+02:00;48920_G;45;5;0;unknown;0
2025-07-02T21:43:00+02:00;489866_D;45;3;15;freeFlow;1
2025-07-02T21:43:00+02:00;489970;57;16;95;freeFlow;3
2025-07-02T21:43:00+02:00;489971;70;2;0;unknown;0
2025-07-02T21:43:00+02:00;489972;49;9;75;heavy;2
2025-07-02T21:43:00+02:00;490059_D;70;13;0;unknown;0
2025-07-02T21:43:00+02:00;490059_G;70;13;0;unknown;0
2025-07-02T21:43:00+02:00;490080_D;50;1;0;unknown;0
2025-07-02T21:43:00+02:00;490080_G;50;1;0;unknown;0
2025-07-02T21:43:00+02:00;49026;45;2;57;freeFlow;1
2025-07-02T21:43:00+02:00;49053;12;44;0;unknown;0
2025-07-02T21:43:00+02:00;490823;105;7;20;freeFlow;1
2025-07-02T21:43:00+02:00;490824;70;5;0;unknown;0
2025-07-02T21:43:00+02:00;490825;75;10;57;freeFlow;1
2025-07-02T21:43:00+02:00;490827;78;5;57;freeFlow;1
2025-07-02T21:43:00+02:00;490828_D;33;15;75;freeFlow;2
2025-07-02T21:43:00+02:00;490828_G;105;5;20;freeFlow;1
2025-07-02T21:43:00+02:00;491005_D;43;3;63;freeFlow;2
2025-07-02T21:43:00+02:00;491005_G;58;2;73;freeFlow;2
2025-07-02T21:43:00+02:00;491126_D;14;29;75;heavy;2
2025-07-02T21:43:00+02:00;491126_G;105;4;20;freeFlow;1
2025-07-02T21:43:00+02:00;491135;29;5;75;heavy;2
2025-07-02T21:43:00+02:00;491141;21;4;75;heavy;2
2025-07-02T21:43:00+02:00;491300_D;29;22;30;heavy;1
2025-07-02T21:43:00+02:00;491300_G;105;6;20;freeFlow;1
2025-07-02T21:43:00+02:00;491308;50;1;0;unknown;0
2025-07-02T21:43:00+02:00;491320_D;40;7;25;freeFlow;1
2025-07-02T21:43:00+02:00;491320_G;50;6;0;unknown;0
2025-07-02T21:43:00+02:00;491326_D;38;14;25;freeFlow;1
2025-07-02T21:43:00+02:00;491326_G;50;11;0;unknown;0
2025-07-02T21:43:00+02:00;491329_D;22;10;27;heavy;1
2025-07-02T21:43:00+02:00;491329_G;50;4;0;unknown;0
2025-07-02T21:43:00+02:00;491490;50;4;0;unknown;0
2025-07-02T21:43:00+02:00;491714_D;25;10;60;freeFlow;1
2025-07-02T21:43:00+02:00;491714_G;30;8;0;unknown;0
2025-07-02T21:43:00+02:00;491735_D;26;4;60;freeFlow;1
2025-07-02T21:43:00+02:00;491735_G;30;5;0;unknown;0
2025-07-02T21:43:00+02:00;491794_D;50;3;0;unknown;0
2025-07-02T21:43:00+02:00;491794_G;38;4;20;freeFlow;1
2025-07-02T21:43:00+02:00;491872;48;14;60;freeFlow;1
2025-07-02T21:43:00+02:00;491877;36;3;60;freeFlow;1
2025-07-02T21:43:00+02:00;491881;36;1;60;freeFlow;1
2025-07-02T21:43:00+02:00;491884;50;1;0;unknown;0
2025-07-02T21:43:00+02:00;491888;80;11;0;unknown;0
2025-07-02T21:43:00+02:00;491890;50;1;0;unknown;0
2025-07-02T21:43:00+02:00;491917;70;2;0;unknown;0
2025-07-02T21:43:00+02:00;49225_D;50;6;0;unknown;0
2025-07-02T21:43:00+02:00;49225_G;34;9;42;heavy;1
2025-07-02T21:43:00+02:00;492315_D;50;29;0;unknown;0
2025-07-02T21:43:00+02:00;492315_G;50;29;0;unknown;0
2025-07-02T21:43:00+02:00;492351_D;41;3;15;freeFlow;1
2025-07-02T21:43:00+02:00;492359_G;35;7;12;heavy;1
2025-07-02T21:43:00+02:00;492437;46;4;75;freeFlow;2
2025-07-02T21:43:00+02:00;492442;55;1;75;freeFlow;2
2025-07-02T21:43:00+02:00;492445_D;38;16;75;freeFlow;2
2025-07-02T21:43:00+02:00;492478;24;6;75;heavy;2
2025-07-02T21:43:00+02:00;492492;70;5;0;unknown;0
2025-07-02T21:43:00+02:00;49315_D;32;6;55;heavy;2
2025-07-02T21:43:00+02:00;49315_G;21;9;27;heavy;1
2025-07-02T21:43:00+02:00;49943_D;50;14;0;unknown;0
2025-07-02T21:43:00+02:00;49943_G;50;14;0;unknown;0
2025-07-02T21:43:00+02:00;49947;24;8;55;heavy;1
2025-07-02T21:43:00+02:00;49958_D;50;5;0;unknown;0
2025-07-02T21:43:00+02:00;49958_G;49;6;42;freeFlow;1
2025-07-02T21:43:00+02:00;50308_D;26;10;17;heavy;1
2025-07-02T21:43:00+02:00;50441;40;6;42;freeFlow;1
2025-07-02T21:43:00+02:00;50525;50;4;0;unknown;0
2025-07-02T21:43:00+02:00;50571;50;2;0;unknown;0
2025-07-02T21:43:00+02:00;50625;50;4;0;unknown;0
2025-07-02T21:43:00+02:00;5064_D;33;16;38;heavy;1
2025-07-02T21:43:00+02:00;5064_G;73;7;60;freeFlow;1
2025-07-02T21:43:00+02:00;51419;50;15;0;unknown;0
2025-07-02T21:43:00+02:00;51474_D;28;1;45;heavy;1
2025-07-02T21:43:00+02:00;51474_G;3;19;53;congested;2
2025-07-02T21:43:00+02:00;51798;21;4;38;heavy;1
2025-07-02T21:43:00+02:00;52107_D;46;10;60;freeFlow;1
2025-07-02T21:43:00+02:00;52107_G;50;10;0;unknown;0
2025-07-02T21:43:00+02:00;52129;50;6;0;unknown;0
2025-07-02T21:43:00+02:00;52835_D;50;3;0;unknown;0
2025-07-02T21:43:00+02:00;53020_D;35;3;60;heavy;1
2025-07-02T21:43:00+02:00;53327_D;50;7;60;freeFlow;1
2025-07-02T21:43:00+02:00;53327_G;60;6;60;freeFlow;1
2025-07-02T21:43:00+02:00;53411_G;50;7;0;unknown;0
2025-07-02T21:43:00+02:00;53428;84;56;52;freeFlow;1
2025-07-02T21:43:00+02:00;53539_D;53;4;0;unknown;0
2025-07-02T21:43:00+02:00;53566;50;2;0;unknown;0
2025-07-02T21:43:00+02:00;53623;60;2;60;freeFlow;1
2025-07-02T21:43:00+02:00;53624;60;1;60;freeFlow;1
2025-07-02T21:43:00+02:00;53625;50;1;0;unknown;0
2025-07-02T21:43:00+02:00;53634_D;30;2;0;unknown;0
2025-07-02T21:43:00+02:00;53634_G;30;2;0;unknown;0
2025-07-02T21:43:00+02:00;53641_D;50;9;0;unknown;0
2025-07-02T21:43:00+02:00;53641_G;50;9;0;unknown;0
2025-07-02T21:43:00+02:00;53652;50;15;0;unknown;0
2025-07-02T21:43:00+02:00;53659;59;3;50;freeFlow;1
2025-07-02T21:43:00+02:00;53702;58;7;60;heavy;1
2025-07-02T21:43:00+02:00;53892;51;1;100;freeFlow;3
2025-07-02T21:43:00+02:00;53893;51;12;100;freeFlow;4
2025-07-02T21:43:00+02:00;53895;48;7;100;freeFlow;4
2025-07-02T21:43:00+02:00;53896;49;8;100;freeFlow;4
2025-07-02T21:43:00+02:00;53898;46;12;100;freeFlow;4
2025-07-02T21:43:00+02:00;53900;27;21;100;heavy;4
2025-07-02T21:43:00+02:00;53901;33;8;100;heavy;4
2025-07-02T21:43:00+02:00;53903;37;6;100;freeFlow;4
2025-07-02T21:43:00+02:00;53904;40;4;60;freeFlow;1
2025-07-02T21:43:00+02:00;53905;32;12;100;heavy;4
2025-07-02T21:43:00+02:00;53908;43;3;60;freeFlow;1
2025-07-02T21:43:00+02:00;53910;49;6;98;freeFlow;3
2025-07-02T21:43:00+02:00;53912;59;5;60;freeFlow;1
2025-07-02T21:43:00+02:00;53915;59;9;60;freeFlow;1
2025-07-02T21:43:00+02:00;53918;56;8;60;freeFlow;1
2025-07-02T21:43:00+02:00;53919;60;2;60;freeFlow;1
2025-07-02T21:43:00+02:00;53921;60;9;60;freeFlow;1
2025-07-02T21:43:00+02:00;53922;60;3;60;freeFlow;1
2025-07-02T21:43:00+02:00;53923;51;10;100;freeFlow;3
2025-07-02T21:43:00+02:00;53925_D;70;4;0;unknown;0
2025-07-02T21:43:00+02:00;53925_G;70;4;0;unknown;0
2025-07-02T21:43:00+02:00;53936;70;13;0;unknown;0
2025-07-02T21:43:00+02:00;53938;50;6;0;unknown;0
2025-07-02T21:43:00+02:00;53939;70;20;0;unknown;0
2025-07-02T21:43:00+02:00;53941;70;8;0;unknown;0
2025-07-02T21:43:00+02:00;53942;70;4;0;unknown;0
2025-07-02T21:43:00+02:00;53944;36;1;60;freeFlow;1
2025-07-02T21:43:00+02:00;53945;59;8;0;unknown;0
2025-07-02T21:43:00+02:00;53946;36;1;60;freeFlow;1
2025-07-02T21:43:00+02:00;53947;39;1;60;freeFlow;1
2025-07-02T21:43:00+02:00;53948;90;3;0;unknown;0
2025-07-02T21:43:00+02:00;53949;90;2;0;unknown;0
2025-07-02T21:43:00+02:00;53950;87;44;30;freeFlow;1
2025-07-02T21:43:00+02:00;53952_D;50;2;0;unknown;0
2025-07-02T21:43:00+02:00;53952_G;50;3;0;unknown;0
2025-07-02T21:43:00+02:00;53959;73;49;27;freeFlow;1
2025-07-02T21:43:00+02:00;53961;90;63;0;unknown;0
2025-07-02T21:43:00+02:00;53987;108;1;57;freeFlow;1
2025-07-02T21:43:00+02:00;53990;50;6;0;unknown;0
2025-07-02T21:43:00+02:00;54067;90;11;0;unknown;0
2025-07-02T21:43:00+02:00;54134;50;16;0;unknown;0
2025-07-02T21:43:00+02:00;54138;50;21;0;unknown;0
2025-07-02T21:43:00+02:00;54140;108;18;57;freeFlow;1
2025-07-02T21:43:00+02:00;54144;76;2;60;freeFlow;1
2025-07-02T21:43:00+02:00;54150;33;27;50;heavy;1
2025-07-02T21:43:00+02:00;54153;15;60;60;congested;1
2025-07-02T21:43:00+02:00;54154;40;27;60;freeFlow;1
2025-07-02T21:43:00+02:00;54155;50;22;0;unknown;0
2025-07-02T21:43:00+02:00;54161;50;4;0;unknown;0
2025-07-02T21:43:00+02:00;54187_D;30;11;0;unknown;0
2025-07-02T21:43:00+02:00;54187_G;30;12;0;unknown;0
2025-07-02T21:43:00+02:00;54189_D;30;13;0;unknown;0
2025-07-02T21:43:00+02:00;54189_G;30;14;0;unknown;0
2025-07-02T21:43:00+02:00;54191_D;30;10;0;unknown;0
2025-07-02T21:43:00+02:00;54191_G;30;9;0;unknown;0
2025-07-02T21:43:00+02:00;54197;50;15;0;unknown;0
2025-07-02T21:43:00+02:00;54198;50;4;0;unknown;0
2025-07-02T21:43:00+02:00;54206;38;15;60;freeFlow;1
2025-07-02T21:43:00+02:00;54208;54;1;60;freeFlow;1
2025-07-02T21:43:00+02:00;54212;52;31;60;freeFlow;1
2025-07-02T21:43:00+02:00;54223_D;30;2;0;unknown;0
2025-07-02T21:43:00+02:00;54223_G;30;2;0;unknown;0
2025-07-02T21:43:00+02:00;54227;105;9;20;freeFlow;1
2025-07-02T21:43:00+02:00;54234;50;1;0;unknown;0
2025-07-02T21:43:00+02:00;54239;5;14;25;congested;1
2025-07-02T21:43:00+02:00;54240;105;3;57;freeFlow;1
2025-07-02T21:43:00+02:00;54241;5;13;25;congested;1
2025-07-02T21:43:00+02:00;54243;50;11;0;unknown;0
2025-07-02T21:43:00+02:00;54297;30;27;73;heavy;2
2025-07-02T21:43:00+02:00;54339;50;19;0;unknown;0
2025-07-02T21:43:00+02:00;54340;50;6;0;unknown;0
2025-07-02T21:43:00+02:00;54358_D;51;14;60;freeFlow;1
2025-07-02T21:43:00+02:00;54358_G;47;15;45;freeFlow;1
2025-07-02T21:43:00+02:00;54363;50;9;0;unknown;0
2025-07-02T21:43:00+02:00;54365;50;6;0;unknown;0
2025-07-02T21:43:00+02:00;54367;50;8;0;unknown;0
2025-07-02T21:43:00+02:00;54368;62;2;45;freeFlow;1
2025-07-02T21:43:00+02:00;54369;47;26;75;freeFlow;2
2025-07-02T21:43:00+02:00;54372;50;1;0;unknown;0
2025-07-02T21:43:00+02:00;54375;43;16;60;freeFlow;1
2025-07-02T21:43:00+02:00;54376;14;14;75;congested;2
2025-07-02T21:43:00+02:00;54378;7;44;60;congested;1
2025-07-02T21:43:00+02:00;54381;30;10;100;heavy;3
2025-07-02T21:43:00+02:00;54382;48;4;57;freeFlow;1
2025-07-02T21:43:00+02:00;54383;48;17;60;freeFlow;1
2025-07-02T21:43:00+02:00;54384;48;5;57;freeFlow;1
2025-07-02T21:43:00+02:00;54385;18;15;75;heavy;2
2025-07-02T21:43:00+02:00;54386;50;1;0;unknown;0
2025-07-02T21:43:00+02:00;54400;50;11;0;unknown;0
2025-07-02T21:43:00+02:00;54401;50;2;0;unknown;0
2025-07-02T21:43:00+02:00;54406;53;49;20;freeFlow;1
2025-07-02T21:43:00+02:00;54428_D;50;12;0;unknown;0
2025-07-02T21:43:00+02:00;54428_G;50;12;0;unknown;0
2025-07-02T21:43:00+02:00;54429_D;50;13;0;unknown;0
2025-07-02T21:43:00+02:00;54429_G;10;69;0;unknown;0
2025-07-02T21:43:00+02:00;54438_D;32;2;15;heavy;1
2025-07-02T21:43:00+02:00;54438_G;19;3;25;heavy;1
2025-07-02T21:43:00+02:00;54440_D;50;6;0;unknown;0
2025-07-02T21:43:00+02:00;54440_G;9;31;25;congested;1
2025-07-02T21:43:00+02:00;54444_D;50;1;0;unknown;0
2025-07-02T21:43:00+02:00;54444_G;28;2;22;heavy;1
2025-07-02T21:43:00+02:00;54447_D;50;11;0;unknown;0
2025-07-02T21:43:00+02:00;54447_G;39;14;22;freeFlow;1
2025-07-02T21:43:00+02:00;54448_D;50;3;0;unknown;0
2025-07-02T21:43:00+02:00;54448_G;39;4;22;freeFlow;1
2025-07-02T21:43:00+02:00;54449_D;50;10;0;unknown;0
2025-07-02T21:43:00+02:00;54449_G;39;13;22;freeFlow;1
2025-07-02T21:43:00+02:00;54453_D;50;3;0;unknown;0
2025-07-02T21:43:00+02:00;54453_G;40;4;22;freeFlow;1
2025-07-02T21:43:00+02:00;54455;38;2;20;freeFlow;1
2025-07-02T21:43:00+02:00;54457;41;10;20;freeFlow;1
2025-07-02T21:43:00+02:00;54460;36;8;20;freeFlow;1
2025-07-02T21:43:00+02:00;54463_D;105;3;20;freeFlow;1
2025-07-02T21:43:00+02:00;54463_G;37;9;20;freeFlow;1
2025-07-02T21:43:00+02:00;54466_D;50;15;0;unknown;0
2025-07-02T21:43:00+02:00;54466_G;50;16;0;unknown;0
2025-07-02T21:43:00+02:00;54469;50;2;0;unknown;0
2025-07-02T21:43:00+02:00;54471;50;9;0;unknown;0
2025-07-02T21:43:00+02:00;54472;37;11;60;freeFlow;1
2025-07-02T21:43:00+02:00;54473;54;1;60;freeFlow;1
2025-07-02T21:43:00+02:00;54483;50;30;0;unknown;0
2025-07-02T21:43:00+02:00;54489;50;1;0;unknown;0
2025-07-02T21:43:00+02:00;54490;50;4;0;unknown;0
2025-07-02T21:43:00+02:00;54492;50;3;0;unknown;0
2025-07-02T21:43:00+02:00;54505;50;15;0;unknown;0
2025-07-02T21:43:00+02:00;54509;50;6;0;unknown;0
2025-07-02T21:43:00+02:00;54518;50;3;0;unknown;0
2025-07-02T21:43:00+02:00;54522;50;2;0;unknown;0
2025-07-02T21:43:00+02:00;54523;30;3;0;unknown;0
2025-07-02T21:43:00+02:00;54524;30;1;0;unknown;0
2025-07-02T21:43:00+02:00;54580_D;50;11;0;unknown;0
2025-07-02T21:43:00+02:00;54877;37;20;60;freeFlow;1
2025-07-02T21:43:00+02:00;54879;36;20;60;freeFlow;1
2025-07-02T21:43:00+02:00;54880_D;50;20;0;unknown;0
2025-07-02T21:43:00+02:00;54880_G;37;26;60;freeFlow;1
2025-07-02T21:43:00+02:00;54882;37;2;60;freeFlow;1
2025-07-02T21:43:00+02:00;54883;37;1;60;freeFlow;1
2025-07-02T21:43:00+02:00;54884;30;1;0;unknown;0
2025-07-02T21:43:00+02:00;54885;30;1;0;unknown;0
2025-07-02T21:43:00+02:00;54886;35;2;60;freeFlow;1
2025-07-02T21:43:00+02:00;54887;36;2;75;freeFlow;2
2025-07-02T21:43:00+02:00;54888;37;1;60;freeFlow;1
2025-07-02T21:43:00+02:00;54889;37;1;60;freeFlow;1
2025-07-02T21:43:00+02:00;54988;33;4;91;heavy;3
2025-07-02T21:43:00+02:00;54989;58;30;60;freeFlow;1
2025-07-02T21:43:00+02:00;54990;43;2;55;heavy;2
2025-07-02T21:43:00+02:00;54991;45;38;40;heavy;1
2025-07-02T21:43:00+02:00;55467_D;50;13;0;unknown;0
2025-07-02T21:43:00+02:00;55467_G;49;12;57;freeFlow;1
2025-07-02T21:43:00+02:00;55570_D;50;3;0;unknown;0
2025-07-02T21:43:00+02:00;55570_G;50;3;0;unknown;0
2025-07-02T21:43:00+02:00;55589_D;30;8;0;unknown;0
2025-07-02T21:43:00+02:00;55589_G;30;8;0;unknown;0
2025-07-02T21:43:00+02:00;55591;50;1;0;unknown;0
2025-07-02T21:43:00+02:00;55592;50;1;0;unknown;0
2025-07-02T21:43:00+02:00;55593;50;1;0;unknown;0
2025-07-02T21:43:00+02:00;55595;50;1;0;unknown;0
2025-07-02T21:43:00+02:00;55596;50;1;0;unknown;0
2025-07-02T21:43:00+02:00;55597;50;1;0;unknown;0
2025-07-02T21:43:00+02:00;55702;50;6;0;unknown;0
2025-07-02T21:43:00+02:00;55704;12;73;27;congested;1
2025-07-02T21:43:00+02:00;5576_D;70;5;35;freeFlow;1
2025-07-02T21:43:00+02:00;5576_G;107;3;27;freeFlow;1
2025-07-02T21:43:00+02:00;55881;17;2;38;heavy;1
2025-07-02T21:43:00+02:00;55900;17;5;38;heavy;1
2025-07-02T21:43:00+02:00;55929_D;50;8;0;unknown;0
2025-07-02T21:43:00+02:00;55929_G;50;8;0;unknown;0
2025-07-02T21:43:00+02:00;55976;58;2;30;freeFlow;1
2025-07-02T21:43:00+02:00;56024;76;13;60;freeFlow;1
2025-07-02T21:43:00+02:00;56131;50;2;0;unknown;0
2025-07-02T21:43:00+02:00;56257;65;3;27;freeFlow;1
2025-07-02T21:43:00+02:00;563566;50;3;0;unknown;0
2025-07-02T21:43:00+02:00;563571;50;6;0;unknown;0
2025-07-02T21:43:00+02:00;563844_D;56;16;60;freeFlow;1
2025-07-02T21:43:00+02:00;563844_G;57;15;60;freeFlow;1
2025-07-02T21:43:00+02:00;563846;50;6;0;unknown;0
2025-07-02T21:43:00+02:00;563903_D;50;34;0;unknown;0
2025-07-02T21:43:00+02:00;563903_G;50;34;0;unknown;0
2025-07-02T21:43:00+02:00;564067_D;59;21;57;freeFlow;1
2025-07-02T21:43:00+02:00;564067_G;83;16;55;freeFlow;1
2025-07-02T21:43:00+02:00;564195_D;107;4;27;freeFlow;1
2025-07-02T21:43:00+02:00;564195_G;50;9;0;unknown;0
2025-07-02T21:43:00+02:00;56441;36;6;42;freeFlow;1
2025-07-02T21:43:00+02:00;5651;42;1;40;freeFlow;1
2025-07-02T21:43:00+02:00;5652;62;1;52;freeFlow;1
2025-07-02T21:43:00+02:00;565232;30;4;0;unknown;0
2025-07-02T21:43:00+02:00;5653;42;1;40;freeFlow;1
2025-07-02T21:43:00+02:00;565374;50;41;0;unknown;0
2025-07-02T21:43:00+02:00;565376;55;38;75;freeFlow;2
2025-07-02T21:43:00+02:00;565393;72;66;43;freeFlow;1
2025-07-02T21:43:00+02:00;5654;62;1;52;freeFlow;1
2025-07-02T21:43:00+02:00;565682_D;18;53;30;congested;1
2025-07-02T21:43:00+02:00;565682_G;61;15;60;freeFlow;1
2025-07-02T21:43:00+02:00;565731_D;33;3;75;freeFlow;2
2025-07-02T21:43:00+02:00;565731_G;105;1;20;freeFlow;1
2025-07-02T21:43:00+02:00;565732;78;1;57;freeFlow;1
2025-07-02T21:43:00+02:00;56584;58;4;30;freeFlow;1
2025-07-02T21:43:00+02:00;565854;70;14;0;unknown;0
2025-07-02T21:43:00+02:00;566176_D;80;14;0;unknown;0
2025-07-02T21:43:00+02:00;566176_G;80;14;0;unknown;0
2025-07-02T21:43:00+02:00;56619_D;45;9;75;freeFlow;2
2025-07-02T21:43:00+02:00;56619_G;56;7;60;freeFlow;1
2025-07-02T21:43:00+02:00;566287_D;30;16;0;unknown;0
2025-07-02T21:43:00+02:00;566287_G;30;16;0;unknown;0
2025-07-02T21:43:00+02:00;566302_D;50;1;0;unknown;0
2025-07-02T21:43:00+02:00;566302_G;50;1;0;unknown;0
2025-07-02T21:43:00+02:00;566303_D;50;15;0;unknown;0
2025-07-02T21:43:00+02:00;566303_G;50;15;0;unknown;0
2025-07-02T21:43:00+02:00;5663_D;62;42;52;freeFlow;1
2025-07-02T21:43:00+02:00;5663_G;76;34;42;freeFlow;1
2025-07-02T21:43:00+02:00;566407_D;30;3;0;unknown;0
2025-07-02T21:43:00+02:00;566407_G;30;3;0;unknown;0
2025-07-02T21:43:00+02:00;566417_D;30;5;0;unknown;0
2025-07-02T21:43:00+02:00;566417_G;30;5;0;unknown;0
2025-07-02T21:43:00+02:00;566419;50;1;0;unknown;0
2025-07-02T21:43:00+02:00;566481;50;1;0;unknown;0
2025-07-02T21:43:00+02:00;566482;50;1;0;unknown;0
2025-07-02T21:43:00+02:00;566483;88;129;25;freeFlow;1
2025-07-02T21:43:00+02:00;566484;50;0;0;unknown;0
2025-07-02T21:43:00+02:00;5664_D;82;2;42;freeFlow;1
2025-07-02T21:43:00+02:00;5664_G;62;2;52;freeFlow;1
2025-07-02T21:43:00+02:00;566573_D;25;4;75;heavy;2
2025-07-02T21:43:00+02:00;566573_G;56;2;60;freeFlow;1
2025-07-02T21:43:00+02:00;566599_D;30;1;0;unknown;0
2025-07-02T21:43:00+02:00;566599_G;41;0;57;freeFlow;1
2025-07-02T21:43:00+02:00;566706_D;50;3;0;unknown;0
2025-07-02T21:43:00+02:00;566706_G;50;4;0;unknown;0
2025-07-02T21:43:00+02:00;56676_G;32;7;48;heavy;1
2025-07-02T21:43:00+02:00;566850;50;3;0;unknown;0
2025-07-02T21:43:00+02:00;566924_D;50;6;0;unknown;0
2025-07-02T21:43:00+02:00;566924_G;50;6;0;unknown;0
2025-07-02T21:43:00+02:00;566942;50;1;0;unknown;0
2025-07-02T21:43:00+02:00;56872;98;21;55;freeFlow;1
2025-07-02T21:43:00+02:00;56874;81;6;75;freeFlow;2
2025-07-02T21:43:00+02:00;56886;44;58;60;freeFlow;1
2025-07-02T21:43:00+02:00;56914;18;9;75;heavy;2
2025-07-02T21:43:00+02:00;56926;85;3;100;freeFlow;4
2025-07-02T21:43:00+02:00;57009;95;4;60;freeFlow;1
2025-07-02T21:43:00+02:00;57011;75;8;55;freeFlow;1
2025-07-02T21:43:00+02:00;57012;66;6;60;freeFlow;1
2025-07-02T21:43:00+02:00;57082_D;30;9;0;unknown;0
2025-07-02T21:43:00+02:00;57360_D;40;4;12;freeFlow;1
2025-07-02T21:43:00+02:00;57360_G;30;6;0;unknown;0
2025-07-02T21:43:00+02:00;57362_D;40;3;12;freeFlow;1
2025-07-02T21:43:00+02:00;57362_G;30;3;0;unknown;0
2025-07-02T21:43:00+02:00;57368_D;40;5;12;freeFlow;1
2025-07-02T21:43:00+02:00;57368_G;30;7;0;unknown;0
2025-07-02T21:43:00+02:00;57378_D;50;3;0;unknown;0
2025-07-02T21:43:00+02:00;57378_G;50;3;0;unknown;0
2025-07-02T21:43:00+02:00;62549;51;1;75;freeFlow;2
2025-07-02T21:43:00+02:00;62550;38;2;75;freeFlow;2
2025-07-02T21:43:00+02:00;62617_D;50;9;0;unknown;0
2025-07-02T21:43:00+02:00;62617_G;50;9;0;unknown;0
2025-07-02T21:43:00+02:00;62948_D;12;14;27;heavy;1
2025-07-02T21:43:00+02:00;62948_G;30;5;0;unknown;0
2025-07-02T21:43:00+02:00;63039;59;3;60;freeFlow;1
2025-07-02T21:43:00+02:00;63203_D;30;26;0;unknown;0
2025-07-02T21:43:00+02:00;63203_G;30;26;0;unknown;0
2025-07-02T21:43:00+02:00;63308;58;2;57;freeFlow;1
2025-07-02T21:43:00+02:00;63895_D;30;5;0;unknown;0
2025-07-02T21:43:00+02:00;63895_G;30;5;0;unknown;0
2025-07-02T21:43:00+02:00;63903;90;2;0;unknown;0
2025-07-02T21:43:00+02:00;63917;70;2;0;unknown;0
2025-07-02T21:43:00+02:00;63954_D;30;6;0;unknown;0
2025-07-02T21:43:00+02:00;63954_G;31;5;57;freeFlow;1
2025-07-02T21:43:00+02:00;63961_D;30;2;0;unknown;0
2025-07-02T21:43:00+02:00;63961_G;44;1;60;freeFlow;1
2025-07-02T21:43:00+02:00;63963_D;33;14;75;freeFlow;2
2025-07-02T21:43:00+02:00;63963_G;47;10;70;freeFlow;2
2025-07-02T21:43:00+02:00;63974;70;6;0;unknown;0
2025-07-02T21:43:00+02:00;64028;50;2;0;unknown;0
2025-07-02T21:43:00+02:00;64029;90;1;0;unknown;0
2025-07-02T21:43:00+02:00;64033;50;3;0;unknown;0
2025-07-02T21:43:00+02:00;64034;50;2;0;unknown;0
2025-07-02T21:43:00+02:00;64035;50;2;0;unknown;0
2025-07-02T21:43:00+02:00;64104_D;50;2;0;unknown;0
2025-07-02T21:43:00+02:00;64104_G;50;2;0;unknown;0
2025-07-02T21:43:00+02:00;6421;100;23;60;freeFlow;1
2025-07-02T21:43:00+02:00;6422;101;6;60;freeFlow;1
2025-07-02T21:43:00+02:00;6423;98;14;55;freeFlow;1
2025-07-02T21:43:00+02:00;6424;103;29;79;freeFlow;4
2025-07-02T21:43:00+02:00;64792_D;50;13;0;unknown;0
2025-07-02T21:43:00+02:00;64792_G;50;13;0;unknown;0
2025-07-02T21:43:00+02:00;64862_D;50;10;0;unknown;0
2025-07-02T21:43:00+02:00;64862_G;50;10;0;unknown;0
2025-07-02T21:43:00+02:00;65281;44;2;42;freeFlow;1
2025-07-02T21:43:00+02:00;65283;49;2;40;freeFlow;1
2025-07-02T21:43:00+02:00;65293;49;4;40;freeFlow;1
2025-07-02T21:43:00+02:00;65961_D;50;27;0;unknown;0
2025-07-02T21:43:00+02:00;65961_G;50;27;0;unknown;0
2025-07-02T21:43:00+02:00;65966_D;50;1;0;unknown;0
2025-07-02T21:43:00+02:00;65966_G;50;1;0;unknown;0
2025-07-02T21:43:00+02:00;66020;81;0;22;freeFlow;1
2025-07-02T21:43:00+02:00;6615_D;56;10;57;freeFlow;1
2025-07-02T21:43:00+02:00;6615_G;75;8;57;freeFlow;1
2025-07-02T21:43:00+02:00;6616;51;1;60;heavy;1
2025-07-02T21:43:00+02:00;6619;109;1;60;freeFlow;1
2025-07-02T21:43:00+02:00;6620;96;3;60;freeFlow;1
2025-07-02T21:43:00+02:00;6621;51;2;60;heavy;1
2025-07-02T21:43:00+02:00;6622;53;1;73;heavy;2
2025-07-02T21:43:00+02:00;6623;56;1;57;freeFlow;1
2025-07-02T21:43:00+02:00;6628_D;50;17;0;unknown;0
2025-07-02T21:43:00+02:00;6628_G;50;17;0;unknown;0
2025-07-02T21:43:00+02:00;6629_D;50;20;0;unknown;0
2025-07-02T21:43:00+02:00;6629_G;50;19;0;unknown;0
2025-07-02T21:43:00+02:00;6643;51;13;60;heavy;1
2025-07-02T21:43:00+02:00;6644;56;12;57;freeFlow;1
2025-07-02T21:43:00+02:00;6645;50;2;73;freeFlow;2
2025-07-02T21:43:00+02:00;6646;55;1;73;freeFlow;2
2025-07-02T21:43:00+02:00;6647;56;0;57;freeFlow;1
2025-07-02T21:43:00+02:00;6648;51;2;75;freeFlow;2
2025-07-02T21:43:00+02:00;6649;43;2;57;freeFlow;1
2025-07-02T21:43:00+02:00;6650;40;4;72;freeFlow;2
2025-07-02T21:43:00+02:00;6651;42;4;73;freeFlow;2
2025-07-02T21:43:00+02:00;6669_D;61;81;39;freeFlow;1
2025-07-02T21:43:00+02:00;6669_G;66;76;54;freeFlow;1
2025-07-02T21:43:00+02:00;67069;65;3;27;freeFlow;1
2025-07-02T21:43:00+02:00;67223_D;30;2;0;unknown;0
2025-07-02T21:43:00+02:00;67223_G;45;1;60;freeFlow;1
2025-07-02T21:43:00+02:00;67229_D;59;7;50;freeFlow;1
2025-07-02T21:43:00+02:00;67229_G;37;11;27;freeFlow;1
2025-07-02T21:43:00+02:00;6723;101;8;60;freeFlow;1
2025-07-02T21:43:00+02:00;67324_D;69;14;20;freeFlow;1
2025-07-02T21:43:00+02:00;67324_G;70;14;57;freeFlow;1
2025-07-02T21:43:00+02:00;67330;30;2;0;unknown;0
2025-07-02T21:43:00+02:00;67332;30;3;0;unknown;0
2025-07-02T21:43:00+02:00;67334;30;1;0;unknown;0
2025-07-02T21:43:00+02:00;67340;30;2;0;unknown;0
2025-07-02T21:43:00+02:00;67341;30;10;0;unknown;0
2025-07-02T21:43:00+02:00;67344;30;6;0;unknown;0
2025-07-02T21:43:00+02:00;67352_D;30;13;0;unknown;0
2025-07-02T21:43:00+02:00;67352_G;30;12;0;unknown;0
2025-07-02T21:43:00+02:00;67380_D;50;16;0;unknown;0
2025-07-02T21:43:00+02:00;67380_G;50;16;0;unknown;0
2025-07-02T21:43:00+02:00;67385;50;2;0;unknown;0
2025-07-02T21:43:00+02:00;67389_D;50;1;0;unknown;0
2025-07-02T21:43:00+02:00;67389_G;50;1;0;unknown;0
2025-07-02T21:43:00+02:00;67390;50;2;0;unknown;0
2025-07-02T21:43:00+02:00;67391;50;3;0;unknown;0
2025-07-02T21:43:00+02:00;67392;50;3;0;unknown;0
2025-07-02T21:43:00+02:00;67511_D;30;4;0;unknown;0
2025-07-02T21:43:00+02:00;67511_G;30;4;0;unknown;0
2025-07-02T21:43:00+02:00;67514_D;30;6;0;unknown;0
2025-07-02T21:43:00+02:00;67514_G;30;6;0;unknown;0
2025-07-02T21:43:00+02:00;67611;30;6;0;unknown;0
2025-07-02T21:43:00+02:00;67816;33;1;75;freeFlow;2
2025-07-02T21:43:00+02:00;67819_D;33;1;75;freeFlow;2
2025-07-02T21:43:00+02:00;67819_G;105;0;20;freeFlow;1
2025-07-02T21:43:00+02:00;67820;33;1;75;freeFlow;2
2025-07-02T21:43:00+02:00;67821;105;1;20;freeFlow;1
2025-07-02T21:43:00+02:00;67823;30;8;0;unknown;0
2025-07-02T21:43:00+02:00;67824;37;13;32;freeFlow;1
2025-07-02T21:43:00+02:00;67829;50;10;0;unknown;0
2025-07-02T21:43:00+02:00;67892_D;50;5;0;unknown;0
2025-07-02T21:43:00+02:00;67892_G;50;5;0;unknown;0
2025-07-02T21:43:00+02:00;68069;50;8;0;unknown;0
2025-07-02T21:43:00+02:00;68070;50;1;0;unknown;0
2025-07-02T21:43:00+02:00;68815;31;3;60;heavy;1
2025-07-02T21:43:00+02:00;69060;30;3;0;unknown;0
2025-07-02T21:43:00+02:00;69061;30;4;0;unknown;0
2025-07-02T21:43:00+02:00;69062;30;2;0;unknown;0
2025-07-02T21:43:00+02:00;69063;30;1;0;unknown;0
2025-07-02T21:43:00+02:00;69064_D;30;1;0;unknown;0
2025-07-02T21:43:00+02:00;69064_G;30;1;0;unknown;0
2025-07-02T21:43:00+02:00;69270_D;50;2;0;unknown;0
2025-07-02T21:43:00+02:00;69270_G;50;1;0;unknown;0
2025-07-02T21:43:00+02:00;69277;30;3;0;unknown;0
2025-07-02T21:43:00+02:00;69464;30;1;0;unknown;0
2025-07-02T21:43:00+02:00;69467;30;2;0;unknown;0
2025-07-02T21:43:00+02:00;69493;50;13;0;unknown;0
2025-07-02T21:43:00+02:00;69495;50;8;0;unknown;0
2025-07-02T21:43:00+02:00;69591;50;6;0;unknown;0
2025-07-02T21:43:00+02:00;69673;37;9;40;freeFlow;1
2025-07-02T21:43:00+02:00;69878;58;14;60;freeFlow;1
2025-07-02T21:43:00+02:00;71197_D;84;14;35;freeFlow;1
2025-07-02T21:43:00+02:00;71197_G;107;11;27;freeFlow;1
2025-07-02T21:43:00+02:00;71455_D;50;3;0;unknown;0
2025-07-02T21:43:00+02:00;71492_D;107;2;27;freeFlow;1
2025-07-02T21:43:00+02:00;71492_G;34;5;38;heavy;2
2025-07-02T21:43:00+02:00;71493_D;56;6;22;freeFlow;1
2025-07-02T21:43:00+02:00;71493_G;50;6;0;unknown;0
2025-07-02T21:43:00+02:00;71494;99;2;68;freeFlow;3
2025-07-02T21:43:00+02:00;71496;25;10;22;heavy;1
2025-07-02T21:43:00+02:00;71497;29;3;38;heavy;2
2025-07-02T21:43:00+02:00;71504_D;107;0;27;freeFlow;1
2025-07-02T21:43:00+02:00;71504_G;36;1;22;freeFlow;1
2025-07-02T21:43:00+02:00;71508_D;107;4;27;freeFlow;1
2025-07-02T21:43:00+02:00;71508_G;38;13;22;freeFlow;1
2025-07-02T21:43:00+02:00;71509_D;66;15;22;freeFlow;1
2025-07-02T21:43:00+02:00;71509_G;50;20;0;unknown;0
2025-07-02T21:43:00+02:00;71554_D;37;6;27;freeFlow;1
2025-07-02T21:43:00+02:00;71554_G;105;2;20;freeFlow;1
2025-07-02T21:43:00+02:00;71555_D;19;6;25;heavy;1
2025-07-02T21:43:00+02:00;71555_G;50;2;0;unknown;0
2025-07-02T21:43:00+02:00;71661;41;7;60;heavy;1
2025-07-02T21:43:00+02:00;71668;91;7;17;freeFlow;1
2025-07-02T21:43:00+02:00;72425;98;12;60;freeFlow;1
2025-07-02T21:43:00+02:00;72487_D;80;31;0;unknown;0
2025-07-02T21:43:00+02:00;72842_D;59;19;12;freeFlow;1
2025-07-02T21:43:00+02:00;72842_G;50;22;0;unknown;0
2025-07-02T21:43:00+02:00;72940_D;50;24;0;unknown;0
2025-07-02T21:43:00+02:00;72940_G;50;23;0;unknown;0
2025-07-02T21:43:00+02:00;73636;50;3;0;unknown;0
2025-07-02T21:43:00+02:00;74067;47;2;20;heavy;1
2025-07-02T21:43:00+02:00;74454;55;1;10;freeFlow;1
2025-07-02T21:43:00+02:00;74457_D;16;63;32;congested;1
2025-07-02T21:43:00+02:00;74457_G;61;16;60;freeFlow;1
2025-07-02T21:43:00+02:00;74459;55;1;10;freeFlow;1
2025-07-02T21:43:00+02:00;74460;61;0;60;freeFlow;1
2025-07-02T21:43:00+02:00;74461;61;0;60;freeFlow;1
2025-07-02T21:43:00+02:00;74688_D;50;18;0;unknown;0
2025-07-02T21:43:00+02:00;74688_G;50;18;0;unknown;0
2025-07-02T21:43:00+02:00;74748_D;80;4;0;unknown;0
2025-07-02T21:43:00+02:00;74748_G;47;6;0;unknown;0
2025-07-02T21:43:00+02:00;75340;50;1;0;unknown;0
2025-07-02T21:43:00+02:00;75343_D;30;12;0;unknown;0
2025-07-02T21:43:00+02:00;75343_G;30;12;0;unknown;0
2025-07-02T21:43:00+02:00;75344;50;1;0;unknown;0
2025-07-02T21:43:00+02:00;75346;50;1;0;unknown;0
2025-07-02T21:43:00+02:00;75347_D;50;1;0;unknown;0
2025-07-02T21:43:00+02:00;75347_G;50;1;0;unknown;0
2025-07-02T21:43:00+02:00;75348;50;1;0;unknown;0
2025-07-02T21:43:00+02:00;75353;50;1;0;unknown;0
2025-07-02T21:43:00+02:00;75356_D;50;10;0;unknown;0
2025-07-02T21:43:00+02:00;75356_G;50;10;0;unknown;0
2025-07-02T21:43:00+02:00;75358;50;1;0;unknown;0
2025-07-02T21:43:00+02:00;75359;50;1;0;unknown;0
2025-07-02T21:43:00+02:00;75385;27;2;52;heavy;1
2025-07-02T21:43:00+02:00;75533_D;70;0;0;unknown;0
2025-07-02T21:43:00+02:00;75533_G;70;0;0;unknown;0
2025-07-02T21:43:00+02:00;75630;59;26;75;freeFlow;2
2025-07-02T21:43:00+02:00;75810;70;11;0;unknown;0
2025-07-02T21:43:00+02:00;75811;90;5;0;unknown;0
2025-07-02T21:43:00+02:00;75812;79;5;55;freeFlow;1
2025-07-02T21:43:00+02:00;75813;90;3;75;freeFlow;2
2025-07-02T21:43:00+02:00;75814;89;3;55;freeFlow;1
2025-07-02T21:43:00+02:00;75815;90;15;75;freeFlow;2
2025-07-02T21:43:00+02:00;75816;23;10;75;heavy;2
2025-07-02T21:43:00+02:00;75819_D;53;3;0;unknown;0
2025-07-02T21:43:00+02:00;75819_G;55;4;50;freeFlow;1
2025-07-02T21:43:00+02:00;75821;93;3;60;freeFlow;1
2025-07-02T21:43:00+02:00;75823;88;5;75;freeFlow;2
2025-07-02T21:43:00+02:00;75841;47;8;35;freeFlow;1
2025-07-02T21:43:00+02:00;75842;49;8;10;freeFlow;1
2025-07-02T21:43:00+02:00;75855;54;1;75;freeFlow;2
2025-07-02T21:43:00+02:00;75858;66;1;75;freeFlow;2
2025-07-02T21:43:00+02:00;75859;66;3;75;freeFlow;2
2025-07-02T21:43:00+02:00;75860;42;4;75;heavy;2
2025-07-02T21:43:00+02:00;75861;49;2;75;freeFlow;2
2025-07-02T21:43:00+02:00;75862;29;6;40;heavy;1
2025-07-02T21:43:00+02:00;75863;30;3;40;heavy;1
2025-07-02T21:43:00+02:00;75864;70;1;0;unknown;0
2025-07-02T21:43:00+02:00;75865;70;2;0;unknown;0
2025-07-02T21:43:00+02:00;75866;75;12;45;freeFlow;1
2025-07-02T21:43:00+02:00;75867;81;14;32;freeFlow;1
2025-07-02T21:43:00+02:00;75869;68;77;36;freeFlow;1
2025-07-02T21:43:00+02:00;75873_D;30;19;0;unknown;0
2025-07-02T21:43:00+02:00;75873_G;30;16;0;unknown;0
2025-07-02T21:43:00+02:00;75874_D;50;8;0;unknown;0
2025-07-02T21:43:00+02:00;75874_G;50;8;0;unknown;0
2025-07-02T21:43:00+02:00;75875;45;6;27;freeFlow;1
2025-07-02T21:43:00+02:00;75876;58;8;27;freeFlow;1
2025-07-02T21:43:00+02:00;75877;50;17;0;unknown;0
2025-07-02T21:43:00+02:00;75878;70;12;0;unknown;0
2025-07-02T21:43:00+02:00;75879;90;2;0;unknown;0
2025-07-02T21:43:00+02:00;75880;50;17;0;unknown;0
2025-07-02T21:43:00+02:00;75882;65;15;27;freeFlow;1
2025-07-02T21:43:00+02:00;75883;74;5;70;freeFlow;2
2025-07-02T21:43:00+02:00;75884;80;5;60;freeFlow;1
2025-07-02T21:43:00+02:00;75885;72;4;60;freeFlow;1
2025-07-02T21:43:00+02:00;75886;90;7;60;freeFlow;1
2025-07-02T21:43:00+02:00;75911;54;5;50;freeFlow;1
2025-07-02T21:43:00+02:00;75912;48;6;60;freeFlow;1
2025-07-02T21:43:00+02:00;76094;108;5;57;freeFlow;1
2025-07-02T21:43:00+02:00;7864_D;72;50;60;freeFlow;1
2025-07-02T21:43:00+02:00;7864_G;76;47;55;freeFlow;1
2025-07-02T21:43:00+02:00;790_D;68;12;60;freeFlow;1
2025-07-02T21:43:00+02:00;790_G;69;12;17;freeFlow;1
2025-07-02T21:43:00+02:00;791_D;56;15;60;freeFlow;1
2025-07-02T21:43:00+02:00;791_G;23;37;20;heavy;1
2025-07-02T21:43:00+02:00;7936;102;7;60;freeFlow;1
2025-07-02T21:43:00+02:00;7937;101;22;60;freeFlow;1
2025-07-02T21:43:00+02:00;7938;106;28;55;freeFlow;1
2025-07-02T21:43:00+02:00;7995_D;73;14;57;freeFlow;1
2025-07-02T21:43:00+02:00;7995_G;76;13;55;freeFlow;1
2025-07-02T21:43:00+02:00;862_D;77;14;17;freeFlow;1
2025-07-02T21:43:00+02:00;862_G;72;15;60;freeFlow;1
2025-07-02T21:43:00+02:00;863_D;53;13;38;freeFlow;1
2025-07-02T21:43:00+02:00;863_G;74;9;60;freeFlow;1
2025-07-02T21:43:00+02:00;8745;36;5;30;freeFlow;1
2025-07-02T21:43:00+02:00;8962;92;24;78;freeFlow;3
2025-07-02T21:43:00+02:00;8963_D;54;8;60;freeFlow;1
2025-07-02T21:43:00+02:00;8963_G;71;6;60;freeFlow;1
2025-07-02T21:43:00+02:00;8966;95;13;80;freeFlow;3
2025-07-02T21:43:00+02:00;8969;111;12;60;freeFlow;1
2025-07-02T21:43:00+02:00;8970;111;14;60;freeFlow;1
2025-07-02T21:43:00+02:00;8971;106;19;60;freeFlow;1
2025-07-02T21:43:00+02:00;8974_D;48;5;60;heavy;1
2025-07-02T21:43:00+02:00;8974_G;54;4;60;freeFlow;1
2025-07-02T21:43:00+02:00;8976_D;67;5;60;freeFlow;1
2025-07-02T21:43:00+02:00;8976_G;54;7;60;freeFlow;1
2025-07-02T21:43:00+02:00;8977_D;67;4;60;freeFlow;1
2025-07-02T21:43:00+02:00;8977_G;54;5;60;freeFlow;1
2025-07-02T21:43:00+02:00;8978;107;13;88;freeFlow;3
2025-07-02T21:43:00+02:00;9040;90;10;0;unknown;0
2025-07-02T21:43:00+02:00;9041;41;4;73;freeFlow;2
2025-07-02T21:43:00+02:00;9042;40;2;65;freeFlow;2
2025-07-02T21:43:00+02:00;9043;41;4;60;freeFlow;1
2025-07-02T21:43:00+02:00;9044;42;3;30;freeFlow;1
2025-07-02T21:43:00+02:00;9045;50;2;0;unknown;0
2025-07-02T21:43:00+02:00;9046;40;2;30;freeFlow;1
2025-07-02T21:43:00+02:00;9047;40;3;30;freeFlow;1
2025-07-02T21:43:00+02:00;9048;44;12;60;heavy;1
2025-07-02T21:43:00+02:00;9049;50;3;30;freeFlow;1
2025-07-02T21:43:00+02:00;9050;50;1;30;freeFlow;1
2025-07-02T21:43:00+02:00;9051;50;3;0;unknown;0
2025-07-02T21:43:00+02:00;9052;50;2;0;unknown;0
2025-07-02T21:43:00+02:00;9053;50;2;0;unknown;0
2025-07-02T21:43:00+02:00;9054;47;13;30;freeFlow;1
2025-07-02T21:43:00+02:00;9055;50;12;0;unknown;0
2025-07-02T21:43:00+02:00;9057_D;73;7;60;freeFlow;1
2025-07-02T21:43:00+02:00;9057_G;68;8;69;freeFlow;2
2025-07-02T21:43:00+02:00;9058_D;78;18;60;freeFlow;1
2025-07-02T21:43:00+02:00;9058_G;76;18;60;freeFlow;1
2025-07-02T21:43:00+02:00;9059_D;64;10;60;freeFlow;1
2025-07-02T21:43:00+02:00;9059_G;74;8;60;freeFlow;1
2025-07-02T21:43:00+02:00;9060;38;5;74;heavy;2
2025-07-02T21:43:00+02:00;9061;56;3;60;freeFlow;1
2025-07-02T21:43:00+02:00;9062;40;4;60;heavy;1
2025-07-02T21:43:00+02:00;9063;47;3;73;heavy;2
2025-07-02T21:43:00+02:00;9068_D;56;32;60;freeFlow;1
2025-07-02T21:43:00+02:00;9068_G;63;29;60;freeFlow;1
2025-07-02T21:43:00+02:00;9070_D;72;29;60;freeFlow;1
2025-07-02T21:43:00+02:00;9070_G;74;28;52;freeFlow;1
2025-07-02T21:43:00+02:00;9073;58;7;60;heavy;1
2025-07-02T21:43:00+02:00;9074;90;10;100;freeFlow;4
2025-07-02T21:43:00+02:00;9082_D;15;15;32;congested;1
2025-07-02T21:43:00+02:00;9082_G;83;3;60;freeFlow;1
2025-07-02T21:43:00+02:00;9090_D;79;17;10;freeFlow;1
2025-07-02T21:43:00+02:00;9090_G;76;18;60;freeFlow;1
2025-07-02T21:43:00+02:00;9103;85;17;22;freeFlow;1
2025-07-02T21:43:00+02:00;9108;93;13;22;freeFlow;1
2025-07-02T21:43:00+02:00;9114;93;1;20;freeFlow;1
2025-07-02T21:43:00+02:00;9115;90;16;0;unknown;0
2025-07-02T21:43:00+02:00;9116;101;1;17;freeFlow;1
2025-07-02T21:43:00+02:00;9117;98;5;20;freeFlow;1
2025-07-02T21:43:00+02:00;9133;90;21;0;unknown;0
2025-07-02T21:43:00+02:00;9134;91;16;22;freeFlow;1
2025-07-02T21:43:00+02:00;9177;70;28;0;unknown;0
2025-07-02T21:43:00+02:00;9190;90;4;0;unknown;0
2025-07-02T21:43:00+02:00;9199;47;1;20;heavy;1
2025-07-02T21:43:00+02:00;9200;90;2;0;unknown;0
2025-07-02T21:43:00+02:00;9201;58;1;20;heavy;1
2025-07-02T21:43:00+02:00;9202;90;1;0;unknown;0
2025-07-02T21:43:00+02:00;9203;90;1;0;unknown;0
2025-07-02T21:43:00+02:00;9204;90;1;0;unknown;0
2025-07-02T21:43:00+02:00;9213;89;31;20;freeFlow;1
2025-07-02T21:43:00+02:00;9214_D;70;1;0;unknown;0
2025-07-02T21:43:00+02:00;9214_G;70;1;0;unknown;0
2025-07-02T21:43:00+02:00;9215;90;31;0;unknown;0
2025-07-02T21:43:00+02:00;9279;103;20;60;freeFlow;1
2025-07-02T21:43:00+02:00;9280;102;24;60;freeFlow;1
2025-07-02T21:43:00+02:00;9343_D;80;15;0;unknown;0
2025-07-02T21:43:00+02:00;9343_G;80;15;0;unknown;0
2025-07-02T21:43:00+02:00;9344_D;30;20;0;unknown;0
2025-07-02T21:43:00+02:00;9344_G;30;20;0;unknown;0
2025-07-02T21:43:00+02:00;9345_D;30;27;0;unknown;0
2025-07-02T21:43:00+02:00;9345_G;30;28;0;unknown;0
2025-07-02T21:43:00+02:00;9346_D;30;15;0;unknown;0
2025-07-02T21:43:00+02:00;9346_G;30;15;0;unknown;0
2025-07-02T21:43:00+02:00;9348_D;30;7;0;unknown;0
2025-07-02T21:43:00+02:00;9348_G;30;8;0;unknown;0
2025-07-02T21:43:00+02:00;9351_D;80;15;0;unknown;0
2025-07-02T21:43:00+02:00;9351_G;80;14;0;unknown;0
2025-07-02T21:43:00+02:00;9370_D;80;10;0;unknown;0
2025-07-02T21:43:00+02:00;9370_G;80;11;0;unknown;0
2025-07-02T21:43:00+02:00;9371_D;80;8;0;unknown;0
2025-07-02T21:43:00+02:00;9371_G;80;8;0;unknown;0
2025-07-02T21:43:00+02:00;9378;58;20;60;heavy;1
2025-07-02T21:43:00+02:00;9379;94;12;100;freeFlow;4
2025-07-02T21:43:00+02:00;9414_D;30;9;0;unknown;0
2025-07-02T21:43:00+02:00;9414_G;30;9;0;unknown;0
2025-07-02T21:43:00+02:00;9416_D;30;7;0;unknown;0
2025-07-02T21:43:00+02:00;9416_G;30;7;0;unknown;0
2025-07-02T21:43:00+02:00;9418_D;30;12;0;unknown;0
2025-07-02T21:43:00+02:00;9418_G;30;12;0;unknown;0
2025-07-02T21:43:00+02:00;9421;30;4;0;unknown;0
2025-07-02T21:43:00+02:00;9422;30;3;0;unknown;0
2025-07-02T21:43:00+02:00;9423;30;3;0;unknown;0
2025-07-02T21:43:00+02:00;9424;30;6;0;unknown;0
2025-07-02T21:43:00+02:00;9425_D;30;5;0;unknown;0
2025-07-02T21:43:00+02:00;9425_G;30;4;0;unknown;0
2025-07-02T21:43:00+02:00;9427_D;80;4;0;unknown;0
2025-07-02T21:43:00+02:00;9427_G;80;4;0;unknown;0
2025-07-02T21:43:00+02:00;9434_D;80;10;0;unknown;0
2025-07-02T21:43:00+02:00;9434_G;80;10;0;unknown;0
2025-07-02T21:43:00+02:00;9435_D;80;13;0;unknown;0
2025-07-02T21:43:00+02:00;9435_G;80;13;0;unknown;0
2025-07-02T21:43:00+02:00;9437_D;80;14;0;unknown;0
2025-07-02T21:43:00+02:00;9437_G;80;14;0;unknown;0
2025-07-02T21:43:00+02:00;9588_D;84;7;15;freeFlow;1
2025-07-02T21:43:00+02:00;9588_G;83;7;60;freeFlow;1
2025-07-02T21:43:00+02:00;9625_D;13;26;32;congested;1
2025-07-02T21:43:00+02:00;9625_G;80;5;60;freeFlow;1
2025-07-02T21:43:00+02:00;9739;74;2;60;freeFlow;1
2025-07-02T21:43:00+02:00;9740;62;1;10;freeFlow;1
2025-07-02T21:43:00+02:00;9741;74;1;60;freeFlow;1
2025-07-02T21:43:00+02:00;9742;74;2;60;freeFlow;1
2025-07-02T21:43:00+02:00;9745_D;79;2;10;freeFlow;1
2025-07-02T21:43:00+02:00;9745_G;74;4;60;freeFlow;1
2025-07-02T21:43:00+02:00;9757_D;52;2;10;freeFlow;1
2025-07-02T21:43:00+02:00;9757_G;74;2;60;freeFlow;1
2025-07-02T21:43:00+02:00;9758_D;9;36;30;congested;1
2025-07-02T21:43:00+02:00;9758_G;74;4;60;freeFlow;1
2025-07-02T21:43:00+02:00;9834_D;54;36;60;freeFlow;1
2025-07-02T21:43:00+02:00;9834_G;80;25;67;freeFlow;2
2025-07-02T21:43:00+02:00;9912;39;4;60;heavy;1
2025-07-02T21:43:00+02:00;9913;54;2;60;freeFlow;1
2025-07-02T21:43:00+02:00;9914;45;2;75;heavy;2
2025-07-02T21:43:00+02:00;9915;44;3;75;heavy;2
2025-07-02T21:43:00+02:00;9916;48;3;60;heavy;1
2025-07-02T21:43:00+02:00;9917_D;48;3;60;heavy;1
2025-07-02T21:43:00+02:00;9917_G;54;2;60;freeFlow;1
2025-07-02T21:43:00+02:00;9921_D;61;25;60;freeFlow;1
2025-07-02T21:43:00+02:00;9921_G;102;15;65;freeFlow;2
2025-07-02T21:43:00+02:00;1601981;59;3;50;freeFlow;1
2025-07-02T21:43:00+02:00;1601982;62;15;50;freeFlow;1
2025-07-02T21:43:00+02:00;1634;59;10;75;heavy;2
2025-07-02T21:43:00+02:00;1635;65;2;27;freeFlow;1
2025-07-02T21:43:00+02:00;1636;44;4;52;freeFlow;1
2025-07-02T21:43:00+02:00;1637;39;3;96;heavy;3
2025-07-02T21:43:00+02:00;1640;49;2;75;heavy;4
2025-07-02T21:43:00+02:00;1641;38;4;75;heavy;2
2025-07-02T21:43:00+02:00;1642;35;2;75;heavy;2
2025-07-02T21:43:00+02:00;1678329;50;12;0;unknown;0
2025-07-02T21:43:00+02:00;1680500_D;53;5;0;unknown;0
2025-07-02T21:43:00+02:00;1680500_G;42;7;50;freeFlow;1
2025-07-02T21:43:00+02:00;1680501;98;9;60;freeFlow;1
2025-07-02T21:43:00+02:00;1680580;36;12;42;freeFlow;1
2025-07-02T21:43:00+02:00;1680586;41;4;38;freeFlow;1
2025-07-02T21:43:00+02:00;1680594;37;1;38;freeFlow;1
2025-07-02T21:43:00+02:00;1680595;50;1;0;unknown;0
2025-07-02T21:43:00+02:00;1680596;37;1;38;freeFlow;1
2025-07-02T21:43:00+02:00;1680597;50;1;0;unknown;0
2025-07-02T21:43:00+02:00;1680604;36;2;42;freeFlow;1
2025-07-02T21:43:00+02:00;1747_D;107;1;27;freeFlow;1
2025-07-02T21:43:00+02:00;1747_G;24;4;25;heavy;1
2025-07-02T21:43:00+02:00;1762;44;12;25;freeFlow;1
2025-07-02T21:43:00+02:00;1763;107;5;27;freeFlow;1
2025-07-02T21:43:00+02:00;1765_D;107;4;27;freeFlow;1
2025-07-02T21:43:00+02:00;1765_G;44;9;25;freeFlow;1
2025-07-02T21:43:00+02:00;1852;90;12;100;freeFlow;4
2025-07-02T21:43:00+02:00;1857;87;25;100;freeFlow;4
2025-07-02T21:43:00+02:00;1858;88;10;100;freeFlow;3
2025-07-02T21:43:00+02:00;1859;83;12;100;freeFlow;3
2025-07-02T21:43:00+02:00;1860;7;191;60;congested;1
2025-07-02T21:43:00+02:00;1910718_D;50;2;0;unknown;0
2025-07-02T21:43:00+02:00;1910718_G;16;7;75;heavy;2
2025-07-02T21:43:00+02:00;1910863_D;50;11;0;unknown;0
2025-07-02T21:43:00+02:00;1910863_G;50;11;0;unknown;0
2025-07-02T21:43:00+02:00;1911250;31;7;60;heavy;2
2025-07-02T21:43:00+02:00;35088;61;4;75;freeFlow;2
2025-07-02T21:43:00+02:00;35089;54;4;100;freeFlow;4
2025-07-02T21:43:00+02:00;35090;54;1;75;freeFlow;2
2025-07-02T21:43:00+02:00;35091;38;3;32;heavy;1
2025-07-02T21:43:00+02:00;35093;32;9;74;heavy;3
2025-07-02T21:43:00+02:00;35094;37;7;32;heavy;1
2025-07-02T21:43:00+02:00;35099;50;2;0;unknown;0
2025-07-02T21:43:00+02:00;35101;71;1;60;freeFlow;1
2025-07-02T21:43:00+02:00;35102;37;2;75;heavy;2
2025-07-02T21:43:00+02:00;35104;62;42;75;freeFlow;2
2025-07-02T21:43:00+02:00;35116;71;2;60;freeFlow;1
2025-07-02T21:43:00+02:00;35117;35;5;60;freeFlow;1
2025-07-02T21:43:00+02:00;35118;28;6;75;heavy;2
2025-07-02T21:43:00+02:00;35119;30;7;60;heavy;1
2025-07-02T21:43:00+02:00;35120_D;60;1;60;freeFlow;1
2025-07-02T21:43:00+02:00;35120_G;28;3;75;heavy;2
2025-07-02T21:43:00+02:00;35121_D;58;36;60;freeFlow;1
2025-07-02T21:43:00+02:00;35121_G;32;64;75;heavy;2
2025-07-02T21:43:00+02:00;40196;90;3;0;unknown;0
2025-07-02T21:43:00+02:00;40197;90;3;0;unknown;0
2025-07-02T21:43:00+02:00;41636_D;50;3;0;unknown;0
2025-07-02T21:43:00+02:00;41636_G;50;3;0;unknown;0
2025-07-02T21:43:00+02:00;41652_G;50;5;0;unknown;0
2025-07-02T21:43:00+02:00;41653_D;50;2;0;unknown;0
2025-07-02T21:43:00+02:00;41653_G;50;2;0;unknown;0
2025-07-02T21:43:00+02:00;41667_D;50;3;0;unknown;0
2025-07-02T21:43:00+02:00;41667_G;50;3;0;unknown;0
2025-07-02T21:43:00+02:00;41668_D;50;1;0;unknown;0
2025-07-02T21:43:00+02:00;41668_G;50;1;0;unknown;0
2025-07-02T21:43:00+02:00;41721;97;11;60;freeFlow;1
2025-07-02T21:43:00+02:00;41722;101;11;60;freeFlow;1
2025-07-02T21:43:00+02:00;41758;98;14;60;freeFlow;1
2025-07-02T21:43:00+02:00;41759;96;15;60;freeFlow;1
2025-07-02T21:43:00+02:00;41760;76;18;75;freeFlow;2
2025-07-02T21:43:00+02:00;41949_D;50;5;0;unknown;0
2025-07-02T21:43:00+02:00;41949_G;44;6;75;freeFlow;2
2025-07-02T21:43:00+02:00;41974_D;50;5;0;unknown;0
2025-07-02T21:43:00+02:00;41974_G;11;20;75;congested;2
2025-07-02T21:43:00+02:00;41975_D;50;7;0;unknown;0
2025-07-02T21:43:00+02:00;41975_G;45;7;75;freeFlow;2
2025-07-02T21:43:00+02:00;41985_D;50;2;0;unknown;0
2025-07-02T21:43:00+02:00;41985_G;50;2;0;unknown;0
2025-07-02T21:43:00+02:00;42064_D;50;4;0;unknown;0
2025-07-02T21:43:00+02:00;42064_G;50;4;0;unknown;0
2025-07-02T21:43:00+02:00;420870_D;42;5;15;freeFlow;1
2025-07-02T21:43:00+02:00;420870_G;36;7;10;freeFlow;1
2025-07-02T21:43:00+02:00;42206_G;50;19;0;unknown;0
2025-07-02T21:43:00+02:00;42238_G;50;7;0;unknown;0
2025-07-02T21:43:00+02:00;42239_D;50;6;0;unknown;0
2025-07-02T21:43:00+02:00;42239_G;50;6;0;unknown;0
2025-07-02T21:43:00+02:00;42240_D;21;36;0;unknown;0
2025-07-02T21:43:00+02:00;42240_G;50;15;0;unknown;0
2025-07-02T21:43:00+02:00;42241_D;50;14;0;unknown;0
2025-07-02T21:43:00+02:00;42241_G;35;20;60;heavy;1
2025-07-02T21:43:00+02:00;42242_D;34;9;60;heavy;1
2025-07-02T21:43:00+02:00;42242_G;35;9;60;heavy;1
2025-07-02T21:43:00+02:00;42683_D;26;13;75;heavy;2
2025-07-02T21:43:00+02:00;42683_G;50;6;0;unknown;0
2025-07-02T21:43:00+02:00;42714_D;50;4;0;unknown;0
2025-07-02T21:43:00+02:00;42714_G;34;6;75;heavy;2
2025-07-02T21:43:00+02:00;42716_D;50;2;0;unknown;0
2025-07-02T21:43:00+02:00;42716_G;45;2;75;freeFlow;2
2025-07-02T21:43:00+02:00;43449_D;30;7;0;unknown;0
2025-07-02T21:43:00+02:00;43449_G;30;7;0;unknown;0
2025-07-02T21:43:00+02:00;43450_D;30;10;0;unknown;0
2025-07-02T21:43:00+02:00;43450_G;30;10;0;unknown;0
2025-07-02T21:43:00+02:00;43451_G;30;16;0;unknown;0
2025-07-02T21:43:00+02:00;43452_D;30;5;0;unknown;0
2025-07-02T21:43:00+02:00;43452_G;30;5;0;unknown;0
2025-07-02T21:43:00+02:00;43475_D;50;4;0;unknown;0
2025-07-02T21:43:00+02:00;43475_G;50;4;0;unknown;0
2025-07-02T21:43:00+02:00;43622_D;50;2;0;unknown;0
2025-07-02T21:43:00+02:00;43622_G;50;2;0;unknown;0
2025-07-02T21:43:00+02:00;43623_D;50;4;0;unknown;0
2025-07-02T21:43:00+02:00;43623_G;50;4;0;unknown;0
2025-07-02T21:43:00+02:00;43624_D;50;5;0;unknown;0
2025-07-02T21:43:00+02:00;43624_G;50;5;0;unknown;0
2025-07-02T21:43:00+02:00;43625_D;50;7;0;unknown;0
2025-07-02T21:43:00+02:00;43625_G;50;7;0;unknown;0
2025-07-02T21:43:00+02:00;43657_D;50;2;0;unknown;0
2025-07-02T21:43:00+02:00;43657_G;50;2;0;unknown;0
2025-07-02T21:43:00+02:00;43659_D;30;5;0;unknown;0
2025-07-02T21:43:00+02:00;43659_G;30;5;0;unknown;0
2025-07-02T21:43:00+02:00;44039_D;50;2;0;unknown;0
2025-07-02T21:43:00+02:00;44039_G;50;2;0;unknown;0
2025-07-02T21:43:00+02:00;44040_D;50;9;0;unknown;0
2025-07-02T21:43:00+02:00;44040_G;50;9;0;unknown;0
2025-07-02T21:43:00+02:00;44041_D;50;9;0;unknown;0
2025-07-02T21:43:00+02:00;44041_G;50;9;0;unknown;0
2025-07-02T21:43:00+02:00;44042_D;50;10;0;unknown;0
2025-07-02T21:43:00+02:00;44042_G;50;9;0;unknown;0
2025-07-02T21:43:00+02:00;44071_D;30;9;0;unknown;0
2025-07-02T21:43:00+02:00;44071_G;30;10;0;unknown;0
2025-07-02T21:43:00+02:00;44080;50;2;0;unknown;0
2025-07-02T21:43:00+02:00;44113_D;50;6;0;unknown;0
2025-07-02T21:43:00+02:00;44113_G;50;6;0;unknown;0
2025-07-02T21:43:00+02:00;44114_D;50;5;0;unknown;0
2025-07-02T21:43:00+02:00;44114_G;50;5;0;unknown;0
2025-07-02T21:43:00+02:00;44115_D;50;7;0;unknown;0
2025-07-02T21:43:00+02:00;44115_G;50;7;0;unknown;0
2025-07-02T21:43:00+02:00;44117_D;50;6;0;unknown;0
2025-07-02T21:43:00+02:00;44117_G;50;5;0;unknown;0
2025-07-02T21:43:00+02:00;44118_D;50;4;0;unknown;0
2025-07-02T21:43:00+02:00;44118_G;50;4;0;unknown;0
2025-07-02T21:43:00+02:00;44125_D;50;3;0;unknown;0
2025-07-02T21:43:00+02:00;44125_G;50;3;0;unknown;0
2025-07-02T21:43:00+02:00;44127;50;6;0;unknown;0
2025-07-02T21:43:00+02:00;44128;50;7;0;unknown;0
2025-07-02T21:43:00+02:00;44170_D;50;3;0;unknown;0
2025-07-02T21:43:00+02:00;44170_G;50;4;0;unknown;0
2025-07-02T21:43:00+02:00;44713_D;50;1;0;unknown;0
2025-07-02T21:43:00+02:00;44713_G;28;1;12;heavy;1
2025-07-02T21:43:00+02:00;44930;46;4;52;freeFlow;1
2025-07-02T21:43:00+02:00;44931;56;12;68;freeFlow;2
2025-07-02T21:43:00+02:00;44934;99;20;60;freeFlow;1
2025-07-02T21:43:00+02:00;45486_G;28;7;15;heavy;1
2025-07-02T21:43:00+02:00;45487_G;28;9;15;heavy;1
2025-07-02T21:43:00+02:00;45488_D;49;14;15;freeFlow;1
2025-07-02T21:43:00+02:00;45488_G;28;24;15;heavy;1
2025-07-02T21:43:00+02:00;45489_D;50;5;15;freeFlow;1
2025-07-02T21:43:00+02:00;45489_G;34;8;12;heavy;1
2025-07-02T21:43:00+02:00;45490_D;47;3;15;freeFlow;1
2025-07-02T21:43:00+02:00;45490_G;36;4;12;freeFlow;1
2025-07-02T21:43:00+02:00;45503_D;30;5;22;heavy;1
2025-07-02T21:43:00+02:00;45503_G;32;4;45;heavy;1
2025-07-02T21:43:00+02:00;45504_D;30;5;22;heavy;1
2025-07-02T21:43:00+02:00;45504_G;36;4;45;freeFlow;1
2025-07-02T21:43:00+02:00;45505_D;35;9;22;freeFlow;1
2025-07-02T21:43:00+02:00;45505_G;36;9;45;freeFlow;1
2025-07-02T21:43:00+02:00;45530_D;30;2;0;unknown;0
2025-07-02T21:43:00+02:00;45530_G;30;2;0;unknown;0
2025-07-02T21:43:00+02:00;45531_D;30;2;0;unknown;0
2025-07-02T21:43:00+02:00;45531_G;30;2;0;unknown;0
2025-07-02T21:43:00+02:00;45532_D;30;7;0;unknown;0
2025-07-02T21:43:00+02:00;45532_G;30;7;0;unknown;0
2025-07-02T21:43:00+02:00;45565_D;45;7;10;freeFlow;1
2025-07-02T21:43:00+02:00;45565_G;33;10;27;heavy;1
2025-07-02T21:43:00+02:00;45566_D;41;7;10;freeFlow;1
2025-07-02T21:43:00+02:00;45566_G;34;8;25;heavy;1
2025-07-02T21:43:00+02:00;45567_D;5;58;12;congested;1
2025-07-02T21:43:00+02:00;45567_G;34;8;25;heavy;1
2025-07-02T21:43:00+02:00;45568_D;43;10;10;freeFlow;1
2025-07-02T21:43:00+02:00;45568_G;29;16;45;heavy;1
2025-07-02T21:43:00+02:00;45601_D;20;15;0;unknown;0
2025-07-02T21:43:00+02:00;45601_G;50;6;0;unknown;0
2025-07-02T21:43:00+02:00;45613_D;31;10;12;heavy;1
2025-07-02T21:43:00+02:00;45613_G;30;11;15;heavy;1
2025-07-02T21:43:00+02:00;45614_D;41;5;15;freeFlow;1
2025-07-02T21:43:00+02:00;45614_G;36;6;12;freeFlow;1
2025-07-02T21:43:00+02:00;45636;70;16;0;unknown;0
2025-07-02T21:43:00+02:00;45637;89;12;60;freeFlow;1
2025-07-02T21:43:00+02:00;45640;48;10;52;freeFlow;1
2025-07-02T21:43:00+02:00;45641;103;12;60;freeFlow;1
2025-07-02T21:43:00+02:00;45642;103;21;60;freeFlow;1
2025-07-02T21:43:00+02:00;45644_D;42;22;48;freeFlow;1
2025-07-02T21:43:00+02:00;45644_G;50;19;0;unknown;0
2025-07-02T21:43:00+02:00;45645_G;50;11;0;unknown;0
2025-07-02T21:43:00+02:00;45725;97;32;60;freeFlow;1
2025-07-02T21:43:00+02:00;45736_D;30;16;50;heavy;1
2025-07-02T21:43:00+02:00;45736_G;50;9;0;unknown;0
2025-07-02T21:43:00+02:00;45759_D;50;8;0;unknown;0
2025-07-02T21:43:00+02:00;45759_G;50;7;0;unknown;0
2025-07-02T21:43:00+02:00;45760_D;15;19;45;heavy;1
2025-07-02T21:43:00+02:00;45760_G;50;6;0;unknown;0
2025-07-02T21:43:00+02:00;45761_G;50;6;0;unknown;0
2025-07-02T21:43:00+02:00;45762_D;12;21;45;congested;1
2025-07-02T21:43:00+02:00;45762_G;50;5;0;unknown;0
2025-07-02T21:43:00+02:00;45849_D;50;2;0;unknown;0
2025-07-02T21:43:00+02:00;45849_G;50;2;0;unknown;0
2025-07-02T21:43:00+02:00;45850_D;50;2;0;unknown;0
2025-07-02T21:43:00+02:00;45850_G;50;2;0;unknown;0
2025-07-02T21:43:00+02:00;45865_G;50;7;0;unknown;0
2025-07-02T21:43:00+02:00;46027;21;3;42;heavy;1
2025-07-02T21:43:00+02:00;46028;50;14;0;unknown;0
2025-07-02T21:43:00+02:00;46029;38;4;42;freeFlow;1
2025-07-02T21:43:00+02:00;46036_D;35;14;10;heavy;1
2025-07-02T21:43:00+02:00;46036_G;36;14;45;freeFlow;1
2025-07-02T21:43:00+02:00;46053_G;20;19;45;heavy;1
2025-07-02T21:43:00+02:00;46054_D;27;7;30;heavy;1
2025-07-02T21:43:00+02:00;46054_G;43;4;45;freeFlow;1
2025-07-02T21:43:00+02:00;46055_D;15;16;30;heavy;1
2025-07-02T21:43:00+02:00;46055_G;50;5;45;freeFlow;1
2025-07-02T21:43:00+02:00;46056_G;40;2;45;freeFlow;1
2025-07-02T21:43:00+02:00;46057_D;16;11;30;heavy;1
2025-07-02T21:43:00+02:00;46057_G;35;6;42;freeFlow;1
2025-07-02T21:43:00+02:00;46058_D;49;7;30;freeFlow;1
2025-07-02T21:43:00+02:00;46058_G;30;11;42;heavy;1
2025-07-02T21:43:00+02:00;46059_D;26;23;32;heavy;1
2025-07-02T21:43:00+02:00;46059_G;42;14;42;freeFlow;1
2025-07-02T21:43:00+02:00;46079_D;35;8;30;heavy;1
2025-07-02T21:43:00+02:00;46079_G;31;10;42;heavy;1
2025-07-02T21:43:00+02:00;46080_D;37;13;32;freeFlow;1
2025-07-02T21:43:00+02:00;46080_G;44;11;42;freeFlow;1
2025-07-02T21:43:00+02:00;46081;65;4;27;freeFlow;1
2025-07-02T21:43:00+02:00;46135;65;5;27;freeFlow;1
2025-07-02T21:43:00+02:00;46136;65;4;27;freeFlow;1
2025-07-02T21:43:00+02:00;46137;65;7;27;freeFlow;1
2025-07-02T21:43:00+02:00;46163;8;37;57;congested;2
2025-07-02T21:43:00+02:00;46228;90;11;0;unknown;0
2025-07-02T21:43:00+02:00;46230;96;15;60;freeFlow;1
2025-07-02T21:43:00+02:00;46251_D;41;4;15;freeFlow;1
2025-07-02T21:43:00+02:00;46251_G;31;6;12;heavy;1
2025-07-02T21:43:00+02:00;46264;90;18;0;unknown;0
2025-07-02T21:43:00+02:00;46265;96;7;60;freeFlow;1
2025-07-02T21:43:00+02:00;46266;96;3;60;freeFlow;1
2025-07-02T21:43:00+02:00;46267;78;10;75;freeFlow;2
2025-07-02T21:43:00+02:00;46268;80;19;75;freeFlow;2
2025-07-02T21:43:00+02:00;46270_D;50;4;0;unknown;0
2025-07-02T21:43:00+02:00;46270_G;50;4;0;unknown;0
2025-07-02T21:43:00+02:00;46271_D;50;5;0;unknown;0
2025-07-02T21:43:00+02:00;46271_G;50;5;0;unknown;0
2025-07-02T21:43:00+02:00;46374_D;43;29;60;freeFlow;1
2025-07-02T21:43:00+02:00;46374_G;50;25;0;unknown;0
2025-07-02T21:43:00+02:00;46375_D;50;10;0;unknown;0
2025-07-02T21:43:00+02:00;46375_G;50;10;0;unknown;0
2025-07-02T21:43:00+02:00;46376_D;50;14;0;unknown;0
2025-07-02T21:43:00+02:00;46376_G;50;14;0;unknown;0
2025-07-02T21:43:00+02:00;46377_D;50;8;0;unknown;0
2025-07-02T21:43:00+02:00;46377_G;50;8;0;unknown;0
2025-07-02T21:43:00+02:00;46427_D;50;7;0;unknown;0
2025-07-02T21:43:00+02:00;46427_G;50;7;0;unknown;0
2025-07-02T21:43:00+02:00;46559_D;50;1;0;unknown;0
2025-07-02T21:43:00+02:00;46559_G;31;2;12;heavy;1
2025-07-02T21:43:00+02:00;46560_D;48;8;0;unknown;0
2025-07-02T21:43:00+02:00;46560_G;20;19;10;heavy;1
2025-07-02T21:43:00+02:00;46561_D;44;5;0;unknown;0
2025-07-02T21:43:00+02:00;46561_G;38;7;10;freeFlow;1
2025-07-02T21:43:00+02:00;46562_D;50;2;0;unknown;0
2025-07-02T21:43:00+02:00;46562_G;38;3;10;freeFlow;1
2025-07-02T21:43:00+02:00;46563_D;50;8;0;unknown;0
2025-07-02T21:43:00+02:00;46563_G;38;11;10;freeFlow;1
2025-07-02T21:43:00+02:00;46564_D;50;4;0;unknown;0
2025-07-02T21:43:00+02:00;46564_G;50;4;0;unknown;0
2025-07-02T21:43:00+02:00;46565_D;50;4;0;unknown;0
2025-07-02T21:43:00+02:00;46565_G;50;4;0;unknown;0
2025-07-02T21:43:00+02:00;46566_D;50;5;0;unknown;0
2025-07-02T21:43:00+02:00;46566_G;50;5;0;unknown;0
2025-07-02T21:43:00+02:00;46567_G;50;2;0;unknown;0
2025-07-02T21:43:00+02:00;46568_D;45;1;0;unknown;0
2025-07-02T21:43:00+02:00;46568_G;28;2;45;heavy;1
2025-07-02T21:43:00+02:00;46569_D;37;13;0;unknown;0
2025-07-02T21:43:00+02:00;46569_G;50;9;0;unknown;0
2025-07-02T21:43:00+02:00;46627_D;49;11;0;unknown;0
2025-07-02T21:43:00+02:00;46627_G;8;64;12;congested;1
2025-07-02T21:43:00+02:00;46628_D;50;8;0;unknown;0
2025-07-02T21:43:00+02:00;46628_G;23;17;10;heavy;1
2025-07-02T21:43:00+02:00;46640;50;15;0;unknown;0
2025-07-02T21:43:00+02:00;46641;50;8;0;unknown;0
2025-07-02T21:43:00+02:00;46643;65;3;27;freeFlow;1
2025-07-02T21:43:00+02:00;46649;50;8;0;unknown;0
2025-07-02T21:43:00+02:00;46653_D;50;12;0;unknown;0
2025-07-02T21:43:00+02:00;46653_G;48;13;48;freeFlow;1
2025-07-02T21:43:00+02:00;46654_D;47;11;0;unknown;0
2025-07-02T21:43:00+02:00;46654_G;55;9;48;freeFlow;1
2025-07-02T21:43:00+02:00;46655_D;49;3;0;unknown;0
2025-07-02T21:43:00+02:00;46655_G;34;5;48;heavy;1
2025-07-02T21:43:00+02:00;46682;46;11;0;unknown;0
2025-07-02T21:43:00+02:00;46683;40;2;0;unknown;0
2025-07-02T21:43:00+02:00;46684;42;11;38;freeFlow;1
2025-07-02T21:43:00+02:00;46685;51;21;15;freeFlow;1
2025-07-02T21:43:00+02:00;46686;46;29;75;freeFlow;2
2025-07-02T21:43:00+02:00;46688;99;11;38;freeFlow;2
2025-07-02T21:43:00+02:00;46716;93;1;100;freeFlow;3
2025-07-02T21:43:00+02:00;46717;88;43;100;freeFlow;4
2025-07-02T21:43:00+02:00;46718;90;11;100;freeFlow;3
2025-07-02T21:43:00+02:00;46719;107;7;27;freeFlow;1
2025-07-02T21:43:00+02:00;46720;49;4;60;heavy;1
2025-07-02T21:43:00+02:00;46728;89;4;30;freeFlow;1
2025-07-02T21:43:00+02:00;46745_D;50;12;0;unknown;0
2025-07-02T21:43:00+02:00;46745_G;5;118;10;congested;1
2025-07-02T21:43:00+02:00;46746_D;36;24;62;freeFlow;2
2025-07-02T21:43:00+02:00;46746_G;22;40;30;heavy;1
2025-07-02T21:43:00+02:00;46975;50;3;0;unknown;0
2025-07-02T21:43:00+02:00;47024;50;3;0;unknown;0
2025-07-02T21:43:00+02:00;47025;29;13;10;heavy;1
2025-07-02T21:43:00+02:00;47030;7;44;40;congested;1
2025-07-02T21:43:00+02:00;47057;67;13;75;freeFlow;2
2025-07-02T21:43:00+02:00;47058;62;30;75;heavy;2
2025-07-02T21:43:00+02:00;47059;98;13;60;freeFlow;1
2025-07-02T21:43:00+02:00;47060;93;10;100;freeFlow;3
2025-07-02T21:43:00+02:00;47062;50;17;0;unknown;0
2025-07-02T21:43:00+02:00;47064;62;1;60;freeFlow;1
2025-07-02T21:43:00+02:00;47066;87;1;60;freeFlow;1
2025-07-02T21:43:00+02:00;47068;58;12;30;freeFlow;1
2025-07-02T21:43:00+02:00;47070;87;3;60;freeFlow;1
2025-07-02T21:43:00+02:00;47071;58;15;75;freeFlow;2
2025-07-02T21:43:00+02:00;47074;85;5;75;freeFlow;2
2025-07-02T21:43:00+02:00;47075;90;3;75;freeFlow;2
2025-07-02T21:43:00+02:00;47078;71;34;60;freeFlow;1
2025-07-02T21:43:00+02:00;47101;8;47;58;congested;1
2025-07-02T21:43:00+02:00;47107;85;6;75;freeFlow;2
2025-07-02T21:43:00+02:00;47108;63;13;20;freeFlow;1
2025-07-02T21:43:00+02:00;47109;74;1;75;freeFlow;2
2025-07-02T21:43:00+02:00;47110;70;11;0;unknown;0
2025-07-02T21:43:00+02:00;47111;96;19;60;freeFlow;1
2025-07-02T21:43:00+02:00;47112;58;15;75;freeFlow;2
2025-07-02T21:43:00+02:00;47113;89;6;75;freeFlow;2
2025-07-02T21:43:00+02:00;47114;50;28;0;unknown;0
2025-07-02T21:43:00+02:00;47115;90;16;60;freeFlow;1
2025-07-02T21:43:00+02:00;47238;58;10;60;heavy;1
2025-07-02T21:43:00+02:00;47240;91;16;100;freeFlow;4
2025-07-02T21:43:00+02:00;47241;79;13;100;freeFlow;3
2025-07-02T21:43:00+02:00;47242;58;22;60;heavy;1
2025-07-02T21:43:00+02:00;47243;58;24;60;heavy;1
2025-07-02T21:43:00+02:00;47290;29;18;55;heavy;2
2025-07-02T21:43:00+02:00;47293;58;9;60;freeFlow;1
2025-07-02T21:43:00+02:00;47299;32;11;38;heavy;1
2025-07-02T21:43:00+02:00;47300;65;19;27;freeFlow;1
2025-07-02T21:43:00+02:00;47306;89;23;100;freeFlow;4
2025-07-02T21:43:00+02:00;47316;48;6;75;heavy;2
2025-07-02T21:43:00+02:00;47428_D;50;5;0;unknown;0
2025-07-02T21:43:00+02:00;47428_G;50;5;0;unknown;0
2025-07-02T21:43:00+02:00;48769_D;14;10;48;congested;1
2025-07-02T21:43:00+02:00;48769_G;50;3;0;unknown;0
2025-07-02T21:43:00+02:00;48890;40;1;30;freeFlow;1
2025-07-02T21:43:00+02:00;48891;50;1;0;unknown;0
2025-07-02T21:43:00+02:00;48958_D;50;4;0;unknown;0
2025-07-02T21:43:00+02:00;48958_G;50;4;0;unknown;0
2025-07-02T21:43:00+02:00;489866_G;36;5;10;freeFlow;1
2025-07-02T21:43:00+02:00;49004;50;4;0;unknown;0
2025-07-02T21:43:00+02:00;490194_D;50;1;0;unknown;0
2025-07-02T21:43:00+02:00;490194_G;40;1;75;freeFlow;2
2025-07-02T21:43:00+02:00;49023;70;8;0;unknown;0
2025-07-02T21:43:00+02:00;49068;14;44;45;congested;1
2025-07-02T21:43:00+02:00;49074;70;1;0;unknown;0
2025-07-02T21:43:00+02:00;49075;70;2;0;unknown;0
2025-07-02T21:43:00+02:00;49081;65;9;27;freeFlow;1
2025-07-02T21:43:00+02:00;49084;49;9;53;freeFlow;2
2025-07-02T21:43:00+02:00;49137_D;50;4;0;unknown;0
2025-07-02T21:43:00+02:00;49137_G;50;4;0;unknown;0
2025-07-02T21:43:00+02:00;49184;58;2;30;freeFlow;1
2025-07-02T21:43:00+02:00;492351_G;32;4;12;heavy;1
2025-07-02T21:43:00+02:00;492359_D;40;7;15;freeFlow;1
2025-07-02T21:43:00+02:00;492363_D;50;9;0;unknown;0
2025-07-02T21:43:00+02:00;492363_G;50;10;0;unknown;0
2025-07-02T21:43:00+02:00;492435;18;24;75;heavy;2
2025-07-02T21:43:00+02:00;492445_G;50;13;0;unknown;0
2025-07-02T21:43:00+02:00;492450;50;10;0;unknown;0
2025-07-02T21:43:00+02:00;492452;50;10;0;unknown;0
2025-07-02T21:43:00+02:00;492459;30;2;0;unknown;0
2025-07-02T21:43:00+02:00;492474;70;3;0;unknown;0
2025-07-02T21:43:00+02:00;492475;70;12;0;unknown;0
2025-07-02T21:43:00+02:00;492476;50;10;0;unknown;0
2025-07-02T21:43:00+02:00;492477;50;2;0;unknown;0
2025-07-02T21:43:00+02:00;492479;50;13;0;unknown;0
2025-07-02T21:43:00+02:00;492481;50;3;0;unknown;0
2025-07-02T21:43:00+02:00;492482;50;3;0;unknown;0
2025-07-02T21:43:00+02:00;492483;50;4;0;unknown;0
2025-07-02T21:43:00+02:00;492485;50;1;0;unknown;0
2025-07-02T21:43:00+02:00;492490;30;11;0;unknown;0
2025-07-02T21:43:00+02:00;492495;70;1;0;unknown;0
2025-07-02T21:43:00+02:00;492498;50;9;0;unknown;0
2025-07-02T21:43:00+02:00;492506;19;11;75;heavy;2
2025-07-02T21:43:00+02:00;492512;50;2;0;unknown;0
2025-07-02T21:43:00+02:00;492514;50;1;0;unknown;0
2025-07-02T21:43:00+02:00;492519;51;10;75;freeFlow;2
2025-07-02T21:43:00+02:00;492574;50;3;0;unknown;0
2025-07-02T21:43:00+02:00;492576;50;1;0;unknown;0
2025-07-02T21:43:00+02:00;49328_D;50;2;0;unknown;0
2025-07-02T21:43:00+02:00;49328_G;50;2;0;unknown;0
2025-07-02T21:43:00+02:00;49686_D;50;3;0;unknown;0
2025-07-02T21:43:00+02:00;49686_G;50;3;0;unknown;0
2025-07-02T21:43:00+02:00;50079_D;30;8;0;unknown;0
2025-07-02T21:43:00+02:00;50079_G;30;8;0;unknown;0
2025-07-02T21:43:00+02:00;50191_D;35;15;0;unknown;0
2025-07-02T21:43:00+02:00;50191_G;50;11;0;unknown;0
2025-07-02T21:43:00+02:00;50308_G;32;9;10;heavy;1
2025-07-02T21:43:00+02:00;50355_D;41;7;15;freeFlow;1
2025-07-02T21:43:00+02:00;50355_G;30;9;12;heavy;1
2025-07-02T21:43:00+02:00;50416_D;40;3;15;freeFlow;1
2025-07-02T21:43:00+02:00;50416_G;36;4;10;freeFlow;1
2025-07-02T21:43:00+02:00;50475;43;9;10;freeFlow;1
2025-07-02T21:43:00+02:00;50509;48;9;0;unknown;0
2025-07-02T21:43:00+02:00;50573_D;30;8;0;unknown;0
2025-07-02T21:43:00+02:00;50573_G;30;6;0;unknown;0
2025-07-02T21:43:00+02:00;51008;65;2;27;freeFlow;1
2025-07-02T21:43:00+02:00;51017;4;32;0;unknown;0
2025-07-02T21:43:00+02:00;51159_D;50;13;0;unknown;0
2025-07-02T21:43:00+02:00;51159_G;50;13;0;unknown;0
2025-07-02T21:43:00+02:00;51254_D;12;24;0;unknown;0
2025-07-02T21:43:00+02:00;51254_G;50;6;0;unknown;0
2025-07-02T21:43:00+02:00;51323_D;50;3;0;unknown;0
2025-07-02T21:43:00+02:00;51323_G;50;4;0;unknown;0
2025-07-02T21:43:00+02:00;51437_D;46;4;10;freeFlow;1
2025-07-02T21:43:00+02:00;51437_G;39;3;0;unknown;0
2025-07-02T21:43:00+02:00;51455_D;46;6;10;freeFlow;1
2025-07-02T21:43:00+02:00;51455_G;39;7;0;unknown;0
2025-07-02T21:43:00+02:00;51797;50;4;0;unknown;0
2025-07-02T21:43:00+02:00;52130;50;4;0;unknown;0
2025-07-02T21:43:00+02:00;53329_D;30;6;0;unknown;0
2025-07-02T21:43:00+02:00;53329_G;30;6;0;unknown;0
2025-07-02T21:43:00+02:00;53336_D;50;8;0;unknown;0
2025-07-02T21:43:00+02:00;53336_G;35;11;0;unknown;0
2025-07-02T21:43:00+02:00;53411_D;50;7;0;unknown;0
2025-07-02T21:43:00+02:00;53539_G;39;5;52;freeFlow;1
2025-07-02T21:43:00+02:00;53542;70;6;0;unknown;0
2025-07-02T21:43:00+02:00;53543;90;5;0;unknown;0
2025-07-02T21:43:00+02:00;53575_D;50;13;0;unknown;0
2025-07-02T21:43:00+02:00;53575_G;50;12;0;unknown;0
2025-07-02T21:43:00+02:00;53656;39;2;27;freeFlow;1
2025-07-02T21:43:00+02:00;53660;35;10;54;freeFlow;2
2025-07-02T21:43:00+02:00;53663;20;6;20;heavy;1
2025-07-02T21:43:00+02:00;53675;39;2;75;heavy;2
2025-07-02T21:43:00+02:00;53676;41;3;57;heavy;2
2025-07-02T21:43:00+02:00;53677;50;12;53;freeFlow;2
2025-07-02T21:43:00+02:00;53678;36;1;42;heavy;1
2025-07-02T21:43:00+02:00;53679;36;3;42;heavy;1
2025-07-02T21:43:00+02:00;53681;44;45;52;freeFlow;1
2025-07-02T21:43:00+02:00;53721;50;1;0;unknown;0
2025-07-02T21:43:00+02:00;53885_D;50;10;0;unknown;0
2025-07-02T21:43:00+02:00;53885_G;46;11;75;freeFlow;2
2025-07-02T21:43:00+02:00;54211;38;17;60;freeFlow;1
2025-07-02T21:43:00+02:00;54334_D;50;1;0;unknown;0
2025-07-02T21:43:00+02:00;54334_G;50;1;0;unknown;0
2025-07-02T21:43:00+02:00;54337;50;16;0;unknown;0
2025-07-02T21:43:00+02:00;54361;50;4;0;unknown;0
2025-07-02T21:43:00+02:00;54580_G;19;31;12;heavy;1
2025-07-02T21:43:00+02:00;54707;53;9;0;unknown;0
2025-07-02T21:43:00+02:00;54709;50;1;0;unknown;0
2025-07-02T21:43:00+02:00;54710;53;4;0;unknown;0
2025-07-02T21:43:00+02:00;55397_D;33;2;50;heavy;1
2025-07-02T21:43:00+02:00;55397_G;50;1;0;unknown;0
2025-07-02T21:43:00+02:00;55401;50;8;0;unknown;0
2025-07-02T21:43:00+02:00;55405;50;1;0;unknown;0
2025-07-02T21:43:00+02:00;55406;50;4;0;unknown;0
2025-07-02T21:43:00+02:00;55407;33;4;50;heavy;1
2025-07-02T21:43:00+02:00;55408;33;5;50;heavy;1
2025-07-02T21:43:00+02:00;55440_D;30;6;0;unknown;0
2025-07-02T21:43:00+02:00;55440_G;30;6;0;unknown;0
2025-07-02T21:43:00+02:00;55443_D;50;2;0;unknown;0
2025-07-02T21:43:00+02:00;55443_G;50;1;0;unknown;0
2025-07-02T21:43:00+02:00;55446;50;2;0;unknown;0
2025-07-02T21:43:00+02:00;55447;40;1;68;freeFlow;2
2025-07-02T21:43:00+02:00;55448;33;2;68;heavy;2
2025-07-02T21:43:00+02:00;55449;50;1;0;unknown;0
2025-07-02T21:43:00+02:00;55516;50;2;0;unknown;0
2025-07-02T21:43:00+02:00;55669;22;10;42;heavy;1
2025-07-02T21:43:00+02:00;55671;50;7;0;unknown;0
2025-07-02T21:43:00+02:00;55696;50;15;0;unknown;0
2025-07-02T21:43:00+02:00;55698;50;9;0;unknown;0
2025-07-02T21:43:00+02:00;55700;50;8;0;unknown;0
2025-07-02T21:43:00+02:00;55703;50;3;0;unknown;0
2025-07-02T21:43:00+02:00;55706;50;1;0;unknown;0
2025-07-02T21:43:00+02:00;55707;65;5;27;freeFlow;1
2025-07-02T21:43:00+02:00;55708;15;8;30;heavy;1
2025-07-02T21:43:00+02:00;55710;65;10;27;freeFlow;1
2025-07-02T21:43:00+02:00;55711;4;13;27;congested;1
2025-07-02T21:43:00+02:00;55713;50;14;0;unknown;0
2025-07-02T21:43:00+02:00;55781_D;3;33;35;congested;1
2025-07-02T21:43:00+02:00;55781_G;46;3;42;freeFlow;1
2025-07-02T21:43:00+02:00;55800;19;17;38;heavy;1
2025-07-02T21:43:00+02:00;55801;9;17;55;congested;2
2025-07-02T21:43:00+02:00;55805;16;15;40;heavy;1
2025-07-02T21:43:00+02:00;55806;16;32;40;heavy;1
2025-07-02T21:43:00+02:00;55811;36;9;42;freeFlow;1
2025-07-02T21:43:00+02:00;55814;36;3;42;freeFlow;1
2025-07-02T21:43:00+02:00;55815;65;0;27;freeFlow;1
2025-07-02T21:43:00+02:00;55820;50;1;0;unknown;0
2025-07-02T21:43:00+02:00;55821;9;14;53;congested;2
2025-07-02T21:43:00+02:00;55822;10;10;53;congested;2
2025-07-02T21:43:00+02:00;55823;22;2;12;heavy;1
2025-07-02T21:43:00+02:00;55824;16;4;55;heavy;2
2025-07-02T21:43:00+02:00;55827;36;2;42;heavy;1
2025-07-02T21:43:00+02:00;55830;26;3;10;heavy;1
2025-07-02T21:43:00+02:00;55841;43;11;0;unknown;0
2025-07-02T21:43:00+02:00;55843;50;1;0;unknown;0
2025-07-02T21:43:00+02:00;55879;26;2;10;heavy;1
2025-07-02T21:43:00+02:00;55883;37;2;10;freeFlow;1
2025-07-02T21:43:00+02:00;55887;34;16;38;heavy;1
2025-07-02T21:43:00+02:00;55888;45;13;10;freeFlow;1
2025-07-02T21:43:00+02:00;55889;24;4;40;heavy;1
2025-07-02T21:43:00+02:00;55890;42;2;10;freeFlow;1
2025-07-02T21:43:00+02:00;55894;50;1;0;unknown;0
2025-07-02T21:43:00+02:00;55896;31;2;40;heavy;1
2025-07-02T21:43:00+02:00;55898;50;12;0;unknown;0
2025-07-02T21:43:00+02:00;55899;50;7;0;unknown;0
2025-07-02T21:43:00+02:00;55926_D;50;5;0;unknown;0
2025-07-02T21:43:00+02:00;55926_G;50;5;0;unknown;0
2025-07-02T21:43:00+02:00;55932;50;1;0;unknown;0
2025-07-02T21:43:00+02:00;55933;50;2;0;unknown;0
2025-07-02T21:43:00+02:00;55958;9;7;60;congested;1
2025-07-02T21:43:00+02:00;55959;50;2;0;unknown;0
2025-07-02T21:43:00+02:00;55974;18;2;38;heavy;1
2025-07-02T21:43:00+02:00;55975;87;1;60;freeFlow;1
2025-07-02T21:43:00+02:00;55977;107;1;60;freeFlow;1
2025-07-02T21:43:00+02:00;55978;56;2;57;freeFlow;1
2025-07-02T21:43:00+02:00;55980;58;5;30;freeFlow;1
2025-07-02T21:43:00+02:00;55981;40;7;57;freeFlow;1
2025-07-02T21:43:00+02:00;56019;36;2;42;freeFlow;1
2025-07-02T21:43:00+02:00;56020;50;1;0;unknown;0
2025-07-02T21:43:00+02:00;56113;50;5;0;unknown;0
2025-07-02T21:43:00+02:00;56115;50;4;0;unknown;0
2025-07-02T21:43:00+02:00;56117;50;5;0;unknown;0
2025-07-02T21:43:00+02:00;56118;50;1;0;unknown;0
2025-07-02T21:43:00+02:00;56124;50;1;0;unknown;0
2025-07-02T21:43:00+02:00;56125;50;1;0;unknown;0
2025-07-02T21:43:00+02:00;56126;50;3;0;unknown;0
2025-07-02T21:43:00+02:00;56128;50;1;0;unknown;0
2025-07-02T21:43:00+02:00;56157_D;30;13;0;unknown;0
2025-07-02T21:43:00+02:00;56157_G;30;13;0;unknown;0
2025-07-02T21:43:00+02:00;56165_D;30;2;0;unknown;0
2025-07-02T21:43:00+02:00;56165_G;30;2;0;unknown;0
2025-07-02T21:43:00+02:00;56170;50;1;0;unknown;0
2025-07-02T21:43:00+02:00;56174;50;5;0;unknown;0
2025-07-02T21:43:00+02:00;56175;65;3;27;freeFlow;1
2025-07-02T21:43:00+02:00;56179;50;2;0;unknown;0
2025-07-02T21:43:00+02:00;56180;50;1;0;unknown;0
2025-07-02T21:43:00+02:00;56181;65;2;27;freeFlow;1
2025-07-02T21:43:00+02:00;56182;65;1;27;freeFlow;1
2025-07-02T21:43:00+02:00;56183;50;1;0;unknown;0
2025-07-02T21:43:00+02:00;56218_D;50;3;0;unknown;0
2025-07-02T21:43:00+02:00;56218_G;50;3;0;unknown;0
2025-07-02T21:43:00+02:00;56223;50;1;0;unknown;0
2025-07-02T21:43:00+02:00;56224;50;8;0;unknown;0
2025-07-02T21:43:00+02:00;56225;50;7;0;unknown;0
2025-07-02T21:43:00+02:00;56229;50;3;0;unknown;0
2025-07-02T21:43:00+02:00;56231;50;2;0;unknown;0
2025-07-02T21:43:00+02:00;56232;50;1;0;unknown;0
2025-07-02T21:43:00+02:00;56233;50;9;0;unknown;0
2025-07-02T21:43:00+02:00;56237;50;9;0;unknown;0
2025-07-02T21:43:00+02:00;56239;30;3;0;unknown;0
2025-07-02T21:43:00+02:00;56247;39;1;35;freeFlow;1
2025-07-02T21:43:00+02:00;56250;30;21;0;unknown;0
2025-07-02T21:43:00+02:00;56251;39;16;35;freeFlow;1
2025-07-02T21:43:00+02:00;56254;30;1;0;unknown;0
2025-07-02T21:43:00+02:00;56255;39;1;35;freeFlow;1
2025-07-02T21:43:00+02:00;56256;39;1;35;freeFlow;1
2025-07-02T21:43:00+02:00;56258;30;5;0;unknown;0
2025-07-02T21:43:00+02:00;56260;65;1;27;freeFlow;1
2025-07-02T21:43:00+02:00;56261;30;2;0;unknown;0
2025-07-02T21:43:00+02:00;56263;30;13;0;unknown;0
2025-07-02T21:43:00+02:00;56264;65;6;27;freeFlow;1
2025-07-02T21:43:00+02:00;56298;30;1;0;unknown;0
2025-07-02T21:43:00+02:00;56300;30;1;0;unknown;0
2025-07-02T21:43:00+02:00;56333;36;3;42;freeFlow;1
2025-07-02T21:43:00+02:00;565804_D;39;11;0;unknown;0
2025-07-02T21:43:00+02:00;565804_G;39;11;0;unknown;0
2025-07-02T21:43:00+02:00;565852;70;2;0;unknown;0
2025-07-02T21:43:00+02:00;565853;90;11;0;unknown;0
2025-07-02T21:43:00+02:00;566240;105;1;30;freeFlow;1
2025-07-02T21:43:00+02:00;566445_D;30;2;0;unknown;0
2025-07-02T21:43:00+02:00;566445_G;30;3;0;unknown;0
2025-07-02T21:43:00+02:00;566456_D;30;22;0;unknown;0
2025-07-02T21:43:00+02:00;566456_G;30;22;0;unknown;0
2025-07-02T21:43:00+02:00;566457;50;1;0;unknown;0
2025-07-02T21:43:00+02:00;566465_D;30;10;0;unknown;0
2025-07-02T21:43:00+02:00;566465_G;30;10;0;unknown;0
2025-07-02T21:43:00+02:00;56675_D;13;12;48;congested;1
2025-07-02T21:43:00+02:00;56675_G;50;3;0;unknown;0
2025-07-02T21:43:00+02:00;566941;31;3;40;heavy;1
2025-07-02T21:43:00+02:00;56871_D;50;3;0;unknown;0
2025-07-02T21:43:00+02:00;56871_G;50;3;0;unknown;0
2025-07-02T21:43:00+02:00;56908_D;50;8;0;unknown;0
2025-07-02T21:43:00+02:00;56908_G;50;8;0;unknown;0
2025-07-02T21:43:00+02:00;56925;86;41;100;freeFlow;4
2025-07-02T21:43:00+02:00;56944_D;30;10;0;unknown;0
2025-07-02T21:43:00+02:00;56944_G;30;10;0;unknown;0
2025-07-02T21:43:00+02:00;56945_D;30;8;0;unknown;0
2025-07-02T21:43:00+02:00;56945_G;30;7;0;unknown;0
2025-07-02T21:43:00+02:00;57082_G;30;9;0;unknown;0
2025-07-02T21:43:00+02:00;57083_D;30;14;0;unknown;0
2025-07-02T21:43:00+02:00;57083_G;30;16;0;unknown;0
2025-07-02T21:43:00+02:00;59724;59;3;50;freeFlow;1
2025-07-02T21:43:00+02:00;59750_D;10;23;17;congested;1
2025-07-02T21:43:00+02:00;59750_G;23;9;10;heavy;1
2025-07-02T21:43:00+02:00;59835_D;50;4;0;unknown;0
2025-07-02T21:43:00+02:00;59835_G;50;4;0;unknown;0
2025-07-02T21:43:00+02:00;59836;50;2;0;unknown;0
2025-07-02T21:43:00+02:00;59837;50;1;0;unknown;0
2025-07-02T21:43:00+02:00;59838;50;3;0;unknown;0
2025-07-02T21:43:00+02:00;62559_D;33;10;48;heavy;2
2025-07-02T21:43:00+02:00;62559_G;47;7;42;freeFlow;1
2025-07-02T21:43:00+02:00;62560;51;5;48;freeFlow;2
2025-07-02T21:43:00+02:00;62565_D;37;2;32;freeFlow;1
2025-07-02T21:43:00+02:00;62565_G;47;1;42;freeFlow;1
2025-07-02T21:43:00+02:00;62831_D;7;5;45;congested;1
2025-07-02T21:43:00+02:00;62831_G;50;1;0;unknown;0
2025-07-02T21:43:00+02:00;62832_D;7;9;45;congested;1
2025-07-02T21:43:00+02:00;62832_G;50;1;0;unknown;0
2025-07-02T21:43:00+02:00;63045_D;30;5;0;unknown;0
2025-07-02T21:43:00+02:00;63045_G;30;5;0;unknown;0
2025-07-02T21:43:00+02:00;63053_D;50;4;0;unknown;0
2025-07-02T21:43:00+02:00;63053_G;50;4;0;unknown;0
2025-07-02T21:43:00+02:00;63899;88;19;45;freeFlow;2
2025-07-02T21:43:00+02:00;63934;50;1;0;unknown;0
2025-07-02T21:43:00+02:00;63935;37;11;52;freeFlow;1
2025-07-02T21:43:00+02:00;63936;50;10;0;unknown;0
2025-07-02T21:43:00+02:00;63939;28;22;50;heavy;1
2025-07-02T21:43:00+02:00;63940;50;2;0;unknown;0
2025-07-02T21:43:00+02:00;63941;50;1;0;unknown;0
2025-07-02T21:43:00+02:00;63942;50;1;0;unknown;0
2025-07-02T21:43:00+02:00;63943;20;4;50;heavy;1
2025-07-02T21:43:00+02:00;63944;24;6;50;heavy;1
2025-07-02T21:43:00+02:00;63947;53;2;0;unknown;0
2025-07-02T21:43:00+02:00;63950;53;1;0;unknown;0
2025-07-02T21:43:00+02:00;63951;24;3;0;unknown;0
2025-07-02T21:43:00+02:00;63952;24;1;0;unknown;0
2025-07-02T21:43:00+02:00;63953;24;2;0;unknown;0
2025-07-02T21:43:00+02:00;63970;70;14;0;unknown;0
2025-07-02T21:43:00+02:00;63973;50;2;0;unknown;0
2025-07-02T21:43:00+02:00;64032;50;20;0;unknown;0
2025-07-02T21:43:00+02:00;64061_D;30;10;0;unknown;0
2025-07-02T21:43:00+02:00;64061_G;30;11;0;unknown;0
2025-07-02T21:43:00+02:00;64637_D;107;4;27;freeFlow;1
2025-07-02T21:43:00+02:00;64637_G;28;15;25;heavy;1
2025-07-02T21:43:00+02:00;65310;50;6;0;unknown;0
2025-07-02T21:43:00+02:00;65313;50;6;0;unknown;0
2025-07-02T21:43:00+02:00;65682;71;16;60;freeFlow;1
2025-07-02T21:43:00+02:00;66421;50;2;0;unknown;0
2025-07-02T21:43:00+02:00;66442;50;4;0;unknown;0
2025-07-02T21:43:00+02:00;66782;33;11;50;heavy;1
2025-07-02T21:43:00+02:00;67066;21;15;40;heavy;1
2025-07-02T21:43:00+02:00;67097_D;30;11;0;unknown;0
2025-07-02T21:43:00+02:00;67097_G;30;12;0;unknown;0
2025-07-02T21:43:00+02:00;69381_D;18;16;45;heavy;1
2025-07-02T21:43:00+02:00;69381_G;50;6;0;unknown;0
2025-07-02T21:43:00+02:00;72487_G;80;31;0;unknown;0
2025-07-02T21:43:00+02:00;72614;50;2;0;unknown;0
2025-07-02T21:43:00+02:00;72621;49;7;0;unknown;0
2025-07-02T21:43:00+02:00;72624;37;9;40;freeFlow;1
2025-07-02T21:43:00+02:00;72628;40;0;42;freeFlow;1
2025-07-02T21:43:00+02:00;74283_D;50;15;0;unknown;0
2025-07-02T21:43:00+02:00;74283_G;38;20;75;freeFlow;2
2025-07-02T21:43:00+02:00;75387;37;2;52;freeFlow;1
2025-07-02T21:43:00+02:00;75631;40;8;75;heavy;2
2025-07-02T21:43:00+02:00;75818_D;53;3;0;unknown;0
2025-07-02T21:43:00+02:00;75818_G;54;2;50;freeFlow;1
2025-07-02T21:43:00+02:00;75820;96;20;60;freeFlow;1
2025-07-02T21:43:00+02:00;75824;50;9;0;unknown;0
2025-07-02T21:43:00+02:00;75825;73;6;75;freeFlow;2
2025-07-02T21:43:00+02:00;75828;70;11;0;unknown;0
2025-07-02T21:43:00+02:00;75829;70;10;0;unknown;0
2025-07-02T21:43:00+02:00;75832;64;2;75;freeFlow;2
2025-07-02T21:43:00+02:00;75833;64;3;60;freeFlow;1
2025-07-02T21:43:00+02:00;75835;67;2;60;freeFlow;1
2025-07-02T21:43:00+02:00;75836;74;13;60;freeFlow;1
2025-07-02T21:43:00+02:00;75837;88;5;75;freeFlow;2
2025-07-02T21:43:00+02:00;75838;92;3;60;freeFlow;1
2025-07-02T21:43:00+02:00;75839;50;4;10;freeFlow;1
2025-07-02T21:43:00+02:00;75840;47;4;38;freeFlow;1
2025-07-02T21:43:00+02:00;75845;44;3;38;heavy;1
2025-07-02T21:43:00+02:00;75846;37;8;38;heavy;1
2025-07-02T21:43:00+02:00;75847;47;13;75;heavy;2
2025-07-02T21:43:00+02:00;75848;35;6;27;freeFlow;1
2025-07-02T21:43:00+02:00;75849;20;11;20;heavy;1
2025-07-02T21:43:00+02:00;75850;23;8;20;heavy;1
2025-07-02T21:43:00+02:00;75851;7;27;25;congested;1
2025-07-02T21:43:00+02:00;75853;70;1;0;unknown;0
2025-07-02T21:43:00+02:00;75854;70;3;0;unknown;0
2025-07-02T21:43:00+02:00;75856;34;4;32;heavy;1
2025-07-02T21:43:00+02:00;75897;90;10;0;unknown;0
2025-07-02T21:43:00+02:00;9128;86;32;75;freeFlow;2
2025-07-02T21:43:00+02:00;9130;72;11;17;freeFlow;1
2025-07-02T21:43:00+02:00;9131;96;7;60;freeFlow;1
2025-07-02T21:43:00+02:00;9132;96;22;60;freeFlow;1
2025-07-02T21:43:00+02:00;9146;85;4;75;freeFlow;2
2025-07-02T21:43:00+02:00;9178;90;13;0;unknown;0
2025-07-02T21:43:00+02:00;9179;78;23;75;freeFlow;2
2025-07-02T21:43:00+02:00;9180;96;20;60;freeFlow;1
2025-07-02T21:43:00+02:00;9181;70;14;0;unknown;0
2025-07-02T21:43:00+02:00;9182;36;6;25;heavy;1
2025-07-02T21:43:00+02:00;9183;70;6;0;unknown;0
2025-07-02T21:43:00+02:00;9184;90;7;0;unknown;0
2025-07-02T21:43:00+02:00;9245;91;78;68;freeFlow;2
2025-07-02T21:43:00+02:00;9246;77;155;69;heavy;4
2025-07-02T21:43:00+02:00;9380_D;80;23;0;unknown;0
2025-07-02T21:43:00+02:00;9380_G;80;23;0;unknown;0
2025-07-02T21:43:00+02:00;9389;80;1;0;unknown;0
2025-07-02T21:43:00+02:00;9390;80;1;0;unknown;0
2025-07-02T21:43:00+02:00;9391;80;1;0;unknown;0
2025-07-02T21:43:00+02:00;9392;80;1;0;unknown;0
2025-07-02T21:43:00+02:00;1677832;32;10;60;heavy;1
2025-07-02T21:43:00+02:00;1679085_D;35;3;60;heavy;1
2025-07-02T21:43:00+02:00;1679085_G;55;2;50;freeFlow;1
2025-07-02T21:43:00+02:00;1679794;26;2;48;heavy;1
2025-07-02T21:43:00+02:00;1679795_G;32;2;48;heavy;1
2025-07-02T21:43:00+02:00;1679796;26;2;48;heavy;1
2025-07-02T21:43:00+02:00;1679797_D;50;6;0;unknown;0
2025-07-02T21:43:00+02:00;1679797_G;50;6;0;unknown;0
2025-07-02T21:43:00+02:00;1679798;29;2;50;heavy;1
2025-07-02T21:43:00+02:00;1679800;35;2;60;heavy;1
2025-07-02T21:43:00+02:00;1680335;50;6;0;unknown;0
2025-07-02T21:43:00+02:00;1680340;33;3;60;heavy;1
2025-07-02T21:43:00+02:00;213972_D;50;6;0;unknown;0
2025-07-02T21:43:00+02:00;213972_G;50;5;0;unknown;0
2025-07-02T21:43:00+02:00;213973_D;50;8;0;unknown;0
2025-07-02T21:43:00+02:00;213973_G;50;8;0;unknown;0
2025-07-02T21:43:00+02:00;213974_D;50;4;0;unknown;0
2025-07-02T21:43:00+02:00;213974_G;50;4;0;unknown;0
2025-07-02T21:43:00+02:00;26521;90;60;0;unknown;0
2025-07-02T21:43:00+02:00;26522;87;38;31;freeFlow;1
2025-07-02T21:43:00+02:00;31304_G;50;22;0;unknown;0
2025-07-02T21:43:00+02:00;31328;80;11;48;freeFlow;1
2025-07-02T21:43:00+02:00;31441;71;48;60;freeFlow;1
2025-07-02T21:43:00+02:00;31535;74;10;50;freeFlow;1
2025-07-02T21:43:00+02:00;31552;76;9;45;freeFlow;1
2025-07-02T21:43:00+02:00;31555;75;11;48;freeFlow;1
2025-07-02T21:43:00+02:00;43014_D;42;5;60;freeFlow;1
2025-07-02T21:43:00+02:00;43014_G;35;6;55;heavy;1
2025-07-02T21:43:00+02:00;43105_D;50;5;0;unknown;0
2025-07-02T21:43:00+02:00;43105_G;15;17;60;heavy;1
2025-07-02T21:43:00+02:00;43118_D;35;16;60;heavy;1
2025-07-02T21:43:00+02:00;43118_G;32;17;64;heavy;2
2025-07-02T21:43:00+02:00;43124_D;21;18;60;heavy;1
2025-07-02T21:43:00+02:00;43124_G;32;12;57;freeFlow;1
2025-07-02T21:43:00+02:00;43125_D;30;9;60;freeFlow;1
2025-07-02T21:43:00+02:00;43125_G;30;9;55;freeFlow;1
2025-07-02T21:43:00+02:00;43126_D;26;19;60;freeFlow;1
2025-07-02T21:43:00+02:00;43126_G;31;16;61;freeFlow;2
2025-07-02T21:43:00+02:00;43147_D;25;11;60;freeFlow;1
2025-07-02T21:43:00+02:00;43147_G;32;8;55;freeFlow;1
2025-07-02T21:43:00+02:00;43336_D;50;6;0;unknown;0
2025-07-02T21:43:00+02:00;43336_G;50;6;0;unknown;0
2025-07-02T21:43:00+02:00;43337_D;50;8;0;unknown;0
2025-07-02T21:43:00+02:00;43337_G;50;8;0;unknown;0
2025-07-02T21:43:00+02:00;43338_D;50;4;0;unknown;0
2025-07-02T21:43:00+02:00;43338_G;50;4;0;unknown;0
2025-07-02T21:43:00+02:00;43339_D;50;5;0;unknown;0
2025-07-02T21:43:00+02:00;43339_G;50;5;0;unknown;0
2025-07-02T21:43:00+02:00;43340_D;50;1;0;unknown;0
2025-07-02T21:43:00+02:00;43340_G;50;1;0;unknown;0
2025-07-02T21:43:00+02:00;43341_D;50;4;0;unknown;0
2025-07-02T21:43:00+02:00;43341_G;50;4;0;unknown;0
2025-07-02T21:43:00+02:00;43342_D;50;2;0;unknown;0
2025-07-02T21:43:00+02:00;43342_G;50;2;0;unknown;0
2025-07-02T21:43:00+02:00;43343_D;50;7;0;unknown;0
2025-07-02T21:43:00+02:00;43343_G;50;7;0;unknown;0
2025-07-02T21:43:00+02:00;43345_D;30;10;0;unknown;0
2025-07-02T21:43:00+02:00;43345_G;30;10;0;unknown;0
2025-07-02T21:43:00+02:00;43347_D;30;5;0;unknown;0
2025-07-02T21:43:00+02:00;43347_G;30;5;0;unknown;0
2025-07-02T21:43:00+02:00;43352_D;30;16;0;unknown;0
2025-07-02T21:43:00+02:00;43353_D;30;10;0;unknown;0
2025-07-02T21:43:00+02:00;43353_G;30;10;0;unknown;0
2025-07-02T21:43:00+02:00;43377_D;30;16;0;unknown;0
2025-07-02T21:43:00+02:00;43377_G;30;16;0;unknown;0
2025-07-02T21:43:00+02:00;43379_D;30;7;0;unknown;0
2025-07-02T21:43:00+02:00;43379_G;30;7;0;unknown;0
2025-07-02T21:43:00+02:00;43413_D;30;6;0;unknown;0
2025-07-02T21:43:00+02:00;43413_G;30;6;0;unknown;0
2025-07-02T21:43:00+02:00;43474_D;35;4;60;heavy;1
2025-07-02T21:43:00+02:00;43474_G;21;7;50;heavy;1
2025-07-02T21:43:00+02:00;43615_D;21;3;60;heavy;1
2025-07-02T21:43:00+02:00;43615_G;25;2;50;freeFlow;1
2025-07-02T21:43:00+02:00;43743_D;50;25;0;unknown;0
2025-07-02T21:43:00+02:00;43746;30;7;0;unknown;0
2025-07-02T21:43:00+02:00;43747;30;14;0;unknown;0
2025-07-02T21:43:00+02:00;43751;34;17;60;freeFlow;1
2025-07-02T21:43:00+02:00;43774_D;38;5;60;freeFlow;1
2025-07-02T21:43:00+02:00;43774_G;35;6;57;heavy;1
2025-07-02T21:43:00+02:00;43775_D;50;8;0;unknown;0
2025-07-02T21:43:00+02:00;43775_G;30;13;60;heavy;1
2025-07-02T21:43:00+02:00;43826_D;29;10;100;heavy;3
2025-07-02T21:43:00+02:00;43826_G;11;25;74;congested;2
2025-07-02T21:43:00+02:00;43971;50;13;0;unknown;0
2025-07-02T21:43:00+02:00;43973;50;5;0;unknown;0
2025-07-02T21:43:00+02:00;44003_G;55;8;48;freeFlow;1
2025-07-02T21:43:00+02:00;44004_D;44;25;60;freeFlow;1
2025-07-02T21:43:00+02:00;44004_G;51;22;65;freeFlow;2
2025-07-02T21:43:00+02:00;44017_G;50;3;48;freeFlow;1
2025-07-02T21:43:00+02:00;44018_G;51;11;48;freeFlow;1
2025-07-02T21:43:00+02:00;44037_D;35;5;60;heavy;1
2025-07-02T21:43:00+02:00;44037_G;55;3;50;freeFlow;1
2025-07-02T21:43:00+02:00;44851_D;76;7;60;freeFlow;1
2025-07-02T21:43:00+02:00;44851_G;27;20;60;heavy;1
2025-07-02T21:43:00+02:00;44852_D;50;9;0;unknown;0
2025-07-02T21:43:00+02:00;44852_G;43;11;60;freeFlow;1
2025-07-02T21:43:00+02:00;44854_D;50;1;0;unknown;0
2025-07-02T21:43:00+02:00;44854_G;39;2;60;freeFlow;1
2025-07-02T21:43:00+02:00;44855_D;50;7;0;unknown;0
2025-07-02T21:43:00+02:00;44855_G;34;11;60;heavy;1
2025-07-02T21:43:00+02:00;44879;79;17;27;freeFlow;1
2025-07-02T21:43:00+02:00;44897_D;50;5;0;unknown;0
2025-07-02T21:43:00+02:00;44897_G;8;30;60;congested;1
2025-07-02T21:43:00+02:00;44901;59;26;0;unknown;0
2025-07-02T21:43:00+02:00;44939;91;45;100;freeFlow;3
2025-07-02T21:43:00+02:00;45135_D;50;1;0;unknown;0
2025-07-02T21:43:00+02:00;45135_G;24;3;0;unknown;0
2025-07-02T21:43:00+02:00;45136_G;50;16;0;unknown;0
2025-07-02T21:43:00+02:00;45137_D;50;2;0;unknown;0
2025-07-02T21:43:00+02:00;45137_G;50;1;0;unknown;0
2025-07-02T21:43:00+02:00;45146;17;25;60;heavy;1
2025-07-02T21:43:00+02:00;45147_D;50;1;0;unknown;0
2025-07-02T21:43:00+02:00;45147_G;23;2;55;heavy;1
2025-07-02T21:43:00+02:00;45153;45;9;60;freeFlow;1
2025-07-02T21:43:00+02:00;45155;50;16;0;unknown;0
2025-07-02T21:43:00+02:00;45213;39;12;60;freeFlow;1
2025-07-02T21:43:00+02:00;45214;94;3;57;freeFlow;1
2025-07-02T21:43:00+02:00;45232;50;33;0;unknown;0
2025-07-02T21:43:00+02:00;45233;76;2;60;freeFlow;1
2025-07-02T21:43:00+02:00;45236_D;50;13;0;unknown;0
2025-07-02T21:43:00+02:00;45242;96;12;60;freeFlow;1
2025-07-02T21:43:00+02:00;45246;106;24;52;freeFlow;1
2025-07-02T21:43:00+02:00;45247;76;13;60;freeFlow;1
2025-07-02T21:43:00+02:00;47742_G;41;5;48;freeFlow;1
2025-07-02T21:43:00+02:00;47744;30;68;57;heavy;1
2025-07-02T21:43:00+02:00;48725;50;2;0;unknown;0
2025-07-02T21:43:00+02:00;48736;50;1;0;unknown;0
2025-07-02T21:43:00+02:00;48738;50;1;0;unknown;0
2025-07-02T21:43:00+02:00;48746;50;7;0;unknown;0
2025-07-02T21:43:00+02:00;48751;50;1;0;unknown;0
2025-07-02T21:43:00+02:00;48752;19;4;60;heavy;1
2025-07-02T21:43:00+02:00;48753;50;2;0;unknown;0
2025-07-02T21:43:00+02:00;48754;50;1;0;unknown;0
2025-07-02T21:43:00+02:00;48764;50;1;0;unknown;0
2025-07-02T21:43:00+02:00;48765;25;9;55;heavy;1
2025-07-02T21:43:00+02:00;48796;26;20;75;heavy;2
2025-07-02T21:43:00+02:00;48915_D;50;2;0;unknown;0
2025-07-02T21:43:00+02:00;48915_G;36;3;60;freeFlow;1
2025-07-02T21:43:00+02:00;48916;50;3;0;unknown;0
2025-07-02T21:43:00+02:00;48953_D;50;23;0;unknown;0
2025-07-02T21:43:00+02:00;48953_G;50;23;0;unknown;0
2025-07-02T21:43:00+02:00;48993_D;50;7;0;unknown;0
2025-07-02T21:43:00+02:00;48993_G;50;7;0;unknown;0
2025-07-02T21:43:00+02:00;49042_D;50;1;0;unknown;0
2025-07-02T21:43:00+02:00;49042_G;24;2;60;heavy;1
2025-07-02T21:43:00+02:00;50035_D;35;3;60;heavy;1
2025-07-02T21:43:00+02:00;50035_G;47;2;50;freeFlow;1
2025-07-02T21:43:00+02:00;50087;50;5;0;unknown;0
2025-07-02T21:43:00+02:00;50107_D;50;11;0;unknown;0
2025-07-02T21:43:00+02:00;50107_G;39;14;60;freeFlow;1
2025-07-02T21:43:00+02:00;52835_G;28;5;55;heavy;1
2025-07-02T21:43:00+02:00;52850_D;42;3;60;freeFlow;1
2025-07-02T21:43:00+02:00;52850_G;37;4;55;freeFlow;1
2025-07-02T21:43:00+02:00;52878;23;6;50;freeFlow;1
2025-07-02T21:43:00+02:00;53020_G;52;2;48;freeFlow;1
2025-07-02T21:43:00+02:00;53130_D;50;5;0;unknown;0
2025-07-02T21:43:00+02:00;53130_G;38;7;60;freeFlow;1
2025-07-02T21:43:00+02:00;53375_D;30;3;0;unknown;0
2025-07-02T21:43:00+02:00;53375_G;30;3;0;unknown;0
2025-07-02T21:43:00+02:00;53427;73;59;68;freeFlow;2
2025-07-02T21:43:00+02:00;53988;108;2;57;freeFlow;1
2025-07-02T21:43:00+02:00;53989;50;2;0;unknown;0
2025-07-02T21:43:00+02:00;53992_D;50;8;0;unknown;0
2025-07-02T21:43:00+02:00;53992_G;50;8;0;unknown;0
2025-07-02T21:43:00+02:00;53995;50;1;0;unknown;0
2025-07-02T21:43:00+02:00;53997;50;1;0;unknown;0
2025-07-02T21:43:00+02:00;53999;50;1;0;unknown;0
2025-07-02T21:43:00+02:00;54130;50;31;0;unknown;0
2025-07-02T21:43:00+02:00;54136;50;3;0;unknown;0
2025-07-02T21:43:00+02:00;54219;50;11;0;unknown;0
2025-07-02T21:43:00+02:00;54222;50;12;0;unknown;0
2025-07-02T21:43:00+02:00;54235;34;14;60;heavy;1
2025-07-02T21:43:00+02:00;54300;108;4;57;freeFlow;1
2025-07-02T21:43:00+02:00;54304_D;50;4;0;unknown;0
2025-07-02T21:43:00+02:00;54304_G;7;31;0;unknown;0
2025-07-02T21:43:00+02:00;54309;50;18;0;unknown;0
2025-07-02T21:43:00+02:00;54345;50;3;0;unknown;0
2025-07-02T21:43:00+02:00;54352;76;4;60;freeFlow;1
2025-07-02T21:43:00+02:00;54353;76;2;60;freeFlow;1
2025-07-02T21:43:00+02:00;54356;50;17;0;unknown;0
2025-07-02T21:43:00+02:00;54357;50;5;0;unknown;0
2025-07-02T21:43:00+02:00;54370;62;3;45;freeFlow;1
2025-07-02T21:43:00+02:00;54373;50;4;0;unknown;0
2025-07-02T21:43:00+02:00;54374;105;2;45;freeFlow;1
2025-07-02T21:43:00+02:00;54377;105;10;45;freeFlow;1
2025-07-02T21:43:00+02:00;54396;50;5;0;unknown;0
2025-07-02T21:43:00+02:00;54397;50;12;0;unknown;0
2025-07-02T21:43:00+02:00;54468;104;1;57;freeFlow;1
2025-07-02T21:43:00+02:00;54470;50;5;0;unknown;0
2025-07-02T21:43:00+02:00;56022;50;3;0;unknown;0
2025-07-02T21:43:00+02:00;56598;50;1;0;unknown;0
2025-07-02T21:43:00+02:00;56676_D;42;5;60;freeFlow;1
2025-07-02T21:43:00+02:00;56868;50;4;0;unknown;0
2025-07-02T21:43:00+02:00;56869;50;3;0;unknown;0
2025-07-02T21:43:00+02:00;56894;40;5;60;freeFlow;1
2025-07-02T21:43:00+02:00;56895;44;26;58;freeFlow;1
2025-07-02T21:43:00+02:00;56896;108;2;57;freeFlow;1
2025-07-02T21:43:00+02:00;56901;63;35;30;freeFlow;1
2025-07-02T21:43:00+02:00;60284;108;11;57;freeFlow;1
2025-07-02T21:43:00+02:00;63409_D;50;2;0;unknown;0
2025-07-02T21:43:00+02:00;63409_G;50;2;0;unknown;0
2025-07-02T21:43:00+02:00;66896;20;16;55;heavy;1
2025-07-02T21:43:00+02:00;69440;50;5;0;unknown;0
2025-07-02T21:43:00+02:00;69442;50;8;0;unknown;0
2025-07-02T21:43:00+02:00;75868;59;12;73;heavy;2
2025-07-02T21:43:00+02:00;75908;45;23;60;freeFlow;1
2025-07-02T21:43:00+02:00;75909;8;126;55;congested;1
2025-07-02T21:43:00+02:00;44943;38;16;60;freeFlow;1
2025-07-02T21:43:00+02:00;47063;63;10;20;freeFlow;1
2025-07-02T21:43:00+02:00;71455_G;50;3;0;unknown;0
2025-07-02T21:43:00+02:00;75831;107;9;60;freeFlow;1