datetime;predefinedLocationReference;averageVehicleSpeed;travelTime;travelTimeReliability;trafficStatus;vehicleProbeMeasurement
2025-07-03T06:43:00+02:00;10273_D;70;10;0;unknown;0
2025-07-03T06:43:00+02:00;10273_G;84;9;60;freeFlow;1
2025-07-03T06:43:00+02:00;10274_D;70;9;0;unknown;0
2025-07-03T06:43:00+02:00;10274_G;47;14;100;heavy;3
2025-07-03T06:43:00+02:00;10275_D;70;15;0;unknown;0
2025-07-03T06:43:00+02:00;10275_G;77;13;75;freeFlow;2
2025-07-03T06:43:00+02:00;10277_D;70;22;0;unknown;0
2025-07-03T06:43:00+02:00;10277_G;62;25;100;freeFlow;3
2025-07-03T06:43:00+02:00;10279_D;70;14;0;unknown;0
2025-07-03T06:43:00+02:00;10279_G;78;13;100;freeFlow;3
2025-07-03T06:43:00+02:00;10281_D;70;20;0;unknown;0
2025-07-03T06:43:00+02:00;10281_G;66;21;100;freeFlow;3
2025-07-03T06:43:00+02:00;10315_D;70;8;0;unknown;0
2025-07-03T06:43:00+02:00;10315_G;47;12;75;heavy;2
2025-07-03T06:43:00+02:00;11579_D;81;3;40;freeFlow;1
2025-07-03T06:43:00+02:00;11579_G;80;3;0;unknown;0
2025-07-03T06:43:00+02:00;11652;56;25;100;heavy;3
2025-07-03T06:43:00+02:00;11654;61;2;45;freeFlow;1
2025-07-03T06:43:00+02:00;11777_D;49;2;60;freeFlow;1
2025-07-03T06:43:00+02:00;11777_G;31;2;60;heavy;1
2025-07-03T06:43:00+02:00;11781_D;70;1;60;freeFlow;1
2025-07-03T06:43:00+02:00;11781_G;30;3;0;unknown;0
2025-07-03T06:43:00+02:00;11784_D;38;1;60;freeFlow;1
2025-07-03T06:43:00+02:00;11784_G;30;2;0;unknown;0
2025-07-03T06:43:00+02:00;11785_D;46;1;38;freeFlow;1
2025-07-03T06:43:00+02:00;11785_G;30;1;0;unknown;0
2025-07-03T06:43:00+02:00;12060_D;70;10;0;unknown;0
2025-07-03T06:43:00+02:00;12060_G;81;9;75;freeFlow;2
2025-07-03T06:43:00+02:00;1242_D;31;3;100;heavy;3
2025-07-03T06:43:00+02:00;1242_G;70;2;0;unknown;0
2025-07-03T06:43:00+02:00;1285_D;72;1;75;freeFlow;2
2025-07-03T06:43:00+02:00;1285_G;70;1;0;unknown;0
2025-07-03T06:43:00+02:00;13514;56;4;50;freeFlow;1
2025-07-03T06:43:00+02:00;13515;50;3;50;heavy;1
2025-07-03T06:43:00+02:00;13516;80;1;0;unknown;0
2025-07-03T06:43:00+02:00;13549_D;53;7;60;heavy;1
2025-07-03T06:43:00+02:00;13549_G;89;4;50;freeFlow;1
2025-07-03T06:43:00+02:00;13557_D;34;11;60;heavy;1
2025-07-03T06:43:00+02:00;13557_G;57;7;50;freeFlow;1
2025-07-03T06:43:00+02:00;14364;106;19;75;freeFlow;2
2025-07-03T06:43:00+02:00;14365;104;20;75;freeFlow;2
2025-07-03T06:43:00+02:00;15029_D;103;24;55;freeFlow;1
2025-07-03T06:43:00+02:00;15029_G;58;42;55;freeFlow;1
2025-07-03T06:43:00+02:00;15062;24;6;55;heavy;1
2025-07-03T06:43:00+02:00;15063;61;2;70;freeFlow;2
2025-07-03T06:43:00+02:00;15064;95;2;55;freeFlow;1
2025-07-03T06:43:00+02:00;15065;32;6;55;heavy;1
2025-07-03T06:43:00+02:00;15066;41;3;95;heavy;3
2025-07-03T06:43:00+02:00;15067_D;80;53;0;unknown;0
2025-07-03T06:43:00+02:00;15067_G;92;46;83;freeFlow;3
2025-07-03T06:43:00+02:00;15104_D;80;49;0;unknown;0
2025-07-03T06:43:00+02:00;15104_G;88;45;54;freeFlow;1
2025-07-03T06:43:00+02:00;15111;105;3;100;freeFlow;4
2025-07-03T06:43:00+02:00;15113;27;7;60;heavy;1
2025-07-03T06:43:00+02:00;15114;28;5;60;heavy;1
2025-07-03T06:43:00+02:00;15117;23;7;57;congested;1
2025-07-03T06:43:00+02:00;15118;26;4;57;heavy;1
2025-07-03T06:43:00+02:00;15119;26;7;57;heavy;1
2025-07-03T06:43:00+02:00;15120;25;8;57;heavy;1
2025-07-03T06:43:00+02:00;15121;24;4;57;congested;1
2025-07-03T06:43:00+02:00;15122;50;3;52;heavy;1
2025-07-03T06:43:00+02:00;15124_D;29;29;59;heavy;1
2025-07-03T06:43:00+02:00;15124_G;51;16;52;heavy;1
2025-07-03T06:43:00+02:00;15549_D;50;1;0;unknown;0
2025-07-03T06:43:00+02:00;15549_G;11;3;32;congested;1
2025-07-03T06:43:00+02:00;15550;67;0;60;freeFlow;1
2025-07-03T06:43:00+02:00;15551;93;122;79;freeFlow;4
2025-07-03T06:43:00+02:00;1601768;39;10;45;freeFlow;2
2025-07-03T06:43:00+02:00;1601771;25;10;60;heavy;1
2025-07-03T06:43:00+02:00;1601787;44;2;85;freeFlow;3
2025-07-03T06:43:00+02:00;1601792;39;1;68;freeFlow;2
2025-07-03T06:43:00+02:00;1601794_D;57;2;70;freeFlow;2
2025-07-03T06:43:00+02:00;1601794_G;30;3;0;unknown;0
2025-07-03T06:43:00+02:00;1601795;48;10;70;freeFlow;2
2025-07-03T06:43:00+02:00;1601797;30;17;0;unknown;0
2025-07-03T06:43:00+02:00;1601798;107;1;27;freeFlow;1
2025-07-03T06:43:00+02:00;1601799;30;2;0;unknown;0
2025-07-03T06:43:00+02:00;1601807;55;2;67;freeFlow;2
2025-07-03T06:43:00+02:00;1601808;66;15;45;freeFlow;1
2025-07-03T06:43:00+02:00;1601810;62;15;60;freeFlow;1
2025-07-03T06:43:00+02:00;1601812;66;3;45;freeFlow;1
2025-07-03T06:43:00+02:00;1601813_D;50;25;0;unknown;0
2025-07-03T06:43:00+02:00;1601813_G;65;19;60;freeFlow;1
2025-07-03T06:43:00+02:00;1601814;66;3;60;freeFlow;1
2025-07-03T06:43:00+02:00;1601815;66;3;60;freeFlow;1
2025-07-03T06:43:00+02:00;1601819;47;1;60;freeFlow;1
2025-07-03T06:43:00+02:00;1601824;66;2;45;freeFlow;1
2025-07-03T06:43:00+02:00;1601898;81;19;57;freeFlow;1
2025-07-03T06:43:00+02:00;1601931_D;50;5;0;unknown;0
2025-07-03T06:43:00+02:00;1601931_G;50;5;0;unknown;0
2025-07-03T06:43:00+02:00;1602158_D;50;1;0;unknown;0
2025-07-03T06:43:00+02:00;1602158_G;50;1;0;unknown;0
2025-07-03T06:43:00+02:00;1602398;50;1;0;unknown;0
2025-07-03T06:43:00+02:00;1626;71;35;75;freeFlow;2
2025-07-03T06:43:00+02:00;1627;104;2;75;freeFlow;2
2025-07-03T06:43:00+02:00;1628;50;2;0;unknown;0
2025-07-03T06:43:00+02:00;1629;60;2;75;freeFlow;2
2025-07-03T06:43:00+02:00;1630;102;1;75;freeFlow;2
2025-07-03T06:43:00+02:00;1631;104;1;60;freeFlow;1
2025-07-03T06:43:00+02:00;1632;59;32;60;heavy;2
2025-07-03T06:43:00+02:00;1633;65;12;42;freeFlow;1
2025-07-03T06:43:00+02:00;1639;47;6;60;heavy;1
2025-07-03T06:43:00+02:00;16647_D;70;65;60;freeFlow;1
2025-07-03T06:43:00+02:00;16647_G;80;57;0;unknown;0
2025-07-03T06:43:00+02:00;16648_D;82;9;60;freeFlow;1
2025-07-03T06:43:00+02:00;16648_G;80;9;0;unknown;0
2025-07-03T06:43:00+02:00;16695_D;83;34;50;freeFlow;1
2025-07-03T06:43:00+02:00;16695_G;57;50;60;freeFlow;1
2025-07-03T06:43:00+02:00;16701;26;4;48;heavy;2
2025-07-03T06:43:00+02:00;16702;27;4;32;heavy;1
2025-07-03T06:43:00+02:00;16707_D;50;1;0;unknown;0
2025-07-03T06:43:00+02:00;16707_G;58;1;32;freeFlow;1
2025-07-03T06:43:00+02:00;16744;66;2;50;freeFlow;1
2025-07-03T06:43:00+02:00;16745;43;3;32;heavy;1
2025-07-03T06:43:00+02:00;16746;43;3;32;heavy;1
2025-07-03T06:43:00+02:00;16747;30;6;60;heavy;1
2025-07-03T06:43:00+02:00;16748;27;5;60;heavy;1
2025-07-03T06:43:00+02:00;16749;26;5;60;heavy;1
2025-07-03T06:43:00+02:00;16752_D;39;10;32;heavy;1
2025-07-03T06:43:00+02:00;16752_G;54;8;32;heavy;1
2025-07-03T06:43:00+02:00;1675_D;29;10;60;freeFlow;1
2025-07-03T06:43:00+02:00;1675_G;104;2;60;freeFlow;1
2025-07-03T06:43:00+02:00;1676;104;4;60;freeFlow;1
2025-07-03T06:43:00+02:00;16761;27;3;32;heavy;1
2025-07-03T06:43:00+02:00;16762;41;2;48;freeFlow;2
2025-07-03T06:43:00+02:00;1677;74;7;100;freeFlow;3
2025-07-03T06:43:00+02:00;1677109;48;33;100;heavy;3
2025-07-03T06:43:00+02:00;1677110;70;1;0;unknown;0
2025-07-03T06:43:00+02:00;1677175_D;55;26;70;freeFlow;2
2025-07-03T06:43:00+02:00;1677175_G;30;48;0;unknown;0
2025-07-03T06:43:00+02:00;1677180_D;55;1;70;freeFlow;2
2025-07-03T06:43:00+02:00;1677180_G;30;2;0;unknown;0
2025-07-03T06:43:00+02:00;1677184_D;55;13;70;freeFlow;2
2025-07-03T06:43:00+02:00;1677184_G;30;23;0;unknown;0
2025-07-03T06:43:00+02:00;1677551_D;30;2;0;unknown;0
2025-07-03T06:43:00+02:00;1677551_G;30;2;0;unknown;0
2025-07-03T06:43:00+02:00;1677568_D;50;29;0;unknown;0
2025-07-03T06:43:00+02:00;1677568_G;50;30;0;unknown;0
2025-07-03T06:43:00+02:00;1677569;107;1;27;freeFlow;1
2025-07-03T06:43:00+02:00;1677687;50;1;0;unknown;0
2025-07-03T06:43:00+02:00;1677691;50;1;0;unknown;0
2025-07-03T06:43:00+02:00;1677693;50;2;0;unknown;0
2025-07-03T06:43:00+02:00;1677695_D;50;14;0;unknown;0
2025-07-03T06:43:00+02:00;1677695_G;50;13;0;unknown;0
2025-07-03T06:43:00+02:00;1677709_D;50;3;0;unknown;0
2025-07-03T06:43:00+02:00;1677709_G;50;4;0;unknown;0
2025-07-03T06:43:00+02:00;1677716_D;50;3;0;unknown;0
2025-07-03T06:43:00+02:00;1677716_G;50;3;0;unknown;0
2025-07-03T06:43:00+02:00;1677730_D;107;10;27;freeFlow;1
2025-07-03T06:43:00+02:00;1677730_G;50;22;0;unknown;0
2025-07-03T06:43:00+02:00;1677735_D;50;1;0;unknown;0
2025-07-03T06:43:00+02:00;1677735_G;50;1;0;unknown;0
2025-07-03T06:43:00+02:00;1677745_D;50;2;0;unknown;0
2025-07-03T06:43:00+02:00;1677745_G;50;1;0;unknown;0
2025-07-03T06:43:00+02:00;1677785_D;30;9;0;unknown;0
2025-07-03T06:43:00+02:00;1677785_G;30;9;0;unknown;0
2025-07-03T06:43:00+02:00;1677801_D;50;6;0;unknown;0
2025-07-03T06:43:00+02:00;1677801_G;50;6;0;unknown;0
2025-07-03T06:43:00+02:00;1677808_D;50;13;0;unknown;0
2025-07-03T06:43:00+02:00;1677808_G;50;13;0;unknown;0
2025-07-03T06:43:00+02:00;16783;13;7;48;congested;2
2025-07-03T06:43:00+02:00;16784;37;2;30;freeFlow;1
2025-07-03T06:43:00+02:00;16785;50;2;0;unknown;0
2025-07-03T06:43:00+02:00;1678542;107;20;15;freeFlow;1
2025-07-03T06:43:00+02:00;1678698_D;53;15;32;freeFlow;1
2025-07-03T06:43:00+02:00;1678698_G;53;15;32;freeFlow;1
2025-07-03T06:43:00+02:00;1678750;50;2;0;unknown;0
2025-07-03T06:43:00+02:00;1678763_D;50;4;0;unknown;0
2025-07-03T06:43:00+02:00;1678763_G;57;4;30;freeFlow;1
2025-07-03T06:43:00+02:00;1679092_D;50;4;0;unknown;0
2025-07-03T06:43:00+02:00;1679092_G;50;4;0;unknown;0
2025-07-03T06:43:00+02:00;1679681;72;11;52;freeFlow;1
2025-07-03T06:43:00+02:00;1679779;28;11;45;heavy;1
2025-07-03T06:43:00+02:00;1679795_D;50;1;0;unknown;0
2025-07-03T06:43:00+02:00;1679822;50;1;57;freeFlow;1
2025-07-03T06:43:00+02:00;1679825;26;2;17;heavy;1
2025-07-03T06:43:00+02:00;1679841;42;24;57;freeFlow;1
2025-07-03T06:43:00+02:00;1679843;42;1;60;freeFlow;1
2025-07-03T06:43:00+02:00;1679845;53;1;55;freeFlow;1
2025-07-03T06:43:00+02:00;1679847;47;1;60;freeFlow;1
2025-07-03T06:43:00+02:00;1679859_D;30;16;0;unknown;0
2025-07-03T06:43:00+02:00;1679859_G;30;16;0;unknown;0
2025-07-03T06:43:00+02:00;1680014;89;6;75;freeFlow;2
2025-07-03T06:43:00+02:00;1680016;90;13;100;freeFlow;3
2025-07-03T06:43:00+02:00;1680022;91;5;75;freeFlow;2
2025-07-03T06:43:00+02:00;1680024;89;9;60;freeFlow;1
2025-07-03T06:43:00+02:00;1680116;71;2;60;freeFlow;1
2025-07-03T06:43:00+02:00;1680119;57;3;50;freeFlow;1
2025-07-03T06:43:00+02:00;1680121;66;2;75;freeFlow;2
2025-07-03T06:43:00+02:00;1680122_D;57;32;50;freeFlow;1
2025-07-03T06:43:00+02:00;1680122_G;76;25;60;freeFlow;1
2025-07-03T06:43:00+02:00;1680123;76;2;60;freeFlow;1
2025-07-03T06:43:00+02:00;1680337;42;5;0;unknown;0
2025-07-03T06:43:00+02:00;1680401_D;70;17;0;unknown;0
2025-07-03T06:43:00+02:00;1680401_G;70;18;0;unknown;0
2025-07-03T06:43:00+02:00;1680514_D;50;9;0;unknown;0
2025-07-03T06:43:00+02:00;1680514_G;50;9;0;unknown;0
2025-07-03T06:43:00+02:00;1680539;58;1;97;heavy;3
2025-07-03T06:43:00+02:00;1680541_D;30;14;0;unknown;0
2025-07-03T06:43:00+02:00;1680541_G;30;14;0;unknown;0
2025-07-03T06:43:00+02:00;1680549_D;50;12;0;unknown;0
2025-07-03T06:43:00+02:00;1680549_G;50;13;0;unknown;0
2025-07-03T06:43:00+02:00;1680551_D;30;1;0;unknown;0
2025-07-03T06:43:00+02:00;1680551_G;30;1;0;unknown;0
2025-07-03T06:43:00+02:00;1680557_D;33;1;0;unknown;0
2025-07-03T06:43:00+02:00;1680557_G;50;1;0;unknown;0
2025-07-03T06:43:00+02:00;1680561_D;50;1;0;unknown;0
2025-07-03T06:43:00+02:00;1680561_G;50;1;0;unknown;0
2025-07-03T06:43:00+02:00;1680567;36;2;0;unknown;0
2025-07-03T06:43:00+02:00;1680569;50;3;0;unknown;0
2025-07-03T06:43:00+02:00;1680573;50;1;0;unknown;0
2025-07-03T06:43:00+02:00;1680574;50;2;0;unknown;0
2025-07-03T06:43:00+02:00;1680575;50;6;0;unknown;0
2025-07-03T06:43:00+02:00;1680576;50;2;0;unknown;0
2025-07-03T06:43:00+02:00;16821_D;82;81;64;freeFlow;2
2025-07-03T06:43:00+02:00;16821_G;80;82;0;unknown;0
2025-07-03T06:43:00+02:00;16830_D;50;16;0;unknown;0
2025-07-03T06:43:00+02:00;16830_G;55;15;25;freeFlow;1
2025-07-03T06:43:00+02:00;16831_D;50;2;0;unknown;0
2025-07-03T06:43:00+02:00;16831_G;50;2;0;unknown;0
2025-07-03T06:43:00+02:00;16832;50;3;0;unknown;0
2025-07-03T06:43:00+02:00;16834;68;10;25;freeFlow;1
2025-07-03T06:43:00+02:00;16850_D;50;1;0;unknown;0
2025-07-03T06:43:00+02:00;16850_G;57;1;30;freeFlow;1
2025-07-03T06:43:00+02:00;16851_D;50;3;0;unknown;0
2025-07-03T06:43:00+02:00;16851_G;57;2;30;freeFlow;1
2025-07-03T06:43:00+02:00;16852_D;50;5;0;unknown;0
2025-07-03T06:43:00+02:00;16852_G;57;5;30;freeFlow;1
2025-07-03T06:43:00+02:00;16853_D;50;7;0;unknown;0
2025-07-03T06:43:00+02:00;16853_G;55;6;30;freeFlow;1
2025-07-03T06:43:00+02:00;16854_D;50;4;0;unknown;0
2025-07-03T06:43:00+02:00;16854_G;53;4;30;freeFlow;1
2025-07-03T06:43:00+02:00;16855_D;50;4;0;unknown;0
2025-07-03T06:43:00+02:00;16855_G;52;4;27;freeFlow;1
2025-07-03T06:43:00+02:00;16856_D;50;7;0;unknown;0
2025-07-03T06:43:00+02:00;16856_G;43;8;27;freeFlow;1
2025-07-03T06:43:00+02:00;16858_D;50;30;0;unknown;0
2025-07-03T06:43:00+02:00;16858_G;27;55;27;heavy;1
2025-07-03T06:43:00+02:00;16859_D;50;3;0;unknown;0
2025-07-03T06:43:00+02:00;16859_G;22;7;25;heavy;1
2025-07-03T06:43:00+02:00;16860_D;50;7;0;unknown;0
2025-07-03T06:43:00+02:00;16860_G;40;9;25;freeFlow;1
2025-07-03T06:43:00+02:00;1690_D;47;6;60;freeFlow;1
2025-07-03T06:43:00+02:00;1690_G;87;3;75;freeFlow;2
2025-07-03T06:43:00+02:00;16910_D;50;6;0;unknown;0
2025-07-03T06:43:00+02:00;16910_G;60;5;30;freeFlow;1
2025-07-03T06:43:00+02:00;16967;59;9;60;freeFlow;1
2025-07-03T06:43:00+02:00;16969;60;1;75;freeFlow;2
2025-07-03T06:43:00+02:00;16986;63;10;100;freeFlow;3
2025-07-03T06:43:00+02:00;16988;65;11;75;freeFlow;2
2025-07-03T06:43:00+02:00;16989;64;7;75;freeFlow;2
2025-07-03T06:43:00+02:00;16990;72;6;60;freeFlow;1
2025-07-03T06:43:00+02:00;16992;34;40;75;heavy;2
2025-07-03T06:43:00+02:00;16994;55;20;75;freeFlow;2
2025-07-03T06:43:00+02:00;17;59;4;100;heavy;3
2025-07-03T06:43:00+02:00;1721;87;1;75;freeFlow;2
2025-07-03T06:43:00+02:00;1722;87;2;75;freeFlow;2
2025-07-03T06:43:00+02:00;1723;34;4;60;heavy;1
2025-07-03T06:43:00+02:00;1724_D;59;9;60;freeFlow;1
2025-07-03T06:43:00+02:00;1724_G;104;5;60;freeFlow;1
2025-07-03T06:43:00+02:00;1732_D;87;1;75;freeFlow;2
2025-07-03T06:43:00+02:00;1732_G;39;2;60;freeFlow;1
2025-07-03T06:43:00+02:00;1733_D;87;1;75;freeFlow;2
2025-07-03T06:43:00+02:00;1733_G;45;1;60;freeFlow;1
2025-07-03T06:43:00+02:00;1734_D;87;4;75;freeFlow;2
2025-07-03T06:43:00+02:00;1734_G;32;11;60;heavy;1
2025-07-03T06:43:00+02:00;18337;50;2;0;unknown;0
2025-07-03T06:43:00+02:00;18391_D;103;2;55;freeFlow;1
2025-07-03T06:43:00+02:00;18391_G;85;3;52;freeFlow;1
2025-07-03T06:43:00+02:00;1853;84;28;100;freeFlow;8
2025-07-03T06:43:00+02:00;1855;82;6;100;freeFlow;4
2025-07-03T06:43:00+02:00;1856;73;12;100;freeFlow;5
2025-07-03T06:43:00+02:00;19040;104;1;60;freeFlow;1
2025-07-03T06:43:00+02:00;1910886;50;5;0;unknown;0
2025-07-03T06:43:00+02:00;1911185_D;107;11;27;freeFlow;1
2025-07-03T06:43:00+02:00;1911185_G;66;17;40;freeFlow;1
2025-07-03T06:43:00+02:00;1911398_D;30;2;0;unknown;0
2025-07-03T06:43:00+02:00;1911398_G;30;1;0;unknown;0
2025-07-03T06:43:00+02:00;1911404_D;30;3;0;unknown;0
2025-07-03T06:43:00+02:00;1911404_G;30;3;0;unknown;0
2025-07-03T06:43:00+02:00;1911418;60;4;75;freeFlow;2
2025-07-03T06:43:00+02:00;1911420;37;2;75;freeFlow;2
2025-07-03T06:43:00+02:00;1911448_D;70;27;0;unknown;0
2025-07-03T06:43:00+02:00;1911448_G;107;18;27;freeFlow;1
2025-07-03T06:43:00+02:00;1911623_D;30;6;0;unknown;0
2025-07-03T06:43:00+02:00;1911623_G;30;6;0;unknown;0
2025-07-03T06:43:00+02:00;19628;31;9;75;heavy;2
2025-07-03T06:43:00+02:00;19629;90;1;0;unknown;0
2025-07-03T06:43:00+02:00;19630;41;5;22;heavy;1
2025-07-03T06:43:00+02:00;19631;90;1;0;unknown;0
2025-07-03T06:43:00+02:00;19632;36;2;60;heavy;1
2025-07-03T06:43:00+02:00;19633;65;2;60;freeFlow;1
2025-07-03T06:43:00+02:00;19634;28;3;60;heavy;1
2025-07-03T06:43:00+02:00;19635;26;5;75;heavy;2
2025-07-03T06:43:00+02:00;19636;29;5;75;heavy;2
2025-07-03T06:43:00+02:00;19637;70;1;0;unknown;0
2025-07-03T06:43:00+02:00;19638;39;3;100;heavy;3
2025-07-03T06:43:00+02:00;19639;35;4;100;heavy;3
2025-07-03T06:43:00+02:00;19640;33;4;100;heavy;3
2025-07-03T06:43:00+02:00;19642;44;3;60;heavy;1
2025-07-03T06:43:00+02:00;19643;47;1;60;heavy;1
2025-07-03T06:43:00+02:00;19644;34;3;100;heavy;3
2025-07-03T06:43:00+02:00;19683;85;23;60;freeFlow;1
2025-07-03T06:43:00+02:00;19684;94;50;60;freeFlow;1
2025-07-03T06:43:00+02:00;19685;108;48;100;freeFlow;7
2025-07-03T06:43:00+02:00;19686;111;15;100;freeFlow;7
2025-07-03T06:43:00+02:00;198;72;63;65;freeFlow;2
2025-07-03T06:43:00+02:00;19825_D;64;51;56;freeFlow;2
2025-07-03T06:43:00+02:00;19825_G;92;35;60;freeFlow;1
2025-07-03T06:43:00+02:00;19828;47;3;60;freeFlow;1
2025-07-03T06:43:00+02:00;19830;47;2;60;freeFlow;1
2025-07-03T06:43:00+02:00;19832;64;2;45;freeFlow;1
2025-07-03T06:43:00+02:00;19833;64;2;45;freeFlow;1
2025-07-03T06:43:00+02:00;19841_D;70;21;60;freeFlow;1
2025-07-03T06:43:00+02:00;19841_G;96;15;60;freeFlow;1
2025-07-03T06:43:00+02:00;19842_D;64;6;60;freeFlow;1
2025-07-03T06:43:00+02:00;19842_G;93;4;60;freeFlow;1
2025-07-03T06:43:00+02:00;20525;59;3;50;freeFlow;1
2025-07-03T06:43:00+02:00;20526;59;2;50;freeFlow;1
2025-07-03T06:43:00+02:00;20527;73;2;60;freeFlow;1
2025-07-03T06:43:00+02:00;20528;52;2;60;heavy;1
2025-07-03T06:43:00+02:00;20590_D;81;101;52;freeFlow;1
2025-07-03T06:43:00+02:00;20590_G;89;92;60;freeFlow;1
2025-07-03T06:43:00+02:00;20760_D;71;21;60;freeFlow;1
2025-07-03T06:43:00+02:00;20760_G;69;22;75;freeFlow;2
2025-07-03T06:43:00+02:00;2216_D;80;38;0;unknown;0
2025-07-03T06:43:00+02:00;2216_G;80;38;0;unknown;0
2025-07-03T06:43:00+02:00;2218_D;80;27;0;unknown;0
2025-07-03T06:43:00+02:00;2218_G;80;27;0;unknown;0
2025-07-03T06:43:00+02:00;23984_D;72;1;60;freeFlow;1
2025-07-03T06:43:00+02:00;23984_G;59;1;55;freeFlow;1
2025-07-03T06:43:00+02:00;24143_D;65;6;60;freeFlow;1
2025-07-03T06:43:00+02:00;24143_G;58;7;60;freeFlow;1
2025-07-03T06:43:00+02:00;24147_D;72;53;60;freeFlow;1
2025-07-03T06:43:00+02:00;24147_G;66;58;58;freeFlow;1
2025-07-03T06:43:00+02:00;24148;68;2;60;freeFlow;1
2025-07-03T06:43:00+02:00;24149;49;3;55;freeFlow;1
2025-07-03T06:43:00+02:00;24150;68;2;60;freeFlow;1
2025-07-03T06:43:00+02:00;24151;54;2;55;freeFlow;1
2025-07-03T06:43:00+02:00;24153_D;67;14;60;freeFlow;1
2025-07-03T06:43:00+02:00;24153_G;58;16;55;freeFlow;1
2025-07-03T06:43:00+02:00;24176;103;15;100;freeFlow;5
2025-07-03T06:43:00+02:00;24178;104;10;100;freeFlow;6
2025-07-03T06:43:00+02:00;24179;99;20;100;freeFlow;5
2025-07-03T06:43:00+02:00;24181_D;59;3;75;freeFlow;2
2025-07-03T06:43:00+02:00;24181_G;85;2;60;freeFlow;1
2025-07-03T06:43:00+02:00;24182;94;12;100;freeFlow;5
2025-07-03T06:43:00+02:00;24184_D;53;11;75;freeFlow;2
2025-07-03T06:43:00+02:00;24184_G;58;10;93;freeFlow;3
2025-07-03T06:43:00+02:00;24259;58;2;60;freeFlow;1
2025-07-03T06:43:00+02:00;24260;54;3;60;freeFlow;1
2025-07-03T06:43:00+02:00;24261;65;2;60;freeFlow;1
2025-07-03T06:43:00+02:00;24262;46;4;75;freeFlow;2
2025-07-03T06:43:00+02:00;24264_D;58;1;60;freeFlow;1
2025-07-03T06:43:00+02:00;24264_G;65;1;60;freeFlow;1
2025-07-03T06:43:00+02:00;24265_D;46;1;75;freeFlow;2
2025-07-03T06:43:00+02:00;24265_G;53;1;60;freeFlow;1
2025-07-03T06:43:00+02:00;24274_D;53;9;60;freeFlow;1
2025-07-03T06:43:00+02:00;24274_G;57;9;75;freeFlow;2
2025-07-03T06:43:00+02:00;25687_D;30;7;0;unknown;0
2025-07-03T06:43:00+02:00;25687_G;30;7;0;unknown;0
2025-07-03T06:43:00+02:00;25929_D;80;10;0;unknown;0
2025-07-03T06:43:00+02:00;25929_G;80;11;0;unknown;0
2025-07-03T06:43:00+02:00;25930;80;2;0;unknown;0
2025-07-03T06:43:00+02:00;25931;29;7;30;heavy;1
2025-07-03T06:43:00+02:00;25932;32;5;60;heavy;1
2025-07-03T06:43:00+02:00;25933;30;5;61;heavy;2
2025-07-03T06:43:00+02:00;25934_D;80;3;0;unknown;0
2025-07-03T06:43:00+02:00;25934_G;80;3;0;unknown;0
2025-07-03T06:43:00+02:00;25944_D;34;9;60;heavy;1
2025-07-03T06:43:00+02:00;25944_G;80;3;0;unknown;0
2025-07-03T06:43:00+02:00;25946_D;79;11;60;freeFlow;1
2025-07-03T06:43:00+02:00;25946_G;48;17;60;heavy;1
2025-07-03T06:43:00+02:00;25947_D;80;24;0;unknown;0
2025-07-03T06:43:00+02:00;25947_G;49;39;60;heavy;1
2025-07-03T06:43:00+02:00;25988_D;30;10;0;unknown;0
2025-07-03T06:43:00+02:00;25988_G;30;10;0;unknown;0
2025-07-03T06:43:00+02:00;25989;50;2;0;unknown;0
2025-07-03T06:43:00+02:00;25990;50;2;0;unknown;0
2025-07-03T06:43:00+02:00;25991;50;2;0;unknown;0
2025-07-03T06:43:00+02:00;25992;50;2;0;unknown;0
2025-07-03T06:43:00+02:00;25993_D;30;3;0;unknown;0
2025-07-03T06:43:00+02:00;25993_G;30;3;0;unknown;0
2025-07-03T06:43:00+02:00;25994_D;50;4;0;unknown;0
2025-07-03T06:43:00+02:00;25994_G;50;4;0;unknown;0
2025-07-03T06:43:00+02:00;25995_D;50;1;0;unknown;0
2025-07-03T06:43:00+02:00;25995_G;50;1;0;unknown;0
2025-07-03T06:43:00+02:00;25996_D;50;5;0;unknown;0
2025-07-03T06:43:00+02:00;25996_G;50;4;0;unknown;0
2025-07-03T06:43:00+02:00;25997_D;50;1;0;unknown;0
2025-07-03T06:43:00+02:00;25997_G;50;1;0;unknown;0
2025-07-03T06:43:00+02:00;25998_D;50;11;0;unknown;0
2025-07-03T06:43:00+02:00;25998_G;50;11;0;unknown;0
2025-07-03T06:43:00+02:00;25999_D;50;8;0;unknown;0
2025-07-03T06:43:00+02:00;25999_G;50;8;0;unknown;0
2025-07-03T06:43:00+02:00;26000_D;80;5;0;unknown;0
2025-07-03T06:43:00+02:00;26000_G;80;5;0;unknown;0
2025-07-03T06:43:00+02:00;26001_D;80;1;0;unknown;0
2025-07-03T06:43:00+02:00;26001_G;80;1;0;unknown;0
2025-07-03T06:43:00+02:00;26002_D;80;5;0;unknown;0
2025-07-03T06:43:00+02:00;26002_G;80;5;0;unknown;0
2025-07-03T06:43:00+02:00;26023;70;3;75;freeFlow;2
2025-07-03T06:43:00+02:00;26024;100;46;83;freeFlow;3
2025-07-03T06:43:00+02:00;26025;87;74;100;freeFlow;5
2025-07-03T06:43:00+02:00;26041;30;11;100;heavy;4
2025-07-03T06:43:00+02:00;26043;25;18;100;heavy;3
2025-07-03T06:43:00+02:00;26044;41;11;100;freeFlow;4
2025-07-03T06:43:00+02:00;26046;36;26;75;freeFlow;2
2025-07-03T06:43:00+02:00;26047;61;1;75;freeFlow;2
2025-07-03T06:43:00+02:00;26048;63;34;75;freeFlow;2
2025-07-03T06:43:00+02:00;26049;60;24;75;freeFlow;2
2025-07-03T06:43:00+02:00;26050;38;9;75;freeFlow;2
2025-07-03T06:43:00+02:00;26101_D;30;16;0;unknown;0
2025-07-03T06:43:00+02:00;26101_G;30;16;0;unknown;0
2025-07-03T06:43:00+02:00;26371_D;30;9;0;unknown;0
2025-07-03T06:43:00+02:00;26371_G;30;9;0;unknown;0
2025-07-03T06:43:00+02:00;26389_D;70;11;0;unknown;0
2025-07-03T06:43:00+02:00;26389_G;70;11;0;unknown;0
2025-07-03T06:43:00+02:00;26392_D;30;15;0;unknown;0
2025-07-03T06:43:00+02:00;26392_G;30;14;0;unknown;0
2025-07-03T06:43:00+02:00;26393;50;1;0;unknown;0
2025-07-03T06:43:00+02:00;26394;50;1;0;unknown;0
2025-07-03T06:43:00+02:00;26395;50;2;0;unknown;0
2025-07-03T06:43:00+02:00;26396;50;1;0;unknown;0
2025-07-03T06:43:00+02:00;26397_D;50;4;0;unknown;0
2025-07-03T06:43:00+02:00;26397_G;50;4;0;unknown;0
2025-07-03T06:43:00+02:00;26402_D;30;9;0;unknown;0
2025-07-03T06:43:00+02:00;26402_G;30;9;0;unknown;0
2025-07-03T06:43:00+02:00;26403_D;30;4;0;unknown;0
2025-07-03T06:43:00+02:00;26403_G;30;4;0;unknown;0
2025-07-03T06:43:00+02:00;26404_D;30;3;0;unknown;0
2025-07-03T06:43:00+02:00;26404_G;30;3;0;unknown;0
2025-07-03T06:43:00+02:00;26405_D;30;2;0;unknown;0
2025-07-03T06:43:00+02:00;26405_G;30;2;0;unknown;0
2025-07-03T06:43:00+02:00;26409_D;70;11;0;unknown;0
2025-07-03T06:43:00+02:00;26409_G;70;11;0;unknown;0
2025-07-03T06:43:00+02:00;26420_D;70;4;0;unknown;0
2025-07-03T06:43:00+02:00;26420_G;70;4;0;unknown;0
2025-07-03T06:43:00+02:00;26422_D;70;11;0;unknown;0
2025-07-03T06:43:00+02:00;26422_G;70;11;0;unknown;0
2025-07-03T06:43:00+02:00;26423_D;70;7;0;unknown;0
2025-07-03T06:43:00+02:00;26423_G;70;7;0;unknown;0
2025-07-03T06:43:00+02:00;26495_D;50;7;0;unknown;0
2025-07-03T06:43:00+02:00;26495_G;50;7;0;unknown;0
2025-07-03T06:43:00+02:00;26497_D;30;16;0;unknown;0
2025-07-03T06:43:00+02:00;26497_G;30;16;0;unknown;0
2025-07-03T06:43:00+02:00;26501;107;21;100;freeFlow;6
2025-07-03T06:43:00+02:00;26573;92;15;100;freeFlow;3
2025-07-03T06:43:00+02:00;26603_D;30;2;0;unknown;0
2025-07-03T06:43:00+02:00;26603_G;30;2;0;unknown;0
2025-07-03T06:43:00+02:00;26611_D;30;4;0;unknown;0
2025-07-03T06:43:00+02:00;26611_G;30;4;0;unknown;0
2025-07-03T06:43:00+02:00;26619;47;1;60;freeFlow;1
2025-07-03T06:43:00+02:00;26654;53;9;100;freeFlow;4
2025-07-03T06:43:00+02:00;26656;39;13;75;freeFlow;2
2025-07-03T06:43:00+02:00;26897_D;30;15;0;unknown;0
2025-07-03T06:43:00+02:00;26897_G;30;15;0;unknown;0
2025-07-03T06:43:00+02:00;27837_D;50;5;0;unknown;0
2025-07-03T06:43:00+02:00;27837_G;50;6;0;unknown;0
2025-07-03T06:43:00+02:00;28032;80;2;0;unknown;0
2025-07-03T06:43:00+02:00;28033;42;4;42;heavy;1
2025-07-03T06:43:00+02:00;282910_D;50;4;0;unknown;0
2025-07-03T06:43:00+02:00;282910_G;46;2;60;freeFlow;1
2025-07-03T06:43:00+02:00;28642_D;66;7;63;freeFlow;2
2025-07-03T06:43:00+02:00;28642_G;70;6;0;unknown;0
2025-07-03T06:43:00+02:00;28645_D;64;2;48;freeFlow;1
2025-07-03T06:43:00+02:00;28645_G;70;2;0;unknown;0
2025-07-03T06:43:00+02:00;28646_D;43;72;61;heavy;2
2025-07-03T06:43:00+02:00;28646_G;79;39;60;freeFlow;1
2025-07-03T06:43:00+02:00;28648_D;89;15;60;freeFlow;2
2025-07-03T06:43:00+02:00;28648_G;96;14;60;freeFlow;1
2025-07-03T06:43:00+02:00;28649_D;69;13;60;freeFlow;2
2025-07-03T06:43:00+02:00;28649_G;92;10;60;freeFlow;1
2025-07-03T06:43:00+02:00;28650_D;86;12;60;freeFlow;2
2025-07-03T06:43:00+02:00;28650_G;92;11;60;freeFlow;1
2025-07-03T06:43:00+02:00;28660_D;79;8;38;freeFlow;1
2025-07-03T06:43:00+02:00;28660_G;80;8;0;unknown;0
2025-07-03T06:43:00+02:00;28665_D;81;17;38;freeFlow;1
2025-07-03T06:43:00+02:00;28665_G;80;17;0;unknown;0
2025-07-03T06:43:00+02:00;28666_D;80;8;35;freeFlow;1
2025-07-03T06:43:00+02:00;28666_G;70;10;0;unknown;0
2025-07-03T06:43:00+02:00;28669_D;70;5;0;unknown;0
2025-07-03T06:43:00+02:00;28669_G;70;5;0;unknown;0
2025-07-03T06:43:00+02:00;28675_D;70;6;0;unknown;0
2025-07-03T06:43:00+02:00;28675_G;70;6;0;unknown;0
2025-07-03T06:43:00+02:00;28676_D;70;3;0;unknown;0
2025-07-03T06:43:00+02:00;28676_G;70;3;0;unknown;0
2025-07-03T06:43:00+02:00;28677_D;70;16;0;unknown;0
2025-07-03T06:43:00+02:00;28677_G;70;16;0;unknown;0
2025-07-03T06:43:00+02:00;28693_D;78;12;38;freeFlow;1
2025-07-03T06:43:00+02:00;28693_G;80;12;0;unknown;0
2025-07-03T06:43:00+02:00;28854;50;3;75;freeFlow;2
2025-07-03T06:43:00+02:00;28855;50;3;0;unknown;0
2025-07-03T06:43:00+02:00;28865_D;80;25;0;unknown;0
2025-07-03T06:43:00+02:00;28865_G;76;27;38;freeFlow;1
2025-07-03T06:43:00+02:00;28866_D;80;9;0;unknown;0
2025-07-03T06:43:00+02:00;28866_G;60;12;40;freeFlow;1
2025-07-03T06:43:00+02:00;28867;50;2;0;unknown;0
2025-07-03T06:43:00+02:00;28868;39;3;60;freeFlow;1
2025-07-03T06:43:00+02:00;29;89;16;100;freeFlow;3
2025-07-03T06:43:00+02:00;30;89;6;100;freeFlow;3
2025-07-03T06:43:00+02:00;30020_D;54;39;57;heavy;2
2025-07-03T06:43:00+02:00;30020_G;72;30;60;freeFlow;1
2025-07-03T06:43:00+02:00;30022;95;3;100;freeFlow;6
2025-07-03T06:43:00+02:00;30023;95;53;100;freeFlow;3
2025-07-03T06:43:00+02:00;30118;38;3;60;freeFlow;1
2025-07-03T06:43:00+02:00;30351_D;42;1;60;freeFlow;1
2025-07-03T06:43:00+02:00;30351_G;50;1;0;unknown;0
2025-07-03T06:43:00+02:00;30355_D;42;12;60;freeFlow;1
2025-07-03T06:43:00+02:00;30355_G;50;10;0;unknown;0
2025-07-03T06:43:00+02:00;30359_D;80;8;0;unknown;0
2025-07-03T06:43:00+02:00;30359_G;80;8;0;unknown;0
2025-07-03T06:43:00+02:00;30405;42;2;60;freeFlow;1
2025-07-03T06:43:00+02:00;30406;50;4;0;unknown;0
2025-07-03T06:43:00+02:00;30407;42;3;60;freeFlow;1
2025-07-03T06:43:00+02:00;30408;42;2;60;freeFlow;1
2025-07-03T06:43:00+02:00;30409;42;3;60;freeFlow;1
2025-07-03T06:43:00+02:00;30410_D;50;1;0;unknown;0
2025-07-03T06:43:00+02:00;30410_G;42;1;60;freeFlow;1
2025-07-03T06:43:00+02:00;30411_D;50;6;0;unknown;0
2025-07-03T06:43:00+02:00;30411_G;42;7;60;freeFlow;1
2025-07-03T06:43:00+02:00;30414_D;50;7;0;unknown;0
2025-07-03T06:43:00+02:00;30414_G;45;9;60;freeFlow;1
2025-07-03T06:43:00+02:00;30416_D;50;10;0;unknown;0
2025-07-03T06:43:00+02:00;30416_G;44;12;60;freeFlow;1
2025-07-03T06:43:00+02:00;30499_D;30;9;0;unknown;0
2025-07-03T06:43:00+02:00;30499_G;30;10;0;unknown;0
2025-07-03T06:43:00+02:00;30501_D;30;9;0;unknown;0
2025-07-03T06:43:00+02:00;30501_G;30;9;0;unknown;0
2025-07-03T06:43:00+02:00;30502_D;30;2;0;unknown;0
2025-07-03T06:43:00+02:00;30502_G;30;2;0;unknown;0
2025-07-03T06:43:00+02:00;30504_D;30;1;0;unknown;0
2025-07-03T06:43:00+02:00;30504_G;30;1;0;unknown;0
2025-07-03T06:43:00+02:00;30508;30;4;0;unknown;0
2025-07-03T06:43:00+02:00;30521_D;50;8;0;unknown;0
2025-07-03T06:43:00+02:00;30521_G;35;12;60;heavy;1
2025-07-03T06:43:00+02:00;30522_D;50;2;0;unknown;0
2025-07-03T06:43:00+02:00;30522_G;42;3;60;freeFlow;1
2025-07-03T06:43:00+02:00;30606_D;50;11;0;unknown;0
2025-07-03T06:43:00+02:00;30606_G;50;11;0;unknown;0
2025-07-03T06:43:00+02:00;30608_D;50;3;0;unknown;0
2025-07-03T06:43:00+02:00;30608_G;50;3;0;unknown;0
2025-07-03T06:43:00+02:00;30611_D;50;8;0;unknown;0
2025-07-03T06:43:00+02:00;30611_G;50;8;0;unknown;0
2025-07-03T06:43:00+02:00;31;100;4;100;freeFlow;3
2025-07-03T06:43:00+02:00;31286;50;3;0;unknown;0
2025-07-03T06:43:00+02:00;31287;50;1;0;unknown;0
2025-07-03T06:43:00+02:00;31288;50;4;0;unknown;0
2025-07-03T06:43:00+02:00;31289;50;2;0;unknown;0
2025-07-03T06:43:00+02:00;31300_D;50;1;0;unknown;0
2025-07-03T06:43:00+02:00;31300_G;50;1;0;unknown;0
2025-07-03T06:43:00+02:00;31302_D;50;1;0;unknown;0
2025-07-03T06:43:00+02:00;31302_G;50;1;0;unknown;0
2025-07-03T06:43:00+02:00;31304_D;50;22;0;unknown;0
2025-07-03T06:43:00+02:00;31305_D;50;15;0;unknown;0
2025-07-03T06:43:00+02:00;31305_G;50;15;0;unknown;0
2025-07-03T06:43:00+02:00;31361_D;50;1;0;unknown;0
2025-07-03T06:43:00+02:00;31361_G;50;1;0;unknown;0
2025-07-03T06:43:00+02:00;31444_D;85;29;55;freeFlow;2
2025-07-03T06:43:00+02:00;31444_G;68;36;60;freeFlow;1
2025-07-03T06:43:00+02:00;31448;53;2;60;heavy;1
2025-07-03T06:43:00+02:00;31449;43;4;60;heavy;1
2025-07-03T06:43:00+02:00;31450;20;6;40;congested;1
2025-07-03T06:43:00+02:00;31451;23;5;40;congested;1
2025-07-03T06:43:00+02:00;31453_D;77;21;57;freeFlow;2
2025-07-03T06:43:00+02:00;31453_G;63;25;60;freeFlow;1
2025-07-03T06:43:00+02:00;31511;68;22;100;freeFlow;3
2025-07-03T06:43:00+02:00;31512;91;27;100;freeFlow;4
2025-07-03T06:43:00+02:00;31513;103;21;100;freeFlow;4
2025-07-03T06:43:00+02:00;31515;44;3;75;freeFlow;2
2025-07-03T06:43:00+02:00;31517;55;2;60;freeFlow;1
2025-07-03T06:43:00+02:00;31520;37;2;75;freeFlow;2
2025-07-03T06:43:00+02:00;31522;34;5;75;heavy;2
2025-07-03T06:43:00+02:00;31523_D;55;4;60;freeFlow;1
2025-07-03T06:43:00+02:00;31523_G;31;6;75;heavy;2
2025-07-03T06:43:00+02:00;31530_D;65;6;40;freeFlow;1
2025-07-03T06:43:00+02:00;31530_G;41;9;60;heavy;1
2025-07-03T06:43:00+02:00;31532_D;80;2;40;freeFlow;1
2025-07-03T06:43:00+02:00;31532_G;69;2;69;freeFlow;2
2025-07-03T06:43:00+02:00;31534;96;4;100;freeFlow;3
2025-07-03T06:43:00+02:00;31536;74;13;100;freeFlow;3
2025-07-03T06:43:00+02:00;31550;86;11;100;freeFlow;9
2025-07-03T06:43:00+02:00;31551;103;7;100;freeFlow;5
2025-07-03T06:43:00+02:00;31553;91;11;75;freeFlow;2
2025-07-03T06:43:00+02:00;31557;71;5;40;freeFlow;1
2025-07-03T06:43:00+02:00;31558_D;55;21;42;freeFlow;1
2025-07-03T06:43:00+02:00;31558_G;69;16;15;freeFlow;1
2025-07-03T06:43:00+02:00;31559;34;13;42;heavy;1
2025-07-03T06:43:00+02:00;31561;51;7;42;freeFlow;1
2025-07-03T06:43:00+02:00;31562;69;6;15;freeFlow;1
2025-07-03T06:43:00+02:00;31563;69;6;15;freeFlow;1
2025-07-03T06:43:00+02:00;31568;69;5;15;freeFlow;1
2025-07-03T06:43:00+02:00;31569;70;8;0;unknown;0
2025-07-03T06:43:00+02:00;31583_D;50;15;0;unknown;0
2025-07-03T06:43:00+02:00;31583_G;50;15;0;unknown;0
2025-07-03T06:43:00+02:00;31670_D;63;7;60;freeFlow;1
2025-07-03T06:43:00+02:00;31670_G;50;9;0;unknown;0
2025-07-03T06:43:00+02:00;31672_D;70;29;0;unknown;0
2025-07-03T06:43:00+02:00;31672_G;52;38;60;freeFlow;1
2025-07-03T06:43:00+02:00;31673;95;13;100;freeFlow;6
2025-07-03T06:43:00+02:00;31674;86;15;100;freeFlow;3
2025-07-03T06:43:00+02:00;31708_D;30;6;0;unknown;0
2025-07-03T06:43:00+02:00;31708_G;30;6;0;unknown;0
2025-07-03T06:43:00+02:00;31709_D;30;12;0;unknown;0
2025-07-03T06:43:00+02:00;31709_G;30;12;0;unknown;0
2025-07-03T06:43:00+02:00;31716_D;30;7;0;unknown;0
2025-07-03T06:43:00+02:00;31716_G;30;7;0;unknown;0
2025-07-03T06:43:00+02:00;31717_D;30;17;0;unknown;0
2025-07-03T06:43:00+02:00;31717_G;30;17;0;unknown;0
2025-07-03T06:43:00+02:00;31720_D;30;4;0;unknown;0
2025-07-03T06:43:00+02:00;31720_G;30;4;0;unknown;0
2025-07-03T06:43:00+02:00;31722_D;30;9;0;unknown;0
2025-07-03T06:43:00+02:00;31722_G;30;9;0;unknown;0
2025-07-03T06:43:00+02:00;31723;50;4;0;unknown;0
2025-07-03T06:43:00+02:00;31724;50;4;0;unknown;0
2025-07-03T06:43:00+02:00;31725;53;3;60;freeFlow;1
2025-07-03T06:43:00+02:00;31726;50;4;0;unknown;0
2025-07-03T06:43:00+02:00;31727_D;30;12;0;unknown;0
2025-07-03T06:43:00+02:00;31727_G;30;12;0;unknown;0
2025-07-03T06:43:00+02:00;31878;50;3;57;heavy;1
2025-07-03T06:43:00+02:00;31879;39;4;42;heavy;1
2025-07-03T06:43:00+02:00;31880;101;2;100;freeFlow;7
2025-07-03T06:43:00+02:00;31881;108;3;60;freeFlow;1
2025-07-03T06:43:00+02:00;31882;107;1;57;freeFlow;1
2025-07-03T06:43:00+02:00;32;100;13;100;freeFlow;3
2025-07-03T06:43:00+02:00;32118;89;1;100;freeFlow;3
2025-07-03T06:43:00+02:00;32163_D;30;3;0;unknown;0
2025-07-03T06:43:00+02:00;32163_G;30;3;0;unknown;0
2025-07-03T06:43:00+02:00;32165_D;50;2;0;unknown;0
2025-07-03T06:43:00+02:00;32165_G;50;2;0;unknown;0
2025-07-03T06:43:00+02:00;32177_D;65;9;42;freeFlow;1
2025-07-03T06:43:00+02:00;32177_G;80;7;0;unknown;0
2025-07-03T06:43:00+02:00;32784_D;50;2;0;unknown;0
2025-07-03T06:43:00+02:00;32784_G;50;2;0;unknown;0
2025-07-03T06:43:00+02:00;32785;50;1;0;unknown;0
2025-07-03T06:43:00+02:00;32786;50;2;0;unknown;0
2025-07-03T06:43:00+02:00;32788;50;2;0;unknown;0
2025-07-03T06:43:00+02:00;32790;50;1;0;unknown;0
2025-07-03T06:43:00+02:00;32791;50;2;0;unknown;0
2025-07-03T06:43:00+02:00;32794;50;1;0;unknown;0
2025-07-03T06:43:00+02:00;32796;50;1;0;unknown;0
2025-07-03T06:43:00+02:00;33;102;25;75;freeFlow;2
2025-07-03T06:43:00+02:00;34;104;26;60;freeFlow;1
2025-07-03T06:43:00+02:00;34744;95;35;100;freeFlow;5
2025-07-03T06:43:00+02:00;34745;102;32;100;freeFlow;3
2025-07-03T06:43:00+02:00;34757_D;47;2;60;freeFlow;2
2025-07-03T06:43:00+02:00;34757_G;50;2;0;unknown;0
2025-07-03T06:43:00+02:00;34758_D;46;17;63;freeFlow;2
2025-07-03T06:43:00+02:00;34758_G;50;16;0;unknown;0
2025-07-03T06:43:00+02:00;35;104;51;60;freeFlow;1
2025-07-03T06:43:00+02:00;35072;86;30;100;freeFlow;6
2025-07-03T06:43:00+02:00;35077;87;48;100;freeFlow;4
2025-07-03T06:43:00+02:00;35086;92;44;100;freeFlow;5
2025-07-03T06:43:00+02:00;35092;40;7;40;heavy;1
2025-07-03T06:43:00+02:00;35096;87;19;100;freeFlow;4
2025-07-03T06:43:00+02:00;35098;94;40;100;freeFlow;4
2025-07-03T06:43:00+02:00;35103;73;11;60;freeFlow;1
2025-07-03T06:43:00+02:00;35869_D;39;1;60;freeFlow;2
2025-07-03T06:43:00+02:00;35869_G;50;1;0;unknown;0
2025-07-03T06:43:00+02:00;35870_D;41;14;60;freeFlow;2
2025-07-03T06:43:00+02:00;35870_G;50;11;0;unknown;0
2025-07-03T06:43:00+02:00;35940;30;10;0;unknown;0
2025-07-03T06:43:00+02:00;35942;30;2;0;unknown;0
2025-07-03T06:43:00+02:00;35943;30;2;0;unknown;0
2025-07-03T06:43:00+02:00;35944;30;3;0;unknown;0
2025-07-03T06:43:00+02:00;35945;30;3;0;unknown;0
2025-07-03T06:43:00+02:00;35946_D;30;2;0;unknown;0
2025-07-03T06:43:00+02:00;35946_G;30;2;0;unknown;0
2025-07-03T06:43:00+02:00;35947;30;10;0;unknown;0
2025-07-03T06:43:00+02:00;35948;30;8;0;unknown;0
2025-07-03T06:43:00+02:00;35949;30;7;0;unknown;0
2025-07-03T06:43:00+02:00;35950;30;12;0;unknown;0
2025-07-03T06:43:00+02:00;35951;30;5;0;unknown;0
2025-07-03T06:43:00+02:00;35952;30;11;0;unknown;0
2025-07-03T06:43:00+02:00;35953;29;4;60;heavy;2
2025-07-03T06:43:00+02:00;35954;50;2;0;unknown;0
2025-07-03T06:43:00+02:00;35955;29;4;60;heavy;2
2025-07-03T06:43:00+02:00;35956;36;1;60;freeFlow;2
2025-07-03T06:43:00+02:00;35957_D;30;2;0;unknown;0
2025-07-03T06:43:00+02:00;35957_G;30;2;0;unknown;0
2025-07-03T06:43:00+02:00;35959_D;30;2;0;unknown;0
2025-07-03T06:43:00+02:00;35959_G;30;1;0;unknown;0
2025-07-03T06:43:00+02:00;35960;30;11;0;unknown;0
2025-07-03T06:43:00+02:00;35961;30;16;0;unknown;0
2025-07-03T06:43:00+02:00;35962;30;12;0;unknown;0
2025-07-03T06:43:00+02:00;35963;30;6;0;unknown;0
2025-07-03T06:43:00+02:00;35964;30;6;0;unknown;0
2025-07-03T06:43:00+02:00;35965;30;20;0;unknown;0
2025-07-03T06:43:00+02:00;35971;30;20;0;unknown;0
2025-07-03T06:43:00+02:00;35972;30;11;0;unknown;0
2025-07-03T06:43:00+02:00;35973;30;8;0;unknown;0
2025-07-03T06:43:00+02:00;35985_D;50;1;0;unknown;0
2025-07-03T06:43:00+02:00;35985_G;107;1;27;freeFlow;1
2025-07-03T06:43:00+02:00;35986_D;50;14;0;unknown;0
2025-07-03T06:43:00+02:00;35986_G;107;7;27;freeFlow;1
2025-07-03T06:43:00+02:00;35994_D;30;1;0;unknown;0
2025-07-03T06:43:00+02:00;35994_G;107;0;27;freeFlow;1
2025-07-03T06:43:00+02:00;35998;36;6;65;freeFlow;2
2025-07-03T06:43:00+02:00;35999;38;5;65;freeFlow;2
2025-07-03T06:43:00+02:00;36000;50;4;0;unknown;0
2025-07-03T06:43:00+02:00;36001;36;5;65;freeFlow;2
2025-07-03T06:43:00+02:00;36003_D;50;1;0;unknown;0
2025-07-03T06:43:00+02:00;36003_G;57;1;48;freeFlow;1
2025-07-03T06:43:00+02:00;36004_D;50;42;0;unknown;0
2025-07-03T06:43:00+02:00;36004_G;57;37;48;freeFlow;1
2025-07-03T06:43:00+02:00;36005;30;2;0;unknown;0
2025-07-03T06:43:00+02:00;36006;30;3;0;unknown;0
2025-07-03T06:43:00+02:00;36007;30;2;0;unknown;0
2025-07-03T06:43:00+02:00;36010_D;30;1;0;unknown;0
2025-07-03T06:43:00+02:00;36010_G;30;1;0;unknown;0
2025-07-03T06:43:00+02:00;36011;30;10;0;unknown;0
2025-07-03T06:43:00+02:00;36012_D;30;2;0;unknown;0
2025-07-03T06:43:00+02:00;36012_G;30;2;0;unknown;0
2025-07-03T06:43:00+02:00;37200_D;39;6;55;freeFlow;1
2025-07-03T06:43:00+02:00;37200_G;22;11;55;freeFlow;1
2025-07-03T06:43:00+02:00;37201;57;4;60;freeFlow;2
2025-07-03T06:43:00+02:00;37202;42;7;55;freeFlow;1
2025-07-03T06:43:00+02:00;37203;41;13;57;freeFlow;1
2025-07-03T06:43:00+02:00;37204_D;36;2;12;freeFlow;1
2025-07-03T06:43:00+02:00;37204_G;50;2;0;unknown;0
2025-07-03T06:43:00+02:00;37205_D;40;5;12;freeFlow;1
2025-07-03T06:43:00+02:00;37205_G;50;4;0;unknown;0
2025-07-03T06:43:00+02:00;37206_D;45;11;12;freeFlow;1
2025-07-03T06:43:00+02:00;37206_G;50;10;0;unknown;0
2025-07-03T06:43:00+02:00;37207;50;1;0;unknown;0
2025-07-03T06:43:00+02:00;37208;50;3;0;unknown;0
2025-07-03T06:43:00+02:00;37209;50;2;0;unknown;0
2025-07-03T06:43:00+02:00;37210_D;7;7;12;congested;1
2025-07-03T06:43:00+02:00;37210_G;50;1;0;unknown;0
2025-07-03T06:43:00+02:00;37211_D;28;94;15;heavy;1
2025-07-03T06:43:00+02:00;37211_G;50;53;0;unknown;0
2025-07-03T06:43:00+02:00;37239;25;7;55;freeFlow;1
2025-07-03T06:43:00+02:00;37240;33;5;55;freeFlow;1
2025-07-03T06:43:00+02:00;37241;23;8;55;freeFlow;1
2025-07-03T06:43:00+02:00;37242;27;7;55;freeFlow;1
2025-07-03T06:43:00+02:00;37243_D;50;2;0;unknown;0
2025-07-03T06:43:00+02:00;37243_G;41;3;60;freeFlow;2
2025-07-03T06:43:00+02:00;37244_D;30;2;0;unknown;0
2025-07-03T06:43:00+02:00;37244_G;30;2;0;unknown;0
2025-07-03T06:43:00+02:00;37246_D;33;3;55;freeFlow;1
2025-07-03T06:43:00+02:00;37246_G;23;4;55;freeFlow;1
2025-07-03T06:43:00+02:00;37422_D;43;22;63;freeFlow;2
2025-07-03T06:43:00+02:00;37422_G;50;19;0;unknown;0
2025-07-03T06:43:00+02:00;37467_D;43;9;63;freeFlow;2
2025-07-03T06:43:00+02:00;37467_G;50;8;0;unknown;0
2025-07-03T06:43:00+02:00;37508_D;50;21;0;unknown;0
2025-07-03T06:43:00+02:00;37508_G;52;21;93;freeFlow;3
2025-07-03T06:43:00+02:00;37509_D;50;2;0;unknown;0
2025-07-03T06:43:00+02:00;37509_G;38;1;65;freeFlow;2
2025-07-03T06:43:00+02:00;37564_D;70;22;0;unknown;0
2025-07-03T06:43:00+02:00;37564_G;107;14;27;freeFlow;1
2025-07-03T06:43:00+02:00;37565_D;28;29;52;heavy;1
2025-07-03T06:43:00+02:00;37565_G;63;13;46;freeFlow;2
2025-07-03T06:43:00+02:00;37586_D;50;1;0;unknown;0
2025-07-03T06:43:00+02:00;37586_G;46;2;52;freeFlow;1
2025-07-03T06:43:00+02:00;37588_D;107;5;27;freeFlow;1
2025-07-03T06:43:00+02:00;37588_G;70;8;0;unknown;0
2025-07-03T06:43:00+02:00;37620_D;107;1;27;freeFlow;1
2025-07-03T06:43:00+02:00;37620_G;41;2;50;heavy;1
2025-07-03T06:43:00+02:00;37621;46;4;52;freeFlow;1
2025-07-03T06:43:00+02:00;37622;50;4;0;unknown;0
2025-07-03T06:43:00+02:00;37625_D;107;9;27;freeFlow;1
2025-07-03T06:43:00+02:00;37625_G;27;35;52;heavy;1
2025-07-03T06:43:00+02:00;37665_D;42;2;45;freeFlow;1
2025-07-03T06:43:00+02:00;37665_G;107;1;57;freeFlow;1
2025-07-03T06:43:00+02:00;37667;65;19;75;freeFlow;2
2025-07-03T06:43:00+02:00;37668;70;6;0;unknown;0
2025-07-03T06:43:00+02:00;37673;50;7;60;freeFlow;1
2025-07-03T06:43:00+02:00;37686_D;22;29;70;freeFlow;2
2025-07-03T06:43:00+02:00;37686_G;30;21;0;unknown;0
2025-07-03T06:43:00+02:00;37702_D;50;5;0;unknown;0
2025-07-03T06:43:00+02:00;37702_G;50;5;0;unknown;0
2025-07-03T06:43:00+02:00;37706_D;50;1;0;unknown;0
2025-07-03T06:43:00+02:00;37706_G;50;1;0;unknown;0
2025-07-03T06:43:00+02:00;37707_D;42;2;45;freeFlow;1
2025-07-03T06:43:00+02:00;37707_G;107;1;57;freeFlow;1
2025-07-03T06:43:00+02:00;37708_D;42;22;48;freeFlow;1
2025-07-03T06:43:00+02:00;37708_G;107;9;57;freeFlow;1
2025-07-03T06:43:00+02:00;37712_D;42;5;48;freeFlow;1
2025-07-03T06:43:00+02:00;37712_G;107;2;57;freeFlow;1
2025-07-03T06:43:00+02:00;37724;38;4;99;freeFlow;3
2025-07-03T06:43:00+02:00;37725;42;2;48;freeFlow;1
2025-07-03T06:43:00+02:00;37726;47;2;95;freeFlow;3
2025-07-03T06:43:00+02:00;37727;50;2;0;unknown;0
2025-07-03T06:43:00+02:00;37728;50;2;0;unknown;0
2025-07-03T06:43:00+02:00;37729;87;65;65;freeFlow;2
2025-07-03T06:43:00+02:00;37730;39;4;60;freeFlow;1
2025-07-03T06:43:00+02:00;37732;80;46;75;freeFlow;2
2025-07-03T06:43:00+02:00;37737;85;47;100;freeFlow;3
2025-07-03T06:43:00+02:00;37738;46;2;75;heavy;2
2025-07-03T06:43:00+02:00;37739;59;2;100;freeFlow;4
2025-07-03T06:43:00+02:00;37740;62;3;100;freeFlow;3
2025-07-03T06:43:00+02:00;37741;59;1;100;freeFlow;3
2025-07-03T06:43:00+02:00;37742;29;5;75;heavy;2
2025-07-03T06:43:00+02:00;37743;38;3;75;heavy;2
2025-07-03T06:43:00+02:00;37744;41;4;100;heavy;3
2025-07-03T06:43:00+02:00;37745;40;2;75;heavy;2
2025-07-03T06:43:00+02:00;37749;94;41;100;freeFlow;5
2025-07-03T06:43:00+02:00;37750;83;32;75;freeFlow;2
2025-07-03T06:43:00+02:00;37751;76;13;75;freeFlow;2
2025-07-03T06:43:00+02:00;37752;65;9;60;freeFlow;1
2025-07-03T06:43:00+02:00;37753;95;27;100;freeFlow;4
2025-07-03T06:43:00+02:00;37784;107;1;27;freeFlow;1
2025-07-03T06:43:00+02:00;37785;107;1;27;freeFlow;1
2025-07-03T06:43:00+02:00;37786;49;2;51;freeFlow;2
2025-07-03T06:43:00+02:00;37787_D;107;14;27;freeFlow;1
2025-07-03T06:43:00+02:00;37787_G;61;25;40;freeFlow;1
2025-07-03T06:43:00+02:00;37818;86;54;100;freeFlow;4
2025-07-03T06:43:00+02:00;37819;92;60;83;freeFlow;3
2025-07-03T06:43:00+02:00;37822;84;10;100;freeFlow;3
2025-07-03T06:43:00+02:00;37826;41;1;40;freeFlow;1
2025-07-03T06:43:00+02:00;37827;39;1;60;freeFlow;1
2025-07-03T06:43:00+02:00;37941;82;60;65;freeFlow;6
2025-07-03T06:43:00+02:00;37947;89;8;98;freeFlow;3
2025-07-03T06:43:00+02:00;37948;102;68;47;freeFlow;2
2025-07-03T06:43:00+02:00;37949;90;77;75;freeFlow;2
2025-07-03T06:43:00+02:00;37950;84;9;70;freeFlow;2
2025-07-03T06:43:00+02:00;37970;88;16;98;freeFlow;3
2025-07-03T06:43:00+02:00;38;94;15;100;freeFlow;3
2025-07-03T06:43:00+02:00;38067;89;12;75;freeFlow;2
2025-07-03T06:43:00+02:00;38068;48;5;40;heavy;1
2025-07-03T06:43:00+02:00;38069;70;4;0;unknown;0
2025-07-03T06:43:00+02:00;38070;90;10;75;freeFlow;2
2025-07-03T06:43:00+02:00;38310;44;1;38;freeFlow;1
2025-07-03T06:43:00+02:00;38311;44;2;38;freeFlow;1
2025-07-03T06:43:00+02:00;38317;87;2;60;freeFlow;1
2025-07-03T06:43:00+02:00;38318;87;30;100;freeFlow;3
2025-07-03T06:43:00+02:00;38319;88;23;75;freeFlow;2
2025-07-03T06:43:00+02:00;38322;107;1;27;freeFlow;1
2025-07-03T06:43:00+02:00;38378_D;107;7;27;freeFlow;1
2025-07-03T06:43:00+02:00;38378_G;86;8;40;freeFlow;1
2025-07-03T06:43:00+02:00;38389_D;107;10;27;freeFlow;1
2025-07-03T06:43:00+02:00;38389_G;84;13;40;freeFlow;1
2025-07-03T06:43:00+02:00;39061;47;5;65;heavy;2
2025-07-03T06:43:00+02:00;39062;51;2;42;freeFlow;1
2025-07-03T06:43:00+02:00;39063;49;8;42;freeFlow;1
2025-07-03T06:43:00+02:00;39473;80;25;100;freeFlow;3
2025-07-03T06:43:00+02:00;39618;89;3;75;freeFlow;2
2025-07-03T06:43:00+02:00;39619;89;3;75;freeFlow;2
2025-07-03T06:43:00+02:00;39720_D;50;25;0;unknown;0
2025-07-03T06:43:00+02:00;39720_G;59;21;63;freeFlow;2
2025-07-03T06:43:00+02:00;39902_D;107;1;27;freeFlow;1
2025-07-03T06:43:00+02:00;39902_G;87;1;40;freeFlow;1
2025-07-03T06:43:00+02:00;39904_D;107;0;27;freeFlow;1
2025-07-03T06:43:00+02:00;39904_G;81;1;40;freeFlow;1
2025-07-03T06:43:00+02:00;39906_D;107;5;27;freeFlow;1
2025-07-03T06:43:00+02:00;39906_G;81;6;40;freeFlow;1
2025-07-03T06:43:00+02:00;40185_D;69;2;60;freeFlow;1
2025-07-03T06:43:00+02:00;40185_G;31;1;60;heavy;1
2025-07-03T06:43:00+02:00;40201;24;1;60;heavy;1
2025-07-03T06:43:00+02:00;40202;26;3;60;heavy;1
2025-07-03T06:43:00+02:00;40203;87;1;75;freeFlow;2
2025-07-03T06:43:00+02:00;40212_D;79;1;38;freeFlow;1
2025-07-03T06:43:00+02:00;40212_G;80;1;0;unknown;0
2025-07-03T06:43:00+02:00;40213_D;64;1;48;freeFlow;1
2025-07-03T06:43:00+02:00;40213_G;70;1;0;unknown;0
2025-07-03T06:43:00+02:00;41631_D;30;7;0;unknown;0
2025-07-03T06:43:00+02:00;41631_G;30;7;0;unknown;0
2025-07-03T06:43:00+02:00;41632_D;30;5;0;unknown;0
2025-07-03T06:43:00+02:00;41632_G;30;4;0;unknown;0
2025-07-03T06:43:00+02:00;41652_D;50;4;0;unknown;0
2025-07-03T06:43:00+02:00;41683_D;70;15;0;unknown;0
2025-07-03T06:43:00+02:00;41683_G;70;15;0;unknown;0
2025-07-03T06:43:00+02:00;41709_D;30;15;0;unknown;0
2025-07-03T06:43:00+02:00;41709_G;30;15;0;unknown;0
2025-07-03T06:43:00+02:00;41712_D;30;7;0;unknown;0
2025-07-03T06:43:00+02:00;41712_G;30;7;0;unknown;0
2025-07-03T06:43:00+02:00;41713_D;30;4;0;unknown;0
2025-07-03T06:43:00+02:00;41713_G;30;4;0;unknown;0
2025-07-03T06:43:00+02:00;41729;45;2;60;freeFlow;1
2025-07-03T06:43:00+02:00;41730;78;1;10;freeFlow;1
2025-07-03T06:43:00+02:00;41731;50;1;0;unknown;0
2025-07-03T06:43:00+02:00;41753_D;30;6;0;unknown;0
2025-07-03T06:43:00+02:00;41753_G;30;6;0;unknown;0
2025-07-03T06:43:00+02:00;41764_D;30;2;0;unknown;0
2025-07-03T06:43:00+02:00;41764_G;30;2;0;unknown;0
2025-07-03T06:43:00+02:00;41781;48;1;60;freeFlow;1
2025-07-03T06:43:00+02:00;41782;54;2;60;freeFlow;1
2025-07-03T06:43:00+02:00;41783;40;2;52;freeFlow;1
2025-07-03T06:43:00+02:00;41784;51;1;52;freeFlow;1
2025-07-03T06:43:00+02:00;41809_D;30;8;0;unknown;0
2025-07-03T06:43:00+02:00;41809_G;30;8;0;unknown;0
2025-07-03T06:43:00+02:00;41810_D;30;2;0;unknown;0
2025-07-03T06:43:00+02:00;41810_G;30;2;0;unknown;0
2025-07-03T06:43:00+02:00;41811_D;30;8;0;unknown;0
2025-07-03T06:43:00+02:00;41811_G;30;8;0;unknown;0
2025-07-03T06:43:00+02:00;41812_D;30;6;0;unknown;0
2025-07-03T06:43:00+02:00;41812_G;30;6;0;unknown;0
2025-07-03T06:43:00+02:00;41813_D;30;5;0;unknown;0
2025-07-03T06:43:00+02:00;41813_G;30;5;0;unknown;0
2025-07-03T06:43:00+02:00;41814_D;30;7;0;unknown;0
2025-07-03T06:43:00+02:00;41814_G;30;7;0;unknown;0
2025-07-03T06:43:00+02:00;41815_D;30;6;0;unknown;0
2025-07-03T06:43:00+02:00;41815_G;30;7;0;unknown;0
2025-07-03T06:43:00+02:00;41817_D;30;6;0;unknown;0
2025-07-03T06:43:00+02:00;41817_G;30;6;0;unknown;0
2025-07-03T06:43:00+02:00;41818_D;30;3;0;unknown;0
2025-07-03T06:43:00+02:00;41818_G;30;2;0;unknown;0
2025-07-03T06:43:00+02:00;42028;45;11;60;freeFlow;1
2025-07-03T06:43:00+02:00;42029;48;32;55;freeFlow;1
2025-07-03T06:43:00+02:00;42030;54;28;60;freeFlow;1
2025-07-03T06:43:00+02:00;42031;51;30;52;freeFlow;1
2025-07-03T06:43:00+02:00;42047;70;5;0;unknown;0
2025-07-03T06:43:00+02:00;42049;50;2;0;unknown;0
2025-07-03T06:43:00+02:00;42050;107;1;15;freeFlow;1
2025-07-03T06:43:00+02:00;42051;107;5;15;freeFlow;1
2025-07-03T06:43:00+02:00;42125_D;50;23;0;unknown;0
2025-07-03T06:43:00+02:00;42125_G;50;23;0;unknown;0
2025-07-03T06:43:00+02:00;42134;67;35;60;freeFlow;1
2025-07-03T06:43:00+02:00;42135;58;47;63;heavy;2
2025-07-03T06:43:00+02:00;42206_D;54;17;12;freeFlow;1
2025-07-03T06:43:00+02:00;42238_D;50;7;0;unknown;0
2025-07-03T06:43:00+02:00;42257;90;6;0;unknown;0
2025-07-03T06:43:00+02:00;42273_D;30;6;0;unknown;0
2025-07-03T06:43:00+02:00;42273_G;30;6;0;unknown;0
2025-07-03T06:43:00+02:00;42293_D;30;2;0;unknown;0
2025-07-03T06:43:00+02:00;42293_G;30;2;0;unknown;0
2025-07-03T06:43:00+02:00;42307_D;50;15;0;unknown;0
2025-07-03T06:43:00+02:00;42307_G;43;18;40;freeFlow;1
2025-07-03T06:43:00+02:00;42359;26;26;60;congested;1
2025-07-03T06:43:00+02:00;42375;50;1;0;unknown;0
2025-07-03T06:43:00+02:00;42378_D;30;1;0;unknown;0
2025-07-03T06:43:00+02:00;42378_G;30;2;0;unknown;0
2025-07-03T06:43:00+02:00;42379;80;33;60;freeFlow;1
2025-07-03T06:43:00+02:00;42383;45;2;60;freeFlow;1
2025-07-03T06:43:00+02:00;42384;50;1;0;unknown;0
2025-07-03T06:43:00+02:00;42385;49;2;55;freeFlow;1
2025-07-03T06:43:00+02:00;42386;54;1;55;freeFlow;1
2025-07-03T06:43:00+02:00;42387;45;4;60;freeFlow;1
2025-07-03T06:43:00+02:00;42388;40;3;98;freeFlow;3
2025-07-03T06:43:00+02:00;42389;41;4;73;freeFlow;2
2025-07-03T06:43:00+02:00;42390;45;3;57;freeFlow;1
2025-07-03T06:43:00+02:00;42391;26;4;45;heavy;1
2025-07-03T06:43:00+02:00;42392;30;3;60;heavy;1
2025-07-03T06:43:00+02:00;42399;74;4;60;freeFlow;1
2025-07-03T06:43:00+02:00;42401_D;50;26;0;unknown;0
2025-07-03T06:43:00+02:00;42401_G;50;26;0;unknown;0
2025-07-03T06:43:00+02:00;42572;29;2;60;heavy;1
2025-07-03T06:43:00+02:00;42573;36;1;52;freeFlow;1
2025-07-03T06:43:00+02:00;42580;74;2;60;freeFlow;1
2025-07-03T06:43:00+02:00;42595_D;30;6;0;unknown;0
2025-07-03T06:43:00+02:00;42595_G;30;6;0;unknown;0
2025-07-03T06:43:00+02:00;42603;48;11;60;freeFlow;1
2025-07-03T06:43:00+02:00;42663_D;50;5;0;unknown;0
2025-07-03T06:43:00+02:00;42663_G;50;5;0;unknown;0
2025-07-03T06:43:00+02:00;42681_D;70;13;0;unknown;0
2025-07-03T06:43:00+02:00;42681_G;70;13;0;unknown;0
2025-07-03T06:43:00+02:00;42684_D;30;2;0;unknown;0
2025-07-03T06:43:00+02:00;42684_G;30;2;0;unknown;0
2025-07-03T06:43:00+02:00;42685;72;37;73;freeFlow;2
2025-07-03T06:43:00+02:00;42709_D;26;37;60;heavy;1
2025-07-03T06:43:00+02:00;42709_G;50;18;0;unknown;0
2025-07-03T06:43:00+02:00;42777_D;50;3;0;unknown;0
2025-07-03T06:43:00+02:00;42777_G;18;9;45;heavy;1
2025-07-03T06:43:00+02:00;42778_D;50;1;0;unknown;0
2025-07-03T06:43:00+02:00;42778_G;34;2;40;heavy;1
2025-07-03T06:43:00+02:00;42779;50;2;0;unknown;0
2025-07-03T06:43:00+02:00;42780_D;50;8;0;unknown;0
2025-07-03T06:43:00+02:00;42780_G;53;8;40;freeFlow;1
2025-07-03T06:43:00+02:00;42938_D;37;8;55;freeFlow;1
2025-07-03T06:43:00+02:00;42938_G;50;6;0;unknown;0
2025-07-03T06:43:00+02:00;42939_D;50;4;0;unknown;0
2025-07-03T06:43:00+02:00;42939_G;50;4;0;unknown;0
2025-07-03T06:43:00+02:00;42940_D;42;10;60;freeFlow;1
2025-07-03T06:43:00+02:00;42940_G;50;9;0;unknown;0
2025-07-03T06:43:00+02:00;42941_D;20;6;60;heavy;1
2025-07-03T06:43:00+02:00;42941_G;50;3;0;unknown;0
2025-07-03T06:43:00+02:00;42947_D;36;12;60;freeFlow;1
2025-07-03T06:43:00+02:00;42947_G;50;9;0;unknown;0
2025-07-03T06:43:00+02:00;42948_D;36;6;60;freeFlow;1
2025-07-03T06:43:00+02:00;42948_G;50;5;0;unknown;0
2025-07-03T06:43:00+02:00;42949_D;36;8;60;freeFlow;1
2025-07-03T06:43:00+02:00;42949_G;50;5;0;unknown;0
2025-07-03T06:43:00+02:00;42978_D;50;11;0;unknown;0
2025-07-03T06:43:00+02:00;42978_G;50;11;0;unknown;0
2025-07-03T06:43:00+02:00;42979_D;50;3;0;unknown;0
2025-07-03T06:43:00+02:00;42979_G;50;3;0;unknown;0
2025-07-03T06:43:00+02:00;42983_D;50;8;0;unknown;0
2025-07-03T06:43:00+02:00;42983_G;50;8;0;unknown;0
2025-07-03T06:43:00+02:00;42999_D;50;12;0;unknown;0
2025-07-03T06:43:00+02:00;42999_G;39;15;60;freeFlow;1
2025-07-03T06:43:00+02:00;43000_D;50;5;0;unknown;0
2025-07-03T06:43:00+02:00;43000_G;43;6;60;freeFlow;1
2025-07-03T06:43:00+02:00;43001_D;50;4;0;unknown;0
2025-07-03T06:43:00+02:00;43001_G;40;5;60;freeFlow;1
2025-07-03T06:43:00+02:00;43003_D;50;3;0;unknown;0
2025-07-03T06:43:00+02:00;43003_G;40;4;60;freeFlow;1
2025-07-03T06:43:00+02:00;43027_D;42;6;60;freeFlow;1
2025-07-03T06:43:00+02:00;43027_G;50;5;0;unknown;0
2025-07-03T06:43:00+02:00;43029_D;38;11;60;freeFlow;1
2025-07-03T06:43:00+02:00;43029_G;50;8;0;unknown;0
2025-07-03T06:43:00+02:00;43046_D;50;6;0;unknown;0
2025-07-03T06:43:00+02:00;43046_G;50;6;0;unknown;0
2025-07-03T06:43:00+02:00;43047_D;50;4;0;unknown;0
2025-07-03T06:43:00+02:00;43047_G;50;3;0;unknown;0
2025-07-03T06:43:00+02:00;43048_D;50;5;0;unknown;0
2025-07-03T06:43:00+02:00;43048_G;50;5;0;unknown;0
2025-07-03T06:43:00+02:00;43049_D;30;4;0;unknown;0
2025-07-03T06:43:00+02:00;43049_G;30;4;0;unknown;0
2025-07-03T06:43:00+02:00;43050_D;50;3;0;unknown;0
2025-07-03T06:43:00+02:00;43050_G;50;3;0;unknown;0
2025-07-03T06:43:00+02:00;43099;49;2;0;unknown;0
2025-07-03T06:43:00+02:00;43352_G;36;13;60;freeFlow;1
2025-07-03T06:43:00+02:00;43451_D;30;15;0;unknown;0
2025-07-03T06:43:00+02:00;43481;50;14;0;unknown;0
2025-07-03T06:43:00+02:00;43627;50;13;0;unknown;0
2025-07-03T06:43:00+02:00;43658_D;50;4;0;unknown;0
2025-07-03T06:43:00+02:00;43658_G;50;4;0;unknown;0
2025-07-03T06:43:00+02:00;43718_D;50;3;0;unknown;0
2025-07-03T06:43:00+02:00;43718_G;50;3;0;unknown;0
2025-07-03T06:43:00+02:00;43719_D;50;9;0;unknown;0
2025-07-03T06:43:00+02:00;43719_G;50;9;0;unknown;0
2025-07-03T06:43:00+02:00;43720_D;50;4;0;unknown;0
2025-07-03T06:43:00+02:00;43720_G;50;4;0;unknown;0
2025-07-03T06:43:00+02:00;43724_D;50;8;0;unknown;0
2025-07-03T06:43:00+02:00;43724_G;50;8;0;unknown;0
2025-07-03T06:43:00+02:00;43733_D;50;4;0;unknown;0
2025-07-03T06:43:00+02:00;43733_G;40;5;60;freeFlow;1
2025-07-03T06:43:00+02:00;43736_D;50;4;0;unknown;0
2025-07-03T06:43:00+02:00;43736_G;50;4;0;unknown;0
2025-07-03T06:43:00+02:00;43739_D;50;6;0;unknown;0
2025-07-03T06:43:00+02:00;43739_G;50;7;0;unknown;0
2025-07-03T06:43:00+02:00;43740_D;50;6;0;unknown;0
2025-07-03T06:43:00+02:00;43740_G;50;6;0;unknown;0
2025-07-03T06:43:00+02:00;43741_D;50;1;0;unknown;0
2025-07-03T06:43:00+02:00;43741_G;50;0;0;unknown;0
2025-07-03T06:43:00+02:00;43742_D;50;7;0;unknown;0
2025-07-03T06:43:00+02:00;43742_G;50;7;0;unknown;0
2025-07-03T06:43:00+02:00;43743_G;50;25;0;unknown;0
2025-07-03T06:43:00+02:00;43744_D;50;5;0;unknown;0
2025-07-03T06:43:00+02:00;43744_G;50;5;0;unknown;0
2025-07-03T06:43:00+02:00;43748;30;7;0;unknown;0
2025-07-03T06:43:00+02:00;43757;50;2;0;unknown;0
2025-07-03T06:43:00+02:00;43758;50;6;0;unknown;0
2025-07-03T06:43:00+02:00;43786_D;20;31;60;heavy;1
2025-07-03T06:43:00+02:00;43786_G;50;12;0;unknown;0
2025-07-03T06:43:00+02:00;43787_D;50;3;0;unknown;0
2025-07-03T06:43:00+02:00;43787_G;50;3;0;unknown;0
2025-07-03T06:43:00+02:00;43788_D;50;2;0;unknown;0
2025-07-03T06:43:00+02:00;43788_G;50;2;0;unknown;0
2025-07-03T06:43:00+02:00;43789_D;50;5;0;unknown;0
2025-07-03T06:43:00+02:00;43789_G;50;6;0;unknown;0
2025-07-03T06:43:00+02:00;43790_D;50;5;0;unknown;0
2025-07-03T06:43:00+02:00;43790_G;50;5;0;unknown;0
2025-07-03T06:43:00+02:00;43791_D;50;3;0;unknown;0
2025-07-03T06:43:00+02:00;43791_G;50;3;0;unknown;0
2025-07-03T06:43:00+02:00;43792_D;50;7;0;unknown;0
2025-07-03T06:43:00+02:00;43792_G;50;6;0;unknown;0
2025-07-03T06:43:00+02:00;43814_D;50;14;0;unknown;0
2025-07-03T06:43:00+02:00;43814_G;35;20;60;heavy;1
2025-07-03T06:43:00+02:00;43815_D;50;7;0;unknown;0
2025-07-03T06:43:00+02:00;43815_G;32;12;60;heavy;1
2025-07-03T06:43:00+02:00;43817_D;50;14;0;unknown;0
2025-07-03T06:43:00+02:00;43817_G;50;14;0;unknown;0
2025-07-03T06:43:00+02:00;43819;30;15;0;unknown;0
2025-07-03T06:43:00+02:00;43821;50;5;0;unknown;0
2025-07-03T06:43:00+02:00;43828_D;50;11;0;unknown;0
2025-07-03T06:43:00+02:00;43828_G;50;11;0;unknown;0
2025-07-03T06:43:00+02:00;43835_D;50;7;0;unknown;0
2025-07-03T06:43:00+02:00;43835_G;41;8;60;freeFlow;1
2025-07-03T06:43:00+02:00;43836;50;10;0;unknown;0
2025-07-03T06:43:00+02:00;43871_D;25;8;60;heavy;1
2025-07-03T06:43:00+02:00;43871_G;59;3;57;freeFlow;1
2025-07-03T06:43:00+02:00;43872_D;31;6;60;heavy;1
2025-07-03T06:43:00+02:00;43872_G;52;4;57;freeFlow;1
2025-07-03T06:43:00+02:00;43873_D;33;8;60;heavy;1
2025-07-03T06:43:00+02:00;43873_G;28;9;57;heavy;1
2025-07-03T06:43:00+02:00;43925_D;36;7;60;freeFlow;1
2025-07-03T06:43:00+02:00;43925_G;28;9;57;heavy;1
2025-07-03T06:43:00+02:00;43937_D;50;6;0;unknown;0
2025-07-03T06:43:00+02:00;43937_G;50;6;0;unknown;0
2025-07-03T06:43:00+02:00;43938_D;50;20;0;unknown;0
2025-07-03T06:43:00+02:00;43938_G;50;20;0;unknown;0
2025-07-03T06:43:00+02:00;43972;50;7;0;unknown;0
2025-07-03T06:43:00+02:00;43974;26;19;74;heavy;2
2025-07-03T06:43:00+02:00;43975;20;11;74;heavy;2
2025-07-03T06:43:00+02:00;44002_D;50;9;0;unknown;0
2025-07-03T06:43:00+02:00;44002_G;50;9;0;unknown;0
2025-07-03T06:43:00+02:00;44003_D;50;8;0;unknown;0
2025-07-03T06:43:00+02:00;44012;12;53;73;congested;2
2025-07-03T06:43:00+02:00;44017_D;50;3;0;unknown;0
2025-07-03T06:43:00+02:00;44018_D;50;11;0;unknown;0
2025-07-03T06:43:00+02:00;44028;50;5;0;unknown;0
2025-07-03T06:43:00+02:00;44036_D;50;2;0;unknown;0
2025-07-03T06:43:00+02:00;44036_G;50;2;0;unknown;0
2025-07-03T06:43:00+02:00;44066;50;4;0;unknown;0
2025-07-03T06:43:00+02:00;44067;50;15;0;unknown;0
2025-07-03T06:43:00+02:00;44069;21;10;12;heavy;1
2025-07-03T06:43:00+02:00;44084_D;50;5;0;unknown;0
2025-07-03T06:43:00+02:00;44084_G;50;5;0;unknown;0
2025-07-03T06:43:00+02:00;44089_D;50;6;0;unknown;0
2025-07-03T06:43:00+02:00;44089_G;50;6;0;unknown;0
2025-07-03T06:43:00+02:00;44090_D;50;5;0;unknown;0
2025-07-03T06:43:00+02:00;44090_G;50;5;0;unknown;0
2025-07-03T06:43:00+02:00;44131;47;13;48;freeFlow;2
2025-07-03T06:43:00+02:00;44134;50;9;0;unknown;0
2025-07-03T06:43:00+02:00;44165_D;50;5;0;unknown;0
2025-07-03T06:43:00+02:00;44165_G;50;5;0;unknown;0
2025-07-03T06:43:00+02:00;44198_D;50;14;0;unknown;0
2025-07-03T06:43:00+02:00;44198_G;50;14;0;unknown;0
2025-07-03T06:43:00+02:00;44199_D;50;5;0;unknown;0
2025-07-03T06:43:00+02:00;44199_G;50;5;0;unknown;0
2025-07-03T06:43:00+02:00;44231_D;50;5;0;unknown;0
2025-07-03T06:43:00+02:00;44231_G;50;5;0;unknown;0
2025-07-03T06:43:00+02:00;44232_D;43;5;42;freeFlow;1
2025-07-03T06:43:00+02:00;44232_G;107;2;57;freeFlow;1
2025-07-03T06:43:00+02:00;44234_D;43;8;45;freeFlow;1
2025-07-03T06:43:00+02:00;44234_G;107;3;57;freeFlow;1
2025-07-03T06:43:00+02:00;44259_D;50;2;0;unknown;0
2025-07-03T06:43:00+02:00;44259_G;50;2;0;unknown;0
2025-07-03T06:43:00+02:00;44260;50;8;0;unknown;0
2025-07-03T06:43:00+02:00;44261_D;50;9;0;unknown;0
2025-07-03T06:43:00+02:00;44261_G;50;9;0;unknown;0
2025-07-03T06:43:00+02:00;44293;50;5;0;unknown;0
2025-07-03T06:43:00+02:00;44303_D;50;2;0;unknown;0
2025-07-03T06:43:00+02:00;44303_G;50;2;0;unknown;0
2025-07-03T06:43:00+02:00;44304_D;50;9;0;unknown;0
2025-07-03T06:43:00+02:00;44304_G;50;9;0;unknown;0
2025-07-03T06:43:00+02:00;44322_D;46;48;42;freeFlow;1
2025-07-03T06:43:00+02:00;44322_G;107;21;57;freeFlow;1
2025-07-03T06:43:00+02:00;44328;50;10;0;unknown;0
2025-07-03T06:43:00+02:00;44583_D;4;100;54;congested;2
2025-07-03T06:43:00+02:00;44583_G;3;127;38;congested;1
2025-07-03T06:43:00+02:00;44584_D;50;10;0;unknown;0
2025-07-03T06:43:00+02:00;44584_G;50;10;0;unknown;0
2025-07-03T06:43:00+02:00;44632_D;50;20;0;unknown;0
2025-07-03T06:43:00+02:00;44632_G;50;20;0;unknown;0
2025-07-03T06:43:00+02:00;44694_D;34;17;57;heavy;1
2025-07-03T06:43:00+02:00;44694_G;13;45;58;congested;1
2025-07-03T06:43:00+02:00;44695_D;21;5;60;heavy;1
2025-07-03T06:43:00+02:00;44695_G;59;2;57;freeFlow;1
2025-07-03T06:43:00+02:00;44711_D;37;17;75;freeFlow;2
2025-07-03T06:43:00+02:00;44711_G;47;13;60;freeFlow;1
2025-07-03T06:43:00+02:00;44712_D;40;6;57;freeFlow;1
2025-07-03T06:43:00+02:00;44712_G;39;6;62;freeFlow;2
2025-07-03T06:43:00+02:00;44714_D;33;2;60;heavy;1
2025-07-03T06:43:00+02:00;44714_G;49;1;60;freeFlow;1
2025-07-03T06:43:00+02:00;44736_D;50;2;0;unknown;0
2025-07-03T06:43:00+02:00;44736_G;50;2;0;unknown;0
2025-07-03T06:43:00+02:00;44868;61;7;32;freeFlow;1
2025-07-03T06:43:00+02:00;44873;68;2;30;freeFlow;1
2025-07-03T06:43:00+02:00;44874;68;6;100;freeFlow;4
2025-07-03T06:43:00+02:00;44875;69;6;32;freeFlow;1
2025-07-03T06:43:00+02:00;44877;54;8;100;freeFlow;3
2025-07-03T06:43:00+02:00;44878;70;13;0;unknown;0
2025-07-03T06:43:00+02:00;44880;80;19;100;freeFlow;4
2025-07-03T06:43:00+02:00;44882;100;10;100;freeFlow;4
2025-07-03T06:43:00+02:00;44884;92;14;100;freeFlow;7
2025-07-03T06:43:00+02:00;44900;66;23;32;freeFlow;1
2025-07-03T06:43:00+02:00;44902_D;50;33;0;unknown;0
2025-07-03T06:43:00+02:00;44902_G;50;33;0;unknown;0
2025-07-03T06:43:00+02:00;44905;60;11;75;freeFlow;2
2025-07-03T06:43:00+02:00;44920;89;2;100;freeFlow;9
2025-07-03T06:43:00+02:00;44942;93;12;60;freeFlow;1
2025-07-03T06:43:00+02:00;44948;93;11;100;freeFlow;5
2025-07-03T06:43:00+02:00;44961;29;11;75;freeFlow;2
2025-07-03T06:43:00+02:00;44962;30;8;0;unknown;0
2025-07-03T06:43:00+02:00;44963;21;5;12;heavy;1
2025-07-03T06:43:00+02:00;44966;94;10;100;freeFlow;8
2025-07-03T06:43:00+02:00;44974;45;3;100;freeFlow;3
2025-07-03T06:43:00+02:00;45012_D;50;1;0;unknown;0
2025-07-03T06:43:00+02:00;45012_G;50;1;0;unknown;0
2025-07-03T06:43:00+02:00;45028_D;50;17;0;unknown;0
2025-07-03T06:43:00+02:00;45028_G;50;17;0;unknown;0
2025-07-03T06:43:00+02:00;45029_D;50;7;0;unknown;0
2025-07-03T06:43:00+02:00;45029_G;50;7;0;unknown;0
2025-07-03T06:43:00+02:00;45106_D;50;3;0;unknown;0
2025-07-03T06:43:00+02:00;45106_G;50;3;0;unknown;0
2025-07-03T06:43:00+02:00;45136_D;50;16;0;unknown;0
2025-07-03T06:43:00+02:00;45149;28;18;45;heavy;1
2025-07-03T06:43:00+02:00;45166;28;1;45;heavy;1
2025-07-03T06:43:00+02:00;45169;64;2;15;freeFlow;1
2025-07-03T06:43:00+02:00;45236_G;56;9;60;freeFlow;1
2025-07-03T06:43:00+02:00;45238;50;12;60;freeFlow;1
2025-07-03T06:43:00+02:00;45239;30;16;0;unknown;0
2025-07-03T06:43:00+02:00;45240;90;6;0;unknown;0
2025-07-03T06:43:00+02:00;45241;90;1;0;unknown;0
2025-07-03T06:43:00+02:00;45305;66;4;60;freeFlow;1
2025-07-03T06:43:00+02:00;45306;90;7;0;unknown;0
2025-07-03T06:43:00+02:00;45327;93;6;100;freeFlow;10
2025-07-03T06:43:00+02:00;45486_D;44;4;60;freeFlow;1
2025-07-03T06:43:00+02:00;45487_D;44;5;60;freeFlow;1
2025-07-03T06:43:00+02:00;45630;92;12;100;freeFlow;11
2025-07-03T06:43:00+02:00;45645_D;50;11;0;unknown;0
2025-07-03T06:43:00+02:00;45651;103;2;45;freeFlow;1
2025-07-03T06:43:00+02:00;45761_D;0;1.6938415674208842e+37;75;congested;2
2025-07-03T06:43:00+02:00;45865_D;50;7;0;unknown;0
2025-07-03T06:43:00+02:00;46053_D;36;11;75;freeFlow;2
2025-07-03T06:43:00+02:00;46056_D;36;3;75;freeFlow;2
2025-07-03T06:43:00+02:00;46061;41;5;40;freeFlow;1
2025-07-03T06:43:00+02:00;46567_D;50;2;0;unknown;0
2025-07-03T06:43:00+02:00;46642;35;8;40;freeFlow;1
2025-07-03T06:43:00+02:00;46771;93;9;100;freeFlow;3
2025-07-03T06:43:00+02:00;46821_D;50;16;0;unknown;0
2025-07-03T06:43:00+02:00;46821_G;59;14;60;freeFlow;1
2025-07-03T06:43:00+02:00;46923_D;30;1;0;unknown;0
2025-07-03T06:43:00+02:00;46923_G;38;1;60;freeFlow;1
2025-07-03T06:43:00+02:00;46976;50;4;0;unknown;0
2025-07-03T06:43:00+02:00;47029;20;19;75;heavy;2
2025-07-03T06:43:00+02:00;47061;66;27;100;freeFlow;6
2025-07-03T06:43:00+02:00;47239;93;6;100;freeFlow;6
2025-07-03T06:43:00+02:00;47410;95;14;100;freeFlow;3
2025-07-03T06:43:00+02:00;47411;96;13;100;freeFlow;6
2025-07-03T06:43:00+02:00;47412;107;0;57;freeFlow;1
2025-07-03T06:43:00+02:00;47413;74;6;75;freeFlow;2
2025-07-03T06:43:00+02:00;47414;49;1;60;heavy;1
2025-07-03T06:43:00+02:00;47416;94;13;100;freeFlow;3
2025-07-03T06:43:00+02:00;47418;97;16;100;freeFlow;6
2025-07-03T06:43:00+02:00;47420;107;9;57;freeFlow;1
2025-07-03T06:43:00+02:00;47476;65;9;60;freeFlow;1
2025-07-03T06:43:00+02:00;47477;74;2;74;freeFlow;2
2025-07-03T06:43:00+02:00;47479;107;9;57;freeFlow;1
2025-07-03T06:43:00+02:00;47480;87;52;100;freeFlow;5
2025-07-03T06:43:00+02:00;47481;100;46;100;freeFlow;7
2025-07-03T06:43:00+02:00;47537_D;50;6;0;unknown;0
2025-07-03T06:43:00+02:00;47537_G;50;6;0;unknown;0
2025-07-03T06:43:00+02:00;47742_D;50;5;0;unknown;0
2025-07-03T06:43:00+02:00;48758;103;1;60;freeFlow;2
2025-07-03T06:43:00+02:00;48759;81;1;60;freeFlow;1
2025-07-03T06:43:00+02:00;48920_D;31;8;60;heavy;1
2025-07-03T06:43:00+02:00;48920_G;50;5;0;unknown;0
2025-07-03T06:43:00+02:00;489866_D;53;3;60;freeFlow;1
2025-07-03T06:43:00+02:00;489970;76;12;0;unknown;0
2025-07-03T06:43:00+02:00;489971;107;1;57;freeFlow;1
2025-07-03T06:43:00+02:00;489972;97;4;100;freeFlow;3
2025-07-03T06:43:00+02:00;490059_D;107;9;27;freeFlow;1
2025-07-03T06:43:00+02:00;490059_G;55;17;50;freeFlow;1
2025-07-03T06:43:00+02:00;490080_D;107;0;27;freeFlow;1
2025-07-03T06:43:00+02:00;490080_G;63;1;50;freeFlow;1
2025-07-03T06:43:00+02:00;49026;50;1;0;unknown;0
2025-07-03T06:43:00+02:00;49053;50;11;0;unknown;0
2025-07-03T06:43:00+02:00;490823;107;7;57;freeFlow;1
2025-07-03T06:43:00+02:00;490824;40;9;60;heavy;1
2025-07-03T06:43:00+02:00;490825;107;7;57;freeFlow;1
2025-07-03T06:43:00+02:00;490827;107;4;57;freeFlow;1
2025-07-03T06:43:00+02:00;490828_D;42;12;48;freeFlow;1
2025-07-03T06:43:00+02:00;490828_G;107;5;57;freeFlow;1
2025-07-03T06:43:00+02:00;491005_D;50;3;0;unknown;0
2025-07-03T06:43:00+02:00;491005_G;50;3;0;unknown;0
2025-07-03T06:43:00+02:00;491126_D;42;10;48;freeFlow;1
2025-07-03T06:43:00+02:00;491126_G;107;4;57;freeFlow;1
2025-07-03T06:43:00+02:00;491135;42;3;48;freeFlow;1
2025-07-03T06:43:00+02:00;491141;38;2;70;freeFlow;2
2025-07-03T06:43:00+02:00;491300_D;33;19;0;unknown;0
2025-07-03T06:43:00+02:00;491300_G;50;13;0;unknown;0
2025-07-03T06:43:00+02:00;491308;50;1;0;unknown;0
2025-07-03T06:43:00+02:00;491320_D;50;6;0;unknown;0
2025-07-03T06:43:00+02:00;491320_G;50;6;0;unknown;0
2025-07-03T06:43:00+02:00;491326_D;50;11;0;unknown;0
2025-07-03T06:43:00+02:00;491326_G;50;11;0;unknown;0
2025-07-03T06:43:00+02:00;491329_D;50;4;0;unknown;0
2025-07-03T06:43:00+02:00;491329_G;50;4;0;unknown;0
2025-07-03T06:43:00+02:00;491490;50;4;0;unknown;0
2025-07-03T06:43:00+02:00;491714_D;30;8;0;unknown;0
2025-07-03T06:43:00+02:00;491714_G;38;7;60;freeFlow;1
2025-07-03T06:43:00+02:00;491735_D;30;4;0;unknown;0
2025-07-03T06:43:00+02:00;491735_G;38;4;60;freeFlow;1
2025-07-03T06:43:00+02:00;491794_D;50;3;0;unknown;0
2025-07-03T06:43:00+02:00;491794_G;50;3;0;unknown;0
2025-07-03T06:43:00+02:00;491872;64;10;60;freeFlow;1
2025-07-03T06:43:00+02:00;491877;71;1;60;freeFlow;1
2025-07-03T06:43:00+02:00;491881;71;1;60;freeFlow;1
2025-07-03T06:43:00+02:00;491884;50;1;0;unknown;0
2025-07-03T06:43:00+02:00;491888;81;11;60;freeFlow;1
2025-07-03T06:43:00+02:00;491890;71;1;60;freeFlow;1
2025-07-03T06:43:00+02:00;491917;46;2;32;heavy;1
2025-07-03T06:43:00+02:00;49225_D;50;6;0;unknown;0
2025-07-03T06:43:00+02:00;49225_G;28;11;60;heavy;1
2025-07-03T06:43:00+02:00;492315_D;50;29;0;unknown;0
2025-07-03T06:43:00+02:00;492315_G;50;29;0;unknown;0
2025-07-03T06:43:00+02:00;492351_D;42;3;60;freeFlow;1
2025-07-03T06:43:00+02:00;492359_G;50;5;0;unknown;0
2025-07-03T06:43:00+02:00;492437;50;4;0;unknown;0
2025-07-03T06:43:00+02:00;492442;46;1;57;freeFlow;1
2025-07-03T06:43:00+02:00;492445_D;50;12;0;unknown;0
2025-07-03T06:43:00+02:00;492478;32;5;60;heavy;1
2025-07-03T06:43:00+02:00;492492;70;5;0;unknown;0
2025-07-03T06:43:00+02:00;49315_D;20;9;60;heavy;1
2025-07-03T06:43:00+02:00;49315_G;50;4;0;unknown;0
2025-07-03T06:43:00+02:00;49943_D;50;14;0;unknown;0
2025-07-03T06:43:00+02:00;49943_G;50;14;0;unknown;0
2025-07-03T06:43:00+02:00;49947;50;4;0;unknown;0
2025-07-03T06:43:00+02:00;49958_D;41;7;57;freeFlow;1
2025-07-03T06:43:00+02:00;49958_G;35;8;60;freeFlow;1
2025-07-03T06:43:00+02:00;50308_D;53;5;60;freeFlow;1
2025-07-03T06:43:00+02:00;50441;39;6;75;freeFlow;2
2025-07-03T06:43:00+02:00;50525;33;7;60;heavy;1
2025-07-03T06:43:00+02:00;50571;50;2;0;unknown;0
2025-07-03T06:43:00+02:00;50625;50;4;0;unknown;0
2025-07-03T06:43:00+02:00;5064_D;70;7;0;unknown;0
2025-07-03T06:43:00+02:00;5064_G;60;9;100;freeFlow;3
2025-07-03T06:43:00+02:00;51419;50;15;0;unknown;0
2025-07-03T06:43:00+02:00;51474_D;50;1;0;unknown;0
2025-07-03T06:43:00+02:00;51474_G;50;1;0;unknown;0
2025-07-03T06:43:00+02:00;51798;34;2;100;heavy;3
2025-07-03T06:43:00+02:00;52107_D;50;9;0;unknown;0
2025-07-03T06:43:00+02:00;52107_G;60;8;60;freeFlow;1
2025-07-03T06:43:00+02:00;52129;50;6;0;unknown;0
2025-07-03T06:43:00+02:00;52835_D;94;2;10;freeFlow;1
2025-07-03T06:43:00+02:00;53020_D;50;2;0;unknown;0
2025-07-03T06:43:00+02:00;53327_D;52;7;15;freeFlow;1
2025-07-03T06:43:00+02:00;53327_G;50;7;0;unknown;0
2025-07-03T06:43:00+02:00;53411_G;50;7;0;unknown;0
2025-07-03T06:43:00+02:00;53428;82;57;100;freeFlow;6
2025-07-03T06:43:00+02:00;53539_D;48;4;20;freeFlow;1
2025-07-03T06:43:00+02:00;53566;30;4;60;heavy;2
2025-07-03T06:43:00+02:00;53623;53;2;75;freeFlow;2
2025-07-03T06:43:00+02:00;53624;51;1;94;freeFlow;3
2025-07-03T06:43:00+02:00;53625;41;2;40;freeFlow;1
2025-07-03T06:43:00+02:00;53634_D;107;1;27;freeFlow;1
2025-07-03T06:43:00+02:00;53634_G;30;2;0;unknown;0
2025-07-03T06:43:00+02:00;53641_D;50;9;0;unknown;0
2025-07-03T06:43:00+02:00;53641_G;50;9;0;unknown;0
2025-07-03T06:43:00+02:00;53652;57;13;35;freeFlow;1
2025-07-03T06:43:00+02:00;53659;48;4;100;freeFlow;3
2025-07-03T06:43:00+02:00;53702;88;5;100;freeFlow;9
2025-07-03T06:43:00+02:00;53892;38;2;100;freeFlow;3
2025-07-03T06:43:00+02:00;53893;42;15;100;freeFlow;3
2025-07-03T06:43:00+02:00;53895;43;8;100;freeFlow;3
2025-07-03T06:43:00+02:00;53896;38;11;100;freeFlow;3
2025-07-03T06:43:00+02:00;53898;31;18;100;heavy;3
2025-07-03T06:43:00+02:00;53900;31;19;75;heavy;2
2025-07-03T06:43:00+02:00;53901;39;7;75;freeFlow;2
2025-07-03T06:43:00+02:00;53903;47;4;75;freeFlow;2
2025-07-03T06:43:00+02:00;53904;47;3;75;freeFlow;2
2025-07-03T06:43:00+02:00;53905;46;9;75;freeFlow;2
2025-07-03T06:43:00+02:00;53908;76;1;100;freeFlow;3
2025-07-03T06:43:00+02:00;53910;18;17;100;heavy;4
2025-07-03T06:43:00+02:00;53912;47;7;100;freeFlow;4
2025-07-03T06:43:00+02:00;53915;56;10;100;freeFlow;4
2025-07-03T06:43:00+02:00;53918;85;6;100;freeFlow;3
2025-07-03T06:43:00+02:00;53919;85;2;100;freeFlow;3
2025-07-03T06:43:00+02:00;53921;55;10;100;freeFlow;3
2025-07-03T06:43:00+02:00;53922;85;2;100;freeFlow;3
2025-07-03T06:43:00+02:00;53923;40;13;100;freeFlow;3
2025-07-03T06:43:00+02:00;53925_D;70;4;0;unknown;0
2025-07-03T06:43:00+02:00;53925_G;70;4;0;unknown;0
2025-07-03T06:43:00+02:00;53936;81;11;60;freeFlow;1
2025-07-03T06:43:00+02:00;53938;81;4;60;freeFlow;1
2025-07-03T06:43:00+02:00;53939;89;16;100;freeFlow;5
2025-07-03T06:43:00+02:00;53941;98;5;100;freeFlow;5
2025-07-03T06:43:00+02:00;53942;98;3;100;freeFlow;5
2025-07-03T06:43:00+02:00;53944;71;0;60;freeFlow;1
2025-07-03T06:43:00+02:00;53945;71;7;60;freeFlow;1
2025-07-03T06:43:00+02:00;53946;71;1;60;freeFlow;1
2025-07-03T06:43:00+02:00;53947;81;1;60;freeFlow;1
2025-07-03T06:43:00+02:00;53948;81;3;60;freeFlow;1
2025-07-03T06:43:00+02:00;53949;81;2;60;freeFlow;1
2025-07-03T06:43:00+02:00;53950;99;38;75;freeFlow;2
2025-07-03T06:43:00+02:00;53952_D;33;4;20;heavy;1
2025-07-03T06:43:00+02:00;53952_G;50;3;0;unknown;0
2025-07-03T06:43:00+02:00;53959;93;39;100;freeFlow;3
2025-07-03T06:43:00+02:00;53961;114;50;60;freeFlow;1
2025-07-03T06:43:00+02:00;53987;50;1;0;unknown;0
2025-07-03T06:43:00+02:00;53990;69;4;15;freeFlow;1
2025-07-03T06:43:00+02:00;54067;96;10;100;freeFlow;3
2025-07-03T06:43:00+02:00;54134;50;16;0;unknown;0
2025-07-03T06:43:00+02:00;54138;50;21;0;unknown;0
2025-07-03T06:43:00+02:00;54140;50;40;0;unknown;0
2025-07-03T06:43:00+02:00;54144;56;3;60;freeFlow;1
2025-07-03T06:43:00+02:00;54150;49;18;12;freeFlow;1
2025-07-03T06:43:00+02:00;54153;50;18;0;unknown;0
2025-07-03T06:43:00+02:00;54154;50;21;0;unknown;0
2025-07-03T06:43:00+02:00;54155;50;22;0;unknown;0
2025-07-03T06:43:00+02:00;54161;50;4;0;unknown;0
2025-07-03T06:43:00+02:00;54187_D;30;11;0;unknown;0
2025-07-03T06:43:00+02:00;54187_G;31;11;0;unknown;0
2025-07-03T06:43:00+02:00;54189_D;30;13;0;unknown;0
2025-07-03T06:43:00+02:00;54189_G;30;14;0;unknown;0
2025-07-03T06:43:00+02:00;54191_D;30;10;0;unknown;0
2025-07-03T06:43:00+02:00;54191_G;30;9;0;unknown;0
2025-07-03T06:43:00+02:00;54197;31;24;60;heavy;1
2025-07-03T06:43:00+02:00;54198;5;40;60;congested;1
2025-07-03T06:43:00+02:00;54206;17;34;17;heavy;1
2025-07-03T06:43:00+02:00;54208;21;3;17;heavy;1
2025-07-03T06:43:00+02:00;54212;40;40;60;freeFlow;1
2025-07-03T06:43:00+02:00;54223_D;30;2;0;unknown;0
2025-07-03T06:43:00+02:00;54223_G;30;2;0;unknown;0
2025-07-03T06:43:00+02:00;54227;97;10;100;freeFlow;6
2025-07-03T06:43:00+02:00;54234;103;0;45;freeFlow;1
2025-07-03T06:43:00+02:00;54239;50;1;0;unknown;0
2025-07-03T06:43:00+02:00;54240;28;12;45;heavy;1
2025-07-03T06:43:00+02:00;54241;45;1;15;freeFlow;1
2025-07-03T06:43:00+02:00;54243;45;12;15;freeFlow;1
2025-07-03T06:43:00+02:00;54297;12;71;45;congested;1
2025-07-03T06:43:00+02:00;54339;50;19;0;unknown;0
2025-07-03T06:43:00+02:00;54340;13;24;60;congested;1
2025-07-03T06:43:00+02:00;54358_D;50;14;0;unknown;0
2025-07-03T06:43:00+02:00;54358_G;50;14;0;unknown;0
2025-07-03T06:43:00+02:00;54363;55;8;12;freeFlow;1
2025-07-03T06:43:00+02:00;54365;55;5;12;freeFlow;1
2025-07-03T06:43:00+02:00;54367;55;7;12;freeFlow;1
2025-07-03T06:43:00+02:00;54368;27;4;12;heavy;1
2025-07-03T06:43:00+02:00;54369;93;13;100;freeFlow;9
2025-07-03T06:43:00+02:00;54372;21;2;12;heavy;1
2025-07-03T06:43:00+02:00;54375;54;13;38;freeFlow;1
2025-07-03T06:43:00+02:00;54376;33;6;75;heavy;2
2025-07-03T06:43:00+02:00;54378;19;16;100;heavy;3
2025-07-03T06:43:00+02:00;54381;45;7;75;freeFlow;2
2025-07-03T06:43:00+02:00;54382;80;3;60;freeFlow;1
2025-07-03T06:43:00+02:00;54383;77;11;100;freeFlow;3
2025-07-03T06:43:00+02:00;54384;82;3;60;freeFlow;1
2025-07-03T06:43:00+02:00;54385;59;5;75;freeFlow;2
2025-07-03T06:43:00+02:00;54386;78;1;60;freeFlow;1
2025-07-03T06:43:00+02:00;54400;45;12;15;freeFlow;1
2025-07-03T06:43:00+02:00;54401;45;2;15;freeFlow;1
2025-07-03T06:43:00+02:00;54406;50;52;0;unknown;0
2025-07-03T06:43:00+02:00;54428_D;50;12;0;unknown;0
2025-07-03T06:43:00+02:00;54428_G;50;12;0;unknown;0
2025-07-03T06:43:00+02:00;54429_D;50;13;0;unknown;0
2025-07-03T06:43:00+02:00;54429_G;33;20;60;heavy;1
2025-07-03T06:43:00+02:00;54438_D;50;1;0;unknown;0
2025-07-03T06:43:00+02:00;54438_G;50;1;0;unknown;0
2025-07-03T06:43:00+02:00;54440_D;50;6;0;unknown;0
2025-07-03T06:43:00+02:00;54440_G;10;28;0;unknown;0
2025-07-03T06:43:00+02:00;54444_D;50;1;0;unknown;0
2025-07-03T06:43:00+02:00;54444_G;50;1;0;unknown;0
2025-07-03T06:43:00+02:00;54447_D;50;11;0;unknown;0
2025-07-03T06:43:00+02:00;54447_G;50;11;0;unknown;0
2025-07-03T06:43:00+02:00;54448_D;50;3;0;unknown;0
2025-07-03T06:43:00+02:00;54448_G;50;3;0;unknown;0
2025-07-03T06:43:00+02:00;54449_D;50;10;0;unknown;0
2025-07-03T06:43:00+02:00;54449_G;50;10;0;unknown;0
2025-07-03T06:43:00+02:00;54453_D;50;3;0;unknown;0
2025-07-03T06:43:00+02:00;54453_G;50;3;0;unknown;0
2025-07-03T06:43:00+02:00;54455;50;2;0;unknown;0
2025-07-03T06:43:00+02:00;54457;50;8;0;unknown;0
2025-07-03T06:43:00+02:00;54460;50;5;0;unknown;0
2025-07-03T06:43:00+02:00;54463_D;50;6;0;unknown;0
2025-07-03T06:43:00+02:00;54463_G;50;6;0;unknown;0
2025-07-03T06:43:00+02:00;54466_D;50;15;0;unknown;0
2025-07-03T06:43:00+02:00;54466_G;50;16;0;unknown;0
2025-07-03T06:43:00+02:00;54469;45;3;15;freeFlow;1
2025-07-03T06:43:00+02:00;54471;39;11;48;freeFlow;2
2025-07-03T06:43:00+02:00;54472;21;20;17;heavy;1
2025-07-03T06:43:00+02:00;54473;21;1;17;heavy;1
2025-07-03T06:43:00+02:00;54483;58;26;45;freeFlow;2
2025-07-03T06:43:00+02:00;54489;50;1;0;unknown;0
2025-07-03T06:43:00+02:00;54490;50;4;0;unknown;0
2025-07-03T06:43:00+02:00;54492;50;3;0;unknown;0
2025-07-03T06:43:00+02:00;54505;14;53;57;congested;2
2025-07-03T06:43:00+02:00;54509;50;6;0;unknown;0
2025-07-03T06:43:00+02:00;54518;37;4;57;freeFlow;2
2025-07-03T06:43:00+02:00;54522;29;3;60;heavy;2
2025-07-03T06:43:00+02:00;54523;30;3;0;unknown;0
2025-07-03T06:43:00+02:00;54524;30;1;0;unknown;0
2025-07-03T06:43:00+02:00;54580_D;29;19;60;heavy;1
2025-07-03T06:43:00+02:00;54877;20;36;48;heavy;2
2025-07-03T06:43:00+02:00;54879;16;46;20;heavy;1
2025-07-03T06:43:00+02:00;54880_D;50;20;0;unknown;0
2025-07-03T06:43:00+02:00;54880_G;37;27;60;freeFlow;1
2025-07-03T06:43:00+02:00;54882;33;2;45;freeFlow;2
2025-07-03T06:43:00+02:00;54883;35;1;45;freeFlow;2
2025-07-03T06:43:00+02:00;54884;30;1;0;unknown;0
2025-07-03T06:43:00+02:00;54885;30;1;0;unknown;0
2025-07-03T06:43:00+02:00;54886;20;4;20;heavy;1
2025-07-03T06:43:00+02:00;54887;24;3;60;freeFlow;1
2025-07-03T06:43:00+02:00;54888;23;1;20;freeFlow;1
2025-07-03T06:43:00+02:00;54889;30;1;0;unknown;0
2025-07-03T06:43:00+02:00;54988;30;4;100;heavy;4
2025-07-03T06:43:00+02:00;54989;43;41;75;heavy;2
2025-07-03T06:43:00+02:00;54990;30;3;100;heavy;3
2025-07-03T06:43:00+02:00;54991;60;29;60;freeFlow;1
2025-07-03T06:43:00+02:00;55467_D;50;13;0;unknown;0
2025-07-03T06:43:00+02:00;55467_G;45;13;57;freeFlow;1
2025-07-03T06:43:00+02:00;55570_D;50;3;0;unknown;0
2025-07-03T06:43:00+02:00;55570_G;50;3;0;unknown;0
2025-07-03T06:43:00+02:00;55589_D;30;8;0;unknown;0
2025-07-03T06:43:00+02:00;55589_G;30;8;0;unknown;0
2025-07-03T06:43:00+02:00;55591;50;1;0;unknown;0
2025-07-03T06:43:00+02:00;55592;50;1;0;unknown;0
2025-07-03T06:43:00+02:00;55593;30;2;60;heavy;1
2025-07-03T06:43:00+02:00;55595;20;2;60;heavy;1
2025-07-03T06:43:00+02:00;55596;20;2;60;heavy;1
2025-07-03T06:43:00+02:00;55597;20;2;60;heavy;1
2025-07-03T06:43:00+02:00;55702;50;6;0;unknown;0
2025-07-03T06:43:00+02:00;55704;50;17;0;unknown;0
2025-07-03T06:43:00+02:00;5576_D;42;8;60;heavy;1
2025-07-03T06:43:00+02:00;5576_G;104;3;60;freeFlow;1
2025-07-03T06:43:00+02:00;55881;33;1;100;heavy;3
2025-07-03T06:43:00+02:00;55900;2;40;100;congested;3
2025-07-03T06:43:00+02:00;55929_D;3;145;20;congested;1
2025-07-03T06:43:00+02:00;55929_G;50;8;0;unknown;0
2025-07-03T06:43:00+02:00;55976;36;4;60;freeFlow;1
2025-07-03T06:43:00+02:00;56024;47;21;60;freeFlow;1
2025-07-03T06:43:00+02:00;56131;50;2;0;unknown;0
2025-07-03T06:43:00+02:00;56257;30;7;0;unknown;0
2025-07-03T06:43:00+02:00;563566;50;3;0;unknown;0
2025-07-03T06:43:00+02:00;563571;50;6;0;unknown;0
2025-07-03T06:43:00+02:00;563844_D;70;12;75;freeFlow;2
2025-07-03T06:43:00+02:00;563844_G;47;18;60;heavy;1
2025-07-03T06:43:00+02:00;563846;55;5;12;freeFlow;1
2025-07-03T06:43:00+02:00;563903_D;50;34;0;unknown;0
2025-07-03T06:43:00+02:00;563903_G;50;34;0;unknown;0
2025-07-03T06:43:00+02:00;564067_D;76;16;60;freeFlow;1
2025-07-03T06:43:00+02:00;564067_G;71;18;60;freeFlow;1
2025-07-03T06:43:00+02:00;564195_D;87;5;75;freeFlow;2
2025-07-03T06:43:00+02:00;564195_G;26;18;60;heavy;1
2025-07-03T06:43:00+02:00;56441;51;5;60;freeFlow;1
2025-07-03T06:43:00+02:00;5651;37;2;50;freeFlow;1
2025-07-03T06:43:00+02:00;5652;64;1;70;freeFlow;2
2025-07-03T06:43:00+02:00;565232;30;4;0;unknown;0
2025-07-03T06:43:00+02:00;5653;36;1;50;freeFlow;1
2025-07-03T06:43:00+02:00;565374;46;44;60;freeFlow;1
2025-07-03T06:43:00+02:00;565376;54;39;55;freeFlow;1
2025-07-03T06:43:00+02:00;565393;94;50;75;freeFlow;2
2025-07-03T06:43:00+02:00;5654;64;1;70;freeFlow;2
2025-07-03T06:43:00+02:00;565682_D;70;13;0;unknown;0
2025-07-03T06:43:00+02:00;565682_G;50;19;75;freeFlow;2
2025-07-03T06:43:00+02:00;565731_D;42;2;48;freeFlow;1
2025-07-03T06:43:00+02:00;565731_G;107;1;57;freeFlow;1
2025-07-03T06:43:00+02:00;565732;107;1;57;freeFlow;1
2025-07-03T06:43:00+02:00;56584;52;5;60;freeFlow;1
2025-07-03T06:43:00+02:00;565854;70;14;0;unknown;0
2025-07-03T06:43:00+02:00;566176_D;65;17;32;freeFlow;1
2025-07-03T06:43:00+02:00;566176_G;39;29;32;heavy;1
2025-07-03T06:43:00+02:00;56619_D;52;8;55;freeFlow;1
2025-07-03T06:43:00+02:00;56619_G;54;8;60;freeFlow;2
2025-07-03T06:43:00+02:00;566287_D;30;16;0;unknown;0
2025-07-03T06:43:00+02:00;566287_G;30;16;0;unknown;0
2025-07-03T06:43:00+02:00;566302_D;27;1;32;heavy;1
2025-07-03T06:43:00+02:00;566302_G;42;1;32;freeFlow;1
2025-07-03T06:43:00+02:00;566303_D;50;15;0;unknown;0
2025-07-03T06:43:00+02:00;566303_G;58;13;32;freeFlow;1
2025-07-03T06:43:00+02:00;5663_D;83;31;70;freeFlow;2
2025-07-03T06:43:00+02:00;5663_G;61;43;52;freeFlow;1
2025-07-03T06:43:00+02:00;566407_D;30;3;0;unknown;0
2025-07-03T06:43:00+02:00;566407_G;31;2;0;unknown;0
2025-07-03T06:43:00+02:00;566417_D;30;5;0;unknown;0
2025-07-03T06:43:00+02:00;566417_G;30;5;0;unknown;0
2025-07-03T06:43:00+02:00;566419;23;2;60;heavy;1
2025-07-03T06:43:00+02:00;566481;50;1;0;unknown;0
2025-07-03T06:43:00+02:00;566482;50;1;0;unknown;0
2025-07-03T06:43:00+02:00;566483;94;120;73;freeFlow;3
2025-07-03T06:43:00+02:00;566484;50;0;0;unknown;0
2025-07-03T06:43:00+02:00;5664_D;85;2;52;freeFlow;1
2025-07-03T06:43:00+02:00;5664_G;103;1;55;freeFlow;1
2025-07-03T06:43:00+02:00;566573_D;42;3;55;freeFlow;1
2025-07-03T06:43:00+02:00;566573_G;56;2;60;freeFlow;2
2025-07-03T06:43:00+02:00;566599_D;27;1;70;freeFlow;2
2025-07-03T06:43:00+02:00;566599_G;30;1;0;unknown;0
2025-07-03T06:43:00+02:00;566706_D;50;3;0;unknown;0
2025-07-03T06:43:00+02:00;566706_G;50;4;0;unknown;0
2025-07-03T06:43:00+02:00;56676_G;50;4;0;unknown;0
2025-07-03T06:43:00+02:00;566850;46;3;52;freeFlow;1
2025-07-03T06:43:00+02:00;566924_D;50;6;0;unknown;0
2025-07-03T06:43:00+02:00;566924_G;50;6;0;unknown;0
2025-07-03T06:43:00+02:00;566942;33;1;60;heavy;1
2025-07-03T06:43:00+02:00;56872;86;24;100;freeFlow;9
2025-07-03T06:43:00+02:00;56874;98;5;100;freeFlow;8
2025-07-03T06:43:00+02:00;56886;50;51;0;unknown;0
2025-07-03T06:43:00+02:00;56914;80;2;75;freeFlow;2
2025-07-03T06:43:00+02:00;56926;95;3;100;freeFlow;4
2025-07-03T06:43:00+02:00;57009;85;4;100;freeFlow;11
2025-07-03T06:43:00+02:00;57011;88;7;100;freeFlow;9
2025-07-03T06:43:00+02:00;57012;63;6;38;freeFlow;1
2025-07-03T06:43:00+02:00;57082_D;30;9;0;unknown;0
2025-07-03T06:43:00+02:00;57360_D;30;5;0;unknown;0
2025-07-03T06:43:00+02:00;57360_G;30;6;0;unknown;0
2025-07-03T06:43:00+02:00;57362_D;30;4;0;unknown;0
2025-07-03T06:43:00+02:00;57362_G;30;3;0;unknown;0
2025-07-03T06:43:00+02:00;57368_D;30;7;0;unknown;0
2025-07-03T06:43:00+02:00;57368_G;30;7;0;unknown;0
2025-07-03T06:43:00+02:00;57378_D;50;3;0;unknown;0
2025-07-03T06:43:00+02:00;57378_G;50;3;0;unknown;0
2025-07-03T06:43:00+02:00;62549;80;1;75;freeFlow;2
2025-07-03T06:43:00+02:00;62550;80;1;75;freeFlow;2
2025-07-03T06:43:00+02:00;62617_D;50;9;0;unknown;0
2025-07-03T06:43:00+02:00;62617_G;50;9;0;unknown;0
2025-07-03T06:43:00+02:00;62948_D;30;5;0;unknown;0
2025-07-03T06:43:00+02:00;62948_G;30;5;0;unknown;0
2025-07-03T06:43:00+02:00;63039;78;2;100;freeFlow;3
2025-07-03T06:43:00+02:00;63203_D;30;26;0;unknown;0
2025-07-03T06:43:00+02:00;63203_G;30;26;0;unknown;0
2025-07-03T06:43:00+02:00;63308;50;2;0;unknown;0
2025-07-03T06:43:00+02:00;63895_D;30;5;0;unknown;0
2025-07-03T06:43:00+02:00;63895_G;30;5;0;unknown;0
2025-07-03T06:43:00+02:00;63903;89;2;100;freeFlow;3
2025-07-03T06:43:00+02:00;63917;81;1;60;freeFlow;1
2025-07-03T06:43:00+02:00;63954_D;55;3;70;freeFlow;2
2025-07-03T06:43:00+02:00;63954_G;30;5;0;unknown;0
2025-07-03T06:43:00+02:00;63961_D;55;1;70;freeFlow;2
2025-07-03T06:43:00+02:00;63961_G;30;2;0;unknown;0
2025-07-03T06:43:00+02:00;63963_D;42;11;48;freeFlow;1
2025-07-03T06:43:00+02:00;63963_G;107;4;57;freeFlow;1
2025-07-03T06:43:00+02:00;63974;70;6;0;unknown;0
2025-07-03T06:43:00+02:00;64028;50;2;0;unknown;0
2025-07-03T06:43:00+02:00;64029;39;3;20;heavy;1
2025-07-03T06:43:00+02:00;64033;50;3;0;unknown;0
2025-07-03T06:43:00+02:00;64034;39;2;20;freeFlow;1
2025-07-03T06:43:00+02:00;64035;39;3;20;freeFlow;1
2025-07-03T06:43:00+02:00;64104_D;50;2;0;unknown;0
2025-07-03T06:43:00+02:00;64104_G;50;2;0;unknown;0
2025-07-03T06:43:00+02:00;6421;88;26;75;freeFlow;2
2025-07-03T06:43:00+02:00;6422;86;7;60;freeFlow;1
2025-07-03T06:43:00+02:00;6423;104;13;68;freeFlow;2
2025-07-03T06:43:00+02:00;6424;104;29;52;freeFlow;1
2025-07-03T06:43:00+02:00;64792_D;50;13;0;unknown;0
2025-07-03T06:43:00+02:00;64792_G;54;13;32;freeFlow;1
2025-07-03T06:43:00+02:00;64862_D;50;10;0;unknown;0
2025-07-03T06:43:00+02:00;64862_G;50;10;0;unknown;0
2025-07-03T06:43:00+02:00;65281;46;2;75;freeFlow;2
2025-07-03T06:43:00+02:00;65283;46;2;75;freeFlow;2
2025-07-03T06:43:00+02:00;65293;46;4;75;freeFlow;2
2025-07-03T06:43:00+02:00;65961_D;50;27;0;unknown;0
2025-07-03T06:43:00+02:00;65961_G;11;123;32;congested;1
2025-07-03T06:43:00+02:00;65966_D;50;1;0;unknown;0
2025-07-03T06:43:00+02:00;65966_G;37;1;30;freeFlow;1
2025-07-03T06:43:00+02:00;66020;68;0;60;freeFlow;1
2025-07-03T06:43:00+02:00;6615_D;56;10;60;heavy;1
2025-07-03T06:43:00+02:00;6615_G;59;10;60;freeFlow;1
2025-07-03T06:43:00+02:00;6616;49;1;60;heavy;1
2025-07-03T06:43:00+02:00;6619;41;3;57;heavy;1
2025-07-03T06:43:00+02:00;6620;43;6;74;heavy;2
2025-07-03T06:43:00+02:00;6621;49;2;60;heavy;1
2025-07-03T06:43:00+02:00;6622;43;2;73;heavy;2
2025-07-03T06:43:00+02:00;6623;41;1;57;heavy;1
2025-07-03T06:43:00+02:00;6628_D;50;17;0;unknown;0
2025-07-03T06:43:00+02:00;6628_G;50;17;0;unknown;0
2025-07-03T06:43:00+02:00;6629_D;50;20;0;unknown;0
2025-07-03T06:43:00+02:00;6629_G;50;19;0;unknown;0
2025-07-03T06:43:00+02:00;6643;46;15;60;heavy;1
2025-07-03T06:43:00+02:00;6644;43;15;57;heavy;1
2025-07-03T06:43:00+02:00;6645;38;2;60;freeFlow;1
2025-07-03T06:43:00+02:00;6646;45;1;74;freeFlow;2
2025-07-03T06:43:00+02:00;6647;52;1;57;freeFlow;1
2025-07-03T06:43:00+02:00;6648;39;2;60;freeFlow;1
2025-07-03T06:43:00+02:00;6649;39;2;60;freeFlow;1
2025-07-03T06:43:00+02:00;6650;39;4;75;freeFlow;2
2025-07-03T06:43:00+02:00;6651;38;4;75;freeFlow;2
2025-07-03T06:43:00+02:00;6669_D;62;81;49;freeFlow;1
2025-07-03T06:43:00+02:00;6669_G;73;69;67;freeFlow;2
2025-07-03T06:43:00+02:00;67069;26;7;42;heavy;1
2025-07-03T06:43:00+02:00;67223_D;55;1;70;freeFlow;2
2025-07-03T06:43:00+02:00;67223_G;30;2;0;unknown;0
2025-07-03T06:43:00+02:00;67229_D;46;9;100;freeFlow;3
2025-07-03T06:43:00+02:00;67229_G;30;14;0;unknown;0
2025-07-03T06:43:00+02:00;6723;85;9;60;freeFlow;1
2025-07-03T06:43:00+02:00;67324_D;97;10;40;freeFlow;1
2025-07-03T06:43:00+02:00;67324_G;69;14;60;freeFlow;1
2025-07-03T06:43:00+02:00;67330;13;4;42;heavy;1
2025-07-03T06:43:00+02:00;67332;19;4;60;heavy;1
2025-07-03T06:43:00+02:00;67334;13;3;42;heavy;1
2025-07-03T06:43:00+02:00;67340;26;2;60;freeFlow;1
2025-07-03T06:43:00+02:00;67341;30;10;0;unknown;0
2025-07-03T06:43:00+02:00;67344;30;6;0;unknown;0
2025-07-03T06:43:00+02:00;67352_D;30;13;0;unknown;0
2025-07-03T06:43:00+02:00;67352_G;30;12;0;unknown;0
2025-07-03T06:43:00+02:00;67380_D;50;16;0;unknown;0
2025-07-03T06:43:00+02:00;67380_G;50;16;0;unknown;0
2025-07-03T06:43:00+02:00;67385;50;2;0;unknown;0
2025-07-03T06:43:00+02:00;67389_D;50;1;0;unknown;0
2025-07-03T06:43:00+02:00;67389_G;50;1;0;unknown;0
2025-07-03T06:43:00+02:00;67390;50;2;0;unknown;0
2025-07-03T06:43:00+02:00;67391;50;3;0;unknown;0
2025-07-03T06:43:00+02:00;67392;50;3;0;unknown;0
2025-07-03T06:43:00+02:00;67511_D;30;4;0;unknown;0
2025-07-03T06:43:00+02:00;67511_G;30;4;0;unknown;0
2025-07-03T06:43:00+02:00;67514_D;30;6;0;unknown;0
2025-07-03T06:43:00+02:00;67514_G;30;6;0;unknown;0
2025-07-03T06:43:00+02:00;67611;30;6;0;unknown;0
2025-07-03T06:43:00+02:00;67816;42;1;48;freeFlow;1
2025-07-03T06:43:00+02:00;67819_D;42;1;48;freeFlow;1
2025-07-03T06:43:00+02:00;67819_G;107;0;57;freeFlow;1
2025-07-03T06:43:00+02:00;67820;42;1;48;freeFlow;1
2025-07-03T06:43:00+02:00;67821;107;1;57;freeFlow;1
2025-07-03T06:43:00+02:00;67823;30;8;0;unknown;0
2025-07-03T06:43:00+02:00;67824;50;9;0;unknown;0
2025-07-03T06:43:00+02:00;67829;55;10;10;freeFlow;1
2025-07-03T06:43:00+02:00;67892_D;50;5;0;unknown;0
2025-07-03T06:43:00+02:00;67892_G;50;5;0;unknown;0
2025-07-03T06:43:00+02:00;68069;36;11;60;freeFlow;2
2025-07-03T06:43:00+02:00;68070;25;2;60;heavy;2
2025-07-03T06:43:00+02:00;68815;25;4;0;unknown;0
2025-07-03T06:43:00+02:00;69060;30;3;0;unknown;0
2025-07-03T06:43:00+02:00;69061;30;4;0;unknown;0
2025-07-03T06:43:00+02:00;69062;30;2;0;unknown;0
2025-07-03T06:43:00+02:00;69063;30;1;0;unknown;0
2025-07-03T06:43:00+02:00;69064_D;30;1;0;unknown;0
2025-07-03T06:43:00+02:00;69064_G;30;1;0;unknown;0
2025-07-03T06:43:00+02:00;69270_D;50;2;0;unknown;0
2025-07-03T06:43:00+02:00;69270_G;50;1;0;unknown;0
2025-07-03T06:43:00+02:00;69277;30;3;0;unknown;0
2025-07-03T06:43:00+02:00;69464;30;1;0;unknown;0
2025-07-03T06:43:00+02:00;69467;30;2;0;unknown;0
2025-07-03T06:43:00+02:00;69493;47;14;60;freeFlow;1
2025-07-03T06:43:00+02:00;69495;48;8;60;freeFlow;1
2025-07-03T06:43:00+02:00;69591;31;9;60;heavy;1
2025-07-03T06:43:00+02:00;69673;42;8;75;freeFlow;2
2025-07-03T06:43:00+02:00;69878;70;12;100;freeFlow;3
2025-07-03T06:43:00+02:00;71197_D;61;19;60;freeFlow;1
2025-07-03T06:43:00+02:00;71197_G;104;11;60;freeFlow;1
2025-07-03T06:43:00+02:00;71455_D;50;3;0;unknown;0
2025-07-03T06:43:00+02:00;71492_D;87;2;75;freeFlow;2
2025-07-03T06:43:00+02:00;71492_G;25;7;60;heavy;1
2025-07-03T06:43:00+02:00;71493_D;50;6;0;unknown;0
2025-07-03T06:43:00+02:00;71493_G;50;6;0;unknown;0
2025-07-03T06:43:00+02:00;71494;84;2;100;freeFlow;3
2025-07-03T06:43:00+02:00;71496;28;9;60;heavy;1
2025-07-03T06:43:00+02:00;71497;24;3;60;heavy;1
2025-07-03T06:43:00+02:00;71504_D;87;0;75;freeFlow;2
2025-07-03T06:43:00+02:00;71504_G;29;1;60;heavy;1
2025-07-03T06:43:00+02:00;71508_D;87;5;75;freeFlow;2
2025-07-03T06:43:00+02:00;71508_G;37;13;60;freeFlow;1
2025-07-03T06:43:00+02:00;71509_D;50;20;0;unknown;0
2025-07-03T06:43:00+02:00;71509_G;50;20;0;unknown;0
2025-07-03T06:43:00+02:00;71554_D;50;5;0;unknown;0
2025-07-03T06:43:00+02:00;71554_G;50;5;0;unknown;0
2025-07-03T06:43:00+02:00;71555_D;50;2;0;unknown;0
2025-07-03T06:43:00+02:00;71555_G;50;2;0;unknown;0
2025-07-03T06:43:00+02:00;71661;51;5;45;heavy;1
2025-07-03T06:43:00+02:00;71668;90;7;52;freeFlow;1
2025-07-03T06:43:00+02:00;72425;82;15;75;freeFlow;2
2025-07-03T06:43:00+02:00;72487_D;80;31;0;unknown;0
2025-07-03T06:43:00+02:00;72842_D;50;22;0;unknown;0
2025-07-03T06:43:00+02:00;72842_G;50;22;0;unknown;0
2025-07-03T06:43:00+02:00;72940_D;50;24;0;unknown;0
2025-07-03T06:43:00+02:00;72940_G;107;11;27;freeFlow;1
2025-07-03T06:43:00+02:00;73636;50;3;0;unknown;0
2025-07-03T06:43:00+02:00;74067;66;1;52;freeFlow;1
2025-07-03T06:43:00+02:00;74454;70;0;0;unknown;0
2025-07-03T06:43:00+02:00;74457_D;70;14;0;unknown;0
2025-07-03T06:43:00+02:00;74457_G;57;18;75;freeFlow;2
2025-07-03T06:43:00+02:00;74459;70;0;0;unknown;0
2025-07-03T06:43:00+02:00;74460;39;1;75;heavy;2
2025-07-03T06:43:00+02:00;74461;39;1;75;heavy;2
2025-07-03T06:43:00+02:00;74688_D;50;18;0;unknown;0
2025-07-03T06:43:00+02:00;74688_G;50;18;0;unknown;0
2025-07-03T06:43:00+02:00;74748_D;80;4;0;unknown;0
2025-07-03T06:43:00+02:00;74748_G;80;4;0;unknown;0
2025-07-03T06:43:00+02:00;75340;50;1;0;unknown;0
2025-07-03T06:43:00+02:00;75343_D;30;12;0;unknown;0
2025-07-03T06:43:00+02:00;75343_G;30;12;0;unknown;0
2025-07-03T06:43:00+02:00;75344;50;1;0;unknown;0
2025-07-03T06:43:00+02:00;75346;48;2;63;freeFlow;2
2025-07-03T06:43:00+02:00;75347_D;50;1;0;unknown;0
2025-07-03T06:43:00+02:00;75347_G;45;2;63;freeFlow;2
2025-07-03T06:43:00+02:00;75348;50;1;0;unknown;0
2025-07-03T06:43:00+02:00;75353;50;1;0;unknown;0
2025-07-03T06:43:00+02:00;75356_D;37;14;63;freeFlow;2
2025-07-03T06:43:00+02:00;75356_G;50;10;0;unknown;0
2025-07-03T06:43:00+02:00;75358;50;1;0;unknown;0
2025-07-03T06:43:00+02:00;75359;38;2;63;freeFlow;2
2025-07-03T06:43:00+02:00;75385;31;2;45;heavy;1
2025-07-03T06:43:00+02:00;75533_D;70;0;0;unknown;0
2025-07-03T06:43:00+02:00;75533_G;107;0;27;freeFlow;1
2025-07-03T06:43:00+02:00;75630;72;21;60;freeFlow;1
2025-07-03T06:43:00+02:00;75810;81;9;60;freeFlow;1
2025-07-03T06:43:00+02:00;75811;81;5;60;freeFlow;1
2025-07-03T06:43:00+02:00;75812;91;5;100;freeFlow;8
2025-07-03T06:43:00+02:00;75813;95;2;100;freeFlow;8
2025-07-03T06:43:00+02:00;75814;91;3;100;freeFlow;8
2025-07-03T06:43:00+02:00;75815;91;15;100;freeFlow;9
2025-07-03T06:43:00+02:00;75816;80;3;75;freeFlow;2
2025-07-03T06:43:00+02:00;75819_D;43;4;20;freeFlow;1
2025-07-03T06:43:00+02:00;75819_G;86;2;75;freeFlow;2
2025-07-03T06:43:00+02:00;75821;98;3;100;freeFlow;3
2025-07-03T06:43:00+02:00;75823;98;4;100;freeFlow;3
2025-07-03T06:43:00+02:00;75841;55;6;60;freeFlow;1
2025-07-03T06:43:00+02:00;75842;35;11;60;freeFlow;1
2025-07-03T06:43:00+02:00;75855;62;1;75;freeFlow;2
2025-07-03T06:43:00+02:00;75858;47;2;75;heavy;2
2025-07-03T06:43:00+02:00;75859;43;4;75;heavy;2
2025-07-03T06:43:00+02:00;75860;44;4;60;heavy;1
2025-07-03T06:43:00+02:00;75861;44;2;60;heavy;1
2025-07-03T06:43:00+02:00;75862;49;4;60;heavy;1
2025-07-03T06:43:00+02:00;75863;49;2;60;heavy;1
2025-07-03T06:43:00+02:00;75864;107;1;57;freeFlow;1
2025-07-03T06:43:00+02:00;75865;107;1;57;freeFlow;1
2025-07-03T06:43:00+02:00;75866;92;10;75;freeFlow;2
2025-07-03T06:43:00+02:00;75867;106;11;100;freeFlow;4
2025-07-03T06:43:00+02:00;75869;101;52;100;freeFlow;7
2025-07-03T06:43:00+02:00;75873_D;30;19;0;unknown;0
2025-07-03T06:43:00+02:00;75873_G;52;9;60;freeFlow;1
2025-07-03T06:43:00+02:00;75874_D;50;8;0;unknown;0
2025-07-03T06:43:00+02:00;75874_G;58;7;60;freeFlow;1
2025-07-03T06:43:00+02:00;75875;55;5;100;freeFlow;3
2025-07-03T06:43:00+02:00;75876;59;8;75;freeFlow;2
2025-07-03T06:43:00+02:00;75877;68;13;30;freeFlow;1
2025-07-03T06:43:00+02:00;75878;81;10;60;freeFlow;1
2025-07-03T06:43:00+02:00;75879;81;3;60;freeFlow;1
2025-07-03T06:43:00+02:00;75880;77;11;60;freeFlow;1
2025-07-03T06:43:00+02:00;75882;70;14;75;freeFlow;2
2025-07-03T06:43:00+02:00;75883;89;4;100;freeFlow;9
2025-07-03T06:43:00+02:00;75884;88;5;100;freeFlow;11
2025-07-03T06:43:00+02:00;75885;89;3;100;freeFlow;9
2025-07-03T06:43:00+02:00;75886;86;7;100;freeFlow;11
2025-07-03T06:43:00+02:00;75911;49;6;12;freeFlow;1
2025-07-03T06:43:00+02:00;75912;50;6;0;unknown;0
2025-07-03T06:43:00+02:00;76094;50;11;0;unknown;0
2025-07-03T06:43:00+02:00;7864_D;79;45;60;freeFlow;1
2025-07-03T06:43:00+02:00;7864_G;74;49;60;freeFlow;1
2025-07-03T06:43:00+02:00;790_D;66;12;100;freeFlow;3
2025-07-03T06:43:00+02:00;790_G;70;11;0;unknown;0
2025-07-03T06:43:00+02:00;791_D;40;22;100;heavy;4
2025-07-03T06:43:00+02:00;791_G;70;12;0;unknown;0
2025-07-03T06:43:00+02:00;7936;89;9;60;freeFlow;1
2025-07-03T06:43:00+02:00;7937;87;25;60;freeFlow;1
2025-07-03T06:43:00+02:00;7938;92;33;69;freeFlow;2
2025-07-03T06:43:00+02:00;7995_D;81;13;60;freeFlow;1
2025-07-03T06:43:00+02:00;7995_G;75;13;60;freeFlow;1
2025-07-03T06:43:00+02:00;862_D;70;15;0;unknown;0
2025-07-03T06:43:00+02:00;862_G;53;21;100;freeFlow;3
2025-07-03T06:43:00+02:00;863_D;70;10;0;unknown;0
2025-07-03T06:43:00+02:00;863_G;59;12;100;freeFlow;3
2025-07-03T06:43:00+02:00;8745;59;3;75;freeFlow;2
2025-07-03T06:43:00+02:00;8962;90;24;75;freeFlow;2
2025-07-03T06:43:00+02:00;8963_D;72;6;100;freeFlow;3
2025-07-03T06:43:00+02:00;8963_G;61;7;66;freeFlow;2
2025-07-03T06:43:00+02:00;8966;100;12;75;freeFlow;2
2025-07-03T06:43:00+02:00;8969;102;13;100;freeFlow;6
2025-07-03T06:43:00+02:00;8970;102;15;100;freeFlow;7
2025-07-03T06:43:00+02:00;8971;104;20;100;freeFlow;7
2025-07-03T06:43:00+02:00;8974_D;42;5;53;heavy;2
2025-07-03T06:43:00+02:00;8974_G;84;3;75;freeFlow;2
2025-07-03T06:43:00+02:00;8976_D;59;6;35;freeFlow;1
2025-07-03T06:43:00+02:00;8976_G;84;4;75;freeFlow;2
2025-07-03T06:43:00+02:00;8977_D;63;5;38;freeFlow;1
2025-07-03T06:43:00+02:00;8977_G;72;4;60;freeFlow;1
2025-07-03T06:43:00+02:00;8978;77;17;100;freeFlow;4
2025-07-03T06:43:00+02:00;9040;51;17;45;heavy;1
2025-07-03T06:43:00+02:00;9041;54;3;52;freeFlow;1
2025-07-03T06:43:00+02:00;9042;51;2;45;freeFlow;1
2025-07-03T06:43:00+02:00;9043;23;7;48;heavy;2
2025-07-03T06:43:00+02:00;9044;54;3;52;freeFlow;1
2025-07-03T06:43:00+02:00;9045;50;2;0;unknown;0
2025-07-03T06:43:00+02:00;9046;56;2;60;freeFlow;1
2025-07-03T06:43:00+02:00;9047;56;2;60;freeFlow;1
2025-07-03T06:43:00+02:00;9048;67;8;52;freeFlow;1
2025-07-03T06:43:00+02:00;9049;59;3;67;freeFlow;2
2025-07-03T06:43:00+02:00;9050;68;1;75;freeFlow;2
2025-07-03T06:43:00+02:00;9051;36;4;59;freeFlow;2
2025-07-03T06:43:00+02:00;9052;50;2;0;unknown;0
2025-07-03T06:43:00+02:00;9053;34;3;60;heavy;1
2025-07-03T06:43:00+02:00;9054;55;11;52;freeFlow;1
2025-07-03T06:43:00+02:00;9055;48;13;60;freeFlow;1
2025-07-03T06:43:00+02:00;9057_D;88;6;75;freeFlow;2
2025-07-03T06:43:00+02:00;9057_G;70;8;60;freeFlow;1
2025-07-03T06:43:00+02:00;9058_D;91;15;75;freeFlow;2
2025-07-03T06:43:00+02:00;9058_G;70;19;60;freeFlow;1
2025-07-03T06:43:00+02:00;9059_D;90;7;75;freeFlow;2
2025-07-03T06:43:00+02:00;9059_G;65;9;60;freeFlow;1
2025-07-03T06:43:00+02:00;9060;34;6;60;heavy;1
2025-07-03T06:43:00+02:00;9061;64;2;75;freeFlow;2
2025-07-03T06:43:00+02:00;9062;34;5;60;heavy;1
2025-07-03T06:43:00+02:00;9063;56;2;75;heavy;2
2025-07-03T06:43:00+02:00;9068_D;70;26;100;freeFlow;3
2025-07-03T06:43:00+02:00;9068_G;61;29;58;freeFlow;1
2025-07-03T06:43:00+02:00;9070_D;83;25;60;freeFlow;1
2025-07-03T06:43:00+02:00;9070_G;72;29;60;freeFlow;1
2025-07-03T06:43:00+02:00;9073;92;4;100;freeFlow;9
2025-07-03T06:43:00+02:00;9074;91;10;100;freeFlow;6
2025-07-03T06:43:00+02:00;9082_D;70;3;0;unknown;0
2025-07-03T06:43:00+02:00;9082_G;58;4;75;freeFlow;2
2025-07-03T06:43:00+02:00;9090_D;121;11;60;freeFlow;1
2025-07-03T06:43:00+02:00;9090_G;55;25;75;freeFlow;2
2025-07-03T06:43:00+02:00;9103;107;13;55;freeFlow;1
2025-07-03T06:43:00+02:00;9108;107;12;55;freeFlow;1
2025-07-03T06:43:00+02:00;9114;107;1;55;freeFlow;1
2025-07-03T06:43:00+02:00;9115;51;29;45;heavy;1
2025-07-03T06:43:00+02:00;9116;91;2;52;freeFlow;1
2025-07-03T06:43:00+02:00;9117;91;6;52;freeFlow;1
2025-07-03T06:43:00+02:00;9133;76;25;38;freeFlow;2
2025-07-03T06:43:00+02:00;9134;43;34;100;heavy;3
2025-07-03T06:43:00+02:00;9177;70;28;0;unknown;0
2025-07-03T06:43:00+02:00;9190;55;7;22;heavy;1
2025-07-03T06:43:00+02:00;9199;66;1;52;freeFlow;1
2025-07-03T06:43:00+02:00;9200;90;2;0;unknown;0
2025-07-03T06:43:00+02:00;9201;67;1;52;freeFlow;1
2025-07-03T06:43:00+02:00;9202;51;2;45;heavy;1
2025-07-03T06:43:00+02:00;9203;51;2;45;heavy;1
2025-07-03T06:43:00+02:00;9204;51;2;45;heavy;1
2025-07-03T06:43:00+02:00;9213;87;32;55;freeFlow;1
2025-07-03T06:43:00+02:00;9214_D;70;1;0;unknown;0
2025-07-03T06:43:00+02:00;9214_G;107;1;15;freeFlow;1
2025-07-03T06:43:00+02:00;9215;51;54;45;heavy;1
2025-07-03T06:43:00+02:00;9279;103;20;100;freeFlow;7
2025-07-03T06:43:00+02:00;9280;102;24;100;freeFlow;7
2025-07-03T06:43:00+02:00;9343_D;81;15;40;freeFlow;1
2025-07-03T06:43:00+02:00;9343_G;80;15;0;unknown;0
2025-07-03T06:43:00+02:00;9344_D;50;12;42;freeFlow;1
2025-07-03T06:43:00+02:00;9344_G;30;20;0;unknown;0
2025-07-03T06:43:00+02:00;9345_D;30;27;0;unknown;0
2025-07-03T06:43:00+02:00;9345_G;30;28;0;unknown;0
2025-07-03T06:43:00+02:00;9346_D;30;15;0;unknown;0
2025-07-03T06:43:00+02:00;9346_G;30;15;0;unknown;0
2025-07-03T06:43:00+02:00;9348_D;30;7;0;unknown;0
2025-07-03T06:43:00+02:00;9348_G;30;8;0;unknown;0
2025-07-03T06:43:00+02:00;9351_D;80;15;0;unknown;0
2025-07-03T06:43:00+02:00;9351_G;80;14;0;unknown;0
2025-07-03T06:43:00+02:00;9370_D;78;11;42;freeFlow;1
2025-07-03T06:43:00+02:00;9370_G;80;11;0;unknown;0
2025-07-03T06:43:00+02:00;9371_D;52;12;42;heavy;1
2025-07-03T06:43:00+02:00;9371_G;80;8;0;unknown;0
2025-07-03T06:43:00+02:00;9378;92;13;100;freeFlow;10
2025-07-03T06:43:00+02:00;9379;94;12;100;freeFlow;6
2025-07-03T06:43:00+02:00;9414_D;90;3;60;freeFlow;1
2025-07-03T06:43:00+02:00;9414_G;30;9;0;unknown;0
2025-07-03T06:43:00+02:00;9416_D;38;6;60;freeFlow;1
2025-07-03T06:43:00+02:00;9416_G;30;7;0;unknown;0
2025-07-03T06:43:00+02:00;9418_D;38;10;60;freeFlow;1
2025-07-03T06:43:00+02:00;9418_G;30;12;0;unknown;0
2025-07-03T06:43:00+02:00;9421;46;2;38;freeFlow;1
2025-07-03T06:43:00+02:00;9422;38;3;74;freeFlow;2
2025-07-03T06:43:00+02:00;9423;30;3;0;unknown;0
2025-07-03T06:43:00+02:00;9424;30;6;0;unknown;0
2025-07-03T06:43:00+02:00;9425_D;38;4;60;freeFlow;1
2025-07-03T06:43:00+02:00;9425_G;30;4;0;unknown;0
2025-07-03T06:43:00+02:00;9427_D;59;6;40;freeFlow;1
2025-07-03T06:43:00+02:00;9427_G;80;4;0;unknown;0
2025-07-03T06:43:00+02:00;9434_D;72;11;40;freeFlow;1
2025-07-03T06:43:00+02:00;9434_G;80;10;0;unknown;0
2025-07-03T06:43:00+02:00;9435_D;79;13;40;freeFlow;1
2025-07-03T06:43:00+02:00;9435_G;80;13;0;unknown;0
2025-07-03T06:43:00+02:00;9437_D;79;14;40;freeFlow;1
2025-07-03T06:43:00+02:00;9437_G;80;14;0;unknown;0
2025-07-03T06:43:00+02:00;9588_D;70;9;0;unknown;0
2025-07-03T06:43:00+02:00;9588_G;76;8;75;freeFlow;2
2025-07-03T06:43:00+02:00;9625_D;70;5;0;unknown;0
2025-07-03T06:43:00+02:00;9625_G;81;4;75;freeFlow;2
2025-07-03T06:43:00+02:00;9739;79;2;100;freeFlow;3
2025-07-03T06:43:00+02:00;9740;41;1;60;heavy;1
2025-07-03T06:43:00+02:00;9741;40;2;100;heavy;3
2025-07-03T06:43:00+02:00;9742;32;4;75;heavy;2
2025-07-03T06:43:00+02:00;9745_D;69;2;60;freeFlow;1
2025-07-03T06:43:00+02:00;9745_G;31;9;75;heavy;2
2025-07-03T06:43:00+02:00;9757_D;70;2;0;unknown;0
2025-07-03T06:43:00+02:00;9757_G;33;3;75;heavy;2
2025-07-03T06:43:00+02:00;9758_D;70;4;0;unknown;0
2025-07-03T06:43:00+02:00;9758_G;49;6;75;freeFlow;2
2025-07-03T06:43:00+02:00;9834_D;125;16;60;freeFlow;1
2025-07-03T06:43:00+02:00;9834_G;62;32;75;freeFlow;2
2025-07-03T06:43:00+02:00;9912;48;3;75;heavy;2
2025-07-03T06:43:00+02:00;9913;78;1;75;freeFlow;2
2025-07-03T06:43:00+02:00;9914;78;1;75;freeFlow;2
2025-07-03T06:43:00+02:00;9915;80;2;75;freeFlow;2
2025-07-03T06:43:00+02:00;9916;31;5;75;heavy;2
2025-07-03T06:43:00+02:00;9917_D;29;5;60;heavy;1
2025-07-03T06:43:00+02:00;9917_G;78;2;75;freeFlow;2
2025-07-03T06:43:00+02:00;9921_D;125;12;60;freeFlow;1
2025-07-03T06:43:00+02:00;9921_G;55;27;60;freeFlow;1
2025-07-03T06:43:00+02:00;1601981;41;4;100;freeFlow;3
2025-07-03T06:43:00+02:00;1601982;42;22;100;freeFlow;3
2025-07-03T06:43:00+02:00;1634;65;9;45;freeFlow;1
2025-07-03T06:43:00+02:00;1635;70;2;0;unknown;0
2025-07-03T06:43:00+02:00;1636;50;3;0;unknown;0
2025-07-03T06:43:00+02:00;1637;53;2;66;freeFlow;2
2025-07-03T06:43:00+02:00;1640;51;2;65;freeFlow;2
2025-07-03T06:43:00+02:00;1641;65;2;45;freeFlow;1
2025-07-03T06:43:00+02:00;1642;53;2;45;freeFlow;1
2025-07-03T06:43:00+02:00;1678329;28;22;35;heavy;1
2025-07-03T06:43:00+02:00;1680500_D;33;8;20;heavy;1
2025-07-03T06:43:00+02:00;1680500_G;100;3;75;freeFlow;2
2025-07-03T06:43:00+02:00;1680501;77;11;100;freeFlow;3
2025-07-03T06:43:00+02:00;1680580;51;8;60;freeFlow;1
2025-07-03T06:43:00+02:00;1680586;44;3;60;freeFlow;1
2025-07-03T06:43:00+02:00;1680594;44;0;60;freeFlow;1
2025-07-03T06:43:00+02:00;1680595;50;1;0;unknown;0
2025-07-03T06:43:00+02:00;1680596;44;1;60;freeFlow;1
2025-07-03T06:43:00+02:00;1680597;50;1;0;unknown;0
2025-07-03T06:43:00+02:00;1680604;55;1;60;freeFlow;1
2025-07-03T06:43:00+02:00;1747_D;72;1;75;freeFlow;2
2025-07-03T06:43:00+02:00;1747_G;29;3;60;heavy;1
2025-07-03T06:43:00+02:00;1762;65;8;60;freeFlow;1
2025-07-03T06:43:00+02:00;1763;67;8;100;freeFlow;3
2025-07-03T06:43:00+02:00;1765_D;72;6;75;freeFlow;2
2025-07-03T06:43:00+02:00;1765_G;39;10;60;freeFlow;1
2025-07-03T06:43:00+02:00;1852;83;13;100;freeFlow;8
2025-07-03T06:43:00+02:00;1857;78;27;100;freeFlow;4
2025-07-03T06:43:00+02:00;1858;83;11;100;freeFlow;8
2025-07-03T06:43:00+02:00;1859;87;11;75;freeFlow;2
2025-07-03T06:43:00+02:00;1860;70;18;0;unknown;0
2025-07-03T06:43:00+02:00;1910718_D;43;3;10;freeFlow;1
2025-07-03T06:43:00+02:00;1910718_G;50;2;0;unknown;0
2025-07-03T06:43:00+02:00;1910863_D;50;11;0;unknown;0
2025-07-03T06:43:00+02:00;1910863_G;50;11;0;unknown;0
2025-07-03T06:43:00+02:00;1911250;50;5;0;unknown;0
2025-07-03T06:43:00+02:00;35088;85;3;60;freeFlow;1
2025-07-03T06:43:00+02:00;35089;75;3;75;freeFlow;2
2025-07-03T06:43:00+02:00;35090;62;1;75;freeFlow;2
2025-07-03T06:43:00+02:00;35091;49;2;40;heavy;1
2025-07-03T06:43:00+02:00;35093;64;4;70;freeFlow;3
2025-07-03T06:43:00+02:00;35094;49;6;40;heavy;1
2025-07-03T06:43:00+02:00;35099;50;2;0;unknown;0
2025-07-03T06:43:00+02:00;35101;116;1;45;freeFlow;1
2025-07-03T06:43:00+02:00;35102;68;1;60;freeFlow;1
2025-07-03T06:43:00+02:00;35104;116;23;45;freeFlow;1
2025-07-03T06:43:00+02:00;35116;116;1;45;freeFlow;1
2025-07-03T06:43:00+02:00;35117;56;3;68;freeFlow;2
2025-07-03T06:43:00+02:00;35118;57;3;59;freeFlow;1
2025-07-03T06:43:00+02:00;35119;98;2;60;freeFlow;2
2025-07-03T06:43:00+02:00;35120_D;116;1;45;freeFlow;1
2025-07-03T06:43:00+02:00;35120_G;54;1;57;freeFlow;1
2025-07-03T06:43:00+02:00;35121_D;93;22;60;freeFlow;2
2025-07-03T06:43:00+02:00;35121_G;55;38;57;freeFlow;1
2025-07-03T06:43:00+02:00;40196;88;3;20;freeFlow;1
2025-07-03T06:43:00+02:00;40197;88;3;20;freeFlow;1
2025-07-03T06:43:00+02:00;41636_D;50;3;0;unknown;0
2025-07-03T06:43:00+02:00;41636_G;94;2;10;freeFlow;1
2025-07-03T06:43:00+02:00;41652_G;94;2;10;freeFlow;1
2025-07-03T06:43:00+02:00;41653_D;50;2;0;unknown;0
2025-07-03T06:43:00+02:00;41653_G;94;1;10;freeFlow;1
2025-07-03T06:43:00+02:00;41667_D;50;3;0;unknown;0
2025-07-03T06:43:00+02:00;41667_G;94;1;10;freeFlow;1
2025-07-03T06:43:00+02:00;41668_D;50;1;0;unknown;0
2025-07-03T06:43:00+02:00;41668_G;94;0;10;freeFlow;1
2025-07-03T06:43:00+02:00;41721;98;11;100;freeFlow;3
2025-07-03T06:43:00+02:00;41722;99;11;100;freeFlow;3
2025-07-03T06:43:00+02:00;41758;94;14;100;freeFlow;6
2025-07-03T06:43:00+02:00;41759;87;16;100;freeFlow;7
2025-07-03T06:43:00+02:00;41760;99;14;100;freeFlow;4
2025-07-03T06:43:00+02:00;41949_D;51;5;10;freeFlow;1
2025-07-03T06:43:00+02:00;41949_G;22;12;0;unknown;0
2025-07-03T06:43:00+02:00;41974_D;42;5;0;unknown;0
2025-07-03T06:43:00+02:00;41974_G;35;7;60;freeFlow;1
2025-07-03T06:43:00+02:00;41975_D;50;7;0;unknown;0
2025-07-03T06:43:00+02:00;41975_G;50;7;0;unknown;0
2025-07-03T06:43:00+02:00;41985_D;50;2;0;unknown;0
2025-07-03T06:43:00+02:00;41985_G;94;1;10;freeFlow;1
2025-07-03T06:43:00+02:00;42064_D;50;4;0;unknown;0
2025-07-03T06:43:00+02:00;42064_G;94;2;10;freeFlow;1
2025-07-03T06:43:00+02:00;420870_D;53;4;60;freeFlow;1
2025-07-03T06:43:00+02:00;420870_G;50;5;0;unknown;0
2025-07-03T06:43:00+02:00;42206_G;94;10;10;freeFlow;1
2025-07-03T06:43:00+02:00;42238_G;94;4;10;freeFlow;1
2025-07-03T06:43:00+02:00;42239_D;50;6;0;unknown;0
2025-07-03T06:43:00+02:00;42239_G;94;3;10;freeFlow;1
2025-07-03T06:43:00+02:00;42240_D;40;19;12;freeFlow;1
2025-07-03T06:43:00+02:00;42240_G;94;8;10;freeFlow;1
2025-07-03T06:43:00+02:00;42241_D;94;7;10;freeFlow;1
2025-07-03T06:43:00+02:00;42241_G;50;14;0;unknown;0
2025-07-03T06:43:00+02:00;42242_D;35;9;60;freeFlow;1
2025-07-03T06:43:00+02:00;42242_G;50;6;0;unknown;0
2025-07-03T06:43:00+02:00;42683_D;50;7;0;unknown;0
2025-07-03T06:43:00+02:00;42683_G;25;13;60;heavy;1
2025-07-03T06:43:00+02:00;42714_D;50;4;0;unknown;0
2025-07-03T06:43:00+02:00;42714_G;50;4;0;unknown;0
2025-07-03T06:43:00+02:00;42716_D;27;3;10;heavy;1
2025-07-03T06:43:00+02:00;42716_G;50;2;0;unknown;0
2025-07-03T06:43:00+02:00;43449_D;28;8;38;freeFlow;1
2025-07-03T06:43:00+02:00;43449_G;30;7;0;unknown;0
2025-07-03T06:43:00+02:00;43450_D;8;39;40;congested;1
2025-07-03T06:43:00+02:00;43450_G;30;10;0;unknown;0
2025-07-03T06:43:00+02:00;43451_G;30;16;0;unknown;0
2025-07-03T06:43:00+02:00;43452_D;16;10;38;heavy;1
2025-07-03T06:43:00+02:00;43452_G;30;5;0;unknown;0
2025-07-03T06:43:00+02:00;43475_D;50;4;0;unknown;0
2025-07-03T06:43:00+02:00;43475_G;50;4;0;unknown;0
2025-07-03T06:43:00+02:00;43622_D;50;2;0;unknown;0
2025-07-03T06:43:00+02:00;43622_G;50;2;0;unknown;0
2025-07-03T06:43:00+02:00;43623_D;50;4;0;unknown;0
2025-07-03T06:43:00+02:00;43623_G;50;4;0;unknown;0
2025-07-03T06:43:00+02:00;43624_D;35;7;60;heavy;1
2025-07-03T06:43:00+02:00;43624_G;50;5;0;unknown;0
2025-07-03T06:43:00+02:00;43625_D;50;7;0;unknown;0
2025-07-03T06:43:00+02:00;43625_G;50;7;0;unknown;0
2025-07-03T06:43:00+02:00;43657_D;50;2;0;unknown;0
2025-07-03T06:43:00+02:00;43657_G;50;2;0;unknown;0
2025-07-03T06:43:00+02:00;43659_D;30;5;0;unknown;0
2025-07-03T06:43:00+02:00;43659_G;30;5;0;unknown;0
2025-07-03T06:43:00+02:00;44039_D;50;2;0;unknown;0
2025-07-03T06:43:00+02:00;44039_G;50;2;0;unknown;0
2025-07-03T06:43:00+02:00;44040_D;50;9;0;unknown;0
2025-07-03T06:43:00+02:00;44040_G;50;9;0;unknown;0
2025-07-03T06:43:00+02:00;44041_D;50;9;0;unknown;0
2025-07-03T06:43:00+02:00;44041_G;50;9;0;unknown;0
2025-07-03T06:43:00+02:00;44042_D;50;10;0;unknown;0
2025-07-03T06:43:00+02:00;44042_G;50;9;0;unknown;0
2025-07-03T06:43:00+02:00;44071_D;34;8;40;freeFlow;1
2025-07-03T06:43:00+02:00;44071_G;12;26;60;heavy;1
2025-07-03T06:43:00+02:00;44080;35;3;40;heavy;1
2025-07-03T06:43:00+02:00;44113_D;35;8;60;heavy;1
2025-07-03T06:43:00+02:00;44113_G;39;8;55;freeFlow;1
2025-07-03T06:43:00+02:00;44114_D;36;7;75;freeFlow;2
2025-07-03T06:43:00+02:00;44114_G;39;6;55;freeFlow;1
2025-07-03T06:43:00+02:00;44115_D;42;8;75;freeFlow;2
2025-07-03T06:43:00+02:00;44115_G;38;9;55;freeFlow;1
2025-07-03T06:43:00+02:00;44117_D;46;6;75;freeFlow;2
2025-07-03T06:43:00+02:00;44117_G;36;7;55;freeFlow;1
2025-07-03T06:43:00+02:00;44118_D;17;11;75;heavy;2
2025-07-03T06:43:00+02:00;44118_G;35;6;55;freeFlow;1
2025-07-03T06:43:00+02:00;44125_D;22;6;60;heavy;1
2025-07-03T06:43:00+02:00;44125_G;13;11;60;congested;1
2025-07-03T06:43:00+02:00;44127;59;5;45;freeFlow;2
2025-07-03T06:43:00+02:00;44128;59;6;45;freeFlow;2
2025-07-03T06:43:00+02:00;44170_D;45;4;75;freeFlow;2
2025-07-03T06:43:00+02:00;44170_G;36;5;55;freeFlow;1
2025-07-03T06:43:00+02:00;44713_D;14;2;60;congested;1
2025-07-03T06:43:00+02:00;44713_G;22;1;60;heavy;1
2025-07-03T06:43:00+02:00;44930;89;2;75;freeFlow;2
2025-07-03T06:43:00+02:00;44931;100;7;75;freeFlow;2
2025-07-03T06:43:00+02:00;44934;91;22;100;freeFlow;9
2025-07-03T06:43:00+02:00;45486_G;50;4;0;unknown;0
2025-07-03T06:43:00+02:00;45487_G;50;5;0;unknown;0
2025-07-03T06:43:00+02:00;45488_D;46;15;60;freeFlow;1
2025-07-03T06:43:00+02:00;45488_G;50;14;0;unknown;0
2025-07-03T06:43:00+02:00;45489_D;48;6;60;freeFlow;1
2025-07-03T06:43:00+02:00;45489_G;50;5;0;unknown;0
2025-07-03T06:43:00+02:00;45490_D;48;3;60;freeFlow;1
2025-07-03T06:43:00+02:00;45490_G;50;3;0;unknown;0
2025-07-03T06:43:00+02:00;45503_D;43;3;60;freeFlow;1
2025-07-03T06:43:00+02:00;45503_G;40;3;48;freeFlow;1
2025-07-03T06:43:00+02:00;45504_D;48;3;60;freeFlow;1
2025-07-03T06:43:00+02:00;45504_G;40;4;48;freeFlow;1
2025-07-03T06:43:00+02:00;45505_D;47;7;60;freeFlow;1
2025-07-03T06:43:00+02:00;45505_G;32;10;48;heavy;1
2025-07-03T06:43:00+02:00;45530_D;45;1;75;freeFlow;2
2025-07-03T06:43:00+02:00;45530_G;35;2;52;freeFlow;1
2025-07-03T06:43:00+02:00;45531_D;44;1;75;freeFlow;2
2025-07-03T06:43:00+02:00;45531_G;35;1;52;freeFlow;1
2025-07-03T06:43:00+02:00;45532_D;44;5;75;freeFlow;2
2025-07-03T06:43:00+02:00;45532_G;39;6;52;freeFlow;1
2025-07-03T06:43:00+02:00;45565_D;29;12;60;heavy;1
2025-07-03T06:43:00+02:00;45565_G;41;8;60;freeFlow;1
2025-07-03T06:43:00+02:00;45566_D;38;7;60;freeFlow;1
2025-07-03T06:43:00+02:00;45566_G;47;6;60;freeFlow;1
2025-07-03T06:43:00+02:00;45567_D;44;6;60;freeFlow;1
2025-07-03T06:43:00+02:00;45567_G;39;7;60;freeFlow;1
2025-07-03T06:43:00+02:00;45568_D;20;22;60;heavy;1
2025-07-03T06:43:00+02:00;45568_G;61;8;40;freeFlow;1
2025-07-03T06:43:00+02:00;45601_D;47;7;60;freeFlow;1
2025-07-03T06:43:00+02:00;45601_G;50;6;0;unknown;0
2025-07-03T06:43:00+02:00;45613_D;44;7;60;freeFlow;1
2025-07-03T06:43:00+02:00;45613_G;50;6;0;unknown;0
2025-07-03T06:43:00+02:00;45614_D;24;9;60;heavy;1
2025-07-03T06:43:00+02:00;45614_G;50;4;0;unknown;0
2025-07-03T06:43:00+02:00;45636;100;12;75;freeFlow;2
2025-07-03T06:43:00+02:00;45637;95;12;100;freeFlow;6
2025-07-03T06:43:00+02:00;45640;65;8;45;freeFlow;1
2025-07-03T06:43:00+02:00;45641;68;18;73;freeFlow;8
2025-07-03T06:43:00+02:00;45642;98;22;100;freeFlow;7
2025-07-03T06:43:00+02:00;45644_D;50;19;0;unknown;0
2025-07-03T06:43:00+02:00;45644_G;50;19;0;unknown;0
2025-07-03T06:43:00+02:00;45645_G;50;11;0;unknown;0
2025-07-03T06:43:00+02:00;45725;87;36;100;freeFlow;4
2025-07-03T06:43:00+02:00;45736_D;50;9;0;unknown;0
2025-07-03T06:43:00+02:00;45736_G;50;9;0;unknown;0
2025-07-03T06:43:00+02:00;45759_D;50;8;0;unknown;0
2025-07-03T06:43:00+02:00;45759_G;50;7;0;unknown;0
2025-07-03T06:43:00+02:00;45760_D;42;7;60;freeFlow;1
2025-07-03T06:43:00+02:00;45760_G;50;6;0;unknown;0
2025-07-03T06:43:00+02:00;45761_G;50;6;0;unknown;0
2025-07-03T06:43:00+02:00;45762_D;42;6;60;freeFlow;1
2025-07-03T06:43:00+02:00;45762_G;50;5;0;unknown;0
2025-07-03T06:43:00+02:00;45849_D;50;2;0;unknown;0
2025-07-03T06:43:00+02:00;45849_G;50;2;0;unknown;0
2025-07-03T06:43:00+02:00;45850_D;50;2;0;unknown;0
2025-07-03T06:43:00+02:00;45850_G;50;2;0;unknown;0
2025-07-03T06:43:00+02:00;45865_G;47;8;60;freeFlow;1
2025-07-03T06:43:00+02:00;46027;32;2;75;heavy;2
2025-07-03T06:43:00+02:00;46028;23;30;60;heavy;1
2025-07-03T06:43:00+02:00;46029;26;7;100;heavy;3
2025-07-03T06:43:00+02:00;46036_D;50;10;0;unknown;0
2025-07-03T06:43:00+02:00;46036_G;50;10;0;unknown;0
2025-07-03T06:43:00+02:00;46053_G;27;15;48;heavy;1
2025-07-03T06:43:00+02:00;46054_D;36;5;75;freeFlow;2
2025-07-03T06:43:00+02:00;46054_G;37;5;45;freeFlow;1
2025-07-03T06:43:00+02:00;46055_D;36;7;75;freeFlow;2
2025-07-03T06:43:00+02:00;46055_G;37;7;45;freeFlow;1
2025-07-03T06:43:00+02:00;46056_G;37;3;45;freeFlow;1
2025-07-03T06:43:00+02:00;46057_D;36;5;75;freeFlow;2
2025-07-03T06:43:00+02:00;46057_G;37;5;45;freeFlow;1
2025-07-03T06:43:00+02:00;46058_D;36;10;75;freeFlow;2
2025-07-03T06:43:00+02:00;46058_G;40;9;45;freeFlow;1
2025-07-03T06:43:00+02:00;46059_D;36;17;75;freeFlow;2
2025-07-03T06:43:00+02:00;46059_G;25;23;45;heavy;1
2025-07-03T06:43:00+02:00;46079_D;36;8;75;freeFlow;2
2025-07-03T06:43:00+02:00;46079_G;39;8;45;freeFlow;1
2025-07-03T06:43:00+02:00;46080_D;36;13;75;freeFlow;2
2025-07-03T06:43:00+02:00;46080_G;10;45;42;congested;1
2025-07-03T06:43:00+02:00;46081;32;8;42;heavy;1
2025-07-03T06:43:00+02:00;46135;50;7;0;unknown;0
2025-07-03T06:43:00+02:00;46136;50;6;0;unknown;0
2025-07-03T06:43:00+02:00;46137;50;9;0;unknown;0
2025-07-03T06:43:00+02:00;46163;26;12;42;heavy;1
2025-07-03T06:43:00+02:00;46228;90;11;0;unknown;0
2025-07-03T06:43:00+02:00;46230;83;17;100;freeFlow;7
2025-07-03T06:43:00+02:00;46251_D;42;4;60;freeFlow;1
2025-07-03T06:43:00+02:00;46251_G;50;4;0;unknown;0
2025-07-03T06:43:00+02:00;46264;62;26;75;heavy;2
2025-07-03T06:43:00+02:00;46265;86;8;100;freeFlow;5
2025-07-03T06:43:00+02:00;46266;84;3;100;freeFlow;6
2025-07-03T06:43:00+02:00;46267;97;8;100;freeFlow;4
2025-07-03T06:43:00+02:00;46268;72;21;100;freeFlow;4
2025-07-03T06:43:00+02:00;46270_D;54;4;12;freeFlow;1
2025-07-03T06:43:00+02:00;46270_G;94;2;10;freeFlow;1
2025-07-03T06:43:00+02:00;46271_D;52;5;15;freeFlow;1
2025-07-03T06:43:00+02:00;46271_G;94;3;10;freeFlow;1
2025-07-03T06:43:00+02:00;46374_D;50;25;0;unknown;0
2025-07-03T06:43:00+02:00;46374_G;50;25;0;unknown;0
2025-07-03T06:43:00+02:00;46375_D;50;10;0;unknown;0
2025-07-03T06:43:00+02:00;46375_G;50;10;0;unknown;0
2025-07-03T06:43:00+02:00;46376_D;50;14;0;unknown;0
2025-07-03T06:43:00+02:00;46376_G;50;14;0;unknown;0
2025-07-03T06:43:00+02:00;46377_D;50;8;0;unknown;0
2025-07-03T06:43:00+02:00;46377_G;50;8;0;unknown;0
2025-07-03T06:43:00+02:00;46427_D;50;7;0;unknown;0
2025-07-03T06:43:00+02:00;46427_G;50;7;0;unknown;0
2025-07-03T06:43:00+02:00;46559_D;50;1;0;unknown;0
2025-07-03T06:43:00+02:00;46559_G;50;1;0;unknown;0
2025-07-03T06:43:00+02:00;46560_D;50;8;0;unknown;0
2025-07-03T06:43:00+02:00;46560_G;50;8;0;unknown;0
2025-07-03T06:43:00+02:00;46561_D;50;5;0;unknown;0
2025-07-03T06:43:00+02:00;46561_G;50;5;0;unknown;0
2025-07-03T06:43:00+02:00;46562_D;50;2;0;unknown;0
2025-07-03T06:43:00+02:00;46562_G;50;2;0;unknown;0
2025-07-03T06:43:00+02:00;46563_D;50;8;0;unknown;0
2025-07-03T06:43:00+02:00;46563_G;50;9;0;unknown;0
2025-07-03T06:43:00+02:00;46564_D;50;4;0;unknown;0
2025-07-03T06:43:00+02:00;46564_G;50;4;0;unknown;0
2025-07-03T06:43:00+02:00;46565_D;50;4;0;unknown;0
2025-07-03T06:43:00+02:00;46565_G;50;4;0;unknown;0
2025-07-03T06:43:00+02:00;46566_D;50;5;0;unknown;0
2025-07-03T06:43:00+02:00;46566_G;50;5;0;unknown;0
2025-07-03T06:43:00+02:00;46567_G;50;2;0;unknown;0
2025-07-03T06:43:00+02:00;46568_D;50;1;0;unknown;0
2025-07-03T06:43:00+02:00;46568_G;33;2;60;heavy;1
2025-07-03T06:43:00+02:00;46569_D;50;10;0;unknown;0
2025-07-03T06:43:00+02:00;46569_G;50;9;0;unknown;0
2025-07-03T06:43:00+02:00;46627_D;50;11;0;unknown;0
2025-07-03T06:43:00+02:00;46627_G;50;11;0;unknown;0
2025-07-03T06:43:00+02:00;46628_D;50;8;0;unknown;0
2025-07-03T06:43:00+02:00;46628_G;50;8;0;unknown;0
2025-07-03T06:43:00+02:00;46640;22;35;42;heavy;1
2025-07-03T06:43:00+02:00;46641;37;11;40;freeFlow;1
2025-07-03T06:43:00+02:00;46643;41;4;40;freeFlow;1
2025-07-03T06:43:00+02:00;46649;36;11;40;freeFlow;1
2025-07-03T06:43:00+02:00;46653_D;50;12;0;unknown;0
2025-07-03T06:43:00+02:00;46653_G;50;12;0;unknown;0
2025-07-03T06:43:00+02:00;46654_D;50;10;0;unknown;0
2025-07-03T06:43:00+02:00;46654_G;50;10;0;unknown;0
2025-07-03T06:43:00+02:00;46655_D;50;3;0;unknown;0
2025-07-03T06:43:00+02:00;46655_G;50;3;0;unknown;0
2025-07-03T06:43:00+02:00;46682;50;10;0;unknown;0
2025-07-03T06:43:00+02:00;46683;27;2;60;heavy;1
2025-07-03T06:43:00+02:00;46684;50;10;0;unknown;0
2025-07-03T06:43:00+02:00;46685;44;24;60;heavy;1
2025-07-03T06:43:00+02:00;46686;50;27;48;freeFlow;2
2025-07-03T06:43:00+02:00;46688;62;18;60;freeFlow;1
2025-07-03T06:43:00+02:00;46716;84;1;100;freeFlow;8
2025-07-03T06:43:00+02:00;46717;89;42;100;freeFlow;4
2025-07-03T06:43:00+02:00;46718;83;12;100;freeFlow;8
2025-07-03T06:43:00+02:00;46719;104;7;60;freeFlow;1
2025-07-03T06:43:00+02:00;46720;70;3;0;unknown;0
2025-07-03T06:43:00+02:00;46728;117;3;48;freeFlow;1
2025-07-03T06:43:00+02:00;46745_D;10;57;71;congested;2
2025-07-03T06:43:00+02:00;46745_G;50;12;0;unknown;0
2025-07-03T06:43:00+02:00;46746_D;28;31;100;heavy;3
2025-07-03T06:43:00+02:00;46746_G;50;18;0;unknown;0
2025-07-03T06:43:00+02:00;46975;50;3;0;unknown;0
2025-07-03T06:43:00+02:00;47024;29;6;60;heavy;1
2025-07-03T06:43:00+02:00;47025;22;17;60;heavy;1
2025-07-03T06:43:00+02:00;47030;11;30;100;congested;3
2025-07-03T06:43:00+02:00;47057;86;10;100;freeFlow;8
2025-07-03T06:43:00+02:00;47058;89;21;100;freeFlow;10
2025-07-03T06:43:00+02:00;47059;83;15;100;freeFlow;3
2025-07-03T06:43:00+02:00;47060;74;13;100;freeFlow;3
2025-07-03T06:43:00+02:00;47062;58;15;60;freeFlow;1
2025-07-03T06:43:00+02:00;47064;40;2;100;freeFlow;4
2025-07-03T06:43:00+02:00;47066;48;2;100;freeFlow;3
2025-07-03T06:43:00+02:00;47068;52;13;70;freeFlow;2
2025-07-03T06:43:00+02:00;47070;47;6;100;freeFlow;5
2025-07-03T06:43:00+02:00;47071;70;12;75;freeFlow;2
2025-07-03T06:43:00+02:00;47074;73;6;100;freeFlow;3
2025-07-03T06:43:00+02:00;47075;90;3;0;unknown;0
2025-07-03T06:43:00+02:00;47078;72;34;100;freeFlow;3
2025-07-03T06:43:00+02:00;47101;50;8;60;freeFlow;1
2025-07-03T06:43:00+02:00;47107;73;7;100;freeFlow;3
2025-07-03T06:43:00+02:00;47108;107;8;75;freeFlow;2
2025-07-03T06:43:00+02:00;47109;45;2;100;freeFlow;4
2025-07-03T06:43:00+02:00;47110;45;17;75;heavy;2
2025-07-03T06:43:00+02:00;47111;84;21;100;freeFlow;4
2025-07-03T06:43:00+02:00;47112;70;12;100;freeFlow;4
2025-07-03T06:43:00+02:00;47113;14;42;25;congested;1
2025-07-03T06:43:00+02:00;47114;50;28;0;unknown;0
2025-07-03T06:43:00+02:00;47115;86;16;100;freeFlow;4
2025-07-03T06:43:00+02:00;47238;90;6;100;freeFlow;10
2025-07-03T06:43:00+02:00;47240;73;20;100;freeFlow;5
2025-07-03T06:43:00+02:00;47241;91;11;100;freeFlow;10
2025-07-03T06:43:00+02:00;47242;86;15;100;freeFlow;11
2025-07-03T06:43:00+02:00;47243;88;16;100;freeFlow;9
2025-07-03T06:43:00+02:00;47290;35;15;55;heavy;2
2025-07-03T06:43:00+02:00;47293;65;8;100;freeFlow;9
2025-07-03T06:43:00+02:00;47299;40;9;60;heavy;1
2025-07-03T06:43:00+02:00;47300;71;17;75;freeFlow;2
2025-07-03T06:43:00+02:00;47306;95;21;100;freeFlow;4
2025-07-03T06:43:00+02:00;47316;47;6;59;heavy;2
2025-07-03T06:43:00+02:00;47428_D;50;5;0;unknown;0
2025-07-03T06:43:00+02:00;47428_G;50;5;0;unknown;0
2025-07-03T06:43:00+02:00;48769_D;42;3;60;freeFlow;1
2025-07-03T06:43:00+02:00;48769_G;50;3;0;unknown;0
2025-07-03T06:43:00+02:00;48890;16;2;38;heavy;1
2025-07-03T06:43:00+02:00;48891;50;1;0;unknown;0
2025-07-03T06:43:00+02:00;48958_D;50;4;0;unknown;0
2025-07-03T06:43:00+02:00;48958_G;50;4;0;unknown;0
2025-07-03T06:43:00+02:00;489866_G;50;4;0;unknown;0
2025-07-03T06:43:00+02:00;49004;103;2;45;freeFlow;1
2025-07-03T06:43:00+02:00;490194_D;51;1;10;freeFlow;1
2025-07-03T06:43:00+02:00;490194_G;50;1;0;unknown;0
2025-07-03T06:43:00+02:00;49023;73;8;42;freeFlow;1
2025-07-03T06:43:00+02:00;49068;32;20;100;heavy;3
2025-07-03T06:43:00+02:00;49074;53;2;32;freeFlow;1
2025-07-03T06:43:00+02:00;49075;70;2;0;unknown;0
2025-07-03T06:43:00+02:00;49081;65;9;60;freeFlow;1
2025-07-03T06:43:00+02:00;49084;31;14;60;heavy;1
2025-07-03T06:43:00+02:00;49137_D;50;4;0;unknown;0
2025-07-03T06:43:00+02:00;49137_G;50;4;0;unknown;0
2025-07-03T06:43:00+02:00;49184;44;2;70;freeFlow;2
2025-07-03T06:43:00+02:00;492351_G;50;2;0;unknown;0
2025-07-03T06:43:00+02:00;492359_D;24;11;60;heavy;1
2025-07-03T06:43:00+02:00;492363_D;50;9;0;unknown;0
2025-07-03T06:43:00+02:00;492363_G;50;10;0;unknown;0
2025-07-03T06:43:00+02:00;492435;9;46;98;congested;3
2025-07-03T06:43:00+02:00;492445_G;20;32;12;heavy;1
2025-07-03T06:43:00+02:00;492450;48;10;60;freeFlow;1
2025-07-03T06:43:00+02:00;492452;20;25;12;heavy;1
2025-07-03T06:43:00+02:00;492459;30;2;0;unknown;0
2025-07-03T06:43:00+02:00;492474;43;4;60;heavy;1
2025-07-03T06:43:00+02:00;492475;52;17;60;freeFlow;1
2025-07-03T06:43:00+02:00;492476;46;10;60;freeFlow;1
2025-07-03T06:43:00+02:00;492477;47;2;60;freeFlow;1
2025-07-03T06:43:00+02:00;492479;59;11;60;freeFlow;1
2025-07-03T06:43:00+02:00;492481;50;3;0;unknown;0
2025-07-03T06:43:00+02:00;492482;45;3;75;freeFlow;2
2025-07-03T06:43:00+02:00;492483;20;9;60;heavy;1
2025-07-03T06:43:00+02:00;492485;50;1;0;unknown;0
2025-07-03T06:43:00+02:00;492490;48;7;60;freeFlow;1
2025-07-03T06:43:00+02:00;492495;43;1;60;heavy;1
2025-07-03T06:43:00+02:00;492498;25;17;45;heavy;1
2025-07-03T06:43:00+02:00;492506;33;7;57;heavy;1
2025-07-03T06:43:00+02:00;492512;50;2;0;unknown;0
2025-07-03T06:43:00+02:00;492514;39;1;75;freeFlow;2
2025-07-03T06:43:00+02:00;492519;50;10;0;unknown;0
2025-07-03T06:43:00+02:00;492574;29;6;12;heavy;1
2025-07-03T06:43:00+02:00;492576;20;2;42;heavy;1
2025-07-03T06:43:00+02:00;49328_D;45;3;75;freeFlow;2
2025-07-03T06:43:00+02:00;49328_G;32;4;55;heavy;1
2025-07-03T06:43:00+02:00;49686_D;50;3;0;unknown;0
2025-07-03T06:43:00+02:00;49686_G;50;3;0;unknown;0
2025-07-03T06:43:00+02:00;50079_D;30;8;40;freeFlow;1
2025-07-03T06:43:00+02:00;50079_G;30;8;0;unknown;0
2025-07-03T06:43:00+02:00;50191_D;47;11;60;freeFlow;1
2025-07-03T06:43:00+02:00;50191_G;50;11;0;unknown;0
2025-07-03T06:43:00+02:00;50308_G;50;6;0;unknown;0
2025-07-03T06:43:00+02:00;50355_D;42;7;60;freeFlow;1
2025-07-03T06:43:00+02:00;50355_G;50;6;0;unknown;0
2025-07-03T06:43:00+02:00;50416_D;43;3;60;freeFlow;1
2025-07-03T06:43:00+02:00;50416_G;50;3;0;unknown;0
2025-07-03T06:43:00+02:00;50475;34;11;60;heavy;1
2025-07-03T06:43:00+02:00;50509;48;9;60;freeFlow;1
2025-07-03T06:43:00+02:00;50573_D;30;8;40;freeFlow;1
2025-07-03T06:43:00+02:00;50573_G;33;6;60;freeFlow;1
2025-07-03T06:43:00+02:00;51008;41;4;40;freeFlow;1
2025-07-03T06:43:00+02:00;51017;50;3;0;unknown;0
2025-07-03T06:43:00+02:00;51159_D;50;13;0;unknown;0
2025-07-03T06:43:00+02:00;51159_G;50;13;0;unknown;0
2025-07-03T06:43:00+02:00;51254_D;50;6;0;unknown;0
2025-07-03T06:43:00+02:00;51254_G;50;6;0;unknown;0
2025-07-03T06:43:00+02:00;51323_D;51;3;60;freeFlow;1
2025-07-03T06:43:00+02:00;51323_G;50;4;0;unknown;0
2025-07-03T06:43:00+02:00;51437_D;20;8;60;heavy;1
2025-07-03T06:43:00+02:00;51437_G;61;2;40;freeFlow;1
2025-07-03T06:43:00+02:00;51455_D;24;11;60;heavy;1
2025-07-03T06:43:00+02:00;51455_G;61;4;40;freeFlow;1
2025-07-03T06:43:00+02:00;51797;50;4;60;freeFlow;1
2025-07-03T06:43:00+02:00;52130;50;4;0;unknown;0
2025-07-03T06:43:00+02:00;53329_D;30;6;0;unknown;0
2025-07-03T06:43:00+02:00;53329_G;30;6;0;unknown;0
2025-07-03T06:43:00+02:00;53336_D;50;8;0;unknown;0
2025-07-03T06:43:00+02:00;53336_G;50;8;0;unknown;0
2025-07-03T06:43:00+02:00;53411_D;50;7;0;unknown;0
2025-07-03T06:43:00+02:00;53539_G;79;2;75;freeFlow;2
2025-07-03T06:43:00+02:00;53542;70;6;0;unknown;0
2025-07-03T06:43:00+02:00;53543;90;5;0;unknown;0
2025-07-03T06:43:00+02:00;53575_D;19;36;60;heavy;1
2025-07-03T06:43:00+02:00;53575_G;50;12;0;unknown;0
2025-07-03T06:43:00+02:00;53656;50;2;0;unknown;0
2025-07-03T06:43:00+02:00;53660;50;7;0;unknown;0
2025-07-03T06:43:00+02:00;53663;17;7;75;heavy;2
2025-07-03T06:43:00+02:00;53675;47;2;42;heavy;1
2025-07-03T06:43:00+02:00;53676;43;3;75;heavy;2
2025-07-03T06:43:00+02:00;53677;58;10;60;freeFlow;1
2025-07-03T06:43:00+02:00;53678;51;1;60;freeFlow;1
2025-07-03T06:43:00+02:00;53679;51;2;60;freeFlow;1
2025-07-03T06:43:00+02:00;53681;50;39;0;unknown;0
2025-07-03T06:43:00+02:00;53721;50;1;0;unknown;0
2025-07-03T06:43:00+02:00;53885_D;14;37;10;congested;1
2025-07-03T06:43:00+02:00;53885_G;50;10;0;unknown;0
2025-07-03T06:43:00+02:00;54211;13;48;75;congested;2
2025-07-03T06:43:00+02:00;54334_D;35;1;40;heavy;1
2025-07-03T06:43:00+02:00;54334_G;24;2;60;heavy;1
2025-07-03T06:43:00+02:00;54337;50;16;0;unknown;0
2025-07-03T06:43:00+02:00;54361;51;4;10;freeFlow;1
2025-07-03T06:43:00+02:00;54580_G;21;28;60;heavy;1
2025-07-03T06:43:00+02:00;54707;54;8;20;freeFlow;1
2025-07-03T06:43:00+02:00;54709;50;1;0;unknown;0
2025-07-03T06:43:00+02:00;54710;53;4;20;freeFlow;1
2025-07-03T06:43:00+02:00;55397_D;50;1;0;unknown;0
2025-07-03T06:43:00+02:00;55397_G;50;1;0;unknown;0
2025-07-03T06:43:00+02:00;55401;50;8;0;unknown;0
2025-07-03T06:43:00+02:00;55405;50;1;0;unknown;0
2025-07-03T06:43:00+02:00;55406;50;4;0;unknown;0
2025-07-03T06:43:00+02:00;55407;50;2;0;unknown;0
2025-07-03T06:43:00+02:00;55408;50;3;0;unknown;0
2025-07-03T06:43:00+02:00;55440_D;46;4;75;freeFlow;2
2025-07-03T06:43:00+02:00;55440_G;40;4;52;freeFlow;1
2025-07-03T06:43:00+02:00;55443_D;53;1;60;freeFlow;1
2025-07-03T06:43:00+02:00;55443_G;50;1;0;unknown;0
2025-07-03T06:43:00+02:00;55446;36;2;17;freeFlow;1
2025-07-03T06:43:00+02:00;55447;39;1;52;freeFlow;1
2025-07-03T06:43:00+02:00;55448;46;1;75;freeFlow;2
2025-07-03T06:43:00+02:00;55449;56;1;60;freeFlow;1
2025-07-03T06:43:00+02:00;55516;50;2;0;unknown;0
2025-07-03T06:43:00+02:00;55669;29;7;75;heavy;2
2025-07-03T06:43:00+02:00;55671;50;7;0;unknown;0
2025-07-03T06:43:00+02:00;55696;50;15;0;unknown;0
2025-07-03T06:43:00+02:00;55698;50;9;0;unknown;0
2025-07-03T06:43:00+02:00;55700;50;8;0;unknown;0
2025-07-03T06:43:00+02:00;55703;50;3;0;unknown;0
2025-07-03T06:43:00+02:00;55706;50;1;0;unknown;0
2025-07-03T06:43:00+02:00;55707;23;14;40;heavy;1
2025-07-03T06:43:00+02:00;55708;16;8;38;heavy;1
2025-07-03T06:43:00+02:00;55710;27;25;38;heavy;1
2025-07-03T06:43:00+02:00;55711;50;1;0;unknown;0
2025-07-03T06:43:00+02:00;55713;50;14;0;unknown;0
2025-07-03T06:43:00+02:00;55781_D;43;3;75;freeFlow;2
2025-07-03T06:43:00+02:00;55781_G;26;5;42;heavy;1
2025-07-03T06:43:00+02:00;55800;43;7;60;freeFlow;1
2025-07-03T06:43:00+02:00;55801;26;6;42;heavy;1
2025-07-03T06:43:00+02:00;55805;57;4;60;freeFlow;1
2025-07-03T06:43:00+02:00;55806;51;10;60;freeFlow;1
2025-07-03T06:43:00+02:00;55811;51;6;60;freeFlow;1
2025-07-03T06:43:00+02:00;55814;51;2;60;freeFlow;1
2025-07-03T06:43:00+02:00;55815;27;1;60;heavy;1
2025-07-03T06:43:00+02:00;55820;50;1;0;unknown;0
2025-07-03T06:43:00+02:00;55821;27;4;60;heavy;1
2025-07-03T06:43:00+02:00;55822;27;4;60;heavy;1
2025-07-03T06:43:00+02:00;55823;29;2;60;heavy;1
2025-07-03T06:43:00+02:00;55824;36;2;75;freeFlow;2
2025-07-03T06:43:00+02:00;55827;34;2;75;heavy;2
2025-07-03T06:43:00+02:00;55830;36;2;60;heavy;1
2025-07-03T06:43:00+02:00;55841;42;11;60;freeFlow;1
2025-07-03T06:43:00+02:00;55843;50;1;0;unknown;0
2025-07-03T06:43:00+02:00;55879;25;3;71;heavy;2
2025-07-03T06:43:00+02:00;55883;38;2;74;freeFlow;2
2025-07-03T06:43:00+02:00;55887;34;16;75;heavy;2
2025-07-03T06:43:00+02:00;55888;18;32;60;heavy;1
2025-07-03T06:43:00+02:00;55889;27;3;100;heavy;3
2025-07-03T06:43:00+02:00;55890;28;3;60;heavy;1
2025-07-03T06:43:00+02:00;55894;29;2;60;heavy;1
2025-07-03T06:43:00+02:00;55896;34;2;75;heavy;2
2025-07-03T06:43:00+02:00;55898;38;15;52;freeFlow;1
2025-07-03T06:43:00+02:00;55899;50;7;60;freeFlow;1
2025-07-03T06:43:00+02:00;55926_D;47;5;15;freeFlow;1
2025-07-03T06:43:00+02:00;55926_G;50;5;0;unknown;0
2025-07-03T06:43:00+02:00;55932;50;1;0;unknown;0
2025-07-03T06:43:00+02:00;55933;46;2;15;freeFlow;1
2025-07-03T06:43:00+02:00;55958;39;2;60;freeFlow;1
2025-07-03T06:43:00+02:00;55959;38;2;52;freeFlow;1
2025-07-03T06:43:00+02:00;55974;17;3;100;heavy;3
2025-07-03T06:43:00+02:00;55975;44;2;100;freeFlow;5
2025-07-03T06:43:00+02:00;55977;49;3;75;freeFlow;2
2025-07-03T06:43:00+02:00;55978;49;2;57;freeFlow;1
2025-07-03T06:43:00+02:00;55980;22;13;100;heavy;3
2025-07-03T06:43:00+02:00;55981;48;5;75;freeFlow;2
2025-07-03T06:43:00+02:00;56019;51;1;60;freeFlow;1
2025-07-03T06:43:00+02:00;56020;50;1;0;unknown;0
2025-07-03T06:43:00+02:00;56113;50;5;0;unknown;0
2025-07-03T06:43:00+02:00;56115;50;4;0;unknown;0
2025-07-03T06:43:00+02:00;56117;50;5;0;unknown;0
2025-07-03T06:43:00+02:00;56118;50;1;0;unknown;0
2025-07-03T06:43:00+02:00;56124;50;1;0;unknown;0
2025-07-03T06:43:00+02:00;56125;50;1;0;unknown;0
2025-07-03T06:43:00+02:00;56126;50;3;0;unknown;0
2025-07-03T06:43:00+02:00;56128;50;1;0;unknown;0
2025-07-03T06:43:00+02:00;56157_D;30;13;0;unknown;0
2025-07-03T06:43:00+02:00;56157_G;30;13;0;unknown;0
2025-07-03T06:43:00+02:00;56165_D;30;2;0;unknown;0
2025-07-03T06:43:00+02:00;56165_G;30;2;0;unknown;0
2025-07-03T06:43:00+02:00;56170;50;1;0;unknown;0
2025-07-03T06:43:00+02:00;56174;50;5;0;unknown;0
2025-07-03T06:43:00+02:00;56175;50;4;0;unknown;0
2025-07-03T06:43:00+02:00;56179;50;2;0;unknown;0
2025-07-03T06:43:00+02:00;56180;50;1;0;unknown;0
2025-07-03T06:43:00+02:00;56181;50;2;0;unknown;0
2025-07-03T06:43:00+02:00;56182;50;2;0;unknown;0
2025-07-03T06:43:00+02:00;56183;50;1;0;unknown;0
2025-07-03T06:43:00+02:00;56218_D;50;3;0;unknown;0
2025-07-03T06:43:00+02:00;56218_G;50;3;0;unknown;0
2025-07-03T06:43:00+02:00;56223;50;1;0;unknown;0
2025-07-03T06:43:00+02:00;56224;50;8;0;unknown;0
2025-07-03T06:43:00+02:00;56225;50;7;0;unknown;0
2025-07-03T06:43:00+02:00;56229;50;3;0;unknown;0
2025-07-03T06:43:00+02:00;56231;50;2;0;unknown;0
2025-07-03T06:43:00+02:00;56232;50;1;0;unknown;0
2025-07-03T06:43:00+02:00;56233;50;9;0;unknown;0
2025-07-03T06:43:00+02:00;56237;50;9;0;unknown;0
2025-07-03T06:43:00+02:00;56239;30;3;0;unknown;0
2025-07-03T06:43:00+02:00;56247;30;1;0;unknown;0
2025-07-03T06:43:00+02:00;56250;30;21;0;unknown;0
2025-07-03T06:43:00+02:00;56251;30;21;0;unknown;0
2025-07-03T06:43:00+02:00;56254;30;1;0;unknown;0
2025-07-03T06:43:00+02:00;56255;30;2;0;unknown;0
2025-07-03T06:43:00+02:00;56256;30;1;0;unknown;0
2025-07-03T06:43:00+02:00;56258;30;5;0;unknown;0
2025-07-03T06:43:00+02:00;56260;30;2;0;unknown;0
2025-07-03T06:43:00+02:00;56261;30;2;0;unknown;0
2025-07-03T06:43:00+02:00;56263;30;13;0;unknown;0
2025-07-03T06:43:00+02:00;56264;30;13;0;unknown;0
2025-07-03T06:43:00+02:00;56298;30;1;0;unknown;0
2025-07-03T06:43:00+02:00;56300;30;1;0;unknown;0
2025-07-03T06:43:00+02:00;56333;51;2;60;freeFlow;1
2025-07-03T06:43:00+02:00;565804_D;20;21;60;heavy;1
2025-07-03T06:43:00+02:00;565804_G;50;9;0;unknown;0
2025-07-03T06:43:00+02:00;565852;70;2;0;unknown;0
2025-07-03T06:43:00+02:00;565853;90;11;0;unknown;0
2025-07-03T06:43:00+02:00;566240;84;1;25;freeFlow;1
2025-07-03T06:43:00+02:00;566445_D;30;2;0;unknown;0
2025-07-03T06:43:00+02:00;566445_G;30;3;0;unknown;0
2025-07-03T06:43:00+02:00;566456_D;30;22;0;unknown;0
2025-07-03T06:43:00+02:00;566456_G;30;22;0;unknown;0
2025-07-03T06:43:00+02:00;566457;50;1;0;unknown;0
2025-07-03T06:43:00+02:00;566465_D;30;10;0;unknown;0
2025-07-03T06:43:00+02:00;566465_G;30;10;0;unknown;0
2025-07-03T06:43:00+02:00;56675_D;42;4;60;freeFlow;1
2025-07-03T06:43:00+02:00;56675_G;50;3;0;unknown;0
2025-07-03T06:43:00+02:00;566941;28;3;75;heavy;2
2025-07-03T06:43:00+02:00;56871_D;50;3;0;unknown;0
2025-07-03T06:43:00+02:00;56871_G;50;3;0;unknown;0
2025-07-03T06:43:00+02:00;56908_D;50;8;0;unknown;0
2025-07-03T06:43:00+02:00;56908_G;39;10;60;freeFlow;1
2025-07-03T06:43:00+02:00;56925;89;39;100;freeFlow;11
2025-07-03T06:43:00+02:00;56944_D;44;7;75;freeFlow;2
2025-07-03T06:43:00+02:00;56944_G;35;9;52;freeFlow;1
2025-07-03T06:43:00+02:00;56945_D;44;5;75;freeFlow;2
2025-07-03T06:43:00+02:00;56945_G;35;6;52;freeFlow;1
2025-07-03T06:43:00+02:00;57082_G;30;9;0;unknown;0
2025-07-03T06:43:00+02:00;57083_D;30;14;0;unknown;0
2025-07-03T06:43:00+02:00;57083_G;30;16;0;unknown;0
2025-07-03T06:43:00+02:00;59724;24;6;100;heavy;3
2025-07-03T06:43:00+02:00;59750_D;53;4;60;freeFlow;1
2025-07-03T06:43:00+02:00;59750_G;50;4;0;unknown;0
2025-07-03T06:43:00+02:00;59835_D;50;4;0;unknown;0
2025-07-03T06:43:00+02:00;59835_G;50;4;0;unknown;0
2025-07-03T06:43:00+02:00;59836;50;2;0;unknown;0
2025-07-03T06:43:00+02:00;59837;50;1;0;unknown;0
2025-07-03T06:43:00+02:00;59838;50;3;0;unknown;0
2025-07-03T06:43:00+02:00;62559_D;36;9;75;freeFlow;2
2025-07-03T06:43:00+02:00;62559_G;26;12;42;heavy;1
2025-07-03T06:43:00+02:00;62560;50;5;0;unknown;0
2025-07-03T06:43:00+02:00;62565_D;36;2;75;freeFlow;2
2025-07-03T06:43:00+02:00;62565_G;26;3;42;heavy;1
2025-07-03T06:43:00+02:00;62831_D;42;1;60;freeFlow;1
2025-07-03T06:43:00+02:00;62831_G;50;1;0;unknown;0
2025-07-03T06:43:00+02:00;62832_D;42;1;60;freeFlow;1
2025-07-03T06:43:00+02:00;62832_G;50;1;0;unknown;0
2025-07-03T06:43:00+02:00;63045_D;30;5;0;unknown;0
2025-07-03T06:43:00+02:00;63045_G;30;5;0;unknown;0
2025-07-03T06:43:00+02:00;63053_D;40;5;75;freeFlow;2
2025-07-03T06:43:00+02:00;63053_G;35;6;52;heavy;1
2025-07-03T06:43:00+02:00;63899;117;14;88;freeFlow;3
2025-07-03T06:43:00+02:00;63934;50;1;0;unknown;0
2025-07-03T06:43:00+02:00;63935;46;9;45;freeFlow;1
2025-07-03T06:43:00+02:00;63936;103;5;45;freeFlow;1
2025-07-03T06:43:00+02:00;63939;28;21;35;heavy;1
2025-07-03T06:43:00+02:00;63940;103;1;45;freeFlow;1
2025-07-03T06:43:00+02:00;63941;28;2;35;heavy;1
2025-07-03T06:43:00+02:00;63942;28;2;35;heavy;1
2025-07-03T06:43:00+02:00;63943;28;3;35;heavy;1
2025-07-03T06:43:00+02:00;63944;91;2;75;freeFlow;2
2025-07-03T06:43:00+02:00;63947;71;2;20;freeFlow;1
2025-07-03T06:43:00+02:00;63950;43;1;20;freeFlow;1
2025-07-03T06:43:00+02:00;63951;52;2;20;freeFlow;1
2025-07-03T06:43:00+02:00;63952;100;0;75;freeFlow;2
2025-07-03T06:43:00+02:00;63953;100;1;75;freeFlow;2
2025-07-03T06:43:00+02:00;63970;70;14;0;unknown;0
2025-07-03T06:43:00+02:00;63973;48;2;60;freeFlow;1
2025-07-03T06:43:00+02:00;64032;50;20;0;unknown;0
2025-07-03T06:43:00+02:00;64061_D;30;10;0;unknown;0
2025-07-03T06:43:00+02:00;64061_G;94;3;10;freeFlow;1
2025-07-03T06:43:00+02:00;64637_D;72;6;75;freeFlow;2
2025-07-03T06:43:00+02:00;64637_G;30;14;60;heavy;1
2025-07-03T06:43:00+02:00;65310;50;6;0;unknown;0
2025-07-03T06:43:00+02:00;65313;50;6;0;unknown;0
2025-07-03T06:43:00+02:00;65682;65;18;60;freeFlow;1
2025-07-03T06:43:00+02:00;66421;50;2;0;unknown;0
2025-07-03T06:43:00+02:00;66442;50;4;0;unknown;0
2025-07-03T06:43:00+02:00;66782;50;7;0;unknown;0
2025-07-03T06:43:00+02:00;67066;53;6;60;freeFlow;1
2025-07-03T06:43:00+02:00;67097_D;30;11;0;unknown;0
2025-07-03T06:43:00+02:00;67097_G;30;12;0;unknown;0
2025-07-03T06:43:00+02:00;69381_D;42;7;60;freeFlow;1
2025-07-03T06:43:00+02:00;69381_G;50;6;0;unknown;0
2025-07-03T06:43:00+02:00;72487_G;80;31;0;unknown;0
2025-07-03T06:43:00+02:00;72614;50;2;0;unknown;0
2025-07-03T06:43:00+02:00;72621;24;15;60;heavy;1
2025-07-03T06:43:00+02:00;72624;38;9;75;freeFlow;2
2025-07-03T06:43:00+02:00;72628;43;0;75;freeFlow;2
2025-07-03T06:43:00+02:00;74283_D;44;17;10;freeFlow;1
2025-07-03T06:43:00+02:00;74283_G;50;15;0;unknown;0
2025-07-03T06:43:00+02:00;75387;31;2;45;heavy;1
2025-07-03T06:43:00+02:00;75631;49;6;60;heavy;1
2025-07-03T06:43:00+02:00;75818_D;37;4;20;freeFlow;1
2025-07-03T06:43:00+02:00;75818_G;100;1;75;freeFlow;2
2025-07-03T06:43:00+02:00;75820;90;21;100;freeFlow;5
2025-07-03T06:43:00+02:00;75824;32;14;45;heavy;1
2025-07-03T06:43:00+02:00;75825;99;5;100;freeFlow;4
2025-07-03T06:43:00+02:00;75828;70;11;0;unknown;0
2025-07-03T06:43:00+02:00;75829;86;8;60;freeFlow;1
2025-07-03T06:43:00+02:00;75832;48;3;100;freeFlow;4
2025-07-03T06:43:00+02:00;75833;41;5;100;freeFlow;4
2025-07-03T06:43:00+02:00;75835;44;3;100;freeFlow;4
2025-07-03T06:43:00+02:00;75836;108;9;75;freeFlow;2
2025-07-03T06:43:00+02:00;75837;75;6;100;freeFlow;3
2025-07-03T06:43:00+02:00;75838;49;5;100;freeFlow;4
2025-07-03T06:43:00+02:00;75839;43;4;60;freeFlow;1
2025-07-03T06:43:00+02:00;75840;57;3;60;freeFlow;1
2025-07-03T06:43:00+02:00;75845;50;2;60;freeFlow;1
2025-07-03T06:43:00+02:00;75846;53;6;60;freeFlow;1
2025-07-03T06:43:00+02:00;75847;47;13;42;heavy;1
2025-07-03T06:43:00+02:00;75848;50;5;0;unknown;0
2025-07-03T06:43:00+02:00;75849;24;10;50;heavy;1
2025-07-03T06:43:00+02:00;75850;36;5;50;freeFlow;1
2025-07-03T06:43:00+02:00;75851;50;4;0;unknown;0
2025-07-03T06:43:00+02:00;75853;47;2;40;heavy;1
2025-07-03T06:43:00+02:00;75854;47;5;40;heavy;1
2025-07-03T06:43:00+02:00;75856;55;2;40;freeFlow;2
2025-07-03T06:43:00+02:00;75897;69;14;20;freeFlow;1
2025-07-03T06:43:00+02:00;9128;76;36;100;freeFlow;4
2025-07-03T06:43:00+02:00;9130;65;12;75;freeFlow;2
2025-07-03T06:43:00+02:00;9131;84;8;75;freeFlow;2
2025-07-03T06:43:00+02:00;9132;84;25;100;freeFlow;5
2025-07-03T06:43:00+02:00;9146;88;4;75;freeFlow;2
2025-07-03T06:43:00+02:00;9178;65;18;22;freeFlow;1
2025-07-03T06:43:00+02:00;9179;82;22;100;freeFlow;4
2025-07-03T06:43:00+02:00;9180;86;22;100;freeFlow;5
2025-07-03T06:43:00+02:00;9181;70;14;0;unknown;0
2025-07-03T06:43:00+02:00;9182;70;3;0;unknown;0
2025-07-03T06:43:00+02:00;9183;86;5;60;freeFlow;1
2025-07-03T06:43:00+02:00;9184;38;17;60;heavy;1
2025-07-03T06:43:00+02:00;9245;95;75;100;freeFlow;9
2025-07-03T06:43:00+02:00;9246;111;107;79;freeFlow;3
2025-07-03T06:43:00+02:00;9380_D;80;23;0;unknown;0
2025-07-03T06:43:00+02:00;9380_G;80;23;0;unknown;0
2025-07-03T06:43:00+02:00;9389;80;1;0;unknown;0
2025-07-03T06:43:00+02:00;9390;80;1;0;unknown;0
2025-07-03T06:43:00+02:00;9391;80;1;0;unknown;0
2025-07-03T06:43:00+02:00;9392;80;1;0;unknown;0
2025-07-03T06:43:00+02:00;1677832;50;6;0;unknown;0
2025-07-03T06:43:00+02:00;1679085_D;50;2;0;unknown;0
2025-07-03T06:43:00+02:00;1679085_G;50;2;0;unknown;0
2025-07-03T06:43:00+02:00;1679794;50;1;0;unknown;0
2025-07-03T06:43:00+02:00;1679795_G;50;2;0;unknown;0
2025-07-03T06:43:00+02:00;1679796;50;1;0;unknown;0
2025-07-03T06:43:00+02:00;1679797_D;50;6;0;unknown;0
2025-07-03T06:43:00+02:00;1679797_G;50;6;0;unknown;0
2025-07-03T06:43:00+02:00;1679798;50;1;0;unknown;0
2025-07-03T06:43:00+02:00;1679800;50;2;0;unknown;0
2025-07-03T06:43:00+02:00;1680335;50;6;0;unknown;0
2025-07-03T06:43:00+02:00;1680340;50;2;0;unknown;0
2025-07-03T06:43:00+02:00;213972_D;50;6;0;unknown;0
2025-07-03T06:43:00+02:00;213972_G;50;5;0;unknown;0
2025-07-03T06:43:00+02:00;213973_D;50;8;0;unknown;0
2025-07-03T06:43:00+02:00;213973_G;50;8;0;unknown;0
2025-07-03T06:43:00+02:00;213974_D;50;4;0;unknown;0
2025-07-03T06:43:00+02:00;213974_G;50;4;0;unknown;0
2025-07-03T06:43:00+02:00;26521;123;44;60;freeFlow;1
2025-07-03T06:43:00+02:00;26522;97;34;75;freeFlow;2
2025-07-03T06:43:00+02:00;31304_G;50;22;0;unknown;0
2025-07-03T06:43:00+02:00;31328;105;9;60;freeFlow;1
2025-07-03T06:43:00+02:00;31441;80;42;75;freeFlow;2
2025-07-03T06:43:00+02:00;31535;79;9;75;freeFlow;2
2025-07-03T06:43:00+02:00;31552;92;8;75;freeFlow;2
2025-07-03T06:43:00+02:00;31555;74;11;71;freeFlow;2
2025-07-03T06:43:00+02:00;43014_D;94;2;10;freeFlow;1
2025-07-03T06:43:00+02:00;43014_G;55;4;52;freeFlow;1
2025-07-03T06:43:00+02:00;43105_D;20;13;0;unknown;0
2025-07-03T06:43:00+02:00;43105_G;35;7;0;unknown;0
2025-07-03T06:43:00+02:00;43118_D;94;6;10;freeFlow;1
2025-07-03T06:43:00+02:00;43118_G;55;10;52;freeFlow;1
2025-07-03T06:43:00+02:00;43124_D;94;4;10;freeFlow;1
2025-07-03T06:43:00+02:00;43124_G;55;7;52;freeFlow;1
2025-07-03T06:43:00+02:00;43125_D;94;3;10;freeFlow;1
2025-07-03T06:43:00+02:00;43125_G;55;5;52;freeFlow;1
2025-07-03T06:43:00+02:00;43126_D;94;5;10;freeFlow;1
2025-07-03T06:43:00+02:00;43126_G;55;9;52;freeFlow;1
2025-07-03T06:43:00+02:00;43147_D;94;3;10;freeFlow;1
2025-07-03T06:43:00+02:00;43147_G;55;5;52;freeFlow;1
2025-07-03T06:43:00+02:00;43336_D;50;6;0;unknown;0
2025-07-03T06:43:00+02:00;43336_G;50;6;0;unknown;0
2025-07-03T06:43:00+02:00;43337_D;50;8;0;unknown;0
2025-07-03T06:43:00+02:00;43337_G;50;8;0;unknown;0
2025-07-03T06:43:00+02:00;43338_D;50;4;0;unknown;0
2025-07-03T06:43:00+02:00;43338_G;50;4;0;unknown;0
2025-07-03T06:43:00+02:00;43339_D;50;5;0;unknown;0
2025-07-03T06:43:00+02:00;43339_G;50;5;0;unknown;0
2025-07-03T06:43:00+02:00;43340_D;50;1;0;unknown;0
2025-07-03T06:43:00+02:00;43340_G;50;1;0;unknown;0
2025-07-03T06:43:00+02:00;43341_D;50;4;0;unknown;0
2025-07-03T06:43:00+02:00;43341_G;50;4;0;unknown;0
2025-07-03T06:43:00+02:00;43342_D;50;2;0;unknown;0
2025-07-03T06:43:00+02:00;43342_G;50;2;0;unknown;0
2025-07-03T06:43:00+02:00;43343_D;50;7;0;unknown;0
2025-07-03T06:43:00+02:00;43343_G;50;7;0;unknown;0
2025-07-03T06:43:00+02:00;43345_D;30;10;0;unknown;0
2025-07-03T06:43:00+02:00;43345_G;30;10;0;unknown;0
2025-07-03T06:43:00+02:00;43347_D;30;5;0;unknown;0
2025-07-03T06:43:00+02:00;43347_G;30;5;0;unknown;0
2025-07-03T06:43:00+02:00;43352_D;40;12;40;freeFlow;1
2025-07-03T06:43:00+02:00;43353_D;28;10;42;freeFlow;1
2025-07-03T06:43:00+02:00;43353_G;35;8;60;freeFlow;1
2025-07-03T06:43:00+02:00;43377_D;30;16;0;unknown;0
2025-07-03T06:43:00+02:00;43377_G;30;16;0;unknown;0
2025-07-03T06:43:00+02:00;43379_D;30;7;0;unknown;0
2025-07-03T06:43:00+02:00;43379_G;30;7;0;unknown;0
2025-07-03T06:43:00+02:00;43413_D;30;6;0;unknown;0
2025-07-03T06:43:00+02:00;43413_G;30;6;0;unknown;0
2025-07-03T06:43:00+02:00;43474_D;50;3;0;unknown;0
2025-07-03T06:43:00+02:00;43474_G;50;3;0;unknown;0
2025-07-03T06:43:00+02:00;43615_D;30;2;0;unknown;0
2025-07-03T06:43:00+02:00;43615_G;30;2;0;unknown;0
2025-07-03T06:43:00+02:00;43743_D;50;25;0;unknown;0
2025-07-03T06:43:00+02:00;43746;30;7;0;unknown;0
2025-07-03T06:43:00+02:00;43747;30;14;0;unknown;0
2025-07-03T06:43:00+02:00;43751;30;19;0;unknown;0
2025-07-03T06:43:00+02:00;43774_D;94;2;10;freeFlow;1
2025-07-03T06:43:00+02:00;43774_G;55;4;52;freeFlow;1
2025-07-03T06:43:00+02:00;43775_D;50;8;0;unknown;0
2025-07-03T06:43:00+02:00;43775_G;50;8;0;unknown;0
2025-07-03T06:43:00+02:00;43826_D;94;3;10;freeFlow;1
2025-07-03T06:43:00+02:00;43826_G;50;5;0;unknown;0
2025-07-03T06:43:00+02:00;43971;50;13;0;unknown;0
2025-07-03T06:43:00+02:00;43973;17;14;60;heavy;1
2025-07-03T06:43:00+02:00;44003_G;50;8;0;unknown;0
2025-07-03T06:43:00+02:00;44004_D;50;22;0;unknown;0
2025-07-03T06:43:00+02:00;44004_G;50;22;0;unknown;0
2025-07-03T06:43:00+02:00;44017_G;50;3;0;unknown;0
2025-07-03T06:43:00+02:00;44018_G;50;12;0;unknown;0
2025-07-03T06:43:00+02:00;44037_D;50;3;0;unknown;0
2025-07-03T06:43:00+02:00;44037_G;50;3;0;unknown;0
2025-07-03T06:43:00+02:00;44851_D;78;7;60;freeFlow;1
2025-07-03T06:43:00+02:00;44851_G;78;7;60;freeFlow;1
2025-07-03T06:43:00+02:00;44852_D;50;9;0;unknown;0
2025-07-03T06:43:00+02:00;44852_G;50;9;0;unknown;0
2025-07-03T06:43:00+02:00;44854_D;50;1;0;unknown;0
2025-07-03T06:43:00+02:00;44854_G;50;1;0;unknown;0
2025-07-03T06:43:00+02:00;44855_D;50;7;0;unknown;0
2025-07-03T06:43:00+02:00;44855_G;50;7;0;unknown;0
2025-07-03T06:43:00+02:00;44879;84;16;100;freeFlow;3
2025-07-03T06:43:00+02:00;44897_D;50;5;0;unknown;0
2025-07-03T06:43:00+02:00;44897_G;50;5;0;unknown;0
2025-07-03T06:43:00+02:00;44901;45;34;52;heavy;1
2025-07-03T06:43:00+02:00;44939;93;44;100;freeFlow;7
2025-07-03T06:43:00+02:00;45135_D;50;1;0;unknown;0
2025-07-03T06:43:00+02:00;45135_G;50;1;0;unknown;0
2025-07-03T06:43:00+02:00;45136_G;50;16;0;unknown;0
2025-07-03T06:43:00+02:00;45137_D;50;2;0;unknown;0
2025-07-03T06:43:00+02:00;45137_G;50;1;0;unknown;0
2025-07-03T06:43:00+02:00;45146;50;8;0;unknown;0
2025-07-03T06:43:00+02:00;45147_D;49;1;12;freeFlow;1
2025-07-03T06:43:00+02:00;45147_G;50;1;0;unknown;0
2025-07-03T06:43:00+02:00;45153;55;7;52;freeFlow;1
2025-07-03T06:43:00+02:00;45155;50;16;0;unknown;0
2025-07-03T06:43:00+02:00;45213;50;9;0;unknown;0
2025-07-03T06:43:00+02:00;45214;28;9;45;heavy;1
2025-07-03T06:43:00+02:00;45232;49;34;0;unknown;0
2025-07-03T06:43:00+02:00;45233;34;4;60;heavy;1
2025-07-03T06:43:00+02:00;45236_D;50;13;0;unknown;0
2025-07-03T06:43:00+02:00;45242;88;13;100;freeFlow;7
2025-07-03T06:43:00+02:00;45246;97;26;100;freeFlow;5
2025-07-03T06:43:00+02:00;45247;70;14;0;unknown;0
2025-07-03T06:43:00+02:00;47742_G;50;4;0;unknown;0
2025-07-03T06:43:00+02:00;47744;50;40;0;unknown;0
2025-07-03T06:43:00+02:00;48725;23;4;60;heavy;1
2025-07-03T06:43:00+02:00;48736;23;3;60;heavy;1
2025-07-03T06:43:00+02:00;48738;23;2;60;heavy;1
2025-07-03T06:43:00+02:00;48746;57;7;70;freeFlow;2
2025-07-03T06:43:00+02:00;48751;50;1;0;unknown;0
2025-07-03T06:43:00+02:00;48752;50;1;0;unknown;0
2025-07-03T06:43:00+02:00;48753;50;2;0;unknown;0
2025-07-03T06:43:00+02:00;48754;50;1;0;unknown;0
2025-07-03T06:43:00+02:00;48764;50;1;0;unknown;0
2025-07-03T06:43:00+02:00;48765;50;5;0;unknown;0
2025-07-03T06:43:00+02:00;48796;25;20;73;heavy;2
2025-07-03T06:43:00+02:00;48915_D;50;2;0;unknown;0
2025-07-03T06:43:00+02:00;48915_G;50;2;0;unknown;0
2025-07-03T06:43:00+02:00;48916;50;3;0;unknown;0
2025-07-03T06:43:00+02:00;48953_D;50;23;0;unknown;0
2025-07-03T06:43:00+02:00;48953_G;50;23;0;unknown;0
2025-07-03T06:43:00+02:00;48993_D;50;7;0;unknown;0
2025-07-03T06:43:00+02:00;48993_G;50;7;0;unknown;0
2025-07-03T06:43:00+02:00;49042_D;50;1;0;unknown;0
2025-07-03T06:43:00+02:00;49042_G;50;1;0;unknown;0
2025-07-03T06:43:00+02:00;50035_D;50;2;0;unknown;0
2025-07-03T06:43:00+02:00;50035_G;50;2;0;unknown;0
2025-07-03T06:43:00+02:00;50087;50;5;0;unknown;0
2025-07-03T06:43:00+02:00;50107_D;50;11;0;unknown;0
2025-07-03T06:43:00+02:00;50107_G;50;11;0;unknown;0
2025-07-03T06:43:00+02:00;52835_G;55;3;52;freeFlow;1
2025-07-03T06:43:00+02:00;52850_D;94;1;10;freeFlow;1
2025-07-03T06:43:00+02:00;52850_G;55;3;52;freeFlow;1
2025-07-03T06:43:00+02:00;52878;30;5;0;unknown;0
2025-07-03T06:43:00+02:00;53020_G;50;2;0;unknown;0
2025-07-03T06:43:00+02:00;53130_D;50;5;0;unknown;0
2025-07-03T06:43:00+02:00;53130_G;50;5;0;unknown;0
2025-07-03T06:43:00+02:00;53375_D;26;4;42;freeFlow;1
2025-07-03T06:43:00+02:00;53375_G;14;7;60;heavy;1
2025-07-03T06:43:00+02:00;53427;92;47;100;freeFlow;10
2025-07-03T06:43:00+02:00;53988;50;5;42;freeFlow;1
2025-07-03T06:43:00+02:00;53989;50;2;0;unknown;0
2025-07-03T06:43:00+02:00;53992_D;50;8;0;unknown;0
2025-07-03T06:43:00+02:00;53992_G;50;8;0;unknown;0
2025-07-03T06:43:00+02:00;53995;50;1;0;unknown;0
2025-07-03T06:43:00+02:00;53997;50;1;0;unknown;0
2025-07-03T06:43:00+02:00;53999;50;1;0;unknown;0
2025-07-03T06:43:00+02:00;54130;50;31;0;unknown;0
2025-07-03T06:43:00+02:00;54136;50;3;0;unknown;0
2025-07-03T06:43:00+02:00;54219;51;11;60;freeFlow;1
2025-07-03T06:43:00+02:00;54222;50;12;0;unknown;0
2025-07-03T06:43:00+02:00;54235;18;26;74;heavy;2
2025-07-03T06:43:00+02:00;54300;55;7;52;freeFlow;1
2025-07-03T06:43:00+02:00;54304_D;50;4;0;unknown;0
2025-07-03T06:43:00+02:00;54304_G;50;4;0;unknown;0
2025-07-03T06:43:00+02:00;54309;49;18;12;freeFlow;1
2025-07-03T06:43:00+02:00;54345;50;3;0;unknown;0
2025-07-03T06:43:00+02:00;54352;50;7;0;unknown;0
2025-07-03T06:43:00+02:00;54353;50;3;0;unknown;0
2025-07-03T06:43:00+02:00;54356;50;17;0;unknown;0
2025-07-03T06:43:00+02:00;54357;50;5;0;unknown;0
2025-07-03T06:43:00+02:00;54370;60;3;20;freeFlow;1
2025-07-03T06:43:00+02:00;54373;45;4;60;freeFlow;1
2025-07-03T06:43:00+02:00;54374;41;5;60;freeFlow;1
2025-07-03T06:43:00+02:00;54377;96;11;60;freeFlow;1
2025-07-03T06:43:00+02:00;54396;5;44;48;congested;1
2025-07-03T06:43:00+02:00;54397;45;13;15;freeFlow;1
2025-07-03T06:43:00+02:00;54468;14;9;45;congested;1
2025-07-03T06:43:00+02:00;54470;45;6;15;freeFlow;1
2025-07-03T06:43:00+02:00;56022;50;3;0;unknown;0
2025-07-03T06:43:00+02:00;56598;50;1;0;unknown;0
2025-07-03T06:43:00+02:00;56676_D;50;4;0;unknown;0
2025-07-03T06:43:00+02:00;56868;50;4;0;unknown;0
2025-07-03T06:43:00+02:00;56869;50;3;0;unknown;0
2025-07-03T06:43:00+02:00;56894;55;4;52;freeFlow;1
2025-07-03T06:43:00+02:00;56895;55;21;52;freeFlow;1
2025-07-03T06:43:00+02:00;56896;55;3;52;freeFlow;1
2025-07-03T06:43:00+02:00;56901;87;25;100;freeFlow;4
2025-07-03T06:43:00+02:00;60284;55;22;52;freeFlow;1
2025-07-03T06:43:00+02:00;63409_D;50;2;0;unknown;0
2025-07-03T06:43:00+02:00;63409_G;50;2;0;unknown;0
2025-07-03T06:43:00+02:00;66896;50;6;0;unknown;0
2025-07-03T06:43:00+02:00;69440;50;5;0;unknown;0
2025-07-03T06:43:00+02:00;69442;50;8;0;unknown;0
2025-07-03T06:43:00+02:00;75868;93;8;100;freeFlow;4
2025-07-03T06:43:00+02:00;75908;50;21;0;unknown;0
2025-07-03T06:43:00+02:00;75909;49;21;12;freeFlow;1
2025-07-03T06:43:00+02:00;44943;71;9;75;freeFlow;2
2025-07-03T06:43:00+02:00;47063;30;20;25;heavy;1
2025-07-03T06:43:00+02:00;71455_G;50;3;0;unknown;0
2025-07-03T06:43:00+02:00;75831;7;138;25;congested;1