datetime;predefinedLocationReference;averageVehicleSpeed;travelTime;travelTimeReliability;trafficStatus;vehicleProbeMeasurement
2025-07-02T10:43:00+02:00;10273_D;80;9;75;freeFlow;2
2025-07-02T10:43:00+02:00;10273_G;76;9;25;freeFlow;1
2025-07-02T10:43:00+02:00;10274_D;66;10;60;freeFlow;1
2025-07-02T10:43:00+02:00;10274_G;81;8;25;freeFlow;1
2025-07-02T10:43:00+02:00;10275_D;64;16;60;freeFlow;1
2025-07-02T10:43:00+02:00;10275_G;79;13;25;freeFlow;1
2025-07-02T10:43:00+02:00;10277_D;73;21;60;freeFlow;1
2025-07-02T10:43:00+02:00;10277_G;78;20;25;freeFlow;1
2025-07-02T10:43:00+02:00;10279_D;66;15;75;freeFlow;2
2025-07-02T10:43:00+02:00;10279_G;77;13;22;freeFlow;1
2025-07-02T10:43:00+02:00;10281_D;70;20;75;freeFlow;2
2025-07-02T10:43:00+02:00;10281_G;78;18;22;freeFlow;1
2025-07-02T10:43:00+02:00;10315_D;80;7;60;freeFlow;1
2025-07-02T10:43:00+02:00;10315_G;81;7;25;freeFlow;1
2025-07-02T10:43:00+02:00;11579_D;80;3;32;freeFlow;1
2025-07-02T10:43:00+02:00;11579_G;102;3;60;freeFlow;1
2025-07-02T10:43:00+02:00;11652;62;22;99;heavy;5
2025-07-02T10:43:00+02:00;11654;86;2;75;freeFlow;2
2025-07-02T10:43:00+02:00;11777_D;18;5;60;congested;1
2025-07-02T10:43:00+02:00;11777_G;118;0;32;freeFlow;1
2025-07-02T10:43:00+02:00;11781_D;46;2;30;freeFlow;1
2025-07-02T10:43:00+02:00;11781_G;40;2;60;freeFlow;1
2025-07-02T10:43:00+02:00;11784_D;37;1;30;freeFlow;1
2025-07-02T10:43:00+02:00;11784_G;26;2;60;freeFlow;1
2025-07-02T10:43:00+02:00;11785_D;39;1;30;freeFlow;1
2025-07-02T10:43:00+02:00;11785_G;31;1;60;freeFlow;1
2025-07-02T10:43:00+02:00;12060_D;59;12;60;freeFlow;1
2025-07-02T10:43:00+02:00;12060_G;81;9;25;freeFlow;1
2025-07-02T10:43:00+02:00;1242_D;67;2;20;freeFlow;1
2025-07-02T10:43:00+02:00;1242_G;19;6;75;congested;2
2025-07-02T10:43:00+02:00;1285_D;76;1;20;freeFlow;1
2025-07-02T10:43:00+02:00;1285_G;62;1;60;freeFlow;1
2025-07-02T10:43:00+02:00;13514;36;6;60;heavy;1
2025-07-02T10:43:00+02:00;13515;36;4;60;heavy;1
2025-07-02T10:43:00+02:00;13516;117;1;15;freeFlow;1
2025-07-02T10:43:00+02:00;13549_D;75;5;48;freeFlow;1
2025-07-02T10:43:00+02:00;13549_G;26;14;60;heavy;1
2025-07-02T10:43:00+02:00;13557_D;75;5;48;freeFlow;1
2025-07-02T10:43:00+02:00;13557_G;37;10;60;heavy;1
2025-07-02T10:43:00+02:00;14364;99;21;100;freeFlow;4
2025-07-02T10:43:00+02:00;14365;115;18;75;freeFlow;2
2025-07-02T10:43:00+02:00;15029_D;69;35;75;freeFlow;2
2025-07-02T10:43:00+02:00;15029_G;57;43;73;freeFlow;2
2025-07-02T10:43:00+02:00;15062;32;5;74;heavy;2
2025-07-02T10:43:00+02:00;15063;42;3;75;heavy;2
2025-07-02T10:43:00+02:00;15064;35;4;75;heavy;2
2025-07-02T10:43:00+02:00;15065;29;6;57;heavy;1
2025-07-02T10:43:00+02:00;15066;38;4;99;heavy;3
2025-07-02T10:43:00+02:00;15067_D;75;56;31;freeFlow;1
2025-07-02T10:43:00+02:00;15067_G;59;72;85;freeFlow;3
2025-07-02T10:43:00+02:00;15104_D;76;52;46;freeFlow;2
2025-07-02T10:43:00+02:00;15104_G;52;77;83;heavy;3
2025-07-02T10:43:00+02:00;15111;115;3;75;freeFlow;2
2025-07-02T10:43:00+02:00;15113;57;3;48;freeFlow;1
2025-07-02T10:43:00+02:00;15114;75;2;48;freeFlow;1
2025-07-02T10:43:00+02:00;15117;87;2;60;freeFlow;2
2025-07-02T10:43:00+02:00;15118;71;1;45;freeFlow;1
2025-07-02T10:43:00+02:00;15119;45;4;85;heavy;3
2025-07-02T10:43:00+02:00;15120;22;9;94;congested;3
2025-07-02T10:43:00+02:00;15121;33;3;48;heavy;2
2025-07-02T10:43:00+02:00;15122;62;3;50;freeFlow;2
2025-07-02T10:43:00+02:00;15124_D;38;22;48;heavy;1
2025-07-02T10:43:00+02:00;15124_G;39;22;60;heavy;1
2025-07-02T10:43:00+02:00;15549_D;50;1;0;unknown;0
2025-07-02T10:43:00+02:00;15549_G;45;1;42;freeFlow;1
2025-07-02T10:43:00+02:00;15550;55;0;100;freeFlow;3
2025-07-02T10:43:00+02:00;15551;14;817;92;congested;12
2025-07-02T10:43:00+02:00;1601768;43;9;50;freeFlow;2
2025-07-02T10:43:00+02:00;1601771;26;10;50;heavy;2
2025-07-02T10:43:00+02:00;1601787;19;4;52;heavy;1
2025-07-02T10:43:00+02:00;1601792;23;2;52;freeFlow;1
2025-07-02T10:43:00+02:00;1601794_D;34;4;55;freeFlow;1
2025-07-02T10:43:00+02:00;1601794_G;89;1;60;freeFlow;1
2025-07-02T10:43:00+02:00;1601795;26;18;55;freeFlow;1
2025-07-02T10:43:00+02:00;1601797;89;6;60;freeFlow;1
2025-07-02T10:43:00+02:00;1601798;67;2;73;freeFlow;2
2025-07-02T10:43:00+02:00;1601799;89;1;60;freeFlow;1
2025-07-02T10:43:00+02:00;1601807;32;4;100;heavy;8
2025-07-02T10:43:00+02:00;1601808;50;19;100;freeFlow;3
2025-07-02T10:43:00+02:00;1601810;32;30;100;heavy;3
2025-07-02T10:43:00+02:00;1601812;62;3;100;freeFlow;3
2025-07-02T10:43:00+02:00;1601813_D;55;23;75;freeFlow;2
2025-07-02T10:43:00+02:00;1601813_G;74;17;74;freeFlow;2
2025-07-02T10:43:00+02:00;1601814;77;2;60;freeFlow;1
2025-07-02T10:43:00+02:00;1601815;54;3;100;freeFlow;3
2025-07-02T10:43:00+02:00;1601819;27;2;100;heavy;5
2025-07-02T10:43:00+02:00;1601824;61;3;100;freeFlow;3
2025-07-02T10:43:00+02:00;1601898;101;15;75;freeFlow;2
2025-07-02T10:43:00+02:00;1601931_D;50;5;0;unknown;0
2025-07-02T10:43:00+02:00;1601931_G;23;12;38;heavy;1
2025-07-02T10:43:00+02:00;1602158_D;38;1;60;freeFlow;1
2025-07-02T10:43:00+02:00;1602158_G;23;1;38;heavy;1
2025-07-02T10:43:00+02:00;1602398;35;1;60;heavy;1
2025-07-02T10:43:00+02:00;1626;37;67;100;heavy;6
2025-07-02T10:43:00+02:00;1627;56;3;75;freeFlow;2
2025-07-02T10:43:00+02:00;1628;50;2;0;unknown;0
2025-07-02T10:43:00+02:00;1629;18;7;100;heavy;3
2025-07-02T10:43:00+02:00;1630;17;6;100;heavy;3
2025-07-02T10:43:00+02:00;1631;31;3;35;heavy;1
2025-07-02T10:43:00+02:00;1632;80;24;75;freeFlow;2
2025-07-02T10:43:00+02:00;1633;84;10;75;freeFlow;2
2025-07-02T10:43:00+02:00;1639;26;12;100;heavy;6
2025-07-02T10:43:00+02:00;16647_D;63;72;75;freeFlow;2
2025-07-02T10:43:00+02:00;16647_G;59;77;74;freeFlow;2
2025-07-02T10:43:00+02:00;16648_D;86;9;75;freeFlow;2
2025-07-02T10:43:00+02:00;16648_G;25;28;70;heavy;2
2025-07-02T10:43:00+02:00;16695_D;39;74;72;heavy;2
2025-07-02T10:43:00+02:00;16695_G;68;42;49;freeFlow;1
2025-07-02T10:43:00+02:00;16701;30;3;64;heavy;2
2025-07-02T10:43:00+02:00;16702;28;4;60;heavy;1
2025-07-02T10:43:00+02:00;16707_D;50;1;0;unknown;0
2025-07-02T10:43:00+02:00;16707_G;36;1;45;freeFlow;1
2025-07-02T10:43:00+02:00;16744;15;9;97;congested;4
2025-07-02T10:43:00+02:00;16745;11;11;100;congested;3
2025-07-02T10:43:00+02:00;16746;27;4;55;heavy;1
2025-07-02T10:43:00+02:00;16747;33;5;100;heavy;3
2025-07-02T10:43:00+02:00;16748;41;3;72;heavy;2
2025-07-02T10:43:00+02:00;16749;36;4;72;heavy;2
2025-07-02T10:43:00+02:00;16752_D;35;11;60;heavy;1
2025-07-02T10:43:00+02:00;16752_G;95;4;60;freeFlow;1
2025-07-02T10:43:00+02:00;1675_D;31;9;60;freeFlow;1
2025-07-02T10:43:00+02:00;1675_G;16;16;60;heavy;1
2025-07-02T10:43:00+02:00;1676;84;6;75;freeFlow;2
2025-07-02T10:43:00+02:00;16761;52;2;12;freeFlow;1
2025-07-02T10:43:00+02:00;16762;30;3;60;heavy;1
2025-07-02T10:43:00+02:00;1677;28;18;100;heavy;3
2025-07-02T10:43:00+02:00;1677109;22;74;100;heavy;7
2025-07-02T10:43:00+02:00;1677110;71;1;75;freeFlow;2
2025-07-02T10:43:00+02:00;1677175_D;27;53;57;freeFlow;1
2025-07-02T10:43:00+02:00;1677175_G;89;16;73;freeFlow;2
2025-07-02T10:43:00+02:00;1677180_D;31;1;55;freeFlow;1
2025-07-02T10:43:00+02:00;1677180_G;89;1;60;freeFlow;1
2025-07-02T10:43:00+02:00;1677184_D;33;21;55;freeFlow;1
2025-07-02T10:43:00+02:00;1677184_G;89;8;60;freeFlow;1
2025-07-02T10:43:00+02:00;1677551_D;4;13;12;congested;1
2025-07-02T10:43:00+02:00;1677551_G;30;2;0;unknown;0
2025-07-02T10:43:00+02:00;1677568_D;32;46;65;heavy;2
2025-07-02T10:43:00+02:00;1677568_G;50;30;0;unknown;0
2025-07-02T10:43:00+02:00;1677569;35;3;20;heavy;1
2025-07-02T10:43:00+02:00;1677687;38;1;40;freeFlow;1
2025-07-02T10:43:00+02:00;1677691;38;1;40;freeFlow;1
2025-07-02T10:43:00+02:00;1677693;38;2;40;freeFlow;1
2025-07-02T10:43:00+02:00;1677695_D;50;14;0;unknown;0
2025-07-02T10:43:00+02:00;1677695_G;46;14;60;freeFlow;1
2025-07-02T10:43:00+02:00;1677709_D;50;3;0;unknown;0
2025-07-02T10:43:00+02:00;1677709_G;46;4;60;freeFlow;1
2025-07-02T10:43:00+02:00;1677716_D;50;3;0;unknown;0
2025-07-02T10:43:00+02:00;1677716_G;46;3;60;freeFlow;1
2025-07-02T10:43:00+02:00;1677730_D;19;57;74;heavy;2
2025-07-02T10:43:00+02:00;1677730_G;40;27;0;unknown;0
2025-07-02T10:43:00+02:00;1677735_D;50;1;0;unknown;0
2025-07-02T10:43:00+02:00;1677735_G;42;1;60;freeFlow;1
2025-07-02T10:43:00+02:00;1677745_D;41;2;60;freeFlow;1
2025-07-02T10:43:00+02:00;1677745_G;50;1;0;unknown;0
2025-07-02T10:43:00+02:00;1677785_D;39;7;60;freeFlow;1
2025-07-02T10:43:00+02:00;1677785_G;30;9;0;unknown;0
2025-07-02T10:43:00+02:00;1677801_D;45;7;60;freeFlow;1
2025-07-02T10:43:00+02:00;1677801_G;50;6;0;unknown;0
2025-07-02T10:43:00+02:00;1677808_D;41;16;60;freeFlow;1
2025-07-02T10:43:00+02:00;1677808_G;50;13;0;unknown;0
2025-07-02T10:43:00+02:00;16783;21;5;45;heavy;1
2025-07-02T10:43:00+02:00;16784;24;4;45;heavy;1
2025-07-02T10:43:00+02:00;16785;20;4;45;heavy;1
2025-07-02T10:43:00+02:00;1678542;69;30;100;freeFlow;3
2025-07-02T10:43:00+02:00;1678698_D;16;49;68;heavy;2
2025-07-02T10:43:00+02:00;1678698_G;60;13;38;freeFlow;1
2025-07-02T10:43:00+02:00;1678750;38;2;40;freeFlow;1
2025-07-02T10:43:00+02:00;1678763_D;50;4;0;unknown;0
2025-07-02T10:43:00+02:00;1678763_G;50;4;0;unknown;0
2025-07-02T10:43:00+02:00;1679092_D;35;6;57;heavy;2
2025-07-02T10:43:00+02:00;1679092_G;20;11;100;heavy;3
2025-07-02T10:43:00+02:00;1679681;42;19;100;heavy;3
2025-07-02T10:43:00+02:00;1679779;32;10;100;heavy;5
2025-07-02T10:43:00+02:00;1679795_D;34;2;40;heavy;1
2025-07-02T10:43:00+02:00;1679822;46;2;75;freeFlow;2
2025-07-02T10:43:00+02:00;1679825;39;2;75;freeFlow;2
2025-07-02T10:43:00+02:00;1679841;12;85;98;congested;3
2025-07-02T10:43:00+02:00;1679843;33;1;75;heavy;2
2025-07-02T10:43:00+02:00;1679845;20;2;60;heavy;1
2025-07-02T10:43:00+02:00;1679847;37;1;75;freeFlow;2
2025-07-02T10:43:00+02:00;1679859_D;49;10;75;freeFlow;2
2025-07-02T10:43:00+02:00;1679859_G;50;9;35;freeFlow;1
2025-07-02T10:43:00+02:00;1680014;95;5;100;freeFlow;9
2025-07-02T10:43:00+02:00;1680016;81;15;100;freeFlow;11
2025-07-02T10:43:00+02:00;1680022;81;6;100;freeFlow;10
2025-07-02T10:43:00+02:00;1680024;98;8;100;freeFlow;9
2025-07-02T10:43:00+02:00;1680116;49;3;100;heavy;3
2025-07-02T10:43:00+02:00;1680119;38;5;100;heavy;3
2025-07-02T10:43:00+02:00;1680121;65;2;75;freeFlow;2
2025-07-02T10:43:00+02:00;1680122_D;39;48;100;heavy;3
2025-07-02T10:43:00+02:00;1680122_G;51;37;43;heavy;2
2025-07-02T10:43:00+02:00;1680123;55;3;48;heavy;1
2025-07-02T10:43:00+02:00;1680337;11;20;60;congested;1
2025-07-02T10:43:00+02:00;1680401_D;81;15;52;freeFlow;1
2025-07-02T10:43:00+02:00;1680401_G;70;18;0;unknown;0
2025-07-02T10:43:00+02:00;1680514_D;51;8;32;freeFlow;1
2025-07-02T10:43:00+02:00;1680514_G;37;12;60;freeFlow;1
2025-07-02T10:43:00+02:00;1680539;52;1;100;heavy;4
2025-07-02T10:43:00+02:00;1680541_D;23;18;60;freeFlow;1
2025-07-02T10:43:00+02:00;1680541_G;18;22;48;heavy;1
2025-07-02T10:43:00+02:00;1680549_D;51;12;32;freeFlow;1
2025-07-02T10:43:00+02:00;1680549_G;26;24;60;heavy;1
2025-07-02T10:43:00+02:00;1680551_D;18;2;48;heavy;1
2025-07-02T10:43:00+02:00;1680551_G;23;2;60;freeFlow;1
2025-07-02T10:43:00+02:00;1680557_D;23;1;60;heavy;1
2025-07-02T10:43:00+02:00;1680557_G;50;1;0;unknown;0
2025-07-02T10:43:00+02:00;1680561_D;51;1;32;freeFlow;1
2025-07-02T10:43:00+02:00;1680561_G;37;1;60;freeFlow;1
2025-07-02T10:43:00+02:00;1680567;31;3;75;heavy;2
2025-07-02T10:43:00+02:00;1680569;25;6;63;heavy;2
2025-07-02T10:43:00+02:00;1680573;35;2;60;heavy;1
2025-07-02T10:43:00+02:00;1680574;39;3;72;freeFlow;2
2025-07-02T10:43:00+02:00;1680575;22;14;62;heavy;2
2025-07-02T10:43:00+02:00;1680576;23;4;60;heavy;1
2025-07-02T10:43:00+02:00;16821_D;78;85;71;freeFlow;2
2025-07-02T10:43:00+02:00;16821_G;56;117;72;freeFlow;2
2025-07-02T10:43:00+02:00;16830_D;50;16;0;unknown;0
2025-07-02T10:43:00+02:00;16830_G;53;15;38;freeFlow;1
2025-07-02T10:43:00+02:00;16831_D;50;2;0;unknown;0
2025-07-02T10:43:00+02:00;16831_G;53;2;38;freeFlow;1
2025-07-02T10:43:00+02:00;16832;50;3;0;unknown;0
2025-07-02T10:43:00+02:00;16834;56;13;38;freeFlow;1
2025-07-02T10:43:00+02:00;16850_D;50;1;0;unknown;0
2025-07-02T10:43:00+02:00;16850_G;42;1;60;freeFlow;1
2025-07-02T10:43:00+02:00;16851_D;50;3;0;unknown;0
2025-07-02T10:43:00+02:00;16851_G;50;2;0;unknown;0
2025-07-02T10:43:00+02:00;16852_D;50;5;0;unknown;0
2025-07-02T10:43:00+02:00;16852_G;50;5;0;unknown;0
2025-07-02T10:43:00+02:00;16853_D;50;7;0;unknown;0
2025-07-02T10:43:00+02:00;16853_G;50;7;0;unknown;0
2025-07-02T10:43:00+02:00;16854_D;50;4;0;unknown;0
2025-07-02T10:43:00+02:00;16854_G;50;4;0;unknown;0
2025-07-02T10:43:00+02:00;16855_D;50;4;0;unknown;0
2025-07-02T10:43:00+02:00;16855_G;50;4;0;unknown;0
2025-07-02T10:43:00+02:00;16856_D;36;10;0;unknown;0
2025-07-02T10:43:00+02:00;16856_G;50;7;0;unknown;0
2025-07-02T10:43:00+02:00;16858_D;2;601;12;congested;1
2025-07-02T10:43:00+02:00;16858_G;23;64;40;heavy;1
2025-07-02T10:43:00+02:00;16859_D;50;3;0;unknown;0
2025-07-02T10:43:00+02:00;16859_G;53;3;38;freeFlow;1
2025-07-02T10:43:00+02:00;16860_D;50;7;0;unknown;0
2025-07-02T10:43:00+02:00;16860_G;53;7;38;freeFlow;1
2025-07-02T10:43:00+02:00;1690_D;20;13;22;heavy;1
2025-07-02T10:43:00+02:00;1690_G;37;7;30;freeFlow;1
2025-07-02T10:43:00+02:00;16910_D;50;6;0;unknown;0
2025-07-02T10:43:00+02:00;16910_G;50;6;0;unknown;0
2025-07-02T10:43:00+02:00;16967;44;12;100;heavy;5
2025-07-02T10:43:00+02:00;16969;19;2;100;congested;5
2025-07-02T10:43:00+02:00;16986;52;13;100;freeFlow;6
2025-07-02T10:43:00+02:00;16988;53;14;100;freeFlow;6
2025-07-02T10:43:00+02:00;16989;58;8;100;freeFlow;8
2025-07-02T10:43:00+02:00;16990;57;8;100;freeFlow;4
2025-07-02T10:43:00+02:00;16992;38;36;100;heavy;6
2025-07-02T10:43:00+02:00;16994;45;25;100;heavy;6
2025-07-02T10:43:00+02:00;17;38;5;100;heavy;4
2025-07-02T10:43:00+02:00;1721;32;4;60;heavy;2
2025-07-02T10:43:00+02:00;1722;29;5;30;heavy;1
2025-07-02T10:43:00+02:00;1723;23;6;22;heavy;1
2025-07-02T10:43:00+02:00;1724_D;46;11;20;heavy;1
2025-07-02T10:43:00+02:00;1724_G;11;49;60;congested;1
2025-07-02T10:43:00+02:00;1732_D;36;2;42;freeFlow;1
2025-07-02T10:43:00+02:00;1732_G;32;2;25;heavy;1
2025-07-02T10:43:00+02:00;1733_D;26;2;42;heavy;1
2025-07-02T10:43:00+02:00;1733_G;23;2;25;heavy;1
2025-07-02T10:43:00+02:00;1734_D;15;24;59;heavy;2
2025-07-02T10:43:00+02:00;1734_G;26;14;22;heavy;1
2025-07-02T10:43:00+02:00;18337;45;2;42;freeFlow;1
2025-07-02T10:43:00+02:00;18391_D;90;3;75;freeFlow;2
2025-07-02T10:43:00+02:00;18391_G;78;3;55;freeFlow;1
2025-07-02T10:43:00+02:00;1853;85;28;100;freeFlow;10
2025-07-02T10:43:00+02:00;1855;94;5;100;freeFlow;8
2025-07-02T10:43:00+02:00;1856;91;9;100;freeFlow;8
2025-07-02T10:43:00+02:00;19040;56;2;75;freeFlow;2
2025-07-02T10:43:00+02:00;1910886;26;9;58;heavy;2
2025-07-02T10:43:00+02:00;1911185_D;88;13;0;unknown;0
2025-07-02T10:43:00+02:00;1911185_G;59;20;60;freeFlow;1
2025-07-02T10:43:00+02:00;1911398_D;30;2;0;unknown;0
2025-07-02T10:43:00+02:00;1911398_G;30;1;0;unknown;0
2025-07-02T10:43:00+02:00;1911404_D;30;3;0;unknown;0
2025-07-02T10:43:00+02:00;1911404_G;36;3;50;freeFlow;1
2025-07-02T10:43:00+02:00;1911418;37;7;100;freeFlow;3
2025-07-02T10:43:00+02:00;1911420;31;3;100;heavy;5
2025-07-02T10:43:00+02:00;1911448_D;62;31;60;freeFlow;1
2025-07-02T10:43:00+02:00;1911448_G;88;22;0;unknown;0
2025-07-02T10:43:00+02:00;1911623_D;30;6;0;unknown;0
2025-07-02T10:43:00+02:00;1911623_G;23;8;50;freeFlow;1
2025-07-02T10:43:00+02:00;19628;38;7;60;heavy;1
2025-07-02T10:43:00+02:00;19629;90;1;0;unknown;0
2025-07-02T10:43:00+02:00;19630;35;6;100;heavy;3
2025-07-02T10:43:00+02:00;19631;39;2;25;heavy;1
2025-07-02T10:43:00+02:00;19632;46;2;60;heavy;1
2025-07-02T10:43:00+02:00;19633;26;6;100;heavy;4
2025-07-02T10:43:00+02:00;19634;31;3;60;heavy;1
2025-07-02T10:43:00+02:00;19635;32;4;100;heavy;5
2025-07-02T10:43:00+02:00;19636;35;4;100;heavy;5
2025-07-02T10:43:00+02:00;19637;34;2;35;heavy;1
2025-07-02T10:43:00+02:00;19638;35;4;100;heavy;4
2025-07-02T10:43:00+02:00;19639;30;5;100;heavy;3
2025-07-02T10:43:00+02:00;19640;29;5;100;heavy;3
2025-07-02T10:43:00+02:00;19642;30;4;100;heavy;6
2025-07-02T10:43:00+02:00;19643;43;1;100;heavy;6
2025-07-02T10:43:00+02:00;19644;31;3;96;heavy;4
2025-07-02T10:43:00+02:00;19683;112;18;100;freeFlow;3
2025-07-02T10:43:00+02:00;19684;114;41;75;freeFlow;2
2025-07-02T10:43:00+02:00;19685;93;56;100;freeFlow;14
2025-07-02T10:43:00+02:00;19686;92;18;100;freeFlow;12
2025-07-02T10:43:00+02:00;198;79;58;100;freeFlow;4
2025-07-02T10:43:00+02:00;19825_D;54;59;100;heavy;7
2025-07-02T10:43:00+02:00;19825_G;47;69;60;heavy;2
2025-07-02T10:43:00+02:00;19828;42;3;55;freeFlow;1
2025-07-02T10:43:00+02:00;19830;24;4;40;heavy;1
2025-07-02T10:43:00+02:00;19832;25;6;98;heavy;7
2025-07-02T10:43:00+02:00;19833;25;4;100;heavy;6
2025-07-02T10:43:00+02:00;19841_D;63;23;100;freeFlow;5
2025-07-02T10:43:00+02:00;19841_G;96;15;52;freeFlow;1
2025-07-02T10:43:00+02:00;19842_D;64;6;100;freeFlow;3
2025-07-02T10:43:00+02:00;19842_G;87;4;52;freeFlow;1
2025-07-02T10:43:00+02:00;20525;37;5;100;heavy;3
2025-07-02T10:43:00+02:00;20526;46;3;100;heavy;3
2025-07-02T10:43:00+02:00;20527;38;5;64;heavy;2
2025-07-02T10:43:00+02:00;20528;26;5;80;heavy;3
2025-07-02T10:43:00+02:00;20590_D;63;130;100;freeFlow;3
2025-07-02T10:43:00+02:00;20590_G;81;100;60;freeFlow;1
2025-07-02T10:43:00+02:00;20760_D;59;25;75;freeFlow;2
2025-07-02T10:43:00+02:00;20760_G;70;22;60;freeFlow;1
2025-07-02T10:43:00+02:00;2216_D;72;42;68;freeFlow;2
2025-07-02T10:43:00+02:00;2216_G;104;29;27;freeFlow;1
2025-07-02T10:43:00+02:00;2218_D;75;29;75;freeFlow;2
2025-07-02T10:43:00+02:00;2218_G;104;21;27;freeFlow;1
2025-07-02T10:43:00+02:00;23984_D;32;2;75;heavy;2
2025-07-02T10:43:00+02:00;23984_G;52;1;100;heavy;4
2025-07-02T10:43:00+02:00;24143_D;50;8;75;heavy;2
2025-07-02T10:43:00+02:00;24143_G;23;17;100;congested;8
2025-07-02T10:43:00+02:00;24147_D;63;61;100;freeFlow;3
2025-07-02T10:43:00+02:00;24147_G;62;61;100;freeFlow;9
2025-07-02T10:43:00+02:00;24148;32;4;75;heavy;2
2025-07-02T10:43:00+02:00;24149;32;4;100;heavy;5
2025-07-02T10:43:00+02:00;24150;46;3;60;freeFlow;1
2025-07-02T10:43:00+02:00;24151;50;3;100;freeFlow;4
2025-07-02T10:43:00+02:00;24153_D;67;14;60;freeFlow;1
2025-07-02T10:43:00+02:00;24153_G;50;19;100;heavy;5
2025-07-02T10:43:00+02:00;24176;87;18;100;freeFlow;7
2025-07-02T10:43:00+02:00;24178;91;12;100;freeFlow;4
2025-07-02T10:43:00+02:00;24179;79;25;100;freeFlow;7
2025-07-02T10:43:00+02:00;24181_D;50;3;100;freeFlow;8
2025-07-02T10:43:00+02:00;24181_G;40;4;75;freeFlow;2
2025-07-02T10:43:00+02:00;24182;88;13;100;freeFlow;4
2025-07-02T10:43:00+02:00;24184_D;45;13;100;freeFlow;7
2025-07-02T10:43:00+02:00;24184_G;55;11;100;freeFlow;3
2025-07-02T10:43:00+02:00;24259;23;6;100;heavy;8
2025-07-02T10:43:00+02:00;24260;42;4;75;freeFlow;2
2025-07-02T10:43:00+02:00;24261;49;3;75;freeFlow;2
2025-07-02T10:43:00+02:00;24262;33;5;100;heavy;8
2025-07-02T10:43:00+02:00;24264_D;13;4;100;congested;8
2025-07-02T10:43:00+02:00;24264_G;49;1;75;heavy;2
2025-07-02T10:43:00+02:00;24265_D;36;2;100;freeFlow;7
2025-07-02T10:43:00+02:00;24265_G;42;1;75;freeFlow;2
2025-07-02T10:43:00+02:00;24274_D;37;13;75;freeFlow;2
2025-07-02T10:43:00+02:00;24274_G;46;11;100;freeFlow;8
2025-07-02T10:43:00+02:00;25687_D;30;7;0;unknown;0
2025-07-02T10:43:00+02:00;25687_G;30;7;0;unknown;0
2025-07-02T10:43:00+02:00;25929_D;80;10;0;unknown;0
2025-07-02T10:43:00+02:00;25929_G;80;11;0;unknown;0
2025-07-02T10:43:00+02:00;25930;31;5;60;heavy;2
2025-07-02T10:43:00+02:00;25931;26;8;99;heavy;3
2025-07-02T10:43:00+02:00;25932;40;4;100;heavy;3
2025-07-02T10:43:00+02:00;25933;34;4;100;heavy;3
2025-07-02T10:43:00+02:00;25934_D;80;3;0;unknown;0
2025-07-02T10:43:00+02:00;25934_G;80;3;0;unknown;0
2025-07-02T10:43:00+02:00;25944_D;51;6;100;heavy;3
2025-07-02T10:43:00+02:00;25944_G;37;8;45;heavy;1
2025-07-02T10:43:00+02:00;25946_D;67;12;68;freeFlow;2
2025-07-02T10:43:00+02:00;25946_G;58;14;100;freeFlow;3
2025-07-02T10:43:00+02:00;25947_D;53;36;55;heavy;1
2025-07-02T10:43:00+02:00;25947_G;54;35;75;heavy;2
2025-07-02T10:43:00+02:00;25988_D;30;10;0;unknown;0
2025-07-02T10:43:00+02:00;25988_G;30;10;0;unknown;0
2025-07-02T10:43:00+02:00;25989;50;2;0;unknown;0
2025-07-02T10:43:00+02:00;25990;50;2;0;unknown;0
2025-07-02T10:43:00+02:00;25991;50;2;0;unknown;0
2025-07-02T10:43:00+02:00;25992;50;2;0;unknown;0
2025-07-02T10:43:00+02:00;25993_D;30;3;0;unknown;0
2025-07-02T10:43:00+02:00;25993_G;30;3;0;unknown;0
2025-07-02T10:43:00+02:00;25994_D;50;4;0;unknown;0
2025-07-02T10:43:00+02:00;25994_G;50;4;0;unknown;0
2025-07-02T10:43:00+02:00;25995_D;50;1;0;unknown;0
2025-07-02T10:43:00+02:00;25995_G;50;1;0;unknown;0
2025-07-02T10:43:00+02:00;25996_D;50;5;0;unknown;0
2025-07-02T10:43:00+02:00;25996_G;50;4;0;unknown;0
2025-07-02T10:43:00+02:00;25997_D;50;1;0;unknown;0
2025-07-02T10:43:00+02:00;25997_G;50;1;0;unknown;0
2025-07-02T10:43:00+02:00;25998_D;50;11;0;unknown;0
2025-07-02T10:43:00+02:00;25998_G;50;11;0;unknown;0
2025-07-02T10:43:00+02:00;25999_D;50;8;0;unknown;0
2025-07-02T10:43:00+02:00;25999_G;50;8;0;unknown;0
2025-07-02T10:43:00+02:00;26000_D;80;5;0;unknown;0
2025-07-02T10:43:00+02:00;26000_G;80;5;0;unknown;0
2025-07-02T10:43:00+02:00;26001_D;80;1;0;unknown;0
2025-07-02T10:43:00+02:00;26001_G;80;1;0;unknown;0
2025-07-02T10:43:00+02:00;26002_D;80;5;0;unknown;0
2025-07-02T10:43:00+02:00;26002_G;80;5;0;unknown;0
2025-07-02T10:43:00+02:00;26023;68;3;60;freeFlow;1
2025-07-02T10:43:00+02:00;26024;92;50;100;freeFlow;8
2025-07-02T10:43:00+02:00;26025;91;71;100;freeFlow;5
2025-07-02T10:43:00+02:00;26041;13;25;100;congested;5
2025-07-02T10:43:00+02:00;26043;43;10;100;freeFlow;5
2025-07-02T10:43:00+02:00;26044;35;12;100;freeFlow;3
2025-07-02T10:43:00+02:00;26046;36;26;100;freeFlow;6
2025-07-02T10:43:00+02:00;26047;26;3;75;heavy;2
2025-07-02T10:43:00+02:00;26048;59;36;100;freeFlow;3
2025-07-02T10:43:00+02:00;26049;58;25;100;freeFlow;8
2025-07-02T10:43:00+02:00;26050;14;25;100;congested;8
2025-07-02T10:43:00+02:00;26101_D;30;16;0;unknown;0
2025-07-02T10:43:00+02:00;26101_G;30;16;0;unknown;0
2025-07-02T10:43:00+02:00;26371_D;30;9;0;unknown;0
2025-07-02T10:43:00+02:00;26371_G;30;9;0;unknown;0
2025-07-02T10:43:00+02:00;26389_D;81;10;52;freeFlow;1
2025-07-02T10:43:00+02:00;26389_G;70;11;0;unknown;0
2025-07-02T10:43:00+02:00;26392_D;30;15;0;unknown;0
2025-07-02T10:43:00+02:00;26392_G;30;14;0;unknown;0
2025-07-02T10:43:00+02:00;26393;48;1;0;unknown;0
2025-07-02T10:43:00+02:00;26394;48;1;0;unknown;0
2025-07-02T10:43:00+02:00;26395;50;2;0;unknown;0
2025-07-02T10:43:00+02:00;26396;50;1;0;unknown;0
2025-07-02T10:43:00+02:00;26397_D;50;4;0;unknown;0
2025-07-02T10:43:00+02:00;26397_G;48;4;0;unknown;0
2025-07-02T10:43:00+02:00;26402_D;16;17;0;unknown;0
2025-07-02T10:43:00+02:00;26402_G;30;9;0;unknown;0
2025-07-02T10:43:00+02:00;26403_D;59;2;60;freeFlow;1
2025-07-02T10:43:00+02:00;26403_G;30;4;0;unknown;0
2025-07-02T10:43:00+02:00;26404_D;30;3;0;unknown;0
2025-07-02T10:43:00+02:00;26404_G;30;3;0;unknown;0
2025-07-02T10:43:00+02:00;26405_D;16;3;0;unknown;0
2025-07-02T10:43:00+02:00;26405_G;30;2;0;unknown;0
2025-07-02T10:43:00+02:00;26409_D;74;11;52;freeFlow;1
2025-07-02T10:43:00+02:00;26409_G;70;11;0;unknown;0
2025-07-02T10:43:00+02:00;26420_D;70;4;0;unknown;0
2025-07-02T10:43:00+02:00;26420_G;62;4;55;freeFlow;1
2025-07-02T10:43:00+02:00;26422_D;70;11;0;unknown;0
2025-07-02T10:43:00+02:00;26422_G;65;11;55;freeFlow;1
2025-07-02T10:43:00+02:00;26423_D;70;7;0;unknown;0
2025-07-02T10:43:00+02:00;26423_G;74;6;52;freeFlow;1
2025-07-02T10:43:00+02:00;26495_D;50;7;0;unknown;0
2025-07-02T10:43:00+02:00;26495_G;50;7;0;unknown;0
2025-07-02T10:43:00+02:00;26497_D;30;16;0;unknown;0
2025-07-02T10:43:00+02:00;26497_G;30;16;0;unknown;0
2025-07-02T10:43:00+02:00;26501;102;22;100;freeFlow;13
2025-07-02T10:43:00+02:00;26573;112;12;100;freeFlow;3
2025-07-02T10:43:00+02:00;26603_D;16;3;0;unknown;0
2025-07-02T10:43:00+02:00;26603_G;30;2;0;unknown;0
2025-07-02T10:43:00+02:00;26611_D;30;4;0;unknown;0
2025-07-02T10:43:00+02:00;26611_G;30;4;0;unknown;0
2025-07-02T10:43:00+02:00;26619;23;3;70;heavy;2
2025-07-02T10:43:00+02:00;26654;13;38;100;congested;3
2025-07-02T10:43:00+02:00;26656;45;11;100;freeFlow;8
2025-07-02T10:43:00+02:00;26897_D;30;15;0;unknown;0
2025-07-02T10:43:00+02:00;26897_G;30;15;0;unknown;0
2025-07-02T10:43:00+02:00;27837_D;76;4;75;freeFlow;2
2025-07-02T10:43:00+02:00;27837_G;104;3;27;freeFlow;1
2025-07-02T10:43:00+02:00;28032;85;2;60;freeFlow;1
2025-07-02T10:43:00+02:00;28033;42;4;75;heavy;2
2025-07-02T10:43:00+02:00;282910_D;38;5;60;freeFlow;1
2025-07-02T10:43:00+02:00;282910_G;42;3;35;freeFlow;1
2025-07-02T10:43:00+02:00;28642_D;66;7;60;freeFlow;1
2025-07-02T10:43:00+02:00;28642_G;107;4;60;freeFlow;1
2025-07-02T10:43:00+02:00;28645_D;66;2;60;freeFlow;1
2025-07-02T10:43:00+02:00;28645_G;107;1;60;freeFlow;1
2025-07-02T10:43:00+02:00;28646_D;77;40;60;freeFlow;1
2025-07-02T10:43:00+02:00;28646_G;89;35;75;freeFlow;2
2025-07-02T10:43:00+02:00;28648_D;78;17;75;freeFlow;2
2025-07-02T10:43:00+02:00;28648_G;107;12;60;freeFlow;1
2025-07-02T10:43:00+02:00;28649_D;83;11;75;freeFlow;2
2025-07-02T10:43:00+02:00;28649_G;107;8;60;freeFlow;1
2025-07-02T10:43:00+02:00;28650_D;78;13;75;freeFlow;2
2025-07-02T10:43:00+02:00;28650_G;107;9;60;freeFlow;1
2025-07-02T10:43:00+02:00;28660_D;74;9;75;freeFlow;2
2025-07-02T10:43:00+02:00;28660_G;97;7;73;freeFlow;2
2025-07-02T10:43:00+02:00;28665_D;76;18;60;freeFlow;1
2025-07-02T10:43:00+02:00;28665_G;107;13;60;freeFlow;1
2025-07-02T10:43:00+02:00;28666_D;70;9;60;freeFlow;1
2025-07-02T10:43:00+02:00;28666_G;107;6;60;freeFlow;1
2025-07-02T10:43:00+02:00;28669_D;70;5;0;unknown;0
2025-07-02T10:43:00+02:00;28669_G;70;5;0;unknown;0
2025-07-02T10:43:00+02:00;28675_D;70;6;0;unknown;0
2025-07-02T10:43:00+02:00;28675_G;70;6;0;unknown;0
2025-07-02T10:43:00+02:00;28676_D;70;3;0;unknown;0
2025-07-02T10:43:00+02:00;28676_G;70;3;0;unknown;0
2025-07-02T10:43:00+02:00;28677_D;70;16;0;unknown;0
2025-07-02T10:43:00+02:00;28677_G;70;16;0;unknown;0
2025-07-02T10:43:00+02:00;28693_D;77;12;60;freeFlow;1
2025-07-02T10:43:00+02:00;28693_G;82;11;48;freeFlow;1
2025-07-02T10:43:00+02:00;28854;25;6;60;heavy;1
2025-07-02T10:43:00+02:00;28855;45;3;45;freeFlow;1
2025-07-02T10:43:00+02:00;28865_D;78;25;48;freeFlow;1
2025-07-02T10:43:00+02:00;28865_G;79;25;60;freeFlow;1
2025-07-02T10:43:00+02:00;28866_D;49;14;68;heavy;2
2025-07-02T10:43:00+02:00;28866_G;18;40;60;congested;1
2025-07-02T10:43:00+02:00;28867;40;2;97;freeFlow;3
2025-07-02T10:43:00+02:00;28868;38;3;75;freeFlow;2
2025-07-02T10:43:00+02:00;29;76;19;100;freeFlow;4
2025-07-02T10:43:00+02:00;30;86;6;100;freeFlow;4
2025-07-02T10:43:00+02:00;30020_D;58;37;60;freeFlow;1
2025-07-02T10:43:00+02:00;30020_G;107;20;60;freeFlow;1
2025-07-02T10:43:00+02:00;30022;81;3;100;freeFlow;11
2025-07-02T10:43:00+02:00;30023;89;57;100;freeFlow;12
2025-07-02T10:43:00+02:00;30118;30;3;100;heavy;8
2025-07-02T10:43:00+02:00;30351_D;50;1;0;unknown;0
2025-07-02T10:43:00+02:00;30351_G;50;1;0;unknown;0
2025-07-02T10:43:00+02:00;30355_D;50;10;0;unknown;0
2025-07-02T10:43:00+02:00;30355_G;82;6;60;freeFlow;1
2025-07-02T10:43:00+02:00;30359_D;80;8;0;unknown;0
2025-07-02T10:43:00+02:00;30359_G;82;8;60;freeFlow;1
2025-07-02T10:43:00+02:00;30405;50;2;0;unknown;0
2025-07-02T10:43:00+02:00;30406;50;4;0;unknown;0
2025-07-02T10:43:00+02:00;30407;50;2;0;unknown;0
2025-07-02T10:43:00+02:00;30408;50;1;0;unknown;0
2025-07-02T10:43:00+02:00;30409;50;2;0;unknown;0
2025-07-02T10:43:00+02:00;30410_D;50;1;0;unknown;0
2025-07-02T10:43:00+02:00;30410_G;50;1;0;unknown;0
2025-07-02T10:43:00+02:00;30411_D;50;6;0;unknown;0
2025-07-02T10:43:00+02:00;30411_G;50;6;0;unknown;0
2025-07-02T10:43:00+02:00;30414_D;50;7;0;unknown;0
2025-07-02T10:43:00+02:00;30414_G;50;8;0;unknown;0
2025-07-02T10:43:00+02:00;30416_D;50;10;0;unknown;0
2025-07-02T10:43:00+02:00;30416_G;50;10;0;unknown;0
2025-07-02T10:43:00+02:00;30499_D;43;7;35;freeFlow;1
2025-07-02T10:43:00+02:00;30499_G;30;10;0;unknown;0
2025-07-02T10:43:00+02:00;30501_D;30;9;48;freeFlow;2
2025-07-02T10:43:00+02:00;30501_G;30;9;0;unknown;0
2025-07-02T10:43:00+02:00;30502_D;30;2;48;freeFlow;2
2025-07-02T10:43:00+02:00;30502_G;30;2;0;unknown;0
2025-07-02T10:43:00+02:00;30504_D;30;1;0;unknown;0
2025-07-02T10:43:00+02:00;30504_G;30;1;0;unknown;0
2025-07-02T10:43:00+02:00;30508;25;5;60;freeFlow;1
2025-07-02T10:43:00+02:00;30521_D;50;8;0;unknown;0
2025-07-02T10:43:00+02:00;30521_G;50;9;0;unknown;0
2025-07-02T10:43:00+02:00;30522_D;50;2;0;unknown;0
2025-07-02T10:43:00+02:00;30522_G;50;2;0;unknown;0
2025-07-02T10:43:00+02:00;30606_D;50;11;0;unknown;0
2025-07-02T10:43:00+02:00;30606_G;24;23;63;heavy;2
2025-07-02T10:43:00+02:00;30608_D;36;4;60;freeFlow;1
2025-07-02T10:43:00+02:00;30608_G;12;13;64;congested;2
2025-07-02T10:43:00+02:00;30611_D;50;8;0;unknown;0
2025-07-02T10:43:00+02:00;30611_G;16;25;38;heavy;1
2025-07-02T10:43:00+02:00;31;87;5;100;freeFlow;3
2025-07-02T10:43:00+02:00;31286;31;5;100;heavy;5
2025-07-02T10:43:00+02:00;31287;28;2;75;heavy;2
2025-07-02T10:43:00+02:00;31288;28;7;60;heavy;1
2025-07-02T10:43:00+02:00;31289;37;3;100;freeFlow;5
2025-07-02T10:43:00+02:00;31300_D;45;1;35;freeFlow;1
2025-07-02T10:43:00+02:00;31300_G;24;2;100;heavy;3
2025-07-02T10:43:00+02:00;31302_D;39;1;100;freeFlow;3
2025-07-02T10:43:00+02:00;31302_G;28;1;60;heavy;1
2025-07-02T10:43:00+02:00;31304_D;36;31;100;freeFlow;6
2025-07-02T10:43:00+02:00;31305_D;38;20;38;freeFlow;1
2025-07-02T10:43:00+02:00;31305_G;29;26;100;heavy;3
2025-07-02T10:43:00+02:00;31361_D;35;2;60;heavy;1
2025-07-02T10:43:00+02:00;31361_G;22;2;100;heavy;3
2025-07-02T10:43:00+02:00;31444_D;59;41;100;freeFlow;4
2025-07-02T10:43:00+02:00;31444_G;66;37;73;freeFlow;2
2025-07-02T10:43:00+02:00;31448;54;2;100;heavy;3
2025-07-02T10:43:00+02:00;31449;63;2;100;freeFlow;4
2025-07-02T10:43:00+02:00;31450;36;3;100;heavy;5
2025-07-02T10:43:00+02:00;31451;33;4;100;heavy;4
2025-07-02T10:43:00+02:00;31453_D;72;22;75;freeFlow;2
2025-07-02T10:43:00+02:00;31453_G;99;16;75;freeFlow;2
2025-07-02T10:43:00+02:00;31511;86;17;60;freeFlow;1
2025-07-02T10:43:00+02:00;31512;96;25;100;freeFlow;5
2025-07-02T10:43:00+02:00;31513;101;22;100;freeFlow;7
2025-07-02T10:43:00+02:00;31515;39;3;100;freeFlow;5
2025-07-02T10:43:00+02:00;31517;45;3;100;freeFlow;3
2025-07-02T10:43:00+02:00;31520;30;3;100;heavy;7
2025-07-02T10:43:00+02:00;31522;35;5;100;heavy;7
2025-07-02T10:43:00+02:00;31523_D;50;4;100;freeFlow;3
2025-07-02T10:43:00+02:00;31523_G;34;6;100;heavy;7
2025-07-02T10:43:00+02:00;31530_D;50;8;100;heavy;4
2025-07-02T10:43:00+02:00;31530_G;47;8;60;heavy;1
2025-07-02T10:43:00+02:00;31532_D;56;3;100;freeFlow;4
2025-07-02T10:43:00+02:00;31532_G;47;4;60;heavy;1
2025-07-02T10:43:00+02:00;31534;87;4;100;freeFlow;6
2025-07-02T10:43:00+02:00;31536;57;16;100;freeFlow;6
2025-07-02T10:43:00+02:00;31550;79;12;100;freeFlow;11
2025-07-02T10:43:00+02:00;31551;83;9;100;freeFlow;10
2025-07-02T10:43:00+02:00;31553;88;12;100;freeFlow;8
2025-07-02T10:43:00+02:00;31557;65;6;100;freeFlow;4
2025-07-02T10:43:00+02:00;31558_D;65;17;100;freeFlow;4
2025-07-02T10:43:00+02:00;31558_G;60;19;22;freeFlow;1
2025-07-02T10:43:00+02:00;31559;58;8;100;freeFlow;6
2025-07-02T10:43:00+02:00;31561;44;8;100;freeFlow;5
2025-07-02T10:43:00+02:00;31562;47;9;48;freeFlow;1
2025-07-02T10:43:00+02:00;31563;59;7;20;freeFlow;1
2025-07-02T10:43:00+02:00;31568;59;6;22;freeFlow;1
2025-07-02T10:43:00+02:00;31569;70;8;0;unknown;0
2025-07-02T10:43:00+02:00;31583_D;50;15;0;unknown;0
2025-07-02T10:43:00+02:00;31583_G;50;15;0;unknown;0
2025-07-02T10:43:00+02:00;31670_D;42;10;35;freeFlow;1
2025-07-02T10:43:00+02:00;31670_G;37;12;100;freeFlow;4
2025-07-02T10:43:00+02:00;31672_D;49;41;100;freeFlow;4
2025-07-02T10:43:00+02:00;31672_G;48;41;35;heavy;1
2025-07-02T10:43:00+02:00;31673;87;15;100;freeFlow;10
2025-07-02T10:43:00+02:00;31674;95;14;100;freeFlow;7
2025-07-02T10:43:00+02:00;31708_D;30;6;0;unknown;0
2025-07-02T10:43:00+02:00;31708_G;30;6;0;unknown;0
2025-07-02T10:43:00+02:00;31709_D;30;12;0;unknown;0
2025-07-02T10:43:00+02:00;31709_G;30;12;0;unknown;0
2025-07-02T10:43:00+02:00;31716_D;30;7;0;unknown;0
2025-07-02T10:43:00+02:00;31716_G;30;7;0;unknown;0
2025-07-02T10:43:00+02:00;31717_D;30;17;0;unknown;0
2025-07-02T10:43:00+02:00;31717_G;30;17;0;unknown;0
2025-07-02T10:43:00+02:00;31720_D;11;11;50;heavy;1
2025-07-02T10:43:00+02:00;31720_G;30;4;0;unknown;0
2025-07-02T10:43:00+02:00;31722_D;30;9;0;unknown;0
2025-07-02T10:43:00+02:00;31722_G;23;12;50;freeFlow;1
2025-07-02T10:43:00+02:00;31723;37;5;100;freeFlow;4
2025-07-02T10:43:00+02:00;31724;40;5;100;freeFlow;4
2025-07-02T10:43:00+02:00;31725;42;4;35;freeFlow;1
2025-07-02T10:43:00+02:00;31726;39;6;100;freeFlow;4
2025-07-02T10:43:00+02:00;31727_D;30;12;0;unknown;0
2025-07-02T10:43:00+02:00;31727_G;36;10;50;freeFlow;1
2025-07-02T10:43:00+02:00;31878;85;2;60;freeFlow;1
2025-07-02T10:43:00+02:00;31879;17;9;60;congested;1
2025-07-02T10:43:00+02:00;31880;88;3;100;freeFlow;13
2025-07-02T10:43:00+02:00;31881;58;5;55;freeFlow;1
2025-07-02T10:43:00+02:00;31882;41;4;99;heavy;5
2025-07-02T10:43:00+02:00;32;64;19;100;freeFlow;4
2025-07-02T10:43:00+02:00;32118;94;1;100;freeFlow;7
2025-07-02T10:43:00+02:00;32163_D;30;3;0;unknown;0
2025-07-02T10:43:00+02:00;32163_G;30;3;0;unknown;0
2025-07-02T10:43:00+02:00;32165_D;30;3;60;heavy;1
2025-07-02T10:43:00+02:00;32165_G;23;3;100;heavy;3
2025-07-02T10:43:00+02:00;32177_D;63;9;75;freeFlow;2
2025-07-02T10:43:00+02:00;32177_G;83;7;60;freeFlow;1
2025-07-02T10:43:00+02:00;32784_D;35;2;20;heavy;1
2025-07-02T10:43:00+02:00;32784_G;29;3;100;heavy;3
2025-07-02T10:43:00+02:00;32785;13;5;100;congested;4
2025-07-02T10:43:00+02:00;32786;21;4;75;heavy;2
2025-07-02T10:43:00+02:00;32788;24;3;35;heavy;1
2025-07-02T10:43:00+02:00;32790;23;2;100;heavy;3
2025-07-02T10:43:00+02:00;32791;35;3;60;heavy;1
2025-07-02T10:43:00+02:00;32794;27;2;100;heavy;3
2025-07-02T10:43:00+02:00;32796;24;3;100;heavy;4
2025-07-02T10:43:00+02:00;33;61;41;100;heavy;5
2025-07-02T10:43:00+02:00;34;93;29;100;freeFlow;4
2025-07-02T10:43:00+02:00;34744;89;37;100;freeFlow;10
2025-07-02T10:43:00+02:00;34745;97;33;100;freeFlow;5
2025-07-02T10:43:00+02:00;34757_D;38;2;38;freeFlow;1
2025-07-02T10:43:00+02:00;34757_G;50;2;0;unknown;0
2025-07-02T10:43:00+02:00;34758_D;35;23;60;heavy;1
2025-07-02T10:43:00+02:00;34758_G;50;16;0;unknown;0
2025-07-02T10:43:00+02:00;35;105;51;83;freeFlow;3
2025-07-02T10:43:00+02:00;35072;87;29;100;freeFlow;6
2025-07-02T10:43:00+02:00;35077;94;44;100;freeFlow;9
2025-07-02T10:43:00+02:00;35086;92;44;100;freeFlow;5
2025-07-02T10:43:00+02:00;35092;50;5;75;freeFlow;2
2025-07-02T10:43:00+02:00;35096;89;18;100;freeFlow;4
2025-07-02T10:43:00+02:00;35098;89;42;100;freeFlow;10
2025-07-02T10:43:00+02:00;35103;54;15;75;freeFlow;2
2025-07-02T10:43:00+02:00;35869_D;51;1;60;freeFlow;1
2025-07-02T10:43:00+02:00;35869_G;50;1;0;unknown;0
2025-07-02T10:43:00+02:00;35870_D;39;14;56;freeFlow;2
2025-07-02T10:43:00+02:00;35870_G;50;11;0;unknown;0
2025-07-02T10:43:00+02:00;35940;36;9;20;freeFlow;1
2025-07-02T10:43:00+02:00;35942;36;2;35;freeFlow;1
2025-07-02T10:43:00+02:00;35943;36;2;35;freeFlow;1
2025-07-02T10:43:00+02:00;35944;32;3;17;freeFlow;1
2025-07-02T10:43:00+02:00;35945;32;2;17;freeFlow;1
2025-07-02T10:43:00+02:00;35946_D;36;1;35;freeFlow;1
2025-07-02T10:43:00+02:00;35946_G;28;2;17;freeFlow;1
2025-07-02T10:43:00+02:00;35947;36;8;20;freeFlow;1
2025-07-02T10:43:00+02:00;35948;36;6;20;freeFlow;1
2025-07-02T10:43:00+02:00;35949;36;6;20;freeFlow;1
2025-07-02T10:43:00+02:00;35950;36;10;35;freeFlow;1
2025-07-02T10:43:00+02:00;35951;36;4;35;freeFlow;1
2025-07-02T10:43:00+02:00;35952;36;9;35;freeFlow;1
2025-07-02T10:43:00+02:00;35953;36;3;60;freeFlow;1
2025-07-02T10:43:00+02:00;35954;50;2;0;unknown;0
2025-07-02T10:43:00+02:00;35955;35;3;60;heavy;1
2025-07-02T10:43:00+02:00;35956;35;1;60;heavy;1
2025-07-02T10:43:00+02:00;35957_D;36;1;35;freeFlow;1
2025-07-02T10:43:00+02:00;35957_G;30;2;0;unknown;0
2025-07-02T10:43:00+02:00;35959_D;13;4;38;heavy;1
2025-07-02T10:43:00+02:00;35959_G;30;1;0;unknown;0
2025-07-02T10:43:00+02:00;35960;30;11;0;unknown;0
2025-07-02T10:43:00+02:00;35961;30;16;0;unknown;0
2025-07-02T10:43:00+02:00;35962;30;12;0;unknown;0
2025-07-02T10:43:00+02:00;35963;35;5;35;freeFlow;1
2025-07-02T10:43:00+02:00;35964;28;6;35;freeFlow;1
2025-07-02T10:43:00+02:00;35965;30;20;35;freeFlow;1
2025-07-02T10:43:00+02:00;35971;36;17;35;freeFlow;1
2025-07-02T10:43:00+02:00;35972;36;9;20;freeFlow;1
2025-07-02T10:43:00+02:00;35973;36;7;20;freeFlow;1
2025-07-02T10:43:00+02:00;35985_D;50;1;0;unknown;0
2025-07-02T10:43:00+02:00;35985_G;40;3;60;freeFlow;1
2025-07-02T10:43:00+02:00;35986_D;40;18;0;unknown;0
2025-07-02T10:43:00+02:00;35986_G;21;35;60;heavy;1
2025-07-02T10:43:00+02:00;35994_D;30;1;0;unknown;0
2025-07-02T10:43:00+02:00;35994_G;18;2;60;heavy;1
2025-07-02T10:43:00+02:00;35998;117;2;45;freeFlow;1
2025-07-02T10:43:00+02:00;35999;32;6;48;heavy;1
2025-07-02T10:43:00+02:00;36000;32;6;48;heavy;1
2025-07-02T10:43:00+02:00;36001;117;2;45;freeFlow;1
2025-07-02T10:43:00+02:00;36003_D;32;1;48;heavy;1
2025-07-02T10:43:00+02:00;36003_G;117;1;45;freeFlow;1
2025-07-02T10:43:00+02:00;36004_D;55;38;50;freeFlow;1
2025-07-02T10:43:00+02:00;36004_G;117;18;45;freeFlow;1
2025-07-02T10:43:00+02:00;36005;34;2;32;freeFlow;1
2025-07-02T10:43:00+02:00;36006;36;2;20;freeFlow;1
2025-07-02T10:43:00+02:00;36007;22;3;35;freeFlow;1
2025-07-02T10:43:00+02:00;36010_D;34;1;32;freeFlow;1
2025-07-02T10:43:00+02:00;36010_G;36;1;20;freeFlow;1
2025-07-02T10:43:00+02:00;36011;29;10;32;freeFlow;1
2025-07-02T10:43:00+02:00;36012_D;36;2;35;freeFlow;1
2025-07-02T10:43:00+02:00;36012_G;36;2;20;freeFlow;1
2025-07-02T10:43:00+02:00;37200_D;48;5;50;freeFlow;1
2025-07-02T10:43:00+02:00;37200_G;117;2;45;freeFlow;1
2025-07-02T10:43:00+02:00;37201;31;7;50;heavy;1
2025-07-02T10:43:00+02:00;37202;33;9;90;heavy;3
2025-07-02T10:43:00+02:00;37203;41;13;52;freeFlow;1
2025-07-02T10:43:00+02:00;37204_D;24;3;50;heavy;1
2025-07-02T10:43:00+02:00;37204_G;17;5;40;heavy;1
2025-07-02T10:43:00+02:00;37205_D;21;10;50;heavy;1
2025-07-02T10:43:00+02:00;37205_G;28;7;40;heavy;1
2025-07-02T10:43:00+02:00;37206_D;24;21;52;heavy;1
2025-07-02T10:43:00+02:00;37206_G;35;14;40;freeFlow;1
2025-07-02T10:43:00+02:00;37207;28;2;52;heavy;1
2025-07-02T10:43:00+02:00;37208;35;4;40;freeFlow;1
2025-07-02T10:43:00+02:00;37209;28;3;52;heavy;1
2025-07-02T10:43:00+02:00;37210_D;28;2;52;heavy;1
2025-07-02T10:43:00+02:00;37210_G;35;1;40;freeFlow;1
2025-07-02T10:43:00+02:00;37211_D;43;63;55;freeFlow;1
2025-07-02T10:43:00+02:00;37211_G;57;47;40;freeFlow;1
2025-07-02T10:43:00+02:00;37239;54;3;60;freeFlow;2
2025-07-02T10:43:00+02:00;37240;32;5;50;freeFlow;1
2025-07-02T10:43:00+02:00;37241;36;5;50;freeFlow;1
2025-07-02T10:43:00+02:00;37242;70;3;53;freeFlow;2
2025-07-02T10:43:00+02:00;37243_D;56;2;50;freeFlow;1
2025-07-02T10:43:00+02:00;37243_G;117;1;45;freeFlow;1
2025-07-02T10:43:00+02:00;37244_D;35;2;32;freeFlow;1
2025-07-02T10:43:00+02:00;37244_G;36;2;20;freeFlow;1
2025-07-02T10:43:00+02:00;37246_D;32;3;50;freeFlow;1
2025-07-02T10:43:00+02:00;37246_G;117;1;45;freeFlow;1
2025-07-02T10:43:00+02:00;37422_D;53;18;60;freeFlow;1
2025-07-02T10:43:00+02:00;37422_G;50;19;0;unknown;0
2025-07-02T10:43:00+02:00;37467_D;21;19;74;heavy;2
2025-07-02T10:43:00+02:00;37467_G;50;8;0;unknown;0
2025-07-02T10:43:00+02:00;37508_D;45;24;48;freeFlow;1
2025-07-02T10:43:00+02:00;37508_G;117;9;45;freeFlow;1
2025-07-02T10:43:00+02:00;37509_D;24;3;48;heavy;1
2025-07-02T10:43:00+02:00;37509_G;117;0;45;freeFlow;1
2025-07-02T10:43:00+02:00;37564_D;64;24;60;freeFlow;1
2025-07-02T10:43:00+02:00;37564_G;88;17;0;unknown;0
2025-07-02T10:43:00+02:00;37565_D;36;22;60;heavy;1
2025-07-02T10:43:00+02:00;37565_G;88;9;0;unknown;0
2025-07-02T10:43:00+02:00;37586_D;43;2;45;freeFlow;1
2025-07-02T10:43:00+02:00;37586_G;117;1;45;freeFlow;1
2025-07-02T10:43:00+02:00;37588_D;88;6;0;unknown;0
2025-07-02T10:43:00+02:00;37588_G;50;11;60;freeFlow;1
2025-07-02T10:43:00+02:00;37620_D;40;2;52;heavy;1
2025-07-02T10:43:00+02:00;37620_G;107;1;57;freeFlow;1
2025-07-02T10:43:00+02:00;37621;110;2;73;freeFlow;2
2025-07-02T10:43:00+02:00;37622;107;2;57;freeFlow;1
2025-07-02T10:43:00+02:00;37625_D;88;10;0;unknown;0
2025-07-02T10:43:00+02:00;37625_G;107;9;57;freeFlow;1
2025-07-02T10:43:00+02:00;37665_D;36;2;38;freeFlow;1
2025-07-02T10:43:00+02:00;37665_G;45;2;57;freeFlow;1
2025-07-02T10:43:00+02:00;37667;39;32;100;heavy;3
2025-07-02T10:43:00+02:00;37668;107;4;57;freeFlow;1
2025-07-02T10:43:00+02:00;37673;41;9;100;heavy;3
2025-07-02T10:43:00+02:00;37686_D;33;20;59;freeFlow;1
2025-07-02T10:43:00+02:00;37686_G;18;35;60;heavy;1
2025-07-02T10:43:00+02:00;37702_D;50;5;0;unknown;0
2025-07-02T10:43:00+02:00;37702_G;14;18;75;congested;2
2025-07-02T10:43:00+02:00;37706_D;40;1;75;freeFlow;2
2025-07-02T10:43:00+02:00;37706_G;50;1;0;unknown;0
2025-07-02T10:43:00+02:00;37707_D;36;2;38;freeFlow;1
2025-07-02T10:43:00+02:00;37707_G;34;2;57;heavy;1
2025-07-02T10:43:00+02:00;37708_D;35;26;75;freeFlow;2
2025-07-02T10:43:00+02:00;37708_G;44;21;57;freeFlow;1
2025-07-02T10:43:00+02:00;37712_D;35;5;75;freeFlow;2
2025-07-02T10:43:00+02:00;37712_G;44;4;57;freeFlow;1
2025-07-02T10:43:00+02:00;37724;26;6;100;heavy;3
2025-07-02T10:43:00+02:00;37725;28;2;100;heavy;3
2025-07-02T10:43:00+02:00;37726;15;7;100;heavy;3
2025-07-02T10:43:00+02:00;37727;41;3;60;freeFlow;1
2025-07-02T10:43:00+02:00;37728;50;2;0;unknown;0
2025-07-02T10:43:00+02:00;37729;65;87;71;freeFlow;4
2025-07-02T10:43:00+02:00;37730;34;4;75;heavy;2
2025-07-02T10:43:00+02:00;37732;69;53;60;freeFlow;1
2025-07-02T10:43:00+02:00;37737;95;43;100;freeFlow;4
2025-07-02T10:43:00+02:00;37738;38;2;100;heavy;3
2025-07-02T10:43:00+02:00;37739;38;4;100;heavy;4
2025-07-02T10:43:00+02:00;37740;45;3;100;heavy;4
2025-07-02T10:43:00+02:00;37741;46;1;100;heavy;4
2025-07-02T10:43:00+02:00;37742;44;3;60;heavy;1
2025-07-02T10:43:00+02:00;37743;42;3;60;heavy;1
2025-07-02T10:43:00+02:00;37744;36;5;100;heavy;4
2025-07-02T10:43:00+02:00;37745;35;2;100;heavy;3
2025-07-02T10:43:00+02:00;37749;90;43;100;freeFlow;10
2025-07-02T10:43:00+02:00;37750;99;27;100;freeFlow;5
2025-07-02T10:43:00+02:00;37751;52;19;100;freeFlow;4
2025-07-02T10:43:00+02:00;37752;70;9;60;freeFlow;1
2025-07-02T10:43:00+02:00;37753;88;30;100;freeFlow;10
2025-07-02T10:43:00+02:00;37784;88;1;0;unknown;0
2025-07-02T10:43:00+02:00;37785;88;1;0;unknown;0
2025-07-02T10:43:00+02:00;37786;43;2;60;freeFlow;1
2025-07-02T10:43:00+02:00;37787_D;88;17;0;unknown;0
2025-07-02T10:43:00+02:00;37787_G;51;29;60;freeFlow;1
2025-07-02T10:43:00+02:00;37818;96;48;92;freeFlow;4
2025-07-02T10:43:00+02:00;37819;94;59;100;freeFlow;8
2025-07-02T10:43:00+02:00;37822;93;9;100;freeFlow;5
2025-07-02T10:43:00+02:00;37826;42;1;60;freeFlow;1
2025-07-02T10:43:00+02:00;37827;34;1;75;heavy;2
2025-07-02T10:43:00+02:00;37941;84;58;100;freeFlow;9
2025-07-02T10:43:00+02:00;37947;88;8;100;freeFlow;10
2025-07-02T10:43:00+02:00;37948;96;72;100;freeFlow;9
2025-07-02T10:43:00+02:00;37949;89;77;100;freeFlow;11
2025-07-02T10:43:00+02:00;37950;98;7;100;freeFlow;5
2025-07-02T10:43:00+02:00;37970;90;15;100;freeFlow;4
2025-07-02T10:43:00+02:00;38;74;19;100;freeFlow;4
2025-07-02T10:43:00+02:00;38067;93;12;100;freeFlow;9
2025-07-02T10:43:00+02:00;38068;43;5;74;heavy;2
2025-07-02T10:43:00+02:00;38069;28;11;57;heavy;1
2025-07-02T10:43:00+02:00;38070;86;10;100;freeFlow;10
2025-07-02T10:43:00+02:00;38310;31;2;60;heavy;1
2025-07-02T10:43:00+02:00;38311;31;3;60;heavy;1
2025-07-02T10:43:00+02:00;38317;93;2;100;freeFlow;6
2025-07-02T10:43:00+02:00;38318;89;29;100;freeFlow;11
2025-07-02T10:43:00+02:00;38319;92;22;100;freeFlow;9
2025-07-02T10:43:00+02:00;38322;28;6;57;heavy;1
2025-07-02T10:43:00+02:00;38378_D;88;8;0;unknown;0
2025-07-02T10:43:00+02:00;38378_G;75;10;60;freeFlow;1
2025-07-02T10:43:00+02:00;38389_D;88;12;0;unknown;0
2025-07-02T10:43:00+02:00;38389_G;73;15;60;freeFlow;1
2025-07-02T10:43:00+02:00;39061;47;5;60;heavy;1
2025-07-02T10:43:00+02:00;39062;48;2;60;heavy;1
2025-07-02T10:43:00+02:00;39063;48;9;60;heavy;1
2025-07-02T10:43:00+02:00;39473;32;62;100;heavy;4
2025-07-02T10:43:00+02:00;39618;92;3;100;freeFlow;9
2025-07-02T10:43:00+02:00;39619;92;3;100;freeFlow;9
2025-07-02T10:43:00+02:00;39720_D;56;22;50;freeFlow;1
2025-07-02T10:43:00+02:00;39720_G;117;11;45;freeFlow;1
2025-07-02T10:43:00+02:00;39902_D;88;1;0;unknown;0
2025-07-02T10:43:00+02:00;39902_G;76;1;60;freeFlow;1
2025-07-02T10:43:00+02:00;39904_D;88;0;0;unknown;0
2025-07-02T10:43:00+02:00;39904_G;74;1;60;freeFlow;1
2025-07-02T10:43:00+02:00;39906_D;88;6;0;unknown;0
2025-07-02T10:43:00+02:00;39906_G;72;7;60;freeFlow;1
2025-07-02T10:43:00+02:00;40185_D;20;7;60;congested;1
2025-07-02T10:43:00+02:00;40185_G;118;0;32;freeFlow;1
2025-07-02T10:43:00+02:00;40201;19;1;22;heavy;1
2025-07-02T10:43:00+02:00;40202;20;4;22;heavy;1
2025-07-02T10:43:00+02:00;40203;24;3;45;heavy;1
2025-07-02T10:43:00+02:00;40212_D;76;2;60;freeFlow;1
2025-07-02T10:43:00+02:00;40212_G;78;1;48;freeFlow;1
2025-07-02T10:43:00+02:00;40213_D;63;1;60;freeFlow;1
2025-07-02T10:43:00+02:00;40213_G;107;0;60;freeFlow;1
2025-07-02T10:43:00+02:00;41631_D;15;15;75;heavy;2
2025-07-02T10:43:00+02:00;41631_G;22;9;60;freeFlow;1
2025-07-02T10:43:00+02:00;41632_D;24;6;12;freeFlow;1
2025-07-02T10:43:00+02:00;41632_G;22;6;40;freeFlow;1
2025-07-02T10:43:00+02:00;41652_D;30;8;48;heavy;1
2025-07-02T10:43:00+02:00;41683_D;43;24;27;heavy;1
2025-07-02T10:43:00+02:00;41683_G;27;40;55;heavy;1
2025-07-02T10:43:00+02:00;41709_D;42;11;27;freeFlow;1
2025-07-02T10:43:00+02:00;41709_G;35;13;38;freeFlow;1
2025-07-02T10:43:00+02:00;41712_D;42;5;27;freeFlow;1
2025-07-02T10:43:00+02:00;41712_G;31;7;38;freeFlow;1
2025-07-02T10:43:00+02:00;41713_D;44;3;57;freeFlow;1
2025-07-02T10:43:00+02:00;41713_G;15;8;60;heavy;1
2025-07-02T10:43:00+02:00;41729;26;3;100;heavy;3
2025-07-02T10:43:00+02:00;41730;24;2;60;heavy;1
2025-07-02T10:43:00+02:00;41731;30;2;60;heavy;1
2025-07-02T10:43:00+02:00;41753_D;32;6;60;freeFlow;1
2025-07-02T10:43:00+02:00;41753_G;31;6;60;freeFlow;1
2025-07-02T10:43:00+02:00;41764_D;27;2;12;freeFlow;1
2025-07-02T10:43:00+02:00;41764_G;35;1;40;freeFlow;1
2025-07-02T10:43:00+02:00;41781;27;2;100;heavy;3
2025-07-02T10:43:00+02:00;41782;22;4;100;heavy;3
2025-07-02T10:43:00+02:00;41783;26;3;100;heavy;5
2025-07-02T10:43:00+02:00;41784;20;3;100;heavy;6
2025-07-02T10:43:00+02:00;41809_D;18;14;60;heavy;1
2025-07-02T10:43:00+02:00;41809_G;35;7;60;freeFlow;1
2025-07-02T10:43:00+02:00;41810_D;23;3;60;freeFlow;1
2025-07-02T10:43:00+02:00;41810_G;35;2;60;freeFlow;1
2025-07-02T10:43:00+02:00;41811_D;23;11;60;freeFlow;1
2025-07-02T10:43:00+02:00;41811_G;32;8;73;freeFlow;2
2025-07-02T10:43:00+02:00;41812_D;23;7;60;freeFlow;1
2025-07-02T10:43:00+02:00;41812_G;35;5;60;freeFlow;1
2025-07-02T10:43:00+02:00;41813_D;27;5;60;freeFlow;1
2025-07-02T10:43:00+02:00;41813_G;35;4;75;freeFlow;2
2025-07-02T10:43:00+02:00;41814_D;25;9;60;freeFlow;1
2025-07-02T10:43:00+02:00;41814_G;17;13;60;heavy;1
2025-07-02T10:43:00+02:00;41815_D;23;8;60;freeFlow;1
2025-07-02T10:43:00+02:00;41815_G;35;6;60;freeFlow;1
2025-07-02T10:43:00+02:00;41817_D;13;15;60;heavy;1
2025-07-02T10:43:00+02:00;41817_G;32;6;60;freeFlow;1
2025-07-02T10:43:00+02:00;41818_D;22;4;60;freeFlow;1
2025-07-02T10:43:00+02:00;41818_G;35;2;60;freeFlow;1
2025-07-02T10:43:00+02:00;42028;36;13;100;freeFlow;4
2025-07-02T10:43:00+02:00;42029;44;34;100;freeFlow;4
2025-07-02T10:43:00+02:00;42030;45;34;75;freeFlow;2
2025-07-02T10:43:00+02:00;42031;38;39;100;freeFlow;3
2025-07-02T10:43:00+02:00;42047;49;7;60;heavy;1
2025-07-02T10:43:00+02:00;42049;50;2;0;unknown;0
2025-07-02T10:43:00+02:00;42050;64;1;100;freeFlow;3
2025-07-02T10:43:00+02:00;42051;90;6;75;freeFlow;2
2025-07-02T10:43:00+02:00;42125_D;41;28;55;freeFlow;1
2025-07-02T10:43:00+02:00;42125_G;53;22;60;freeFlow;1
2025-07-02T10:43:00+02:00;42134;61;39;57;heavy;1
2025-07-02T10:43:00+02:00;42135;70;39;100;freeFlow;3
2025-07-02T10:43:00+02:00;42206_D;26;35;55;heavy;1
2025-07-02T10:43:00+02:00;42238_D;27;13;52;heavy;1
2025-07-02T10:43:00+02:00;42257;63;8;60;heavy;1
2025-07-02T10:43:00+02:00;42273_D;42;4;27;freeFlow;1
2025-07-02T10:43:00+02:00;42273_G;35;5;38;freeFlow;1
2025-07-02T10:43:00+02:00;42293_D;32;2;60;freeFlow;1
2025-07-02T10:43:00+02:00;42293_G;30;2;60;freeFlow;1
2025-07-02T10:43:00+02:00;42307_D;42;18;60;freeFlow;1
2025-07-02T10:43:00+02:00;42307_G;50;15;0;unknown;0
2025-07-02T10:43:00+02:00;42359;42;16;75;heavy;2
2025-07-02T10:43:00+02:00;42375;50;1;0;unknown;0
2025-07-02T10:43:00+02:00;42378_D;41;1;58;freeFlow;1
2025-07-02T10:43:00+02:00;42378_G;30;2;60;freeFlow;1
2025-07-02T10:43:00+02:00;42379;66;40;73;freeFlow;2
2025-07-02T10:43:00+02:00;42383;26;3;100;heavy;3
2025-07-02T10:43:00+02:00;42384;26;2;60;heavy;1
2025-07-02T10:43:00+02:00;42385;32;3;100;heavy;4
2025-07-02T10:43:00+02:00;42386;32;2;100;heavy;4
2025-07-02T10:43:00+02:00;42387;30;7;60;heavy;1
2025-07-02T10:43:00+02:00;42388;35;3;100;freeFlow;5
2025-07-02T10:43:00+02:00;42389;33;5;100;heavy;4
2025-07-02T10:43:00+02:00;42390;28;4;100;heavy;5
2025-07-02T10:43:00+02:00;42391;27;4;60;heavy;1
2025-07-02T10:43:00+02:00;42392;38;2;75;freeFlow;2
2025-07-02T10:43:00+02:00;42399;9;31;98;congested;3
2025-07-02T10:43:00+02:00;42401_D;42;30;60;freeFlow;1
2025-07-02T10:43:00+02:00;42401_G;40;33;60;freeFlow;1
2025-07-02T10:43:00+02:00;42572;48;1;75;freeFlow;2
2025-07-02T10:43:00+02:00;42573;35;1;100;heavy;3
2025-07-02T10:43:00+02:00;42580;49;2;70;heavy;2
2025-07-02T10:43:00+02:00;42595_D;42;5;27;freeFlow;1
2025-07-02T10:43:00+02:00;42595_G;23;8;55;freeFlow;1
2025-07-02T10:43:00+02:00;42603;21;26;75;heavy;2
2025-07-02T10:43:00+02:00;42663_D;69;3;27;freeFlow;1
2025-07-02T10:43:00+02:00;42663_G;56;4;52;freeFlow;1
2025-07-02T10:43:00+02:00;42681_D;75;12;27;freeFlow;1
2025-07-02T10:43:00+02:00;42681_G;56;16;52;freeFlow;1
2025-07-02T10:43:00+02:00;42684_D;29;2;60;freeFlow;1
2025-07-02T10:43:00+02:00;42684_G;30;2;0;unknown;0
2025-07-02T10:43:00+02:00;42685;59;45;100;heavy;4
2025-07-02T10:43:00+02:00;42709_D;50;19;0;unknown;0
2025-07-02T10:43:00+02:00;42709_G;47;20;60;freeFlow;1
2025-07-02T10:43:00+02:00;42777_D;50;3;0;unknown;0
2025-07-02T10:43:00+02:00;42777_G;50;3;0;unknown;0
2025-07-02T10:43:00+02:00;42778_D;50;1;0;unknown;0
2025-07-02T10:43:00+02:00;42778_G;50;1;0;unknown;0
2025-07-02T10:43:00+02:00;42779;50;2;0;unknown;0
2025-07-02T10:43:00+02:00;42780_D;50;8;0;unknown;0
2025-07-02T10:43:00+02:00;42780_G;50;8;0;unknown;0
2025-07-02T10:43:00+02:00;42938_D;24;13;20;heavy;1
2025-07-02T10:43:00+02:00;42938_G;24;12;15;heavy;1
2025-07-02T10:43:00+02:00;42939_D;24;9;20;heavy;1
2025-07-02T10:43:00+02:00;42939_G;39;6;12;freeFlow;1
2025-07-02T10:43:00+02:00;42940_D;8;53;22;congested;1
2025-07-02T10:43:00+02:00;42940_G;34;13;12;heavy;1
2025-07-02T10:43:00+02:00;42941_D;8;15;27;congested;1
2025-07-02T10:43:00+02:00;42941_G;5;27;60;congested;1
2025-07-02T10:43:00+02:00;42947_D;15;30;27;congested;1
2025-07-02T10:43:00+02:00;42947_G;25;18;60;heavy;1
2025-07-02T10:43:00+02:00;42948_D;10;22;40;congested;2
2025-07-02T10:43:00+02:00;42948_G;6;36;60;congested;1
2025-07-02T10:43:00+02:00;42949_D;29;9;25;heavy;1
2025-07-02T10:43:00+02:00;42949_G;33;8;60;heavy;1
2025-07-02T10:43:00+02:00;42978_D;24;23;20;heavy;1
2025-07-02T10:43:00+02:00;42978_G;32;17;60;heavy;1
2025-07-02T10:43:00+02:00;42979_D;24;6;20;heavy;1
2025-07-02T10:43:00+02:00;42979_G;31;5;15;heavy;1
2025-07-02T10:43:00+02:00;42983_D;24;16;20;heavy;1
2025-07-02T10:43:00+02:00;42983_G;36;11;12;freeFlow;1
2025-07-02T10:43:00+02:00;42999_D;50;12;0;unknown;0
2025-07-02T10:43:00+02:00;42999_G;37;16;30;freeFlow;1
2025-07-02T10:43:00+02:00;43000_D;50;5;0;unknown;0
2025-07-02T10:43:00+02:00;43000_G;50;5;30;freeFlow;1
2025-07-02T10:43:00+02:00;43001_D;50;4;0;unknown;0
2025-07-02T10:43:00+02:00;43001_G;42;5;30;freeFlow;1
2025-07-02T10:43:00+02:00;43003_D;50;3;0;unknown;0
2025-07-02T10:43:00+02:00;43003_G;50;3;30;freeFlow;1
2025-07-02T10:43:00+02:00;43027_D;15;17;22;heavy;1
2025-07-02T10:43:00+02:00;43027_G;37;7;12;freeFlow;1
2025-07-02T10:43:00+02:00;43029_D;30;14;27;heavy;1
2025-07-02T10:43:00+02:00;43029_G;33;13;60;heavy;1
2025-07-02T10:43:00+02:00;43046_D;26;11;15;heavy;1
2025-07-02T10:43:00+02:00;43046_G;50;6;0;unknown;0
2025-07-02T10:43:00+02:00;43047_D;26;7;15;heavy;1
2025-07-02T10:43:00+02:00;43047_G;50;3;0;unknown;0
2025-07-02T10:43:00+02:00;43048_D;24;11;20;heavy;1
2025-07-02T10:43:00+02:00;43048_G;14;19;60;congested;1
2025-07-02T10:43:00+02:00;43049_D;24;5;20;freeFlow;1
2025-07-02T10:43:00+02:00;43049_G;30;4;60;freeFlow;1
2025-07-02T10:43:00+02:00;43050_D;24;7;20;heavy;1
2025-07-02T10:43:00+02:00;43050_G;31;5;15;heavy;1
2025-07-02T10:43:00+02:00;43099;9;9;60;congested;1
2025-07-02T10:43:00+02:00;43352_G;24;20;60;freeFlow;1
2025-07-02T10:43:00+02:00;43451_D;23;20;75;freeFlow;2
2025-07-02T10:43:00+02:00;43481;31;23;60;heavy;1
2025-07-02T10:43:00+02:00;43627;22;29;60;heavy;1
2025-07-02T10:43:00+02:00;43658_D;16;11;75;heavy;2
2025-07-02T10:43:00+02:00;43658_G;18;10;50;heavy;1
2025-07-02T10:43:00+02:00;43718_D;50;3;0;unknown;0
2025-07-02T10:43:00+02:00;43718_G;7;21;60;congested;1
2025-07-02T10:43:00+02:00;43719_D;50;9;0;unknown;0
2025-07-02T10:43:00+02:00;43719_G;24;19;71;heavy;2
2025-07-02T10:43:00+02:00;43720_D;50;4;0;unknown;0
2025-07-02T10:43:00+02:00;43720_G;22;10;42;heavy;1
2025-07-02T10:43:00+02:00;43724_D;24;16;20;heavy;1
2025-07-02T10:43:00+02:00;43724_G;26;16;60;heavy;1
2025-07-02T10:43:00+02:00;43733_D;50;4;0;unknown;0
2025-07-02T10:43:00+02:00;43733_G;50;4;30;freeFlow;1
2025-07-02T10:43:00+02:00;43736_D;50;4;0;unknown;0
2025-07-02T10:43:00+02:00;43736_G;17;11;42;heavy;1
2025-07-02T10:43:00+02:00;43739_D;50;6;0;unknown;0
2025-07-02T10:43:00+02:00;43739_G;35;10;60;heavy;1
2025-07-02T10:43:00+02:00;43740_D;50;6;0;unknown;0
2025-07-02T10:43:00+02:00;43740_G;39;7;60;freeFlow;1
2025-07-02T10:43:00+02:00;43741_D;50;1;0;unknown;0
2025-07-02T10:43:00+02:00;43741_G;39;1;60;freeFlow;1
2025-07-02T10:43:00+02:00;43742_D;7;46;20;congested;1
2025-07-02T10:43:00+02:00;43742_G;25;13;57;heavy;1
2025-07-02T10:43:00+02:00;43743_G;17;77;60;heavy;1
2025-07-02T10:43:00+02:00;43744_D;15;16;20;heavy;1
2025-07-02T10:43:00+02:00;43744_G;29;8;57;heavy;1
2025-07-02T10:43:00+02:00;43748;19;11;60;heavy;1
2025-07-02T10:43:00+02:00;43757;17;6;75;heavy;2
2025-07-02T10:43:00+02:00;43758;29;10;75;heavy;2
2025-07-02T10:43:00+02:00;43786_D;8;74;27;congested;1
2025-07-02T10:43:00+02:00;43786_G;22;28;60;heavy;1
2025-07-02T10:43:00+02:00;43787_D;2;54;42;congested;1
2025-07-02T10:43:00+02:00;43787_G;17;8;60;heavy;1
2025-07-02T10:43:00+02:00;43788_D;50;2;0;unknown;0
2025-07-02T10:43:00+02:00;43788_G;50;2;60;freeFlow;1
2025-07-02T10:43:00+02:00;43789_D;50;5;0;unknown;0
2025-07-02T10:43:00+02:00;43789_G;49;6;60;freeFlow;1
2025-07-02T10:43:00+02:00;43790_D;50;5;0;unknown;0
2025-07-02T10:43:00+02:00;43790_G;50;5;60;freeFlow;1
2025-07-02T10:43:00+02:00;43791_D;50;3;0;unknown;0
2025-07-02T10:43:00+02:00;43791_G;44;3;60;freeFlow;1
2025-07-02T10:43:00+02:00;43792_D;51;7;32;freeFlow;1
2025-07-02T10:43:00+02:00;43792_G;43;8;60;freeFlow;1
2025-07-02T10:43:00+02:00;43814_D;44;16;59;freeFlow;2
2025-07-02T10:43:00+02:00;43814_G;34;20;100;heavy;3
2025-07-02T10:43:00+02:00;43815_D;15;24;42;heavy;1
2025-07-02T10:43:00+02:00;43815_G;40;9;100;freeFlow;3
2025-07-02T10:43:00+02:00;43817_D;50;14;0;unknown;0
2025-07-02T10:43:00+02:00;43817_G;23;30;73;heavy;2
2025-07-02T10:43:00+02:00;43819;26;18;22;freeFlow;1
2025-07-02T10:43:00+02:00;43821;17;16;75;heavy;2
2025-07-02T10:43:00+02:00;43828_D;5;111;70;congested;2
2025-07-02T10:43:00+02:00;43828_G;10;53;75;congested;2
2025-07-02T10:43:00+02:00;43835_D;38;9;40;freeFlow;1
2025-07-02T10:43:00+02:00;43835_G;42;8;100;freeFlow;3
2025-07-02T10:43:00+02:00;43836;35;14;72;heavy;2
2025-07-02T10:43:00+02:00;43871_D;24;8;60;heavy;1
2025-07-02T10:43:00+02:00;43871_G;12;17;61;congested;2
2025-07-02T10:43:00+02:00;43872_D;50;4;0;unknown;0
2025-07-02T10:43:00+02:00;43872_G;16;13;57;heavy;2
2025-07-02T10:43:00+02:00;43873_D;50;5;0;unknown;0
2025-07-02T10:43:00+02:00;43873_G;38;7;68;freeFlow;2
2025-07-02T10:43:00+02:00;43925_D;21;12;25;heavy;1
2025-07-02T10:43:00+02:00;43925_G;17;15;65;heavy;2
2025-07-02T10:43:00+02:00;43937_D;43;7;51;freeFlow;2
2025-07-02T10:43:00+02:00;43937_G;37;8;60;freeFlow;1
2025-07-02T10:43:00+02:00;43938_D;37;27;57;freeFlow;2
2025-07-02T10:43:00+02:00;43938_G;50;20;0;unknown;0
2025-07-02T10:43:00+02:00;43972;16;21;60;heavy;1
2025-07-02T10:43:00+02:00;43974;17;30;60;heavy;1
2025-07-02T10:43:00+02:00;43975;48;4;60;freeFlow;1
2025-07-02T10:43:00+02:00;44002_D;31;14;90;heavy;3
2025-07-02T10:43:00+02:00;44002_G;23;19;75;heavy;2
2025-07-02T10:43:00+02:00;44003_D;48;9;60;freeFlow;1
2025-07-02T10:43:00+02:00;44012;47;14;74;freeFlow;2
2025-07-02T10:43:00+02:00;44017_D;26;6;42;heavy;1
2025-07-02T10:43:00+02:00;44018_D;33;17;57;heavy;2
2025-07-02T10:43:00+02:00;44028;38;7;60;freeFlow;1
2025-07-02T10:43:00+02:00;44036_D;27;4;57;heavy;2
2025-07-02T10:43:00+02:00;44036_G;20;6;100;heavy;3
2025-07-02T10:43:00+02:00;44066;21;10;75;heavy;2
2025-07-02T10:43:00+02:00;44067;24;31;75;heavy;2
2025-07-02T10:43:00+02:00;44069;14;15;60;congested;1
2025-07-02T10:43:00+02:00;44084_D;50;5;0;unknown;0
2025-07-02T10:43:00+02:00;44084_G;33;8;48;heavy;1
2025-07-02T10:43:00+02:00;44089_D;50;6;0;unknown;0
2025-07-02T10:43:00+02:00;44089_G;50;6;0;unknown;0
2025-07-02T10:43:00+02:00;44090_D;50;5;0;unknown;0
2025-07-02T10:43:00+02:00;44090_G;50;5;0;unknown;0
2025-07-02T10:43:00+02:00;44131;30;21;91;heavy;3
2025-07-02T10:43:00+02:00;44134;50;9;0;unknown;0
2025-07-02T10:43:00+02:00;44165_D;4;59;32;congested;1
2025-07-02T10:43:00+02:00;44165_G;50;5;0;unknown;0
2025-07-02T10:43:00+02:00;44198_D;14;51;74;congested;2
2025-07-02T10:43:00+02:00;44198_G;50;14;0;unknown;0
2025-07-02T10:43:00+02:00;44199_D;38;6;75;freeFlow;2
2025-07-02T10:43:00+02:00;44199_G;50;5;0;unknown;0
2025-07-02T10:43:00+02:00;44231_D;51;5;32;freeFlow;1
2025-07-02T10:43:00+02:00;44231_G;43;6;60;freeFlow;1
2025-07-02T10:43:00+02:00;44232_D;36;6;38;freeFlow;1
2025-07-02T10:43:00+02:00;44232_G;30;7;57;heavy;1
2025-07-02T10:43:00+02:00;44234_D;36;10;38;freeFlow;1
2025-07-02T10:43:00+02:00;44234_G;46;8;57;freeFlow;1
2025-07-02T10:43:00+02:00;44259_D;23;5;60;heavy;1
2025-07-02T10:43:00+02:00;44259_G;50;2;0;unknown;0
2025-07-02T10:43:00+02:00;44260;33;12;70;heavy;2
2025-07-02T10:43:00+02:00;44261_D;23;20;60;heavy;1
2025-07-02T10:43:00+02:00;44261_G;50;9;0;unknown;0
2025-07-02T10:43:00+02:00;44293;50;5;0;unknown;0
2025-07-02T10:43:00+02:00;44303_D;50;2;0;unknown;0
2025-07-02T10:43:00+02:00;44303_G;50;2;0;unknown;0
2025-07-02T10:43:00+02:00;44304_D;31;15;68;heavy;2
2025-07-02T10:43:00+02:00;44304_G;50;9;0;unknown;0
2025-07-02T10:43:00+02:00;44322_D;39;57;35;freeFlow;1
2025-07-02T10:43:00+02:00;44322_G;36;61;98;freeFlow;3
2025-07-02T10:43:00+02:00;44328;50;10;0;unknown;0
2025-07-02T10:43:00+02:00;44583_D;20;18;75;heavy;2
2025-07-02T10:43:00+02:00;44583_G;36;9;50;freeFlow;1
2025-07-02T10:43:00+02:00;44584_D;50;10;0;unknown;0
2025-07-02T10:43:00+02:00;44584_G;39;13;50;freeFlow;1
2025-07-02T10:43:00+02:00;44632_D;50;20;0;unknown;0
2025-07-02T10:43:00+02:00;44632_G;23;44;48;heavy;1
2025-07-02T10:43:00+02:00;44694_D;23;26;65;heavy;2
2025-07-02T10:43:00+02:00;44694_G;14;43;92;congested;3
2025-07-02T10:43:00+02:00;44695_D;50;2;0;unknown;0
2025-07-02T10:43:00+02:00;44695_G;19;6;35;heavy;1
2025-07-02T10:43:00+02:00;44711_D;17;37;60;heavy;1
2025-07-02T10:43:00+02:00;44711_G;39;16;38;freeFlow;1
2025-07-02T10:43:00+02:00;44712_D;50;5;0;unknown;0
2025-07-02T10:43:00+02:00;44712_G;36;6;38;freeFlow;1
2025-07-02T10:43:00+02:00;44714_D;50;1;0;unknown;0
2025-07-02T10:43:00+02:00;44714_G;40;1;38;freeFlow;1
2025-07-02T10:43:00+02:00;44736_D;50;2;0;unknown;0
2025-07-02T10:43:00+02:00;44736_G;38;3;48;freeFlow;1
2025-07-02T10:43:00+02:00;44868;68;6;48;freeFlow;1
2025-07-02T10:43:00+02:00;44873;55;2;32;freeFlow;1
2025-07-02T10:43:00+02:00;44874;58;7;75;freeFlow;2
2025-07-02T10:43:00+02:00;44875;65;6;32;freeFlow;1
2025-07-02T10:43:00+02:00;44877;48;9;60;freeFlow;1
2025-07-02T10:43:00+02:00;44878;75;12;25;freeFlow;1
2025-07-02T10:43:00+02:00;44880;85;18;100;freeFlow;8
2025-07-02T10:43:00+02:00;44882;85;11;100;freeFlow;10
2025-07-02T10:43:00+02:00;44884;95;14;100;freeFlow;5
2025-07-02T10:43:00+02:00;44900;64;24;67;freeFlow;2
2025-07-02T10:43:00+02:00;44902_D;50;33;0;unknown;0
2025-07-02T10:43:00+02:00;44902_G;56;30;55;freeFlow;1
2025-07-02T10:43:00+02:00;44905;58;12;60;freeFlow;1
2025-07-02T10:43:00+02:00;44920;73;3;100;freeFlow;12
2025-07-02T10:43:00+02:00;44942;50;22;100;freeFlow;3
2025-07-02T10:43:00+02:00;44948;84;12;100;freeFlow;11
2025-07-02T10:43:00+02:00;44961;11;28;60;heavy;1
2025-07-02T10:43:00+02:00;44962;20;13;60;heavy;1
2025-07-02T10:43:00+02:00;44963;16;6;60;heavy;1
2025-07-02T10:43:00+02:00;44966;90;11;100;freeFlow;8
2025-07-02T10:43:00+02:00;44974;30;4;100;heavy;3
2025-07-02T10:43:00+02:00;45012_D;51;1;32;freeFlow;1
2025-07-02T10:43:00+02:00;45012_G;20;3;60;heavy;1
2025-07-02T10:43:00+02:00;45028_D;51;17;32;freeFlow;1
2025-07-02T10:43:00+02:00;45028_G;39;22;60;freeFlow;1
2025-07-02T10:43:00+02:00;45029_D;51;7;32;freeFlow;1
2025-07-02T10:43:00+02:00;45029_G;42;8;60;freeFlow;1
2025-07-02T10:43:00+02:00;45106_D;51;3;32;freeFlow;1
2025-07-02T10:43:00+02:00;45106_G;30;5;60;heavy;1
2025-07-02T10:43:00+02:00;45136_D;24;32;60;heavy;1
2025-07-02T10:43:00+02:00;45149;33;15;100;heavy;4
2025-07-02T10:43:00+02:00;45166;35;1;100;heavy;4
2025-07-02T10:43:00+02:00;45169;29;4;48;heavy;1
2025-07-02T10:43:00+02:00;45236_G;50;10;0;unknown;0
2025-07-02T10:43:00+02:00;45238;50;12;0;unknown;0
2025-07-02T10:43:00+02:00;45239;50;10;75;freeFlow;2
2025-07-02T10:43:00+02:00;45240;52;10;75;heavy;2
2025-07-02T10:43:00+02:00;45241;55;2;75;heavy;2
2025-07-02T10:43:00+02:00;45305;94;3;35;freeFlow;1
2025-07-02T10:43:00+02:00;45306;88;7;38;freeFlow;1
2025-07-02T10:43:00+02:00;45327;73;8;100;freeFlow;11
2025-07-02T10:43:00+02:00;45486_D;19;10;60;heavy;1
2025-07-02T10:43:00+02:00;45487_D;22;11;60;heavy;1
2025-07-02T10:43:00+02:00;45630;83;14;100;freeFlow;13
2025-07-02T10:43:00+02:00;45645_D;28;19;60;heavy;1
2025-07-02T10:43:00+02:00;45651;54;3;57;freeFlow;1
2025-07-02T10:43:00+02:00;45761_D;23;13;57;heavy;1
2025-07-02T10:43:00+02:00;45865_D;50;7;0;unknown;0
2025-07-02T10:43:00+02:00;46053_D;47;8;0;unknown;0
2025-07-02T10:43:00+02:00;46056_D;3;35;10;congested;1
2025-07-02T10:43:00+02:00;46061;22;10;15;heavy;1
2025-07-02T10:43:00+02:00;46567_D;28;3;25;heavy;1
2025-07-02T10:43:00+02:00;46642;26;11;17;heavy;1
2025-07-02T10:43:00+02:00;46771;91;9;100;freeFlow;6
2025-07-02T10:43:00+02:00;46821_D;38;22;60;freeFlow;1
2025-07-02T10:43:00+02:00;46821_G;39;21;38;freeFlow;1
2025-07-02T10:43:00+02:00;46923_D;38;1;60;freeFlow;1
2025-07-02T10:43:00+02:00;46923_G;42;1;35;freeFlow;1
2025-07-02T10:43:00+02:00;46976;50;4;0;unknown;0
2025-07-02T10:43:00+02:00;47029;39;10;17;freeFlow;1
2025-07-02T10:43:00+02:00;47061;91;20;100;freeFlow;10
2025-07-02T10:43:00+02:00;47239;92;6;100;freeFlow;10
2025-07-02T10:43:00+02:00;47410;94;14;100;freeFlow;7
2025-07-02T10:43:00+02:00;47411;89;14;100;freeFlow;12
2025-07-02T10:43:00+02:00;47412;70;0;0;unknown;0
2025-07-02T10:43:00+02:00;47413;44;10;57;heavy;1
2025-07-02T10:43:00+02:00;47414;44;1;57;heavy;1
2025-07-02T10:43:00+02:00;47416;92;13;100;freeFlow;6
2025-07-02T10:43:00+02:00;47418;86;18;100;freeFlow;12
2025-07-02T10:43:00+02:00;47420;91;10;55;freeFlow;2
2025-07-02T10:43:00+02:00;47476;46;13;57;heavy;1
2025-07-02T10:43:00+02:00;47477;44;4;57;heavy;1
2025-07-02T10:43:00+02:00;47479;70;14;0;unknown;0
2025-07-02T10:43:00+02:00;47480;93;48;100;freeFlow;10
2025-07-02T10:43:00+02:00;47481;86;53;100;freeFlow;10
2025-07-02T10:43:00+02:00;47537_D;50;6;0;unknown;0
2025-07-02T10:43:00+02:00;47537_G;48;6;60;freeFlow;1
2025-07-02T10:43:00+02:00;47742_D;27;9;57;heavy;2
2025-07-02T10:43:00+02:00;48758;29;3;100;heavy;3
2025-07-02T10:43:00+02:00;48759;35;2;100;freeFlow;3
2025-07-02T10:43:00+02:00;48920_D;5;45;27;congested;1
2025-07-02T10:43:00+02:00;48920_G;17;14;60;heavy;1
2025-07-02T10:43:00+02:00;489866_D;42;4;60;freeFlow;1
2025-07-02T10:43:00+02:00;489970;62;15;100;freeFlow;4
2025-07-02T10:43:00+02:00;489971;70;2;0;unknown;0
2025-07-02T10:43:00+02:00;489972;86;5;100;freeFlow;11
2025-07-02T10:43:00+02:00;490059_D;40;23;52;heavy;1
2025-07-02T10:43:00+02:00;490059_G;107;9;57;freeFlow;1
2025-07-02T10:43:00+02:00;490080_D;88;1;0;unknown;0
2025-07-02T10:43:00+02:00;490080_G;107;0;57;freeFlow;1
2025-07-02T10:43:00+02:00;49026;21;3;100;heavy;5
2025-07-02T10:43:00+02:00;49053;23;23;75;heavy;2
2025-07-02T10:43:00+02:00;490823;50;15;60;freeFlow;1
2025-07-02T10:43:00+02:00;490824;70;5;0;unknown;0
2025-07-02T10:43:00+02:00;490825;67;11;60;freeFlow;1
2025-07-02T10:43:00+02:00;490827;40;10;60;heavy;1
2025-07-02T10:43:00+02:00;490828_D;35;14;75;freeFlow;2
2025-07-02T10:43:00+02:00;490828_G;44;12;57;freeFlow;1
2025-07-02T10:43:00+02:00;491005_D;51;3;32;freeFlow;1
2025-07-02T10:43:00+02:00;491005_G;46;3;60;freeFlow;1
2025-07-02T10:43:00+02:00;491126_D;10;40;75;heavy;2
2025-07-02T10:43:00+02:00;491126_G;41;11;95;freeFlow;3
2025-07-02T10:43:00+02:00;491135;26;5;100;heavy;3
2025-07-02T10:43:00+02:00;491141;27;3;100;heavy;3
2025-07-02T10:43:00+02:00;491300_D;23;28;60;heavy;1
2025-07-02T10:43:00+02:00;491300_G;45;14;0;unknown;0
2025-07-02T10:43:00+02:00;491308;23;2;38;heavy;1
2025-07-02T10:43:00+02:00;491320_D;30;9;55;heavy;1
2025-07-02T10:43:00+02:00;491320_G;50;6;0;unknown;0
2025-07-02T10:43:00+02:00;491326_D;24;23;59;heavy;1
2025-07-02T10:43:00+02:00;491326_G;50;11;0;unknown;0
2025-07-02T10:43:00+02:00;491329_D;23;9;60;heavy;1
2025-07-02T10:43:00+02:00;491329_G;50;4;0;unknown;0
2025-07-02T10:43:00+02:00;491490;16;14;60;heavy;1
2025-07-02T10:43:00+02:00;491714_D;38;7;60;freeFlow;1
2025-07-02T10:43:00+02:00;491714_G;42;6;35;freeFlow;1
2025-07-02T10:43:00+02:00;491735_D;38;3;60;freeFlow;1
2025-07-02T10:43:00+02:00;491735_G;42;4;35;freeFlow;1
2025-07-02T10:43:00+02:00;491794_D;50;3;0;unknown;0
2025-07-02T10:43:00+02:00;491794_G;50;3;0;unknown;0
2025-07-02T10:43:00+02:00;491872;28;23;100;heavy;3
2025-07-02T10:43:00+02:00;491877;30;4;100;heavy;3
2025-07-02T10:43:00+02:00;491881;62;1;100;freeFlow;3
2025-07-02T10:43:00+02:00;491884;30;2;75;heavy;2
2025-07-02T10:43:00+02:00;491888;55;17;75;heavy;2
2025-07-02T10:43:00+02:00;491890;16;3;75;heavy;2
2025-07-02T10:43:00+02:00;491917;45;2;60;heavy;1
2025-07-02T10:43:00+02:00;49225_D;50;6;0;unknown;0
2025-07-02T10:43:00+02:00;49225_G;18;18;27;heavy;1
2025-07-02T10:43:00+02:00;492315_D;50;29;0;unknown;0
2025-07-02T10:43:00+02:00;492315_G;39;37;35;freeFlow;1
2025-07-02T10:43:00+02:00;492351_D;6;19;60;congested;1
2025-07-02T10:43:00+02:00;492359_G;27;9;60;heavy;1
2025-07-02T10:43:00+02:00;492437;25;8;51;heavy;2
2025-07-02T10:43:00+02:00;492442;37;1;60;freeFlow;1
2025-07-02T10:43:00+02:00;492445_D;33;18;35;heavy;1
2025-07-02T10:43:00+02:00;492478;24;6;75;heavy;2
2025-07-02T10:43:00+02:00;492492;46;7;60;heavy;1
2025-07-02T10:43:00+02:00;49315_D;8;22;27;congested;1
2025-07-02T10:43:00+02:00;49315_G;10;19;60;congested;1
2025-07-02T10:43:00+02:00;49943_D;50;14;0;unknown;0
2025-07-02T10:43:00+02:00;49943_G;50;14;0;unknown;0
2025-07-02T10:43:00+02:00;49947;14;13;0;unknown;0
2025-07-02T10:43:00+02:00;49958_D;50;5;0;unknown;0
2025-07-02T10:43:00+02:00;49958_G;31;9;38;heavy;1
2025-07-02T10:43:00+02:00;50308_D;32;8;60;heavy;1
2025-07-02T10:43:00+02:00;50441;68;4;15;freeFlow;1
2025-07-02T10:43:00+02:00;50525;12;18;75;congested;2
2025-07-02T10:43:00+02:00;50571;27;4;60;heavy;1
2025-07-02T10:43:00+02:00;50625;27;8;60;heavy;1
2025-07-02T10:43:00+02:00;5064_D;68;8;75;freeFlow;2
2025-07-02T10:43:00+02:00;5064_G;73;7;22;freeFlow;1
2025-07-02T10:43:00+02:00;51419;37;20;60;freeFlow;1
2025-07-02T10:43:00+02:00;51474_D;50;1;0;unknown;0
2025-07-02T10:43:00+02:00;51474_G;48;1;60;freeFlow;1
2025-07-02T10:43:00+02:00;51798;48;2;45;freeFlow;1
2025-07-02T10:43:00+02:00;52107_D;38;12;75;freeFlow;2
2025-07-02T10:43:00+02:00;52107_G;42;11;35;freeFlow;1
2025-07-02T10:43:00+02:00;52129;50;6;0;unknown;0
2025-07-02T10:43:00+02:00;52835_D;6;26;100;congested;3
2025-07-02T10:43:00+02:00;53020_D;26;4;42;heavy;1
2025-07-02T10:43:00+02:00;53327_D;42;8;55;freeFlow;1
2025-07-02T10:43:00+02:00;53327_G;60;6;38;freeFlow;1
2025-07-02T10:43:00+02:00;53411_G;28;13;25;heavy;1
2025-07-02T10:43:00+02:00;53428;82;57;100;freeFlow;14
2025-07-02T10:43:00+02:00;53539_D;46;4;75;freeFlow;2
2025-07-02T10:43:00+02:00;53566;42;3;60;freeFlow;1
2025-07-02T10:43:00+02:00;53623;31;4;75;heavy;2
2025-07-02T10:43:00+02:00;53624;36;2;75;freeFlow;2
2025-07-02T10:43:00+02:00;53625;42;2;60;freeFlow;1
2025-07-02T10:43:00+02:00;53634_D;13;4;56;heavy;2
2025-07-02T10:43:00+02:00;53634_G;30;2;0;unknown;0
2025-07-02T10:43:00+02:00;53641_D;50;9;0;unknown;0
2025-07-02T10:43:00+02:00;53641_G;42;10;60;freeFlow;1
2025-07-02T10:43:00+02:00;53652;50;15;0;unknown;0
2025-07-02T10:43:00+02:00;53659;36;5;60;freeFlow;1
2025-07-02T10:43:00+02:00;53702;83;5;100;freeFlow;19
2025-07-02T10:43:00+02:00;53892;53;1;100;freeFlow;3
2025-07-02T10:43:00+02:00;53893;38;16;100;freeFlow;6
2025-07-02T10:43:00+02:00;53895;37;9;100;freeFlow;5
2025-07-02T10:43:00+02:00;53896;40;10;100;freeFlow;6
2025-07-02T10:43:00+02:00;53898;44;13;100;freeFlow;7
2025-07-02T10:43:00+02:00;53900;20;29;100;heavy;8
2025-07-02T10:43:00+02:00;53901;29;9;100;heavy;8
2025-07-02T10:43:00+02:00;53903;46;5;100;freeFlow;8
2025-07-02T10:43:00+02:00;53904;36;4;100;freeFlow;3
2025-07-02T10:43:00+02:00;53905;45;9;100;freeFlow;7
2025-07-02T10:43:00+02:00;53908;29;4;100;heavy;5
2025-07-02T10:43:00+02:00;53910;32;10;100;heavy;5
2025-07-02T10:43:00+02:00;53912;54;6;100;freeFlow;4
2025-07-02T10:43:00+02:00;53915;47;12;100;freeFlow;4
2025-07-02T10:43:00+02:00;53918;50;10;100;freeFlow;5
2025-07-02T10:43:00+02:00;53919;52;3;100;freeFlow;5
2025-07-02T10:43:00+02:00;53921;43;13;100;freeFlow;3
2025-07-02T10:43:00+02:00;53922;33;5;100;heavy;3
2025-07-02T10:43:00+02:00;53923;39;13;100;freeFlow;5
2025-07-02T10:43:00+02:00;53925_D;70;4;0;unknown;0
2025-07-02T10:43:00+02:00;53925_G;62;4;55;freeFlow;1
2025-07-02T10:43:00+02:00;53936;68;13;88;freeFlow;3
2025-07-02T10:43:00+02:00;53938;62;5;75;freeFlow;2
2025-07-02T10:43:00+02:00;53939;68;21;100;freeFlow;4
2025-07-02T10:43:00+02:00;53941;81;7;100;freeFlow;5
2025-07-02T10:43:00+02:00;53942;71;4;100;freeFlow;5
2025-07-02T10:43:00+02:00;53944;22;2;100;heavy;3
2025-07-02T10:43:00+02:00;53945;34;14;75;heavy;2
2025-07-02T10:43:00+02:00;53946;47;1;100;freeFlow;3
2025-07-02T10:43:00+02:00;53947;35;1;75;freeFlow;2
2025-07-02T10:43:00+02:00;53948;62;4;75;heavy;2
2025-07-02T10:43:00+02:00;53949;61;3;75;heavy;2
2025-07-02T10:43:00+02:00;53950;87;43;60;freeFlow;1
2025-07-02T10:43:00+02:00;53952_D;15;8;57;congested;1
2025-07-02T10:43:00+02:00;53952_G;31;4;90;heavy;4
2025-07-02T10:43:00+02:00;53959;80;45;100;freeFlow;6
2025-07-02T10:43:00+02:00;53961;103;56;100;freeFlow;4
2025-07-02T10:43:00+02:00;53987;22;3;100;heavy;6
2025-07-02T10:43:00+02:00;53990;39;7;48;freeFlow;1
2025-07-02T10:43:00+02:00;54067;91;11;100;freeFlow;6
2025-07-02T10:43:00+02:00;54134;36;22;100;freeFlow;3
2025-07-02T10:43:00+02:00;54138;17;60;75;heavy;2
2025-07-02T10:43:00+02:00;54140;25;80;58;heavy;1
2025-07-02T10:43:00+02:00;54144;61;3;60;freeFlow;1
2025-07-02T10:43:00+02:00;54150;50;18;57;freeFlow;2
2025-07-02T10:43:00+02:00;54153;18;50;75;heavy;2
2025-07-02T10:43:00+02:00;54154;12;92;92;congested;4
2025-07-02T10:43:00+02:00;54155;51;21;40;freeFlow;1
2025-07-02T10:43:00+02:00;54161;13;15;38;congested;1
2025-07-02T10:43:00+02:00;54187_D;21;17;48;heavy;1
2025-07-02T10:43:00+02:00;54187_G;40;9;60;freeFlow;1
2025-07-02T10:43:00+02:00;54189_D;32;12;60;freeFlow;1
2025-07-02T10:43:00+02:00;54189_G;20;20;60;heavy;1
2025-07-02T10:43:00+02:00;54191_D;23;13;60;freeFlow;1
2025-07-02T10:43:00+02:00;54191_G;25;11;60;freeFlow;1
2025-07-02T10:43:00+02:00;54197;43;18;100;freeFlow;3
2025-07-02T10:43:00+02:00;54198;18;12;100;heavy;3
2025-07-02T10:43:00+02:00;54206;11;51;35;congested;1
2025-07-02T10:43:00+02:00;54208;31;2;32;freeFlow;1
2025-07-02T10:43:00+02:00;54212;32;50;38;heavy;1
2025-07-02T10:43:00+02:00;54223_D;24;3;20;freeFlow;1
2025-07-02T10:43:00+02:00;54223_G;23;3;60;freeFlow;1
2025-07-02T10:43:00+02:00;54227;89;11;100;freeFlow;12
2025-07-02T10:43:00+02:00;54234;23;2;50;heavy;1
2025-07-02T10:43:00+02:00;54239;26;3;20;heavy;1
2025-07-02T10:43:00+02:00;54240;19;17;100;heavy;5
2025-07-02T10:43:00+02:00;54241;29;2;48;heavy;1
2025-07-02T10:43:00+02:00;54243;27;21;61;heavy;2
2025-07-02T10:43:00+02:00;54297;8;101;100;congested;4
2025-07-02T10:43:00+02:00;54339;59;16;50;freeFlow;1
2025-07-02T10:43:00+02:00;54340;30;10;50;heavy;1
2025-07-02T10:43:00+02:00;54358_D;42;17;60;freeFlow;1
2025-07-02T10:43:00+02:00;54358_G;43;17;75;freeFlow;2
2025-07-02T10:43:00+02:00;54363;52;9;60;freeFlow;1
2025-07-02T10:43:00+02:00;54365;52;5;60;freeFlow;1
2025-07-02T10:43:00+02:00;54367;52;8;60;freeFlow;1
2025-07-02T10:43:00+02:00;54368;62;2;60;freeFlow;1
2025-07-02T10:43:00+02:00;54369;44;28;100;freeFlow;10
2025-07-02T10:43:00+02:00;54372;30;1;55;heavy;1
2025-07-02T10:43:00+02:00;54375;50;14;75;freeFlow;2
2025-07-02T10:43:00+02:00;54376;15;13;100;heavy;5
2025-07-02T10:43:00+02:00;54378;12;27;100;congested;3
2025-07-02T10:43:00+02:00;54381;40;7;100;freeFlow;8
2025-07-02T10:43:00+02:00;54382;46;4;83;freeFlow;3
2025-07-02T10:43:00+02:00;54383;38;22;100;freeFlow;6
2025-07-02T10:43:00+02:00;54384;35;7;75;heavy;2
2025-07-02T10:43:00+02:00;54385;26;10;100;heavy;6
2025-07-02T10:43:00+02:00;54386;50;1;0;unknown;0
2025-07-02T10:43:00+02:00;54400;40;13;45;freeFlow;1
2025-07-02T10:43:00+02:00;54401;33;3;48;heavy;1
2025-07-02T10:43:00+02:00;54406;55;47;52;freeFlow;1
2025-07-02T10:43:00+02:00;54428_D;50;12;0;unknown;0
2025-07-02T10:43:00+02:00;54428_G;28;21;38;heavy;1
2025-07-02T10:43:00+02:00;54429_D;36;18;38;freeFlow;1
2025-07-02T10:43:00+02:00;54429_G;40;17;60;freeFlow;1
2025-07-02T10:43:00+02:00;54438_D;42;1;48;freeFlow;1
2025-07-02T10:43:00+02:00;54438_G;50;1;0;unknown;0
2025-07-02T10:43:00+02:00;54440_D;50;6;0;unknown;0
2025-07-02T10:43:00+02:00;54440_G;50;6;0;unknown;0
2025-07-02T10:43:00+02:00;54444_D;50;1;0;unknown;0
2025-07-02T10:43:00+02:00;54444_G;50;1;0;unknown;0
2025-07-02T10:43:00+02:00;54447_D;50;11;0;unknown;0
2025-07-02T10:43:00+02:00;54447_G;50;11;0;unknown;0
2025-07-02T10:43:00+02:00;54448_D;50;3;0;unknown;0
2025-07-02T10:43:00+02:00;54448_G;50;3;0;unknown;0
2025-07-02T10:43:00+02:00;54449_D;50;10;0;unknown;0
2025-07-02T10:43:00+02:00;54449_G;50;10;0;unknown;0
2025-07-02T10:43:00+02:00;54453_D;50;3;0;unknown;0
2025-07-02T10:43:00+02:00;54453_G;50;3;0;unknown;0
2025-07-02T10:43:00+02:00;54455;50;2;0;unknown;0
2025-07-02T10:43:00+02:00;54457;50;8;0;unknown;0
2025-07-02T10:43:00+02:00;54460;50;5;0;unknown;0
2025-07-02T10:43:00+02:00;54463_D;50;6;0;unknown;0
2025-07-02T10:43:00+02:00;54463_G;50;6;0;unknown;0
2025-07-02T10:43:00+02:00;54466_D;24;30;60;heavy;1
2025-07-02T10:43:00+02:00;54466_G;23;36;38;heavy;1
2025-07-02T10:43:00+02:00;54469;44;3;45;freeFlow;1
2025-07-02T10:43:00+02:00;54471;5;80;67;congested;2
2025-07-02T10:43:00+02:00;54472;31;13;32;heavy;1
2025-07-02T10:43:00+02:00;54473;31;1;32;freeFlow;1
2025-07-02T10:43:00+02:00;54483;43;35;35;freeFlow;1
2025-07-02T10:43:00+02:00;54489;50;1;0;unknown;0
2025-07-02T10:43:00+02:00;54490;50;4;0;unknown;0
2025-07-02T10:43:00+02:00;54492;50;3;0;unknown;0
2025-07-02T10:43:00+02:00;54505;29;26;60;heavy;1
2025-07-02T10:43:00+02:00;54509;50;6;0;unknown;0
2025-07-02T10:43:00+02:00;54518;38;4;60;freeFlow;1
2025-07-02T10:43:00+02:00;54522;38;2;60;freeFlow;1
2025-07-02T10:43:00+02:00;54523;30;3;0;unknown;0
2025-07-02T10:43:00+02:00;54524;30;1;0;unknown;0
2025-07-02T10:43:00+02:00;54580_D;48;12;60;freeFlow;1
2025-07-02T10:43:00+02:00;54877;29;26;60;heavy;1
2025-07-02T10:43:00+02:00;54879;27;27;35;heavy;1
2025-07-02T10:43:00+02:00;54880_D;27;37;53;heavy;2
2025-07-02T10:43:00+02:00;54880_G;8;126;60;congested;1
2025-07-02T10:43:00+02:00;54882;36;2;60;freeFlow;1
2025-07-02T10:43:00+02:00;54883;34;1;60;freeFlow;1
2025-07-02T10:43:00+02:00;54884;43;1;35;freeFlow;1
2025-07-02T10:43:00+02:00;54885;43;1;35;freeFlow;1
2025-07-02T10:43:00+02:00;54886;30;3;50;freeFlow;2
2025-07-02T10:43:00+02:00;54887;21;3;60;freeFlow;1
2025-07-02T10:43:00+02:00;54888;25;1;60;freeFlow;1
2025-07-02T10:43:00+02:00;54889;34;1;60;freeFlow;1
2025-07-02T10:43:00+02:00;54988;30;4;100;heavy;4
2025-07-02T10:43:00+02:00;54989;53;33;100;freeFlow;5
2025-07-02T10:43:00+02:00;54990;31;3;100;heavy;3
2025-07-02T10:43:00+02:00;54991;31;56;100;heavy;3
2025-07-02T10:43:00+02:00;55467_D;20;34;55;heavy;1
2025-07-02T10:43:00+02:00;55467_G;34;18;100;heavy;5
2025-07-02T10:43:00+02:00;55570_D;39;4;67;freeFlow;2
2025-07-02T10:43:00+02:00;55570_G;50;3;0;unknown;0
2025-07-02T10:43:00+02:00;55589_D;30;8;60;freeFlow;1
2025-07-02T10:43:00+02:00;55589_G;29;8;60;freeFlow;1
2025-07-02T10:43:00+02:00;55591;50;1;0;unknown;0
2025-07-02T10:43:00+02:00;55592;11;5;60;congested;1
2025-07-02T10:43:00+02:00;55593;14;4;100;congested;3
2025-07-02T10:43:00+02:00;55595;22;2;100;heavy;3
2025-07-02T10:43:00+02:00;55596;27;1;100;heavy;3
2025-07-02T10:43:00+02:00;55597;36;1;100;freeFlow;3
2025-07-02T10:43:00+02:00;55702;50;6;0;unknown;0
2025-07-02T10:43:00+02:00;55704;50;17;0;unknown;0
2025-07-02T10:43:00+02:00;5576_D;38;9;20;heavy;1
2025-07-02T10:43:00+02:00;5576_G;11;30;60;congested;1
2025-07-02T10:43:00+02:00;55881;48;1;45;freeFlow;1
2025-07-02T10:43:00+02:00;55900;48;2;45;freeFlow;1
2025-07-02T10:43:00+02:00;55929_D;42;10;57;freeFlow;1
2025-07-02T10:43:00+02:00;55929_G;26;16;52;heavy;1
2025-07-02T10:43:00+02:00;55976;39;3;100;freeFlow;3
2025-07-02T10:43:00+02:00;56024;61;16;60;freeFlow;1
2025-07-02T10:43:00+02:00;56131;31;4;32;heavy;1
2025-07-02T10:43:00+02:00;56257;30;7;0;unknown;0
2025-07-02T10:43:00+02:00;563566;50;3;0;unknown;0
2025-07-02T10:43:00+02:00;563571;50;6;0;unknown;0
2025-07-02T10:43:00+02:00;563844_D;49;18;100;heavy;3
2025-07-02T10:43:00+02:00;563844_G;42;20;100;heavy;3
2025-07-02T10:43:00+02:00;563846;52;6;60;freeFlow;1
2025-07-02T10:43:00+02:00;563903_D;10;166;58;congested;1
2025-07-02T10:43:00+02:00;563903_G;50;34;0;unknown;0
2025-07-02T10:43:00+02:00;564067_D;47;27;100;heavy;4
2025-07-02T10:43:00+02:00;564067_G;68;19;100;freeFlow;4
2025-07-02T10:43:00+02:00;564195_D;19;25;55;heavy;2
2025-07-02T10:43:00+02:00;564195_G;18;25;39;heavy;2
2025-07-02T10:43:00+02:00;56441;105;2;60;freeFlow;1
2025-07-02T10:43:00+02:00;5651;35;2;52;freeFlow;1
2025-07-02T10:43:00+02:00;5652;57;1;75;freeFlow;2
2025-07-02T10:43:00+02:00;565232;36;3;20;freeFlow;1
2025-07-02T10:43:00+02:00;5653;35;1;52;freeFlow;1
2025-07-02T10:43:00+02:00;565374;45;46;75;freeFlow;2
2025-07-02T10:43:00+02:00;565376;21;98;99;heavy;5
2025-07-02T10:43:00+02:00;565393;65;72;100;freeFlow;4
2025-07-02T10:43:00+02:00;5654;57;1;75;freeFlow;2
2025-07-02T10:43:00+02:00;565682_D;44;21;75;heavy;2
2025-07-02T10:43:00+02:00;565682_G;51;19;30;freeFlow;1
2025-07-02T10:43:00+02:00;565731_D;35;3;75;freeFlow;2
2025-07-02T10:43:00+02:00;565731_G;44;2;57;freeFlow;1
2025-07-02T10:43:00+02:00;565732;52;1;60;freeFlow;1
2025-07-02T10:43:00+02:00;56584;30;8;100;heavy;3
2025-07-02T10:43:00+02:00;565854;55;18;100;freeFlow;3
2025-07-02T10:43:00+02:00;566176_D;47;24;48;heavy;1
2025-07-02T10:43:00+02:00;566176_G;35;32;60;heavy;1
2025-07-02T10:43:00+02:00;56619_D;47;9;50;freeFlow;1
2025-07-02T10:43:00+02:00;56619_G;117;4;45;freeFlow;1
2025-07-02T10:43:00+02:00;566287_D;30;16;0;unknown;0
2025-07-02T10:43:00+02:00;566287_G;30;16;0;unknown;0
2025-07-02T10:43:00+02:00;566302_D;25;1;12;heavy;1
2025-07-02T10:43:00+02:00;566302_G;36;1;45;freeFlow;1
2025-07-02T10:43:00+02:00;566303_D;42;18;60;freeFlow;1
2025-07-02T10:43:00+02:00;566303_G;42;17;45;freeFlow;1
2025-07-02T10:43:00+02:00;5663_D;83;32;75;freeFlow;2
2025-07-02T10:43:00+02:00;5663_G;54;48;55;heavy;1
2025-07-02T10:43:00+02:00;566407_D;28;3;66;freeFlow;2
2025-07-02T10:43:00+02:00;566407_G;27;3;60;freeFlow;1
2025-07-02T10:43:00+02:00;566417_D;32;4;60;freeFlow;1
2025-07-02T10:43:00+02:00;566417_G;20;7;60;heavy;1
2025-07-02T10:43:00+02:00;566419;22;2;75;heavy;2
2025-07-02T10:43:00+02:00;566481;71;1;75;freeFlow;2
2025-07-02T10:43:00+02:00;566482;50;1;0;unknown;0
2025-07-02T10:43:00+02:00;566483;90;126;92;freeFlow;4
2025-07-02T10:43:00+02:00;566484;50;0;0;unknown;0
2025-07-02T10:43:00+02:00;5664_D;78;2;55;freeFlow;1
2025-07-02T10:43:00+02:00;5664_G;90;2;75;freeFlow;2
2025-07-02T10:43:00+02:00;566573_D;41;3;50;freeFlow;1
2025-07-02T10:43:00+02:00;566573_G;117;1;45;freeFlow;1
2025-07-02T10:43:00+02:00;566599_D;39;1;60;freeFlow;1
2025-07-02T10:43:00+02:00;566599_G;52;0;60;freeFlow;1
2025-07-02T10:43:00+02:00;566706_D;24;7;20;heavy;1
2025-07-02T10:43:00+02:00;566706_G;50;4;0;unknown;0
2025-07-02T10:43:00+02:00;56676_G;29;7;75;heavy;2
2025-07-02T10:43:00+02:00;566850;47;3;68;freeFlow;2
2025-07-02T10:43:00+02:00;566924_D;50;6;0;unknown;0
2025-07-02T10:43:00+02:00;566924_G;9;34;40;congested;1
2025-07-02T10:43:00+02:00;566942;27;1;75;heavy;2
2025-07-02T10:43:00+02:00;56872;81;26;100;freeFlow;13
2025-07-02T10:43:00+02:00;56874;83;6;100;freeFlow;10
2025-07-02T10:43:00+02:00;56886;25;102;68;heavy;2
2025-07-02T10:43:00+02:00;56914;24;7;100;heavy;5
2025-07-02T10:43:00+02:00;56926;81;4;100;freeFlow;9
2025-07-02T10:43:00+02:00;57009;61;6;100;heavy;9
2025-07-02T10:43:00+02:00;57011;77;8;100;freeFlow;9
2025-07-02T10:43:00+02:00;57012;35;11;75;heavy;2
2025-07-02T10:43:00+02:00;57082_D;46;6;22;freeFlow;1
2025-07-02T10:43:00+02:00;57360_D;30;5;0;unknown;0
2025-07-02T10:43:00+02:00;57360_G;30;6;0;unknown;0
2025-07-02T10:43:00+02:00;57362_D;30;4;0;unknown;0
2025-07-02T10:43:00+02:00;57362_G;30;3;0;unknown;0
2025-07-02T10:43:00+02:00;57368_D;30;7;0;unknown;0
2025-07-02T10:43:00+02:00;57368_G;30;7;0;unknown;0
2025-07-02T10:43:00+02:00;57378_D;35;4;60;heavy;1
2025-07-02T10:43:00+02:00;57378_G;50;3;0;unknown;0
2025-07-02T10:43:00+02:00;62549;41;1;100;freeFlow;4
2025-07-02T10:43:00+02:00;62550;41;1;100;freeFlow;4
2025-07-02T10:43:00+02:00;62617_D;35;13;72;heavy;2
2025-07-02T10:43:00+02:00;62617_G;50;9;0;unknown;0
2025-07-02T10:43:00+02:00;62948_D;23;7;60;freeFlow;1
2025-07-02T10:43:00+02:00;62948_G;30;5;0;unknown;0
2025-07-02T10:43:00+02:00;63039;54;3;100;freeFlow;4
2025-07-02T10:43:00+02:00;63203_D;39;20;27;freeFlow;1
2025-07-02T10:43:00+02:00;63203_G;34;24;40;freeFlow;1
2025-07-02T10:43:00+02:00;63308;22;4;100;heavy;6
2025-07-02T10:43:00+02:00;63895_D;18;8;60;heavy;1
2025-07-02T10:43:00+02:00;63895_G;30;5;0;unknown;0
2025-07-02T10:43:00+02:00;63903;93;1;100;freeFlow;7
2025-07-02T10:43:00+02:00;63917;71;2;60;freeFlow;1
2025-07-02T10:43:00+02:00;63954_D;33;6;57;freeFlow;1
2025-07-02T10:43:00+02:00;63954_G;89;2;60;freeFlow;1
2025-07-02T10:43:00+02:00;63961_D;34;1;55;freeFlow;1
2025-07-02T10:43:00+02:00;63961_G;89;1;60;freeFlow;1
2025-07-02T10:43:00+02:00;63963_D;35;13;75;freeFlow;2
2025-07-02T10:43:00+02:00;63963_G;44;10;57;freeFlow;1
2025-07-02T10:43:00+02:00;63974;31;12;60;heavy;1
2025-07-02T10:43:00+02:00;64028;50;2;0;unknown;0
2025-07-02T10:43:00+02:00;64029;37;4;75;heavy;2
2025-07-02T10:43:00+02:00;64033;31;5;100;heavy;3
2025-07-02T10:43:00+02:00;64034;33;3;100;heavy;3
2025-07-02T10:43:00+02:00;64035;30;4;75;heavy;2
2025-07-02T10:43:00+02:00;64104_D;50;2;0;unknown;0
2025-07-02T10:43:00+02:00;64104_G;11;11;40;congested;1
2025-07-02T10:43:00+02:00;6421;54;43;69;heavy;2
2025-07-02T10:43:00+02:00;6422;71;9;73;heavy;2
2025-07-02T10:43:00+02:00;6423;93;15;75;freeFlow;2
2025-07-02T10:43:00+02:00;6424;99;30;88;freeFlow;4
2025-07-02T10:43:00+02:00;64792_D;50;13;0;unknown;0
2025-07-02T10:43:00+02:00;64792_G;38;18;45;freeFlow;1
2025-07-02T10:43:00+02:00;64862_D;20;24;0;unknown;0
2025-07-02T10:43:00+02:00;64862_G;18;28;60;heavy;1
2025-07-02T10:43:00+02:00;65281;68;2;15;freeFlow;1
2025-07-02T10:43:00+02:00;65283;68;2;15;freeFlow;1
2025-07-02T10:43:00+02:00;65293;68;3;15;freeFlow;1
2025-07-02T10:43:00+02:00;65961_D;50;27;0;unknown;0
2025-07-02T10:43:00+02:00;65961_G;45;30;42;freeFlow;1
2025-07-02T10:43:00+02:00;65966_D;50;1;0;unknown;0
2025-07-02T10:43:00+02:00;65966_G;21;2;45;heavy;1
2025-07-02T10:43:00+02:00;66020;55;1;100;freeFlow;3
2025-07-02T10:43:00+02:00;6615_D;50;12;100;heavy;4
2025-07-02T10:43:00+02:00;6615_G;46;12;100;heavy;5
2025-07-02T10:43:00+02:00;6616;26;2;100;heavy;5
2025-07-02T10:43:00+02:00;6619;24;5;100;heavy;3
2025-07-02T10:43:00+02:00;6620;31;8;100;heavy;9
2025-07-02T10:43:00+02:00;6621;38;3;100;heavy;5
2025-07-02T10:43:00+02:00;6622;36;2;96;heavy;5
2025-07-02T10:43:00+02:00;6623;36;1;55;heavy;1
2025-07-02T10:43:00+02:00;6628_D;56;15;52;freeFlow;1
2025-07-02T10:43:00+02:00;6628_G;66;13;27;freeFlow;1
2025-07-02T10:43:00+02:00;6629_D;54;18;73;freeFlow;2
2025-07-02T10:43:00+02:00;6629_G;66;15;27;freeFlow;1
2025-07-02T10:43:00+02:00;6643;35;19;100;heavy;3
2025-07-02T10:43:00+02:00;6644;26;26;71;heavy;2
2025-07-02T10:43:00+02:00;6645;40;2;60;freeFlow;1
2025-07-02T10:43:00+02:00;6646;40;1;60;freeFlow;1
2025-07-02T10:43:00+02:00;6647;40;1;60;freeFlow;1
2025-07-02T10:43:00+02:00;6648;35;2;100;heavy;3
2025-07-02T10:43:00+02:00;6649;40;2;60;freeFlow;1
2025-07-02T10:43:00+02:00;6650;40;4;91;freeFlow;3
2025-07-02T10:43:00+02:00;6651;46;3;75;freeFlow;2
2025-07-02T10:43:00+02:00;6669_D;55;90;52;heavy;1
2025-07-02T10:43:00+02:00;6669_G;55;91;75;heavy;2
2025-07-02T10:43:00+02:00;67069;33;5;52;heavy;1
2025-07-02T10:43:00+02:00;67223_D;31;2;55;freeFlow;1
2025-07-02T10:43:00+02:00;67223_G;89;1;60;freeFlow;1
2025-07-02T10:43:00+02:00;67229_D;44;9;60;freeFlow;1
2025-07-02T10:43:00+02:00;67229_G;41;10;60;freeFlow;1
2025-07-02T10:43:00+02:00;6723;96;8;50;freeFlow;1
2025-07-02T10:43:00+02:00;67324_D;58;17;100;freeFlow;4
2025-07-02T10:43:00+02:00;67324_G;49;20;60;heavy;1
2025-07-02T10:43:00+02:00;67330;25;2;60;freeFlow;1
2025-07-02T10:43:00+02:00;67332;25;3;60;freeFlow;1
2025-07-02T10:43:00+02:00;67334;25;1;60;freeFlow;1
2025-07-02T10:43:00+02:00;67340;30;2;0;unknown;0
2025-07-02T10:43:00+02:00;67341;30;10;0;unknown;0
2025-07-02T10:43:00+02:00;67344;13;15;60;heavy;1
2025-07-02T10:43:00+02:00;67352_D;30;13;0;unknown;0
2025-07-02T10:43:00+02:00;67352_G;19;19;60;heavy;1
2025-07-02T10:43:00+02:00;67380_D;39;21;75;freeFlow;2
2025-07-02T10:43:00+02:00;67380_G;32;26;100;heavy;4
2025-07-02T10:43:00+02:00;67385;24;5;75;heavy;2
2025-07-02T10:43:00+02:00;67389_D;50;1;0;unknown;0
2025-07-02T10:43:00+02:00;67389_G;27;3;38;heavy;1
2025-07-02T10:43:00+02:00;67390;30;3;60;heavy;1
2025-07-02T10:43:00+02:00;67391;25;7;73;heavy;2
2025-07-02T10:43:00+02:00;67392;11;14;73;congested;2
2025-07-02T10:43:00+02:00;67511_D;42;3;27;freeFlow;1
2025-07-02T10:43:00+02:00;67511_G;35;3;38;freeFlow;1
2025-07-02T10:43:00+02:00;67514_D;42;4;27;freeFlow;1
2025-07-02T10:43:00+02:00;67514_G;33;6;38;freeFlow;1
2025-07-02T10:43:00+02:00;67611;24;8;38;freeFlow;1
2025-07-02T10:43:00+02:00;67816;35;1;75;freeFlow;2
2025-07-02T10:43:00+02:00;67819_D;35;1;75;freeFlow;2
2025-07-02T10:43:00+02:00;67819_G;44;1;57;freeFlow;1
2025-07-02T10:43:00+02:00;67820;35;1;75;freeFlow;2
2025-07-02T10:43:00+02:00;67821;44;1;57;freeFlow;1
2025-07-02T10:43:00+02:00;67823;30;8;0;unknown;0
2025-07-02T10:43:00+02:00;67824;50;9;0;unknown;0
2025-07-02T10:43:00+02:00;67829;90;6;99;freeFlow;4
2025-07-02T10:43:00+02:00;67892_D;37;7;60;freeFlow;1
2025-07-02T10:43:00+02:00;67892_G;27;9;100;heavy;4
2025-07-02T10:43:00+02:00;68069;38;10;60;freeFlow;1
2025-07-02T10:43:00+02:00;68070;35;1;60;heavy;1
2025-07-02T10:43:00+02:00;68815;9;12;60;congested;1
2025-07-02T10:43:00+02:00;69060;38;2;60;freeFlow;1
2025-07-02T10:43:00+02:00;69061;49;3;60;freeFlow;2
2025-07-02T10:43:00+02:00;69062;38;1;60;freeFlow;1
2025-07-02T10:43:00+02:00;69063;22;1;42;freeFlow;1
2025-07-02T10:43:00+02:00;69064_D;38;1;60;freeFlow;1
2025-07-02T10:43:00+02:00;69064_G;22;2;42;freeFlow;1
2025-07-02T10:43:00+02:00;69270_D;50;2;0;unknown;0
2025-07-02T10:43:00+02:00;69270_G;32;2;75;heavy;2
2025-07-02T10:43:00+02:00;69277;25;3;42;freeFlow;1
2025-07-02T10:43:00+02:00;69464;30;1;0;unknown;0
2025-07-02T10:43:00+02:00;69467;43;1;60;freeFlow;1
2025-07-02T10:43:00+02:00;69493;33;19;100;heavy;4
2025-07-02T10:43:00+02:00;69495;21;19;100;heavy;4
2025-07-02T10:43:00+02:00;69591;16;18;100;heavy;3
2025-07-02T10:43:00+02:00;69673;3;119;60;congested;1
2025-07-02T10:43:00+02:00;69878;44;19;100;freeFlow;4
2025-07-02T10:43:00+02:00;71197_D;39;29;20;heavy;1
2025-07-02T10:43:00+02:00;71197_G;12;95;60;congested;1
2025-07-02T10:43:00+02:00;71455_D;50;3;0;unknown;0
2025-07-02T10:43:00+02:00;71492_D;28;7;60;heavy;1
2025-07-02T10:43:00+02:00;71492_G;27;7;65;heavy;3
2025-07-02T10:43:00+02:00;71493_D;39;8;75;freeFlow;2
2025-07-02T10:43:00+02:00;71493_G;104;3;27;freeFlow;1
2025-07-02T10:43:00+02:00;71494;24;6;100;heavy;3
2025-07-02T10:43:00+02:00;71496;104;2;27;freeFlow;1
2025-07-02T10:43:00+02:00;71497;32;2;75;heavy;2
2025-07-02T10:43:00+02:00;71504_D;23;2;100;heavy;3
2025-07-02T10:43:00+02:00;71504_G;104;0;27;freeFlow;1
2025-07-02T10:43:00+02:00;71508_D;18;26;52;heavy;2
2025-07-02T10:43:00+02:00;71508_G;33;14;25;heavy;1
2025-07-02T10:43:00+02:00;71509_D;66;15;75;freeFlow;2
2025-07-02T10:43:00+02:00;71509_G;104;10;27;freeFlow;1
2025-07-02T10:43:00+02:00;71554_D;23;10;60;heavy;1
2025-07-02T10:43:00+02:00;71554_G;25;9;10;heavy;1
2025-07-02T10:43:00+02:00;71555_D;32;4;70;heavy;2
2025-07-02T10:43:00+02:00;71555_G;39;3;38;freeFlow;1
2025-07-02T10:43:00+02:00;71661;42;7;75;heavy;2
2025-07-02T10:43:00+02:00;71668;62;11;100;heavy;3
2025-07-02T10:43:00+02:00;72425;95;13;60;freeFlow;1
2025-07-02T10:43:00+02:00;72487_D;61;41;38;freeFlow;1
2025-07-02T10:43:00+02:00;72842_D;50;22;0;unknown;0
2025-07-02T10:43:00+02:00;72842_G;50;22;0;unknown;0
2025-07-02T10:43:00+02:00;72940_D;50;24;0;unknown;0
2025-07-02T10:43:00+02:00;72940_G;48;24;60;freeFlow;1
2025-07-02T10:43:00+02:00;73636;33;5;38;heavy;1
2025-07-02T10:43:00+02:00;74067;48;2;75;heavy;2
2025-07-02T10:43:00+02:00;74454;40;1;75;heavy;2
2025-07-02T10:43:00+02:00;74457_D;58;17;75;freeFlow;2
2025-07-02T10:43:00+02:00;74457_G;57;18;43;freeFlow;2
2025-07-02T10:43:00+02:00;74459;40;1;75;heavy;2
2025-07-02T10:43:00+02:00;74460;49;1;27;heavy;1
2025-07-02T10:43:00+02:00;74461;49;1;27;heavy;1
2025-07-02T10:43:00+02:00;74688_D;35;26;60;freeFlow;1
2025-07-02T10:43:00+02:00;74688_G;56;16;60;freeFlow;1
2025-07-02T10:43:00+02:00;74748_D;80;4;0;unknown;0
2025-07-02T10:43:00+02:00;74748_G;80;4;0;unknown;0
2025-07-02T10:43:00+02:00;75340;50;1;0;unknown;0
2025-07-02T10:43:00+02:00;75343_D;32;11;57;freeFlow;1
2025-07-02T10:43:00+02:00;75343_G;30;12;0;unknown;0
2025-07-02T10:43:00+02:00;75344;31;2;57;heavy;1
2025-07-02T10:43:00+02:00;75346;29;3;74;heavy;2
2025-07-02T10:43:00+02:00;75347_D;50;1;0;unknown;0
2025-07-02T10:43:00+02:00;75347_G;20;4;60;heavy;1
2025-07-02T10:43:00+02:00;75348;50;1;0;unknown;0
2025-07-02T10:43:00+02:00;75353;50;1;0;unknown;0
2025-07-02T10:43:00+02:00;75356_D;53;10;60;freeFlow;1
2025-07-02T10:43:00+02:00;75356_G;50;10;0;unknown;0
2025-07-02T10:43:00+02:00;75358;50;1;0;unknown;0
2025-07-02T10:43:00+02:00;75359;53;1;60;freeFlow;1
2025-07-02T10:43:00+02:00;75385;19;4;60;heavy;1
2025-07-02T10:43:00+02:00;75533_D;57;1;60;freeFlow;1
2025-07-02T10:43:00+02:00;75533_G;88;0;0;unknown;0
2025-07-02T10:43:00+02:00;75630;60;26;75;freeFlow;2
2025-07-02T10:43:00+02:00;75810;71;11;60;freeFlow;1
2025-07-02T10:43:00+02:00;75811;66;7;75;freeFlow;2
2025-07-02T10:43:00+02:00;75812;83;5;100;freeFlow;11
2025-07-02T10:43:00+02:00;75813;86;3;100;freeFlow;8
2025-07-02T10:43:00+02:00;75814;81;3;100;freeFlow;11
2025-07-02T10:43:00+02:00;75815;76;18;100;freeFlow;9
2025-07-02T10:43:00+02:00;75816;35;6;100;heavy;5
2025-07-02T10:43:00+02:00;75819_D;50;4;75;freeFlow;2
2025-07-02T10:43:00+02:00;75819_G;80;3;60;freeFlow;1
2025-07-02T10:43:00+02:00;75821;87;3;100;freeFlow;7
2025-07-02T10:43:00+02:00;75823;80;5;100;freeFlow;6
2025-07-02T10:43:00+02:00;75841;47;8;60;freeFlow;1
2025-07-02T10:43:00+02:00;75842;47;8;72;freeFlow;2
2025-07-02T10:43:00+02:00;75855;44;2;100;heavy;3
2025-07-02T10:43:00+02:00;75858;39;2;100;heavy;3
2025-07-02T10:43:00+02:00;75859;38;5;100;heavy;3
2025-07-02T10:43:00+02:00;75860;44;4;60;heavy;1
2025-07-02T10:43:00+02:00;75861;44;2;60;heavy;1
2025-07-02T10:43:00+02:00;75862;44;4;57;heavy;1
2025-07-02T10:43:00+02:00;75863;44;2;57;heavy;1
2025-07-02T10:43:00+02:00;75864;70;1;0;unknown;0
2025-07-02T10:43:00+02:00;75865;70;2;0;unknown;0
2025-07-02T10:43:00+02:00;75866;85;11;100;freeFlow;8
2025-07-02T10:43:00+02:00;75867;80;15;100;freeFlow;8
2025-07-02T10:43:00+02:00;75869;85;62;100;freeFlow;13
2025-07-02T10:43:00+02:00;75873_D;54;10;75;freeFlow;2
2025-07-02T10:43:00+02:00;75873_G;34;14;0;unknown;0
2025-07-02T10:43:00+02:00;75874_D;54;8;75;freeFlow;2
2025-07-02T10:43:00+02:00;75874_G;50;8;0;unknown;0
2025-07-02T10:43:00+02:00;75875;56;5;60;freeFlow;1
2025-07-02T10:43:00+02:00;75876;54;9;60;freeFlow;1
2025-07-02T10:43:00+02:00;75877;48;18;32;freeFlow;1
2025-07-02T10:43:00+02:00;75878;54;15;60;freeFlow;1
2025-07-02T10:43:00+02:00;75879;65;3;75;freeFlow;2
2025-07-02T10:43:00+02:00;75880;52;16;60;freeFlow;1
2025-07-02T10:43:00+02:00;75882;60;16;75;heavy;2
2025-07-02T10:43:00+02:00;75883;76;5;100;freeFlow;11
2025-07-02T10:43:00+02:00;75884;66;6;100;freeFlow;9
2025-07-02T10:43:00+02:00;75885;81;3;100;freeFlow;12
2025-07-02T10:43:00+02:00;75886;73;8;100;freeFlow;9
2025-07-02T10:43:00+02:00;75911;38;7;57;freeFlow;2
2025-07-02T10:43:00+02:00;75912;58;5;75;freeFlow;2
2025-07-02T10:43:00+02:00;76094;16;35;60;heavy;1
2025-07-02T10:43:00+02:00;7864_D;55;65;100;heavy;4
2025-07-02T10:43:00+02:00;7864_G;73;49;100;freeFlow;4
2025-07-02T10:43:00+02:00;790_D;74;11;20;freeFlow;1
2025-07-02T10:43:00+02:00;790_G;37;22;75;heavy;2
2025-07-02T10:43:00+02:00;791_D;43;20;100;heavy;4
2025-07-02T10:43:00+02:00;791_G;16;54;75;congested;2
2025-07-02T10:43:00+02:00;7936;46;16;57;heavy;1
2025-07-02T10:43:00+02:00;7937;73;30;73;freeFlow;2
2025-07-02T10:43:00+02:00;7938;96;31;88;freeFlow;3
2025-07-02T10:43:00+02:00;7995_D;52;20;100;heavy;3
2025-07-02T10:43:00+02:00;7995_G;74;13;100;freeFlow;4
2025-07-02T10:43:00+02:00;862_D;47;23;75;heavy;2
2025-07-02T10:43:00+02:00;862_G;79;14;22;freeFlow;1
2025-07-02T10:43:00+02:00;863_D;66;10;75;freeFlow;2
2025-07-02T10:43:00+02:00;863_G;77;9;22;freeFlow;1
2025-07-02T10:43:00+02:00;8745;35;6;100;heavy;4
2025-07-02T10:43:00+02:00;8962;92;24;100;freeFlow;6
2025-07-02T10:43:00+02:00;8963_D;58;8;75;freeFlow;2
2025-07-02T10:43:00+02:00;8963_G;87;5;100;freeFlow;3
2025-07-02T10:43:00+02:00;8966;102;12;100;freeFlow;6
2025-07-02T10:43:00+02:00;8969;68;19;100;heavy;5
2025-07-02T10:43:00+02:00;8970;87;18;100;freeFlow;4
2025-07-02T10:43:00+02:00;8971;88;23;100;freeFlow;4
2025-07-02T10:43:00+02:00;8974_D;55;4;38;freeFlow;1
2025-07-02T10:43:00+02:00;8974_G;43;5;75;heavy;2
2025-07-02T10:43:00+02:00;8976_D;28;12;86;heavy;3
2025-07-02T10:43:00+02:00;8976_G;50;7;75;freeFlow;2
2025-07-02T10:43:00+02:00;8977_D;110;3;60;freeFlow;1
2025-07-02T10:43:00+02:00;8977_G;53;6;75;freeFlow;2
2025-07-02T10:43:00+02:00;8978;97;14;100;freeFlow;4
2025-07-02T10:43:00+02:00;9040;64;14;60;freeFlow;1
2025-07-02T10:43:00+02:00;9041;37;5;100;freeFlow;4
2025-07-02T10:43:00+02:00;9042;39;2;75;freeFlow;2
2025-07-02T10:43:00+02:00;9043;16;10;100;heavy;4
2025-07-02T10:43:00+02:00;9044;40;3;75;freeFlow;2
2025-07-02T10:43:00+02:00;9045;50;2;0;unknown;0
2025-07-02T10:43:00+02:00;9046;39;2;75;freeFlow;2
2025-07-02T10:43:00+02:00;9047;39;3;75;freeFlow;2
2025-07-02T10:43:00+02:00;9048;50;11;100;heavy;4
2025-07-02T10:43:00+02:00;9049;36;4;100;freeFlow;4
2025-07-02T10:43:00+02:00;9050;35;2;100;freeFlow;4
2025-07-02T10:43:00+02:00;9051;30;5;100;heavy;5
2025-07-02T10:43:00+02:00;9052;42;2;60;freeFlow;1
2025-07-02T10:43:00+02:00;9053;29;4;75;heavy;2
2025-07-02T10:43:00+02:00;9054;37;16;75;freeFlow;2
2025-07-02T10:43:00+02:00;9055;37;16;60;freeFlow;1
2025-07-02T10:43:00+02:00;9057_D;69;8;100;freeFlow;5
2025-07-02T10:43:00+02:00;9057_G;70;8;100;freeFlow;3
2025-07-02T10:43:00+02:00;9058_D;62;22;100;freeFlow;3
2025-07-02T10:43:00+02:00;9058_G;68;20;100;freeFlow;3
2025-07-02T10:43:00+02:00;9059_D;59;11;100;freeFlow;3
2025-07-02T10:43:00+02:00;9059_G;54;11;100;heavy;3
2025-07-02T10:43:00+02:00;9060;36;5;100;heavy;3
2025-07-02T10:43:00+02:00;9061;48;3;75;heavy;2
2025-07-02T10:43:00+02:00;9062;27;6;100;heavy;3
2025-07-02T10:43:00+02:00;9063;40;3;75;heavy;2
2025-07-02T10:43:00+02:00;9068_D;56;32;75;heavy;2
2025-07-02T10:43:00+02:00;9068_G;45;40;100;heavy;3
2025-07-02T10:43:00+02:00;9070_D;71;29;100;freeFlow;5
2025-07-02T10:43:00+02:00;9070_G;68;31;100;freeFlow;5
2025-07-02T10:43:00+02:00;9073;84;5;100;freeFlow;19
2025-07-02T10:43:00+02:00;9074;89;10;100;freeFlow;10
2025-07-02T10:43:00+02:00;9082_D;80;3;75;freeFlow;2
2025-07-02T10:43:00+02:00;9082_G;76;3;27;freeFlow;1
2025-07-02T10:43:00+02:00;9090_D;53;25;60;freeFlow;1
2025-07-02T10:43:00+02:00;9090_G;116;12;48;freeFlow;2
2025-07-02T10:43:00+02:00;9103;52;27;100;heavy;3
2025-07-02T10:43:00+02:00;9108;69;18;100;freeFlow;3
2025-07-02T10:43:00+02:00;9114;67;1;100;freeFlow;3
2025-07-02T10:43:00+02:00;9115;73;20;60;freeFlow;1
2025-07-02T10:43:00+02:00;9116;64;2;100;freeFlow;3
2025-07-02T10:43:00+02:00;9117;67;8;100;freeFlow;3
2025-07-02T10:43:00+02:00;9133;54;35;100;heavy;3
2025-07-02T10:43:00+02:00;9134;57;26;100;heavy;4
2025-07-02T10:43:00+02:00;9177;106;18;50;freeFlow;1
2025-07-02T10:43:00+02:00;9190;44;8;100;heavy;3
2025-07-02T10:43:00+02:00;9199;52;1;100;heavy;3
2025-07-02T10:43:00+02:00;9200;90;2;0;unknown;0
2025-07-02T10:43:00+02:00;9201;36;2;100;heavy;4
2025-07-02T10:43:00+02:00;9202;35;3;43;heavy;2
2025-07-02T10:43:00+02:00;9203;53;2;60;heavy;1
2025-07-02T10:43:00+02:00;9204;53;2;60;heavy;1
2025-07-02T10:43:00+02:00;9213;56;49;88;freeFlow;3
2025-07-02T10:43:00+02:00;9214_D;70;1;0;unknown;0
2025-07-02T10:43:00+02:00;9214_G;108;1;60;freeFlow;1
2025-07-02T10:43:00+02:00;9215;81;34;78;freeFlow;3
2025-07-02T10:43:00+02:00;9279;84;25;100;freeFlow;4
2025-07-02T10:43:00+02:00;9280;77;31;100;heavy;4
2025-07-02T10:43:00+02:00;9343_D;85;14;32;freeFlow;1
2025-07-02T10:43:00+02:00;9343_G;101;12;60;freeFlow;1
2025-07-02T10:43:00+02:00;9344_D;54;11;35;freeFlow;1
2025-07-02T10:43:00+02:00;9344_G;69;9;60;freeFlow;1
2025-07-02T10:43:00+02:00;9345_D;49;16;35;freeFlow;1
2025-07-02T10:43:00+02:00;9345_G;66;13;75;freeFlow;2
2025-07-02T10:43:00+02:00;9346_D;47;10;35;freeFlow;1
2025-07-02T10:43:00+02:00;9346_G;62;7;75;freeFlow;2
2025-07-02T10:43:00+02:00;9348_D;52;4;35;freeFlow;1
2025-07-02T10:43:00+02:00;9348_G;44;5;90;freeFlow;3
2025-07-02T10:43:00+02:00;9351_D;65;18;38;freeFlow;1
2025-07-02T10:43:00+02:00;9351_G;85;13;40;freeFlow;1
2025-07-02T10:43:00+02:00;9370_D;82;10;32;freeFlow;1
2025-07-02T10:43:00+02:00;9370_G;94;9;60;freeFlow;1
2025-07-02T10:43:00+02:00;9371_D;72;9;35;freeFlow;1
2025-07-02T10:43:00+02:00;9371_G;82;8;60;freeFlow;1
2025-07-02T10:43:00+02:00;9378;76;15;100;freeFlow;20
2025-07-02T10:43:00+02:00;9379;91;12;100;freeFlow;9
2025-07-02T10:43:00+02:00;9414_D;39;7;30;freeFlow;1
2025-07-02T10:43:00+02:00;9414_G;40;7;75;freeFlow;2
2025-07-02T10:43:00+02:00;9416_D;46;5;30;freeFlow;1
2025-07-02T10:43:00+02:00;9416_G;40;5;60;freeFlow;1
2025-07-02T10:43:00+02:00;9418_D;3;111;42;congested;1
2025-07-02T10:43:00+02:00;9418_G;6;62;60;congested;1
2025-07-02T10:43:00+02:00;9421;36;3;48;freeFlow;2
2025-07-02T10:43:00+02:00;9422;30;3;32;freeFlow;1
2025-07-02T10:43:00+02:00;9423;28;4;60;freeFlow;1
2025-07-02T10:43:00+02:00;9424;26;7;60;freeFlow;1
2025-07-02T10:43:00+02:00;9425_D;37;4;30;freeFlow;1
2025-07-02T10:43:00+02:00;9425_G;18;7;60;heavy;1
2025-07-02T10:43:00+02:00;9427_D;55;6;30;heavy;1
2025-07-02T10:43:00+02:00;9427_G;49;6;60;heavy;1
2025-07-02T10:43:00+02:00;9434_D;66;12;30;freeFlow;1
2025-07-02T10:43:00+02:00;9434_G;83;9;60;freeFlow;1
2025-07-02T10:43:00+02:00;9435_D;73;14;32;freeFlow;1
2025-07-02T10:43:00+02:00;9435_G;97;11;60;freeFlow;1
2025-07-02T10:43:00+02:00;9437_D;84;14;32;freeFlow;1
2025-07-02T10:43:00+02:00;9437_G;103;11;60;freeFlow;1
2025-07-02T10:43:00+02:00;9588_D;76;8;75;freeFlow;2
2025-07-02T10:43:00+02:00;9588_G;76;8;27;freeFlow;1
2025-07-02T10:43:00+02:00;9625_D;70;5;75;freeFlow;2
2025-07-02T10:43:00+02:00;9625_G;69;5;27;freeFlow;1
2025-07-02T10:43:00+02:00;9739;33;4;99;heavy;3
2025-07-02T10:43:00+02:00;9740;19;3;60;congested;1
2025-07-02T10:43:00+02:00;9741;118;1;32;freeFlow;1
2025-07-02T10:43:00+02:00;9742;20;7;60;congested;2
2025-07-02T10:43:00+02:00;9745_D;29;5;60;heavy;1
2025-07-02T10:43:00+02:00;9745_G;118;2;32;freeFlow;1
2025-07-02T10:43:00+02:00;9757_D;33;3;75;heavy;2
2025-07-02T10:43:00+02:00;9757_G;16;7;30;congested;1
2025-07-02T10:43:00+02:00;9758_D;34;9;75;heavy;2
2025-07-02T10:43:00+02:00;9758_G;14;22;30;congested;1
2025-07-02T10:43:00+02:00;9834_D;66;30;60;freeFlow;1
2025-07-02T10:43:00+02:00;9834_G;87;23;48;freeFlow;2
2025-07-02T10:43:00+02:00;9912;39;4;52;heavy;1
2025-07-02T10:43:00+02:00;9913;42;2;60;heavy;1
2025-07-02T10:43:00+02:00;9914;42;2;60;heavy;1
2025-07-02T10:43:00+02:00;9915;41;3;74;heavy;2
2025-07-02T10:43:00+02:00;9916;45;3;59;heavy;2
2025-07-02T10:43:00+02:00;9917_D;50;3;38;freeFlow;1
2025-07-02T10:43:00+02:00;9917_G;42;3;60;heavy;1
2025-07-02T10:43:00+02:00;9921_D;51;29;60;freeFlow;1
2025-07-02T10:43:00+02:00;9921_G;72;21;48;freeFlow;2
2025-07-02T10:43:00+02:00;1601981;44;4;60;freeFlow;1
2025-07-02T10:43:00+02:00;1601982;64;14;75;freeFlow;2
2025-07-02T10:43:00+02:00;1634;107;5;70;freeFlow;2
2025-07-02T10:43:00+02:00;1635;69;2;52;freeFlow;1
2025-07-02T10:43:00+02:00;1636;30;5;75;heavy;2
2025-07-02T10:43:00+02:00;1637;32;4;100;heavy;6
2025-07-02T10:43:00+02:00;1640;31;3;73;heavy;9
2025-07-02T10:43:00+02:00;1641;107;2;70;freeFlow;2
2025-07-02T10:43:00+02:00;1642;39;2;98;heavy;4
2025-07-02T10:43:00+02:00;1678329;38;16;75;freeFlow;2
2025-07-02T10:43:00+02:00;1680500_D;42;6;75;freeFlow;2
2025-07-02T10:43:00+02:00;1680500_G;61;5;60;freeFlow;1
2025-07-02T10:43:00+02:00;1680501;52;16;100;freeFlow;8
2025-07-02T10:43:00+02:00;1680580;105;4;60;freeFlow;1
2025-07-02T10:43:00+02:00;1680586;105;1;60;freeFlow;1
2025-07-02T10:43:00+02:00;1680594;104;0;60;freeFlow;1
2025-07-02T10:43:00+02:00;1680595;50;1;0;unknown;0
2025-07-02T10:43:00+02:00;1680596;104;0;60;freeFlow;1
2025-07-02T10:43:00+02:00;1680597;105;0;60;freeFlow;1
2025-07-02T10:43:00+02:00;1680604;105;1;60;freeFlow;1
2025-07-02T10:43:00+02:00;1747_D;44;2;100;freeFlow;4
2025-07-02T10:43:00+02:00;1747_G;7;12;53;congested;2
2025-07-02T10:43:00+02:00;1762;24;22;60;heavy;1
2025-07-02T10:43:00+02:00;1763;35;16;100;freeFlow;5
2025-07-02T10:43:00+02:00;1765_D;23;18;100;heavy;4
2025-07-02T10:43:00+02:00;1765_G;104;4;27;freeFlow;1
2025-07-02T10:43:00+02:00;1852;79;14;100;freeFlow;12
2025-07-02T10:43:00+02:00;1857;90;24;100;freeFlow;9
2025-07-02T10:43:00+02:00;1858;81;11;100;freeFlow;9
2025-07-02T10:43:00+02:00;1859;91;11;100;freeFlow;6
2025-07-02T10:43:00+02:00;1860;63;20;100;freeFlow;4
2025-07-02T10:43:00+02:00;1910718_D;91;1;75;freeFlow;2
2025-07-02T10:43:00+02:00;1910718_G;38;3;35;freeFlow;1
2025-07-02T10:43:00+02:00;1910863_D;46;12;22;freeFlow;1
2025-07-02T10:43:00+02:00;1910863_G;50;11;0;unknown;0
2025-07-02T10:43:00+02:00;1911250;13;18;75;congested;2
2025-07-02T10:43:00+02:00;35088;39;6;75;heavy;2
2025-07-02T10:43:00+02:00;35089;50;4;100;freeFlow;3
2025-07-02T10:43:00+02:00;35090;39;2;100;heavy;3
2025-07-02T10:43:00+02:00;35091;68;2;75;freeFlow;2
2025-07-02T10:43:00+02:00;35093;37;7;100;heavy;3
2025-07-02T10:43:00+02:00;35094;51;5;75;freeFlow;2
2025-07-02T10:43:00+02:00;35099;30;4;60;heavy;2
2025-07-02T10:43:00+02:00;35101;47;2;60;heavy;1
2025-07-02T10:43:00+02:00;35102;38;2;75;heavy;2
2025-07-02T10:43:00+02:00;35104;57;46;60;freeFlow;1
2025-07-02T10:43:00+02:00;35116;33;4;60;heavy;1
2025-07-02T10:43:00+02:00;35117;36;5;68;freeFlow;2
2025-07-02T10:43:00+02:00;35118;35;5;95;freeFlow;3
2025-07-02T10:43:00+02:00;35119;34;6;60;heavy;1
2025-07-02T10:43:00+02:00;35120_D;27;3;48;heavy;1
2025-07-02T10:43:00+02:00;35120_G;34;2;52;heavy;1
2025-07-02T10:43:00+02:00;35121_D;35;60;50;heavy;1
2025-07-02T10:43:00+02:00;35121_G;51;41;52;freeFlow;1
2025-07-02T10:43:00+02:00;40196;51;5;75;heavy;2
2025-07-02T10:43:00+02:00;40197;51;5;75;heavy;2
2025-07-02T10:43:00+02:00;41636_D;10;16;63;congested;2
2025-07-02T10:43:00+02:00;41636_G;25;7;57;heavy;1
2025-07-02T10:43:00+02:00;41652_G;28;8;73;heavy;2
2025-07-02T10:43:00+02:00;41653_D;42;2;48;freeFlow;1
2025-07-02T10:43:00+02:00;41653_G;30;3;57;heavy;1
2025-07-02T10:43:00+02:00;41667_D;42;4;48;freeFlow;1
2025-07-02T10:43:00+02:00;41667_G;30;4;57;heavy;1
2025-07-02T10:43:00+02:00;41668_D;27;2;52;heavy;1
2025-07-02T10:43:00+02:00;41668_G;9;5;60;congested;1
2025-07-02T10:43:00+02:00;41721;90;11;100;freeFlow;7
2025-07-02T10:43:00+02:00;41722;85;13;100;freeFlow;9
2025-07-02T10:43:00+02:00;41758;87;15;100;freeFlow;12
2025-07-02T10:43:00+02:00;41759;81;17;100;freeFlow;13
2025-07-02T10:43:00+02:00;41760;77;17;100;freeFlow;9
2025-07-02T10:43:00+02:00;41949_D;32;8;100;heavy;3
2025-07-02T10:43:00+02:00;41949_G;26;10;38;heavy;1
2025-07-02T10:43:00+02:00;41974_D;91;2;75;freeFlow;2
2025-07-02T10:43:00+02:00;41974_G;16;15;45;heavy;1
2025-07-02T10:43:00+02:00;41975_D;91;4;75;freeFlow;2
2025-07-02T10:43:00+02:00;41975_G;6;52;42;congested;1
2025-07-02T10:43:00+02:00;41985_D;20;4;52;heavy;1
2025-07-02T10:43:00+02:00;41985_G;22;3;60;heavy;1
2025-07-02T10:43:00+02:00;42064_D;10;20;55;congested;1
2025-07-02T10:43:00+02:00;42064_G;29;7;57;heavy;1
2025-07-02T10:43:00+02:00;420870_D;55;4;60;freeFlow;1
2025-07-02T10:43:00+02:00;420870_G;37;6;60;freeFlow;1
2025-07-02T10:43:00+02:00;42206_G;24;39;55;heavy;1
2025-07-02T10:43:00+02:00;42238_G;15;23;73;heavy;2
2025-07-02T10:43:00+02:00;42239_D;40;7;48;freeFlow;1
2025-07-02T10:43:00+02:00;42239_G;28;10;57;heavy;1
2025-07-02T10:43:00+02:00;42240_D;20;38;55;heavy;1
2025-07-02T10:43:00+02:00;42240_G;20;38;57;heavy;1
2025-07-02T10:43:00+02:00;42241_D;22;31;60;heavy;1
2025-07-02T10:43:00+02:00;42241_G;25;28;60;heavy;2
2025-07-02T10:43:00+02:00;42242_D;36;8;15;freeFlow;1
2025-07-02T10:43:00+02:00;42242_G;24;12;45;heavy;1
2025-07-02T10:43:00+02:00;42683_D;18;18;45;heavy;1
2025-07-02T10:43:00+02:00;42683_G;41;8;27;freeFlow;1
2025-07-02T10:43:00+02:00;42714_D;91;2;75;freeFlow;2
2025-07-02T10:43:00+02:00;42714_G;4;47;45;congested;1
2025-07-02T10:43:00+02:00;42716_D;91;1;75;freeFlow;2
2025-07-02T10:43:00+02:00;42716_G;28;3;38;heavy;1
2025-07-02T10:43:00+02:00;43449_D;25;9;60;freeFlow;1
2025-07-02T10:43:00+02:00;43449_G;30;7;0;unknown;0
2025-07-02T10:43:00+02:00;43450_D;14;22;60;heavy;1
2025-07-02T10:43:00+02:00;43450_G;30;10;0;unknown;0
2025-07-02T10:43:00+02:00;43451_G;30;16;0;unknown;0
2025-07-02T10:43:00+02:00;43452_D;13;13;75;heavy;2
2025-07-02T10:43:00+02:00;43452_G;30;5;0;unknown;0
2025-07-02T10:43:00+02:00;43475_D;50;4;0;unknown;0
2025-07-02T10:43:00+02:00;43475_G;50;4;0;unknown;0
2025-07-02T10:43:00+02:00;43622_D;18;6;50;heavy;1
2025-07-02T10:43:00+02:00;43622_G;35;3;75;heavy;2
2025-07-02T10:43:00+02:00;43623_D;10;19;55;congested;1
2025-07-02T10:43:00+02:00;43623_G;22;9;100;heavy;3
2025-07-02T10:43:00+02:00;43624_D;9;25;55;congested;1
2025-07-02T10:43:00+02:00;43624_G;11;21;60;congested;1
2025-07-02T10:43:00+02:00;43625_D;18;21;50;heavy;1
2025-07-02T10:43:00+02:00;43625_G;23;17;100;heavy;3
2025-07-02T10:43:00+02:00;43657_D;14;6;100;congested;3
2025-07-02T10:43:00+02:00;43657_G;18;5;50;heavy;1
2025-07-02T10:43:00+02:00;43659_D;20;8;75;heavy;2
2025-07-02T10:43:00+02:00;43659_G;30;5;0;unknown;0
2025-07-02T10:43:00+02:00;44039_D;50;2;0;unknown;0
2025-07-02T10:43:00+02:00;44039_G;50;2;0;unknown;0
2025-07-02T10:43:00+02:00;44040_D;29;15;60;heavy;1
2025-07-02T10:43:00+02:00;44040_G;24;18;60;heavy;1
2025-07-02T10:43:00+02:00;44041_D;29;16;100;heavy;3
2025-07-02T10:43:00+02:00;44041_G;24;19;60;heavy;1
2025-07-02T10:43:00+02:00;44042_D;33;14;100;heavy;3
2025-07-02T10:43:00+02:00;44042_G;50;9;0;unknown;0
2025-07-02T10:43:00+02:00;44071_D;17;16;74;heavy;2
2025-07-02T10:43:00+02:00;44071_G;23;13;75;freeFlow;2
2025-07-02T10:43:00+02:00;44080;28;4;75;heavy;2
2025-07-02T10:43:00+02:00;44113_D;28;10;40;heavy;1
2025-07-02T10:43:00+02:00;44113_G;37;8;60;freeFlow;1
2025-07-02T10:43:00+02:00;44114_D;9;28;40;congested;1
2025-07-02T10:43:00+02:00;44114_G;29;9;60;heavy;1
2025-07-02T10:43:00+02:00;44115_D;27;13;42;heavy;1
2025-07-02T10:43:00+02:00;44115_G;17;21;62;heavy;2
2025-07-02T10:43:00+02:00;44117_D;36;8;42;freeFlow;1
2025-07-02T10:43:00+02:00;44117_G;25;10;57;heavy;1
2025-07-02T10:43:00+02:00;44118_D;33;6;42;heavy;1
2025-07-02T10:43:00+02:00;44118_G;25;8;57;heavy;1
2025-07-02T10:43:00+02:00;44125_D;34;4;40;heavy;1
2025-07-02T10:43:00+02:00;44125_G;19;7;60;heavy;1
2025-07-02T10:43:00+02:00;44127;43;7;35;freeFlow;1
2025-07-02T10:43:00+02:00;44128;43;8;35;freeFlow;1
2025-07-02T10:43:00+02:00;44170_D;26;6;54;heavy;2
2025-07-02T10:43:00+02:00;44170_G;15;13;92;congested;3
2025-07-02T10:43:00+02:00;44713_D;49;1;60;freeFlow;1
2025-07-02T10:43:00+02:00;44713_G;46;1;40;freeFlow;1
2025-07-02T10:43:00+02:00;44930;78;2;60;freeFlow;1
2025-07-02T10:43:00+02:00;44931;78;9;60;freeFlow;1
2025-07-02T10:43:00+02:00;44934;86;23;100;freeFlow;8
2025-07-02T10:43:00+02:00;45486_G;26;7;60;heavy;1
2025-07-02T10:43:00+02:00;45487_G;31;8;60;heavy;1
2025-07-02T10:43:00+02:00;45488_D;33;21;60;heavy;1
2025-07-02T10:43:00+02:00;45488_G;37;18;60;freeFlow;1
2025-07-02T10:43:00+02:00;45489_D;32;8;60;heavy;1
2025-07-02T10:43:00+02:00;45489_G;32;8;60;heavy;1
2025-07-02T10:43:00+02:00;45490_D;41;4;60;freeFlow;1
2025-07-02T10:43:00+02:00;45490_G;32;5;60;heavy;1
2025-07-02T10:43:00+02:00;45503_D;37;4;0;unknown;0
2025-07-02T10:43:00+02:00;45503_G;18;7;60;heavy;1
2025-07-02T10:43:00+02:00;45504_D;37;4;0;unknown;0
2025-07-02T10:43:00+02:00;45504_G;19;8;60;heavy;1
2025-07-02T10:43:00+02:00;45505_D;37;9;0;unknown;0
2025-07-02T10:43:00+02:00;45505_G;30;11;60;heavy;1
2025-07-02T10:43:00+02:00;45530_D;28;2;59;freeFlow;2
2025-07-02T10:43:00+02:00;45530_G;25;3;57;freeFlow;1
2025-07-02T10:43:00+02:00;45531_D;34;2;42;freeFlow;1
2025-07-02T10:43:00+02:00;45531_G;7;7;55;congested;1
2025-07-02T10:43:00+02:00;45532_D;23;9;42;freeFlow;1
2025-07-02T10:43:00+02:00;45532_G;22;10;50;freeFlow;1
2025-07-02T10:43:00+02:00;45565_D;29;12;60;heavy;1
2025-07-02T10:43:00+02:00;45565_G;39;8;73;freeFlow;2
2025-07-02T10:43:00+02:00;45566_D;30;9;60;heavy;1
2025-07-02T10:43:00+02:00;45566_G;33;8;60;heavy;1
2025-07-02T10:43:00+02:00;45567_D;9;30;73;congested;2
2025-07-02T10:43:00+02:00;45567_G;33;9;60;heavy;1
2025-07-02T10:43:00+02:00;45568_D;24;18;60;heavy;1
2025-07-02T10:43:00+02:00;45568_G;10;49;60;congested;1
2025-07-02T10:43:00+02:00;45601_D;26;12;48;heavy;1
2025-07-02T10:43:00+02:00;45601_G;40;8;55;freeFlow;1
2025-07-02T10:43:00+02:00;45613_D;26;12;60;heavy;1
2025-07-02T10:43:00+02:00;45613_G;11;29;100;congested;3
2025-07-02T10:43:00+02:00;45614_D;35;6;60;freeFlow;1
2025-07-02T10:43:00+02:00;45614_G;30;7;60;heavy;1
2025-07-02T10:43:00+02:00;45636;82;14;60;freeFlow;1
2025-07-02T10:43:00+02:00;45637;83;13;100;freeFlow;10
2025-07-02T10:43:00+02:00;45640;44;11;22;freeFlow;1
2025-07-02T10:43:00+02:00;45641;48;26;100;heavy;10
2025-07-02T10:43:00+02:00;45642;80;26;100;freeFlow;12
2025-07-02T10:43:00+02:00;45644_D;28;33;60;heavy;1
2025-07-02T10:43:00+02:00;45644_G;31;31;96;heavy;3
2025-07-02T10:43:00+02:00;45645_G;38;15;60;freeFlow;1
2025-07-02T10:43:00+02:00;45725;81;39;100;freeFlow;9
2025-07-02T10:43:00+02:00;45736_D;7;65;60;congested;1
2025-07-02T10:43:00+02:00;45736_G;27;17;60;heavy;1
2025-07-02T10:43:00+02:00;45759_D;9;41;55;congested;1
2025-07-02T10:43:00+02:00;45759_G;10;39;75;congested;2
2025-07-02T10:43:00+02:00;45760_D;13;22;57;congested;1
2025-07-02T10:43:00+02:00;45760_G;29;10;75;heavy;2
2025-07-02T10:43:00+02:00;45761_G;33;9;75;heavy;2
2025-07-02T10:43:00+02:00;45762_D;23;11;57;heavy;1
2025-07-02T10:43:00+02:00;45762_G;30;8;75;heavy;2
2025-07-02T10:43:00+02:00;45849_D;33;2;20;heavy;1
2025-07-02T10:43:00+02:00;45849_G;50;2;0;unknown;0
2025-07-02T10:43:00+02:00;45850_D;46;2;22;freeFlow;1
2025-07-02T10:43:00+02:00;45850_G;50;2;0;unknown;0
2025-07-02T10:43:00+02:00;45865_G;44;8;27;freeFlow;1
2025-07-02T10:43:00+02:00;46027;68;1;15;freeFlow;1
2025-07-02T10:43:00+02:00;46028;21;34;25;heavy;1
2025-07-02T10:43:00+02:00;46029;16;10;77;heavy;3
2025-07-02T10:43:00+02:00;46036_D;6;82;55;congested;2
2025-07-02T10:43:00+02:00;46036_G;34;15;73;heavy;2
2025-07-02T10:43:00+02:00;46053_G;15;25;60;heavy;1
2025-07-02T10:43:00+02:00;46054_D;38;5;10;freeFlow;1
2025-07-02T10:43:00+02:00;46054_G;27;7;59;heavy;1
2025-07-02T10:43:00+02:00;46055_D;38;6;10;freeFlow;1
2025-07-02T10:43:00+02:00;46055_G;38;6;57;freeFlow;1
2025-07-02T10:43:00+02:00;46056_G;42;2;57;freeFlow;1
2025-07-02T10:43:00+02:00;46057_D;23;8;10;heavy;1
2025-07-02T10:43:00+02:00;46057_G;45;4;57;freeFlow;1
2025-07-02T10:43:00+02:00;46058_D;45;8;12;freeFlow;1
2025-07-02T10:43:00+02:00;46058_G;36;10;57;freeFlow;1
2025-07-02T10:43:00+02:00;46059_D;23;27;12;heavy;1
2025-07-02T10:43:00+02:00;46059_G;45;13;57;freeFlow;1
2025-07-02T10:43:00+02:00;46079_D;41;7;10;freeFlow;1
2025-07-02T10:43:00+02:00;46079_G;43;7;57;freeFlow;1
2025-07-02T10:43:00+02:00;46080_D;34;14;12;heavy;1
2025-07-02T10:43:00+02:00;46080_G;13;36;73;congested;2
2025-07-02T10:43:00+02:00;46081;25;10;52;heavy;1
2025-07-02T10:43:00+02:00;46135;36;9;50;freeFlow;1
2025-07-02T10:43:00+02:00;46136;24;12;48;heavy;1
2025-07-02T10:43:00+02:00;46137;50;9;0;unknown;0
2025-07-02T10:43:00+02:00;46163;15;21;55;heavy;1
2025-07-02T10:43:00+02:00;46228;106;10;50;freeFlow;1
2025-07-02T10:43:00+02:00;46230;79;18;100;freeFlow;13
2025-07-02T10:43:00+02:00;46251_D;34;5;60;heavy;1
2025-07-02T10:43:00+02:00;46251_G;22;8;60;heavy;1
2025-07-02T10:43:00+02:00;46264;75;22;73;freeFlow;2
2025-07-02T10:43:00+02:00;46265;77;9;100;freeFlow;12
2025-07-02T10:43:00+02:00;46266;77;3;100;freeFlow;13
2025-07-02T10:43:00+02:00;46267;83;10;100;freeFlow;10
2025-07-02T10:43:00+02:00;46268;84;18;100;freeFlow;9
2025-07-02T10:43:00+02:00;46270_D;40;6;71;freeFlow;2
2025-07-02T10:43:00+02:00;46270_G;20;11;69;heavy;2
2025-07-02T10:43:00+02:00;46271_D;40;7;55;freeFlow;1
2025-07-02T10:43:00+02:00;46271_G;9;28;52;congested;1
2025-07-02T10:43:00+02:00;46374_D;17;71;93;heavy;3
2025-07-02T10:43:00+02:00;46374_G;68;18;15;freeFlow;1
2025-07-02T10:43:00+02:00;46375_D;36;13;55;freeFlow;1
2025-07-02T10:43:00+02:00;46375_G;68;7;15;freeFlow;1
2025-07-02T10:43:00+02:00;46376_D;41;17;57;freeFlow;1
2025-07-02T10:43:00+02:00;46376_G;68;10;15;freeFlow;1
2025-07-02T10:43:00+02:00;46377_D;8;55;74;congested;2
2025-07-02T10:43:00+02:00;46377_G;68;6;15;freeFlow;1
2025-07-02T10:43:00+02:00;46427_D;33;11;52;heavy;1
2025-07-02T10:43:00+02:00;46427_G;68;5;15;freeFlow;1
2025-07-02T10:43:00+02:00;46559_D;18;4;48;heavy;2
2025-07-02T10:43:00+02:00;46559_G;31;2;22;heavy;1
2025-07-02T10:43:00+02:00;46560_D;24;16;32;heavy;1
2025-07-02T10:43:00+02:00;46560_G;5;75;22;congested;1
2025-07-02T10:43:00+02:00;46561_D;34;7;32;heavy;1
2025-07-02T10:43:00+02:00;46561_G;21;13;60;heavy;1
2025-07-02T10:43:00+02:00;46562_D;34;3;35;heavy;1
2025-07-02T10:43:00+02:00;46562_G;37;3;60;freeFlow;1
2025-07-02T10:43:00+02:00;46563_D;37;11;35;freeFlow;1
2025-07-02T10:43:00+02:00;46563_G;35;12;60;freeFlow;1
2025-07-02T10:43:00+02:00;46564_D;11;18;35;congested;1
2025-07-02T10:43:00+02:00;46564_G;31;7;60;heavy;1
2025-07-02T10:43:00+02:00;46565_D;41;4;38;freeFlow;1
2025-07-02T10:43:00+02:00;46565_G;43;4;60;freeFlow;1
2025-07-02T10:43:00+02:00;46566_D;41;6;38;freeFlow;1
2025-07-02T10:43:00+02:00;46566_G;48;5;60;freeFlow;1
2025-07-02T10:43:00+02:00;46567_G;68;1;15;freeFlow;1
2025-07-02T10:43:00+02:00;46568_D;37;2;20;freeFlow;1
2025-07-02T10:43:00+02:00;46568_G;25;3;25;heavy;1
2025-07-02T10:43:00+02:00;46569_D;19;25;20;heavy;1
2025-07-02T10:43:00+02:00;46569_G;33;15;25;heavy;1
2025-07-02T10:43:00+02:00;46627_D;8;63;47;congested;2
2025-07-02T10:43:00+02:00;46627_G;32;17;25;heavy;1
2025-07-02T10:43:00+02:00;46628_D;5;85;35;congested;1
2025-07-02T10:43:00+02:00;46628_G;28;14;60;heavy;1
2025-07-02T10:43:00+02:00;46640;10;73;20;congested;1
2025-07-02T10:43:00+02:00;46641;31;13;17;heavy;1
2025-07-02T10:43:00+02:00;46643;17;10;17;heavy;1
2025-07-02T10:43:00+02:00;46649;30;13;17;heavy;1
2025-07-02T10:43:00+02:00;46653_D;33;18;38;heavy;1
2025-07-02T10:43:00+02:00;46653_G;51;12;60;freeFlow;1
2025-07-02T10:43:00+02:00;46654_D;18;30;38;heavy;1
2025-07-02T10:43:00+02:00;46654_G;49;11;60;freeFlow;1
2025-07-02T10:43:00+02:00;46655_D;15;11;38;congested;1
2025-07-02T10:43:00+02:00;46655_G;22;7;60;heavy;1
2025-07-02T10:43:00+02:00;46682;20;25;75;heavy;2
2025-07-02T10:43:00+02:00;46683;19;3;75;heavy;2
2025-07-02T10:43:00+02:00;46684;40;12;40;freeFlow;1
2025-07-02T10:43:00+02:00;46685;47;22;100;heavy;4
2025-07-02T10:43:00+02:00;46686;107;12;70;freeFlow;2
2025-07-02T10:43:00+02:00;46688;103;11;60;freeFlow;1
2025-07-02T10:43:00+02:00;46716;76;1;100;freeFlow;8
2025-07-02T10:43:00+02:00;46717;89;42;100;freeFlow;10
2025-07-02T10:43:00+02:00;46718;75;14;100;freeFlow;9
2025-07-02T10:43:00+02:00;46719;30;26;75;heavy;2
2025-07-02T10:43:00+02:00;46720;7;31;60;congested;1
2025-07-02T10:43:00+02:00;46728;73;5;75;freeFlow;2
2025-07-02T10:43:00+02:00;46745_D;45;13;58;freeFlow;2
2025-07-02T10:43:00+02:00;46745_G;12;52;60;congested;1
2025-07-02T10:43:00+02:00;46746_D;40;22;60;freeFlow;1
2025-07-02T10:43:00+02:00;46746_G;23;38;60;heavy;1
2025-07-02T10:43:00+02:00;46975;30;5;0;unknown;0
2025-07-02T10:43:00+02:00;47024;27;6;75;heavy;2
2025-07-02T10:43:00+02:00;47025;15;25;75;heavy;2
2025-07-02T10:43:00+02:00;47030;16;20;48;heavy;1
2025-07-02T10:43:00+02:00;47057;77;11;100;freeFlow;15
2025-07-02T10:43:00+02:00;47058;82;23;100;freeFlow;20
2025-07-02T10:43:00+02:00;47059;90;14;100;freeFlow;8
2025-07-02T10:43:00+02:00;47060;91;11;100;freeFlow;9
2025-07-02T10:43:00+02:00;47062;45;19;35;freeFlow;1
2025-07-02T10:43:00+02:00;47064;31;2;100;heavy;7
2025-07-02T10:43:00+02:00;47066;44;3;100;freeFlow;7
2025-07-02T10:43:00+02:00;47068;19;35;71;congested;4
2025-07-02T10:43:00+02:00;47070;47;6;100;freeFlow;9
2025-07-02T10:43:00+02:00;47071;65;13;100;freeFlow;4
2025-07-02T10:43:00+02:00;47074;79;6;100;freeFlow;8
2025-07-02T10:43:00+02:00;47075;106;2;75;freeFlow;2
2025-07-02T10:43:00+02:00;47078;81;30;73;freeFlow;2
2025-07-02T10:43:00+02:00;47101;15;25;60;heavy;1
2025-07-02T10:43:00+02:00;47107;88;6;100;freeFlow;8
2025-07-02T10:43:00+02:00;47108;73;11;100;freeFlow;4
2025-07-02T10:43:00+02:00;47109;38;2;100;freeFlow;9
2025-07-02T10:43:00+02:00;47110;52;14;75;freeFlow;2
2025-07-02T10:43:00+02:00;47111;82;22;100;freeFlow;13
2025-07-02T10:43:00+02:00;47112;30;29;100;heavy;9
2025-07-02T10:43:00+02:00;47113;94;6;100;freeFlow;3
2025-07-02T10:43:00+02:00;47114;68;20;15;freeFlow;1
2025-07-02T10:43:00+02:00;47115;75;19;100;freeFlow;3
2025-07-02T10:43:00+02:00;47238;83;7;100;freeFlow;20
2025-07-02T10:43:00+02:00;47240;89;16;100;freeFlow;11
2025-07-02T10:43:00+02:00;47241;81;13;100;freeFlow;12
2025-07-02T10:43:00+02:00;47242;85;15;100;freeFlow;17
2025-07-02T10:43:00+02:00;47243;78;18;100;freeFlow;18
2025-07-02T10:43:00+02:00;47290;10;51;52;congested;1
2025-07-02T10:43:00+02:00;47293;61;9;100;freeFlow;16
2025-07-02T10:43:00+02:00;47299;31;11;100;heavy;3
2025-07-02T10:43:00+02:00;47300;85;14;75;freeFlow;2
2025-07-02T10:43:00+02:00;47306;90;22;100;freeFlow;9
2025-07-02T10:43:00+02:00;47316;107;3;70;freeFlow;2
2025-07-02T10:43:00+02:00;47428_D;50;5;0;unknown;0
2025-07-02T10:43:00+02:00;47428_G;50;5;0;unknown;0
2025-07-02T10:43:00+02:00;48769_D;23;6;57;heavy;1
2025-07-02T10:43:00+02:00;48769_G;37;3;75;freeFlow;2
2025-07-02T10:43:00+02:00;48890;20;1;55;heavy;1
2025-07-02T10:43:00+02:00;48891;50;1;0;unknown;0
2025-07-02T10:43:00+02:00;48958_D;9;24;55;congested;1
2025-07-02T10:43:00+02:00;48958_G;11;19;60;congested;1
2025-07-02T10:43:00+02:00;489866_G;37;5;60;freeFlow;1
2025-07-02T10:43:00+02:00;49004;54;4;57;freeFlow;1
2025-07-02T10:43:00+02:00;490194_D;91;1;75;freeFlow;2
2025-07-02T10:43:00+02:00;490194_G;18;3;38;heavy;1
2025-07-02T10:43:00+02:00;49023;84;7;75;freeFlow;2
2025-07-02T10:43:00+02:00;49068;37;17;25;freeFlow;1
2025-07-02T10:43:00+02:00;49074;45;2;60;heavy;1
2025-07-02T10:43:00+02:00;49075;49;2;60;heavy;1
2025-07-02T10:43:00+02:00;49081;67;8;52;freeFlow;1
2025-07-02T10:43:00+02:00;49084;25;17;50;heavy;1
2025-07-02T10:43:00+02:00;49137_D;24;8;60;heavy;1
2025-07-02T10:43:00+02:00;49137_G;24;8;60;heavy;1
2025-07-02T10:43:00+02:00;49184;19;6;100;heavy;3
2025-07-02T10:43:00+02:00;492351_G;27;4;60;heavy;1
2025-07-02T10:43:00+02:00;492359_D;17;15;60;heavy;1
2025-07-02T10:43:00+02:00;492363_D;50;9;0;unknown;0
2025-07-02T10:43:00+02:00;492363_G;50;10;0;unknown;0
2025-07-02T10:43:00+02:00;492435;14;31;96;congested;3
2025-07-02T10:43:00+02:00;492445_G;10;62;100;congested;3
2025-07-02T10:43:00+02:00;492450;22;22;100;heavy;4
2025-07-02T10:43:00+02:00;492452;33;15;100;heavy;3
2025-07-02T10:43:00+02:00;492459;56;1;60;freeFlow;1
2025-07-02T10:43:00+02:00;492474;26;7;60;heavy;1
2025-07-02T10:43:00+02:00;492475;44;20;60;heavy;1
2025-07-02T10:43:00+02:00;492476;18;26;100;heavy;5
2025-07-02T10:43:00+02:00;492477;38;3;60;freeFlow;1
2025-07-02T10:43:00+02:00;492479;34;19;60;heavy;1
2025-07-02T10:43:00+02:00;492481;50;3;0;unknown;0
2025-07-02T10:43:00+02:00;492482;41;3;75;freeFlow;2
2025-07-02T10:43:00+02:00;492483;17;11;100;heavy;4
2025-07-02T10:43:00+02:00;492485;91;1;75;freeFlow;2
2025-07-02T10:43:00+02:00;492490;33;10;75;freeFlow;2
2025-07-02T10:43:00+02:00;492495;26;1;60;heavy;1
2025-07-02T10:43:00+02:00;492498;63;7;75;freeFlow;2
2025-07-02T10:43:00+02:00;492506;11;21;74;congested;2
2025-07-02T10:43:00+02:00;492512;50;2;0;unknown;0
2025-07-02T10:43:00+02:00;492514;52;1;75;freeFlow;2
2025-07-02T10:43:00+02:00;492519;27;19;69;heavy;2
2025-07-02T10:43:00+02:00;492574;91;2;75;freeFlow;2
2025-07-02T10:43:00+02:00;492576;61;1;75;freeFlow;2
2025-07-02T10:43:00+02:00;49328_D;30;4;42;heavy;1
2025-07-02T10:43:00+02:00;49328_G;9;13;57;congested;1
2025-07-02T10:43:00+02:00;49686_D;50;3;0;unknown;0
2025-07-02T10:43:00+02:00;49686_G;24;7;60;heavy;1
2025-07-02T10:43:00+02:00;50079_D;18;12;60;heavy;1
2025-07-02T10:43:00+02:00;50079_G;19;12;0;unknown;0
2025-07-02T10:43:00+02:00;50191_D;26;19;45;heavy;1
2025-07-02T10:43:00+02:00;50191_G;33;16;55;heavy;1
2025-07-02T10:43:00+02:00;50308_G;34;8;60;heavy;1
2025-07-02T10:43:00+02:00;50355_D;35;8;60;heavy;1
2025-07-02T10:43:00+02:00;50355_G;17;16;60;heavy;1
2025-07-02T10:43:00+02:00;50416_D;49;3;60;freeFlow;1
2025-07-02T10:43:00+02:00;50416_G;24;6;60;heavy;1
2025-07-02T10:43:00+02:00;50475;10;39;75;congested;2
2025-07-02T10:43:00+02:00;50509;34;13;75;heavy;2
2025-07-02T10:43:00+02:00;50573_D;19;12;60;heavy;1
2025-07-02T10:43:00+02:00;50573_G;20;9;60;heavy;1
2025-07-02T10:43:00+02:00;51008;39;4;15;freeFlow;1
2025-07-02T10:43:00+02:00;51017;16;9;75;heavy;2
2025-07-02T10:43:00+02:00;51159_D;15;43;55;heavy;1
2025-07-02T10:43:00+02:00;51159_G;68;10;15;freeFlow;1
2025-07-02T10:43:00+02:00;51254_D;28;10;25;heavy;1
2025-07-02T10:43:00+02:00;51254_G;68;4;15;freeFlow;1
2025-07-02T10:43:00+02:00;51323_D;29;6;45;heavy;1
2025-07-02T10:43:00+02:00;51323_G;31;6;55;heavy;1
2025-07-02T10:43:00+02:00;51437_D;30;6;60;heavy;1
2025-07-02T10:43:00+02:00;51437_G;40;3;60;freeFlow;1
2025-07-02T10:43:00+02:00;51455_D;36;8;60;freeFlow;1
2025-07-02T10:43:00+02:00;51455_G;34;8;57;heavy;1
2025-07-02T10:43:00+02:00;51797;37;5;45;freeFlow;1
2025-07-02T10:43:00+02:00;52130;50;4;0;unknown;0
2025-07-02T10:43:00+02:00;53329_D;46;4;22;freeFlow;1
2025-07-02T10:43:00+02:00;53329_G;30;6;0;unknown;0
2025-07-02T10:43:00+02:00;53336_D;43;9;25;freeFlow;1
2025-07-02T10:43:00+02:00;53336_G;33;12;60;heavy;1
2025-07-02T10:43:00+02:00;53411_D;35;11;20;heavy;1
2025-07-02T10:43:00+02:00;53539_G;80;2;60;freeFlow;1
2025-07-02T10:43:00+02:00;53542;106;4;50;freeFlow;1
2025-07-02T10:43:00+02:00;53543;90;5;0;unknown;0
2025-07-02T10:43:00+02:00;53575_D;9;75;25;congested;1
2025-07-02T10:43:00+02:00;53575_G;19;32;0;unknown;0
2025-07-02T10:43:00+02:00;53656;26;3;60;heavy;1
2025-07-02T10:43:00+02:00;53660;27;13;60;heavy;1
2025-07-02T10:43:00+02:00;53663;30;4;63;heavy;2
2025-07-02T10:43:00+02:00;53675;27;3;75;heavy;2
2025-07-02T10:43:00+02:00;53676;32;4;85;heavy;4
2025-07-02T10:43:00+02:00;53677;40;15;100;heavy;3
2025-07-02T10:43:00+02:00;53678;30;2;27;heavy;1
2025-07-02T10:43:00+02:00;53679;36;3;17;heavy;1
2025-07-02T10:43:00+02:00;53681;35;56;100;freeFlow;3
2025-07-02T10:43:00+02:00;53721;50;1;0;unknown;0
2025-07-02T10:43:00+02:00;53885_D;16;31;75;heavy;2
2025-07-02T10:43:00+02:00;53885_G;25;20;55;heavy;2
2025-07-02T10:43:00+02:00;54211;10;62;55;congested;2
2025-07-02T10:43:00+02:00;54334_D;22;2;75;heavy;2
2025-07-02T10:43:00+02:00;54334_G;27;2;75;heavy;2
2025-07-02T10:43:00+02:00;54337;16;52;51;heavy;1
2025-07-02T10:43:00+02:00;54361;90;2;100;freeFlow;3
2025-07-02T10:43:00+02:00;54580_G;44;13;40;freeFlow;1
2025-07-02T10:43:00+02:00;54707;43;11;60;freeFlow;1
2025-07-02T10:43:00+02:00;54709;35;1;60;heavy;1
2025-07-02T10:43:00+02:00;54710;39;6;75;freeFlow;2
2025-07-02T10:43:00+02:00;55397_D;13;5;60;congested;1
2025-07-02T10:43:00+02:00;55397_G;25;3;60;heavy;1
2025-07-02T10:43:00+02:00;55401;24;16;63;heavy;2
2025-07-02T10:43:00+02:00;55405;30;2;60;heavy;1
2025-07-02T10:43:00+02:00;55406;29;6;60;heavy;1
2025-07-02T10:43:00+02:00;55407;16;8;60;heavy;1
2025-07-02T10:43:00+02:00;55408;16;11;60;heavy;1
2025-07-02T10:43:00+02:00;55440_D;14;13;45;heavy;1
2025-07-02T10:43:00+02:00;55440_G;19;9;70;heavy;2
2025-07-02T10:43:00+02:00;55443_D;23;3;60;heavy;2
2025-07-02T10:43:00+02:00;55443_G;20;3;55;heavy;1
2025-07-02T10:43:00+02:00;55446;22;4;70;heavy;2
2025-07-02T10:43:00+02:00;55447;24;2;60;heavy;1
2025-07-02T10:43:00+02:00;55448;24;3;60;heavy;1
2025-07-02T10:43:00+02:00;55449;12;5;63;congested;2
2025-07-02T10:43:00+02:00;55516;40;2;0;unknown;0
2025-07-02T10:43:00+02:00;55669;68;3;15;freeFlow;1
2025-07-02T10:43:00+02:00;55671;50;7;0;unknown;0
2025-07-02T10:43:00+02:00;55696;50;15;0;unknown;0
2025-07-02T10:43:00+02:00;55698;50;9;0;unknown;0
2025-07-02T10:43:00+02:00;55700;50;8;0;unknown;0
2025-07-02T10:43:00+02:00;55703;18;7;55;heavy;1
2025-07-02T10:43:00+02:00;55706;18;4;55;heavy;1
2025-07-02T10:43:00+02:00;55707;18;19;55;heavy;1
2025-07-02T10:43:00+02:00;55708;26;5;50;heavy;1
2025-07-02T10:43:00+02:00;55710;32;21;50;heavy;1
2025-07-02T10:43:00+02:00;55711;50;1;0;unknown;0
2025-07-02T10:43:00+02:00;55713;50;14;0;unknown;0
2025-07-02T10:43:00+02:00;55781_D;37;3;15;freeFlow;1
2025-07-02T10:43:00+02:00;55781_G;31;4;55;heavy;1
2025-07-02T10:43:00+02:00;55800;35;9;15;heavy;1
2025-07-02T10:43:00+02:00;55801;31;5;52;heavy;1
2025-07-02T10:43:00+02:00;55805;31;8;15;heavy;1
2025-07-02T10:43:00+02:00;55806;42;12;15;freeFlow;1
2025-07-02T10:43:00+02:00;55811;45;7;15;freeFlow;1
2025-07-02T10:43:00+02:00;55814;40;3;15;freeFlow;1
2025-07-02T10:43:00+02:00;55815;31;1;50;heavy;1
2025-07-02T10:43:00+02:00;55820;50;1;0;unknown;0
2025-07-02T10:43:00+02:00;55821;28;4;50;heavy;1
2025-07-02T10:43:00+02:00;55822;25;4;50;heavy;1
2025-07-02T10:43:00+02:00;55823;50;1;0;unknown;0
2025-07-02T10:43:00+02:00;55824;32;2;15;heavy;1
2025-07-02T10:43:00+02:00;55827;33;3;100;heavy;4
2025-07-02T10:43:00+02:00;55830;29;3;100;heavy;3
2025-07-02T10:43:00+02:00;55841;31;15;75;heavy;2
2025-07-02T10:43:00+02:00;55843;50;1;0;unknown;0
2025-07-02T10:43:00+02:00;55879;22;3;75;heavy;2
2025-07-02T10:43:00+02:00;55883;26;3;75;heavy;2
2025-07-02T10:43:00+02:00;55887;50;11;0;unknown;0
2025-07-02T10:43:00+02:00;55888;25;23;55;heavy;1
2025-07-02T10:43:00+02:00;55889;20;4;48;heavy;1
2025-07-02T10:43:00+02:00;55890;15;6;75;congested;2
2025-07-02T10:43:00+02:00;55894;27;3;75;heavy;2
2025-07-02T10:43:00+02:00;55896;68;1;15;freeFlow;1
2025-07-02T10:43:00+02:00;55898;28;21;100;heavy;3
2025-07-02T10:43:00+02:00;55899;42;8;45;freeFlow;1
2025-07-02T10:43:00+02:00;55926_D;34;7;57;heavy;1
2025-07-02T10:43:00+02:00;55926_G;21;11;52;heavy;1
2025-07-02T10:43:00+02:00;55932;21;3;52;heavy;1
2025-07-02T10:43:00+02:00;55933;35;3;57;heavy;1
2025-07-02T10:43:00+02:00;55958;9;7;66;congested;2
2025-07-02T10:43:00+02:00;55959;19;4;75;heavy;2
2025-07-02T10:43:00+02:00;55974;48;1;45;freeFlow;1
2025-07-02T10:43:00+02:00;55975;38;2;100;freeFlow;9
2025-07-02T10:43:00+02:00;55977;32;5;100;heavy;5
2025-07-02T10:43:00+02:00;55978;51;2;60;freeFlow;1
2025-07-02T10:43:00+02:00;55980;34;8;100;heavy;4
2025-07-02T10:43:00+02:00;55981;47;6;100;freeFlow;3
2025-07-02T10:43:00+02:00;56019;32;2;15;heavy;1
2025-07-02T10:43:00+02:00;56020;21;2;52;heavy;1
2025-07-02T10:43:00+02:00;56113;44;5;0;unknown;0
2025-07-02T10:43:00+02:00;56115;26;7;32;heavy;1
2025-07-02T10:43:00+02:00;56117;33;8;35;heavy;1
2025-07-02T10:43:00+02:00;56118;50;1;0;unknown;0
2025-07-02T10:43:00+02:00;56124;42;2;35;freeFlow;1
2025-07-02T10:43:00+02:00;56125;42;1;35;freeFlow;1
2025-07-02T10:43:00+02:00;56126;11;13;32;congested;1
2025-07-02T10:43:00+02:00;56128;34;2;0;unknown;0
2025-07-02T10:43:00+02:00;56157_D;24;17;25;freeFlow;1
2025-07-02T10:43:00+02:00;56157_G;9;47;22;congested;1
2025-07-02T10:43:00+02:00;56165_D;30;2;0;unknown;0
2025-07-02T10:43:00+02:00;56165_G;30;2;0;unknown;0
2025-07-02T10:43:00+02:00;56170;50;1;0;unknown;0
2025-07-02T10:43:00+02:00;56174;50;5;0;unknown;0
2025-07-02T10:43:00+02:00;56175;21;10;50;heavy;1
2025-07-02T10:43:00+02:00;56179;50;2;0;unknown;0
2025-07-02T10:43:00+02:00;56180;50;1;0;unknown;0
2025-07-02T10:43:00+02:00;56181;22;5;50;heavy;1
2025-07-02T10:43:00+02:00;56182;22;4;50;heavy;1
2025-07-02T10:43:00+02:00;56183;50;1;0;unknown;0
2025-07-02T10:43:00+02:00;56218_D;50;3;0;unknown;0
2025-07-02T10:43:00+02:00;56218_G;50;3;0;unknown;0
2025-07-02T10:43:00+02:00;56223;50;1;0;unknown;0
2025-07-02T10:43:00+02:00;56224;30;12;32;heavy;1
2025-07-02T10:43:00+02:00;56225;33;10;0;unknown;0
2025-07-02T10:43:00+02:00;56229;42;3;0;unknown;0
2025-07-02T10:43:00+02:00;56231;49;2;0;unknown;0
2025-07-02T10:43:00+02:00;56232;20;3;32;heavy;1
2025-07-02T10:43:00+02:00;56233;50;9;0;unknown;0
2025-07-02T10:43:00+02:00;56237;50;9;0;unknown;0
2025-07-02T10:43:00+02:00;56239;30;3;0;unknown;0
2025-07-02T10:43:00+02:00;56247;30;1;0;unknown;0
2025-07-02T10:43:00+02:00;56250;30;21;0;unknown;0
2025-07-02T10:43:00+02:00;56251;30;21;0;unknown;0
2025-07-02T10:43:00+02:00;56254;30;1;0;unknown;0
2025-07-02T10:43:00+02:00;56255;30;2;0;unknown;0
2025-07-02T10:43:00+02:00;56256;30;1;0;unknown;0
2025-07-02T10:43:00+02:00;56258;30;5;0;unknown;0
2025-07-02T10:43:00+02:00;56260;30;2;0;unknown;0
2025-07-02T10:43:00+02:00;56261;30;2;0;unknown;0
2025-07-02T10:43:00+02:00;56263;30;13;0;unknown;0
2025-07-02T10:43:00+02:00;56264;30;13;0;unknown;0
2025-07-02T10:43:00+02:00;56298;30;1;0;unknown;0
2025-07-02T10:43:00+02:00;56300;30;1;0;unknown;0
2025-07-02T10:43:00+02:00;56333;36;3;15;freeFlow;1
2025-07-02T10:43:00+02:00;565804_D;33;13;48;heavy;1
2025-07-02T10:43:00+02:00;565804_G;41;11;52;freeFlow;1
2025-07-02T10:43:00+02:00;565852;68;2;100;freeFlow;3
2025-07-02T10:43:00+02:00;565853;64;16;12;freeFlow;1
2025-07-02T10:43:00+02:00;566240;50;2;52;freeFlow;1
2025-07-02T10:43:00+02:00;566445_D;13;4;27;heavy;1
2025-07-02T10:43:00+02:00;566445_G;30;3;0;unknown;0
2025-07-02T10:43:00+02:00;566456_D;54;12;25;freeFlow;1
2025-07-02T10:43:00+02:00;566456_G;6;108;25;congested;1
2025-07-02T10:43:00+02:00;566457;50;1;0;unknown;0
2025-07-02T10:43:00+02:00;566465_D;30;10;0;unknown;0
2025-07-02T10:43:00+02:00;566465_G;30;10;0;unknown;0
2025-07-02T10:43:00+02:00;56675_D;23;7;57;heavy;1
2025-07-02T10:43:00+02:00;56675_G;38;4;75;freeFlow;2
2025-07-02T10:43:00+02:00;566941;27;4;17;heavy;1
2025-07-02T10:43:00+02:00;56871_D;50;3;0;unknown;0
2025-07-02T10:43:00+02:00;56871_G;50;3;0;unknown;0
2025-07-02T10:43:00+02:00;56908_D;50;8;0;unknown;0
2025-07-02T10:43:00+02:00;56908_G;32;12;25;heavy;1
2025-07-02T10:43:00+02:00;56925;79;44;100;freeFlow;15
2025-07-02T10:43:00+02:00;56944_D;34;9;42;freeFlow;1
2025-07-02T10:43:00+02:00;56944_G;30;10;57;freeFlow;1
2025-07-02T10:43:00+02:00;56945_D;34;7;42;freeFlow;1
2025-07-02T10:43:00+02:00;56945_G;18;12;55;heavy;1
2025-07-02T10:43:00+02:00;57082_G;0;2.3545673703434918e+22;0;unknown;0
2025-07-02T10:43:00+02:00;57083_D;46;9;22;freeFlow;1
2025-07-02T10:43:00+02:00;57083_G;30;16;0;unknown;0
2025-07-02T10:43:00+02:00;59724;26;6;47;heavy;2
2025-07-02T10:43:00+02:00;59750_D;16;14;60;heavy;1
2025-07-02T10:43:00+02:00;59750_G;23;9;60;heavy;1
2025-07-02T10:43:00+02:00;59835_D;45;5;35;freeFlow;1
2025-07-02T10:43:00+02:00;59835_G;50;4;0;unknown;0
2025-07-02T10:43:00+02:00;59836;42;3;35;freeFlow;1
2025-07-02T10:43:00+02:00;59837;50;1;0;unknown;0
2025-07-02T10:43:00+02:00;59838;11;12;0;unknown;0
2025-07-02T10:43:00+02:00;62559_D;34;9;12;heavy;1
2025-07-02T10:43:00+02:00;62559_G;32;10;70;heavy;2
2025-07-02T10:43:00+02:00;62560;50;5;0;unknown;0
2025-07-02T10:43:00+02:00;62565_D;34;3;12;heavy;1
2025-07-02T10:43:00+02:00;62565_G;33;2;55;heavy;1
2025-07-02T10:43:00+02:00;62831_D;23;2;57;heavy;1
2025-07-02T10:43:00+02:00;62831_G;30;1;75;heavy;2
2025-07-02T10:43:00+02:00;62832_D;23;3;57;heavy;1
2025-07-02T10:43:00+02:00;62832_G;30;2;75;heavy;2
2025-07-02T10:43:00+02:00;63045_D;29;5;75;freeFlow;2
2025-07-02T10:43:00+02:00;63045_G;30;5;0;unknown;0
2025-07-02T10:43:00+02:00;63053_D;27;8;60;heavy;1
2025-07-02T10:43:00+02:00;63053_G;25;9;57;heavy;1
2025-07-02T10:43:00+02:00;63899;71;24;100;freeFlow;6
2025-07-02T10:43:00+02:00;63934;50;1;0;unknown;0
2025-07-02T10:43:00+02:00;63935;24;17;59;heavy;2
2025-07-02T10:43:00+02:00;63936;40;13;74;freeFlow;2
2025-07-02T10:43:00+02:00;63939;19;33;75;heavy;2
2025-07-02T10:43:00+02:00;63940;28;3;75;heavy;2
2025-07-02T10:43:00+02:00;63941;28;2;75;heavy;2
2025-07-02T10:43:00+02:00;63942;17;3;60;heavy;1
2025-07-02T10:43:00+02:00;63943;22;4;75;heavy;2
2025-07-02T10:43:00+02:00;63944;46;3;60;freeFlow;1
2025-07-02T10:43:00+02:00;63947;49;2;75;freeFlow;2
2025-07-02T10:43:00+02:00;63950;40;1;75;freeFlow;2
2025-07-02T10:43:00+02:00;63951;42;2;60;freeFlow;1
2025-07-02T10:43:00+02:00;63952;46;0;75;freeFlow;2
2025-07-02T10:43:00+02:00;63953;46;1;75;freeFlow;2
2025-07-02T10:43:00+02:00;63970;61;15;75;freeFlow;2
2025-07-02T10:43:00+02:00;63973;40;3;75;freeFlow;2
2025-07-02T10:43:00+02:00;64032;59;17;60;freeFlow;1
2025-07-02T10:43:00+02:00;64061_D;28;11;55;freeFlow;1
2025-07-02T10:43:00+02:00;64061_G;28;11;57;freeFlow;1
2025-07-02T10:43:00+02:00;64637_D;40;10;100;freeFlow;4
2025-07-02T10:43:00+02:00;64637_G;13;33;45;congested;2
2025-07-02T10:43:00+02:00;65310;50;6;0;unknown;0
2025-07-02T10:43:00+02:00;65313;50;6;0;unknown;0
2025-07-02T10:43:00+02:00;65682;19;61;35;heavy;1
2025-07-02T10:43:00+02:00;66421;43;2;0;unknown;0
2025-07-02T10:43:00+02:00;66442;50;4;0;unknown;0
2025-07-02T10:43:00+02:00;66782;14;27;60;congested;1
2025-07-02T10:43:00+02:00;67066;19;17;15;heavy;1
2025-07-02T10:43:00+02:00;67097_D;46;7;22;freeFlow;1
2025-07-02T10:43:00+02:00;67097_G;30;12;0;unknown;0
2025-07-02T10:43:00+02:00;69381_D;23;12;57;heavy;1
2025-07-02T10:43:00+02:00;69381_G;33;9;75;heavy;2
2025-07-02T10:43:00+02:00;72487_G;86;29;40;freeFlow;1
2025-07-02T10:43:00+02:00;72614;50;2;0;unknown;0
2025-07-02T10:43:00+02:00;72621;18;20;75;heavy;2
2025-07-02T10:43:00+02:00;72624;68;5;15;freeFlow;1
2025-07-02T10:43:00+02:00;72628;68;0;15;freeFlow;1
2025-07-02T10:43:00+02:00;74283_D;37;20;100;freeFlow;3
2025-07-02T10:43:00+02:00;74283_G;18;42;38;heavy;1
2025-07-02T10:43:00+02:00;75387;19;4;74;heavy;2
2025-07-02T10:43:00+02:00;75631;37;8;75;heavy;2
2025-07-02T10:43:00+02:00;75818_D;50;3;75;freeFlow;2
2025-07-02T10:43:00+02:00;75818_G;80;1;60;freeFlow;1
2025-07-02T10:43:00+02:00;75820;83;23;100;freeFlow;11
2025-07-02T10:43:00+02:00;75824;73;6;75;freeFlow;2
2025-07-02T10:43:00+02:00;75825;80;6;100;freeFlow;6
2025-07-02T10:43:00+02:00;75828;70;11;100;freeFlow;3
2025-07-02T10:43:00+02:00;75829;90;8;75;freeFlow;2
2025-07-02T10:43:00+02:00;75832;41;3;100;freeFlow;9
2025-07-02T10:43:00+02:00;75833;36;6;100;freeFlow;3
2025-07-02T10:43:00+02:00;75835;38;3;100;freeFlow;3
2025-07-02T10:43:00+02:00;75836;69;14;100;freeFlow;4
2025-07-02T10:43:00+02:00;75837;55;8;100;freeFlow;8
2025-07-02T10:43:00+02:00;75838;43;6;100;freeFlow;3
2025-07-02T10:43:00+02:00;75839;25;7;55;heavy;1
2025-07-02T10:43:00+02:00;75840;50;4;0;unknown;0
2025-07-02T10:43:00+02:00;75845;31;4;100;heavy;3
2025-07-02T10:43:00+02:00;75846;34;9;100;heavy;3
2025-07-02T10:43:00+02:00;75847;107;5;70;freeFlow;2
2025-07-02T10:43:00+02:00;75848;19;12;60;heavy;1
2025-07-02T10:43:00+02:00;75849;52;4;75;freeFlow;2
2025-07-02T10:43:00+02:00;75850;43;4;75;freeFlow;2
2025-07-02T10:43:00+02:00;75851;6;30;60;congested;1
2025-07-02T10:43:00+02:00;75853;81;1;60;freeFlow;1
2025-07-02T10:43:00+02:00;75854;72;3;60;freeFlow;1
2025-07-02T10:43:00+02:00;75856;39;3;75;heavy;2
2025-07-02T10:43:00+02:00;75897;48;20;75;heavy;2
2025-07-02T10:43:00+02:00;9128;81;34;100;freeFlow;11
2025-07-02T10:43:00+02:00;9130;61;12;100;freeFlow;3
2025-07-02T10:43:00+02:00;9131;74;9;100;freeFlow;12
2025-07-02T10:43:00+02:00;9132;77;27;100;freeFlow;14
2025-07-02T10:43:00+02:00;9146;87;4;100;freeFlow;8
2025-07-02T10:43:00+02:00;9178;46;26;100;heavy;3
2025-07-02T10:43:00+02:00;9179;75;24;100;freeFlow;10
2025-07-02T10:43:00+02:00;9180;74;25;100;freeFlow;11
2025-07-02T10:43:00+02:00;9181;73;13;100;freeFlow;3
2025-07-02T10:43:00+02:00;9182;39;6;25;heavy;1
2025-07-02T10:43:00+02:00;9183;56;8;84;freeFlow;3
2025-07-02T10:43:00+02:00;9184;75;9;60;freeFlow;1
2025-07-02T10:43:00+02:00;9245;78;91;100;freeFlow;6
2025-07-02T10:43:00+02:00;9246;94;126;100;freeFlow;11
2025-07-02T10:43:00+02:00;9380_D;45;40;35;heavy;1
2025-07-02T10:43:00+02:00;9380_G;80;23;0;unknown;0
2025-07-02T10:43:00+02:00;9389;35;2;38;heavy;1
2025-07-02T10:43:00+02:00;9390;33;3;38;heavy;1
2025-07-02T10:43:00+02:00;9391;27;3;38;heavy;1
2025-07-02T10:43:00+02:00;9392;35;3;38;heavy;1
2025-07-02T10:43:00+02:00;1677832;25;13;60;heavy;1
2025-07-02T10:43:00+02:00;1679085_D;50;2;0;unknown;0
2025-07-02T10:43:00+02:00;1679085_G;20;5;75;heavy;2
2025-07-02T10:43:00+02:00;1679794;20;3;75;heavy;2
2025-07-02T10:43:00+02:00;1679795_G;20;4;75;heavy;2
2025-07-02T10:43:00+02:00;1679796;24;2;60;heavy;1
2025-07-02T10:43:00+02:00;1679797_D;50;6;0;unknown;0
2025-07-02T10:43:00+02:00;1679797_G;50;6;0;unknown;0
2025-07-02T10:43:00+02:00;1679798;24;3;60;heavy;1
2025-07-02T10:43:00+02:00;1679800;28;3;40;heavy;1
2025-07-02T10:43:00+02:00;1680335;21;14;75;heavy;2
2025-07-02T10:43:00+02:00;1680340;25;4;60;heavy;1
2025-07-02T10:43:00+02:00;213972_D;50;6;0;unknown;0
2025-07-02T10:43:00+02:00;213972_G;38;7;55;freeFlow;1
2025-07-02T10:43:00+02:00;213973_D;50;8;0;unknown;0
2025-07-02T10:43:00+02:00;213973_G;18;21;58;heavy;1
2025-07-02T10:43:00+02:00;213974_D;50;4;0;unknown;0
2025-07-02T10:43:00+02:00;213974_G;38;5;55;freeFlow;1
2025-07-02T10:43:00+02:00;26521;110;49;100;freeFlow;3
2025-07-02T10:43:00+02:00;26522;84;39;60;freeFlow;1
2025-07-02T10:43:00+02:00;31304_G;28;40;60;heavy;1
2025-07-02T10:43:00+02:00;31328;92;10;100;freeFlow;4
2025-07-02T10:43:00+02:00;31441;82;42;100;freeFlow;3
2025-07-02T10:43:00+02:00;31535;67;11;100;freeFlow;6
2025-07-02T10:43:00+02:00;31552;88;8;100;freeFlow;8
2025-07-02T10:43:00+02:00;31555;71;12;100;freeFlow;6
2025-07-02T10:43:00+02:00;43014_D;21;10;75;heavy;2
2025-07-02T10:43:00+02:00;43014_G;67;3;100;freeFlow;3
2025-07-02T10:43:00+02:00;43105_D;50;5;0;unknown;0
2025-07-02T10:43:00+02:00;43105_G;25;10;60;heavy;1
2025-07-02T10:43:00+02:00;43118_D;16;34;75;heavy;2
2025-07-02T10:43:00+02:00;43118_G;91;6;75;freeFlow;2
2025-07-02T10:43:00+02:00;43124_D;19;20;75;heavy;2
2025-07-02T10:43:00+02:00;43124_G;51;7;100;freeFlow;4
2025-07-02T10:43:00+02:00;43125_D;12;21;75;heavy;2
2025-07-02T10:43:00+02:00;43125_G;23;11;100;freeFlow;3
2025-07-02T10:43:00+02:00;43126_D;14;37;100;heavy;3
2025-07-02T10:43:00+02:00;43126_G;67;8;100;freeFlow;3
2025-07-02T10:43:00+02:00;43147_D;13;21;60;heavy;1
2025-07-02T10:43:00+02:00;43147_G;21;13;100;freeFlow;4
2025-07-02T10:43:00+02:00;43336_D;44;7;0;unknown;0
2025-07-02T10:43:00+02:00;43336_G;33;9;50;heavy;2
2025-07-02T10:43:00+02:00;43337_D;6;76;60;congested;2
2025-07-02T10:43:00+02:00;43337_G;14;31;50;congested;2
2025-07-02T10:43:00+02:00;43338_D;50;4;0;unknown;0
2025-07-02T10:43:00+02:00;43338_G;22;8;38;heavy;1
2025-07-02T10:43:00+02:00;43339_D;44;5;0;unknown;0
2025-07-02T10:43:00+02:00;43339_G;33;7;50;heavy;2
2025-07-02T10:43:00+02:00;43340_D;44;1;0;unknown;0
2025-07-02T10:43:00+02:00;43340_G;32;2;50;heavy;2
2025-07-02T10:43:00+02:00;43341_D;44;4;0;unknown;0
2025-07-02T10:43:00+02:00;43341_G;26;7;53;heavy;2
2025-07-02T10:43:00+02:00;43342_D;44;2;0;unknown;0
2025-07-02T10:43:00+02:00;43342_G;22;5;38;heavy;1
2025-07-02T10:43:00+02:00;43343_D;50;7;0;unknown;0
2025-07-02T10:43:00+02:00;43343_G;22;16;38;heavy;1
2025-07-02T10:43:00+02:00;43345_D;24;12;60;freeFlow;1
2025-07-02T10:43:00+02:00;43345_G;20;15;40;heavy;1
2025-07-02T10:43:00+02:00;43347_D;25;6;60;freeFlow;1
2025-07-02T10:43:00+02:00;43347_G;23;6;55;freeFlow;2
2025-07-02T10:43:00+02:00;43352_D;16;31;75;heavy;2
2025-07-02T10:43:00+02:00;43353_D;17;17;75;heavy;2
2025-07-02T10:43:00+02:00;43353_G;43;7;60;freeFlow;1
2025-07-02T10:43:00+02:00;43377_D;18;27;0;unknown;0
2025-07-02T10:43:00+02:00;43377_G;26;18;50;freeFlow;2
2025-07-02T10:43:00+02:00;43379_D;24;9;60;freeFlow;1
2025-07-02T10:43:00+02:00;43379_G;20;11;40;heavy;1
2025-07-02T10:43:00+02:00;43413_D;5;39;75;congested;2
2025-07-02T10:43:00+02:00;43413_G;8;22;60;congested;1
2025-07-02T10:43:00+02:00;43474_D;50;3;0;unknown;0
2025-07-02T10:43:00+02:00;43474_G;24;6;75;heavy;2
2025-07-02T10:43:00+02:00;43615_D;30;2;0;unknown;0
2025-07-02T10:43:00+02:00;43615_G;24;3;75;freeFlow;2
2025-07-02T10:43:00+02:00;43743_D;13;96;50;congested;1
2025-07-02T10:43:00+02:00;43746;20;11;60;heavy;1
2025-07-02T10:43:00+02:00;43747;13;33;60;heavy;1
2025-07-02T10:43:00+02:00;43751;35;16;22;freeFlow;1
2025-07-02T10:43:00+02:00;43774_D;37;5;75;freeFlow;2
2025-07-02T10:43:00+02:00;43774_G;64;3;75;freeFlow;2
2025-07-02T10:43:00+02:00;43775_D;19;20;75;heavy;2
2025-07-02T10:43:00+02:00;43775_G;18;21;50;heavy;3
2025-07-02T10:43:00+02:00;43826_D;18;16;100;heavy;3
2025-07-02T10:43:00+02:00;43826_G;5;50;50;congested;3
2025-07-02T10:43:00+02:00;43971;51;13;60;freeFlow;1
2025-07-02T10:43:00+02:00;43973;28;9;60;heavy;1
2025-07-02T10:43:00+02:00;44003_G;42;10;75;freeFlow;2
2025-07-02T10:43:00+02:00;44004_D;35;31;75;freeFlow;2
2025-07-02T10:43:00+02:00;44004_G;34;33;75;heavy;2
2025-07-02T10:43:00+02:00;44017_G;24;6;60;heavy;1
2025-07-02T10:43:00+02:00;44018_G;21;28;75;heavy;2
2025-07-02T10:43:00+02:00;44037_D;50;3;0;unknown;0
2025-07-02T10:43:00+02:00;44037_G;22;8;75;heavy;2
2025-07-02T10:43:00+02:00;44851_D;50;11;75;freeFlow;2
2025-07-02T10:43:00+02:00;44851_G;16;34;100;heavy;3
2025-07-02T10:43:00+02:00;44852_D;33;14;75;heavy;2
2025-07-02T10:43:00+02:00;44852_G;20;23;75;heavy;2
2025-07-02T10:43:00+02:00;44854_D;39;2;60;freeFlow;1
2025-07-02T10:43:00+02:00;44854_G;17;4;75;heavy;2
2025-07-02T10:43:00+02:00;44855_D;35;10;72;freeFlow;2
2025-07-02T10:43:00+02:00;44855_G;28;13;75;heavy;2
2025-07-02T10:43:00+02:00;44879;68;20;75;freeFlow;2
2025-07-02T10:43:00+02:00;44897_D;39;6;60;freeFlow;1
2025-07-02T10:43:00+02:00;44897_G;9;26;75;congested;2
2025-07-02T10:43:00+02:00;44901;56;28;60;freeFlow;1
2025-07-02T10:43:00+02:00;44939;79;52;100;freeFlow;8
2025-07-02T10:43:00+02:00;45135_D;21;3;60;heavy;1
2025-07-02T10:43:00+02:00;45135_G;17;4;100;heavy;3
2025-07-02T10:43:00+02:00;45136_G;32;25;100;heavy;3
2025-07-02T10:43:00+02:00;45137_D;28;3;60;heavy;1
2025-07-02T10:43:00+02:00;45137_G;25;3;100;heavy;3
2025-07-02T10:43:00+02:00;45146;20;21;60;heavy;1
2025-07-02T10:43:00+02:00;45147_D;9;5;45;congested;1
2025-07-02T10:43:00+02:00;45147_G;27;2;100;heavy;4
2025-07-02T10:43:00+02:00;45153;41;10;75;freeFlow;2
2025-07-02T10:43:00+02:00;45155;20;39;60;heavy;1
2025-07-02T10:43:00+02:00;45213;48;10;60;freeFlow;1
2025-07-02T10:43:00+02:00;45214;33;8;100;heavy;4
2025-07-02T10:43:00+02:00;45232;29;58;60;heavy;1
2025-07-02T10:43:00+02:00;45233;61;2;60;freeFlow;1
2025-07-02T10:43:00+02:00;45236_D;54;12;75;freeFlow;2
2025-07-02T10:43:00+02:00;45242;91;13;100;freeFlow;6
2025-07-02T10:43:00+02:00;45246;88;29;100;freeFlow;8
2025-07-02T10:43:00+02:00;45247;61;16;60;freeFlow;1
2025-07-02T10:43:00+02:00;47742_G;15;15;75;congested;2
2025-07-02T10:43:00+02:00;47744;36;55;60;freeFlow;1
2025-07-02T10:43:00+02:00;48725;58;1;48;freeFlow;1
2025-07-02T10:43:00+02:00;48736;58;1;48;freeFlow;1
2025-07-02T10:43:00+02:00;48738;47;1;60;freeFlow;1
2025-07-02T10:43:00+02:00;48746;47;8;60;freeFlow;1
2025-07-02T10:43:00+02:00;48751;22;3;60;heavy;1
2025-07-02T10:43:00+02:00;48752;22;3;60;heavy;1
2025-07-02T10:43:00+02:00;48753;26;3;40;heavy;1
2025-07-02T10:43:00+02:00;48754;26;3;40;heavy;1
2025-07-02T10:43:00+02:00;48764;28;3;0;unknown;0
2025-07-02T10:43:00+02:00;48765;43;5;60;freeFlow;1
2025-07-02T10:43:00+02:00;48796;32;16;70;heavy;2
2025-07-02T10:43:00+02:00;48915_D;28;4;57;heavy;1
2025-07-02T10:43:00+02:00;48915_G;25;5;66;heavy;2
2025-07-02T10:43:00+02:00;48916;5;31;75;congested;2
2025-07-02T10:43:00+02:00;48953_D;17;67;35;heavy;1
2025-07-02T10:43:00+02:00;48953_G;27;42;100;heavy;5
2025-07-02T10:43:00+02:00;48993_D;42;9;60;freeFlow;1
2025-07-02T10:43:00+02:00;48993_G;22;16;53;heavy;2
2025-07-02T10:43:00+02:00;49042_D;39;1;60;freeFlow;1
2025-07-02T10:43:00+02:00;49042_G;17;3;75;heavy;2
2025-07-02T10:43:00+02:00;50035_D;50;2;0;unknown;0
2025-07-02T10:43:00+02:00;50035_G;25;3;60;heavy;1
2025-07-02T10:43:00+02:00;50087;30;9;75;heavy;2
2025-07-02T10:43:00+02:00;50107_D;13;40;55;congested;1
2025-07-02T10:43:00+02:00;50107_G;25;21;60;heavy;1
2025-07-02T10:43:00+02:00;52835_G;58;2;100;freeFlow;4
2025-07-02T10:43:00+02:00;52850_D;18;8;75;heavy;2
2025-07-02T10:43:00+02:00;52850_G;67;2;100;freeFlow;3
2025-07-02T10:43:00+02:00;52878;29;5;60;freeFlow;1
2025-07-02T10:43:00+02:00;53020_G;24;4;60;heavy;1
2025-07-02T10:43:00+02:00;53130_D;50;5;0;unknown;0
2025-07-02T10:43:00+02:00;53130_G;25;11;60;heavy;1
2025-07-02T10:43:00+02:00;53375_D;17;6;75;heavy;2
2025-07-02T10:43:00+02:00;53375_G;38;3;60;freeFlow;1
2025-07-02T10:43:00+02:00;53427;84;51;100;freeFlow;15
2025-07-02T10:43:00+02:00;53988;36;7;100;freeFlow;6
2025-07-02T10:43:00+02:00;53989;17;5;30;heavy;1
2025-07-02T10:43:00+02:00;53992_D;28;14;60;heavy;1
2025-07-02T10:43:00+02:00;53992_G;26;15;100;heavy;6
2025-07-02T10:43:00+02:00;53995;28;3;100;heavy;5
2025-07-02T10:43:00+02:00;53997;22;3;35;heavy;1
2025-07-02T10:43:00+02:00;53999;39;2;15;freeFlow;1
2025-07-02T10:43:00+02:00;54130;66;23;60;freeFlow;1
2025-07-02T10:43:00+02:00;54136;55;3;100;freeFlow;3
2025-07-02T10:43:00+02:00;54219;6;89;60;congested;1
2025-07-02T10:43:00+02:00;54222;9;65;60;congested;1
2025-07-02T10:43:00+02:00;54235;17;28;100;heavy;3
2025-07-02T10:43:00+02:00;54300;25;16;75;heavy;2
2025-07-02T10:43:00+02:00;54304_D;21;10;60;heavy;1
2025-07-02T10:43:00+02:00;54304_G;9;23;100;congested;3
2025-07-02T10:43:00+02:00;54309;29;31;42;heavy;1
2025-07-02T10:43:00+02:00;54345;34;4;60;heavy;1
2025-07-02T10:43:00+02:00;54352;72;5;45;freeFlow;1
2025-07-02T10:43:00+02:00;54353;72;2;45;freeFlow;1
2025-07-02T10:43:00+02:00;54356;47;18;75;freeFlow;2
2025-07-02T10:43:00+02:00;54357;34;8;75;heavy;2
2025-07-02T10:43:00+02:00;54370;16;12;30;heavy;1
2025-07-02T10:43:00+02:00;54373;62;3;60;freeFlow;1
2025-07-02T10:43:00+02:00;54374;29;7;75;heavy;2
2025-07-02T10:43:00+02:00;54377;62;17;60;freeFlow;1
2025-07-02T10:43:00+02:00;54396;23;11;70;heavy;2
2025-07-02T10:43:00+02:00;54397;44;13;45;freeFlow;1
2025-07-02T10:43:00+02:00;54468;16;8;100;heavy;4
2025-07-02T10:43:00+02:00;54470;40;7;45;freeFlow;1
2025-07-02T10:43:00+02:00;56022;24;6;100;heavy;3
2025-07-02T10:43:00+02:00;56598;26;2;100;heavy;5
2025-07-02T10:43:00+02:00;56676_D;15;14;57;heavy;2
2025-07-02T10:43:00+02:00;56868;7;25;60;congested;1
2025-07-02T10:43:00+02:00;56869;50;3;0;unknown;0
2025-07-02T10:43:00+02:00;56894;45;5;75;freeFlow;2
2025-07-02T10:43:00+02:00;56895;45;26;75;freeFlow;2
2025-07-02T10:43:00+02:00;56896;32;5;75;heavy;2
2025-07-02T10:43:00+02:00;56901;75;29;100;freeFlow;6
2025-07-02T10:43:00+02:00;60284;39;32;75;freeFlow;2
2025-07-02T10:43:00+02:00;63409_D;50;2;0;unknown;0
2025-07-02T10:43:00+02:00;63409_G;22;5;38;heavy;1
2025-07-02T10:43:00+02:00;66896;5;59;60;congested;1
2025-07-02T10:43:00+02:00;69440;20;12;75;heavy;2
2025-07-02T10:43:00+02:00;69442;20;20;75;heavy;2
2025-07-02T10:43:00+02:00;75868;88;8;100;freeFlow;11
2025-07-02T10:43:00+02:00;75908;49;21;75;freeFlow;2
2025-07-02T10:43:00+02:00;75909;28;37;45;heavy;1
2025-07-02T10:43:00+02:00;44943;37;17;100;freeFlow;3
2025-07-02T10:43:00+02:00;47063;36;17;100;freeFlow;4
2025-07-02T10:43:00+02:00;71455_G;50;3;0;unknown;0
2025-07-02T10:43:00+02:00;75831;88;10;100;freeFlow;4