datetime;predefinedLocationReference;averageVehicleSpeed;travelTime;travelTimeReliability;trafficStatus;vehicleProbeMeasurement
2025-07-02T23:43:00+02:00;10273_D;70;10;0;unknown;0
2025-07-02T23:43:00+02:00;10273_G;84;9;38;freeFlow;1
2025-07-02T23:43:00+02:00;10274_D;70;9;0;unknown;0
2025-07-02T23:43:00+02:00;10274_G;84;8;38;freeFlow;1
2025-07-02T23:43:00+02:00;10275_D;70;15;0;unknown;0
2025-07-02T23:43:00+02:00;10275_G;84;12;38;freeFlow;1
2025-07-02T23:43:00+02:00;10277_D;70;22;0;unknown;0
2025-07-02T23:43:00+02:00;10277_G;81;19;38;freeFlow;1
2025-07-02T23:43:00+02:00;10279_D;70;14;0;unknown;0
2025-07-02T23:43:00+02:00;10279_G;78;13;35;freeFlow;1
2025-07-02T23:43:00+02:00;10281_D;70;20;0;unknown;0
2025-07-02T23:43:00+02:00;10281_G;78;18;35;freeFlow;1
2025-07-02T23:43:00+02:00;10315_D;70;8;0;unknown;0
2025-07-02T23:43:00+02:00;10315_G;84;7;38;freeFlow;1
2025-07-02T23:43:00+02:00;11579_D;80;3;0;unknown;0
2025-07-02T23:43:00+02:00;11579_G;76;4;38;freeFlow;1
2025-07-02T23:43:00+02:00;11652;90;15;0;unknown;0
2025-07-02T23:43:00+02:00;11654;70;2;0;unknown;0
2025-07-02T23:43:00+02:00;11777_D;70;1;0;unknown;0
2025-07-02T23:43:00+02:00;11777_G;41;1;40;heavy;1
2025-07-02T23:43:00+02:00;11781_D;30;3;0;unknown;0
2025-07-02T23:43:00+02:00;11781_G;36;2;42;freeFlow;1
2025-07-02T23:43:00+02:00;11784_D;30;2;0;unknown;0
2025-07-02T23:43:00+02:00;11784_G;23;2;40;freeFlow;1
2025-07-02T23:43:00+02:00;11785_D;30;1;0;unknown;0
2025-07-02T23:43:00+02:00;11785_G;40;1;40;freeFlow;1
2025-07-02T23:43:00+02:00;12060_D;70;10;0;unknown;0
2025-07-02T23:43:00+02:00;12060_G;84;9;38;freeFlow;1
2025-07-02T23:43:00+02:00;1242_D;91;1;32;freeFlow;1
2025-07-02T23:43:00+02:00;1242_G;70;2;0;unknown;0
2025-07-02T23:43:00+02:00;1285_D;91;1;32;freeFlow;1
2025-07-02T23:43:00+02:00;1285_G;70;1;0;unknown;0
2025-07-02T23:43:00+02:00;13514;80;3;0;unknown;0
2025-07-02T23:43:00+02:00;13515;80;2;0;unknown;0
2025-07-02T23:43:00+02:00;13516;80;1;0;unknown;0
2025-07-02T23:43:00+02:00;13549_D;102;4;75;freeFlow;2
2025-07-02T23:43:00+02:00;13549_G;80;4;0;unknown;0
2025-07-02T23:43:00+02:00;13557_D;10;37;83;congested;3
2025-07-02T23:43:00+02:00;13557_G;80;5;0;unknown;0
2025-07-02T23:43:00+02:00;14364;110;19;0;unknown;0
2025-07-02T23:43:00+02:00;14365;104;20;60;freeFlow;1
2025-07-02T23:43:00+02:00;15029_D;80;31;0;unknown;0
2025-07-02T23:43:00+02:00;15029_G;80;31;0;unknown;0
2025-07-02T23:43:00+02:00;15062;80;2;0;unknown;0
2025-07-02T23:43:00+02:00;15063;80;2;0;unknown;0
2025-07-02T23:43:00+02:00;15064;80;2;0;unknown;0
2025-07-02T23:43:00+02:00;15065;80;2;0;unknown;0
2025-07-02T23:43:00+02:00;15066;80;2;0;unknown;0
2025-07-02T23:43:00+02:00;15067_D;80;53;0;unknown;0
2025-07-02T23:43:00+02:00;15067_G;80;53;0;unknown;0
2025-07-02T23:43:00+02:00;15104_D;80;49;0;unknown;0
2025-07-02T23:43:00+02:00;15104_G;80;49;0;unknown;0
2025-07-02T23:43:00+02:00;15111;111;3;60;freeFlow;1
2025-07-02T23:43:00+02:00;15113;80;2;0;unknown;0
2025-07-02T23:43:00+02:00;15114;80;2;0;unknown;0
2025-07-02T23:43:00+02:00;15117;8;19;40;congested;1
2025-07-02T23:43:00+02:00;15118;8;13;40;congested;1
2025-07-02T23:43:00+02:00;15119;80;2;0;unknown;0
2025-07-02T23:43:00+02:00;15120;80;2;0;unknown;0
2025-07-02T23:43:00+02:00;15121;30;3;40;heavy;1
2025-07-02T23:43:00+02:00;15122;80;2;0;unknown;0
2025-07-02T23:43:00+02:00;15124_D;10;83;40;congested;1
2025-07-02T23:43:00+02:00;15124_G;80;10;0;unknown;0
2025-07-02T23:43:00+02:00;15549_D;50;1;0;unknown;0
2025-07-02T23:43:00+02:00;15549_G;50;1;0;unknown;0
2025-07-02T23:43:00+02:00;15550;97;0;75;freeFlow;2
2025-07-02T23:43:00+02:00;15551;85;133;60;freeFlow;1
2025-07-02T23:43:00+02:00;1601768;50;8;0;unknown;0
2025-07-02T23:43:00+02:00;1601771;50;5;0;unknown;0
2025-07-02T23:43:00+02:00;1601787;36;2;35;freeFlow;1
2025-07-02T23:43:00+02:00;1601792;30;2;0;unknown;0
2025-07-02T23:43:00+02:00;1601794_D;30;4;0;unknown;0
2025-07-02T23:43:00+02:00;1601794_G;30;3;0;unknown;0
2025-07-02T23:43:00+02:00;1601795;30;16;0;unknown;0
2025-07-02T23:43:00+02:00;1601797;30;17;0;unknown;0
2025-07-02T23:43:00+02:00;1601798;36;3;35;freeFlow;1
2025-07-02T23:43:00+02:00;1601799;30;2;0;unknown;0
2025-07-02T23:43:00+02:00;1601807;57;2;73;freeFlow;2
2025-07-02T23:43:00+02:00;1601808;73;13;57;freeFlow;1
2025-07-02T23:43:00+02:00;1601810;53;18;73;freeFlow;2
2025-07-02T23:43:00+02:00;1601812;46;4;57;freeFlow;1
2025-07-02T23:43:00+02:00;1601813_D;50;25;0;unknown;0
2025-07-02T23:43:00+02:00;1601813_G;54;23;40;freeFlow;1
2025-07-02T23:43:00+02:00;1601814;52;3;40;freeFlow;1
2025-07-02T23:43:00+02:00;1601815;69;2;70;freeFlow;2
2025-07-02T23:43:00+02:00;1601819;51;1;50;freeFlow;1
2025-07-02T23:43:00+02:00;1601824;73;2;57;freeFlow;1
2025-07-02T23:43:00+02:00;1601898;91;17;60;freeFlow;1
2025-07-02T23:43:00+02:00;1601931_D;50;5;0;unknown;0
2025-07-02T23:43:00+02:00;1601931_G;50;5;0;unknown;0
2025-07-02T23:43:00+02:00;1602158_D;38;1;38;freeFlow;1
2025-07-02T23:43:00+02:00;1602158_G;38;1;38;freeFlow;1
2025-07-02T23:43:00+02:00;1602398;32;1;22;heavy;1
2025-07-02T23:43:00+02:00;1626;63;39;68;heavy;2
2025-07-02T23:43:00+02:00;1627;30;6;55;heavy;1
2025-07-02T23:43:00+02:00;1628;26;4;55;heavy;1
2025-07-02T23:43:00+02:00;1629;47;3;70;freeFlow;2
2025-07-02T23:43:00+02:00;1630;70;1;52;freeFlow;1
2025-07-02T23:43:00+02:00;1631;50;2;0;unknown;0
2025-07-02T23:43:00+02:00;1632;40;46;72;heavy;2
2025-07-02T23:43:00+02:00;1633;70;11;0;unknown;0
2025-07-02T23:43:00+02:00;1639;43;7;60;heavy;1
2025-07-02T23:43:00+02:00;16647_D;64;71;45;freeFlow;1
2025-07-02T23:43:00+02:00;16647_G;77;59;60;freeFlow;1
2025-07-02T23:43:00+02:00;16648_D;47;16;45;heavy;1
2025-07-02T23:43:00+02:00;16648_G;107;7;60;freeFlow;1
2025-07-02T23:43:00+02:00;16695_D;80;36;0;unknown;0
2025-07-02T23:43:00+02:00;16695_G;47;61;75;heavy;2
2025-07-02T23:43:00+02:00;16701;50;2;0;unknown;0
2025-07-02T23:43:00+02:00;16702;49;2;75;freeFlow;2
2025-07-02T23:43:00+02:00;16707_D;50;1;0;unknown;0
2025-07-02T23:43:00+02:00;16707_G;50;1;0;unknown;0
2025-07-02T23:43:00+02:00;16744;80;2;0;unknown;0
2025-07-02T23:43:00+02:00;16745;48;2;60;heavy;1
2025-07-02T23:43:00+02:00;16746;48;2;60;heavy;1
2025-07-02T23:43:00+02:00;16747;55;3;87;heavy;3
2025-07-02T23:43:00+02:00;16748;44;3;75;heavy;2
2025-07-02T23:43:00+02:00;16749;57;2;75;freeFlow;2
2025-07-02T23:43:00+02:00;16752_D;91;4;75;freeFlow;2
2025-07-02T23:43:00+02:00;16752_G;80;5;0;unknown;0
2025-07-02T23:43:00+02:00;1675_D;45;6;75;freeFlow;2
2025-07-02T23:43:00+02:00;1675_G;30;9;0;unknown;0
2025-07-02T23:43:00+02:00;1676;27;18;81;congested;3
2025-07-02T23:43:00+02:00;16761;49;2;75;freeFlow;2
2025-07-02T23:43:00+02:00;16762;49;2;75;freeFlow;2
2025-07-02T23:43:00+02:00;1677;51;10;60;heavy;1
2025-07-02T23:43:00+02:00;1677109;72;22;60;freeFlow;1
2025-07-02T23:43:00+02:00;1677110;70;1;0;unknown;0
2025-07-02T23:43:00+02:00;1677175_D;30;48;0;unknown;0
2025-07-02T23:43:00+02:00;1677175_G;30;48;0;unknown;0
2025-07-02T23:43:00+02:00;1677180_D;30;1;0;unknown;0
2025-07-02T23:43:00+02:00;1677180_G;30;2;0;unknown;0
2025-07-02T23:43:00+02:00;1677184_D;30;23;0;unknown;0
2025-07-02T23:43:00+02:00;1677184_G;30;23;0;unknown;0
2025-07-02T23:43:00+02:00;1677551_D;30;2;0;unknown;0
2025-07-02T23:43:00+02:00;1677551_G;30;2;0;unknown;0
2025-07-02T23:43:00+02:00;1677568_D;50;29;0;unknown;0
2025-07-02T23:43:00+02:00;1677568_G;50;30;0;unknown;0
2025-07-02T23:43:00+02:00;1677569;36;3;35;freeFlow;1
2025-07-02T23:43:00+02:00;1677687;50;1;0;unknown;0
2025-07-02T23:43:00+02:00;1677691;50;1;0;unknown;0
2025-07-02T23:43:00+02:00;1677693;50;2;0;unknown;0
2025-07-02T23:43:00+02:00;1677695_D;50;14;0;unknown;0
2025-07-02T23:43:00+02:00;1677695_G;50;13;0;unknown;0
2025-07-02T23:43:00+02:00;1677709_D;50;3;0;unknown;0
2025-07-02T23:43:00+02:00;1677709_G;50;4;0;unknown;0
2025-07-02T23:43:00+02:00;1677716_D;50;3;0;unknown;0
2025-07-02T23:43:00+02:00;1677716_G;50;3;0;unknown;0
2025-07-02T23:43:00+02:00;1677730_D;26;42;40;heavy;1
2025-07-02T23:43:00+02:00;1677730_G;50;22;0;unknown;0
2025-07-02T23:43:00+02:00;1677735_D;50;1;0;unknown;0
2025-07-02T23:43:00+02:00;1677735_G;50;1;0;unknown;0
2025-07-02T23:43:00+02:00;1677745_D;50;2;0;unknown;0
2025-07-02T23:43:00+02:00;1677745_G;50;1;0;unknown;0
2025-07-02T23:43:00+02:00;1677785_D;30;9;0;unknown;0
2025-07-02T23:43:00+02:00;1677785_G;30;9;0;unknown;0
2025-07-02T23:43:00+02:00;1677801_D;50;6;0;unknown;0
2025-07-02T23:43:00+02:00;1677801_G;50;6;0;unknown;0
2025-07-02T23:43:00+02:00;1677808_D;50;13;0;unknown;0
2025-07-02T23:43:00+02:00;1677808_G;50;13;0;unknown;0
2025-07-02T23:43:00+02:00;16783;50;2;0;unknown;0
2025-07-02T23:43:00+02:00;16784;50;2;0;unknown;0
2025-07-02T23:43:00+02:00;16785;50;2;0;unknown;0
2025-07-02T23:43:00+02:00;1678542;90;23;0;unknown;0
2025-07-02T23:43:00+02:00;1678698_D;50;16;0;unknown;0
2025-07-02T23:43:00+02:00;1678698_G;50;16;0;unknown;0
2025-07-02T23:43:00+02:00;1678750;50;2;0;unknown;0
2025-07-02T23:43:00+02:00;1678763_D;50;4;0;unknown;0
2025-07-02T23:43:00+02:00;1678763_G;50;4;0;unknown;0
2025-07-02T23:43:00+02:00;1679092_D;24;9;58;heavy;1
2025-07-02T23:43:00+02:00;1679092_G;42;5;52;freeFlow;1
2025-07-02T23:43:00+02:00;1679681;90;9;0;unknown;0
2025-07-02T23:43:00+02:00;1679779;40;8;74;freeFlow;2
2025-07-02T23:43:00+02:00;1679795_D;44;1;57;freeFlow;1
2025-07-02T23:43:00+02:00;1679822;50;1;0;unknown;0
2025-07-02T23:43:00+02:00;1679825;23;3;60;heavy;1
2025-07-02T23:43:00+02:00;1679841;39;25;60;freeFlow;1
2025-07-02T23:43:00+02:00;1679843;23;2;60;heavy;1
2025-07-02T23:43:00+02:00;1679845;50;1;0;unknown;0
2025-07-02T23:43:00+02:00;1679847;23;2;60;heavy;1
2025-07-02T23:43:00+02:00;1679859_D;40;12;35;freeFlow;1
2025-07-02T23:43:00+02:00;1679859_G;30;16;0;unknown;0
2025-07-02T23:43:00+02:00;1680014;96;5;60;freeFlow;1
2025-07-02T23:43:00+02:00;1680016;111;11;30;freeFlow;1
2025-07-02T23:43:00+02:00;1680022;111;4;30;freeFlow;1
2025-07-02T23:43:00+02:00;1680024;92;9;60;freeFlow;1
2025-07-02T23:43:00+02:00;1680116;80;2;0;unknown;0
2025-07-02T23:43:00+02:00;1680119;80;2;0;unknown;0
2025-07-02T23:43:00+02:00;1680121;53;3;38;heavy;1
2025-07-02T23:43:00+02:00;1680122_D;80;23;0;unknown;0
2025-07-02T23:43:00+02:00;1680122_G;53;35;35;heavy;1
2025-07-02T23:43:00+02:00;1680123;41;4;35;heavy;1
2025-07-02T23:43:00+02:00;1680337;50;5;0;unknown;0
2025-07-02T23:43:00+02:00;1680401_D;70;17;0;unknown;0
2025-07-02T23:43:00+02:00;1680401_G;70;18;0;unknown;0
2025-07-02T23:43:00+02:00;1680514_D;50;9;0;unknown;0
2025-07-02T23:43:00+02:00;1680514_G;39;12;38;freeFlow;1
2025-07-02T23:43:00+02:00;1680539;90;1;0;unknown;0
2025-07-02T23:43:00+02:00;1680541_D;30;14;0;unknown;0
2025-07-02T23:43:00+02:00;1680541_G;30;14;0;unknown;0
2025-07-02T23:43:00+02:00;1680549_D;50;12;0;unknown;0
2025-07-02T23:43:00+02:00;1680549_G;45;14;32;freeFlow;1
2025-07-02T23:43:00+02:00;1680551_D;30;1;0;unknown;0
2025-07-02T23:43:00+02:00;1680551_G;30;1;0;unknown;0
2025-07-02T23:43:00+02:00;1680557_D;50;0;0;unknown;0
2025-07-02T23:43:00+02:00;1680557_G;50;1;0;unknown;0
2025-07-02T23:43:00+02:00;1680561_D;50;1;0;unknown;0
2025-07-02T23:43:00+02:00;1680561_G;38;1;38;freeFlow;1
2025-07-02T23:43:00+02:00;1680567;38;2;38;freeFlow;1
2025-07-02T23:43:00+02:00;1680569;33;4;38;heavy;1
2025-07-02T23:43:00+02:00;1680573;23;3;48;heavy;2
2025-07-02T23:43:00+02:00;1680574;25;5;32;heavy;1
2025-07-02T23:43:00+02:00;1680575;50;6;0;unknown;0
2025-07-02T23:43:00+02:00;1680576;50;2;0;unknown;0
2025-07-02T23:43:00+02:00;16821_D;54;123;49;heavy;1
2025-07-02T23:43:00+02:00;16821_G;95;69;58;freeFlow;1
2025-07-02T23:43:00+02:00;16830_D;50;16;0;unknown;0
2025-07-02T23:43:00+02:00;16830_G;50;16;0;unknown;0
2025-07-02T23:43:00+02:00;16831_D;50;2;0;unknown;0
2025-07-02T23:43:00+02:00;16831_G;50;2;0;unknown;0
2025-07-02T23:43:00+02:00;16832;50;3;0;unknown;0
2025-07-02T23:43:00+02:00;16834;70;10;0;unknown;0
2025-07-02T23:43:00+02:00;16850_D;50;1;0;unknown;0
2025-07-02T23:43:00+02:00;16850_G;50;1;0;unknown;0
2025-07-02T23:43:00+02:00;16851_D;50;3;0;unknown;0
2025-07-02T23:43:00+02:00;16851_G;50;2;0;unknown;0
2025-07-02T23:43:00+02:00;16852_D;50;5;0;unknown;0
2025-07-02T23:43:00+02:00;16852_G;50;5;0;unknown;0
2025-07-02T23:43:00+02:00;16853_D;50;7;0;unknown;0
2025-07-02T23:43:00+02:00;16853_G;50;7;0;unknown;0
2025-07-02T23:43:00+02:00;16854_D;50;4;0;unknown;0
2025-07-02T23:43:00+02:00;16854_G;50;4;0;unknown;0
2025-07-02T23:43:00+02:00;16855_D;50;4;0;unknown;0
2025-07-02T23:43:00+02:00;16855_G;50;4;0;unknown;0
2025-07-02T23:43:00+02:00;16856_D;50;7;0;unknown;0
2025-07-02T23:43:00+02:00;16856_G;50;7;0;unknown;0
2025-07-02T23:43:00+02:00;16858_D;50;30;0;unknown;0
2025-07-02T23:43:00+02:00;16858_G;50;30;0;unknown;0
2025-07-02T23:43:00+02:00;16859_D;50;3;0;unknown;0
2025-07-02T23:43:00+02:00;16859_G;50;3;0;unknown;0
2025-07-02T23:43:00+02:00;16860_D;50;7;0;unknown;0
2025-07-02T23:43:00+02:00;16860_G;50;7;0;unknown;0
2025-07-02T23:43:00+02:00;1690_D;41;7;60;freeFlow;1
2025-07-02T23:43:00+02:00;1690_G;50;5;0;unknown;0
2025-07-02T23:43:00+02:00;16910_D;50;6;0;unknown;0
2025-07-02T23:43:00+02:00;16910_G;50;6;0;unknown;0
2025-07-02T23:43:00+02:00;16967;97;6;75;freeFlow;2
2025-07-02T23:43:00+02:00;16969;55;1;60;freeFlow;1
2025-07-02T23:43:00+02:00;16986;60;11;69;freeFlow;2
2025-07-02T23:43:00+02:00;16988;79;9;42;freeFlow;1
2025-07-02T23:43:00+02:00;16989;60;8;57;freeFlow;2
2025-07-02T23:43:00+02:00;16990;81;5;75;freeFlow;2
2025-07-02T23:43:00+02:00;16992;56;24;75;freeFlow;2
2025-07-02T23:43:00+02:00;16994;56;20;75;freeFlow;2
2025-07-02T23:43:00+02:00;17;52;4;62;heavy;2
2025-07-02T23:43:00+02:00;1721;50;2;0;unknown;0
2025-07-02T23:43:00+02:00;1722;50;3;0;unknown;0
2025-07-02T23:43:00+02:00;1723;39;4;60;freeFlow;1
2025-07-02T23:43:00+02:00;1724_D;57;9;60;freeFlow;1
2025-07-02T23:43:00+02:00;1724_G;80;7;0;unknown;0
2025-07-02T23:43:00+02:00;1732_D;50;2;0;unknown;0
2025-07-02T23:43:00+02:00;1732_G;35;2;60;freeFlow;1
2025-07-02T23:43:00+02:00;1733_D;39;1;0;unknown;0
2025-07-02T23:43:00+02:00;1733_G;33;1;60;heavy;1
2025-07-02T23:43:00+02:00;1734_D;50;7;0;unknown;0
2025-07-02T23:43:00+02:00;1734_G;33;11;60;heavy;1
2025-07-02T23:43:00+02:00;18337;50;2;0;unknown;0
2025-07-02T23:43:00+02:00;18391_D;80;3;0;unknown;0
2025-07-02T23:43:00+02:00;18391_G;80;3;0;unknown;0
2025-07-02T23:43:00+02:00;1853;88;27;48;freeFlow;1
2025-07-02T23:43:00+02:00;1855;107;4;60;freeFlow;1
2025-07-02T23:43:00+02:00;1856;107;8;60;freeFlow;1
2025-07-02T23:43:00+02:00;19040;26;3;55;heavy;1
2025-07-02T23:43:00+02:00;1910886;38;6;57;freeFlow;1
2025-07-02T23:43:00+02:00;1911185_D;70;16;0;unknown;0
2025-07-02T23:43:00+02:00;1911185_G;70;16;0;unknown;0
2025-07-02T23:43:00+02:00;1911398_D;30;2;0;unknown;0
2025-07-02T23:43:00+02:00;1911398_G;30;1;0;unknown;0
2025-07-02T23:43:00+02:00;1911404_D;30;3;0;unknown;0
2025-07-02T23:43:00+02:00;1911404_G;30;3;0;unknown;0
2025-07-02T23:43:00+02:00;1911418;67;4;75;freeFlow;2
2025-07-02T23:43:00+02:00;1911420;33;3;45;heavy;1
2025-07-02T23:43:00+02:00;1911448_D;70;27;0;unknown;0
2025-07-02T23:43:00+02:00;1911448_G;70;27;0;unknown;0
2025-07-02T23:43:00+02:00;1911623_D;30;6;0;unknown;0
2025-07-02T23:43:00+02:00;1911623_G;30;6;0;unknown;0
2025-07-02T23:43:00+02:00;19628;56;5;55;heavy;1
2025-07-02T23:43:00+02:00;19629;90;1;0;unknown;0
2025-07-02T23:43:00+02:00;19630;56;4;55;heavy;1
2025-07-02T23:43:00+02:00;19631;56;1;55;heavy;1
2025-07-02T23:43:00+02:00;19632;90;1;0;unknown;0
2025-07-02T23:43:00+02:00;19633;52;3;98;freeFlow;3
2025-07-02T23:43:00+02:00;19634;50;2;30;freeFlow;1
2025-07-02T23:43:00+02:00;19635;37;4;35;heavy;1
2025-07-02T23:43:00+02:00;19636;37;4;35;heavy;1
2025-07-02T23:43:00+02:00;19637;58;1;60;freeFlow;1
2025-07-02T23:43:00+02:00;19638;50;3;45;freeFlow;1
2025-07-02T23:43:00+02:00;19639;89;2;60;freeFlow;1
2025-07-02T23:43:00+02:00;19640;89;1;60;freeFlow;1
2025-07-02T23:43:00+02:00;19642;39;3;35;heavy;1
2025-07-02T23:43:00+02:00;19643;39;2;50;heavy;2
2025-07-02T23:43:00+02:00;19644;91;1;51;freeFlow;2
2025-07-02T23:43:00+02:00;19683;96;21;85;freeFlow;4
2025-07-02T23:43:00+02:00;19684;114;41;60;freeFlow;1
2025-07-02T23:43:00+02:00;19685;110;48;0;unknown;0
2025-07-02T23:43:00+02:00;19686;110;15;0;unknown;0
2025-07-02T23:43:00+02:00;198;66;69;69;freeFlow;2
2025-07-02T23:43:00+02:00;19825_D;75;43;63;freeFlow;2
2025-07-02T23:43:00+02:00;19825_G;84;39;52;freeFlow;1
2025-07-02T23:43:00+02:00;19828;51;2;50;freeFlow;1
2025-07-02T23:43:00+02:00;19830;51;2;50;freeFlow;1
2025-07-02T23:43:00+02:00;19832;42;3;70;freeFlow;2
2025-07-02T23:43:00+02:00;19833;57;2;73;freeFlow;2
2025-07-02T23:43:00+02:00;19841_D;86;17;55;freeFlow;1
2025-07-02T23:43:00+02:00;19841_G;89;17;52;freeFlow;1
2025-07-02T23:43:00+02:00;19842_D;82;5;55;freeFlow;1
2025-07-02T23:43:00+02:00;19842_G;89;4;52;freeFlow;1
2025-07-02T23:43:00+02:00;20525;80;2;0;unknown;0
2025-07-02T23:43:00+02:00;20526;80;2;0;unknown;0
2025-07-02T23:43:00+02:00;20527;50;4;65;heavy;2
2025-07-02T23:43:00+02:00;20528;45;3;35;heavy;1
2025-07-02T23:43:00+02:00;20590_D;80;102;0;unknown;0
2025-07-02T23:43:00+02:00;20590_G;84;97;55;freeFlow;1
2025-07-02T23:43:00+02:00;20760_D;50;30;0;unknown;0
2025-07-02T23:43:00+02:00;20760_G;60;25;38;freeFlow;1
2025-07-02T23:43:00+02:00;2216_D;80;38;0;unknown;0
2025-07-02T23:43:00+02:00;2216_G;80;38;0;unknown;0
2025-07-02T23:43:00+02:00;2218_D;80;27;0;unknown;0
2025-07-02T23:43:00+02:00;2218_G;80;27;0;unknown;0
2025-07-02T23:43:00+02:00;23984_D;83;1;52;freeFlow;1
2025-07-02T23:43:00+02:00;23984_G;80;1;0;unknown;0
2025-07-02T23:43:00+02:00;24143_D;73;5;50;freeFlow;1
2025-07-02T23:43:00+02:00;24143_G;80;5;0;unknown;0
2025-07-02T23:43:00+02:00;24147_D;78;49;52;freeFlow;1
2025-07-02T23:43:00+02:00;24147_G;80;48;0;unknown;0
2025-07-02T23:43:00+02:00;24148;83;2;52;freeFlow;1
2025-07-02T23:43:00+02:00;24149;50;3;0;unknown;0
2025-07-02T23:43:00+02:00;24150;83;2;52;freeFlow;1
2025-07-02T23:43:00+02:00;24151;50;3;0;unknown;0
2025-07-02T23:43:00+02:00;24153_D;83;11;52;freeFlow;1
2025-07-02T23:43:00+02:00;24153_G;80;12;0;unknown;0
2025-07-02T23:43:00+02:00;24176;123;13;60;freeFlow;1
2025-07-02T23:43:00+02:00;24178;123;9;60;freeFlow;1
2025-07-02T23:43:00+02:00;24179;123;16;60;freeFlow;1
2025-07-02T23:43:00+02:00;24181_D;50;3;0;unknown;0
2025-07-02T23:43:00+02:00;24181_G;66;2;50;freeFlow;1
2025-07-02T23:43:00+02:00;24182;123;9;60;freeFlow;1
2025-07-02T23:43:00+02:00;24184_D;50;11;0;unknown;0
2025-07-02T23:43:00+02:00;24184_G;59;10;50;freeFlow;1
2025-07-02T23:43:00+02:00;24259;50;3;0;unknown;0
2025-07-02T23:43:00+02:00;24260;68;3;50;freeFlow;1
2025-07-02T23:43:00+02:00;24261;73;2;50;freeFlow;1
2025-07-02T23:43:00+02:00;24262;50;4;0;unknown;0
2025-07-02T23:43:00+02:00;24264_D;80;1;0;unknown;0
2025-07-02T23:43:00+02:00;24264_G;73;1;50;freeFlow;1
2025-07-02T23:43:00+02:00;24265_D;50;1;0;unknown;0
2025-07-02T23:43:00+02:00;24265_G;66;1;50;freeFlow;1
2025-07-02T23:43:00+02:00;24274_D;66;7;50;freeFlow;1
2025-07-02T23:43:00+02:00;24274_G;50;10;0;unknown;0
2025-07-02T23:43:00+02:00;25687_D;30;7;0;unknown;0
2025-07-02T23:43:00+02:00;25687_G;30;7;0;unknown;0
2025-07-02T23:43:00+02:00;25929_D;26;32;52;heavy;1
2025-07-02T23:43:00+02:00;25929_G;80;11;0;unknown;0
2025-07-02T23:43:00+02:00;25930;65;2;55;freeFlow;1
2025-07-02T23:43:00+02:00;25931;70;3;55;freeFlow;1
2025-07-02T23:43:00+02:00;25932;43;4;68;heavy;2
2025-07-02T23:43:00+02:00;25933;38;4;50;heavy;1
2025-07-02T23:43:00+02:00;25934_D;48;5;52;heavy;1
2025-07-02T23:43:00+02:00;25934_G;80;3;0;unknown;0
2025-07-02T23:43:00+02:00;25944_D;65;5;55;freeFlow;1
2025-07-02T23:43:00+02:00;25944_G;65;4;55;freeFlow;1
2025-07-02T23:43:00+02:00;25946_D;72;12;55;freeFlow;1
2025-07-02T23:43:00+02:00;25946_G;86;10;55;freeFlow;1
2025-07-02T23:43:00+02:00;25947_D;70;27;57;freeFlow;1
2025-07-02T23:43:00+02:00;25947_G;40;47;50;heavy;1
2025-07-02T23:43:00+02:00;25988_D;30;10;0;unknown;0
2025-07-02T23:43:00+02:00;25988_G;30;10;0;unknown;0
2025-07-02T23:43:00+02:00;25989;50;2;0;unknown;0
2025-07-02T23:43:00+02:00;25990;50;2;0;unknown;0
2025-07-02T23:43:00+02:00;25991;50;2;0;unknown;0
2025-07-02T23:43:00+02:00;25992;50;2;0;unknown;0
2025-07-02T23:43:00+02:00;25993_D;30;3;0;unknown;0
2025-07-02T23:43:00+02:00;25993_G;30;3;0;unknown;0
2025-07-02T23:43:00+02:00;25994_D;50;4;0;unknown;0
2025-07-02T23:43:00+02:00;25994_G;50;4;0;unknown;0
2025-07-02T23:43:00+02:00;25995_D;50;1;0;unknown;0
2025-07-02T23:43:00+02:00;25995_G;50;1;0;unknown;0
2025-07-02T23:43:00+02:00;25996_D;50;5;0;unknown;0
2025-07-02T23:43:00+02:00;25996_G;50;4;0;unknown;0
2025-07-02T23:43:00+02:00;25997_D;50;1;0;unknown;0
2025-07-02T23:43:00+02:00;25997_G;50;1;0;unknown;0
2025-07-02T23:43:00+02:00;25998_D;50;11;0;unknown;0
2025-07-02T23:43:00+02:00;25998_G;50;11;0;unknown;0
2025-07-02T23:43:00+02:00;25999_D;50;8;0;unknown;0
2025-07-02T23:43:00+02:00;25999_G;50;8;0;unknown;0
2025-07-02T23:43:00+02:00;26000_D;80;5;0;unknown;0
2025-07-02T23:43:00+02:00;26000_G;80;5;0;unknown;0
2025-07-02T23:43:00+02:00;26001_D;80;1;0;unknown;0
2025-07-02T23:43:00+02:00;26001_G;80;1;0;unknown;0
2025-07-02T23:43:00+02:00;26002_D;80;5;0;unknown;0
2025-07-02T23:43:00+02:00;26002_G;80;5;0;unknown;0
2025-07-02T23:43:00+02:00;26023;103;2;60;freeFlow;1
2025-07-02T23:43:00+02:00;26024;90;51;0;unknown;0
2025-07-02T23:43:00+02:00;26025;110;59;0;unknown;0
2025-07-02T23:43:00+02:00;26041;67;5;75;freeFlow;2
2025-07-02T23:43:00+02:00;26043;42;10;48;freeFlow;1
2025-07-02T23:43:00+02:00;26044;67;7;75;freeFlow;2
2025-07-02T23:43:00+02:00;26046;21;46;63;heavy;2
2025-07-02T23:43:00+02:00;26047;67;1;75;freeFlow;2
2025-07-02T23:43:00+02:00;26048;76;28;75;freeFlow;2
2025-07-02T23:43:00+02:00;26049;60;24;60;freeFlow;2
2025-07-02T23:43:00+02:00;26050;32;11;60;heavy;2
2025-07-02T23:43:00+02:00;26101_D;30;16;0;unknown;0
2025-07-02T23:43:00+02:00;26101_G;30;16;0;unknown;0
2025-07-02T23:43:00+02:00;26371_D;30;9;0;unknown;0
2025-07-02T23:43:00+02:00;26371_G;30;9;0;unknown;0
2025-07-02T23:43:00+02:00;26389_D;70;11;0;unknown;0
2025-07-02T23:43:00+02:00;26389_G;70;11;0;unknown;0
2025-07-02T23:43:00+02:00;26392_D;30;15;0;unknown;0
2025-07-02T23:43:00+02:00;26392_G;30;14;0;unknown;0
2025-07-02T23:43:00+02:00;26393;50;1;0;unknown;0
2025-07-02T23:43:00+02:00;26394;50;1;0;unknown;0
2025-07-02T23:43:00+02:00;26395;50;2;0;unknown;0
2025-07-02T23:43:00+02:00;26396;50;1;0;unknown;0
2025-07-02T23:43:00+02:00;26397_D;50;4;0;unknown;0
2025-07-02T23:43:00+02:00;26397_G;50;4;0;unknown;0
2025-07-02T23:43:00+02:00;26402_D;30;9;0;unknown;0
2025-07-02T23:43:00+02:00;26402_G;30;9;0;unknown;0
2025-07-02T23:43:00+02:00;26403_D;30;4;0;unknown;0
2025-07-02T23:43:00+02:00;26403_G;30;4;0;unknown;0
2025-07-02T23:43:00+02:00;26404_D;30;3;0;unknown;0
2025-07-02T23:43:00+02:00;26404_G;30;3;0;unknown;0
2025-07-02T23:43:00+02:00;26405_D;30;2;0;unknown;0
2025-07-02T23:43:00+02:00;26405_G;30;2;0;unknown;0
2025-07-02T23:43:00+02:00;26409_D;70;11;0;unknown;0
2025-07-02T23:43:00+02:00;26409_G;70;11;0;unknown;0
2025-07-02T23:43:00+02:00;26420_D;70;4;0;unknown;0
2025-07-02T23:43:00+02:00;26420_G;70;4;0;unknown;0
2025-07-02T23:43:00+02:00;26422_D;70;11;0;unknown;0
2025-07-02T23:43:00+02:00;26422_G;70;11;0;unknown;0
2025-07-02T23:43:00+02:00;26423_D;70;7;0;unknown;0
2025-07-02T23:43:00+02:00;26423_G;70;7;0;unknown;0
2025-07-02T23:43:00+02:00;26495_D;50;7;0;unknown;0
2025-07-02T23:43:00+02:00;26495_G;50;7;0;unknown;0
2025-07-02T23:43:00+02:00;26497_D;30;16;0;unknown;0
2025-07-02T23:43:00+02:00;26497_G;30;16;0;unknown;0
2025-07-02T23:43:00+02:00;26501;110;20;0;unknown;0
2025-07-02T23:43:00+02:00;26573;124;11;60;freeFlow;1
2025-07-02T23:43:00+02:00;26603_D;30;2;0;unknown;0
2025-07-02T23:43:00+02:00;26603_G;30;2;0;unknown;0
2025-07-02T23:43:00+02:00;26611_D;30;4;0;unknown;0
2025-07-02T23:43:00+02:00;26611_G;30;4;0;unknown;0
2025-07-02T23:43:00+02:00;26619;51;1;50;freeFlow;1
2025-07-02T23:43:00+02:00;26654;67;7;75;freeFlow;2
2025-07-02T23:43:00+02:00;26656;56;9;45;freeFlow;1
2025-07-02T23:43:00+02:00;26897_D;30;15;0;unknown;0
2025-07-02T23:43:00+02:00;26897_G;30;15;0;unknown;0
2025-07-02T23:43:00+02:00;27837_D;50;5;0;unknown;0
2025-07-02T23:43:00+02:00;27837_G;50;6;0;unknown;0
2025-07-02T23:43:00+02:00;28032;37;5;20;heavy;1
2025-07-02T23:43:00+02:00;28033;80;2;0;unknown;0
2025-07-02T23:43:00+02:00;282910_D;50;4;0;unknown;0
2025-07-02T23:43:00+02:00;282910_G;31;4;35;heavy;1
2025-07-02T23:43:00+02:00;28642_D;70;7;0;unknown;0
2025-07-02T23:43:00+02:00;28642_G;92;5;17;freeFlow;1
2025-07-02T23:43:00+02:00;28645_D;70;2;0;unknown;0
2025-07-02T23:43:00+02:00;28645_G;92;1;17;freeFlow;1
2025-07-02T23:43:00+02:00;28646_D;80;39;0;unknown;0
2025-07-02T23:43:00+02:00;28646_G;100;31;17;freeFlow;1
2025-07-02T23:43:00+02:00;28648_D;80;16;0;unknown;0
2025-07-02T23:43:00+02:00;28648_G;102;13;17;freeFlow;1
2025-07-02T23:43:00+02:00;28649_D;80;11;0;unknown;0
2025-07-02T23:43:00+02:00;28649_G;104;9;17;freeFlow;1
2025-07-02T23:43:00+02:00;28650_D;80;13;0;unknown;0
2025-07-02T23:43:00+02:00;28650_G;68;15;20;freeFlow;1
2025-07-02T23:43:00+02:00;28660_D;80;8;0;unknown;0
2025-07-02T23:43:00+02:00;28660_G;102;6;15;freeFlow;1
2025-07-02T23:43:00+02:00;28665_D;80;17;0;unknown;0
2025-07-02T23:43:00+02:00;28665_G;97;14;17;freeFlow;1
2025-07-02T23:43:00+02:00;28666_D;70;9;0;unknown;0
2025-07-02T23:43:00+02:00;28666_G;92;7;17;freeFlow;1
2025-07-02T23:43:00+02:00;28669_D;70;5;0;unknown;0
2025-07-02T23:43:00+02:00;28669_G;70;5;0;unknown;0
2025-07-02T23:43:00+02:00;28675_D;70;6;0;unknown;0
2025-07-02T23:43:00+02:00;28675_G;70;6;0;unknown;0
2025-07-02T23:43:00+02:00;28676_D;70;3;0;unknown;0
2025-07-02T23:43:00+02:00;28676_G;70;3;0;unknown;0
2025-07-02T23:43:00+02:00;28677_D;70;16;0;unknown;0
2025-07-02T23:43:00+02:00;28677_G;70;16;0;unknown;0
2025-07-02T23:43:00+02:00;28693_D;80;12;0;unknown;0
2025-07-02T23:43:00+02:00;28693_G;104;9;15;freeFlow;1
2025-07-02T23:43:00+02:00;28854;59;3;12;freeFlow;1
2025-07-02T23:43:00+02:00;28855;59;2;12;freeFlow;1
2025-07-02T23:43:00+02:00;28865_D;104;19;15;freeFlow;1
2025-07-02T23:43:00+02:00;28865_G;80;25;0;unknown;0
2025-07-02T23:43:00+02:00;28866_D;66;11;27;freeFlow;2
2025-07-02T23:43:00+02:00;28866_G;80;9;0;unknown;0
2025-07-02T23:43:00+02:00;28867;52;2;12;freeFlow;1
2025-07-02T23:43:00+02:00;28868;37;3;12;freeFlow;1
2025-07-02T23:43:00+02:00;29;87;16;60;freeFlow;1
2025-07-02T23:43:00+02:00;30;99;6;57;freeFlow;1
2025-07-02T23:43:00+02:00;30020_D;80;27;0;unknown;0
2025-07-02T23:43:00+02:00;30020_G;58;37;20;freeFlow;1
2025-07-02T23:43:00+02:00;30022;70;4;52;freeFlow;1
2025-07-02T23:43:00+02:00;30023;90;56;0;unknown;0
2025-07-02T23:43:00+02:00;30118;56;2;48;freeFlow;1
2025-07-02T23:43:00+02:00;30351_D;50;1;0;unknown;0
2025-07-02T23:43:00+02:00;30351_G;50;1;0;unknown;0
2025-07-02T23:43:00+02:00;30355_D;50;10;0;unknown;0
2025-07-02T23:43:00+02:00;30355_G;50;10;0;unknown;0
2025-07-02T23:43:00+02:00;30359_D;80;8;0;unknown;0
2025-07-02T23:43:00+02:00;30359_G;80;8;0;unknown;0
2025-07-02T23:43:00+02:00;30405;50;2;0;unknown;0
2025-07-02T23:43:00+02:00;30406;50;4;0;unknown;0
2025-07-02T23:43:00+02:00;30407;50;2;0;unknown;0
2025-07-02T23:43:00+02:00;30408;50;1;0;unknown;0
2025-07-02T23:43:00+02:00;30409;50;2;0;unknown;0
2025-07-02T23:43:00+02:00;30410_D;50;1;0;unknown;0
2025-07-02T23:43:00+02:00;30410_G;50;1;0;unknown;0
2025-07-02T23:43:00+02:00;30411_D;50;6;0;unknown;0
2025-07-02T23:43:00+02:00;30411_G;50;6;0;unknown;0
2025-07-02T23:43:00+02:00;30414_D;50;7;0;unknown;0
2025-07-02T23:43:00+02:00;30414_G;50;8;0;unknown;0
2025-07-02T23:43:00+02:00;30416_D;50;10;0;unknown;0
2025-07-02T23:43:00+02:00;30416_G;50;10;0;unknown;0
2025-07-02T23:43:00+02:00;30499_D;30;9;0;unknown;0
2025-07-02T23:43:00+02:00;30499_G;30;10;0;unknown;0
2025-07-02T23:43:00+02:00;30501_D;30;9;0;unknown;0
2025-07-02T23:43:00+02:00;30501_G;30;9;0;unknown;0
2025-07-02T23:43:00+02:00;30502_D;30;2;0;unknown;0
2025-07-02T23:43:00+02:00;30502_G;30;2;0;unknown;0
2025-07-02T23:43:00+02:00;30504_D;30;1;0;unknown;0
2025-07-02T23:43:00+02:00;30504_G;30;1;0;unknown;0
2025-07-02T23:43:00+02:00;30508;30;4;0;unknown;0
2025-07-02T23:43:00+02:00;30521_D;50;8;0;unknown;0
2025-07-02T23:43:00+02:00;30521_G;50;9;0;unknown;0
2025-07-02T23:43:00+02:00;30522_D;50;2;0;unknown;0
2025-07-02T23:43:00+02:00;30522_G;50;2;0;unknown;0
2025-07-02T23:43:00+02:00;30606_D;50;11;0;unknown;0
2025-07-02T23:43:00+02:00;30606_G;50;11;0;unknown;0
2025-07-02T23:43:00+02:00;30608_D;50;3;0;unknown;0
2025-07-02T23:43:00+02:00;30608_G;50;3;0;unknown;0
2025-07-02T23:43:00+02:00;30611_D;50;8;0;unknown;0
2025-07-02T23:43:00+02:00;30611_G;50;8;0;unknown;0
2025-07-02T23:43:00+02:00;31;99;4;57;freeFlow;1
2025-07-02T23:43:00+02:00;31286;50;3;0;unknown;0
2025-07-02T23:43:00+02:00;31287;50;1;0;unknown;0
2025-07-02T23:43:00+02:00;31288;50;4;0;unknown;0
2025-07-02T23:43:00+02:00;31289;50;2;0;unknown;0
2025-07-02T23:43:00+02:00;31300_D;50;1;0;unknown;0
2025-07-02T23:43:00+02:00;31300_G;50;1;0;unknown;0
2025-07-02T23:43:00+02:00;31302_D;50;1;0;unknown;0
2025-07-02T23:43:00+02:00;31302_G;50;1;0;unknown;0
2025-07-02T23:43:00+02:00;31304_D;50;22;0;unknown;0
2025-07-02T23:43:00+02:00;31305_D;50;15;0;unknown;0
2025-07-02T23:43:00+02:00;31305_G;50;15;0;unknown;0
2025-07-02T23:43:00+02:00;31361_D;32;2;22;heavy;1
2025-07-02T23:43:00+02:00;31361_G;42;1;30;freeFlow;1
2025-07-02T23:43:00+02:00;31444_D;80;31;0;unknown;0
2025-07-02T23:43:00+02:00;31444_G;65;38;25;freeFlow;1
2025-07-02T23:43:00+02:00;31448;52;2;22;heavy;1
2025-07-02T23:43:00+02:00;31449;40;4;22;heavy;1
2025-07-02T23:43:00+02:00;31450;80;2;0;unknown;0
2025-07-02T23:43:00+02:00;31451;80;1;0;unknown;0
2025-07-02T23:43:00+02:00;31453_D;80;20;0;unknown;0
2025-07-02T23:43:00+02:00;31453_G;51;32;22;heavy;1
2025-07-02T23:43:00+02:00;31511;93;16;45;freeFlow;1
2025-07-02T23:43:00+02:00;31512;91;26;48;freeFlow;1
2025-07-02T23:43:00+02:00;31513;102;21;17;freeFlow;1
2025-07-02T23:43:00+02:00;31515;56;2;48;freeFlow;1
2025-07-02T23:43:00+02:00;31517;56;2;48;freeFlow;1
2025-07-02T23:43:00+02:00;31520;56;1;48;freeFlow;1
2025-07-02T23:43:00+02:00;31522;102;2;17;freeFlow;1
2025-07-02T23:43:00+02:00;31523_D;56;4;48;freeFlow;1
2025-07-02T23:43:00+02:00;31523_G;50;4;0;unknown;0
2025-07-02T23:43:00+02:00;31530_D;80;5;0;unknown;0
2025-07-02T23:43:00+02:00;31530_G;49;8;25;heavy;1
2025-07-02T23:43:00+02:00;31532_D;80;2;0;unknown;0
2025-07-02T23:43:00+02:00;31532_G;49;3;25;heavy;1
2025-07-02T23:43:00+02:00;31534;109;4;73;freeFlow;2
2025-07-02T23:43:00+02:00;31536;123;8;60;freeFlow;1
2025-07-02T23:43:00+02:00;31550;90;10;0;unknown;0
2025-07-02T23:43:00+02:00;31551;90;8;0;unknown;0
2025-07-02T23:43:00+02:00;31553;90;11;0;unknown;0
2025-07-02T23:43:00+02:00;31557;93;4;52;freeFlow;1
2025-07-02T23:43:00+02:00;31558_D;93;12;52;freeFlow;1
2025-07-02T23:43:00+02:00;31558_G;77;15;45;freeFlow;1
2025-07-02T23:43:00+02:00;31559;81;6;73;freeFlow;2
2025-07-02T23:43:00+02:00;31561;44;8;57;freeFlow;1
2025-07-02T23:43:00+02:00;31562;77;5;45;freeFlow;1
2025-07-02T23:43:00+02:00;31563;77;5;45;freeFlow;1
2025-07-02T23:43:00+02:00;31568;88;4;45;freeFlow;1
2025-07-02T23:43:00+02:00;31569;93;6;45;freeFlow;1
2025-07-02T23:43:00+02:00;31583_D;50;15;0;unknown;0
2025-07-02T23:43:00+02:00;31583_G;50;15;0;unknown;0
2025-07-02T23:43:00+02:00;31670_D;45;10;35;freeFlow;1
2025-07-02T23:43:00+02:00;31670_G;50;9;0;unknown;0
2025-07-02T23:43:00+02:00;31672_D;70;29;0;unknown;0
2025-07-02T23:43:00+02:00;31672_G;56;35;33;freeFlow;1
2025-07-02T23:43:00+02:00;31673;108;12;57;freeFlow;1
2025-07-02T23:43:00+02:00;31674;90;15;0;unknown;0
2025-07-02T23:43:00+02:00;31708_D;30;6;0;unknown;0
2025-07-02T23:43:00+02:00;31708_G;30;6;0;unknown;0
2025-07-02T23:43:00+02:00;31709_D;30;12;0;unknown;0
2025-07-02T23:43:00+02:00;31709_G;30;12;0;unknown;0
2025-07-02T23:43:00+02:00;31716_D;30;7;0;unknown;0
2025-07-02T23:43:00+02:00;31716_G;30;7;0;unknown;0
2025-07-02T23:43:00+02:00;31717_D;30;17;0;unknown;0
2025-07-02T23:43:00+02:00;31717_G;30;17;0;unknown;0
2025-07-02T23:43:00+02:00;31720_D;30;4;0;unknown;0
2025-07-02T23:43:00+02:00;31720_G;30;4;0;unknown;0
2025-07-02T23:43:00+02:00;31722_D;30;9;0;unknown;0
2025-07-02T23:43:00+02:00;31722_G;30;9;0;unknown;0
2025-07-02T23:43:00+02:00;31723;50;4;0;unknown;0
2025-07-02T23:43:00+02:00;31724;50;4;0;unknown;0
2025-07-02T23:43:00+02:00;31725;41;5;35;freeFlow;1
2025-07-02T23:43:00+02:00;31726;50;4;0;unknown;0
2025-07-02T23:43:00+02:00;31727_D;30;12;0;unknown;0
2025-07-02T23:43:00+02:00;31727_G;30;12;0;unknown;0
2025-07-02T23:43:00+02:00;31878;37;4;20;heavy;1
2025-07-02T23:43:00+02:00;31879;80;2;0;unknown;0
2025-07-02T23:43:00+02:00;31880;107;2;55;freeFlow;1
2025-07-02T23:43:00+02:00;31881;66;5;32;freeFlow;1
2025-07-02T23:43:00+02:00;31882;72;2;0;unknown;0
2025-07-02T23:43:00+02:00;32;94;13;57;freeFlow;1
2025-07-02T23:43:00+02:00;32118;90;1;0;unknown;0
2025-07-02T23:43:00+02:00;32163_D;30;3;0;unknown;0
2025-07-02T23:43:00+02:00;32163_G;30;3;0;unknown;0
2025-07-02T23:43:00+02:00;32165_D;31;3;22;heavy;1
2025-07-02T23:43:00+02:00;32165_G;43;2;30;freeFlow;1
2025-07-02T23:43:00+02:00;32177_D;80;7;0;unknown;0
2025-07-02T23:43:00+02:00;32177_G;64;9;20;freeFlow;1
2025-07-02T23:43:00+02:00;32784_D;50;2;0;unknown;0
2025-07-02T23:43:00+02:00;32784_G;50;2;0;unknown;0
2025-07-02T23:43:00+02:00;32785;50;1;0;unknown;0
2025-07-02T23:43:00+02:00;32786;50;2;0;unknown;0
2025-07-02T23:43:00+02:00;32788;50;2;0;unknown;0
2025-07-02T23:43:00+02:00;32790;50;1;0;unknown;0
2025-07-02T23:43:00+02:00;32791;32;3;22;heavy;1
2025-07-02T23:43:00+02:00;32794;42;2;30;freeFlow;1
2025-07-02T23:43:00+02:00;32796;36;2;20;freeFlow;1
2025-07-02T23:43:00+02:00;33;100;25;98;freeFlow;3
2025-07-02T23:43:00+02:00;34;83;32;69;freeFlow;2
2025-07-02T23:43:00+02:00;34744;96;34;38;freeFlow;2
2025-07-02T23:43:00+02:00;34745;93;35;100;freeFlow;3
2025-07-02T23:43:00+02:00;34757_D;50;2;0;unknown;0
2025-07-02T23:43:00+02:00;34757_G;50;2;0;unknown;0
2025-07-02T23:43:00+02:00;34758_D;50;16;0;unknown;0
2025-07-02T23:43:00+02:00;34758_G;50;16;0;unknown;0
2025-07-02T23:43:00+02:00;35;66;81;59;freeFlow;2
2025-07-02T23:43:00+02:00;35072;89;29;60;freeFlow;2
2025-07-02T23:43:00+02:00;35077;107;39;60;freeFlow;1
2025-07-02T23:43:00+02:00;35086;98;42;100;freeFlow;3
2025-07-02T23:43:00+02:00;35092;46;6;51;heavy;2
2025-07-02T23:43:00+02:00;35096;106;16;60;freeFlow;1
2025-07-02T23:43:00+02:00;35098;96;39;60;freeFlow;1
2025-07-02T23:43:00+02:00;35103;59;13;22;freeFlow;1
2025-07-02T23:43:00+02:00;35869_D;50;1;0;unknown;0
2025-07-02T23:43:00+02:00;35869_G;50;1;0;unknown;0
2025-07-02T23:43:00+02:00;35870_D;50;11;0;unknown;0
2025-07-02T23:43:00+02:00;35870_G;50;11;0;unknown;0
2025-07-02T23:43:00+02:00;35940;30;10;0;unknown;0
2025-07-02T23:43:00+02:00;35942;30;2;0;unknown;0
2025-07-02T23:43:00+02:00;35943;30;2;0;unknown;0
2025-07-02T23:43:00+02:00;35944;30;3;0;unknown;0
2025-07-02T23:43:00+02:00;35945;30;3;0;unknown;0
2025-07-02T23:43:00+02:00;35946_D;30;2;0;unknown;0
2025-07-02T23:43:00+02:00;35946_G;30;2;0;unknown;0
2025-07-02T23:43:00+02:00;35947;30;10;0;unknown;0
2025-07-02T23:43:00+02:00;35948;30;8;0;unknown;0
2025-07-02T23:43:00+02:00;35949;30;7;0;unknown;0
2025-07-02T23:43:00+02:00;35950;30;12;0;unknown;0
2025-07-02T23:43:00+02:00;35951;30;5;0;unknown;0
2025-07-02T23:43:00+02:00;35952;30;11;0;unknown;0
2025-07-02T23:43:00+02:00;35953;50;2;0;unknown;0
2025-07-02T23:43:00+02:00;35954;50;2;0;unknown;0
2025-07-02T23:43:00+02:00;35955;50;2;0;unknown;0
2025-07-02T23:43:00+02:00;35956;49;1;0;unknown;0
2025-07-02T23:43:00+02:00;35957_D;30;2;0;unknown;0
2025-07-02T23:43:00+02:00;35957_G;30;2;0;unknown;0
2025-07-02T23:43:00+02:00;35959_D;30;2;0;unknown;0
2025-07-02T23:43:00+02:00;35959_G;30;1;0;unknown;0
2025-07-02T23:43:00+02:00;35960;30;11;0;unknown;0
2025-07-02T23:43:00+02:00;35961;30;16;0;unknown;0
2025-07-02T23:43:00+02:00;35962;30;12;0;unknown;0
2025-07-02T23:43:00+02:00;35963;30;6;0;unknown;0
2025-07-02T23:43:00+02:00;35964;30;6;0;unknown;0
2025-07-02T23:43:00+02:00;35965;30;20;0;unknown;0
2025-07-02T23:43:00+02:00;35971;30;20;0;unknown;0
2025-07-02T23:43:00+02:00;35972;30;11;0;unknown;0
2025-07-02T23:43:00+02:00;35973;30;8;0;unknown;0
2025-07-02T23:43:00+02:00;35985_D;50;1;0;unknown;0
2025-07-02T23:43:00+02:00;35985_G;36;3;35;freeFlow;1
2025-07-02T23:43:00+02:00;35986_D;50;14;0;unknown;0
2025-07-02T23:43:00+02:00;35986_G;33;22;38;heavy;1
2025-07-02T23:43:00+02:00;35994_D;30;1;0;unknown;0
2025-07-02T23:43:00+02:00;35994_G;17;2;38;heavy;1
2025-07-02T23:43:00+02:00;35998;40;5;35;freeFlow;1
2025-07-02T23:43:00+02:00;35999;50;4;0;unknown;0
2025-07-02T23:43:00+02:00;36000;50;4;0;unknown;0
2025-07-02T23:43:00+02:00;36001;57;3;32;freeFlow;1
2025-07-02T23:43:00+02:00;36003_D;50;1;0;unknown;0
2025-07-02T23:43:00+02:00;36003_G;57;1;32;freeFlow;1
2025-07-02T23:43:00+02:00;36004_D;50;42;0;unknown;0
2025-07-02T23:43:00+02:00;36004_G;57;37;32;freeFlow;1
2025-07-02T23:43:00+02:00;36005;27;3;40;freeFlow;1
2025-07-02T23:43:00+02:00;36006;30;3;0;unknown;0
2025-07-02T23:43:00+02:00;36007;30;2;0;unknown;0
2025-07-02T23:43:00+02:00;36010_D;27;1;40;freeFlow;1
2025-07-02T23:43:00+02:00;36010_G;30;1;0;unknown;0
2025-07-02T23:43:00+02:00;36011;22;14;40;freeFlow;1
2025-07-02T23:43:00+02:00;36012_D;30;2;0;unknown;0
2025-07-02T23:43:00+02:00;36012_G;30;2;0;unknown;0
2025-07-02T23:43:00+02:00;37200_D;30;8;0;unknown;0
2025-07-02T23:43:00+02:00;37200_G;30;8;0;unknown;0
2025-07-02T23:43:00+02:00;37201;50;4;0;unknown;0
2025-07-02T23:43:00+02:00;37202;50;6;0;unknown;0
2025-07-02T23:43:00+02:00;37203;44;12;12;freeFlow;1
2025-07-02T23:43:00+02:00;37204_D;50;2;0;unknown;0
2025-07-02T23:43:00+02:00;37204_G;39;2;10;freeFlow;1
2025-07-02T23:43:00+02:00;37205_D;50;4;0;unknown;0
2025-07-02T23:43:00+02:00;37205_G;39;5;10;freeFlow;1
2025-07-02T23:43:00+02:00;37206_D;50;10;0;unknown;0
2025-07-02T23:43:00+02:00;37206_G;47;11;10;freeFlow;1
2025-07-02T23:43:00+02:00;37207;50;1;0;unknown;0
2025-07-02T23:43:00+02:00;37208;49;3;10;freeFlow;1
2025-07-02T23:43:00+02:00;37209;50;2;0;unknown;0
2025-07-02T23:43:00+02:00;37210_D;50;1;0;unknown;0
2025-07-02T23:43:00+02:00;37210_G;40;1;10;freeFlow;1
2025-07-02T23:43:00+02:00;37211_D;50;53;0;unknown;0
2025-07-02T23:43:00+02:00;37211_G;51;52;10;freeFlow;1
2025-07-02T23:43:00+02:00;37239;31;6;40;freeFlow;1
2025-07-02T23:43:00+02:00;37240;30;5;0;unknown;0
2025-07-02T23:43:00+02:00;37241;31;6;40;freeFlow;1
2025-07-02T23:43:00+02:00;37242;30;7;0;unknown;0
2025-07-02T23:43:00+02:00;37243_D;50;2;0;unknown;0
2025-07-02T23:43:00+02:00;37243_G;57;2;32;freeFlow;1
2025-07-02T23:43:00+02:00;37244_D;31;2;40;freeFlow;1
2025-07-02T23:43:00+02:00;37244_G;30;2;0;unknown;0
2025-07-02T23:43:00+02:00;37246_D;29;3;0;unknown;0
2025-07-02T23:43:00+02:00;37246_G;30;3;0;unknown;0
2025-07-02T23:43:00+02:00;37422_D;50;19;0;unknown;0
2025-07-02T23:43:00+02:00;37422_G;50;19;0;unknown;0
2025-07-02T23:43:00+02:00;37467_D;50;8;0;unknown;0
2025-07-02T23:43:00+02:00;37467_G;50;8;0;unknown;0
2025-07-02T23:43:00+02:00;37508_D;50;21;0;unknown;0
2025-07-02T23:43:00+02:00;37508_G;36;30;35;freeFlow;1
2025-07-02T23:43:00+02:00;37509_D;50;2;0;unknown;0
2025-07-02T23:43:00+02:00;37509_G;36;2;35;freeFlow;1
2025-07-02T23:43:00+02:00;37564_D;70;22;0;unknown;0
2025-07-02T23:43:00+02:00;37564_G;70;22;0;unknown;0
2025-07-02T23:43:00+02:00;37565_D;65;12;0;unknown;0
2025-07-02T23:43:00+02:00;37565_G;65;12;0;unknown;0
2025-07-02T23:43:00+02:00;37586_D;50;1;0;unknown;0
2025-07-02T23:43:00+02:00;37586_G;36;2;35;freeFlow;1
2025-07-02T23:43:00+02:00;37588_D;70;8;0;unknown;0
2025-07-02T23:43:00+02:00;37588_G;70;8;0;unknown;0
2025-07-02T23:43:00+02:00;37620_D;70;1;0;unknown;0
2025-07-02T23:43:00+02:00;37620_G;70;1;0;unknown;0
2025-07-02T23:43:00+02:00;37621;36;5;35;freeFlow;1
2025-07-02T23:43:00+02:00;37622;50;4;0;unknown;0
2025-07-02T23:43:00+02:00;37625_D;50;18;0;unknown;0
2025-07-02T23:43:00+02:00;37625_G;45;21;0;unknown;0
2025-07-02T23:43:00+02:00;37665_D;5;15;15;congested;1
2025-07-02T23:43:00+02:00;37665_G;44;2;27;freeFlow;1
2025-07-02T23:43:00+02:00;37667;65;19;20;freeFlow;1
2025-07-02T23:43:00+02:00;37668;51;8;22;freeFlow;1
2025-07-02T23:43:00+02:00;37673;51;7;20;freeFlow;1
2025-07-02T23:43:00+02:00;37686_D;7;92;10;congested;1
2025-07-02T23:43:00+02:00;37686_G;20;31;60;heavy;1
2025-07-02T23:43:00+02:00;37702_D;38;7;0;unknown;0
2025-07-02T23:43:00+02:00;37702_G;50;5;0;unknown;0
2025-07-02T23:43:00+02:00;37706_D;50;1;0;unknown;0
2025-07-02T23:43:00+02:00;37706_G;41;1;0;unknown;0
2025-07-02T23:43:00+02:00;37707_D;31;2;15;heavy;1
2025-07-02T23:43:00+02:00;37707_G;45;2;27;freeFlow;1
2025-07-02T23:43:00+02:00;37708_D;38;24;20;freeFlow;1
2025-07-02T23:43:00+02:00;37708_G;45;20;25;freeFlow;1
2025-07-02T23:43:00+02:00;37712_D;38;5;20;freeFlow;1
2025-07-02T23:43:00+02:00;37712_G;45;4;25;freeFlow;1
2025-07-02T23:43:00+02:00;37724;38;4;20;freeFlow;1
2025-07-02T23:43:00+02:00;37725;55;1;60;freeFlow;1
2025-07-02T23:43:00+02:00;37726;24;5;20;heavy;1
2025-07-02T23:43:00+02:00;37727;55;2;60;freeFlow;1
2025-07-02T23:43:00+02:00;37728;0;249;60;congested;1
2025-07-02T23:43:00+02:00;37729;58;97;16;heavy;2
2025-07-02T23:43:00+02:00;37730;37;4;12;freeFlow;1
2025-07-02T23:43:00+02:00;37732;90;41;0;unknown;0
2025-07-02T23:43:00+02:00;37737;105;39;22;freeFlow;1
2025-07-02T23:43:00+02:00;37738;31;3;22;heavy;1
2025-07-02T23:43:00+02:00;37739;35;4;22;heavy;1
2025-07-02T23:43:00+02:00;37740;51;3;22;freeFlow;1
2025-07-02T23:43:00+02:00;37741;51;1;22;freeFlow;1
2025-07-02T23:43:00+02:00;37742;51;3;22;freeFlow;1
2025-07-02T23:43:00+02:00;37743;51;2;22;freeFlow;1
2025-07-02T23:43:00+02:00;37744;37;5;10;heavy;1
2025-07-02T23:43:00+02:00;37745;34;2;10;heavy;1
2025-07-02T23:43:00+02:00;37749;105;37;50;freeFlow;2
2025-07-02T23:43:00+02:00;37750;105;25;22;freeFlow;1
2025-07-02T23:43:00+02:00;37751;70;14;0;unknown;0
2025-07-02T23:43:00+02:00;37752;81;7;60;freeFlow;1
2025-07-02T23:43:00+02:00;37753;108;24;42;freeFlow;1
2025-07-02T23:43:00+02:00;37784;50;2;0;unknown;0
2025-07-02T23:43:00+02:00;37785;50;2;0;unknown;0
2025-07-02T23:43:00+02:00;37786;50;2;0;unknown;0
2025-07-02T23:43:00+02:00;37787_D;70;21;0;unknown;0
2025-07-02T23:43:00+02:00;37787_G;70;22;0;unknown;0
2025-07-02T23:43:00+02:00;37818;94;49;41;freeFlow;1
2025-07-02T23:43:00+02:00;37819;95;59;25;freeFlow;1
2025-07-02T23:43:00+02:00;37822;90;9;0;unknown;0
2025-07-02T23:43:00+02:00;37826;50;1;0;unknown;0
2025-07-02T23:43:00+02:00;37827;37;1;12;freeFlow;1
2025-07-02T23:43:00+02:00;37941;92;53;30;freeFlow;2
2025-07-02T23:43:00+02:00;37947;99;7;25;freeFlow;1
2025-07-02T23:43:00+02:00;37948;91;76;60;freeFlow;1
2025-07-02T23:43:00+02:00;37949;109;63;29;freeFlow;1
2025-07-02T23:43:00+02:00;37950;92;8;60;freeFlow;1
2025-07-02T23:43:00+02:00;37970;92;15;100;freeFlow;3
2025-07-02T23:43:00+02:00;38;100;14;57;freeFlow;1
2025-07-02T23:43:00+02:00;38067;94;12;60;freeFlow;1
2025-07-02T23:43:00+02:00;38068;70;3;0;unknown;0
2025-07-02T23:43:00+02:00;38069;70;4;0;unknown;0
2025-07-02T23:43:00+02:00;38070;111;8;30;freeFlow;1
2025-07-02T23:43:00+02:00;38310;50;1;0;unknown;0
2025-07-02T23:43:00+02:00;38311;50;2;0;unknown;0
2025-07-02T23:43:00+02:00;38317;87;2;25;freeFlow;1
2025-07-02T23:43:00+02:00;38318;111;24;30;freeFlow;1
2025-07-02T23:43:00+02:00;38319;91;23;71;freeFlow;2
2025-07-02T23:43:00+02:00;38322;70;2;0;unknown;0
2025-07-02T23:43:00+02:00;38378_D;70;10;0;unknown;0
2025-07-02T23:43:00+02:00;38378_G;70;10;0;unknown;0
2025-07-02T23:43:00+02:00;38389_D;70;16;0;unknown;0
2025-07-02T23:43:00+02:00;38389_G;70;15;0;unknown;0
2025-07-02T23:43:00+02:00;39061;70;3;0;unknown;0
2025-07-02T23:43:00+02:00;39062;70;2;0;unknown;0
2025-07-02T23:43:00+02:00;39063;70;6;0;unknown;0
2025-07-02T23:43:00+02:00;39473;35;57;22;heavy;1
2025-07-02T23:43:00+02:00;39618;92;3;60;freeFlow;1
2025-07-02T23:43:00+02:00;39619;91;3;60;freeFlow;1
2025-07-02T23:43:00+02:00;39720_D;50;25;0;unknown;0
2025-07-02T23:43:00+02:00;39720_G;57;22;32;freeFlow;1
2025-07-02T23:43:00+02:00;39902_D;70;1;0;unknown;0
2025-07-02T23:43:00+02:00;39902_G;70;1;0;unknown;0
2025-07-02T23:43:00+02:00;39904_D;70;1;0;unknown;0
2025-07-02T23:43:00+02:00;39904_G;70;1;0;unknown;0
2025-07-02T23:43:00+02:00;39906_D;70;7;0;unknown;0
2025-07-02T23:43:00+02:00;39906_G;70;7;0;unknown;0
2025-07-02T23:43:00+02:00;40185_D;70;2;0;unknown;0
2025-07-02T23:43:00+02:00;40185_G;41;1;40;heavy;1
2025-07-02T23:43:00+02:00;40201;21;1;60;heavy;1
2025-07-02T23:43:00+02:00;40202;24;3;60;heavy;1
2025-07-02T23:43:00+02:00;40203;50;2;0;unknown;0
2025-07-02T23:43:00+02:00;40212_D;80;1;0;unknown;0
2025-07-02T23:43:00+02:00;40212_G;104;1;15;freeFlow;1
2025-07-02T23:43:00+02:00;40213_D;70;1;0;unknown;0
2025-07-02T23:43:00+02:00;40213_G;92;1;17;freeFlow;1
2025-07-02T23:43:00+02:00;41631_D;43;5;25;freeFlow;1
2025-07-02T23:43:00+02:00;41631_G;5;41;30;congested;1
2025-07-02T23:43:00+02:00;41632_D;30;5;0;unknown;0
2025-07-02T23:43:00+02:00;41632_G;30;4;0;unknown;0
2025-07-02T23:43:00+02:00;41652_D;50;4;0;unknown;0
2025-07-02T23:43:00+02:00;41683_D;70;15;0;unknown;0
2025-07-02T23:43:00+02:00;41683_G;70;15;0;unknown;0
2025-07-02T23:43:00+02:00;41709_D;30;15;0;unknown;0
2025-07-02T23:43:00+02:00;41709_G;25;19;0;unknown;0
2025-07-02T23:43:00+02:00;41712_D;30;7;0;unknown;0
2025-07-02T23:43:00+02:00;41712_G;22;10;0;unknown;0
2025-07-02T23:43:00+02:00;41713_D;50;2;25;freeFlow;1
2025-07-02T23:43:00+02:00;41713_G;30;4;0;unknown;0
2025-07-02T23:43:00+02:00;41729;60;1;20;freeFlow;1
2025-07-02T23:43:00+02:00;41730;50;1;0;unknown;0
2025-07-02T23:43:00+02:00;41731;50;1;0;unknown;0
2025-07-02T23:43:00+02:00;41753_D;50;4;25;freeFlow;1
2025-07-02T23:43:00+02:00;41753_G;30;6;0;unknown;0
2025-07-02T23:43:00+02:00;41764_D;30;2;0;unknown;0
2025-07-02T23:43:00+02:00;41764_G;30;2;0;unknown;0
2025-07-02T23:43:00+02:00;41781;60;1;20;freeFlow;1
2025-07-02T23:43:00+02:00;41782;48;2;20;freeFlow;1
2025-07-02T23:43:00+02:00;41783;50;1;0;unknown;0
2025-07-02T23:43:00+02:00;41784;50;1;0;unknown;0
2025-07-02T23:43:00+02:00;41809_D;50;5;25;freeFlow;1
2025-07-02T23:43:00+02:00;41809_G;30;8;0;unknown;0
2025-07-02T23:43:00+02:00;41810_D;50;1;25;freeFlow;1
2025-07-02T23:43:00+02:00;41810_G;30;2;0;unknown;0
2025-07-02T23:43:00+02:00;41811_D;50;5;25;freeFlow;1
2025-07-02T23:43:00+02:00;41811_G;30;8;0;unknown;0
2025-07-02T23:43:00+02:00;41812_D;50;3;25;freeFlow;1
2025-07-02T23:43:00+02:00;41812_G;30;6;0;unknown;0
2025-07-02T23:43:00+02:00;41813_D;50;3;25;freeFlow;1
2025-07-02T23:43:00+02:00;41813_G;30;5;0;unknown;0
2025-07-02T23:43:00+02:00;41814_D;50;4;25;freeFlow;1
2025-07-02T23:43:00+02:00;41814_G;30;7;0;unknown;0
2025-07-02T23:43:00+02:00;41815_D;50;4;25;freeFlow;1
2025-07-02T23:43:00+02:00;41815_G;5;42;30;congested;1
2025-07-02T23:43:00+02:00;41817_D;50;4;25;freeFlow;1
2025-07-02T23:43:00+02:00;41817_G;5;38;30;congested;1
2025-07-02T23:43:00+02:00;41818_D;50;2;25;freeFlow;1
2025-07-02T23:43:00+02:00;41818_G;5;13;30;congested;1
2025-07-02T23:43:00+02:00;42028;60;8;20;freeFlow;1
2025-07-02T23:43:00+02:00;42029;50;30;0;unknown;0
2025-07-02T23:43:00+02:00;42030;48;31;20;freeFlow;1
2025-07-02T23:43:00+02:00;42031;50;30;0;unknown;0
2025-07-02T23:43:00+02:00;42047;70;5;0;unknown;0
2025-07-02T23:43:00+02:00;42049;50;2;0;unknown;0
2025-07-02T23:43:00+02:00;42050;90;1;0;unknown;0
2025-07-02T23:43:00+02:00;42051;90;6;0;unknown;0
2025-07-02T23:43:00+02:00;42125_D;50;23;0;unknown;0
2025-07-02T23:43:00+02:00;42125_G;50;23;0;unknown;0
2025-07-02T23:43:00+02:00;42134;66;35;25;freeFlow;1
2025-07-02T23:43:00+02:00;42135;18;149;0;unknown;0
2025-07-02T23:43:00+02:00;42206_D;50;19;0;unknown;0
2025-07-02T23:43:00+02:00;42238_D;50;7;0;unknown;0
2025-07-02T23:43:00+02:00;42257;90;6;0;unknown;0
2025-07-02T23:43:00+02:00;42273_D;30;6;0;unknown;0
2025-07-02T23:43:00+02:00;42273_G;30;6;0;unknown;0
2025-07-02T23:43:00+02:00;42293_D;50;1;25;freeFlow;1
2025-07-02T23:43:00+02:00;42293_G;30;2;0;unknown;0
2025-07-02T23:43:00+02:00;42307_D;50;15;0;unknown;0
2025-07-02T23:43:00+02:00;42307_G;50;15;0;unknown;0
2025-07-02T23:43:00+02:00;42359;90;7;0;unknown;0
2025-07-02T23:43:00+02:00;42375;50;1;0;unknown;0
2025-07-02T23:43:00+02:00;42378_D;50;1;25;freeFlow;1
2025-07-02T23:43:00+02:00;42378_G;30;2;0;unknown;0
2025-07-02T23:43:00+02:00;42379;87;31;12;freeFlow;1
2025-07-02T23:43:00+02:00;42383;60;1;20;freeFlow;1
2025-07-02T23:43:00+02:00;42384;50;1;0;unknown;0
2025-07-02T23:43:00+02:00;42385;50;2;0;unknown;0
2025-07-02T23:43:00+02:00;42386;50;1;0;unknown;0
2025-07-02T23:43:00+02:00;42387;76;3;22;freeFlow;1
2025-07-02T23:43:00+02:00;42388;50;2;20;freeFlow;1
2025-07-02T23:43:00+02:00;42389;50;3;0;unknown;0
2025-07-02T23:43:00+02:00;42390;50;2;0;unknown;0
2025-07-02T23:43:00+02:00;42391;50;2;0;unknown;0
2025-07-02T23:43:00+02:00;42392;70;1;22;freeFlow;1
2025-07-02T23:43:00+02:00;42399;50;5;25;heavy;1
2025-07-02T23:43:00+02:00;42401_D;50;26;0;unknown;0
2025-07-02T23:43:00+02:00;42401_G;50;26;0;unknown;0
2025-07-02T23:43:00+02:00;42572;50;1;20;freeFlow;1
2025-07-02T23:43:00+02:00;42573;50;1;0;unknown;0
2025-07-02T23:43:00+02:00;42580;90;1;0;unknown;0
2025-07-02T23:43:00+02:00;42595_D;30;6;0;unknown;0
2025-07-02T23:43:00+02:00;42595_G;30;6;0;unknown;0
2025-07-02T23:43:00+02:00;42603;37;15;60;freeFlow;1
2025-07-02T23:43:00+02:00;42663_D;50;5;0;unknown;0
2025-07-02T23:43:00+02:00;42663_G;50;5;0;unknown;0
2025-07-02T23:43:00+02:00;42681_D;70;13;0;unknown;0
2025-07-02T23:43:00+02:00;42681_G;70;13;0;unknown;0
2025-07-02T23:43:00+02:00;42684_D;30;2;0;unknown;0
2025-07-02T23:43:00+02:00;42684_G;30;2;0;unknown;0
2025-07-02T23:43:00+02:00;42685;90;29;0;unknown;0
2025-07-02T23:43:00+02:00;42709_D;50;19;0;unknown;0
2025-07-02T23:43:00+02:00;42709_G;50;18;0;unknown;0
2025-07-02T23:43:00+02:00;42777_D;50;3;0;unknown;0
2025-07-02T23:43:00+02:00;42777_G;50;3;0;unknown;0
2025-07-02T23:43:00+02:00;42778_D;50;1;0;unknown;0
2025-07-02T23:43:00+02:00;42778_G;50;1;0;unknown;0
2025-07-02T23:43:00+02:00;42779;50;2;0;unknown;0
2025-07-02T23:43:00+02:00;42780_D;50;8;0;unknown;0
2025-07-02T23:43:00+02:00;42780_G;50;8;0;unknown;0
2025-07-02T23:43:00+02:00;42938_D;50;6;0;unknown;0
2025-07-02T23:43:00+02:00;42938_G;50;6;38;freeFlow;1
2025-07-02T23:43:00+02:00;42939_D;50;4;0;unknown;0
2025-07-02T23:43:00+02:00;42939_G;37;6;38;freeFlow;1
2025-07-02T23:43:00+02:00;42940_D;50;9;0;unknown;0
2025-07-02T23:43:00+02:00;42940_G;39;11;38;freeFlow;1
2025-07-02T23:43:00+02:00;42941_D;50;3;0;unknown;0
2025-07-02T23:43:00+02:00;42941_G;10;13;42;congested;1
2025-07-02T23:43:00+02:00;42947_D;45;10;27;freeFlow;1
2025-07-02T23:43:00+02:00;42947_G;11;39;60;congested;2
2025-07-02T23:43:00+02:00;42948_D;39;6;25;freeFlow;1
2025-07-02T23:43:00+02:00;42948_G;4;57;48;congested;1
2025-07-02T23:43:00+02:00;42949_D;37;7;25;freeFlow;1
2025-07-02T23:43:00+02:00;42949_G;41;7;48;freeFlow;1
2025-07-02T23:43:00+02:00;42978_D;50;11;0;unknown;0
2025-07-02T23:43:00+02:00;42978_G;35;16;40;heavy;1
2025-07-02T23:43:00+02:00;42979_D;50;3;0;unknown;0
2025-07-02T23:43:00+02:00;42979_G;43;3;38;freeFlow;1
2025-07-02T23:43:00+02:00;42983_D;50;8;0;unknown;0
2025-07-02T23:43:00+02:00;42983_G;46;8;38;freeFlow;1
2025-07-02T23:43:00+02:00;42999_D;42;14;60;freeFlow;1
2025-07-02T23:43:00+02:00;42999_G;17;36;0;unknown;0
2025-07-02T23:43:00+02:00;43000_D;42;6;60;freeFlow;1
2025-07-02T23:43:00+02:00;43000_G;50;5;0;unknown;0
2025-07-02T23:43:00+02:00;43001_D;50;4;0;unknown;0
2025-07-02T23:43:00+02:00;43001_G;35;5;27;freeFlow;1
2025-07-02T23:43:00+02:00;43003_D;42;4;60;freeFlow;1
2025-07-02T23:43:00+02:00;43003_G;50;3;0;unknown;0
2025-07-02T23:43:00+02:00;43027_D;50;5;0;unknown;0
2025-07-02T23:43:00+02:00;43027_G;33;8;65;heavy;2
2025-07-02T23:43:00+02:00;43029_D;39;10;27;freeFlow;1
2025-07-02T23:43:00+02:00;43029_G;31;13;45;heavy;1
2025-07-02T23:43:00+02:00;43046_D;50;6;0;unknown;0
2025-07-02T23:43:00+02:00;43046_G;6;52;20;congested;1
2025-07-02T23:43:00+02:00;43047_D;50;4;0;unknown;0
2025-07-02T23:43:00+02:00;43047_G;25;6;17;heavy;1
2025-07-02T23:43:00+02:00;43048_D;50;5;0;unknown;0
2025-07-02T23:43:00+02:00;43048_G;29;9;55;heavy;2
2025-07-02T23:43:00+02:00;43049_D;21;6;32;heavy;1
2025-07-02T23:43:00+02:00;43049_G;20;6;55;heavy;2
2025-07-02T23:43:00+02:00;43050_D;50;3;0;unknown;0
2025-07-02T23:43:00+02:00;43050_G;44;4;38;freeFlow;1
2025-07-02T23:43:00+02:00;43099;50;2;0;unknown;0
2025-07-02T23:43:00+02:00;43352_G;30;16;0;unknown;0
2025-07-02T23:43:00+02:00;43451_D;30;15;0;unknown;0
2025-07-02T23:43:00+02:00;43481;21;35;70;heavy;2
2025-07-02T23:43:00+02:00;43627;36;18;55;freeFlow;1
2025-07-02T23:43:00+02:00;43658_D;50;4;0;unknown;0
2025-07-02T23:43:00+02:00;43658_G;50;4;0;unknown;0
2025-07-02T23:43:00+02:00;43718_D;50;3;0;unknown;0
2025-07-02T23:43:00+02:00;43718_G;50;3;0;unknown;0
2025-07-02T23:43:00+02:00;43719_D;50;9;0;unknown;0
2025-07-02T23:43:00+02:00;43719_G;50;9;0;unknown;0
2025-07-02T23:43:00+02:00;43720_D;50;4;0;unknown;0
2025-07-02T23:43:00+02:00;43720_G;50;4;0;unknown;0
2025-07-02T23:43:00+02:00;43724_D;50;8;0;unknown;0
2025-07-02T23:43:00+02:00;43724_G;36;11;55;freeFlow;2
2025-07-02T23:43:00+02:00;43733_D;50;4;0;unknown;0
2025-07-02T23:43:00+02:00;43733_G;41;5;27;freeFlow;1
2025-07-02T23:43:00+02:00;43736_D;50;4;0;unknown;0
2025-07-02T23:43:00+02:00;43736_G;50;4;0;unknown;0
2025-07-02T23:43:00+02:00;43739_D;50;6;0;unknown;0
2025-07-02T23:43:00+02:00;43739_G;50;7;0;unknown;0
2025-07-02T23:43:00+02:00;43740_D;50;6;0;unknown;0
2025-07-02T23:43:00+02:00;43740_G;50;6;0;unknown;0
2025-07-02T23:43:00+02:00;43741_D;50;1;0;unknown;0
2025-07-02T23:43:00+02:00;43741_G;50;0;0;unknown;0
2025-07-02T23:43:00+02:00;43742_D;50;7;0;unknown;0
2025-07-02T23:43:00+02:00;43742_G;50;7;0;unknown;0
2025-07-02T23:43:00+02:00;43743_G;50;25;0;unknown;0
2025-07-02T23:43:00+02:00;43744_D;50;5;0;unknown;0
2025-07-02T23:43:00+02:00;43744_G;50;5;0;unknown;0
2025-07-02T23:43:00+02:00;43748;38;5;55;freeFlow;2
2025-07-02T23:43:00+02:00;43757;7;14;42;congested;1
2025-07-02T23:43:00+02:00;43758;36;8;42;freeFlow;1
2025-07-02T23:43:00+02:00;43786_D;50;12;0;unknown;0
2025-07-02T23:43:00+02:00;43786_G;40;16;42;freeFlow;1
2025-07-02T23:43:00+02:00;43787_D;50;3;0;unknown;0
2025-07-02T23:43:00+02:00;43787_G;34;4;40;heavy;1
2025-07-02T23:43:00+02:00;43788_D;50;2;0;unknown;0
2025-07-02T23:43:00+02:00;43788_G;44;2;38;freeFlow;1
2025-07-02T23:43:00+02:00;43789_D;50;5;0;unknown;0
2025-07-02T23:43:00+02:00;43789_G;44;6;38;freeFlow;1
2025-07-02T23:43:00+02:00;43790_D;50;5;0;unknown;0
2025-07-02T23:43:00+02:00;43790_G;43;5;38;freeFlow;1
2025-07-02T23:43:00+02:00;43791_D;50;3;0;unknown;0
2025-07-02T23:43:00+02:00;43791_G;42;3;38;freeFlow;1
2025-07-02T23:43:00+02:00;43792_D;50;7;0;unknown;0
2025-07-02T23:43:00+02:00;43792_G;41;8;38;freeFlow;1
2025-07-02T23:43:00+02:00;43814_D;50;14;0;unknown;0
2025-07-02T23:43:00+02:00;43814_G;50;14;0;unknown;0
2025-07-02T23:43:00+02:00;43815_D;50;7;0;unknown;0
2025-07-02T23:43:00+02:00;43815_G;50;7;0;unknown;0
2025-07-02T23:43:00+02:00;43817_D;50;14;0;unknown;0
2025-07-02T23:43:00+02:00;43817_G;23;30;12;heavy;1
2025-07-02T23:43:00+02:00;43819;16;30;30;heavy;1
2025-07-02T23:43:00+02:00;43821;43;6;42;freeFlow;1
2025-07-02T23:43:00+02:00;43828_D;50;11;0;unknown;0
2025-07-02T23:43:00+02:00;43828_G;11;50;40;congested;1
2025-07-02T23:43:00+02:00;43835_D;50;7;0;unknown;0
2025-07-02T23:43:00+02:00;43835_G;50;7;0;unknown;0
2025-07-02T23:43:00+02:00;43836;50;10;0;unknown;0
2025-07-02T23:43:00+02:00;43871_D;33;6;25;heavy;1
2025-07-02T23:43:00+02:00;43871_G;18;11;50;heavy;1
2025-07-02T23:43:00+02:00;43872_D;40;5;25;freeFlow;1
2025-07-02T23:43:00+02:00;43872_G;41;5;48;freeFlow;1
2025-07-02T23:43:00+02:00;43873_D;36;7;25;freeFlow;1
2025-07-02T23:43:00+02:00;43873_G;39;7;48;freeFlow;1
2025-07-02T23:43:00+02:00;43925_D;35;7;25;heavy;1
2025-07-02T23:43:00+02:00;43925_G;35;7;48;heavy;1
2025-07-02T23:43:00+02:00;43937_D;50;6;0;unknown;0
2025-07-02T23:43:00+02:00;43937_G;50;6;0;unknown;0
2025-07-02T23:43:00+02:00;43938_D;50;20;0;unknown;0
2025-07-02T23:43:00+02:00;43938_G;50;20;0;unknown;0
2025-07-02T23:43:00+02:00;43972;50;7;0;unknown;0
2025-07-02T23:43:00+02:00;43974;50;10;0;unknown;0
2025-07-02T23:43:00+02:00;43975;50;4;0;unknown;0
2025-07-02T23:43:00+02:00;44002_D;34;13;60;heavy;1
2025-07-02T23:43:00+02:00;44002_G;50;9;0;unknown;0
2025-07-02T23:43:00+02:00;44003_D;40;10;60;freeFlow;1
2025-07-02T23:43:00+02:00;44012;6;116;30;congested;1
2025-07-02T23:43:00+02:00;44017_D;44;3;57;freeFlow;1
2025-07-02T23:43:00+02:00;44018_D;32;18;57;heavy;1
2025-07-02T23:43:00+02:00;44028;50;5;0;unknown;0
2025-07-02T23:43:00+02:00;44036_D;26;4;60;heavy;1
2025-07-02T23:43:00+02:00;44036_G;36;3;52;freeFlow;1
2025-07-02T23:43:00+02:00;44066;14;15;73;congested;2
2025-07-02T23:43:00+02:00;44067;36;20;57;freeFlow;1
2025-07-02T23:43:00+02:00;44069;59;4;48;freeFlow;1
2025-07-02T23:43:00+02:00;44084_D;50;5;0;unknown;0
2025-07-02T23:43:00+02:00;44084_G;50;5;0;unknown;0
2025-07-02T23:43:00+02:00;44089_D;50;6;0;unknown;0
2025-07-02T23:43:00+02:00;44089_G;50;6;0;unknown;0
2025-07-02T23:43:00+02:00;44090_D;45;5;0;unknown;0
2025-07-02T23:43:00+02:00;44090_G;50;5;0;unknown;0
2025-07-02T23:43:00+02:00;44131;50;12;0;unknown;0
2025-07-02T23:43:00+02:00;44134;50;9;0;unknown;0
2025-07-02T23:43:00+02:00;44165_D;50;5;0;unknown;0
2025-07-02T23:43:00+02:00;44165_G;50;5;0;unknown;0
2025-07-02T23:43:00+02:00;44198_D;28;26;40;heavy;1
2025-07-02T23:43:00+02:00;44198_G;40;18;0;unknown;0
2025-07-02T23:43:00+02:00;44199_D;28;8;40;heavy;1
2025-07-02T23:43:00+02:00;44199_G;50;5;0;unknown;0
2025-07-02T23:43:00+02:00;44231_D;50;5;0;unknown;0
2025-07-02T23:43:00+02:00;44231_G;39;7;30;freeFlow;1
2025-07-02T23:43:00+02:00;44232_D;28;7;15;heavy;1
2025-07-02T23:43:00+02:00;44232_G;7;29;27;congested;1
2025-07-02T23:43:00+02:00;44234_D;28;12;15;heavy;1
2025-07-02T23:43:00+02:00;44234_G;37;9;27;freeFlow;1
2025-07-02T23:43:00+02:00;44259_D;50;2;0;unknown;0
2025-07-02T23:43:00+02:00;44259_G;50;2;0;unknown;0
2025-07-02T23:43:00+02:00;44260;50;8;0;unknown;0
2025-07-02T23:43:00+02:00;44261_D;50;9;0;unknown;0
2025-07-02T23:43:00+02:00;44261_G;50;9;0;unknown;0
2025-07-02T23:43:00+02:00;44293;50;5;0;unknown;0
2025-07-02T23:43:00+02:00;44303_D;50;2;0;unknown;0
2025-07-02T23:43:00+02:00;44303_G;50;2;0;unknown;0
2025-07-02T23:43:00+02:00;44304_D;50;9;0;unknown;0
2025-07-02T23:43:00+02:00;44304_G;50;9;0;unknown;0
2025-07-02T23:43:00+02:00;44322_D;50;44;0;unknown;0
2025-07-02T23:43:00+02:00;44322_G;42;53;30;freeFlow;1
2025-07-02T23:43:00+02:00;44328;50;10;0;unknown;0
2025-07-02T23:43:00+02:00;44583_D;28;13;22;heavy;1
2025-07-02T23:43:00+02:00;44583_G;50;7;0;unknown;0
2025-07-02T23:43:00+02:00;44584_D;50;10;0;unknown;0
2025-07-02T23:43:00+02:00;44584_G;50;10;0;unknown;0
2025-07-02T23:43:00+02:00;44632_D;50;20;0;unknown;0
2025-07-02T23:43:00+02:00;44632_G;50;20;0;unknown;0
2025-07-02T23:43:00+02:00;44694_D;35;17;22;heavy;1
2025-07-02T23:43:00+02:00;44694_G;20;29;50;heavy;1
2025-07-02T23:43:00+02:00;44695_D;7;14;25;congested;1
2025-07-02T23:43:00+02:00;44695_G;35;3;50;heavy;1
2025-07-02T23:43:00+02:00;44711_D;36;18;22;freeFlow;1
2025-07-02T23:43:00+02:00;44711_G;50;13;45;freeFlow;1
2025-07-02T23:43:00+02:00;44712_D;10;24;22;congested;1
2025-07-02T23:43:00+02:00;44712_G;42;6;45;freeFlow;1
2025-07-02T23:43:00+02:00;44714_D;47;1;20;freeFlow;1
2025-07-02T23:43:00+02:00;44714_G;53;1;45;freeFlow;1
2025-07-02T23:43:00+02:00;44736_D;50;2;0;unknown;0
2025-07-02T23:43:00+02:00;44736_G;50;2;0;unknown;0
2025-07-02T23:43:00+02:00;44868;70;6;0;unknown;0
2025-07-02T23:43:00+02:00;44873;50;3;0;unknown;0
2025-07-02T23:43:00+02:00;44874;60;7;40;freeFlow;1
2025-07-02T23:43:00+02:00;44875;50;8;0;unknown;0
2025-07-02T23:43:00+02:00;44877;60;7;40;freeFlow;1
2025-07-02T23:43:00+02:00;44878;70;13;0;unknown;0
2025-07-02T23:43:00+02:00;44880;106;14;60;freeFlow;1
2025-07-02T23:43:00+02:00;44882;106;9;60;freeFlow;1
2025-07-02T23:43:00+02:00;44884;90;15;0;unknown;0
2025-07-02T23:43:00+02:00;44900;21;73;57;congested;1
2025-07-02T23:43:00+02:00;44902_D;50;33;0;unknown;0
2025-07-02T23:43:00+02:00;44902_G;50;33;0;unknown;0
2025-07-02T23:43:00+02:00;44905;28;24;80;heavy;3
2025-07-02T23:43:00+02:00;44920;106;2;60;freeFlow;1
2025-07-02T23:43:00+02:00;44942;101;11;73;freeFlow;2
2025-07-02T23:43:00+02:00;44948;106;10;60;freeFlow;1
2025-07-02T23:43:00+02:00;44961;19;17;0;unknown;0
2025-07-02T23:43:00+02:00;44962;30;8;0;unknown;0
2025-07-02T23:43:00+02:00;44963;59;2;48;freeFlow;1
2025-07-02T23:43:00+02:00;44966;106;9;60;freeFlow;1
2025-07-02T23:43:00+02:00;44974;50;3;0;unknown;0
2025-07-02T23:43:00+02:00;45012_D;50;1;0;unknown;0
2025-07-02T23:43:00+02:00;45012_G;28;2;32;heavy;1
2025-07-02T23:43:00+02:00;45028_D;50;17;0;unknown;0
2025-07-02T23:43:00+02:00;45028_G;46;19;48;freeFlow;2
2025-07-02T23:43:00+02:00;45029_D;50;7;0;unknown;0
2025-07-02T23:43:00+02:00;45029_G;50;7;30;freeFlow;1
2025-07-02T23:43:00+02:00;45106_D;50;3;0;unknown;0
2025-07-02T23:43:00+02:00;45106_G;50;3;32;freeFlow;1
2025-07-02T23:43:00+02:00;45136_D;50;16;0;unknown;0
2025-07-02T23:43:00+02:00;45149;31;16;71;heavy;2
2025-07-02T23:43:00+02:00;45166;93;0;52;freeFlow;1
2025-07-02T23:43:00+02:00;45169;27;4;42;heavy;1
2025-07-02T23:43:00+02:00;45236_G;50;10;0;unknown;0
2025-07-02T23:43:00+02:00;45238;50;12;0;unknown;0
2025-07-02T23:43:00+02:00;45239;30;16;0;unknown;0
2025-07-02T23:43:00+02:00;45240;90;6;0;unknown;0
2025-07-02T23:43:00+02:00;45241;90;1;0;unknown;0
2025-07-02T23:43:00+02:00;45305;90;3;0;unknown;0
2025-07-02T23:43:00+02:00;45306;90;7;0;unknown;0
2025-07-02T23:43:00+02:00;45327;90;7;0;unknown;0
2025-07-02T23:43:00+02:00;45486_D;42;5;60;freeFlow;1
2025-07-02T23:43:00+02:00;45487_D;42;6;60;freeFlow;1
2025-07-02T23:43:00+02:00;45630;55;21;78;heavy;3
2025-07-02T23:43:00+02:00;45645_D;50;11;0;unknown;0
2025-07-02T23:43:00+02:00;45651;50;3;38;freeFlow;1
2025-07-02T23:43:00+02:00;45761_D;0;14088;60;congested;1
2025-07-02T23:43:00+02:00;45865_D;50;7;0;unknown;0
2025-07-02T23:43:00+02:00;46053_D;27;14;15;heavy;1
2025-07-02T23:43:00+02:00;46056_D;5;22;15;congested;1
2025-07-02T23:43:00+02:00;46061;50;4;0;unknown;0
2025-07-02T23:43:00+02:00;46567_D;50;2;0;unknown;0
2025-07-02T23:43:00+02:00;46642;50;5;0;unknown;0
2025-07-02T23:43:00+02:00;46771;105;8;60;freeFlow;1
2025-07-02T23:43:00+02:00;46821_D;50;16;0;unknown;0
2025-07-02T23:43:00+02:00;46821_G;34;24;38;heavy;1
2025-07-02T23:43:00+02:00;46923_D;30;1;0;unknown;0
2025-07-02T23:43:00+02:00;46923_G;40;1;35;freeFlow;1
2025-07-02T23:43:00+02:00;46976;50;4;0;unknown;0
2025-07-02T23:43:00+02:00;47029;27;14;48;heavy;1
2025-07-02T23:43:00+02:00;47061;106;17;75;freeFlow;2
2025-07-02T23:43:00+02:00;47239;108;5;75;freeFlow;2
2025-07-02T23:43:00+02:00;47410;90;15;0;unknown;0
2025-07-02T23:43:00+02:00;47411;108;12;57;freeFlow;1
2025-07-02T23:43:00+02:00;47412;72;0;0;unknown;0
2025-07-02T23:43:00+02:00;47413;66;7;32;freeFlow;1
2025-07-02T23:43:00+02:00;47414;66;1;32;freeFlow;1
2025-07-02T23:43:00+02:00;47416;90;13;0;unknown;0
2025-07-02T23:43:00+02:00;47418;108;14;57;freeFlow;1
2025-07-02T23:43:00+02:00;47420;72;13;0;unknown;0
2025-07-02T23:43:00+02:00;47476;66;9;32;freeFlow;1
2025-07-02T23:43:00+02:00;47477;66;3;32;freeFlow;1
2025-07-02T23:43:00+02:00;47479;72;14;0;unknown;0
2025-07-02T23:43:00+02:00;47480;90;50;0;unknown;0
2025-07-02T23:43:00+02:00;47481;104;44;58;freeFlow;1
2025-07-02T23:43:00+02:00;47537_D;50;6;0;unknown;0
2025-07-02T23:43:00+02:00;47537_G;32;9;38;heavy;1
2025-07-02T23:43:00+02:00;47742_D;44;5;57;freeFlow;1
2025-07-02T23:43:00+02:00;48758;49;2;60;freeFlow;1
2025-07-02T23:43:00+02:00;48759;49;1;60;freeFlow;1
2025-07-02T23:43:00+02:00;48920_D;41;6;27;freeFlow;1
2025-07-02T23:43:00+02:00;48920_G;28;9;42;heavy;1
2025-07-02T23:43:00+02:00;489866_D;42;4;60;freeFlow;1
2025-07-02T23:43:00+02:00;489970;70;13;0;unknown;0
2025-07-02T23:43:00+02:00;489971;72;2;0;unknown;0
2025-07-02T23:43:00+02:00;489972;90;5;0;unknown;0
2025-07-02T23:43:00+02:00;490059_D;70;13;0;unknown;0
2025-07-02T23:43:00+02:00;490059_G;70;13;0;unknown;0
2025-07-02T23:43:00+02:00;490080_D;50;1;0;unknown;0
2025-07-02T23:43:00+02:00;490080_G;50;1;0;unknown;0
2025-07-02T23:43:00+02:00;49026;70;1;72;freeFlow;2
2025-07-02T23:43:00+02:00;49053;33;16;73;heavy;2
2025-07-02T23:43:00+02:00;490823;60;12;60;freeFlow;1
2025-07-02T23:43:00+02:00;490824;72;5;0;unknown;0
2025-07-02T23:43:00+02:00;490825;66;11;60;freeFlow;1
2025-07-02T23:43:00+02:00;490827;55;7;60;freeFlow;1
2025-07-02T23:43:00+02:00;490828_D;38;13;20;freeFlow;1
2025-07-02T23:43:00+02:00;490828_G;45;11;25;freeFlow;1
2025-07-02T23:43:00+02:00;491005_D;50;3;0;unknown;0
2025-07-02T23:43:00+02:00;491005_G;50;3;30;freeFlow;1
2025-07-02T23:43:00+02:00;491126_D;38;11;20;freeFlow;1
2025-07-02T23:43:00+02:00;491126_G;59;8;25;freeFlow;1
2025-07-02T23:43:00+02:00;491135;47;3;60;freeFlow;1
2025-07-02T23:43:00+02:00;491141;20;4;20;heavy;1
2025-07-02T23:43:00+02:00;491300_D;50;13;0;unknown;0
2025-07-02T23:43:00+02:00;491300_G;50;13;0;unknown;0
2025-07-02T23:43:00+02:00;491308;50;1;0;unknown;0
2025-07-02T23:43:00+02:00;491320_D;50;6;0;unknown;0
2025-07-02T23:43:00+02:00;491320_G;50;6;0;unknown;0
2025-07-02T23:43:00+02:00;491326_D;50;11;0;unknown;0
2025-07-02T23:43:00+02:00;491326_G;50;11;0;unknown;0
2025-07-02T23:43:00+02:00;491329_D;50;4;0;unknown;0
2025-07-02T23:43:00+02:00;491329_G;50;4;0;unknown;0
2025-07-02T23:43:00+02:00;491490;50;4;0;unknown;0
2025-07-02T23:43:00+02:00;491714_D;30;8;0;unknown;0
2025-07-02T23:43:00+02:00;491714_G;36;7;35;freeFlow;1
2025-07-02T23:43:00+02:00;491735_D;30;4;0;unknown;0
2025-07-02T23:43:00+02:00;491735_G;30;5;35;freeFlow;1
2025-07-02T23:43:00+02:00;491794_D;50;3;0;unknown;0
2025-07-02T23:43:00+02:00;491794_G;50;3;0;unknown;0
2025-07-02T23:43:00+02:00;491872;50;13;0;unknown;0
2025-07-02T23:43:00+02:00;491877;50;2;0;unknown;0
2025-07-02T23:43:00+02:00;491881;50;1;0;unknown;0
2025-07-02T23:43:00+02:00;491884;50;1;60;freeFlow;1
2025-07-02T23:43:00+02:00;491888;78;12;60;freeFlow;1
2025-07-02T23:43:00+02:00;491890;50;1;0;unknown;0
2025-07-02T23:43:00+02:00;491917;70;2;0;unknown;0
2025-07-02T23:43:00+02:00;49225_D;50;6;0;unknown;0
2025-07-02T23:43:00+02:00;49225_G;39;8;27;freeFlow;1
2025-07-02T23:43:00+02:00;492315_D;50;29;0;unknown;0
2025-07-02T23:43:00+02:00;492315_G;50;29;0;unknown;0
2025-07-02T23:43:00+02:00;492351_D;42;3;60;freeFlow;1
2025-07-02T23:43:00+02:00;492359_G;50;5;0;unknown;0
2025-07-02T23:43:00+02:00;492437;33;6;60;heavy;1
2025-07-02T23:43:00+02:00;492442;27;1;60;heavy;1
2025-07-02T23:43:00+02:00;492445_D;50;12;0;unknown;0
2025-07-02T23:43:00+02:00;492478;33;5;60;heavy;1
2025-07-02T23:43:00+02:00;492492;70;5;0;unknown;0
2025-07-02T23:43:00+02:00;49315_D;50;4;0;unknown;0
2025-07-02T23:43:00+02:00;49315_G;22;9;42;heavy;1
2025-07-02T23:43:00+02:00;49943_D;50;14;0;unknown;0
2025-07-02T23:43:00+02:00;49943_G;50;14;0;unknown;0
2025-07-02T23:43:00+02:00;49947;33;6;0;unknown;0
2025-07-02T23:43:00+02:00;49958_D;27;10;22;heavy;1
2025-07-02T23:43:00+02:00;49958_G;32;9;45;heavy;1
2025-07-02T23:43:00+02:00;50308_D;49;5;60;freeFlow;1
2025-07-02T23:43:00+02:00;50441;27;9;48;heavy;1
2025-07-02T23:43:00+02:00;50525;36;6;57;freeFlow;1
2025-07-02T23:43:00+02:00;50571;50;2;0;unknown;0
2025-07-02T23:43:00+02:00;50625;50;4;0;unknown;0
2025-07-02T23:43:00+02:00;5064_D;70;7;0;unknown;0
2025-07-02T23:43:00+02:00;5064_G;91;6;32;freeFlow;1
2025-07-02T23:43:00+02:00;51419;50;15;0;unknown;0
2025-07-02T23:43:00+02:00;51474_D;50;1;0;unknown;0
2025-07-02T23:43:00+02:00;51474_G;33;2;38;heavy;1
2025-07-02T23:43:00+02:00;51798;24;3;27;heavy;1
2025-07-02T23:43:00+02:00;52107_D;50;9;0;unknown;0
2025-07-02T23:43:00+02:00;52107_G;45;11;35;freeFlow;1
2025-07-02T23:43:00+02:00;52129;50;6;0;unknown;0
2025-07-02T23:43:00+02:00;52835_D;54;3;42;freeFlow;1
2025-07-02T23:43:00+02:00;53020_D;44;2;57;freeFlow;1
2025-07-02T23:43:00+02:00;53327_D;50;7;0;unknown;0
2025-07-02T23:43:00+02:00;53327_G;50;7;0;unknown;0
2025-07-02T23:43:00+02:00;53411_G;50;7;0;unknown;0
2025-07-02T23:43:00+02:00;53428;81;58;60;freeFlow;1
2025-07-02T23:43:00+02:00;53539_D;50;4;0;unknown;0
2025-07-02T23:43:00+02:00;53566;50;2;0;unknown;0
2025-07-02T23:43:00+02:00;53623;50;2;0;unknown;0
2025-07-02T23:43:00+02:00;53624;50;1;0;unknown;0
2025-07-02T23:43:00+02:00;53625;50;1;0;unknown;0
2025-07-02T23:43:00+02:00;53634_D;17;3;38;heavy;1
2025-07-02T23:43:00+02:00;53634_G;30;2;0;unknown;0
2025-07-02T23:43:00+02:00;53641_D;50;9;0;unknown;0
2025-07-02T23:43:00+02:00;53641_G;50;9;0;unknown;0
2025-07-02T23:43:00+02:00;53652;50;15;0;unknown;0
2025-07-02T23:43:00+02:00;53659;50;4;0;unknown;0
2025-07-02T23:43:00+02:00;53702;108;4;60;freeFlow;1
2025-07-02T23:43:00+02:00;53892;50;1;48;freeFlow;1
2025-07-02T23:43:00+02:00;53893;51;12;50;freeFlow;1
2025-07-02T23:43:00+02:00;53895;31;10;65;heavy;2
2025-07-02T23:43:00+02:00;53896;19;21;65;heavy;2
2025-07-02T23:43:00+02:00;53898;20;28;65;heavy;2
2025-07-02T23:43:00+02:00;53900;11;52;65;congested;2
2025-07-02T23:43:00+02:00;53901;22;12;68;heavy;2
2025-07-02T23:43:00+02:00;53903;37;6;68;freeFlow;2
2025-07-02T23:43:00+02:00;53904;50;3;0;unknown;0
2025-07-02T23:43:00+02:00;53905;46;9;68;freeFlow;2
2025-07-02T23:43:00+02:00;53908;67;2;75;freeFlow;2
2025-07-02T23:43:00+02:00;53910;67;5;75;freeFlow;2
2025-07-02T23:43:00+02:00;53912;67;5;75;freeFlow;2
2025-07-02T23:43:00+02:00;53915;67;8;75;freeFlow;2
2025-07-02T23:43:00+02:00;53918;67;7;75;freeFlow;2
2025-07-02T23:43:00+02:00;53919;67;2;75;freeFlow;2
2025-07-02T23:43:00+02:00;53921;67;8;75;freeFlow;2
2025-07-02T23:43:00+02:00;53922;67;2;75;freeFlow;2
2025-07-02T23:43:00+02:00;53923;50;10;48;freeFlow;1
2025-07-02T23:43:00+02:00;53925_D;70;4;0;unknown;0
2025-07-02T23:43:00+02:00;53925_G;70;4;0;unknown;0
2025-07-02T23:43:00+02:00;53936;99;9;60;freeFlow;1
2025-07-02T23:43:00+02:00;53938;63;5;95;freeFlow;3
2025-07-02T23:43:00+02:00;53939;70;20;0;unknown;0
2025-07-02T23:43:00+02:00;53941;70;8;0;unknown;0
2025-07-02T23:43:00+02:00;53942;70;4;0;unknown;0
2025-07-02T23:43:00+02:00;53944;50;1;0;unknown;0
2025-07-02T23:43:00+02:00;53945;70;7;0;unknown;0
2025-07-02T23:43:00+02:00;53946;50;1;0;unknown;0
2025-07-02T23:43:00+02:00;53947;49;1;60;freeFlow;1
2025-07-02T23:43:00+02:00;53948;99;3;60;freeFlow;1
2025-07-02T23:43:00+02:00;53949;100;2;60;freeFlow;1
2025-07-02T23:43:00+02:00;53950;103;37;60;freeFlow;1
2025-07-02T23:43:00+02:00;53952_D;50;2;52;freeFlow;1
2025-07-02T23:43:00+02:00;53952_G;50;3;0;unknown;0
2025-07-02T23:43:00+02:00;53959;70;51;0;unknown;0
2025-07-02T23:43:00+02:00;53961;90;63;0;unknown;0
2025-07-02T23:43:00+02:00;53987;28;2;57;heavy;1
2025-07-02T23:43:00+02:00;53990;37;8;45;freeFlow;1
2025-07-02T23:43:00+02:00;54067;90;11;0;unknown;0
2025-07-02T23:43:00+02:00;54134;50;16;0;unknown;0
2025-07-02T23:43:00+02:00;54138;50;21;0;unknown;0
2025-07-02T23:43:00+02:00;54140;50;40;0;unknown;0
2025-07-02T23:43:00+02:00;54144;81;2;57;freeFlow;1
2025-07-02T23:43:00+02:00;54150;50;18;0;unknown;0
2025-07-02T23:43:00+02:00;54153;29;30;60;heavy;1
2025-07-02T23:43:00+02:00;54154;50;21;0;unknown;0
2025-07-02T23:43:00+02:00;54155;50;22;0;unknown;0
2025-07-02T23:43:00+02:00;54161;50;4;0;unknown;0
2025-07-02T23:43:00+02:00;54187_D;30;11;0;unknown;0
2025-07-02T23:43:00+02:00;54187_G;30;12;0;unknown;0
2025-07-02T23:43:00+02:00;54189_D;30;13;0;unknown;0
2025-07-02T23:43:00+02:00;54189_G;30;14;0;unknown;0
2025-07-02T23:43:00+02:00;54191_D;30;10;0;unknown;0
2025-07-02T23:43:00+02:00;54191_G;30;9;0;unknown;0
2025-07-02T23:43:00+02:00;54197;50;15;0;unknown;0
2025-07-02T23:43:00+02:00;54198;50;4;0;unknown;0
2025-07-02T23:43:00+02:00;54206;50;12;0;unknown;0
2025-07-02T23:43:00+02:00;54208;30;2;0;unknown;0
2025-07-02T23:43:00+02:00;54212;50;32;0;unknown;0
2025-07-02T23:43:00+02:00;54223_D;30;2;0;unknown;0
2025-07-02T23:43:00+02:00;54223_G;29;2;55;freeFlow;2
2025-07-02T23:43:00+02:00;54227;107;9;57;freeFlow;1
2025-07-02T23:43:00+02:00;54234;50;1;0;unknown;0
2025-07-02T23:43:00+02:00;54239;50;1;0;unknown;0
2025-07-02T23:43:00+02:00;54240;59;6;60;freeFlow;1
2025-07-02T23:43:00+02:00;54241;27;2;42;heavy;1
2025-07-02T23:43:00+02:00;54243;42;13;42;freeFlow;1
2025-07-02T23:43:00+02:00;54297;31;27;60;heavy;1
2025-07-02T23:43:00+02:00;54339;20;47;60;heavy;1
2025-07-02T23:43:00+02:00;54340;50;6;0;unknown;0
2025-07-02T23:43:00+02:00;54358_D;41;17;60;freeFlow;1
2025-07-02T23:43:00+02:00;54358_G;50;14;0;unknown;0
2025-07-02T23:43:00+02:00;54363;50;9;0;unknown;0
2025-07-02T23:43:00+02:00;54365;50;6;0;unknown;0
2025-07-02T23:43:00+02:00;54367;50;8;0;unknown;0
2025-07-02T23:43:00+02:00;54368;50;2;0;unknown;0
2025-07-02T23:43:00+02:00;54369;84;14;55;freeFlow;1
2025-07-02T23:43:00+02:00;54372;50;1;0;unknown;0
2025-07-02T23:43:00+02:00;54375;35;20;35;heavy;1
2025-07-02T23:43:00+02:00;54376;84;2;55;freeFlow;1
2025-07-02T23:43:00+02:00;54378;5;64;0;unknown;0
2025-07-02T23:43:00+02:00;54381;42;7;55;freeFlow;1
2025-07-02T23:43:00+02:00;54382;66;3;73;freeFlow;2
2025-07-02T23:43:00+02:00;54383;59;14;74;freeFlow;2
2025-07-02T23:43:00+02:00;54384;63;4;73;freeFlow;2
2025-07-02T23:43:00+02:00;54385;84;3;55;freeFlow;1
2025-07-02T23:43:00+02:00;54386;50;1;0;unknown;0
2025-07-02T23:43:00+02:00;54400;49;11;42;freeFlow;1
2025-07-02T23:43:00+02:00;54401;49;2;42;freeFlow;1
2025-07-02T23:43:00+02:00;54406;50;52;0;unknown;0
2025-07-02T23:43:00+02:00;54428_D;50;12;0;unknown;0
2025-07-02T23:43:00+02:00;54428_G;50;12;0;unknown;0
2025-07-02T23:43:00+02:00;54429_D;50;13;0;unknown;0
2025-07-02T23:43:00+02:00;54429_G;50;13;0;unknown;0
2025-07-02T23:43:00+02:00;54438_D;50;1;0;unknown;0
2025-07-02T23:43:00+02:00;54438_G;50;1;0;unknown;0
2025-07-02T23:43:00+02:00;54440_D;50;6;0;unknown;0
2025-07-02T23:43:00+02:00;54440_G;50;6;0;unknown;0
2025-07-02T23:43:00+02:00;54444_D;50;1;0;unknown;0
2025-07-02T23:43:00+02:00;54444_G;50;1;0;unknown;0
2025-07-02T23:43:00+02:00;54447_D;50;11;0;unknown;0
2025-07-02T23:43:00+02:00;54447_G;50;11;0;unknown;0
2025-07-02T23:43:00+02:00;54448_D;50;3;0;unknown;0
2025-07-02T23:43:00+02:00;54448_G;50;3;0;unknown;0
2025-07-02T23:43:00+02:00;54449_D;50;10;0;unknown;0
2025-07-02T23:43:00+02:00;54449_G;50;10;0;unknown;0
2025-07-02T23:43:00+02:00;54453_D;50;3;0;unknown;0
2025-07-02T23:43:00+02:00;54453_G;50;3;0;unknown;0
2025-07-02T23:43:00+02:00;54455;50;2;0;unknown;0
2025-07-02T23:43:00+02:00;54457;50;8;0;unknown;0
2025-07-02T23:43:00+02:00;54460;50;5;0;unknown;0
2025-07-02T23:43:00+02:00;54463_D;50;6;0;unknown;0
2025-07-02T23:43:00+02:00;54463_G;50;6;0;unknown;0
2025-07-02T23:43:00+02:00;54466_D;50;15;0;unknown;0
2025-07-02T23:43:00+02:00;54466_G;38;21;38;freeFlow;1
2025-07-02T23:43:00+02:00;54469;49;2;42;freeFlow;1
2025-07-02T23:43:00+02:00;54471;7;59;0;unknown;0
2025-07-02T23:43:00+02:00;54472;50;8;0;unknown;0
2025-07-02T23:43:00+02:00;54473;30;1;0;unknown;0
2025-07-02T23:43:00+02:00;54483;50;30;0;unknown;0
2025-07-02T23:43:00+02:00;54489;50;1;0;unknown;0
2025-07-02T23:43:00+02:00;54490;50;4;0;unknown;0
2025-07-02T23:43:00+02:00;54492;50;3;0;unknown;0
2025-07-02T23:43:00+02:00;54505;50;15;0;unknown;0
2025-07-02T23:43:00+02:00;54509;50;6;0;unknown;0
2025-07-02T23:43:00+02:00;54518;50;3;0;unknown;0
2025-07-02T23:43:00+02:00;54522;50;2;0;unknown;0
2025-07-02T23:43:00+02:00;54523;21;5;0;unknown;0
2025-07-02T23:43:00+02:00;54524;30;1;0;unknown;0
2025-07-02T23:43:00+02:00;54580_D;18;30;48;heavy;1
2025-07-02T23:43:00+02:00;54877;50;15;0;unknown;0
2025-07-02T23:43:00+02:00;54879;50;15;0;unknown;0
2025-07-02T23:43:00+02:00;54880_D;50;20;0;unknown;0
2025-07-02T23:43:00+02:00;54880_G;50;20;0;unknown;0
2025-07-02T23:43:00+02:00;54882;30;2;0;unknown;0
2025-07-02T23:43:00+02:00;54883;30;2;0;unknown;0
2025-07-02T23:43:00+02:00;54884;30;1;0;unknown;0
2025-07-02T23:43:00+02:00;54885;30;1;0;unknown;0
2025-07-02T23:43:00+02:00;54886;30;3;0;unknown;0
2025-07-02T23:43:00+02:00;54887;30;2;0;unknown;0
2025-07-02T23:43:00+02:00;54888;30;1;0;unknown;0
2025-07-02T23:43:00+02:00;54889;30;1;0;unknown;0
2025-07-02T23:43:00+02:00;54988;44;3;50;heavy;2
2025-07-02T23:43:00+02:00;54989;51;34;35;freeFlow;1
2025-07-02T23:43:00+02:00;54990;91;1;52;freeFlow;2
2025-07-02T23:43:00+02:00;54991;89;19;60;freeFlow;1
2025-07-02T23:43:00+02:00;55467_D;50;13;0;unknown;0
2025-07-02T23:43:00+02:00;55467_G;50;12;0;unknown;0
2025-07-02T23:43:00+02:00;55570_D;50;3;0;unknown;0
2025-07-02T23:43:00+02:00;55570_G;50;3;0;unknown;0
2025-07-02T23:43:00+02:00;55589_D;30;8;0;unknown;0
2025-07-02T23:43:00+02:00;55589_G;30;8;0;unknown;0
2025-07-02T23:43:00+02:00;55591;50;1;0;unknown;0
2025-07-02T23:43:00+02:00;55592;50;1;0;unknown;0
2025-07-02T23:43:00+02:00;55593;50;1;0;unknown;0
2025-07-02T23:43:00+02:00;55595;50;1;0;unknown;0
2025-07-02T23:43:00+02:00;55596;50;1;0;unknown;0
2025-07-02T23:43:00+02:00;55597;50;1;0;unknown;0
2025-07-02T23:43:00+02:00;55702;50;6;0;unknown;0
2025-07-02T23:43:00+02:00;55704;50;17;0;unknown;0
2025-07-02T23:43:00+02:00;5576_D;45;7;60;heavy;1
2025-07-02T23:43:00+02:00;5576_G;80;4;0;unknown;0
2025-07-02T23:43:00+02:00;55881;24;1;27;heavy;1
2025-07-02T23:43:00+02:00;55900;24;4;27;heavy;1
2025-07-02T23:43:00+02:00;55929_D;39;11;52;freeFlow;1
2025-07-02T23:43:00+02:00;55929_G;50;8;0;unknown;0
2025-07-02T23:43:00+02:00;55976;50;3;0;unknown;0
2025-07-02T23:43:00+02:00;56024;80;12;57;freeFlow;1
2025-07-02T23:43:00+02:00;56131;40;3;35;freeFlow;1
2025-07-02T23:43:00+02:00;56257;30;7;0;unknown;0
2025-07-02T23:43:00+02:00;563566;50;3;0;unknown;0
2025-07-02T23:43:00+02:00;563571;50;6;0;unknown;0
2025-07-02T23:43:00+02:00;563844_D;80;11;0;unknown;0
2025-07-02T23:43:00+02:00;563844_G;58;15;45;freeFlow;1
2025-07-02T23:43:00+02:00;563846;50;6;0;unknown;0
2025-07-02T23:43:00+02:00;563903_D;50;34;0;unknown;0
2025-07-02T23:43:00+02:00;563903_G;50;34;0;unknown;0
2025-07-02T23:43:00+02:00;564067_D;80;16;0;unknown;0
2025-07-02T23:43:00+02:00;564067_G;87;15;50;freeFlow;1
2025-07-02T23:43:00+02:00;564195_D;50;9;0;unknown;0
2025-07-02T23:43:00+02:00;564195_G;20;23;60;heavy;1
2025-07-02T23:43:00+02:00;56441;21;11;60;heavy;1
2025-07-02T23:43:00+02:00;5651;50;1;0;unknown;0
2025-07-02T23:43:00+02:00;5652;50;1;0;unknown;0
2025-07-02T23:43:00+02:00;565232;30;4;0;unknown;0
2025-07-02T23:43:00+02:00;5653;50;1;0;unknown;0
2025-07-02T23:43:00+02:00;565374;44;47;60;freeFlow;1
2025-07-02T23:43:00+02:00;565376;50;42;0;unknown;0
2025-07-02T23:43:00+02:00;565393;78;61;60;freeFlow;1
2025-07-02T23:43:00+02:00;5654;50;1;0;unknown;0
2025-07-02T23:43:00+02:00;565682_D;70;13;0;unknown;0
2025-07-02T23:43:00+02:00;565682_G;55;17;40;freeFlow;1
2025-07-02T23:43:00+02:00;565731_D;38;3;20;freeFlow;1
2025-07-02T23:43:00+02:00;565731_G;45;2;25;freeFlow;1
2025-07-02T23:43:00+02:00;565732;60;1;60;freeFlow;1
2025-07-02T23:43:00+02:00;56584;50;5;0;unknown;0
2025-07-02T23:43:00+02:00;565854;70;14;0;unknown;0
2025-07-02T23:43:00+02:00;566176_D;80;14;0;unknown;0
2025-07-02T23:43:00+02:00;566176_G;76;15;75;freeFlow;2
2025-07-02T23:43:00+02:00;56619_D;50;8;0;unknown;0
2025-07-02T23:43:00+02:00;56619_G;50;8;0;unknown;0
2025-07-02T23:43:00+02:00;566287_D;30;16;0;unknown;0
2025-07-02T23:43:00+02:00;566287_G;30;16;0;unknown;0
2025-07-02T23:43:00+02:00;566302_D;49;1;75;freeFlow;2
2025-07-02T23:43:00+02:00;566302_G;50;1;0;unknown;0
2025-07-02T23:43:00+02:00;566303_D;50;15;0;unknown;0
2025-07-02T23:43:00+02:00;566303_G;50;15;0;unknown;0
2025-07-02T23:43:00+02:00;5663_D;80;33;0;unknown;0
2025-07-02T23:43:00+02:00;5663_G;80;33;0;unknown;0
2025-07-02T23:43:00+02:00;566407_D;30;3;0;unknown;0
2025-07-02T23:43:00+02:00;566407_G;30;3;0;unknown;0
2025-07-02T23:43:00+02:00;566417_D;30;5;0;unknown;0
2025-07-02T23:43:00+02:00;566417_G;30;5;0;unknown;0
2025-07-02T23:43:00+02:00;566419;50;1;0;unknown;0
2025-07-02T23:43:00+02:00;566481;50;1;0;unknown;0
2025-07-02T23:43:00+02:00;566482;50;1;0;unknown;0
2025-07-02T23:43:00+02:00;566483;128;89;70;freeFlow;2
2025-07-02T23:43:00+02:00;566484;50;0;0;unknown;0
2025-07-02T23:43:00+02:00;5664_D;80;2;0;unknown;0
2025-07-02T23:43:00+02:00;5664_G;80;2;0;unknown;0
2025-07-02T23:43:00+02:00;566573_D;50;2;0;unknown;0
2025-07-02T23:43:00+02:00;566573_G;50;2;0;unknown;0
2025-07-02T23:43:00+02:00;566599_D;16;2;10;heavy;1
2025-07-02T23:43:00+02:00;566599_G;47;0;60;freeFlow;1
2025-07-02T23:43:00+02:00;566706_D;50;3;0;unknown;0
2025-07-02T23:43:00+02:00;566706_G;25;8;17;heavy;1
2025-07-02T23:43:00+02:00;56676_G;31;7;52;heavy;1
2025-07-02T23:43:00+02:00;566850;36;4;35;freeFlow;1
2025-07-02T23:43:00+02:00;566924_D;50;6;0;unknown;0
2025-07-02T23:43:00+02:00;566924_G;50;6;0;unknown;0
2025-07-02T23:43:00+02:00;566942;36;1;57;freeFlow;1
2025-07-02T23:43:00+02:00;56872;106;20;60;freeFlow;1
2025-07-02T23:43:00+02:00;56874;68;7;80;freeFlow;3
2025-07-02T23:43:00+02:00;56886;50;51;0;unknown;0
2025-07-02T23:43:00+02:00;56914;20;8;70;heavy;2
2025-07-02T23:43:00+02:00;56926;105;3;60;freeFlow;1
2025-07-02T23:43:00+02:00;57009;98;4;62;freeFlow;2
2025-07-02T23:43:00+02:00;57011;106;6;60;freeFlow;1
2025-07-02T23:43:00+02:00;57012;67;6;35;freeFlow;1
2025-07-02T23:43:00+02:00;57082_D;30;9;0;unknown;0
2025-07-02T23:43:00+02:00;57360_D;30;5;0;unknown;0
2025-07-02T23:43:00+02:00;57360_G;30;6;0;unknown;0
2025-07-02T23:43:00+02:00;57362_D;30;4;0;unknown;0
2025-07-02T23:43:00+02:00;57362_G;30;3;0;unknown;0
2025-07-02T23:43:00+02:00;57368_D;30;7;0;unknown;0
2025-07-02T23:43:00+02:00;57368_G;30;7;0;unknown;0
2025-07-02T23:43:00+02:00;57378_D;50;3;0;unknown;0
2025-07-02T23:43:00+02:00;57378_G;50;3;0;unknown;0
2025-07-02T23:43:00+02:00;62549;84;1;55;freeFlow;1
2025-07-02T23:43:00+02:00;62550;84;1;55;freeFlow;1
2025-07-02T23:43:00+02:00;62617_D;50;9;0;unknown;0
2025-07-02T23:43:00+02:00;62617_G;50;9;0;unknown;0
2025-07-02T23:43:00+02:00;62948_D;30;5;0;unknown;0
2025-07-02T23:43:00+02:00;62948_G;30;5;0;unknown;0
2025-07-02T23:43:00+02:00;63039;67;2;75;freeFlow;2
2025-07-02T23:43:00+02:00;63203_D;21;37;0;unknown;0
2025-07-02T23:43:00+02:00;63203_G;30;26;0;unknown;0
2025-07-02T23:43:00+02:00;63308;33;3;73;heavy;2
2025-07-02T23:43:00+02:00;63895_D;30;5;0;unknown;0
2025-07-02T23:43:00+02:00;63895_G;30;5;0;unknown;0
2025-07-02T23:43:00+02:00;63903;90;2;0;unknown;0
2025-07-02T23:43:00+02:00;63917;70;2;0;unknown;0
2025-07-02T23:43:00+02:00;63954_D;6;32;25;congested;2
2025-07-02T23:43:00+02:00;63954_G;19;8;60;heavy;1
2025-07-02T23:43:00+02:00;63961_D;30;2;0;unknown;0
2025-07-02T23:43:00+02:00;63961_G;30;2;0;unknown;0
2025-07-02T23:43:00+02:00;63963_D;38;12;20;freeFlow;1
2025-07-02T23:43:00+02:00;63963_G;45;10;25;freeFlow;1
2025-07-02T23:43:00+02:00;63974;29;13;60;heavy;1
2025-07-02T23:43:00+02:00;64028;50;2;0;unknown;0
2025-07-02T23:43:00+02:00;64029;50;3;52;heavy;1
2025-07-02T23:43:00+02:00;64033;50;3;0;unknown;0
2025-07-02T23:43:00+02:00;64034;50;2;52;freeFlow;1
2025-07-02T23:43:00+02:00;64035;50;2;52;freeFlow;1
2025-07-02T23:43:00+02:00;64104_D;50;2;0;unknown;0
2025-07-02T23:43:00+02:00;64104_G;50;2;0;unknown;0
2025-07-02T23:43:00+02:00;6421;60;39;15;heavy;1
2025-07-02T23:43:00+02:00;6422;88;7;12;freeFlow;1
2025-07-02T23:43:00+02:00;6423;110;12;0;unknown;0
2025-07-02T23:43:00+02:00;6424;110;27;0;unknown;0
2025-07-02T23:43:00+02:00;64792_D;50;13;0;unknown;0
2025-07-02T23:43:00+02:00;64792_G;50;13;0;unknown;0
2025-07-02T23:43:00+02:00;64862_D;50;10;0;unknown;0
2025-07-02T23:43:00+02:00;64862_G;50;10;0;unknown;0
2025-07-02T23:43:00+02:00;65281;27;4;48;heavy;1
2025-07-02T23:43:00+02:00;65283;27;4;48;heavy;1
2025-07-02T23:43:00+02:00;65293;27;7;48;heavy;1
2025-07-02T23:43:00+02:00;65961_D;50;27;0;unknown;0
2025-07-02T23:43:00+02:00;65961_G;50;27;0;unknown;0
2025-07-02T23:43:00+02:00;65966_D;50;1;0;unknown;0
2025-07-02T23:43:00+02:00;65966_G;50;1;0;unknown;0
2025-07-02T23:43:00+02:00;66020;97;0;75;freeFlow;2
2025-07-02T23:43:00+02:00;6615_D;80;7;0;unknown;0
2025-07-02T23:43:00+02:00;6615_G;66;9;50;freeFlow;1
2025-07-02T23:43:00+02:00;6616;63;1;50;freeFlow;1
2025-07-02T23:43:00+02:00;6619;80;1;0;unknown;0
2025-07-02T23:43:00+02:00;6620;63;4;50;freeFlow;1
2025-07-02T23:43:00+02:00;6621;64;2;52;freeFlow;1
2025-07-02T23:43:00+02:00;6622;64;1;52;freeFlow;1
2025-07-02T23:43:00+02:00;6623;80;1;0;unknown;0
2025-07-02T23:43:00+02:00;6628_D;50;17;0;unknown;0
2025-07-02T23:43:00+02:00;6628_G;50;17;0;unknown;0
2025-07-02T23:43:00+02:00;6629_D;50;20;0;unknown;0
2025-07-02T23:43:00+02:00;6629_G;50;19;0;unknown;0
2025-07-02T23:43:00+02:00;6643;67;10;52;freeFlow;1
2025-07-02T23:43:00+02:00;6644;80;8;0;unknown;0
2025-07-02T23:43:00+02:00;6645;55;2;52;freeFlow;1
2025-07-02T23:43:00+02:00;6646;55;1;52;freeFlow;1
2025-07-02T23:43:00+02:00;6647;50;1;0;unknown;0
2025-07-02T23:43:00+02:00;6648;64;1;52;freeFlow;1
2025-07-02T23:43:00+02:00;6649;51;2;52;freeFlow;1
2025-07-02T23:43:00+02:00;6650;43;4;52;freeFlow;1
2025-07-02T23:43:00+02:00;6651;43;4;52;freeFlow;1
2025-07-02T23:43:00+02:00;6669_D;80;62;0;unknown;0
2025-07-02T23:43:00+02:00;6669_G;80;62;0;unknown;0
2025-07-02T23:43:00+02:00;67069;50;3;0;unknown;0
2025-07-02T23:43:00+02:00;67223_D;30;2;0;unknown;0
2025-07-02T23:43:00+02:00;67223_G;30;2;0;unknown;0
2025-07-02T23:43:00+02:00;67229_D;30;14;0;unknown;0
2025-07-02T23:43:00+02:00;67229_G;30;14;0;unknown;0
2025-07-02T23:43:00+02:00;6723;87;9;12;freeFlow;1
2025-07-02T23:43:00+02:00;67324_D;80;12;0;unknown;0
2025-07-02T23:43:00+02:00;67324_G;69;14;25;freeFlow;1
2025-07-02T23:43:00+02:00;67330;30;2;0;unknown;0
2025-07-02T23:43:00+02:00;67332;30;3;0;unknown;0
2025-07-02T23:43:00+02:00;67334;30;1;0;unknown;0
2025-07-02T23:43:00+02:00;67340;30;2;0;unknown;0
2025-07-02T23:43:00+02:00;67341;30;10;0;unknown;0
2025-07-02T23:43:00+02:00;67344;30;6;0;unknown;0
2025-07-02T23:43:00+02:00;67352_D;30;13;0;unknown;0
2025-07-02T23:43:00+02:00;67352_G;30;12;0;unknown;0
2025-07-02T23:43:00+02:00;67380_D;40;20;22;freeFlow;1
2025-07-02T23:43:00+02:00;67380_G;51;16;30;freeFlow;1
2025-07-02T23:43:00+02:00;67385;43;3;30;freeFlow;1
2025-07-02T23:43:00+02:00;67389_D;50;1;0;unknown;0
2025-07-02T23:43:00+02:00;67389_G;50;1;0;unknown;0
2025-07-02T23:43:00+02:00;67390;31;3;22;heavy;1
2025-07-02T23:43:00+02:00;67391;31;5;22;heavy;1
2025-07-02T23:43:00+02:00;67392;31;5;22;heavy;1
2025-07-02T23:43:00+02:00;67511_D;30;4;0;unknown;0
2025-07-02T23:43:00+02:00;67511_G;30;4;0;unknown;0
2025-07-02T23:43:00+02:00;67514_D;30;6;0;unknown;0
2025-07-02T23:43:00+02:00;67514_G;30;6;0;unknown;0
2025-07-02T23:43:00+02:00;67611;30;6;0;unknown;0
2025-07-02T23:43:00+02:00;67816;38;1;20;freeFlow;1
2025-07-02T23:43:00+02:00;67819_D;38;1;20;freeFlow;1
2025-07-02T23:43:00+02:00;67819_G;45;1;25;freeFlow;1
2025-07-02T23:43:00+02:00;67820;38;1;20;freeFlow;1
2025-07-02T23:43:00+02:00;67821;45;1;25;freeFlow;1
2025-07-02T23:43:00+02:00;67823;30;8;0;unknown;0
2025-07-02T23:43:00+02:00;67824;50;9;0;unknown;0
2025-07-02T23:43:00+02:00;67829;50;10;0;unknown;0
2025-07-02T23:43:00+02:00;67892_D;36;7;22;freeFlow;1
2025-07-02T23:43:00+02:00;67892_G;46;5;30;freeFlow;1
2025-07-02T23:43:00+02:00;68069;50;8;0;unknown;0
2025-07-02T23:43:00+02:00;68070;49;1;0;unknown;0
2025-07-02T23:43:00+02:00;68815;50;2;0;unknown;0
2025-07-02T23:43:00+02:00;69060;30;3;0;unknown;0
2025-07-02T23:43:00+02:00;69061;30;4;0;unknown;0
2025-07-02T23:43:00+02:00;69062;30;2;0;unknown;0
2025-07-02T23:43:00+02:00;69063;30;1;0;unknown;0
2025-07-02T23:43:00+02:00;69064_D;30;1;0;unknown;0
2025-07-02T23:43:00+02:00;69064_G;30;1;0;unknown;0
2025-07-02T23:43:00+02:00;69270_D;50;2;0;unknown;0
2025-07-02T23:43:00+02:00;69270_G;28;3;40;heavy;1
2025-07-02T23:43:00+02:00;69277;30;3;0;unknown;0
2025-07-02T23:43:00+02:00;69464;30;1;0;unknown;0
2025-07-02T23:43:00+02:00;69467;30;2;0;unknown;0
2025-07-02T23:43:00+02:00;69493;60;11;20;freeFlow;1
2025-07-02T23:43:00+02:00;69495;60;7;20;freeFlow;1
2025-07-02T23:43:00+02:00;69591;50;6;0;unknown;0
2025-07-02T23:43:00+02:00;69673;27;13;48;heavy;1
2025-07-02T23:43:00+02:00;69878;67;12;75;freeFlow;2
2025-07-02T23:43:00+02:00;71197_D;62;18;60;freeFlow;1
2025-07-02T23:43:00+02:00;71197_G;80;14;0;unknown;0
2025-07-02T23:43:00+02:00;71455_D;50;3;0;unknown;0
2025-07-02T23:43:00+02:00;71492_D;50;4;0;unknown;0
2025-07-02T23:43:00+02:00;71492_G;32;6;60;heavy;1
2025-07-02T23:43:00+02:00;71493_D;50;6;0;unknown;0
2025-07-02T23:43:00+02:00;71493_G;50;6;0;unknown;0
2025-07-02T23:43:00+02:00;71494;32;5;60;heavy;1
2025-07-02T23:43:00+02:00;71496;36;7;60;freeFlow;1
2025-07-02T23:43:00+02:00;71497;32;2;60;heavy;1
2025-07-02T23:43:00+02:00;71504_D;50;1;0;unknown;0
2025-07-02T23:43:00+02:00;71504_G;36;1;60;freeFlow;1
2025-07-02T23:43:00+02:00;71508_D;50;9;0;unknown;0
2025-07-02T23:43:00+02:00;71508_G;38;12;60;freeFlow;1
2025-07-02T23:43:00+02:00;71509_D;50;20;0;unknown;0
2025-07-02T23:43:00+02:00;71509_G;50;20;0;unknown;0
2025-07-02T23:43:00+02:00;71554_D;50;5;0;unknown;0
2025-07-02T23:43:00+02:00;71554_G;50;5;0;unknown;0
2025-07-02T23:43:00+02:00;71555_D;50;2;0;unknown;0
2025-07-02T23:43:00+02:00;71555_G;50;2;0;unknown;0
2025-07-02T23:43:00+02:00;71661;90;3;0;unknown;0
2025-07-02T23:43:00+02:00;71668;90;7;0;unknown;0
2025-07-02T23:43:00+02:00;72425;93;13;45;freeFlow;1
2025-07-02T23:43:00+02:00;72487_D;80;31;0;unknown;0
2025-07-02T23:43:00+02:00;72842_D;50;22;0;unknown;0
2025-07-02T23:43:00+02:00;72842_G;50;22;0;unknown;0
2025-07-02T23:43:00+02:00;72940_D;50;24;0;unknown;0
2025-07-02T23:43:00+02:00;72940_G;36;33;35;freeFlow;1
2025-07-02T23:43:00+02:00;73636;50;3;0;unknown;0
2025-07-02T23:43:00+02:00;74067;90;1;0;unknown;0
2025-07-02T23:43:00+02:00;74454;22;1;10;heavy;1
2025-07-02T23:43:00+02:00;74457_D;52;19;12;freeFlow;1
2025-07-02T23:43:00+02:00;74457_G;84;12;38;freeFlow;1
2025-07-02T23:43:00+02:00;74459;46;1;10;heavy;1
2025-07-02T23:43:00+02:00;74460;84;0;38;freeFlow;1
2025-07-02T23:43:00+02:00;74461;84;0;38;freeFlow;1
2025-07-02T23:43:00+02:00;74688_D;50;18;0;unknown;0
2025-07-02T23:43:00+02:00;74688_G;50;18;0;unknown;0
2025-07-02T23:43:00+02:00;74748_D;48;6;52;heavy;1
2025-07-02T23:43:00+02:00;74748_G;80;4;0;unknown;0
2025-07-02T23:43:00+02:00;75340;50;1;0;unknown;0
2025-07-02T23:43:00+02:00;75343_D;30;12;0;unknown;0
2025-07-02T23:43:00+02:00;75343_G;33;10;0;unknown;0
2025-07-02T23:43:00+02:00;75344;50;1;0;unknown;0
2025-07-02T23:43:00+02:00;75346;50;1;0;unknown;0
2025-07-02T23:43:00+02:00;75347_D;50;1;0;unknown;0
2025-07-02T23:43:00+02:00;75347_G;50;1;0;unknown;0
2025-07-02T23:43:00+02:00;75348;50;1;0;unknown;0
2025-07-02T23:43:00+02:00;75353;50;1;0;unknown;0
2025-07-02T23:43:00+02:00;75356_D;50;10;0;unknown;0
2025-07-02T23:43:00+02:00;75356_G;50;10;0;unknown;0
2025-07-02T23:43:00+02:00;75358;50;1;0;unknown;0
2025-07-02T23:43:00+02:00;75359;50;1;0;unknown;0
2025-07-02T23:43:00+02:00;75385;54;1;52;freeFlow;1
2025-07-02T23:43:00+02:00;75533_D;70;0;0;unknown;0
2025-07-02T23:43:00+02:00;75533_G;70;0;0;unknown;0
2025-07-02T23:43:00+02:00;75630;70;22;22;freeFlow;1
2025-07-02T23:43:00+02:00;75810;70;11;0;unknown;0
2025-07-02T23:43:00+02:00;75811;100;4;60;freeFlow;1
2025-07-02T23:43:00+02:00;75812;106;4;60;freeFlow;1
2025-07-02T23:43:00+02:00;75813;41;6;38;heavy;1
2025-07-02T23:43:00+02:00;75814;106;2;60;freeFlow;1
2025-07-02T23:43:00+02:00;75815;41;33;83;heavy;3
2025-07-02T23:43:00+02:00;75816;53;4;70;freeFlow;2
2025-07-02T23:43:00+02:00;75819_D;50;4;0;unknown;0
2025-07-02T23:43:00+02:00;75819_G;50;4;38;freeFlow;1
2025-07-02T23:43:00+02:00;75821;70;4;15;freeFlow;1
2025-07-02T23:43:00+02:00;75823;70;6;15;freeFlow;1
2025-07-02T23:43:00+02:00;75841;41;9;25;freeFlow;1
2025-07-02T23:43:00+02:00;75842;44;9;58;freeFlow;1
2025-07-02T23:43:00+02:00;75855;49;2;40;heavy;1
2025-07-02T23:43:00+02:00;75858;41;2;10;heavy;1
2025-07-02T23:43:00+02:00;75859;34;5;10;heavy;1
2025-07-02T23:43:00+02:00;75860;51;4;22;freeFlow;1
2025-07-02T23:43:00+02:00;75861;51;2;22;freeFlow;1
2025-07-02T23:43:00+02:00;75862;66;3;32;freeFlow;1
2025-07-02T23:43:00+02:00;75863;66;1;32;freeFlow;1
2025-07-02T23:43:00+02:00;75864;72;1;0;unknown;0
2025-07-02T23:43:00+02:00;75865;72;2;0;unknown;0
2025-07-02T23:43:00+02:00;75866;90;10;0;unknown;0
2025-07-02T23:43:00+02:00;75867;90;13;0;unknown;0
2025-07-02T23:43:00+02:00;75869;99;53;54;freeFlow;1
2025-07-02T23:43:00+02:00;75873_D;30;19;0;unknown;0
2025-07-02T23:43:00+02:00;75873_G;30;16;0;unknown;0
2025-07-02T23:43:00+02:00;75874_D;50;8;0;unknown;0
2025-07-02T23:43:00+02:00;75874_G;50;8;0;unknown;0
2025-07-02T23:43:00+02:00;75875;60;5;40;freeFlow;1
2025-07-02T23:43:00+02:00;75876;62;8;55;freeFlow;2
2025-07-02T23:43:00+02:00;75877;50;17;0;unknown;0
2025-07-02T23:43:00+02:00;75878;70;12;0;unknown;0
2025-07-02T23:43:00+02:00;75879;99;2;60;freeFlow;1
2025-07-02T23:43:00+02:00;75880;73;12;70;freeFlow;2
2025-07-02T23:43:00+02:00;75882;102;10;60;freeFlow;1
2025-07-02T23:43:00+02:00;75883;106;4;60;freeFlow;1
2025-07-02T23:43:00+02:00;75884;96;4;22;freeFlow;1
2025-07-02T23:43:00+02:00;75885;106;2;60;freeFlow;1
2025-07-02T23:43:00+02:00;75886;95;6;50;freeFlow;2
2025-07-02T23:43:00+02:00;75911;50;6;0;unknown;0
2025-07-02T23:43:00+02:00;75912;24;12;60;heavy;1
2025-07-02T23:43:00+02:00;76094;50;11;0;unknown;0
2025-07-02T23:43:00+02:00;7864_D;80;45;0;unknown;0
2025-07-02T23:43:00+02:00;7864_G;72;50;56;freeFlow;2
2025-07-02T23:43:00+02:00;790_D;91;9;32;freeFlow;1
2025-07-02T23:43:00+02:00;790_G;70;11;0;unknown;0
2025-07-02T23:43:00+02:00;791_D;91;10;50;freeFlow;2
2025-07-02T23:43:00+02:00;791_G;70;12;0;unknown;0
2025-07-02T23:43:00+02:00;7936;87;9;12;freeFlow;1
2025-07-02T23:43:00+02:00;7937;88;25;12;freeFlow;1
2025-07-02T23:43:00+02:00;7938;90;34;0;unknown;0
2025-07-02T23:43:00+02:00;7995_D;80;13;0;unknown;0
2025-07-02T23:43:00+02:00;7995_G;81;12;50;freeFlow;1
2025-07-02T23:43:00+02:00;862_D;70;15;0;unknown;0
2025-07-02T23:43:00+02:00;862_G;91;12;32;freeFlow;1
2025-07-02T23:43:00+02:00;863_D;70;10;0;unknown;0
2025-07-02T23:43:00+02:00;863_G;91;8;32;freeFlow;1
2025-07-02T23:43:00+02:00;8745;50;4;0;unknown;0
2025-07-02T23:43:00+02:00;8962;108;20;60;freeFlow;1
2025-07-02T23:43:00+02:00;8963_D;57;8;15;freeFlow;1
2025-07-02T23:43:00+02:00;8963_G;62;7;42;freeFlow;1
2025-07-02T23:43:00+02:00;8966;108;11;60;freeFlow;1
2025-07-02T23:43:00+02:00;8969;129;10;60;freeFlow;1
2025-07-02T23:43:00+02:00;8970;129;12;60;freeFlow;1
2025-07-02T23:43:00+02:00;8971;129;16;60;freeFlow;1
2025-07-02T23:43:00+02:00;8974_D;67;3;42;freeFlow;1
2025-07-02T23:43:00+02:00;8974_G;57;4;15;freeFlow;1
2025-07-02T23:43:00+02:00;8976_D;80;4;42;freeFlow;1
2025-07-02T23:43:00+02:00;8976_G;57;6;15;freeFlow;1
2025-07-02T23:43:00+02:00;8977_D;63;5;42;freeFlow;1
2025-07-02T23:43:00+02:00;8977_G;57;5;15;freeFlow;1
2025-07-02T23:43:00+02:00;8978;107;13;60;freeFlow;1
2025-07-02T23:43:00+02:00;9040;90;10;0;unknown;0
2025-07-02T23:43:00+02:00;9041;50;4;0;unknown;0
2025-07-02T23:43:00+02:00;9042;50;2;0;unknown;0
2025-07-02T23:43:00+02:00;9043;50;3;0;unknown;0
2025-07-02T23:43:00+02:00;9044;50;3;0;unknown;0
2025-07-02T23:43:00+02:00;9045;50;2;0;unknown;0
2025-07-02T23:43:00+02:00;9046;50;2;0;unknown;0
2025-07-02T23:43:00+02:00;9047;50;2;0;unknown;0
2025-07-02T23:43:00+02:00;9048;90;6;0;unknown;0
2025-07-02T23:43:00+02:00;9049;50;3;0;unknown;0
2025-07-02T23:43:00+02:00;9050;50;1;0;unknown;0
2025-07-02T23:43:00+02:00;9051;50;3;0;unknown;0
2025-07-02T23:43:00+02:00;9052;50;2;0;unknown;0
2025-07-02T23:43:00+02:00;9053;50;2;0;unknown;0
2025-07-02T23:43:00+02:00;9054;50;12;0;unknown;0
2025-07-02T23:43:00+02:00;9055;50;12;0;unknown;0
2025-07-02T23:43:00+02:00;9057_D;80;7;0;unknown;0
2025-07-02T23:43:00+02:00;9057_G;91;6;48;freeFlow;1
2025-07-02T23:43:00+02:00;9058_D;80;17;0;unknown;0
2025-07-02T23:43:00+02:00;9058_G;75;18;48;freeFlow;1
2025-07-02T23:43:00+02:00;9059_D;80;8;0;unknown;0
2025-07-02T23:43:00+02:00;9059_G;70;9;45;freeFlow;1
2025-07-02T23:43:00+02:00;9060;40;5;45;heavy;1
2025-07-02T23:43:00+02:00;9061;80;2;0;unknown;0
2025-07-02T23:43:00+02:00;9062;37;5;45;heavy;1
2025-07-02T23:43:00+02:00;9063;80;1;0;unknown;0
2025-07-02T23:43:00+02:00;9068_D;57;32;15;freeFlow;1
2025-07-02T23:43:00+02:00;9068_G;61;29;45;freeFlow;1
2025-07-02T23:43:00+02:00;9070_D;80;26;0;unknown;0
2025-07-02T23:43:00+02:00;9070_G;78;27;48;freeFlow;1
2025-07-02T23:43:00+02:00;9073;108;4;60;freeFlow;1
2025-07-02T23:43:00+02:00;9074;108;8;75;freeFlow;2
2025-07-02T23:43:00+02:00;9082_D;70;3;0;unknown;0
2025-07-02T23:43:00+02:00;9082_G;84;3;38;freeFlow;1
2025-07-02T23:43:00+02:00;9090_D;70;19;0;unknown;0
2025-07-02T23:43:00+02:00;9090_G;93;14;42;freeFlow;1
2025-07-02T23:43:00+02:00;9103;90;16;0;unknown;0
2025-07-02T23:43:00+02:00;9108;90;14;0;unknown;0
2025-07-02T23:43:00+02:00;9114;70;1;0;unknown;0
2025-07-02T23:43:00+02:00;9115;90;16;0;unknown;0
2025-07-02T23:43:00+02:00;9116;90;2;0;unknown;0
2025-07-02T23:43:00+02:00;9117;90;6;0;unknown;0
2025-07-02T23:43:00+02:00;9133;90;21;0;unknown;0
2025-07-02T23:43:00+02:00;9134;90;16;0;unknown;0
2025-07-02T23:43:00+02:00;9177;70;28;0;unknown;0
2025-07-02T23:43:00+02:00;9190;90;4;0;unknown;0
2025-07-02T23:43:00+02:00;9199;90;1;0;unknown;0
2025-07-02T23:43:00+02:00;9200;90;2;0;unknown;0
2025-07-02T23:43:00+02:00;9201;90;1;0;unknown;0
2025-07-02T23:43:00+02:00;9202;90;1;0;unknown;0
2025-07-02T23:43:00+02:00;9203;90;1;0;unknown;0
2025-07-02T23:43:00+02:00;9204;90;1;0;unknown;0
2025-07-02T23:43:00+02:00;9213;70;40;0;unknown;0
2025-07-02T23:43:00+02:00;9214_D;70;1;0;unknown;0
2025-07-02T23:43:00+02:00;9214_G;70;1;0;unknown;0
2025-07-02T23:43:00+02:00;9215;90;31;0;unknown;0
2025-07-02T23:43:00+02:00;9279;115;18;60;freeFlow;1
2025-07-02T23:43:00+02:00;9280;125;19;60;freeFlow;1
2025-07-02T23:43:00+02:00;9343_D;80;15;0;unknown;0
2025-07-02T23:43:00+02:00;9343_G;73;17;38;freeFlow;1
2025-07-02T23:43:00+02:00;9344_D;30;20;0;unknown;0
2025-07-02T23:43:00+02:00;9344_G;67;9;35;freeFlow;1
2025-07-02T23:43:00+02:00;9345_D;30;27;0;unknown;0
2025-07-02T23:43:00+02:00;9345_G;43;20;35;freeFlow;1
2025-07-02T23:43:00+02:00;9346_D;30;15;0;unknown;0
2025-07-02T23:43:00+02:00;9346_G;40;11;35;freeFlow;1
2025-07-02T23:43:00+02:00;9348_D;30;7;0;unknown;0
2025-07-02T23:43:00+02:00;9348_G;40;6;35;freeFlow;1
2025-07-02T23:43:00+02:00;9351_D;80;15;0;unknown;0
2025-07-02T23:43:00+02:00;9351_G;40;29;35;heavy;1
2025-07-02T23:43:00+02:00;9370_D;80;10;0;unknown;0
2025-07-02T23:43:00+02:00;9370_G;73;12;38;freeFlow;1
2025-07-02T23:43:00+02:00;9371_D;80;8;0;unknown;0
2025-07-02T23:43:00+02:00;9371_G;71;9;38;freeFlow;1
2025-07-02T23:43:00+02:00;9378;108;11;60;freeFlow;1
2025-07-02T23:43:00+02:00;9379;107;10;75;freeFlow;2
2025-07-02T23:43:00+02:00;9414_D;30;9;0;unknown;0
2025-07-02T23:43:00+02:00;9414_G;34;8;42;freeFlow;1
2025-07-02T23:43:00+02:00;9416_D;30;7;0;unknown;0
2025-07-02T23:43:00+02:00;9416_G;36;6;42;freeFlow;1
2025-07-02T23:43:00+02:00;9418_D;30;12;0;unknown;0
2025-07-02T23:43:00+02:00;9418_G;36;10;42;freeFlow;1
2025-07-02T23:43:00+02:00;9421;30;4;0;unknown;0
2025-07-02T23:43:00+02:00;9422;30;3;0;unknown;0
2025-07-02T23:43:00+02:00;9423;31;3;40;freeFlow;1
2025-07-02T23:43:00+02:00;9424;23;8;40;freeFlow;1
2025-07-02T23:43:00+02:00;9425_D;30;5;0;unknown;0
2025-07-02T23:43:00+02:00;9425_G;30;4;40;freeFlow;1
2025-07-02T23:43:00+02:00;9427_D;80;4;0;unknown;0
2025-07-02T23:43:00+02:00;9427_G;50;6;40;heavy;1
2025-07-02T23:43:00+02:00;9434_D;80;10;0;unknown;0
2025-07-02T23:43:00+02:00;9434_G;67;12;40;freeFlow;1
2025-07-02T23:43:00+02:00;9435_D;80;13;0;unknown;0
2025-07-02T23:43:00+02:00;9435_G;75;14;40;freeFlow;1
2025-07-02T23:43:00+02:00;9437_D;80;14;0;unknown;0
2025-07-02T23:43:00+02:00;9437_G;72;16;38;freeFlow;1
2025-07-02T23:43:00+02:00;9588_D;70;9;0;unknown;0
2025-07-02T23:43:00+02:00;9588_G;84;7;38;freeFlow;1
2025-07-02T23:43:00+02:00;9625_D;70;5;0;unknown;0
2025-07-02T23:43:00+02:00;9625_G;84;4;38;freeFlow;1
2025-07-02T23:43:00+02:00;9739;58;2;40;freeFlow;1
2025-07-02T23:43:00+02:00;9740;29;2;42;heavy;1
2025-07-02T23:43:00+02:00;9741;58;1;40;freeFlow;1
2025-07-02T23:43:00+02:00;9742;29;5;57;heavy;2
2025-07-02T23:43:00+02:00;9745_D;70;2;0;unknown;0
2025-07-02T23:43:00+02:00;9745_G;63;4;40;freeFlow;1
2025-07-02T23:43:00+02:00;9757_D;70;2;0;unknown;0
2025-07-02T23:43:00+02:00;9757_G;27;4;40;heavy;1
2025-07-02T23:43:00+02:00;9758_D;70;4;0;unknown;0
2025-07-02T23:43:00+02:00;9758_G;49;6;40;heavy;1
2025-07-02T23:43:00+02:00;9834_D;70;28;0;unknown;0
2025-07-02T23:43:00+02:00;9834_G;93;21;42;freeFlow;1
2025-07-02T23:43:00+02:00;9912;93;2;42;freeFlow;1
2025-07-02T23:43:00+02:00;9913;57;2;15;freeFlow;1
2025-07-02T23:43:00+02:00;9914;57;2;15;freeFlow;1
2025-07-02T23:43:00+02:00;9915;72;2;17;freeFlow;1
2025-07-02T23:43:00+02:00;9916;93;2;42;freeFlow;1
2025-07-02T23:43:00+02:00;9917_D;59;2;42;freeFlow;1
2025-07-02T23:43:00+02:00;9917_G;57;2;15;freeFlow;1
2025-07-02T23:43:00+02:00;9921_D;70;21;0;unknown;0
2025-07-02T23:43:00+02:00;9921_G;93;16;42;freeFlow;1
2025-07-02T23:43:00+02:00;1601981;50;3;0;unknown;0
2025-07-02T23:43:00+02:00;1601982;50;18;0;unknown;0
2025-07-02T23:43:00+02:00;1634;65;9;60;freeFlow;1
2025-07-02T23:43:00+02:00;1635;25;6;60;heavy;1
2025-07-02T23:43:00+02:00;1636;50;3;0;unknown;0
2025-07-02T23:43:00+02:00;1637;23;5;75;heavy;2
2025-07-02T23:43:00+02:00;1640;45;2;75;heavy;2
2025-07-02T23:43:00+02:00;1641;39;4;75;heavy;2
2025-07-02T23:43:00+02:00;1642;31;3;75;heavy;2
2025-07-02T23:43:00+02:00;1678329;54;11;52;freeFlow;1
2025-07-02T23:43:00+02:00;1680500_D;50;5;0;unknown;0
2025-07-02T23:43:00+02:00;1680500_G;50;6;38;freeFlow;1
2025-07-02T23:43:00+02:00;1680501;106;8;60;freeFlow;1
2025-07-02T23:43:00+02:00;1680580;50;9;0;unknown;0
2025-07-02T23:43:00+02:00;1680586;50;3;0;unknown;0
2025-07-02T23:43:00+02:00;1680594;50;0;0;unknown;0
2025-07-02T23:43:00+02:00;1680595;50;1;0;unknown;0
2025-07-02T23:43:00+02:00;1680596;50;1;0;unknown;0
2025-07-02T23:43:00+02:00;1680597;50;1;0;unknown;0
2025-07-02T23:43:00+02:00;1680604;50;2;0;unknown;0
2025-07-02T23:43:00+02:00;1747_D;50;1;0;unknown;0
2025-07-02T23:43:00+02:00;1747_G;34;3;60;heavy;1
2025-07-02T23:43:00+02:00;1762;50;10;0;unknown;0
2025-07-02T23:43:00+02:00;1763;50;11;0;unknown;0
2025-07-02T23:43:00+02:00;1765_D;50;8;0;unknown;0
2025-07-02T23:43:00+02:00;1765_G;39;10;60;freeFlow;1
2025-07-02T23:43:00+02:00;1852;81;14;48;freeFlow;1
2025-07-02T23:43:00+02:00;1857;96;22;60;freeFlow;1
2025-07-02T23:43:00+02:00;1858;81;11;48;freeFlow;1
2025-07-02T23:43:00+02:00;1859;105;9;60;freeFlow;1
2025-07-02T23:43:00+02:00;1860;70;18;0;unknown;0
2025-07-02T23:43:00+02:00;1910718_D;54;2;60;freeFlow;1
2025-07-02T23:43:00+02:00;1910718_G;50;2;0;unknown;0
2025-07-02T23:43:00+02:00;1910863_D;50;11;0;unknown;0
2025-07-02T23:43:00+02:00;1910863_G;50;11;0;unknown;0
2025-07-02T23:43:00+02:00;1911250;50;5;0;unknown;0
2025-07-02T23:43:00+02:00;35088;31;7;40;heavy;1
2025-07-02T23:43:00+02:00;35089;39;6;55;heavy;2
2025-07-02T23:43:00+02:00;35090;49;1;40;heavy;1
2025-07-02T23:43:00+02:00;35091;61;2;25;freeFlow;1
2025-07-02T23:43:00+02:00;35093;44;6;40;heavy;1
2025-07-02T23:43:00+02:00;35094;61;4;25;freeFlow;1
2025-07-02T23:43:00+02:00;35099;50;2;0;unknown;0
2025-07-02T23:43:00+02:00;35101;70;1;0;unknown;0
2025-07-02T23:43:00+02:00;35102;51;1;22;freeFlow;1
2025-07-02T23:43:00+02:00;35104;70;38;0;unknown;0
2025-07-02T23:43:00+02:00;35116;50;3;0;unknown;0
2025-07-02T23:43:00+02:00;35117;36;5;12;freeFlow;1
2025-07-02T23:43:00+02:00;35118;51;3;22;freeFlow;1
2025-07-02T23:43:00+02:00;35119;59;3;60;freeFlow;1
2025-07-02T23:43:00+02:00;35120_D;59;1;60;freeFlow;1
2025-07-02T23:43:00+02:00;35120_G;36;2;12;freeFlow;1
2025-07-02T23:43:00+02:00;35121_D;46;45;60;freeFlow;1
2025-07-02T23:43:00+02:00;35121_G;47;44;12;freeFlow;1
2025-07-02T23:43:00+02:00;40196;72;3;55;freeFlow;1
2025-07-02T23:43:00+02:00;40197;72;4;55;freeFlow;1
2025-07-02T23:43:00+02:00;41636_D;50;3;0;unknown;0
2025-07-02T23:43:00+02:00;41636_G;30;5;0;unknown;0
2025-07-02T23:43:00+02:00;41652_G;30;8;0;unknown;0
2025-07-02T23:43:00+02:00;41653_D;50;2;0;unknown;0
2025-07-02T23:43:00+02:00;41653_G;32;3;0;unknown;0
2025-07-02T23:43:00+02:00;41667_D;50;3;0;unknown;0
2025-07-02T23:43:00+02:00;41667_G;32;4;0;unknown;0
2025-07-02T23:43:00+02:00;41668_D;50;1;0;unknown;0
2025-07-02T23:43:00+02:00;41668_G;50;1;0;unknown;0
2025-07-02T23:43:00+02:00;41721;79;13;12;freeFlow;1
2025-07-02T23:43:00+02:00;41722;106;11;60;freeFlow;1
2025-07-02T23:43:00+02:00;41758;108;12;60;freeFlow;1
2025-07-02T23:43:00+02:00;41759;91;15;75;freeFlow;2
2025-07-02T23:43:00+02:00;41760;79;17;60;freeFlow;1
2025-07-02T23:43:00+02:00;41949_D;40;6;60;freeFlow;1
2025-07-02T23:43:00+02:00;41949_G;50;5;0;unknown;0
2025-07-02T23:43:00+02:00;41974_D;37;6;60;freeFlow;1
2025-07-02T23:43:00+02:00;41974_G;50;5;0;unknown;0
2025-07-02T23:43:00+02:00;41975_D;45;7;60;freeFlow;1
2025-07-02T23:43:00+02:00;41975_G;50;7;0;unknown;0
2025-07-02T23:43:00+02:00;41985_D;50;2;0;unknown;0
2025-07-02T23:43:00+02:00;41985_G;50;2;0;unknown;0
2025-07-02T23:43:00+02:00;42064_D;50;4;0;unknown;0
2025-07-02T23:43:00+02:00;42064_G;32;7;0;unknown;0
2025-07-02T23:43:00+02:00;420870_D;42;5;60;freeFlow;1
2025-07-02T23:43:00+02:00;420870_G;50;5;0;unknown;0
2025-07-02T23:43:00+02:00;42206_G;50;19;0;unknown;0
2025-07-02T23:43:00+02:00;42238_G;50;7;0;unknown;0
2025-07-02T23:43:00+02:00;42239_D;50;6;0;unknown;0
2025-07-02T23:43:00+02:00;42239_G;32;9;0;unknown;0
2025-07-02T23:43:00+02:00;42240_D;50;15;0;unknown;0
2025-07-02T23:43:00+02:00;42240_G;50;15;0;unknown;0
2025-07-02T23:43:00+02:00;42241_D;50;14;0;unknown;0
2025-07-02T23:43:00+02:00;42241_G;50;14;0;unknown;0
2025-07-02T23:43:00+02:00;42242_D;50;6;0;unknown;0
2025-07-02T23:43:00+02:00;42242_G;50;6;0;unknown;0
2025-07-02T23:43:00+02:00;42683_D;50;7;0;unknown;0
2025-07-02T23:43:00+02:00;42683_G;50;6;0;unknown;0
2025-07-02T23:43:00+02:00;42714_D;45;5;60;freeFlow;1
2025-07-02T23:43:00+02:00;42714_G;50;4;0;unknown;0
2025-07-02T23:43:00+02:00;42716_D;33;3;60;heavy;1
2025-07-02T23:43:00+02:00;42716_G;50;2;0;unknown;0
2025-07-02T23:43:00+02:00;43449_D;30;7;0;unknown;0
2025-07-02T23:43:00+02:00;43449_G;30;7;0;unknown;0
2025-07-02T23:43:00+02:00;43450_D;30;10;0;unknown;0
2025-07-02T23:43:00+02:00;43450_G;30;10;0;unknown;0
2025-07-02T23:43:00+02:00;43451_G;30;16;0;unknown;0
2025-07-02T23:43:00+02:00;43452_D;30;5;0;unknown;0
2025-07-02T23:43:00+02:00;43452_G;30;5;0;unknown;0
2025-07-02T23:43:00+02:00;43475_D;50;4;0;unknown;0
2025-07-02T23:43:00+02:00;43475_G;50;4;0;unknown;0
2025-07-02T23:43:00+02:00;43622_D;50;2;0;unknown;0
2025-07-02T23:43:00+02:00;43622_G;50;2;0;unknown;0
2025-07-02T23:43:00+02:00;43623_D;50;4;0;unknown;0
2025-07-02T23:43:00+02:00;43623_G;50;4;0;unknown;0
2025-07-02T23:43:00+02:00;43624_D;50;5;0;unknown;0
2025-07-02T23:43:00+02:00;43624_G;50;5;0;unknown;0
2025-07-02T23:43:00+02:00;43625_D;50;7;0;unknown;0
2025-07-02T23:43:00+02:00;43625_G;50;7;0;unknown;0
2025-07-02T23:43:00+02:00;43657_D;50;2;0;unknown;0
2025-07-02T23:43:00+02:00;43657_G;50;2;0;unknown;0
2025-07-02T23:43:00+02:00;43659_D;30;5;0;unknown;0
2025-07-02T23:43:00+02:00;43659_G;30;5;0;unknown;0
2025-07-02T23:43:00+02:00;44039_D;50;2;0;unknown;0
2025-07-02T23:43:00+02:00;44039_G;50;2;0;unknown;0
2025-07-02T23:43:00+02:00;44040_D;50;9;0;unknown;0
2025-07-02T23:43:00+02:00;44040_G;50;9;0;unknown;0
2025-07-02T23:43:00+02:00;44041_D;50;9;0;unknown;0
2025-07-02T23:43:00+02:00;44041_G;50;9;0;unknown;0
2025-07-02T23:43:00+02:00;44042_D;50;10;0;unknown;0
2025-07-02T23:43:00+02:00;44042_G;50;9;0;unknown;0
2025-07-02T23:43:00+02:00;44071_D;30;9;0;unknown;0
2025-07-02T23:43:00+02:00;44071_G;30;10;0;unknown;0
2025-07-02T23:43:00+02:00;44080;50;2;0;unknown;0
2025-07-02T23:43:00+02:00;44113_D;39;7;48;freeFlow;1
2025-07-02T23:43:00+02:00;44113_G;6;46;20;congested;1
2025-07-02T23:43:00+02:00;44114_D;31;8;48;heavy;1
2025-07-02T23:43:00+02:00;44114_G;33;8;17;heavy;1
2025-07-02T23:43:00+02:00;44115_D;23;15;50;heavy;1
2025-07-02T23:43:00+02:00;44115_G;50;7;0;unknown;0
2025-07-02T23:43:00+02:00;44117_D;32;9;50;heavy;1
2025-07-02T23:43:00+02:00;44117_G;50;5;0;unknown;0
2025-07-02T23:43:00+02:00;44118_D;10;21;50;congested;1
2025-07-02T23:43:00+02:00;44118_G;50;4;0;unknown;0
2025-07-02T23:43:00+02:00;44125_D;30;4;48;heavy;1
2025-07-02T23:43:00+02:00;44125_G;26;5;20;heavy;1
2025-07-02T23:43:00+02:00;44127;50;6;0;unknown;0
2025-07-02T23:43:00+02:00;44128;50;7;0;unknown;0
2025-07-02T23:43:00+02:00;44170_D;34;5;50;heavy;1
2025-07-02T23:43:00+02:00;44170_G;50;4;0;unknown;0
2025-07-02T23:43:00+02:00;44713_D;42;1;45;freeFlow;1
2025-07-02T23:43:00+02:00;44713_G;24;1;48;heavy;1
2025-07-02T23:43:00+02:00;44930;50;4;0;unknown;0
2025-07-02T23:43:00+02:00;44931;50;13;0;unknown;0
2025-07-02T23:43:00+02:00;44934;108;19;60;freeFlow;1
2025-07-02T23:43:00+02:00;45486_G;50;4;0;unknown;0
2025-07-02T23:43:00+02:00;45487_G;50;5;0;unknown;0
2025-07-02T23:43:00+02:00;45488_D;42;16;60;freeFlow;1
2025-07-02T23:43:00+02:00;45488_G;50;14;0;unknown;0
2025-07-02T23:43:00+02:00;45489_D;42;6;60;freeFlow;1
2025-07-02T23:43:00+02:00;45489_G;50;5;0;unknown;0
2025-07-02T23:43:00+02:00;45490_D;42;4;60;freeFlow;1
2025-07-02T23:43:00+02:00;45490_G;50;3;0;unknown;0
2025-07-02T23:43:00+02:00;45503_D;28;5;12;heavy;1
2025-07-02T23:43:00+02:00;45503_G;50;3;0;unknown;0
2025-07-02T23:43:00+02:00;45504_D;33;5;12;heavy;1
2025-07-02T23:43:00+02:00;45504_G;50;3;0;unknown;0
2025-07-02T23:43:00+02:00;45505_D;35;9;12;freeFlow;1
2025-07-02T23:43:00+02:00;45505_G;50;7;0;unknown;0
2025-07-02T23:43:00+02:00;45530_D;35;2;50;freeFlow;1
2025-07-02T23:43:00+02:00;45530_G;30;2;0;unknown;0
2025-07-02T23:43:00+02:00;45531_D;32;2;52;freeFlow;1
2025-07-02T23:43:00+02:00;45531_G;33;2;15;freeFlow;1
2025-07-02T23:43:00+02:00;45532_D;31;7;52;freeFlow;1
2025-07-02T23:43:00+02:00;45532_G;33;7;15;freeFlow;1
2025-07-02T23:43:00+02:00;45565_D;47;7;12;freeFlow;1
2025-07-02T23:43:00+02:00;45565_G;29;11;55;heavy;1
2025-07-02T23:43:00+02:00;45566_D;45;6;12;freeFlow;1
2025-07-02T23:43:00+02:00;45566_G;39;7;55;freeFlow;1
2025-07-02T23:43:00+02:00;45567_D;17;17;12;heavy;1
2025-07-02T23:43:00+02:00;45567_G;36;8;55;freeFlow;1
2025-07-02T23:43:00+02:00;45568_D;43;10;12;freeFlow;1
2025-07-02T23:43:00+02:00;45568_G;50;10;0;unknown;0
2025-07-02T23:43:00+02:00;45601_D;28;11;55;heavy;1
2025-07-02T23:43:00+02:00;45601_G;36;9;15;freeFlow;1
2025-07-02T23:43:00+02:00;45613_D;42;7;60;freeFlow;1
2025-07-02T23:43:00+02:00;45613_G;36;9;12;freeFlow;1
2025-07-02T23:43:00+02:00;45614_D;42;5;60;freeFlow;1
2025-07-02T23:43:00+02:00;45614_G;50;4;0;unknown;0
2025-07-02T23:43:00+02:00;45636;52;22;38;freeFlow;1
2025-07-02T23:43:00+02:00;45637;106;10;60;freeFlow;1
2025-07-02T23:43:00+02:00;45640;50;10;0;unknown;0
2025-07-02T23:43:00+02:00;45641;108;12;60;freeFlow;1
2025-07-02T23:43:00+02:00;45642;108;20;60;freeFlow;1
2025-07-02T23:43:00+02:00;45644_D;50;19;0;unknown;0
2025-07-02T23:43:00+02:00;45644_G;50;19;0;unknown;0
2025-07-02T23:43:00+02:00;45645_G;50;11;0;unknown;0
2025-07-02T23:43:00+02:00;45725;106;30;60;freeFlow;1
2025-07-02T23:43:00+02:00;45736_D;50;9;0;unknown;0
2025-07-02T23:43:00+02:00;45736_G;50;9;0;unknown;0
2025-07-02T23:43:00+02:00;45759_D;50;8;0;unknown;0
2025-07-02T23:43:00+02:00;45759_G;10;38;0;unknown;0
2025-07-02T23:43:00+02:00;45760_D;50;6;0;unknown;0
2025-07-02T23:43:00+02:00;45760_G;50;6;0;unknown;0
2025-07-02T23:43:00+02:00;45761_G;12;26;0;unknown;0
2025-07-02T23:43:00+02:00;45762_D;50;5;0;unknown;0
2025-07-02T23:43:00+02:00;45762_G;50;5;0;unknown;0
2025-07-02T23:43:00+02:00;45849_D;50;2;0;unknown;0
2025-07-02T23:43:00+02:00;45849_G;50;2;0;unknown;0
2025-07-02T23:43:00+02:00;45850_D;50;2;0;unknown;0
2025-07-02T23:43:00+02:00;45850_G;50;2;0;unknown;0
2025-07-02T23:43:00+02:00;45865_G;50;7;0;unknown;0
2025-07-02T23:43:00+02:00;46027;27;2;48;heavy;1
2025-07-02T23:43:00+02:00;46028;50;14;0;unknown;0
2025-07-02T23:43:00+02:00;46029;21;8;67;heavy;2
2025-07-02T23:43:00+02:00;46036_D;10;50;10;congested;1
2025-07-02T23:43:00+02:00;46036_G;50;10;0;unknown;0
2025-07-02T23:43:00+02:00;46053_G;50;8;0;unknown;0
2025-07-02T23:43:00+02:00;46054_D;33;6;15;heavy;1
2025-07-02T23:43:00+02:00;46054_G;50;4;0;unknown;0
2025-07-02T23:43:00+02:00;46055_D;30;8;15;heavy;1
2025-07-02T23:43:00+02:00;46055_G;50;5;0;unknown;0
2025-07-02T23:43:00+02:00;46056_G;50;2;0;unknown;0
2025-07-02T23:43:00+02:00;46057_D;29;6;15;heavy;1
2025-07-02T23:43:00+02:00;46057_G;50;4;0;unknown;0
2025-07-02T23:43:00+02:00;46058_D;50;7;0;unknown;0
2025-07-02T23:43:00+02:00;46058_G;50;7;0;unknown;0
2025-07-02T23:43:00+02:00;46059_D;50;12;0;unknown;0
2025-07-02T23:43:00+02:00;46059_G;50;12;0;unknown;0
2025-07-02T23:43:00+02:00;46079_D;7;40;17;congested;1
2025-07-02T23:43:00+02:00;46079_G;50;6;0;unknown;0
2025-07-02T23:43:00+02:00;46080_D;50;9;0;unknown;0
2025-07-02T23:43:00+02:00;46080_G;50;9;0;unknown;0
2025-07-02T23:43:00+02:00;46081;50;5;0;unknown;0
2025-07-02T23:43:00+02:00;46135;50;7;0;unknown;0
2025-07-02T23:43:00+02:00;46136;50;6;0;unknown;0
2025-07-02T23:43:00+02:00;46137;50;9;0;unknown;0
2025-07-02T23:43:00+02:00;46163;50;6;0;unknown;0
2025-07-02T23:43:00+02:00;46228;90;11;0;unknown;0
2025-07-02T23:43:00+02:00;46230;97;15;75;freeFlow;2
2025-07-02T23:43:00+02:00;46251_D;42;4;60;freeFlow;1
2025-07-02T23:43:00+02:00;46251_G;50;4;0;unknown;0
2025-07-02T23:43:00+02:00;46264;90;18;0;unknown;0
2025-07-02T23:43:00+02:00;46265;93;7;75;freeFlow;2
2025-07-02T23:43:00+02:00;46266;92;3;75;freeFlow;2
2025-07-02T23:43:00+02:00;46267;83;10;60;freeFlow;1
2025-07-02T23:43:00+02:00;46268;77;19;60;freeFlow;1
2025-07-02T23:43:00+02:00;46270_D;50;4;0;unknown;0
2025-07-02T23:43:00+02:00;46270_G;50;4;0;unknown;0
2025-07-02T23:43:00+02:00;46271_D;11;24;52;congested;1
2025-07-02T23:43:00+02:00;46271_G;50;5;0;unknown;0
2025-07-02T23:43:00+02:00;46374_D;50;25;0;unknown;0
2025-07-02T23:43:00+02:00;46374_G;50;25;0;unknown;0
2025-07-02T23:43:00+02:00;46375_D;50;10;0;unknown;0
2025-07-02T23:43:00+02:00;46375_G;50;10;0;unknown;0
2025-07-02T23:43:00+02:00;46376_D;50;14;0;unknown;0
2025-07-02T23:43:00+02:00;46376_G;50;14;0;unknown;0
2025-07-02T23:43:00+02:00;46377_D;50;8;0;unknown;0
2025-07-02T23:43:00+02:00;46377_G;50;8;0;unknown;0
2025-07-02T23:43:00+02:00;46427_D;50;7;0;unknown;0
2025-07-02T23:43:00+02:00;46427_G;50;7;0;unknown;0
2025-07-02T23:43:00+02:00;46559_D;31;2;0;unknown;0
2025-07-02T23:43:00+02:00;46559_G;50;1;0;unknown;0
2025-07-02T23:43:00+02:00;46560_D;48;8;0;unknown;0
2025-07-02T23:43:00+02:00;46560_G;50;8;0;unknown;0
2025-07-02T23:43:00+02:00;46561_D;43;5;0;unknown;0
2025-07-02T23:43:00+02:00;46561_G;50;5;0;unknown;0
2025-07-02T23:43:00+02:00;46562_D;49;2;0;unknown;0
2025-07-02T23:43:00+02:00;46562_G;50;2;0;unknown;0
2025-07-02T23:43:00+02:00;46563_D;50;8;0;unknown;0
2025-07-02T23:43:00+02:00;46563_G;50;9;0;unknown;0
2025-07-02T23:43:00+02:00;46564_D;39;5;0;unknown;0
2025-07-02T23:43:00+02:00;46564_G;50;4;0;unknown;0
2025-07-02T23:43:00+02:00;46565_D;49;4;0;unknown;0
2025-07-02T23:43:00+02:00;46565_G;50;4;0;unknown;0
2025-07-02T23:43:00+02:00;46566_D;48;5;0;unknown;0
2025-07-02T23:43:00+02:00;46566_G;50;5;0;unknown;0
2025-07-02T23:43:00+02:00;46567_G;50;2;0;unknown;0
2025-07-02T23:43:00+02:00;46568_D;50;1;0;unknown;0
2025-07-02T23:43:00+02:00;46568_G;27;2;48;heavy;1
2025-07-02T23:43:00+02:00;46569_D;50;10;0;unknown;0
2025-07-02T23:43:00+02:00;46569_G;50;9;0;unknown;0
2025-07-02T23:43:00+02:00;46627_D;31;17;0;unknown;0
2025-07-02T23:43:00+02:00;46627_G;50;11;0;unknown;0
2025-07-02T23:43:00+02:00;46628_D;7;56;0;unknown;0
2025-07-02T23:43:00+02:00;46628_G;50;8;0;unknown;0
2025-07-02T23:43:00+02:00;46640;50;15;0;unknown;0
2025-07-02T23:43:00+02:00;46641;50;8;0;unknown;0
2025-07-02T23:43:00+02:00;46643;50;3;0;unknown;0
2025-07-02T23:43:00+02:00;46649;50;8;0;unknown;0
2025-07-02T23:43:00+02:00;46653_D;50;12;0;unknown;0
2025-07-02T23:43:00+02:00;46653_G;50;12;0;unknown;0
2025-07-02T23:43:00+02:00;46654_D;49;11;10;freeFlow;1
2025-07-02T23:43:00+02:00;46654_G;50;10;0;unknown;0
2025-07-02T23:43:00+02:00;46655_D;47;4;10;freeFlow;1
2025-07-02T23:43:00+02:00;46655_G;50;3;0;unknown;0
2025-07-02T23:43:00+02:00;46682;9;54;52;congested;1
2025-07-02T23:43:00+02:00;46683;19;3;55;heavy;1
2025-07-02T23:43:00+02:00;46684;50;10;0;unknown;0
2025-07-02T23:43:00+02:00;46685;61;17;60;freeFlow;1
2025-07-02T23:43:00+02:00;46686;100;13;48;freeFlow;1
2025-07-02T23:43:00+02:00;46688;70;16;0;unknown;0
2025-07-02T23:43:00+02:00;46716;81;1;48;freeFlow;1
2025-07-02T23:43:00+02:00;46717;105;36;60;freeFlow;1
2025-07-02T23:43:00+02:00;46718;81;13;48;freeFlow;1
2025-07-02T23:43:00+02:00;46719;70;11;0;unknown;0
2025-07-02T23:43:00+02:00;46720;70;3;0;unknown;0
2025-07-02T23:43:00+02:00;46728;80;4;74;freeFlow;2
2025-07-02T23:43:00+02:00;46745_D;50;12;0;unknown;0
2025-07-02T23:43:00+02:00;46745_G;50;12;0;unknown;0
2025-07-02T23:43:00+02:00;46746_D;50;18;0;unknown;0
2025-07-02T23:43:00+02:00;46746_G;50;18;0;unknown;0
2025-07-02T23:43:00+02:00;46975;50;3;0;unknown;0
2025-07-02T23:43:00+02:00;47024;34;5;57;heavy;1
2025-07-02T23:43:00+02:00;47025;38;10;57;freeFlow;1
2025-07-02T23:43:00+02:00;47030;24;13;27;heavy;1
2025-07-02T23:43:00+02:00;47057;108;8;60;freeFlow;1
2025-07-02T23:43:00+02:00;47058;108;18;60;freeFlow;1
2025-07-02T23:43:00+02:00;47059;107;12;57;freeFlow;1
2025-07-02T23:43:00+02:00;47060;92;11;73;freeFlow;2
2025-07-02T23:43:00+02:00;47062;50;17;0;unknown;0
2025-07-02T23:43:00+02:00;47064;36;2;55;freeFlow;1
2025-07-02T23:43:00+02:00;47066;53;2;60;freeFlow;1
2025-07-02T23:43:00+02:00;47068;70;10;0;unknown;0
2025-07-02T23:43:00+02:00;47070;53;6;60;freeFlow;1
2025-07-02T23:43:00+02:00;47071;70;12;0;unknown;0
2025-07-02T23:43:00+02:00;47074;107;4;57;freeFlow;1
2025-07-02T23:43:00+02:00;47075;77;3;57;freeFlow;1
2025-07-02T23:43:00+02:00;47078;70;35;0;unknown;0
2025-07-02T23:43:00+02:00;47101;50;8;0;unknown;0
2025-07-02T23:43:00+02:00;47107;107;5;57;freeFlow;1
2025-07-02T23:43:00+02:00;47108;70;12;0;unknown;0
2025-07-02T23:43:00+02:00;47109;53;1;60;freeFlow;1
2025-07-02T23:43:00+02:00;47110;70;11;0;unknown;0
2025-07-02T23:43:00+02:00;47111;104;17;75;freeFlow;2
2025-07-02T23:43:00+02:00;47112;53;16;60;freeFlow;1
2025-07-02T23:43:00+02:00;47113;77;7;57;freeFlow;1
2025-07-02T23:43:00+02:00;47114;50;28;0;unknown;0
2025-07-02T23:43:00+02:00;47115;68;21;55;freeFlow;1
2025-07-02T23:43:00+02:00;47238;108;5;60;freeFlow;1
2025-07-02T23:43:00+02:00;47240;100;15;75;freeFlow;2
2025-07-02T23:43:00+02:00;47241;100;10;48;freeFlow;1
2025-07-02T23:43:00+02:00;47242;103;12;60;freeFlow;1
2025-07-02T23:43:00+02:00;47243;105;13;60;freeFlow;1
2025-07-02T23:43:00+02:00;47290;50;10;0;unknown;0
2025-07-02T23:43:00+02:00;47293;79;7;60;freeFlow;1
2025-07-02T23:43:00+02:00;47299;38;9;60;heavy;1
2025-07-02T23:43:00+02:00;47300;84;15;60;freeFlow;1
2025-07-02T23:43:00+02:00;47306;102;20;60;freeFlow;1
2025-07-02T23:43:00+02:00;47316;26;11;70;heavy;2
2025-07-02T23:43:00+02:00;47428_D;50;5;0;unknown;0
2025-07-02T23:43:00+02:00;47428_G;50;5;0;unknown;0
2025-07-02T23:43:00+02:00;48769_D;50;3;0;unknown;0
2025-07-02T23:43:00+02:00;48769_G;50;3;0;unknown;0
2025-07-02T23:43:00+02:00;48890;50;1;0;unknown;0
2025-07-02T23:43:00+02:00;48891;50;1;0;unknown;0
2025-07-02T23:43:00+02:00;48958_D;50;4;0;unknown;0
2025-07-02T23:43:00+02:00;48958_G;50;4;0;unknown;0
2025-07-02T23:43:00+02:00;489866_G;50;4;0;unknown;0
2025-07-02T23:43:00+02:00;49004;50;4;38;freeFlow;1
2025-07-02T23:43:00+02:00;490194_D;45;2;60;freeFlow;1
2025-07-02T23:43:00+02:00;490194_G;50;1;0;unknown;0
2025-07-02T23:43:00+02:00;49023;70;8;0;unknown;0
2025-07-02T23:43:00+02:00;49068;27;24;48;heavy;1
2025-07-02T23:43:00+02:00;49074;70;1;0;unknown;0
2025-07-02T23:43:00+02:00;49075;70;2;0;unknown;0
2025-07-02T23:43:00+02:00;49081;61;9;60;freeFlow;1
2025-07-02T23:43:00+02:00;49084;50;9;0;unknown;0
2025-07-02T23:43:00+02:00;49137_D;50;4;0;unknown;0
2025-07-02T23:43:00+02:00;49137_G;50;4;0;unknown;0
2025-07-02T23:43:00+02:00;49184;50;2;0;unknown;0
2025-07-02T23:43:00+02:00;492351_G;50;2;0;unknown;0
2025-07-02T23:43:00+02:00;492359_D;42;6;60;freeFlow;1
2025-07-02T23:43:00+02:00;492363_D;50;9;0;unknown;0
2025-07-02T23:43:00+02:00;492363_G;22;22;20;heavy;1
2025-07-02T23:43:00+02:00;492435;29;15;60;heavy;1
2025-07-02T23:43:00+02:00;492445_G;54;12;60;freeFlow;1
2025-07-02T23:43:00+02:00;492450;42;12;60;freeFlow;1
2025-07-02T23:43:00+02:00;492452;65;8;60;freeFlow;1
2025-07-02T23:43:00+02:00;492459;30;2;0;unknown;0
2025-07-02T23:43:00+02:00;492474;28;6;60;heavy;1
2025-07-02T23:43:00+02:00;492475;39;22;60;heavy;1
2025-07-02T23:43:00+02:00;492476;78;6;75;freeFlow;2
2025-07-02T23:43:00+02:00;492477;50;2;0;unknown;0
2025-07-02T23:43:00+02:00;492479;50;13;0;unknown;0
2025-07-02T23:43:00+02:00;492481;50;3;0;unknown;0
2025-07-02T23:43:00+02:00;492482;50;3;0;unknown;0
2025-07-02T23:43:00+02:00;492483;65;3;60;freeFlow;1
2025-07-02T23:43:00+02:00;492485;93;1;52;freeFlow;1
2025-07-02T23:43:00+02:00;492490;54;6;60;freeFlow;1
2025-07-02T23:43:00+02:00;492495;34;1;60;heavy;1
2025-07-02T23:43:00+02:00;492498;54;8;60;freeFlow;1
2025-07-02T23:43:00+02:00;492506;29;8;60;heavy;1
2025-07-02T23:43:00+02:00;492512;50;2;0;unknown;0
2025-07-02T23:43:00+02:00;492514;50;1;0;unknown;0
2025-07-02T23:43:00+02:00;492519;24;21;60;heavy;1
2025-07-02T23:43:00+02:00;492574;65;2;60;freeFlow;1
2025-07-02T23:43:00+02:00;492576;54;1;60;freeFlow;1
2025-07-02T23:43:00+02:00;49328_D;36;3;50;freeFlow;1
2025-07-02T23:43:00+02:00;49328_G;50;2;0;unknown;0
2025-07-02T23:43:00+02:00;49686_D;50;3;0;unknown;0
2025-07-02T23:43:00+02:00;49686_G;50;3;0;unknown;0
2025-07-02T23:43:00+02:00;50079_D;30;8;0;unknown;0
2025-07-02T23:43:00+02:00;50079_G;30;8;0;unknown;0
2025-07-02T23:43:00+02:00;50191_D;33;15;52;heavy;1
2025-07-02T23:43:00+02:00;50191_G;35;15;15;heavy;1
2025-07-02T23:43:00+02:00;50308_G;50;6;0;unknown;0
2025-07-02T23:43:00+02:00;50355_D;42;7;60;freeFlow;1
2025-07-02T23:43:00+02:00;50355_G;50;6;0;unknown;0
2025-07-02T23:43:00+02:00;50416_D;42;3;60;freeFlow;1
2025-07-02T23:43:00+02:00;50416_G;50;3;0;unknown;0
2025-07-02T23:43:00+02:00;50475;36;11;57;freeFlow;1
2025-07-02T23:43:00+02:00;50509;34;13;55;heavy;1
2025-07-02T23:43:00+02:00;50573_D;30;8;0;unknown;0
2025-07-02T23:43:00+02:00;50573_G;30;6;0;unknown;0
2025-07-02T23:43:00+02:00;51008;50;3;0;unknown;0
2025-07-02T23:43:00+02:00;51017;13;10;55;congested;1
2025-07-02T23:43:00+02:00;51159_D;50;13;0;unknown;0
2025-07-02T23:43:00+02:00;51159_G;50;13;0;unknown;0
2025-07-02T23:43:00+02:00;51254_D;50;6;0;unknown;0
2025-07-02T23:43:00+02:00;51254_G;50;6;0;unknown;0
2025-07-02T23:43:00+02:00;51323_D;32;5;52;heavy;1
2025-07-02T23:43:00+02:00;51323_G;33;6;15;heavy;1
2025-07-02T23:43:00+02:00;51437_D;44;4;12;freeFlow;1
2025-07-02T23:43:00+02:00;51437_G;50;3;0;unknown;0
2025-07-02T23:43:00+02:00;51455_D;40;7;55;freeFlow;1
2025-07-02T23:43:00+02:00;51455_G;38;7;55;freeFlow;1
2025-07-02T23:43:00+02:00;51797;50;4;0;unknown;0
2025-07-02T23:43:00+02:00;52130;50;4;0;unknown;0
2025-07-02T23:43:00+02:00;53329_D;30;6;0;unknown;0
2025-07-02T23:43:00+02:00;53329_G;30;6;0;unknown;0
2025-07-02T23:43:00+02:00;53336_D;50;8;0;unknown;0
2025-07-02T23:43:00+02:00;53336_G;50;8;0;unknown;0
2025-07-02T23:43:00+02:00;53411_D;50;7;0;unknown;0
2025-07-02T23:43:00+02:00;53539_G;50;4;38;freeFlow;1
2025-07-02T23:43:00+02:00;53542;70;6;0;unknown;0
2025-07-02T23:43:00+02:00;53543;90;5;0;unknown;0
2025-07-02T23:43:00+02:00;53575_D;50;13;0;unknown;0
2025-07-02T23:43:00+02:00;53575_G;50;12;0;unknown;0
2025-07-02T23:43:00+02:00;53656;50;2;0;unknown;0
2025-07-02T23:43:00+02:00;53660;50;7;0;unknown;0
2025-07-02T23:43:00+02:00;53663;50;2;0;unknown;0
2025-07-02T23:43:00+02:00;53675;25;3;60;heavy;1
2025-07-02T23:43:00+02:00;53676;30;4;75;heavy;2
2025-07-02T23:43:00+02:00;53677;63;9;60;freeFlow;1
2025-07-02T23:43:00+02:00;53678;28;2;60;heavy;1
2025-07-02T23:43:00+02:00;53679;28;4;60;heavy;1
2025-07-02T23:43:00+02:00;53681;50;39;0;unknown;0
2025-07-02T23:43:00+02:00;53721;50;1;0;unknown;0
2025-07-02T23:43:00+02:00;53885_D;30;17;60;heavy;1
2025-07-02T23:43:00+02:00;53885_G;50;10;0;unknown;0
2025-07-02T23:43:00+02:00;54211;30;21;48;heavy;1
2025-07-02T23:43:00+02:00;54334_D;50;1;0;unknown;0
2025-07-02T23:43:00+02:00;54334_G;50;1;0;unknown;0
2025-07-02T23:43:00+02:00;54337;20;40;60;heavy;1
2025-07-02T23:43:00+02:00;54361;50;4;0;unknown;0
2025-07-02T23:43:00+02:00;54580_G;36;16;48;freeFlow;1
2025-07-02T23:43:00+02:00;54707;50;9;0;unknown;0
2025-07-02T23:43:00+02:00;54709;50;1;0;unknown;0
2025-07-02T23:43:00+02:00;54710;50;4;0;unknown;0
2025-07-02T23:43:00+02:00;55397_D;50;1;0;unknown;0
2025-07-02T23:43:00+02:00;55397_G;50;1;0;unknown;0
2025-07-02T23:43:00+02:00;55401;50;8;0;unknown;0
2025-07-02T23:43:00+02:00;55405;50;1;0;unknown;0
2025-07-02T23:43:00+02:00;55406;50;4;0;unknown;0
2025-07-02T23:43:00+02:00;55407;50;2;0;unknown;0
2025-07-02T23:43:00+02:00;55408;50;3;0;unknown;0
2025-07-02T23:43:00+02:00;55440_D;24;7;52;freeFlow;1
2025-07-02T23:43:00+02:00;55440_G;31;6;15;freeFlow;1
2025-07-02T23:43:00+02:00;55443_D;30;3;68;heavy;2
2025-07-02T23:43:00+02:00;55443_G;21;3;15;heavy;1
2025-07-02T23:43:00+02:00;55446;34;2;60;heavy;1
2025-07-02T23:43:00+02:00;55447;31;2;15;heavy;1
2025-07-02T23:43:00+02:00;55448;20;3;52;heavy;1
2025-07-02T23:43:00+02:00;55449;27;2;60;heavy;1
2025-07-02T23:43:00+02:00;55516;50;2;0;unknown;0
2025-07-02T23:43:00+02:00;55669;27;8;48;heavy;1
2025-07-02T23:43:00+02:00;55671;50;7;0;unknown;0
2025-07-02T23:43:00+02:00;55696;50;15;0;unknown;0
2025-07-02T23:43:00+02:00;55698;50;9;0;unknown;0
2025-07-02T23:43:00+02:00;55700;50;8;0;unknown;0
2025-07-02T23:43:00+02:00;55703;50;3;0;unknown;0
2025-07-02T23:43:00+02:00;55706;50;1;0;unknown;0
2025-07-02T23:43:00+02:00;55707;50;7;0;unknown;0
2025-07-02T23:43:00+02:00;55708;50;3;0;unknown;0
2025-07-02T23:43:00+02:00;55710;50;14;0;unknown;0
2025-07-02T23:43:00+02:00;55711;50;1;0;unknown;0
2025-07-02T23:43:00+02:00;55713;50;14;0;unknown;0
2025-07-02T23:43:00+02:00;55781_D;50;2;0;unknown;0
2025-07-02T23:43:00+02:00;55781_G;50;2;0;unknown;0
2025-07-02T23:43:00+02:00;55800;50;6;0;unknown;0
2025-07-02T23:43:00+02:00;55801;50;3;0;unknown;0
2025-07-02T23:43:00+02:00;55805;50;5;0;unknown;0
2025-07-02T23:43:00+02:00;55806;50;10;0;unknown;0
2025-07-02T23:43:00+02:00;55811;50;7;0;unknown;0
2025-07-02T23:43:00+02:00;55814;50;2;0;unknown;0
2025-07-02T23:43:00+02:00;55815;50;0;0;unknown;0
2025-07-02T23:43:00+02:00;55820;50;1;0;unknown;0
2025-07-02T23:43:00+02:00;55821;50;2;0;unknown;0
2025-07-02T23:43:00+02:00;55822;50;2;0;unknown;0
2025-07-02T23:43:00+02:00;55823;50;1;0;unknown;0
2025-07-02T23:43:00+02:00;55824;50;1;0;unknown;0
2025-07-02T23:43:00+02:00;55827;30;3;75;heavy;2
2025-07-02T23:43:00+02:00;55830;35;2;60;heavy;1
2025-07-02T23:43:00+02:00;55841;21;22;55;heavy;1
2025-07-02T23:43:00+02:00;55843;50;1;0;unknown;0
2025-07-02T23:43:00+02:00;55879;42;2;57;freeFlow;1
2025-07-02T23:43:00+02:00;55883;42;2;57;freeFlow;1
2025-07-02T23:43:00+02:00;55887;41;13;25;freeFlow;1
2025-07-02T23:43:00+02:00;55888;42;14;57;freeFlow;1
2025-07-02T23:43:00+02:00;55889;29;3;55;heavy;2
2025-07-02T23:43:00+02:00;55890;36;2;57;freeFlow;1
2025-07-02T23:43:00+02:00;55894;34;2;55;heavy;1
2025-07-02T23:43:00+02:00;55896;27;3;48;heavy;1
2025-07-02T23:43:00+02:00;55898;50;12;0;unknown;0
2025-07-02T23:43:00+02:00;55899;50;7;0;unknown;0
2025-07-02T23:43:00+02:00;55926_D;30;7;52;heavy;1
2025-07-02T23:43:00+02:00;55926_G;50;5;0;unknown;0
2025-07-02T23:43:00+02:00;55932;50;1;0;unknown;0
2025-07-02T23:43:00+02:00;55933;30;4;52;heavy;1
2025-07-02T23:43:00+02:00;55958;50;1;0;unknown;0
2025-07-02T23:43:00+02:00;55959;50;2;0;unknown;0
2025-07-02T23:43:00+02:00;55974;25;2;27;heavy;1
2025-07-02T23:43:00+02:00;55975;53;2;60;freeFlow;1
2025-07-02T23:43:00+02:00;55977;36;4;55;freeFlow;1
2025-07-02T23:43:00+02:00;55978;50;2;0;unknown;0
2025-07-02T23:43:00+02:00;55980;53;5;60;freeFlow;1
2025-07-02T23:43:00+02:00;55981;46;6;25;freeFlow;1
2025-07-02T23:43:00+02:00;56019;50;1;0;unknown;0
2025-07-02T23:43:00+02:00;56020;50;1;0;unknown;0
2025-07-02T23:43:00+02:00;56113;40;6;35;freeFlow;1
2025-07-02T23:43:00+02:00;56115;40;5;35;freeFlow;1
2025-07-02T23:43:00+02:00;56117;40;7;35;freeFlow;1
2025-07-02T23:43:00+02:00;56118;50;1;0;unknown;0
2025-07-02T23:43:00+02:00;56124;40;2;35;freeFlow;1
2025-07-02T23:43:00+02:00;56125;40;2;35;freeFlow;1
2025-07-02T23:43:00+02:00;56126;40;4;35;freeFlow;1
2025-07-02T23:43:00+02:00;56128;50;1;0;unknown;0
2025-07-02T23:43:00+02:00;56157_D;20;20;22;heavy;1
2025-07-02T23:43:00+02:00;56157_G;13;32;22;heavy;1
2025-07-02T23:43:00+02:00;56165_D;30;2;0;unknown;0
2025-07-02T23:43:00+02:00;56165_G;30;2;0;unknown;0
2025-07-02T23:43:00+02:00;56170;50;1;0;unknown;0
2025-07-02T23:43:00+02:00;56174;50;5;0;unknown;0
2025-07-02T23:43:00+02:00;56175;50;4;0;unknown;0
2025-07-02T23:43:00+02:00;56179;50;2;0;unknown;0
2025-07-02T23:43:00+02:00;56180;50;1;0;unknown;0
2025-07-02T23:43:00+02:00;56181;50;2;0;unknown;0
2025-07-02T23:43:00+02:00;56182;50;2;0;unknown;0
2025-07-02T23:43:00+02:00;56183;50;1;0;unknown;0
2025-07-02T23:43:00+02:00;56218_D;50;3;0;unknown;0
2025-07-02T23:43:00+02:00;56218_G;50;3;0;unknown;0
2025-07-02T23:43:00+02:00;56223;50;1;0;unknown;0
2025-07-02T23:43:00+02:00;56224;40;10;35;freeFlow;1
2025-07-02T23:43:00+02:00;56225;40;9;35;freeFlow;1
2025-07-02T23:43:00+02:00;56229;40;3;35;freeFlow;1
2025-07-02T23:43:00+02:00;56231;40;2;35;freeFlow;1
2025-07-02T23:43:00+02:00;56232;40;1;35;freeFlow;1
2025-07-02T23:43:00+02:00;56233;50;9;0;unknown;0
2025-07-02T23:43:00+02:00;56237;50;9;0;unknown;0
2025-07-02T23:43:00+02:00;56239;30;3;0;unknown;0
2025-07-02T23:43:00+02:00;56247;30;1;0;unknown;0
2025-07-02T23:43:00+02:00;56250;30;21;0;unknown;0
2025-07-02T23:43:00+02:00;56251;30;21;0;unknown;0
2025-07-02T23:43:00+02:00;56254;30;1;0;unknown;0
2025-07-02T23:43:00+02:00;56255;30;2;0;unknown;0
2025-07-02T23:43:00+02:00;56256;30;1;0;unknown;0
2025-07-02T23:43:00+02:00;56258;30;5;0;unknown;0
2025-07-02T23:43:00+02:00;56260;30;2;0;unknown;0
2025-07-02T23:43:00+02:00;56261;30;2;0;unknown;0
2025-07-02T23:43:00+02:00;56263;30;13;0;unknown;0
2025-07-02T23:43:00+02:00;56264;30;13;0;unknown;0
2025-07-02T23:43:00+02:00;56298;30;1;0;unknown;0
2025-07-02T23:43:00+02:00;56300;30;1;0;unknown;0
2025-07-02T23:43:00+02:00;56333;50;2;0;unknown;0
2025-07-02T23:43:00+02:00;565804_D;33;13;55;heavy;1
2025-07-02T23:43:00+02:00;565804_G;35;12;12;heavy;1
2025-07-02T23:43:00+02:00;565852;70;2;0;unknown;0
2025-07-02T23:43:00+02:00;565853;90;11;0;unknown;0
2025-07-02T23:43:00+02:00;566240;50;2;0;unknown;0
2025-07-02T23:43:00+02:00;566445_D;10;6;22;heavy;1
2025-07-02T23:43:00+02:00;566445_G;5;16;22;congested;1
2025-07-02T23:43:00+02:00;566456_D;30;22;20;freeFlow;1
2025-07-02T23:43:00+02:00;566456_G;19;36;20;heavy;1
2025-07-02T23:43:00+02:00;566457;50;1;0;unknown;0
2025-07-02T23:43:00+02:00;566465_D;30;10;0;unknown;0
2025-07-02T23:43:00+02:00;566465_G;30;10;0;unknown;0
2025-07-02T23:43:00+02:00;56675_D;50;3;0;unknown;0
2025-07-02T23:43:00+02:00;56675_G;50;3;0;unknown;0
2025-07-02T23:43:00+02:00;566941;29;3;57;heavy;2
2025-07-02T23:43:00+02:00;56871_D;50;3;0;unknown;0
2025-07-02T23:43:00+02:00;56871_G;50;3;0;unknown;0
2025-07-02T23:43:00+02:00;56908_D;50;8;0;unknown;0
2025-07-02T23:43:00+02:00;56908_G;50;8;0;unknown;0
2025-07-02T23:43:00+02:00;56925;89;39;48;freeFlow;1
2025-07-02T23:43:00+02:00;56944_D;30;10;52;freeFlow;1
2025-07-02T23:43:00+02:00;56944_G;30;10;0;unknown;0
2025-07-02T23:43:00+02:00;56945_D;24;10;52;freeFlow;1
2025-07-02T23:43:00+02:00;56945_G;33;6;15;freeFlow;1
2025-07-02T23:43:00+02:00;57082_G;30;9;0;unknown;0
2025-07-02T23:43:00+02:00;57083_D;30;14;0;unknown;0
2025-07-02T23:43:00+02:00;57083_G;30;16;0;unknown;0
2025-07-02T23:43:00+02:00;59724;50;3;0;unknown;0
2025-07-02T23:43:00+02:00;59750_D;50;5;0;unknown;0
2025-07-02T23:43:00+02:00;59750_G;50;4;0;unknown;0
2025-07-02T23:43:00+02:00;59835_D;40;5;35;freeFlow;1
2025-07-02T23:43:00+02:00;59835_G;50;4;0;unknown;0
2025-07-02T23:43:00+02:00;59836;40;3;35;freeFlow;1
2025-07-02T23:43:00+02:00;59837;50;1;0;unknown;0
2025-07-02T23:43:00+02:00;59838;50;3;0;unknown;0
2025-07-02T23:43:00+02:00;62559_D;50;6;0;unknown;0
2025-07-02T23:43:00+02:00;62559_G;50;6;0;unknown;0
2025-07-02T23:43:00+02:00;62560;50;5;0;unknown;0
2025-07-02T23:43:00+02:00;62565_D;50;2;0;unknown;0
2025-07-02T23:43:00+02:00;62565_G;50;1;0;unknown;0
2025-07-02T23:43:00+02:00;62831_D;50;1;0;unknown;0
2025-07-02T23:43:00+02:00;62831_G;50;1;0;unknown;0
2025-07-02T23:43:00+02:00;62832_D;50;1;0;unknown;0
2025-07-02T23:43:00+02:00;62832_G;50;1;0;unknown;0
2025-07-02T23:43:00+02:00;63045_D;30;5;0;unknown;0
2025-07-02T23:43:00+02:00;63045_G;30;5;0;unknown;0
2025-07-02T23:43:00+02:00;63053_D;31;7;50;heavy;1
2025-07-02T23:43:00+02:00;63053_G;50;4;0;unknown;0
2025-07-02T23:43:00+02:00;63899;88;19;73;freeFlow;2
2025-07-02T23:43:00+02:00;63934;54;1;52;freeFlow;1
2025-07-02T23:43:00+02:00;63935;50;8;0;unknown;0
2025-07-02T23:43:00+02:00;63936;35;15;40;heavy;1
2025-07-02T23:43:00+02:00;63939;54;11;52;freeFlow;1
2025-07-02T23:43:00+02:00;63940;54;2;52;freeFlow;1
2025-07-02T23:43:00+02:00;63941;54;1;52;freeFlow;1
2025-07-02T23:43:00+02:00;63942;54;1;52;freeFlow;1
2025-07-02T23:43:00+02:00;63943;54;2;52;freeFlow;1
2025-07-02T23:43:00+02:00;63944;50;3;38;freeFlow;1
2025-07-02T23:43:00+02:00;63947;50;2;0;unknown;0
2025-07-02T23:43:00+02:00;63950;50;1;0;unknown;0
2025-07-02T23:43:00+02:00;63951;50;2;0;unknown;0
2025-07-02T23:43:00+02:00;63952;52;0;38;freeFlow;1
2025-07-02T23:43:00+02:00;63953;52;1;38;freeFlow;1
2025-07-02T23:43:00+02:00;63970;25;37;60;heavy;1
2025-07-02T23:43:00+02:00;63973;54;2;60;freeFlow;1
2025-07-02T23:43:00+02:00;64032;50;20;0;unknown;0
2025-07-02T23:43:00+02:00;64061_D;30;10;0;unknown;0
2025-07-02T23:43:00+02:00;64061_G;30;11;0;unknown;0
2025-07-02T23:43:00+02:00;64637_D;50;8;0;unknown;0
2025-07-02T23:43:00+02:00;64637_G;43;10;60;freeFlow;1
2025-07-02T23:43:00+02:00;65310;50;6;0;unknown;0
2025-07-02T23:43:00+02:00;65313;9;35;0;unknown;0
2025-07-02T23:43:00+02:00;65682;50;23;0;unknown;0
2025-07-02T23:43:00+02:00;66421;40;2;35;freeFlow;1
2025-07-02T23:43:00+02:00;66442;50;4;0;unknown;0
2025-07-02T23:43:00+02:00;66782;50;7;0;unknown;0
2025-07-02T23:43:00+02:00;67066;50;6;0;unknown;0
2025-07-02T23:43:00+02:00;67097_D;30;11;0;unknown;0
2025-07-02T23:43:00+02:00;67097_G;30;12;0;unknown;0
2025-07-02T23:43:00+02:00;69381_D;50;6;0;unknown;0
2025-07-02T23:43:00+02:00;69381_G;50;6;0;unknown;0
2025-07-02T23:43:00+02:00;72487_G;40;63;35;heavy;1
2025-07-02T23:43:00+02:00;72614;50;2;0;unknown;0
2025-07-02T23:43:00+02:00;72621;34;11;55;heavy;1
2025-07-02T23:43:00+02:00;72624;27;13;48;heavy;1
2025-07-02T23:43:00+02:00;72628;27;1;48;heavy;1
2025-07-02T23:43:00+02:00;74283_D;45;17;73;freeFlow;2
2025-07-02T23:43:00+02:00;74283_G;50;15;0;unknown;0
2025-07-02T23:43:00+02:00;75387;54;1;52;freeFlow;1
2025-07-02T23:43:00+02:00;75631;52;6;25;freeFlow;1
2025-07-02T23:43:00+02:00;75818_D;50;3;0;unknown;0
2025-07-02T23:43:00+02:00;75818_G;50;2;38;freeFlow;1
2025-07-02T23:43:00+02:00;75820;108;18;60;freeFlow;1
2025-07-02T23:43:00+02:00;75824;65;7;60;freeFlow;1
2025-07-02T23:43:00+02:00;75825;67;7;15;freeFlow;1
2025-07-02T23:43:00+02:00;75828;70;11;0;unknown;0
2025-07-02T23:43:00+02:00;75829;56;12;55;freeFlow;1
2025-07-02T23:43:00+02:00;75832;53;2;60;freeFlow;1
2025-07-02T23:43:00+02:00;75833;39;5;55;freeFlow;1
2025-07-02T23:43:00+02:00;75835;52;2;55;freeFlow;1
2025-07-02T23:43:00+02:00;75836;88;11;60;freeFlow;1
2025-07-02T23:43:00+02:00;75837;53;8;60;freeFlow;1
2025-07-02T23:43:00+02:00;75838;52;5;55;freeFlow;1
2025-07-02T23:43:00+02:00;75839;42;4;57;freeFlow;1
2025-07-02T23:43:00+02:00;75840;41;4;25;freeFlow;1
2025-07-02T23:43:00+02:00;75845;50;2;60;freeFlow;1
2025-07-02T23:43:00+02:00;75846;51;6;60;freeFlow;1
2025-07-02T23:43:00+02:00;75847;26;23;66;heavy;2
2025-07-02T23:43:00+02:00;75848;50;5;0;unknown;0
2025-07-02T23:43:00+02:00;75849;50;5;0;unknown;0
2025-07-02T23:43:00+02:00;75850;50;4;0;unknown;0
2025-07-02T23:43:00+02:00;75851;50;4;0;unknown;0
2025-07-02T23:43:00+02:00;75853;70;1;0;unknown;0
2025-07-02T23:43:00+02:00;75854;70;3;0;unknown;0
2025-07-02T23:43:00+02:00;75856;44;3;40;heavy;1
2025-07-02T23:43:00+02:00;75897;54;17;55;heavy;1
2025-07-02T23:43:00+02:00;9128;81;34;60;freeFlow;1
2025-07-02T23:43:00+02:00;9130;70;11;0;unknown;0
2025-07-02T23:43:00+02:00;9131;101;7;75;freeFlow;2
2025-07-02T23:43:00+02:00;9132;98;21;75;freeFlow;2
2025-07-02T23:43:00+02:00;9146;107;3;57;freeFlow;1
2025-07-02T23:43:00+02:00;9178;65;18;55;freeFlow;1
2025-07-02T23:43:00+02:00;9179;74;24;60;freeFlow;1
2025-07-02T23:43:00+02:00;9180;92;20;75;freeFlow;2
2025-07-02T23:43:00+02:00;9181;70;14;0;unknown;0
2025-07-02T23:43:00+02:00;9182;56;4;55;freeFlow;1
2025-07-02T23:43:00+02:00;9183;56;8;55;freeFlow;1
2025-07-02T23:43:00+02:00;9184;90;7;0;unknown;0
2025-07-02T23:43:00+02:00;9245;99;72;58;freeFlow;2
2025-07-02T23:43:00+02:00;9246;110;108;69;freeFlow;2
2025-07-02T23:43:00+02:00;9380_D;40;46;35;heavy;1
2025-07-02T23:43:00+02:00;9380_G;80;23;0;unknown;0
2025-07-02T23:43:00+02:00;9389;40;2;35;heavy;1
2025-07-02T23:43:00+02:00;9390;80;1;0;unknown;0
2025-07-02T23:43:00+02:00;9391;80;1;0;unknown;0
2025-07-02T23:43:00+02:00;9392;40;2;35;heavy;1
2025-07-02T23:43:00+02:00;1677832;50;6;0;unknown;0
2025-07-02T23:43:00+02:00;1679085_D;35;3;57;heavy;1
2025-07-02T23:43:00+02:00;1679085_G;34;3;55;heavy;1
2025-07-02T23:43:00+02:00;1679794;30;2;55;heavy;1
2025-07-02T23:43:00+02:00;1679795_G;30;2;55;heavy;1
2025-07-02T23:43:00+02:00;1679796;30;1;55;heavy;1
2025-07-02T23:43:00+02:00;1679797_D;50;6;0;unknown;0
2025-07-02T23:43:00+02:00;1679797_G;50;6;0;unknown;0
2025-07-02T23:43:00+02:00;1679798;30;2;55;heavy;1
2025-07-02T23:43:00+02:00;1679800;44;2;57;freeFlow;1
2025-07-02T23:43:00+02:00;1680335;27;11;45;heavy;1
2025-07-02T23:43:00+02:00;1680340;50;2;0;unknown;0
2025-07-02T23:43:00+02:00;213972_D;50;6;0;unknown;0
2025-07-02T23:43:00+02:00;213972_G;50;5;0;unknown;0
2025-07-02T23:43:00+02:00;213973_D;50;8;0;unknown;0
2025-07-02T23:43:00+02:00;213973_G;50;8;0;unknown;0
2025-07-02T23:43:00+02:00;213974_D;50;4;0;unknown;0
2025-07-02T23:43:00+02:00;213974_G;50;4;0;unknown;0
2025-07-02T23:43:00+02:00;26521;90;60;0;unknown;0
2025-07-02T23:43:00+02:00;26522;110;30;60;freeFlow;1
2025-07-02T23:43:00+02:00;31304_G;50;22;0;unknown;0
2025-07-02T23:43:00+02:00;31328;91;10;55;freeFlow;1
2025-07-02T23:43:00+02:00;31441;70;49;0;unknown;0
2025-07-02T23:43:00+02:00;31535;123;6;60;freeFlow;1
2025-07-02T23:43:00+02:00;31552;90;8;0;unknown;0
2025-07-02T23:43:00+02:00;31555;85;10;70;freeFlow;2
2025-07-02T23:43:00+02:00;43014_D;54;4;42;freeFlow;1
2025-07-02T23:43:00+02:00;43014_G;45;4;60;freeFlow;1
2025-07-02T23:43:00+02:00;43105_D;50;5;0;unknown;0
2025-07-02T23:43:00+02:00;43105_G;50;5;0;unknown;0
2025-07-02T23:43:00+02:00;43118_D;37;15;40;freeFlow;1
2025-07-02T23:43:00+02:00;43118_G;46;12;60;freeFlow;1
2025-07-02T23:43:00+02:00;43124_D;37;10;40;freeFlow;1
2025-07-02T23:43:00+02:00;43124_G;45;8;60;freeFlow;1
2025-07-02T23:43:00+02:00;43125_D;20;13;40;heavy;1
2025-07-02T23:43:00+02:00;43125_G;45;6;60;freeFlow;1
2025-07-02T23:43:00+02:00;43126_D;28;18;42;freeFlow;1
2025-07-02T23:43:00+02:00;43126_G;45;11;73;freeFlow;2
2025-07-02T23:43:00+02:00;43147_D;23;12;40;freeFlow;1
2025-07-02T23:43:00+02:00;43147_G;45;6;60;freeFlow;1
2025-07-02T23:43:00+02:00;43336_D;50;6;0;unknown;0
2025-07-02T23:43:00+02:00;43336_G;50;6;0;unknown;0
2025-07-02T23:43:00+02:00;43337_D;50;8;0;unknown;0
2025-07-02T23:43:00+02:00;43337_G;50;8;0;unknown;0
2025-07-02T23:43:00+02:00;43338_D;50;4;0;unknown;0
2025-07-02T23:43:00+02:00;43338_G;50;4;0;unknown;0
2025-07-02T23:43:00+02:00;43339_D;50;5;0;unknown;0
2025-07-02T23:43:00+02:00;43339_G;50;5;0;unknown;0
2025-07-02T23:43:00+02:00;43340_D;50;1;0;unknown;0
2025-07-02T23:43:00+02:00;43340_G;50;1;0;unknown;0
2025-07-02T23:43:00+02:00;43341_D;50;4;0;unknown;0
2025-07-02T23:43:00+02:00;43341_G;50;4;0;unknown;0
2025-07-02T23:43:00+02:00;43342_D;50;2;0;unknown;0
2025-07-02T23:43:00+02:00;43342_G;50;2;0;unknown;0
2025-07-02T23:43:00+02:00;43343_D;50;7;0;unknown;0
2025-07-02T23:43:00+02:00;43343_G;50;7;0;unknown;0
2025-07-02T23:43:00+02:00;43345_D;30;10;0;unknown;0
2025-07-02T23:43:00+02:00;43345_G;30;10;0;unknown;0
2025-07-02T23:43:00+02:00;43347_D;30;5;0;unknown;0
2025-07-02T23:43:00+02:00;43347_G;30;5;0;unknown;0
2025-07-02T23:43:00+02:00;43352_D;30;16;0;unknown;0
2025-07-02T23:43:00+02:00;43353_D;30;10;0;unknown;0
2025-07-02T23:43:00+02:00;43353_G;30;10;0;unknown;0
2025-07-02T23:43:00+02:00;43377_D;30;16;0;unknown;0
2025-07-02T23:43:00+02:00;43377_G;30;16;0;unknown;0
2025-07-02T23:43:00+02:00;43379_D;30;7;0;unknown;0
2025-07-02T23:43:00+02:00;43379_G;30;7;0;unknown;0
2025-07-02T23:43:00+02:00;43413_D;30;6;0;unknown;0
2025-07-02T23:43:00+02:00;43413_G;30;6;0;unknown;0
2025-07-02T23:43:00+02:00;43474_D;37;4;57;freeFlow;1
2025-07-02T23:43:00+02:00;43474_G;35;4;55;heavy;1
2025-07-02T23:43:00+02:00;43615_D;37;2;57;freeFlow;1
2025-07-02T23:43:00+02:00;43615_G;34;2;55;freeFlow;1
2025-07-02T23:43:00+02:00;43743_D;50;25;0;unknown;0
2025-07-02T23:43:00+02:00;43746;7;30;57;congested;2
2025-07-02T23:43:00+02:00;43747;32;13;55;freeFlow;2
2025-07-02T23:43:00+02:00;43751;22;27;25;freeFlow;1
2025-07-02T23:43:00+02:00;43774_D;37;5;40;freeFlow;1
2025-07-02T23:43:00+02:00;43774_G;54;4;60;freeFlow;1
2025-07-02T23:43:00+02:00;43775_D;37;11;40;freeFlow;1
2025-07-02T23:43:00+02:00;43775_G;50;8;0;unknown;0
2025-07-02T23:43:00+02:00;43826_D;37;7;40;freeFlow;1
2025-07-02T23:43:00+02:00;43826_G;50;5;0;unknown;0
2025-07-02T23:43:00+02:00;43971;50;13;0;unknown;0
2025-07-02T23:43:00+02:00;43973;50;5;0;unknown;0
2025-07-02T23:43:00+02:00;44003_G;50;8;0;unknown;0
2025-07-02T23:43:00+02:00;44004_D;46;24;60;freeFlow;1
2025-07-02T23:43:00+02:00;44004_G;50;22;0;unknown;0
2025-07-02T23:43:00+02:00;44017_G;39;4;55;freeFlow;1
2025-07-02T23:43:00+02:00;44018_G;43;14;55;freeFlow;1
2025-07-02T23:43:00+02:00;44037_D;34;5;57;heavy;1
2025-07-02T23:43:00+02:00;44037_G;35;5;55;heavy;1
2025-07-02T23:43:00+02:00;44851_D;50;11;0;unknown;0
2025-07-02T23:43:00+02:00;44851_G;19;28;68;heavy;2
2025-07-02T23:43:00+02:00;44852_D;50;9;0;unknown;0
2025-07-02T23:43:00+02:00;44852_G;40;12;68;freeFlow;2
2025-07-02T23:43:00+02:00;44854_D;50;1;0;unknown;0
2025-07-02T23:43:00+02:00;44854_G;25;3;68;heavy;2
2025-07-02T23:43:00+02:00;44855_D;50;7;0;unknown;0
2025-07-02T23:43:00+02:00;44855_G;50;7;0;unknown;0
2025-07-02T23:43:00+02:00;44879;64;21;40;freeFlow;1
2025-07-02T23:43:00+02:00;44897_D;50;5;0;unknown;0
2025-07-02T23:43:00+02:00;44897_G;50;5;0;unknown;0
2025-07-02T23:43:00+02:00;44901;70;22;0;unknown;0
2025-07-02T23:43:00+02:00;44939;55;75;65;heavy;2
2025-07-02T23:43:00+02:00;45135_D;50;1;0;unknown;0
2025-07-02T23:43:00+02:00;45135_G;50;1;0;unknown;0
2025-07-02T23:43:00+02:00;45136_G;50;16;0;unknown;0
2025-07-02T23:43:00+02:00;45137_D;50;2;0;unknown;0
2025-07-02T23:43:00+02:00;45137_G;50;1;0;unknown;0
2025-07-02T23:43:00+02:00;45146;24;17;60;heavy;1
2025-07-02T23:43:00+02:00;45147_D;54;1;42;freeFlow;1
2025-07-02T23:43:00+02:00;45147_G;37;1;60;freeFlow;1
2025-07-02T23:43:00+02:00;45153;31;13;60;heavy;1
2025-07-02T23:43:00+02:00;45155;26;30;60;heavy;1
2025-07-02T23:43:00+02:00;45213;50;9;0;unknown;0
2025-07-02T23:43:00+02:00;45214;36;7;60;freeFlow;1
2025-07-02T23:43:00+02:00;45232;41;41;59;freeFlow;1
2025-07-02T23:43:00+02:00;45233;79;2;57;freeFlow;1
2025-07-02T23:43:00+02:00;45236_D;50;13;0;unknown;0
2025-07-02T23:43:00+02:00;45242;90;13;0;unknown;0
2025-07-02T23:43:00+02:00;45246;101;25;60;freeFlow;1
2025-07-02T23:43:00+02:00;45247;54;18;57;freeFlow;1
2025-07-02T23:43:00+02:00;47742_G;34;6;55;heavy;1
2025-07-02T23:43:00+02:00;47744;17;120;60;heavy;1
2025-07-02T23:43:00+02:00;48725;50;2;0;unknown;0
2025-07-02T23:43:00+02:00;48736;50;1;0;unknown;0
2025-07-02T23:43:00+02:00;48738;50;1;0;unknown;0
2025-07-02T23:43:00+02:00;48746;50;7;0;unknown;0
2025-07-02T23:43:00+02:00;48751;50;1;0;unknown;0
2025-07-02T23:43:00+02:00;48752;50;1;0;unknown;0
2025-07-02T23:43:00+02:00;48753;50;2;0;unknown;0
2025-07-02T23:43:00+02:00;48754;50;1;0;unknown;0
2025-07-02T23:43:00+02:00;48764;50;1;0;unknown;0
2025-07-02T23:43:00+02:00;48765;50;5;0;unknown;0
2025-07-02T23:43:00+02:00;48796;5;104;20;congested;1
2025-07-02T23:43:00+02:00;48915_D;50;2;0;unknown;0
2025-07-02T23:43:00+02:00;48915_G;50;2;0;unknown;0
2025-07-02T23:43:00+02:00;48916;4;41;48;congested;1
2025-07-02T23:43:00+02:00;48953_D;50;23;0;unknown;0
2025-07-02T23:43:00+02:00;48953_G;50;23;0;unknown;0
2025-07-02T23:43:00+02:00;48993_D;50;7;0;unknown;0
2025-07-02T23:43:00+02:00;48993_G;50;7;0;unknown;0
2025-07-02T23:43:00+02:00;49042_D;50;1;0;unknown;0
2025-07-02T23:43:00+02:00;49042_G;50;1;0;unknown;0
2025-07-02T23:43:00+02:00;50035_D;34;3;57;heavy;1
2025-07-02T23:43:00+02:00;50035_G;35;2;55;heavy;1
2025-07-02T23:43:00+02:00;50087;31;9;45;heavy;1
2025-07-02T23:43:00+02:00;50107_D;50;11;0;unknown;0
2025-07-02T23:43:00+02:00;50107_G;50;11;0;unknown;0
2025-07-02T23:43:00+02:00;52835_G;37;4;60;freeFlow;1
2025-07-02T23:43:00+02:00;52850_D;54;3;42;freeFlow;1
2025-07-02T23:43:00+02:00;52850_G;38;4;60;freeFlow;1
2025-07-02T23:43:00+02:00;52878;34;4;55;freeFlow;1
2025-07-02T23:43:00+02:00;53020_G;39;2;55;freeFlow;1
2025-07-02T23:43:00+02:00;53130_D;50;5;0;unknown;0
2025-07-02T23:43:00+02:00;53130_G;50;5;0;unknown;0
2025-07-02T23:43:00+02:00;53375_D;30;3;0;unknown;0
2025-07-02T23:43:00+02:00;53375_G;30;3;0;unknown;0
2025-07-02T23:43:00+02:00;53427;90;48;0;unknown;0
2025-07-02T23:43:00+02:00;53988;31;8;57;heavy;1
2025-07-02T23:43:00+02:00;53989;50;2;0;unknown;0
2025-07-02T23:43:00+02:00;53992_D;50;8;0;unknown;0
2025-07-02T23:43:00+02:00;53992_G;50;8;0;unknown;0
2025-07-02T23:43:00+02:00;53995;50;1;0;unknown;0
2025-07-02T23:43:00+02:00;53997;50;1;0;unknown;0
2025-07-02T23:43:00+02:00;53999;50;1;0;unknown;0
2025-07-02T23:43:00+02:00;54130;50;31;0;unknown;0
2025-07-02T23:43:00+02:00;54136;50;3;0;unknown;0
2025-07-02T23:43:00+02:00;54219;46;12;0;unknown;0
2025-07-02T23:43:00+02:00;54222;50;12;0;unknown;0
2025-07-02T23:43:00+02:00;54235;50;10;0;unknown;0
2025-07-02T23:43:00+02:00;54300;50;8;0;unknown;0
2025-07-02T23:43:00+02:00;54304_D;50;4;0;unknown;0
2025-07-02T23:43:00+02:00;54304_G;50;4;0;unknown;0
2025-07-02T23:43:00+02:00;54309;20;44;0;unknown;0
2025-07-02T23:43:00+02:00;54345;50;3;0;unknown;0
2025-07-02T23:43:00+02:00;54352;50;7;0;unknown;0
2025-07-02T23:43:00+02:00;54353;50;3;0;unknown;0
2025-07-02T23:43:00+02:00;54356;56;15;60;freeFlow;1
2025-07-02T23:43:00+02:00;54357;56;5;60;freeFlow;1
2025-07-02T23:43:00+02:00;54370;50;4;0;unknown;0
2025-07-02T23:43:00+02:00;54373;50;4;0;unknown;0
2025-07-02T23:43:00+02:00;54374;50;4;0;unknown;0
2025-07-02T23:43:00+02:00;54377;30;36;0;unknown;0
2025-07-02T23:43:00+02:00;54396;54;5;42;freeFlow;1
2025-07-02T23:43:00+02:00;54397;53;11;42;freeFlow;1
2025-07-02T23:43:00+02:00;54468;44;3;60;freeFlow;1
2025-07-02T23:43:00+02:00;54470;49;5;42;freeFlow;1
2025-07-02T23:43:00+02:00;56022;50;3;0;unknown;0
2025-07-02T23:43:00+02:00;56598;50;1;0;unknown;0
2025-07-02T23:43:00+02:00;56676_D;25;9;60;heavy;1
2025-07-02T23:43:00+02:00;56868;50;4;0;unknown;0
2025-07-02T23:43:00+02:00;56869;37;4;60;freeFlow;1
2025-07-02T23:43:00+02:00;56894;36;6;60;freeFlow;1
2025-07-02T23:43:00+02:00;56895;27;43;60;heavy;1
2025-07-02T23:43:00+02:00;56896;50;3;0;unknown;0
2025-07-02T23:43:00+02:00;56901;70;31;0;unknown;0
2025-07-02T23:43:00+02:00;60284;50;24;0;unknown;0
2025-07-02T23:43:00+02:00;63409_D;50;2;0;unknown;0
2025-07-02T23:43:00+02:00;63409_G;50;2;0;unknown;0
2025-07-02T23:43:00+02:00;66896;50;6;0;unknown;0
2025-07-02T23:43:00+02:00;69440;50;5;0;unknown;0
2025-07-02T23:43:00+02:00;69442;50;8;0;unknown;0
2025-07-02T23:43:00+02:00;75868;90;8;0;unknown;0
2025-07-02T23:43:00+02:00;75908;24;43;60;heavy;1
2025-07-02T23:43:00+02:00;75909;10;102;0;unknown;0
2025-07-02T23:43:00+02:00;44943;31;20;0;unknown;0
2025-07-02T23:43:00+02:00;47063;50;12;0;unknown;0
2025-07-02T23:43:00+02:00;71455_G;50;3;0;unknown;0
2025-07-02T23:43:00+02:00;75831;54;17;57;freeFlow;1