datetime;predefinedLocationReference;averageVehicleSpeed;travelTime;travelTimeReliability;trafficStatus;vehicleProbeMeasurement
2025-07-02T09:43:00+02:00;10273_D;55;13;75;freeFlow;2
2025-07-02T09:43:00+02:00;10273_G;75;10;57;freeFlow;3
2025-07-02T09:43:00+02:00;10274_D;37;18;75;heavy;2
2025-07-02T09:43:00+02:00;10274_G;78;8;60;freeFlow;1
2025-07-02T09:43:00+02:00;10275_D;55;18;75;freeFlow;2
2025-07-02T09:43:00+02:00;10275_G;52;19;60;freeFlow;1
2025-07-02T09:43:00+02:00;10277_D;65;24;75;freeFlow;2
2025-07-02T09:43:00+02:00;10277_G;32;49;58;heavy;1
2025-07-02T09:43:00+02:00;10279_D;62;16;75;freeFlow;2
2025-07-02T09:43:00+02:00;10279_G;50;20;74;freeFlow;2
2025-07-02T09:43:00+02:00;10281_D;57;25;75;freeFlow;2
2025-07-02T09:43:00+02:00;10281_G;32;43;74;heavy;2
2025-07-02T09:43:00+02:00;10315_D;46;12;75;heavy;2
2025-07-02T09:43:00+02:00;10315_G;71;8;60;freeFlow;1
2025-07-02T09:43:00+02:00;11579_D;80;3;0;unknown;0
2025-07-02T09:43:00+02:00;11579_G;80;3;0;unknown;0
2025-07-02T09:43:00+02:00;11652;84;16;100;freeFlow;3
2025-07-02T09:43:00+02:00;11654;92;1;100;freeFlow;3
2025-07-02T09:43:00+02:00;11777_D;6;14;74;congested;2
2025-07-02T09:43:00+02:00;11777_G;18;3;100;congested;3
2025-07-02T09:43:00+02:00;11781_D;30;3;0;unknown;0
2025-07-02T09:43:00+02:00;11781_G;46;2;60;freeFlow;1
2025-07-02T09:43:00+02:00;11784_D;30;2;0;unknown;0
2025-07-02T09:43:00+02:00;11784_G;47;1;60;freeFlow;1
2025-07-02T09:43:00+02:00;11785_D;9;5;0;unknown;0
2025-07-02T09:43:00+02:00;11785_G;30;1;0;unknown;0
2025-07-02T09:43:00+02:00;12060_D;59;12;75;freeFlow;2
2025-07-02T09:43:00+02:00;12060_G;71;10;60;freeFlow;1
2025-07-02T09:43:00+02:00;1242_D;63;2;60;freeFlow;1
2025-07-02T09:43:00+02:00;1242_G;27;5;75;heavy;2
2025-07-02T09:43:00+02:00;1285_D;34;2;60;heavy;1
2025-07-02T09:43:00+02:00;1285_G;39;1;60;heavy;1
2025-07-02T09:43:00+02:00;13514;28;7;60;heavy;1
2025-07-02T09:43:00+02:00;13515;22;6;96;congested;3
2025-07-02T09:43:00+02:00;13516;21;5;55;congested;1
2025-07-02T09:43:00+02:00;13549_D;51;7;60;heavy;1
2025-07-02T09:43:00+02:00;13549_G;75;5;60;freeFlow;1
2025-07-02T09:43:00+02:00;13557_D;41;9;60;heavy;1
2025-07-02T09:43:00+02:00;13557_G;42;9;60;heavy;1
2025-07-02T09:43:00+02:00;14364;114;18;100;freeFlow;3
2025-07-02T09:43:00+02:00;14365;100;20;100;freeFlow;4
2025-07-02T09:43:00+02:00;15029_D;44;56;100;heavy;3
2025-07-02T09:43:00+02:00;15029_G;64;38;60;freeFlow;1
2025-07-02T09:43:00+02:00;15062;35;4;60;heavy;1
2025-07-02T09:43:00+02:00;15063;35;4;100;heavy;3
2025-07-02T09:43:00+02:00;15064;16;9;100;congested;3
2025-07-02T09:43:00+02:00;15065;35;5;60;heavy;1
2025-07-02T09:43:00+02:00;15066;34;4;97;heavy;3
2025-07-02T09:43:00+02:00;15067_D;71;60;60;freeFlow;1
2025-07-02T09:43:00+02:00;15067_G;55;77;88;heavy;3
2025-07-02T09:43:00+02:00;15104_D;71;56;60;freeFlow;1
2025-07-02T09:43:00+02:00;15104_G;68;58;67;freeFlow;2
2025-07-02T09:43:00+02:00;15111;106;3;100;freeFlow;4
2025-07-02T09:43:00+02:00;15113;29;6;99;heavy;3
2025-07-02T09:43:00+02:00;15114;33;5;75;heavy;2
2025-07-02T09:43:00+02:00;15117;40;4;75;heavy;2
2025-07-02T09:43:00+02:00;15118;34;3;75;heavy;2
2025-07-02T09:43:00+02:00;15119;31;6;75;heavy;2
2025-07-02T09:43:00+02:00;15120;31;6;60;heavy;1
2025-07-02T09:43:00+02:00;15121;37;3;75;heavy;2
2025-07-02T09:43:00+02:00;15122;41;4;57;heavy;1
2025-07-02T09:43:00+02:00;15124_D;41;21;75;heavy;2
2025-07-02T09:43:00+02:00;15124_G;20;41;73;congested;2
2025-07-02T09:43:00+02:00;15549_D;34;1;50;heavy;1
2025-07-02T09:43:00+02:00;15549_G;33;1;22;heavy;1
2025-07-02T09:43:00+02:00;15550;81;0;100;freeFlow;3
2025-07-02T09:43:00+02:00;15551;24;473;100;congested;8
2025-07-02T09:43:00+02:00;1601768;17;23;75;heavy;2
2025-07-02T09:43:00+02:00;1601771;34;7;75;heavy;2
2025-07-02T09:43:00+02:00;1601787;35;2;50;freeFlow;1
2025-07-02T09:43:00+02:00;1601792;45;1;50;freeFlow;1
2025-07-02T09:43:00+02:00;1601794_D;7;19;22;congested;1
2025-07-02T09:43:00+02:00;1601794_G;30;3;0;unknown;0
2025-07-02T09:43:00+02:00;1601795;40;12;60;freeFlow;2
2025-07-02T09:43:00+02:00;1601797;49;11;50;freeFlow;1
2025-07-02T09:43:00+02:00;1601798;42;3;50;freeFlow;1
2025-07-02T09:43:00+02:00;1601799;37;2;50;freeFlow;1
2025-07-02T09:43:00+02:00;1601807;37;3;100;freeFlow;4
2025-07-02T09:43:00+02:00;1601808;51;19;60;freeFlow;1
2025-07-02T09:43:00+02:00;1601810;65;15;57;freeFlow;1
2025-07-02T09:43:00+02:00;1601812;51;4;60;freeFlow;1
2025-07-02T09:43:00+02:00;1601813_D;69;18;60;freeFlow;1
2025-07-02T09:43:00+02:00;1601813_G;59;21;60;freeFlow;1
2025-07-02T09:43:00+02:00;1601814;27;7;73;heavy;2
2025-07-02T09:43:00+02:00;1601815;40;4;73;freeFlow;2
2025-07-02T09:43:00+02:00;1601819;36;2;100;freeFlow;3
2025-07-02T09:43:00+02:00;1601824;51;3;60;freeFlow;1
2025-07-02T09:43:00+02:00;1601898;79;19;100;freeFlow;4
2025-07-02T09:43:00+02:00;1601931_D;43;6;60;freeFlow;1
2025-07-02T09:43:00+02:00;1601931_G;50;5;0;unknown;0
2025-07-02T09:43:00+02:00;1602158_D;44;1;60;freeFlow;1
2025-07-02T09:43:00+02:00;1602158_G;37;1;30;freeFlow;1
2025-07-02T09:43:00+02:00;1602398;25;2;52;heavy;1
2025-07-02T09:43:00+02:00;1626;19;130;100;congested;7
2025-07-02T09:43:00+02:00;1627;60;3;75;freeFlow;2
2025-07-02T09:43:00+02:00;1628;31;4;65;heavy;2
2025-07-02T09:43:00+02:00;1629;32;4;100;heavy;7
2025-07-02T09:43:00+02:00;1630;25;4;100;heavy;7
2025-07-02T09:43:00+02:00;1631;24;4;60;heavy;1
2025-07-02T09:43:00+02:00;1632;73;26;73;freeFlow;2
2025-07-02T09:43:00+02:00;1633;79;10;57;freeFlow;1
2025-07-02T09:43:00+02:00;1639;27;11;100;heavy;5
2025-07-02T09:43:00+02:00;16647_D;79;58;65;freeFlow;2
2025-07-02T09:43:00+02:00;16647_G;70;65;65;freeFlow;2
2025-07-02T09:43:00+02:00;16648_D;84;9;100;freeFlow;3
2025-07-02T09:43:00+02:00;16648_G;87;8;100;freeFlow;3
2025-07-02T09:43:00+02:00;16695_D;68;42;60;freeFlow;1
2025-07-02T09:43:00+02:00;16695_G;58;49;60;freeFlow;1
2025-07-02T09:43:00+02:00;16701;39;3;25;freeFlow;1
2025-07-02T09:43:00+02:00;16702;32;3;60;heavy;1
2025-07-02T09:43:00+02:00;16707_D;42;1;45;freeFlow;1
2025-07-02T09:43:00+02:00;16707_G;39;1;25;freeFlow;1
2025-07-02T09:43:00+02:00;16744;32;4;100;heavy;3
2025-07-02T09:43:00+02:00;16745;31;4;100;heavy;3
2025-07-02T09:43:00+02:00;16746;28;4;100;heavy;3
2025-07-02T09:43:00+02:00;16747;32;6;100;heavy;4
2025-07-02T09:43:00+02:00;16748;39;3;100;heavy;3
2025-07-02T09:43:00+02:00;16749;37;4;100;heavy;3
2025-07-02T09:43:00+02:00;16752_D;42;10;60;heavy;1
2025-07-02T09:43:00+02:00;16752_G;23;18;53;congested;2
2025-07-02T09:43:00+02:00;1675_D;49;6;60;freeFlow;1
2025-07-02T09:43:00+02:00;1675_G;22;12;75;freeFlow;2
2025-07-02T09:43:00+02:00;1676;68;7;75;freeFlow;2
2025-07-02T09:43:00+02:00;16761;39;2;63;freeFlow;2
2025-07-02T09:43:00+02:00;16762;39;2;40;freeFlow;2
2025-07-02T09:43:00+02:00;1677;41;13;100;heavy;9
2025-07-02T09:43:00+02:00;1677109;23;69;100;heavy;3
2025-07-02T09:43:00+02:00;1677110;70;1;0;unknown;0
2025-07-02T09:43:00+02:00;1677175_D;13;107;30;heavy;1
2025-07-02T09:43:00+02:00;1677175_G;35;41;48;freeFlow;1
2025-07-02T09:43:00+02:00;1677180_D;16;2;25;heavy;1
2025-07-02T09:43:00+02:00;1677180_G;30;2;0;unknown;0
2025-07-02T09:43:00+02:00;1677184_D;11;67;25;heavy;1
2025-07-02T09:43:00+02:00;1677184_G;30;23;0;unknown;0
2025-07-02T09:43:00+02:00;1677551_D;30;2;0;unknown;0
2025-07-02T09:43:00+02:00;1677551_G;30;2;0;unknown;0
2025-07-02T09:43:00+02:00;1677568_D;50;29;0;unknown;0
2025-07-02T09:43:00+02:00;1677568_G;108;14;12;freeFlow;1
2025-07-02T09:43:00+02:00;1677569;36;3;50;freeFlow;1
2025-07-02T09:43:00+02:00;1677687;50;1;0;unknown;0
2025-07-02T09:43:00+02:00;1677691;50;1;0;unknown;0
2025-07-02T09:43:00+02:00;1677693;108;1;12;freeFlow;1
2025-07-02T09:43:00+02:00;1677695_D;50;14;0;unknown;0
2025-07-02T09:43:00+02:00;1677695_G;108;6;12;freeFlow;1
2025-07-02T09:43:00+02:00;1677709_D;50;3;0;unknown;0
2025-07-02T09:43:00+02:00;1677709_G;108;2;12;freeFlow;1
2025-07-02T09:43:00+02:00;1677716_D;50;3;0;unknown;0
2025-07-02T09:43:00+02:00;1677716_G;108;1;12;freeFlow;1
2025-07-02T09:43:00+02:00;1677730_D;36;31;55;freeFlow;1
2025-07-02T09:43:00+02:00;1677730_G;50;22;0;unknown;0
2025-07-02T09:43:00+02:00;1677735_D;50;1;0;unknown;0
2025-07-02T09:43:00+02:00;1677735_G;108;0;12;freeFlow;1
2025-07-02T09:43:00+02:00;1677745_D;50;2;0;unknown;0
2025-07-02T09:43:00+02:00;1677745_G;34;2;15;heavy;1
2025-07-02T09:43:00+02:00;1677785_D;30;9;0;unknown;0
2025-07-02T09:43:00+02:00;1677785_G;34;8;15;freeFlow;1
2025-07-02T09:43:00+02:00;1677801_D;50;6;0;unknown;0
2025-07-02T09:43:00+02:00;1677801_G;29;10;15;heavy;1
2025-07-02T09:43:00+02:00;1677808_D;50;13;0;unknown;0
2025-07-02T09:43:00+02:00;1677808_G;37;18;15;freeFlow;1
2025-07-02T09:43:00+02:00;16783;21;5;22;heavy;1
2025-07-02T09:43:00+02:00;16784;21;4;22;heavy;1
2025-07-02T09:43:00+02:00;16785;34;2;50;heavy;1
2025-07-02T09:43:00+02:00;1678542;89;23;100;freeFlow;3
2025-07-02T09:43:00+02:00;1678698_D;23;34;48;heavy;2
2025-07-02T09:43:00+02:00;1678698_G;50;16;0;unknown;0
2025-07-02T09:43:00+02:00;1678750;108;1;12;freeFlow;1
2025-07-02T09:43:00+02:00;1678763_D;14;13;0;unknown;0
2025-07-02T09:43:00+02:00;1678763_G;50;4;0;unknown;0
2025-07-02T09:43:00+02:00;1679092_D;25;9;75;heavy;2
2025-07-02T09:43:00+02:00;1679092_G;19;11;75;heavy;2
2025-07-02T09:43:00+02:00;1679681;56;14;60;heavy;1
2025-07-02T09:43:00+02:00;1679779;35;9;100;freeFlow;3
2025-07-02T09:43:00+02:00;1679795_D;30;2;60;heavy;1
2025-07-02T09:43:00+02:00;1679822;7;10;52;congested;1
2025-07-02T09:43:00+02:00;1679825;24;3;100;heavy;3
2025-07-02T09:43:00+02:00;1679841;8;128;58;congested;1
2025-07-02T09:43:00+02:00;1679843;11;4;60;congested;1
2025-07-02T09:43:00+02:00;1679845;7;6;52;congested;1
2025-07-02T09:43:00+02:00;1679847;30;2;100;heavy;3
2025-07-02T09:43:00+02:00;1679859_D;30;16;0;unknown;0
2025-07-02T09:43:00+02:00;1679859_G;30;16;0;unknown;0
2025-07-02T09:43:00+02:00;1680014;92;5;100;freeFlow;8
2025-07-02T09:43:00+02:00;1680016;87;14;100;freeFlow;6
2025-07-02T09:43:00+02:00;1680022;90;5;100;freeFlow;7
2025-07-02T09:43:00+02:00;1680024;80;10;100;freeFlow;8
2025-07-02T09:43:00+02:00;1680116;72;2;60;freeFlow;1
2025-07-02T09:43:00+02:00;1680119;72;3;60;freeFlow;1
2025-07-02T09:43:00+02:00;1680121;44;3;75;heavy;2
2025-07-02T09:43:00+02:00;1680122_D;70;26;60;freeFlow;1
2025-07-02T09:43:00+02:00;1680122_G;53;35;75;heavy;2
2025-07-02T09:43:00+02:00;1680123;50;3;60;heavy;1
2025-07-02T09:43:00+02:00;1680337;14;16;60;congested;1
2025-07-02T09:43:00+02:00;1680401_D;66;18;75;freeFlow;2
2025-07-02T09:43:00+02:00;1680401_G;70;18;0;unknown;0
2025-07-02T09:43:00+02:00;1680514_D;34;13;42;heavy;1
2025-07-02T09:43:00+02:00;1680514_G;35;13;32;freeFlow;1
2025-07-02T09:43:00+02:00;1680539;57;1;100;heavy;4
2025-07-02T09:43:00+02:00;1680541_D;27;15;60;freeFlow;1
2025-07-02T09:43:00+02:00;1680541_G;25;16;60;freeFlow;1
2025-07-02T09:43:00+02:00;1680549_D;37;17;57;freeFlow;2
2025-07-02T09:43:00+02:00;1680549_G;43;15;70;freeFlow;2
2025-07-02T09:43:00+02:00;1680551_D;25;1;60;freeFlow;1
2025-07-02T09:43:00+02:00;1680551_G;24;2;60;freeFlow;1
2025-07-02T09:43:00+02:00;1680557_D;28;1;12;heavy;1
2025-07-02T09:43:00+02:00;1680557_G;31;1;60;heavy;1
2025-07-02T09:43:00+02:00;1680561_D;21;2;42;heavy;1
2025-07-02T09:43:00+02:00;1680561_G;30;1;30;heavy;1
2025-07-02T09:43:00+02:00;1680567;24;3;60;heavy;1
2025-07-02T09:43:00+02:00;1680569;27;5;75;heavy;2
2025-07-02T09:43:00+02:00;1680573;25;3;80;heavy;3
2025-07-02T09:43:00+02:00;1680574;43;3;75;freeFlow;2
2025-07-02T09:43:00+02:00;1680575;29;11;72;heavy;2
2025-07-02T09:43:00+02:00;1680576;24;4;60;heavy;1
2025-07-02T09:43:00+02:00;16821_D;52;128;100;heavy;4
2025-07-02T09:43:00+02:00;16821_G;75;88;75;freeFlow;2
2025-07-02T09:43:00+02:00;16830_D;50;16;0;unknown;0
2025-07-02T09:43:00+02:00;16830_G;127;6;60;freeFlow;1
2025-07-02T09:43:00+02:00;16831_D;50;2;0;unknown;0
2025-07-02T09:43:00+02:00;16831_G;127;1;60;freeFlow;1
2025-07-02T09:43:00+02:00;16832;50;3;0;unknown;0
2025-07-02T09:43:00+02:00;16834;127;6;60;freeFlow;1
2025-07-02T09:43:00+02:00;16850_D;50;1;0;unknown;0
2025-07-02T09:43:00+02:00;16850_G;50;1;0;unknown;0
2025-07-02T09:43:00+02:00;16851_D;4;35;0;unknown;0
2025-07-02T09:43:00+02:00;16851_G;50;2;0;unknown;0
2025-07-02T09:43:00+02:00;16852_D;50;5;0;unknown;0
2025-07-02T09:43:00+02:00;16852_G;50;5;0;unknown;0
2025-07-02T09:43:00+02:00;16853_D;50;7;0;unknown;0
2025-07-02T09:43:00+02:00;16853_G;50;7;0;unknown;0
2025-07-02T09:43:00+02:00;16854_D;50;4;0;unknown;0
2025-07-02T09:43:00+02:00;16854_G;50;4;0;unknown;0
2025-07-02T09:43:00+02:00;16855_D;50;4;0;unknown;0
2025-07-02T09:43:00+02:00;16855_G;50;4;0;unknown;0
2025-07-02T09:43:00+02:00;16856_D;27;13;17;heavy;1
2025-07-02T09:43:00+02:00;16856_G;20;17;0;unknown;0
2025-07-02T09:43:00+02:00;16858_D;50;30;0;unknown;0
2025-07-02T09:43:00+02:00;16858_G;55;27;60;freeFlow;1
2025-07-02T09:43:00+02:00;16859_D;50;3;0;unknown;0
2025-07-02T09:43:00+02:00;16859_G;127;1;60;freeFlow;1
2025-07-02T09:43:00+02:00;16860_D;50;7;0;unknown;0
2025-07-02T09:43:00+02:00;16860_G;127;3;60;freeFlow;1
2025-07-02T09:43:00+02:00;1690_D;27;10;60;heavy;1
2025-07-02T09:43:00+02:00;1690_G;58;5;60;freeFlow;1
2025-07-02T09:43:00+02:00;16910_D;34;9;50;heavy;1
2025-07-02T09:43:00+02:00;16910_G;50;6;0;unknown;0
2025-07-02T09:43:00+02:00;16967;38;14;100;heavy;3
2025-07-02T09:43:00+02:00;16969;21;2;100;congested;3
2025-07-02T09:43:00+02:00;16986;37;18;75;heavy;2
2025-07-02T09:43:00+02:00;16988;33;22;60;heavy;1
2025-07-02T09:43:00+02:00;16989;29;16;60;heavy;1
2025-07-02T09:43:00+02:00;16990;72;6;100;freeFlow;3
2025-07-02T09:43:00+02:00;16992;72;19;100;freeFlow;4
2025-07-02T09:43:00+02:00;16994;82;14;100;freeFlow;4
2025-07-02T09:43:00+02:00;17;44;5;100;heavy;5
2025-07-02T09:43:00+02:00;1721;32;4;100;heavy;3
2025-07-02T09:43:00+02:00;1722;38;4;75;freeFlow;2
2025-07-02T09:43:00+02:00;1723;27;6;75;heavy;2
2025-07-02T09:43:00+02:00;1724_D;59;9;60;freeFlow;1
2025-07-02T09:43:00+02:00;1724_G;38;14;75;heavy;2
2025-07-02T09:43:00+02:00;1732_D;51;1;100;freeFlow;3
2025-07-02T09:43:00+02:00;1732_G;31;3;100;heavy;3
2025-07-02T09:43:00+02:00;1733_D;61;1;100;freeFlow;3
2025-07-02T09:43:00+02:00;1733_G;24;2;100;heavy;3
2025-07-02T09:43:00+02:00;1734_D;55;6;60;freeFlow;1
2025-07-02T09:43:00+02:00;1734_G;27;14;60;heavy;1
2025-07-02T09:43:00+02:00;18337;34;3;50;heavy;1
2025-07-02T09:43:00+02:00;18391_D;59;4;75;freeFlow;2
2025-07-02T09:43:00+02:00;18391_G;77;3;60;freeFlow;1
2025-07-02T09:43:00+02:00;1853;82;29;100;freeFlow;4
2025-07-02T09:43:00+02:00;1855;90;5;100;freeFlow;5
2025-07-02T09:43:00+02:00;1856;82;10;100;freeFlow;5
2025-07-02T09:43:00+02:00;19040;62;1;100;freeFlow;4
2025-07-02T09:43:00+02:00;1910886;47;5;75;freeFlow;2
2025-07-02T09:43:00+02:00;1911185_D;52;22;60;freeFlow;1
2025-07-02T09:43:00+02:00;1911185_G;70;16;0;unknown;0
2025-07-02T09:43:00+02:00;1911398_D;30;2;0;unknown;0
2025-07-02T09:43:00+02:00;1911398_G;43;1;60;freeFlow;1
2025-07-02T09:43:00+02:00;1911404_D;31;3;60;freeFlow;1
2025-07-02T09:43:00+02:00;1911404_G;30;3;0;unknown;0
2025-07-02T09:43:00+02:00;1911418;54;5;100;freeFlow;4
2025-07-02T09:43:00+02:00;1911420;23;4;75;heavy;2
2025-07-02T09:43:00+02:00;1911448_D;70;27;0;unknown;0
2025-07-02T09:43:00+02:00;1911448_G;63;30;48;freeFlow;1
2025-07-02T09:43:00+02:00;1911623_D;43;4;60;freeFlow;1
2025-07-02T09:43:00+02:00;1911623_G;30;6;0;unknown;0
2025-07-02T09:43:00+02:00;19628;49;6;100;heavy;4
2025-07-02T09:43:00+02:00;19629;104;1;50;freeFlow;1
2025-07-02T09:43:00+02:00;19630;42;5;60;heavy;1
2025-07-02T09:43:00+02:00;19631;43;2;60;heavy;1
2025-07-02T09:43:00+02:00;19632;107;1;75;freeFlow;2
2025-07-02T09:43:00+02:00;19633;24;7;75;heavy;2
2025-07-02T09:43:00+02:00;19634;20;5;52;congested;1
2025-07-02T09:43:00+02:00;19635;34;4;100;heavy;4
2025-07-02T09:43:00+02:00;19636;40;4;100;heavy;4
2025-07-02T09:43:00+02:00;19637;70;1;0;unknown;0
2025-07-02T09:43:00+02:00;19638;37;4;75;heavy;2
2025-07-02T09:43:00+02:00;19639;25;6;100;heavy;3
2025-07-02T09:43:00+02:00;19640;28;5;100;heavy;3
2025-07-02T09:43:00+02:00;19642;27;5;100;heavy;5
2025-07-02T09:43:00+02:00;19643;23;3;100;heavy;6
2025-07-02T09:43:00+02:00;19644;27;3;100;heavy;3
2025-07-02T09:43:00+02:00;19683;100;20;100;freeFlow;8
2025-07-02T09:43:00+02:00;19684;90;53;100;freeFlow;9
2025-07-02T09:43:00+02:00;19685;94;56;100;freeFlow;17
2025-07-02T09:43:00+02:00;19686;87;19;100;freeFlow;16
2025-07-02T09:43:00+02:00;198;63;72;100;freeFlow;4
2025-07-02T09:43:00+02:00;19825_D;67;48;100;freeFlow;4
2025-07-02T09:43:00+02:00;19825_G;71;46;68;freeFlow;2
2025-07-02T09:43:00+02:00;19828;30;4;72;heavy;2
2025-07-02T09:43:00+02:00;19830;38;3;60;freeFlow;1
2025-07-02T09:43:00+02:00;19832;29;5;100;heavy;4
2025-07-02T09:43:00+02:00;19833;38;3;100;freeFlow;4
2025-07-02T09:43:00+02:00;19841_D;46;32;100;heavy;3
2025-07-02T09:43:00+02:00;19841_G;78;19;75;freeFlow;2
2025-07-02T09:43:00+02:00;19842_D;44;9;75;heavy;2
2025-07-02T09:43:00+02:00;19842_G;75;5;75;freeFlow;2
2025-07-02T09:43:00+02:00;20525;36;5;60;heavy;1
2025-07-02T09:43:00+02:00;20526;16;9;60;congested;1
2025-07-02T09:43:00+02:00;20527;53;3;75;heavy;2
2025-07-02T09:43:00+02:00;20528;53;2;75;heavy;2
2025-07-02T09:43:00+02:00;20590_D;76;107;40;freeFlow;2
2025-07-02T09:43:00+02:00;20590_G;74;110;75;freeFlow;2
2025-07-02T09:43:00+02:00;20760_D;73;21;60;freeFlow;1
2025-07-02T09:43:00+02:00;20760_G;55;27;75;freeFlow;2
2025-07-02T09:43:00+02:00;2216_D;39;79;60;heavy;1
2025-07-02T09:43:00+02:00;2216_G;80;38;0;unknown;0
2025-07-02T09:43:00+02:00;2218_D;49;45;60;heavy;1
2025-07-02T09:43:00+02:00;2218_G;80;27;0;unknown;0
2025-07-02T09:43:00+02:00;23984_D;32;2;75;heavy;2
2025-07-02T09:43:00+02:00;23984_G;34;2;42;heavy;1
2025-07-02T09:43:00+02:00;24143_D;40;10;100;heavy;3
2025-07-02T09:43:00+02:00;24143_G;24;17;54;congested;2
2025-07-02T09:43:00+02:00;24147_D;58;66;88;freeFlow;3
2025-07-02T09:43:00+02:00;24147_G;55;70;44;heavy;1
2025-07-02T09:43:00+02:00;24148;30;4;75;heavy;2
2025-07-02T09:43:00+02:00;24149;34;4;42;heavy;1
2025-07-02T09:43:00+02:00;24150;29;5;100;heavy;3
2025-07-02T09:43:00+02:00;24151;34;4;42;heavy;1
2025-07-02T09:43:00+02:00;24153_D;46;20;100;heavy;3
2025-07-02T09:43:00+02:00;24153_G;56;16;27;freeFlow;1
2025-07-02T09:43:00+02:00;24176;67;24;100;freeFlow;8
2025-07-02T09:43:00+02:00;24178;67;16;100;freeFlow;9
2025-07-02T09:43:00+02:00;24179;71;27;100;freeFlow;7
2025-07-02T09:43:00+02:00;24181_D;43;4;75;freeFlow;2
2025-07-02T09:43:00+02:00;24181_G;41;4;100;freeFlow;4
2025-07-02T09:43:00+02:00;24182;74;16;100;freeFlow;7
2025-07-02T09:43:00+02:00;24184_D;43;13;75;freeFlow;2
2025-07-02T09:43:00+02:00;24184_G;42;14;100;freeFlow;5
2025-07-02T09:43:00+02:00;24259;32;4;75;heavy;2
2025-07-02T09:43:00+02:00;24260;27;6;100;heavy;4
2025-07-02T09:43:00+02:00;24261;27;5;100;heavy;5
2025-07-02T09:43:00+02:00;24262;38;5;75;freeFlow;2
2025-07-02T09:43:00+02:00;24264_D;24;2;45;heavy;1
2025-07-02T09:43:00+02:00;24264_G;29;2;100;heavy;3
2025-07-02T09:43:00+02:00;24265_D;40;1;75;freeFlow;2
2025-07-02T09:43:00+02:00;24265_G;29;2;100;heavy;4
2025-07-02T09:43:00+02:00;24274_D;35;14;100;heavy;4
2025-07-02T09:43:00+02:00;24274_G;40;12;75;freeFlow;2
2025-07-02T09:43:00+02:00;25687_D;24;9;25;freeFlow;1
2025-07-02T09:43:00+02:00;25687_G;16;13;27;heavy;2
2025-07-02T09:43:00+02:00;25929_D;65;13;60;freeFlow;1
2025-07-02T09:43:00+02:00;25929_G;38;22;45;heavy;2
2025-07-02T09:43:00+02:00;25930;34;5;91;heavy;3
2025-07-02T09:43:00+02:00;25931;45;4;99;heavy;3
2025-07-02T09:43:00+02:00;25932;34;5;88;heavy;4
2025-07-02T09:43:00+02:00;25933;39;4;99;heavy;3
2025-07-02T09:43:00+02:00;25934_D;50;5;60;heavy;1
2025-07-02T09:43:00+02:00;25934_G;36;7;27;heavy;1
2025-07-02T09:43:00+02:00;25944_D;40;7;100;heavy;3
2025-07-02T09:43:00+02:00;25944_G;35;8;75;heavy;2
2025-07-02T09:43:00+02:00;25946_D;65;13;75;freeFlow;2
2025-07-02T09:43:00+02:00;25946_G;51;16;100;heavy;3
2025-07-02T09:43:00+02:00;25947_D;65;29;75;freeFlow;2
2025-07-02T09:43:00+02:00;25947_G;44;43;100;heavy;3
2025-07-02T09:43:00+02:00;25988_D;26;12;27;freeFlow;1
2025-07-02T09:43:00+02:00;25988_G;16;20;27;heavy;2
2025-07-02T09:43:00+02:00;25989;31;4;27;heavy;1
2025-07-02T09:43:00+02:00;25990;38;2;43;freeFlow;2
2025-07-02T09:43:00+02:00;25991;32;3;43;heavy;2
2025-07-02T09:43:00+02:00;25992;29;4;27;heavy;1
2025-07-02T09:43:00+02:00;25993_D;29;3;27;freeFlow;1
2025-07-02T09:43:00+02:00;25993_G;14;7;12;heavy;1
2025-07-02T09:43:00+02:00;25994_D;38;5;27;freeFlow;1
2025-07-02T09:43:00+02:00;25994_G;31;7;25;heavy;1
2025-07-02T09:43:00+02:00;25995_D;38;2;27;freeFlow;1
2025-07-02T09:43:00+02:00;25995_G;31;2;25;heavy;1
2025-07-02T09:43:00+02:00;25996_D;37;6;27;freeFlow;1
2025-07-02T09:43:00+02:00;25996_G;59;4;25;freeFlow;1
2025-07-02T09:43:00+02:00;25997_D;37;1;27;freeFlow;1
2025-07-02T09:43:00+02:00;25997_G;60;1;22;freeFlow;1
2025-07-02T09:43:00+02:00;25998_D;43;13;27;freeFlow;1
2025-07-02T09:43:00+02:00;25998_G;60;9;22;freeFlow;1
2025-07-02T09:43:00+02:00;25999_D;29;14;60;heavy;1
2025-07-02T09:43:00+02:00;25999_G;60;7;22;freeFlow;1
2025-07-02T09:43:00+02:00;26000_D;52;8;60;heavy;1
2025-07-02T09:43:00+02:00;26000_G;72;6;22;freeFlow;1
2025-07-02T09:43:00+02:00;26001_D;60;1;60;freeFlow;1
2025-07-02T09:43:00+02:00;26001_G;72;1;22;freeFlow;1
2025-07-02T09:43:00+02:00;26002_D;60;7;60;freeFlow;1
2025-07-02T09:43:00+02:00;26002_G;75;6;22;freeFlow;1
2025-07-02T09:43:00+02:00;26023;70;3;100;freeFlow;6
2025-07-02T09:43:00+02:00;26024;93;49;100;freeFlow;8
2025-07-02T09:43:00+02:00;26025;81;80;100;freeFlow;11
2025-07-02T09:43:00+02:00;26041;21;16;100;heavy;4
2025-07-02T09:43:00+02:00;26043;54;8;60;freeFlow;1
2025-07-02T09:43:00+02:00;26044;36;12;100;freeFlow;5
2025-07-02T09:43:00+02:00;26046;45;21;75;freeFlow;2
2025-07-02T09:43:00+02:00;26047;39;2;100;freeFlow;4
2025-07-02T09:43:00+02:00;26048;70;30;100;freeFlow;4
2025-07-02T09:43:00+02:00;26049;52;28;60;freeFlow;1
2025-07-02T09:43:00+02:00;26050;20;17;60;heavy;1
2025-07-02T09:43:00+02:00;26101_D;12;39;60;heavy;1
2025-07-02T09:43:00+02:00;26101_G;46;10;22;freeFlow;1
2025-07-02T09:43:00+02:00;26371_D;2;143;89;congested;3
2025-07-02T09:43:00+02:00;26371_G;2;151;50;congested;2
2025-07-02T09:43:00+02:00;26389_D;57;13;75;freeFlow;2
2025-07-02T09:43:00+02:00;26389_G;70;11;0;unknown;0
2025-07-02T09:43:00+02:00;26392_D;9;48;60;heavy;1
2025-07-02T09:43:00+02:00;26392_G;20;20;22;heavy;1
2025-07-02T09:43:00+02:00;26393;37;2;22;freeFlow;1
2025-07-02T09:43:00+02:00;26394;32;2;22;heavy;1
2025-07-02T09:43:00+02:00;26395;10;8;71;congested;2
2025-07-02T09:43:00+02:00;26396;9;6;60;congested;1
2025-07-02T09:43:00+02:00;26397_D;9;20;60;congested;1
2025-07-02T09:43:00+02:00;26397_G;37;5;22;freeFlow;1
2025-07-02T09:43:00+02:00;26402_D;22;12;25;freeFlow;1
2025-07-02T09:43:00+02:00;26402_G;30;9;32;freeFlow;2
2025-07-02T09:43:00+02:00;26403_D;29;4;55;freeFlow;2
2025-07-02T09:43:00+02:00;26403_G;19;7;25;heavy;1
2025-07-02T09:43:00+02:00;26404_D;18;6;40;heavy;1
2025-07-02T09:43:00+02:00;26404_G;30;3;25;freeFlow;1
2025-07-02T09:43:00+02:00;26405_D;24;2;25;freeFlow;1
2025-07-02T09:43:00+02:00;26405_G;14;4;15;heavy;1
2025-07-02T09:43:00+02:00;26409_D;54;15;75;freeFlow;2
2025-07-02T09:43:00+02:00;26409_G;70;11;0;unknown;0
2025-07-02T09:43:00+02:00;26420_D;70;4;0;unknown;0
2025-07-02T09:43:00+02:00;26420_G;49;6;75;freeFlow;2
2025-07-02T09:43:00+02:00;26422_D;70;11;0;unknown;0
2025-07-02T09:43:00+02:00;26422_G;51;15;75;freeFlow;2
2025-07-02T09:43:00+02:00;26423_D;70;7;0;unknown;0
2025-07-02T09:43:00+02:00;26423_G;55;8;75;freeFlow;2
2025-07-02T09:43:00+02:00;26495_D;49;7;75;freeFlow;2
2025-07-02T09:43:00+02:00;26495_G;50;7;0;unknown;0
2025-07-02T09:43:00+02:00;26497_D;21;23;75;heavy;2
2025-07-02T09:43:00+02:00;26497_G;30;16;0;unknown;0
2025-07-02T09:43:00+02:00;26501;97;23;100;freeFlow;17
2025-07-02T09:43:00+02:00;26573;96;14;100;freeFlow;10
2025-07-02T09:43:00+02:00;26603_D;23;2;25;freeFlow;1
2025-07-02T09:43:00+02:00;26603_G;14;4;15;heavy;1
2025-07-02T09:43:00+02:00;26611_D;18;7;40;heavy;1
2025-07-02T09:43:00+02:00;26611_G;30;4;25;freeFlow;1
2025-07-02T09:43:00+02:00;26619;38;2;60;freeFlow;1
2025-07-02T09:43:00+02:00;26654;12;40;100;congested;5
2025-07-02T09:43:00+02:00;26656;38;13;60;freeFlow;1
2025-07-02T09:43:00+02:00;26897_D;7;63;75;congested;2
2025-07-02T09:43:00+02:00;26897_G;30;15;0;unknown;0
2025-07-02T09:43:00+02:00;27837_D;33;8;60;heavy;1
2025-07-02T09:43:00+02:00;27837_G;50;6;0;unknown;0
2025-07-02T09:43:00+02:00;28032;56;3;42;freeFlow;1
2025-07-02T09:43:00+02:00;28033;31;5;60;heavy;1
2025-07-02T09:43:00+02:00;282910_D;40;5;60;freeFlow;1
2025-07-02T09:43:00+02:00;282910_G;55;2;75;freeFlow;2
2025-07-02T09:43:00+02:00;28642_D;79;6;75;freeFlow;2
2025-07-02T09:43:00+02:00;28642_G;73;6;75;freeFlow;2
2025-07-02T09:43:00+02:00;28645_D;79;1;60;freeFlow;1
2025-07-02T09:43:00+02:00;28645_G;76;1;60;freeFlow;1
2025-07-02T09:43:00+02:00;28646_D;69;45;67;freeFlow;2
2025-07-02T09:43:00+02:00;28646_G;81;38;60;freeFlow;1
2025-07-02T09:43:00+02:00;28648_D;44;29;75;heavy;2
2025-07-02T09:43:00+02:00;28648_G;84;15;60;freeFlow;1
2025-07-02T09:43:00+02:00;28649_D;58;16;68;freeFlow;2
2025-07-02T09:43:00+02:00;28649_G;70;13;60;freeFlow;1
2025-07-02T09:43:00+02:00;28650_D;55;18;74;heavy;2
2025-07-02T09:43:00+02:00;28650_G;70;14;60;freeFlow;1
2025-07-02T09:43:00+02:00;28660_D;53;13;75;heavy;2
2025-07-02T09:43:00+02:00;28660_G;79;8;96;freeFlow;3
2025-07-02T09:43:00+02:00;28665_D;76;18;75;freeFlow;2
2025-07-02T09:43:00+02:00;28665_G;82;16;75;freeFlow;2
2025-07-02T09:43:00+02:00;28666_D;61;11;74;freeFlow;2
2025-07-02T09:43:00+02:00;28666_G;75;9;75;freeFlow;2
2025-07-02T09:43:00+02:00;28669_D;70;5;0;unknown;0
2025-07-02T09:43:00+02:00;28669_G;63;6;60;freeFlow;1
2025-07-02T09:43:00+02:00;28675_D;70;6;0;unknown;0
2025-07-02T09:43:00+02:00;28675_G;56;7;60;freeFlow;1
2025-07-02T09:43:00+02:00;28676_D;70;3;0;unknown;0
2025-07-02T09:43:00+02:00;28676_G;58;4;60;freeFlow;1
2025-07-02T09:43:00+02:00;28677_D;70;16;0;unknown;0
2025-07-02T09:43:00+02:00;28677_G;71;16;60;freeFlow;1
2025-07-02T09:43:00+02:00;28693_D;63;15;75;freeFlow;2
2025-07-02T09:43:00+02:00;28693_G;73;13;53;freeFlow;2
2025-07-02T09:43:00+02:00;28854;38;4;75;freeFlow;2
2025-07-02T09:43:00+02:00;28855;37;4;75;freeFlow;2
2025-07-02T09:43:00+02:00;28865_D;76;26;81;freeFlow;3
2025-07-02T09:43:00+02:00;28865_G;51;39;75;heavy;2
2025-07-02T09:43:00+02:00;28866_D;60;12;60;freeFlow;1
2025-07-02T09:43:00+02:00;28866_G;33;21;75;heavy;2
2025-07-02T09:43:00+02:00;28867;38;3;100;freeFlow;3
2025-07-02T09:43:00+02:00;28868;38;3;100;freeFlow;3
2025-07-02T09:43:00+02:00;29;74;19;100;freeFlow;9
2025-07-02T09:43:00+02:00;30;67;8;100;freeFlow;9
2025-07-02T09:43:00+02:00;30020_D;53;40;70;heavy;2
2025-07-02T09:43:00+02:00;30020_G;57;37;45;freeFlow;1
2025-07-02T09:43:00+02:00;30022;87;3;100;freeFlow;9
2025-07-02T09:43:00+02:00;30023;85;60;100;freeFlow;11
2025-07-02T09:43:00+02:00;30118;36;3;100;freeFlow;3
2025-07-02T09:43:00+02:00;30351_D;26;2;60;heavy;1
2025-07-02T09:43:00+02:00;30351_G;61;1;60;freeFlow;1
2025-07-02T09:43:00+02:00;30355_D;24;21;75;heavy;2
2025-07-02T09:43:00+02:00;30355_G;17;30;75;heavy;2
2025-07-02T09:43:00+02:00;30359_D;46;13;60;heavy;1
2025-07-02T09:43:00+02:00;30359_G;13;48;75;congested;2
2025-07-02T09:43:00+02:00;30405;26;3;60;heavy;1
2025-07-02T09:43:00+02:00;30406;61;4;60;freeFlow;1
2025-07-02T09:43:00+02:00;30407;26;4;60;heavy;1
2025-07-02T09:43:00+02:00;30408;26;3;60;heavy;1
2025-07-02T09:43:00+02:00;30409;33;4;75;heavy;2
2025-07-02T09:43:00+02:00;30410_D;31;1;35;heavy;1
2025-07-02T09:43:00+02:00;30410_G;26;2;60;heavy;1
2025-07-02T09:43:00+02:00;30411_D;14;21;38;congested;1
2025-07-02T09:43:00+02:00;30411_G;27;10;69;heavy;2
2025-07-02T09:43:00+02:00;30414_D;23;15;60;heavy;1
2025-07-02T09:43:00+02:00;30414_G;47;8;75;freeFlow;3
2025-07-02T09:43:00+02:00;30416_D;24;22;60;heavy;1
2025-07-02T09:43:00+02:00;30416_G;25;21;94;heavy;3
2025-07-02T09:43:00+02:00;30499_D;42;7;42;freeFlow;1
2025-07-02T09:43:00+02:00;30499_G;16;19;57;heavy;1
2025-07-02T09:43:00+02:00;30501_D;33;8;42;freeFlow;1
2025-07-02T09:43:00+02:00;30501_G;5;50;74;congested;2
2025-07-02T09:43:00+02:00;30502_D;18;3;42;heavy;1
2025-07-02T09:43:00+02:00;30502_G;30;2;60;freeFlow;1
2025-07-02T09:43:00+02:00;30504_D;23;1;60;freeFlow;1
2025-07-02T09:43:00+02:00;30504_G;29;1;60;freeFlow;1
2025-07-02T09:43:00+02:00;30508;25;5;75;freeFlow;2
2025-07-02T09:43:00+02:00;30521_D;13;33;60;congested;1
2025-07-02T09:43:00+02:00;30521_G;42;10;60;freeFlow;1
2025-07-02T09:43:00+02:00;30522_D;28;4;60;heavy;1
2025-07-02T09:43:00+02:00;30522_G;32;3;38;heavy;1
2025-07-02T09:43:00+02:00;30606_D;29;19;55;heavy;1
2025-07-02T09:43:00+02:00;30606_G;28;20;45;heavy;1
2025-07-02T09:43:00+02:00;30608_D;34;5;55;heavy;1
2025-07-02T09:43:00+02:00;30608_G;30;5;45;heavy;1
2025-07-02T09:43:00+02:00;30611_D;39;10;57;freeFlow;1
2025-07-02T09:43:00+02:00;30611_G;41;10;45;freeFlow;1
2025-07-02T09:43:00+02:00;31;88;5;100;freeFlow;6
2025-07-02T09:43:00+02:00;31286;43;3;60;freeFlow;1
2025-07-02T09:43:00+02:00;31287;21;3;50;heavy;1
2025-07-02T09:43:00+02:00;31288;21;9;54;heavy;2
2025-07-02T09:43:00+02:00;31289;47;2;69;freeFlow;2
2025-07-02T09:43:00+02:00;31300_D;47;1;12;freeFlow;1
2025-07-02T09:43:00+02:00;31300_G;43;1;60;freeFlow;1
2025-07-02T09:43:00+02:00;31302_D;47;1;52;freeFlow;1
2025-07-02T09:43:00+02:00;31302_G;13;3;53;congested;2
2025-07-02T09:43:00+02:00;31304_D;52;21;55;freeFlow;1
2025-07-02T09:43:00+02:00;31305_D;42;18;12;freeFlow;1
2025-07-02T09:43:00+02:00;31305_G;43;18;60;freeFlow;1
2025-07-02T09:43:00+02:00;31361_D;25;2;52;heavy;1
2025-07-02T09:43:00+02:00;31361_G;43;1;60;freeFlow;1
2025-07-02T09:43:00+02:00;31444_D;69;36;75;freeFlow;2
2025-07-02T09:43:00+02:00;31444_G;59;42;55;freeFlow;1
2025-07-02T09:43:00+02:00;31448;55;2;55;heavy;1
2025-07-02T09:43:00+02:00;31449;25;6;73;heavy;2
2025-07-02T09:43:00+02:00;31450;21;6;100;congested;3
2025-07-02T09:43:00+02:00;31451;17;7;99;congested;3
2025-07-02T09:43:00+02:00;31453_D;55;29;70;heavy;2
2025-07-02T09:43:00+02:00;31453_G;57;28;45;freeFlow;1
2025-07-02T09:43:00+02:00;31511;63;24;100;freeFlow;4
2025-07-02T09:43:00+02:00;31512;78;31;100;freeFlow;6
2025-07-02T09:43:00+02:00;31513;93;23;100;freeFlow;4
2025-07-02T09:43:00+02:00;31515;33;3;75;heavy;2
2025-07-02T09:43:00+02:00;31517;37;3;75;freeFlow;2
2025-07-02T09:43:00+02:00;31520;47;2;100;freeFlow;3
2025-07-02T09:43:00+02:00;31522;42;4;75;freeFlow;2
2025-07-02T09:43:00+02:00;31523_D;37;5;75;freeFlow;2
2025-07-02T09:43:00+02:00;31523_G;42;5;75;freeFlow;2
2025-07-02T09:43:00+02:00;31530_D;69;6;60;freeFlow;1
2025-07-02T09:43:00+02:00;31530_G;68;6;57;freeFlow;1
2025-07-02T09:43:00+02:00;31532_D;27;6;75;heavy;2
2025-07-02T09:43:00+02:00;31532_G;69;2;55;freeFlow;1
2025-07-02T09:43:00+02:00;31534;76;5;100;freeFlow;5
2025-07-02T09:43:00+02:00;31536;52;18;100;freeFlow;6
2025-07-02T09:43:00+02:00;31550;73;13;100;freeFlow;15
2025-07-02T09:43:00+02:00;31551;77;10;100;freeFlow;11
2025-07-02T09:43:00+02:00;31553;81;13;100;freeFlow;7
2025-07-02T09:43:00+02:00;31557;72;5;100;freeFlow;4
2025-07-02T09:43:00+02:00;31558_D;64;18;100;freeFlow;4
2025-07-02T09:43:00+02:00;31558_G;74;15;75;freeFlow;2
2025-07-02T09:43:00+02:00;31559;58;8;100;freeFlow;6
2025-07-02T09:43:00+02:00;31561;57;6;100;freeFlow;5
2025-07-02T09:43:00+02:00;31562;68;6;75;freeFlow;2
2025-07-02T09:43:00+02:00;31563;69;6;75;freeFlow;2
2025-07-02T09:43:00+02:00;31568;71;5;75;freeFlow;2
2025-07-02T09:43:00+02:00;31569;72;8;60;freeFlow;1
2025-07-02T09:43:00+02:00;31583_D;50;15;0;unknown;0
2025-07-02T09:43:00+02:00;31583_G;79;10;60;freeFlow;1
2025-07-02T09:43:00+02:00;31670_D;72;6;75;freeFlow;2
2025-07-02T09:43:00+02:00;31670_G;45;10;60;freeFlow;1
2025-07-02T09:43:00+02:00;31672_D;57;35;75;freeFlow;2
2025-07-02T09:43:00+02:00;31672_G;67;29;75;freeFlow;2
2025-07-02T09:43:00+02:00;31673;92;14;100;freeFlow;10
2025-07-02T09:43:00+02:00;31674;86;15;100;freeFlow;7
2025-07-02T09:43:00+02:00;31708_D;30;6;0;unknown;0
2025-07-02T09:43:00+02:00;31708_G;36;5;60;freeFlow;1
2025-07-02T09:43:00+02:00;31709_D;30;12;0;unknown;0
2025-07-02T09:43:00+02:00;31709_G;44;8;60;freeFlow;1
2025-07-02T09:43:00+02:00;31716_D;30;7;0;unknown;0
2025-07-02T09:43:00+02:00;31716_G;43;5;60;freeFlow;1
2025-07-02T09:43:00+02:00;31717_D;30;17;0;unknown;0
2025-07-02T09:43:00+02:00;31717_G;43;12;60;freeFlow;1
2025-07-02T09:43:00+02:00;31720_D;30;4;0;unknown;0
2025-07-02T09:43:00+02:00;31720_G;43;3;60;freeFlow;1
2025-07-02T09:43:00+02:00;31722_D;43;6;60;freeFlow;1
2025-07-02T09:43:00+02:00;31722_G;30;9;0;unknown;0
2025-07-02T09:43:00+02:00;31723;38;5;60;freeFlow;1
2025-07-02T09:43:00+02:00;31724;35;6;89;heavy;3
2025-07-02T09:43:00+02:00;31725;59;3;90;freeFlow;3
2025-07-02T09:43:00+02:00;31726;40;6;60;freeFlow;1
2025-07-02T09:43:00+02:00;31727_D;43;8;60;freeFlow;1
2025-07-02T09:43:00+02:00;31727_G;30;12;0;unknown;0
2025-07-02T09:43:00+02:00;31878;57;3;45;freeFlow;1
2025-07-02T09:43:00+02:00;31879;30;5;71;heavy;2
2025-07-02T09:43:00+02:00;31880;81;3;100;freeFlow;10
2025-07-02T09:43:00+02:00;31881;78;4;100;freeFlow;3
2025-07-02T09:43:00+02:00;31882;57;3;100;freeFlow;3
2025-07-02T09:43:00+02:00;32;89;14;100;freeFlow;5
2025-07-02T09:43:00+02:00;32118;85;1;100;freeFlow;8
2025-07-02T09:43:00+02:00;32163_D;30;3;0;unknown;0
2025-07-02T09:43:00+02:00;32163_G;43;2;60;freeFlow;1
2025-07-02T09:43:00+02:00;32165_D;29;3;55;heavy;1
2025-07-02T09:43:00+02:00;32165_G;36;2;75;freeFlow;2
2025-07-02T09:43:00+02:00;32177_D;54;11;60;heavy;1
2025-07-02T09:43:00+02:00;32177_G;59;10;64;freeFlow;2
2025-07-02T09:43:00+02:00;32784_D;16;5;52;heavy;1
2025-07-02T09:43:00+02:00;32784_G;43;2;60;freeFlow;1
2025-07-02T09:43:00+02:00;32785;43;2;60;freeFlow;1
2025-07-02T09:43:00+02:00;32786;36;2;12;freeFlow;1
2025-07-02T09:43:00+02:00;32788;23;4;52;heavy;1
2025-07-02T09:43:00+02:00;32790;43;1;60;freeFlow;1
2025-07-02T09:43:00+02:00;32791;28;3;52;heavy;1
2025-07-02T09:43:00+02:00;32794;43;2;60;freeFlow;1
2025-07-02T09:43:00+02:00;32796;43;2;60;freeFlow;1
2025-07-02T09:43:00+02:00;33;90;28;100;freeFlow;5
2025-07-02T09:43:00+02:00;34;75;35;100;freeFlow;4
2025-07-02T09:43:00+02:00;34744;90;36;100;freeFlow;7
2025-07-02T09:43:00+02:00;34745;91;36;100;freeFlow;4
2025-07-02T09:43:00+02:00;34757_D;50;2;0;unknown;0
2025-07-02T09:43:00+02:00;34757_G;50;2;0;unknown;0
2025-07-02T09:43:00+02:00;34758_D;50;16;0;unknown;0
2025-07-02T09:43:00+02:00;34758_G;50;16;0;unknown;0
2025-07-02T09:43:00+02:00;35;79;67;70;freeFlow;3
2025-07-02T09:43:00+02:00;35072;93;28;100;freeFlow;3
2025-07-02T09:43:00+02:00;35077;92;45;100;freeFlow;6
2025-07-02T09:43:00+02:00;35086;94;43;100;freeFlow;3
2025-07-02T09:43:00+02:00;35092;41;6;75;heavy;2
2025-07-02T09:43:00+02:00;35096;95;17;100;freeFlow;3
2025-07-02T09:43:00+02:00;35098;89;42;100;freeFlow;6
2025-07-02T09:43:00+02:00;35103;51;16;30;freeFlow;1
2025-07-02T09:43:00+02:00;35869_D;50;1;0;unknown;0
2025-07-02T09:43:00+02:00;35869_G;50;1;0;unknown;0
2025-07-02T09:43:00+02:00;35870_D;50;11;0;unknown;0
2025-07-02T09:43:00+02:00;35870_G;50;11;0;unknown;0
2025-07-02T09:43:00+02:00;35940;30;10;0;unknown;0
2025-07-02T09:43:00+02:00;35942;30;2;0;unknown;0
2025-07-02T09:43:00+02:00;35943;30;2;0;unknown;0
2025-07-02T09:43:00+02:00;35944;30;3;0;unknown;0
2025-07-02T09:43:00+02:00;35945;30;3;0;unknown;0
2025-07-02T09:43:00+02:00;35946_D;30;2;0;unknown;0
2025-07-02T09:43:00+02:00;35946_G;30;2;0;unknown;0
2025-07-02T09:43:00+02:00;35947;30;10;0;unknown;0
2025-07-02T09:43:00+02:00;35948;30;8;0;unknown;0
2025-07-02T09:43:00+02:00;35949;30;7;0;unknown;0
2025-07-02T09:43:00+02:00;35950;30;12;0;unknown;0
2025-07-02T09:43:00+02:00;35951;30;5;0;unknown;0
2025-07-02T09:43:00+02:00;35952;30;11;0;unknown;0
2025-07-02T09:43:00+02:00;35953;51;2;57;freeFlow;1
2025-07-02T09:43:00+02:00;35954;51;2;57;freeFlow;1
2025-07-02T09:43:00+02:00;35955;51;2;57;freeFlow;1
2025-07-02T09:43:00+02:00;35956;50;1;0;unknown;0
2025-07-02T09:43:00+02:00;35957_D;30;2;0;unknown;0
2025-07-02T09:43:00+02:00;35957_G;30;2;0;unknown;0
2025-07-02T09:43:00+02:00;35959_D;30;2;0;unknown;0
2025-07-02T09:43:00+02:00;35959_G;30;1;0;unknown;0
2025-07-02T09:43:00+02:00;35960;30;11;0;unknown;0
2025-07-02T09:43:00+02:00;35961;30;16;0;unknown;0
2025-07-02T09:43:00+02:00;35962;30;12;0;unknown;0
2025-07-02T09:43:00+02:00;35963;30;6;0;unknown;0
2025-07-02T09:43:00+02:00;35964;30;6;0;unknown;0
2025-07-02T09:43:00+02:00;35965;30;20;0;unknown;0
2025-07-02T09:43:00+02:00;35971;30;20;0;unknown;0
2025-07-02T09:43:00+02:00;35972;30;11;0;unknown;0
2025-07-02T09:43:00+02:00;35973;30;8;0;unknown;0
2025-07-02T09:43:00+02:00;35985_D;1;81;0;unknown;0
2025-07-02T09:43:00+02:00;35985_G;46;2;50;freeFlow;1
2025-07-02T09:43:00+02:00;35986_D;39;18;0;unknown;0
2025-07-02T09:43:00+02:00;35986_G;17;42;52;heavy;1
2025-07-02T09:43:00+02:00;35994_D;30;1;0;unknown;0
2025-07-02T09:43:00+02:00;35994_G;34;1;52;freeFlow;1
2025-07-02T09:43:00+02:00;35998;34;6;20;heavy;1
2025-07-02T09:43:00+02:00;35999;50;4;0;unknown;0
2025-07-02T09:43:00+02:00;36000;50;4;0;unknown;0
2025-07-02T09:43:00+02:00;36001;34;5;20;heavy;1
2025-07-02T09:43:00+02:00;36003_D;50;1;0;unknown;0
2025-07-02T09:43:00+02:00;36003_G;31;2;20;heavy;1
2025-07-02T09:43:00+02:00;36004_D;50;42;0;unknown;0
2025-07-02T09:43:00+02:00;36004_G;34;62;20;heavy;1
2025-07-02T09:43:00+02:00;36005;30;2;0;unknown;0
2025-07-02T09:43:00+02:00;36006;30;3;0;unknown;0
2025-07-02T09:43:00+02:00;36007;30;2;0;unknown;0
2025-07-02T09:43:00+02:00;36010_D;30;1;0;unknown;0
2025-07-02T09:43:00+02:00;36010_G;30;1;0;unknown;0
2025-07-02T09:43:00+02:00;36011;30;10;0;unknown;0
2025-07-02T09:43:00+02:00;36012_D;30;2;0;unknown;0
2025-07-02T09:43:00+02:00;36012_G;30;2;0;unknown;0
2025-07-02T09:43:00+02:00;37200_D;25;10;65;freeFlow;3
2025-07-02T09:43:00+02:00;37200_G;30;8;0;unknown;0
2025-07-02T09:43:00+02:00;37201;50;4;52;freeFlow;1
2025-07-02T09:43:00+02:00;37202;40;8;62;freeFlow;2
2025-07-02T09:43:00+02:00;37203;31;17;27;heavy;1
2025-07-02T09:43:00+02:00;37204_D;50;2;52;freeFlow;1
2025-07-02T09:43:00+02:00;37204_G;50;2;0;unknown;0
2025-07-02T09:43:00+02:00;37205_D;50;4;52;freeFlow;1
2025-07-02T09:43:00+02:00;37205_G;50;4;0;unknown;0
2025-07-02T09:43:00+02:00;37206_D;50;10;52;freeFlow;1
2025-07-02T09:43:00+02:00;37206_G;50;10;0;unknown;0
2025-07-02T09:43:00+02:00;37207;50;1;52;freeFlow;1
2025-07-02T09:43:00+02:00;37208;50;3;0;unknown;0
2025-07-02T09:43:00+02:00;37209;44;2;43;freeFlow;2
2025-07-02T09:43:00+02:00;37210_D;44;1;43;freeFlow;2
2025-07-02T09:43:00+02:00;37210_G;50;1;0;unknown;0
2025-07-02T09:43:00+02:00;37211_D;46;58;45;freeFlow;2
2025-07-02T09:43:00+02:00;37211_G;50;53;0;unknown;0
2025-07-02T09:43:00+02:00;37239;28;7;60;freeFlow;1
2025-07-02T09:43:00+02:00;37240;33;5;60;freeFlow;1
2025-07-02T09:43:00+02:00;37241;33;5;60;freeFlow;1
2025-07-02T09:43:00+02:00;37242;35;6;60;freeFlow;1
2025-07-02T09:43:00+02:00;37243_D;22;4;0;unknown;0
2025-07-02T09:43:00+02:00;37243_G;29;4;15;heavy;1
2025-07-02T09:43:00+02:00;37244_D;30;2;0;unknown;0
2025-07-02T09:43:00+02:00;37244_G;30;2;0;unknown;0
2025-07-02T09:43:00+02:00;37246_D;25;4;40;freeFlow;2
2025-07-02T09:43:00+02:00;37246_G;30;3;0;unknown;0
2025-07-02T09:43:00+02:00;37422_D;50;19;0;unknown;0
2025-07-02T09:43:00+02:00;37422_G;50;19;0;unknown;0
2025-07-02T09:43:00+02:00;37467_D;50;8;0;unknown;0
2025-07-02T09:43:00+02:00;37467_G;50;8;0;unknown;0
2025-07-02T09:43:00+02:00;37508_D;42;25;0;unknown;0
2025-07-02T09:43:00+02:00;37508_G;46;23;20;freeFlow;1
2025-07-02T09:43:00+02:00;37509_D;38;2;0;unknown;0
2025-07-02T09:43:00+02:00;37509_G;34;2;20;heavy;1
2025-07-02T09:43:00+02:00;37564_D;70;22;0;unknown;0
2025-07-02T09:43:00+02:00;37564_G;63;24;48;freeFlow;1
2025-07-02T09:43:00+02:00;37565_D;47;17;48;heavy;1
2025-07-02T09:43:00+02:00;37565_G;51;16;50;freeFlow;1
2025-07-02T09:43:00+02:00;37586_D;50;1;0;unknown;0
2025-07-02T09:43:00+02:00;37586_G;36;2;20;freeFlow;1
2025-07-02T09:43:00+02:00;37588_D;51;10;45;freeFlow;1
2025-07-02T09:43:00+02:00;37588_G;70;8;0;unknown;0
2025-07-02T09:43:00+02:00;37620_D;33;2;50;heavy;1
2025-07-02T09:43:00+02:00;37620_G;70;1;0;unknown;0
2025-07-02T09:43:00+02:00;37621;28;6;20;heavy;1
2025-07-02T09:43:00+02:00;37622;50;4;0;unknown;0
2025-07-02T09:43:00+02:00;37625_D;51;18;65;freeFlow;2
2025-07-02T09:43:00+02:00;37625_G;42;22;50;freeFlow;1
2025-07-02T09:43:00+02:00;37665_D;41;2;65;freeFlow;2
2025-07-02T09:43:00+02:00;37665_G;29;3;55;heavy;1
2025-07-02T09:43:00+02:00;37667;59;21;60;freeFlow;1
2025-07-02T09:43:00+02:00;37668;91;4;42;freeFlow;1
2025-07-02T09:43:00+02:00;37673;56;6;55;freeFlow;2
2025-07-02T09:43:00+02:00;37686_D;20;32;31;heavy;1
2025-07-02T09:43:00+02:00;37686_G;35;18;48;freeFlow;1
2025-07-02T09:43:00+02:00;37702_D;25;11;48;heavy;1
2025-07-02T09:43:00+02:00;37702_G;31;8;55;heavy;1
2025-07-02T09:43:00+02:00;37706_D;28;2;55;heavy;1
2025-07-02T09:43:00+02:00;37706_G;18;3;48;heavy;1
2025-07-02T09:43:00+02:00;37707_D;41;2;65;freeFlow;2
2025-07-02T09:43:00+02:00;37707_G;29;2;55;heavy;1
2025-07-02T09:43:00+02:00;37708_D;37;25;70;freeFlow;2
2025-07-02T09:43:00+02:00;37708_G;22;43;48;freeFlow;1
2025-07-02T09:43:00+02:00;37712_D;33;6;55;freeFlow;1
2025-07-02T09:43:00+02:00;37712_G;31;6;48;freeFlow;1
2025-07-02T09:43:00+02:00;37724;48;3;60;freeFlow;1
2025-07-02T09:43:00+02:00;37725;13;5;67;congested;2
2025-07-02T09:43:00+02:00;37726;12;9;60;congested;1
2025-07-02T09:43:00+02:00;37727;91;1;42;freeFlow;1
2025-07-02T09:43:00+02:00;37728;50;2;0;unknown;0
2025-07-02T09:43:00+02:00;37729;83;68;65;freeFlow;2
2025-07-02T09:43:00+02:00;37730;33;4;75;heavy;2
2025-07-02T09:43:00+02:00;37732;56;65;75;heavy;2
2025-07-02T09:43:00+02:00;37737;93;44;100;freeFlow;9
2025-07-02T09:43:00+02:00;37738;75;1;75;freeFlow;2
2025-07-02T09:43:00+02:00;37739;65;2;100;freeFlow;3
2025-07-02T09:43:00+02:00;37740;39;4;100;heavy;3
2025-07-02T09:43:00+02:00;37741;58;1;100;freeFlow;3
2025-07-02T09:43:00+02:00;37742;72;2;75;freeFlow;2
2025-07-02T09:43:00+02:00;37743;72;2;75;freeFlow;2
2025-07-02T09:43:00+02:00;37744;72;2;75;freeFlow;2
2025-07-02T09:43:00+02:00;37745;107;1;60;freeFlow;1
2025-07-02T09:43:00+02:00;37749;88;44;100;freeFlow;11
2025-07-02T09:43:00+02:00;37750;91;29;100;freeFlow;6
2025-07-02T09:43:00+02:00;37751;74;13;75;freeFlow;2
2025-07-02T09:43:00+02:00;37752;107;6;60;freeFlow;1
2025-07-02T09:43:00+02:00;37753;88;30;100;freeFlow;9
2025-07-02T09:43:00+02:00;37784;34;3;73;heavy;2
2025-07-02T09:43:00+02:00;37785;32;3;60;heavy;1
2025-07-02T09:43:00+02:00;37786;49;2;52;freeFlow;1
2025-07-02T09:43:00+02:00;37787_D;64;23;60;freeFlow;1
2025-07-02T09:43:00+02:00;37787_G;9;161;52;congested;1
2025-07-02T09:43:00+02:00;37818;94;49;100;freeFlow;9
2025-07-02T09:43:00+02:00;37819;94;59;100;freeFlow;9
2025-07-02T09:43:00+02:00;37822;88;9;100;freeFlow;7
2025-07-02T09:43:00+02:00;37826;42;1;60;freeFlow;1
2025-07-02T09:43:00+02:00;37827;37;1;75;freeFlow;2
2025-07-02T09:43:00+02:00;37941;76;64;73;freeFlow;6
2025-07-02T09:43:00+02:00;37947;83;8;100;freeFlow;6
2025-07-02T09:43:00+02:00;37948;85;82;99;freeFlow;13
2025-07-02T09:43:00+02:00;37949;88;79;100;freeFlow;9
2025-07-02T09:43:00+02:00;37950;77;9;100;freeFlow;9
2025-07-02T09:43:00+02:00;37970;86;16;100;freeFlow;4
2025-07-02T09:43:00+02:00;38;86;16;100;freeFlow;8
2025-07-02T09:43:00+02:00;38067;90;12;100;freeFlow;8
2025-07-02T09:43:00+02:00;38068;39;6;25;heavy;1
2025-07-02T09:43:00+02:00;38069;56;6;50;freeFlow;2
2025-07-02T09:43:00+02:00;38070;85;10;100;freeFlow;7
2025-07-02T09:43:00+02:00;38310;49;1;52;freeFlow;1
2025-07-02T09:43:00+02:00;38311;6;14;50;congested;1
2025-07-02T09:43:00+02:00;38317;89;2;100;freeFlow;8
2025-07-02T09:43:00+02:00;38318;87;30;100;freeFlow;8
2025-07-02T09:43:00+02:00;38319;87;24;100;freeFlow;9
2025-07-02T09:43:00+02:00;38322;40;4;79;heavy;4
2025-07-02T09:43:00+02:00;38378_D;71;10;60;freeFlow;1
2025-07-02T09:43:00+02:00;38378_G;70;10;0;unknown;0
2025-07-02T09:43:00+02:00;38389_D;79;14;60;freeFlow;1
2025-07-02T09:43:00+02:00;38389_G;70;15;0;unknown;0
2025-07-02T09:43:00+02:00;39061;31;8;92;heavy;4
2025-07-02T09:43:00+02:00;39062;38;3;85;heavy;3
2025-07-02T09:43:00+02:00;39063;35;12;57;heavy;2
2025-07-02T09:43:00+02:00;39473;52;38;100;heavy;3
2025-07-02T09:43:00+02:00;39618;90;3;100;freeFlow;9
2025-07-02T09:43:00+02:00;39619;90;3;100;freeFlow;9
2025-07-02T09:43:00+02:00;39720_D;48;26;0;unknown;0
2025-07-02T09:43:00+02:00;39720_G;42;30;17;freeFlow;1
2025-07-02T09:43:00+02:00;39902_D;73;1;60;freeFlow;1
2025-07-02T09:43:00+02:00;39902_G;70;1;0;unknown;0
2025-07-02T09:43:00+02:00;39904_D;63;1;60;freeFlow;1
2025-07-02T09:43:00+02:00;39904_G;70;1;0;unknown;0
2025-07-02T09:43:00+02:00;39906_D;63;8;60;freeFlow;1
2025-07-02T09:43:00+02:00;39906_G;70;7;0;unknown;0
2025-07-02T09:43:00+02:00;40185_D;16;8;73;congested;2
2025-07-02T09:43:00+02:00;40185_G;18;1;100;congested;3
2025-07-02T09:43:00+02:00;40201;21;1;60;heavy;1
2025-07-02T09:43:00+02:00;40202;21;4;60;heavy;1
2025-07-02T09:43:00+02:00;40203;73;1;60;freeFlow;1
2025-07-02T09:43:00+02:00;40212_D;53;2;75;heavy;2
2025-07-02T09:43:00+02:00;40212_G;72;2;38;freeFlow;1
2025-07-02T09:43:00+02:00;40213_D;79;1;60;freeFlow;1
2025-07-02T09:43:00+02:00;40213_G;76;1;60;freeFlow;1
2025-07-02T09:43:00+02:00;41631_D;35;6;60;freeFlow;1
2025-07-02T09:43:00+02:00;41631_G;30;7;0;unknown;0
2025-07-02T09:43:00+02:00;41632_D;36;4;60;freeFlow;1
2025-07-02T09:43:00+02:00;41632_G;18;7;45;heavy;1
2025-07-02T09:43:00+02:00;41652_D;45;5;57;freeFlow;1
2025-07-02T09:43:00+02:00;41683_D;70;15;0;unknown;0
2025-07-02T09:43:00+02:00;41683_G;5;199;42;congested;1
2025-07-02T09:43:00+02:00;41709_D;30;15;60;freeFlow;1
2025-07-02T09:43:00+02:00;41709_G;21;23;45;heavy;1
2025-07-02T09:43:00+02:00;41712_D;30;7;60;freeFlow;1
2025-07-02T09:43:00+02:00;41712_G;21;11;45;heavy;1
2025-07-02T09:43:00+02:00;41713_D;41;3;60;freeFlow;1
2025-07-02T09:43:00+02:00;41713_G;10;11;0;unknown;0
2025-07-02T09:43:00+02:00;41729;46;2;60;freeFlow;1
2025-07-02T09:43:00+02:00;41730;12;4;45;congested;1
2025-07-02T09:43:00+02:00;41731;50;1;0;unknown;0
2025-07-02T09:43:00+02:00;41753_D;41;5;60;freeFlow;1
2025-07-02T09:43:00+02:00;41753_G;30;6;0;unknown;0
2025-07-02T09:43:00+02:00;41764_D;35;1;60;freeFlow;1
2025-07-02T09:43:00+02:00;41764_G;23;2;45;freeFlow;1
2025-07-02T09:43:00+02:00;41781;44;1;60;freeFlow;1
2025-07-02T09:43:00+02:00;41782;41;2;60;freeFlow;1
2025-07-02T09:43:00+02:00;41783;41;2;48;freeFlow;1
2025-07-02T09:43:00+02:00;41784;40;2;48;freeFlow;1
2025-07-02T09:43:00+02:00;41809_D;41;6;60;freeFlow;1
2025-07-02T09:43:00+02:00;41809_G;30;8;0;unknown;0
2025-07-02T09:43:00+02:00;41810_D;41;2;60;freeFlow;1
2025-07-02T09:43:00+02:00;41810_G;30;2;0;unknown;0
2025-07-02T09:43:00+02:00;41811_D;39;6;60;freeFlow;1
2025-07-02T09:43:00+02:00;41811_G;30;8;0;unknown;0
2025-07-02T09:43:00+02:00;41812_D;36;5;60;freeFlow;1
2025-07-02T09:43:00+02:00;41812_G;30;6;0;unknown;0
2025-07-02T09:43:00+02:00;41813_D;36;4;60;freeFlow;1
2025-07-02T09:43:00+02:00;41813_G;30;5;0;unknown;0
2025-07-02T09:43:00+02:00;41814_D;36;6;60;freeFlow;1
2025-07-02T09:43:00+02:00;41814_G;30;7;0;unknown;0
2025-07-02T09:43:00+02:00;41815_D;35;6;60;freeFlow;1
2025-07-02T09:43:00+02:00;41815_G;30;7;0;unknown;0
2025-07-02T09:43:00+02:00;41817_D;35;5;60;freeFlow;1
2025-07-02T09:43:00+02:00;41817_G;30;6;0;unknown;0
2025-07-02T09:43:00+02:00;41818_D;35;2;60;freeFlow;1
2025-07-02T09:43:00+02:00;41818_G;30;2;0;unknown;0
2025-07-02T09:43:00+02:00;42028;46;11;60;freeFlow;1
2025-07-02T09:43:00+02:00;42029;41;37;48;freeFlow;1
2025-07-02T09:43:00+02:00;42030;41;37;60;freeFlow;1
2025-07-02T09:43:00+02:00;42031;39;39;45;freeFlow;1
2025-07-02T09:43:00+02:00;42047;61;5;40;freeFlow;1
2025-07-02T09:43:00+02:00;42049;50;2;0;unknown;0
2025-07-02T09:43:00+02:00;42050;84;1;100;freeFlow;3
2025-07-02T09:43:00+02:00;42051;92;5;100;freeFlow;3
2025-07-02T09:43:00+02:00;42125_D;58;19;60;freeFlow;1
2025-07-02T09:43:00+02:00;42125_G;50;23;0;unknown;0
2025-07-02T09:43:00+02:00;42134;65;36;100;freeFlow;3
2025-07-02T09:43:00+02:00;42135;68;40;42;freeFlow;1
2025-07-02T09:43:00+02:00;42206_D;34;27;60;heavy;1
2025-07-02T09:43:00+02:00;42238_D;39;9;57;freeFlow;1
2025-07-02T09:43:00+02:00;42257;59;8;40;heavy;1
2025-07-02T09:43:00+02:00;42273_D;30;6;60;freeFlow;1
2025-07-02T09:43:00+02:00;42273_G;30;6;60;freeFlow;1
2025-07-02T09:43:00+02:00;42293_D;41;1;60;freeFlow;1
2025-07-02T09:43:00+02:00;42293_G;30;2;0;unknown;0
2025-07-02T09:43:00+02:00;42307_D;64;12;40;freeFlow;1
2025-07-02T09:43:00+02:00;42307_G;53;14;0;unknown;0
2025-07-02T09:43:00+02:00;42359;73;9;60;freeFlow;1
2025-07-02T09:43:00+02:00;42375;50;1;0;unknown;0
2025-07-02T09:43:00+02:00;42378_D;41;1;60;freeFlow;1
2025-07-02T09:43:00+02:00;42378_G;30;2;0;unknown;0
2025-07-02T09:43:00+02:00;42379;85;31;75;freeFlow;2
2025-07-02T09:43:00+02:00;42383;38;2;60;freeFlow;1
2025-07-02T09:43:00+02:00;42384;50;1;0;unknown;0
2025-07-02T09:43:00+02:00;42385;31;3;50;heavy;1
2025-07-02T09:43:00+02:00;42386;36;2;50;freeFlow;1
2025-07-02T09:43:00+02:00;42387;43;5;75;freeFlow;2
2025-07-02T09:43:00+02:00;42388;37;3;75;freeFlow;2
2025-07-02T09:43:00+02:00;42389;53;3;95;freeFlow;3
2025-07-02T09:43:00+02:00;42390;37;3;57;freeFlow;2
2025-07-02T09:43:00+02:00;42391;50;2;0;unknown;0
2025-07-02T09:43:00+02:00;42392;41;2;75;freeFlow;2
2025-07-02T09:43:00+02:00;42399;20;13;100;congested;3
2025-07-02T09:43:00+02:00;42401_D;52;24;60;freeFlow;1
2025-07-02T09:43:00+02:00;42401_G;54;24;0;unknown;0
2025-07-02T09:43:00+02:00;42572;41;1;75;freeFlow;2
2025-07-02T09:43:00+02:00;42573;39;1;45;freeFlow;1
2025-07-02T09:43:00+02:00;42580;40;3;75;heavy;2
2025-07-02T09:43:00+02:00;42595_D;30;6;0;unknown;0
2025-07-02T09:43:00+02:00;42595_G;7;27;42;congested;1
2025-07-02T09:43:00+02:00;42603;15;38;73;congested;2
2025-07-02T09:43:00+02:00;42663_D;50;5;0;unknown;0
2025-07-02T09:43:00+02:00;42663_G;58;4;38;freeFlow;1
2025-07-02T09:43:00+02:00;42681_D;70;13;0;unknown;0
2025-07-02T09:43:00+02:00;42681_G;57;16;38;freeFlow;1
2025-07-02T09:43:00+02:00;42684_D;30;2;0;unknown;0
2025-07-02T09:43:00+02:00;42684_G;30;2;0;unknown;0
2025-07-02T09:43:00+02:00;42685;44;60;42;heavy;1
2025-07-02T09:43:00+02:00;42709_D;57;16;60;freeFlow;1
2025-07-02T09:43:00+02:00;42709_G;50;18;0;unknown;0
2025-07-02T09:43:00+02:00;42777_D;50;3;0;unknown;0
2025-07-02T09:43:00+02:00;42777_G;1;151;12;congested;1
2025-07-02T09:43:00+02:00;42778_D;50;1;0;unknown;0
2025-07-02T09:43:00+02:00;42778_G;37;2;0;unknown;0
2025-07-02T09:43:00+02:00;42779;50;2;0;unknown;0
2025-07-02T09:43:00+02:00;42780_D;50;8;0;unknown;0
2025-07-02T09:43:00+02:00;42780_G;50;8;0;unknown;0
2025-07-02T09:43:00+02:00;42938_D;27;11;27;heavy;1
2025-07-02T09:43:00+02:00;42938_G;21;14;40;heavy;1
2025-07-02T09:43:00+02:00;42939_D;50;4;0;unknown;0
2025-07-02T09:43:00+02:00;42939_G;32;7;38;heavy;1
2025-07-02T09:43:00+02:00;42940_D;50;9;0;unknown;0
2025-07-02T09:43:00+02:00;42940_G;26;17;38;heavy;1
2025-07-02T09:43:00+02:00;42941_D;50;3;0;unknown;0
2025-07-02T09:43:00+02:00;42941_G;19;7;60;heavy;1
2025-07-02T09:43:00+02:00;42947_D;37;12;35;freeFlow;1
2025-07-02T09:43:00+02:00;42947_G;26;17;60;heavy;1
2025-07-02T09:43:00+02:00;42948_D;20;11;35;heavy;1
2025-07-02T09:43:00+02:00;42948_G;23;10;60;heavy;1
2025-07-02T09:43:00+02:00;42949_D;12;23;35;congested;1
2025-07-02T09:43:00+02:00;42949_G;22;12;60;heavy;1
2025-07-02T09:43:00+02:00;42978_D;54;10;60;freeFlow;1
2025-07-02T09:43:00+02:00;42978_G;16;34;57;heavy;2
2025-07-02T09:43:00+02:00;42979_D;54;3;60;freeFlow;1
2025-07-02T09:43:00+02:00;42979_G;28;5;55;heavy;2
2025-07-02T09:43:00+02:00;42983_D;50;8;0;unknown;0
2025-07-02T09:43:00+02:00;42983_G;33;12;38;heavy;1
2025-07-02T09:43:00+02:00;42999_D;50;12;0;unknown;0
2025-07-02T09:43:00+02:00;42999_G;33;18;40;heavy;1
2025-07-02T09:43:00+02:00;43000_D;50;5;0;unknown;0
2025-07-02T09:43:00+02:00;43000_G;43;6;38;freeFlow;1
2025-07-02T09:43:00+02:00;43001_D;23;8;32;heavy;1
2025-07-02T09:43:00+02:00;43001_G;43;4;38;freeFlow;1
2025-07-02T09:43:00+02:00;43003_D;50;3;0;unknown;0
2025-07-02T09:43:00+02:00;43003_G;45;3;38;freeFlow;1
2025-07-02T09:43:00+02:00;43027_D;50;5;0;unknown;0
2025-07-02T09:43:00+02:00;43027_G;26;10;38;heavy;1
2025-07-02T09:43:00+02:00;43029_D;36;11;35;freeFlow;1
2025-07-02T09:43:00+02:00;43029_G;27;15;60;heavy;1
2025-07-02T09:43:00+02:00;43046_D;50;6;0;unknown;0
2025-07-02T09:43:00+02:00;43046_G;8;37;48;congested;1
2025-07-02T09:43:00+02:00;43047_D;50;4;0;unknown;0
2025-07-02T09:43:00+02:00;43047_G;29;5;45;heavy;1
2025-07-02T09:43:00+02:00;43048_D;50;5;0;unknown;0
2025-07-02T09:43:00+02:00;43048_G;16;16;63;heavy;2
2025-07-02T09:43:00+02:00;43049_D;54;2;60;freeFlow;1
2025-07-02T09:43:00+02:00;43049_G;10;11;42;heavy;1
2025-07-02T09:43:00+02:00;43050_D;54;3;60;freeFlow;1
2025-07-02T09:43:00+02:00;43050_G;39;4;55;freeFlow;2
2025-07-02T09:43:00+02:00;43099;25;3;20;heavy;1
2025-07-02T09:43:00+02:00;43352_G;34;14;42;freeFlow;1
2025-07-02T09:43:00+02:00;43451_D;57;8;60;freeFlow;1
2025-07-02T09:43:00+02:00;43481;26;27;73;heavy;2
2025-07-02T09:43:00+02:00;43627;48;13;100;freeFlow;3
2025-07-02T09:43:00+02:00;43658_D;25;7;60;heavy;1
2025-07-02T09:43:00+02:00;43658_G;40;4;55;freeFlow;1
2025-07-02T09:43:00+02:00;43718_D;50;3;0;unknown;0
2025-07-02T09:43:00+02:00;43718_G;46;3;22;freeFlow;1
2025-07-02T09:43:00+02:00;43719_D;14;32;0;unknown;0
2025-07-02T09:43:00+02:00;43719_G;47;10;22;freeFlow;1
2025-07-02T09:43:00+02:00;43720_D;50;4;0;unknown;0
2025-07-02T09:43:00+02:00;43720_G;44;5;22;freeFlow;1
2025-07-02T09:43:00+02:00;43724_D;10;39;53;congested;2
2025-07-02T09:43:00+02:00;43724_G;9;44;60;congested;2
2025-07-02T09:43:00+02:00;43733_D;50;4;0;unknown;0
2025-07-02T09:43:00+02:00;43733_G;45;4;38;freeFlow;1
2025-07-02T09:43:00+02:00;43736_D;50;4;0;unknown;0
2025-07-02T09:43:00+02:00;43736_G;42;4;22;freeFlow;1
2025-07-02T09:43:00+02:00;43739_D;43;7;0;unknown;0
2025-07-02T09:43:00+02:00;43739_G;44;8;22;freeFlow;1
2025-07-02T09:43:00+02:00;43740_D;35;8;10;heavy;1
2025-07-02T09:43:00+02:00;43740_G;44;6;22;freeFlow;1
2025-07-02T09:43:00+02:00;43741_D;35;1;10;heavy;1
2025-07-02T09:43:00+02:00;43741_G;44;0;22;freeFlow;1
2025-07-02T09:43:00+02:00;43742_D;49;7;0;unknown;0
2025-07-02T09:43:00+02:00;43742_G;31;11;25;heavy;1
2025-07-02T09:43:00+02:00;43743_G;18;72;62;heavy;2
2025-07-02T09:43:00+02:00;43744_D;47;5;0;unknown;0
2025-07-02T09:43:00+02:00;43744_G;26;9;25;heavy;1
2025-07-02T09:43:00+02:00;43748;24;8;48;freeFlow;1
2025-07-02T09:43:00+02:00;43757;24;4;60;heavy;1
2025-07-02T09:43:00+02:00;43758;33;9;60;heavy;1
2025-07-02T09:43:00+02:00;43786_D;50;12;0;unknown;0
2025-07-02T09:43:00+02:00;43786_G;19;34;60;heavy;1
2025-07-02T09:43:00+02:00;43787_D;50;3;0;unknown;0
2025-07-02T09:43:00+02:00;43787_G;26;5;38;heavy;1
2025-07-02T09:43:00+02:00;43788_D;50;2;0;unknown;0
2025-07-02T09:43:00+02:00;43788_G;26;3;38;heavy;1
2025-07-02T09:43:00+02:00;43789_D;20;13;40;heavy;1
2025-07-02T09:43:00+02:00;43789_G;26;11;38;heavy;1
2025-07-02T09:43:00+02:00;43790_D;27;9;40;heavy;1
2025-07-02T09:43:00+02:00;43790_G;28;8;38;heavy;1
2025-07-02T09:43:00+02:00;43791_D;33;4;40;heavy;1
2025-07-02T09:43:00+02:00;43791_G;39;4;32;freeFlow;1
2025-07-02T09:43:00+02:00;43792_D;38;9;40;freeFlow;1
2025-07-02T09:43:00+02:00;43792_G;41;8;32;freeFlow;1
2025-07-02T09:43:00+02:00;43814_D;43;17;55;freeFlow;1
2025-07-02T09:43:00+02:00;43814_G;39;18;20;freeFlow;1
2025-07-02T09:43:00+02:00;43815_D;12;32;58;congested;1
2025-07-02T09:43:00+02:00;43815_G;57;7;20;freeFlow;1
2025-07-02T09:43:00+02:00;43817_D;50;14;0;unknown;0
2025-07-02T09:43:00+02:00;43817_G;44;15;25;freeFlow;1
2025-07-02T09:43:00+02:00;43819;34;13;22;freeFlow;1
2025-07-02T09:43:00+02:00;43821;29;9;97;heavy;3
2025-07-02T09:43:00+02:00;43828_D;50;11;0;unknown;0
2025-07-02T09:43:00+02:00;43828_G;26;21;38;heavy;1
2025-07-02T09:43:00+02:00;43835_D;47;7;55;freeFlow;1
2025-07-02T09:43:00+02:00;43835_G;57;6;20;freeFlow;1
2025-07-02T09:43:00+02:00;43836;23;21;60;heavy;1
2025-07-02T09:43:00+02:00;43871_D;18;11;32;heavy;1
2025-07-02T09:43:00+02:00;43871_G;18;11;60;heavy;1
2025-07-02T09:43:00+02:00;43872_D;29;7;32;heavy;1
2025-07-02T09:43:00+02:00;43872_G;26;8;60;heavy;1
2025-07-02T09:43:00+02:00;43873_D;28;9;32;heavy;1
2025-07-02T09:43:00+02:00;43873_G;27;10;60;heavy;1
2025-07-02T09:43:00+02:00;43925_D;10;25;35;congested;1
2025-07-02T09:43:00+02:00;43925_G;28;9;60;heavy;1
2025-07-02T09:43:00+02:00;43937_D;29;10;17;heavy;1
2025-07-02T09:43:00+02:00;43937_G;25;12;17;heavy;1
2025-07-02T09:43:00+02:00;43938_D;50;20;0;unknown;0
2025-07-02T09:43:00+02:00;43938_G;51;19;17;freeFlow;1
2025-07-02T09:43:00+02:00;43972;7;48;60;congested;1
2025-07-02T09:43:00+02:00;43974;49;10;60;freeFlow;1
2025-07-02T09:43:00+02:00;43975;51;4;60;freeFlow;1
2025-07-02T09:43:00+02:00;44002_D;44;10;100;freeFlow;3
2025-07-02T09:43:00+02:00;44002_G;39;11;100;freeFlow;4
2025-07-02T09:43:00+02:00;44003_D;48;9;100;freeFlow;3
2025-07-02T09:43:00+02:00;44012;11;60;60;congested;1
2025-07-02T09:43:00+02:00;44017_D;35;4;60;heavy;1
2025-07-02T09:43:00+02:00;44018_D;11;53;60;congested;1
2025-07-02T09:43:00+02:00;44028;42;7;60;freeFlow;1
2025-07-02T09:43:00+02:00;44036_D;15;7;75;heavy;2
2025-07-02T09:43:00+02:00;44036_G;23;5;60;heavy;1
2025-07-02T09:43:00+02:00;44066;24;8;60;heavy;1
2025-07-02T09:43:00+02:00;44067;24;31;73;heavy;2
2025-07-02T09:43:00+02:00;44069;7;30;73;congested;2
2025-07-02T09:43:00+02:00;44084_D;50;5;0;unknown;0
2025-07-02T09:43:00+02:00;44084_G;50;5;0;unknown;0
2025-07-02T09:43:00+02:00;44089_D;50;6;0;unknown;0
2025-07-02T09:43:00+02:00;44089_G;51;6;57;freeFlow;1
2025-07-02T09:43:00+02:00;44090_D;50;5;0;unknown;0
2025-07-02T09:43:00+02:00;44090_G;51;5;57;freeFlow;1
2025-07-02T09:43:00+02:00;44131;51;12;57;freeFlow;1
2025-07-02T09:43:00+02:00;44134;51;8;57;freeFlow;1
2025-07-02T09:43:00+02:00;44165_D;50;5;0;unknown;0
2025-07-02T09:43:00+02:00;44165_G;50;5;0;unknown;0
2025-07-02T09:43:00+02:00;44198_D;39;19;55;freeFlow;1
2025-07-02T09:43:00+02:00;44198_G;34;21;48;heavy;1
2025-07-02T09:43:00+02:00;44199_D;40;6;55;freeFlow;1
2025-07-02T09:43:00+02:00;44199_G;34;7;48;heavy;1
2025-07-02T09:43:00+02:00;44231_D;9;29;60;congested;2
2025-07-02T09:43:00+02:00;44231_G;35;7;60;freeFlow;1
2025-07-02T09:43:00+02:00;44232_D;28;7;65;heavy;2
2025-07-02T09:43:00+02:00;44232_G;30;7;57;heavy;1
2025-07-02T09:43:00+02:00;44234_D;37;9;65;freeFlow;2
2025-07-02T09:43:00+02:00;44234_G;22;16;57;heavy;1
2025-07-02T09:43:00+02:00;44259_D;31;4;62;heavy;2
2025-07-02T09:43:00+02:00;44259_G;27;4;75;heavy;2
2025-07-02T09:43:00+02:00;44260;35;11;57;freeFlow;1
2025-07-02T09:43:00+02:00;44261_D;23;20;10;heavy;1
2025-07-02T09:43:00+02:00;44261_G;24;19;60;heavy;1
2025-07-02T09:43:00+02:00;44293;7;40;0;unknown;0
2025-07-02T09:43:00+02:00;44303_D;50;2;0;unknown;0
2025-07-02T09:43:00+02:00;44303_G;50;2;0;unknown;0
2025-07-02T09:43:00+02:00;44304_D;38;12;57;freeFlow;1
2025-07-02T09:43:00+02:00;44304_G;50;9;0;unknown;0
2025-07-02T09:43:00+02:00;44322_D;29;77;65;heavy;2
2025-07-02T09:43:00+02:00;44322_G;28;79;58;heavy;1
2025-07-02T09:43:00+02:00;44328;46;11;0;unknown;0
2025-07-02T09:43:00+02:00;44583_D;30;12;43;heavy;2
2025-07-02T09:43:00+02:00;44583_G;50;7;0;unknown;0
2025-07-02T09:43:00+02:00;44584_D;50;10;0;unknown;0
2025-07-02T09:43:00+02:00;44584_G;50;10;0;unknown;0
2025-07-02T09:43:00+02:00;44632_D;50;20;0;unknown;0
2025-07-02T09:43:00+02:00;44632_G;50;20;0;unknown;0
2025-07-02T09:43:00+02:00;44694_D;58;10;22;freeFlow;1
2025-07-02T09:43:00+02:00;44694_G;25;24;74;heavy;2
2025-07-02T09:43:00+02:00;44695_D;1;83;22;congested;1
2025-07-02T09:43:00+02:00;44695_G;33;3;60;heavy;1
2025-07-02T09:43:00+02:00;44711_D;44;14;30;freeFlow;1
2025-07-02T09:43:00+02:00;44711_G;37;17;38;freeFlow;1
2025-07-02T09:43:00+02:00;44712_D;40;6;30;freeFlow;1
2025-07-02T09:43:00+02:00;44712_G;37;6;38;freeFlow;1
2025-07-02T09:43:00+02:00;44714_D;44;1;30;freeFlow;1
2025-07-02T09:43:00+02:00;44714_G;37;1;38;freeFlow;1
2025-07-02T09:43:00+02:00;44736_D;50;2;0;unknown;0
2025-07-02T09:43:00+02:00;44736_G;50;2;0;unknown;0
2025-07-02T09:43:00+02:00;44868;75;6;75;freeFlow;2
2025-07-02T09:43:00+02:00;44873;54;2;60;freeFlow;1
2025-07-02T09:43:00+02:00;44874;54;7;100;freeFlow;4
2025-07-02T09:43:00+02:00;44875;66;6;60;freeFlow;1
2025-07-02T09:43:00+02:00;44877;49;8;100;freeFlow;3
2025-07-02T09:43:00+02:00;44878;70;13;27;freeFlow;1
2025-07-02T09:43:00+02:00;44880;77;20;100;freeFlow;5
2025-07-02T09:43:00+02:00;44882;75;13;100;freeFlow;6
2025-07-02T09:43:00+02:00;44884;77;17;100;freeFlow;10
2025-07-02T09:43:00+02:00;44900;77;20;100;freeFlow;3
2025-07-02T09:43:00+02:00;44902_D;50;33;0;unknown;0
2025-07-02T09:43:00+02:00;44902_G;44;38;100;freeFlow;3
2025-07-02T09:43:00+02:00;44905;58;12;100;freeFlow;6
2025-07-02T09:43:00+02:00;44920;71;3;100;freeFlow;13
2025-07-02T09:43:00+02:00;44942;53;21;100;freeFlow;3
2025-07-02T09:43:00+02:00;44948;65;16;100;freeFlow;9
2025-07-02T09:43:00+02:00;44961;15;22;100;heavy;4
2025-07-02T09:43:00+02:00;44962;10;24;38;heavy;1
2025-07-02T09:43:00+02:00;44963;12;8;70;congested;2
2025-07-02T09:43:00+02:00;44966;77;13;100;freeFlow;11
2025-07-02T09:43:00+02:00;44974;42;3;100;freeFlow;5
2025-07-02T09:43:00+02:00;45012_D;27;2;57;heavy;2
2025-07-02T09:43:00+02:00;45012_G;38;2;60;freeFlow;1
2025-07-02T09:43:00+02:00;45028_D;34;25;60;heavy;2
2025-07-02T09:43:00+02:00;45028_G;35;24;60;freeFlow;1
2025-07-02T09:43:00+02:00;45029_D;34;10;60;heavy;2
2025-07-02T09:43:00+02:00;45029_G;43;8;60;freeFlow;1
2025-07-02T09:43:00+02:00;45106_D;39;4;57;freeFlow;2
2025-07-02T09:43:00+02:00;45106_G;43;3;60;freeFlow;1
2025-07-02T09:43:00+02:00;45136_D;23;33;45;heavy;1
2025-07-02T09:43:00+02:00;45149;35;14;100;heavy;3
2025-07-02T09:43:00+02:00;45166;36;1;100;freeFlow;3
2025-07-02T09:43:00+02:00;45169;49;2;75;freeFlow;2
2025-07-02T09:43:00+02:00;45236_G;38;13;35;freeFlow;1
2025-07-02T09:43:00+02:00;45238;50;13;35;freeFlow;1
2025-07-02T09:43:00+02:00;45239;43;12;75;freeFlow;2
2025-07-02T09:43:00+02:00;45240;56;9;75;heavy;2
2025-07-02T09:43:00+02:00;45241;56;2;75;heavy;2
2025-07-02T09:43:00+02:00;45305;91;3;32;freeFlow;1
2025-07-02T09:43:00+02:00;45306;90;7;0;unknown;0
2025-07-02T09:43:00+02:00;45327;71;8;100;freeFlow;17
2025-07-02T09:43:00+02:00;45486_D;32;6;10;heavy;1
2025-07-02T09:43:00+02:00;45487_D;31;8;10;heavy;1
2025-07-02T09:43:00+02:00;45630;74;15;100;freeFlow;20
2025-07-02T09:43:00+02:00;45645_D;48;11;60;freeFlow;1
2025-07-02T09:43:00+02:00;45651;45;4;75;freeFlow;2
2025-07-02T09:43:00+02:00;45761_D;37;8;60;freeFlow;1
2025-07-02T09:43:00+02:00;45865_D;44;8;10;freeFlow;1
2025-07-02T09:43:00+02:00;46053_D;50;8;0;unknown;0
2025-07-02T09:43:00+02:00;46056_D;50;2;0;unknown;0
2025-07-02T09:43:00+02:00;46061;25;9;60;heavy;1
2025-07-02T09:43:00+02:00;46567_D;25;4;60;heavy;1
2025-07-02T09:43:00+02:00;46642;50;5;0;unknown;0
2025-07-02T09:43:00+02:00;46771;81;10;100;freeFlow;5
2025-07-02T09:43:00+02:00;46821_D;42;19;60;freeFlow;1
2025-07-02T09:43:00+02:00;46821_G;33;25;75;heavy;2
2025-07-02T09:43:00+02:00;46923_D;44;1;60;freeFlow;1
2025-07-02T09:43:00+02:00;46923_G;60;0;75;freeFlow;2
2025-07-02T09:43:00+02:00;46976;39;5;0;unknown;0
2025-07-02T09:43:00+02:00;47029;11;34;57;congested;1
2025-07-02T09:43:00+02:00;47061;80;23;100;freeFlow;10
2025-07-02T09:43:00+02:00;47239;86;6;100;freeFlow;7
2025-07-02T09:43:00+02:00;47410;94;14;100;freeFlow;8
2025-07-02T09:43:00+02:00;47411;75;17;100;freeFlow;8
2025-07-02T09:43:00+02:00;47412;49;1;60;heavy;1
2025-07-02T09:43:00+02:00;47413;46;10;100;heavy;4
2025-07-02T09:43:00+02:00;47414;54;1;75;freeFlow;2
2025-07-02T09:43:00+02:00;47416;89;13;100;freeFlow;8
2025-07-02T09:43:00+02:00;47418;88;17;100;freeFlow;10
2025-07-02T09:43:00+02:00;47420;107;9;60;freeFlow;1
2025-07-02T09:43:00+02:00;47476;53;11;100;freeFlow;3
2025-07-02T09:43:00+02:00;47477;68;3;100;freeFlow;3
2025-07-02T09:43:00+02:00;47479;89;11;75;freeFlow;2
2025-07-02T09:43:00+02:00;47480;94;48;100;freeFlow;7
2025-07-02T09:43:00+02:00;47481;95;48;100;freeFlow;9
2025-07-02T09:43:00+02:00;47537_D;50;6;0;unknown;0
2025-07-02T09:43:00+02:00;47537_G;26;12;38;heavy;1
2025-07-02T09:43:00+02:00;47742_D;31;7;60;heavy;1
2025-07-02T09:43:00+02:00;48758;49;2;100;freeFlow;4
2025-07-02T09:43:00+02:00;48759;52;1;100;freeFlow;4
2025-07-02T09:43:00+02:00;48920_D;7;37;38;congested;1
2025-07-02T09:43:00+02:00;48920_G;26;9;60;heavy;1
2025-07-02T09:43:00+02:00;489866_D;37;4;15;freeFlow;1
2025-07-02T09:43:00+02:00;489970;76;12;75;freeFlow;2
2025-07-02T09:43:00+02:00;489971;49;3;60;heavy;1
2025-07-02T09:43:00+02:00;489972;90;5;100;freeFlow;11
2025-07-02T09:43:00+02:00;490059_D;52;18;50;freeFlow;1
2025-07-02T09:43:00+02:00;490059_G;40;23;50;heavy;1
2025-07-02T09:43:00+02:00;490080_D;57;1;48;freeFlow;1
2025-07-02T09:43:00+02:00;490080_G;50;1;0;unknown;0
2025-07-02T09:43:00+02:00;49026;28;2;100;heavy;4
2025-07-02T09:43:00+02:00;49053;18;30;75;heavy;2
2025-07-02T09:43:00+02:00;490823;68;11;42;freeFlow;1
2025-07-02T09:43:00+02:00;490824;97;4;60;freeFlow;1
2025-07-02T09:43:00+02:00;490825;78;10;57;freeFlow;2
2025-07-02T09:43:00+02:00;490827;83;5;57;freeFlow;2
2025-07-02T09:43:00+02:00;490828_D;17;30;72;heavy;2
2025-07-02T09:43:00+02:00;490828_G;33;16;48;freeFlow;1
2025-07-02T09:43:00+02:00;491005_D;34;4;60;heavy;2
2025-07-02T09:43:00+02:00;491005_G;40;4;60;freeFlow;1
2025-07-02T09:43:00+02:00;491126_D;8;54;60;congested;1
2025-07-02T09:43:00+02:00;491126_G;68;7;42;freeFlow;1
2025-07-02T09:43:00+02:00;491135;10;13;60;congested;1
2025-07-02T09:43:00+02:00;491141;30;3;60;heavy;1
2025-07-02T09:43:00+02:00;491300_D;6;112;12;congested;1
2025-07-02T09:43:00+02:00;491300_G;34;19;60;heavy;1
2025-07-02T09:43:00+02:00;491308;35;1;60;heavy;1
2025-07-02T09:43:00+02:00;491320_D;27;10;57;heavy;1
2025-07-02T09:43:00+02:00;491320_G;33;8;60;heavy;1
2025-07-02T09:43:00+02:00;491326_D;32;17;60;heavy;1
2025-07-02T09:43:00+02:00;491326_G;33;16;60;heavy;1
2025-07-02T09:43:00+02:00;491329_D;22;10;42;heavy;1
2025-07-02T09:43:00+02:00;491329_G;29;7;60;heavy;1
2025-07-02T09:43:00+02:00;491490;12;19;60;congested;1
2025-07-02T09:43:00+02:00;491714_D;44;6;60;freeFlow;1
2025-07-02T09:43:00+02:00;491714_G;57;4;75;freeFlow;2
2025-07-02T09:43:00+02:00;491735_D;41;3;60;freeFlow;1
2025-07-02T09:43:00+02:00;491735_G;53;3;75;freeFlow;2
2025-07-02T09:43:00+02:00;491794_D;50;3;0;unknown;0
2025-07-02T09:43:00+02:00;491794_G;50;3;0;unknown;0
2025-07-02T09:43:00+02:00;491872;36;18;100;freeFlow;4
2025-07-02T09:43:00+02:00;491877;42;2;100;freeFlow;5
2025-07-02T09:43:00+02:00;491881;32;1;100;heavy;3
2025-07-02T09:43:00+02:00;491884;29;2;75;heavy;2
2025-07-02T09:43:00+02:00;491888;70;13;100;freeFlow;4
2025-07-02T09:43:00+02:00;491890;32;2;100;heavy;6
2025-07-02T09:43:00+02:00;491917;102;1;32;freeFlow;1
2025-07-02T09:43:00+02:00;49225_D;46;7;32;freeFlow;1
2025-07-02T09:43:00+02:00;49225_G;33;10;38;heavy;1
2025-07-02T09:43:00+02:00;492315_D;29;49;56;heavy;2
2025-07-02T09:43:00+02:00;492315_G;42;35;45;freeFlow;1
2025-07-02T09:43:00+02:00;492351_D;2;80;15;congested;1
2025-07-02T09:43:00+02:00;492359_G;42;6;52;freeFlow;1
2025-07-02T09:43:00+02:00;492437;25;8;60;heavy;1
2025-07-02T09:43:00+02:00;492442;7;5;52;congested;1
2025-07-02T09:43:00+02:00;492445_D;32;19;60;heavy;1
2025-07-02T09:43:00+02:00;492478;29;5;100;heavy;4
2025-07-02T09:43:00+02:00;492492;25;13;75;heavy;2
2025-07-02T09:43:00+02:00;49315_D;50;4;0;unknown;0
2025-07-02T09:43:00+02:00;49315_G;19;10;60;heavy;1
2025-07-02T09:43:00+02:00;49943_D;50;14;0;unknown;0
2025-07-02T09:43:00+02:00;49943_G;51;13;57;freeFlow;1
2025-07-02T09:43:00+02:00;49947;50;4;0;unknown;0
2025-07-02T09:43:00+02:00;49958_D;58;5;22;freeFlow;1
2025-07-02T09:43:00+02:00;49958_G;37;7;38;freeFlow;1
2025-07-02T09:43:00+02:00;50308_D;26;10;15;heavy;1
2025-07-02T09:43:00+02:00;50441;15;16;42;heavy;1
2025-07-02T09:43:00+02:00;50525;15;15;57;congested;1
2025-07-02T09:43:00+02:00;50571;7;15;60;congested;1
2025-07-02T09:43:00+02:00;50625;9;25;60;congested;1
2025-07-02T09:43:00+02:00;5064_D;38;14;97;heavy;3
2025-07-02T09:43:00+02:00;5064_G;16;32;74;congested;2
2025-07-02T09:43:00+02:00;51419;23;32;60;heavy;1
2025-07-02T09:43:00+02:00;51474_D;50;1;0;unknown;0
2025-07-02T09:43:00+02:00;51474_G;26;2;38;heavy;1
2025-07-02T09:43:00+02:00;51798;31;3;60;heavy;1
2025-07-02T09:43:00+02:00;52107_D;47;9;60;freeFlow;1
2025-07-02T09:43:00+02:00;52107_G;71;7;75;freeFlow;2
2025-07-02T09:43:00+02:00;52129;50;6;0;unknown;0
2025-07-02T09:43:00+02:00;52835_D;14;12;75;congested;2
2025-07-02T09:43:00+02:00;53020_D;43;2;60;freeFlow;1
2025-07-02T09:43:00+02:00;53327_D;42;8;45;freeFlow;2
2025-07-02T09:43:00+02:00;53327_G;50;7;0;unknown;0
2025-07-02T09:43:00+02:00;53411_G;32;12;35;heavy;1
2025-07-02T09:43:00+02:00;53428;70;67;100;freeFlow;10
2025-07-02T09:43:00+02:00;53539_D;35;6;30;freeFlow;1
2025-07-02T09:43:00+02:00;53566;50;2;0;unknown;0
2025-07-02T09:43:00+02:00;53623;37;3;100;freeFlow;3
2025-07-02T09:43:00+02:00;53624;36;2;100;freeFlow;3
2025-07-02T09:43:00+02:00;53625;42;2;60;freeFlow;1
2025-07-02T09:43:00+02:00;53634_D;34;2;52;freeFlow;1
2025-07-02T09:43:00+02:00;53634_G;30;2;0;unknown;0
2025-07-02T09:43:00+02:00;53641_D;50;9;0;unknown;0
2025-07-02T09:43:00+02:00;53641_G;108;4;12;freeFlow;1
2025-07-02T09:43:00+02:00;53652;51;15;57;freeFlow;1
2025-07-02T09:43:00+02:00;53659;51;4;69;freeFlow;2
2025-07-02T09:43:00+02:00;53702;81;5;75;freeFlow;2
2025-07-02T09:43:00+02:00;53892;49;1;60;freeFlow;1
2025-07-02T09:43:00+02:00;53893;54;11;60;freeFlow;1
2025-07-02T09:43:00+02:00;53895;54;6;60;freeFlow;1
2025-07-02T09:43:00+02:00;53896;51;8;60;freeFlow;1
2025-07-02T09:43:00+02:00;53898;33;17;60;heavy;1
2025-07-02T09:43:00+02:00;53900;12;48;73;congested;2
2025-07-02T09:43:00+02:00;53901;27;10;57;heavy;1
2025-07-02T09:43:00+02:00;53903;28;7;57;heavy;1
2025-07-02T09:43:00+02:00;53904;35;4;100;heavy;4
2025-07-02T09:43:00+02:00;53905;56;7;57;freeFlow;1
2025-07-02T09:43:00+02:00;53908;43;3;100;freeFlow;5
2025-07-02T09:43:00+02:00;53910;38;8;100;freeFlow;5
2025-07-02T09:43:00+02:00;53912;45;7;100;freeFlow;3
2025-07-02T09:43:00+02:00;53915;46;12;100;freeFlow;3
2025-07-02T09:43:00+02:00;53918;47;10;100;freeFlow;3
2025-07-02T09:43:00+02:00;53919;44;3;100;freeFlow;3
2025-07-02T09:43:00+02:00;53921;39;14;100;freeFlow;4
2025-07-02T09:43:00+02:00;53922;37;4;100;freeFlow;4
2025-07-02T09:43:00+02:00;53923;53;10;60;freeFlow;1
2025-07-02T09:43:00+02:00;53925_D;70;4;0;unknown;0
2025-07-02T09:43:00+02:00;53925_G;48;6;75;heavy;2
2025-07-02T09:43:00+02:00;53936;97;9;100;freeFlow;4
2025-07-02T09:43:00+02:00;53938;81;4;100;freeFlow;3
2025-07-02T09:43:00+02:00;53939;53;27;100;freeFlow;3
2025-07-02T09:43:00+02:00;53941;74;7;100;freeFlow;9
2025-07-02T09:43:00+02:00;53942;73;4;100;freeFlow;9
2025-07-02T09:43:00+02:00;53944;36;1;100;freeFlow;5
2025-07-02T09:43:00+02:00;53945;39;12;100;heavy;6
2025-07-02T09:43:00+02:00;53946;37;1;100;freeFlow;5
2025-07-02T09:43:00+02:00;53947;47;1;100;freeFlow;4
2025-07-02T09:43:00+02:00;53948;80;3;100;freeFlow;3
2025-07-02T09:43:00+02:00;53949;81;2;100;freeFlow;3
2025-07-02T09:43:00+02:00;53950;81;47;100;freeFlow;6
2025-07-02T09:43:00+02:00;53952_D;36;3;60;freeFlow;1
2025-07-02T09:43:00+02:00;53952_G;36;4;75;freeFlow;2
2025-07-02T09:43:00+02:00;53959;77;47;100;freeFlow;6
2025-07-02T09:43:00+02:00;53961;94;60;100;freeFlow;3
2025-07-02T09:43:00+02:00;53987;29;2;100;heavy;5
2025-07-02T09:43:00+02:00;53990;61;5;75;freeFlow;2
2025-07-02T09:43:00+02:00;54067;92;11;100;freeFlow;8
2025-07-02T09:43:00+02:00;54134;46;17;75;freeFlow;2
2025-07-02T09:43:00+02:00;54138;52;20;75;freeFlow;2
2025-07-02T09:43:00+02:00;54140;49;40;60;freeFlow;1
2025-07-02T09:43:00+02:00;54144;55;3;75;freeFlow;2
2025-07-02T09:43:00+02:00;54150;52;17;48;freeFlow;1
2025-07-02T09:43:00+02:00;54153;51;17;50;freeFlow;1
2025-07-02T09:43:00+02:00;54154;15;73;52;congested;1
2025-07-02T09:43:00+02:00;54155;41;27;48;freeFlow;1
2025-07-02T09:43:00+02:00;54161;35;6;60;heavy;1
2025-07-02T09:43:00+02:00;54187_D;25;14;60;freeFlow;1
2025-07-02T09:43:00+02:00;54187_G;28;13;60;freeFlow;1
2025-07-02T09:43:00+02:00;54189_D;26;15;60;freeFlow;1
2025-07-02T09:43:00+02:00;54189_G;17;24;60;heavy;1
2025-07-02T09:43:00+02:00;54191_D;26;11;60;freeFlow;1
2025-07-02T09:43:00+02:00;54191_G;12;22;60;heavy;1
2025-07-02T09:43:00+02:00;54197;36;21;60;freeFlow;1
2025-07-02T09:43:00+02:00;54198;57;4;20;freeFlow;1
2025-07-02T09:43:00+02:00;54206;38;15;48;freeFlow;2
2025-07-02T09:43:00+02:00;54208;33;2;48;freeFlow;2
2025-07-02T09:43:00+02:00;54212;42;39;60;freeFlow;1
2025-07-02T09:43:00+02:00;54223_D;35;2;25;freeFlow;1
2025-07-02T09:43:00+02:00;54223_G;11;6;57;heavy;2
2025-07-02T09:43:00+02:00;54227;90;10;100;freeFlow;8
2025-07-02T09:43:00+02:00;54234;85;0;75;freeFlow;2
2025-07-02T09:43:00+02:00;54239;79;1;60;freeFlow;1
2025-07-02T09:43:00+02:00;54240;28;12;100;heavy;3
2025-07-02T09:43:00+02:00;54241;34;2;100;heavy;3
2025-07-02T09:43:00+02:00;54243;25;22;75;heavy;2
2025-07-02T09:43:00+02:00;54297;8;99;75;congested;2
2025-07-02T09:43:00+02:00;54339;18;52;20;heavy;1
2025-07-02T09:43:00+02:00;54340;50;6;0;unknown;0
2025-07-02T09:43:00+02:00;54358_D;51;14;99;freeFlow;4
2025-07-02T09:43:00+02:00;54358_G;39;18;100;freeFlow;3
2025-07-02T09:43:00+02:00;54363;80;6;70;freeFlow;2
2025-07-02T09:43:00+02:00;54365;80;3;70;freeFlow;2
2025-07-02T09:43:00+02:00;54367;80;5;70;freeFlow;2
2025-07-02T09:43:00+02:00;54368;80;1;70;freeFlow;2
2025-07-02T09:43:00+02:00;54369;84;14;100;freeFlow;13
2025-07-02T09:43:00+02:00;54372;39;1;70;freeFlow;2
2025-07-02T09:43:00+02:00;54375;58;12;58;freeFlow;1
2025-07-02T09:43:00+02:00;54376;56;4;60;freeFlow;1
2025-07-02T09:43:00+02:00;54378;13;24;100;congested;3
2025-07-02T09:43:00+02:00;54381;56;5;57;freeFlow;1
2025-07-02T09:43:00+02:00;54382;53;4;100;freeFlow;3
2025-07-02T09:43:00+02:00;54383;37;22;100;freeFlow;6
2025-07-02T09:43:00+02:00;54384;20;13;100;heavy;3
2025-07-02T09:43:00+02:00;54385;77;3;42;freeFlow;1
2025-07-02T09:43:00+02:00;54386;100;1;60;freeFlow;1
2025-07-02T09:43:00+02:00;54400;45;12;75;freeFlow;2
2025-07-02T09:43:00+02:00;54401;48;2;75;freeFlow;2
2025-07-02T09:43:00+02:00;54406;42;62;60;freeFlow;1
2025-07-02T09:43:00+02:00;54428_D;50;12;0;unknown;0
2025-07-02T09:43:00+02:00;54428_G;51;12;73;freeFlow;2
2025-07-02T09:43:00+02:00;54429_D;43;15;55;freeFlow;1
2025-07-02T09:43:00+02:00;54429_G;35;19;60;heavy;1
2025-07-02T09:43:00+02:00;54438_D;28;2;57;heavy;1
2025-07-02T09:43:00+02:00;54438_G;50;1;0;unknown;0
2025-07-02T09:43:00+02:00;54440_D;28;10;57;heavy;1
2025-07-02T09:43:00+02:00;54440_G;50;6;0;unknown;0
2025-07-02T09:43:00+02:00;54444_D;28;2;57;heavy;1
2025-07-02T09:43:00+02:00;54444_G;50;1;0;unknown;0
2025-07-02T09:43:00+02:00;54447_D;18;29;58;heavy;1
2025-07-02T09:43:00+02:00;54447_G;50;11;0;unknown;0
2025-07-02T09:43:00+02:00;54448_D;23;7;60;heavy;1
2025-07-02T09:43:00+02:00;54448_G;50;3;0;unknown;0
2025-07-02T09:43:00+02:00;54449_D;42;12;0;unknown;0
2025-07-02T09:43:00+02:00;54449_G;50;10;0;unknown;0
2025-07-02T09:43:00+02:00;54453_D;50;3;0;unknown;0
2025-07-02T09:43:00+02:00;54453_G;50;3;0;unknown;0
2025-07-02T09:43:00+02:00;54455;50;2;0;unknown;0
2025-07-02T09:43:00+02:00;54457;50;8;0;unknown;0
2025-07-02T09:43:00+02:00;54460;50;5;0;unknown;0
2025-07-02T09:43:00+02:00;54463_D;50;6;0;unknown;0
2025-07-02T09:43:00+02:00;54463_G;50;6;0;unknown;0
2025-07-02T09:43:00+02:00;54466_D;38;19;60;freeFlow;1
2025-07-02T09:43:00+02:00;54466_G;37;22;30;freeFlow;1
2025-07-02T09:43:00+02:00;54469;43;3;75;freeFlow;2
2025-07-02T09:43:00+02:00;54471;50;9;0;unknown;0
2025-07-02T09:43:00+02:00;54472;35;12;48;heavy;2
2025-07-02T09:43:00+02:00;54473;37;1;48;freeFlow;2
2025-07-02T09:43:00+02:00;54483;22;70;91;heavy;3
2025-07-02T09:43:00+02:00;54489;50;1;0;unknown;0
2025-07-02T09:43:00+02:00;54490;51;4;57;freeFlow;1
2025-07-02T09:43:00+02:00;54492;51;3;57;freeFlow;1
2025-07-02T09:43:00+02:00;54505;22;34;15;heavy;1
2025-07-02T09:43:00+02:00;54509;50;6;0;unknown;0
2025-07-02T09:43:00+02:00;54518;50;3;0;unknown;0
2025-07-02T09:43:00+02:00;54522;50;2;0;unknown;0
2025-07-02T09:43:00+02:00;54523;30;3;0;unknown;0
2025-07-02T09:43:00+02:00;54524;30;1;0;unknown;0
2025-07-02T09:43:00+02:00;54580_D;21;27;50;heavy;2
2025-07-02T09:43:00+02:00;54877;26;29;100;heavy;3
2025-07-02T09:43:00+02:00;54879;51;14;57;freeFlow;1
2025-07-02T09:43:00+02:00;54880_D;26;38;55;heavy;1
2025-07-02T09:43:00+02:00;54880_G;37;27;60;freeFlow;1
2025-07-02T09:43:00+02:00;54882;25;3;75;freeFlow;2
2025-07-02T09:43:00+02:00;54883;28;2;75;freeFlow;2
2025-07-02T09:43:00+02:00;54884;26;2;52;freeFlow;1
2025-07-02T09:43:00+02:00;54885;26;1;52;freeFlow;1
2025-07-02T09:43:00+02:00;54886;34;2;60;freeFlow;1
2025-07-02T09:43:00+02:00;54887;32;2;75;freeFlow;2
2025-07-02T09:43:00+02:00;54888;42;1;60;freeFlow;1
2025-07-02T09:43:00+02:00;54889;42;1;60;freeFlow;1
2025-07-02T09:43:00+02:00;54988;30;4;100;heavy;4
2025-07-02T09:43:00+02:00;54989;45;39;100;heavy;5
2025-07-02T09:43:00+02:00;54990;32;3;75;heavy;2
2025-07-02T09:43:00+02:00;54991;32;54;100;heavy;3
2025-07-02T09:43:00+02:00;55467_D;58;11;60;freeFlow;1
2025-07-02T09:43:00+02:00;55467_G;37;16;57;freeFlow;2
2025-07-02T09:43:00+02:00;55570_D;50;3;0;unknown;0
2025-07-02T09:43:00+02:00;55570_G;108;1;12;freeFlow;1
2025-07-02T09:43:00+02:00;55589_D;24;10;60;freeFlow;1
2025-07-02T09:43:00+02:00;55589_G;21;11;60;heavy;1
2025-07-02T09:43:00+02:00;55591;50;1;0;unknown;0
2025-07-02T09:43:00+02:00;55592;23;2;60;heavy;1
2025-07-02T09:43:00+02:00;55593;24;2;60;heavy;1
2025-07-02T09:43:00+02:00;55595;20;2;60;heavy;1
2025-07-02T09:43:00+02:00;55596;20;2;60;heavy;1
2025-07-02T09:43:00+02:00;55597;20;2;60;heavy;1
2025-07-02T09:43:00+02:00;55702;50;6;0;unknown;0
2025-07-02T09:43:00+02:00;55704;50;17;0;unknown;0
2025-07-02T09:43:00+02:00;5576_D;57;6;60;freeFlow;1
2025-07-02T09:43:00+02:00;5576_G;35;9;75;heavy;2
2025-07-02T09:43:00+02:00;55881;30;1;60;heavy;1
2025-07-02T09:43:00+02:00;55900;24;4;60;heavy;1
2025-07-02T09:43:00+02:00;55929_D;38;11;60;freeFlow;1
2025-07-02T09:43:00+02:00;55929_G;32;13;60;heavy;1
2025-07-02T09:43:00+02:00;55976;57;2;60;freeFlow;1
2025-07-02T09:43:00+02:00;56024;20;51;89;heavy;3
2025-07-02T09:43:00+02:00;56131;50;2;0;unknown;0
2025-07-02T09:43:00+02:00;56257;27;8;52;freeFlow;1
2025-07-02T09:43:00+02:00;563566;51;3;57;freeFlow;1
2025-07-02T09:43:00+02:00;563571;51;5;57;freeFlow;1
2025-07-02T09:43:00+02:00;563844_D;43;21;100;heavy;6
2025-07-02T09:43:00+02:00;563844_G;45;19;75;heavy;2
2025-07-02T09:43:00+02:00;563846;80;4;70;freeFlow;2
2025-07-02T09:43:00+02:00;563903_D;50;34;0;unknown;0
2025-07-02T09:43:00+02:00;563903_G;50;34;0;unknown;0
2025-07-02T09:43:00+02:00;564067_D;48;26;100;heavy;5
2025-07-02T09:43:00+02:00;564067_G;66;20;78;freeFlow;3
2025-07-02T09:43:00+02:00;564195_D;49;9;75;freeFlow;2
2025-07-02T09:43:00+02:00;564195_G;7;62;75;congested;2
2025-07-02T09:43:00+02:00;56441;17;13;65;heavy;2
2025-07-02T09:43:00+02:00;5651;29;2;60;heavy;1
2025-07-02T09:43:00+02:00;5652;50;1;100;freeFlow;3
2025-07-02T09:43:00+02:00;565232;30;4;0;unknown;0
2025-07-02T09:43:00+02:00;5653;33;1;75;heavy;2
2025-07-02T09:43:00+02:00;565374;39;53;100;freeFlow;3
2025-07-02T09:43:00+02:00;565376;22;93;52;heavy;1
2025-07-02T09:43:00+02:00;565393;77;62;100;freeFlow;5
2025-07-02T09:43:00+02:00;5654;43;1;100;freeFlow;4
2025-07-02T09:43:00+02:00;565682_D;35;27;75;heavy;2
2025-07-02T09:43:00+02:00;565682_G;32;29;71;heavy;2
2025-07-02T09:43:00+02:00;565731_D;16;6;60;heavy;1
2025-07-02T09:43:00+02:00;565731_G;68;1;42;freeFlow;1
2025-07-02T09:43:00+02:00;565732;78;1;57;freeFlow;2
2025-07-02T09:43:00+02:00;56584;57;4;60;freeFlow;1
2025-07-02T09:43:00+02:00;565854;56;18;75;freeFlow;2
2025-07-02T09:43:00+02:00;566176_D;39;29;25;heavy;1
2025-07-02T09:43:00+02:00;566176_G;49;23;60;heavy;1
2025-07-02T09:43:00+02:00;56619_D;25;16;65;heavy;3
2025-07-02T09:43:00+02:00;56619_G;50;8;0;unknown;0
2025-07-02T09:43:00+02:00;566287_D;42;12;75;freeFlow;2
2025-07-02T09:43:00+02:00;566287_G;30;16;0;unknown;0
2025-07-02T09:43:00+02:00;566302_D;32;1;60;heavy;1
2025-07-02T09:43:00+02:00;566302_G;39;1;25;freeFlow;1
2025-07-02T09:43:00+02:00;566303_D;42;18;45;freeFlow;1
2025-07-02T09:43:00+02:00;566303_G;41;18;25;freeFlow;1
2025-07-02T09:43:00+02:00;5663_D;45;58;100;heavy;4
2025-07-02T09:43:00+02:00;5663_G;70;37;60;freeFlow;1
2025-07-02T09:43:00+02:00;566407_D;25;3;60;freeFlow;1
2025-07-02T09:43:00+02:00;566407_G;27;3;60;freeFlow;1
2025-07-02T09:43:00+02:00;566417_D;25;6;60;freeFlow;1
2025-07-02T09:43:00+02:00;566417_G;25;6;60;freeFlow;1
2025-07-02T09:43:00+02:00;566419;29;1;38;heavy;1
2025-07-02T09:43:00+02:00;566481;50;1;0;unknown;0
2025-07-02T09:43:00+02:00;566482;50;1;0;unknown;0
2025-07-02T09:43:00+02:00;566483;113;100;92;freeFlow;4
2025-07-02T09:43:00+02:00;566484;50;0;0;unknown;0
2025-07-02T09:43:00+02:00;5664_D;77;2;60;freeFlow;1
2025-07-02T09:43:00+02:00;5664_G;59;3;75;freeFlow;2
2025-07-02T09:43:00+02:00;566573_D;21;5;65;heavy;3
2025-07-02T09:43:00+02:00;566573_G;50;2;0;unknown;0
2025-07-02T09:43:00+02:00;566599_D;24;2;32;freeFlow;1
2025-07-02T09:43:00+02:00;566599_G;35;1;48;freeFlow;1
2025-07-02T09:43:00+02:00;566706_D;50;3;0;unknown;0
2025-07-02T09:43:00+02:00;566706_G;29;6;45;heavy;1
2025-07-02T09:43:00+02:00;56676_G;25;9;60;heavy;1
2025-07-02T09:43:00+02:00;566850;35;4;50;freeFlow;1
2025-07-02T09:43:00+02:00;566924_D;42;7;60;freeFlow;1
2025-07-02T09:43:00+02:00;566924_G;15;20;0;unknown;0
2025-07-02T09:43:00+02:00;566942;11;4;57;congested;1
2025-07-02T09:43:00+02:00;56872;69;30;100;freeFlow;11
2025-07-02T09:43:00+02:00;56874;65;8;100;freeFlow;15
2025-07-02T09:43:00+02:00;56886;37;70;73;freeFlow;2
2025-07-02T09:43:00+02:00;56914;100;2;60;freeFlow;1
2025-07-02T09:43:00+02:00;56926;78;4;100;freeFlow;5
2025-07-02T09:43:00+02:00;57009;73;5;100;freeFlow;19
2025-07-02T09:43:00+02:00;57011;71;9;100;freeFlow;11
2025-07-02T09:43:00+02:00;57012;71;6;60;freeFlow;1
2025-07-02T09:43:00+02:00;57082_D;39;7;60;freeFlow;1
2025-07-02T09:43:00+02:00;57360_D;30;5;0;unknown;0
2025-07-02T09:43:00+02:00;57360_G;36;5;60;freeFlow;1
2025-07-02T09:43:00+02:00;57362_D;30;4;0;unknown;0
2025-07-02T09:43:00+02:00;57362_G;34;3;60;freeFlow;1
2025-07-02T09:43:00+02:00;57368_D;30;7;0;unknown;0
2025-07-02T09:43:00+02:00;57368_G;36;6;60;freeFlow;1
2025-07-02T09:43:00+02:00;57378_D;50;3;0;unknown;0
2025-07-02T09:43:00+02:00;57378_G;44;3;17;freeFlow;1
2025-07-02T09:43:00+02:00;62549;100;0;60;freeFlow;1
2025-07-02T09:43:00+02:00;62550;100;1;60;freeFlow;1
2025-07-02T09:43:00+02:00;62617_D;50;9;0;unknown;0
2025-07-02T09:43:00+02:00;62617_G;31;15;30;heavy;2
2025-07-02T09:43:00+02:00;62948_D;5;36;42;congested;1
2025-07-02T09:43:00+02:00;62948_G;30;5;60;freeFlow;1
2025-07-02T09:43:00+02:00;63039;43;4;100;freeFlow;3
2025-07-02T09:43:00+02:00;63203_D;30;26;60;freeFlow;1
2025-07-02T09:43:00+02:00;63203_G;13;59;45;heavy;1
2025-07-02T09:43:00+02:00;63308;28;3;100;heavy;5
2025-07-02T09:43:00+02:00;63895_D;18;8;40;heavy;1
2025-07-02T09:43:00+02:00;63895_G;15;10;25;heavy;1
2025-07-02T09:43:00+02:00;63903;84;2;100;freeFlow;8
2025-07-02T09:43:00+02:00;63917;52;2;100;freeFlow;6
2025-07-02T09:43:00+02:00;63954_D;27;7;30;freeFlow;1
2025-07-02T09:43:00+02:00;63954_G;35;4;48;freeFlow;1
2025-07-02T09:43:00+02:00;63961_D;23;2;22;freeFlow;1
2025-07-02T09:43:00+02:00;63961_G;30;2;0;unknown;0
2025-07-02T09:43:00+02:00;63963_D;14;32;70;heavy;2
2025-07-02T09:43:00+02:00;63963_G;31;15;48;freeFlow;1
2025-07-02T09:43:00+02:00;63974;46;8;60;heavy;1
2025-07-02T09:43:00+02:00;64028;50;2;0;unknown;0
2025-07-02T09:43:00+02:00;64029;56;2;60;heavy;1
2025-07-02T09:43:00+02:00;64033;52;3;75;freeFlow;2
2025-07-02T09:43:00+02:00;64034;52;2;75;freeFlow;2
2025-07-02T09:43:00+02:00;64035;49;2;60;freeFlow;1
2025-07-02T09:43:00+02:00;64104_D;50;2;0;unknown;0
2025-07-02T09:43:00+02:00;64104_G;42;3;22;freeFlow;1
2025-07-02T09:43:00+02:00;6421;102;23;75;freeFlow;2
2025-07-02T09:43:00+02:00;6422;98;7;75;freeFlow;2
2025-07-02T09:43:00+02:00;6423;98;14;40;freeFlow;1
2025-07-02T09:43:00+02:00;6424;98;31;49;freeFlow;2
2025-07-02T09:43:00+02:00;64792_D;36;19;50;freeFlow;1
2025-07-02T09:43:00+02:00;64792_G;41;17;22;freeFlow;1
2025-07-02T09:43:00+02:00;64862_D;35;14;10;heavy;1
2025-07-02T09:43:00+02:00;64862_G;46;11;22;freeFlow;1
2025-07-02T09:43:00+02:00;65281;15;7;42;heavy;1
2025-07-02T09:43:00+02:00;65283;15;7;42;heavy;1
2025-07-02T09:43:00+02:00;65293;15;13;42;heavy;1
2025-07-02T09:43:00+02:00;65961_D;34;40;50;heavy;1
2025-07-02T09:43:00+02:00;65961_G;33;41;22;heavy;1
2025-07-02T09:43:00+02:00;65966_D;34;1;50;heavy;1
2025-07-02T09:43:00+02:00;65966_G;21;2;22;heavy;1
2025-07-02T09:43:00+02:00;66020;81;0;100;freeFlow;3
2025-07-02T09:43:00+02:00;6615_D;42;14;100;heavy;5
2025-07-02T09:43:00+02:00;6615_G;42;14;53;heavy;2
2025-07-02T09:43:00+02:00;6616;31;2;60;heavy;1
2025-07-02T09:43:00+02:00;6619;30;4;100;heavy;6
2025-07-02T09:43:00+02:00;6620;35;7;100;heavy;6
2025-07-02T09:43:00+02:00;6621;42;3;80;heavy;3
2025-07-02T09:43:00+02:00;6622;36;2;100;heavy;5
2025-07-02T09:43:00+02:00;6623;35;1;100;heavy;4
2025-07-02T09:43:00+02:00;6628_D;59;14;38;freeFlow;1
2025-07-02T09:43:00+02:00;6628_G;50;17;0;unknown;0
2025-07-02T09:43:00+02:00;6629_D;47;21;53;freeFlow;2
2025-07-02T09:43:00+02:00;6629_G;50;19;0;unknown;0
2025-07-02T09:43:00+02:00;6643;47;14;60;heavy;1
2025-07-02T09:43:00+02:00;6644;35;19;100;heavy;4
2025-07-02T09:43:00+02:00;6645;31;3;100;heavy;3
2025-07-02T09:43:00+02:00;6646;31;2;100;heavy;3
2025-07-02T09:43:00+02:00;6647;31;1;100;heavy;3
2025-07-02T09:43:00+02:00;6648;41;2;60;freeFlow;1
2025-07-02T09:43:00+02:00;6649;41;2;60;freeFlow;1
2025-07-02T09:43:00+02:00;6650;42;4;60;freeFlow;1
2025-07-02T09:43:00+02:00;6651;31;5;100;heavy;3
2025-07-02T09:43:00+02:00;6669_D;61;82;71;freeFlow;3
2025-07-02T09:43:00+02:00;6669_G;50;99;100;heavy;3
2025-07-02T09:43:00+02:00;67069;21;8;35;heavy;1
2025-07-02T09:43:00+02:00;67223_D;22;3;27;freeFlow;1
2025-07-02T09:43:00+02:00;67223_G;35;2;48;freeFlow;1
2025-07-02T09:43:00+02:00;67229_D;37;11;57;freeFlow;1
2025-07-02T09:43:00+02:00;67229_G;26;16;52;freeFlow;1
2025-07-02T09:43:00+02:00;6723;99;8;75;freeFlow;2
2025-07-02T09:43:00+02:00;67324_D;71;14;75;freeFlow;2
2025-07-02T09:43:00+02:00;67324_G;69;14;55;freeFlow;1
2025-07-02T09:43:00+02:00;67330;22;3;75;freeFlow;2
2025-07-02T09:43:00+02:00;67332;25;3;88;freeFlow;3
2025-07-02T09:43:00+02:00;67334;21;2;60;heavy;1
2025-07-02T09:43:00+02:00;67340;25;2;60;freeFlow;1
2025-07-02T09:43:00+02:00;67341;24;13;60;freeFlow;1
2025-07-02T09:43:00+02:00;67344;15;13;75;heavy;2
2025-07-02T09:43:00+02:00;67352_D;10;38;70;heavy;2
2025-07-02T09:43:00+02:00;67352_G;26;15;75;freeFlow;2
2025-07-02T09:43:00+02:00;67380_D;22;37;70;heavy;2
2025-07-02T09:43:00+02:00;67380_G;36;23;75;freeFlow;2
2025-07-02T09:43:00+02:00;67385;36;3;75;freeFlow;2
2025-07-02T09:43:00+02:00;67389_D;29;3;55;heavy;1
2025-07-02T09:43:00+02:00;67389_G;27;3;45;heavy;1
2025-07-02T09:43:00+02:00;67390;29;3;55;heavy;1
2025-07-02T09:43:00+02:00;67391;29;6;55;heavy;1
2025-07-02T09:43:00+02:00;67392;29;5;48;heavy;1
2025-07-02T09:43:00+02:00;67511_D;30;4;0;unknown;0
2025-07-02T09:43:00+02:00;67511_G;8;15;42;congested;1
2025-07-02T09:43:00+02:00;67514_D;30;6;0;unknown;0
2025-07-02T09:43:00+02:00;67514_G;33;6;12;freeFlow;1
2025-07-02T09:43:00+02:00;67611;30;6;0;unknown;0
2025-07-02T09:43:00+02:00;67816;33;1;55;freeFlow;1
2025-07-02T09:43:00+02:00;67819_D;33;1;55;freeFlow;1
2025-07-02T09:43:00+02:00;67819_G;31;1;48;freeFlow;1
2025-07-02T09:43:00+02:00;67820;33;1;55;freeFlow;1
2025-07-02T09:43:00+02:00;67821;31;2;48;freeFlow;1
2025-07-02T09:43:00+02:00;67823;30;8;0;unknown;0
2025-07-02T09:43:00+02:00;67824;29;16;52;heavy;1
2025-07-02T09:43:00+02:00;67829;31;17;60;heavy;1
2025-07-02T09:43:00+02:00;67892_D;22;11;55;heavy;1
2025-07-02T09:43:00+02:00;67892_G;36;7;75;freeFlow;2
2025-07-02T09:43:00+02:00;68069;50;8;0;unknown;0
2025-07-02T09:43:00+02:00;68070;50;1;0;unknown;0
2025-07-02T09:43:00+02:00;68815;25;4;20;heavy;1
2025-07-02T09:43:00+02:00;69060;30;3;0;unknown;0
2025-07-02T09:43:00+02:00;69061;30;4;12;freeFlow;1
2025-07-02T09:43:00+02:00;69062;30;2;0;unknown;0
2025-07-02T09:43:00+02:00;69063;34;1;15;freeFlow;1
2025-07-02T09:43:00+02:00;69064_D;30;1;0;unknown;0
2025-07-02T09:43:00+02:00;69064_G;30;1;12;freeFlow;1
2025-07-02T09:43:00+02:00;69270_D;34;3;48;heavy;1
2025-07-02T09:43:00+02:00;69270_G;36;2;55;freeFlow;1
2025-07-02T09:43:00+02:00;69277;34;2;15;freeFlow;1
2025-07-02T09:43:00+02:00;69464;34;1;15;freeFlow;1
2025-07-02T09:43:00+02:00;69467;30;2;0;unknown;0
2025-07-02T09:43:00+02:00;69493;46;14;60;freeFlow;1
2025-07-02T09:43:00+02:00;69495;46;9;60;freeFlow;1
2025-07-02T09:43:00+02:00;69591;48;6;60;freeFlow;1
2025-07-02T09:43:00+02:00;69673;11;32;57;congested;1
2025-07-02T09:43:00+02:00;69878;43;19;100;freeFlow;3
2025-07-02T09:43:00+02:00;71197_D;53;22;60;heavy;1
2025-07-02T09:43:00+02:00;71197_G;49;24;75;heavy;2
2025-07-02T09:43:00+02:00;71455_D;50;3;0;unknown;0
2025-07-02T09:43:00+02:00;71492_D;39;5;75;freeFlow;2
2025-07-02T09:43:00+02:00;71492_G;21;9;100;heavy;3
2025-07-02T09:43:00+02:00;71493_D;33;9;60;heavy;1
2025-07-02T09:43:00+02:00;71493_G;78;4;60;freeFlow;1
2025-07-02T09:43:00+02:00;71494;45;3;100;freeFlow;4
2025-07-02T09:43:00+02:00;71496;37;7;100;freeFlow;3
2025-07-02T09:43:00+02:00;71497;27;3;100;heavy;4
2025-07-02T09:43:00+02:00;71504_D;22;2;60;heavy;1
2025-07-02T09:43:00+02:00;71504_G;31;1;100;heavy;3
2025-07-02T09:43:00+02:00;71508_D;51;9;100;freeFlow;3
2025-07-02T09:43:00+02:00;71508_G;36;13;100;freeFlow;3
2025-07-02T09:43:00+02:00;71509_D;33;30;60;heavy;1
2025-07-02T09:43:00+02:00;71509_G;50;20;0;unknown;0
2025-07-02T09:43:00+02:00;71554_D;50;5;0;unknown;0
2025-07-02T09:43:00+02:00;71554_G;34;7;60;heavy;1
2025-07-02T09:43:00+02:00;71555_D;29;4;57;heavy;1
2025-07-02T09:43:00+02:00;71555_G;29;4;60;heavy;1
2025-07-02T09:43:00+02:00;71661;56;5;73;heavy;2
2025-07-02T09:43:00+02:00;71668;75;9;60;freeFlow;1
2025-07-02T09:43:00+02:00;72425;74;17;100;freeFlow;4
2025-07-02T09:43:00+02:00;72487_D;80;31;0;unknown;0
2025-07-02T09:43:00+02:00;72842_D;50;22;0;unknown;0
2025-07-02T09:43:00+02:00;72842_G;67;17;60;freeFlow;1
2025-07-02T09:43:00+02:00;72940_D;50;24;0;unknown;0
2025-07-02T09:43:00+02:00;72940_G;51;23;50;freeFlow;1
2025-07-02T09:43:00+02:00;73636;29;6;60;heavy;1
2025-07-02T09:43:00+02:00;74067;39;2;60;heavy;1
2025-07-02T09:43:00+02:00;74454;27;1;75;heavy;2
2025-07-02T09:43:00+02:00;74457_D;34;29;75;heavy;2
2025-07-02T09:43:00+02:00;74457_G;28;36;60;heavy;1
2025-07-02T09:43:00+02:00;74459;32;1;75;heavy;2
2025-07-02T09:43:00+02:00;74460;34;1;42;heavy;1
2025-07-02T09:43:00+02:00;74461;52;1;42;freeFlow;1
2025-07-02T09:43:00+02:00;74688_D;58;16;60;freeFlow;1
2025-07-02T09:43:00+02:00;74688_G;50;18;0;unknown;0
2025-07-02T09:43:00+02:00;74748_D;22;14;60;congested;1
2025-07-02T09:43:00+02:00;74748_G;34;9;27;heavy;1
2025-07-02T09:43:00+02:00;75340;50;1;0;unknown;0
2025-07-02T09:43:00+02:00;75343_D;30;12;0;unknown;0
2025-07-02T09:43:00+02:00;75343_G;30;12;0;unknown;0
2025-07-02T09:43:00+02:00;75344;50;1;0;unknown;0
2025-07-02T09:43:00+02:00;75346;50;1;0;unknown;0
2025-07-02T09:43:00+02:00;75347_D;50;1;0;unknown;0
2025-07-02T09:43:00+02:00;75347_G;50;1;0;unknown;0
2025-07-02T09:43:00+02:00;75348;50;1;0;unknown;0
2025-07-02T09:43:00+02:00;75353;50;1;0;unknown;0
2025-07-02T09:43:00+02:00;75356_D;50;10;0;unknown;0
2025-07-02T09:43:00+02:00;75356_G;50;10;0;unknown;0
2025-07-02T09:43:00+02:00;75358;50;1;0;unknown;0
2025-07-02T09:43:00+02:00;75359;50;1;0;unknown;0
2025-07-02T09:43:00+02:00;75385;26;3;60;heavy;1
2025-07-02T09:43:00+02:00;75533_D;70;0;0;unknown;0
2025-07-02T09:43:00+02:00;75533_G;63;1;48;freeFlow;1
2025-07-02T09:43:00+02:00;75630;45;34;52;heavy;2
2025-07-02T09:43:00+02:00;75810;72;11;100;freeFlow;6
2025-07-02T09:43:00+02:00;75811;81;5;100;freeFlow;3
2025-07-02T09:43:00+02:00;75812;76;6;100;freeFlow;12
2025-07-02T09:43:00+02:00;75813;70;3;100;freeFlow;14
2025-07-02T09:43:00+02:00;75814;75;3;100;freeFlow;12
2025-07-02T09:43:00+02:00;75815;69;19;100;freeFlow;15
2025-07-02T09:43:00+02:00;75816;100;2;60;freeFlow;1
2025-07-02T09:43:00+02:00;75819_D;35;5;30;freeFlow;1
2025-07-02T09:43:00+02:00;75819_G;50;4;100;freeFlow;3
2025-07-02T09:43:00+02:00;75821;41;7;100;heavy;8
2025-07-02T09:43:00+02:00;75823;34;12;100;heavy;8
2025-07-02T09:43:00+02:00;75841;58;6;75;freeFlow;2
2025-07-02T09:43:00+02:00;75842;41;9;100;freeFlow;4
2025-07-02T09:43:00+02:00;75855;40;2;75;heavy;2
2025-07-02T09:43:00+02:00;75858;107;1;60;freeFlow;1
2025-07-02T09:43:00+02:00;75859;107;2;60;freeFlow;1
2025-07-02T09:43:00+02:00;75860;54;3;60;freeFlow;1
2025-07-02T09:43:00+02:00;75861;54;1;60;freeFlow;1
2025-07-02T09:43:00+02:00;75862;52;3;75;freeFlow;2
2025-07-02T09:43:00+02:00;75863;52;2;75;freeFlow;2
2025-07-02T09:43:00+02:00;75864;49;1;60;heavy;1
2025-07-02T09:43:00+02:00;75865;49;3;60;heavy;1
2025-07-02T09:43:00+02:00;75866;80;11;100;freeFlow;8
2025-07-02T09:43:00+02:00;75867;93;12;100;freeFlow;8
2025-07-02T09:43:00+02:00;75869;79;66;100;freeFlow;11
2025-07-02T09:43:00+02:00;75873_D;51;11;75;freeFlow;2
2025-07-02T09:43:00+02:00;75873_G;38;13;35;freeFlow;1
2025-07-02T09:43:00+02:00;75874_D;51;8;75;freeFlow;2
2025-07-02T09:43:00+02:00;75874_G;38;10;35;freeFlow;1
2025-07-02T09:43:00+02:00;75875;48;6;75;freeFlow;2
2025-07-02T09:43:00+02:00;75876;48;10;75;freeFlow;2
2025-07-02T09:43:00+02:00;75877;50;17;60;freeFlow;1
2025-07-02T09:43:00+02:00;75878;65;13;100;freeFlow;5
2025-07-02T09:43:00+02:00;75879;81;3;100;freeFlow;3
2025-07-02T09:43:00+02:00;75880;23;37;52;heavy;1
2025-07-02T09:43:00+02:00;75882;79;12;100;freeFlow;6
2025-07-02T09:43:00+02:00;75883;69;6;100;freeFlow;12
2025-07-02T09:43:00+02:00;75884;64;6;100;freeFlow;19
2025-07-02T09:43:00+02:00;75885;70;4;100;freeFlow;13
2025-07-02T09:43:00+02:00;75886;73;8;100;freeFlow;19
2025-07-02T09:43:00+02:00;75911;52;5;48;freeFlow;1
2025-07-02T09:43:00+02:00;75912;51;6;50;freeFlow;1
2025-07-02T09:43:00+02:00;76094;38;15;75;freeFlow;2
2025-07-02T09:43:00+02:00;7864_D;59;60;100;freeFlow;5
2025-07-02T09:43:00+02:00;7864_G;68;53;81;freeFlow;4
2025-07-02T09:43:00+02:00;790_D;67;12;60;freeFlow;1
2025-07-02T09:43:00+02:00;790_G;27;30;75;heavy;2
2025-07-02T09:43:00+02:00;791_D;43;20;100;heavy;4
2025-07-02T09:43:00+02:00;791_G;18;47;75;congested;2
2025-07-02T09:43:00+02:00;7936;95;8;75;freeFlow;2
2025-07-02T09:43:00+02:00;7937;99;22;100;freeFlow;3
2025-07-02T09:43:00+02:00;7938;90;34;41;freeFlow;1
2025-07-02T09:43:00+02:00;7995_D;55;19;100;heavy;5
2025-07-02T09:43:00+02:00;7995_G;69;14;75;freeFlow;3
2025-07-02T09:43:00+02:00;862_D;41;27;100;heavy;3
2025-07-02T09:43:00+02:00;862_G;67;16;74;freeFlow;2
2025-07-02T09:43:00+02:00;863_D;45;15;75;heavy;2
2025-07-02T09:43:00+02:00;863_G;66;11;55;freeFlow;1
2025-07-02T09:43:00+02:00;8745;48;4;60;freeFlow;1
2025-07-02T09:43:00+02:00;8962;112;20;75;freeFlow;2
2025-07-02T09:43:00+02:00;8963_D;64;7;97;freeFlow;6
2025-07-02T09:43:00+02:00;8963_G;54;8;100;freeFlow;3
2025-07-02T09:43:00+02:00;8966;110;11;75;freeFlow;2
2025-07-02T09:43:00+02:00;8969;82;16;100;freeFlow;7
2025-07-02T09:43:00+02:00;8970;75;20;100;heavy;6
2025-07-02T09:43:00+02:00;8971;89;23;100;freeFlow;5
2025-07-02T09:43:00+02:00;8974_D;41;6;100;heavy;4
2025-07-02T09:43:00+02:00;8974_G;50;5;73;freeFlow;2
2025-07-02T09:43:00+02:00;8976_D;44;8;100;heavy;4
2025-07-02T09:43:00+02:00;8976_G;52;7;73;freeFlow;2
2025-07-02T09:43:00+02:00;8977_D;49;6;100;freeFlow;4
2025-07-02T09:43:00+02:00;8977_G;34;9;97;heavy;3
2025-07-02T09:43:00+02:00;8978;103;13;100;freeFlow;7
2025-07-02T09:43:00+02:00;9040;57;15;57;heavy;1
2025-07-02T09:43:00+02:00;9041;39;5;100;freeFlow;3
2025-07-02T09:43:00+02:00;9042;44;2;74;freeFlow;2
2025-07-02T09:43:00+02:00;9043;38;4;73;freeFlow;2
2025-07-02T09:43:00+02:00;9044;39;3;73;freeFlow;2
2025-07-02T09:43:00+02:00;9045;50;2;0;unknown;0
2025-07-02T09:43:00+02:00;9046;40;2;60;freeFlow;1
2025-07-02T09:43:00+02:00;9047;40;2;60;freeFlow;1
2025-07-02T09:43:00+02:00;9048;55;10;60;heavy;1
2025-07-02T09:43:00+02:00;9049;25;6;73;heavy;2
2025-07-02T09:43:00+02:00;9050;33;2;60;heavy;1
2025-07-02T09:43:00+02:00;9051;48;3;60;freeFlow;1
2025-07-02T09:43:00+02:00;9052;50;2;0;unknown;0
2025-07-02T09:43:00+02:00;9053;46;2;60;freeFlow;1
2025-07-02T09:43:00+02:00;9054;42;14;57;freeFlow;1
2025-07-02T09:43:00+02:00;9055;40;15;60;freeFlow;1
2025-07-02T09:43:00+02:00;9057_D;60;9;100;freeFlow;4
2025-07-02T09:43:00+02:00;9057_G;77;7;75;freeFlow;2
2025-07-02T09:43:00+02:00;9058_D;62;22;100;freeFlow;4
2025-07-02T09:43:00+02:00;9058_G;70;20;75;freeFlow;2
2025-07-02T09:43:00+02:00;9059_D;61;10;100;freeFlow;5
2025-07-02T09:43:00+02:00;9059_G;63;10;75;freeFlow;2
2025-07-02T09:43:00+02:00;9060;31;6;100;heavy;3
2025-07-02T09:43:00+02:00;9061;31;5;100;heavy;5
2025-07-02T09:43:00+02:00;9062;32;6;100;heavy;3
2025-07-02T09:43:00+02:00;9063;34;3;100;heavy;6
2025-07-02T09:43:00+02:00;9068_D;51;36;100;heavy;5
2025-07-02T09:43:00+02:00;9068_G;47;38;100;heavy;3
2025-07-02T09:43:00+02:00;9070_D;68;30;100;freeFlow;4
2025-07-02T09:43:00+02:00;9070_G;77;27;60;freeFlow;1
2025-07-02T09:43:00+02:00;9073;79;5;75;freeFlow;2
2025-07-02T09:43:00+02:00;9074;83;11;100;freeFlow;7
2025-07-02T09:43:00+02:00;9082_D;64;4;60;freeFlow;1
2025-07-02T09:43:00+02:00;9082_G;42;5;60;heavy;1
2025-07-02T09:43:00+02:00;9090_D;33;41;60;heavy;1
2025-07-02T09:43:00+02:00;9090_G;59;23;100;freeFlow;3
2025-07-02T09:43:00+02:00;9103;41;34;100;heavy;4
2025-07-02T09:43:00+02:00;9108;88;14;100;freeFlow;4
2025-07-02T09:43:00+02:00;9114;80;1;100;freeFlow;4
2025-07-02T09:43:00+02:00;9115;57;26;57;heavy;1
2025-07-02T09:43:00+02:00;9116;74;2;60;freeFlow;1
2025-07-02T09:43:00+02:00;9117;72;7;60;freeFlow;1
2025-07-02T09:43:00+02:00;9133;103;19;75;freeFlow;2
2025-07-02T09:43:00+02:00;9134;91;16;100;freeFlow;3
2025-07-02T09:43:00+02:00;9177;66;29;60;freeFlow;1
2025-07-02T09:43:00+02:00;9190;104;4;50;freeFlow;1
2025-07-02T09:43:00+02:00;9199;39;2;60;heavy;1
2025-07-02T09:43:00+02:00;9200;28;5;35;heavy;1
2025-07-02T09:43:00+02:00;9201;33;2;60;heavy;1
2025-07-02T09:43:00+02:00;9202;57;2;57;heavy;1
2025-07-02T09:43:00+02:00;9203;57;2;57;heavy;1
2025-07-02T09:43:00+02:00;9204;56;2;72;heavy;2
2025-07-02T09:43:00+02:00;9213;58;48;88;freeFlow;4
2025-07-02T09:43:00+02:00;9214_D;70;1;0;unknown;0
2025-07-02T09:43:00+02:00;9214_G;107;1;75;freeFlow;2
2025-07-02T09:43:00+02:00;9215;64;43;65;freeFlow;2
2025-07-02T09:43:00+02:00;9279;73;29;100;heavy;4
2025-07-02T09:43:00+02:00;9280;84;29;100;freeFlow;5
2025-07-02T09:43:00+02:00;9343_D;80;15;0;unknown;0
2025-07-02T09:43:00+02:00;9343_G;80;15;0;unknown;0
2025-07-02T09:43:00+02:00;9344_D;30;20;0;unknown;0
2025-07-02T09:43:00+02:00;9344_G;30;20;0;unknown;0
2025-07-02T09:43:00+02:00;9345_D;30;27;0;unknown;0
2025-07-02T09:43:00+02:00;9345_G;30;28;0;unknown;0
2025-07-02T09:43:00+02:00;9346_D;30;15;0;unknown;0
2025-07-02T09:43:00+02:00;9346_G;30;15;0;unknown;0
2025-07-02T09:43:00+02:00;9348_D;30;7;0;unknown;0
2025-07-02T09:43:00+02:00;9348_G;30;8;0;unknown;0
2025-07-02T09:43:00+02:00;9351_D;80;15;0;unknown;0
2025-07-02T09:43:00+02:00;9351_G;80;14;0;unknown;0
2025-07-02T09:43:00+02:00;9370_D;80;10;0;unknown;0
2025-07-02T09:43:00+02:00;9370_G;80;11;0;unknown;0
2025-07-02T09:43:00+02:00;9371_D;80;8;0;unknown;0
2025-07-02T09:43:00+02:00;9371_G;80;8;0;unknown;0
2025-07-02T09:43:00+02:00;9378;67;17;100;freeFlow;3
2025-07-02T09:43:00+02:00;9379;87;13;100;freeFlow;9
2025-07-02T09:43:00+02:00;9414_D;33;8;0;unknown;0
2025-07-02T09:43:00+02:00;9414_G;26;10;60;freeFlow;1
2025-07-02T09:43:00+02:00;9416_D;30;7;0;unknown;0
2025-07-02T09:43:00+02:00;9416_G;46;5;60;freeFlow;1
2025-07-02T09:43:00+02:00;9418_D;30;12;0;unknown;0
2025-07-02T09:43:00+02:00;9418_G;47;8;60;freeFlow;1
2025-07-02T09:43:00+02:00;9421;9;12;0;unknown;0
2025-07-02T09:43:00+02:00;9422;9;12;0;unknown;0
2025-07-02T09:43:00+02:00;9423;43;2;60;freeFlow;1
2025-07-02T09:43:00+02:00;9424;45;4;60;freeFlow;1
2025-07-02T09:43:00+02:00;9425_D;30;5;0;unknown;0
2025-07-02T09:43:00+02:00;9425_G;47;3;60;freeFlow;1
2025-07-02T09:43:00+02:00;9427_D;37;9;0;unknown;0
2025-07-02T09:43:00+02:00;9427_G;80;4;0;unknown;0
2025-07-02T09:43:00+02:00;9434_D;80;10;0;unknown;0
2025-07-02T09:43:00+02:00;9434_G;80;10;0;unknown;0
2025-07-02T09:43:00+02:00;9435_D;80;13;0;unknown;0
2025-07-02T09:43:00+02:00;9435_G;80;13;0;unknown;0
2025-07-02T09:43:00+02:00;9437_D;80;14;0;unknown;0
2025-07-02T09:43:00+02:00;9437_G;80;14;0;unknown;0
2025-07-02T09:43:00+02:00;9588_D;40;15;75;heavy;2
2025-07-02T09:43:00+02:00;9588_G;42;14;60;heavy;1
2025-07-02T09:43:00+02:00;9625_D;45;8;75;heavy;2
2025-07-02T09:43:00+02:00;9625_G;42;9;60;heavy;1
2025-07-02T09:43:00+02:00;9739;29;5;100;heavy;4
2025-07-02T09:43:00+02:00;9740;32;2;75;heavy;2
2025-07-02T09:43:00+02:00;9741;23;3;75;heavy;2
2025-07-02T09:43:00+02:00;9742;22;6;100;heavy;3
2025-07-02T09:43:00+02:00;9745_D;36;4;73;heavy;2
2025-07-02T09:43:00+02:00;9745_G;43;6;75;heavy;2
2025-07-02T09:43:00+02:00;9757_D;23;5;75;heavy;2
2025-07-02T09:43:00+02:00;9757_G;14;8;69;congested;2
2025-07-02T09:43:00+02:00;9758_D;37;8;75;heavy;2
2025-07-02T09:43:00+02:00;9758_G;32;10;73;heavy;2
2025-07-02T09:43:00+02:00;9834_D;57;35;99;freeFlow;4
2025-07-02T09:43:00+02:00;9834_G;70;28;100;freeFlow;4
2025-07-02T09:43:00+02:00;9912;27;6;100;heavy;4
2025-07-02T09:43:00+02:00;9913;40;3;60;heavy;1
2025-07-02T09:43:00+02:00;9914;26;4;100;heavy;3
2025-07-02T09:43:00+02:00;9915;21;6;100;heavy;4
2025-07-02T09:43:00+02:00;9916;37;4;100;heavy;4
2025-07-02T09:43:00+02:00;9917_D;36;4;100;heavy;4
2025-07-02T09:43:00+02:00;9917_G;44;3;74;heavy;2
2025-07-02T09:43:00+02:00;9921_D;45;33;100;heavy;3
2025-07-02T09:43:00+02:00;9921_G;36;41;100;heavy;3
2025-07-02T09:43:00+02:00;1601981;92;2;32;freeFlow;1
2025-07-02T09:43:00+02:00;1601982;31;30;48;heavy;2
2025-07-02T09:43:00+02:00;1634;45;12;55;heavy;1
2025-07-02T09:43:00+02:00;1635;81;2;48;freeFlow;1
2025-07-02T09:43:00+02:00;1636;34;5;50;heavy;1
2025-07-02T09:43:00+02:00;1637;35;3;96;heavy;5
2025-07-02T09:43:00+02:00;1640;27;4;76;heavy;7
2025-07-02T09:43:00+02:00;1641;39;4;52;heavy;1
2025-07-02T09:43:00+02:00;1642;39;2;52;heavy;1
2025-07-02T09:43:00+02:00;1678329;11;56;75;congested;2
2025-07-02T09:43:00+02:00;1680500_D;49;5;30;freeFlow;1
2025-07-02T09:43:00+02:00;1680500_G;50;6;100;freeFlow;3
2025-07-02T09:43:00+02:00;1680501;50;17;70;freeFlow;11
2025-07-02T09:43:00+02:00;1680580;37;12;50;freeFlow;1
2025-07-02T09:43:00+02:00;1680586;22;7;75;heavy;2
2025-07-02T09:43:00+02:00;1680594;22;1;75;heavy;2
2025-07-02T09:43:00+02:00;1680595;50;1;0;unknown;0
2025-07-02T09:43:00+02:00;1680596;22;2;75;heavy;2
2025-07-02T09:43:00+02:00;1680597;50;1;0;unknown;0
2025-07-02T09:43:00+02:00;1680604;37;2;50;freeFlow;1
2025-07-02T09:43:00+02:00;1747_D;35;2;75;freeFlow;2
2025-07-02T09:43:00+02:00;1747_G;24;4;100;heavy;3
2025-07-02T09:43:00+02:00;1762;26;20;60;heavy;1
2025-07-02T09:43:00+02:00;1763;39;14;90;freeFlow;4
2025-07-02T09:43:00+02:00;1765_D;28;14;75;heavy;2
2025-07-02T09:43:00+02:00;1765_G;38;11;100;freeFlow;3
2025-07-02T09:43:00+02:00;1852;76;15;100;freeFlow;4
2025-07-02T09:43:00+02:00;1857;79;27;100;freeFlow;7
2025-07-02T09:43:00+02:00;1858;79;11;100;freeFlow;3
2025-07-02T09:43:00+02:00;1859;88;11;100;freeFlow;5
2025-07-02T09:43:00+02:00;1860;54;23;60;freeFlow;1
2025-07-02T09:43:00+02:00;1910718_D;43;3;73;freeFlow;2
2025-07-02T09:43:00+02:00;1910718_G;9;12;60;congested;1
2025-07-02T09:43:00+02:00;1910863_D;35;16;60;heavy;1
2025-07-02T09:43:00+02:00;1910863_G;26;22;52;heavy;1
2025-07-02T09:43:00+02:00;1911250;26;9;52;heavy;1
2025-07-02T09:43:00+02:00;35088;54;4;60;freeFlow;1
2025-07-02T09:43:00+02:00;35089;49;5;75;heavy;2
2025-07-02T09:43:00+02:00;35090;43;1;75;heavy;2
2025-07-02T09:43:00+02:00;35091;45;3;75;heavy;2
2025-07-02T09:43:00+02:00;35093;33;9;75;heavy;2
2025-07-02T09:43:00+02:00;35094;40;7;75;heavy;2
2025-07-02T09:43:00+02:00;35099;33;3;42;heavy;1
2025-07-02T09:43:00+02:00;35101;59;1;60;freeFlow;1
2025-07-02T09:43:00+02:00;35102;42;2;30;heavy;1
2025-07-02T09:43:00+02:00;35104;59;45;60;freeFlow;1
2025-07-02T09:43:00+02:00;35116;31;4;75;heavy;2
2025-07-02T09:43:00+02:00;35117;49;3;62;freeFlow;2
2025-07-02T09:43:00+02:00;35118;31;5;57;heavy;2
2025-07-02T09:43:00+02:00;35119;44;5;60;freeFlow;1
2025-07-02T09:43:00+02:00;35120_D;50;1;52;freeFlow;1
2025-07-02T09:43:00+02:00;35120_G;42;2;30;freeFlow;1
2025-07-02T09:43:00+02:00;35121_D;50;41;52;freeFlow;1
2025-07-02T09:43:00+02:00;35121_G;37;56;27;freeFlow;1
2025-07-02T09:43:00+02:00;40196;88;3;60;freeFlow;1
2025-07-02T09:43:00+02:00;40197;88;3;60;freeFlow;1
2025-07-02T09:43:00+02:00;41636_D;28;6;73;heavy;2
2025-07-02T09:43:00+02:00;41636_G;22;7;20;heavy;1
2025-07-02T09:43:00+02:00;41652_G;15;16;60;congested;1
2025-07-02T09:43:00+02:00;41653_D;48;2;57;freeFlow;1
2025-07-02T09:43:00+02:00;41653_G;55;2;60;freeFlow;1
2025-07-02T09:43:00+02:00;41667_D;27;5;57;heavy;1
2025-07-02T09:43:00+02:00;41667_G;23;6;60;heavy;1
2025-07-02T09:43:00+02:00;41668_D;30;2;57;heavy;1
2025-07-02T09:43:00+02:00;41668_G;8;6;60;congested;1
2025-07-02T09:43:00+02:00;41721;60;17;100;heavy;8
2025-07-02T09:43:00+02:00;41722;75;15;100;freeFlow;12
2025-07-02T09:43:00+02:00;41758;70;19;100;freeFlow;14
2025-07-02T09:43:00+02:00;41759;80;17;100;freeFlow;9
2025-07-02T09:43:00+02:00;41760;29;46;100;heavy;10
2025-07-02T09:43:00+02:00;41949_D;31;8;55;heavy;1
2025-07-02T09:43:00+02:00;41949_G;22;12;60;heavy;1
2025-07-02T09:43:00+02:00;41974_D;24;9;42;heavy;1
2025-07-02T09:43:00+02:00;41974_G;12;19;68;congested;2
2025-07-02T09:43:00+02:00;41975_D;45;7;42;freeFlow;1
2025-07-02T09:43:00+02:00;41975_G;10;33;63;congested;2
2025-07-02T09:43:00+02:00;41985_D;30;3;57;heavy;1
2025-07-02T09:43:00+02:00;41985_G;18;4;60;heavy;1
2025-07-02T09:43:00+02:00;42064_D;27;8;57;heavy;1
2025-07-02T09:43:00+02:00;42064_G;43;5;60;freeFlow;1
2025-07-02T09:43:00+02:00;420870_D;44;5;15;freeFlow;1
2025-07-02T09:43:00+02:00;420870_G;16;15;51;heavy;2
2025-07-02T09:43:00+02:00;42206_G;12;80;60;congested;1
2025-07-02T09:43:00+02:00;42238_G;23;15;95;heavy;3
2025-07-02T09:43:00+02:00;42239_D;48;6;57;freeFlow;1
2025-07-02T09:43:00+02:00;42239_G;8;37;60;congested;1
2025-07-02T09:43:00+02:00;42240_D;42;18;60;freeFlow;1
2025-07-02T09:43:00+02:00;42240_G;18;41;60;heavy;1
2025-07-02T09:43:00+02:00;42241_D;31;23;55;heavy;2
2025-07-02T09:43:00+02:00;42241_G;37;19;57;freeFlow;1
2025-07-02T09:43:00+02:00;42242_D;9;35;58;congested;2
2025-07-02T09:43:00+02:00;42242_G;37;8;55;freeFlow;1
2025-07-02T09:43:00+02:00;42683_D;16;20;52;heavy;1
2025-07-02T09:43:00+02:00;42683_G;8;39;60;congested;1
2025-07-02T09:43:00+02:00;42714_D;24;9;42;heavy;1
2025-07-02T09:43:00+02:00;42714_G;13;15;50;congested;1
2025-07-02T09:43:00+02:00;42716_D;23;4;55;heavy;1
2025-07-02T09:43:00+02:00;42716_G;7;12;60;congested;1
2025-07-02T09:43:00+02:00;43449_D;25;9;60;freeFlow;1
2025-07-02T09:43:00+02:00;43449_G;40;6;55;freeFlow;1
2025-07-02T09:43:00+02:00;43450_D;23;13;75;freeFlow;2
2025-07-02T09:43:00+02:00;43450_G;21;15;52;heavy;1
2025-07-02T09:43:00+02:00;43451_G;36;13;55;freeFlow;1
2025-07-02T09:43:00+02:00;43452_D;33;5;60;freeFlow;1
2025-07-02T09:43:00+02:00;43452_G;42;4;55;freeFlow;1
2025-07-02T09:43:00+02:00;43475_D;50;4;0;unknown;0
2025-07-02T09:43:00+02:00;43475_G;58;4;22;freeFlow;1
2025-07-02T09:43:00+02:00;43622_D;30;3;72;heavy;2
2025-07-02T09:43:00+02:00;43622_G;57;2;60;freeFlow;1
2025-07-02T09:43:00+02:00;43623_D;12;17;57;congested;1
2025-07-02T09:43:00+02:00;43623_G;57;4;60;freeFlow;1
2025-07-02T09:43:00+02:00;43624_D;21;11;60;heavy;1
2025-07-02T09:43:00+02:00;43624_G;12;20;40;congested;1
2025-07-02T09:43:00+02:00;43625_D;46;8;55;freeFlow;1
2025-07-02T09:43:00+02:00;43625_G;49;8;60;freeFlow;1
2025-07-02T09:43:00+02:00;43657_D;42;2;60;freeFlow;1
2025-07-02T09:43:00+02:00;43657_G;45;2;55;freeFlow;1
2025-07-02T09:43:00+02:00;43659_D;13;11;60;heavy;1
2025-07-02T09:43:00+02:00;43659_G;20;7;55;heavy;1
2025-07-02T09:43:00+02:00;44039_D;50;2;0;unknown;0
2025-07-02T09:43:00+02:00;44039_G;58;2;22;freeFlow;1
2025-07-02T09:43:00+02:00;44040_D;50;9;0;unknown;0
2025-07-02T09:43:00+02:00;44040_G;58;8;22;freeFlow;1
2025-07-02T09:43:00+02:00;44041_D;50;9;0;unknown;0
2025-07-02T09:43:00+02:00;44041_G;58;8;22;freeFlow;1
2025-07-02T09:43:00+02:00;44042_D;50;10;0;unknown;0
2025-07-02T09:43:00+02:00;44042_G;58;8;22;freeFlow;1
2025-07-02T09:43:00+02:00;44071_D;19;14;60;heavy;1
2025-07-02T09:43:00+02:00;44071_G;10;32;60;heavy;2
2025-07-02T09:43:00+02:00;44080;32;4;75;heavy;2
2025-07-02T09:43:00+02:00;44113_D;34;8;40;heavy;1
2025-07-02T09:43:00+02:00;44113_G;9;32;50;congested;2
2025-07-02T09:43:00+02:00;44114_D;34;7;40;heavy;1
2025-07-02T09:43:00+02:00;44114_G;32;8;60;heavy;2
2025-07-02T09:43:00+02:00;44115_D;34;10;40;heavy;1
2025-07-02T09:43:00+02:00;44115_G;35;10;60;freeFlow;1
2025-07-02T09:43:00+02:00;44117_D;34;8;40;heavy;1
2025-07-02T09:43:00+02:00;44117_G;15;17;30;heavy;1
2025-07-02T09:43:00+02:00;44118_D;40;5;40;freeFlow;1
2025-07-02T09:43:00+02:00;44118_G;28;7;81;heavy;3
2025-07-02T09:43:00+02:00;44125_D;34;4;40;heavy;1
2025-07-02T09:43:00+02:00;44125_G;7;19;38;congested;1
2025-07-02T09:43:00+02:00;44127;27;11;93;heavy;3
2025-07-02T09:43:00+02:00;44128;58;6;22;freeFlow;1
2025-07-02T09:43:00+02:00;44170_D;34;5;40;heavy;1
2025-07-02T09:43:00+02:00;44170_G;6;32;74;congested;2
2025-07-02T09:43:00+02:00;44713_D;41;1;53;freeFlow;2
2025-07-02T09:43:00+02:00;44713_G;34;1;40;heavy;1
2025-07-02T09:43:00+02:00;44930;75;2;60;freeFlow;1
2025-07-02T09:43:00+02:00;44931;59;11;75;freeFlow;2
2025-07-02T09:43:00+02:00;44934;74;27;100;freeFlow;16
2025-07-02T09:43:00+02:00;45486_G;37;5;55;freeFlow;1
2025-07-02T09:43:00+02:00;45487_G;37;7;55;freeFlow;1
2025-07-02T09:43:00+02:00;45488_D;36;19;12;freeFlow;1
2025-07-02T09:43:00+02:00;45488_G;43;16;55;freeFlow;1
2025-07-02T09:43:00+02:00;45489_D;38;7;12;freeFlow;1
2025-07-02T09:43:00+02:00;45489_G;43;6;55;freeFlow;1
2025-07-02T09:43:00+02:00;45490_D;40;4;12;freeFlow;1
2025-07-02T09:43:00+02:00;45490_G;28;6;52;heavy;1
2025-07-02T09:43:00+02:00;45503_D;50;3;0;unknown;0
2025-07-02T09:43:00+02:00;45503_G;46;3;35;freeFlow;1
2025-07-02T09:43:00+02:00;45504_D;50;3;0;unknown;0
2025-07-02T09:43:00+02:00;45504_G;46;3;35;freeFlow;1
2025-07-02T09:43:00+02:00;45505_D;50;7;0;unknown;0
2025-07-02T09:43:00+02:00;45505_G;46;7;35;freeFlow;1
2025-07-02T09:43:00+02:00;45530_D;42;2;65;freeFlow;2
2025-07-02T09:43:00+02:00;45530_G;34;2;48;freeFlow;1
2025-07-02T09:43:00+02:00;45531_D;33;2;42;freeFlow;1
2025-07-02T09:43:00+02:00;45531_G;23;2;61;freeFlow;2
2025-07-02T09:43:00+02:00;45532_D;33;6;42;freeFlow;1
2025-07-02T09:43:00+02:00;45532_G;27;8;60;freeFlow;1
2025-07-02T09:43:00+02:00;45565_D;43;8;40;freeFlow;1
2025-07-02T09:43:00+02:00;45565_G;10;33;25;congested;1
2025-07-02T09:43:00+02:00;45566_D;32;9;40;heavy;1
2025-07-02T09:43:00+02:00;45566_G;26;10;25;heavy;1
2025-07-02T09:43:00+02:00;45567_D;11;26;42;congested;1
2025-07-02T09:43:00+02:00;45567_G;33;9;22;heavy;1
2025-07-02T09:43:00+02:00;45568_D;20;22;52;heavy;1
2025-07-02T09:43:00+02:00;45568_G;13;36;50;congested;2
2025-07-02T09:43:00+02:00;45601_D;34;9;22;heavy;1
2025-07-02T09:43:00+02:00;45601_G;24;13;42;heavy;1
2025-07-02T09:43:00+02:00;45613_D;27;11;10;heavy;1
2025-07-02T09:43:00+02:00;45613_G;23;14;89;heavy;3
2025-07-02T09:43:00+02:00;45614_D;39;5;12;freeFlow;1
2025-07-02T09:43:00+02:00;45614_G;31;7;51;heavy;2
2025-07-02T09:43:00+02:00;45636;59;20;100;freeFlow;3
2025-07-02T09:43:00+02:00;45637;74;15;100;freeFlow;11
2025-07-02T09:43:00+02:00;45640;50;10;60;freeFlow;1
2025-07-02T09:43:00+02:00;45641;101;12;73;freeFlow;14
2025-07-02T09:43:00+02:00;45642;75;28;100;freeFlow;15
2025-07-02T09:43:00+02:00;45644_D;46;20;60;freeFlow;1
2025-07-02T09:43:00+02:00;45644_G;19;49;60;heavy;1
2025-07-02T09:43:00+02:00;45645_G;39;15;60;freeFlow;1
2025-07-02T09:43:00+02:00;45725;80;39;100;freeFlow;12
2025-07-02T09:43:00+02:00;45736_D;37;13;60;freeFlow;1
2025-07-02T09:43:00+02:00;45736_G;34;14;60;heavy;1
2025-07-02T09:43:00+02:00;45759_D;32;12;75;heavy;2
2025-07-02T09:43:00+02:00;45759_G;4;83;40;congested;1
2025-07-02T09:43:00+02:00;45760_D;37;8;60;freeFlow;1
2025-07-02T09:43:00+02:00;45760_G;22;13;38;heavy;1
2025-07-02T09:43:00+02:00;45761_G;27;11;35;heavy;1
2025-07-02T09:43:00+02:00;45762_D;38;7;60;freeFlow;1
2025-07-02T09:43:00+02:00;45762_G;20;12;60;heavy;1
2025-07-02T09:43:00+02:00;45849_D;31;3;60;heavy;1
2025-07-02T09:43:00+02:00;45849_G;25;4;15;heavy;1
2025-07-02T09:43:00+02:00;45850_D;39;3;60;freeFlow;1
2025-07-02T09:43:00+02:00;45850_G;26;4;52;heavy;1
2025-07-02T09:43:00+02:00;45865_G;36;10;60;freeFlow;1
2025-07-02T09:43:00+02:00;46027;15;4;42;heavy;1
2025-07-02T09:43:00+02:00;46028;50;14;0;unknown;0
2025-07-02T09:43:00+02:00;46029;15;11;42;heavy;1
2025-07-02T09:43:00+02:00;46036_D;8;63;40;congested;1
2025-07-02T09:43:00+02:00;46036_G;46;11;35;freeFlow;1
2025-07-02T09:43:00+02:00;46053_G;46;8;35;freeFlow;1
2025-07-02T09:43:00+02:00;46054_D;50;4;0;unknown;0
2025-07-02T09:43:00+02:00;46054_G;46;4;35;freeFlow;1
2025-07-02T09:43:00+02:00;46055_D;50;5;0;unknown;0
2025-07-02T09:43:00+02:00;46055_G;46;5;35;freeFlow;1
2025-07-02T09:43:00+02:00;46056_G;38;2;71;freeFlow;2
2025-07-02T09:43:00+02:00;46057_D;50;4;0;unknown;0
2025-07-02T09:43:00+02:00;46057_G;38;5;53;freeFlow;2
2025-07-02T09:43:00+02:00;46058_D;50;7;0;unknown;0
2025-07-02T09:43:00+02:00;46058_G;38;9;58;freeFlow;2
2025-07-02T09:43:00+02:00;46059_D;50;12;0;unknown;0
2025-07-02T09:43:00+02:00;46059_G;38;15;55;freeFlow;2
2025-07-02T09:43:00+02:00;46079_D;50;6;0;unknown;0
2025-07-02T09:43:00+02:00;46079_G;46;7;35;freeFlow;1
2025-07-02T09:43:00+02:00;46080_D;50;9;0;unknown;0
2025-07-02T09:43:00+02:00;46080_G;32;15;69;heavy;2
2025-07-02T09:43:00+02:00;46081;13;19;62;congested;2
2025-07-02T09:43:00+02:00;46135;36;9;52;freeFlow;1
2025-07-02T09:43:00+02:00;46136;36;8;52;freeFlow;1
2025-07-02T09:43:00+02:00;46137;30;15;52;heavy;1
2025-07-02T09:43:00+02:00;46163;28;11;69;heavy;2
2025-07-02T09:43:00+02:00;46228;66;15;60;freeFlow;1
2025-07-02T09:43:00+02:00;46230;72;20;100;freeFlow;8
2025-07-02T09:43:00+02:00;46251_D;30;6;15;heavy;1
2025-07-02T09:43:00+02:00;46251_G;4;41;57;congested;2
2025-07-02T09:43:00+02:00;46264;86;19;75;freeFlow;2
2025-07-02T09:43:00+02:00;46265;79;9;100;freeFlow;5
2025-07-02T09:43:00+02:00;46266;77;3;100;freeFlow;9
2025-07-02T09:43:00+02:00;46267;33;24;100;heavy;10
2025-07-02T09:43:00+02:00;46268;26;57;100;congested;10
2025-07-02T09:43:00+02:00;46270_D;33;7;60;heavy;1
2025-07-02T09:43:00+02:00;46270_G;26;8;60;heavy;1
2025-07-02T09:43:00+02:00;46271_D;10;27;60;congested;1
2025-07-02T09:43:00+02:00;46271_G;23;11;60;heavy;1
2025-07-02T09:43:00+02:00;46374_D;29;42;73;heavy;2
2025-07-02T09:43:00+02:00;46374_G;28;44;40;heavy;1
2025-07-02T09:43:00+02:00;46375_D;29;17;60;heavy;1
2025-07-02T09:43:00+02:00;46375_G;9;52;35;congested;1
2025-07-02T09:43:00+02:00;46376_D;32;22;60;heavy;1
2025-07-02T09:43:00+02:00;46376_G;36;19;35;freeFlow;1
2025-07-02T09:43:00+02:00;46377_D;28;14;60;heavy;1
2025-07-02T09:43:00+02:00;46377_G;36;11;32;freeFlow;1
2025-07-02T09:43:00+02:00;46427_D;21;17;57;heavy;1
2025-07-02T09:43:00+02:00;46427_G;32;11;38;heavy;1
2025-07-02T09:43:00+02:00;46559_D;12;6;60;congested;1
2025-07-02T09:43:00+02:00;46559_G;46;1;35;freeFlow;1
2025-07-02T09:43:00+02:00;46560_D;27;14;32;heavy;1
2025-07-02T09:43:00+02:00;46560_G;46;8;35;freeFlow;1
2025-07-02T09:43:00+02:00;46561_D;20;12;32;heavy;1
2025-07-02T09:43:00+02:00;46561_G;46;6;35;freeFlow;1
2025-07-02T09:43:00+02:00;46562_D;19;6;32;heavy;1
2025-07-02T09:43:00+02:00;46562_G;46;2;35;freeFlow;1
2025-07-02T09:43:00+02:00;46563_D;35;12;32;heavy;1
2025-07-02T09:43:00+02:00;46563_G;46;9;35;freeFlow;1
2025-07-02T09:43:00+02:00;46564_D;32;6;35;heavy;1
2025-07-02T09:43:00+02:00;46564_G;46;5;35;freeFlow;1
2025-07-02T09:43:00+02:00;46565_D;38;5;35;freeFlow;1
2025-07-02T09:43:00+02:00;46565_G;46;4;35;freeFlow;1
2025-07-02T09:43:00+02:00;46566_D;41;6;35;freeFlow;1
2025-07-02T09:43:00+02:00;46566_G;46;6;35;freeFlow;1
2025-07-02T09:43:00+02:00;46567_G;32;3;32;heavy;1
2025-07-02T09:43:00+02:00;46568_D;21;3;60;heavy;1
2025-07-02T09:43:00+02:00;46568_G;38;2;35;freeFlow;1
2025-07-02T09:43:00+02:00;46569_D;20;24;60;heavy;1
2025-07-02T09:43:00+02:00;46569_G;25;19;50;heavy;2
2025-07-02T09:43:00+02:00;46627_D;11;49;55;congested;2
2025-07-02T09:43:00+02:00;46627_G;46;11;35;freeFlow;1
2025-07-02T09:43:00+02:00;46628_D;10;41;35;congested;1
2025-07-02T09:43:00+02:00;46628_G;46;9;35;freeFlow;1
2025-07-02T09:43:00+02:00;46640;50;15;0;unknown;0
2025-07-02T09:43:00+02:00;46641;50;8;0;unknown;0
2025-07-02T09:43:00+02:00;46643;14;12;60;congested;1
2025-07-02T09:43:00+02:00;46649;50;8;0;unknown;0
2025-07-02T09:43:00+02:00;46653_D;47;13;35;freeFlow;1
2025-07-02T09:43:00+02:00;46653_G;46;13;35;freeFlow;1
2025-07-02T09:43:00+02:00;46654_D;24;21;38;heavy;1
2025-07-02T09:43:00+02:00;46654_G;46;11;35;freeFlow;1
2025-07-02T09:43:00+02:00;46655_D;34;5;38;heavy;1
2025-07-02T09:43:00+02:00;46655_G;46;3;35;freeFlow;1
2025-07-02T09:43:00+02:00;46682;45;11;38;freeFlow;1
2025-07-02T09:43:00+02:00;46683;59;1;40;freeFlow;1
2025-07-02T09:43:00+02:00;46684;34;14;75;heavy;2
2025-07-02T09:43:00+02:00;46685;48;22;75;heavy;2
2025-07-02T09:43:00+02:00;46686;102;13;57;freeFlow;1
2025-07-02T09:43:00+02:00;46688;34;33;60;heavy;1
2025-07-02T09:43:00+02:00;46716;82;1;100;freeFlow;3
2025-07-02T09:43:00+02:00;46717;84;44;100;freeFlow;9
2025-07-02T09:43:00+02:00;46718;80;13;100;freeFlow;3
2025-07-02T09:43:00+02:00;46719;106;7;42;freeFlow;1
2025-07-02T09:43:00+02:00;46720;29;7;35;heavy;1
2025-07-02T09:43:00+02:00;46728;68;5;73;freeFlow;2
2025-07-02T09:43:00+02:00;46745_D;50;12;0;unknown;0
2025-07-02T09:43:00+02:00;46745_G;7;83;52;congested;1
2025-07-02T09:43:00+02:00;46746_D;33;27;57;heavy;1
2025-07-02T09:43:00+02:00;46746_G;26;35;52;heavy;1
2025-07-02T09:43:00+02:00;46975;39;4;0;unknown;0
2025-07-02T09:43:00+02:00;47024;11;15;57;congested;1
2025-07-02T09:43:00+02:00;47025;11;35;58;congested;1
2025-07-02T09:43:00+02:00;47030;17;19;60;heavy;1
2025-07-02T09:43:00+02:00;47057;80;11;75;freeFlow;2
2025-07-02T09:43:00+02:00;47058;57;33;100;heavy;3
2025-07-02T09:43:00+02:00;47059;76;17;100;freeFlow;7
2025-07-02T09:43:00+02:00;47060;76;13;100;freeFlow;7
2025-07-02T09:43:00+02:00;47062;26;32;87;heavy;3
2025-07-02T09:43:00+02:00;47064;36;2;100;freeFlow;4
2025-07-02T09:43:00+02:00;47066;27;4;60;heavy;1
2025-07-02T09:43:00+02:00;47068;57;12;60;freeFlow;1
2025-07-02T09:43:00+02:00;47070;43;7;100;freeFlow;5
2025-07-02T09:43:00+02:00;47071;65;13;100;freeFlow;3
2025-07-02T09:43:00+02:00;47074;80;6;100;freeFlow;8
2025-07-02T09:43:00+02:00;47075;67;4;60;freeFlow;1
2025-07-02T09:43:00+02:00;47078;33;74;100;heavy;3
2025-07-02T09:43:00+02:00;47101;16;24;100;heavy;3
2025-07-02T09:43:00+02:00;47107;74;7;100;freeFlow;8
2025-07-02T09:43:00+02:00;47108;61;13;93;freeFlow;3
2025-07-02T09:43:00+02:00;47109;40;2;75;freeFlow;2
2025-07-02T09:43:00+02:00;47110;51;15;100;freeFlow;4
2025-07-02T09:43:00+02:00;47111;79;22;100;freeFlow;3
2025-07-02T09:43:00+02:00;47112;43;20;100;freeFlow;3
2025-07-02T09:43:00+02:00;47113;65;9;100;freeFlow;3
2025-07-02T09:43:00+02:00;47114;44;31;75;freeFlow;2
2025-07-02T09:43:00+02:00;47115;60;23;100;freeFlow;3
2025-07-02T09:43:00+02:00;47238;81;7;75;freeFlow;2
2025-07-02T09:43:00+02:00;47240;83;18;100;freeFlow;8
2025-07-02T09:43:00+02:00;47241;88;12;75;freeFlow;2
2025-07-02T09:43:00+02:00;47242;85;15;100;freeFlow;3
2025-07-02T09:43:00+02:00;47243;72;20;100;freeFlow;3
2025-07-02T09:43:00+02:00;47290;38;13;96;freeFlow;3
2025-07-02T09:43:00+02:00;47293;63;8;100;freeFlow;3
2025-07-02T09:43:00+02:00;47299;28;12;100;heavy;5
2025-07-02T09:43:00+02:00;47300;60;20;57;freeFlow;1
2025-07-02T09:43:00+02:00;47306;86;23;100;freeFlow;7
2025-07-02T09:43:00+02:00;47316;31;9;73;heavy;2
2025-07-02T09:43:00+02:00;47428_D;50;5;0;unknown;0
2025-07-02T09:43:00+02:00;47428_G;58;4;22;freeFlow;1
2025-07-02T09:43:00+02:00;48769_D;40;3;60;freeFlow;1
2025-07-02T09:43:00+02:00;48769_G;34;4;60;heavy;1
2025-07-02T09:43:00+02:00;48890;28;1;60;heavy;1
2025-07-02T09:43:00+02:00;48891;50;1;0;unknown;0
2025-07-02T09:43:00+02:00;48958_D;17;13;75;heavy;2
2025-07-02T09:43:00+02:00;48958_G;5;45;62;congested;2
2025-07-02T09:43:00+02:00;489866_G;45;4;20;freeFlow;1
2025-07-02T09:43:00+02:00;49004;43;5;75;freeFlow;2
2025-07-02T09:43:00+02:00;490194_D;38;2;55;freeFlow;1
2025-07-02T09:43:00+02:00;490194_G;28;2;60;heavy;1
2025-07-02T09:43:00+02:00;49023;51;11;57;freeFlow;1
2025-07-02T09:43:00+02:00;49068;15;41;42;heavy;1
2025-07-02T09:43:00+02:00;49074;102;1;32;freeFlow;1
2025-07-02T09:43:00+02:00;49075;83;1;12;freeFlow;1
2025-07-02T09:43:00+02:00;49081;80;7;48;freeFlow;1
2025-07-02T09:43:00+02:00;49084;33;13;75;heavy;2
2025-07-02T09:43:00+02:00;49137_D;50;4;0;unknown;0
2025-07-02T09:43:00+02:00;49137_G;58;3;22;freeFlow;1
2025-07-02T09:43:00+02:00;49184;57;2;60;freeFlow;1
2025-07-02T09:43:00+02:00;492351_G;37;3;52;freeFlow;1
2025-07-02T09:43:00+02:00;492359_D;6;46;15;congested;1
2025-07-02T09:43:00+02:00;492363_D;50;9;0;unknown;0
2025-07-02T09:43:00+02:00;492363_G;50;10;0;unknown;0
2025-07-02T09:43:00+02:00;492435;9;45;100;congested;4
2025-07-02T09:43:00+02:00;492445_G;19;33;50;heavy;1
2025-07-02T09:43:00+02:00;492450;31;16;68;heavy;2
2025-07-02T09:43:00+02:00;492452;39;13;50;freeFlow;1
2025-07-02T09:43:00+02:00;492459;20;3;75;heavy;2
2025-07-02T09:43:00+02:00;492474;108;2;60;freeFlow;1
2025-07-02T09:43:00+02:00;492475;108;8;60;freeFlow;1
2025-07-02T09:43:00+02:00;492476;20;23;75;heavy;2
2025-07-02T09:43:00+02:00;492477;55;2;100;freeFlow;4
2025-07-02T09:43:00+02:00;492479;57;11;100;freeFlow;4
2025-07-02T09:43:00+02:00;492481;50;3;0;unknown;0
2025-07-02T09:43:00+02:00;492482;43;3;100;freeFlow;4
2025-07-02T09:43:00+02:00;492483;26;7;66;heavy;2
2025-07-02T09:43:00+02:00;492485;27;2;100;heavy;3
2025-07-02T09:43:00+02:00;492490;34;10;60;freeFlow;1
2025-07-02T09:43:00+02:00;492495;108;0;60;freeFlow;1
2025-07-02T09:43:00+02:00;492498;31;14;75;heavy;2
2025-07-02T09:43:00+02:00;492506;20;11;60;heavy;1
2025-07-02T09:43:00+02:00;492512;50;2;0;unknown;0
2025-07-02T09:43:00+02:00;492514;52;1;100;freeFlow;4
2025-07-02T09:43:00+02:00;492519;19;27;60;heavy;1
2025-07-02T09:43:00+02:00;492574;25;7;50;heavy;1
2025-07-02T09:43:00+02:00;492576;31;1;75;heavy;2
2025-07-02T09:43:00+02:00;49328_D;34;4;40;heavy;1
2025-07-02T09:43:00+02:00;49328_G;35;3;60;freeFlow;1
2025-07-02T09:43:00+02:00;49686_D;50;3;0;unknown;0
2025-07-02T09:43:00+02:00;49686_G;58;3;22;freeFlow;1
2025-07-02T09:43:00+02:00;50079_D;21;11;60;heavy;1
2025-07-02T09:43:00+02:00;50079_G;37;6;55;freeFlow;1
2025-07-02T09:43:00+02:00;50191_D;27;19;22;heavy;1
2025-07-02T09:43:00+02:00;50191_G;25;21;45;heavy;1
2025-07-02T09:43:00+02:00;50308_G;40;7;50;freeFlow;1
2025-07-02T09:43:00+02:00;50355_D;36;8;15;freeFlow;1
2025-07-02T09:43:00+02:00;50355_G;28;10;44;heavy;2
2025-07-02T09:43:00+02:00;50416_D;37;4;15;freeFlow;1
2025-07-02T09:43:00+02:00;50416_G;24;6;50;heavy;1
2025-07-02T09:43:00+02:00;50475;18;21;57;heavy;1
2025-07-02T09:43:00+02:00;50509;57;8;40;freeFlow;1
2025-07-02T09:43:00+02:00;50573_D;19;12;60;heavy;1
2025-07-02T09:43:00+02:00;50573_G;15;13;57;heavy;2
2025-07-02T09:43:00+02:00;51008;20;7;73;heavy;2
2025-07-02T09:43:00+02:00;51017;5;29;40;congested;1
2025-07-02T09:43:00+02:00;51159_D;13;51;57;congested;1
2025-07-02T09:43:00+02:00;51159_G;24;27;35;heavy;1
2025-07-02T09:43:00+02:00;51254_D;20;14;60;heavy;1
2025-07-02T09:43:00+02:00;51254_G;32;9;32;heavy;1
2025-07-02T09:43:00+02:00;51323_D;28;6;22;heavy;1
2025-07-02T09:43:00+02:00;51323_G;15;12;45;heavy;1
2025-07-02T09:43:00+02:00;51437_D;37;4;40;freeFlow;1
2025-07-02T09:43:00+02:00;51437_G;25;5;25;heavy;1
2025-07-02T09:43:00+02:00;51455_D;38;7;40;freeFlow;1
2025-07-02T09:43:00+02:00;51455_G;26;10;25;heavy;1
2025-07-02T09:43:00+02:00;51797;30;7;67;heavy;2
2025-07-02T09:43:00+02:00;52130;50;4;0;unknown;0
2025-07-02T09:43:00+02:00;53329_D;39;5;60;freeFlow;1
2025-07-02T09:43:00+02:00;53329_G;33;5;12;freeFlow;1
2025-07-02T09:43:00+02:00;53336_D;50;8;0;unknown;0
2025-07-02T09:43:00+02:00;53336_G;26;15;52;heavy;1
2025-07-02T09:43:00+02:00;53411_D;26;14;60;heavy;1
2025-07-02T09:43:00+02:00;53539_G;50;4;100;freeFlow;3
2025-07-02T09:43:00+02:00;53542;66;6;60;freeFlow;1
2025-07-02T09:43:00+02:00;53543;90;5;0;unknown;0
2025-07-02T09:43:00+02:00;53575_D;27;25;75;heavy;2
2025-07-02T09:43:00+02:00;53575_G;45;14;10;freeFlow;1
2025-07-02T09:43:00+02:00;53656;26;3;52;heavy;1
2025-07-02T09:43:00+02:00;53660;26;14;52;heavy;1
2025-07-02T09:43:00+02:00;53663;8;15;50;congested;2
2025-07-02T09:43:00+02:00;53675;38;2;52;heavy;1
2025-07-02T09:43:00+02:00;53676;31;4;95;heavy;6
2025-07-02T09:43:00+02:00;53677;33;18;100;heavy;5
2025-07-02T09:43:00+02:00;53678;32;2;50;heavy;1
2025-07-02T09:43:00+02:00;53679;32;3;50;heavy;1
2025-07-02T09:43:00+02:00;53681;46;42;52;freeFlow;1
2025-07-02T09:43:00+02:00;53721;39;2;0;unknown;0
2025-07-02T09:43:00+02:00;53885_D;4;126;55;congested;1
2025-07-02T09:43:00+02:00;53885_G;26;20;60;heavy;1
2025-07-02T09:43:00+02:00;54211;22;30;75;heavy;2
2025-07-02T09:43:00+02:00;54334_D;24;2;75;heavy;2
2025-07-02T09:43:00+02:00;54334_G;26;2;45;heavy;1
2025-07-02T09:43:00+02:00;54337;19;43;60;heavy;1
2025-07-02T09:43:00+02:00;54361;34;6;60;heavy;1
2025-07-02T09:43:00+02:00;54580_G;35;17;40;heavy;1
2025-07-02T09:43:00+02:00;54707;35;13;30;freeFlow;1
2025-07-02T09:43:00+02:00;54709;83;0;12;freeFlow;1
2025-07-02T09:43:00+02:00;54710;35;6;30;freeFlow;1
2025-07-02T09:43:00+02:00;55397_D;31;2;60;heavy;1
2025-07-02T09:43:00+02:00;55397_G;33;2;60;heavy;1
2025-07-02T09:43:00+02:00;55401;29;13;60;heavy;1
2025-07-02T09:43:00+02:00;55405;33;2;60;heavy;1
2025-07-02T09:43:00+02:00;55406;33;5;60;heavy;1
2025-07-02T09:43:00+02:00;55407;30;4;60;heavy;1
2025-07-02T09:43:00+02:00;55408;30;6;60;heavy;1
2025-07-02T09:43:00+02:00;55440_D;33;5;42;freeFlow;1
2025-07-02T09:43:00+02:00;55440_G;21;8;60;freeFlow;1
2025-07-02T09:43:00+02:00;55443_D;31;3;38;heavy;2
2025-07-02T09:43:00+02:00;55443_G;12;5;45;congested;1
2025-07-02T09:43:00+02:00;55446;24;3;57;heavy;1
2025-07-02T09:43:00+02:00;55447;16;4;74;heavy;2
2025-07-02T09:43:00+02:00;55448;23;3;70;heavy;2
2025-07-02T09:43:00+02:00;55449;24;3;57;heavy;1
2025-07-02T09:43:00+02:00;55516;50;2;0;unknown;0
2025-07-02T09:43:00+02:00;55669;15;14;42;heavy;1
2025-07-02T09:43:00+02:00;55671;50;7;0;unknown;0
2025-07-02T09:43:00+02:00;55696;50;15;0;unknown;0
2025-07-02T09:43:00+02:00;55698;50;9;0;unknown;0
2025-07-02T09:43:00+02:00;55700;50;8;0;unknown;0
2025-07-02T09:43:00+02:00;55703;50;3;0;unknown;0
2025-07-02T09:43:00+02:00;55706;50;1;0;unknown;0
2025-07-02T09:43:00+02:00;55707;28;12;60;heavy;1
2025-07-02T09:43:00+02:00;55708;28;5;60;heavy;1
2025-07-02T09:43:00+02:00;55710;27;26;60;heavy;1
2025-07-02T09:43:00+02:00;55711;50;1;0;unknown;0
2025-07-02T09:43:00+02:00;55713;50;14;0;unknown;0
2025-07-02T09:43:00+02:00;55781_D;17;7;48;heavy;1
2025-07-02T09:43:00+02:00;55781_G;35;3;60;heavy;1
2025-07-02T09:43:00+02:00;55800;17;18;50;heavy;1
2025-07-02T09:43:00+02:00;55801;15;10;60;congested;1
2025-07-02T09:43:00+02:00;55805;36;6;50;freeFlow;1
2025-07-02T09:43:00+02:00;55806;36;14;50;freeFlow;1
2025-07-02T09:43:00+02:00;55811;37;9;50;freeFlow;1
2025-07-02T09:43:00+02:00;55814;37;3;50;freeFlow;1
2025-07-02T09:43:00+02:00;55815;35;1;75;heavy;2
2025-07-02T09:43:00+02:00;55820;50;1;0;unknown;0
2025-07-02T09:43:00+02:00;55821;26;5;75;heavy;2
2025-07-02T09:43:00+02:00;55822;33;3;75;heavy;2
2025-07-02T09:43:00+02:00;55823;35;2;60;heavy;1
2025-07-02T09:43:00+02:00;55824;33;2;75;heavy;2
2025-07-02T09:43:00+02:00;55827;31;3;75;heavy;2
2025-07-02T09:43:00+02:00;55830;34;3;75;heavy;2
2025-07-02T09:43:00+02:00;55841;55;8;55;freeFlow;2
2025-07-02T09:43:00+02:00;55843;50;1;0;unknown;0
2025-07-02T09:43:00+02:00;55879;27;2;75;heavy;2
2025-07-02T09:43:00+02:00;55883;31;2;75;heavy;2
2025-07-02T09:43:00+02:00;55887;39;14;0;unknown;0
2025-07-02T09:43:00+02:00;55888;42;14;60;freeFlow;1
2025-07-02T09:43:00+02:00;55889;13;7;73;congested;2
2025-07-02T09:43:00+02:00;55890;17;5;73;heavy;2
2025-07-02T09:43:00+02:00;55894;11;6;73;congested;2
2025-07-02T09:43:00+02:00;55896;17;4;65;heavy;2
2025-07-02T09:43:00+02:00;55898;53;11;60;freeFlow;1
2025-07-02T09:43:00+02:00;55899;23;15;60;heavy;1
2025-07-02T09:43:00+02:00;55926_D;12;18;60;congested;1
2025-07-02T09:43:00+02:00;55926_G;14;17;60;congested;1
2025-07-02T09:43:00+02:00;55932;14;5;60;congested;1
2025-07-02T09:43:00+02:00;55933;15;7;60;heavy;1
2025-07-02T09:43:00+02:00;55958;22;3;78;heavy;3
2025-07-02T09:43:00+02:00;55959;57;1;60;freeFlow;1
2025-07-02T09:43:00+02:00;55974;21;2;60;heavy;1
2025-07-02T09:43:00+02:00;55975;38;2;100;freeFlow;5
2025-07-02T09:43:00+02:00;55977;44;3;100;freeFlow;3
2025-07-02T09:43:00+02:00;55978;29;4;75;heavy;2
2025-07-02T09:43:00+02:00;55980;14;19;75;congested;2
2025-07-02T09:43:00+02:00;55981;33;8;97;heavy;3
2025-07-02T09:43:00+02:00;56019;37;2;50;freeFlow;1
2025-07-02T09:43:00+02:00;56020;14;4;60;congested;1
2025-07-02T09:43:00+02:00;56113;39;6;0;unknown;0
2025-07-02T09:43:00+02:00;56115;50;4;0;unknown;0
2025-07-02T09:43:00+02:00;56117;50;5;0;unknown;0
2025-07-02T09:43:00+02:00;56118;5;11;0;unknown;0
2025-07-02T09:43:00+02:00;56124;50;1;0;unknown;0
2025-07-02T09:43:00+02:00;56125;50;1;0;unknown;0
2025-07-02T09:43:00+02:00;56126;50;3;0;unknown;0
2025-07-02T09:43:00+02:00;56128;39;2;0;unknown;0
2025-07-02T09:43:00+02:00;56157_D;30;13;0;unknown;0
2025-07-02T09:43:00+02:00;56157_G;30;13;0;unknown;0
2025-07-02T09:43:00+02:00;56165_D;30;2;0;unknown;0
2025-07-02T09:43:00+02:00;56165_G;30;2;0;unknown;0
2025-07-02T09:43:00+02:00;56170;50;1;0;unknown;0
2025-07-02T09:43:00+02:00;56174;50;5;0;unknown;0
2025-07-02T09:43:00+02:00;56175;33;7;52;heavy;1
2025-07-02T09:43:00+02:00;56179;50;2;0;unknown;0
2025-07-02T09:43:00+02:00;56180;50;1;0;unknown;0
2025-07-02T09:43:00+02:00;56181;29;3;52;heavy;1
2025-07-02T09:43:00+02:00;56182;19;4;72;heavy;2
2025-07-02T09:43:00+02:00;56183;50;1;0;unknown;0
2025-07-02T09:43:00+02:00;56218_D;50;3;0;unknown;0
2025-07-02T09:43:00+02:00;56218_G;50;3;0;unknown;0
2025-07-02T09:43:00+02:00;56223;50;1;0;unknown;0
2025-07-02T09:43:00+02:00;56224;50;8;0;unknown;0
2025-07-02T09:43:00+02:00;56225;39;9;0;unknown;0
2025-07-02T09:43:00+02:00;56229;39;3;0;unknown;0
2025-07-02T09:43:00+02:00;56231;31;3;10;heavy;1
2025-07-02T09:43:00+02:00;56232;31;2;10;heavy;1
2025-07-02T09:43:00+02:00;56233;50;9;0;unknown;0
2025-07-02T09:43:00+02:00;56237;50;9;0;unknown;0
2025-07-02T09:43:00+02:00;56239;33;2;42;freeFlow;1
2025-07-02T09:43:00+02:00;56247;25;1;42;freeFlow;1
2025-07-02T09:43:00+02:00;56250;30;21;0;unknown;0
2025-07-02T09:43:00+02:00;56251;27;24;52;freeFlow;1
2025-07-02T09:43:00+02:00;56254;30;1;0;unknown;0
2025-07-02T09:43:00+02:00;56255;27;2;52;freeFlow;1
2025-07-02T09:43:00+02:00;56256;25;2;42;freeFlow;1
2025-07-02T09:43:00+02:00;56258;30;5;0;unknown;0
2025-07-02T09:43:00+02:00;56260;27;2;52;freeFlow;1
2025-07-02T09:43:00+02:00;56261;33;2;42;freeFlow;1
2025-07-02T09:43:00+02:00;56263;27;14;42;freeFlow;1
2025-07-02T09:43:00+02:00;56264;27;15;52;freeFlow;1
2025-07-02T09:43:00+02:00;56298;30;1;0;unknown;0
2025-07-02T09:43:00+02:00;56300;30;1;0;unknown;0
2025-07-02T09:43:00+02:00;56333;37;3;50;freeFlow;1
2025-07-02T09:43:00+02:00;565804_D;48;9;22;freeFlow;1
2025-07-02T09:43:00+02:00;565804_G;30;14;42;heavy;1
2025-07-02T09:43:00+02:00;565852;66;2;75;freeFlow;2
2025-07-02T09:43:00+02:00;565853;76;13;0;unknown;0
2025-07-02T09:43:00+02:00;566240;50;2;0;unknown;0
2025-07-02T09:43:00+02:00;566445_D;30;2;0;unknown;0
2025-07-02T09:43:00+02:00;566445_G;30;3;0;unknown;0
2025-07-02T09:43:00+02:00;566456_D;30;22;0;unknown;0
2025-07-02T09:43:00+02:00;566456_G;30;22;0;unknown;0
2025-07-02T09:43:00+02:00;566457;50;1;0;unknown;0
2025-07-02T09:43:00+02:00;566465_D;30;10;0;unknown;0
2025-07-02T09:43:00+02:00;566465_G;30;10;0;unknown;0
2025-07-02T09:43:00+02:00;56675_D;47;3;60;freeFlow;1
2025-07-02T09:43:00+02:00;56675_G;34;5;60;heavy;1
2025-07-02T09:43:00+02:00;566941;11;9;57;congested;1
2025-07-02T09:43:00+02:00;56871_D;50;3;0;unknown;0
2025-07-02T09:43:00+02:00;56871_G;58;3;22;freeFlow;1
2025-07-02T09:43:00+02:00;56908_D;34;12;10;heavy;1
2025-07-02T09:43:00+02:00;56908_G;30;13;60;heavy;1
2025-07-02T09:43:00+02:00;56925;87;40;88;freeFlow;3
2025-07-02T09:43:00+02:00;56944_D;33;9;42;freeFlow;1
2025-07-02T09:43:00+02:00;56944_G;34;9;48;freeFlow;1
2025-07-02T09:43:00+02:00;56945_D;33;7;42;freeFlow;1
2025-07-02T09:43:00+02:00;56945_G;24;9;69;freeFlow;2
2025-07-02T09:43:00+02:00;57082_G;0;1.536426898190588e+28;12;congested;1
2025-07-02T09:43:00+02:00;57083_D;38;11;60;freeFlow;1
2025-07-02T09:43:00+02:00;57083_G;37;13;12;freeFlow;1
2025-07-02T09:43:00+02:00;59724;29;5;35;heavy;1
2025-07-02T09:43:00+02:00;59750_D;12;20;55;congested;1
2025-07-02T09:43:00+02:00;59750_G;11;20;70;congested;2
2025-07-02T09:43:00+02:00;59835_D;50;4;0;unknown;0
2025-07-02T09:43:00+02:00;59835_G;50;4;0;unknown;0
2025-07-02T09:43:00+02:00;59836;50;2;0;unknown;0
2025-07-02T09:43:00+02:00;59837;23;2;0;unknown;0
2025-07-02T09:43:00+02:00;59838;5;27;0;unknown;0
2025-07-02T09:43:00+02:00;62559_D;50;6;0;unknown;0
2025-07-02T09:43:00+02:00;62559_G;44;7;50;freeFlow;2
2025-07-02T09:43:00+02:00;62560;41;6;50;freeFlow;1
2025-07-02T09:43:00+02:00;62565_D;50;2;0;unknown;0
2025-07-02T09:43:00+02:00;62565_G;32;2;60;heavy;1
2025-07-02T09:43:00+02:00;62831_D;38;1;60;freeFlow;1
2025-07-02T09:43:00+02:00;62831_G;18;2;60;heavy;1
2025-07-02T09:43:00+02:00;62832_D;38;2;60;freeFlow;1
2025-07-02T09:43:00+02:00;62832_G;18;3;60;heavy;1
2025-07-02T09:43:00+02:00;63045_D;57;3;60;freeFlow;1
2025-07-02T09:43:00+02:00;63045_G;42;4;55;freeFlow;1
2025-07-02T09:43:00+02:00;63053_D;39;6;65;freeFlow;2
2025-07-02T09:43:00+02:00;63053_G;35;6;48;heavy;2
2025-07-02T09:43:00+02:00;63899;68;25;75;freeFlow;2
2025-07-02T09:43:00+02:00;63934;33;2;60;heavy;1
2025-07-02T09:43:00+02:00;63935;33;12;57;heavy;1
2025-07-02T09:43:00+02:00;63936;25;21;75;heavy;2
2025-07-02T09:43:00+02:00;63939;26;23;60;heavy;1
2025-07-02T09:43:00+02:00;63940;14;6;100;congested;3
2025-07-02T09:43:00+02:00;63941;11;5;75;congested;2
2025-07-02T09:43:00+02:00;63942;50;1;0;unknown;0
2025-07-02T09:43:00+02:00;63943;26;3;60;heavy;1
2025-07-02T09:43:00+02:00;63944;50;3;100;freeFlow;3
2025-07-02T09:43:00+02:00;63947;49;2;30;freeFlow;1
2025-07-02T09:43:00+02:00;63950;49;1;30;freeFlow;1
2025-07-02T09:43:00+02:00;63951;50;2;0;unknown;0
2025-07-02T09:43:00+02:00;63952;56;0;100;freeFlow;3
2025-07-02T09:43:00+02:00;63953;57;1;100;freeFlow;3
2025-07-02T09:43:00+02:00;63970;54;17;100;freeFlow;3
2025-07-02T09:43:00+02:00;63973;33;4;60;heavy;1
2025-07-02T09:43:00+02:00;64032;73;14;60;freeFlow;1
2025-07-02T09:43:00+02:00;64061_D;27;11;57;freeFlow;1
2025-07-02T09:43:00+02:00;64061_G;31;10;60;freeFlow;1
2025-07-02T09:43:00+02:00;64637_D;35;11;75;freeFlow;2
2025-07-02T09:43:00+02:00;64637_G;19;23;100;heavy;3
2025-07-02T09:43:00+02:00;65310;50;6;0;unknown;0
2025-07-02T09:43:00+02:00;65313;50;6;0;unknown;0
2025-07-02T09:43:00+02:00;65682;52;22;75;freeFlow;2
2025-07-02T09:43:00+02:00;66421;39;2;0;unknown;0
2025-07-02T09:43:00+02:00;66442;50;4;0;unknown;0
2025-07-02T09:43:00+02:00;66782;35;11;60;heavy;1
2025-07-02T09:43:00+02:00;67066;34;9;50;heavy;1
2025-07-02T09:43:00+02:00;67097_D;39;9;60;freeFlow;1
2025-07-02T09:43:00+02:00;67097_G;33;11;12;freeFlow;1
2025-07-02T09:43:00+02:00;69381_D;38;7;60;freeFlow;1
2025-07-02T09:43:00+02:00;69381_G;27;11;60;heavy;1
2025-07-02T09:43:00+02:00;72487_G;80;31;0;unknown;0
2025-07-02T09:43:00+02:00;72614;50;2;0;unknown;0
2025-07-02T09:43:00+02:00;72621;24;15;42;heavy;1
2025-07-02T09:43:00+02:00;72624;25;14;42;heavy;1
2025-07-02T09:43:00+02:00;72628;15;1;42;heavy;1
2025-07-02T09:43:00+02:00;74283_D;28;27;57;heavy;1
2025-07-02T09:43:00+02:00;74283_G;29;27;60;heavy;1
2025-07-02T09:43:00+02:00;75387;28;3;60;heavy;1
2025-07-02T09:43:00+02:00;75631;32;10;59;heavy;2
2025-07-02T09:43:00+02:00;75818_D;42;3;30;freeFlow;1
2025-07-02T09:43:00+02:00;75818_G;50;2;100;freeFlow;3
2025-07-02T09:43:00+02:00;75820;81;24;100;freeFlow;10
2025-07-02T09:43:00+02:00;75824;31;15;75;heavy;2
2025-07-02T09:43:00+02:00;75825;28;16;100;heavy;8
2025-07-02T09:43:00+02:00;75828;67;11;75;freeFlow;2
2025-07-02T09:43:00+02:00;75829;10;70;100;congested;3
2025-07-02T09:43:00+02:00;75832;40;3;75;freeFlow;2
2025-07-02T09:43:00+02:00;75833;36;6;100;freeFlow;4
2025-07-02T09:43:00+02:00;75835;38;3;100;freeFlow;5
2025-07-02T09:43:00+02:00;75836;76;13;60;freeFlow;1
2025-07-02T09:43:00+02:00;75837;46;9;75;freeFlow;2
2025-07-02T09:43:00+02:00;75838;43;6;100;freeFlow;5
2025-07-02T09:43:00+02:00;75839;41;4;75;freeFlow;2
2025-07-02T09:43:00+02:00;75840;42;4;60;freeFlow;1
2025-07-02T09:43:00+02:00;75845;32;4;100;heavy;5
2025-07-02T09:43:00+02:00;75846;33;9;100;heavy;5
2025-07-02T09:43:00+02:00;75847;31;19;52;heavy;1
2025-07-02T09:43:00+02:00;75848;26;9;52;heavy;1
2025-07-02T09:43:00+02:00;75849;13;18;75;congested;2
2025-07-02T09:43:00+02:00;75850;18;10;57;heavy;2
2025-07-02T09:43:00+02:00;75851;12;15;75;congested;2
2025-07-02T09:43:00+02:00;75853;54;1;60;freeFlow;1
2025-07-02T09:43:00+02:00;75854;51;5;60;freeFlow;1
2025-07-02T09:43:00+02:00;75856;39;3;75;heavy;2
2025-07-02T09:43:00+02:00;75897;71;13;60;freeFlow;1
2025-07-02T09:43:00+02:00;9128;50;55;100;heavy;10
2025-07-02T09:43:00+02:00;9130;63;12;100;freeFlow;5
2025-07-02T09:43:00+02:00;9131;79;8;75;freeFlow;2
2025-07-02T09:43:00+02:00;9132;65;32;100;freeFlow;8
2025-07-02T09:43:00+02:00;9146;70;5;100;freeFlow;9
2025-07-02T09:43:00+02:00;9178;56;21;61;heavy;2
2025-07-02T09:43:00+02:00;9179;24;75;100;congested;10
2025-07-02T09:43:00+02:00;9180;75;25;100;freeFlow;5
2025-07-02T09:43:00+02:00;9181;72;13;75;freeFlow;2
2025-07-02T09:43:00+02:00;9182;16;14;75;congested;2
2025-07-02T09:43:00+02:00;9183;18;24;100;congested;3
2025-07-02T09:43:00+02:00;9184;91;7;75;freeFlow;2
2025-07-02T09:43:00+02:00;9245;77;92;100;freeFlow;6
2025-07-02T09:43:00+02:00;9246;96;123;75;freeFlow;2
2025-07-02T09:43:00+02:00;9380_D;80;23;0;unknown;0
2025-07-02T09:43:00+02:00;9380_G;80;23;0;unknown;0
2025-07-02T09:43:00+02:00;9389;80;1;0;unknown;0
2025-07-02T09:43:00+02:00;9390;80;1;0;unknown;0
2025-07-02T09:43:00+02:00;9391;80;1;0;unknown;0
2025-07-02T09:43:00+02:00;9392;80;1;0;unknown;0
2025-07-02T09:43:00+02:00;1677832;13;24;60;congested;1
2025-07-02T09:43:00+02:00;1679085_D;29;3;60;heavy;1
2025-07-02T09:43:00+02:00;1679085_G;48;2;75;freeFlow;2
2025-07-02T09:43:00+02:00;1679794;22;3;75;heavy;2
2025-07-02T09:43:00+02:00;1679795_G;19;4;75;heavy;2
2025-07-02T09:43:00+02:00;1679796;24;2;60;heavy;1
2025-07-02T09:43:00+02:00;1679797_D;50;6;0;unknown;0
2025-07-02T09:43:00+02:00;1679797_G;58;5;22;freeFlow;1
2025-07-02T09:43:00+02:00;1679798;48;1;63;freeFlow;2
2025-07-02T09:43:00+02:00;1679800;29;3;60;heavy;1
2025-07-02T09:43:00+02:00;1680335;28;10;60;heavy;1
2025-07-02T09:43:00+02:00;1680340;17;6;60;heavy;1
2025-07-02T09:43:00+02:00;213972_D;50;6;0;unknown;0
2025-07-02T09:43:00+02:00;213972_G;47;6;75;freeFlow;2
2025-07-02T09:43:00+02:00;213973_D;50;8;0;unknown;0
2025-07-02T09:43:00+02:00;213973_G;42;9;75;freeFlow;2
2025-07-02T09:43:00+02:00;213974_D;50;4;0;unknown;0
2025-07-02T09:43:00+02:00;213974_G;46;4;75;freeFlow;2
2025-07-02T09:43:00+02:00;26521;100;54;100;freeFlow;4
2025-07-02T09:43:00+02:00;26522;82;40;100;freeFlow;6
2025-07-02T09:43:00+02:00;31304_G;38;29;64;freeFlow;2
2025-07-02T09:43:00+02:00;31328;80;11;100;freeFlow;3
2025-07-02T09:43:00+02:00;31441;77;44;100;freeFlow;3
2025-07-02T09:43:00+02:00;31535;45;17;100;heavy;6
2025-07-02T09:43:00+02:00;31552;87;8;100;freeFlow;7
2025-07-02T09:43:00+02:00;31555;65;13;100;freeFlow;7
2025-07-02T09:43:00+02:00;43014_D;15;13;75;heavy;2
2025-07-02T09:43:00+02:00;43014_G;27;7;55;heavy;1
2025-07-02T09:43:00+02:00;43105_D;50;5;0;unknown;0
2025-07-02T09:43:00+02:00;43105_G;14;18;60;congested;1
2025-07-02T09:43:00+02:00;43118_D;30;18;52;heavy;1
2025-07-02T09:43:00+02:00;43118_G;33;17;60;heavy;1
2025-07-02T09:43:00+02:00;43124_D;27;14;52;freeFlow;1
2025-07-02T09:43:00+02:00;43124_G;27;14;60;freeFlow;1
2025-07-02T09:43:00+02:00;43125_D;20;13;75;heavy;2
2025-07-02T09:43:00+02:00;43125_G;25;10;60;freeFlow;1
2025-07-02T09:43:00+02:00;43126_D;31;17;75;freeFlow;2
2025-07-02T09:43:00+02:00;43126_G;13;39;57;heavy;1
2025-07-02T09:43:00+02:00;43147_D;27;10;75;freeFlow;2
2025-07-02T09:43:00+02:00;43147_G;12;22;75;heavy;2
2025-07-02T09:43:00+02:00;43336_D;28;10;75;heavy;2
2025-07-02T09:43:00+02:00;43336_G;25;11;60;heavy;1
2025-07-02T09:43:00+02:00;43337_D;19;22;100;heavy;3
2025-07-02T09:43:00+02:00;43337_G;25;17;60;heavy;1
2025-07-02T09:43:00+02:00;43338_D;35;5;75;freeFlow;2
2025-07-02T09:43:00+02:00;43338_G;2;87;38;congested;1
2025-07-02T09:43:00+02:00;43339_D;28;8;75;heavy;2
2025-07-02T09:43:00+02:00;43339_G;25;9;60;heavy;1
2025-07-02T09:43:00+02:00;43340_D;35;1;75;freeFlow;2
2025-07-02T09:43:00+02:00;43340_G;48;1;46;freeFlow;2
2025-07-02T09:43:00+02:00;43341_D;35;5;75;freeFlow;2
2025-07-02T09:43:00+02:00;43341_G;54;3;25;freeFlow;1
2025-07-02T09:43:00+02:00;43342_D;35;3;75;freeFlow;2
2025-07-02T09:43:00+02:00;43342_G;15;6;48;heavy;2
2025-07-02T09:43:00+02:00;43343_D;35;10;75;freeFlow;2
2025-07-02T09:43:00+02:00;43343_G;37;9;25;freeFlow;1
2025-07-02T09:43:00+02:00;43345_D;14;20;60;heavy;1
2025-07-02T09:43:00+02:00;43345_G;8;37;55;congested;2
2025-07-02T09:43:00+02:00;43347_D;27;5;60;freeFlow;1
2025-07-02T09:43:00+02:00;43347_G;35;4;55;freeFlow;2
2025-07-02T09:43:00+02:00;43352_D;19;25;60;heavy;1
2025-07-02T09:43:00+02:00;43353_D;15;20;60;heavy;1
2025-07-02T09:43:00+02:00;43353_G;34;9;57;freeFlow;2
2025-07-02T09:43:00+02:00;43377_D;22;22;75;freeFlow;2
2025-07-02T09:43:00+02:00;43377_G;25;19;60;freeFlow;1
2025-07-02T09:43:00+02:00;43379_D;22;10;60;freeFlow;1
2025-07-02T09:43:00+02:00;43379_G;32;7;40;freeFlow;1
2025-07-02T09:43:00+02:00;43413_D;14;12;60;heavy;1
2025-07-02T09:43:00+02:00;43413_G;20;9;55;heavy;2
2025-07-02T09:43:00+02:00;43474_D;38;4;60;freeFlow;1
2025-07-02T09:43:00+02:00;43474_G;48;3;75;freeFlow;2
2025-07-02T09:43:00+02:00;43615_D;38;2;60;freeFlow;1
2025-07-02T09:43:00+02:00;43615_G;48;1;75;freeFlow;2
2025-07-02T09:43:00+02:00;43743_D;50;25;0;unknown;0
2025-07-02T09:43:00+02:00;43746;38;6;63;freeFlow;2
2025-07-02T09:43:00+02:00;43747;40;11;48;freeFlow;1
2025-07-02T09:43:00+02:00;43751;43;14;22;freeFlow;1
2025-07-02T09:43:00+02:00;43774_D;42;4;52;freeFlow;1
2025-07-02T09:43:00+02:00;43774_G;32;6;60;heavy;1
2025-07-02T09:43:00+02:00;43775_D;38;11;66;freeFlow;2
2025-07-02T09:43:00+02:00;43775_G;36;11;60;freeFlow;1
2025-07-02T09:43:00+02:00;43826_D;31;9;60;heavy;1
2025-07-02T09:43:00+02:00;43826_G;31;9;60;heavy;1
2025-07-02T09:43:00+02:00;43971;48;14;60;freeFlow;1
2025-07-02T09:43:00+02:00;43973;50;5;0;unknown;0
2025-07-02T09:43:00+02:00;44003_G;42;10;100;freeFlow;4
2025-07-02T09:43:00+02:00;44004_D;7;165;100;congested;3
2025-07-02T09:43:00+02:00;44004_G;39;29;100;freeFlow;6
2025-07-02T09:43:00+02:00;44017_G;42;4;60;freeFlow;1
2025-07-02T09:43:00+02:00;44018_G;43;13;75;freeFlow;2
2025-07-02T09:43:00+02:00;44037_D;33;5;60;heavy;1
2025-07-02T09:43:00+02:00;44037_G;48;3;75;freeFlow;2
2025-07-02T09:43:00+02:00;44851_D;39;14;0;unknown;0
2025-07-02T09:43:00+02:00;44851_G;11;50;100;congested;3
2025-07-02T09:43:00+02:00;44852_D;50;9;0;unknown;0
2025-07-02T09:43:00+02:00;44852_G;33;14;100;heavy;3
2025-07-02T09:43:00+02:00;44854_D;50;1;0;unknown;0
2025-07-02T09:43:00+02:00;44854_G;32;2;100;heavy;3
2025-07-02T09:43:00+02:00;44855_D;38;9;0;unknown;0
2025-07-02T09:43:00+02:00;44855_G;43;8;75;freeFlow;2
2025-07-02T09:43:00+02:00;44879;58;23;100;freeFlow;4
2025-07-02T09:43:00+02:00;44897_D;40;6;0;unknown;0
2025-07-02T09:43:00+02:00;44897_G;45;5;75;freeFlow;2
2025-07-02T09:43:00+02:00;44901;73;21;60;freeFlow;1
2025-07-02T09:43:00+02:00;44939;71;58;100;freeFlow;11
2025-07-02T09:43:00+02:00;45135_D;42;2;45;freeFlow;1
2025-07-02T09:43:00+02:00;45135_G;12;6;50;congested;1
2025-07-02T09:43:00+02:00;45136_G;47;17;63;freeFlow;2
2025-07-02T09:43:00+02:00;45137_D;6;14;48;congested;1
2025-07-02T09:43:00+02:00;45137_G;29;2;38;heavy;1
2025-07-02T09:43:00+02:00;45146;12;35;15;congested;1
2025-07-02T09:43:00+02:00;45147_D;52;1;75;freeFlow;2
2025-07-02T09:43:00+02:00;45147_G;9;5;60;congested;1
2025-07-02T09:43:00+02:00;45153;59;7;20;freeFlow;1
2025-07-02T09:43:00+02:00;45155;44;18;40;freeFlow;1
2025-07-02T09:43:00+02:00;45213;45;10;12;freeFlow;1
2025-07-02T09:43:00+02:00;45214;19;14;75;heavy;2
2025-07-02T09:43:00+02:00;45232;28;60;69;heavy;2
2025-07-02T09:43:00+02:00;45233;28;4;60;heavy;1
2025-07-02T09:43:00+02:00;45236_D;49;13;75;freeFlow;2
2025-07-02T09:43:00+02:00;45242;73;16;100;freeFlow;12
2025-07-02T09:43:00+02:00;45246;71;36;100;freeFlow;5
2025-07-02T09:43:00+02:00;45247;107;9;60;freeFlow;1
2025-07-02T09:43:00+02:00;47742_G;22;10;60;heavy;1
2025-07-02T09:43:00+02:00;47744;42;48;10;freeFlow;1
2025-07-02T09:43:00+02:00;48725;23;4;60;heavy;1
2025-07-02T09:43:00+02:00;48736;23;3;60;heavy;1
2025-07-02T09:43:00+02:00;48738;8;6;60;congested;1
2025-07-02T09:43:00+02:00;48746;5;70;60;congested;1
2025-07-02T09:43:00+02:00;48751;35;2;75;heavy;2
2025-07-02T09:43:00+02:00;48752;43;2;75;freeFlow;2
2025-07-02T09:43:00+02:00;48753;35;2;0;unknown;0
2025-07-02T09:43:00+02:00;48754;35;2;0;unknown;0
2025-07-02T09:43:00+02:00;48764;50;1;0;unknown;0
2025-07-02T09:43:00+02:00;48765;50;5;0;unknown;0
2025-07-02T09:43:00+02:00;48796;25;20;75;heavy;2
2025-07-02T09:43:00+02:00;48915_D;50;2;0;unknown;0
2025-07-02T09:43:00+02:00;48915_G;37;3;60;freeFlow;1
2025-07-02T09:43:00+02:00;48916;4;41;60;congested;1
2025-07-02T09:43:00+02:00;48953_D;33;35;61;heavy;2
2025-07-02T09:43:00+02:00;48953_G;26;44;38;heavy;1
2025-07-02T09:43:00+02:00;48993_D;27;13;60;heavy;1
2025-07-02T09:43:00+02:00;48993_G;21;17;55;heavy;2
2025-07-02T09:43:00+02:00;49042_D;40;1;0;unknown;0
2025-07-02T09:43:00+02:00;49042_G;45;1;75;freeFlow;2
2025-07-02T09:43:00+02:00;50035_D;38;2;60;freeFlow;1
2025-07-02T09:43:00+02:00;50035_G;48;2;75;freeFlow;2
2025-07-02T09:43:00+02:00;50087;37;7;60;freeFlow;1
2025-07-02T09:43:00+02:00;50107_D;50;11;0;unknown;0
2025-07-02T09:43:00+02:00;50107_G;35;15;60;heavy;1
2025-07-02T09:43:00+02:00;52835_G;26;6;75;heavy;2
2025-07-02T09:43:00+02:00;52850_D;9;15;75;congested;2
2025-07-02T09:43:00+02:00;52850_G;35;4;55;freeFlow;1
2025-07-02T09:43:00+02:00;52878;47;3;100;freeFlow;3
2025-07-02T09:43:00+02:00;53020_G;46;2;75;freeFlow;2
2025-07-02T09:43:00+02:00;53130_D;50;5;0;unknown;0
2025-07-02T09:43:00+02:00;53130_G;35;7;60;freeFlow;1
2025-07-02T09:43:00+02:00;53375_D;14;7;60;heavy;1
2025-07-02T09:43:00+02:00;53375_G;34;3;55;freeFlow;2
2025-07-02T09:43:00+02:00;53427;56;77;100;heavy;19
2025-07-02T09:43:00+02:00;53988;42;6;100;freeFlow;5
2025-07-02T09:43:00+02:00;53989;23;3;27;heavy;1
2025-07-02T09:43:00+02:00;53992_D;36;11;50;freeFlow;1
2025-07-02T09:43:00+02:00;53992_G;43;9;55;freeFlow;1
2025-07-02T09:43:00+02:00;53995;30;2;55;heavy;1
2025-07-02T09:43:00+02:00;53997;24;3;55;heavy;1
2025-07-02T09:43:00+02:00;53999;35;2;50;freeFlow;1
2025-07-02T09:43:00+02:00;54130;63;25;55;freeFlow;1
2025-07-02T09:43:00+02:00;54136;47;4;75;freeFlow;2
2025-07-02T09:43:00+02:00;54219;50;11;0;unknown;0
2025-07-02T09:43:00+02:00;54222;46;13;12;freeFlow;1
2025-07-02T09:43:00+02:00;54235;22;22;100;heavy;4
2025-07-02T09:43:00+02:00;54300;33;12;57;heavy;1
2025-07-02T09:43:00+02:00;54304_D;47;4;45;freeFlow;1
2025-07-02T09:43:00+02:00;54304_G;13;16;50;congested;1
2025-07-02T09:43:00+02:00;54309;40;22;50;freeFlow;1
2025-07-02T09:43:00+02:00;54345;50;3;0;unknown;0
2025-07-02T09:43:00+02:00;54352;62;5;0;unknown;0
2025-07-02T09:43:00+02:00;54353;36;4;0;unknown;0
2025-07-02T09:43:00+02:00;54356;33;26;75;heavy;2
2025-07-02T09:43:00+02:00;54357;34;8;75;heavy;2
2025-07-02T09:43:00+02:00;54370;50;4;0;unknown;0
2025-07-02T09:43:00+02:00;54373;80;2;70;freeFlow;2
2025-07-02T09:43:00+02:00;54374;93;2;95;freeFlow;3
2025-07-02T09:43:00+02:00;54377;102;11;57;freeFlow;2
2025-07-02T09:43:00+02:00;54396;56;4;75;freeFlow;2
2025-07-02T09:43:00+02:00;54397;55;11;75;freeFlow;2
2025-07-02T09:43:00+02:00;54468;15;9;75;congested;2
2025-07-02T09:43:00+02:00;54470;32;8;75;heavy;2
2025-07-02T09:43:00+02:00;56022;45;3;75;freeFlow;2
2025-07-02T09:43:00+02:00;56598;24;2;55;heavy;1
2025-07-02T09:43:00+02:00;56676_D;16;14;75;heavy;2
2025-07-02T09:43:00+02:00;56868;42;4;60;freeFlow;1
2025-07-02T09:43:00+02:00;56869;23;7;17;heavy;1
2025-07-02T09:43:00+02:00;56894;59;4;20;freeFlow;1
2025-07-02T09:43:00+02:00;56895;59;19;20;freeFlow;1
2025-07-02T09:43:00+02:00;56896;58;3;57;freeFlow;1
2025-07-02T09:43:00+02:00;56901;60;36;100;freeFlow;5
2025-07-02T09:43:00+02:00;60284;18;69;60;heavy;1
2025-07-02T09:43:00+02:00;63409_D;26;4;60;heavy;1
2025-07-02T09:43:00+02:00;63409_G;2;54;53;congested;2
2025-07-02T09:43:00+02:00;66896;50;6;0;unknown;0
2025-07-02T09:43:00+02:00;69440;45;5;75;freeFlow;2
2025-07-02T09:43:00+02:00;69442;28;14;75;heavy;2
2025-07-02T09:43:00+02:00;75868;87;8;100;freeFlow;10
2025-07-02T09:43:00+02:00;75908;33;31;50;heavy;1
2025-07-02T09:43:00+02:00;75909;46;22;48;freeFlow;1
2025-07-02T09:43:00+02:00;44943;55;11;100;freeFlow;4
2025-07-02T09:43:00+02:00;47063;82;7;50;freeFlow;1
2025-07-02T09:43:00+02:00;71455_G;58;3;22;freeFlow;1
2025-07-02T09:43:00+02:00;75831;42;22;60;freeFlow;1