datetime;predefinedLocationReference;averageVehicleSpeed;travelTime;travelTimeReliability;trafficStatus;vehicleProbeMeasurement
2025-07-02T16:43:00+02:00;10273_D;80;9;45;freeFlow;1
2025-07-02T16:43:00+02:00;10273_G;83;9;100;freeFlow;3
2025-07-02T16:43:00+02:00;10274_D;80;8;45;freeFlow;1
2025-07-02T16:43:00+02:00;10274_G;83;8;100;freeFlow;3
2025-07-02T16:43:00+02:00;10275_D;79;13;45;freeFlow;1
2025-07-02T16:43:00+02:00;10275_G;81;12;100;freeFlow;3
2025-07-02T16:43:00+02:00;10277_D;77;20;48;freeFlow;1
2025-07-02T16:43:00+02:00;10277_G;72;21;100;freeFlow;3
2025-07-02T16:43:00+02:00;10279_D;75;13;48;freeFlow;1
2025-07-02T16:43:00+02:00;10279_G;47;22;60;heavy;1
2025-07-02T16:43:00+02:00;10281_D;76;18;48;freeFlow;1
2025-07-02T16:43:00+02:00;10281_G;48;29;60;heavy;1
2025-07-02T16:43:00+02:00;10315_D;80;7;45;freeFlow;1
2025-07-02T16:43:00+02:00;10315_G;83;7;100;freeFlow;3
2025-07-02T16:43:00+02:00;11579_D;84;3;45;freeFlow;1
2025-07-02T16:43:00+02:00;11579_G;80;3;0;unknown;0
2025-07-02T16:43:00+02:00;11652;60;23;100;heavy;3
2025-07-02T16:43:00+02:00;11654;8;17;100;congested;3
2025-07-02T16:43:00+02:00;11777_D;21;4;42;congested;1
2025-07-02T16:43:00+02:00;11777_G;46;1;100;heavy;4
2025-07-02T16:43:00+02:00;11781_D;43;2;42;freeFlow;1
2025-07-02T16:43:00+02:00;11781_G;15;5;0;unknown;0
2025-07-02T16:43:00+02:00;11784_D;49;1;42;freeFlow;1
2025-07-02T16:43:00+02:00;11784_G;30;2;0;unknown;0
2025-07-02T16:43:00+02:00;11785_D;46;1;42;freeFlow;1
2025-07-02T16:43:00+02:00;11785_G;30;1;0;unknown;0
2025-07-02T16:43:00+02:00;12060_D;80;9;45;freeFlow;1
2025-07-02T16:43:00+02:00;12060_G;83;9;100;freeFlow;3
2025-07-02T16:43:00+02:00;1242_D;48;2;57;heavy;1
2025-07-02T16:43:00+02:00;1242_G;31;4;30;heavy;1
2025-07-02T16:43:00+02:00;1285_D;48;1;57;heavy;1
2025-07-02T16:43:00+02:00;1285_G;39;1;38;heavy;1
2025-07-02T16:43:00+02:00;13514;42;5;100;heavy;3
2025-07-02T16:43:00+02:00;13515;59;2;75;freeFlow;2
2025-07-02T16:43:00+02:00;13516;34;3;25;heavy;1
2025-07-02T16:43:00+02:00;13549_D;71;5;75;freeFlow;2
2025-07-02T16:43:00+02:00;13549_G;55;6;75;heavy;2
2025-07-02T16:43:00+02:00;13557_D;55;7;95;heavy;3
2025-07-02T16:43:00+02:00;13557_G;41;9;75;heavy;2
2025-07-02T16:43:00+02:00;14364;117;18;75;freeFlow;2
2025-07-02T16:43:00+02:00;14365;111;18;75;freeFlow;2
2025-07-02T16:43:00+02:00;15029_D;52;48;75;heavy;2
2025-07-02T16:43:00+02:00;15029_G;64;38;75;freeFlow;2
2025-07-02T16:43:00+02:00;15062;32;4;60;heavy;1
2025-07-02T16:43:00+02:00;15063;38;4;100;heavy;3
2025-07-02T16:43:00+02:00;15064;41;4;75;heavy;2
2025-07-02T16:43:00+02:00;15065;28;7;75;heavy;2
2025-07-02T16:43:00+02:00;15066;32;4;100;heavy;4
2025-07-02T16:43:00+02:00;15067_D;80;53;0;unknown;0
2025-07-02T16:43:00+02:00;15067_G;55;77;88;heavy;4
2025-07-02T16:43:00+02:00;15104_D;80;49;0;unknown;0
2025-07-02T16:43:00+02:00;15104_G;71;56;88;freeFlow;3
2025-07-02T16:43:00+02:00;15111;106;3;60;freeFlow;1
2025-07-02T16:43:00+02:00;15113;52;4;55;heavy;1
2025-07-02T16:43:00+02:00;15114;52;3;55;heavy;1
2025-07-02T16:43:00+02:00;15117;52;3;55;heavy;1
2025-07-02T16:43:00+02:00;15118;43;2;60;heavy;1
2025-07-02T16:43:00+02:00;15119;43;4;60;heavy;1
2025-07-02T16:43:00+02:00;15120;52;4;100;heavy;4
2025-07-02T16:43:00+02:00;15121;53;2;100;heavy;4
2025-07-02T16:43:00+02:00;15122;59;3;75;freeFlow;2
2025-07-02T16:43:00+02:00;15124_D;43;20;72;heavy;2
2025-07-02T16:43:00+02:00;15124_G;59;14;75;freeFlow;2
2025-07-02T16:43:00+02:00;15549_D;48;1;35;freeFlow;1
2025-07-02T16:43:00+02:00;15549_G;56;1;60;freeFlow;1
2025-07-02T16:43:00+02:00;15550;47;1;100;heavy;5
2025-07-02T16:43:00+02:00;15551;10;1168;80;congested;8
2025-07-02T16:43:00+02:00;1601768;34;12;73;heavy;2
2025-07-02T16:43:00+02:00;1601771;28;9;60;heavy;1
2025-07-02T16:43:00+02:00;1601787;43;2;94;freeFlow;3
2025-07-02T16:43:00+02:00;1601792;51;1;75;freeFlow;2
2025-07-02T16:43:00+02:00;1601794_D;51;3;75;freeFlow;2
2025-07-02T16:43:00+02:00;1601794_G;32;3;60;freeFlow;1
2025-07-02T16:43:00+02:00;1601795;51;9;75;freeFlow;2
2025-07-02T16:43:00+02:00;1601797;33;16;60;freeFlow;1
2025-07-02T16:43:00+02:00;1601798;30;4;72;heavy;2
2025-07-02T16:43:00+02:00;1601799;31;2;60;freeFlow;1
2025-07-02T16:43:00+02:00;1601807;34;3;100;heavy;4
2025-07-02T16:43:00+02:00;1601808;55;17;55;freeFlow;1
2025-07-02T16:43:00+02:00;1601810;30;31;100;heavy;3
2025-07-02T16:43:00+02:00;1601812;66;3;55;freeFlow;1
2025-07-02T16:43:00+02:00;1601813_D;33;38;96;heavy;3
2025-07-02T16:43:00+02:00;1601813_G;33;38;73;heavy;2
2025-07-02T16:43:00+02:00;1601814;59;3;59;freeFlow;1
2025-07-02T16:43:00+02:00;1601815;39;4;100;freeFlow;4
2025-07-02T16:43:00+02:00;1601819;33;2;100;heavy;4
2025-07-02T16:43:00+02:00;1601824;59;3;70;freeFlow;2
2025-07-02T16:43:00+02:00;1601898;89;17;100;freeFlow;3
2025-07-02T16:43:00+02:00;1601931_D;27;10;60;heavy;1
2025-07-02T16:43:00+02:00;1601931_G;22;12;30;heavy;1
2025-07-02T16:43:00+02:00;1602158_D;35;1;60;heavy;1
2025-07-02T16:43:00+02:00;1602158_G;22;1;30;heavy;1
2025-07-02T16:43:00+02:00;1602398;25;2;60;heavy;1
2025-07-02T16:43:00+02:00;1626;65;38;100;freeFlow;7
2025-07-02T16:43:00+02:00;1627;36;5;100;freeFlow;3
2025-07-02T16:43:00+02:00;1628;36;3;32;freeFlow;1
2025-07-02T16:43:00+02:00;1629;16;8;100;heavy;3
2025-07-02T16:43:00+02:00;1630;41;3;100;freeFlow;4
2025-07-02T16:43:00+02:00;1631;38;3;60;freeFlow;1
2025-07-02T16:43:00+02:00;1632;41;46;100;heavy;3
2025-07-02T16:43:00+02:00;1633;70;11;0;unknown;0
2025-07-02T16:43:00+02:00;1639;51;6;100;freeFlow;6
2025-07-02T16:43:00+02:00;16647_D;76;60;65;freeFlow;2
2025-07-02T16:43:00+02:00;16647_G;41;110;59;heavy;2
2025-07-02T16:43:00+02:00;16648_D;81;9;75;freeFlow;2
2025-07-02T16:43:00+02:00;16648_G;74;10;55;freeFlow;2
2025-07-02T16:43:00+02:00;16695_D;59;48;75;freeFlow;2
2025-07-02T16:43:00+02:00;16695_G;68;42;75;freeFlow;2
2025-07-02T16:43:00+02:00;16701;34;3;75;heavy;2
2025-07-02T16:43:00+02:00;16702;28;4;60;heavy;1
2025-07-02T16:43:00+02:00;16707_D;48;1;35;freeFlow;1
2025-07-02T16:43:00+02:00;16707_G;34;1;60;heavy;1
2025-07-02T16:43:00+02:00;16744;28;5;75;heavy;2
2025-07-02T16:43:00+02:00;16745;32;4;75;heavy;2
2025-07-02T16:43:00+02:00;16746;29;4;75;heavy;2
2025-07-02T16:43:00+02:00;16747;31;6;100;heavy;5
2025-07-02T16:43:00+02:00;16748;47;3;100;heavy;3
2025-07-02T16:43:00+02:00;16749;34;4;100;heavy;3
2025-07-02T16:43:00+02:00;16752_D;94;4;75;freeFlow;2
2025-07-02T16:43:00+02:00;16752_G;18;23;75;congested;2
2025-07-02T16:43:00+02:00;1675_D;71;4;60;freeFlow;1
2025-07-02T16:43:00+02:00;1675_G;25;10;75;freeFlow;2
2025-07-02T16:43:00+02:00;1676;58;8;100;heavy;3
2025-07-02T16:43:00+02:00;16761;28;3;75;heavy;2
2025-07-02T16:43:00+02:00;16762;35;3;100;freeFlow;3
2025-07-02T16:43:00+02:00;1677;10;54;100;congested;3
2025-07-02T16:43:00+02:00;1677109;20;82;100;congested;6
2025-07-02T16:43:00+02:00;1677110;70;1;0;unknown;0
2025-07-02T16:43:00+02:00;1677175_D;77;19;60;freeFlow;1
2025-07-02T16:43:00+02:00;1677175_G;17;83;60;heavy;1
2025-07-02T16:43:00+02:00;1677180_D;103;0;60;freeFlow;1
2025-07-02T16:43:00+02:00;1677180_G;25;2;60;freeFlow;1
2025-07-02T16:43:00+02:00;1677184_D;51;14;75;freeFlow;2
2025-07-02T16:43:00+02:00;1677184_G;14;51;60;heavy;1
2025-07-02T16:43:00+02:00;1677551_D;30;2;0;unknown;0
2025-07-02T16:43:00+02:00;1677551_G;30;2;0;unknown;0
2025-07-02T16:43:00+02:00;1677568_D;50;29;0;unknown;0
2025-07-02T16:43:00+02:00;1677568_G;50;30;0;unknown;0
2025-07-02T16:43:00+02:00;1677569;32;3;40;heavy;1
2025-07-02T16:43:00+02:00;1677687;50;1;0;unknown;0
2025-07-02T16:43:00+02:00;1677691;50;1;0;unknown;0
2025-07-02T16:43:00+02:00;1677693;50;2;0;unknown;0
2025-07-02T16:43:00+02:00;1677695_D;50;14;0;unknown;0
2025-07-02T16:43:00+02:00;1677695_G;50;13;0;unknown;0
2025-07-02T16:43:00+02:00;1677709_D;50;3;0;unknown;0
2025-07-02T16:43:00+02:00;1677709_G;50;4;0;unknown;0
2025-07-02T16:43:00+02:00;1677716_D;50;3;0;unknown;0
2025-07-02T16:43:00+02:00;1677716_G;50;3;0;unknown;0
2025-07-02T16:43:00+02:00;1677730_D;23;47;47;heavy;1
2025-07-02T16:43:00+02:00;1677730_G;50;22;0;unknown;0
2025-07-02T16:43:00+02:00;1677735_D;50;1;0;unknown;0
2025-07-02T16:43:00+02:00;1677735_G;50;1;0;unknown;0
2025-07-02T16:43:00+02:00;1677745_D;50;2;0;unknown;0
2025-07-02T16:43:00+02:00;1677745_G;20;3;42;heavy;1
2025-07-02T16:43:00+02:00;1677785_D;30;9;0;unknown;0
2025-07-02T16:43:00+02:00;1677785_G;24;11;42;freeFlow;1
2025-07-02T16:43:00+02:00;1677801_D;50;6;0;unknown;0
2025-07-02T16:43:00+02:00;1677801_G;52;6;42;freeFlow;1
2025-07-02T16:43:00+02:00;1677808_D;50;13;0;unknown;0
2025-07-02T16:43:00+02:00;1677808_G;56;12;45;freeFlow;1
2025-07-02T16:43:00+02:00;16783;56;2;73;freeFlow;2
2025-07-02T16:43:00+02:00;16784;51;2;60;freeFlow;1
2025-07-02T16:43:00+02:00;16785;48;2;35;freeFlow;1
2025-07-02T16:43:00+02:00;1678542;56;37;60;heavy;1
2025-07-02T16:43:00+02:00;1678698_D;15;54;99;congested;3
2025-07-02T16:43:00+02:00;1678698_G;43;19;75;freeFlow;2
2025-07-02T16:43:00+02:00;1678750;50;2;0;unknown;0
2025-07-02T16:43:00+02:00;1678763_D;48;4;35;freeFlow;1
2025-07-02T16:43:00+02:00;1678763_G;48;4;60;freeFlow;1
2025-07-02T16:43:00+02:00;1679092_D;15;15;100;congested;4
2025-07-02T16:43:00+02:00;1679092_G;55;4;75;freeFlow;2
2025-07-02T16:43:00+02:00;1679681;44;18;60;heavy;1
2025-07-02T16:43:00+02:00;1679779;32;10;95;heavy;4
2025-07-02T16:43:00+02:00;1679795_D;19;3;100;heavy;3
2025-07-02T16:43:00+02:00;1679822;22;3;100;heavy;4
2025-07-02T16:43:00+02:00;1679825;64;1;100;freeFlow;5
2025-07-02T16:43:00+02:00;1679841;15;66;100;congested;4
2025-07-02T16:43:00+02:00;1679843;65;1;100;freeFlow;5
2025-07-02T16:43:00+02:00;1679845;19;2;100;heavy;3
2025-07-02T16:43:00+02:00;1679847;58;1;100;freeFlow;5
2025-07-02T16:43:00+02:00;1679859_D;30;16;0;unknown;0
2025-07-02T16:43:00+02:00;1679859_G;72;7;48;freeFlow;1
2025-07-02T16:43:00+02:00;1680014;100;5;100;freeFlow;13
2025-07-02T16:43:00+02:00;1680016;90;13;100;freeFlow;7
2025-07-02T16:43:00+02:00;1680022;92;5;100;freeFlow;7
2025-07-02T16:43:00+02:00;1680024;98;8;100;freeFlow;13
2025-07-02T16:43:00+02:00;1680116;37;4;60;heavy;1
2025-07-02T16:43:00+02:00;1680119;60;3;52;freeFlow;1
2025-07-02T16:43:00+02:00;1680121;34;4;60;heavy;1
2025-07-02T16:43:00+02:00;1680122_D;60;31;52;freeFlow;1
2025-07-02T16:43:00+02:00;1680122_G;57;32;60;freeFlow;1
2025-07-02T16:43:00+02:00;1680123;32;5;60;heavy;1
2025-07-02T16:43:00+02:00;1680337;9;26;90;congested;3
2025-07-02T16:43:00+02:00;1680401_D;48;25;15;heavy;1
2025-07-02T16:43:00+02:00;1680401_G;70;18;0;unknown;0
2025-07-02T16:43:00+02:00;1680514_D;50;9;0;unknown;0
2025-07-02T16:43:00+02:00;1680514_G;13;36;25;congested;2
2025-07-02T16:43:00+02:00;1680539;33;2;100;heavy;3
2025-07-02T16:43:00+02:00;1680541_D;28;14;57;freeFlow;1
2025-07-02T16:43:00+02:00;1680541_G;17;24;75;heavy;2
2025-07-02T16:43:00+02:00;1680549_D;40;16;60;freeFlow;1
2025-07-02T16:43:00+02:00;1680549_G;26;25;57;heavy;1
2025-07-02T16:43:00+02:00;1680551_D;17;2;75;heavy;2
2025-07-02T16:43:00+02:00;1680551_G;28;2;57;freeFlow;1
2025-07-02T16:43:00+02:00;1680557_D;41;1;0;unknown;0
2025-07-02T16:43:00+02:00;1680557_G;107;0;10;freeFlow;1
2025-07-02T16:43:00+02:00;1680561_D;50;1;0;unknown;0
2025-07-02T16:43:00+02:00;1680561_G;13;2;25;congested;2
2025-07-02T16:43:00+02:00;1680567;28;3;57;heavy;1
2025-07-02T16:43:00+02:00;1680569;28;5;57;heavy;1
2025-07-02T16:43:00+02:00;1680573;25;3;60;heavy;1
2025-07-02T16:43:00+02:00;1680574;25;5;60;heavy;1
2025-07-02T16:43:00+02:00;1680575;21;15;99;heavy;3
2025-07-02T16:43:00+02:00;1680576;28;4;57;heavy;1
2025-07-02T16:43:00+02:00;16821_D;75;89;64;freeFlow;2
2025-07-02T16:43:00+02:00;16821_G;58;113;64;freeFlow;3
2025-07-02T16:43:00+02:00;16830_D;50;16;0;unknown;0
2025-07-02T16:43:00+02:00;16830_G;55;15;60;freeFlow;1
2025-07-02T16:43:00+02:00;16831_D;50;2;0;unknown;0
2025-07-02T16:43:00+02:00;16831_G;76;2;60;freeFlow;1
2025-07-02T16:43:00+02:00;16832;50;3;0;unknown;0
2025-07-02T16:43:00+02:00;16834;76;9;60;freeFlow;1
2025-07-02T16:43:00+02:00;16850_D;48;1;35;freeFlow;1
2025-07-02T16:43:00+02:00;16850_G;54;1;60;freeFlow;1
2025-07-02T16:43:00+02:00;16851_D;48;3;35;freeFlow;1
2025-07-02T16:43:00+02:00;16851_G;48;3;60;freeFlow;1
2025-07-02T16:43:00+02:00;16852_D;48;5;35;freeFlow;1
2025-07-02T16:43:00+02:00;16852_G;49;5;60;freeFlow;1
2025-07-02T16:43:00+02:00;16853_D;48;7;35;freeFlow;1
2025-07-02T16:43:00+02:00;16853_G;51;7;60;freeFlow;1
2025-07-02T16:43:00+02:00;16854_D;48;4;35;freeFlow;1
2025-07-02T16:43:00+02:00;16854_G;46;4;60;freeFlow;1
2025-07-02T16:43:00+02:00;16855_D;4;49;38;congested;1
2025-07-02T16:43:00+02:00;16855_G;45;5;60;freeFlow;1
2025-07-02T16:43:00+02:00;16856_D;50;7;0;unknown;0
2025-07-02T16:43:00+02:00;16856_G;41;9;60;freeFlow;1
2025-07-02T16:43:00+02:00;16858_D;19;79;0;unknown;0
2025-07-02T16:43:00+02:00;16858_G;45;33;60;freeFlow;1
2025-07-02T16:43:00+02:00;16859_D;50;3;0;unknown;0
2025-07-02T16:43:00+02:00;16859_G;55;3;60;freeFlow;1
2025-07-02T16:43:00+02:00;16860_D;50;7;0;unknown;0
2025-07-02T16:43:00+02:00;16860_G;55;6;60;freeFlow;1
2025-07-02T16:43:00+02:00;1690_D;17;16;48;heavy;1
2025-07-02T16:43:00+02:00;1690_G;102;3;50;freeFlow;1
2025-07-02T16:43:00+02:00;16910_D;48;6;35;freeFlow;1
2025-07-02T16:43:00+02:00;16910_G;58;5;60;freeFlow;1
2025-07-02T16:43:00+02:00;16967;22;25;100;heavy;6
2025-07-02T16:43:00+02:00;16969;22;2;100;heavy;4
2025-07-02T16:43:00+02:00;16986;52;13;100;freeFlow;6
2025-07-02T16:43:00+02:00;16988;60;12;100;freeFlow;5
2025-07-02T16:43:00+02:00;16989;63;7;100;freeFlow;5
2025-07-02T16:43:00+02:00;16990;56;8;100;freeFlow;6
2025-07-02T16:43:00+02:00;16992;50;27;100;freeFlow;8
2025-07-02T16:43:00+02:00;16994;53;21;100;freeFlow;6
2025-07-02T16:43:00+02:00;17;47;4;57;heavy;1
2025-07-02T16:43:00+02:00;1721;99;1;65;freeFlow;2
2025-07-02T16:43:00+02:00;1722;49;3;60;freeFlow;1
2025-07-02T16:43:00+02:00;1723;24;6;60;heavy;1
2025-07-02T16:43:00+02:00;1724_D;45;12;10;heavy;1
2025-07-02T16:43:00+02:00;1724_G;10;56;74;congested;2
2025-07-02T16:43:00+02:00;1732_D;85;1;60;freeFlow;1
2025-07-02T16:43:00+02:00;1732_G;75;1;60;freeFlow;1
2025-07-02T16:43:00+02:00;1733_D;102;0;50;freeFlow;1
2025-07-02T16:43:00+02:00;1733_G;75;1;60;freeFlow;1
2025-07-02T16:43:00+02:00;1734_D;102;3;50;freeFlow;1
2025-07-02T16:43:00+02:00;1734_G;24;15;60;heavy;1
2025-07-02T16:43:00+02:00;18337;48;2;35;freeFlow;1
2025-07-02T16:43:00+02:00;18391_D;54;4;75;heavy;2
2025-07-02T16:43:00+02:00;18391_G;67;4;75;freeFlow;2
2025-07-02T16:43:00+02:00;1853;41;58;100;heavy;8
2025-07-02T16:43:00+02:00;1855;80;6;100;freeFlow;10
2025-07-02T16:43:00+02:00;1856;76;11;100;freeFlow;10
2025-07-02T16:43:00+02:00;19040;46;2;99;freeFlow;4
2025-07-02T16:43:00+02:00;1910886;36;6;75;freeFlow;2
2025-07-02T16:43:00+02:00;1911185_D;104;11;22;freeFlow;1
2025-07-02T16:43:00+02:00;1911185_G;63;18;32;freeFlow;1
2025-07-02T16:43:00+02:00;1911398_D;30;2;0;unknown;0
2025-07-02T16:43:00+02:00;1911398_G;28;1;20;freeFlow;1
2025-07-02T16:43:00+02:00;1911404_D;20;4;60;heavy;1
2025-07-02T16:43:00+02:00;1911404_G;38;2;60;freeFlow;1
2025-07-02T16:43:00+02:00;1911418;28;9;100;heavy;6
2025-07-02T16:43:00+02:00;1911420;20;4;100;heavy;5
2025-07-02T16:43:00+02:00;1911448_D;48;40;10;heavy;1
2025-07-02T16:43:00+02:00;1911448_G;70;27;0;unknown;0
2025-07-02T16:43:00+02:00;1911623_D;40;5;60;freeFlow;1
2025-07-02T16:43:00+02:00;1911623_G;30;6;0;unknown;0
2025-07-02T16:43:00+02:00;19628;43;6;75;heavy;2
2025-07-02T16:43:00+02:00;19629;90;1;0;unknown;0
2025-07-02T16:43:00+02:00;19630;46;4;100;heavy;3
2025-07-02T16:43:00+02:00;19631;62;1;57;heavy;1
2025-07-02T16:43:00+02:00;19632;43;2;75;heavy;2
2025-07-02T16:43:00+02:00;19633;47;3;73;heavy;2
2025-07-02T16:43:00+02:00;19634;25;4;52;heavy;1
2025-07-02T16:43:00+02:00;19635;26;5;60;heavy;1
2025-07-02T16:43:00+02:00;19636;32;5;60;heavy;1
2025-07-02T16:43:00+02:00;19637;106;1;48;freeFlow;1
2025-07-02T16:43:00+02:00;19638;47;3;57;heavy;1
2025-07-02T16:43:00+02:00;19639;38;4;55;heavy;1
2025-07-02T16:43:00+02:00;19640;38;4;95;heavy;3
2025-07-02T16:43:00+02:00;19642;36;3;60;heavy;1
2025-07-02T16:43:00+02:00;19643;37;2;60;heavy;1
2025-07-02T16:43:00+02:00;19644;38;2;55;heavy;1
2025-07-02T16:43:00+02:00;19683;88;22;100;freeFlow;6
2025-07-02T16:43:00+02:00;19684;95;50;100;freeFlow;7
2025-07-02T16:43:00+02:00;19685;101;52;100;freeFlow;16
2025-07-02T16:43:00+02:00;19686;98;17;100;freeFlow;14
2025-07-02T16:43:00+02:00;198;67;69;60;freeFlow;1
2025-07-02T16:43:00+02:00;19825_D;39;83;60;heavy;1
2025-07-02T16:43:00+02:00;19825_G;73;44;100;freeFlow;3
2025-07-02T16:43:00+02:00;19828;46;3;94;freeFlow;4
2025-07-02T16:43:00+02:00;19830;44;2;100;freeFlow;3
2025-07-02T16:43:00+02:00;19832;41;3;70;freeFlow;2
2025-07-02T16:43:00+02:00;19833;35;3;60;freeFlow;1
2025-07-02T16:43:00+02:00;19841_D;61;24;60;freeFlow;1
2025-07-02T16:43:00+02:00;19841_G;84;18;100;freeFlow;3
2025-07-02T16:43:00+02:00;19842_D;59;6;60;freeFlow;1
2025-07-02T16:43:00+02:00;19842_G;86;4;100;freeFlow;3
2025-07-02T16:43:00+02:00;20525;52;3;71;heavy;2
2025-07-02T16:43:00+02:00;20526;37;4;60;heavy;1
2025-07-02T16:43:00+02:00;20527;39;4;75;heavy;2
2025-07-02T16:43:00+02:00;20528;51;2;60;heavy;1
2025-07-02T16:43:00+02:00;20590_D;76;108;56;freeFlow;1
2025-07-02T16:43:00+02:00;20590_G;68;119;69;freeFlow;2
2025-07-02T16:43:00+02:00;20760_D;59;25;68;freeFlow;2
2025-07-02T16:43:00+02:00;20760_G;23;65;74;heavy;2
2025-07-02T16:43:00+02:00;2216_D;55;55;45;heavy;1
2025-07-02T16:43:00+02:00;2216_G;60;51;59;freeFlow;1
2025-07-02T16:43:00+02:00;2218_D;63;35;57;freeFlow;2
2025-07-02T16:43:00+02:00;2218_G;77;28;60;freeFlow;1
2025-07-02T16:43:00+02:00;23984_D;47;1;75;heavy;2
2025-07-02T16:43:00+02:00;23984_G;74;1;57;freeFlow;1
2025-07-02T16:43:00+02:00;24143_D;48;8;75;heavy;2
2025-07-02T16:43:00+02:00;24143_G;54;7;60;heavy;1
2025-07-02T16:43:00+02:00;24147_D;40;95;75;heavy;2
2025-07-02T16:43:00+02:00;24147_G;68;56;60;freeFlow;1
2025-07-02T16:43:00+02:00;24148;47;3;75;freeFlow;2
2025-07-02T16:43:00+02:00;24149;74;2;57;freeFlow;1
2025-07-02T16:43:00+02:00;24150;60;2;75;freeFlow;2
2025-07-02T16:43:00+02:00;24151;74;2;57;freeFlow;1
2025-07-02T16:43:00+02:00;24153_D;68;14;60;freeFlow;1
2025-07-02T16:43:00+02:00;24153_G;74;13;57;freeFlow;1
2025-07-02T16:43:00+02:00;24176;18;90;100;congested;9
2025-07-02T16:43:00+02:00;24178;97;11;100;freeFlow;9
2025-07-02T16:43:00+02:00;24179;25;78;100;congested;8
2025-07-02T16:43:00+02:00;24181_D;58;3;75;freeFlow;2
2025-07-02T16:43:00+02:00;24181_G;22;7;100;heavy;3
2025-07-02T16:43:00+02:00;24182;82;14;100;freeFlow;8
2025-07-02T16:43:00+02:00;24184_D;54;11;75;freeFlow;2
2025-07-02T16:43:00+02:00;24184_G;34;17;100;heavy;4
2025-07-02T16:43:00+02:00;24259;44;3;75;freeFlow;2
2025-07-02T16:43:00+02:00;24260;25;7;100;heavy;3
2025-07-02T16:43:00+02:00;24261;33;4;100;heavy;3
2025-07-02T16:43:00+02:00;24262;28;6;71;heavy;2
2025-07-02T16:43:00+02:00;24264_D;48;1;60;heavy;1
2025-07-02T16:43:00+02:00;24264_G;50;1;75;heavy;2
2025-07-02T16:43:00+02:00;24265_D;58;1;60;freeFlow;1
2025-07-02T16:43:00+02:00;24265_G;23;3;100;heavy;3
2025-07-02T16:43:00+02:00;24274_D;23;21;100;heavy;3
2025-07-02T16:43:00+02:00;24274_G;58;9;75;freeFlow;2
2025-07-02T16:43:00+02:00;25687_D;30;7;0;unknown;0
2025-07-02T16:43:00+02:00;25687_G;24;9;60;freeFlow;1
2025-07-02T16:43:00+02:00;25929_D;80;10;0;unknown;0
2025-07-02T16:43:00+02:00;25929_G;75;11;60;freeFlow;1
2025-07-02T16:43:00+02:00;25930;31;5;60;heavy;1
2025-07-02T16:43:00+02:00;25931;34;6;60;heavy;1
2025-07-02T16:43:00+02:00;25932;28;6;60;heavy;1
2025-07-02T16:43:00+02:00;25933;27;5;75;heavy;2
2025-07-02T16:43:00+02:00;25934_D;80;3;0;unknown;0
2025-07-02T16:43:00+02:00;25934_G;61;4;60;freeFlow;1
2025-07-02T16:43:00+02:00;25944_D;48;6;60;heavy;1
2025-07-02T16:43:00+02:00;25944_G;49;6;60;heavy;1
2025-07-02T16:43:00+02:00;25946_D;81;10;75;freeFlow;2
2025-07-02T16:43:00+02:00;25946_G;65;13;60;freeFlow;1
2025-07-02T16:43:00+02:00;25947_D;72;27;90;freeFlow;3
2025-07-02T16:43:00+02:00;25947_G;62;31;75;freeFlow;2
2025-07-02T16:43:00+02:00;25988_D;30;10;0;unknown;0
2025-07-02T16:43:00+02:00;25988_G;24;13;60;freeFlow;1
2025-07-02T16:43:00+02:00;25989;50;2;0;unknown;0
2025-07-02T16:43:00+02:00;25990;27;3;75;heavy;2
2025-07-02T16:43:00+02:00;25991;27;3;75;heavy;2
2025-07-02T16:43:00+02:00;25992;33;3;60;heavy;1
2025-07-02T16:43:00+02:00;25993_D;30;3;0;unknown;0
2025-07-02T16:43:00+02:00;25993_G;32;3;60;freeFlow;1
2025-07-02T16:43:00+02:00;25994_D;50;4;0;unknown;0
2025-07-02T16:43:00+02:00;25994_G;29;7;75;heavy;2
2025-07-02T16:43:00+02:00;25995_D;50;1;0;unknown;0
2025-07-02T16:43:00+02:00;25995_G;27;2;75;heavy;2
2025-07-02T16:43:00+02:00;25996_D;50;5;0;unknown;0
2025-07-02T16:43:00+02:00;25996_G;28;8;75;heavy;2
2025-07-02T16:43:00+02:00;25997_D;50;1;0;unknown;0
2025-07-02T16:43:00+02:00;25997_G;29;1;75;heavy;2
2025-07-02T16:43:00+02:00;25998_D;50;11;0;unknown;0
2025-07-02T16:43:00+02:00;25998_G;56;9;69;freeFlow;2
2025-07-02T16:43:00+02:00;25999_D;50;8;0;unknown;0
2025-07-02T16:43:00+02:00;25999_G;57;7;60;freeFlow;1
2025-07-02T16:43:00+02:00;26000_D;80;5;0;unknown;0
2025-07-02T16:43:00+02:00;26000_G;56;7;60;heavy;1
2025-07-02T16:43:00+02:00;26001_D;80;1;0;unknown;0
2025-07-02T16:43:00+02:00;26001_G;63;1;60;freeFlow;1
2025-07-02T16:43:00+02:00;26002_D;80;5;0;unknown;0
2025-07-02T16:43:00+02:00;26002_G;69;6;60;freeFlow;1
2025-07-02T16:43:00+02:00;26023;76;3;75;freeFlow;2
2025-07-02T16:43:00+02:00;26024;98;47;100;freeFlow;9
2025-07-02T16:43:00+02:00;26025;90;72;100;freeFlow;5
2025-07-02T16:43:00+02:00;26041;26;12;100;heavy;4
2025-07-02T16:43:00+02:00;26043;47;9;100;freeFlow;5
2025-07-02T16:43:00+02:00;26044;40;11;100;freeFlow;4
2025-07-02T16:43:00+02:00;26046;34;27;100;heavy;5
2025-07-02T16:43:00+02:00;26047;40;2;100;freeFlow;6
2025-07-02T16:43:00+02:00;26048;62;34;100;freeFlow;7
2025-07-02T16:43:00+02:00;26049;62;23;100;freeFlow;5
2025-07-02T16:43:00+02:00;26050;21;17;100;heavy;6
2025-07-02T16:43:00+02:00;26101_D;27;18;10;freeFlow;1
2025-07-02T16:43:00+02:00;26101_G;30;16;0;unknown;0
2025-07-02T16:43:00+02:00;26371_D;19;14;60;heavy;1
2025-07-02T16:43:00+02:00;26371_G;30;9;0;unknown;0
2025-07-02T16:43:00+02:00;26389_D;63;12;15;freeFlow;1
2025-07-02T16:43:00+02:00;26389_G;70;11;0;unknown;0
2025-07-02T16:43:00+02:00;26392_D;14;31;25;heavy;2
2025-07-02T16:43:00+02:00;26392_G;30;14;0;unknown;0
2025-07-02T16:43:00+02:00;26393;50;1;0;unknown;0
2025-07-02T16:43:00+02:00;26394;50;1;0;unknown;0
2025-07-02T16:43:00+02:00;26395;27;3;10;heavy;1
2025-07-02T16:43:00+02:00;26396;27;2;10;heavy;1
2025-07-02T16:43:00+02:00;26397_D;27;7;10;heavy;1
2025-07-02T16:43:00+02:00;26397_G;50;4;0;unknown;0
2025-07-02T16:43:00+02:00;26402_D;30;9;0;unknown;0
2025-07-02T16:43:00+02:00;26402_G;16;17;60;heavy;1
2025-07-02T16:43:00+02:00;26403_D;27;5;60;freeFlow;1
2025-07-02T16:43:00+02:00;26403_G;30;4;0;unknown;0
2025-07-02T16:43:00+02:00;26404_D;25;4;60;freeFlow;1
2025-07-02T16:43:00+02:00;26404_G;30;3;0;unknown;0
2025-07-02T16:43:00+02:00;26405_D;30;2;0;unknown;0
2025-07-02T16:43:00+02:00;26405_G;27;2;60;freeFlow;1
2025-07-02T16:43:00+02:00;26409_D;63;13;15;freeFlow;1
2025-07-02T16:43:00+02:00;26409_G;70;11;0;unknown;0
2025-07-02T16:43:00+02:00;26420_D;70;4;0;unknown;0
2025-07-02T16:43:00+02:00;26420_G;55;5;15;freeFlow;1
2025-07-02T16:43:00+02:00;26422_D;70;11;0;unknown;0
2025-07-02T16:43:00+02:00;26422_G;61;12;15;freeFlow;1
2025-07-02T16:43:00+02:00;26423_D;70;7;0;unknown;0
2025-07-02T16:43:00+02:00;26423_G;63;7;15;freeFlow;1
2025-07-02T16:43:00+02:00;26495_D;33;11;12;heavy;1
2025-07-02T16:43:00+02:00;26495_G;50;7;0;unknown;0
2025-07-02T16:43:00+02:00;26497_D;28;16;12;freeFlow;1
2025-07-02T16:43:00+02:00;26497_G;30;16;0;unknown;0
2025-07-02T16:43:00+02:00;26501;98;23;100;freeFlow;14
2025-07-02T16:43:00+02:00;26573;85;16;100;freeFlow;6
2025-07-02T16:43:00+02:00;26603_D;30;2;0;unknown;0
2025-07-02T16:43:00+02:00;26603_G;22;2;60;freeFlow;1
2025-07-02T16:43:00+02:00;26611_D;19;7;60;heavy;1
2025-07-02T16:43:00+02:00;26611_G;30;4;0;unknown;0
2025-07-02T16:43:00+02:00;26619;43;2;100;freeFlow;3
2025-07-02T16:43:00+02:00;26654;23;22;100;heavy;5
2025-07-02T16:43:00+02:00;26656;49;10;100;freeFlow;6
2025-07-02T16:43:00+02:00;26897_D;27;16;25;freeFlow;2
2025-07-02T16:43:00+02:00;26897_G;30;15;0;unknown;0
2025-07-02T16:43:00+02:00;27837_D;50;6;38;freeFlow;1
2025-07-02T16:43:00+02:00;27837_G;80;4;60;freeFlow;1
2025-07-02T16:43:00+02:00;28032;43;4;96;heavy;4
2025-07-02T16:43:00+02:00;28033;40;4;73;heavy;2
2025-07-02T16:43:00+02:00;282910_D;30;6;60;heavy;1
2025-07-02T16:43:00+02:00;282910_G;94;1;55;freeFlow;1
2025-07-02T16:43:00+02:00;28642_D;55;8;75;freeFlow;2
2025-07-02T16:43:00+02:00;28642_G;70;6;60;freeFlow;1
2025-07-02T16:43:00+02:00;28645_D;65;2;60;freeFlow;1
2025-07-02T16:43:00+02:00;28645_G;71;1;75;freeFlow;2
2025-07-02T16:43:00+02:00;28646_D;73;42;60;freeFlow;1
2025-07-02T16:43:00+02:00;28646_G;63;49;100;freeFlow;3
2025-07-02T16:43:00+02:00;28648_D;80;16;60;freeFlow;1
2025-07-02T16:43:00+02:00;28648_G;65;20;100;freeFlow;3
2025-07-02T16:43:00+02:00;28649_D;78;12;60;freeFlow;1
2025-07-02T16:43:00+02:00;28649_G;58;15;75;freeFlow;2
2025-07-02T16:43:00+02:00;28650_D;73;14;60;freeFlow;1
2025-07-02T16:43:00+02:00;28650_G;69;15;75;freeFlow;2
2025-07-02T16:43:00+02:00;28660_D;66;10;75;freeFlow;2
2025-07-02T16:43:00+02:00;28660_G;79;8;60;freeFlow;1
2025-07-02T16:43:00+02:00;28665_D;69;19;75;freeFlow;2
2025-07-02T16:43:00+02:00;28665_G;74;18;60;freeFlow;1
2025-07-02T16:43:00+02:00;28666_D;70;9;75;freeFlow;2
2025-07-02T16:43:00+02:00;28666_G;72;9;60;freeFlow;1
2025-07-02T16:43:00+02:00;28669_D;70;5;0;unknown;0
2025-07-02T16:43:00+02:00;28669_G;66;5;32;freeFlow;1
2025-07-02T16:43:00+02:00;28675_D;70;6;0;unknown;0
2025-07-02T16:43:00+02:00;28675_G;51;8;60;freeFlow;1
2025-07-02T16:43:00+02:00;28676_D;70;3;0;unknown;0
2025-07-02T16:43:00+02:00;28676_G;65;3;32;freeFlow;1
2025-07-02T16:43:00+02:00;28677_D;70;16;0;unknown;0
2025-07-02T16:43:00+02:00;28677_G;53;21;35;freeFlow;1
2025-07-02T16:43:00+02:00;28693_D;63;15;75;freeFlow;2
2025-07-02T16:43:00+02:00;28693_G;78;12;60;freeFlow;1
2025-07-02T16:43:00+02:00;28854;20;8;75;heavy;2
2025-07-02T16:43:00+02:00;28855;30;5;60;heavy;1
2025-07-02T16:43:00+02:00;28865_D;75;27;60;freeFlow;1
2025-07-02T16:43:00+02:00;28865_G;63;32;75;freeFlow;2
2025-07-02T16:43:00+02:00;28866_D;59;12;60;freeFlow;1
2025-07-02T16:43:00+02:00;28866_G;38;18;75;heavy;2
2025-07-02T16:43:00+02:00;28867;39;2;72;freeFlow;2
2025-07-02T16:43:00+02:00;28868;62;2;73;freeFlow;2
2025-07-02T16:43:00+02:00;29;34;43;100;heavy;3
2025-07-02T16:43:00+02:00;30;84;7;75;freeFlow;2
2025-07-02T16:43:00+02:00;30020_D;55;39;60;heavy;1
2025-07-02T16:43:00+02:00;30020_G;46;46;98;heavy;4
2025-07-02T16:43:00+02:00;30022;80;3;100;freeFlow;13
2025-07-02T16:43:00+02:00;30023;85;59;100;freeFlow;9
2025-07-02T16:43:00+02:00;30118;17;5;100;heavy;6
2025-07-02T16:43:00+02:00;30351_D;28;2;60;heavy;1
2025-07-02T16:43:00+02:00;30351_G;24;2;60;heavy;1
2025-07-02T16:43:00+02:00;30355_D;50;10;60;freeFlow;1
2025-07-02T16:43:00+02:00;30355_G;19;27;60;heavy;1
2025-07-02T16:43:00+02:00;30359_D;24;25;75;heavy;2
2025-07-02T16:43:00+02:00;30359_G;20;31;60;congested;1
2025-07-02T16:43:00+02:00;30405;27;3;60;heavy;1
2025-07-02T16:43:00+02:00;30406;24;9;60;heavy;1
2025-07-02T16:43:00+02:00;30407;28;4;60;heavy;1
2025-07-02T16:43:00+02:00;30408;28;2;60;heavy;1
2025-07-02T16:43:00+02:00;30409;25;5;60;heavy;1
2025-07-02T16:43:00+02:00;30410_D;24;2;60;heavy;1
2025-07-02T16:43:00+02:00;30410_G;25;2;60;heavy;1
2025-07-02T16:43:00+02:00;30411_D;6;44;60;congested;1
2025-07-02T16:43:00+02:00;30411_G;10;29;67;congested;2
2025-07-02T16:43:00+02:00;30414_D;24;15;71;heavy;2
2025-07-02T16:43:00+02:00;30414_G;35;11;60;heavy;1
2025-07-02T16:43:00+02:00;30416_D;34;15;54;heavy;2
2025-07-02T16:43:00+02:00;30416_G;50;10;0;unknown;0
2025-07-02T16:43:00+02:00;30499_D;41;7;52;freeFlow;1
2025-07-02T16:43:00+02:00;30499_G;30;10;0;unknown;0
2025-07-02T16:43:00+02:00;30501_D;41;6;52;freeFlow;1
2025-07-02T16:43:00+02:00;30501_G;30;9;0;unknown;0
2025-07-02T16:43:00+02:00;30502_D;41;1;52;freeFlow;1
2025-07-02T16:43:00+02:00;30502_G;30;2;0;unknown;0
2025-07-02T16:43:00+02:00;30504_D;34;1;50;freeFlow;1
2025-07-02T16:43:00+02:00;30504_G;37;1;32;freeFlow;1
2025-07-02T16:43:00+02:00;30508;37;3;32;freeFlow;1
2025-07-02T16:43:00+02:00;30521_D;26;16;50;heavy;1
2025-07-02T16:43:00+02:00;30521_G;35;12;32;freeFlow;1
2025-07-02T16:43:00+02:00;30522_D;26;4;50;heavy;1
2025-07-02T16:43:00+02:00;30522_G;33;3;32;heavy;1
2025-07-02T16:43:00+02:00;30606_D;50;11;0;unknown;0
2025-07-02T16:43:00+02:00;30606_G;31;18;100;heavy;3
2025-07-02T16:43:00+02:00;30608_D;50;3;0;unknown;0
2025-07-02T16:43:00+02:00;30608_G;18;9;100;heavy;3
2025-07-02T16:43:00+02:00;30611_D;17;24;22;heavy;1
2025-07-02T16:43:00+02:00;30611_G;38;11;52;freeFlow;1
2025-07-02T16:43:00+02:00;31;92;5;75;freeFlow;2
2025-07-02T16:43:00+02:00;31286;10;15;60;congested;1
2025-07-02T16:43:00+02:00;31287;14;5;75;congested;2
2025-07-02T16:43:00+02:00;31288;16;12;60;heavy;1
2025-07-02T16:43:00+02:00;31289;23;4;71;heavy;2
2025-07-02T16:43:00+02:00;31300_D;12;3;60;congested;1
2025-07-02T16:43:00+02:00;31300_G;26;2;45;heavy;1
2025-07-02T16:43:00+02:00;31302_D;27;2;55;heavy;1
2025-07-02T16:43:00+02:00;31302_G;37;1;60;freeFlow;1
2025-07-02T16:43:00+02:00;31304_D;28;40;57;heavy;1
2025-07-02T16:43:00+02:00;31305_D;15;51;75;congested;2
2025-07-02T16:43:00+02:00;31305_G;10;74;72;congested;2
2025-07-02T16:43:00+02:00;31361_D;25;2;60;heavy;1
2025-07-02T16:43:00+02:00;31361_G;17;2;100;heavy;3
2025-07-02T16:43:00+02:00;31444_D;55;45;75;heavy;2
2025-07-02T16:43:00+02:00;31444_G;70;35;60;freeFlow;1
2025-07-02T16:43:00+02:00;31448;42;2;75;heavy;2
2025-07-02T16:43:00+02:00;31449;40;4;100;heavy;4
2025-07-02T16:43:00+02:00;31450;30;4;100;heavy;3
2025-07-02T16:43:00+02:00;31451;27;4;100;heavy;4
2025-07-02T16:43:00+02:00;31453_D;58;28;73;freeFlow;2
2025-07-02T16:43:00+02:00;31453_G;35;46;96;heavy;3
2025-07-02T16:43:00+02:00;31511;74;20;100;freeFlow;4
2025-07-02T16:43:00+02:00;31512;82;29;100;freeFlow;7
2025-07-02T16:43:00+02:00;31513;78;28;100;freeFlow;6
2025-07-02T16:43:00+02:00;31515;25;5;100;heavy;6
2025-07-02T16:43:00+02:00;31517;34;4;100;heavy;3
2025-07-02T16:43:00+02:00;31520;28;3;100;heavy;4
2025-07-02T16:43:00+02:00;31522;40;4;75;freeFlow;2
2025-07-02T16:43:00+02:00;31523_D;43;5;100;freeFlow;3
2025-07-02T16:43:00+02:00;31523_G;49;4;75;freeFlow;2
2025-07-02T16:43:00+02:00;31530_D;58;7;60;freeFlow;1
2025-07-02T16:43:00+02:00;31530_G;11;35;60;congested;1
2025-07-02T16:43:00+02:00;31532_D;58;3;60;freeFlow;1
2025-07-02T16:43:00+02:00;31532_G;26;6;60;heavy;1
2025-07-02T16:43:00+02:00;31534;25;15;100;congested;5
2025-07-02T16:43:00+02:00;31536;26;36;100;heavy;4
2025-07-02T16:43:00+02:00;31550;71;13;100;freeFlow;11
2025-07-02T16:43:00+02:00;31551;88;9;100;freeFlow;9
2025-07-02T16:43:00+02:00;31553;50;21;100;heavy;5
2025-07-02T16:43:00+02:00;31557;68;6;75;freeFlow;2
2025-07-02T16:43:00+02:00;31558_D;59;19;75;freeFlow;2
2025-07-02T16:43:00+02:00;31558_G;56;20;60;freeFlow;1
2025-07-02T16:43:00+02:00;31559;48;9;75;freeFlow;2
2025-07-02T16:43:00+02:00;31561;48;8;75;freeFlow;2
2025-07-02T16:43:00+02:00;31562;54;7;60;freeFlow;1
2025-07-02T16:43:00+02:00;31563;54;7;60;freeFlow;1
2025-07-02T16:43:00+02:00;31568;65;6;60;freeFlow;1
2025-07-02T16:43:00+02:00;31569;70;8;60;freeFlow;1
2025-07-02T16:43:00+02:00;31583_D;50;15;0;unknown;0
2025-07-02T16:43:00+02:00;31583_G;54;14;35;freeFlow;1
2025-07-02T16:43:00+02:00;31670_D;94;5;55;freeFlow;1
2025-07-02T16:43:00+02:00;31670_G;48;9;60;freeFlow;1
2025-07-02T16:43:00+02:00;31672_D;39;52;75;heavy;2
2025-07-02T16:43:00+02:00;31672_G;94;21;55;freeFlow;1
2025-07-02T16:43:00+02:00;31673;91;14;100;freeFlow;14
2025-07-02T16:43:00+02:00;31674;87;15;100;freeFlow;7
2025-07-02T16:43:00+02:00;31708_D;30;6;0;unknown;0
2025-07-02T16:43:00+02:00;31708_G;23;8;35;freeFlow;1
2025-07-02T16:43:00+02:00;31709_D;30;12;0;unknown;0
2025-07-02T16:43:00+02:00;31709_G;21;17;35;heavy;1
2025-07-02T16:43:00+02:00;31716_D;30;7;0;unknown;0
2025-07-02T16:43:00+02:00;31716_G;19;10;35;heavy;1
2025-07-02T16:43:00+02:00;31717_D;30;17;0;unknown;0
2025-07-02T16:43:00+02:00;31717_G;23;23;38;freeFlow;1
2025-07-02T16:43:00+02:00;31720_D;30;4;0;unknown;0
2025-07-02T16:43:00+02:00;31720_G;40;3;60;freeFlow;1
2025-07-02T16:43:00+02:00;31722_D;40;7;60;freeFlow;1
2025-07-02T16:43:00+02:00;31722_G;30;9;0;unknown;0
2025-07-02T16:43:00+02:00;31723;38;5;60;freeFlow;1
2025-07-02T16:43:00+02:00;31724;33;6;69;heavy;2
2025-07-02T16:43:00+02:00;31725;66;3;66;freeFlow;2
2025-07-02T16:43:00+02:00;31726;38;6;60;freeFlow;1
2025-07-02T16:43:00+02:00;31727_D;35;10;60;freeFlow;1
2025-07-02T16:43:00+02:00;31727_G;38;9;60;freeFlow;1
2025-07-02T16:43:00+02:00;31878;35;5;94;heavy;5
2025-07-02T16:43:00+02:00;31879;32;5;93;heavy;3
2025-07-02T16:43:00+02:00;31880;86;3;100;freeFlow;14
2025-07-02T16:43:00+02:00;31881;112;3;75;freeFlow;2
2025-07-02T16:43:00+02:00;31882;59;3;100;freeFlow;5
2025-07-02T16:43:00+02:00;32;91;14;75;freeFlow;2
2025-07-02T16:43:00+02:00;32118;84;1;100;freeFlow;7
2025-07-02T16:43:00+02:00;32163_D;30;3;0;unknown;0
2025-07-02T16:43:00+02:00;32163_G;25;4;38;freeFlow;1
2025-07-02T16:43:00+02:00;32165_D;18;4;60;heavy;1
2025-07-02T16:43:00+02:00;32165_G;28;3;100;heavy;3
2025-07-02T16:43:00+02:00;32177_D;55;11;60;heavy;1
2025-07-02T16:43:00+02:00;32177_G;29;21;100;heavy;3
2025-07-02T16:43:00+02:00;32784_D;19;4;60;heavy;1
2025-07-02T16:43:00+02:00;32784_G;14;6;57;congested;1
2025-07-02T16:43:00+02:00;32785;14;5;57;congested;1
2025-07-02T16:43:00+02:00;32786;23;3;60;heavy;1
2025-07-02T16:43:00+02:00;32788;19;4;60;heavy;1
2025-07-02T16:43:00+02:00;32790;15;4;57;congested;1
2025-07-02T16:43:00+02:00;32791;22;4;60;heavy;1
2025-07-02T16:43:00+02:00;32794;11;6;100;congested;4
2025-07-02T16:43:00+02:00;32796;9;8;73;congested;2
2025-07-02T16:43:00+02:00;33;101;25;75;freeFlow;2
2025-07-02T16:43:00+02:00;34;91;29;100;freeFlow;3
2025-07-02T16:43:00+02:00;34744;81;41;100;freeFlow;14
2025-07-02T16:43:00+02:00;34745;87;38;100;freeFlow;7
2025-07-02T16:43:00+02:00;34757_D;38;2;38;freeFlow;1
2025-07-02T16:43:00+02:00;34757_G;24;4;52;heavy;1
2025-07-02T16:43:00+02:00;34758_D;50;16;0;unknown;0
2025-07-02T16:43:00+02:00;34758_G;24;34;52;heavy;1
2025-07-02T16:43:00+02:00;35;90;59;100;freeFlow;3
2025-07-02T16:43:00+02:00;35072;78;33;100;freeFlow;5
2025-07-02T16:43:00+02:00;35077;82;50;100;freeFlow;11
2025-07-02T16:43:00+02:00;35086;85;48;100;freeFlow;7
2025-07-02T16:43:00+02:00;35092;41;7;100;heavy;7
2025-07-02T16:43:00+02:00;35096;77;21;100;freeFlow;3
2025-07-02T16:43:00+02:00;35098;79;47;100;freeFlow;15
2025-07-02T16:43:00+02:00;35103;50;16;100;freeFlow;3
2025-07-02T16:43:00+02:00;35869_D;39;1;38;freeFlow;1
2025-07-02T16:43:00+02:00;35869_G;24;2;52;heavy;1
2025-07-02T16:43:00+02:00;35870_D;39;14;38;freeFlow;1
2025-07-02T16:43:00+02:00;35870_G;24;23;52;heavy;1
2025-07-02T16:43:00+02:00;35940;6;52;75;congested;2
2025-07-02T16:43:00+02:00;35942;39;2;38;freeFlow;1
2025-07-02T16:43:00+02:00;35943;39;2;38;freeFlow;1
2025-07-02T16:43:00+02:00;35944;30;3;0;unknown;0
2025-07-02T16:43:00+02:00;35945;30;3;0;unknown;0
2025-07-02T16:43:00+02:00;35946_D;39;1;38;freeFlow;1
2025-07-02T16:43:00+02:00;35946_G;30;2;0;unknown;0
2025-07-02T16:43:00+02:00;35947;30;10;0;unknown;0
2025-07-02T16:43:00+02:00;35948;29;8;60;freeFlow;1
2025-07-02T16:43:00+02:00;35949;30;7;60;freeFlow;1
2025-07-02T16:43:00+02:00;35950;28;13;35;freeFlow;1
2025-07-02T16:43:00+02:00;35951;39;4;38;freeFlow;1
2025-07-02T16:43:00+02:00;35952;39;8;38;freeFlow;1
2025-07-02T16:43:00+02:00;35953;39;3;38;freeFlow;1
2025-07-02T16:43:00+02:00;35954;24;4;52;heavy;1
2025-07-02T16:43:00+02:00;35955;20;6;30;heavy;1
2025-07-02T16:43:00+02:00;35956;16;2;30;heavy;1
2025-07-02T16:43:00+02:00;35957_D;39;1;38;freeFlow;1
2025-07-02T16:43:00+02:00;35957_G;30;2;0;unknown;0
2025-07-02T16:43:00+02:00;35959_D;39;1;38;freeFlow;1
2025-07-02T16:43:00+02:00;35959_G;30;1;0;unknown;0
2025-07-02T16:43:00+02:00;35960;30;11;0;unknown;0
2025-07-02T16:43:00+02:00;35961;30;16;0;unknown;0
2025-07-02T16:43:00+02:00;35962;30;12;0;unknown;0
2025-07-02T16:43:00+02:00;35963;39;5;38;freeFlow;1
2025-07-02T16:43:00+02:00;35964;39;4;38;freeFlow;1
2025-07-02T16:43:00+02:00;35965;39;15;38;freeFlow;1
2025-07-02T16:43:00+02:00;35971;39;15;38;freeFlow;1
2025-07-02T16:43:00+02:00;35972;31;11;60;freeFlow;1
2025-07-02T16:43:00+02:00;35973;29;8;60;freeFlow;1
2025-07-02T16:43:00+02:00;35985_D;50;1;0;unknown;0
2025-07-02T16:43:00+02:00;35985_G;32;3;40;heavy;1
2025-07-02T16:43:00+02:00;35986_D;50;14;0;unknown;0
2025-07-02T16:43:00+02:00;35986_G;23;32;42;heavy;1
2025-07-02T16:43:00+02:00;35994_D;30;1;0;unknown;0
2025-07-02T16:43:00+02:00;35994_G;29;1;42;freeFlow;1
2025-07-02T16:43:00+02:00;35998;67;3;95;freeFlow;3
2025-07-02T16:43:00+02:00;35999;26;7;96;heavy;3
2025-07-02T16:43:00+02:00;36000;28;7;94;heavy;3
2025-07-02T16:43:00+02:00;36001;45;4;68;freeFlow;2
2025-07-02T16:43:00+02:00;36003_D;26;2;75;heavy;2
2025-07-02T16:43:00+02:00;36003_G;100;1;60;freeFlow;1
2025-07-02T16:43:00+02:00;36004_D;47;45;95;freeFlow;3
2025-07-02T16:43:00+02:00;36004_G;109;19;60;freeFlow;1
2025-07-02T16:43:00+02:00;36005;28;3;35;freeFlow;1
2025-07-02T16:43:00+02:00;36006;22;3;60;freeFlow;1
2025-07-02T16:43:00+02:00;36007;28;2;35;freeFlow;1
2025-07-02T16:43:00+02:00;36010_D;28;1;35;freeFlow;1
2025-07-02T16:43:00+02:00;36010_G;17;2;60;heavy;1
2025-07-02T16:43:00+02:00;36011;29;10;35;freeFlow;1
2025-07-02T16:43:00+02:00;36012_D;28;2;35;freeFlow;1
2025-07-02T16:43:00+02:00;36012_G;31;2;60;freeFlow;1
2025-07-02T16:43:00+02:00;37200_D;31;8;75;freeFlow;2
2025-07-02T16:43:00+02:00;37200_G;49;5;75;freeFlow;2
2025-07-02T16:43:00+02:00;37201;38;6;75;freeFlow;2
2025-07-02T16:43:00+02:00;37202;36;8;95;freeFlow;3
2025-07-02T16:43:00+02:00;37203;35;15;97;heavy;4
2025-07-02T16:43:00+02:00;37204_D;31;3;60;heavy;1
2025-07-02T16:43:00+02:00;37204_G;30;3;75;heavy;2
2025-07-02T16:43:00+02:00;37205_D;24;8;60;heavy;1
2025-07-02T16:43:00+02:00;37205_G;32;6;75;heavy;2
2025-07-02T16:43:00+02:00;37206_D;29;17;60;heavy;1
2025-07-02T16:43:00+02:00;37206_G;39;13;75;freeFlow;2
2025-07-02T16:43:00+02:00;37207;19;4;60;heavy;1
2025-07-02T16:43:00+02:00;37208;36;4;75;freeFlow;2
2025-07-02T16:43:00+02:00;37209;27;3;60;heavy;1
2025-07-02T16:43:00+02:00;37210_D;29;2;60;heavy;1
2025-07-02T16:43:00+02:00;37210_G;29;2;75;heavy;2
2025-07-02T16:43:00+02:00;37211_D;45;60;60;freeFlow;1
2025-07-02T16:43:00+02:00;37211_G;45;60;75;freeFlow;2
2025-07-02T16:43:00+02:00;37239;56;3;66;freeFlow;2
2025-07-02T16:43:00+02:00;37240;11;14;100;heavy;3
2025-07-02T16:43:00+02:00;37241;24;7;60;freeFlow;1
2025-07-02T16:43:00+02:00;37242;26;7;100;freeFlow;3
2025-07-02T16:43:00+02:00;37243_D;16;6;60;heavy;1
2025-07-02T16:43:00+02:00;37243_G;109;1;60;freeFlow;1
2025-07-02T16:43:00+02:00;37244_D;30;2;35;freeFlow;1
2025-07-02T16:43:00+02:00;37244_G;10;6;75;heavy;2
2025-07-02T16:43:00+02:00;37246_D;10;9;75;heavy;2
2025-07-02T16:43:00+02:00;37246_G;38;2;75;freeFlow;2
2025-07-02T16:43:00+02:00;37422_D;50;19;0;unknown;0
2025-07-02T16:43:00+02:00;37422_G;40;24;52;freeFlow;1
2025-07-02T16:43:00+02:00;37467_D;41;10;35;freeFlow;1
2025-07-02T16:43:00+02:00;37467_G;32;12;48;heavy;2
2025-07-02T16:43:00+02:00;37508_D;36;29;75;freeFlow;2
2025-07-02T16:43:00+02:00;37508_G;91;12;75;freeFlow;2
2025-07-02T16:43:00+02:00;37509_D;27;3;75;heavy;2
2025-07-02T16:43:00+02:00;37509_G;52;1;75;freeFlow;2
2025-07-02T16:43:00+02:00;37564_D;70;22;0;unknown;0
2025-07-02T16:43:00+02:00;37564_G;70;22;0;unknown;0
2025-07-02T16:43:00+02:00;37565_D;45;18;75;heavy;2
2025-07-02T16:43:00+02:00;37565_G;45;18;75;heavy;2
2025-07-02T16:43:00+02:00;37586_D;38;2;60;freeFlow;1
2025-07-02T16:43:00+02:00;37586_G;91;1;75;freeFlow;2
2025-07-02T16:43:00+02:00;37588_D;70;8;0;unknown;0
2025-07-02T16:43:00+02:00;37588_G;48;11;10;heavy;1
2025-07-02T16:43:00+02:00;37620_D;10;7;10;congested;1
2025-07-02T16:43:00+02:00;37620_G;60;1;0;unknown;0
2025-07-02T16:43:00+02:00;37621;84;2;75;freeFlow;2
2025-07-02T16:43:00+02:00;37622;31;7;60;heavy;1
2025-07-02T16:43:00+02:00;37625_D;43;21;10;freeFlow;1
2025-07-02T16:43:00+02:00;37625_G;50;18;0;unknown;0
2025-07-02T16:43:00+02:00;37665_D;36;2;75;freeFlow;2
2025-07-02T16:43:00+02:00;37665_G;51;2;50;freeFlow;1
2025-07-02T16:43:00+02:00;37667;54;23;100;freeFlow;3
2025-07-02T16:43:00+02:00;37668;49;8;73;heavy;2
2025-07-02T16:43:00+02:00;37673;65;5;100;freeFlow;3
2025-07-02T16:43:00+02:00;37686_D;40;16;100;freeFlow;3
2025-07-02T16:43:00+02:00;37686_G;22;29;60;freeFlow;1
2025-07-02T16:43:00+02:00;37702_D;5;54;32;congested;1
2025-07-02T16:43:00+02:00;37702_G;26;10;48;heavy;1
2025-07-02T16:43:00+02:00;37706_D;12;4;48;congested;1
2025-07-02T16:43:00+02:00;37706_G;5;10;32;congested;1
2025-07-02T16:43:00+02:00;37707_D;36;2;75;freeFlow;2
2025-07-02T16:43:00+02:00;37707_G;51;1;50;freeFlow;1
2025-07-02T16:43:00+02:00;37708_D;25;36;75;freeFlow;2
2025-07-02T16:43:00+02:00;37708_G;16;59;62;heavy;2
2025-07-02T16:43:00+02:00;37712_D;23;9;100;freeFlow;3
2025-07-02T16:43:00+02:00;37712_G;9;22;32;congested;1
2025-07-02T16:43:00+02:00;37724;41;4;100;freeFlow;3
2025-07-02T16:43:00+02:00;37725;22;3;60;heavy;1
2025-07-02T16:43:00+02:00;37726;35;3;93;freeFlow;4
2025-07-02T16:43:00+02:00;37727;22;5;60;heavy;1
2025-07-02T16:43:00+02:00;37728;50;2;0;unknown;0
2025-07-02T16:43:00+02:00;37729;68;82;70;freeFlow;5
2025-07-02T16:43:00+02:00;37730;62;2;75;freeFlow;2
2025-07-02T16:43:00+02:00;37732;72;51;100;freeFlow;3
2025-07-02T16:43:00+02:00;37737;82;50;100;freeFlow;6
2025-07-02T16:43:00+02:00;37738;91;1;75;freeFlow;2
2025-07-02T16:43:00+02:00;37739;32;4;100;heavy;5
2025-07-02T16:43:00+02:00;37740;37;4;100;heavy;5
2025-07-02T16:43:00+02:00;37741;70;1;100;freeFlow;5
2025-07-02T16:43:00+02:00;37742;70;2;100;freeFlow;3
2025-07-02T16:43:00+02:00;37743;87;1;100;freeFlow;3
2025-07-02T16:43:00+02:00;37744;82;2;100;freeFlow;5
2025-07-02T16:43:00+02:00;37745;57;1;100;freeFlow;3
2025-07-02T16:43:00+02:00;37749;88;44;100;freeFlow;12
2025-07-02T16:43:00+02:00;37750;93;29;100;freeFlow;7
2025-07-02T16:43:00+02:00;37751;91;11;100;freeFlow;3
2025-07-02T16:43:00+02:00;37752;88;7;100;freeFlow;3
2025-07-02T16:43:00+02:00;37753;92;29;100;freeFlow;14
2025-07-02T16:43:00+02:00;37784;36;2;25;freeFlow;1
2025-07-02T16:43:00+02:00;37785;42;2;25;freeFlow;1
2025-07-02T16:43:00+02:00;37786;36;3;42;freeFlow;2
2025-07-02T16:43:00+02:00;37787_D;76;20;22;freeFlow;1
2025-07-02T16:43:00+02:00;37787_G;54;28;60;freeFlow;1
2025-07-02T16:43:00+02:00;37818;72;64;100;freeFlow;7
2025-07-02T16:43:00+02:00;37819;91;61;100;freeFlow;10
2025-07-02T16:43:00+02:00;37822;62;14;100;heavy;4
2025-07-02T16:43:00+02:00;37826;50;1;60;freeFlow;1
2025-07-02T16:43:00+02:00;37827;62;0;60;freeFlow;1
2025-07-02T16:43:00+02:00;37941;84;59;100;freeFlow;12
2025-07-02T16:43:00+02:00;37947;91;8;100;freeFlow;8
2025-07-02T16:43:00+02:00;37948;96;72;100;freeFlow;13
2025-07-02T16:43:00+02:00;37949;92;75;100;freeFlow;10
2025-07-02T16:43:00+02:00;37950;99;7;100;freeFlow;10
2025-07-02T16:43:00+02:00;37970;87;16;100;freeFlow;4
2025-07-02T16:43:00+02:00;38;89;16;75;freeFlow;2
2025-07-02T16:43:00+02:00;38067;92;12;100;freeFlow;13
2025-07-02T16:43:00+02:00;38068;107;2;48;freeFlow;1
2025-07-02T16:43:00+02:00;38069;107;3;48;freeFlow;1
2025-07-02T16:43:00+02:00;38070;75;12;100;freeFlow;7
2025-07-02T16:43:00+02:00;38310;36;2;60;freeFlow;1
2025-07-02T16:43:00+02:00;38311;36;2;60;freeFlow;1
2025-07-02T16:43:00+02:00;38317;88;2;100;freeFlow;10
2025-07-02T16:43:00+02:00;38318;81;32;100;freeFlow;7
2025-07-02T16:43:00+02:00;38319;83;25;100;freeFlow;14
2025-07-02T16:43:00+02:00;38322;107;1;48;freeFlow;1
2025-07-02T16:43:00+02:00;38378_D;104;7;22;freeFlow;1
2025-07-02T16:43:00+02:00;38378_G;64;11;32;freeFlow;1
2025-07-02T16:43:00+02:00;38389_D;84;13;22;freeFlow;1
2025-07-02T16:43:00+02:00;38389_G;69;16;60;freeFlow;1
2025-07-02T16:43:00+02:00;39061;87;3;57;freeFlow;1
2025-07-02T16:43:00+02:00;39062;87;1;57;freeFlow;1
2025-07-02T16:43:00+02:00;39063;88;5;84;freeFlow;3
2025-07-02T16:43:00+02:00;39473;59;34;100;heavy;6
2025-07-02T16:43:00+02:00;39618;86;3;100;freeFlow;13
2025-07-02T16:43:00+02:00;39619;86;3;100;freeFlow;13
2025-07-02T16:43:00+02:00;39720_D;27;46;66;heavy;2
2025-07-02T16:43:00+02:00;39720_G;109;11;60;freeFlow;1
2025-07-02T16:43:00+02:00;39902_D;104;1;22;freeFlow;1
2025-07-02T16:43:00+02:00;39902_G;65;1;59;freeFlow;2
2025-07-02T16:43:00+02:00;39904_D;104;0;22;freeFlow;1
2025-07-02T16:43:00+02:00;39904_G;64;1;32;freeFlow;1
2025-07-02T16:43:00+02:00;39906_D;104;5;22;freeFlow;1
2025-07-02T16:43:00+02:00;39906_G;68;7;32;freeFlow;1
2025-07-02T16:43:00+02:00;40185_D;20;6;40;congested;1
2025-07-02T16:43:00+02:00;40185_G;46;1;100;heavy;4
2025-07-02T16:43:00+02:00;40201;52;0;60;freeFlow;1
2025-07-02T16:43:00+02:00;40202;24;3;60;heavy;1
2025-07-02T16:43:00+02:00;40203;102;1;50;freeFlow;1
2025-07-02T16:43:00+02:00;40212_D;60;2;75;freeFlow;2
2025-07-02T16:43:00+02:00;40212_G;79;1;60;freeFlow;1
2025-07-02T16:43:00+02:00;40213_D;65;1;60;freeFlow;1
2025-07-02T16:43:00+02:00;40213_G;71;1;75;freeFlow;2
2025-07-02T16:43:00+02:00;41631_D;21;10;75;heavy;2
2025-07-02T16:43:00+02:00;41631_G;25;9;15;freeFlow;1
2025-07-02T16:43:00+02:00;41632_D;35;4;30;freeFlow;1
2025-07-02T16:43:00+02:00;41632_G;30;4;0;unknown;0
2025-07-02T16:43:00+02:00;41652_D;20;11;69;heavy;2
2025-07-02T16:43:00+02:00;41683_D;54;19;30;freeFlow;1
2025-07-02T16:43:00+02:00;41683_G;70;15;0;unknown;0
2025-07-02T16:43:00+02:00;41709_D;48;10;30;freeFlow;1
2025-07-02T16:43:00+02:00;41709_G;30;15;0;unknown;0
2025-07-02T16:43:00+02:00;41712_D;48;5;30;freeFlow;1
2025-07-02T16:43:00+02:00;41712_G;30;7;0;unknown;0
2025-07-02T16:43:00+02:00;41713_D;36;3;75;freeFlow;2
2025-07-02T16:43:00+02:00;41713_G;12;9;60;heavy;1
2025-07-02T16:43:00+02:00;41729;38;2;100;freeFlow;7
2025-07-02T16:43:00+02:00;41730;42;1;52;freeFlow;1
2025-07-02T16:43:00+02:00;41731;18;3;55;heavy;1
2025-07-02T16:43:00+02:00;41753_D;35;5;75;freeFlow;2
2025-07-02T16:43:00+02:00;41753_G;30;6;60;freeFlow;1
2025-07-02T16:43:00+02:00;41764_D;48;1;30;freeFlow;1
2025-07-02T16:43:00+02:00;41764_G;30;2;0;unknown;0
2025-07-02T16:43:00+02:00;41781;23;3;100;heavy;6
2025-07-02T16:43:00+02:00;41782;20;4;100;heavy;6
2025-07-02T16:43:00+02:00;41783;33;2;75;heavy;2
2025-07-02T16:43:00+02:00;41784;28;2;75;heavy;2
2025-07-02T16:43:00+02:00;41809_D;36;7;75;freeFlow;2
2025-07-02T16:43:00+02:00;41809_G;33;7;60;freeFlow;1
2025-07-02T16:43:00+02:00;41810_D;35;2;75;freeFlow;2
2025-07-02T16:43:00+02:00;41810_G;37;1;60;freeFlow;1
2025-07-02T16:43:00+02:00;41811_D;31;8;75;freeFlow;2
2025-07-02T16:43:00+02:00;41811_G;36;7;60;freeFlow;1
2025-07-02T16:43:00+02:00;41812_D;32;5;75;freeFlow;2
2025-07-02T16:43:00+02:00;41812_G;15;12;60;heavy;1
2025-07-02T16:43:00+02:00;41813_D;31;5;75;freeFlow;2
2025-07-02T16:43:00+02:00;41813_G;18;8;60;heavy;1
2025-07-02T16:43:00+02:00;41814_D;28;8;75;freeFlow;2
2025-07-02T16:43:00+02:00;41814_G;21;10;60;freeFlow;1
2025-07-02T16:43:00+02:00;41815_D;21;9;75;heavy;2
2025-07-02T16:43:00+02:00;41815_G;29;7;15;freeFlow;1
2025-07-02T16:43:00+02:00;41817_D;21;9;75;heavy;2
2025-07-02T16:43:00+02:00;41817_G;26;7;15;freeFlow;1
2025-07-02T16:43:00+02:00;41818_D;21;4;75;heavy;2
2025-07-02T16:43:00+02:00;41818_G;29;2;15;freeFlow;1
2025-07-02T16:43:00+02:00;42028;50;10;100;freeFlow;7
2025-07-02T16:43:00+02:00;42029;33;45;75;heavy;2
2025-07-02T16:43:00+02:00;42030;42;36;100;freeFlow;6
2025-07-02T16:43:00+02:00;42031;44;34;75;freeFlow;2
2025-07-02T16:43:00+02:00;42047;70;5;0;unknown;0
2025-07-02T16:43:00+02:00;42049;50;2;0;unknown;0
2025-07-02T16:43:00+02:00;42050;24;3;60;congested;1
2025-07-02T16:43:00+02:00;42051;11;45;75;congested;2
2025-07-02T16:43:00+02:00;42125_D;47;24;75;freeFlow;2
2025-07-02T16:43:00+02:00;42125_G;55;21;22;freeFlow;1
2025-07-02T16:43:00+02:00;42134;66;36;100;freeFlow;8
2025-07-02T16:43:00+02:00;42135;39;70;83;heavy;3
2025-07-02T16:43:00+02:00;42206_D;33;28;71;heavy;2
2025-07-02T16:43:00+02:00;42238_D;41;8;63;freeFlow;2
2025-07-02T16:43:00+02:00;42257;90;6;0;unknown;0
2025-07-02T16:43:00+02:00;42273_D;48;4;30;freeFlow;1
2025-07-02T16:43:00+02:00;42273_G;30;6;0;unknown;0
2025-07-02T16:43:00+02:00;42293_D;32;2;75;freeFlow;2
2025-07-02T16:43:00+02:00;42293_G;23;2;60;freeFlow;1
2025-07-02T16:43:00+02:00;42307_D;50;15;0;unknown;0
2025-07-02T16:43:00+02:00;42307_G;39;20;60;freeFlow;1
2025-07-02T16:43:00+02:00;42359;31;22;100;heavy;3
2025-07-02T16:43:00+02:00;42375;50;1;0;unknown;0
2025-07-02T16:43:00+02:00;42378_D;33;1;75;freeFlow;2
2025-07-02T16:43:00+02:00;42378_G;16;3;60;heavy;1
2025-07-02T16:43:00+02:00;42379;91;29;100;freeFlow;4
2025-07-02T16:43:00+02:00;42383;35;2;100;freeFlow;7
2025-07-02T16:43:00+02:00;42384;50;1;0;unknown;0
2025-07-02T16:43:00+02:00;42385;39;2;75;freeFlow;2
2025-07-02T16:43:00+02:00;42386;25;2;75;heavy;2
2025-07-02T16:43:00+02:00;42387;31;6;100;heavy;8
2025-07-02T16:43:00+02:00;42388;32;3;100;heavy;11
2025-07-02T16:43:00+02:00;42389;31;5;100;heavy;5
2025-07-02T16:43:00+02:00;42390;30;4;100;heavy;3
2025-07-02T16:43:00+02:00;42391;50;2;0;unknown;0
2025-07-02T16:43:00+02:00;42392;34;3;100;heavy;8
2025-07-02T16:43:00+02:00;42399;26;10;100;congested;7
2025-07-02T16:43:00+02:00;42401_D;50;26;0;unknown;0
2025-07-02T16:43:00+02:00;42401_G;54;24;25;freeFlow;1
2025-07-02T16:43:00+02:00;42572;29;2;100;heavy;8
2025-07-02T16:43:00+02:00;42573;38;1;100;freeFlow;3
2025-07-02T16:43:00+02:00;42580;72;2;100;freeFlow;4
2025-07-02T16:43:00+02:00;42595_D;48;4;30;freeFlow;1
2025-07-02T16:43:00+02:00;42595_G;30;6;0;unknown;0
2025-07-02T16:43:00+02:00;42603;22;25;100;heavy;4
2025-07-02T16:43:00+02:00;42663_D;66;3;32;freeFlow;1
2025-07-02T16:43:00+02:00;42663_G;50;5;0;unknown;0
2025-07-02T16:43:00+02:00;42681_D;62;15;30;freeFlow;1
2025-07-02T16:43:00+02:00;42681_G;70;13;0;unknown;0
2025-07-02T16:43:00+02:00;42684_D;24;2;60;freeFlow;1
2025-07-02T16:43:00+02:00;42684_G;26;2;10;freeFlow;1
2025-07-02T16:43:00+02:00;42685;50;52;100;heavy;3
2025-07-02T16:43:00+02:00;42709_D;55;17;17;freeFlow;1
2025-07-02T16:43:00+02:00;42709_G;49;19;25;freeFlow;1
2025-07-02T16:43:00+02:00;42777_D;50;3;0;unknown;0
2025-07-02T16:43:00+02:00;42777_G;39;4;60;freeFlow;1
2025-07-02T16:43:00+02:00;42778_D;50;1;0;unknown;0
2025-07-02T16:43:00+02:00;42778_G;39;2;60;freeFlow;1
2025-07-02T16:43:00+02:00;42779;50;2;0;unknown;0
2025-07-02T16:43:00+02:00;42780_D;50;8;0;unknown;0
2025-07-02T16:43:00+02:00;42780_G;49;8;60;freeFlow;1
2025-07-02T16:43:00+02:00;42938_D;5;64;17;congested;1
2025-07-02T16:43:00+02:00;42938_G;36;8;60;freeFlow;1
2025-07-02T16:43:00+02:00;42939_D;50;4;0;unknown;0
2025-07-02T16:43:00+02:00;42939_G;33;7;60;heavy;1
2025-07-02T16:43:00+02:00;42940_D;50;9;0;unknown;0
2025-07-02T16:43:00+02:00;42940_G;34;13;60;heavy;1
2025-07-02T16:43:00+02:00;42941_D;20;6;22;heavy;1
2025-07-02T16:43:00+02:00;42941_G;22;6;58;heavy;1
2025-07-02T16:43:00+02:00;42947_D;41;11;20;freeFlow;1
2025-07-02T16:43:00+02:00;42947_G;50;9;0;unknown;0
2025-07-02T16:43:00+02:00;42948_D;35;7;20;freeFlow;1
2025-07-02T16:43:00+02:00;42948_G;33;7;15;heavy;1
2025-07-02T16:43:00+02:00;42949_D;35;8;20;freeFlow;1
2025-07-02T16:43:00+02:00;42949_G;5;50;15;congested;1
2025-07-02T16:43:00+02:00;42978_D;50;11;0;unknown;0
2025-07-02T16:43:00+02:00;42978_G;38;15;60;freeFlow;1
2025-07-02T16:43:00+02:00;42979_D;50;3;0;unknown;0
2025-07-02T16:43:00+02:00;42979_G;34;4;60;heavy;1
2025-07-02T16:43:00+02:00;42983_D;50;8;0;unknown;0
2025-07-02T16:43:00+02:00;42983_G;38;10;60;freeFlow;1
2025-07-02T16:43:00+02:00;42999_D;50;12;0;unknown;0
2025-07-02T16:43:00+02:00;42999_G;11;56;27;congested;1
2025-07-02T16:43:00+02:00;43000_D;50;5;0;unknown;0
2025-07-02T16:43:00+02:00;43000_G;41;6;22;freeFlow;1
2025-07-02T16:43:00+02:00;43001_D;50;4;0;unknown;0
2025-07-02T16:43:00+02:00;43001_G;29;7;22;heavy;1
2025-07-02T16:43:00+02:00;43003_D;50;3;0;unknown;0
2025-07-02T16:43:00+02:00;43003_G;41;4;22;freeFlow;1
2025-07-02T16:43:00+02:00;43027_D;50;5;0;unknown;0
2025-07-02T16:43:00+02:00;43027_G;32;8;60;heavy;1
2025-07-02T16:43:00+02:00;43029_D;39;10;20;freeFlow;1
2025-07-02T16:43:00+02:00;43029_G;50;8;0;unknown;0
2025-07-02T16:43:00+02:00;43046_D;35;9;60;heavy;1
2025-07-02T16:43:00+02:00;43046_G;28;11;45;heavy;1
2025-07-02T16:43:00+02:00;43047_D;42;4;60;freeFlow;1
2025-07-02T16:43:00+02:00;43047_G;28;6;45;heavy;1
2025-07-02T16:43:00+02:00;43048_D;42;6;60;freeFlow;1
2025-07-02T16:43:00+02:00;43048_G;29;9;60;heavy;1
2025-07-02T16:43:00+02:00;43049_D;30;4;0;unknown;0
2025-07-02T16:43:00+02:00;43049_G;35;3;60;freeFlow;1
2025-07-02T16:43:00+02:00;43050_D;50;3;0;unknown;0
2025-07-02T16:43:00+02:00;43050_G;41;4;60;freeFlow;1
2025-07-02T16:43:00+02:00;43099;24;3;60;heavy;1
2025-07-02T16:43:00+02:00;43352_G;34;14;70;freeFlow;2
2025-07-02T16:43:00+02:00;43451_D;34;14;60;freeFlow;1
2025-07-02T16:43:00+02:00;43481;25;28;48;heavy;1
2025-07-02T16:43:00+02:00;43627;28;23;75;heavy;2
2025-07-02T16:43:00+02:00;43658_D;14;13;75;congested;2
2025-07-02T16:43:00+02:00;43658_G;16;11;57;heavy;1
2025-07-02T16:43:00+02:00;43718_D;51;3;50;freeFlow;1
2025-07-02T16:43:00+02:00;43718_G;25;6;60;heavy;1
2025-07-02T16:43:00+02:00;43719_D;50;9;0;unknown;0
2025-07-02T16:43:00+02:00;43719_G;20;22;60;heavy;1
2025-07-02T16:43:00+02:00;43720_D;50;4;0;unknown;0
2025-07-02T16:43:00+02:00;43720_G;54;4;17;freeFlow;1
2025-07-02T16:43:00+02:00;43724_D;50;8;0;unknown;0
2025-07-02T16:43:00+02:00;43724_G;31;13;60;heavy;1
2025-07-02T16:43:00+02:00;43733_D;50;4;0;unknown;0
2025-07-02T16:43:00+02:00;43733_G;41;5;22;freeFlow;1
2025-07-02T16:43:00+02:00;43736_D;50;4;0;unknown;0
2025-07-02T16:43:00+02:00;43736_G;54;3;17;freeFlow;1
2025-07-02T16:43:00+02:00;43739_D;12;25;65;congested;2
2025-07-02T16:43:00+02:00;43739_G;41;8;60;freeFlow;1
2025-07-02T16:43:00+02:00;43740_D;34;8;65;heavy;2
2025-07-02T16:43:00+02:00;43740_G;42;7;60;freeFlow;1
2025-07-02T16:43:00+02:00;43741_D;35;1;50;heavy;1
2025-07-02T16:43:00+02:00;43741_G;42;0;60;freeFlow;1
2025-07-02T16:43:00+02:00;43742_D;50;7;0;unknown;0
2025-07-02T16:43:00+02:00;43742_G;24;14;60;heavy;1
2025-07-02T16:43:00+02:00;43743_G;29;44;60;heavy;1
2025-07-02T16:43:00+02:00;43744_D;50;5;0;unknown;0
2025-07-02T16:43:00+02:00;43744_G;50;5;0;unknown;0
2025-07-02T16:43:00+02:00;43748;27;7;60;freeFlow;1
2025-07-02T16:43:00+02:00;43757;15;7;75;heavy;2
2025-07-02T16:43:00+02:00;43758;13;23;75;congested;2
2025-07-02T16:43:00+02:00;43786_D;10;61;70;congested;2
2025-07-02T16:43:00+02:00;43786_G;35;18;57;freeFlow;1
2025-07-02T16:43:00+02:00;43787_D;50;3;0;unknown;0
2025-07-02T16:43:00+02:00;43787_G;18;7;57;heavy;1
2025-07-02T16:43:00+02:00;43788_D;50;2;0;unknown;0
2025-07-02T16:43:00+02:00;43788_G;25;3;25;heavy;2
2025-07-02T16:43:00+02:00;43789_D;50;5;0;unknown;0
2025-07-02T16:43:00+02:00;43789_G;23;12;50;heavy;3
2025-07-02T16:43:00+02:00;43790_D;50;5;0;unknown;0
2025-07-02T16:43:00+02:00;43790_G;14;17;50;congested;3
2025-07-02T16:43:00+02:00;43791_D;50;3;0;unknown;0
2025-07-02T16:43:00+02:00;43791_G;15;9;50;heavy;3
2025-07-02T16:43:00+02:00;43792_D;50;7;0;unknown;0
2025-07-02T16:43:00+02:00;43792_G;13;25;25;congested;2
2025-07-02T16:43:00+02:00;43814_D;53;13;60;freeFlow;1
2025-07-02T16:43:00+02:00;43814_G;47;15;20;freeFlow;1
2025-07-02T16:43:00+02:00;43815_D;27;14;75;heavy;2
2025-07-02T16:43:00+02:00;43815_G;46;8;20;freeFlow;1
2025-07-02T16:43:00+02:00;43817_D;38;18;38;freeFlow;1
2025-07-02T16:43:00+02:00;43817_G;24;28;60;heavy;1
2025-07-02T16:43:00+02:00;43819;31;15;75;freeFlow;2
2025-07-02T16:43:00+02:00;43821;15;18;75;congested;2
2025-07-02T16:43:00+02:00;43828_D;29;19;17;heavy;1
2025-07-02T16:43:00+02:00;43828_G;7;76;57;congested;1
2025-07-02T16:43:00+02:00;43835_D;39;9;60;freeFlow;1
2025-07-02T16:43:00+02:00;43835_G;48;7;20;freeFlow;1
2025-07-02T16:43:00+02:00;43836;25;20;75;heavy;2
2025-07-02T16:43:00+02:00;43871_D;24;8;17;heavy;1
2025-07-02T16:43:00+02:00;43871_G;50;4;0;unknown;0
2025-07-02T16:43:00+02:00;43872_D;24;8;17;heavy;1
2025-07-02T16:43:00+02:00;43872_G;36;6;15;freeFlow;1
2025-07-02T16:43:00+02:00;43873_D;20;13;20;heavy;1
2025-07-02T16:43:00+02:00;43873_G;36;7;15;freeFlow;1
2025-07-02T16:43:00+02:00;43925_D;25;10;20;heavy;1
2025-07-02T16:43:00+02:00;43925_G;35;7;15;freeFlow;1
2025-07-02T16:43:00+02:00;43937_D;50;6;0;unknown;0
2025-07-02T16:43:00+02:00;43937_G;50;6;0;unknown;0
2025-07-02T16:43:00+02:00;43938_D;50;20;0;unknown;0
2025-07-02T16:43:00+02:00;43938_G;59;16;45;freeFlow;1
2025-07-02T16:43:00+02:00;43972;13;26;60;congested;2
2025-07-02T16:43:00+02:00;43974;21;24;60;heavy;1
2025-07-02T16:43:00+02:00;43975;60;4;60;freeFlow;1
2025-07-02T16:43:00+02:00;44002_D;36;12;100;freeFlow;6
2025-07-02T16:43:00+02:00;44002_G;43;10;100;freeFlow;4
2025-07-02T16:43:00+02:00;44003_D;29;14;100;heavy;4
2025-07-02T16:43:00+02:00;44012;1;508;75;congested;2
2025-07-02T16:43:00+02:00;44017_D;25;6;100;heavy;4
2025-07-02T16:43:00+02:00;44018_D;19;30;100;heavy;4
2025-07-02T16:43:00+02:00;44028;23;12;48;heavy;1
2025-07-02T16:43:00+02:00;44036_D;16;7;100;heavy;3
2025-07-02T16:43:00+02:00;44036_G;49;2;75;freeFlow;2
2025-07-02T16:43:00+02:00;44066;10;21;52;congested;1
2025-07-02T16:43:00+02:00;44067;12;63;50;congested;1
2025-07-02T16:43:00+02:00;44069;23;9;48;heavy;1
2025-07-02T16:43:00+02:00;44084_D;45;6;60;freeFlow;1
2025-07-02T16:43:00+02:00;44084_G;20;14;73;heavy;2
2025-07-02T16:43:00+02:00;44089_D;29;11;38;heavy;1
2025-07-02T16:43:00+02:00;44089_G;50;6;0;unknown;0
2025-07-02T16:43:00+02:00;44090_D;33;7;38;heavy;1
2025-07-02T16:43:00+02:00;44090_G;18;13;38;heavy;1
2025-07-02T16:43:00+02:00;44131;38;16;75;freeFlow;2
2025-07-02T16:43:00+02:00;44134;25;18;45;heavy;2
2025-07-02T16:43:00+02:00;44165_D;33;7;60;heavy;1
2025-07-02T16:43:00+02:00;44165_G;12;20;73;congested;2
2025-07-02T16:43:00+02:00;44198_D;34;21;48;heavy;1
2025-07-02T16:43:00+02:00;44198_G;50;14;0;unknown;0
2025-07-02T16:43:00+02:00;44199_D;41;6;48;freeFlow;1
2025-07-02T16:43:00+02:00;44199_G;50;5;0;unknown;0
2025-07-02T16:43:00+02:00;44231_D;16;16;60;heavy;1
2025-07-02T16:43:00+02:00;44231_G;31;8;55;heavy;1
2025-07-02T16:43:00+02:00;44232_D;24;9;75;heavy;2
2025-07-02T16:43:00+02:00;44232_G;51;4;50;freeFlow;1
2025-07-02T16:43:00+02:00;44234_D;21;16;75;heavy;2
2025-07-02T16:43:00+02:00;44234_G;51;7;50;freeFlow;1
2025-07-02T16:43:00+02:00;44259_D;17;6;60;heavy;1
2025-07-02T16:43:00+02:00;44259_G;43;3;60;freeFlow;1
2025-07-02T16:43:00+02:00;44260;28;14;57;heavy;1
2025-07-02T16:43:00+02:00;44261_D;25;18;50;heavy;1
2025-07-02T16:43:00+02:00;44261_G;107;4;10;freeFlow;1
2025-07-02T16:43:00+02:00;44293;16;17;60;heavy;1
2025-07-02T16:43:00+02:00;44303_D;50;2;0;unknown;0
2025-07-02T16:43:00+02:00;44303_G;54;2;17;freeFlow;1
2025-07-02T16:43:00+02:00;44304_D;28;17;57;heavy;1
2025-07-02T16:43:00+02:00;44304_G;54;8;17;freeFlow;1
2025-07-02T16:43:00+02:00;44322_D;18;127;99;heavy;4
2025-07-02T16:43:00+02:00;44322_G;23;96;55;heavy;1
2025-07-02T16:43:00+02:00;44328;44;11;60;freeFlow;1
2025-07-02T16:43:00+02:00;44583_D;34;11;75;heavy;2
2025-07-02T16:43:00+02:00;44583_G;32;11;55;heavy;1
2025-07-02T16:43:00+02:00;44584_D;45;11;60;freeFlow;1
2025-07-02T16:43:00+02:00;44584_G;16;30;73;heavy;2
2025-07-02T16:43:00+02:00;44632_D;24;42;60;heavy;1
2025-07-02T16:43:00+02:00;44632_G;32;32;72;heavy;2
2025-07-02T16:43:00+02:00;44694_D;9;67;99;congested;3
2025-07-02T16:43:00+02:00;44694_G;21;29;69;heavy;2
2025-07-02T16:43:00+02:00;44695_D;7;14;57;congested;1
2025-07-02T16:43:00+02:00;44695_G;28;4;52;heavy;1
2025-07-02T16:43:00+02:00;44711_D;41;15;60;freeFlow;1
2025-07-02T16:43:00+02:00;44711_G;41;15;55;freeFlow;1
2025-07-02T16:43:00+02:00;44712_D;33;7;60;heavy;1
2025-07-02T16:43:00+02:00;44712_G;33;7;55;heavy;1
2025-07-02T16:43:00+02:00;44714_D;45;1;60;freeFlow;1
2025-07-02T16:43:00+02:00;44714_G;42;1;55;freeFlow;1
2025-07-02T16:43:00+02:00;44736_D;45;2;60;freeFlow;1
2025-07-02T16:43:00+02:00;44736_G;25;4;55;heavy;1
2025-07-02T16:43:00+02:00;44868;89;5;25;freeFlow;1
2025-07-02T16:43:00+02:00;44873;102;1;60;freeFlow;1
2025-07-02T16:43:00+02:00;44874;69;6;100;freeFlow;3
2025-07-02T16:43:00+02:00;44875;75;5;60;freeFlow;1
2025-07-02T16:43:00+02:00;44877;63;6;75;freeFlow;2
2025-07-02T16:43:00+02:00;44878;73;13;60;freeFlow;1
2025-07-02T16:43:00+02:00;44880;78;19;100;freeFlow;5
2025-07-02T16:43:00+02:00;44882;78;12;100;freeFlow;4
2025-07-02T16:43:00+02:00;44884;23;59;100;congested;4
2025-07-02T16:43:00+02:00;44900;75;20;60;freeFlow;1
2025-07-02T16:43:00+02:00;44902_D;50;33;0;unknown;0
2025-07-02T16:43:00+02:00;44902_G;40;42;17;freeFlow;1
2025-07-02T16:43:00+02:00;44905;70;10;100;freeFlow;3
2025-07-02T16:43:00+02:00;44920;93;2;100;freeFlow;10
2025-07-02T16:43:00+02:00;44942;73;15;75;freeFlow;2
2025-07-02T16:43:00+02:00;44948;62;17;100;heavy;6
2025-07-02T16:43:00+02:00;44961;22;14;75;freeFlow;2
2025-07-02T16:43:00+02:00;44962;18;14;53;heavy;2
2025-07-02T16:43:00+02:00;44963;23;4;45;heavy;1
2025-07-02T16:43:00+02:00;44966;67;14;100;freeFlow;8
2025-07-02T16:43:00+02:00;44974;63;2;100;freeFlow;5
2025-07-02T16:43:00+02:00;45012_D;29;2;60;heavy;1
2025-07-02T16:43:00+02:00;45012_G;20;3;57;heavy;1
2025-07-02T16:43:00+02:00;45028_D;35;24;60;freeFlow;1
2025-07-02T16:43:00+02:00;45028_G;31;28;55;heavy;1
2025-07-02T16:43:00+02:00;45029_D;32;11;60;heavy;1
2025-07-02T16:43:00+02:00;45029_G;41;8;55;freeFlow;1
2025-07-02T16:43:00+02:00;45106_D;45;3;60;freeFlow;1
2025-07-02T16:43:00+02:00;45106_G;24;6;55;heavy;1
2025-07-02T16:43:00+02:00;45136_D;19;41;68;heavy;2
2025-07-02T16:43:00+02:00;45149;33;15;60;heavy;1
2025-07-02T16:43:00+02:00;45166;33;1;68;heavy;2
2025-07-02T16:43:00+02:00;45169;26;4;75;heavy;2
2025-07-02T16:43:00+02:00;45236_G;50;10;0;unknown;0
2025-07-02T16:43:00+02:00;45238;50;12;0;unknown;0
2025-07-02T16:43:00+02:00;45239;56;9;60;freeFlow;1
2025-07-02T16:43:00+02:00;45240;65;8;60;freeFlow;1
2025-07-02T16:43:00+02:00;45241;76;2;70;freeFlow;2
2025-07-02T16:43:00+02:00;45305;94;3;52;freeFlow;1
2025-07-02T16:43:00+02:00;45306;88;7;52;freeFlow;1
2025-07-02T16:43:00+02:00;45327;69;9;100;freeFlow;11
2025-07-02T16:43:00+02:00;45486_D;25;8;60;heavy;1
2025-07-02T16:43:00+02:00;45487_D;27;9;60;heavy;1
2025-07-02T16:43:00+02:00;45630;81;14;100;freeFlow;13
2025-07-02T16:43:00+02:00;45645_D;37;15;42;freeFlow;1
2025-07-02T16:43:00+02:00;45651;41;4;50;freeFlow;1
2025-07-02T16:43:00+02:00;45761_D;22;13;60;heavy;1
2025-07-02T16:43:00+02:00;45865_D;51;7;52;freeFlow;1
2025-07-02T16:43:00+02:00;46053_D;50;8;0;unknown;0
2025-07-02T16:43:00+02:00;46056_D;50;2;0;unknown;0
2025-07-02T16:43:00+02:00;46061;50;4;0;unknown;0
2025-07-02T16:43:00+02:00;46567_D;13;7;20;congested;1
2025-07-02T16:43:00+02:00;46642;42;6;0;unknown;0
2025-07-02T16:43:00+02:00;46771;81;10;100;freeFlow;4
2025-07-02T16:43:00+02:00;46821_D;16;51;60;heavy;1
2025-07-02T16:43:00+02:00;46821_G;84;10;55;freeFlow;1
2025-07-02T16:43:00+02:00;46923_D;33;1;60;freeFlow;1
2025-07-02T16:43:00+02:00;46923_G;94;0;55;freeFlow;1
2025-07-02T16:43:00+02:00;46976;16;13;55;heavy;1
2025-07-02T16:43:00+02:00;47029;11;34;57;congested;1
2025-07-02T16:43:00+02:00;47061;37;49;100;heavy;8
2025-07-02T16:43:00+02:00;47239;62;9;100;heavy;8
2025-07-02T16:43:00+02:00;47410;83;16;100;freeFlow;7
2025-07-02T16:43:00+02:00;47411;88;15;100;freeFlow;12
2025-07-02T16:43:00+02:00;47412;47;1;75;heavy;2
2025-07-02T16:43:00+02:00;47413;46;10;100;heavy;4
2025-07-02T16:43:00+02:00;47414;112;0;75;freeFlow;2
2025-07-02T16:43:00+02:00;47416;90;13;100;freeFlow;6
2025-07-02T16:43:00+02:00;47418;86;17;100;freeFlow;13
2025-07-02T16:43:00+02:00;47420;66;14;70;freeFlow;2
2025-07-02T16:43:00+02:00;47476;57;10;75;freeFlow;2
2025-07-02T16:43:00+02:00;47477;62;3;100;freeFlow;3
2025-07-02T16:43:00+02:00;47479;65;15;75;freeFlow;2
2025-07-02T16:43:00+02:00;47480;90;50;100;freeFlow;9
2025-07-02T16:43:00+02:00;47481;90;51;100;freeFlow;17
2025-07-02T16:43:00+02:00;47537_D;50;6;0;unknown;0
2025-07-02T16:43:00+02:00;47537_G;17;18;50;heavy;3
2025-07-02T16:43:00+02:00;47742_D;15;15;100;congested;3
2025-07-02T16:43:00+02:00;48758;79;1;75;freeFlow;2
2025-07-02T16:43:00+02:00;48759;89;1;100;freeFlow;3
2025-07-02T16:43:00+02:00;48920_D;11;22;22;congested;1
2025-07-02T16:43:00+02:00;48920_G;11;21;22;congested;1
2025-07-02T16:43:00+02:00;489866_D;19;8;60;heavy;1
2025-07-02T16:43:00+02:00;489970;89;11;100;freeFlow;3
2025-07-02T16:43:00+02:00;489971;49;3;75;heavy;2
2025-07-02T16:43:00+02:00;489972;89;5;100;freeFlow;8
2025-07-02T16:43:00+02:00;490059_D;39;24;10;heavy;1
2025-07-02T16:43:00+02:00;490059_G;70;13;0;unknown;0
2025-07-02T16:43:00+02:00;490080_D;51;1;10;freeFlow;1
2025-07-02T16:43:00+02:00;490080_G;50;1;0;unknown;0
2025-07-02T16:43:00+02:00;49026;16;4;75;heavy;2
2025-07-02T16:43:00+02:00;49053;12;43;52;congested;1
2025-07-02T16:43:00+02:00;490823;39;19;60;heavy;1
2025-07-02T16:43:00+02:00;490824;96;4;75;freeFlow;2
2025-07-02T16:43:00+02:00;490825;51;15;60;freeFlow;1
2025-07-02T16:43:00+02:00;490827;13;31;75;congested;2
2025-07-02T16:43:00+02:00;490828_D;24;21;96;freeFlow;3
2025-07-02T16:43:00+02:00;490828_G;25;20;50;freeFlow;2
2025-07-02T16:43:00+02:00;491005_D;11;13;60;congested;1
2025-07-02T16:43:00+02:00;491005_G;36;4;55;freeFlow;1
2025-07-02T16:43:00+02:00;491126_D;8;52;45;congested;1
2025-07-02T16:43:00+02:00;491126_G;24;19;68;freeFlow;2
2025-07-02T16:43:00+02:00;491135;23;6;70;heavy;2
2025-07-02T16:43:00+02:00;491141;38;2;100;freeFlow;3
2025-07-02T16:43:00+02:00;491300_D;7;98;52;congested;1
2025-07-02T16:43:00+02:00;491300_G;107;6;10;freeFlow;1
2025-07-02T16:43:00+02:00;491308;52;1;60;freeFlow;1
2025-07-02T16:43:00+02:00;491320_D;19;15;60;heavy;1
2025-07-02T16:43:00+02:00;491320_G;43;7;60;freeFlow;1
2025-07-02T16:43:00+02:00;491326_D;17;31;60;heavy;1
2025-07-02T16:43:00+02:00;491326_G;43;12;60;freeFlow;1
2025-07-02T16:43:00+02:00;491329_D;6;35;60;congested;1
2025-07-02T16:43:00+02:00;491329_G;25;8;50;heavy;1
2025-07-02T16:43:00+02:00;491490;39;6;60;freeFlow;1
2025-07-02T16:43:00+02:00;491714_D;33;8;60;freeFlow;1
2025-07-02T16:43:00+02:00;491714_G;94;3;55;freeFlow;1
2025-07-02T16:43:00+02:00;491735_D;32;3;60;freeFlow;1
2025-07-02T16:43:00+02:00;491735_G;94;2;55;freeFlow;1
2025-07-02T16:43:00+02:00;491794_D;53;3;60;freeFlow;1
2025-07-02T16:43:00+02:00;491794_G;50;3;0;unknown;0
2025-07-02T16:43:00+02:00;491872;82;8;75;freeFlow;2
2025-07-02T16:43:00+02:00;491877;86;1;100;freeFlow;4
2025-07-02T16:43:00+02:00;491881;84;1;75;freeFlow;2
2025-07-02T16:43:00+02:00;491884;20;3;55;heavy;1
2025-07-02T16:43:00+02:00;491888;103;9;75;freeFlow;2
2025-07-02T16:43:00+02:00;491890;71;1;100;freeFlow;4
2025-07-02T16:43:00+02:00;491917;13;8;60;congested;1
2025-07-02T16:43:00+02:00;49225_D;50;6;0;unknown;0
2025-07-02T16:43:00+02:00;49225_G;24;13;22;heavy;1
2025-07-02T16:43:00+02:00;492315_D;50;29;0;unknown;0
2025-07-02T16:43:00+02:00;492315_G;43;34;52;freeFlow;1
2025-07-02T16:43:00+02:00;492351_D;15;8;60;heavy;1
2025-07-02T16:43:00+02:00;492359_G;10;26;98;congested;3
2025-07-02T16:43:00+02:00;492437;34;6;69;heavy;2
2025-07-02T16:43:00+02:00;492442;24;1;75;heavy;2
2025-07-02T16:43:00+02:00;492445_D;41;15;60;freeFlow;1
2025-07-02T16:43:00+02:00;492478;29;5;100;heavy;3
2025-07-02T16:43:00+02:00;492492;106;3;52;freeFlow;1
2025-07-02T16:43:00+02:00;49315_D;19;10;22;heavy;1
2025-07-02T16:43:00+02:00;49315_G;24;8;57;heavy;1
2025-07-02T16:43:00+02:00;49943_D;50;14;0;unknown;0
2025-07-02T16:43:00+02:00;49943_G;50;14;0;unknown;0
2025-07-02T16:43:00+02:00;49947;31;6;65;heavy;2
2025-07-02T16:43:00+02:00;49958_D;43;6;60;freeFlow;1
2025-07-02T16:43:00+02:00;49958_G;30;9;55;heavy;1
2025-07-02T16:43:00+02:00;50308_D;33;8;60;heavy;1
2025-07-02T16:43:00+02:00;50441;25;10;60;heavy;1
2025-07-02T16:43:00+02:00;50525;15;15;100;congested;3
2025-07-02T16:43:00+02:00;50571;16;7;46;heavy;2
2025-07-02T16:43:00+02:00;50625;15;14;30;heavy;1
2025-07-02T16:43:00+02:00;5064_D;24;22;48;heavy;1
2025-07-02T16:43:00+02:00;5064_G;45;11;60;heavy;1
2025-07-02T16:43:00+02:00;51419;27;28;75;heavy;2
2025-07-02T16:43:00+02:00;51474_D;50;1;0;unknown;0
2025-07-02T16:43:00+02:00;51474_G;18;3;25;heavy;2
2025-07-02T16:43:00+02:00;51798;37;2;75;freeFlow;2
2025-07-02T16:43:00+02:00;52107_D;47;9;60;freeFlow;1
2025-07-02T16:43:00+02:00;52107_G;94;5;55;freeFlow;1
2025-07-02T16:43:00+02:00;52129;19;17;12;heavy;1
2025-07-02T16:43:00+02:00;52835_D;34;5;60;heavy;1
2025-07-02T16:43:00+02:00;53020_D;31;3;100;heavy;4
2025-07-02T16:43:00+02:00;53327_D;39;9;60;freeFlow;1
2025-07-02T16:43:00+02:00;53327_G;47;7;75;freeFlow;2
2025-07-02T16:43:00+02:00;53411_G;31;12;57;heavy;1
2025-07-02T16:43:00+02:00;53428;51;91;100;heavy;9
2025-07-02T16:43:00+02:00;53539_D;74;3;60;freeFlow;1
2025-07-02T16:43:00+02:00;53566;15;8;30;congested;1
2025-07-02T16:43:00+02:00;53623;31;4;100;heavy;3
2025-07-02T16:43:00+02:00;53624;32;2;100;heavy;4
2025-07-02T16:43:00+02:00;53625;50;1;60;freeFlow;1
2025-07-02T16:43:00+02:00;53634_D;29;2;42;freeFlow;1
2025-07-02T16:43:00+02:00;53634_G;30;2;0;unknown;0
2025-07-02T16:43:00+02:00;53641_D;50;9;0;unknown;0
2025-07-02T16:43:00+02:00;53641_G;50;9;0;unknown;0
2025-07-02T16:43:00+02:00;53652;12;65;55;congested;1
2025-07-02T16:43:00+02:00;53659;11;18;100;congested;3
2025-07-02T16:43:00+02:00;53702;42;10;100;heavy;9
2025-07-02T16:43:00+02:00;53892;38;2;100;freeFlow;6
2025-07-02T16:43:00+02:00;53893;34;18;100;heavy;4
2025-07-02T16:43:00+02:00;53895;33;10;100;heavy;4
2025-07-02T16:43:00+02:00;53896;30;13;100;heavy;4
2025-07-02T16:43:00+02:00;53898;30;19;100;heavy;4
2025-07-02T16:43:00+02:00;53900;16;35;100;heavy;4
2025-07-02T16:43:00+02:00;53901;30;9;60;heavy;1
2025-07-02T16:43:00+02:00;53903;30;7;60;heavy;1
2025-07-02T16:43:00+02:00;53904;34;4;100;heavy;3
2025-07-02T16:43:00+02:00;53905;32;12;60;heavy;1
2025-07-02T16:43:00+02:00;53908;22;5;100;heavy;7
2025-07-02T16:43:00+02:00;53910;13;24;100;congested;7
2025-07-02T16:43:00+02:00;53912;54;6;100;freeFlow;5
2025-07-02T16:43:00+02:00;53915;52;10;100;freeFlow;5
2025-07-02T16:43:00+02:00;53918;29;17;100;heavy;5
2025-07-02T16:43:00+02:00;53919;32;5;100;heavy;5
2025-07-02T16:43:00+02:00;53921;43;12;100;freeFlow;5
2025-07-02T16:43:00+02:00;53922;35;5;100;heavy;5
2025-07-02T16:43:00+02:00;53923;34;15;100;heavy;6
2025-07-02T16:43:00+02:00;53925_D;70;4;0;unknown;0
2025-07-02T16:43:00+02:00;53925_G;53;5;15;freeFlow;1
2025-07-02T16:43:00+02:00;53936;69;13;63;freeFlow;3
2025-07-02T16:43:00+02:00;53938;103;3;75;freeFlow;2
2025-07-02T16:43:00+02:00;53939;50;28;100;freeFlow;3
2025-07-02T16:43:00+02:00;53941;71;7;100;freeFlow;5
2025-07-02T16:43:00+02:00;53942;74;3;100;freeFlow;5
2025-07-02T16:43:00+02:00;53944;71;0;100;freeFlow;4
2025-07-02T16:43:00+02:00;53945;68;7;100;freeFlow;4
2025-07-02T16:43:00+02:00;53946;60;1;79;freeFlow;5
2025-07-02T16:43:00+02:00;53947;89;0;75;freeFlow;2
2025-07-02T16:43:00+02:00;53948;103;3;75;freeFlow;2
2025-07-02T16:43:00+02:00;53949;103;2;75;freeFlow;2
2025-07-02T16:43:00+02:00;53950;89;42;75;freeFlow;2
2025-07-02T16:43:00+02:00;53952_D;30;4;60;heavy;1
2025-07-02T16:43:00+02:00;53952_G;87;2;100;freeFlow;3
2025-07-02T16:43:00+02:00;53959;84;43;100;freeFlow;7
2025-07-02T16:43:00+02:00;53961;95;60;100;freeFlow;5
2025-07-02T16:43:00+02:00;53987;32;2;100;heavy;3
2025-07-02T16:43:00+02:00;53990;40;7;60;freeFlow;1
2025-07-02T16:43:00+02:00;54067;88;11;100;freeFlow;5
2025-07-02T16:43:00+02:00;54134;53;15;60;freeFlow;1
2025-07-02T16:43:00+02:00;54138;35;30;60;heavy;1
2025-07-02T16:43:00+02:00;54140;27;74;55;heavy;1
2025-07-02T16:43:00+02:00;54144;75;2;60;freeFlow;1
2025-07-02T16:43:00+02:00;54150;45;20;45;freeFlow;1
2025-07-02T16:43:00+02:00;54153;33;26;57;heavy;1
2025-07-02T16:43:00+02:00;54154;53;20;60;freeFlow;1
2025-07-02T16:43:00+02:00;54155;30;36;60;heavy;1
2025-07-02T16:43:00+02:00;54161;52;4;60;freeFlow;1
2025-07-02T16:43:00+02:00;54187_D;21;16;75;freeFlow;2
2025-07-02T16:43:00+02:00;54187_G;35;10;60;freeFlow;1
2025-07-02T16:43:00+02:00;54189_D;23;17;60;freeFlow;1
2025-07-02T16:43:00+02:00;54189_G;37;11;60;freeFlow;1
2025-07-02T16:43:00+02:00;54191_D;25;12;60;freeFlow;1
2025-07-02T16:43:00+02:00;54191_G;35;8;60;freeFlow;1
2025-07-02T16:43:00+02:00;54197;28;27;60;heavy;1
2025-07-02T16:43:00+02:00;54198;21;10;60;heavy;1
2025-07-02T16:43:00+02:00;54206;41;14;60;freeFlow;1
2025-07-02T16:43:00+02:00;54208;41;1;60;freeFlow;1
2025-07-02T16:43:00+02:00;54212;31;52;60;heavy;1
2025-07-02T16:43:00+02:00;54223_D;30;2;0;unknown;0
2025-07-02T16:43:00+02:00;54223_G;33;2;60;freeFlow;1
2025-07-02T16:43:00+02:00;54227;84;11;100;freeFlow;13
2025-07-02T16:43:00+02:00;54234;103;0;75;freeFlow;2
2025-07-02T16:43:00+02:00;54239;13;5;50;congested;1
2025-07-02T16:43:00+02:00;54240;22;15;75;heavy;2
2025-07-02T16:43:00+02:00;54241;25;2;60;heavy;1
2025-07-02T16:43:00+02:00;54243;28;20;60;heavy;1
2025-07-02T16:43:00+02:00;54297;6;143;73;congested;2
2025-07-02T16:43:00+02:00;54339;39;24;52;freeFlow;1
2025-07-02T16:43:00+02:00;54340;40;7;52;freeFlow;1
2025-07-02T16:43:00+02:00;54358_D;27;26;100;heavy;3
2025-07-02T16:43:00+02:00;54358_G;74;10;100;freeFlow;3
2025-07-02T16:43:00+02:00;54363;68;7;100;freeFlow;3
2025-07-02T16:43:00+02:00;54365;67;4;100;freeFlow;3
2025-07-02T16:43:00+02:00;54367;56;7;100;freeFlow;3
2025-07-02T16:43:00+02:00;54368;105;1;75;freeFlow;2
2025-07-02T16:43:00+02:00;54369;94;13;76;freeFlow;10
2025-07-02T16:43:00+02:00;54372;107;0;35;freeFlow;1
2025-07-02T16:43:00+02:00;54375;53;13;32;freeFlow;1
2025-07-02T16:43:00+02:00;54376;29;7;60;heavy;1
2025-07-02T16:43:00+02:00;54378;14;22;100;congested;3
2025-07-02T16:43:00+02:00;54381;38;8;60;freeFlow;1
2025-07-02T16:43:00+02:00;54382;29;7;98;heavy;3
2025-07-02T16:43:00+02:00;54383;45;18;100;freeFlow;7
2025-07-02T16:43:00+02:00;54384;68;4;75;freeFlow;2
2025-07-02T16:43:00+02:00;54385;38;7;60;freeFlow;1
2025-07-02T16:43:00+02:00;54386;17;3;30;heavy;1
2025-07-02T16:43:00+02:00;54400;31;17;60;heavy;1
2025-07-02T16:43:00+02:00;54401;31;3;60;heavy;1
2025-07-02T16:43:00+02:00;54406;26;101;66;heavy;2
2025-07-02T16:43:00+02:00;54428_D;50;12;0;unknown;0
2025-07-02T16:43:00+02:00;54428_G;22;27;75;heavy;2
2025-07-02T16:43:00+02:00;54429_D;49;14;60;freeFlow;1
2025-07-02T16:43:00+02:00;54429_G;20;33;25;heavy;1
2025-07-02T16:43:00+02:00;54438_D;55;1;60;freeFlow;1
2025-07-02T16:43:00+02:00;54438_G;23;3;15;heavy;1
2025-07-02T16:43:00+02:00;54440_D;23;12;60;heavy;1
2025-07-02T16:43:00+02:00;54440_G;23;12;12;heavy;1
2025-07-02T16:43:00+02:00;54444_D;30;2;60;heavy;1
2025-07-02T16:43:00+02:00;54444_G;23;2;12;heavy;1
2025-07-02T16:43:00+02:00;54447_D;13;42;60;congested;1
2025-07-02T16:43:00+02:00;54447_G;23;23;12;heavy;1
2025-07-02T16:43:00+02:00;54448_D;40;4;60;freeFlow;1
2025-07-02T16:43:00+02:00;54448_G;23;7;12;heavy;1
2025-07-02T16:43:00+02:00;54449_D;42;12;60;freeFlow;1
2025-07-02T16:43:00+02:00;54449_G;50;10;0;unknown;0
2025-07-02T16:43:00+02:00;54453_D;43;3;60;freeFlow;1
2025-07-02T16:43:00+02:00;54453_G;50;3;0;unknown;0
2025-07-02T16:43:00+02:00;54455;50;2;0;unknown;0
2025-07-02T16:43:00+02:00;54457;50;8;0;unknown;0
2025-07-02T16:43:00+02:00;54460;50;5;0;unknown;0
2025-07-02T16:43:00+02:00;54463_D;30;11;60;heavy;1
2025-07-02T16:43:00+02:00;54463_G;50;6;0;unknown;0
2025-07-02T16:43:00+02:00;54466_D;20;37;60;heavy;1
2025-07-02T16:43:00+02:00;54466_G;22;37;30;heavy;1
2025-07-02T16:43:00+02:00;54469;33;4;75;heavy;2
2025-07-02T16:43:00+02:00;54471;41;10;75;freeFlow;2
2025-07-02T16:43:00+02:00;54472;41;10;60;freeFlow;1
2025-07-02T16:43:00+02:00;54473;41;1;60;freeFlow;1
2025-07-02T16:43:00+02:00;54483;42;36;70;freeFlow;2
2025-07-02T16:43:00+02:00;54489;50;1;0;unknown;0
2025-07-02T16:43:00+02:00;54490;24;8;52;heavy;1
2025-07-02T16:43:00+02:00;54492;24;7;52;heavy;1
2025-07-02T16:43:00+02:00;54505;26;30;30;heavy;1
2025-07-02T16:43:00+02:00;54509;14;20;57;congested;2
2025-07-02T16:43:00+02:00;54518;26;6;30;heavy;1
2025-07-02T16:43:00+02:00;54522;26;3;30;heavy;1
2025-07-02T16:43:00+02:00;54523;41;3;38;freeFlow;1
2025-07-02T16:43:00+02:00;54524;41;1;38;freeFlow;1
2025-07-02T16:43:00+02:00;54580_D;28;20;60;heavy;1
2025-07-02T16:43:00+02:00;54877;33;23;75;heavy;2
2025-07-02T16:43:00+02:00;54879;25;30;100;heavy;3
2025-07-02T16:43:00+02:00;54880_D;11;92;75;congested;2
2025-07-02T16:43:00+02:00;54880_G;13;76;86;congested;3
2025-07-02T16:43:00+02:00;54882;34;2;60;freeFlow;1
2025-07-02T16:43:00+02:00;54883;34;1;60;freeFlow;1
2025-07-02T16:43:00+02:00;54884;25;2;45;freeFlow;1
2025-07-02T16:43:00+02:00;54885;25;1;45;freeFlow;1
2025-07-02T16:43:00+02:00;54886;18;5;100;heavy;3
2025-07-02T16:43:00+02:00;54887;26;2;60;freeFlow;1
2025-07-02T16:43:00+02:00;54888;22;1;32;freeFlow;1
2025-07-02T16:43:00+02:00;54889;22;2;32;freeFlow;1
2025-07-02T16:43:00+02:00;54988;30;4;100;heavy;3
2025-07-02T16:43:00+02:00;54989;41;42;60;heavy;1
2025-07-02T16:43:00+02:00;54990;38;3;95;heavy;3
2025-07-02T16:43:00+02:00;54991;60;29;73;freeFlow;2
2025-07-02T16:43:00+02:00;55467_D;17;39;75;heavy;2
2025-07-02T16:43:00+02:00;55467_G;46;13;63;freeFlow;3
2025-07-02T16:43:00+02:00;55570_D;50;3;0;unknown;0
2025-07-02T16:43:00+02:00;55570_G;50;3;0;unknown;0
2025-07-02T16:43:00+02:00;55589_D;25;10;60;freeFlow;1
2025-07-02T16:43:00+02:00;55589_G;35;7;60;freeFlow;1
2025-07-02T16:43:00+02:00;55591;50;1;0;unknown;0
2025-07-02T16:43:00+02:00;55592;25;2;60;heavy;1
2025-07-02T16:43:00+02:00;55593;25;2;60;heavy;1
2025-07-02T16:43:00+02:00;55595;35;1;60;freeFlow;1
2025-07-02T16:43:00+02:00;55596;33;1;60;heavy;1
2025-07-02T16:43:00+02:00;55597;32;2;60;heavy;1
2025-07-02T16:43:00+02:00;55702;50;6;0;unknown;0
2025-07-02T16:43:00+02:00;55704;50;17;0;unknown;0
2025-07-02T16:43:00+02:00;5576_D;54;6;10;heavy;1
2025-07-02T16:43:00+02:00;5576_G;17;19;75;congested;2
2025-07-02T16:43:00+02:00;55881;33;1;75;heavy;2
2025-07-02T16:43:00+02:00;55900;33;3;75;heavy;2
2025-07-02T16:43:00+02:00;55929_D;32;13;60;heavy;1
2025-07-02T16:43:00+02:00;55929_G;88;5;68;freeFlow;2
2025-07-02T16:43:00+02:00;55976;16;9;75;heavy;2
2025-07-02T16:43:00+02:00;56024;70;14;60;freeFlow;1
2025-07-02T16:43:00+02:00;56131;26;5;45;heavy;1
2025-07-02T16:43:00+02:00;56257;30;7;0;unknown;0
2025-07-02T16:43:00+02:00;563566;24;6;52;heavy;1
2025-07-02T16:43:00+02:00;563571;24;12;52;heavy;1
2025-07-02T16:43:00+02:00;563844_D;19;47;99;congested;3
2025-07-02T16:43:00+02:00;563844_G;48;18;100;heavy;4
2025-07-02T16:43:00+02:00;563846;87;3;75;freeFlow;2
2025-07-02T16:43:00+02:00;563903_D;50;34;0;unknown;0
2025-07-02T16:43:00+02:00;563903_G;50;34;0;unknown;0
2025-07-02T16:43:00+02:00;564067_D;61;20;75;freeFlow;2
2025-07-02T16:43:00+02:00;564067_G;62;21;100;freeFlow;3
2025-07-02T16:43:00+02:00;564195_D;102;4;50;freeFlow;1
2025-07-02T16:43:00+02:00;564195_G;52;9;60;freeFlow;1
2025-07-02T16:43:00+02:00;56441;14;16;0;unknown;0
2025-07-02T16:43:00+02:00;5651;33;2;100;heavy;4
2025-07-02T16:43:00+02:00;5652;36;1;75;freeFlow;2
2025-07-02T16:43:00+02:00;565232;29;4;60;freeFlow;1
2025-07-02T16:43:00+02:00;5653;30;2;75;heavy;2
2025-07-02T16:43:00+02:00;565374;55;37;100;freeFlow;6
2025-07-02T16:43:00+02:00;565376;24;86;100;heavy;3
2025-07-02T16:43:00+02:00;565393;92;51;64;freeFlow;2
2025-07-02T16:43:00+02:00;5654;36;1;75;freeFlow;2
2025-07-02T16:43:00+02:00;565682_D;45;21;42;heavy;1
2025-07-02T16:43:00+02:00;565682_G;54;17;100;freeFlow;3
2025-07-02T16:43:00+02:00;565731_D;29;4;42;freeFlow;1
2025-07-02T16:43:00+02:00;565731_G;32;2;30;freeFlow;1
2025-07-02T16:43:00+02:00;565732;48;2;60;heavy;1
2025-07-02T16:43:00+02:00;56584;16;15;75;heavy;2
2025-07-02T16:43:00+02:00;565854;56;18;100;freeFlow;3
2025-07-02T16:43:00+02:00;566176_D;48;23;75;heavy;2
2025-07-02T16:43:00+02:00;566176_G;38;29;60;heavy;1
2025-07-02T16:43:00+02:00;56619_D;35;12;67;heavy;2
2025-07-02T16:43:00+02:00;56619_G;58;7;60;freeFlow;1
2025-07-02T16:43:00+02:00;566287_D;29;17;12;freeFlow;1
2025-07-02T16:43:00+02:00;566287_G;30;16;0;unknown;0
2025-07-02T16:43:00+02:00;566302_D;28;1;60;heavy;1
2025-07-02T16:43:00+02:00;566302_G;36;1;75;freeFlow;2
2025-07-02T16:43:00+02:00;566303_D;48;15;35;freeFlow;1
2025-07-02T16:43:00+02:00;566303_G;46;16;60;freeFlow;1
2025-07-02T16:43:00+02:00;5663_D;25;104;100;heavy;3
2025-07-02T16:43:00+02:00;5663_G;56;47;75;heavy;2
2025-07-02T16:43:00+02:00;566407_D;20;4;60;heavy;1
2025-07-02T16:43:00+02:00;566407_G;38;2;60;freeFlow;1
2025-07-02T16:43:00+02:00;566417_D;20;7;60;heavy;1
2025-07-02T16:43:00+02:00;566417_G;38;4;60;freeFlow;1
2025-07-02T16:43:00+02:00;566419;50;1;0;unknown;0
2025-07-02T16:43:00+02:00;566481;50;1;0;unknown;0
2025-07-02T16:43:00+02:00;566482;50;1;0;unknown;0
2025-07-02T16:43:00+02:00;566483;98;116;100;freeFlow;6
2025-07-02T16:43:00+02:00;566484;50;0;0;unknown;0
2025-07-02T16:43:00+02:00;5664_D;66;2;75;freeFlow;2
2025-07-02T16:43:00+02:00;5664_G;54;3;75;heavy;2
2025-07-02T16:43:00+02:00;566573_D;41;3;60;freeFlow;1
2025-07-02T16:43:00+02:00;566573_G;109;1;60;freeFlow;1
2025-07-02T16:43:00+02:00;566599_D;46;1;100;freeFlow;3
2025-07-02T16:43:00+02:00;566599_G;22;1;60;freeFlow;1
2025-07-02T16:43:00+02:00;566706_D;42;4;60;freeFlow;1
2025-07-02T16:43:00+02:00;566706_G;25;8;45;heavy;1
2025-07-02T16:43:00+02:00;56676_G;39;5;75;freeFlow;2
2025-07-02T16:43:00+02:00;566850;60;2;75;freeFlow;2
2025-07-02T16:43:00+02:00;566924_D;34;9;60;heavy;1
2025-07-02T16:43:00+02:00;566924_G;22;14;30;heavy;1
2025-07-02T16:43:00+02:00;566942;17;2;100;heavy;3
2025-07-02T16:43:00+02:00;56872;69;30;100;freeFlow;11
2025-07-02T16:43:00+02:00;56874;82;6;100;freeFlow;10
2025-07-02T16:43:00+02:00;56886;55;47;60;freeFlow;1
2025-07-02T16:43:00+02:00;56914;26;6;60;heavy;1
2025-07-02T16:43:00+02:00;56926;80;4;100;freeFlow;4
2025-07-02T16:43:00+02:00;57009;82;4;100;freeFlow;11
2025-07-02T16:43:00+02:00;57011;74;8;100;freeFlow;11
2025-07-02T16:43:00+02:00;57012;55;7;32;freeFlow;1
2025-07-02T16:43:00+02:00;57082_D;36;8;55;freeFlow;1
2025-07-02T16:43:00+02:00;57360_D;30;5;0;unknown;0
2025-07-02T16:43:00+02:00;57360_G;12;16;35;heavy;1
2025-07-02T16:43:00+02:00;57362_D;30;4;0;unknown;0
2025-07-02T16:43:00+02:00;57362_G;19;5;35;heavy;1
2025-07-02T16:43:00+02:00;57368_D;30;7;0;unknown;0
2025-07-02T16:43:00+02:00;57368_G;17;13;35;heavy;1
2025-07-02T16:43:00+02:00;57378_D;50;3;0;unknown;0
2025-07-02T16:43:00+02:00;57378_G;24;6;45;heavy;1
2025-07-02T16:43:00+02:00;62549;99;0;60;freeFlow;1
2025-07-02T16:43:00+02:00;62550;107;1;50;freeFlow;2
2025-07-02T16:43:00+02:00;62617_D;50;9;0;unknown;0
2025-07-02T16:43:00+02:00;62617_G;59;8;45;freeFlow;1
2025-07-02T16:43:00+02:00;62948_D;6;29;50;congested;1
2025-07-02T16:43:00+02:00;62948_G;107;2;10;freeFlow;1
2025-07-02T16:43:00+02:00;63039;36;4;100;freeFlow;6
2025-07-02T16:43:00+02:00;63203_D;48;16;30;freeFlow;1
2025-07-02T16:43:00+02:00;63203_G;30;26;0;unknown;0
2025-07-02T16:43:00+02:00;63308;32;3;100;heavy;3
2025-07-02T16:43:00+02:00;63895_D;28;5;60;freeFlow;1
2025-07-02T16:43:00+02:00;63895_G;30;5;0;unknown;0
2025-07-02T16:43:00+02:00;63903;79;2;100;freeFlow;7
2025-07-02T16:43:00+02:00;63917;104;1;100;freeFlow;3
2025-07-02T16:43:00+02:00;63954_D;51;4;100;freeFlow;3
2025-07-02T16:43:00+02:00;63954_G;25;6;60;freeFlow;1
2025-07-02T16:43:00+02:00;63961_D;51;1;75;freeFlow;2
2025-07-02T16:43:00+02:00;63961_G;34;1;60;freeFlow;1
2025-07-02T16:43:00+02:00;63963_D;20;23;100;heavy;3
2025-07-02T16:43:00+02:00;63963_G;25;18;91;freeFlow;3
2025-07-02T16:43:00+02:00;63974;23;17;70;heavy;2
2025-07-02T16:43:00+02:00;64028;50;2;0;unknown;0
2025-07-02T16:43:00+02:00;64029;40;3;75;heavy;2
2025-07-02T16:43:00+02:00;64033;40;4;100;freeFlow;3
2025-07-02T16:43:00+02:00;64034;40;2;100;freeFlow;3
2025-07-02T16:43:00+02:00;64035;40;3;75;freeFlow;2
2025-07-02T16:43:00+02:00;64104_D;50;2;0;unknown;0
2025-07-02T16:43:00+02:00;64104_G;54;2;17;freeFlow;1
2025-07-02T16:43:00+02:00;6421;100;23;100;freeFlow;3
2025-07-02T16:43:00+02:00;6422;99;6;100;freeFlow;3
2025-07-02T16:43:00+02:00;6423;84;16;57;freeFlow;1
2025-07-02T16:43:00+02:00;6424;91;33;83;freeFlow;4
2025-07-02T16:43:00+02:00;64792_D;48;14;35;freeFlow;1
2025-07-02T16:43:00+02:00;64792_G;54;13;60;freeFlow;1
2025-07-02T16:43:00+02:00;64862_D;33;15;50;heavy;1
2025-07-02T16:43:00+02:00;64862_G;30;17;60;heavy;1
2025-07-02T16:43:00+02:00;65281;37;3;60;freeFlow;1
2025-07-02T16:43:00+02:00;65283;38;3;60;freeFlow;1
2025-07-02T16:43:00+02:00;65293;38;5;60;freeFlow;1
2025-07-02T16:43:00+02:00;65961_D;48;29;35;freeFlow;1
2025-07-02T16:43:00+02:00;65961_G;56;24;60;freeFlow;1
2025-07-02T16:43:00+02:00;65966_D;48;1;35;freeFlow;1
2025-07-02T16:43:00+02:00;65966_G;51;1;60;freeFlow;1
2025-07-02T16:43:00+02:00;66020;47;1;100;heavy;5
2025-07-02T16:43:00+02:00;6615_D;47;12;75;heavy;2
2025-07-02T16:43:00+02:00;6615_G;50;11;100;heavy;3
2025-07-02T16:43:00+02:00;6616;34;2;100;heavy;5
2025-07-02T16:43:00+02:00;6619;40;3;100;heavy;4
2025-07-02T16:43:00+02:00;6620;37;6;100;heavy;7
2025-07-02T16:43:00+02:00;6621;39;3;100;heavy;5
2025-07-02T16:43:00+02:00;6622;37;2;100;heavy;7
2025-07-02T16:43:00+02:00;6623;35;1;75;heavy;2
2025-07-02T16:43:00+02:00;6628_D;50;17;0;unknown;0
2025-07-02T16:43:00+02:00;6628_G;68;12;32;freeFlow;1
2025-07-02T16:43:00+02:00;6629_D;50;20;0;unknown;0
2025-07-02T16:43:00+02:00;6629_G;42;23;32;freeFlow;1
2025-07-02T16:43:00+02:00;6643;40;17;100;heavy;5
2025-07-02T16:43:00+02:00;6644;41;16;75;heavy;2
2025-07-02T16:43:00+02:00;6645;37;2;75;freeFlow;2
2025-07-02T16:43:00+02:00;6646;45;1;75;freeFlow;2
2025-07-02T16:43:00+02:00;6647;45;1;75;freeFlow;2
2025-07-02T16:43:00+02:00;6648;23;4;100;heavy;5
2025-07-02T16:43:00+02:00;6649;40;2;100;freeFlow;6
2025-07-02T16:43:00+02:00;6650;37;5;100;freeFlow;6
2025-07-02T16:43:00+02:00;6651;31;5;75;heavy;2
2025-07-02T16:43:00+02:00;6669_D;55;91;100;heavy;5
2025-07-02T16:43:00+02:00;6669_G;49;101;75;heavy;2
2025-07-02T16:43:00+02:00;67069;32;5;60;heavy;1
2025-07-02T16:43:00+02:00;67223_D;109;1;60;freeFlow;1
2025-07-02T16:43:00+02:00;67223_G;25;3;60;freeFlow;1
2025-07-02T16:43:00+02:00;67229_D;36;11;100;freeFlow;3
2025-07-02T16:43:00+02:00;67229_G;41;10;75;freeFlow;2
2025-07-02T16:43:00+02:00;6723;101;8;100;freeFlow;3
2025-07-02T16:43:00+02:00;67324_D;47;21;60;heavy;1
2025-07-02T16:43:00+02:00;67324_G;50;19;60;heavy;1
2025-07-02T16:43:00+02:00;67330;26;2;50;freeFlow;1
2025-07-02T16:43:00+02:00;67332;37;2;32;freeFlow;1
2025-07-02T16:43:00+02:00;67334;30;1;0;unknown;0
2025-07-02T16:43:00+02:00;67340;26;2;50;freeFlow;1
2025-07-02T16:43:00+02:00;67341;33;9;50;freeFlow;1
2025-07-02T16:43:00+02:00;67344;37;5;32;freeFlow;1
2025-07-02T16:43:00+02:00;67352_D;40;10;52;freeFlow;1
2025-07-02T16:43:00+02:00;67352_G;25;15;32;freeFlow;1
2025-07-02T16:43:00+02:00;67380_D;19;44;75;heavy;2
2025-07-02T16:43:00+02:00;67380_G;28;29;100;heavy;4
2025-07-02T16:43:00+02:00;67385;26;4;100;heavy;3
2025-07-02T16:43:00+02:00;67389_D;50;1;0;unknown;0
2025-07-02T16:43:00+02:00;67389_G;25;3;100;heavy;3
2025-07-02T16:43:00+02:00;67390;14;7;75;congested;2
2025-07-02T16:43:00+02:00;67391;21;8;75;heavy;2
2025-07-02T16:43:00+02:00;67392;23;7;100;heavy;5
2025-07-02T16:43:00+02:00;67511_D;48;3;30;freeFlow;1
2025-07-02T16:43:00+02:00;67511_G;30;4;0;unknown;0
2025-07-02T16:43:00+02:00;67514_D;48;4;30;freeFlow;1
2025-07-02T16:43:00+02:00;67514_G;30;6;0;unknown;0
2025-07-02T16:43:00+02:00;67611;39;5;38;freeFlow;1
2025-07-02T16:43:00+02:00;67816;24;1;100;freeFlow;3
2025-07-02T16:43:00+02:00;67819_D;24;2;75;freeFlow;2
2025-07-02T16:43:00+02:00;67819_G;33;1;30;freeFlow;1
2025-07-02T16:43:00+02:00;67820;24;1;100;freeFlow;3
2025-07-02T16:43:00+02:00;67821;29;2;60;freeFlow;1
2025-07-02T16:43:00+02:00;67823;38;7;10;freeFlow;1
2025-07-02T16:43:00+02:00;67824;50;9;0;unknown;0
2025-07-02T16:43:00+02:00;67829;53;10;100;freeFlow;4
2025-07-02T16:43:00+02:00;67892_D;13;19;75;congested;2
2025-07-02T16:43:00+02:00;67892_G;23;11;100;heavy;4
2025-07-02T16:43:00+02:00;68069;26;16;30;heavy;1
2025-07-02T16:43:00+02:00;68070;20;2;30;heavy;1
2025-07-02T16:43:00+02:00;68815;27;4;60;heavy;1
2025-07-02T16:43:00+02:00;69060;30;3;0;unknown;0
2025-07-02T16:43:00+02:00;69061;24;5;42;freeFlow;1
2025-07-02T16:43:00+02:00;69062;30;2;0;unknown;0
2025-07-02T16:43:00+02:00;69063;28;1;42;freeFlow;1
2025-07-02T16:43:00+02:00;69064_D;30;1;0;unknown;0
2025-07-02T16:43:00+02:00;69064_G;24;2;42;freeFlow;1
2025-07-02T16:43:00+02:00;69270_D;50;2;0;unknown;0
2025-07-02T16:43:00+02:00;69270_G;31;2;48;heavy;1
2025-07-02T16:43:00+02:00;69277;28;3;42;freeFlow;1
2025-07-02T16:43:00+02:00;69464;28;2;42;freeFlow;1
2025-07-02T16:43:00+02:00;69467;24;2;42;freeFlow;1
2025-07-02T16:43:00+02:00;69493;44;15;100;freeFlow;6
2025-07-02T16:43:00+02:00;69495;24;16;100;heavy;6
2025-07-02T16:43:00+02:00;69591;14;20;60;congested;1
2025-07-02T16:43:00+02:00;69673;28;12;57;heavy;1
2025-07-02T16:43:00+02:00;69878;52;16;100;freeFlow;6
2025-07-02T16:43:00+02:00;71197_D;16;74;60;congested;1
2025-07-02T16:43:00+02:00;71197_G;9;126;100;congested;3
2025-07-02T16:43:00+02:00;71455_D;42;3;0;unknown;0
2025-07-02T16:43:00+02:00;71492_D;85;2;60;freeFlow;1
2025-07-02T16:43:00+02:00;71492_G;38;5;75;freeFlow;2
2025-07-02T16:43:00+02:00;71493_D;31;10;35;heavy;1
2025-07-02T16:43:00+02:00;71493_G;54;6;60;freeFlow;1
2025-07-02T16:43:00+02:00;71494;41;4;100;freeFlow;3
2025-07-02T16:43:00+02:00;71496;23;11;75;heavy;2
2025-07-02T16:43:00+02:00;71497;13;6;75;congested;2
2025-07-02T16:43:00+02:00;71504_D;85;0;60;freeFlow;1
2025-07-02T16:43:00+02:00;71504_G;21;2;75;heavy;2
2025-07-02T16:43:00+02:00;71508_D;85;6;74;freeFlow;2
2025-07-02T16:43:00+02:00;71508_G;75;6;60;freeFlow;1
2025-07-02T16:43:00+02:00;71509_D;45;22;55;freeFlow;2
2025-07-02T16:43:00+02:00;71509_G;59;17;60;freeFlow;1
2025-07-02T16:43:00+02:00;71554_D;36;7;50;freeFlow;1
2025-07-02T16:43:00+02:00;71554_G;107;2;10;freeFlow;1
2025-07-02T16:43:00+02:00;71555_D;28;4;57;heavy;1
2025-07-02T16:43:00+02:00;71555_G;43;3;60;freeFlow;1
2025-07-02T16:43:00+02:00;71661;22;12;100;congested;5
2025-07-02T16:43:00+02:00;71668;58;11;60;heavy;1
2025-07-02T16:43:00+02:00;72425;91;13;100;freeFlow;3
2025-07-02T16:43:00+02:00;72487_D;69;36;50;freeFlow;1
2025-07-02T16:43:00+02:00;72842_D;50;22;0;unknown;0
2025-07-02T16:43:00+02:00;72842_G;54;21;35;freeFlow;1
2025-07-02T16:43:00+02:00;72940_D;50;24;0;unknown;0
2025-07-02T16:43:00+02:00;72940_G;39;30;42;freeFlow;1
2025-07-02T16:43:00+02:00;73636;43;4;60;freeFlow;1
2025-07-02T16:43:00+02:00;74067;30;3;60;heavy;1
2025-07-02T16:43:00+02:00;74454;31;1;42;heavy;1
2025-07-02T16:43:00+02:00;74457_D;65;16;42;freeFlow;1
2025-07-02T16:43:00+02:00;74457_G;57;18;100;freeFlow;3
2025-07-02T16:43:00+02:00;74459;31;1;42;heavy;1
2025-07-02T16:43:00+02:00;74460;49;1;100;heavy;3
2025-07-02T16:43:00+02:00;74461;49;1;100;heavy;3
2025-07-02T16:43:00+02:00;74688_D;50;18;0;unknown;0
2025-07-02T16:43:00+02:00;74688_G;54;17;25;freeFlow;1
2025-07-02T16:43:00+02:00;74748_D;80;4;0;unknown;0
2025-07-02T16:43:00+02:00;74748_G;43;7;60;heavy;1
2025-07-02T16:43:00+02:00;75340;36;2;30;freeFlow;1
2025-07-02T16:43:00+02:00;75343_D;30;12;0;unknown;0
2025-07-02T16:43:00+02:00;75343_G;30;12;0;unknown;0
2025-07-02T16:43:00+02:00;75344;36;2;30;freeFlow;1
2025-07-02T16:43:00+02:00;75346;27;3;35;heavy;1
2025-07-02T16:43:00+02:00;75347_D;36;2;30;freeFlow;1
2025-07-02T16:43:00+02:00;75347_G;27;3;35;heavy;1
2025-07-02T16:43:00+02:00;75348;34;1;48;heavy;1
2025-07-02T16:43:00+02:00;75353;34;1;48;heavy;1
2025-07-02T16:43:00+02:00;75356_D;33;16;35;heavy;1
2025-07-02T16:43:00+02:00;75356_G;29;18;48;heavy;1
2025-07-02T16:43:00+02:00;75358;23;2;48;heavy;1
2025-07-02T16:43:00+02:00;75359;20;3;35;heavy;1
2025-07-02T16:43:00+02:00;75385;31;2;60;heavy;1
2025-07-02T16:43:00+02:00;75533_D;70;0;0;unknown;0
2025-07-02T16:43:00+02:00;75533_G;70;0;0;unknown;0
2025-07-02T16:43:00+02:00;75630;40;39;100;heavy;3
2025-07-02T16:43:00+02:00;75810;102;8;100;freeFlow;3
2025-07-02T16:43:00+02:00;75811;103;4;75;freeFlow;2
2025-07-02T16:43:00+02:00;75812;66;7;100;freeFlow;10
2025-07-02T16:43:00+02:00;75813;81;3;100;freeFlow;10
2025-07-02T16:43:00+02:00;75814;67;3;100;freeFlow;10
2025-07-02T16:43:00+02:00;75815;80;17;100;freeFlow;10
2025-07-02T16:43:00+02:00;75816;44;5;60;freeFlow;1
2025-07-02T16:43:00+02:00;75819_D;74;2;60;freeFlow;1
2025-07-02T16:43:00+02:00;75819_G;107;2;60;freeFlow;1
2025-07-02T16:43:00+02:00;75821;83;4;100;freeFlow;13
2025-07-02T16:43:00+02:00;75823;78;5;100;freeFlow;13
2025-07-02T16:43:00+02:00;75841;52;7;73;freeFlow;2
2025-07-02T16:43:00+02:00;75842;13;30;97;congested;3
2025-07-02T16:43:00+02:00;75855;48;2;100;heavy;3
2025-07-02T16:43:00+02:00;75858;91;1;75;freeFlow;2
2025-07-02T16:43:00+02:00;75859;91;2;100;freeFlow;3
2025-07-02T16:43:00+02:00;75860;39;5;60;heavy;1
2025-07-02T16:43:00+02:00;75861;45;2;60;heavy;1
2025-07-02T16:43:00+02:00;75862;42;4;75;heavy;2
2025-07-02T16:43:00+02:00;75863;29;3;75;heavy;2
2025-07-02T16:43:00+02:00;75864;52;1;75;freeFlow;2
2025-07-02T16:43:00+02:00;75865;47;3;75;heavy;2
2025-07-02T16:43:00+02:00;75866;76;12;100;freeFlow;6
2025-07-02T16:43:00+02:00;75867;81;14;100;freeFlow;10
2025-07-02T16:43:00+02:00;75869;82;64;100;freeFlow;17
2025-07-02T16:43:00+02:00;75873_D;56;10;60;freeFlow;1
2025-07-02T16:43:00+02:00;75873_G;30;16;0;unknown;0
2025-07-02T16:43:00+02:00;75874_D;56;7;60;freeFlow;1
2025-07-02T16:43:00+02:00;75874_G;50;8;0;unknown;0
2025-07-02T16:43:00+02:00;75875;62;5;75;freeFlow;2
2025-07-02T16:43:00+02:00;75876;61;8;75;freeFlow;2
2025-07-02T16:43:00+02:00;75877;102;8;60;freeFlow;1
2025-07-02T16:43:00+02:00;75878;105;8;75;freeFlow;2
2025-07-02T16:43:00+02:00;75879;103;2;75;freeFlow;2
2025-07-02T16:43:00+02:00;75880;90;9;75;freeFlow;2
2025-07-02T16:43:00+02:00;75882;108;9;90;freeFlow;3
2025-07-02T16:43:00+02:00;75883;93;4;100;freeFlow;10
2025-07-02T16:43:00+02:00;75884;73;6;100;freeFlow;12
2025-07-02T16:43:00+02:00;75885;78;3;100;freeFlow;11
2025-07-02T16:43:00+02:00;75886;79;8;100;freeFlow;12
2025-07-02T16:43:00+02:00;75911;49;6;48;freeFlow;1
2025-07-02T16:43:00+02:00;75912;50;6;55;freeFlow;1
2025-07-02T16:43:00+02:00;76094;39;15;75;freeFlow;2
2025-07-02T16:43:00+02:00;7864_D;70;51;75;freeFlow;2
2025-07-02T16:43:00+02:00;7864_G;68;53;100;freeFlow;3
2025-07-02T16:43:00+02:00;790_D;48;16;57;heavy;1
2025-07-02T16:43:00+02:00;790_G;69;12;30;freeFlow;1
2025-07-02T16:43:00+02:00;791_D;48;18;73;heavy;2
2025-07-02T16:43:00+02:00;791_G;6;132;35;congested;1
2025-07-02T16:43:00+02:00;7936;102;7;100;freeFlow;3
2025-07-02T16:43:00+02:00;7937;101;22;100;freeFlow;3
2025-07-02T16:43:00+02:00;7938;90;34;66;freeFlow;2
2025-07-02T16:43:00+02:00;7995_D;55;19;75;heavy;2
2025-07-02T16:43:00+02:00;7995_G;63;16;75;freeFlow;2
2025-07-02T16:43:00+02:00;862_D;52;21;38;freeFlow;1
2025-07-02T16:43:00+02:00;862_G;50;22;73;freeFlow;2
2025-07-02T16:43:00+02:00;863_D;61;11;38;freeFlow;1
2025-07-02T16:43:00+02:00;863_G;43;16;60;heavy;1
2025-07-02T16:43:00+02:00;8745;42;5;100;freeFlow;3
2025-07-02T16:43:00+02:00;8962;92;24;100;freeFlow;7
2025-07-02T16:43:00+02:00;8963_D;52;8;75;freeFlow;2
2025-07-02T16:43:00+02:00;8963_G;61;7;100;freeFlow;5
2025-07-02T16:43:00+02:00;8966;83;14;100;freeFlow;5
2025-07-02T16:43:00+02:00;8969;110;12;100;freeFlow;5
2025-07-02T16:43:00+02:00;8970;106;15;100;freeFlow;6
2025-07-02T16:43:00+02:00;8971;98;21;100;freeFlow;6
2025-07-02T16:43:00+02:00;8974_D;52;4;100;freeFlow;4
2025-07-02T16:43:00+02:00;8974_G;60;4;60;freeFlow;1
2025-07-02T16:43:00+02:00;8976_D;54;6;100;freeFlow;4
2025-07-02T16:43:00+02:00;8976_G;60;6;60;freeFlow;1
2025-07-02T16:43:00+02:00;8977_D;59;5;100;freeFlow;4
2025-07-02T16:43:00+02:00;8977_G;60;5;60;freeFlow;1
2025-07-02T16:43:00+02:00;8978;84;16;100;freeFlow;4
2025-07-02T16:43:00+02:00;9040;55;16;100;heavy;3
2025-07-02T16:43:00+02:00;9041;29;6;100;heavy;3
2025-07-02T16:43:00+02:00;9042;31;3;100;heavy;5
2025-07-02T16:43:00+02:00;9043;29;6;100;heavy;3
2025-07-02T16:43:00+02:00;9044;31;4;75;heavy;2
2025-07-02T16:43:00+02:00;9045;40;3;60;freeFlow;1
2025-07-02T16:43:00+02:00;9046;44;2;100;freeFlow;5
2025-07-02T16:43:00+02:00;9047;37;3;100;freeFlow;5
2025-07-02T16:43:00+02:00;9048;58;9;100;heavy;3
2025-07-02T16:43:00+02:00;9049;29;5;100;heavy;3
2025-07-02T16:43:00+02:00;9050;34;2;100;heavy;4
2025-07-02T16:43:00+02:00;9051;44;3;100;freeFlow;4
2025-07-02T16:43:00+02:00;9052;50;2;0;unknown;0
2025-07-02T16:43:00+02:00;9053;40;3;100;freeFlow;4
2025-07-02T16:43:00+02:00;9054;34;17;75;heavy;2
2025-07-02T16:43:00+02:00;9055;43;14;100;freeFlow;4
2025-07-02T16:43:00+02:00;9057_D;15;34;75;congested;2
2025-07-02T16:43:00+02:00;9057_G;36;15;100;heavy;6
2025-07-02T16:43:00+02:00;9058_D;27;51;75;heavy;2
2025-07-02T16:43:00+02:00;9058_G;66;21;100;freeFlow;6
2025-07-02T16:43:00+02:00;9059_D;19;32;74;congested;2
2025-07-02T16:43:00+02:00;9059_G;63;10;100;freeFlow;5
2025-07-02T16:43:00+02:00;9060;34;6;90;heavy;6
2025-07-02T16:43:00+02:00;9061;29;5;73;heavy;2
2025-07-02T16:43:00+02:00;9062;33;5;98;heavy;6
2025-07-02T16:43:00+02:00;9063;15;8;100;congested;3
2025-07-02T16:43:00+02:00;9068_D;32;56;75;heavy;2
2025-07-02T16:43:00+02:00;9068_G;42;43;100;heavy;5
2025-07-02T16:43:00+02:00;9070_D;41;50;75;heavy;2
2025-07-02T16:43:00+02:00;9070_G;70;29;100;freeFlow;3
2025-07-02T16:43:00+02:00;9073;42;10;100;heavy;11
2025-07-02T16:43:00+02:00;9074;63;14;100;heavy;8
2025-07-02T16:43:00+02:00;9082_D;80;3;42;freeFlow;1
2025-07-02T16:43:00+02:00;9082_G;82;3;100;freeFlow;3
2025-07-02T16:43:00+02:00;9090_D;68;20;40;freeFlow;1
2025-07-02T16:43:00+02:00;9090_G;67;20;100;freeFlow;3
2025-07-02T16:43:00+02:00;9103;27;53;100;congested;3
2025-07-02T16:43:00+02:00;9108;65;19;100;freeFlow;3
2025-07-02T16:43:00+02:00;9114;30;3;100;heavy;3
2025-07-02T16:43:00+02:00;9115;65;23;100;freeFlow;3
2025-07-02T16:43:00+02:00;9116;58;2;60;heavy;1
2025-07-02T16:43:00+02:00;9117;53;10;60;heavy;1
2025-07-02T16:43:00+02:00;9133;76;25;100;freeFlow;4
2025-07-02T16:43:00+02:00;9134;67;22;100;freeFlow;3
2025-07-02T16:43:00+02:00;9177;82;24;60;freeFlow;1
2025-07-02T16:43:00+02:00;9190;45;8;100;heavy;3
2025-07-02T16:43:00+02:00;9199;31;2;60;heavy;1
2025-07-02T16:43:00+02:00;9200;25;6;55;congested;1
2025-07-02T16:43:00+02:00;9201;30;2;60;heavy;1
2025-07-02T16:43:00+02:00;9202;34;4;100;heavy;3
2025-07-02T16:43:00+02:00;9203;35;3;100;heavy;3
2025-07-02T16:43:00+02:00;9204;38;3;100;heavy;4
2025-07-02T16:43:00+02:00;9213;40;69;100;heavy;3
2025-07-02T16:43:00+02:00;9214_D;36;2;0;unknown;0
2025-07-02T16:43:00+02:00;9214_G;100;1;20;freeFlow;1
2025-07-02T16:43:00+02:00;9215;61;45;100;heavy;3
2025-07-02T16:43:00+02:00;9279;86;25;100;freeFlow;7
2025-07-02T16:43:00+02:00;9280;91;27;100;freeFlow;6
2025-07-02T16:43:00+02:00;9343_D;77;16;45;freeFlow;1
2025-07-02T16:43:00+02:00;9343_G;80;15;0;unknown;0
2025-07-02T16:43:00+02:00;9344_D;75;8;48;freeFlow;1
2025-07-02T16:43:00+02:00;9344_G;30;20;0;unknown;0
2025-07-02T16:43:00+02:00;9345_D;77;11;48;freeFlow;1
2025-07-02T16:43:00+02:00;9345_G;30;28;0;unknown;0
2025-07-02T16:43:00+02:00;9346_D;74;6;48;freeFlow;1
2025-07-02T16:43:00+02:00;9346_G;30;15;0;unknown;0
2025-07-02T16:43:00+02:00;9348_D;72;3;48;freeFlow;1
2025-07-02T16:43:00+02:00;9348_G;30;8;0;unknown;0
2025-07-02T16:43:00+02:00;9351_D;78;15;48;freeFlow;1
2025-07-02T16:43:00+02:00;9351_G;80;14;0;unknown;0
2025-07-02T16:43:00+02:00;9370_D;77;11;45;freeFlow;1
2025-07-02T16:43:00+02:00;9370_G;80;11;0;unknown;0
2025-07-02T16:43:00+02:00;9371_D;75;9;48;freeFlow;1
2025-07-02T16:43:00+02:00;9371_G;80;8;0;unknown;0
2025-07-02T16:43:00+02:00;9378;49;24;100;heavy;9
2025-07-02T16:43:00+02:00;9379;51;22;100;heavy;7
2025-07-02T16:43:00+02:00;9414_D;40;6;42;freeFlow;1
2025-07-02T16:43:00+02:00;9414_G;6;46;15;congested;1
2025-07-02T16:43:00+02:00;9416_D;49;5;42;freeFlow;1
2025-07-02T16:43:00+02:00;9416_G;30;7;0;unknown;0
2025-07-02T16:43:00+02:00;9418_D;49;7;42;freeFlow;1
2025-07-02T16:43:00+02:00;9418_G;30;12;0;unknown;0
2025-07-02T16:43:00+02:00;9421;49;2;42;freeFlow;1
2025-07-02T16:43:00+02:00;9422;49;2;42;freeFlow;1
2025-07-02T16:43:00+02:00;9423;30;3;0;unknown;0
2025-07-02T16:43:00+02:00;9424;30;6;0;unknown;0
2025-07-02T16:43:00+02:00;9425_D;49;3;42;freeFlow;1
2025-07-02T16:43:00+02:00;9425_G;30;4;0;unknown;0
2025-07-02T16:43:00+02:00;9427_D;46;7;42;heavy;1
2025-07-02T16:43:00+02:00;9427_G;80;4;0;unknown;0
2025-07-02T16:43:00+02:00;9434_D;70;11;42;freeFlow;1
2025-07-02T16:43:00+02:00;9434_G;80;10;0;unknown;0
2025-07-02T16:43:00+02:00;9435_D;83;12;45;freeFlow;1
2025-07-02T16:43:00+02:00;9435_G;80;13;0;unknown;0
2025-07-02T16:43:00+02:00;9437_D;81;14;45;freeFlow;1
2025-07-02T16:43:00+02:00;9437_G;80;14;0;unknown;0
2025-07-02T16:43:00+02:00;9588_D;80;8;42;freeFlow;1
2025-07-02T16:43:00+02:00;9588_G;79;8;100;freeFlow;3
2025-07-02T16:43:00+02:00;9625_D;80;4;42;freeFlow;1
2025-07-02T16:43:00+02:00;9625_G;76;5;100;freeFlow;3
2025-07-02T16:43:00+02:00;9739;25;5;83;heavy;5
2025-07-02T16:43:00+02:00;9740;22;3;42;heavy;1
2025-07-02T16:43:00+02:00;9741;22;3;100;heavy;4
2025-07-02T16:43:00+02:00;9742;26;5;100;heavy;4
2025-07-02T16:43:00+02:00;9745_D;37;4;40;heavy;1
2025-07-02T16:43:00+02:00;9745_G;50;6;100;freeFlow;4
2025-07-02T16:43:00+02:00;9757_D;43;3;42;heavy;1
2025-07-02T16:43:00+02:00;9757_G;24;5;100;heavy;4
2025-07-02T16:43:00+02:00;9758_D;54;6;42;freeFlow;1
2025-07-02T16:43:00+02:00;9758_G;29;11;100;heavy;3
2025-07-02T16:43:00+02:00;9834_D;79;25;40;freeFlow;1
2025-07-02T16:43:00+02:00;9834_G;74;27;100;freeFlow;3
2025-07-02T16:43:00+02:00;9912;44;4;100;heavy;5
2025-07-02T16:43:00+02:00;9913;60;2;60;freeFlow;1
2025-07-02T16:43:00+02:00;9914;45;2;75;heavy;2
2025-07-02T16:43:00+02:00;9915;45;3;75;heavy;2
2025-07-02T16:43:00+02:00;9916;48;3;100;heavy;5
2025-07-02T16:43:00+02:00;9917_D;51;3;100;freeFlow;4
2025-07-02T16:43:00+02:00;9917_G;60;2;60;freeFlow;1
2025-07-02T16:43:00+02:00;9921_D;65;23;40;freeFlow;1
2025-07-02T16:43:00+02:00;9921_G;53;28;100;freeFlow;3
2025-07-02T16:43:00+02:00;1601981;21;8;100;heavy;3
2025-07-02T16:43:00+02:00;1601982;38;24;60;freeFlow;1
2025-07-02T16:43:00+02:00;1634;64;9;75;freeFlow;2
2025-07-02T16:43:00+02:00;1635;78;2;100;freeFlow;4
2025-07-02T16:43:00+02:00;1636;88;2;60;freeFlow;1
2025-07-02T16:43:00+02:00;1637;54;2;100;freeFlow;7
2025-07-02T16:43:00+02:00;1640;56;2;100;freeFlow;8
2025-07-02T16:43:00+02:00;1641;55;3;100;freeFlow;6
2025-07-02T16:43:00+02:00;1642;50;2;100;freeFlow;7
2025-07-02T16:43:00+02:00;1678329;100;6;63;freeFlow;2
2025-07-02T16:43:00+02:00;1680500_D;74;4;60;freeFlow;1
2025-07-02T16:43:00+02:00;1680500_G;107;3;60;freeFlow;1
2025-07-02T16:43:00+02:00;1680501;55;15;100;freeFlow;11
2025-07-02T16:43:00+02:00;1680580;50;9;0;unknown;0
2025-07-02T16:43:00+02:00;1680586;44;3;60;freeFlow;1
2025-07-02T16:43:00+02:00;1680594;44;0;60;freeFlow;1
2025-07-02T16:43:00+02:00;1680595;50;1;0;unknown;0
2025-07-02T16:43:00+02:00;1680596;44;1;60;freeFlow;1
2025-07-02T16:43:00+02:00;1680597;50;1;0;unknown;0
2025-07-02T16:43:00+02:00;1680604;50;2;0;unknown;0
2025-07-02T16:43:00+02:00;1747_D;35;2;100;heavy;3
2025-07-02T16:43:00+02:00;1747_G;19;5;60;heavy;1
2025-07-02T16:43:00+02:00;1762;15;34;100;heavy;3
2025-07-02T16:43:00+02:00;1763;21;26;100;heavy;3
2025-07-02T16:43:00+02:00;1765_D;71;6;75;freeFlow;2
2025-07-02T16:43:00+02:00;1765_G;22;18;75;heavy;2
2025-07-02T16:43:00+02:00;1852;27;41;100;heavy;7
2025-07-02T16:43:00+02:00;1857;80;27;100;freeFlow;10
2025-07-02T16:43:00+02:00;1858;32;28;100;heavy;7
2025-07-02T16:43:00+02:00;1859;81;12;100;freeFlow;4
2025-07-02T16:43:00+02:00;1860;41;30;70;heavy;2
2025-07-02T16:43:00+02:00;1910718_D;20;6;60;heavy;1
2025-07-02T16:43:00+02:00;1910718_G;45;2;57;freeFlow;2
2025-07-02T16:43:00+02:00;1910863_D;11;48;55;congested;1
2025-07-02T16:43:00+02:00;1910863_G;41;14;55;freeFlow;1
2025-07-02T16:43:00+02:00;1911250;32;7;60;heavy;1
2025-07-02T16:43:00+02:00;35088;51;4;100;freeFlow;7
2025-07-02T16:43:00+02:00;35089;48;5;100;heavy;10
2025-07-02T16:43:00+02:00;35090;40;2;100;heavy;4
2025-07-02T16:43:00+02:00;35091;51;2;100;freeFlow;6
2025-07-02T16:43:00+02:00;35093;42;7;100;heavy;3
2025-07-02T16:43:00+02:00;35094;52;5;100;freeFlow;6
2025-07-02T16:43:00+02:00;35099;32;3;60;heavy;1
2025-07-02T16:43:00+02:00;35101;33;2;100;heavy;4
2025-07-02T16:43:00+02:00;35102;42;2;100;heavy;3
2025-07-02T16:43:00+02:00;35104;60;43;100;freeFlow;6
2025-07-02T16:43:00+02:00;35116;37;3;100;freeFlow;5
2025-07-02T16:43:00+02:00;35117;36;5;100;freeFlow;6
2025-07-02T16:43:00+02:00;35118;39;4;100;freeFlow;4
2025-07-02T16:43:00+02:00;35119;36;6;100;freeFlow;6
2025-07-02T16:43:00+02:00;35120_D;32;2;75;heavy;2
2025-07-02T16:43:00+02:00;35120_G;22;3;75;heavy;2
2025-07-02T16:43:00+02:00;35121_D;48;43;75;freeFlow;2
2025-07-02T16:43:00+02:00;35121_G;32;65;100;heavy;3
2025-07-02T16:43:00+02:00;40196;61;4;75;heavy;2
2025-07-02T16:43:00+02:00;40197;61;4;75;heavy;2
2025-07-02T16:43:00+02:00;41636_D;16;11;74;heavy;2
2025-07-02T16:43:00+02:00;41636_G;22;7;55;heavy;1
2025-07-02T16:43:00+02:00;41652_G;25;9;60;heavy;1
2025-07-02T16:43:00+02:00;41653_D;18;5;66;heavy;2
2025-07-02T16:43:00+02:00;41653_G;18;5;60;heavy;1
2025-07-02T16:43:00+02:00;41667_D;18;8;69;heavy;2
2025-07-02T16:43:00+02:00;41667_G;17;7;60;heavy;1
2025-07-02T16:43:00+02:00;41668_D;40;1;63;freeFlow;2
2025-07-02T16:43:00+02:00;41668_G;4;13;60;congested;1
2025-07-02T16:43:00+02:00;41721;56;18;100;heavy;14
2025-07-02T16:43:00+02:00;41722;43;26;100;heavy;14
2025-07-02T16:43:00+02:00;41758;84;16;100;freeFlow;11
2025-07-02T16:43:00+02:00;41759;85;16;100;freeFlow;12
2025-07-02T16:43:00+02:00;41760;71;19;100;freeFlow;14
2025-07-02T16:43:00+02:00;41949_D;17;15;60;heavy;1
2025-07-02T16:43:00+02:00;41949_G;37;7;40;freeFlow;1
2025-07-02T16:43:00+02:00;41974_D;36;6;70;freeFlow;2
2025-07-02T16:43:00+02:00;41974_G;9;26;60;congested;2
2025-07-02T16:43:00+02:00;41975_D;41;8;70;freeFlow;2
2025-07-02T16:43:00+02:00;41975_G;25;13;40;heavy;1
2025-07-02T16:43:00+02:00;41985_D;25;3;45;heavy;1
2025-07-02T16:43:00+02:00;41985_G;22;4;60;heavy;1
2025-07-02T16:43:00+02:00;42064_D;14;15;68;congested;2
2025-07-02T16:43:00+02:00;42064_G;22;9;73;heavy;2
2025-07-02T16:43:00+02:00;420870_D;17;13;60;heavy;1
2025-07-02T16:43:00+02:00;420870_G;42;6;60;freeFlow;1
2025-07-02T16:43:00+02:00;42206_G;106;9;45;freeFlow;1
2025-07-02T16:43:00+02:00;42238_G;23;15;58;heavy;1
2025-07-02T16:43:00+02:00;42239_D;20;14;70;heavy;2
2025-07-02T16:43:00+02:00;42239_G;15;18;60;heavy;1
2025-07-02T16:43:00+02:00;42240_D;33;23;73;heavy;2
2025-07-02T16:43:00+02:00;42240_G;88;8;45;freeFlow;1
2025-07-02T16:43:00+02:00;42241_D;25;28;65;heavy;2
2025-07-02T16:43:00+02:00;42241_G;27;26;10;heavy;1
2025-07-02T16:43:00+02:00;42242_D;13;24;68;congested;2
2025-07-02T16:43:00+02:00;42242_G;27;11;10;heavy;1
2025-07-02T16:43:00+02:00;42683_D;43;8;68;freeFlow;2
2025-07-02T16:43:00+02:00;42683_G;12;27;58;congested;1
2025-07-02T16:43:00+02:00;42714_D;41;5;70;freeFlow;2
2025-07-02T16:43:00+02:00;42714_G;7;26;42;congested;1
2025-07-02T16:43:00+02:00;42716_D;17;5;60;heavy;1
2025-07-02T16:43:00+02:00;42716_G;39;2;40;freeFlow;1
2025-07-02T16:43:00+02:00;43449_D;11;21;43;heavy;2
2025-07-02T16:43:00+02:00;43449_G;16;14;62;heavy;2
2025-07-02T16:43:00+02:00;43450_D;14;23;30;heavy;1
2025-07-02T16:43:00+02:00;43450_G;15;20;42;heavy;1
2025-07-02T16:43:00+02:00;43451_G;14;34;57;heavy;1
2025-07-02T16:43:00+02:00;43452_D;12;13;60;heavy;1
2025-07-02T16:43:00+02:00;43452_G;14;11;57;heavy;1
2025-07-02T16:43:00+02:00;43475_D;43;5;0;unknown;0
2025-07-02T16:43:00+02:00;43475_G;50;4;0;unknown;0
2025-07-02T16:43:00+02:00;43622_D;32;3;57;heavy;1
2025-07-02T16:43:00+02:00;43622_G;34;3;100;heavy;3
2025-07-02T16:43:00+02:00;43623_D;12;17;57;congested;1
2025-07-02T16:43:00+02:00;43623_G;30;7;100;heavy;3
2025-07-02T16:43:00+02:00;43624_D;14;17;73;congested;2
2025-07-02T16:43:00+02:00;43624_G;12;20;100;congested;3
2025-07-02T16:43:00+02:00;43625_D;33;11;57;heavy;1
2025-07-02T16:43:00+02:00;43625_G;15;25;100;congested;3
2025-07-02T16:43:00+02:00;43657_D;14;6;100;congested;3
2025-07-02T16:43:00+02:00;43657_G;15;6;57;congested;1
2025-07-02T16:43:00+02:00;43659_D;14;11;60;heavy;1
2025-07-02T16:43:00+02:00;43659_G;14;10;57;heavy;1
2025-07-02T16:43:00+02:00;44039_D;12;9;10;congested;1
2025-07-02T16:43:00+02:00;44039_G;11;11;10;congested;1
2025-07-02T16:43:00+02:00;44040_D;50;9;0;unknown;0
2025-07-02T16:43:00+02:00;44040_G;40;11;0;unknown;0
2025-07-02T16:43:00+02:00;44041_D;50;9;0;unknown;0
2025-07-02T16:43:00+02:00;44041_G;50;9;0;unknown;0
2025-07-02T16:43:00+02:00;44042_D;26;18;0;unknown;0
2025-07-02T16:43:00+02:00;44042_G;50;9;0;unknown;0
2025-07-02T16:43:00+02:00;44071_D;54;5;38;freeFlow;1
2025-07-02T16:43:00+02:00;44071_G;5;57;73;congested;2
2025-07-02T16:43:00+02:00;44080;15;8;30;heavy;1
2025-07-02T16:43:00+02:00;44113_D;29;10;35;heavy;1
2025-07-02T16:43:00+02:00;44113_G;36;8;60;freeFlow;1
2025-07-02T16:43:00+02:00;44114_D;14;18;38;congested;1
2025-07-02T16:43:00+02:00;44114_G;36;7;60;freeFlow;1
2025-07-02T16:43:00+02:00;44115_D;33;10;38;heavy;1
2025-07-02T16:43:00+02:00;44115_G;33;10;60;heavy;1
2025-07-02T16:43:00+02:00;44117_D;35;8;57;freeFlow;2
2025-07-02T16:43:00+02:00;44117_G;31;8;60;heavy;1
2025-07-02T16:43:00+02:00;44118_D;31;6;60;heavy;1
2025-07-02T16:43:00+02:00;44118_G;27;7;60;heavy;1
2025-07-02T16:43:00+02:00;44125_D;6;23;55;congested;2
2025-07-02T16:43:00+02:00;44125_G;21;6;75;heavy;2
2025-07-02T16:43:00+02:00;44127;49;6;57;freeFlow;1
2025-07-02T16:43:00+02:00;44128;47;7;57;freeFlow;1
2025-07-02T16:43:00+02:00;44170_D;33;5;38;heavy;1
2025-07-02T16:43:00+02:00;44170_G;35;5;60;heavy;1
2025-07-02T16:43:00+02:00;44713_D;26;1;75;heavy;2
2025-07-02T16:43:00+02:00;44713_G;28;1;57;heavy;1
2025-07-02T16:43:00+02:00;44930;79;2;60;freeFlow;1
2025-07-02T16:43:00+02:00;44931;88;8;75;freeFlow;2
2025-07-02T16:43:00+02:00;44934;86;23;100;freeFlow;9
2025-07-02T16:43:00+02:00;45486_G;23;8;71;heavy;2
2025-07-02T16:43:00+02:00;45487_G;15;17;72;congested;2
2025-07-02T16:43:00+02:00;45488_D;35;20;60;heavy;1
2025-07-02T16:43:00+02:00;45488_G;18;37;100;heavy;3
2025-07-02T16:43:00+02:00;45489_D;36;7;60;freeFlow;1
2025-07-02T16:43:00+02:00;45489_G;14;19;73;congested;2
2025-07-02T16:43:00+02:00;45490_D;36;5;60;freeFlow;1
2025-07-02T16:43:00+02:00;45490_G;29;6;98;heavy;3
2025-07-02T16:43:00+02:00;45503_D;50;3;0;unknown;0
2025-07-02T16:43:00+02:00;45503_G;6;23;45;congested;1
2025-07-02T16:43:00+02:00;45504_D;50;3;0;unknown;0
2025-07-02T16:43:00+02:00;45504_G;21;7;42;heavy;1
2025-07-02T16:43:00+02:00;45505_D;50;7;0;unknown;0
2025-07-02T16:43:00+02:00;45505_G;32;10;42;heavy;1
2025-07-02T16:43:00+02:00;45530_D;31;2;60;freeFlow;1
2025-07-02T16:43:00+02:00;45530_G;26;3;60;freeFlow;1
2025-07-02T16:43:00+02:00;45531_D;32;2;60;freeFlow;1
2025-07-02T16:43:00+02:00;45531_G;35;2;60;freeFlow;1
2025-07-02T16:43:00+02:00;45532_D;32;7;60;freeFlow;1
2025-07-02T16:43:00+02:00;45532_G;35;6;60;freeFlow;1
2025-07-02T16:43:00+02:00;45565_D;27;12;38;heavy;1
2025-07-02T16:43:00+02:00;45565_G;34;9;45;heavy;1
2025-07-02T16:43:00+02:00;45566_D;17;16;38;heavy;1
2025-07-02T16:43:00+02:00;45566_G;32;9;45;heavy;1
2025-07-02T16:43:00+02:00;45567_D;5;61;40;congested;1
2025-07-02T16:43:00+02:00;45567_G;32;9;45;heavy;1
2025-07-02T16:43:00+02:00;45568_D;50;9;0;unknown;0
2025-07-02T16:43:00+02:00;45568_G;37;13;48;freeFlow;1
2025-07-02T16:43:00+02:00;45601_D;26;12;60;heavy;1
2025-07-02T16:43:00+02:00;45601_G;26;12;42;heavy;1
2025-07-02T16:43:00+02:00;45613_D;25;12;60;heavy;1
2025-07-02T16:43:00+02:00;45613_G;20;16;75;heavy;2
2025-07-02T16:43:00+02:00;45614_D;36;6;60;freeFlow;1
2025-07-02T16:43:00+02:00;45614_G;29;8;70;heavy;2
2025-07-02T16:43:00+02:00;45636;107;11;60;freeFlow;1
2025-07-02T16:43:00+02:00;45637;80;14;100;freeFlow;10
2025-07-02T16:43:00+02:00;45640;65;8;60;freeFlow;1
2025-07-02T16:43:00+02:00;45641;77;16;100;freeFlow;10
2025-07-02T16:43:00+02:00;45642;89;24;100;freeFlow;11
2025-07-02T16:43:00+02:00;45644_D;33;28;42;heavy;1
2025-07-02T16:43:00+02:00;45644_G;47;20;42;freeFlow;1
2025-07-02T16:43:00+02:00;45645_G;50;11;0;unknown;0
2025-07-02T16:43:00+02:00;45725;84;37;100;freeFlow;13
2025-07-02T16:43:00+02:00;45736_D;25;19;42;heavy;1
2025-07-02T16:43:00+02:00;45736_G;44;11;22;freeFlow;1
2025-07-02T16:43:00+02:00;45759_D;29;13;60;heavy;1
2025-07-02T16:43:00+02:00;45759_G;2;161;51;congested;2
2025-07-02T16:43:00+02:00;45760_D;10;29;60;congested;1
2025-07-02T16:43:00+02:00;45760_G;7;40;20;congested;1
2025-07-02T16:43:00+02:00;45761_G;50;6;0;unknown;0
2025-07-02T16:43:00+02:00;45762_D;31;8;60;heavy;1
2025-07-02T16:43:00+02:00;45762_G;50;5;0;unknown;0
2025-07-02T16:43:00+02:00;45849_D;16;5;52;heavy;1
2025-07-02T16:43:00+02:00;45849_G;41;2;55;freeFlow;1
2025-07-02T16:43:00+02:00;45850_D;36;3;55;freeFlow;1
2025-07-02T16:43:00+02:00;45850_G;41;2;55;freeFlow;1
2025-07-02T16:43:00+02:00;45865_G;30;12;57;heavy;1
2025-07-02T16:43:00+02:00;46027;25;2;60;heavy;1
2025-07-02T16:43:00+02:00;46028;36;19;10;freeFlow;1
2025-07-02T16:43:00+02:00;46029;27;6;100;heavy;3
2025-07-02T16:43:00+02:00;46036_D;50;10;0;unknown;0
2025-07-02T16:43:00+02:00;46036_G;41;12;48;freeFlow;1
2025-07-02T16:43:00+02:00;46053_G;26;15;42;heavy;1
2025-07-02T16:43:00+02:00;46054_D;50;4;0;unknown;0
2025-07-02T16:43:00+02:00;46054_G;34;5;42;heavy;1
2025-07-02T16:43:00+02:00;46055_D;50;5;0;unknown;0
2025-07-02T16:43:00+02:00;46055_G;38;6;40;freeFlow;1
2025-07-02T16:43:00+02:00;46056_G;38;2;40;freeFlow;1
2025-07-02T16:43:00+02:00;46057_D;50;4;0;unknown;0
2025-07-02T16:43:00+02:00;46057_G;38;5;40;freeFlow;1
2025-07-02T16:43:00+02:00;46058_D;50;7;0;unknown;0
2025-07-02T16:43:00+02:00;46058_G;35;10;40;heavy;1
2025-07-02T16:43:00+02:00;46059_D;50;12;0;unknown;0
2025-07-02T16:43:00+02:00;46059_G;33;18;40;heavy;1
2025-07-02T16:43:00+02:00;46079_D;50;6;0;unknown;0
2025-07-02T16:43:00+02:00;46079_G;37;8;40;freeFlow;1
2025-07-02T16:43:00+02:00;46080_D;50;9;0;unknown;0
2025-07-02T16:43:00+02:00;46080_G;33;15;38;heavy;1
2025-07-02T16:43:00+02:00;46081;27;9;60;heavy;1
2025-07-02T16:43:00+02:00;46135;2;162;0;unknown;0
2025-07-02T16:43:00+02:00;46136;50;6;0;unknown;0
2025-07-02T16:43:00+02:00;46137;50;9;0;unknown;0
2025-07-02T16:43:00+02:00;46163;20;16;67;heavy;2
2025-07-02T16:43:00+02:00;46228;87;12;60;freeFlow;1
2025-07-02T16:43:00+02:00;46230;83;17;100;freeFlow;12
2025-07-02T16:43:00+02:00;46251_D;17;11;60;heavy;1
2025-07-02T16:43:00+02:00;46251_G;23;8;75;heavy;2
2025-07-02T16:43:00+02:00;46264;74;22;60;freeFlow;1
2025-07-02T16:43:00+02:00;46265;84;8;100;freeFlow;11
2025-07-02T16:43:00+02:00;46266;83;3;100;freeFlow;13
2025-07-02T16:43:00+02:00;46267;65;12;100;freeFlow;13
2025-07-02T16:43:00+02:00;46268;49;30;100;heavy;13
2025-07-02T16:43:00+02:00;46270_D;18;12;70;heavy;2
2025-07-02T16:43:00+02:00;46270_G;106;2;45;freeFlow;1
2025-07-02T16:43:00+02:00;46271_D;35;8;52;heavy;1
2025-07-02T16:43:00+02:00;46271_G;106;2;45;freeFlow;1
2025-07-02T16:43:00+02:00;46374_D;13;94;15;congested;1
2025-07-02T16:43:00+02:00;46374_G;11;113;25;congested;1
2025-07-02T16:43:00+02:00;46375_D;50;10;0;unknown;0
2025-07-02T16:43:00+02:00;46375_G;50;10;0;unknown;0
2025-07-02T16:43:00+02:00;46376_D;50;14;0;unknown;0
2025-07-02T16:43:00+02:00;46376_G;50;14;0;unknown;0
2025-07-02T16:43:00+02:00;46377_D;50;8;0;unknown;0
2025-07-02T16:43:00+02:00;46377_G;50;8;0;unknown;0
2025-07-02T16:43:00+02:00;46427_D;50;7;0;unknown;0
2025-07-02T16:43:00+02:00;46427_G;49;8;0;unknown;0
2025-07-02T16:43:00+02:00;46559_D;50;1;0;unknown;0
2025-07-02T16:43:00+02:00;46559_G;15;4;55;heavy;1
2025-07-02T16:43:00+02:00;46560_D;50;8;0;unknown;0
2025-07-02T16:43:00+02:00;46560_G;13;30;52;congested;1
2025-07-02T16:43:00+02:00;46561_D;35;7;60;heavy;1
2025-07-02T16:43:00+02:00;46561_G;21;13;52;heavy;1
2025-07-02T16:43:00+02:00;46562_D;35;3;60;heavy;1
2025-07-02T16:43:00+02:00;46562_G;42;3;52;freeFlow;1
2025-07-02T16:43:00+02:00;46563_D;50;8;0;unknown;0
2025-07-02T16:43:00+02:00;46563_G;49;9;52;freeFlow;1
2025-07-02T16:43:00+02:00;46564_D;50;4;0;unknown;0
2025-07-02T16:43:00+02:00;46564_G;16;13;50;heavy;1
2025-07-02T16:43:00+02:00;46565_D;50;4;0;unknown;0
2025-07-02T16:43:00+02:00;46565_G;34;5;50;heavy;1
2025-07-02T16:43:00+02:00;46566_D;50;5;0;unknown;0
2025-07-02T16:43:00+02:00;46566_G;35;8;50;heavy;1
2025-07-02T16:43:00+02:00;46567_G;50;2;0;unknown;0
2025-07-02T16:43:00+02:00;46568_D;50;1;0;unknown;0
2025-07-02T16:43:00+02:00;46568_G;11;6;75;congested;2
2025-07-02T16:43:00+02:00;46569_D;50;10;0;unknown;0
2025-07-02T16:43:00+02:00;46569_G;17;27;57;heavy;1
2025-07-02T16:43:00+02:00;46627_D;50;11;0;unknown;0
2025-07-02T16:43:00+02:00;46627_G;8;65;55;congested;1
2025-07-02T16:43:00+02:00;46628_D;50;8;0;unknown;0
2025-07-02T16:43:00+02:00;46628_G;45;9;52;freeFlow;1
2025-07-02T16:43:00+02:00;46640;9;82;0;unknown;0
2025-07-02T16:43:00+02:00;46641;22;18;60;heavy;1
2025-07-02T16:43:00+02:00;46643;50;3;0;unknown;0
2025-07-02T16:43:00+02:00;46649;50;8;0;unknown;0
2025-07-02T16:43:00+02:00;46653_D;50;12;0;unknown;0
2025-07-02T16:43:00+02:00;46653_G;17;36;50;heavy;1
2025-07-02T16:43:00+02:00;46654_D;50;10;0;unknown;0
2025-07-02T16:43:00+02:00;46654_G;43;12;48;freeFlow;1
2025-07-02T16:43:00+02:00;46655_D;50;3;0;unknown;0
2025-07-02T16:43:00+02:00;46655_G;41;4;48;freeFlow;1
2025-07-02T16:43:00+02:00;46682;11;45;74;congested;2
2025-07-02T16:43:00+02:00;46683;27;2;75;heavy;2
2025-07-02T16:43:00+02:00;46684;44;11;60;freeFlow;1
2025-07-02T16:43:00+02:00;46685;88;12;100;freeFlow;3
2025-07-02T16:43:00+02:00;46686;37;36;60;freeFlow;1
2025-07-02T16:43:00+02:00;46688;58;20;53;freeFlow;2
2025-07-02T16:43:00+02:00;46716;22;4;100;congested;6
2025-07-02T16:43:00+02:00;46717;75;50;100;freeFlow;5
2025-07-02T16:43:00+02:00;46718;24;43;100;congested;7
2025-07-02T16:43:00+02:00;46719;67;11;99;freeFlow;3
2025-07-02T16:43:00+02:00;46720;37;6;55;heavy;1
2025-07-02T16:43:00+02:00;46728;73;5;60;freeFlow;1
2025-07-02T16:43:00+02:00;46745_D;25;24;100;heavy;3
2025-07-02T16:43:00+02:00;46745_G;9;65;72;congested;2
2025-07-02T16:43:00+02:00;46746_D;28;31;100;heavy;4
2025-07-02T16:43:00+02:00;46746_G;10;91;73;congested;2
2025-07-02T16:43:00+02:00;46975;16;10;55;heavy;1
2025-07-02T16:43:00+02:00;47024;18;9;100;heavy;3
2025-07-02T16:43:00+02:00;47025;18;21;100;heavy;3
2025-07-02T16:43:00+02:00;47030;11;28;75;congested;2
2025-07-02T16:43:00+02:00;47057;67;13;100;freeFlow;7
2025-07-02T16:43:00+02:00;47058;63;30;100;heavy;9
2025-07-02T16:43:00+02:00;47059;27;47;100;congested;7
2025-07-02T16:43:00+02:00;47060;37;26;100;heavy;9
2025-07-02T16:43:00+02:00;47062;40;21;10;freeFlow;1
2025-07-02T16:43:00+02:00;47064;71;1;100;freeFlow;13
2025-07-02T16:43:00+02:00;47066;47;3;100;freeFlow;5
2025-07-02T16:43:00+02:00;47068;40;17;100;heavy;3
2025-07-02T16:43:00+02:00;47070;60;5;100;freeFlow;12
2025-07-02T16:43:00+02:00;47071;56;16;100;freeFlow;4
2025-07-02T16:43:00+02:00;47074;100;4;100;freeFlow;11
2025-07-02T16:43:00+02:00;47075;43;6;75;heavy;2
2025-07-02T16:43:00+02:00;47078;65;37;52;freeFlow;1
2025-07-02T16:43:00+02:00;47101;54;7;75;freeFlow;2
2025-07-02T16:43:00+02:00;47107;37;13;100;heavy;11
2025-07-02T16:43:00+02:00;47108;106;8;75;freeFlow;2
2025-07-02T16:43:00+02:00;47109;48;1;100;freeFlow;7
2025-07-02T16:43:00+02:00;47110;66;11;100;freeFlow;9
2025-07-02T16:43:00+02:00;47111;76;24;100;freeFlow;5
2025-07-02T16:43:00+02:00;47112;21;42;100;heavy;8
2025-07-02T16:43:00+02:00;47113;72;8;100;freeFlow;8
2025-07-02T16:43:00+02:00;47114;100;14;100;freeFlow;6
2025-07-02T16:43:00+02:00;47115;71;20;100;freeFlow;4
2025-07-02T16:43:00+02:00;47238;47;12;100;heavy;9
2025-07-02T16:43:00+02:00;47240;61;24;100;heavy;8
2025-07-02T16:43:00+02:00;47241;34;30;100;heavy;13
2025-07-02T16:43:00+02:00;47242;22;58;100;congested;12
2025-07-02T16:43:00+02:00;47243;43;33;100;heavy;11
2025-07-02T16:43:00+02:00;47290;14;35;60;congested;1
2025-07-02T16:43:00+02:00;47293;72;7;100;freeFlow;11
2025-07-02T16:43:00+02:00;47299;61;6;100;freeFlow;5
2025-07-02T16:43:00+02:00;47300;81;15;100;freeFlow;4
2025-07-02T16:43:00+02:00;47306;71;28;100;freeFlow;4
2025-07-02T16:43:00+02:00;47316;40;7;75;heavy;2
2025-07-02T16:43:00+02:00;47428_D;43;6;10;freeFlow;1
2025-07-02T16:43:00+02:00;47428_G;32;7;10;heavy;1
2025-07-02T16:43:00+02:00;48769_D;16;8;74;heavy;2
2025-07-02T16:43:00+02:00;48769_G;50;3;0;unknown;0
2025-07-02T16:43:00+02:00;48890;50;1;0;unknown;0
2025-07-02T16:43:00+02:00;48891;50;1;0;unknown;0
2025-07-02T16:43:00+02:00;48958_D;20;11;60;heavy;1
2025-07-02T16:43:00+02:00;48958_G;24;9;57;heavy;1
2025-07-02T16:43:00+02:00;489866_G;21;8;99;heavy;3
2025-07-02T16:43:00+02:00;49004;41;5;50;freeFlow;1
2025-07-02T16:43:00+02:00;490194_D;17;4;60;heavy;1
2025-07-02T16:43:00+02:00;490194_G;37;2;40;freeFlow;1
2025-07-02T16:43:00+02:00;49023;70;8;0;unknown;0
2025-07-02T16:43:00+02:00;49068;12;54;60;congested;1
2025-07-02T16:43:00+02:00;49074;13;8;60;congested;1
2025-07-02T16:43:00+02:00;49075;106;1;52;freeFlow;1
2025-07-02T16:43:00+02:00;49081;78;7;100;freeFlow;4
2025-07-02T16:43:00+02:00;49084;31;14;60;heavy;1
2025-07-02T16:43:00+02:00;49137_D;50;4;0;unknown;0
2025-07-02T16:43:00+02:00;49137_G;40;5;0;unknown;0
2025-07-02T16:43:00+02:00;49184;14;8;75;congested;2
2025-07-02T16:43:00+02:00;492351_G;55;2;68;freeFlow;2
2025-07-02T16:43:00+02:00;492359_D;11;23;60;congested;1
2025-07-02T16:43:00+02:00;492363_D;46;10;25;freeFlow;1
2025-07-02T16:43:00+02:00;492363_G;46;10;25;freeFlow;1
2025-07-02T16:43:00+02:00;492435;14;29;100;congested;4
2025-07-02T16:43:00+02:00;492445_G;19;33;75;heavy;2
2025-07-02T16:43:00+02:00;492450;33;15;100;heavy;4
2025-07-02T16:43:00+02:00;492452;35;15;60;heavy;1
2025-07-02T16:43:00+02:00;492459;106;1;52;freeFlow;1
2025-07-02T16:43:00+02:00;492474;23;8;100;heavy;4
2025-07-02T16:43:00+02:00;492475;86;10;100;freeFlow;4
2025-07-02T16:43:00+02:00;492476;26;18;100;heavy;4
2025-07-02T16:43:00+02:00;492477;31;3;60;heavy;1
2025-07-02T16:43:00+02:00;492479;63;10;100;freeFlow;3
2025-07-02T16:43:00+02:00;492481;50;3;75;freeFlow;2
2025-07-02T16:43:00+02:00;492482;26;6;100;heavy;5
2025-07-02T16:43:00+02:00;492483;20;9;100;heavy;4
2025-07-02T16:43:00+02:00;492485;106;1;52;freeFlow;1
2025-07-02T16:43:00+02:00;492490;12;27;95;heavy;6
2025-07-02T16:43:00+02:00;492495;33;1;100;heavy;4
2025-07-02T16:43:00+02:00;492498;98;4;48;freeFlow;1
2025-07-02T16:43:00+02:00;492506;24;9;100;heavy;4
2025-07-02T16:43:00+02:00;492512;29;4;75;heavy;2
2025-07-02T16:43:00+02:00;492514;16;3;100;heavy;5
2025-07-02T16:43:00+02:00;492519;31;17;59;heavy;2
2025-07-02T16:43:00+02:00;492574;24;7;75;heavy;2
2025-07-02T16:43:00+02:00;492576;98;0;48;freeFlow;1
2025-07-02T16:43:00+02:00;49328_D;33;4;38;heavy;1
2025-07-02T16:43:00+02:00;49328_G;33;3;60;heavy;1
2025-07-02T16:43:00+02:00;49686_D;12;14;10;congested;1
2025-07-02T16:43:00+02:00;49686_G;50;3;0;unknown;0
2025-07-02T16:43:00+02:00;50079_D;11;22;27;heavy;1
2025-07-02T16:43:00+02:00;50079_G;14;16;42;heavy;1
2025-07-02T16:43:00+02:00;50191_D;27;19;60;heavy;1
2025-07-02T16:43:00+02:00;50191_G;26;21;42;heavy;1
2025-07-02T16:43:00+02:00;50308_G;18;15;70;heavy;2
2025-07-02T16:43:00+02:00;50355_D;20;15;75;heavy;2
2025-07-02T16:43:00+02:00;50355_G;17;16;60;heavy;1
2025-07-02T16:43:00+02:00;50416_D;33;4;60;heavy;1
2025-07-02T16:43:00+02:00;50416_G;30;4;60;heavy;1
2025-07-02T16:43:00+02:00;50475;17;23;100;heavy;4
2025-07-02T16:43:00+02:00;50509;28;16;75;heavy;2
2025-07-02T16:43:00+02:00;50573_D;54;4;38;freeFlow;1
2025-07-02T16:43:00+02:00;50573_G;32;6;60;freeFlow;1
2025-07-02T16:43:00+02:00;51008;50;3;0;unknown;0
2025-07-02T16:43:00+02:00;51017;14;10;75;congested;2
2025-07-02T16:43:00+02:00;51159_D;50;13;0;unknown;0
2025-07-02T16:43:00+02:00;51159_G;50;13;0;unknown;0
2025-07-02T16:43:00+02:00;51254_D;13;22;20;congested;1
2025-07-02T16:43:00+02:00;51254_G;50;6;0;unknown;0
2025-07-02T16:43:00+02:00;51323_D;26;6;60;heavy;1
2025-07-02T16:43:00+02:00;51323_G;15;12;45;heavy;1
2025-07-02T16:43:00+02:00;51437_D;13;13;35;congested;1
2025-07-02T16:43:00+02:00;51437_G;35;4;48;freeFlow;1
2025-07-02T16:43:00+02:00;51455_D;23;12;38;heavy;1
2025-07-02T16:43:00+02:00;51455_G;34;8;45;heavy;1
2025-07-02T16:43:00+02:00;51797;59;3;60;freeFlow;1
2025-07-02T16:43:00+02:00;52130;27;8;12;heavy;1
2025-07-02T16:43:00+02:00;53329_D;36;5;55;freeFlow;1
2025-07-02T16:43:00+02:00;53329_G;41;4;55;freeFlow;1
2025-07-02T16:43:00+02:00;53336_D;11;36;75;congested;2
2025-07-02T16:43:00+02:00;53336_G;43;9;60;freeFlow;1
2025-07-02T16:43:00+02:00;53411_D;50;7;0;unknown;0
2025-07-02T16:43:00+02:00;53539_G;107;2;60;freeFlow;1
2025-07-02T16:43:00+02:00;53542;87;5;60;freeFlow;1
2025-07-02T16:43:00+02:00;53543;90;5;0;unknown;0
2025-07-02T16:43:00+02:00;53575_D;36;19;70;freeFlow;2
2025-07-02T16:43:00+02:00;53575_G;42;15;55;freeFlow;1
2025-07-02T16:43:00+02:00;53656;26;3;60;heavy;1
2025-07-02T16:43:00+02:00;53660;44;8;60;freeFlow;1
2025-07-02T16:43:00+02:00;53663;4;31;75;congested;2
2025-07-02T16:43:00+02:00;53675;46;2;100;heavy;3
2025-07-02T16:43:00+02:00;53676;61;2;100;freeFlow;5
2025-07-02T16:43:00+02:00;53677;61;10;100;freeFlow;5
2025-07-02T16:43:00+02:00;53678;41;1;60;heavy;1
2025-07-02T16:43:00+02:00;53679;41;3;60;heavy;1
2025-07-02T16:43:00+02:00;53681;78;25;60;freeFlow;1
2025-07-02T16:43:00+02:00;53721;16;4;55;heavy;1
2025-07-02T16:43:00+02:00;53885_D;28;18;73;heavy;2
2025-07-02T16:43:00+02:00;53885_G;39;13;40;freeFlow;1
2025-07-02T16:43:00+02:00;54211;11;57;100;congested;3
2025-07-02T16:43:00+02:00;54334_D;17;3;53;heavy;2
2025-07-02T16:43:00+02:00;54334_G;15;3;42;heavy;1
2025-07-02T16:43:00+02:00;54337;12;68;55;congested;1
2025-07-02T16:43:00+02:00;54361;21;10;100;heavy;4
2025-07-02T16:43:00+02:00;54580_G;22;25;95;heavy;3
2025-07-02T16:43:00+02:00;54707;57;8;75;freeFlow;2
2025-07-02T16:43:00+02:00;54709;106;0;52;freeFlow;1
2025-07-02T16:43:00+02:00;54710;57;4;60;freeFlow;1
2025-07-02T16:43:00+02:00;55397_D;28;2;42;heavy;1
2025-07-02T16:43:00+02:00;55397_G;44;2;22;freeFlow;1
2025-07-02T16:43:00+02:00;55401;102;4;48;freeFlow;1
2025-07-02T16:43:00+02:00;55405;102;1;48;freeFlow;1
2025-07-02T16:43:00+02:00;55406;53;3;68;freeFlow;2
2025-07-02T16:43:00+02:00;55407;102;1;48;freeFlow;1
2025-07-02T16:43:00+02:00;55408;10;17;68;congested;2
2025-07-02T16:43:00+02:00;55440_D;29;6;60;freeFlow;1
2025-07-02T16:43:00+02:00;55440_G;32;5;60;freeFlow;1
2025-07-02T16:43:00+02:00;55443_D;26;3;60;heavy;1
2025-07-02T16:43:00+02:00;55443_G;24;3;45;heavy;1
2025-07-02T16:43:00+02:00;55446;24;3;45;heavy;1
2025-07-02T16:43:00+02:00;55447;32;2;60;heavy;1
2025-07-02T16:43:00+02:00;55448;26;3;60;heavy;1
2025-07-02T16:43:00+02:00;55449;26;2;60;heavy;1
2025-07-02T16:43:00+02:00;55516;43;2;38;freeFlow;1
2025-07-02T16:43:00+02:00;55669;25;9;60;heavy;1
2025-07-02T16:43:00+02:00;55671;50;7;0;unknown;0
2025-07-02T16:43:00+02:00;55696;50;15;0;unknown;0
2025-07-02T16:43:00+02:00;55698;50;9;0;unknown;0
2025-07-02T16:43:00+02:00;55700;50;8;0;unknown;0
2025-07-02T16:43:00+02:00;55703;50;3;0;unknown;0
2025-07-02T16:43:00+02:00;55706;50;1;0;unknown;0
2025-07-02T16:43:00+02:00;55707;50;7;0;unknown;0
2025-07-02T16:43:00+02:00;55708;50;3;0;unknown;0
2025-07-02T16:43:00+02:00;55710;50;14;0;unknown;0
2025-07-02T16:43:00+02:00;55711;50;1;0;unknown;0
2025-07-02T16:43:00+02:00;55713;50;14;0;unknown;0
2025-07-02T16:43:00+02:00;55781_D;50;2;0;unknown;0
2025-07-02T16:43:00+02:00;55781_G;37;3;38;freeFlow;1
2025-07-02T16:43:00+02:00;55800;50;6;57;freeFlow;1
2025-07-02T16:43:00+02:00;55801;33;4;64;heavy;2
2025-07-02T16:43:00+02:00;55805;50;5;0;unknown;0
2025-07-02T16:43:00+02:00;55806;50;10;0;unknown;0
2025-07-02T16:43:00+02:00;55811;50;7;0;unknown;0
2025-07-02T16:43:00+02:00;55814;50;2;0;unknown;0
2025-07-02T16:43:00+02:00;55815;26;1;60;heavy;1
2025-07-02T16:43:00+02:00;55820;50;1;0;unknown;0
2025-07-02T16:43:00+02:00;55821;26;5;60;heavy;1
2025-07-02T16:43:00+02:00;55822;32;3;60;heavy;1
2025-07-02T16:43:00+02:00;55823;38;1;40;freeFlow;1
2025-07-02T16:43:00+02:00;55824;38;2;40;freeFlow;1
2025-07-02T16:43:00+02:00;55827;61;1;100;freeFlow;3
2025-07-02T16:43:00+02:00;55830;61;1;100;freeFlow;3
2025-07-02T16:43:00+02:00;55841;27;17;75;heavy;2
2025-07-02T16:43:00+02:00;55843;50;1;0;unknown;0
2025-07-02T16:43:00+02:00;55879;30;2;75;heavy;2
2025-07-02T16:43:00+02:00;55883;32;2;75;heavy;2
2025-07-02T16:43:00+02:00;55887;19;28;60;heavy;1
2025-07-02T16:43:00+02:00;55888;30;20;60;heavy;1
2025-07-02T16:43:00+02:00;55889;36;2;99;freeFlow;3
2025-07-02T16:43:00+02:00;55890;21;4;75;heavy;2
2025-07-02T16:43:00+02:00;55894;25;3;75;heavy;2
2025-07-02T16:43:00+02:00;55896;14;5;57;congested;1
2025-07-02T16:43:00+02:00;55898;19;31;60;heavy;1
2025-07-02T16:43:00+02:00;55899;59;6;60;freeFlow;1
2025-07-02T16:43:00+02:00;55926_D;20;11;72;heavy;2
2025-07-02T16:43:00+02:00;55926_G;106;2;45;freeFlow;1
2025-07-02T16:43:00+02:00;55932;106;1;45;freeFlow;1
2025-07-02T16:43:00+02:00;55933;34;3;60;heavy;1
2025-07-02T16:43:00+02:00;55958;59;1;75;freeFlow;2
2025-07-02T16:43:00+02:00;55959;20;4;75;heavy;2
2025-07-02T16:43:00+02:00;55974;33;1;75;heavy;2
2025-07-02T16:43:00+02:00;55975;46;2;100;freeFlow;12
2025-07-02T16:43:00+02:00;55977;70;2;100;freeFlow;11
2025-07-02T16:43:00+02:00;55978;106;1;75;freeFlow;2
2025-07-02T16:43:00+02:00;55980;12;23;60;congested;1
2025-07-02T16:43:00+02:00;55981;86;3;75;freeFlow;2
2025-07-02T16:43:00+02:00;56019;50;1;0;unknown;0
2025-07-02T16:43:00+02:00;56020;29;2;45;heavy;1
2025-07-02T16:43:00+02:00;56113;16;14;55;heavy;1
2025-07-02T16:43:00+02:00;56115;50;4;0;unknown;0
2025-07-02T16:43:00+02:00;56117;29;9;48;heavy;1
2025-07-02T16:43:00+02:00;56118;16;3;55;heavy;1
2025-07-02T16:43:00+02:00;56124;41;2;48;freeFlow;1
2025-07-02T16:43:00+02:00;56125;41;1;48;freeFlow;1
2025-07-02T16:43:00+02:00;56126;50;3;0;unknown;0
2025-07-02T16:43:00+02:00;56128;16;4;55;heavy;1
2025-07-02T16:43:00+02:00;56157_D;13;31;24;heavy;1
2025-07-02T16:43:00+02:00;56157_G;17;24;25;heavy;1
2025-07-02T16:43:00+02:00;56165_D;30;2;0;unknown;0
2025-07-02T16:43:00+02:00;56165_G;30;2;0;unknown;0
2025-07-02T16:43:00+02:00;56170;50;1;0;unknown;0
2025-07-02T16:43:00+02:00;56174;50;5;0;unknown;0
2025-07-02T16:43:00+02:00;56175;37;6;0;unknown;0
2025-07-02T16:43:00+02:00;56179;50;2;0;unknown;0
2025-07-02T16:43:00+02:00;56180;50;1;0;unknown;0
2025-07-02T16:43:00+02:00;56181;41;2;0;unknown;0
2025-07-02T16:43:00+02:00;56182;50;2;0;unknown;0
2025-07-02T16:43:00+02:00;56183;50;1;0;unknown;0
2025-07-02T16:43:00+02:00;56218_D;50;3;0;unknown;0
2025-07-02T16:43:00+02:00;56218_G;11;14;45;congested;1
2025-07-02T16:43:00+02:00;56223;30;2;42;heavy;1
2025-07-02T16:43:00+02:00;56224;50;8;0;unknown;0
2025-07-02T16:43:00+02:00;56225;16;21;55;heavy;1
2025-07-02T16:43:00+02:00;56229;16;8;55;heavy;1
2025-07-02T16:43:00+02:00;56231;25;3;57;heavy;1
2025-07-02T16:43:00+02:00;56232;31;2;73;heavy;2
2025-07-02T16:43:00+02:00;56233;50;9;0;unknown;0
2025-07-02T16:43:00+02:00;56237;50;9;0;unknown;0
2025-07-02T16:43:00+02:00;56239;30;3;0;unknown;0
2025-07-02T16:43:00+02:00;56247;30;1;0;unknown;0
2025-07-02T16:43:00+02:00;56250;32;20;10;freeFlow;1
2025-07-02T16:43:00+02:00;56251;30;21;0;unknown;0
2025-07-02T16:43:00+02:00;56254;30;1;0;unknown;0
2025-07-02T16:43:00+02:00;56255;30;2;0;unknown;0
2025-07-02T16:43:00+02:00;56256;30;1;0;unknown;0
2025-07-02T16:43:00+02:00;56258;30;5;0;unknown;0
2025-07-02T16:43:00+02:00;56260;30;2;0;unknown;0
2025-07-02T16:43:00+02:00;56261;30;2;0;unknown;0
2025-07-02T16:43:00+02:00;56263;30;13;0;unknown;0
2025-07-02T16:43:00+02:00;56264;30;13;0;unknown;0
2025-07-02T16:43:00+02:00;56298;30;1;0;unknown;0
2025-07-02T16:43:00+02:00;56300;37;1;10;freeFlow;1
2025-07-02T16:43:00+02:00;56333;50;2;0;unknown;0
2025-07-02T16:43:00+02:00;565804_D;23;19;74;heavy;2
2025-07-02T16:43:00+02:00;565804_G;20;21;60;heavy;2
2025-07-02T16:43:00+02:00;565852;69;2;75;freeFlow;2
2025-07-02T16:43:00+02:00;565853;63;16;60;heavy;1
2025-07-02T16:43:00+02:00;566240;106;1;60;freeFlow;1
2025-07-02T16:43:00+02:00;566445_D;24;2;25;freeFlow;1
2025-07-02T16:43:00+02:00;566445_G;30;3;0;unknown;0
2025-07-02T16:43:00+02:00;566456_D;30;22;0;unknown;0
2025-07-02T16:43:00+02:00;566456_G;30;22;0;unknown;0
2025-07-02T16:43:00+02:00;566457;50;1;0;unknown;0
2025-07-02T16:43:00+02:00;566465_D;30;10;0;unknown;0
2025-07-02T16:43:00+02:00;566465_G;30;10;0;unknown;0
2025-07-02T16:43:00+02:00;56675_D;10;15;60;congested;1
2025-07-02T16:43:00+02:00;56675_G;50;3;0;unknown;0
2025-07-02T16:43:00+02:00;566941;28;3;57;heavy;1
2025-07-02T16:43:00+02:00;56871_D;12;14;10;congested;1
2025-07-02T16:43:00+02:00;56871_G;12;15;10;congested;1
2025-07-02T16:43:00+02:00;56908_D;35;11;52;heavy;1
2025-07-02T16:43:00+02:00;56908_G;31;12;57;heavy;1
2025-07-02T16:43:00+02:00;56925;28;127;100;heavy;14
2025-07-02T16:43:00+02:00;56944_D;31;10;60;freeFlow;1
2025-07-02T16:43:00+02:00;56944_G;28;11;60;freeFlow;1
2025-07-02T16:43:00+02:00;56945_D;32;7;60;freeFlow;1
2025-07-02T16:43:00+02:00;56945_G;32;7;60;freeFlow;1
2025-07-02T16:43:00+02:00;57082_G;41;6;55;freeFlow;1
2025-07-02T16:43:00+02:00;57083_D;36;12;55;freeFlow;1
2025-07-02T16:43:00+02:00;57083_G;42;11;55;freeFlow;1
2025-07-02T16:43:00+02:00;59724;18;8;100;heavy;3
2025-07-02T16:43:00+02:00;59750_D;26;9;60;heavy;1
2025-07-02T16:43:00+02:00;59750_G;50;4;52;freeFlow;1
2025-07-02T16:43:00+02:00;59835_D;45;5;48;freeFlow;1
2025-07-02T16:43:00+02:00;59835_G;23;9;52;heavy;1
2025-07-02T16:43:00+02:00;59836;41;3;48;freeFlow;1
2025-07-02T16:43:00+02:00;59837;16;3;55;heavy;1
2025-07-02T16:43:00+02:00;59838;19;7;55;heavy;1
2025-07-02T16:43:00+02:00;62559_D;50;6;0;unknown;0
2025-07-02T16:43:00+02:00;62559_G;36;9;38;freeFlow;1
2025-07-02T16:43:00+02:00;62560;50;5;0;unknown;0
2025-07-02T16:43:00+02:00;62565_D;50;2;0;unknown;0
2025-07-02T16:43:00+02:00;62565_G;35;2;38;freeFlow;1
2025-07-02T16:43:00+02:00;62831_D;33;1;60;heavy;1
2025-07-02T16:43:00+02:00;62831_G;50;1;0;unknown;0
2025-07-02T16:43:00+02:00;62832_D;26;2;60;heavy;1
2025-07-02T16:43:00+02:00;62832_G;50;1;0;unknown;0
2025-07-02T16:43:00+02:00;63045_D;22;7;60;freeFlow;1
2025-07-02T16:43:00+02:00;63045_G;14;11;57;heavy;1
2025-07-02T16:43:00+02:00;63053_D;31;7;60;heavy;1
2025-07-02T16:43:00+02:00;63053_G;18;12;60;heavy;1
2025-07-02T16:43:00+02:00;63899;69;25;100;freeFlow;5
2025-07-02T16:43:00+02:00;63934;19;3;55;heavy;1
2025-07-02T16:43:00+02:00;63935;42;10;75;freeFlow;2
2025-07-02T16:43:00+02:00;63936;29;18;75;heavy;2
2025-07-02T16:43:00+02:00;63939;14;43;95;congested;3
2025-07-02T16:43:00+02:00;63940;25;3;60;heavy;1
2025-07-02T16:43:00+02:00;63941;24;2;60;heavy;1
2025-07-02T16:43:00+02:00;63942;24;2;60;heavy;1
2025-07-02T16:43:00+02:00;63943;18;5;60;heavy;1
2025-07-02T16:43:00+02:00;63944;51;3;75;freeFlow;2
2025-07-02T16:43:00+02:00;63947;47;3;75;freeFlow;2
2025-07-02T16:43:00+02:00;63950;74;1;75;freeFlow;2
2025-07-02T16:43:00+02:00;63951;74;1;60;freeFlow;1
2025-07-02T16:43:00+02:00;63952;55;0;75;freeFlow;2
2025-07-02T16:43:00+02:00;63953;65;1;75;freeFlow;2
2025-07-02T16:43:00+02:00;63970;40;23;95;heavy;3
2025-07-02T16:43:00+02:00;63973;38;3;100;freeFlow;4
2025-07-02T16:43:00+02:00;64032;75;13;60;freeFlow;1
2025-07-02T16:43:00+02:00;64061_D;33;9;48;freeFlow;1
2025-07-02T16:43:00+02:00;64061_G;21;15;57;freeFlow;1
2025-07-02T16:43:00+02:00;64637_D;33;12;100;heavy;3
2025-07-02T16:43:00+02:00;64637_G;3;129;67;congested;2
2025-07-02T16:43:00+02:00;65310;50;6;0;unknown;0
2025-07-02T16:43:00+02:00;65313;50;6;0;unknown;0
2025-07-02T16:43:00+02:00;65682;92;13;60;freeFlow;1
2025-07-02T16:43:00+02:00;66421;16;5;55;heavy;1
2025-07-02T16:43:00+02:00;66442;50;4;0;unknown;0
2025-07-02T16:43:00+02:00;66782;9;40;70;congested;2
2025-07-02T16:43:00+02:00;67066;50;6;0;unknown;0
2025-07-02T16:43:00+02:00;67097_D;36;9;55;freeFlow;1
2025-07-02T16:43:00+02:00;67097_G;41;9;55;freeFlow;1
2025-07-02T16:43:00+02:00;69381_D;19;15;72;heavy;2
2025-07-02T16:43:00+02:00;69381_G;50;6;0;unknown;0
2025-07-02T16:43:00+02:00;72487_G;80;31;0;unknown;0
2025-07-02T16:43:00+02:00;72614;50;2;0;unknown;0
2025-07-02T16:43:00+02:00;72621;7;50;75;congested;2
2025-07-02T16:43:00+02:00;72624;38;9;60;freeFlow;1
2025-07-02T16:43:00+02:00;72628;25;1;60;heavy;1
2025-07-02T16:43:00+02:00;74283_D;20;37;60;heavy;1
2025-07-02T16:43:00+02:00;74283_G;28;28;40;heavy;1
2025-07-02T16:43:00+02:00;75387;30;2;75;heavy;2
2025-07-02T16:43:00+02:00;75631;21;15;100;heavy;3
2025-07-02T16:43:00+02:00;75818_D;74;2;60;freeFlow;1
2025-07-02T16:43:00+02:00;75818_G;107;1;60;freeFlow;1
2025-07-02T16:43:00+02:00;75820;85;23;100;freeFlow;9
2025-07-02T16:43:00+02:00;75824;98;5;48;freeFlow;1
2025-07-02T16:43:00+02:00;75825;76;6;100;freeFlow;14
2025-07-02T16:43:00+02:00;75828;50;15;100;freeFlow;3
2025-07-02T16:43:00+02:00;75829;22;31;75;heavy;2
2025-07-02T16:43:00+02:00;75832;50;3;100;freeFlow;6
2025-07-02T16:43:00+02:00;75833;67;3;100;freeFlow;11
2025-07-02T16:43:00+02:00;75835;67;2;100;freeFlow;10
2025-07-02T16:43:00+02:00;75836;94;10;100;freeFlow;4
2025-07-02T16:43:00+02:00;75837;74;6;100;freeFlow;6
2025-07-02T16:43:00+02:00;75838;71;4;100;freeFlow;10
2025-07-02T16:43:00+02:00;75839;30;6;73;heavy;2
2025-07-02T16:43:00+02:00;75840;47;4;73;freeFlow;2
2025-07-02T16:43:00+02:00;75845;61;2;100;freeFlow;5
2025-07-02T16:43:00+02:00;75846;61;5;100;freeFlow;5
2025-07-02T16:43:00+02:00;75847;47;13;75;heavy;2
2025-07-02T16:43:00+02:00;75848;18;12;60;heavy;1
2025-07-02T16:43:00+02:00;75849;74;3;100;freeFlow;3
2025-07-02T16:43:00+02:00;75850;29;6;75;heavy;2
2025-07-02T16:43:00+02:00;75851;16;11;60;heavy;1
2025-07-02T16:43:00+02:00;75853;57;1;100;freeFlow;4
2025-07-02T16:43:00+02:00;75854;56;4;100;freeFlow;4
2025-07-02T16:43:00+02:00;75856;31;4;100;heavy;7
2025-07-02T16:43:00+02:00;75897;50;19;100;heavy;3
2025-07-02T16:43:00+02:00;9128;52;53;100;heavy;17
2025-07-02T16:43:00+02:00;9130;67;11;100;freeFlow;10
2025-07-02T16:43:00+02:00;9131;86;8;100;freeFlow;5
2025-07-02T16:43:00+02:00;9132;82;26;100;freeFlow;15
2025-07-02T16:43:00+02:00;9146;55;7;100;heavy;13
2025-07-02T16:43:00+02:00;9178;55;21;100;heavy;3
2025-07-02T16:43:00+02:00;9179;25;70;100;congested;14
2025-07-02T16:43:00+02:00;9180;85;22;100;freeFlow;11
2025-07-02T16:43:00+02:00;9181;85;11;100;freeFlow;4
2025-07-02T16:43:00+02:00;9182;62;4;57;freeFlow;1
2025-07-02T16:43:00+02:00;9183;16;26;74;congested;2
2025-07-02T16:43:00+02:00;9184;57;11;75;heavy;2
2025-07-02T16:43:00+02:00;9245;78;92;100;freeFlow;7
2025-07-02T16:43:00+02:00;9246;96;124;100;freeFlow;11
2025-07-02T16:43:00+02:00;9380_D;43;42;48;heavy;1
2025-07-02T16:43:00+02:00;9380_G;48;38;52;heavy;1
2025-07-02T16:43:00+02:00;9389;30;3;48;heavy;1
2025-07-02T16:43:00+02:00;9390;40;3;50;heavy;1
2025-07-02T16:43:00+02:00;9391;46;2;50;heavy;1
2025-07-02T16:43:00+02:00;9392;30;3;48;heavy;1
2025-07-02T16:43:00+02:00;1677832;18;18;60;heavy;1
2025-07-02T16:43:00+02:00;1679085_D;25;4;100;heavy;3
2025-07-02T16:43:00+02:00;1679085_G;29;3;60;heavy;1
2025-07-02T16:43:00+02:00;1679794;26;2;60;heavy;1
2025-07-02T16:43:00+02:00;1679795_G;19;4;60;heavy;1
2025-07-02T16:43:00+02:00;1679796;26;2;60;heavy;1
2025-07-02T16:43:00+02:00;1679797_D;33;9;0;unknown;0
2025-07-02T16:43:00+02:00;1679797_G;50;6;0;unknown;0
2025-07-02T16:43:00+02:00;1679798;28;2;60;heavy;1
2025-07-02T16:43:00+02:00;1679800;7;12;100;congested;3
2025-07-02T16:43:00+02:00;1680335;20;14;75;heavy;2
2025-07-02T16:43:00+02:00;1680340;19;5;60;heavy;1
2025-07-02T16:43:00+02:00;213972_D;50;6;0;unknown;0
2025-07-02T16:43:00+02:00;213972_G;31;9;17;heavy;1
2025-07-02T16:43:00+02:00;213973_D;50;8;0;unknown;0
2025-07-02T16:43:00+02:00;213973_G;19;19;20;heavy;1
2025-07-02T16:43:00+02:00;213974_D;50;4;0;unknown;0
2025-07-02T16:43:00+02:00;213974_G;33;6;17;heavy;1
2025-07-02T16:43:00+02:00;26521;104;52;100;freeFlow;7
2025-07-02T16:43:00+02:00;26522;87;38;75;freeFlow;2
2025-07-02T16:43:00+02:00;31304_G;34;33;60;heavy;1
2025-07-02T16:43:00+02:00;31328;62;15;100;heavy;3
2025-07-02T16:43:00+02:00;31441;61;56;100;freeFlow;5
2025-07-02T16:43:00+02:00;31535;7;114;100;congested;5
2025-07-02T16:43:00+02:00;31552;80;9;100;freeFlow;6
2025-07-02T16:43:00+02:00;31555;61;14;100;freeFlow;3
2025-07-02T16:43:00+02:00;43014_D;22;9;60;heavy;1
2025-07-02T16:43:00+02:00;43014_G;14;14;75;congested;2
2025-07-02T16:43:00+02:00;43105_D;13;19;10;congested;1
2025-07-02T16:43:00+02:00;43105_G;14;18;42;congested;1
2025-07-02T16:43:00+02:00;43118_D;19;28;60;heavy;1
2025-07-02T16:43:00+02:00;43118_G;25;22;60;heavy;1
2025-07-02T16:43:00+02:00;43124_D;3;131;73;congested;2
2025-07-02T16:43:00+02:00;43124_G;23;17;60;freeFlow;1
2025-07-02T16:43:00+02:00;43125_D;10;26;75;heavy;2
2025-07-02T16:43:00+02:00;43125_G;17;15;60;heavy;1
2025-07-02T16:43:00+02:00;43126_D;7;70;75;congested;2
2025-07-02T16:43:00+02:00;43126_G;18;28;75;heavy;2
2025-07-02T16:43:00+02:00;43147_D;4;69;75;congested;2
2025-07-02T16:43:00+02:00;43147_G;23;12;60;freeFlow;1
2025-07-02T16:43:00+02:00;43336_D;40;7;32;freeFlow;1
2025-07-02T16:43:00+02:00;43336_G;35;8;60;heavy;1
2025-07-02T16:43:00+02:00;43337_D;13;33;30;congested;2
2025-07-02T16:43:00+02:00;43337_G;31;14;57;heavy;2
2025-07-02T16:43:00+02:00;43338_D;45;4;30;freeFlow;1
2025-07-02T16:43:00+02:00;43338_G;39;5;60;freeFlow;1
2025-07-02T16:43:00+02:00;43339_D;41;6;32;freeFlow;1
2025-07-02T16:43:00+02:00;43339_G;39;6;60;freeFlow;1
2025-07-02T16:43:00+02:00;43340_D;41;1;32;freeFlow;1
2025-07-02T16:43:00+02:00;43340_G;39;1;60;freeFlow;1
2025-07-02T16:43:00+02:00;43341_D;41;4;32;freeFlow;1
2025-07-02T16:43:00+02:00;43341_G;39;5;60;freeFlow;1
2025-07-02T16:43:00+02:00;43342_D;41;2;32;freeFlow;1
2025-07-02T16:43:00+02:00;43342_G;39;3;60;freeFlow;1
2025-07-02T16:43:00+02:00;43343_D;44;8;32;freeFlow;1
2025-07-02T16:43:00+02:00;43343_G;39;9;60;freeFlow;1
2025-07-02T16:43:00+02:00;43345_D;30;10;0;unknown;0
2025-07-02T16:43:00+02:00;43345_G;9;32;74;heavy;2
2025-07-02T16:43:00+02:00;43347_D;30;5;0;unknown;0
2025-07-02T16:43:00+02:00;43347_G;39;4;60;freeFlow;1
2025-07-02T16:43:00+02:00;43352_D;54;9;38;freeFlow;1
2025-07-02T16:43:00+02:00;43353_D;54;5;38;freeFlow;1
2025-07-02T16:43:00+02:00;43353_G;38;8;60;freeFlow;1
2025-07-02T16:43:00+02:00;43377_D;36;13;35;freeFlow;1
2025-07-02T16:43:00+02:00;43377_G;37;13;60;freeFlow;1
2025-07-02T16:43:00+02:00;43379_D;30;7;0;unknown;0
2025-07-02T16:43:00+02:00;43379_G;32;7;63;freeFlow;2
2025-07-02T16:43:00+02:00;43413_D;12;15;60;heavy;1
2025-07-02T16:43:00+02:00;43413_G;9;20;73;congested;2
2025-07-02T16:43:00+02:00;43474_D;25;5;60;heavy;1
2025-07-02T16:43:00+02:00;43474_G;18;8;75;heavy;2
2025-07-02T16:43:00+02:00;43615_D;23;3;75;freeFlow;2
2025-07-02T16:43:00+02:00;43615_G;17;4;75;heavy;2
2025-07-02T16:43:00+02:00;43743_D;50;25;0;unknown;0
2025-07-02T16:43:00+02:00;43746;13;16;60;heavy;1
2025-07-02T16:43:00+02:00;43747;24;17;60;freeFlow;1
2025-07-02T16:43:00+02:00;43751;34;17;75;freeFlow;2
2025-07-02T16:43:00+02:00;43774_D;23;8;60;heavy;1
2025-07-02T16:43:00+02:00;43774_G;18;11;71;heavy;2
2025-07-02T16:43:00+02:00;43775_D;33;12;60;heavy;1
2025-07-02T16:43:00+02:00;43775_G;30;13;40;heavy;1
2025-07-02T16:43:00+02:00;43826_D;36;8;60;freeFlow;1
2025-07-02T16:43:00+02:00;43826_G;57;5;50;freeFlow;1
2025-07-02T16:43:00+02:00;43971;37;18;48;freeFlow;1
2025-07-02T16:43:00+02:00;43973;32;8;50;heavy;1
2025-07-02T16:43:00+02:00;44003_G;72;6;100;freeFlow;4
2025-07-02T16:43:00+02:00;44004_D;18;60;100;heavy;3
2025-07-02T16:43:00+02:00;44004_G;69;16;100;freeFlow;3
2025-07-02T16:43:00+02:00;44017_G;17;9;60;heavy;1
2025-07-02T16:43:00+02:00;44018_G;49;12;75;freeFlow;2
2025-07-02T16:43:00+02:00;44037_D;24;7;74;heavy;2
2025-07-02T16:43:00+02:00;44037_G;25;7;60;heavy;1
2025-07-02T16:43:00+02:00;44851_D;34;16;75;heavy;2
2025-07-02T16:43:00+02:00;44851_G;45;12;20;freeFlow;1
2025-07-02T16:43:00+02:00;44852_D;30;16;75;heavy;2
2025-07-02T16:43:00+02:00;44852_G;49;10;20;freeFlow;1
2025-07-02T16:43:00+02:00;44854_D;36;2;75;freeFlow;2
2025-07-02T16:43:00+02:00;44854_G;50;1;20;freeFlow;1
2025-07-02T16:43:00+02:00;44855_D;15;24;75;heavy;2
2025-07-02T16:43:00+02:00;44855_G;38;9;20;freeFlow;1
2025-07-02T16:43:00+02:00;44879;68;20;100;freeFlow;4
2025-07-02T16:43:00+02:00;44897_D;22;10;75;heavy;2
2025-07-02T16:43:00+02:00;44897_G;48;5;20;freeFlow;1
2025-07-02T16:43:00+02:00;44901;103;15;75;freeFlow;2
2025-07-02T16:43:00+02:00;44939;40;103;100;heavy;6
2025-07-02T16:43:00+02:00;45135_D;38;2;45;freeFlow;1
2025-07-02T16:43:00+02:00;45135_G;20;3;60;heavy;1
2025-07-02T16:43:00+02:00;45136_G;20;40;60;heavy;1
2025-07-02T16:43:00+02:00;45137_D;24;3;48;heavy;1
2025-07-02T16:43:00+02:00;45137_G;20;3;60;heavy;1
2025-07-02T16:43:00+02:00;45146;16;25;50;heavy;1
2025-07-02T16:43:00+02:00;45147_D;26;2;60;heavy;1
2025-07-02T16:43:00+02:00;45147_G;19;2;75;heavy;2
2025-07-02T16:43:00+02:00;45153;7;58;45;congested;1
2025-07-02T16:43:00+02:00;45155;33;24;40;heavy;1
2025-07-02T16:43:00+02:00;45213;15;31;48;congested;1
2025-07-02T16:43:00+02:00;45214;25;10;96;heavy;3
2025-07-02T16:43:00+02:00;45232;27;61;40;heavy;1
2025-07-02T16:43:00+02:00;45233;33;4;60;heavy;1
2025-07-02T16:43:00+02:00;45236_D;59;11;58;freeFlow;1
2025-07-02T16:43:00+02:00;45242;25;47;100;congested;4
2025-07-02T16:43:00+02:00;45246;73;35;100;freeFlow;4
2025-07-02T16:43:00+02:00;45247;75;13;60;freeFlow;1
2025-07-02T16:43:00+02:00;47742_G;28;8;60;heavy;1
2025-07-02T16:43:00+02:00;47744;35;57;42;freeFlow;1
2025-07-02T16:43:00+02:00;48725;33;2;60;heavy;1
2025-07-02T16:43:00+02:00;48736;37;2;60;freeFlow;1
2025-07-02T16:43:00+02:00;48738;52;1;60;freeFlow;1
2025-07-02T16:43:00+02:00;48746;55;7;60;freeFlow;1
2025-07-02T16:43:00+02:00;48751;22;3;75;heavy;2
2025-07-02T16:43:00+02:00;48752;19;4;20;heavy;1
2025-07-02T16:43:00+02:00;48753;22;4;75;heavy;2
2025-07-02T16:43:00+02:00;48754;22;3;75;heavy;2
2025-07-02T16:43:00+02:00;48764;31;2;48;heavy;1
2025-07-02T16:43:00+02:00;48765;37;6;50;freeFlow;1
2025-07-02T16:43:00+02:00;48796;60;8;27;freeFlow;1
2025-07-02T16:43:00+02:00;48915_D;50;2;0;unknown;0
2025-07-02T16:43:00+02:00;48915_G;28;4;40;heavy;1
2025-07-02T16:43:00+02:00;48916;4;45;75;congested;2
2025-07-02T16:43:00+02:00;48953_D;41;28;50;freeFlow;1
2025-07-02T16:43:00+02:00;48953_G;30;38;58;heavy;1
2025-07-02T16:43:00+02:00;48993_D;50;7;0;unknown;0
2025-07-02T16:43:00+02:00;48993_G;15;24;64;congested;2
2025-07-02T16:43:00+02:00;49042_D;18;3;75;heavy;2
2025-07-02T16:43:00+02:00;49042_G;50;1;20;freeFlow;1
2025-07-02T16:43:00+02:00;50035_D;23;4;60;heavy;1
2025-07-02T16:43:00+02:00;50035_G;24;3;75;heavy;2
2025-07-02T16:43:00+02:00;50087;17;16;75;heavy;2
2025-07-02T16:43:00+02:00;50107_D;50;11;0;unknown;0
2025-07-02T16:43:00+02:00;50107_G;38;14;40;freeFlow;1
2025-07-02T16:43:00+02:00;52835_G;19;8;75;heavy;2
2025-07-02T16:43:00+02:00;52850_D;9;15;60;congested;1
2025-07-02T16:43:00+02:00;52850_G;11;14;75;congested;2
2025-07-02T16:43:00+02:00;52878;18;8;75;heavy;2
2025-07-02T16:43:00+02:00;53020_G;29;3;60;heavy;1
2025-07-02T16:43:00+02:00;53130_D;50;5;0;unknown;0
2025-07-02T16:43:00+02:00;53130_G;37;7;40;freeFlow;1
2025-07-02T16:43:00+02:00;53375_D;30;3;0;unknown;0
2025-07-02T16:43:00+02:00;53375_G;32;3;60;freeFlow;1
2025-07-02T16:43:00+02:00;53427;60;72;100;heavy;14
2025-07-02T16:43:00+02:00;53988;45;5;75;freeFlow;2
2025-07-02T16:43:00+02:00;53989;42;2;60;freeFlow;1
2025-07-02T16:43:00+02:00;53992_D;30;13;60;heavy;1
2025-07-02T16:43:00+02:00;53992_G;31;13;57;heavy;1
2025-07-02T16:43:00+02:00;53995;31;2;57;heavy;1
2025-07-02T16:43:00+02:00;53997;30;2;60;heavy;1
2025-07-02T16:43:00+02:00;53999;30;2;60;heavy;1
2025-07-02T16:43:00+02:00;54130;40;39;60;freeFlow;1
2025-07-02T16:43:00+02:00;54136;53;3;60;freeFlow;1
2025-07-02T16:43:00+02:00;54219;42;13;50;freeFlow;1
2025-07-02T16:43:00+02:00;54222;40;15;50;freeFlow;1
2025-07-02T16:43:00+02:00;54235;24;20;100;heavy;3
2025-07-02T16:43:00+02:00;54300;48;8;50;freeFlow;1
2025-07-02T16:43:00+02:00;54304_D;38;5;45;freeFlow;1
2025-07-02T16:43:00+02:00;54304_G;18;11;60;heavy;1
2025-07-02T16:43:00+02:00;54309;43;21;50;freeFlow;1
2025-07-02T16:43:00+02:00;54345;33;4;50;heavy;1
2025-07-02T16:43:00+02:00;54352;34;10;52;heavy;1
2025-07-02T16:43:00+02:00;54353;107;1;25;freeFlow;1
2025-07-02T16:43:00+02:00;54356;34;25;71;heavy;2
2025-07-02T16:43:00+02:00;54357;41;6;60;freeFlow;1
2025-07-02T16:43:00+02:00;54370;50;4;0;unknown;0
2025-07-02T16:43:00+02:00;54373;77;2;75;freeFlow;2
2025-07-02T16:43:00+02:00;54374;53;4;100;freeFlow;3
2025-07-02T16:43:00+02:00;54377;102;11;100;freeFlow;3
2025-07-02T16:43:00+02:00;54396;17;14;60;heavy;1
2025-07-02T16:43:00+02:00;54397;12;48;60;congested;1
2025-07-02T16:43:00+02:00;54468;9;14;97;congested;3
2025-07-02T16:43:00+02:00;54470;39;7;60;freeFlow;1
2025-07-02T16:43:00+02:00;56022;15;9;75;congested;2
2025-07-02T16:43:00+02:00;56598;30;2;60;heavy;1
2025-07-02T16:43:00+02:00;56676_D;12;18;100;congested;4
2025-07-02T16:43:00+02:00;56868;5;38;50;congested;1
2025-07-02T16:43:00+02:00;56869;55;3;52;freeFlow;1
2025-07-02T16:43:00+02:00;56894;9;22;45;congested;1
2025-07-02T16:43:00+02:00;56895;38;31;42;freeFlow;1
2025-07-02T16:43:00+02:00;56896;49;3;50;freeFlow;1
2025-07-02T16:43:00+02:00;56901;33;66;100;heavy;7
2025-07-02T16:43:00+02:00;60284;35;34;52;freeFlow;1
2025-07-02T16:43:00+02:00;63409_D;50;2;0;unknown;0
2025-07-02T16:43:00+02:00;63409_G;20;6;64;heavy;2
2025-07-02T16:43:00+02:00;66896;35;9;50;freeFlow;1
2025-07-02T16:43:00+02:00;69440;32;7;60;heavy;1
2025-07-02T16:43:00+02:00;69442;32;13;60;heavy;1
2025-07-02T16:43:00+02:00;75868;81;9;100;freeFlow;8
2025-07-02T16:43:00+02:00;75908;43;24;55;freeFlow;1
2025-07-02T16:43:00+02:00;75909;21;49;48;heavy;1
2025-07-02T16:43:00+02:00;44943;47;13;100;freeFlow;3
2025-07-02T16:43:00+02:00;47063;84;7;75;freeFlow;2
2025-07-02T16:43:00+02:00;71455_G;50;3;0;unknown;0
2025-07-02T16:43:00+02:00;75831;45;21;75;freeFlow;2