datetime;predefinedLocationReference;averageVehicleSpeed;travelTime;travelTimeReliability;trafficStatus;vehicleProbeMeasurement
2025-07-02T11:04:00+02:00;10273_D;68;11;60;freeFlow;1
2025-07-02T11:04:00+02:00;10273_G;82;9;75;freeFlow;2
2025-07-02T11:04:00+02:00;10274_D;68;10;60;freeFlow;1
2025-07-02T11:04:00+02:00;10274_G;77;8;75;freeFlow;2
2025-07-02T11:04:00+02:00;10275_D;68;15;60;freeFlow;1
2025-07-02T11:04:00+02:00;10275_G;60;17;75;freeFlow;2
2025-07-02T11:04:00+02:00;10277_D;71;22;60;freeFlow;1
2025-07-02T11:04:00+02:00;10277_G;66;23;75;freeFlow;2
2025-07-02T11:04:00+02:00;10279_D;63;16;60;freeFlow;1
2025-07-02T11:04:00+02:00;10279_G;34;29;100;heavy;3
2025-07-02T11:04:00+02:00;10281_D;69;20;60;freeFlow;1
2025-07-02T11:04:00+02:00;10281_G;45;31;100;heavy;3
2025-07-02T11:04:00+02:00;10315_D;69;8;60;freeFlow;1
2025-07-02T11:04:00+02:00;10315_G;83;7;75;freeFlow;2
2025-07-02T11:04:00+02:00;11579_D;39;7;55;heavy;1
2025-07-02T11:04:00+02:00;11579_G;80;3;60;freeFlow;1
2025-07-02T11:04:00+02:00;11652;73;19;50;freeFlow;1
2025-07-02T11:04:00+02:00;11654;58;2;99;freeFlow;3
2025-07-02T11:04:00+02:00;11777_D;24;3;35;heavy;1
2025-07-02T11:04:00+02:00;11777_G;43;1;100;heavy;4
2025-07-02T11:04:00+02:00;11781_D;45;2;60;freeFlow;1
2025-07-02T11:04:00+02:00;11781_G;45;2;60;freeFlow;1
2025-07-02T11:04:00+02:00;11784_D;43;1;52;freeFlow;1
2025-07-02T11:04:00+02:00;11784_G;45;1;60;freeFlow;1
2025-07-02T11:04:00+02:00;11785_D;43;1;52;freeFlow;1
2025-07-02T11:04:00+02:00;11785_G;44;1;60;freeFlow;1
2025-07-02T11:04:00+02:00;12060_D;68;11;60;freeFlow;1
2025-07-02T11:04:00+02:00;12060_G;79;9;75;freeFlow;2
2025-07-02T11:04:00+02:00;1242_D;56;2;60;freeFlow;1
2025-07-02T11:04:00+02:00;1242_G;34;4;60;heavy;1
2025-07-02T11:04:00+02:00;1285_D;43;1;75;heavy;2
2025-07-02T11:04:00+02:00;1285_G;56;1;60;freeFlow;1
2025-07-02T11:04:00+02:00;13514;58;4;60;freeFlow;1
2025-07-02T11:04:00+02:00;13515;58;2;60;freeFlow;1
2025-07-02T11:04:00+02:00;13516;80;1;0;unknown;0
2025-07-02T11:04:00+02:00;13549_D;54;7;75;heavy;2
2025-07-02T11:04:00+02:00;13549_G;73;5;60;freeFlow;1
2025-07-02T11:04:00+02:00;13557_D;51;7;75;heavy;2
2025-07-02T11:04:00+02:00;13557_G;66;6;60;freeFlow;1
2025-07-02T11:04:00+02:00;14364;104;20;100;freeFlow;3
2025-07-02T11:04:00+02:00;14365;107;19;100;freeFlow;4
2025-07-02T11:04:00+02:00;15029_D;58;42;59;freeFlow;1
2025-07-02T11:04:00+02:00;15029_G;51;48;100;heavy;3
2025-07-02T11:04:00+02:00;15062;27;5;96;heavy;4
2025-07-02T11:04:00+02:00;15063;54;3;57;heavy;1
2025-07-02T11:04:00+02:00;15064;47;3;73;heavy;2
2025-07-02T11:04:00+02:00;15065;32;6;100;heavy;3
2025-07-02T11:04:00+02:00;15066;33;4;75;heavy;2
2025-07-02T11:04:00+02:00;15067_D;67;63;60;freeFlow;1
2025-07-02T11:04:00+02:00;15067_G;51;83;46;heavy;3
2025-07-02T11:04:00+02:00;15104_D;58;68;67;freeFlow;2
2025-07-02T11:04:00+02:00;15104_G;40;99;16;heavy;1
2025-07-02T11:04:00+02:00;15111;107;3;100;freeFlow;4
2025-07-02T11:04:00+02:00;15113;54;3;75;heavy;2
2025-07-02T11:04:00+02:00;15114;51;3;75;heavy;2
2025-07-02T11:04:00+02:00;15117;50;3;75;heavy;2
2025-07-02T11:04:00+02:00;15118;50;2;75;heavy;2
2025-07-02T11:04:00+02:00;15119;50;4;75;heavy;2
2025-07-02T11:04:00+02:00;15120;28;7;75;heavy;2
2025-07-02T11:04:00+02:00;15121;26;4;75;heavy;2
2025-07-02T11:04:00+02:00;15122;9;19;60;congested;1
2025-07-02T11:04:00+02:00;15124_D;50;17;75;heavy;2
2025-07-02T11:04:00+02:00;15124_G;11;76;15;congested;1
2025-07-02T11:04:00+02:00;15549_D;35;1;60;heavy;1
2025-07-02T11:04:00+02:00;15549_G;24;1;22;heavy;1
2025-07-02T11:04:00+02:00;15550;47;1;60;heavy;1
2025-07-02T11:04:00+02:00;15551;15;766;100;congested;11
2025-07-02T11:04:00+02:00;1601768;29;14;75;heavy;2
2025-07-02T11:04:00+02:00;1601771;38;7;75;freeFlow;2
2025-07-02T11:04:00+02:00;1601787;27;3;96;heavy;3
2025-07-02T11:04:00+02:00;1601792;34;2;75;freeFlow;2
2025-07-02T11:04:00+02:00;1601794_D;34;4;75;freeFlow;2
2025-07-02T11:04:00+02:00;1601794_G;36;3;75;freeFlow;2
2025-07-02T11:04:00+02:00;1601795;36;13;75;freeFlow;2
2025-07-02T11:04:00+02:00;1601797;36;14;75;freeFlow;2
2025-07-02T11:04:00+02:00;1601798;31;4;98;heavy;3
2025-07-02T11:04:00+02:00;1601799;31;2;75;freeFlow;2
2025-07-02T11:04:00+02:00;1601807;33;4;97;heavy;3
2025-07-02T11:04:00+02:00;1601808;36;27;72;freeFlow;2
2025-07-02T11:04:00+02:00;1601810;37;26;75;freeFlow;2
2025-07-02T11:04:00+02:00;1601812;63;3;55;freeFlow;1
2025-07-02T11:04:00+02:00;1601813_D;72;18;57;freeFlow;1
2025-07-02T11:04:00+02:00;1601813_G;67;19;60;freeFlow;1
2025-07-02T11:04:00+02:00;1601814;69;3;60;freeFlow;1
2025-07-02T11:04:00+02:00;1601815;49;3;75;freeFlow;2
2025-07-02T11:04:00+02:00;1601819;29;2;75;heavy;2
2025-07-02T11:04:00+02:00;1601824;63;2;55;freeFlow;1
2025-07-02T11:04:00+02:00;1601898;76;20;45;freeFlow;1
2025-07-02T11:04:00+02:00;1601931_D;19;14;60;heavy;1
2025-07-02T11:04:00+02:00;1601931_G;50;5;0;unknown;0
2025-07-02T11:04:00+02:00;1602158_D;26;1;100;heavy;3
2025-07-02T11:04:00+02:00;1602158_G;50;1;0;unknown;0
2025-07-02T11:04:00+02:00;1602398;34;1;50;heavy;1
2025-07-02T11:04:00+02:00;1626;48;51;100;heavy;5
2025-07-02T11:04:00+02:00;1627;38;5;100;freeFlow;5
2025-07-02T11:04:00+02:00;1628;28;4;75;heavy;2
2025-07-02T11:04:00+02:00;1629;29;4;100;heavy;5
2025-07-02T11:04:00+02:00;1630;35;3;100;freeFlow;4
2025-07-02T11:04:00+02:00;1631;106;1;57;freeFlow;1
2025-07-02T11:04:00+02:00;1632;59;32;100;heavy;4
2025-07-02T11:04:00+02:00;1633;85;9;60;freeFlow;1
2025-07-02T11:04:00+02:00;1639;43;7;100;heavy;5
2025-07-02T11:04:00+02:00;16647_D;63;72;75;freeFlow;2
2025-07-02T11:04:00+02:00;16647_G;70;65;64;freeFlow;2
2025-07-02T11:04:00+02:00;16648_D;46;16;75;heavy;2
2025-07-02T11:04:00+02:00;16648_G;89;8;63;freeFlow;2
2025-07-02T11:04:00+02:00;16695_D;79;36;60;freeFlow;1
2025-07-02T11:04:00+02:00;16695_G;56;51;68;freeFlow;2
2025-07-02T11:04:00+02:00;16701;13;8;20;congested;1
2025-07-02T11:04:00+02:00;16702;37;3;57;freeFlow;1
2025-07-02T11:04:00+02:00;16707_D;38;1;57;freeFlow;1
2025-07-02T11:04:00+02:00;16707_G;50;1;0;unknown;0
2025-07-02T11:04:00+02:00;16744;36;4;75;heavy;2
2025-07-02T11:04:00+02:00;16745;36;3;99;heavy;3
2025-07-02T11:04:00+02:00;16746;44;3;65;heavy;2
2025-07-02T11:04:00+02:00;16747;52;3;75;heavy;2
2025-07-02T11:04:00+02:00;16748;44;3;75;heavy;2
2025-07-02T11:04:00+02:00;16749;36;4;75;heavy;2
2025-07-02T11:04:00+02:00;16752_D;45;9;57;heavy;1
2025-07-02T11:04:00+02:00;16752_G;95;4;15;freeFlow;1
2025-07-02T11:04:00+02:00;1675_D;30;9;60;freeFlow;1
2025-07-02T11:04:00+02:00;1675_G;106;2;57;freeFlow;1
2025-07-02T11:04:00+02:00;1676;69;7;100;freeFlow;5
2025-07-02T11:04:00+02:00;16761;38;2;57;freeFlow;1
2025-07-02T11:04:00+02:00;16762;16;6;57;heavy;1
2025-07-02T11:04:00+02:00;1677;51;10;100;heavy;3
2025-07-02T11:04:00+02:00;1677109;18;89;75;congested;2
2025-07-02T11:04:00+02:00;1677110;35;2;38;heavy;1
2025-07-02T11:04:00+02:00;1677175_D;40;35;60;freeFlow;1
2025-07-02T11:04:00+02:00;1677175_G;20;72;100;heavy;3
2025-07-02T11:04:00+02:00;1677180_D;40;1;75;freeFlow;2
2025-07-02T11:04:00+02:00;1677180_G;31;2;60;freeFlow;1
2025-07-02T11:04:00+02:00;1677184_D;34;21;75;freeFlow;2
2025-07-02T11:04:00+02:00;1677184_G;18;38;75;heavy;2
2025-07-02T11:04:00+02:00;1677551_D;31;2;22;freeFlow;1
2025-07-02T11:04:00+02:00;1677551_G;8;6;57;congested;1
2025-07-02T11:04:00+02:00;1677568_D;37;39;45;freeFlow;1
2025-07-02T11:04:00+02:00;1677568_G;32;46;52;heavy;1
2025-07-02T11:04:00+02:00;1677569;43;2;45;freeFlow;1
2025-07-02T11:04:00+02:00;1677687;37;1;45;freeFlow;1
2025-07-02T11:04:00+02:00;1677691;37;1;45;freeFlow;1
2025-07-02T11:04:00+02:00;1677693;22;4;50;heavy;1
2025-07-02T11:04:00+02:00;1677695_D;37;18;45;freeFlow;1
2025-07-02T11:04:00+02:00;1677695_G;24;27;50;heavy;1
2025-07-02T11:04:00+02:00;1677709_D;37;5;45;freeFlow;1
2025-07-02T11:04:00+02:00;1677709_G;29;6;50;heavy;1
2025-07-02T11:04:00+02:00;1677716_D;37;4;45;freeFlow;1
2025-07-02T11:04:00+02:00;1677716_G;30;5;48;heavy;1
2025-07-02T11:04:00+02:00;1677730_D;33;33;45;heavy;1
2025-07-02T11:04:00+02:00;1677730_G;12;87;57;congested;1
2025-07-02T11:04:00+02:00;1677735_D;35;1;45;heavy;1
2025-07-02T11:04:00+02:00;1677735_G;23;2;48;heavy;1
2025-07-02T11:04:00+02:00;1677745_D;35;2;40;freeFlow;1
2025-07-02T11:04:00+02:00;1677745_G;47;1;52;freeFlow;1
2025-07-02T11:04:00+02:00;1677785_D;37;7;45;freeFlow;1
2025-07-02T11:04:00+02:00;1677785_G;47;6;52;freeFlow;1
2025-07-02T11:04:00+02:00;1677801_D;35;9;40;freeFlow;1
2025-07-02T11:04:00+02:00;1677801_G;47;6;52;freeFlow;1
2025-07-02T11:04:00+02:00;1677808_D;38;17;40;freeFlow;1
2025-07-02T11:04:00+02:00;1677808_G;52;13;52;freeFlow;1
2025-07-02T11:04:00+02:00;16783;15;7;38;congested;1
2025-07-02T11:04:00+02:00;16784;50;2;0;unknown;0
2025-07-02T11:04:00+02:00;16785;35;2;60;heavy;1
2025-07-02T11:04:00+02:00;1678542;92;23;98;freeFlow;3
2025-07-02T11:04:00+02:00;1678698_D;43;18;60;freeFlow;1
2025-07-02T11:04:00+02:00;1678698_G;41;19;60;freeFlow;1
2025-07-02T11:04:00+02:00;1678750;24;4;65;heavy;2
2025-07-02T11:04:00+02:00;1678763_D;35;5;38;heavy;1
2025-07-02T11:04:00+02:00;1678763_G;50;4;0;unknown;0
2025-07-02T11:04:00+02:00;1679092_D;36;6;42;freeFlow;1
2025-07-02T11:04:00+02:00;1679092_G;35;6;50;freeFlow;1
2025-07-02T11:04:00+02:00;1679681;64;13;57;freeFlow;2
2025-07-02T11:04:00+02:00;1679779;12;27;60;congested;1
2025-07-02T11:04:00+02:00;1679795_D;33;2;42;heavy;1
2025-07-02T11:04:00+02:00;1679822;19;4;100;heavy;4
2025-07-02T11:04:00+02:00;1679825;33;2;75;heavy;2
2025-07-02T11:04:00+02:00;1679841;13;77;100;congested;5
2025-07-02T11:04:00+02:00;1679843;32;1;75;heavy;2
2025-07-02T11:04:00+02:00;1679845;18;2;100;heavy;4
2025-07-02T11:04:00+02:00;1679847;36;2;75;freeFlow;2
2025-07-02T11:04:00+02:00;1679859_D;59;8;22;freeFlow;1
2025-07-02T11:04:00+02:00;1679859_G;29;16;73;freeFlow;2
2025-07-02T11:04:00+02:00;1680014;101;5;100;freeFlow;3
2025-07-02T11:04:00+02:00;1680016;93;13;100;freeFlow;6
2025-07-02T11:04:00+02:00;1680022;93;5;100;freeFlow;6
2025-07-02T11:04:00+02:00;1680024;102;8;100;freeFlow;3
2025-07-02T11:04:00+02:00;1680116;39;4;75;heavy;2
2025-07-02T11:04:00+02:00;1680119;66;3;57;freeFlow;1
2025-07-02T11:04:00+02:00;1680121;35;4;100;heavy;3
2025-07-02T11:04:00+02:00;1680122_D;65;29;89;freeFlow;3
2025-07-02T11:04:00+02:00;1680122_G;44;42;75;heavy;2
2025-07-02T11:04:00+02:00;1680123;41;4;75;heavy;2
2025-07-02T11:04:00+02:00;1680337;17;13;89;heavy;3
2025-07-02T11:04:00+02:00;1680401_D;66;18;60;freeFlow;1
2025-07-02T11:04:00+02:00;1680401_G;70;18;0;unknown;0
2025-07-02T11:04:00+02:00;1680514_D;38;11;75;freeFlow;2
2025-07-02T11:04:00+02:00;1680514_G;25;18;27;heavy;1
2025-07-02T11:04:00+02:00;1680539;28;2;50;heavy;1
2025-07-02T11:04:00+02:00;1680541_D;28;14;0;unknown;0
2025-07-02T11:04:00+02:00;1680541_G;30;14;0;unknown;0
2025-07-02T11:04:00+02:00;1680549_D;50;12;0;unknown;0
2025-07-02T11:04:00+02:00;1680549_G;26;24;10;heavy;1
2025-07-02T11:04:00+02:00;1680551_D;30;1;0;unknown;0
2025-07-02T11:04:00+02:00;1680551_G;28;2;0;unknown;0
2025-07-02T11:04:00+02:00;1680557_D;28;1;0;unknown;0
2025-07-02T11:04:00+02:00;1680557_G;36;1;25;freeFlow;1
2025-07-02T11:04:00+02:00;1680561_D;35;1;75;heavy;2
2025-07-02T11:04:00+02:00;1680561_G;25;1;27;heavy;1
2025-07-02T11:04:00+02:00;1680567;25;3;27;heavy;1
2025-07-02T11:04:00+02:00;1680569;20;7;25;heavy;1
2025-07-02T11:04:00+02:00;1680573;30;2;75;heavy;2
2025-07-02T11:04:00+02:00;1680574;30;4;75;heavy;2
2025-07-02T11:04:00+02:00;1680575;35;9;75;heavy;2
2025-07-02T11:04:00+02:00;1680576;30;3;75;heavy;2
2025-07-02T11:04:00+02:00;16821_D;66;100;100;freeFlow;4
2025-07-02T11:04:00+02:00;16821_G;89;74;61;freeFlow;2
2025-07-02T11:04:00+02:00;16830_D;35;24;38;heavy;1
2025-07-02T11:04:00+02:00;16830_G;50;16;0;unknown;0
2025-07-02T11:04:00+02:00;16831_D;35;3;38;heavy;1
2025-07-02T11:04:00+02:00;16831_G;50;2;0;unknown;0
2025-07-02T11:04:00+02:00;16832;35;5;38;heavy;1
2025-07-02T11:04:00+02:00;16834;70;10;0;unknown;0
2025-07-02T11:04:00+02:00;16850_D;35;2;38;heavy;1
2025-07-02T11:04:00+02:00;16850_G;19;3;22;heavy;1
2025-07-02T11:04:00+02:00;16851_D;35;4;38;heavy;1
2025-07-02T11:04:00+02:00;16851_G;50;2;0;unknown;0
2025-07-02T11:04:00+02:00;16852_D;35;7;38;heavy;1
2025-07-02T11:04:00+02:00;16852_G;50;5;0;unknown;0
2025-07-02T11:04:00+02:00;16853_D;35;10;38;heavy;1
2025-07-02T11:04:00+02:00;16853_G;50;7;0;unknown;0
2025-07-02T11:04:00+02:00;16854_D;35;6;38;heavy;1
2025-07-02T11:04:00+02:00;16854_G;50;4;0;unknown;0
2025-07-02T11:04:00+02:00;16855_D;35;6;38;heavy;1
2025-07-02T11:04:00+02:00;16855_G;50;4;0;unknown;0
2025-07-02T11:04:00+02:00;16856_D;35;10;38;heavy;1
2025-07-02T11:04:00+02:00;16856_G;50;7;0;unknown;0
2025-07-02T11:04:00+02:00;16858_D;35;43;38;heavy;1
2025-07-02T11:04:00+02:00;16858_G;50;30;0;unknown;0
2025-07-02T11:04:00+02:00;16859_D;35;4;38;heavy;1
2025-07-02T11:04:00+02:00;16859_G;50;3;0;unknown;0
2025-07-02T11:04:00+02:00;16860_D;35;10;38;heavy;1
2025-07-02T11:04:00+02:00;16860_G;50;7;0;unknown;0
2025-07-02T11:04:00+02:00;1690_D;50;6;0;unknown;0
2025-07-02T11:04:00+02:00;1690_G;106;3;57;freeFlow;1
2025-07-02T11:04:00+02:00;16910_D;35;8;53;heavy;2
2025-07-02T11:04:00+02:00;16910_G;44;7;22;freeFlow;1
2025-07-02T11:04:00+02:00;16967;17;32;60;congested;1
2025-07-02T11:04:00+02:00;16969;15;3;60;congested;1
2025-07-02T11:04:00+02:00;16986;34;19;60;heavy;1
2025-07-02T11:04:00+02:00;16988;34;21;60;heavy;1
2025-07-02T11:04:00+02:00;16989;34;14;60;heavy;1
2025-07-02T11:04:00+02:00;16990;63;7;60;freeFlow;1
2025-07-02T11:04:00+02:00;16992;63;22;60;freeFlow;1
2025-07-02T11:04:00+02:00;16994;50;22;60;freeFlow;1
2025-07-02T11:04:00+02:00;17;35;6;98;heavy;4
2025-07-02T11:04:00+02:00;1721;102;1;73;freeFlow;2
2025-07-02T11:04:00+02:00;1722;36;4;60;freeFlow;1
2025-07-02T11:04:00+02:00;1723;31;5;60;heavy;1
2025-07-02T11:04:00+02:00;1724_D;80;7;0;unknown;0
2025-07-02T11:04:00+02:00;1724_G;106;5;57;freeFlow;1
2025-07-02T11:04:00+02:00;1732_D;74;1;60;freeFlow;1
2025-07-02T11:04:00+02:00;1732_G;14;6;60;congested;1
2025-07-02T11:04:00+02:00;1733_D;74;1;74;freeFlow;2
2025-07-02T11:04:00+02:00;1733_G;24;2;60;heavy;1
2025-07-02T11:04:00+02:00;1734_D;106;3;57;freeFlow;1
2025-07-02T11:04:00+02:00;1734_G;17;22;60;heavy;1
2025-07-02T11:04:00+02:00;18337;36;3;60;freeFlow;1
2025-07-02T11:04:00+02:00;18391_D;67;4;60;freeFlow;1
2025-07-02T11:04:00+02:00;18391_G;59;4;75;freeFlow;2
2025-07-02T11:04:00+02:00;1853;84;28;100;freeFlow;11
2025-07-02T11:04:00+02:00;1855;93;5;100;freeFlow;5
2025-07-02T11:04:00+02:00;1856;91;9;100;freeFlow;4
2025-07-02T11:04:00+02:00;19040;34;3;100;heavy;5
2025-07-02T11:04:00+02:00;1910886;44;5;70;freeFlow;2
2025-07-02T11:04:00+02:00;1911185_D;70;16;0;unknown;0
2025-07-02T11:04:00+02:00;1911185_G;31;37;52;heavy;1
2025-07-02T11:04:00+02:00;1911398_D;30;2;0;unknown;0
2025-07-02T11:04:00+02:00;1911398_G;22;2;30;freeFlow;1
2025-07-02T11:04:00+02:00;1911404_D;29;3;45;freeFlow;1
2025-07-02T11:04:00+02:00;1911404_G;30;3;0;unknown;0
2025-07-02T11:04:00+02:00;1911418;57;4;60;freeFlow;1
2025-07-02T11:04:00+02:00;1911420;28;3;100;heavy;4
2025-07-02T11:04:00+02:00;1911448_D;65;29;55;freeFlow;1
2025-07-02T11:04:00+02:00;1911448_G;70;27;0;unknown;0
2025-07-02T11:04:00+02:00;1911623_D;35;5;45;freeFlow;1
2025-07-02T11:04:00+02:00;1911623_G;30;6;0;unknown;0
2025-07-02T11:04:00+02:00;19628;47;6;43;heavy;2
2025-07-02T11:04:00+02:00;19629;90;1;0;unknown;0
2025-07-02T11:04:00+02:00;19630;28;7;100;heavy;3
2025-07-02T11:04:00+02:00;19631;35;2;79;heavy;3
2025-07-02T11:04:00+02:00;19632;47;2;43;heavy;2
2025-07-02T11:04:00+02:00;19633;33;5;72;heavy;2
2025-07-02T11:04:00+02:00;19634;30;3;60;heavy;1
2025-07-02T11:04:00+02:00;19635;34;4;100;heavy;3
2025-07-02T11:04:00+02:00;19636;62;2;75;freeFlow;2
2025-07-02T11:04:00+02:00;19637;35;2;40;heavy;1
2025-07-02T11:04:00+02:00;19638;31;4;74;heavy;2
2025-07-02T11:04:00+02:00;19639;23;6;60;heavy;1
2025-07-02T11:04:00+02:00;19640;27;5;75;heavy;2
2025-07-02T11:04:00+02:00;19642;52;2;75;freeFlow;2
2025-07-02T11:04:00+02:00;19643;52;1;100;freeFlow;3
2025-07-02T11:04:00+02:00;19644;35;3;48;heavy;2
2025-07-02T11:04:00+02:00;19683;104;19;100;freeFlow;6
2025-07-02T11:04:00+02:00;19684;105;45;100;freeFlow;7
2025-07-02T11:04:00+02:00;19685;96;55;100;freeFlow;5
2025-07-02T11:04:00+02:00;19686;91;19;100;freeFlow;3
2025-07-02T11:04:00+02:00;198;121;38;65;freeFlow;2
2025-07-02T11:04:00+02:00;19825_D;61;53;54;freeFlow;1
2025-07-02T11:04:00+02:00;19825_G;79;41;60;freeFlow;1
2025-07-02T11:04:00+02:00;19828;29;4;75;heavy;2
2025-07-02T11:04:00+02:00;19830;44;2;60;freeFlow;1
2025-07-02T11:04:00+02:00;19832;25;6;74;heavy;2
2025-07-02T11:04:00+02:00;19833;41;3;55;freeFlow;1
2025-07-02T11:04:00+02:00;19841_D;69;21;74;freeFlow;2
2025-07-02T11:04:00+02:00;19841_G;84;18;60;freeFlow;1
2025-07-02T11:04:00+02:00;19842_D;60;6;60;freeFlow;1
2025-07-02T11:04:00+02:00;19842_G;76;5;92;freeFlow;3
2025-07-02T11:04:00+02:00;20525;41;4;57;heavy;1
2025-07-02T11:04:00+02:00;20526;53;3;60;heavy;1
2025-07-02T11:04:00+02:00;20527;33;5;60;heavy;1
2025-07-02T11:04:00+02:00;20528;28;4;75;heavy;2
2025-07-02T11:04:00+02:00;20590_D;80;101;60;freeFlow;1
2025-07-02T11:04:00+02:00;20590_G;62;132;60;freeFlow;1
2025-07-02T11:04:00+02:00;20760_D;58;26;73;freeFlow;2
2025-07-02T11:04:00+02:00;20760_G;51;30;60;freeFlow;1
2025-07-02T11:04:00+02:00;2216_D;69;44;60;freeFlow;1
2025-07-02T11:04:00+02:00;2216_G;98;31;35;freeFlow;1
2025-07-02T11:04:00+02:00;2218_D;81;27;60;freeFlow;1
2025-07-02T11:04:00+02:00;2218_G;98;22;35;freeFlow;1
2025-07-02T11:04:00+02:00;23984_D;54;1;60;heavy;1
2025-07-02T11:04:00+02:00;23984_G;47;1;60;heavy;1
2025-07-02T11:04:00+02:00;24143_D;54;7;57;heavy;1
2025-07-02T11:04:00+02:00;24143_G;17;23;60;congested;1
2025-07-02T11:04:00+02:00;24147_D;72;53;58;freeFlow;1
2025-07-02T11:04:00+02:00;24147_G;54;71;66;heavy;2
2025-07-02T11:04:00+02:00;24148;54;2;60;freeFlow;1
2025-07-02T11:04:00+02:00;24149;47;3;60;freeFlow;1
2025-07-02T11:04:00+02:00;24150;54;3;60;freeFlow;1
2025-07-02T11:04:00+02:00;24151;47;3;60;freeFlow;1
2025-07-02T11:04:00+02:00;24153_D;61;15;60;freeFlow;1
2025-07-02T11:04:00+02:00;24153_G;55;17;60;heavy;1
2025-07-02T11:04:00+02:00;24176;93;17;100;freeFlow;6
2025-07-02T11:04:00+02:00;24178;100;11;100;freeFlow;4
2025-07-02T11:04:00+02:00;24179;93;21;100;freeFlow;5
2025-07-02T11:04:00+02:00;24181_D;56;3;75;freeFlow;2
2025-07-02T11:04:00+02:00;24181_G;35;5;75;freeFlow;2
2025-07-02T11:04:00+02:00;24182;91;13;100;freeFlow;4
2025-07-02T11:04:00+02:00;24184_D;55;10;75;freeFlow;2
2025-07-02T11:04:00+02:00;24184_G;33;18;100;heavy;3
2025-07-02T11:04:00+02:00;24259;32;4;100;heavy;3
2025-07-02T11:04:00+02:00;24260;27;6;74;heavy;2
2025-07-02T11:04:00+02:00;24261;36;3;75;freeFlow;2
2025-07-02T11:04:00+02:00;24262;30;6;74;heavy;2
2025-07-02T11:04:00+02:00;24264_D;15;3;60;congested;1
2025-07-02T11:04:00+02:00;24264_G;46;1;57;heavy;1
2025-07-02T11:04:00+02:00;24265_D;59;1;60;freeFlow;1
2025-07-02T11:04:00+02:00;24265_G;31;2;60;heavy;1
2025-07-02T11:04:00+02:00;24274_D;32;15;100;heavy;3
2025-07-02T11:04:00+02:00;24274_G;57;9;75;freeFlow;2
2025-07-02T11:04:00+02:00;25687_D;28;8;40;freeFlow;1
2025-07-02T11:04:00+02:00;25687_G;26;8;60;freeFlow;1
2025-07-02T11:04:00+02:00;25929_D;80;10;0;unknown;0
2025-07-02T11:04:00+02:00;25929_G;80;11;0;unknown;0
2025-07-02T11:04:00+02:00;25930;50;3;57;heavy;2
2025-07-02T11:04:00+02:00;25931;44;5;83;heavy;3
2025-07-02T11:04:00+02:00;25932;17;9;70;congested;2
2025-07-02T11:04:00+02:00;25933;30;5;63;heavy;2
2025-07-02T11:04:00+02:00;25934_D;80;3;0;unknown;0
2025-07-02T11:04:00+02:00;25934_G;80;3;0;unknown;0
2025-07-02T11:04:00+02:00;25944_D;50;6;60;heavy;1
2025-07-02T11:04:00+02:00;25944_G;52;5;57;heavy;2
2025-07-02T11:04:00+02:00;25946_D;60;14;57;freeFlow;2
2025-07-02T11:04:00+02:00;25946_G;59;14;60;freeFlow;1
2025-07-02T11:04:00+02:00;25947_D;77;25;60;freeFlow;2
2025-07-02T11:04:00+02:00;25947_G;40;48;100;heavy;3
2025-07-02T11:04:00+02:00;25988_D;28;11;40;freeFlow;1
2025-07-02T11:04:00+02:00;25988_G;33;9;60;freeFlow;1
2025-07-02T11:04:00+02:00;25989;28;4;40;heavy;1
2025-07-02T11:04:00+02:00;25990;28;3;40;heavy;1
2025-07-02T11:04:00+02:00;25991;28;3;40;heavy;1
2025-07-02T11:04:00+02:00;25992;21;5;73;heavy;2
2025-07-02T11:04:00+02:00;25993_D;28;4;40;freeFlow;1
2025-07-02T11:04:00+02:00;25993_G;32;3;60;freeFlow;1
2025-07-02T11:04:00+02:00;25994_D;28;7;40;heavy;1
2025-07-02T11:04:00+02:00;25994_G;50;4;0;unknown;0
2025-07-02T11:04:00+02:00;25995_D;28;2;40;heavy;1
2025-07-02T11:04:00+02:00;25995_G;50;1;0;unknown;0
2025-07-02T11:04:00+02:00;25996_D;25;9;40;heavy;1
2025-07-02T11:04:00+02:00;25996_G;50;4;0;unknown;0
2025-07-02T11:04:00+02:00;25997_D;23;2;40;heavy;1
2025-07-02T11:04:00+02:00;25997_G;50;1;0;unknown;0
2025-07-02T11:04:00+02:00;25998_D;50;11;0;unknown;0
2025-07-02T11:04:00+02:00;25998_G;50;11;0;unknown;0
2025-07-02T11:04:00+02:00;25999_D;50;8;0;unknown;0
2025-07-02T11:04:00+02:00;25999_G;50;8;0;unknown;0
2025-07-02T11:04:00+02:00;26000_D;80;5;0;unknown;0
2025-07-02T11:04:00+02:00;26000_G;80;5;0;unknown;0
2025-07-02T11:04:00+02:00;26001_D;80;1;0;unknown;0
2025-07-02T11:04:00+02:00;26001_G;80;1;0;unknown;0
2025-07-02T11:04:00+02:00;26002_D;80;5;0;unknown;0
2025-07-02T11:04:00+02:00;26002_G;80;5;0;unknown;0
2025-07-02T11:04:00+02:00;26023;81;3;100;freeFlow;4
2025-07-02T11:04:00+02:00;26024;102;45;83;freeFlow;3
2025-07-02T11:04:00+02:00;26025;92;70;100;freeFlow;4
2025-07-02T11:04:00+02:00;26041;26;12;75;heavy;2
2025-07-02T11:04:00+02:00;26043;41;11;100;freeFlow;5
2025-07-02T11:04:00+02:00;26044;41;11;75;freeFlow;2
2025-07-02T11:04:00+02:00;26046;22;42;100;heavy;5
2025-07-02T11:04:00+02:00;26047;15;5;60;heavy;1
2025-07-02T11:04:00+02:00;26048;60;35;60;freeFlow;1
2025-07-02T11:04:00+02:00;26049;36;41;60;heavy;1
2025-07-02T11:04:00+02:00;26050;29;12;100;heavy;4
2025-07-02T11:04:00+02:00;26101_D;43;11;60;freeFlow;1
2025-07-02T11:04:00+02:00;26101_G;30;16;0;unknown;0
2025-07-02T11:04:00+02:00;26371_D;31;8;60;freeFlow;1
2025-07-02T11:04:00+02:00;26371_G;30;9;0;unknown;0
2025-07-02T11:04:00+02:00;26389_D;78;10;60;freeFlow;1
2025-07-02T11:04:00+02:00;26389_G;70;11;0;unknown;0
2025-07-02T11:04:00+02:00;26392_D;14;31;60;heavy;1
2025-07-02T11:04:00+02:00;26392_G;30;14;0;unknown;0
2025-07-02T11:04:00+02:00;26393;50;1;0;unknown;0
2025-07-02T11:04:00+02:00;26394;50;1;0;unknown;0
2025-07-02T11:04:00+02:00;26395;32;2;60;heavy;1
2025-07-02T11:04:00+02:00;26396;32;2;60;heavy;1
2025-07-02T11:04:00+02:00;26397_D;34;5;60;heavy;1
2025-07-02T11:04:00+02:00;26397_G;50;4;0;unknown;0
2025-07-02T11:04:00+02:00;26402_D;28;10;40;freeFlow;1
2025-07-02T11:04:00+02:00;26402_G;42;6;60;freeFlow;1
2025-07-02T11:04:00+02:00;26403_D;24;5;60;freeFlow;1
2025-07-02T11:04:00+02:00;26403_G;28;5;40;freeFlow;1
2025-07-02T11:04:00+02:00;26404_D;12;8;60;heavy;1
2025-07-02T11:04:00+02:00;26404_G;30;3;38;freeFlow;1
2025-07-02T11:04:00+02:00;26405_D;28;2;40;freeFlow;1
2025-07-02T11:04:00+02:00;26405_G;12;5;60;heavy;1
2025-07-02T11:04:00+02:00;26409_D;79;10;60;freeFlow;1
2025-07-02T11:04:00+02:00;26409_G;70;11;0;unknown;0
2025-07-02T11:04:00+02:00;26420_D;70;4;0;unknown;0
2025-07-02T11:04:00+02:00;26420_G;67;4;60;freeFlow;1
2025-07-02T11:04:00+02:00;26422_D;70;11;0;unknown;0
2025-07-02T11:04:00+02:00;26422_G;75;10;60;freeFlow;1
2025-07-02T11:04:00+02:00;26423_D;70;7;0;unknown;0
2025-07-02T11:04:00+02:00;26423_G;79;6;60;freeFlow;1
2025-07-02T11:04:00+02:00;26495_D;35;10;60;heavy;1
2025-07-02T11:04:00+02:00;26495_G;50;7;0;unknown;0
2025-07-02T11:04:00+02:00;26497_D;50;9;60;freeFlow;1
2025-07-02T11:04:00+02:00;26497_G;30;16;0;unknown;0
2025-07-02T11:04:00+02:00;26501;101;22;100;freeFlow;5
2025-07-02T11:04:00+02:00;26573;101;14;100;freeFlow;8
2025-07-02T11:04:00+02:00;26603_D;28;2;40;freeFlow;1
2025-07-02T11:04:00+02:00;26603_G;52;1;60;freeFlow;1
2025-07-02T11:04:00+02:00;26611_D;10;13;60;heavy;1
2025-07-02T11:04:00+02:00;26611_G;2;80;38;congested;1
2025-07-02T11:04:00+02:00;26619;32;2;75;heavy;2
2025-07-02T11:04:00+02:00;26654;12;40;75;congested;2
2025-07-02T11:04:00+02:00;26656;36;14;75;freeFlow;2
2025-07-02T11:04:00+02:00;26897_D;39;11;60;freeFlow;1
2025-07-02T11:04:00+02:00;26897_G;30;15;0;unknown;0
2025-07-02T11:04:00+02:00;27837_D;81;3;60;freeFlow;1
2025-07-02T11:04:00+02:00;27837_G;98;3;35;freeFlow;1
2025-07-02T11:04:00+02:00;28032;38;4;59;heavy;2
2025-07-02T11:04:00+02:00;28033;42;4;69;heavy;2
2025-07-02T11:04:00+02:00;282910_D;35;5;100;freeFlow;3
2025-07-02T11:04:00+02:00;282910_G;36;3;57;freeFlow;1
2025-07-02T11:04:00+02:00;28642_D;87;5;60;freeFlow;1
2025-07-02T11:04:00+02:00;28642_G;70;7;48;freeFlow;1
2025-07-02T11:04:00+02:00;28645_D;87;1;60;freeFlow;1
2025-07-02T11:04:00+02:00;28645_G;69;2;48;freeFlow;1
2025-07-02T11:04:00+02:00;28646_D;80;38;60;freeFlow;1
2025-07-02T11:04:00+02:00;28646_G;73;42;48;freeFlow;1
2025-07-02T11:04:00+02:00;28648_D;80;16;60;freeFlow;1
2025-07-02T11:04:00+02:00;28648_G;76;17;50;freeFlow;1
2025-07-02T11:04:00+02:00;28649_D;81;11;60;freeFlow;1
2025-07-02T11:04:00+02:00;28649_G;74;12;50;freeFlow;1
2025-07-02T11:04:00+02:00;28650_D;85;12;60;freeFlow;1
2025-07-02T11:04:00+02:00;28650_G;68;15;50;freeFlow;1
2025-07-02T11:04:00+02:00;28660_D;87;8;60;freeFlow;1
2025-07-02T11:04:00+02:00;28660_G;82;8;45;freeFlow;1
2025-07-02T11:04:00+02:00;28665_D;86;16;60;freeFlow;1
2025-07-02T11:04:00+02:00;28665_G;79;17;45;freeFlow;1
2025-07-02T11:04:00+02:00;28666_D;87;8;60;freeFlow;1
2025-07-02T11:04:00+02:00;28666_G;72;9;48;freeFlow;1
2025-07-02T11:04:00+02:00;28669_D;70;5;0;unknown;0
2025-07-02T11:04:00+02:00;28669_G;56;6;25;freeFlow;1
2025-07-02T11:04:00+02:00;28675_D;70;6;0;unknown;0
2025-07-02T11:04:00+02:00;28675_G;32;12;25;heavy;1
2025-07-02T11:04:00+02:00;28676_D;70;3;0;unknown;0
2025-07-02T11:04:00+02:00;28676_G;59;4;25;freeFlow;1
2025-07-02T11:04:00+02:00;28677_D;70;16;0;unknown;0
2025-07-02T11:04:00+02:00;28677_G;67;17;25;freeFlow;1
2025-07-02T11:04:00+02:00;28693_D;75;13;60;freeFlow;1
2025-07-02T11:04:00+02:00;28693_G;79;12;45;freeFlow;1
2025-07-02T11:04:00+02:00;28854;35;4;60;freeFlow;1
2025-07-02T11:04:00+02:00;28855;33;4;60;heavy;1
2025-07-02T11:04:00+02:00;28865_D;70;28;45;freeFlow;1
2025-07-02T11:04:00+02:00;28865_G;65;31;60;freeFlow;1
2025-07-02T11:04:00+02:00;28866_D;30;23;70;heavy;2
2025-07-02T11:04:00+02:00;28866_G;32;22;74;heavy;2
2025-07-02T11:04:00+02:00;28867;30;3;75;heavy;2
2025-07-02T11:04:00+02:00;28868;26;4;75;heavy;2
2025-07-02T11:04:00+02:00;29;68;21;100;freeFlow;3
2025-07-02T11:04:00+02:00;30;85;7;100;freeFlow;3
2025-07-02T11:04:00+02:00;30020_D;64;33;60;freeFlow;1
2025-07-02T11:04:00+02:00;30020_G;34;63;73;heavy;2
2025-07-02T11:04:00+02:00;30022;90;3;100;freeFlow;13
2025-07-02T11:04:00+02:00;30023;92;55;100;freeFlow;13
2025-07-02T11:04:00+02:00;30118;53;2;100;freeFlow;3
2025-07-02T11:04:00+02:00;30351_D;35;1;45;heavy;1
2025-07-02T11:04:00+02:00;30351_G;40;1;60;freeFlow;1
2025-07-02T11:04:00+02:00;30355_D;36;14;45;freeFlow;1
2025-07-02T11:04:00+02:00;30355_G;48;11;60;freeFlow;1
2025-07-02T11:04:00+02:00;30359_D;38;16;45;heavy;1
2025-07-02T11:04:00+02:00;30359_G;49;13;60;heavy;1
2025-07-02T11:04:00+02:00;30405;38;2;30;freeFlow;1
2025-07-02T11:04:00+02:00;30406;40;6;60;freeFlow;1
2025-07-02T11:04:00+02:00;30407;21;5;45;heavy;1
2025-07-02T11:04:00+02:00;30408;31;2;47;heavy;2
2025-07-02T11:04:00+02:00;30409;40;3;70;freeFlow;2
2025-07-02T11:04:00+02:00;30410_D;37;1;55;freeFlow;1
2025-07-02T11:04:00+02:00;30410_G;38;1;27;freeFlow;1
2025-07-02T11:04:00+02:00;30411_D;28;10;55;heavy;1
2025-07-02T11:04:00+02:00;30411_G;34;8;27;heavy;1
2025-07-02T11:04:00+02:00;30414_D;35;10;55;freeFlow;1
2025-07-02T11:04:00+02:00;30414_G;14;27;27;congested;1
2025-07-02T11:04:00+02:00;30416_D;36;14;57;freeFlow;1
2025-07-02T11:04:00+02:00;30416_G;38;14;27;freeFlow;1
2025-07-02T11:04:00+02:00;30499_D;49;6;60;freeFlow;1
2025-07-02T11:04:00+02:00;30499_G;30;10;0;unknown;0
2025-07-02T11:04:00+02:00;30501_D;49;5;60;freeFlow;1
2025-07-02T11:04:00+02:00;30501_G;26;11;25;freeFlow;1
2025-07-02T11:04:00+02:00;30502_D;28;2;60;freeFlow;1
2025-07-02T11:04:00+02:00;30502_G;26;2;25;freeFlow;1
2025-07-02T11:04:00+02:00;30504_D;20;1;57;heavy;1
2025-07-02T11:04:00+02:00;30504_G;4;8;38;congested;1
2025-07-02T11:04:00+02:00;30508;34;4;25;freeFlow;1
2025-07-02T11:04:00+02:00;30521_D;33;12;57;heavy;1
2025-07-02T11:04:00+02:00;30521_G;37;12;27;freeFlow;1
2025-07-02T11:04:00+02:00;30522_D;34;3;57;heavy;1
2025-07-02T11:04:00+02:00;30522_G;32;3;27;heavy;1
2025-07-02T11:04:00+02:00;30606_D;50;11;0;unknown;0
2025-07-02T11:04:00+02:00;30606_G;27;20;60;heavy;1
2025-07-02T11:04:00+02:00;30608_D;45;3;0;unknown;0
2025-07-02T11:04:00+02:00;30608_G;37;4;60;freeFlow;1
2025-07-02T11:04:00+02:00;30611_D;39;10;60;freeFlow;1
2025-07-02T11:04:00+02:00;30611_G;23;18;60;heavy;1
2025-07-02T11:04:00+02:00;31;83;5;100;freeFlow;4
2025-07-02T11:04:00+02:00;31286;23;6;100;heavy;3
2025-07-02T11:04:00+02:00;31287;22;3;100;heavy;3
2025-07-02T11:04:00+02:00;31288;23;8;60;heavy;1
2025-07-02T11:04:00+02:00;31289;29;4;96;heavy;3
2025-07-02T11:04:00+02:00;31300_D;33;1;60;heavy;1
2025-07-02T11:04:00+02:00;31300_G;20;2;60;heavy;1
2025-07-02T11:04:00+02:00;31302_D;48;1;60;freeFlow;1
2025-07-02T11:04:00+02:00;31302_G;25;2;60;heavy;1
2025-07-02T11:04:00+02:00;31304_D;36;31;75;freeFlow;2
2025-07-02T11:04:00+02:00;31305_D;30;25;73;heavy;2
2025-07-02T11:04:00+02:00;31305_G;20;39;74;heavy;2
2025-07-02T11:04:00+02:00;31361_D;55;1;50;freeFlow;1
2025-07-02T11:04:00+02:00;31361_G;34;1;55;heavy;1
2025-07-02T11:04:00+02:00;31444_D;68;36;75;freeFlow;2
2025-07-02T11:04:00+02:00;31444_G;49;51;100;heavy;3
2025-07-02T11:04:00+02:00;31448;23;5;60;congested;1
2025-07-02T11:04:00+02:00;31449;43;4;70;heavy;2
2025-07-02T11:04:00+02:00;31450;43;3;75;heavy;2
2025-07-02T11:04:00+02:00;31451;36;3;71;heavy;2
2025-07-02T11:04:00+02:00;31453_D;62;26;60;freeFlow;1
2025-07-02T11:04:00+02:00;31453_G;39;41;98;heavy;3
2025-07-02T11:04:00+02:00;31511;79;19;100;freeFlow;4
2025-07-02T11:04:00+02:00;31512;98;25;100;freeFlow;8
2025-07-02T11:04:00+02:00;31513;106;21;100;freeFlow;4
2025-07-02T11:04:00+02:00;31515;18;6;100;heavy;3
2025-07-02T11:04:00+02:00;31517;42;3;75;freeFlow;2
2025-07-02T11:04:00+02:00;31520;51;2;100;freeFlow;4
2025-07-02T11:04:00+02:00;31522;41;4;75;freeFlow;2
2025-07-02T11:04:00+02:00;31523_D;32;6;100;heavy;3
2025-07-02T11:04:00+02:00;31523_G;41;5;75;freeFlow;2
2025-07-02T11:04:00+02:00;31530_D;49;8;75;heavy;2
2025-07-02T11:04:00+02:00;31530_G;19;20;100;congested;3
2025-07-02T11:04:00+02:00;31532_D;60;3;75;freeFlow;2
2025-07-02T11:04:00+02:00;31532_G;20;8;100;congested;3
2025-07-02T11:04:00+02:00;31534;94;4;100;freeFlow;3
2025-07-02T11:04:00+02:00;31536;44;21;57;heavy;1
2025-07-02T11:04:00+02:00;31550;76;12;100;freeFlow;15
2025-07-02T11:04:00+02:00;31551;72;10;100;freeFlow;13
2025-07-02T11:04:00+02:00;31553;91;11;100;freeFlow;7
2025-07-02T11:04:00+02:00;31557;72;5;75;freeFlow;2
2025-07-02T11:04:00+02:00;31558_D;66;17;75;freeFlow;2
2025-07-02T11:04:00+02:00;31558_G;102;11;75;freeFlow;2
2025-07-02T11:04:00+02:00;31559;65;7;100;freeFlow;3
2025-07-02T11:04:00+02:00;31561;58;6;100;freeFlow;3
2025-07-02T11:04:00+02:00;31562;59;7;100;freeFlow;3
2025-07-02T11:04:00+02:00;31563;66;6;55;freeFlow;1
2025-07-02T11:04:00+02:00;31568;106;4;60;freeFlow;1
2025-07-02T11:04:00+02:00;31569;106;5;60;freeFlow;1
2025-07-02T11:04:00+02:00;31583_D;50;15;0;unknown;0
2025-07-02T11:04:00+02:00;31583_G;68;11;27;freeFlow;1
2025-07-02T11:04:00+02:00;31670_D;37;12;55;freeFlow;1
2025-07-02T11:04:00+02:00;31670_G;40;11;100;freeFlow;3
2025-07-02T11:04:00+02:00;31672_D;40;50;100;heavy;3
2025-07-02T11:04:00+02:00;31672_G;63;31;55;freeFlow;1
2025-07-02T11:04:00+02:00;31673;90;14;100;freeFlow;13
2025-07-02T11:04:00+02:00;31674;91;14;100;freeFlow;6
2025-07-02T11:04:00+02:00;31708_D;30;6;0;unknown;0
2025-07-02T11:04:00+02:00;31708_G;36;5;27;freeFlow;1
2025-07-02T11:04:00+02:00;31709_D;30;12;0;unknown;0
2025-07-02T11:04:00+02:00;31709_G;43;8;27;freeFlow;1
2025-07-02T11:04:00+02:00;31716_D;30;7;0;unknown;0
2025-07-02T11:04:00+02:00;31716_G;36;6;27;freeFlow;1
2025-07-02T11:04:00+02:00;31717_D;30;17;0;unknown;0
2025-07-02T11:04:00+02:00;31717_G;30;17;30;freeFlow;1
2025-07-02T11:04:00+02:00;31720_D;30;4;0;unknown;0
2025-07-02T11:04:00+02:00;31720_G;25;5;45;freeFlow;1
2025-07-02T11:04:00+02:00;31722_D;35;8;45;freeFlow;1
2025-07-02T11:04:00+02:00;31722_G;30;9;0;unknown;0
2025-07-02T11:04:00+02:00;31723;35;6;100;heavy;3
2025-07-02T11:04:00+02:00;31724;37;5;92;freeFlow;4
2025-07-02T11:04:00+02:00;31725;37;5;64;freeFlow;2
2025-07-02T11:04:00+02:00;31726;35;6;100;heavy;3
2025-07-02T11:04:00+02:00;31727_D;35;10;45;freeFlow;1
2025-07-02T11:04:00+02:00;31727_G;30;12;0;unknown;0
2025-07-02T11:04:00+02:00;31878;17;10;73;congested;2
2025-07-02T11:04:00+02:00;31879;36;4;60;heavy;1
2025-07-02T11:04:00+02:00;31880;86;3;100;freeFlow;13
2025-07-02T11:04:00+02:00;31881;79;4;52;freeFlow;1
2025-07-02T11:04:00+02:00;31882;61;3;100;freeFlow;4
2025-07-02T11:04:00+02:00;32;88;14;100;freeFlow;4
2025-07-02T11:04:00+02:00;32118;92;1;100;freeFlow;6
2025-07-02T11:04:00+02:00;32163_D;30;3;0;unknown;0
2025-07-02T11:04:00+02:00;32163_G;22;4;30;freeFlow;1
2025-07-02T11:04:00+02:00;32165_D;18;4;40;heavy;1
2025-07-02T11:04:00+02:00;32165_G;53;1;60;freeFlow;1
2025-07-02T11:04:00+02:00;32177_D;68;9;60;freeFlow;1
2025-07-02T11:04:00+02:00;32177_G;44;13;50;heavy;1
2025-07-02T11:04:00+02:00;32784_D;30;3;50;heavy;1
2025-07-02T11:04:00+02:00;32784_G;34;2;55;heavy;1
2025-07-02T11:04:00+02:00;32785;34;2;55;heavy;1
2025-07-02T11:04:00+02:00;32786;21;4;50;heavy;1
2025-07-02T11:04:00+02:00;32788;28;3;50;heavy;1
2025-07-02T11:04:00+02:00;32790;34;2;55;heavy;1
2025-07-02T11:04:00+02:00;32791;34;3;50;heavy;1
2025-07-02T11:04:00+02:00;32794;34;2;55;heavy;1
2025-07-02T11:04:00+02:00;32796;34;2;55;heavy;1
2025-07-02T11:04:00+02:00;33;98;26;100;freeFlow;3
2025-07-02T11:04:00+02:00;34;104;26;100;freeFlow;3
2025-07-02T11:04:00+02:00;34744;82;40;100;freeFlow;6
2025-07-02T11:04:00+02:00;34745;81;40;100;freeFlow;6
2025-07-02T11:04:00+02:00;34757_D;50;2;0;unknown;0
2025-07-02T11:04:00+02:00;34757_G;50;2;0;unknown;0
2025-07-02T11:04:00+02:00;34758_D;25;32;20;heavy;1
2025-07-02T11:04:00+02:00;34758_G;50;16;0;unknown;0
2025-07-02T11:04:00+02:00;35;93;57;100;freeFlow;3
2025-07-02T11:04:00+02:00;35072;84;31;100;freeFlow;11
2025-07-02T11:04:00+02:00;35077;87;48;100;freeFlow;5
2025-07-02T11:04:00+02:00;35086;82;50;100;freeFlow;7
2025-07-02T11:04:00+02:00;35092;35;8;75;heavy;2
2025-07-02T11:04:00+02:00;35096;83;20;100;freeFlow;7
2025-07-02T11:04:00+02:00;35098;82;46;100;freeFlow;5
2025-07-02T11:04:00+02:00;35103;42;19;100;heavy;3
2025-07-02T11:04:00+02:00;35869_D;54;1;17;freeFlow;1
2025-07-02T11:04:00+02:00;35869_G;50;1;0;unknown;0
2025-07-02T11:04:00+02:00;35870_D;54;10;17;freeFlow;1
2025-07-02T11:04:00+02:00;35870_G;50;11;0;unknown;0
2025-07-02T11:04:00+02:00;35940;30;10;0;unknown;0
2025-07-02T11:04:00+02:00;35942;30;2;0;unknown;0
2025-07-02T11:04:00+02:00;35943;30;2;0;unknown;0
2025-07-02T11:04:00+02:00;35944;30;3;0;unknown;0
2025-07-02T11:04:00+02:00;35945;30;3;0;unknown;0
2025-07-02T11:04:00+02:00;35946_D;30;2;0;unknown;0
2025-07-02T11:04:00+02:00;35946_G;30;2;0;unknown;0
2025-07-02T11:04:00+02:00;35947;30;10;0;unknown;0
2025-07-02T11:04:00+02:00;35948;30;8;0;unknown;0
2025-07-02T11:04:00+02:00;35949;30;7;0;unknown;0
2025-07-02T11:04:00+02:00;35950;30;12;0;unknown;0
2025-07-02T11:04:00+02:00;35951;30;5;0;unknown;0
2025-07-02T11:04:00+02:00;35952;30;11;0;unknown;0
2025-07-02T11:04:00+02:00;35953;36;3;17;freeFlow;1
2025-07-02T11:04:00+02:00;35954;50;2;0;unknown;0
2025-07-02T11:04:00+02:00;35955;27;5;17;heavy;1
2025-07-02T11:04:00+02:00;35956;32;1;17;heavy;1
2025-07-02T11:04:00+02:00;35957_D;30;2;0;unknown;0
2025-07-02T11:04:00+02:00;35957_G;30;2;0;unknown;0
2025-07-02T11:04:00+02:00;35959_D;30;2;0;unknown;0
2025-07-02T11:04:00+02:00;35959_G;30;1;0;unknown;0
2025-07-02T11:04:00+02:00;35960;30;11;0;unknown;0
2025-07-02T11:04:00+02:00;35961;30;16;0;unknown;0
2025-07-02T11:04:00+02:00;35962;30;12;0;unknown;0
2025-07-02T11:04:00+02:00;35963;30;6;0;unknown;0
2025-07-02T11:04:00+02:00;35964;30;6;0;unknown;0
2025-07-02T11:04:00+02:00;35965;30;20;0;unknown;0
2025-07-02T11:04:00+02:00;35971;30;20;0;unknown;0
2025-07-02T11:04:00+02:00;35972;30;11;0;unknown;0
2025-07-02T11:04:00+02:00;35973;30;8;0;unknown;0
2025-07-02T11:04:00+02:00;35985_D;25;3;42;heavy;1
2025-07-02T11:04:00+02:00;35985_G;43;2;45;freeFlow;1
2025-07-02T11:04:00+02:00;35986_D;50;14;0;unknown;0
2025-07-02T11:04:00+02:00;35986_G;16;45;48;heavy;1
2025-07-02T11:04:00+02:00;35994_D;30;1;0;unknown;0
2025-07-02T11:04:00+02:00;35994_G;23;2;48;freeFlow;1
2025-07-02T11:04:00+02:00;35998;36;6;75;freeFlow;2
2025-07-02T11:04:00+02:00;35999;26;7;75;heavy;2
2025-07-02T11:04:00+02:00;36000;38;5;60;freeFlow;1
2025-07-02T11:04:00+02:00;36001;40;5;75;freeFlow;2
2025-07-02T11:04:00+02:00;36003_D;25;2;75;heavy;2
2025-07-02T11:04:00+02:00;36003_G;43;1;75;freeFlow;2
2025-07-02T11:04:00+02:00;36004_D;27;77;75;heavy;2
2025-07-02T11:04:00+02:00;36004_G;50;42;75;freeFlow;2
2025-07-02T11:04:00+02:00;36005;30;2;0;unknown;0
2025-07-02T11:04:00+02:00;36006;30;3;0;unknown;0
2025-07-02T11:04:00+02:00;36007;30;2;0;unknown;0
2025-07-02T11:04:00+02:00;36010_D;30;1;0;unknown;0
2025-07-02T11:04:00+02:00;36010_G;30;1;0;unknown;0
2025-07-02T11:04:00+02:00;36011;30;10;0;unknown;0
2025-07-02T11:04:00+02:00;36012_D;30;2;0;unknown;0
2025-07-02T11:04:00+02:00;36012_G;30;2;0;unknown;0
2025-07-02T11:04:00+02:00;37200_D;22;12;71;freeFlow;2
2025-07-02T11:04:00+02:00;37200_G;36;7;60;freeFlow;1
2025-07-02T11:04:00+02:00;37201;30;7;97;heavy;3
2025-07-02T11:04:00+02:00;37202;26;12;97;heavy;3
2025-07-02T11:04:00+02:00;37203;24;22;99;heavy;4
2025-07-02T11:04:00+02:00;37204_D;30;3;55;heavy;1
2025-07-02T11:04:00+02:00;37204_G;32;3;60;heavy;1
2025-07-02T11:04:00+02:00;37205_D;35;6;55;heavy;1
2025-07-02T11:04:00+02:00;37205_G;32;6;60;heavy;1
2025-07-02T11:04:00+02:00;37206_D;28;18;55;heavy;1
2025-07-02T11:04:00+02:00;37206_G;46;11;60;freeFlow;1
2025-07-02T11:04:00+02:00;37207;21;3;57;heavy;1
2025-07-02T11:04:00+02:00;37208;44;3;60;freeFlow;1
2025-07-02T11:04:00+02:00;37209;21;4;57;heavy;1
2025-07-02T11:04:00+02:00;37210_D;21;2;57;heavy;1
2025-07-02T11:04:00+02:00;37210_G;42;1;60;freeFlow;1
2025-07-02T11:04:00+02:00;37211_D;47;57;58;freeFlow;1
2025-07-02T11:04:00+02:00;37211_G;56;47;60;freeFlow;1
2025-07-02T11:04:00+02:00;37239;46;4;75;freeFlow;2
2025-07-02T11:04:00+02:00;37240;27;6;72;freeFlow;2
2025-07-02T11:04:00+02:00;37241;21;8;75;heavy;2
2025-07-02T11:04:00+02:00;37242;30;7;60;freeFlow;1
2025-07-02T11:04:00+02:00;37243_D;26;3;75;heavy;2
2025-07-02T11:04:00+02:00;37243_G;42;3;75;freeFlow;2
2025-07-02T11:04:00+02:00;37244_D;30;2;0;unknown;0
2025-07-02T11:04:00+02:00;37244_G;30;2;0;unknown;0
2025-07-02T11:04:00+02:00;37246_D;18;5;73;heavy;2
2025-07-02T11:04:00+02:00;37246_G;30;3;60;freeFlow;1
2025-07-02T11:04:00+02:00;37422_D;53;18;20;freeFlow;1
2025-07-02T11:04:00+02:00;37422_G;50;19;0;unknown;0
2025-07-02T11:04:00+02:00;37467_D;42;9;20;freeFlow;1
2025-07-02T11:04:00+02:00;37467_G;50;8;0;unknown;0
2025-07-02T11:04:00+02:00;37508_D;38;28;60;freeFlow;1
2025-07-02T11:04:00+02:00;37508_G;44;24;75;freeFlow;2
2025-07-02T11:04:00+02:00;37509_D;38;2;60;freeFlow;1
2025-07-02T11:04:00+02:00;37509_G;36;2;75;freeFlow;2
2025-07-02T11:04:00+02:00;37564_D;82;18;55;freeFlow;1
2025-07-02T11:04:00+02:00;37564_G;70;22;0;unknown;0
2025-07-02T11:04:00+02:00;37565_D;52;16;52;freeFlow;1
2025-07-02T11:04:00+02:00;37565_G;70;12;0;unknown;0
2025-07-02T11:04:00+02:00;37586_D;38;2;60;freeFlow;1
2025-07-02T11:04:00+02:00;37586_G;34;2;75;heavy;2
2025-07-02T11:04:00+02:00;37588_D;70;8;0;unknown;0
2025-07-02T11:04:00+02:00;37588_G;50;11;10;freeFlow;1
2025-07-02T11:04:00+02:00;37620_D;70;1;0;unknown;0
2025-07-02T11:04:00+02:00;37620_G;37;2;60;heavy;1
2025-07-02T11:04:00+02:00;37621;29;6;100;heavy;3
2025-07-02T11:04:00+02:00;37622;34;6;75;heavy;2
2025-07-02T11:04:00+02:00;37625_D;25;37;52;heavy;1
2025-07-02T11:04:00+02:00;37625_G;42;22;99;freeFlow;3
2025-07-02T11:04:00+02:00;37665_D;50;2;0;unknown;0
2025-07-02T11:04:00+02:00;37665_G;57;1;60;freeFlow;1
2025-07-02T11:04:00+02:00;37667;24;52;75;heavy;2
2025-07-02T11:04:00+02:00;37668;55;7;70;freeFlow;2
2025-07-02T11:04:00+02:00;37673;37;10;75;heavy;2
2025-07-02T11:04:00+02:00;37686_D;22;30;60;freeFlow;1
2025-07-02T11:04:00+02:00;37686_G;14;47;100;heavy;3
2025-07-02T11:04:00+02:00;37702_D;30;9;57;heavy;1
2025-07-02T11:04:00+02:00;37702_G;18;14;74;heavy;2
2025-07-02T11:04:00+02:00;37706_D;39;1;60;freeFlow;1
2025-07-02T11:04:00+02:00;37706_G;32;2;57;heavy;1
2025-07-02T11:04:00+02:00;37707_D;32;2;57;heavy;1
2025-07-02T11:04:00+02:00;37707_G;53;1;60;freeFlow;1
2025-07-02T11:04:00+02:00;37708_D;39;23;60;freeFlow;1
2025-07-02T11:04:00+02:00;37708_G;57;16;60;freeFlow;1
2025-07-02T11:04:00+02:00;37712_D;39;5;60;freeFlow;1
2025-07-02T11:04:00+02:00;37712_G;57;3;60;freeFlow;1
2025-07-02T11:04:00+02:00;37724;23;6;100;heavy;3
2025-07-02T11:04:00+02:00;37725;29;2;100;heavy;4
2025-07-02T11:04:00+02:00;37726;25;4;100;heavy;4
2025-07-02T11:04:00+02:00;37727;35;3;100;freeFlow;5
2025-07-02T11:04:00+02:00;37728;57;2;60;freeFlow;1
2025-07-02T11:04:00+02:00;37729;76;74;65;freeFlow;2
2025-07-02T11:04:00+02:00;37730;35;4;60;freeFlow;1
2025-07-02T11:04:00+02:00;37732;58;63;60;heavy;1
2025-07-02T11:04:00+02:00;37737;100;40;100;freeFlow;3
2025-07-02T11:04:00+02:00;37738;49;2;75;heavy;2
2025-07-02T11:04:00+02:00;37739;30;5;100;heavy;3
2025-07-02T11:04:00+02:00;37740;31;5;75;heavy;2
2025-07-02T11:04:00+02:00;37741;31;1;75;heavy;2
2025-07-02T11:04:00+02:00;37742;26;6;60;heavy;1
2025-07-02T11:04:00+02:00;37743;26;5;60;heavy;1
2025-07-02T11:04:00+02:00;37744;36;5;100;heavy;3
2025-07-02T11:04:00+02:00;37745;49;1;75;heavy;2
2025-07-02T11:04:00+02:00;37749;89;43;100;freeFlow;8
2025-07-02T11:04:00+02:00;37750;95;28;100;freeFlow;3
2025-07-02T11:04:00+02:00;37751;50;19;75;freeFlow;2
2025-07-02T11:04:00+02:00;37752;66;9;100;freeFlow;6
2025-07-02T11:04:00+02:00;37753;101;26;100;freeFlow;8
2025-07-02T11:04:00+02:00;37784;50;2;0;unknown;0
2025-07-02T11:04:00+02:00;37785;50;2;0;unknown;0
2025-07-02T11:04:00+02:00;37786;43;2;10;freeFlow;1
2025-07-02T11:04:00+02:00;37787_D;70;21;0;unknown;0
2025-07-02T11:04:00+02:00;37787_G;27;57;48;heavy;1
2025-07-02T11:04:00+02:00;37818;98;47;100;freeFlow;4
2025-07-02T11:04:00+02:00;37819;90;62;92;freeFlow;4
2025-07-02T11:04:00+02:00;37822;96;9;100;freeFlow;3
2025-07-02T11:04:00+02:00;37826;58;1;30;freeFlow;1
2025-07-02T11:04:00+02:00;37827;35;1;60;freeFlow;1
2025-07-02T11:04:00+02:00;37941;87;56;73;freeFlow;5
2025-07-02T11:04:00+02:00;37947;88;8;100;freeFlow;5
2025-07-02T11:04:00+02:00;37948;92;75;100;freeFlow;5
2025-07-02T11:04:00+02:00;37949;91;76;100;freeFlow;7
2025-07-02T11:04:00+02:00;37950;80;9;92;freeFlow;5
2025-07-02T11:04:00+02:00;37970;83;17;88;freeFlow;5
2025-07-02T11:04:00+02:00;38;89;16;100;freeFlow;3
2025-07-02T11:04:00+02:00;38067;101;11;100;freeFlow;3
2025-07-02T11:04:00+02:00;38068;40;5;52;heavy;1
2025-07-02T11:04:00+02:00;38069;44;7;0;unknown;0
2025-07-02T11:04:00+02:00;38070;90;10;100;freeFlow;7
2025-07-02T11:04:00+02:00;38310;31;2;10;heavy;1
2025-07-02T11:04:00+02:00;38311;31;3;10;heavy;1
2025-07-02T11:04:00+02:00;38317;114;1;75;freeFlow;2
2025-07-02T11:04:00+02:00;38318;90;29;100;freeFlow;6
2025-07-02T11:04:00+02:00;38319;106;19;100;freeFlow;4
2025-07-02T11:04:00+02:00;38322;44;4;0;unknown;0
2025-07-02T11:04:00+02:00;38378_D;70;10;0;unknown;0
2025-07-02T11:04:00+02:00;38378_G;40;18;50;heavy;1
2025-07-02T11:04:00+02:00;38389_D;70;16;0;unknown;0
2025-07-02T11:04:00+02:00;38389_G;14;78;49;congested;1
2025-07-02T11:04:00+02:00;39061;36;7;52;heavy;1
2025-07-02T11:04:00+02:00;39062;48;2;15;heavy;1
2025-07-02T11:04:00+02:00;39063;61;7;52;freeFlow;1
2025-07-02T11:04:00+02:00;39473;56;36;75;heavy;2
2025-07-02T11:04:00+02:00;39618;104;3;100;freeFlow;3
2025-07-02T11:04:00+02:00;39619;102;2;100;freeFlow;3
2025-07-02T11:04:00+02:00;39720_D;28;44;75;heavy;2
2025-07-02T11:04:00+02:00;39720_G;48;26;100;freeFlow;3
2025-07-02T11:04:00+02:00;39902_D;70;1;0;unknown;0
2025-07-02T11:04:00+02:00;39902_G;40;2;50;heavy;1
2025-07-02T11:04:00+02:00;39904_D;70;1;0;unknown;0
2025-07-02T11:04:00+02:00;39904_G;74;1;12;freeFlow;1
2025-07-02T11:04:00+02:00;39906_D;70;7;0;unknown;0
2025-07-02T11:04:00+02:00;39906_G;12;42;50;congested;1
2025-07-02T11:04:00+02:00;40185_D;24;5;35;heavy;1
2025-07-02T11:04:00+02:00;40185_G;43;1;100;heavy;4
2025-07-02T11:04:00+02:00;40201;50;0;0;unknown;0
2025-07-02T11:04:00+02:00;40202;20;4;60;heavy;1
2025-07-02T11:04:00+02:00;40203;106;1;57;freeFlow;1
2025-07-02T11:04:00+02:00;40212_D;89;1;60;freeFlow;1
2025-07-02T11:04:00+02:00;40212_G;81;1;45;freeFlow;1
2025-07-02T11:04:00+02:00;40213_D;87;1;60;freeFlow;1
2025-07-02T11:04:00+02:00;40213_G;69;1;48;freeFlow;1
2025-07-02T11:04:00+02:00;41631_D;8;26;55;congested;1
2025-07-02T11:04:00+02:00;41631_G;22;9;68;freeFlow;2
2025-07-02T11:04:00+02:00;41632_D;20;7;60;heavy;1
2025-07-02T11:04:00+02:00;41632_G;39;3;54;freeFlow;2
2025-07-02T11:04:00+02:00;41652_D;22;10;60;heavy;1
2025-07-02T11:04:00+02:00;41683_D;47;22;60;heavy;1
2025-07-02T11:04:00+02:00;41683_G;40;26;25;heavy;1
2025-07-02T11:04:00+02:00;41709_D;35;13;60;freeFlow;1
2025-07-02T11:04:00+02:00;41709_G;31;15;55;freeFlow;1
2025-07-02T11:04:00+02:00;41712_D;35;6;60;freeFlow;1
2025-07-02T11:04:00+02:00;41712_G;37;6;46;freeFlow;2
2025-07-02T11:04:00+02:00;41713_D;41;3;52;freeFlow;1
2025-07-02T11:04:00+02:00;41713_G;17;7;75;heavy;2
2025-07-02T11:04:00+02:00;41729;26;3;100;heavy;3
2025-07-02T11:04:00+02:00;41730;20;2;12;heavy;1
2025-07-02T11:04:00+02:00;41731;25;2;25;heavy;1
2025-07-02T11:04:00+02:00;41753_D;33;6;52;freeFlow;1
2025-07-02T11:04:00+02:00;41753_G;28;7;72;freeFlow;2
2025-07-02T11:04:00+02:00;41764_D;23;2;60;freeFlow;1
2025-07-02T11:04:00+02:00;41764_G;31;1;25;freeFlow;1
2025-07-02T11:04:00+02:00;41781;30;2;75;heavy;2
2025-07-02T11:04:00+02:00;41782;30;3;75;heavy;2
2025-07-02T11:04:00+02:00;41783;31;2;100;heavy;4
2025-07-02T11:04:00+02:00;41784;31;2;100;heavy;4
2025-07-02T11:04:00+02:00;41809_D;37;7;52;freeFlow;1
2025-07-02T11:04:00+02:00;41809_G;29;8;52;freeFlow;1
2025-07-02T11:04:00+02:00;41810_D;43;1;52;freeFlow;1
2025-07-02T11:04:00+02:00;41810_G;29;2;52;freeFlow;1
2025-07-02T11:04:00+02:00;41811_D;42;6;55;freeFlow;1
2025-07-02T11:04:00+02:00;41811_G;29;9;52;freeFlow;1
2025-07-02T11:04:00+02:00;41812_D;35;5;55;freeFlow;1
2025-07-02T11:04:00+02:00;41812_G;29;6;52;freeFlow;1
2025-07-02T11:04:00+02:00;41813_D;35;4;55;freeFlow;1
2025-07-02T11:04:00+02:00;41813_G;29;5;52;freeFlow;1
2025-07-02T11:04:00+02:00;41814_D;35;6;55;freeFlow;1
2025-07-02T11:04:00+02:00;41814_G;29;8;52;freeFlow;1
2025-07-02T11:04:00+02:00;41815_D;33;6;55;freeFlow;1
2025-07-02T11:04:00+02:00;41815_G;29;7;52;freeFlow;1
2025-07-02T11:04:00+02:00;41817_D;25;7;55;freeFlow;1
2025-07-02T11:04:00+02:00;41817_G;29;7;52;freeFlow;1
2025-07-02T11:04:00+02:00;41818_D;32;3;55;freeFlow;1
2025-07-02T11:04:00+02:00;41818_G;29;2;52;freeFlow;1
2025-07-02T11:04:00+02:00;42028;37;13;100;freeFlow;3
2025-07-02T11:04:00+02:00;42029;36;41;100;freeFlow;4
2025-07-02T11:04:00+02:00;42030;41;37;75;freeFlow;2
2025-07-02T11:04:00+02:00;42031;33;46;100;heavy;4
2025-07-02T11:04:00+02:00;42047;42;8;32;heavy;1
2025-07-02T11:04:00+02:00;42049;50;2;0;unknown;0
2025-07-02T11:04:00+02:00;42050;65;1;60;freeFlow;1
2025-07-02T11:04:00+02:00;42051;89;6;73;freeFlow;2
2025-07-02T11:04:00+02:00;42125_D;44;26;50;freeFlow;1
2025-07-02T11:04:00+02:00;42125_G;54;21;55;freeFlow;1
2025-07-02T11:04:00+02:00;42134;76;31;75;freeFlow;2
2025-07-02T11:04:00+02:00;42135;38;71;60;heavy;1
2025-07-02T11:04:00+02:00;42206_D;30;31;75;heavy;2
2025-07-02T11:04:00+02:00;42238_D;35;10;60;heavy;1
2025-07-02T11:04:00+02:00;42257;39;13;32;heavy;1
2025-07-02T11:04:00+02:00;42273_D;7;28;60;congested;1
2025-07-02T11:04:00+02:00;42273_G;28;7;55;freeFlow;1
2025-07-02T11:04:00+02:00;42293_D;41;1;52;freeFlow;1
2025-07-02T11:04:00+02:00;42293_G;34;2;75;freeFlow;2
2025-07-02T11:04:00+02:00;42307_D;56;14;55;freeFlow;1
2025-07-02T11:04:00+02:00;42307_G;50;15;0;unknown;0
2025-07-02T11:04:00+02:00;42359;68;10;60;freeFlow;1
2025-07-02T11:04:00+02:00;42375;51;1;57;freeFlow;1
2025-07-02T11:04:00+02:00;42378_D;41;1;52;freeFlow;1
2025-07-02T11:04:00+02:00;42378_G;29;2;75;freeFlow;2
2025-07-02T11:04:00+02:00;42379;88;30;75;freeFlow;2
2025-07-02T11:04:00+02:00;42383;28;2;100;heavy;3
2025-07-02T11:04:00+02:00;42384;26;2;15;heavy;1
2025-07-02T11:04:00+02:00;42385;25;3;100;heavy;4
2025-07-02T11:04:00+02:00;42386;26;2;100;heavy;4
2025-07-02T11:04:00+02:00;42387;51;4;75;freeFlow;2
2025-07-02T11:04:00+02:00;42388;38;3;100;freeFlow;5
2025-07-02T11:04:00+02:00;42389;36;5;100;freeFlow;3
2025-07-02T11:04:00+02:00;42390;43;3;100;freeFlow;3
2025-07-02T11:04:00+02:00;42391;36;3;52;freeFlow;1
2025-07-02T11:04:00+02:00;42392;43;2;100;freeFlow;3
2025-07-02T11:04:00+02:00;42399;31;9;75;heavy;2
2025-07-02T11:04:00+02:00;42401_D;49;26;35;freeFlow;1
2025-07-02T11:04:00+02:00;42401_G;54;24;17;freeFlow;1
2025-07-02T11:04:00+02:00;42572;41;1;100;freeFlow;3
2025-07-02T11:04:00+02:00;42573;35;1;75;freeFlow;2
2025-07-02T11:04:00+02:00;42580;58;2;75;heavy;2
2025-07-02T11:04:00+02:00;42595_D;32;6;60;freeFlow;1
2025-07-02T11:04:00+02:00;42595_G;40;5;25;freeFlow;1
2025-07-02T11:04:00+02:00;42603;21;26;75;heavy;2
2025-07-02T11:04:00+02:00;42663_D;47;5;60;freeFlow;1
2025-07-02T11:04:00+02:00;42663_G;40;6;25;freeFlow;1
2025-07-02T11:04:00+02:00;42681_D;52;17;60;freeFlow;1
2025-07-02T11:04:00+02:00;42681_G;40;23;25;heavy;1
2025-07-02T11:04:00+02:00;42684_D;18;3;75;heavy;2
2025-07-02T11:04:00+02:00;42684_G;30;2;0;unknown;0
2025-07-02T11:04:00+02:00;42685;44;59;100;heavy;3
2025-07-02T11:04:00+02:00;42709_D;50;19;0;unknown;0
2025-07-02T11:04:00+02:00;42709_G;48;19;55;freeFlow;1
2025-07-02T11:04:00+02:00;42777_D;30;5;52;heavy;1
2025-07-02T11:04:00+02:00;42777_G;50;3;0;unknown;0
2025-07-02T11:04:00+02:00;42778_D;28;3;52;heavy;1
2025-07-02T11:04:00+02:00;42778_G;50;1;0;unknown;0
2025-07-02T11:04:00+02:00;42779;50;2;0;unknown;0
2025-07-02T11:04:00+02:00;42780_D;50;8;52;freeFlow;1
2025-07-02T11:04:00+02:00;42780_G;50;8;0;unknown;0
2025-07-02T11:04:00+02:00;42938_D;50;6;0;unknown;0
2025-07-02T11:04:00+02:00;42938_G;50;6;0;unknown;0
2025-07-02T11:04:00+02:00;42939_D;50;4;0;unknown;0
2025-07-02T11:04:00+02:00;42939_G;19;12;57;heavy;1
2025-07-02T11:04:00+02:00;42940_D;50;9;0;unknown;0
2025-07-02T11:04:00+02:00;42940_G;24;18;57;heavy;1
2025-07-02T11:04:00+02:00;42941_D;50;3;0;unknown;0
2025-07-02T11:04:00+02:00;42941_G;3;53;55;congested;1
2025-07-02T11:04:00+02:00;42947_D;50;9;0;unknown;0
2025-07-02T11:04:00+02:00;42947_G;25;18;10;heavy;1
2025-07-02T11:04:00+02:00;42948_D;0;1034;60;congested;1
2025-07-02T11:04:00+02:00;42948_G;3;71;60;congested;1
2025-07-02T11:04:00+02:00;42949_D;50;5;0;unknown;0
2025-07-02T11:04:00+02:00;42949_G;33;8;10;heavy;1
2025-07-02T11:04:00+02:00;42978_D;50;11;0;unknown;0
2025-07-02T11:04:00+02:00;42978_G;35;16;10;heavy;1
2025-07-02T11:04:00+02:00;42979_D;50;3;0;unknown;0
2025-07-02T11:04:00+02:00;42979_G;50;3;0;unknown;0
2025-07-02T11:04:00+02:00;42983_D;50;8;0;unknown;0
2025-07-02T11:04:00+02:00;42983_G;14;28;57;congested;1
2025-07-02T11:04:00+02:00;42999_D;50;12;0;unknown;0
2025-07-02T11:04:00+02:00;42999_G;50;12;0;unknown;0
2025-07-02T11:04:00+02:00;43000_D;50;5;0;unknown;0
2025-07-02T11:04:00+02:00;43000_G;50;5;0;unknown;0
2025-07-02T11:04:00+02:00;43001_D;50;4;0;unknown;0
2025-07-02T11:04:00+02:00;43001_G;50;4;0;unknown;0
2025-07-02T11:04:00+02:00;43003_D;50;3;0;unknown;0
2025-07-02T11:04:00+02:00;43003_G;50;3;0;unknown;0
2025-07-02T11:04:00+02:00;43027_D;50;5;0;unknown;0
2025-07-02T11:04:00+02:00;43027_G;28;9;57;heavy;1
2025-07-02T11:04:00+02:00;43029_D;50;8;0;unknown;0
2025-07-02T11:04:00+02:00;43029_G;33;13;10;heavy;1
2025-07-02T11:04:00+02:00;43046_D;18;17;45;heavy;1
2025-07-02T11:04:00+02:00;43046_G;50;6;0;unknown;0
2025-07-02T11:04:00+02:00;43047_D;18;10;45;heavy;1
2025-07-02T11:04:00+02:00;43047_G;50;3;0;unknown;0
2025-07-02T11:04:00+02:00;43048_D;50;5;0;unknown;0
2025-07-02T11:04:00+02:00;43048_G;28;9;27;heavy;1
2025-07-02T11:04:00+02:00;43049_D;30;4;0;unknown;0
2025-07-02T11:04:00+02:00;43049_G;30;4;10;freeFlow;1
2025-07-02T11:04:00+02:00;43050_D;50;3;0;unknown;0
2025-07-02T11:04:00+02:00;43050_G;50;3;0;unknown;0
2025-07-02T11:04:00+02:00;43099;33;2;45;heavy;1
2025-07-02T11:04:00+02:00;43352_G;36;13;52;freeFlow;1
2025-07-02T11:04:00+02:00;43451_D;34;14;50;freeFlow;1
2025-07-02T11:04:00+02:00;43481;21;34;60;heavy;1
2025-07-02T11:04:00+02:00;43627;39;17;70;freeFlow;2
2025-07-02T11:04:00+02:00;43658_D;19;9;15;heavy;1
2025-07-02T11:04:00+02:00;43658_G;11;16;57;congested;2
2025-07-02T11:04:00+02:00;43718_D;50;3;0;unknown;0
2025-07-02T11:04:00+02:00;43718_G;42;3;20;freeFlow;1
2025-07-02T11:04:00+02:00;43719_D;50;9;0;unknown;0
2025-07-02T11:04:00+02:00;43719_G;17;27;60;heavy;1
2025-07-02T11:04:00+02:00;43720_D;50;4;0;unknown;0
2025-07-02T11:04:00+02:00;43720_G;53;4;60;freeFlow;1
2025-07-02T11:04:00+02:00;43724_D;50;8;0;unknown;0
2025-07-02T11:04:00+02:00;43724_G;30;13;27;heavy;1
2025-07-02T11:04:00+02:00;43733_D;50;4;0;unknown;0
2025-07-02T11:04:00+02:00;43733_G;50;4;0;unknown;0
2025-07-02T11:04:00+02:00;43736_D;50;4;0;unknown;0
2025-07-02T11:04:00+02:00;43736_G;53;3;60;freeFlow;1
2025-07-02T11:04:00+02:00;43739_D;50;6;0;unknown;0
2025-07-02T11:04:00+02:00;43739_G;39;9;20;freeFlow;1
2025-07-02T11:04:00+02:00;43740_D;50;6;0;unknown;0
2025-07-02T11:04:00+02:00;43740_G;39;7;20;freeFlow;1
2025-07-02T11:04:00+02:00;43741_D;50;1;0;unknown;0
2025-07-02T11:04:00+02:00;43741_G;39;1;20;freeFlow;1
2025-07-02T11:04:00+02:00;43742_D;50;7;0;unknown;0
2025-07-02T11:04:00+02:00;43742_G;40;9;0;unknown;0
2025-07-02T11:04:00+02:00;43743_G;15;84;10;heavy;1
2025-07-02T11:04:00+02:00;43744_D;50;5;0;unknown;0
2025-07-02T11:04:00+02:00;43744_G;46;5;0;unknown;0
2025-07-02T11:04:00+02:00;43748;21;10;53;freeFlow;2
2025-07-02T11:04:00+02:00;43757;9;12;30;congested;1
2025-07-02T11:04:00+02:00;43758;29;10;30;heavy;1
2025-07-02T11:04:00+02:00;43786_D;50;12;0;unknown;0
2025-07-02T11:04:00+02:00;43786_G;28;22;0;unknown;0
2025-07-02T11:04:00+02:00;43787_D;14;9;0;unknown;0
2025-07-02T11:04:00+02:00;43787_G;16;8;32;heavy;1
2025-07-02T11:04:00+02:00;43788_D;37;3;75;freeFlow;2
2025-07-02T11:04:00+02:00;43788_G;25;3;27;heavy;1
2025-07-02T11:04:00+02:00;43789_D;40;7;75;freeFlow;2
2025-07-02T11:04:00+02:00;43789_G;25;11;27;heavy;1
2025-07-02T11:04:00+02:00;43790_D;42;6;75;freeFlow;2
2025-07-02T11:04:00+02:00;43790_G;25;9;27;heavy;1
2025-07-02T11:04:00+02:00;43791_D;44;3;75;freeFlow;2
2025-07-02T11:04:00+02:00;43791_G;25;5;27;heavy;1
2025-07-02T11:04:00+02:00;43792_D;46;7;75;freeFlow;2
2025-07-02T11:04:00+02:00;43792_G;25;13;27;heavy;1
2025-07-02T11:04:00+02:00;43814_D;26;27;60;heavy;1
2025-07-02T11:04:00+02:00;43814_G;39;18;60;freeFlow;1
2025-07-02T11:04:00+02:00;43815_D;35;11;60;heavy;1
2025-07-02T11:04:00+02:00;43815_G;33;11;74;heavy;2
2025-07-02T11:04:00+02:00;43817_D;50;14;0;unknown;0
2025-07-02T11:04:00+02:00;43817_G;3;228;22;congested;1
2025-07-02T11:04:00+02:00;43819;19;24;60;heavy;2
2025-07-02T11:04:00+02:00;43821;30;9;30;heavy;1
2025-07-02T11:04:00+02:00;43828_D;4;148;75;congested;2
2025-07-02T11:04:00+02:00;43828_G;14;37;32;congested;1
2025-07-02T11:04:00+02:00;43835_D;29;12;60;heavy;1
2025-07-02T11:04:00+02:00;43835_G;46;8;60;freeFlow;1
2025-07-02T11:04:00+02:00;43836;37;13;60;freeFlow;1
2025-07-02T11:04:00+02:00;43871_D;20;10;15;heavy;1
2025-07-02T11:04:00+02:00;43871_G;19;11;15;heavy;1
2025-07-02T11:04:00+02:00;43872_D;50;4;0;unknown;0
2025-07-02T11:04:00+02:00;43872_G;8;26;12;congested;1
2025-07-02T11:04:00+02:00;43873_D;50;5;0;unknown;0
2025-07-02T11:04:00+02:00;43873_G;38;7;12;freeFlow;1
2025-07-02T11:04:00+02:00;43925_D;50;5;0;unknown;0
2025-07-02T11:04:00+02:00;43925_G;12;21;12;congested;1
2025-07-02T11:04:00+02:00;43937_D;22;14;38;heavy;1
2025-07-02T11:04:00+02:00;43937_G;7;41;57;congested;1
2025-07-02T11:04:00+02:00;43938_D;46;21;40;freeFlow;1
2025-07-02T11:04:00+02:00;43938_G;52;19;55;freeFlow;1
2025-07-02T11:04:00+02:00;43972;12;28;17;congested;1
2025-07-02T11:04:00+02:00;43974;19;26;100;heavy;3
2025-07-02T11:04:00+02:00;43975;45;5;100;freeFlow;3
2025-07-02T11:04:00+02:00;44002_D;31;14;45;heavy;1
2025-07-02T11:04:00+02:00;44002_G;76;6;60;freeFlow;1
2025-07-02T11:04:00+02:00;44003_D;40;10;45;freeFlow;1
2025-07-02T11:04:00+02:00;44012;35;19;75;freeFlow;2
2025-07-02T11:04:00+02:00;44017_D;32;4;42;heavy;1
2025-07-02T11:04:00+02:00;44018_D;38;15;42;freeFlow;1
2025-07-02T11:04:00+02:00;44028;54;5;17;freeFlow;1
2025-07-02T11:04:00+02:00;44036_D;31;4;42;heavy;1
2025-07-02T11:04:00+02:00;44036_G;35;3;50;freeFlow;1
2025-07-02T11:04:00+02:00;44066;16;12;60;heavy;1
2025-07-02T11:04:00+02:00;44067;19;38;60;heavy;1
2025-07-02T11:04:00+02:00;44069;14;15;97;congested;3
2025-07-02T11:04:00+02:00;44084_D;50;5;0;unknown;0
2025-07-02T11:04:00+02:00;44084_G;52;5;75;freeFlow;2
2025-07-02T11:04:00+02:00;44089_D;50;6;0;unknown;0
2025-07-02T11:04:00+02:00;44089_G;50;6;0;unknown;0
2025-07-02T11:04:00+02:00;44090_D;50;5;0;unknown;0
2025-07-02T11:04:00+02:00;44090_G;50;5;0;unknown;0
2025-07-02T11:04:00+02:00;44131;33;19;75;heavy;2
2025-07-02T11:04:00+02:00;44134;50;9;0;unknown;0
2025-07-02T11:04:00+02:00;44165_D;59;4;30;freeFlow;1
2025-07-02T11:04:00+02:00;44165_G;27;9;75;heavy;2
2025-07-02T11:04:00+02:00;44198_D;41;17;48;freeFlow;1
2025-07-02T11:04:00+02:00;44198_G;50;14;0;unknown;0
2025-07-02T11:04:00+02:00;44199_D;18;13;60;heavy;1
2025-07-02T11:04:00+02:00;44199_G;50;5;0;unknown;0
2025-07-02T11:04:00+02:00;44231_D;50;5;0;unknown;0
2025-07-02T11:04:00+02:00;44231_G;50;5;0;unknown;0
2025-07-02T11:04:00+02:00;44232_D;50;4;0;unknown;0
2025-07-02T11:04:00+02:00;44232_G;21;10;60;heavy;1
2025-07-02T11:04:00+02:00;44234_D;50;7;0;unknown;0
2025-07-02T11:04:00+02:00;44234_G;57;6;60;freeFlow;1
2025-07-02T11:04:00+02:00;44259_D;27;4;50;heavy;1
2025-07-02T11:04:00+02:00;44259_G;38;3;27;freeFlow;1
2025-07-02T11:04:00+02:00;44260;29;14;63;heavy;2
2025-07-02T11:04:00+02:00;44261_D;28;16;0;unknown;0
2025-07-02T11:04:00+02:00;44261_G;19;24;27;heavy;1
2025-07-02T11:04:00+02:00;44293;50;5;0;unknown;0
2025-07-02T11:04:00+02:00;44303_D;50;2;0;unknown;0
2025-07-02T11:04:00+02:00;44303_G;53;2;60;freeFlow;1
2025-07-02T11:04:00+02:00;44304_D;28;16;63;heavy;2
2025-07-02T11:04:00+02:00;44304_G;53;8;60;freeFlow;1
2025-07-02T11:04:00+02:00;44322_D;50;44;0;unknown;0
2025-07-02T11:04:00+02:00;44322_G;17;131;60;heavy;1
2025-07-02T11:04:00+02:00;44328;50;10;0;unknown;0
2025-07-02T11:04:00+02:00;44583_D;29;12;32;heavy;1
2025-07-02T11:04:00+02:00;44583_G;6;56;60;congested;1
2025-07-02T11:04:00+02:00;44584_D;50;10;0;unknown;0
2025-07-02T11:04:00+02:00;44584_G;30;16;75;heavy;2
2025-07-02T11:04:00+02:00;44632_D;59;17;30;freeFlow;1
2025-07-02T11:04:00+02:00;44632_G;42;24;75;freeFlow;2
2025-07-02T11:04:00+02:00;44694_D;9;68;20;congested;1
2025-07-02T11:04:00+02:00;44694_G;21;28;20;heavy;1
2025-07-02T11:04:00+02:00;44695_D;50;2;0;unknown;0
2025-07-02T11:04:00+02:00;44695_G;50;2;0;unknown;0
2025-07-02T11:04:00+02:00;44711_D;11;55;0;unknown;0
2025-07-02T11:04:00+02:00;44711_G;36;17;55;freeFlow;2
2025-07-02T11:04:00+02:00;44712_D;50;5;0;unknown;0
2025-07-02T11:04:00+02:00;44712_G;35;7;55;heavy;2
2025-07-02T11:04:00+02:00;44714_D;50;1;0;unknown;0
2025-07-02T11:04:00+02:00;44714_G;39;1;55;freeFlow;2
2025-07-02T11:04:00+02:00;44736_D;50;2;0;unknown;0
2025-07-02T11:04:00+02:00;44736_G;31;3;75;heavy;2
2025-07-02T11:04:00+02:00;44868;70;6;0;unknown;0
2025-07-02T11:04:00+02:00;44873;50;3;0;unknown;0
2025-07-02T11:04:00+02:00;44874;68;6;100;freeFlow;4
2025-07-02T11:04:00+02:00;44875;50;8;0;unknown;0
2025-07-02T11:04:00+02:00;44877;68;6;100;freeFlow;4
2025-07-02T11:04:00+02:00;44878;69;13;52;freeFlow;1
2025-07-02T11:04:00+02:00;44880;105;14;60;freeFlow;1
2025-07-02T11:04:00+02:00;44882;84;12;75;freeFlow;2
2025-07-02T11:04:00+02:00;44884;89;15;100;freeFlow;13
2025-07-02T11:04:00+02:00;44900;72;21;48;freeFlow;1
2025-07-02T11:04:00+02:00;44902_D;50;33;0;unknown;0
2025-07-02T11:04:00+02:00;44902_G;53;31;60;freeFlow;1
2025-07-02T11:04:00+02:00;44905;73;9;100;freeFlow;4
2025-07-02T11:04:00+02:00;44920;94;2;100;freeFlow;8
2025-07-02T11:04:00+02:00;44942;84;13;75;freeFlow;2
2025-07-02T11:04:00+02:00;44948;94;11;100;freeFlow;5
2025-07-02T11:04:00+02:00;44961;22;15;75;freeFlow;2
2025-07-02T11:04:00+02:00;44962;6;43;82;congested;3
2025-07-02T11:04:00+02:00;44963;23;4;60;heavy;1
2025-07-02T11:04:00+02:00;44966;91;11;100;freeFlow;3
2025-07-02T11:04:00+02:00;44974;20;6;100;heavy;4
2025-07-02T11:04:00+02:00;45012_D;50;1;0;unknown;0
2025-07-02T11:04:00+02:00;45012_G;16;4;10;heavy;1
2025-07-02T11:04:00+02:00;45028_D;50;17;0;unknown;0
2025-07-02T11:04:00+02:00;45028_G;40;22;10;freeFlow;1
2025-07-02T11:04:00+02:00;45029_D;50;7;0;unknown;0
2025-07-02T11:04:00+02:00;45029_G;50;7;0;unknown;0
2025-07-02T11:04:00+02:00;45106_D;50;3;0;unknown;0
2025-07-02T11:04:00+02:00;45106_G;29;5;10;heavy;1
2025-07-02T11:04:00+02:00;45136_D;24;33;60;heavy;1
2025-07-02T11:04:00+02:00;45149;16;32;75;heavy;2
2025-07-02T11:04:00+02:00;45166;16;2;60;heavy;1
2025-07-02T11:04:00+02:00;45169;43;2;75;freeFlow;2
2025-07-02T11:04:00+02:00;45236_G;50;10;0;unknown;0
2025-07-02T11:04:00+02:00;45238;50;12;0;unknown;0
2025-07-02T11:04:00+02:00;45239;55;9;60;freeFlow;1
2025-07-02T11:04:00+02:00;45240;55;9;60;heavy;1
2025-07-02T11:04:00+02:00;45241;55;2;60;heavy;1
2025-07-02T11:04:00+02:00;45305;90;3;0;unknown;0
2025-07-02T11:04:00+02:00;45306;90;7;0;unknown;0
2025-07-02T11:04:00+02:00;45327;83;7;100;freeFlow;15
2025-07-02T11:04:00+02:00;45486_D;5;36;15;congested;1
2025-07-02T11:04:00+02:00;45487_D;22;11;15;heavy;1
2025-07-02T11:04:00+02:00;45630;87;13;100;freeFlow;21
2025-07-02T11:04:00+02:00;45645_D;58;9;52;freeFlow;1
2025-07-02T11:04:00+02:00;45651;41;4;60;freeFlow;1
2025-07-02T11:04:00+02:00;45761_D;40;7;50;freeFlow;1
2025-07-02T11:04:00+02:00;45865_D;33;11;60;heavy;1
2025-07-02T11:04:00+02:00;46053_D;32;12;35;heavy;1
2025-07-02T11:04:00+02:00;46056_D;36;3;35;freeFlow;1
2025-07-02T11:04:00+02:00;46061;50;4;0;unknown;0
2025-07-02T11:04:00+02:00;46567_D;104;1;60;freeFlow;1
2025-07-02T11:04:00+02:00;46642;50;5;0;unknown;0
2025-07-02T11:04:00+02:00;46771;68;12;100;freeFlow;3
2025-07-02T11:04:00+02:00;46821_D;35;23;100;freeFlow;3
2025-07-02T11:04:00+02:00;46821_G;34;24;57;heavy;1
2025-07-02T11:04:00+02:00;46923_D;38;1;100;freeFlow;3
2025-07-02T11:04:00+02:00;46923_G;40;1;57;freeFlow;1
2025-07-02T11:04:00+02:00;46976;50;4;0;unknown;0
2025-07-02T11:04:00+02:00;47029;11;35;74;congested;2
2025-07-02T11:04:00+02:00;47061;81;22;100;freeFlow;8
2025-07-02T11:04:00+02:00;47239;90;6;100;freeFlow;6
2025-07-02T11:04:00+02:00;47410;92;15;100;freeFlow;7
2025-07-02T11:04:00+02:00;47411;92;14;100;freeFlow;14
2025-07-02T11:04:00+02:00;47412;36;1;48;heavy;1
2025-07-02T11:04:00+02:00;47413;34;13;70;heavy;2
2025-07-02T11:04:00+02:00;47414;71;1;55;freeFlow;1
2025-07-02T11:04:00+02:00;47416;90;13;100;freeFlow;6
2025-07-02T11:04:00+02:00;47418;89;17;100;freeFlow;13
2025-07-02T11:04:00+02:00;47420;94;10;60;freeFlow;1
2025-07-02T11:04:00+02:00;47476;31;19;55;heavy;1
2025-07-02T11:04:00+02:00;47477;94;2;60;freeFlow;1
2025-07-02T11:04:00+02:00;47479;62;16;50;freeFlow;1
2025-07-02T11:04:00+02:00;47480;84;53;100;freeFlow;5
2025-07-02T11:04:00+02:00;47481;88;52;100;freeFlow;13
2025-07-02T11:04:00+02:00;47537_D;30;11;75;heavy;2
2025-07-02T11:04:00+02:00;47537_G;25;12;27;heavy;1
2025-07-02T11:04:00+02:00;47742_D;29;8;42;heavy;1
2025-07-02T11:04:00+02:00;48758;68;1;100;freeFlow;3
2025-07-02T11:04:00+02:00;48759;58;1;100;freeFlow;3
2025-07-02T11:04:00+02:00;48920_D;50;5;0;unknown;0
2025-07-02T11:04:00+02:00;48920_G;9;26;10;congested;1
2025-07-02T11:04:00+02:00;489866_D;46;3;48;freeFlow;1
2025-07-02T11:04:00+02:00;489970;58;16;100;freeFlow;4
2025-07-02T11:04:00+02:00;489971;34;4;48;heavy;1
2025-07-02T11:04:00+02:00;489972;86;5;100;freeFlow;11
2025-07-02T11:04:00+02:00;490059_D;70;13;0;unknown;0
2025-07-02T11:04:00+02:00;490059_G;55;17;60;freeFlow;1
2025-07-02T11:04:00+02:00;490080_D;50;1;0;unknown;0
2025-07-02T11:04:00+02:00;490080_G;60;1;60;freeFlow;1
2025-07-02T11:04:00+02:00;49026;43;2;100;freeFlow;3
2025-07-02T11:04:00+02:00;49053;11;47;75;congested;2
2025-07-02T11:04:00+02:00;490823;58;13;100;freeFlow;4
2025-07-02T11:04:00+02:00;490824;35;10;60;heavy;1
2025-07-02T11:04:00+02:00;490825;55;14;100;freeFlow;4
2025-07-02T11:04:00+02:00;490827;32;12;100;heavy;4
2025-07-02T11:04:00+02:00;490828_D;28;18;66;freeFlow;2
2025-07-02T11:04:00+02:00;490828_G;57;9;60;freeFlow;1
2025-07-02T11:04:00+02:00;491005_D;50;3;0;unknown;0
2025-07-02T11:04:00+02:00;491005_G;50;3;0;unknown;0
2025-07-02T11:04:00+02:00;491126_D;5;83;51;congested;1
2025-07-02T11:04:00+02:00;491126_G;57;8;60;freeFlow;1
2025-07-02T11:04:00+02:00;491135;27;5;100;heavy;5
2025-07-02T11:04:00+02:00;491141;24;3;100;heavy;3
2025-07-02T11:04:00+02:00;491300_D;28;23;0;unknown;0
2025-07-02T11:04:00+02:00;491300_G;38;17;25;freeFlow;1
2025-07-02T11:04:00+02:00;491308;18;3;30;heavy;1
2025-07-02T11:04:00+02:00;491320_D;36;8;63;freeFlow;2
2025-07-02T11:04:00+02:00;491320_G;39;7;30;freeFlow;1
2025-07-02T11:04:00+02:00;491326_D;33;16;65;heavy;2
2025-07-02T11:04:00+02:00;491326_G;42;13;27;freeFlow;1
2025-07-02T11:04:00+02:00;491329_D;21;10;50;heavy;1
2025-07-02T11:04:00+02:00;491329_G;29;7;27;heavy;1
2025-07-02T11:04:00+02:00;491490;13;18;92;congested;3
2025-07-02T11:04:00+02:00;491714_D;36;7;100;freeFlow;3
2025-07-02T11:04:00+02:00;491714_G;40;6;57;freeFlow;1
2025-07-02T11:04:00+02:00;491735_D;34;3;100;freeFlow;3
2025-07-02T11:04:00+02:00;491735_G;36;4;57;freeFlow;1
2025-07-02T11:04:00+02:00;491794_D;50;3;0;unknown;0
2025-07-02T11:04:00+02:00;491794_G;50;3;0;unknown;0
2025-07-02T11:04:00+02:00;491872;78;8;60;freeFlow;1
2025-07-02T11:04:00+02:00;491877;77;1;100;freeFlow;3
2025-07-02T11:04:00+02:00;491881;61;1;60;freeFlow;1
2025-07-02T11:04:00+02:00;491884;42;2;60;freeFlow;1
2025-07-02T11:04:00+02:00;491888;106;8;100;freeFlow;3
2025-07-02T11:04:00+02:00;491890;71;1;100;freeFlow;3
2025-07-02T11:04:00+02:00;491917;37;3;75;heavy;2
2025-07-02T11:04:00+02:00;49225_D;50;6;0;unknown;0
2025-07-02T11:04:00+02:00;49225_G;50;6;0;unknown;0
2025-07-02T11:04:00+02:00;492315_D;50;29;0;unknown;0
2025-07-02T11:04:00+02:00;492315_G;31;48;75;heavy;2
2025-07-02T11:04:00+02:00;492351_D;8;15;45;congested;1
2025-07-02T11:04:00+02:00;492359_G;41;6;55;freeFlow;1
2025-07-02T11:04:00+02:00;492437;52;4;75;freeFlow;2
2025-07-02T11:04:00+02:00;492442;20;2;100;heavy;5
2025-07-02T11:04:00+02:00;492445_D;20;30;75;heavy;2
2025-07-02T11:04:00+02:00;492478;34;4;100;heavy;8
2025-07-02T11:04:00+02:00;492492;109;3;60;freeFlow;1
2025-07-02T11:04:00+02:00;49315_D;50;4;0;unknown;0
2025-07-02T11:04:00+02:00;49315_G;22;9;55;heavy;1
2025-07-02T11:04:00+02:00;49943_D;50;14;0;unknown;0
2025-07-02T11:04:00+02:00;49943_G;50;14;0;unknown;0
2025-07-02T11:04:00+02:00;49947;18;10;49;heavy;2
2025-07-02T11:04:00+02:00;49958_D;50;5;0;unknown;0
2025-07-02T11:04:00+02:00;49958_G;44;6;40;freeFlow;1
2025-07-02T11:04:00+02:00;50308_D;30;9;48;heavy;1
2025-07-02T11:04:00+02:00;50441;11;22;75;congested;2
2025-07-02T11:04:00+02:00;50525;6;37;52;congested;1
2025-07-02T11:04:00+02:00;50571;46;2;15;freeFlow;1
2025-07-02T11:04:00+02:00;50625;44;5;15;freeFlow;1
2025-07-02T11:04:00+02:00;5064_D;51;10;60;freeFlow;1
2025-07-02T11:04:00+02:00;5064_G;63;8;75;freeFlow;2
2025-07-02T11:04:00+02:00;51419;37;20;12;freeFlow;1
2025-07-02T11:04:00+02:00;51474_D;29;1;75;heavy;2
2025-07-02T11:04:00+02:00;51474_G;25;2;27;heavy;1
2025-07-02T11:04:00+02:00;51798;12;6;75;congested;2
2025-07-02T11:04:00+02:00;52107_D;43;10;100;freeFlow;3
2025-07-02T11:04:00+02:00;52107_G;36;13;57;freeFlow;1
2025-07-02T11:04:00+02:00;52129;50;6;0;unknown;0
2025-07-02T11:04:00+02:00;52835_D;7;22;60;congested;1
2025-07-02T11:04:00+02:00;53020_D;38;3;42;freeFlow;1
2025-07-02T11:04:00+02:00;53327_D;49;7;60;freeFlow;1
2025-07-02T11:04:00+02:00;53327_G;52;7;60;freeFlow;1
2025-07-02T11:04:00+02:00;53411_G;17;22;52;heavy;1
2025-07-02T11:04:00+02:00;53428;81;58;100;freeFlow;7
2025-07-02T11:04:00+02:00;53539_D;53;4;48;freeFlow;1
2025-07-02T11:04:00+02:00;53566;42;3;17;freeFlow;1
2025-07-02T11:04:00+02:00;53623;26;4;60;heavy;1
2025-07-02T11:04:00+02:00;53624;26;3;91;heavy;3
2025-07-02T11:04:00+02:00;53625;58;1;30;freeFlow;1
2025-07-02T11:04:00+02:00;53634_D;31;2;45;freeFlow;1
2025-07-02T11:04:00+02:00;53634_G;30;2;0;unknown;0
2025-07-02T11:04:00+02:00;53641_D;37;12;45;freeFlow;1
2025-07-02T11:04:00+02:00;53641_G;17;25;58;heavy;2
2025-07-02T11:04:00+02:00;53652;50;15;0;unknown;0
2025-07-02T11:04:00+02:00;53659;43;4;68;freeFlow;2
2025-07-02T11:04:00+02:00;53702;87;5;100;freeFlow;9
2025-07-02T11:04:00+02:00;53892;52;1;100;freeFlow;5
2025-07-02T11:04:00+02:00;53893;47;13;100;freeFlow;5
2025-07-02T11:04:00+02:00;53895;43;7;100;freeFlow;6
2025-07-02T11:04:00+02:00;53896;40;10;100;freeFlow;7
2025-07-02T11:04:00+02:00;53898;25;23;100;heavy;9
2025-07-02T11:04:00+02:00;53900;14;41;100;congested;7
2025-07-02T11:04:00+02:00;53901;25;10;100;heavy;9
2025-07-02T11:04:00+02:00;53903;40;5;100;freeFlow;9
2025-07-02T11:04:00+02:00;53904;30;5;75;heavy;2
2025-07-02T11:04:00+02:00;53905;38;10;100;freeFlow;10
2025-07-02T11:04:00+02:00;53908;31;4;100;heavy;3
2025-07-02T11:04:00+02:00;53910;16;20;100;heavy;3
2025-07-02T11:04:00+02:00;53912;32;10;100;heavy;5
2025-07-02T11:04:00+02:00;53915;56;10;75;freeFlow;2
2025-07-02T11:04:00+02:00;53918;55;9;75;freeFlow;2
2025-07-02T11:04:00+02:00;53919;52;3;75;freeFlow;2
2025-07-02T11:04:00+02:00;53921;42;13;75;freeFlow;2
2025-07-02T11:04:00+02:00;53922;51;3;75;freeFlow;2
2025-07-02T11:04:00+02:00;53923;51;10;100;freeFlow;5
2025-07-02T11:04:00+02:00;53925_D;70;4;0;unknown;0
2025-07-02T11:04:00+02:00;53925_G;59;4;60;freeFlow;1
2025-07-02T11:04:00+02:00;53936;106;8;100;freeFlow;3
2025-07-02T11:04:00+02:00;53938;106;3;100;freeFlow;3
2025-07-02T11:04:00+02:00;53939;73;19;60;freeFlow;1
2025-07-02T11:04:00+02:00;53941;87;6;100;freeFlow;4
2025-07-02T11:04:00+02:00;53942;86;3;100;freeFlow;4
2025-07-02T11:04:00+02:00;53944;72;0;100;freeFlow;3
2025-07-02T11:04:00+02:00;53945;106;4;100;freeFlow;3
2025-07-02T11:04:00+02:00;53946;40;1;84;freeFlow;4
2025-07-02T11:04:00+02:00;53947;91;0;100;freeFlow;3
2025-07-02T11:04:00+02:00;53948;106;2;100;freeFlow;3
2025-07-02T11:04:00+02:00;53949;106;2;100;freeFlow;3
2025-07-02T11:04:00+02:00;53950;96;39;100;freeFlow;5
2025-07-02T11:04:00+02:00;53952_D;37;3;75;freeFlow;2
2025-07-02T11:04:00+02:00;53952_G;33;4;45;heavy;2
2025-07-02T11:04:00+02:00;53959;88;41;75;freeFlow;2
2025-07-02T11:04:00+02:00;53961;93;62;100;freeFlow;6
2025-07-02T11:04:00+02:00;53987;43;2;100;freeFlow;3
2025-07-02T11:04:00+02:00;53990;49;6;75;freeFlow;2
2025-07-02T11:04:00+02:00;54067;91;11;100;freeFlow;6
2025-07-02T11:04:00+02:00;54134;51;15;60;freeFlow;1
2025-07-02T11:04:00+02:00;54138;30;35;99;heavy;3
2025-07-02T11:04:00+02:00;54140;36;55;74;freeFlow;2
2025-07-02T11:04:00+02:00;54144;59;3;63;freeFlow;2
2025-07-02T11:04:00+02:00;54150;42;21;38;freeFlow;1
2025-07-02T11:04:00+02:00;54153;38;23;50;freeFlow;1
2025-07-02T11:04:00+02:00;54154;16;69;55;heavy;1
2025-07-02T11:04:00+02:00;54155;41;26;38;freeFlow;1
2025-07-02T11:04:00+02:00;54161;6;36;32;congested;1
2025-07-02T11:04:00+02:00;54187_D;30;11;0;unknown;0
2025-07-02T11:04:00+02:00;54187_G;33;11;0;unknown;0
2025-07-02T11:04:00+02:00;54189_D;32;12;15;freeFlow;1
2025-07-02T11:04:00+02:00;54189_G;31;13;50;freeFlow;1
2025-07-02T11:04:00+02:00;54191_D;32;9;15;freeFlow;1
2025-07-02T11:04:00+02:00;54191_G;33;8;52;freeFlow;1
2025-07-02T11:04:00+02:00;54197;36;21;52;freeFlow;1
2025-07-02T11:04:00+02:00;54198;7;32;60;congested;1
2025-07-02T11:04:00+02:00;54206;17;33;60;heavy;1
2025-07-02T11:04:00+02:00;54208;32;2;60;freeFlow;1
2025-07-02T11:04:00+02:00;54212;37;44;60;freeFlow;1
2025-07-02T11:04:00+02:00;54223_D;30;2;0;unknown;0
2025-07-02T11:04:00+02:00;54223_G;25;3;27;freeFlow;1
2025-07-02T11:04:00+02:00;54227;90;10;100;freeFlow;13
2025-07-02T11:04:00+02:00;54234;73;1;75;freeFlow;2
2025-07-02T11:04:00+02:00;54239;55;1;75;freeFlow;2
2025-07-02T11:04:00+02:00;54240;7;46;60;congested;1
2025-07-02T11:04:00+02:00;54241;36;2;100;freeFlow;3
2025-07-02T11:04:00+02:00;54243;20;28;75;heavy;2
2025-07-02T11:04:00+02:00;54297;9;90;100;congested;4
2025-07-02T11:04:00+02:00;54339;49;19;52;freeFlow;1
2025-07-02T11:04:00+02:00;54340;15;20;100;heavy;3
2025-07-02T11:04:00+02:00;54358_D;35;20;48;heavy;1
2025-07-02T11:04:00+02:00;54358_G;93;8;60;freeFlow;1
2025-07-02T11:04:00+02:00;54363;74;6;60;freeFlow;1
2025-07-02T11:04:00+02:00;54365;75;4;60;freeFlow;1
2025-07-02T11:04:00+02:00;54367;46;9;60;freeFlow;1
2025-07-02T11:04:00+02:00;54368;34;3;60;heavy;1
2025-07-02T11:04:00+02:00;54369;47;26;100;freeFlow;19
2025-07-02T11:04:00+02:00;54372;23;2;60;heavy;1
2025-07-02T11:04:00+02:00;54375;28;24;100;heavy;3
2025-07-02T11:04:00+02:00;54376;25;8;100;heavy;5
2025-07-02T11:04:00+02:00;54378;10;32;60;congested;1
2025-07-02T11:04:00+02:00;54381;32;9;100;heavy;8
2025-07-02T11:04:00+02:00;54382;19;11;75;heavy;2
2025-07-02T11:04:00+02:00;54383;39;21;100;freeFlow;3
2025-07-02T11:04:00+02:00;54384;89;3;75;freeFlow;2
2025-07-02T11:04:00+02:00;54385;32;8;100;heavy;4
2025-07-02T11:04:00+02:00;54386;11;5;48;congested;1
2025-07-02T11:04:00+02:00;54400;35;15;75;heavy;2
2025-07-02T11:04:00+02:00;54401;37;3;60;freeFlow;1
2025-07-02T11:04:00+02:00;54406;50;51;75;freeFlow;2
2025-07-02T11:04:00+02:00;54428_D;50;12;0;unknown;0
2025-07-02T11:04:00+02:00;54428_G;42;14;60;freeFlow;1
2025-07-02T11:04:00+02:00;54429_D;26;26;51;heavy;2
2025-07-02T11:04:00+02:00;54429_G;18;37;75;heavy;2
2025-07-02T11:04:00+02:00;54438_D;41;1;57;freeFlow;1
2025-07-02T11:04:00+02:00;54438_G;50;1;0;unknown;0
2025-07-02T11:04:00+02:00;54440_D;41;7;57;freeFlow;1
2025-07-02T11:04:00+02:00;54440_G;50;6;0;unknown;0
2025-07-02T11:04:00+02:00;54444_D;50;1;0;unknown;0
2025-07-02T11:04:00+02:00;54444_G;50;1;0;unknown;0
2025-07-02T11:04:00+02:00;54447_D;50;11;0;unknown;0
2025-07-02T11:04:00+02:00;54447_G;50;11;0;unknown;0
2025-07-02T11:04:00+02:00;54448_D;50;3;0;unknown;0
2025-07-02T11:04:00+02:00;54448_G;50;3;0;unknown;0
2025-07-02T11:04:00+02:00;54449_D;50;10;0;unknown;0
2025-07-02T11:04:00+02:00;54449_G;50;10;0;unknown;0
2025-07-02T11:04:00+02:00;54453_D;50;3;0;unknown;0
2025-07-02T11:04:00+02:00;54453_G;50;3;0;unknown;0
2025-07-02T11:04:00+02:00;54455;50;2;0;unknown;0
2025-07-02T11:04:00+02:00;54457;50;8;0;unknown;0
2025-07-02T11:04:00+02:00;54460;50;5;0;unknown;0
2025-07-02T11:04:00+02:00;54463_D;50;6;0;unknown;0
2025-07-02T11:04:00+02:00;54463_G;50;6;0;unknown;0
2025-07-02T11:04:00+02:00;54466_D;17;42;100;heavy;3
2025-07-02T11:04:00+02:00;54466_G;16;52;55;heavy;1
2025-07-02T11:04:00+02:00;54469;33;4;60;heavy;1
2025-07-02T11:04:00+02:00;54471;21;21;75;heavy;2
2025-07-02T11:04:00+02:00;54472;38;11;60;freeFlow;1
2025-07-02T11:04:00+02:00;54473;32;1;60;freeFlow;1
2025-07-02T11:04:00+02:00;54483;35;43;60;freeFlow;1
2025-07-02T11:04:00+02:00;54489;50;1;0;unknown;0
2025-07-02T11:04:00+02:00;54490;50;4;0;unknown;0
2025-07-02T11:04:00+02:00;54492;50;3;0;unknown;0
2025-07-02T11:04:00+02:00;54505;33;23;17;heavy;1
2025-07-02T11:04:00+02:00;54509;50;6;0;unknown;0
2025-07-02T11:04:00+02:00;54518;38;4;17;freeFlow;1
2025-07-02T11:04:00+02:00;54522;38;2;17;freeFlow;1
2025-07-02T11:04:00+02:00;54523;30;3;0;unknown;0
2025-07-02T11:04:00+02:00;54524;30;1;0;unknown;0
2025-07-02T11:04:00+02:00;54580_D;50;11;0;unknown;0
2025-07-02T11:04:00+02:00;54877;16;46;75;heavy;2
2025-07-02T11:04:00+02:00;54879;34;21;57;heavy;1
2025-07-02T11:04:00+02:00;54880_D;11;88;59;congested;1
2025-07-02T11:04:00+02:00;54880_G;17;59;75;heavy;2
2025-07-02T11:04:00+02:00;54882;22;3;75;freeFlow;2
2025-07-02T11:04:00+02:00;54883;22;2;75;freeFlow;2
2025-07-02T11:04:00+02:00;54884;25;2;55;freeFlow;1
2025-07-02T11:04:00+02:00;54885;25;1;55;freeFlow;1
2025-07-02T11:04:00+02:00;54886;29;3;57;freeFlow;1
2025-07-02T11:04:00+02:00;54887;20;3;75;heavy;2
2025-07-02T11:04:00+02:00;54888;20;1;60;heavy;1
2025-07-02T11:04:00+02:00;54889;20;2;60;heavy;1
2025-07-02T11:04:00+02:00;54988;42;3;100;heavy;4
2025-07-02T11:04:00+02:00;54989;51;34;100;freeFlow;3
2025-07-02T11:04:00+02:00;54990;27;4;75;heavy;2
2025-07-02T11:04:00+02:00;54991;40;43;75;heavy;2
2025-07-02T11:04:00+02:00;55467_D;24;28;50;heavy;1
2025-07-02T11:04:00+02:00;55467_G;42;14;95;freeFlow;4
2025-07-02T11:04:00+02:00;55570_D;37;4;45;freeFlow;1
2025-07-02T11:04:00+02:00;55570_G;34;4;53;heavy;2
2025-07-02T11:04:00+02:00;55589_D;30;8;12;freeFlow;1
2025-07-02T11:04:00+02:00;55589_G;33;7;52;freeFlow;1
2025-07-02T11:04:00+02:00;55591;50;1;0;unknown;0
2025-07-02T11:04:00+02:00;55592;9;5;12;congested;1
2025-07-02T11:04:00+02:00;55593;9;6;12;congested;1
2025-07-02T11:04:00+02:00;55595;33;1;52;heavy;1
2025-07-02T11:04:00+02:00;55596;33;1;52;heavy;1
2025-07-02T11:04:00+02:00;55597;33;1;52;heavy;1
2025-07-02T11:04:00+02:00;55702;50;6;0;unknown;0
2025-07-02T11:04:00+02:00;55704;50;17;0;unknown;0
2025-07-02T11:04:00+02:00;5576_D;80;4;0;unknown;0
2025-07-02T11:04:00+02:00;5576_G;106;3;57;freeFlow;1
2025-07-02T11:04:00+02:00;55881;13;3;75;congested;2
2025-07-02T11:04:00+02:00;55900;11;8;60;congested;1
2025-07-02T11:04:00+02:00;55929_D;24;17;75;heavy;2
2025-07-02T11:04:00+02:00;55929_G;29;14;30;heavy;1
2025-07-02T11:04:00+02:00;55976;48;3;75;freeFlow;2
2025-07-02T11:04:00+02:00;56024;43;23;88;freeFlow;3
2025-07-02T11:04:00+02:00;56131;20;6;60;heavy;1
2025-07-02T11:04:00+02:00;56257;30;7;0;unknown;0
2025-07-02T11:04:00+02:00;563566;50;3;0;unknown;0
2025-07-02T11:04:00+02:00;563571;50;6;0;unknown;0
2025-07-02T11:04:00+02:00;563844_D;56;16;75;freeFlow;2
2025-07-02T11:04:00+02:00;563844_G;33;26;71;heavy;2
2025-07-02T11:04:00+02:00;563846;7;41;60;congested;1
2025-07-02T11:04:00+02:00;563903_D;25;69;22;heavy;1
2025-07-02T11:04:00+02:00;563903_G;23;74;59;heavy;1
2025-07-02T11:04:00+02:00;564067_D;60;21;60;freeFlow;1
2025-07-02T11:04:00+02:00;564067_G;88;15;57;freeFlow;1
2025-07-02T11:04:00+02:00;564195_D;106;4;57;freeFlow;1
2025-07-02T11:04:00+02:00;564195_G;20;23;60;heavy;1
2025-07-02T11:04:00+02:00;56441;24;10;60;heavy;1
2025-07-02T11:04:00+02:00;5651;35;2;75;heavy;2
2025-07-02T11:04:00+02:00;5652;30;2;35;heavy;1
2025-07-02T11:04:00+02:00;565232;30;4;0;unknown;0
2025-07-02T11:04:00+02:00;5653;35;1;75;heavy;2
2025-07-02T11:04:00+02:00;565374;43;47;75;freeFlow;2
2025-07-02T11:04:00+02:00;565376;19;111;100;heavy;4
2025-07-02T11:04:00+02:00;565393;84;57;100;freeFlow;3
2025-07-02T11:04:00+02:00;5654;58;1;60;freeFlow;1
2025-07-02T11:04:00+02:00;565682_D;44;21;42;heavy;1
2025-07-02T11:04:00+02:00;565682_G;35;27;75;heavy;2
2025-07-02T11:04:00+02:00;565731_D;14;7;60;heavy;1
2025-07-02T11:04:00+02:00;565731_G;57;1;60;freeFlow;1
2025-07-02T11:04:00+02:00;565732;55;1;100;freeFlow;4
2025-07-02T11:04:00+02:00;56584;48;5;75;freeFlow;2
2025-07-02T11:04:00+02:00;565854;66;15;75;freeFlow;2
2025-07-02T11:04:00+02:00;566176_D;80;14;0;unknown;0
2025-07-02T11:04:00+02:00;566176_G;40;28;57;heavy;1
2025-07-02T11:04:00+02:00;56619_D;18;22;74;heavy;2
2025-07-02T11:04:00+02:00;56619_G;49;8;60;freeFlow;1
2025-07-02T11:04:00+02:00;566287_D;22;23;60;freeFlow;1
2025-07-02T11:04:00+02:00;566287_G;30;16;0;unknown;0
2025-07-02T11:04:00+02:00;566302_D;37;1;57;freeFlow;1
2025-07-02T11:04:00+02:00;566302_G;50;1;0;unknown;0
2025-07-02T11:04:00+02:00;566303_D;38;19;57;freeFlow;1
2025-07-02T11:04:00+02:00;566303_G;50;15;0;unknown;0
2025-07-02T11:04:00+02:00;5663_D;66;39;60;freeFlow;1
2025-07-02T11:04:00+02:00;5663_G;51;51;75;heavy;2
2025-07-02T11:04:00+02:00;566407_D;32;3;15;freeFlow;1
2025-07-02T11:04:00+02:00;566407_G;19;4;50;heavy;1
2025-07-02T11:04:00+02:00;566417_D;32;4;15;freeFlow;1
2025-07-02T11:04:00+02:00;566417_G;27;5;50;freeFlow;1
2025-07-02T11:04:00+02:00;566419;28;1;0;unknown;0
2025-07-02T11:04:00+02:00;566481;35;2;38;heavy;1
2025-07-02T11:04:00+02:00;566482;50;1;0;unknown;0
2025-07-02T11:04:00+02:00;566483;93;122;100;freeFlow;3
2025-07-02T11:04:00+02:00;566484;50;0;0;unknown;0
2025-07-02T11:04:00+02:00;5664_D;58;3;75;freeFlow;2
2025-07-02T11:04:00+02:00;5664_G;67;2;60;freeFlow;1
2025-07-02T11:04:00+02:00;566573_D;24;4;60;heavy;1
2025-07-02T11:04:00+02:00;566573_G;49;2;60;freeFlow;1
2025-07-02T11:04:00+02:00;566599_D;70;1;60;freeFlow;1
2025-07-02T11:04:00+02:00;566599_G;36;1;75;freeFlow;2
2025-07-02T11:04:00+02:00;566706_D;18;10;45;heavy;1
2025-07-02T11:04:00+02:00;566706_G;50;4;0;unknown;0
2025-07-02T11:04:00+02:00;56676_G;35;6;50;freeFlow;1
2025-07-02T11:04:00+02:00;566850;27;5;75;heavy;2
2025-07-02T11:04:00+02:00;566924_D;19;16;60;heavy;1
2025-07-02T11:04:00+02:00;566924_G;38;8;0;unknown;0
2025-07-02T11:04:00+02:00;566942;25;2;50;heavy;1
2025-07-02T11:04:00+02:00;56872;88;24;100;freeFlow;6
2025-07-02T11:04:00+02:00;56874;79;6;100;freeFlow;19
2025-07-02T11:04:00+02:00;56886;53;49;60;freeFlow;1
2025-07-02T11:04:00+02:00;56914;15;11;100;congested;4
2025-07-02T11:04:00+02:00;56926;73;4;100;freeFlow;5
2025-07-02T11:04:00+02:00;57009;89;4;100;freeFlow;19
2025-07-02T11:04:00+02:00;57011;88;7;100;freeFlow;6
2025-07-02T11:04:00+02:00;57012;76;5;100;freeFlow;3
2025-07-02T11:04:00+02:00;57082_D;42;7;57;freeFlow;1
2025-07-02T11:04:00+02:00;57360_D;30;5;0;unknown;0
2025-07-02T11:04:00+02:00;57360_G;36;5;27;freeFlow;1
2025-07-02T11:04:00+02:00;57362_D;30;4;0;unknown;0
2025-07-02T11:04:00+02:00;57362_G;36;3;27;freeFlow;1
2025-07-02T11:04:00+02:00;57368_D;30;7;0;unknown;0
2025-07-02T11:04:00+02:00;57368_G;36;6;27;freeFlow;1
2025-07-02T11:04:00+02:00;57378_D;47;3;38;freeFlow;1
2025-07-02T11:04:00+02:00;57378_G;44;3;55;freeFlow;1
2025-07-02T11:04:00+02:00;62549;34;1;100;heavy;4
2025-07-02T11:04:00+02:00;62550;28;2;100;heavy;4
2025-07-02T11:04:00+02:00;62617_D;46;10;40;freeFlow;1
2025-07-02T11:04:00+02:00;62617_G;57;8;55;freeFlow;1
2025-07-02T11:04:00+02:00;62948_D;5;36;50;congested;1
2025-07-02T11:04:00+02:00;62948_G;21;8;27;heavy;1
2025-07-02T11:04:00+02:00;63039;41;4;100;freeFlow;5
2025-07-02T11:04:00+02:00;63203_D;28;27;59;freeFlow;2
2025-07-02T11:04:00+02:00;63203_G;33;24;25;freeFlow;1
2025-07-02T11:04:00+02:00;63308;41;2;100;freeFlow;3
2025-07-02T11:04:00+02:00;63895_D;11;13;60;heavy;1
2025-07-02T11:04:00+02:00;63895_G;29;5;40;freeFlow;1
2025-07-02T11:04:00+02:00;63903;92;1;100;freeFlow;6
2025-07-02T11:04:00+02:00;63917;107;1;75;freeFlow;2
2025-07-02T11:04:00+02:00;63954_D;58;3;60;freeFlow;1
2025-07-02T11:04:00+02:00;63954_G;19;8;75;heavy;2
2025-07-02T11:04:00+02:00;63961_D;34;1;75;freeFlow;2
2025-07-02T11:04:00+02:00;63961_G;33;1;75;freeFlow;2
2025-07-02T11:04:00+02:00;63963_D;39;11;60;freeFlow;1
2025-07-02T11:04:00+02:00;63963_G;57;8;60;freeFlow;1
2025-07-02T11:04:00+02:00;63974;42;9;60;heavy;1
2025-07-02T11:04:00+02:00;64028;50;2;0;unknown;0
2025-07-02T11:04:00+02:00;64029;44;3;75;heavy;2
2025-07-02T11:04:00+02:00;64033;58;3;60;freeFlow;1
2025-07-02T11:04:00+02:00;64034;56;2;100;freeFlow;3
2025-07-02T11:04:00+02:00;64035;41;3;75;freeFlow;2
2025-07-02T11:04:00+02:00;64104_D;50;2;0;unknown;0
2025-07-02T11:04:00+02:00;64104_G;53;2;60;freeFlow;1
2025-07-02T11:04:00+02:00;6421;100;23;100;freeFlow;3
2025-07-02T11:04:00+02:00;6422;97;7;75;freeFlow;2
2025-07-02T11:04:00+02:00;6423;81;17;60;freeFlow;1
2025-07-02T11:04:00+02:00;6424;102;29;71;freeFlow;3
2025-07-02T11:04:00+02:00;64792_D;38;17;60;freeFlow;1
2025-07-02T11:04:00+02:00;64792_G;50;13;0;unknown;0
2025-07-02T11:04:00+02:00;64862_D;50;10;0;unknown;0
2025-07-02T11:04:00+02:00;64862_G;39;13;20;freeFlow;1
2025-07-02T11:04:00+02:00;65281;11;9;75;congested;2
2025-07-02T11:04:00+02:00;65283;15;7;75;heavy;2
2025-07-02T11:04:00+02:00;65293;21;9;75;heavy;2
2025-07-02T11:04:00+02:00;65961_D;35;39;60;heavy;1
2025-07-02T11:04:00+02:00;65961_G;39;35;22;freeFlow;1
2025-07-02T11:04:00+02:00;65966_D;38;1;60;freeFlow;1
2025-07-02T11:04:00+02:00;65966_G;50;1;0;unknown;0
2025-07-02T11:04:00+02:00;66020;53;1;75;freeFlow;2
2025-07-02T11:04:00+02:00;6615_D;60;10;60;freeFlow;1
2025-07-02T11:04:00+02:00;6615_G;65;9;57;freeFlow;1
2025-07-02T11:04:00+02:00;6616;37;2;73;heavy;2
2025-07-02T11:04:00+02:00;6619;60;2;60;freeFlow;1
2025-07-02T11:04:00+02:00;6620;60;4;100;freeFlow;3
2025-07-02T11:04:00+02:00;6621;48;2;98;heavy;3
2025-07-02T11:04:00+02:00;6622;63;1;75;freeFlow;2
2025-07-02T11:04:00+02:00;6623;60;1;60;freeFlow;1
2025-07-02T11:04:00+02:00;6628_D;40;21;25;freeFlow;1
2025-07-02T11:04:00+02:00;6628_G;47;18;60;freeFlow;1
2025-07-02T11:04:00+02:00;6629_D;44;22;25;freeFlow;1
2025-07-02T11:04:00+02:00;6629_G;48;20;72;freeFlow;2
2025-07-02T11:04:00+02:00;6643;62;11;60;freeFlow;1
2025-07-02T11:04:00+02:00;6644;53;13;75;heavy;2
2025-07-02T11:04:00+02:00;6645;30;3;75;heavy;2
2025-07-02T11:04:00+02:00;6646;29;2;75;heavy;2
2025-07-02T11:04:00+02:00;6647;27;1;60;heavy;1
2025-07-02T11:04:00+02:00;6648;46;2;60;freeFlow;1
2025-07-02T11:04:00+02:00;6649;25;3;60;heavy;1
2025-07-02T11:04:00+02:00;6650;26;7;75;heavy;2
2025-07-02T11:04:00+02:00;6651;8;21;99;congested;4
2025-07-02T11:04:00+02:00;6669_D;60;83;75;freeFlow;2
2025-07-02T11:04:00+02:00;6669_G;53;95;52;heavy;2
2025-07-02T11:04:00+02:00;67069;14;12;57;congested;1
2025-07-02T11:04:00+02:00;67223_D;40;1;60;freeFlow;1
2025-07-02T11:04:00+02:00;67223_G;31;2;60;freeFlow;1
2025-07-02T11:04:00+02:00;67229_D;43;10;68;freeFlow;2
2025-07-02T11:04:00+02:00;67229_G;34;12;60;freeFlow;1
2025-07-02T11:04:00+02:00;6723;99;8;75;freeFlow;2
2025-07-02T11:04:00+02:00;67324_D;70;14;75;freeFlow;2
2025-07-02T11:04:00+02:00;67324_G;53;18;100;heavy;3
2025-07-02T11:04:00+02:00;67330;32;2;57;freeFlow;1
2025-07-02T11:04:00+02:00;67332;37;2;25;freeFlow;1
2025-07-02T11:04:00+02:00;67334;25;1;10;freeFlow;1
2025-07-02T11:04:00+02:00;67340;8;7;74;congested;2
2025-07-02T11:04:00+02:00;67341;9;33;90;heavy;3
2025-07-02T11:04:00+02:00;67344;34;6;25;freeFlow;1
2025-07-02T11:04:00+02:00;67352_D;10;37;58;heavy;1
2025-07-02T11:04:00+02:00;67352_G;4;99;53;congested;2
2025-07-02T11:04:00+02:00;67380_D;37;22;65;freeFlow;2
2025-07-02T11:04:00+02:00;67380_G;29;28;73;heavy;2
2025-07-02T11:04:00+02:00;67385;53;2;60;freeFlow;1
2025-07-02T11:04:00+02:00;67389_D;50;1;0;unknown;0
2025-07-02T11:04:00+02:00;67389_G;26;3;60;heavy;1
2025-07-02T11:04:00+02:00;67390;26;4;40;heavy;1
2025-07-02T11:04:00+02:00;67391;32;5;80;heavy;3
2025-07-02T11:04:00+02:00;67392;31;5;60;heavy;1
2025-07-02T11:04:00+02:00;67511_D;26;5;81;freeFlow;3
2025-07-02T11:04:00+02:00;67511_G;27;4;55;freeFlow;1
2025-07-02T11:04:00+02:00;67514_D;32;5;60;freeFlow;1
2025-07-02T11:04:00+02:00;67514_G;21;9;55;freeFlow;1
2025-07-02T11:04:00+02:00;67611;30;6;0;unknown;0
2025-07-02T11:04:00+02:00;67816;39;1;60;freeFlow;1
2025-07-02T11:04:00+02:00;67819_D;39;1;60;freeFlow;1
2025-07-02T11:04:00+02:00;67819_G;57;1;60;freeFlow;1
2025-07-02T11:04:00+02:00;67820;39;1;60;freeFlow;1
2025-07-02T11:04:00+02:00;67821;57;1;60;freeFlow;1
2025-07-02T11:04:00+02:00;67823;30;8;0;unknown;0
2025-07-02T11:04:00+02:00;67824;50;9;0;unknown;0
2025-07-02T11:04:00+02:00;67829;63;8;60;freeFlow;1
2025-07-02T11:04:00+02:00;67892_D;26;10;55;heavy;2
2025-07-02T11:04:00+02:00;67892_G;33;7;60;heavy;1
2025-07-02T11:04:00+02:00;68069;38;10;17;freeFlow;1
2025-07-02T11:04:00+02:00;68070;21;2;17;heavy;1
2025-07-02T11:04:00+02:00;68815;24;4;60;heavy;2
2025-07-02T11:04:00+02:00;69060;37;3;45;freeFlow;1
2025-07-02T11:04:00+02:00;69061;22;6;68;freeFlow;2
2025-07-02T11:04:00+02:00;69062;37;1;45;freeFlow;1
2025-07-02T11:04:00+02:00;69063;47;0;52;freeFlow;1
2025-07-02T11:04:00+02:00;69064_D;37;1;45;freeFlow;1
2025-07-02T11:04:00+02:00;69064_G;41;1;52;freeFlow;1
2025-07-02T11:04:00+02:00;69270_D;50;2;0;unknown;0
2025-07-02T11:04:00+02:00;69270_G;14;5;60;congested;1
2025-07-02T11:04:00+02:00;69277;47;2;52;freeFlow;1
2025-07-02T11:04:00+02:00;69464;47;1;52;freeFlow;1
2025-07-02T11:04:00+02:00;69467;37;1;45;freeFlow;1
2025-07-02T11:04:00+02:00;69493;42;15;100;freeFlow;3
2025-07-02T11:04:00+02:00;69495;33;12;75;heavy;2
2025-07-02T11:04:00+02:00;69591;18;16;60;heavy;1
2025-07-02T11:04:00+02:00;69673;23;15;60;heavy;1
2025-07-02T11:04:00+02:00;69878;49;17;100;freeFlow;4
2025-07-02T11:04:00+02:00;71197_D;80;14;0;unknown;0
2025-07-02T11:04:00+02:00;71197_G;106;11;57;freeFlow;1
2025-07-02T11:04:00+02:00;71455_D;50;3;0;unknown;0
2025-07-02T11:04:00+02:00;71492_D;106;2;57;freeFlow;1
2025-07-02T11:04:00+02:00;71492_G;14;13;75;congested;2
2025-07-02T11:04:00+02:00;71493_D;58;5;60;freeFlow;1
2025-07-02T11:04:00+02:00;71493_G;98;3;35;freeFlow;1
2025-07-02T11:04:00+02:00;71494;50;3;75;freeFlow;2
2025-07-02T11:04:00+02:00;71496;70;4;51;freeFlow;2
2025-07-02T11:04:00+02:00;71497;24;3;75;heavy;2
2025-07-02T11:04:00+02:00;71504_D;62;1;60;freeFlow;1
2025-07-02T11:04:00+02:00;71504_G;98;0;35;freeFlow;1
2025-07-02T11:04:00+02:00;71508_D;51;9;60;freeFlow;1
2025-07-02T11:04:00+02:00;71508_G;19;25;32;heavy;1
2025-07-02T11:04:00+02:00;71509_D;81;12;60;freeFlow;1
2025-07-02T11:04:00+02:00;71509_G;98;10;35;freeFlow;1
2025-07-02T11:04:00+02:00;71554_D;28;8;0;unknown;0
2025-07-02T11:04:00+02:00;71554_G;40;6;25;freeFlow;1
2025-07-02T11:04:00+02:00;71555_D;31;4;63;heavy;2
2025-07-02T11:04:00+02:00;71555_G;28;4;30;heavy;1
2025-07-02T11:04:00+02:00;71661;48;6;75;heavy;2
2025-07-02T11:04:00+02:00;71668;75;9;45;freeFlow;1
2025-07-02T11:04:00+02:00;72425;100;12;100;freeFlow;5
2025-07-02T11:04:00+02:00;72487_D;66;38;75;freeFlow;2
2025-07-02T11:04:00+02:00;72842_D;50;22;0;unknown;0
2025-07-02T11:04:00+02:00;72842_G;65;17;27;freeFlow;1
2025-07-02T11:04:00+02:00;72940_D;21;56;42;heavy;1
2025-07-02T11:04:00+02:00;72940_G;47;25;45;freeFlow;1
2025-07-02T11:04:00+02:00;73636;5;33;30;congested;1
2025-07-02T11:04:00+02:00;74067;50;2;25;heavy;1
2025-07-02T11:04:00+02:00;74454;44;1;42;heavy;1
2025-07-02T11:04:00+02:00;74457_D;44;23;60;heavy;1
2025-07-02T11:04:00+02:00;74457_G;39;26;75;heavy;2
2025-07-02T11:04:00+02:00;74459;30;1;60;heavy;1
2025-07-02T11:04:00+02:00;74460;37;1;75;heavy;2
2025-07-02T11:04:00+02:00;74461;37;1;75;heavy;2
2025-07-02T11:04:00+02:00;74688_D;43;21;35;freeFlow;1
2025-07-02T11:04:00+02:00;74688_G;59;16;17;freeFlow;1
2025-07-02T11:04:00+02:00;74748_D;80;4;0;unknown;0
2025-07-02T11:04:00+02:00;74748_G;80;4;0;unknown;0
2025-07-02T11:04:00+02:00;75340;24;2;45;heavy;1
2025-07-02T11:04:00+02:00;75343_D;46;7;22;freeFlow;1
2025-07-02T11:04:00+02:00;75343_G;31;11;73;freeFlow;2
2025-07-02T11:04:00+02:00;75344;36;2;44;freeFlow;2
2025-07-02T11:04:00+02:00;75346;24;3;45;heavy;1
2025-07-02T11:04:00+02:00;75347_D;50;1;0;unknown;0
2025-07-02T11:04:00+02:00;75347_G;15;5;22;congested;1
2025-07-02T11:04:00+02:00;75348;50;1;0;unknown;0
2025-07-02T11:04:00+02:00;75353;50;1;0;unknown;0
2025-07-02T11:04:00+02:00;75356_D;53;10;20;freeFlow;1
2025-07-02T11:04:00+02:00;75356_G;50;10;0;unknown;0
2025-07-02T11:04:00+02:00;75358;50;1;0;unknown;0
2025-07-02T11:04:00+02:00;75359;53;1;20;freeFlow;1
2025-07-02T11:04:00+02:00;75385;31;2;60;heavy;1
2025-07-02T11:04:00+02:00;75533_D;72;0;52;freeFlow;1
2025-07-02T11:04:00+02:00;75533_G;70;0;0;unknown;0
2025-07-02T11:04:00+02:00;75630;42;37;100;heavy;5
2025-07-02T11:04:00+02:00;75810;104;7;100;freeFlow;3
2025-07-02T11:04:00+02:00;75811;106;4;100;freeFlow;3
2025-07-02T11:04:00+02:00;75812;91;5;100;freeFlow;5
2025-07-02T11:04:00+02:00;75813;80;3;100;freeFlow;19
2025-07-02T11:04:00+02:00;75814;89;3;100;freeFlow;5
2025-07-02T11:04:00+02:00;75815;82;16;100;freeFlow;19
2025-07-02T11:04:00+02:00;75816;28;8;100;heavy;4
2025-07-02T11:04:00+02:00;75819_D;40;4;48;freeFlow;1
2025-07-02T11:04:00+02:00;75819_G;75;3;100;freeFlow;3
2025-07-02T11:04:00+02:00;75821;80;4;100;freeFlow;7
2025-07-02T11:04:00+02:00;75823;75;6;100;freeFlow;7
2025-07-02T11:04:00+02:00;75841;20;18;60;heavy;1
2025-07-02T11:04:00+02:00;75842;45;8;55;freeFlow;1
2025-07-02T11:04:00+02:00;75855;40;2;100;heavy;5
2025-07-02T11:04:00+02:00;75858;49;2;75;heavy;2
2025-07-02T11:04:00+02:00;75859;49;4;75;heavy;2
2025-07-02T11:04:00+02:00;75860;41;5;68;heavy;2
2025-07-02T11:04:00+02:00;75861;44;2;70;heavy;2
2025-07-02T11:04:00+02:00;75862;71;2;55;freeFlow;1
2025-07-02T11:04:00+02:00;75863;71;1;55;freeFlow;1
2025-07-02T11:04:00+02:00;75864;36;2;48;heavy;1
2025-07-02T11:04:00+02:00;75865;36;3;48;heavy;1
2025-07-02T11:04:00+02:00;75866;84;11;100;freeFlow;8
2025-07-02T11:04:00+02:00;75867;91;13;100;freeFlow;8
2025-07-02T11:04:00+02:00;75869;84;63;100;freeFlow;14
2025-07-02T11:04:00+02:00;75873_D;55;10;60;freeFlow;1
2025-07-02T11:04:00+02:00;75873_G;30;16;0;unknown;0
2025-07-02T11:04:00+02:00;75874_D;55;7;60;freeFlow;1
2025-07-02T11:04:00+02:00;75874_G;50;8;0;unknown;0
2025-07-02T11:04:00+02:00;75875;68;4;100;freeFlow;4
2025-07-02T11:04:00+02:00;75876;64;7;100;freeFlow;4
2025-07-02T11:04:00+02:00;75877;50;17;0;unknown;0
2025-07-02T11:04:00+02:00;75878;107;8;75;freeFlow;2
2025-07-02T11:04:00+02:00;75879;106;2;100;freeFlow;3
2025-07-02T11:04:00+02:00;75880;106;8;100;freeFlow;3
2025-07-02T11:04:00+02:00;75882;92;11;93;freeFlow;5
2025-07-02T11:04:00+02:00;75883;94;4;100;freeFlow;8
2025-07-02T11:04:00+02:00;75884;84;5;100;freeFlow;18
2025-07-02T11:04:00+02:00;75885;93;3;100;freeFlow;8
2025-07-02T11:04:00+02:00;75886;86;7;100;freeFlow;19
2025-07-02T11:04:00+02:00;75911;47;6;38;freeFlow;1
2025-07-02T11:04:00+02:00;75912;40;7;50;freeFlow;1
2025-07-02T11:04:00+02:00;76094;22;26;75;heavy;2
2025-07-02T11:04:00+02:00;7864_D;67;54;60;freeFlow;1
2025-07-02T11:04:00+02:00;7864_G;71;50;57;freeFlow;1
2025-07-02T11:04:00+02:00;790_D;46;17;91;heavy;3
2025-07-02T11:04:00+02:00;790_G;37;21;60;heavy;1
2025-07-02T11:04:00+02:00;791_D;47;18;100;heavy;4
2025-07-02T11:04:00+02:00;791_G;16;52;69;congested;2
2025-07-02T11:04:00+02:00;7936;95;8;100;freeFlow;3
2025-07-02T11:04:00+02:00;7937;91;24;100;freeFlow;3
2025-07-02T11:04:00+02:00;7938;81;37;60;freeFlow;1
2025-07-02T11:04:00+02:00;7995_D;60;18;60;freeFlow;1
2025-07-02T11:04:00+02:00;7995_G;70;14;57;freeFlow;1
2025-07-02T11:04:00+02:00;862_D;64;17;60;freeFlow;1
2025-07-02T11:04:00+02:00;862_G;54;20;75;freeFlow;2
2025-07-02T11:04:00+02:00;863_D;68;10;60;freeFlow;1
2025-07-02T11:04:00+02:00;863_G;70;10;75;freeFlow;2
2025-07-02T11:04:00+02:00;8745;45;4;60;freeFlow;1
2025-07-02T11:04:00+02:00;8962;98;22;100;freeFlow;8
2025-07-02T11:04:00+02:00;8963_D;59;7;75;freeFlow;2
2025-07-02T11:04:00+02:00;8963_G;52;8;57;freeFlow;2
2025-07-02T11:04:00+02:00;8966;101;12;100;freeFlow;7
2025-07-02T11:04:00+02:00;8969;96;14;100;freeFlow;9
2025-07-02T11:04:00+02:00;8970;92;17;100;freeFlow;9
2025-07-02T11:04:00+02:00;8971;82;25;100;freeFlow;8
2025-07-02T11:04:00+02:00;8974_D;57;4;38;freeFlow;1
2025-07-02T11:04:00+02:00;8974_G;58;4;60;freeFlow;1
2025-07-02T11:04:00+02:00;8976_D;31;11;60;heavy;2
2025-07-02T11:04:00+02:00;8976_G;53;7;60;freeFlow;1
2025-07-02T11:04:00+02:00;8977_D;39;8;57;heavy;2
2025-07-02T11:04:00+02:00;8977_G;53;6;60;freeFlow;1
2025-07-02T11:04:00+02:00;8978;87;15;100;freeFlow;8
2025-07-02T11:04:00+02:00;9040;59;15;75;heavy;2
2025-07-02T11:04:00+02:00;9041;25;7;48;heavy;1
2025-07-02T11:04:00+02:00;9042;46;2;75;freeFlow;2
2025-07-02T11:04:00+02:00;9043;32;5;88;heavy;3
2025-07-02T11:04:00+02:00;9044;30;5;48;heavy;1
2025-07-02T11:04:00+02:00;9045;50;2;0;unknown;0
2025-07-02T11:04:00+02:00;9046;52;2;75;freeFlow;2
2025-07-02T11:04:00+02:00;9047;46;2;75;freeFlow;2
2025-07-02T11:04:00+02:00;9048;50;10;63;heavy;2
2025-07-02T11:04:00+02:00;9049;51;3;74;freeFlow;2
2025-07-02T11:04:00+02:00;9050;49;1;60;freeFlow;1
2025-07-02T11:04:00+02:00;9051;60;2;100;freeFlow;3
2025-07-02T11:04:00+02:00;9052;34;2;60;heavy;1
2025-07-02T11:04:00+02:00;9053;59;2;100;freeFlow;3
2025-07-02T11:04:00+02:00;9054;37;16;48;freeFlow;1
2025-07-02T11:04:00+02:00;9055;51;12;75;freeFlow;2
2025-07-02T11:04:00+02:00;9057_D;76;7;75;freeFlow;2
2025-07-02T11:04:00+02:00;9057_G;71;8;42;freeFlow;1
2025-07-02T11:04:00+02:00;9058_D;70;20;75;freeFlow;2
2025-07-02T11:04:00+02:00;9058_G;66;21;66;freeFlow;2
2025-07-02T11:04:00+02:00;9059_D;64;10;75;freeFlow;2
2025-07-02T11:04:00+02:00;9059_G;56;11;60;freeFlow;1
2025-07-02T11:04:00+02:00;9060;32;6;80;heavy;3
2025-07-02T11:04:00+02:00;9061;40;4;100;heavy;3
2025-07-02T11:04:00+02:00;9062;35;5;91;heavy;3
2025-07-02T11:04:00+02:00;9063;40;3;75;heavy;2
2025-07-02T11:04:00+02:00;9068_D;59;31;75;freeFlow;2
2025-07-02T11:04:00+02:00;9068_G;39;46;71;heavy;2
2025-07-02T11:04:00+02:00;9070_D;70;29;60;freeFlow;1
2025-07-02T11:04:00+02:00;9070_G;68;31;73;freeFlow;2
2025-07-02T11:04:00+02:00;9073;85;5;100;freeFlow;9
2025-07-02T11:04:00+02:00;9074;87;10;100;freeFlow;7
2025-07-02T11:04:00+02:00;9082_D;66;3;60;freeFlow;1
2025-07-02T11:04:00+02:00;9082_G;82;3;60;freeFlow;1
2025-07-02T11:04:00+02:00;9090_D;48;28;35;heavy;1
2025-07-02T11:04:00+02:00;9090_G;69;20;100;freeFlow;3
2025-07-02T11:04:00+02:00;9103;28;50;50;heavy;2
2025-07-02T11:04:00+02:00;9108;42;30;76;heavy;3
2025-07-02T11:04:00+02:00;9114;43;2;25;heavy;1
2025-07-02T11:04:00+02:00;9115;59;25;75;heavy;2
2025-07-02T11:04:00+02:00;9116;75;2;45;freeFlow;1
2025-07-02T11:04:00+02:00;9117;75;7;45;freeFlow;1
2025-07-02T11:04:00+02:00;9133;69;28;75;freeFlow;2
2025-07-02T11:04:00+02:00;9134;61;24;50;heavy;1
2025-07-02T11:04:00+02:00;9177;108;18;57;freeFlow;1
2025-07-02T11:04:00+02:00;9190;52;7;75;heavy;2
2025-07-02T11:04:00+02:00;9199;50;1;25;heavy;1
2025-07-02T11:04:00+02:00;9200;38;4;57;heavy;1
2025-07-02T11:04:00+02:00;9201;38;2;57;heavy;1
2025-07-02T11:04:00+02:00;9202;42;3;75;heavy;2
2025-07-02T11:04:00+02:00;9203;42;3;75;heavy;2
2025-07-02T11:04:00+02:00;9204;47;2;100;heavy;3
2025-07-02T11:04:00+02:00;9213;28;98;75;heavy;4
2025-07-02T11:04:00+02:00;9214_D;30;2;52;heavy;1
2025-07-02T11:04:00+02:00;9214_G;108;1;17;freeFlow;1
2025-07-02T11:04:00+02:00;9215;50;55;75;heavy;2
2025-07-02T11:04:00+02:00;9279;90;23;100;freeFlow;8
2025-07-02T11:04:00+02:00;9280;78;31;100;freeFlow;9
2025-07-02T11:04:00+02:00;9343_D;25;48;57;heavy;1
2025-07-02T11:04:00+02:00;9343_G;79;15;60;freeFlow;1
2025-07-02T11:04:00+02:00;9344_D;45;13;57;freeFlow;1
2025-07-02T11:04:00+02:00;9344_G;67;9;22;freeFlow;1
2025-07-02T11:04:00+02:00;9345_D;45;18;57;freeFlow;1
2025-07-02T11:04:00+02:00;9345_G;65;13;22;freeFlow;1
2025-07-02T11:04:00+02:00;9346_D;30;15;0;unknown;0
2025-07-02T11:04:00+02:00;9346_G;59;8;22;freeFlow;1
2025-07-02T11:04:00+02:00;9348_D;37;5;60;freeFlow;1
2025-07-02T11:04:00+02:00;9348_G;35;7;20;freeFlow;1
2025-07-02T11:04:00+02:00;9351_D;44;27;74;heavy;2
2025-07-02T11:04:00+02:00;9351_G;80;14;0;unknown;0
2025-07-02T11:04:00+02:00;9370_D;39;21;57;heavy;1
2025-07-02T11:04:00+02:00;9370_G;75;11;60;freeFlow;2
2025-07-02T11:04:00+02:00;9371_D;45;14;57;heavy;1
2025-07-02T11:04:00+02:00;9371_G;67;10;22;freeFlow;1
2025-07-02T11:04:00+02:00;9378;87;13;100;freeFlow;10
2025-07-02T11:04:00+02:00;9379;85;13;100;freeFlow;8
2025-07-02T11:04:00+02:00;9414_D;39;7;75;freeFlow;2
2025-07-02T11:04:00+02:00;9414_G;48;5;75;freeFlow;2
2025-07-02T11:04:00+02:00;9416_D;50;4;60;freeFlow;1
2025-07-02T11:04:00+02:00;9416_G;31;7;60;freeFlow;1
2025-07-02T11:04:00+02:00;9418_D;24;15;68;freeFlow;2
2025-07-02T11:04:00+02:00;9418_G;7;52;60;congested;1
2025-07-02T11:04:00+02:00;9421;43;3;52;freeFlow;1
2025-07-02T11:04:00+02:00;9422;43;2;52;freeFlow;1
2025-07-02T11:04:00+02:00;9423;44;2;60;freeFlow;1
2025-07-02T11:04:00+02:00;9424;45;4;60;freeFlow;1
2025-07-02T11:04:00+02:00;9425_D;43;3;52;freeFlow;1
2025-07-02T11:04:00+02:00;9425_G;14;9;60;heavy;1
2025-07-02T11:04:00+02:00;9427_D;43;8;52;heavy;1
2025-07-02T11:04:00+02:00;9427_G;44;7;45;heavy;2
2025-07-02T11:04:00+02:00;9434_D;29;27;52;heavy;1
2025-07-02T11:04:00+02:00;9434_G;74;11;60;freeFlow;1
2025-07-02T11:04:00+02:00;9435_D;39;27;55;heavy;1
2025-07-02T11:04:00+02:00;9435_G;82;12;60;freeFlow;1
2025-07-02T11:04:00+02:00;9437_D;16;73;55;congested;1
2025-07-02T11:04:00+02:00;9437_G;79;14;60;freeFlow;1
2025-07-02T11:04:00+02:00;9588_D;66;9;60;freeFlow;1
2025-07-02T11:04:00+02:00;9588_G;44;14;75;heavy;2
2025-07-02T11:04:00+02:00;9625_D;67;5;60;freeFlow;1
2025-07-02T11:04:00+02:00;9625_G;38;9;75;heavy;2
2025-07-02T11:04:00+02:00;9739;15;9;100;congested;4
2025-07-02T11:04:00+02:00;9740;24;2;76;heavy;4
2025-07-02T11:04:00+02:00;9741;25;3;100;heavy;4
2025-07-02T11:04:00+02:00;9742;37;4;100;heavy;4
2025-07-02T11:04:00+02:00;9745_D;42;3;35;heavy;1
2025-07-02T11:04:00+02:00;9745_G;50;5;100;freeFlow;4
2025-07-02T11:04:00+02:00;9757_D;44;3;42;heavy;1
2025-07-02T11:04:00+02:00;9757_G;21;5;60;heavy;1
2025-07-02T11:04:00+02:00;9758_D;44;7;42;heavy;1
2025-07-02T11:04:00+02:00;9758_G;23;13;60;heavy;1
2025-07-02T11:04:00+02:00;9834_D;69;29;35;freeFlow;1
2025-07-02T11:04:00+02:00;9834_G;76;26;100;freeFlow;3
2025-07-02T11:04:00+02:00;9912;19;9;96;congested;5
2025-07-02T11:04:00+02:00;9913;27;4;69;heavy;2
2025-07-02T11:04:00+02:00;9914;28;3;60;heavy;2
2025-07-02T11:04:00+02:00;9915;37;3;38;heavy;1
2025-07-02T11:04:00+02:00;9916;24;6;89;heavy;4
2025-07-02T11:04:00+02:00;9917_D;34;4;61;heavy;2
2025-07-02T11:04:00+02:00;9917_G;53;2;60;freeFlow;1
2025-07-02T11:04:00+02:00;9921_D;57;26;32;freeFlow;1
2025-07-02T11:04:00+02:00;9921_G;41;36;100;heavy;3
2025-07-02T11:04:00+02:00;1601981;36;4;68;freeFlow;2
2025-07-02T11:04:00+02:00;1601982;67;14;73;freeFlow;2
2025-07-02T11:04:00+02:00;1634;50;11;100;heavy;3
2025-07-02T11:04:00+02:00;1635;107;1;60;freeFlow;1
2025-07-02T11:04:00+02:00;1636;78;2;75;freeFlow;2
2025-07-02T11:04:00+02:00;1637;41;3;100;heavy;9
2025-07-02T11:04:00+02:00;1640;55;2;100;freeFlow;8
2025-07-02T11:04:00+02:00;1641;45;4;100;heavy;4
2025-07-02T11:04:00+02:00;1642;42;2;100;heavy;6
2025-07-02T11:04:00+02:00;1678329;35;17;100;heavy;3
2025-07-02T11:04:00+02:00;1680500_D;40;7;48;freeFlow;1
2025-07-02T11:04:00+02:00;1680500_G;65;4;100;freeFlow;3
2025-07-02T11:04:00+02:00;1680501;52;16;88;freeFlow;8
2025-07-02T11:04:00+02:00;1680580;33;13;60;heavy;1
2025-07-02T11:04:00+02:00;1680586;33;5;57;heavy;1
2025-07-02T11:04:00+02:00;1680594;11;2;57;congested;1
2025-07-02T11:04:00+02:00;1680595;50;1;0;unknown;0
2025-07-02T11:04:00+02:00;1680596;22;2;57;heavy;1
2025-07-02T11:04:00+02:00;1680597;29;1;57;heavy;1
2025-07-02T11:04:00+02:00;1680604;13;6;57;congested;1
2025-07-02T11:04:00+02:00;1747_D;42;2;60;freeFlow;1
2025-07-02T11:04:00+02:00;1747_G;68;1;60;freeFlow;1
2025-07-02T11:04:00+02:00;1762;68;8;60;freeFlow;1
2025-07-02T11:04:00+02:00;1763;24;23;100;heavy;4
2025-07-02T11:04:00+02:00;1765_D;62;7;60;freeFlow;1
2025-07-02T11:04:00+02:00;1765_G;47;9;63;freeFlow;2
2025-07-02T11:04:00+02:00;1852;89;12;100;freeFlow;10
2025-07-02T11:04:00+02:00;1857;88;24;100;freeFlow;4
2025-07-02T11:04:00+02:00;1858;86;10;100;freeFlow;8
2025-07-02T11:04:00+02:00;1859;76;13;100;freeFlow;3
2025-07-02T11:04:00+02:00;1860;67;19;100;freeFlow;3
2025-07-02T11:04:00+02:00;1910718_D;27;5;75;heavy;2
2025-07-02T11:04:00+02:00;1910718_G;58;2;75;freeFlow;2
2025-07-02T11:04:00+02:00;1910863_D;24;23;74;heavy;2
2025-07-02T11:04:00+02:00;1910863_G;50;11;0;unknown;0
2025-07-02T11:04:00+02:00;1911250;23;10;75;heavy;2
2025-07-02T11:04:00+02:00;35088;35;6;75;heavy;2
2025-07-02T11:04:00+02:00;35089;44;5;100;heavy;6
2025-07-02T11:04:00+02:00;35090;42;1;100;heavy;5
2025-07-02T11:04:00+02:00;35091;52;2;75;freeFlow;2
2025-07-02T11:04:00+02:00;35093;34;8;100;heavy;5
2025-07-02T11:04:00+02:00;35094;41;7;75;heavy;2
2025-07-02T11:04:00+02:00;35099;59;2;52;freeFlow;1
2025-07-02T11:04:00+02:00;35101;47;2;93;heavy;3
2025-07-02T11:04:00+02:00;35102;47;2;75;heavy;2
2025-07-02T11:04:00+02:00;35104;65;41;60;freeFlow;1
2025-07-02T11:04:00+02:00;35116;34;4;60;heavy;1
2025-07-02T11:04:00+02:00;35117;36;5;100;freeFlow;4
2025-07-02T11:04:00+02:00;35118;46;4;75;freeFlow;2
2025-07-02T11:04:00+02:00;35119;32;6;75;heavy;2
2025-07-02T11:04:00+02:00;35120_D;68;1;68;freeFlow;2
2025-07-02T11:04:00+02:00;35120_G;27;3;100;heavy;3
2025-07-02T11:04:00+02:00;35121_D;52;40;70;freeFlow;2
2025-07-02T11:04:00+02:00;35121_G;30;69;75;heavy;2
2025-07-02T11:04:00+02:00;40196;74;3;100;freeFlow;3
2025-07-02T11:04:00+02:00;40197;71;4;100;freeFlow;3
2025-07-02T11:04:00+02:00;41636_D;20;8;75;heavy;2
2025-07-02T11:04:00+02:00;41636_G;32;5;25;heavy;1
2025-07-02T11:04:00+02:00;41652_G;37;6;25;freeFlow;1
2025-07-02T11:04:00+02:00;41653_D;24;4;60;heavy;1
2025-07-02T11:04:00+02:00;41653_G;37;2;25;freeFlow;1
2025-07-02T11:04:00+02:00;41667_D;24;6;60;heavy;1
2025-07-02T11:04:00+02:00;41667_G;38;3;25;freeFlow;1
2025-07-02T11:04:00+02:00;41668_D;35;2;60;heavy;1
2025-07-02T11:04:00+02:00;41668_G;24;2;27;heavy;1
2025-07-02T11:04:00+02:00;41721;77;13;100;freeFlow;8
2025-07-02T11:04:00+02:00;41722;85;13;100;freeFlow;9
2025-07-02T11:04:00+02:00;41758;78;17;100;freeFlow;15
2025-07-02T11:04:00+02:00;41759;77;18;100;freeFlow;6
2025-07-02T11:04:00+02:00;41760;67;20;100;freeFlow;10
2025-07-02T11:04:00+02:00;41949_D;25;10;60;heavy;1
2025-07-02T11:04:00+02:00;41949_G;25;11;75;heavy;2
2025-07-02T11:04:00+02:00;41974_D;31;7;60;heavy;1
2025-07-02T11:04:00+02:00;41974_G;60;4;75;freeFlow;2
2025-07-02T11:04:00+02:00;41975_D;38;9;60;freeFlow;1
2025-07-02T11:04:00+02:00;41975_G;22;15;75;heavy;2
2025-07-02T11:04:00+02:00;41985_D;35;2;60;heavy;1
2025-07-02T11:04:00+02:00;41985_G;28;3;27;heavy;1
2025-07-02T11:04:00+02:00;42064_D;12;18;60;congested;1
2025-07-02T11:04:00+02:00;42064_G;36;6;25;freeFlow;1
2025-07-02T11:04:00+02:00;420870_D;46;5;48;freeFlow;1
2025-07-02T11:04:00+02:00;420870_G;41;6;55;freeFlow;1
2025-07-02T11:04:00+02:00;42206_G;28;33;22;heavy;1
2025-07-02T11:04:00+02:00;42238_G;7;52;27;congested;1
2025-07-02T11:04:00+02:00;42239_D;24;11;60;heavy;1
2025-07-02T11:04:00+02:00;42239_G;37;7;25;freeFlow;1
2025-07-02T11:04:00+02:00;42240_D;13;59;75;congested;2
2025-07-02T11:04:00+02:00;42240_G;28;27;25;heavy;1
2025-07-02T11:04:00+02:00;42241_D;18;40;75;heavy;2
2025-07-02T11:04:00+02:00;42241_G;104;7;60;freeFlow;1
2025-07-02T11:04:00+02:00;42242_D;20;15;75;heavy;2
2025-07-02T11:04:00+02:00;42242_G;104;3;60;freeFlow;1
2025-07-02T11:04:00+02:00;42683_D;33;10;100;heavy;3
2025-07-02T11:04:00+02:00;42683_G;31;11;60;heavy;1
2025-07-02T11:04:00+02:00;42714_D;35;6;60;freeFlow;1
2025-07-02T11:04:00+02:00;42714_G;3;62;75;congested;2
2025-07-02T11:04:00+02:00;42716_D;18;5;60;heavy;1
2025-07-02T11:04:00+02:00;42716_G;26;3;75;heavy;2
2025-07-02T11:04:00+02:00;43449_D;41;5;50;freeFlow;1
2025-07-02T11:04:00+02:00;43449_G;16;14;70;heavy;2
2025-07-02T11:04:00+02:00;43450_D;12;26;52;heavy;1
2025-07-02T11:04:00+02:00;43450_G;37;8;52;freeFlow;1
2025-07-02T11:04:00+02:00;43451_G;27;17;40;freeFlow;1
2025-07-02T11:04:00+02:00;43452_D;33;5;50;freeFlow;1
2025-07-02T11:04:00+02:00;43452_G;27;6;40;freeFlow;1
2025-07-02T11:04:00+02:00;43475_D;50;4;0;unknown;0
2025-07-02T11:04:00+02:00;43475_G;50;4;0;unknown;0
2025-07-02T11:04:00+02:00;43622_D;17;6;57;heavy;2
2025-07-02T11:04:00+02:00;43622_G;33;3;20;heavy;1
2025-07-02T11:04:00+02:00;43623_D;30;7;70;heavy;2
2025-07-02T11:04:00+02:00;43623_G;45;4;55;freeFlow;1
2025-07-02T11:04:00+02:00;43624_D;24;10;55;heavy;1
2025-07-02T11:04:00+02:00;43624_G;11;21;12;congested;1
2025-07-02T11:04:00+02:00;43625_D;25;15;57;heavy;2
2025-07-02T11:04:00+02:00;43625_G;21;18;20;heavy;1
2025-07-02T11:04:00+02:00;43657_D;20;4;20;heavy;1
2025-07-02T11:04:00+02:00;43657_G;8;11;57;congested;2
2025-07-02T11:04:00+02:00;43659_D;14;11;48;heavy;1
2025-07-02T11:04:00+02:00;43659_G;21;7;42;heavy;1
2025-07-02T11:04:00+02:00;44039_D;50;2;0;unknown;0
2025-07-02T11:04:00+02:00;44039_G;50;2;0;unknown;0
2025-07-02T11:04:00+02:00;44040_D;23;20;15;heavy;1
2025-07-02T11:04:00+02:00;44040_G;12;38;12;congested;1
2025-07-02T11:04:00+02:00;44041_D;5;88;35;congested;2
2025-07-02T11:04:00+02:00;44041_G;5;85;12;congested;1
2025-07-02T11:04:00+02:00;44042_D;12;41;35;congested;2
2025-07-02T11:04:00+02:00;44042_G;50;9;0;unknown;0
2025-07-02T11:04:00+02:00;44071_D;14;19;52;heavy;1
2025-07-02T11:04:00+02:00;44071_G;27;12;52;freeFlow;1
2025-07-02T11:04:00+02:00;44080;22;5;52;heavy;1
2025-07-02T11:04:00+02:00;44113_D;20;14;42;heavy;1
2025-07-02T11:04:00+02:00;44113_G;46;6;0;unknown;0
2025-07-02T11:04:00+02:00;44114_D;22;12;42;heavy;1
2025-07-02T11:04:00+02:00;44114_G;36;7;0;unknown;0
2025-07-02T11:04:00+02:00;44115_D;21;16;45;heavy;1
2025-07-02T11:04:00+02:00;44115_G;16;22;0;unknown;0
2025-07-02T11:04:00+02:00;44117_D;14;20;66;congested;2
2025-07-02T11:04:00+02:00;44117_G;10;26;60;congested;1
2025-07-02T11:04:00+02:00;44118_D;15;13;45;heavy;1
2025-07-02T11:04:00+02:00;44118_G;10;20;60;congested;1
2025-07-02T11:04:00+02:00;44125_D;30;4;42;heavy;1
2025-07-02T11:04:00+02:00;44125_G;29;5;0;unknown;0
2025-07-02T11:04:00+02:00;44127;37;8;60;freeFlow;1
2025-07-02T11:04:00+02:00;44128;37;9;60;freeFlow;1
2025-07-02T11:04:00+02:00;44170_D;20;8;61;heavy;2
2025-07-02T11:04:00+02:00;44170_G;18;10;0;unknown;0
2025-07-02T11:04:00+02:00;44713_D;50;1;0;unknown;0
2025-07-02T11:04:00+02:00;44713_G;21;1;57;heavy;2
2025-07-02T11:04:00+02:00;44930;92;2;75;freeFlow;2
2025-07-02T11:04:00+02:00;44931;89;8;100;freeFlow;3
2025-07-02T11:04:00+02:00;44934;89;22;100;freeFlow;16
2025-07-02T11:04:00+02:00;45486_G;27;7;57;heavy;1
2025-07-02T11:04:00+02:00;45487_G;27;9;57;heavy;1
2025-07-02T11:04:00+02:00;45488_D;47;15;45;freeFlow;1
2025-07-02T11:04:00+02:00;45488_G;27;25;57;heavy;1
2025-07-02T11:04:00+02:00;45489_D;52;5;45;freeFlow;1
2025-07-02T11:04:00+02:00;45489_G;27;10;57;heavy;1
2025-07-02T11:04:00+02:00;45490_D;51;3;45;freeFlow;1
2025-07-02T11:04:00+02:00;45490_G;40;4;57;freeFlow;1
2025-07-02T11:04:00+02:00;45503_D;11;13;60;congested;1
2025-07-02T11:04:00+02:00;45503_G;32;4;60;heavy;1
2025-07-02T11:04:00+02:00;45504_D;11;15;74;congested;2
2025-07-02T11:04:00+02:00;45504_G;32;5;60;heavy;1
2025-07-02T11:04:00+02:00;45505_D;30;11;50;heavy;2
2025-07-02T11:04:00+02:00;45505_G;32;10;60;heavy;1
2025-07-02T11:04:00+02:00;45530_D;28;2;45;freeFlow;1
2025-07-02T11:04:00+02:00;45530_G;10;8;60;heavy;1
2025-07-02T11:04:00+02:00;45531_D;15;4;48;heavy;1
2025-07-02T11:04:00+02:00;45531_G;20;3;60;heavy;1
2025-07-02T11:04:00+02:00;45532_D;5;41;51;congested;2
2025-07-02T11:04:00+02:00;45532_G;24;9;60;freeFlow;1
2025-07-02T11:04:00+02:00;45565_D;22;15;60;heavy;1
2025-07-02T11:04:00+02:00;45565_G;10;32;75;congested;2
2025-07-02T11:04:00+02:00;45566_D;22;13;60;heavy;1
2025-07-02T11:04:00+02:00;45566_G;38;7;60;freeFlow;1
2025-07-02T11:04:00+02:00;45567_D;8;33;60;congested;1
2025-07-02T11:04:00+02:00;45567_G;34;8;60;heavy;1
2025-07-02T11:04:00+02:00;45568_D;28;15;60;heavy;1
2025-07-02T11:04:00+02:00;45568_G;11;43;75;congested;2
2025-07-02T11:04:00+02:00;45601_D;32;10;60;heavy;1
2025-07-02T11:04:00+02:00;45601_G;16;20;75;heavy;2
2025-07-02T11:04:00+02:00;45613_D;25;12;15;heavy;1
2025-07-02T11:04:00+02:00;45613_G;21;15;73;heavy;2
2025-07-02T11:04:00+02:00;45614_D;51;4;45;freeFlow;1
2025-07-02T11:04:00+02:00;45614_G;41;5;55;freeFlow;1
2025-07-02T11:04:00+02:00;45636;94;12;75;freeFlow;2
2025-07-02T11:04:00+02:00;45637;97;11;100;freeFlow;7
2025-07-02T11:04:00+02:00;45640;53;9;60;freeFlow;1
2025-07-02T11:04:00+02:00;45641;65;19;100;freeFlow;18
2025-07-02T11:04:00+02:00;45642;86;25;100;freeFlow;19
2025-07-02T11:04:00+02:00;45644_D;53;18;52;freeFlow;1
2025-07-02T11:04:00+02:00;45644_G;25;37;75;heavy;2
2025-07-02T11:04:00+02:00;45645_G;31;19;60;heavy;1
2025-07-02T11:04:00+02:00;45725;92;34;100;freeFlow;9
2025-07-02T11:04:00+02:00;45736_D;26;18;68;heavy;2
2025-07-02T11:04:00+02:00;45736_G;24;19;75;heavy;2
2025-07-02T11:04:00+02:00;45759_D;39;10;70;freeFlow;2
2025-07-02T11:04:00+02:00;45759_G;8;44;100;congested;3
2025-07-02T11:04:00+02:00;45760_D;40;7;50;freeFlow;1
2025-07-02T11:04:00+02:00;45760_G;28;10;75;heavy;2
2025-07-02T11:04:00+02:00;45761_G;33;9;75;heavy;2
2025-07-02T11:04:00+02:00;45762_D;40;6;50;freeFlow;1
2025-07-02T11:04:00+02:00;45762_G;31;8;75;heavy;2
2025-07-02T11:04:00+02:00;45849_D;22;4;60;heavy;1
2025-07-02T11:04:00+02:00;45849_G;50;2;0;unknown;0
2025-07-02T11:04:00+02:00;45850_D;35;3;57;freeFlow;1
2025-07-02T11:04:00+02:00;45850_G;50;2;0;unknown;0
2025-07-02T11:04:00+02:00;45865_G;34;10;60;heavy;1
2025-07-02T11:04:00+02:00;46027;14;4;75;congested;2
2025-07-02T11:04:00+02:00;46028;50;14;0;unknown;0
2025-07-02T11:04:00+02:00;46029;19;9;75;heavy;2
2025-07-02T11:04:00+02:00;46036_D;21;24;60;heavy;1
2025-07-02T11:04:00+02:00;46036_G;18;28;57;heavy;1
2025-07-02T11:04:00+02:00;46053_G;34;11;60;heavy;1
2025-07-02T11:04:00+02:00;46054_D;36;5;35;freeFlow;1
2025-07-02T11:04:00+02:00;46054_G;35;5;60;heavy;1
2025-07-02T11:04:00+02:00;46055_D;36;7;35;freeFlow;1
2025-07-02T11:04:00+02:00;46055_G;35;7;60;heavy;1
2025-07-02T11:04:00+02:00;46056_G;35;3;60;heavy;1
2025-07-02T11:04:00+02:00;46057_D;38;5;35;freeFlow;1
2025-07-02T11:04:00+02:00;46057_G;35;6;60;heavy;1
2025-07-02T11:04:00+02:00;46058_D;40;9;35;freeFlow;1
2025-07-02T11:04:00+02:00;46058_G;35;10;60;heavy;1
2025-07-02T11:04:00+02:00;46059_D;41;15;38;freeFlow;1
2025-07-02T11:04:00+02:00;46059_G;30;19;60;heavy;1
2025-07-02T11:04:00+02:00;46079_D;40;7;35;freeFlow;1
2025-07-02T11:04:00+02:00;46079_G;35;9;60;heavy;1
2025-07-02T11:04:00+02:00;46080_D;41;12;38;freeFlow;1
2025-07-02T11:04:00+02:00;46080_G;20;23;60;heavy;1
2025-07-02T11:04:00+02:00;46081;14;18;57;congested;1
2025-07-02T11:04:00+02:00;46135;42;8;60;freeFlow;1
2025-07-02T11:04:00+02:00;46136;35;8;60;heavy;1
2025-07-02T11:04:00+02:00;46137;50;9;0;unknown;0
2025-07-02T11:04:00+02:00;46163;15;21;58;heavy;1
2025-07-02T11:04:00+02:00;46228;78;13;60;freeFlow;1
2025-07-02T11:04:00+02:00;46230;84;17;100;freeFlow;5
2025-07-02T11:04:00+02:00;46251_D;23;8;48;heavy;1
2025-07-02T11:04:00+02:00;46251_G;41;4;55;freeFlow;1
2025-07-02T11:04:00+02:00;46264;91;18;32;freeFlow;1
2025-07-02T11:04:00+02:00;46265;66;11;100;freeFlow;6
2025-07-02T11:04:00+02:00;46266;84;3;100;freeFlow;5
2025-07-02T11:04:00+02:00;46267;66;12;100;freeFlow;10
2025-07-02T11:04:00+02:00;46268;71;21;100;freeFlow;12
2025-07-02T11:04:00+02:00;46270_D;74;3;75;freeFlow;2
2025-07-02T11:04:00+02:00;46270_G;21;11;22;heavy;1
2025-07-02T11:04:00+02:00;46271_D;33;8;75;heavy;2
2025-07-02T11:04:00+02:00;46271_G;21;13;32;heavy;1
2025-07-02T11:04:00+02:00;46374_D;72;17;60;freeFlow;1
2025-07-02T11:04:00+02:00;46374_G;19;66;60;heavy;1
2025-07-02T11:04:00+02:00;46375_D;104;5;60;freeFlow;1
2025-07-02T11:04:00+02:00;46375_G;20;24;55;heavy;1
2025-07-02T11:04:00+02:00;46376_D;104;7;60;freeFlow;1
2025-07-02T11:04:00+02:00;46376_G;20;35;55;heavy;1
2025-07-02T11:04:00+02:00;46377_D;28;15;60;heavy;1
2025-07-02T11:04:00+02:00;46377_G;18;23;55;heavy;1
2025-07-02T11:04:00+02:00;46427_D;104;4;60;freeFlow;1
2025-07-02T11:04:00+02:00;46427_G;17;22;58;heavy;1
2025-07-02T11:04:00+02:00;46559_D;24;3;52;heavy;1
2025-07-02T11:04:00+02:00;46559_G;20;3;48;heavy;1
2025-07-02T11:04:00+02:00;46560_D;31;12;68;heavy;2
2025-07-02T11:04:00+02:00;46560_G;20;19;48;heavy;1
2025-07-02T11:04:00+02:00;46561_D;14;16;70;congested;2
2025-07-02T11:04:00+02:00;46561_G;20;13;48;heavy;1
2025-07-02T11:04:00+02:00;46562_D;16;7;70;heavy;2
2025-07-02T11:04:00+02:00;46562_G;20;5;48;heavy;1
2025-07-02T11:04:00+02:00;46563_D;36;11;55;freeFlow;1
2025-07-02T11:04:00+02:00;46563_G;21;21;48;heavy;1
2025-07-02T11:04:00+02:00;46564_D;14;14;65;congested;2
2025-07-02T11:04:00+02:00;46564_G;21;10;45;heavy;1
2025-07-02T11:04:00+02:00;46565_D;20;9;48;heavy;1
2025-07-02T11:04:00+02:00;46565_G;21;8;45;heavy;1
2025-07-02T11:04:00+02:00;46566_D;18;15;65;heavy;2
2025-07-02T11:04:00+02:00;46566_G;21;12;45;heavy;1
2025-07-02T11:04:00+02:00;46567_G;17;6;52;heavy;1
2025-07-02T11:04:00+02:00;46568_D;50;1;0;unknown;0
2025-07-02T11:04:00+02:00;46568_G;12;6;100;congested;5
2025-07-02T11:04:00+02:00;46569_D;7;71;50;congested;1
2025-07-02T11:04:00+02:00;46569_G;17;27;52;heavy;1
2025-07-02T11:04:00+02:00;46627_D;18;30;52;heavy;1
2025-07-02T11:04:00+02:00;46627_G;11;49;68;congested;2
2025-07-02T11:04:00+02:00;46628_D;17;23;73;heavy;2
2025-07-02T11:04:00+02:00;46628_G;21;18;45;heavy;1
2025-07-02T11:04:00+02:00;46640;50;15;0;unknown;0
2025-07-02T11:04:00+02:00;46641;50;8;0;unknown;0
2025-07-02T11:04:00+02:00;46643;50;3;0;unknown;0
2025-07-02T11:04:00+02:00;46649;50;8;0;unknown;0
2025-07-02T11:04:00+02:00;46653_D;14;44;74;congested;2
2025-07-02T11:04:00+02:00;46653_G;8;75;62;congested;2
2025-07-02T11:04:00+02:00;46654_D;29;18;60;heavy;1
2025-07-02T11:04:00+02:00;46654_G;23;23;73;heavy;2
2025-07-02T11:04:00+02:00;46655_D;31;5;60;heavy;1
2025-07-02T11:04:00+02:00;46655_G;18;9;57;heavy;1
2025-07-02T11:04:00+02:00;46682;91;5;60;freeFlow;1
2025-07-02T11:04:00+02:00;46683;104;1;60;freeFlow;1
2025-07-02T11:04:00+02:00;46684;37;13;55;freeFlow;1
2025-07-02T11:04:00+02:00;46685;68;15;100;freeFlow;4
2025-07-02T11:04:00+02:00;46686;67;20;100;freeFlow;3
2025-07-02T11:04:00+02:00;46688;41;28;57;heavy;1
2025-07-02T11:04:00+02:00;46716;84;1;100;freeFlow;8
2025-07-02T11:04:00+02:00;46717;85;44;100;freeFlow;6
2025-07-02T11:04:00+02:00;46718;83;12;100;freeFlow;8
2025-07-02T11:04:00+02:00;46719;50;15;75;freeFlow;2
2025-07-02T11:04:00+02:00;46720;12;17;60;congested;1
2025-07-02T11:04:00+02:00;46728;77;5;75;freeFlow;2
2025-07-02T11:04:00+02:00;46745_D;34;17;50;heavy;1
2025-07-02T11:04:00+02:00;46745_G;28;21;55;heavy;1
2025-07-02T11:04:00+02:00;46746_D;37;24;68;freeFlow;2
2025-07-02T11:04:00+02:00;46746_G;26;34;60;heavy;1
2025-07-02T11:04:00+02:00;46975;50;3;0;unknown;0
2025-07-02T11:04:00+02:00;47024;25;7;50;heavy;1
2025-07-02T11:04:00+02:00;47025;30;13;55;heavy;1
2025-07-02T11:04:00+02:00;47030;10;32;75;congested;2
2025-07-02T11:04:00+02:00;47057;75;11;100;freeFlow;8
2025-07-02T11:04:00+02:00;47058;81;23;100;freeFlow;12
2025-07-02T11:04:00+02:00;47059;85;15;100;freeFlow;5
2025-07-02T11:04:00+02:00;47060;93;10;100;freeFlow;6
2025-07-02T11:04:00+02:00;47062;75;11;60;freeFlow;1
2025-07-02T11:04:00+02:00;47064;32;2;100;heavy;3
2025-07-02T11:04:00+02:00;47066;69;2;100;freeFlow;3
2025-07-02T11:04:00+02:00;47068;60;11;77;freeFlow;5
2025-07-02T11:04:00+02:00;47070;44;7;100;freeFlow;6
2025-07-02T11:04:00+02:00;47071;55;16;100;freeFlow;3
2025-07-02T11:04:00+02:00;47074;59;8;95;heavy;6
2025-07-02T11:04:00+02:00;47075;116;2;75;freeFlow;2
2025-07-02T11:04:00+02:00;47078;72;34;60;freeFlow;1
2025-07-02T11:04:00+02:00;47101;83;5;60;freeFlow;1
2025-07-02T11:04:00+02:00;47107;68;7;100;freeFlow;5
2025-07-02T11:04:00+02:00;47108;113;7;75;freeFlow;2
2025-07-02T11:04:00+02:00;47109;44;2;100;freeFlow;4
2025-07-02T11:04:00+02:00;47110;44;17;100;heavy;3
2025-07-02T11:04:00+02:00;47111;91;20;100;freeFlow;5
2025-07-02T11:04:00+02:00;47112;37;23;100;freeFlow;5
2025-07-02T11:04:00+02:00;47113;115;5;100;freeFlow;3
2025-07-02T11:04:00+02:00;47114;42;33;95;freeFlow;3
2025-07-02T11:04:00+02:00;47115;42;34;100;freeFlow;4
2025-07-02T11:04:00+02:00;47238;85;7;100;freeFlow;9
2025-07-02T11:04:00+02:00;47240;81;18;100;freeFlow;8
2025-07-02T11:04:00+02:00;47241;81;13;100;freeFlow;8
2025-07-02T11:04:00+02:00;47242;82;16;100;freeFlow;10
2025-07-02T11:04:00+02:00;47243;86;16;100;freeFlow;10
2025-07-02T11:04:00+02:00;47290;33;16;57;heavy;1
2025-07-02T11:04:00+02:00;47293;86;6;100;freeFlow;10
2025-07-02T11:04:00+02:00;47299;38;9;100;heavy;4
2025-07-02T11:04:00+02:00;47300;113;11;75;freeFlow;2
2025-07-02T11:04:00+02:00;47306;85;24;100;freeFlow;5
2025-07-02T11:04:00+02:00;47316;45;7;100;heavy;4
2025-07-02T11:04:00+02:00;47428_D;50;5;0;unknown;0
2025-07-02T11:04:00+02:00;47428_G;50;5;0;unknown;0
2025-07-02T11:04:00+02:00;48769_D;53;3;50;freeFlow;1
2025-07-02T11:04:00+02:00;48769_G;34;4;75;heavy;2
2025-07-02T11:04:00+02:00;48890;34;1;0;unknown;0
2025-07-02T11:04:00+02:00;48891;50;1;0;unknown;0
2025-07-02T11:04:00+02:00;48958_D;23;10;70;heavy;2
2025-07-02T11:04:00+02:00;48958_G;11;19;12;congested;1
2025-07-02T11:04:00+02:00;489866_G;41;4;55;freeFlow;1
2025-07-02T11:04:00+02:00;49004;43;5;60;freeFlow;1
2025-07-02T11:04:00+02:00;490194_D;25;3;60;heavy;1
2025-07-02T11:04:00+02:00;490194_G;15;4;75;congested;2
2025-07-02T11:04:00+02:00;49023;85;7;60;freeFlow;1
2025-07-02T11:04:00+02:00;49068;4;151;100;congested;4
2025-07-02T11:04:00+02:00;49074;37;3;75;heavy;2
2025-07-02T11:04:00+02:00;49075;8;15;17;congested;1
2025-07-02T11:04:00+02:00;49081;107;5;60;freeFlow;1
2025-07-02T11:04:00+02:00;49084;37;11;55;freeFlow;1
2025-07-02T11:04:00+02:00;49137_D;4;49;15;congested;1
2025-07-02T11:04:00+02:00;49137_G;13;14;12;congested;1
2025-07-02T11:04:00+02:00;49184;47;2;75;freeFlow;2
2025-07-02T11:04:00+02:00;492351_G;41;3;55;freeFlow;1
2025-07-02T11:04:00+02:00;492359_D;28;9;45;heavy;1
2025-07-02T11:04:00+02:00;492363_D;50;9;0;unknown;0
2025-07-02T11:04:00+02:00;492363_G;50;10;0;unknown;0
2025-07-02T11:04:00+02:00;492435;17;25;100;heavy;8
2025-07-02T11:04:00+02:00;492445_G;19;34;75;heavy;2
2025-07-02T11:04:00+02:00;492450;33;15;75;heavy;2
2025-07-02T11:04:00+02:00;492452;25;20;75;heavy;2
2025-07-02T11:04:00+02:00;492459;109;1;60;freeFlow;1
2025-07-02T11:04:00+02:00;492474;104;2;60;freeFlow;1
2025-07-02T11:04:00+02:00;492475;104;8;60;freeFlow;1
2025-07-02T11:04:00+02:00;492476;13;37;100;congested;4
2025-07-02T11:04:00+02:00;492477;44;2;100;freeFlow;6
2025-07-02T11:04:00+02:00;492479;55;12;100;freeFlow;6
2025-07-02T11:04:00+02:00;492481;50;3;0;unknown;0
2025-07-02T11:04:00+02:00;492482;43;3;100;freeFlow;6
2025-07-02T11:04:00+02:00;492483;18;10;100;heavy;3
2025-07-02T11:04:00+02:00;492485;33;2;100;heavy;4
2025-07-02T11:04:00+02:00;492490;44;8;75;freeFlow;2
2025-07-02T11:04:00+02:00;492495;104;0;60;freeFlow;1
2025-07-02T11:04:00+02:00;492498;37;12;99;freeFlow;3
2025-07-02T11:04:00+02:00;492506;17;13;100;heavy;4
2025-07-02T11:04:00+02:00;492512;50;2;0;unknown;0
2025-07-02T11:04:00+02:00;492514;33;1;100;heavy;6
2025-07-02T11:04:00+02:00;492519;56;9;75;freeFlow;2
2025-07-02T11:04:00+02:00;492574;38;4;75;freeFlow;2
2025-07-02T11:04:00+02:00;492576;37;1;75;freeFlow;2
2025-07-02T11:04:00+02:00;49328_D;23;5;45;heavy;1
2025-07-02T11:04:00+02:00;49328_G;13;9;0;unknown;0
2025-07-02T11:04:00+02:00;49686_D;50;3;0;unknown;0
2025-07-02T11:04:00+02:00;49686_G;1;174;12;congested;1
2025-07-02T11:04:00+02:00;50079_D;30;7;50;freeFlow;1
2025-07-02T11:04:00+02:00;50079_G;25;9;55;freeFlow;1
2025-07-02T11:04:00+02:00;50191_D;29;17;57;heavy;1
2025-07-02T11:04:00+02:00;50191_G;23;23;60;heavy;1
2025-07-02T11:04:00+02:00;50308_G;41;7;55;freeFlow;1
2025-07-02T11:04:00+02:00;50355_D;47;6;48;freeFlow;1
2025-07-02T11:04:00+02:00;50355_G;41;7;55;freeFlow;1
2025-07-02T11:04:00+02:00;50416_D;47;3;48;freeFlow;1
2025-07-02T11:04:00+02:00;50416_G;41;3;55;freeFlow;1
2025-07-02T11:04:00+02:00;50475;21;18;52;heavy;1
2025-07-02T11:04:00+02:00;50509;50;9;60;freeFlow;1
2025-07-02T11:04:00+02:00;50573_D;36;6;52;freeFlow;1
2025-07-02T11:04:00+02:00;50573_G;33;6;52;freeFlow;1
2025-07-02T11:04:00+02:00;51008;50;3;0;unknown;0
2025-07-02T11:04:00+02:00;51017;80;2;60;freeFlow;1
2025-07-02T11:04:00+02:00;51159_D;75;9;60;freeFlow;1
2025-07-02T11:04:00+02:00;51159_G;17;39;57;heavy;1
2025-07-02T11:04:00+02:00;51254_D;104;3;60;freeFlow;1
2025-07-02T11:04:00+02:00;51254_G;17;16;52;heavy;1
2025-07-02T11:04:00+02:00;51323_D;29;5;57;heavy;1
2025-07-02T11:04:00+02:00;51323_G;24;8;60;heavy;1
2025-07-02T11:04:00+02:00;51437_D;24;7;60;heavy;1
2025-07-02T11:04:00+02:00;51437_G;39;3;60;freeFlow;1
2025-07-02T11:04:00+02:00;51455_D;44;6;60;freeFlow;1
2025-07-02T11:04:00+02:00;51455_G;10;28;75;congested;2
2025-07-02T11:04:00+02:00;51797;35;6;60;freeFlow;1
2025-07-02T11:04:00+02:00;52130;50;4;0;unknown;0
2025-07-02T11:04:00+02:00;53329_D;42;4;57;freeFlow;1
2025-07-02T11:04:00+02:00;53329_G;30;6;0;unknown;0
2025-07-02T11:04:00+02:00;53336_D;20;19;50;heavy;1
2025-07-02T11:04:00+02:00;53336_G;23;17;52;heavy;1
2025-07-02T11:04:00+02:00;53411_D;7;55;48;congested;1
2025-07-02T11:04:00+02:00;53539_G;74;3;100;freeFlow;3
2025-07-02T11:04:00+02:00;53542;108;4;57;freeFlow;1
2025-07-02T11:04:00+02:00;53543;72;6;60;freeFlow;1
2025-07-02T11:04:00+02:00;53575_D;39;17;57;freeFlow;1
2025-07-02T11:04:00+02:00;53575_G;33;19;60;heavy;1
2025-07-02T11:04:00+02:00;53656;38;2;60;freeFlow;1
2025-07-02T11:04:00+02:00;53660;37;10;75;freeFlow;2
2025-07-02T11:04:00+02:00;53663;8;15;60;congested;1
2025-07-02T11:04:00+02:00;53675;37;2;100;heavy;5
2025-07-02T11:04:00+02:00;53676;33;4;100;heavy;5
2025-07-02T11:04:00+02:00;53677;49;12;100;heavy;4
2025-07-02T11:04:00+02:00;53678;36;1;60;heavy;1
2025-07-02T11:04:00+02:00;53679;40;3;60;heavy;1
2025-07-02T11:04:00+02:00;53681;78;25;75;freeFlow;2
2025-07-02T11:04:00+02:00;53721;50;1;0;unknown;0
2025-07-02T11:04:00+02:00;53885_D;28;18;60;heavy;1
2025-07-02T11:04:00+02:00;53885_G;20;26;75;heavy;2
2025-07-02T11:04:00+02:00;54211;14;44;75;congested;2
2025-07-02T11:04:00+02:00;54334_D;14;3;52;congested;1
2025-07-02T11:04:00+02:00;54334_G;27;2;52;heavy;1
2025-07-02T11:04:00+02:00;54337;27;30;40;heavy;1
2025-07-02T11:04:00+02:00;54361;72;3;60;freeFlow;1
2025-07-02T11:04:00+02:00;54580_G;6;99;57;congested;2
2025-07-02T11:04:00+02:00;54707;56;8;57;freeFlow;1
2025-07-02T11:04:00+02:00;54709;33;1;17;heavy;1
2025-07-02T11:04:00+02:00;54710;67;3;57;freeFlow;1
2025-07-02T11:04:00+02:00;55397_D;19;4;52;heavy;1
2025-07-02T11:04:00+02:00;55397_G;20;3;75;heavy;2
2025-07-02T11:04:00+02:00;55401;25;15;100;heavy;3
2025-07-02T11:04:00+02:00;55405;22;3;100;heavy;3
2025-07-02T11:04:00+02:00;55406;23;8;100;heavy;3
2025-07-02T11:04:00+02:00;55407;26;5;60;heavy;1
2025-07-02T11:04:00+02:00;55408;24;7;60;heavy;1
2025-07-02T11:04:00+02:00;55440_D;15;11;55;heavy;2
2025-07-02T11:04:00+02:00;55440_G;24;7;60;freeFlow;1
2025-07-02T11:04:00+02:00;55443_D;29;3;73;heavy;2
2025-07-02T11:04:00+02:00;55443_G;24;3;60;heavy;1
2025-07-02T11:04:00+02:00;55446;22;4;75;heavy;2
2025-07-02T11:04:00+02:00;55447;13;4;75;congested;2
2025-07-02T11:04:00+02:00;55448;15;4;74;heavy;2
2025-07-02T11:04:00+02:00;55449;20;3;60;heavy;1
2025-07-02T11:04:00+02:00;55516;50;2;0;unknown;0
2025-07-02T11:04:00+02:00;55669;4;48;100;congested;3
2025-07-02T11:04:00+02:00;55671;26;14;32;heavy;1
2025-07-02T11:04:00+02:00;55696;50;15;0;unknown;0
2025-07-02T11:04:00+02:00;55698;50;9;0;unknown;0
2025-07-02T11:04:00+02:00;55700;50;8;0;unknown;0
2025-07-02T11:04:00+02:00;55703;34;4;0;unknown;0
2025-07-02T11:04:00+02:00;55706;34;2;0;unknown;0
2025-07-02T11:04:00+02:00;55707;34;10;0;unknown;0
2025-07-02T11:04:00+02:00;55708;50;3;0;unknown;0
2025-07-02T11:04:00+02:00;55710;50;14;0;unknown;0
2025-07-02T11:04:00+02:00;55711;50;1;0;unknown;0
2025-07-02T11:04:00+02:00;55713;50;14;0;unknown;0
2025-07-02T11:04:00+02:00;55781_D;41;3;38;freeFlow;1
2025-07-02T11:04:00+02:00;55781_G;20;6;60;heavy;1
2025-07-02T11:04:00+02:00;55800;31;10;38;heavy;1
2025-07-02T11:04:00+02:00;55801;14;11;57;congested;1
2025-07-02T11:04:00+02:00;55805;28;8;40;heavy;1
2025-07-02T11:04:00+02:00;55806;30;17;40;heavy;1
2025-07-02T11:04:00+02:00;55811;29;11;45;heavy;1
2025-07-02T11:04:00+02:00;55814;29;4;42;heavy;1
2025-07-02T11:04:00+02:00;55815;37;1;55;freeFlow;1
2025-07-02T11:04:00+02:00;55820;50;1;0;unknown;0
2025-07-02T11:04:00+02:00;55821;37;3;55;freeFlow;1
2025-07-02T11:04:00+02:00;55822;37;3;55;freeFlow;1
2025-07-02T11:04:00+02:00;55823;50;1;0;unknown;0
2025-07-02T11:04:00+02:00;55824;27;3;40;heavy;1
2025-07-02T11:04:00+02:00;55827;30;3;100;heavy;5
2025-07-02T11:04:00+02:00;55830;63;1;100;freeFlow;4
2025-07-02T11:04:00+02:00;55841;104;4;60;freeFlow;1
2025-07-02T11:04:00+02:00;55843;50;1;0;unknown;0
2025-07-02T11:04:00+02:00;55879;15;4;73;congested;2
2025-07-02T11:04:00+02:00;55883;13;5;60;congested;1
2025-07-02T11:04:00+02:00;55887;38;14;73;freeFlow;2
2025-07-02T11:04:00+02:00;55888;34;17;55;heavy;1
2025-07-02T11:04:00+02:00;55889;18;5;98;heavy;3
2025-07-02T11:04:00+02:00;55890;23;4;52;heavy;1
2025-07-02T11:04:00+02:00;55894;60;1;73;freeFlow;2
2025-07-02T11:04:00+02:00;55896;16;4;75;heavy;2
2025-07-02T11:04:00+02:00;55898;38;15;60;freeFlow;1
2025-07-02T11:04:00+02:00;55899;35;10;60;freeFlow;1
2025-07-02T11:04:00+02:00;55926_D;33;7;75;heavy;2
2025-07-02T11:04:00+02:00;55926_G;21;11;32;heavy;1
2025-07-02T11:04:00+02:00;55932;34;2;55;heavy;1
2025-07-02T11:04:00+02:00;55933;35;3;74;heavy;2
2025-07-02T11:04:00+02:00;55958;58;1;60;freeFlow;1
2025-07-02T11:04:00+02:00;55959;47;2;60;freeFlow;1
2025-07-02T11:04:00+02:00;55974;35;1;60;freeFlow;1
2025-07-02T11:04:00+02:00;55975;52;2;100;freeFlow;6
2025-07-02T11:04:00+02:00;55977;50;3;100;freeFlow;4
2025-07-02T11:04:00+02:00;55978;105;1;45;freeFlow;1
2025-07-02T11:04:00+02:00;55980;44;6;75;freeFlow;2
2025-07-02T11:04:00+02:00;55981;23;11;73;heavy;2
2025-07-02T11:04:00+02:00;56019;27;2;57;heavy;2
2025-07-02T11:04:00+02:00;56020;41;1;55;freeFlow;1
2025-07-02T11:04:00+02:00;56113;50;5;0;unknown;0
2025-07-02T11:04:00+02:00;56115;50;4;0;unknown;0
2025-07-02T11:04:00+02:00;56117;50;5;0;unknown;0
2025-07-02T11:04:00+02:00;56118;20;3;60;heavy;1
2025-07-02T11:04:00+02:00;56124;42;2;60;freeFlow;1
2025-07-02T11:04:00+02:00;56125;50;1;0;unknown;0
2025-07-02T11:04:00+02:00;56126;50;3;0;unknown;0
2025-07-02T11:04:00+02:00;56128;50;1;0;unknown;0
2025-07-02T11:04:00+02:00;56157_D;30;13;0;unknown;0
2025-07-02T11:04:00+02:00;56157_G;30;13;0;unknown;0
2025-07-02T11:04:00+02:00;56165_D;30;2;0;unknown;0
2025-07-02T11:04:00+02:00;56165_G;30;2;0;unknown;0
2025-07-02T11:04:00+02:00;56170;50;1;0;unknown;0
2025-07-02T11:04:00+02:00;56174;50;5;0;unknown;0
2025-07-02T11:04:00+02:00;56175;42;5;60;freeFlow;1
2025-07-02T11:04:00+02:00;56179;50;2;0;unknown;0
2025-07-02T11:04:00+02:00;56180;50;1;0;unknown;0
2025-07-02T11:04:00+02:00;56181;42;2;60;freeFlow;1
2025-07-02T11:04:00+02:00;56182;50;2;0;unknown;0
2025-07-02T11:04:00+02:00;56183;50;1;0;unknown;0
2025-07-02T11:04:00+02:00;56218_D;50;3;0;unknown;0
2025-07-02T11:04:00+02:00;56218_G;50;3;0;unknown;0
2025-07-02T11:04:00+02:00;56223;58;1;60;freeFlow;1
2025-07-02T11:04:00+02:00;56224;50;8;0;unknown;0
2025-07-02T11:04:00+02:00;56225;24;14;60;heavy;1
2025-07-02T11:04:00+02:00;56229;24;5;60;heavy;1
2025-07-02T11:04:00+02:00;56231;50;2;0;unknown;0
2025-07-02T11:04:00+02:00;56232;58;1;60;freeFlow;1
2025-07-02T11:04:00+02:00;56233;50;9;0;unknown;0
2025-07-02T11:04:00+02:00;56237;50;9;0;unknown;0
2025-07-02T11:04:00+02:00;56239;30;3;0;unknown;0
2025-07-02T11:04:00+02:00;56247;30;1;0;unknown;0
2025-07-02T11:04:00+02:00;56250;30;21;0;unknown;0
2025-07-02T11:04:00+02:00;56251;30;21;0;unknown;0
2025-07-02T11:04:00+02:00;56254;30;1;0;unknown;0
2025-07-02T11:04:00+02:00;56255;30;2;0;unknown;0
2025-07-02T11:04:00+02:00;56256;30;1;0;unknown;0
2025-07-02T11:04:00+02:00;56258;30;5;0;unknown;0
2025-07-02T11:04:00+02:00;56260;30;2;0;unknown;0
2025-07-02T11:04:00+02:00;56261;30;2;0;unknown;0
2025-07-02T11:04:00+02:00;56263;30;13;0;unknown;0
2025-07-02T11:04:00+02:00;56264;30;13;0;unknown;0
2025-07-02T11:04:00+02:00;56298;30;1;0;unknown;0
2025-07-02T11:04:00+02:00;56300;30;1;0;unknown;0
2025-07-02T11:04:00+02:00;56333;29;3;42;heavy;1
2025-07-02T11:04:00+02:00;565804_D;17;25;74;heavy;2
2025-07-02T11:04:00+02:00;565804_G;16;26;75;heavy;2
2025-07-02T11:04:00+02:00;565852;72;2;60;freeFlow;1
2025-07-02T11:04:00+02:00;565853;61;16;29;heavy;1
2025-07-02T11:04:00+02:00;566240;50;2;0;unknown;0
2025-07-02T11:04:00+02:00;566445_D;30;2;0;unknown;0
2025-07-02T11:04:00+02:00;566445_G;30;3;0;unknown;0
2025-07-02T11:04:00+02:00;566456_D;30;22;0;unknown;0
2025-07-02T11:04:00+02:00;566456_G;30;22;0;unknown;0
2025-07-02T11:04:00+02:00;566457;50;1;0;unknown;0
2025-07-02T11:04:00+02:00;566465_D;30;10;0;unknown;0
2025-07-02T11:04:00+02:00;566465_G;30;10;0;unknown;0
2025-07-02T11:04:00+02:00;56675_D;54;3;52;freeFlow;1
2025-07-02T11:04:00+02:00;56675_G;28;6;75;heavy;2
2025-07-02T11:04:00+02:00;566941;23;4;74;heavy;2
2025-07-02T11:04:00+02:00;56871_D;50;3;0;unknown;0
2025-07-02T11:04:00+02:00;56871_G;50;3;0;unknown;0
2025-07-02T11:04:00+02:00;56908_D;33;12;60;heavy;1
2025-07-02T11:04:00+02:00;56908_G;34;11;59;heavy;1
2025-07-02T11:04:00+02:00;56925;83;42;100;freeFlow;10
2025-07-02T11:04:00+02:00;56944_D;27;11;48;freeFlow;1
2025-07-02T11:04:00+02:00;56944_G;24;12;60;freeFlow;1
2025-07-02T11:04:00+02:00;56945_D;15;16;48;heavy;1
2025-07-02T11:04:00+02:00;56945_G;24;9;60;freeFlow;1
2025-07-02T11:04:00+02:00;57082_G;0;217170508425168650000;0;unknown;0
2025-07-02T11:04:00+02:00;57083_D;42;10;57;freeFlow;1
2025-07-02T11:04:00+02:00;57083_G;33;14;60;freeFlow;1
2025-07-02T11:04:00+02:00;59724;18;8;60;heavy;1
2025-07-02T11:04:00+02:00;59750_D;25;9;48;heavy;1
2025-07-02T11:04:00+02:00;59750_G;41;5;55;freeFlow;1
2025-07-02T11:04:00+02:00;59835_D;50;4;0;unknown;0
2025-07-02T11:04:00+02:00;59835_G;50;4;0;unknown;0
2025-07-02T11:04:00+02:00;59836;50;2;0;unknown;0
2025-07-02T11:04:00+02:00;59837;20;3;75;heavy;2
2025-07-02T11:04:00+02:00;59838;20;6;60;heavy;1
2025-07-02T11:04:00+02:00;62559_D;41;8;38;freeFlow;1
2025-07-02T11:04:00+02:00;62559_G;20;15;60;heavy;1
2025-07-02T11:04:00+02:00;62560;50;5;0;unknown;0
2025-07-02T11:04:00+02:00;62565_D;41;2;38;freeFlow;1
2025-07-02T11:04:00+02:00;62565_G;20;3;60;heavy;1
2025-07-02T11:04:00+02:00;62831_D;40;1;50;freeFlow;1
2025-07-02T11:04:00+02:00;62831_G;34;1;75;heavy;2
2025-07-02T11:04:00+02:00;62832_D;40;1;50;freeFlow;1
2025-07-02T11:04:00+02:00;62832_G;34;2;75;heavy;2
2025-07-02T11:04:00+02:00;63045_D;47;3;50;freeFlow;1
2025-07-02T11:04:00+02:00;63045_G;27;6;40;freeFlow;1
2025-07-02T11:04:00+02:00;63053_D;28;8;45;heavy;1
2025-07-02T11:04:00+02:00;63053_G;10;22;60;congested;1
2025-07-02T11:04:00+02:00;63899;57;30;100;freeFlow;6
2025-07-02T11:04:00+02:00;63934;50;1;0;unknown;0
2025-07-02T11:04:00+02:00;63935;32;13;60;heavy;1
2025-07-02T11:04:00+02:00;63936;30;18;100;heavy;3
2025-07-02T11:04:00+02:00;63939;27;22;60;heavy;1
2025-07-02T11:04:00+02:00;63940;26;3;100;heavy;3
2025-07-02T11:04:00+02:00;63941;35;1;100;freeFlow;3
2025-07-02T11:04:00+02:00;63942;26;2;12;heavy;1
2025-07-02T11:04:00+02:00;63943;19;5;60;heavy;1
2025-07-02T11:04:00+02:00;63944;59;3;100;freeFlow;3
2025-07-02T11:04:00+02:00;63947;40;3;48;freeFlow;1
2025-07-02T11:04:00+02:00;63950;40;1;48;freeFlow;1
2025-07-02T11:04:00+02:00;63951;35;2;20;heavy;1
2025-07-02T11:04:00+02:00;63952;94;0;75;freeFlow;2
2025-07-02T11:04:00+02:00;63953;94;1;75;freeFlow;2
2025-07-02T11:04:00+02:00;63970;69;14;75;freeFlow;2
2025-07-02T11:04:00+02:00;63973;43;3;75;freeFlow;2
2025-07-02T11:04:00+02:00;64032;65;15;99;freeFlow;3
2025-07-02T11:04:00+02:00;64061_D;35;9;60;freeFlow;1
2025-07-02T11:04:00+02:00;64061_G;33;10;25;freeFlow;1
2025-07-02T11:04:00+02:00;64637_D;38;10;60;freeFlow;1
2025-07-02T11:04:00+02:00;64637_G;4;98;85;congested;3
2025-07-02T11:04:00+02:00;65310;26;11;32;heavy;1
2025-07-02T11:04:00+02:00;65313;7;49;35;congested;1
2025-07-02T11:04:00+02:00;65682;81;14;50;freeFlow;1
2025-07-02T11:04:00+02:00;66421;50;2;0;unknown;0
2025-07-02T11:04:00+02:00;66442;50;4;0;unknown;0
2025-07-02T11:04:00+02:00;66782;22;16;60;heavy;1
2025-07-02T11:04:00+02:00;67066;26;12;38;heavy;1
2025-07-02T11:04:00+02:00;67097_D;42;8;57;freeFlow;1
2025-07-02T11:04:00+02:00;67097_G;30;12;0;unknown;0
2025-07-02T11:04:00+02:00;69381_D;46;6;50;freeFlow;1
2025-07-02T11:04:00+02:00;69381_G;34;9;75;heavy;2
2025-07-02T11:04:00+02:00;72487_G;80;31;0;unknown;0
2025-07-02T11:04:00+02:00;72614;50;2;0;unknown;0
2025-07-02T11:04:00+02:00;72621;38;9;60;freeFlow;1
2025-07-02T11:04:00+02:00;72624;26;13;75;heavy;2
2025-07-02T11:04:00+02:00;72628;11;2;75;congested;2
2025-07-02T11:04:00+02:00;74283_D;27;27;75;heavy;2
2025-07-02T11:04:00+02:00;74283_G;25;30;100;heavy;3
2025-07-02T11:04:00+02:00;75387;31;2;75;heavy;2
2025-07-02T11:04:00+02:00;75631;43;7;100;heavy;4
2025-07-02T11:04:00+02:00;75818_D;40;3;48;freeFlow;1
2025-07-02T11:04:00+02:00;75818_G;70;2;100;freeFlow;3
2025-07-02T11:04:00+02:00;75820;76;25;100;freeFlow;8
2025-07-02T11:04:00+02:00;75824;59;8;75;freeFlow;2
2025-07-02T11:04:00+02:00;75825;62;7;100;heavy;8
2025-07-02T11:04:00+02:00;75828;78;9;60;freeFlow;1
2025-07-02T11:04:00+02:00;75829;56;12;60;freeFlow;1
2025-07-02T11:04:00+02:00;75832;55;2;100;freeFlow;5
2025-07-02T11:04:00+02:00;75833;30;7;100;heavy;3
2025-07-02T11:04:00+02:00;75835;24;5;100;heavy;4
2025-07-02T11:04:00+02:00;75836;77;13;100;freeFlow;3
2025-07-02T11:04:00+02:00;75837;85;5;100;freeFlow;5
2025-07-02T11:04:00+02:00;75838;43;6;100;freeFlow;4
2025-07-02T11:04:00+02:00;75839;49;4;55;freeFlow;1
2025-07-02T11:04:00+02:00;75840;48;4;60;freeFlow;1
2025-07-02T11:04:00+02:00;75845;43;3;100;heavy;4
2025-07-02T11:04:00+02:00;75846;45;7;100;heavy;4
2025-07-02T11:04:00+02:00;75847;47;13;100;heavy;4
2025-07-02T11:04:00+02:00;75848;39;6;60;freeFlow;1
2025-07-02T11:04:00+02:00;75849;30;8;100;heavy;3
2025-07-02T11:04:00+02:00;75850;50;4;75;freeFlow;2
2025-07-02T11:04:00+02:00;75851;68;3;60;freeFlow;1
2025-07-02T11:04:00+02:00;75853;80;1;60;freeFlow;1
2025-07-02T11:04:00+02:00;75854;80;3;60;freeFlow;1
2025-07-02T11:04:00+02:00;75856;36;3;75;heavy;2
2025-07-02T11:04:00+02:00;75897;63;15;75;heavy;2
2025-07-02T11:04:00+02:00;9128;61;45;100;heavy;13
2025-07-02T11:04:00+02:00;9130;50;15;100;freeFlow;4
2025-07-02T11:04:00+02:00;9131;92;7;100;freeFlow;5
2025-07-02T11:04:00+02:00;9132;68;31;100;freeFlow;9
2025-07-02T11:04:00+02:00;9146;63;6;100;freeFlow;6
2025-07-02T11:04:00+02:00;9178;59;20;100;heavy;3
2025-07-02T11:04:00+02:00;9179;75;24;100;freeFlow;12
2025-07-02T11:04:00+02:00;9180;75;25;100;freeFlow;7
2025-07-02T11:04:00+02:00;9181;91;10;60;freeFlow;1
2025-07-02T11:04:00+02:00;9182;16;14;50;congested;1
2025-07-02T11:04:00+02:00;9183;28;15;74;heavy;2
2025-07-02T11:04:00+02:00;9184;59;11;43;heavy;2
2025-07-02T11:04:00+02:00;9245;73;97;100;heavy;4
2025-07-02T11:04:00+02:00;9246;94;126;100;freeFlow;8
2025-07-02T11:04:00+02:00;9380_D;80;23;0;unknown;0
2025-07-02T11:04:00+02:00;9380_G;58;32;75;freeFlow;2
2025-07-02T11:04:00+02:00;9389;80;1;0;unknown;0
2025-07-02T11:04:00+02:00;9390;53;2;75;heavy;2
2025-07-02T11:04:00+02:00;9391;31;3;75;heavy;2
2025-07-02T11:04:00+02:00;9392;80;1;0;unknown;0
2025-07-02T11:04:00+02:00;1677832;22;15;60;heavy;1
2025-07-02T11:04:00+02:00;1679085_D;17;6;42;heavy;1
2025-07-02T11:04:00+02:00;1679085_G;33;3;52;heavy;1
2025-07-02T11:04:00+02:00;1679794;33;2;52;heavy;1
2025-07-02T11:04:00+02:00;1679795_G;33;2;52;heavy;1
2025-07-02T11:04:00+02:00;1679796;33;1;52;heavy;1
2025-07-02T11:04:00+02:00;1679797_D;50;6;0;unknown;0
2025-07-02T11:04:00+02:00;1679797_G;50;6;0;unknown;0
2025-07-02T11:04:00+02:00;1679798;33;2;52;heavy;1
2025-07-02T11:04:00+02:00;1679800;25;3;42;heavy;1
2025-07-02T11:04:00+02:00;1680335;33;9;32;heavy;1
2025-07-02T11:04:00+02:00;1680340;20;5;60;heavy;1
2025-07-02T11:04:00+02:00;213972_D;50;6;0;unknown;0
2025-07-02T11:04:00+02:00;213972_G;50;5;0;unknown;0
2025-07-02T11:04:00+02:00;213973_D;50;8;0;unknown;0
2025-07-02T11:04:00+02:00;213973_G;27;14;0;unknown;0
2025-07-02T11:04:00+02:00;213974_D;50;4;0;unknown;0
2025-07-02T11:04:00+02:00;213974_G;50;4;0;unknown;0
2025-07-02T11:04:00+02:00;26521;93;58;100;freeFlow;4
2025-07-02T11:04:00+02:00;26522;96;35;100;freeFlow;5
2025-07-02T11:04:00+02:00;31304_G;40;28;64;freeFlow;2
2025-07-02T11:04:00+02:00;31328;93;10;100;freeFlow;3
2025-07-02T11:04:00+02:00;31441;75;45;45;freeFlow;2
2025-07-02T11:04:00+02:00;31535;53;14;57;freeFlow;1
2025-07-02T11:04:00+02:00;31552;87;8;100;freeFlow;9
2025-07-02T11:04:00+02:00;31555;71;12;100;freeFlow;5
2025-07-02T11:04:00+02:00;43014_D;3;61;75;congested;2
2025-07-02T11:04:00+02:00;43014_G;18;11;100;heavy;4
2025-07-02T11:04:00+02:00;43105_D;8;33;57;congested;2
2025-07-02T11:04:00+02:00;43105_G;15;17;57;heavy;2
2025-07-02T11:04:00+02:00;43118_D;55;10;38;freeFlow;1
2025-07-02T11:04:00+02:00;43118_G;21;27;95;heavy;6
2025-07-02T11:04:00+02:00;43124_D;7;52;22;congested;1
2025-07-02T11:04:00+02:00;43124_G;30;13;74;freeFlow;2
2025-07-02T11:04:00+02:00;43125_D;9;28;45;heavy;1
2025-07-02T11:04:00+02:00;43125_G;13;20;75;heavy;2
2025-07-02T11:04:00+02:00;43126_D;7;72;98;congested;5
2025-07-02T11:04:00+02:00;43126_G;15;34;100;heavy;3
2025-07-02T11:04:00+02:00;43147_D;5;58;66;congested;2
2025-07-02T11:04:00+02:00;43147_G;17;15;75;heavy;2
2025-07-02T11:04:00+02:00;43336_D;46;6;57;freeFlow;1
2025-07-02T11:04:00+02:00;43336_G;50;6;0;unknown;0
2025-07-02T11:04:00+02:00;43337_D;31;14;57;heavy;1
2025-07-02T11:04:00+02:00;43337_G;15;29;60;congested;1
2025-07-02T11:04:00+02:00;43338_D;22;8;57;heavy;1
2025-07-02T11:04:00+02:00;43338_G;50;4;0;unknown;0
2025-07-02T11:04:00+02:00;43339_D;48;5;57;freeFlow;1
2025-07-02T11:04:00+02:00;43339_G;50;5;0;unknown;0
2025-07-02T11:04:00+02:00;43340_D;48;1;57;freeFlow;1
2025-07-02T11:04:00+02:00;43340_G;50;1;0;unknown;0
2025-07-02T11:04:00+02:00;43341_D;31;6;57;heavy;1
2025-07-02T11:04:00+02:00;43341_G;50;4;0;unknown;0
2025-07-02T11:04:00+02:00;43342_D;39;3;57;freeFlow;1
2025-07-02T11:04:00+02:00;43342_G;50;2;0;unknown;0
2025-07-02T11:04:00+02:00;43343_D;45;8;57;freeFlow;1
2025-07-02T11:04:00+02:00;43343_G;50;7;0;unknown;0
2025-07-02T11:04:00+02:00;43345_D;44;7;55;freeFlow;1
2025-07-02T11:04:00+02:00;43345_G;28;11;50;freeFlow;1
2025-07-02T11:04:00+02:00;43347_D;50;3;55;freeFlow;1
2025-07-02T11:04:00+02:00;43347_G;20;7;50;heavy;1
2025-07-02T11:04:00+02:00;43352_D;41;12;52;freeFlow;1
2025-07-02T11:04:00+02:00;43353_D;23;13;52;freeFlow;1
2025-07-02T11:04:00+02:00;43353_G;36;8;52;freeFlow;1
2025-07-02T11:04:00+02:00;43377_D;40;12;57;freeFlow;1
2025-07-02T11:04:00+02:00;43377_G;30;16;0;unknown;0
2025-07-02T11:04:00+02:00;43379_D;50;4;55;freeFlow;1
2025-07-02T11:04:00+02:00;43379_G;26;8;50;freeFlow;1
2025-07-02T11:04:00+02:00;43413_D;43;4;55;freeFlow;1
2025-07-02T11:04:00+02:00;43413_G;14;13;52;heavy;1
2025-07-02T11:04:00+02:00;43474_D;20;7;40;heavy;1
2025-07-02T11:04:00+02:00;43474_G;15;9;52;heavy;1
2025-07-02T11:04:00+02:00;43615_D;25;2;40;freeFlow;1
2025-07-02T11:04:00+02:00;43615_G;24;3;52;freeFlow;1
2025-07-02T11:04:00+02:00;43743_D;18;69;0;unknown;0
2025-07-02T11:04:00+02:00;43746;7;31;30;congested;1
2025-07-02T11:04:00+02:00;43747;29;14;27;freeFlow;1
2025-07-02T11:04:00+02:00;43751;39;15;45;freeFlow;1
2025-07-02T11:04:00+02:00;43774_D;55;3;38;freeFlow;1
2025-07-02T11:04:00+02:00;43774_G;21;10;60;heavy;1
2025-07-02T11:04:00+02:00;43775_D;29;14;35;heavy;1
2025-07-02T11:04:00+02:00;43775_G;29;13;53;heavy;2
2025-07-02T11:04:00+02:00;43826_D;26;10;50;heavy;2
2025-07-02T11:04:00+02:00;43826_G;6;42;78;congested;4
2025-07-02T11:04:00+02:00;43971;51;13;17;freeFlow;1
2025-07-02T11:04:00+02:00;43973;11;23;20;congested;1
2025-07-02T11:04:00+02:00;44003_G;90;5;60;freeFlow;1
2025-07-02T11:04:00+02:00;44004_D;14;79;65;congested;2
2025-07-02T11:04:00+02:00;44004_G;82;13;60;freeFlow;1
2025-07-02T11:04:00+02:00;44017_G;35;4;50;freeFlow;1
2025-07-02T11:04:00+02:00;44018_G;35;16;50;freeFlow;1
2025-07-02T11:04:00+02:00;44037_D;22;7;40;heavy;1
2025-07-02T11:04:00+02:00;44037_G;33;5;52;heavy;1
2025-07-02T11:04:00+02:00;44851_D;33;17;48;heavy;1
2025-07-02T11:04:00+02:00;44851_G;20;27;48;heavy;1
2025-07-02T11:04:00+02:00;44852_D;35;14;48;heavy;1
2025-07-02T11:04:00+02:00;44852_G;28;17;45;heavy;1
2025-07-02T11:04:00+02:00;44854_D;36;2;48;freeFlow;1
2025-07-02T11:04:00+02:00;44854_G;28;3;45;heavy;1
2025-07-02T11:04:00+02:00;44855_D;23;16;63;heavy;2
2025-07-02T11:04:00+02:00;44855_G;43;8;60;freeFlow;1
2025-07-02T11:04:00+02:00;44879;76;17;100;freeFlow;5
2025-07-02T11:04:00+02:00;44897_D;33;7;48;heavy;1
2025-07-02T11:04:00+02:00;44897_G;16;15;60;heavy;1
2025-07-02T11:04:00+02:00;44901;105;15;60;freeFlow;1
2025-07-02T11:04:00+02:00;44939;86;47;100;freeFlow;13
2025-07-02T11:04:00+02:00;45135_D;35;2;60;freeFlow;1
2025-07-02T11:04:00+02:00;45135_G;22;3;60;heavy;1
2025-07-02T11:04:00+02:00;45136_G;32;25;100;heavy;3
2025-07-02T11:04:00+02:00;45137_D;40;2;60;freeFlow;1
2025-07-02T11:04:00+02:00;45137_G;28;2;100;heavy;3
2025-07-02T11:04:00+02:00;45146;6;70;50;congested;1
2025-07-02T11:04:00+02:00;45147_D;31;2;60;heavy;1
2025-07-02T11:04:00+02:00;45147_G;30;1;100;heavy;3
2025-07-02T11:04:00+02:00;45153;36;11;60;freeFlow;1
2025-07-02T11:04:00+02:00;45155;25;31;72;heavy;2
2025-07-02T11:04:00+02:00;45213;10;46;70;congested;2
2025-07-02T11:04:00+02:00;45214;22;12;60;heavy;1
2025-07-02T11:04:00+02:00;45232;27;61;74;heavy;2
2025-07-02T11:04:00+02:00;45233;10;12;60;congested;1
2025-07-02T11:04:00+02:00;45236_D;51;13;60;freeFlow;1
2025-07-02T11:04:00+02:00;45242;88;13;100;freeFlow;12
2025-07-02T11:04:00+02:00;45246;93;27;60;freeFlow;1
2025-07-02T11:04:00+02:00;45247;70;14;63;freeFlow;2
2025-07-02T11:04:00+02:00;47742_G;34;6;52;heavy;1
2025-07-02T11:04:00+02:00;47744;18;113;60;heavy;1
2025-07-02T11:04:00+02:00;48725;10;8;75;congested;2
2025-07-02T11:04:00+02:00;48736;33;2;75;heavy;2
2025-07-02T11:04:00+02:00;48738;35;1;100;heavy;3
2025-07-02T11:04:00+02:00;48746;44;8;100;freeFlow;3
2025-07-02T11:04:00+02:00;48751;28;3;60;heavy;1
2025-07-02T11:04:00+02:00;48752;34;2;60;heavy;1
2025-07-02T11:04:00+02:00;48753;32;2;50;heavy;1
2025-07-02T11:04:00+02:00;48754;28;2;60;heavy;1
2025-07-02T11:04:00+02:00;48764;14;5;27;congested;1
2025-07-02T11:04:00+02:00;48765;49;5;52;freeFlow;1
2025-07-02T11:04:00+02:00;48796;21;24;75;heavy;2
2025-07-02T11:04:00+02:00;48915_D;56;2;42;freeFlow;1
2025-07-02T11:04:00+02:00;48915_G;31;4;53;heavy;2
2025-07-02T11:04:00+02:00;48916;4;38;35;congested;1
2025-07-02T11:04:00+02:00;48953_D;36;32;60;freeFlow;2
2025-07-02T11:04:00+02:00;48953_G;29;40;100;heavy;3
2025-07-02T11:04:00+02:00;48993_D;23;15;55;heavy;1
2025-07-02T11:04:00+02:00;48993_G;18;19;50;heavy;1
2025-07-02T11:04:00+02:00;49042_D;36;2;48;freeFlow;1
2025-07-02T11:04:00+02:00;49042_G;35;2;45;heavy;1
2025-07-02T11:04:00+02:00;50035_D;27;3;40;heavy;1
2025-07-02T11:04:00+02:00;50035_G;23;3;52;heavy;1
2025-07-02T11:04:00+02:00;50087;30;9;32;heavy;1
2025-07-02T11:04:00+02:00;50107_D;56;9;42;freeFlow;1
2025-07-02T11:04:00+02:00;50107_G;32;17;55;heavy;2
2025-07-02T11:04:00+02:00;52835_G;22;6;100;heavy;4
2025-07-02T11:04:00+02:00;52850_D;21;6;60;heavy;1
2025-07-02T11:04:00+02:00;52850_G;21;7;100;heavy;4
2025-07-02T11:04:00+02:00;52878;24;6;52;freeFlow;1
2025-07-02T11:04:00+02:00;53020_G;35;3;50;freeFlow;1
2025-07-02T11:04:00+02:00;53130_D;56;5;42;freeFlow;1
2025-07-02T11:04:00+02:00;53130_G;18;15;40;heavy;1
2025-07-02T11:04:00+02:00;53375_D;6;18;55;congested;1
2025-07-02T11:04:00+02:00;53375_G;31;3;52;freeFlow;1
2025-07-02T11:04:00+02:00;53427;83;52;100;freeFlow;17
2025-07-02T11:04:00+02:00;53988;45;5;100;freeFlow;3
2025-07-02T11:04:00+02:00;53989;38;2;27;freeFlow;1
2025-07-02T11:04:00+02:00;53992_D;42;10;48;freeFlow;1
2025-07-02T11:04:00+02:00;53992_G;28;14;75;heavy;2
2025-07-02T11:04:00+02:00;53995;26;3;60;heavy;1
2025-07-02T11:04:00+02:00;53997;25;2;60;heavy;2
2025-07-02T11:04:00+02:00;53999;32;2;63;heavy;2
2025-07-02T11:04:00+02:00;54130;66;23;15;freeFlow;1
2025-07-02T11:04:00+02:00;54136;51;3;60;freeFlow;1
2025-07-02T11:04:00+02:00;54219;54;10;20;freeFlow;1
2025-07-02T11:04:00+02:00;54222;51;12;20;freeFlow;1
2025-07-02T11:04:00+02:00;54235;4;112;100;congested;3
2025-07-02T11:04:00+02:00;54300;20;20;60;heavy;1
2025-07-02T11:04:00+02:00;54304_D;36;6;60;freeFlow;1
2025-07-02T11:04:00+02:00;54304_G;8;26;75;congested;2
2025-07-02T11:04:00+02:00;54309;11;83;75;congested;2
2025-07-02T11:04:00+02:00;54345;33;4;52;heavy;1
2025-07-02T11:04:00+02:00;54352;50;7;68;freeFlow;2
2025-07-02T11:04:00+02:00;54353;72;2;48;freeFlow;1
2025-07-02T11:04:00+02:00;54356;34;25;60;heavy;1
2025-07-02T11:04:00+02:00;54357;34;7;92;heavy;3
2025-07-02T11:04:00+02:00;54370;64;3;40;freeFlow;1
2025-07-02T11:04:00+02:00;54373;33;5;60;heavy;1
2025-07-02T11:04:00+02:00;54374;41;5;75;freeFlow;2
2025-07-02T11:04:00+02:00;54377;72;15;100;freeFlow;3
2025-07-02T11:04:00+02:00;54396;11;22;75;congested;2
2025-07-02T11:04:00+02:00;54397;17;34;75;heavy;2
2025-07-02T11:04:00+02:00;54468;8;15;60;congested;1
2025-07-02T11:04:00+02:00;54470;31;9;60;heavy;1
2025-07-02T11:04:00+02:00;56022;36;4;60;freeFlow;1
2025-07-02T11:04:00+02:00;56598;37;1;75;freeFlow;2
2025-07-02T11:04:00+02:00;56676_D;8;29;45;congested;1
2025-07-02T11:04:00+02:00;56868;4;49;20;congested;1
2025-07-02T11:04:00+02:00;56869;40;4;50;freeFlow;1
2025-07-02T11:04:00+02:00;56894;39;5;60;freeFlow;1
2025-07-02T11:04:00+02:00;56895;37;31;74;freeFlow;2
2025-07-02T11:04:00+02:00;56896;30;5;60;heavy;1
2025-07-02T11:04:00+02:00;56901;76;29;75;freeFlow;2
2025-07-02T11:04:00+02:00;60284;30;40;60;heavy;1
2025-07-02T11:04:00+02:00;63409_D;25;4;55;heavy;1
2025-07-02T11:04:00+02:00;63409_G;21;5;50;heavy;1
2025-07-02T11:04:00+02:00;66896;49;7;52;freeFlow;1
2025-07-02T11:04:00+02:00;69440;35;7;60;freeFlow;1
2025-07-02T11:04:00+02:00;69442;35;12;60;freeFlow;1
2025-07-02T11:04:00+02:00;75868;91;8;100;freeFlow;10
2025-07-02T11:04:00+02:00;75908;38;27;50;freeFlow;1
2025-07-02T11:04:00+02:00;75909;31;32;40;heavy;1
2025-07-02T11:04:00+02:00;44943;34;18;60;freeFlow;1
2025-07-02T11:04:00+02:00;47063;21;29;60;heavy;1
2025-07-02T11:04:00+02:00;71455_G;50;3;0;unknown;0
2025-07-02T11:04:00+02:00;75831;116;8;75;freeFlow;2