datetime;predefinedLocationReference;averageVehicleSpeed;travelTime;travelTimeReliability;trafficStatus;vehicleProbeMeasurement
2025-07-02T15:03:00+02:00;10273_D;70;10;75;freeFlow;2
2025-07-02T15:03:00+02:00;10273_G;68;11;100;freeFlow;5
2025-07-02T15:03:00+02:00;10274_D;69;9;60;freeFlow;1
2025-07-02T15:03:00+02:00;10274_G;68;10;100;freeFlow;4
2025-07-02T15:03:00+02:00;10275_D;69;15;60;freeFlow;1
2025-07-02T15:03:00+02:00;10275_G;78;13;100;freeFlow;4
2025-07-02T15:03:00+02:00;10277_D;68;23;60;freeFlow;1
2025-07-02T15:03:00+02:00;10277_G;57;27;100;freeFlow;4
2025-07-02T15:03:00+02:00;10279_D;64;16;60;freeFlow;1
2025-07-02T15:03:00+02:00;10279_G;65;15;100;freeFlow;4
2025-07-02T15:03:00+02:00;10281_D;59;24;60;freeFlow;1
2025-07-02T15:03:00+02:00;10281_G;75;19;100;freeFlow;4
2025-07-02T15:03:00+02:00;10315_D;73;8;75;freeFlow;2
2025-07-02T15:03:00+02:00;10315_G;71;8;100;freeFlow;4
2025-07-02T15:03:00+02:00;11579_D;97;3;42;freeFlow;1
2025-07-02T15:03:00+02:00;11579_G;80;3;0;unknown;0
2025-07-02T15:03:00+02:00;11652;54;25;75;heavy;2
2025-07-02T15:03:00+02:00;11654;41;3;100;heavy;3
2025-07-02T15:03:00+02:00;11777_D;30;3;75;heavy;2
2025-07-02T15:03:00+02:00;11777_G;26;2;100;heavy;3
2025-07-02T15:03:00+02:00;11781_D;36;2;40;freeFlow;1
2025-07-02T15:03:00+02:00;11781_G;46;2;55;freeFlow;1
2025-07-02T15:03:00+02:00;11784_D;29;2;40;freeFlow;1
2025-07-02T15:03:00+02:00;11784_G;44;1;55;freeFlow;1
2025-07-02T15:03:00+02:00;11785_D;65;1;40;freeFlow;1
2025-07-02T15:03:00+02:00;11785_G;30;1;0;unknown;0
2025-07-02T15:03:00+02:00;12060_D;65;11;75;freeFlow;2
2025-07-02T15:03:00+02:00;12060_G;72;10;100;freeFlow;4
2025-07-02T15:03:00+02:00;1242_D;63;2;100;freeFlow;3
2025-07-02T15:03:00+02:00;1242_G;38;3;25;heavy;1
2025-07-02T15:03:00+02:00;1285_D;67;1;100;freeFlow;3
2025-07-02T15:03:00+02:00;1285_G;48;1;60;heavy;1
2025-07-02T15:03:00+02:00;13514;41;5;60;heavy;1
2025-07-02T15:03:00+02:00;13515;42;3;66;heavy;2
2025-07-02T15:03:00+02:00;13516;80;1;0;unknown;0
2025-07-02T15:03:00+02:00;13549_D;63;6;55;freeFlow;1
2025-07-02T15:03:00+02:00;13549_G;59;6;60;freeFlow;1
2025-07-02T15:03:00+02:00;13557_D;43;8;42;heavy;2
2025-07-02T15:03:00+02:00;13557_G;40;9;60;heavy;1
2025-07-02T15:03:00+02:00;14364;104;20;100;freeFlow;6
2025-07-02T15:03:00+02:00;14365;114;18;100;freeFlow;3
2025-07-02T15:03:00+02:00;15029_D;54;45;100;heavy;3
2025-07-02T15:03:00+02:00;15029_G;66;37;35;freeFlow;1
2025-07-02T15:03:00+02:00;15062;38;4;35;heavy;1
2025-07-02T15:03:00+02:00;15063;44;3;100;heavy;3
2025-07-02T15:03:00+02:00;15064;44;3;100;heavy;3
2025-07-02T15:03:00+02:00;15065;38;5;35;heavy;1
2025-07-02T15:03:00+02:00;15066;44;3;64;heavy;2
2025-07-02T15:03:00+02:00;15067_D;93;45;20;freeFlow;1
2025-07-02T15:03:00+02:00;15067_G;76;56;60;freeFlow;1
2025-07-02T15:03:00+02:00;15104_D;58;68;22;freeFlow;1
2025-07-02T15:03:00+02:00;15104_G;74;54;60;freeFlow;1
2025-07-02T15:03:00+02:00;15111;102;3;100;freeFlow;3
2025-07-02T15:03:00+02:00;15113;28;6;25;heavy;1
2025-07-02T15:03:00+02:00;15114;36;4;25;heavy;1
2025-07-02T15:03:00+02:00;15117;32;5;25;heavy;1
2025-07-02T15:03:00+02:00;15118;42;3;50;heavy;2
2025-07-02T15:03:00+02:00;15119;51;3;60;heavy;1
2025-07-02T15:03:00+02:00;15120;37;5;75;heavy;2
2025-07-02T15:03:00+02:00;15121;31;3;75;heavy;2
2025-07-02T15:03:00+02:00;15122;52;3;48;heavy;1
2025-07-02T15:03:00+02:00;15124_D;25;34;25;heavy;1
2025-07-02T15:03:00+02:00;15124_G;43;20;48;heavy;1
2025-07-02T15:03:00+02:00;15549_D;38;1;60;freeFlow;1
2025-07-02T15:03:00+02:00;15549_G;29;1;60;heavy;1
2025-07-02T15:03:00+02:00;15550;71;0;100;freeFlow;6
2025-07-02T15:03:00+02:00;15551;9;1262;100;congested;18
2025-07-02T15:03:00+02:00;1601768;35;11;98;heavy;3
2025-07-02T15:03:00+02:00;1601771;27;9;100;heavy;4
2025-07-02T15:03:00+02:00;1601787;40;2;75;freeFlow;2
2025-07-02T15:03:00+02:00;1601792;40;1;60;freeFlow;1
2025-07-02T15:03:00+02:00;1601794_D;40;3;60;freeFlow;1
2025-07-02T15:03:00+02:00;1601794_G;107;1;45;freeFlow;1
2025-07-02T15:03:00+02:00;1601795;40;12;60;freeFlow;1
2025-07-02T15:03:00+02:00;1601797;107;5;45;freeFlow;1
2025-07-02T15:03:00+02:00;1601798;62;2;65;freeFlow;2
2025-07-02T15:03:00+02:00;1601799;107;1;45;freeFlow;1
2025-07-02T15:03:00+02:00;1601807;32;4;100;heavy;6
2025-07-02T15:03:00+02:00;1601808;56;17;60;freeFlow;1
2025-07-02T15:03:00+02:00;1601810;43;22;100;freeFlow;5
2025-07-02T15:03:00+02:00;1601812;59;3;75;freeFlow;2
2025-07-02T15:03:00+02:00;1601813_D;59;21;75;freeFlow;2
2025-07-02T15:03:00+02:00;1601813_G;56;22;75;freeFlow;2
2025-07-02T15:03:00+02:00;1601814;62;3;60;freeFlow;1
2025-07-02T15:03:00+02:00;1601815;50;3;100;freeFlow;5
2025-07-02T15:03:00+02:00;1601819;36;2;100;freeFlow;5
2025-07-02T15:03:00+02:00;1601824;57;3;75;freeFlow;2
2025-07-02T15:03:00+02:00;1601898;69;22;100;freeFlow;3
2025-07-02T15:03:00+02:00;1601931_D;50;5;0;unknown;0
2025-07-02T15:03:00+02:00;1601931_G;50;5;0;unknown;0
2025-07-02T15:03:00+02:00;1602158_D;20;1;60;heavy;1
2025-07-02T15:03:00+02:00;1602158_G;50;1;0;unknown;0
2025-07-02T15:03:00+02:00;1602398;22;2;42;heavy;1
2025-07-02T15:03:00+02:00;1626;66;37;100;freeFlow;8
2025-07-02T15:03:00+02:00;1627;39;5;100;freeFlow;3
2025-07-02T15:03:00+02:00;1628;37;3;48;freeFlow;1
2025-07-02T15:03:00+02:00;1629;29;4;100;heavy;4
2025-07-02T15:03:00+02:00;1630;47;2;100;freeFlow;7
2025-07-02T15:03:00+02:00;1631;108;1;60;freeFlow;1
2025-07-02T15:03:00+02:00;1632;61;31;100;heavy;4
2025-07-02T15:03:00+02:00;1633;102;8;60;freeFlow;1
2025-07-02T15:03:00+02:00;1639;27;11;100;heavy;6
2025-07-02T15:03:00+02:00;16647_D;74;61;57;freeFlow;1
2025-07-02T15:03:00+02:00;16647_G;75;61;100;freeFlow;3
2025-07-02T15:03:00+02:00;16648_D;76;10;57;freeFlow;1
2025-07-02T15:03:00+02:00;16648_G;81;9;100;freeFlow;3
2025-07-02T15:03:00+02:00;16695_D;78;36;60;freeFlow;1
2025-07-02T15:03:00+02:00;16695_G;52;55;56;heavy;1
2025-07-02T15:03:00+02:00;16701;31;3;74;heavy;2
2025-07-02T15:03:00+02:00;16702;28;4;55;heavy;1
2025-07-02T15:03:00+02:00;16707_D;35;1;35;freeFlow;1
2025-07-02T15:03:00+02:00;16707_G;35;1;60;freeFlow;1
2025-07-02T15:03:00+02:00;16744;48;3;75;heavy;2
2025-07-02T15:03:00+02:00;16745;51;2;100;heavy;3
2025-07-02T15:03:00+02:00;16746;50;2;75;heavy;2
2025-07-02T15:03:00+02:00;16747;38;5;73;heavy;2
2025-07-02T15:03:00+02:00;16748;45;3;60;heavy;1
2025-07-02T15:03:00+02:00;16749;40;3;60;heavy;1
2025-07-02T15:03:00+02:00;16752_D;51;8;60;heavy;1
2025-07-02T15:03:00+02:00;16752_G;31;13;50;heavy;1
2025-07-02T15:03:00+02:00;1675_D;71;4;57;freeFlow;1
2025-07-02T15:03:00+02:00;1675_G;42;6;100;freeFlow;3
2025-07-02T15:03:00+02:00;1676;70;7;100;freeFlow;3
2025-07-02T15:03:00+02:00;16761;32;3;54;heavy;2
2025-07-02T15:03:00+02:00;16762;28;3;55;heavy;1
2025-07-02T15:03:00+02:00;1677;28;18;100;heavy;4
2025-07-02T15:03:00+02:00;1677109;8;189;60;congested;1
2025-07-02T15:03:00+02:00;1677110;81;1;12;freeFlow;1
2025-07-02T15:03:00+02:00;1677175_D;48;30;60;freeFlow;1
2025-07-02T15:03:00+02:00;1677175_G;89;16;70;freeFlow;2
2025-07-02T15:03:00+02:00;1677180_D;48;1;60;freeFlow;1
2025-07-02T15:03:00+02:00;1677180_G;107;0;45;freeFlow;1
2025-07-02T15:03:00+02:00;1677184_D;40;18;60;freeFlow;1
2025-07-02T15:03:00+02:00;1677184_G;107;7;45;freeFlow;1
2025-07-02T15:03:00+02:00;1677551_D;30;2;0;unknown;0
2025-07-02T15:03:00+02:00;1677551_G;30;2;0;unknown;0
2025-07-02T15:03:00+02:00;1677568_D;50;29;0;unknown;0
2025-07-02T15:03:00+02:00;1677568_G;50;30;0;unknown;0
2025-07-02T15:03:00+02:00;1677569;36;3;60;freeFlow;1
2025-07-02T15:03:00+02:00;1677687;50;1;0;unknown;0
2025-07-02T15:03:00+02:00;1677691;50;1;0;unknown;0
2025-07-02T15:03:00+02:00;1677693;50;2;0;unknown;0
2025-07-02T15:03:00+02:00;1677695_D;50;14;0;unknown;0
2025-07-02T15:03:00+02:00;1677695_G;50;13;0;unknown;0
2025-07-02T15:03:00+02:00;1677709_D;50;3;0;unknown;0
2025-07-02T15:03:00+02:00;1677709_G;50;4;0;unknown;0
2025-07-02T15:03:00+02:00;1677716_D;50;3;0;unknown;0
2025-07-02T15:03:00+02:00;1677716_G;50;3;0;unknown;0
2025-07-02T15:03:00+02:00;1677730_D;3;330;60;congested;1
2025-07-02T15:03:00+02:00;1677730_G;21;53;40;heavy;1
2025-07-02T15:03:00+02:00;1677735_D;50;1;0;unknown;0
2025-07-02T15:03:00+02:00;1677735_G;50;1;0;unknown;0
2025-07-02T15:03:00+02:00;1677745_D;50;2;0;unknown;0
2025-07-02T15:03:00+02:00;1677745_G;50;1;0;unknown;0
2025-07-02T15:03:00+02:00;1677785_D;30;9;0;unknown;0
2025-07-02T15:03:00+02:00;1677785_G;30;9;0;unknown;0
2025-07-02T15:03:00+02:00;1677801_D;50;6;0;unknown;0
2025-07-02T15:03:00+02:00;1677801_G;50;6;0;unknown;0
2025-07-02T15:03:00+02:00;1677808_D;50;13;0;unknown;0
2025-07-02T15:03:00+02:00;1677808_G;50;13;0;unknown;0
2025-07-02T15:03:00+02:00;16783;29;3;75;heavy;2
2025-07-02T15:03:00+02:00;16784;30;3;75;heavy;2
2025-07-02T15:03:00+02:00;16785;29;3;60;heavy;1
2025-07-02T15:03:00+02:00;1678542;65;32;100;freeFlow;3
2025-07-02T15:03:00+02:00;1678698_D;49;16;57;freeFlow;1
2025-07-02T15:03:00+02:00;1678698_G;48;17;60;freeFlow;1
2025-07-02T15:03:00+02:00;1678750;50;2;0;unknown;0
2025-07-02T15:03:00+02:00;1678763_D;50;4;60;freeFlow;1
2025-07-02T15:03:00+02:00;1678763_G;40;5;60;freeFlow;1
2025-07-02T15:03:00+02:00;1679092_D;28;8;60;heavy;1
2025-07-02T15:03:00+02:00;1679092_G;40;5;60;freeFlow;1
2025-07-02T15:03:00+02:00;1679681;43;19;60;heavy;1
2025-07-02T15:03:00+02:00;1679779;37;8;50;freeFlow;1
2025-07-02T15:03:00+02:00;1679795_D;18;4;60;heavy;1
2025-07-02T15:03:00+02:00;1679822;21;4;60;heavy;1
2025-07-02T15:03:00+02:00;1679825;18;3;93;heavy;3
2025-07-02T15:03:00+02:00;1679841;11;91;75;congested;2
2025-07-02T15:03:00+02:00;1679843;18;2;75;heavy;2
2025-07-02T15:03:00+02:00;1679845;11;4;60;congested;1
2025-07-02T15:03:00+02:00;1679847;24;2;50;heavy;1
2025-07-02T15:03:00+02:00;1679859_D;30;16;0;unknown;0
2025-07-02T15:03:00+02:00;1679859_G;45;10;45;freeFlow;1
2025-07-02T15:03:00+02:00;1680014;108;5;100;freeFlow;3
2025-07-02T15:03:00+02:00;1680016;91;13;100;freeFlow;7
2025-07-02T15:03:00+02:00;1680022;92;5;100;freeFlow;7
2025-07-02T15:03:00+02:00;1680024;108;7;100;freeFlow;3
2025-07-02T15:03:00+02:00;1680116;55;3;75;heavy;2
2025-07-02T15:03:00+02:00;1680119;55;3;75;heavy;2
2025-07-02T15:03:00+02:00;1680121;37;4;100;heavy;3
2025-07-02T15:03:00+02:00;1680122_D;48;39;75;heavy;2
2025-07-02T15:03:00+02:00;1680122_G;57;33;100;freeFlow;3
2025-07-02T15:03:00+02:00;1680123;23;7;100;congested;3
2025-07-02T15:03:00+02:00;1680337;7;32;50;congested;1
2025-07-02T15:03:00+02:00;1680401_D;70;17;0;unknown;0
2025-07-02T15:03:00+02:00;1680401_G;40;30;38;heavy;1
2025-07-02T15:03:00+02:00;1680514_D;37;12;60;freeFlow;1
2025-07-02T15:03:00+02:00;1680514_G;38;12;50;freeFlow;1
2025-07-02T15:03:00+02:00;1680539;38;2;60;heavy;1
2025-07-02T15:03:00+02:00;1680541_D;28;14;0;unknown;0
2025-07-02T15:03:00+02:00;1680541_G;30;14;0;unknown;0
2025-07-02T15:03:00+02:00;1680549_D;42;15;60;freeFlow;1
2025-07-02T15:03:00+02:00;1680549_G;29;22;73;heavy;2
2025-07-02T15:03:00+02:00;1680551_D;30;1;0;unknown;0
2025-07-02T15:03:00+02:00;1680551_G;20;2;0;unknown;0
2025-07-02T15:03:00+02:00;1680557_D;27;1;20;heavy;1
2025-07-02T15:03:00+02:00;1680557_G;31;1;20;heavy;1
2025-07-02T15:03:00+02:00;1680561_D;42;1;60;freeFlow;1
2025-07-02T15:03:00+02:00;1680561_G;38;1;50;freeFlow;1
2025-07-02T15:03:00+02:00;1680567;30;3;50;heavy;1
2025-07-02T15:03:00+02:00;1680569;21;7;50;heavy;1
2025-07-02T15:03:00+02:00;1680573;24;3;73;heavy;2
2025-07-02T15:03:00+02:00;1680574;29;4;57;heavy;1
2025-07-02T15:03:00+02:00;1680575;29;11;60;heavy;1
2025-07-02T15:03:00+02:00;1680576;31;3;60;heavy;1
2025-07-02T15:03:00+02:00;16821_D;78;85;59;freeFlow;1
2025-07-02T15:03:00+02:00;16821_G;81;82;100;freeFlow;3
2025-07-02T15:03:00+02:00;16830_D;50;16;0;unknown;0
2025-07-02T15:03:00+02:00;16830_G;44;19;60;freeFlow;1
2025-07-02T15:03:00+02:00;16831_D;50;2;0;unknown;0
2025-07-02T15:03:00+02:00;16831_G;44;3;60;freeFlow;1
2025-07-02T15:03:00+02:00;16832;22;7;0;unknown;0
2025-07-02T15:03:00+02:00;16834;46;15;60;heavy;1
2025-07-02T15:03:00+02:00;16850_D;50;1;60;freeFlow;1
2025-07-02T15:03:00+02:00;16850_G;27;2;60;heavy;1
2025-07-02T15:03:00+02:00;16851_D;50;3;60;freeFlow;1
2025-07-02T15:03:00+02:00;16851_G;31;4;60;heavy;1
2025-07-02T15:03:00+02:00;16852_D;51;5;60;freeFlow;1
2025-07-02T15:03:00+02:00;16852_G;39;7;60;freeFlow;1
2025-07-02T15:03:00+02:00;16853_D;49;7;60;freeFlow;1
2025-07-02T15:03:00+02:00;16853_G;35;10;60;freeFlow;1
2025-07-02T15:03:00+02:00;16854_D;47;4;60;freeFlow;1
2025-07-02T15:03:00+02:00;16854_G;32;6;60;heavy;1
2025-07-02T15:03:00+02:00;16855_D;42;5;60;freeFlow;1
2025-07-02T15:03:00+02:00;16855_G;37;6;60;freeFlow;1
2025-07-02T15:03:00+02:00;16856_D;50;7;0;unknown;0
2025-07-02T15:03:00+02:00;16856_G;22;16;60;heavy;1
2025-07-02T15:03:00+02:00;16858_D;50;30;0;unknown;0
2025-07-02T15:03:00+02:00;16858_G;18;84;75;heavy;2
2025-07-02T15:03:00+02:00;16859_D;50;3;0;unknown;0
2025-07-02T15:03:00+02:00;16859_G;44;3;60;freeFlow;1
2025-07-02T15:03:00+02:00;16860_D;50;7;0;unknown;0
2025-07-02T15:03:00+02:00;16860_G;44;8;60;freeFlow;1
2025-07-02T15:03:00+02:00;1690_D;18;15;50;heavy;1
2025-07-02T15:03:00+02:00;1690_G;107;3;75;freeFlow;2
2025-07-02T15:03:00+02:00;16910_D;50;6;60;freeFlow;1
2025-07-02T15:03:00+02:00;16910_G;34;8;60;heavy;1
2025-07-02T15:03:00+02:00;16967;60;9;100;freeFlow;7
2025-07-02T15:03:00+02:00;16969;16;2;60;congested;1
2025-07-02T15:03:00+02:00;16986;43;15;75;heavy;2
2025-07-02T15:03:00+02:00;16988;41;18;75;heavy;2
2025-07-02T15:03:00+02:00;16989;59;8;60;freeFlow;1
2025-07-02T15:03:00+02:00;16990;57;8;100;freeFlow;8
2025-07-02T15:03:00+02:00;16992;40;34;100;heavy;8
2025-07-02T15:03:00+02:00;16994;43;26;100;heavy;8
2025-07-02T15:03:00+02:00;17;53;4;98;heavy;3
2025-07-02T15:03:00+02:00;1721;12;9;100;congested;5
2025-07-02T15:03:00+02:00;1722;40;3;100;freeFlow;3
2025-07-02T15:03:00+02:00;1723;27;6;95;heavy;4
2025-07-02T15:03:00+02:00;1724_D;21;25;68;congested;2
2025-07-02T15:03:00+02:00;1724_G;75;7;75;freeFlow;2
2025-07-02T15:03:00+02:00;1732_D;39;2;100;freeFlow;3
2025-07-02T15:03:00+02:00;1732_G;16;5;55;heavy;1
2025-07-02T15:03:00+02:00;1733_D;35;1;100;freeFlow;4
2025-07-02T15:03:00+02:00;1733_G;27;2;55;heavy;1
2025-07-02T15:03:00+02:00;1734_D;28;13;100;heavy;4
2025-07-02T15:03:00+02:00;1734_G;23;16;74;heavy;2
2025-07-02T15:03:00+02:00;18337;29;3;60;heavy;1
2025-07-02T15:03:00+02:00;18391_D;56;4;100;freeFlow;3
2025-07-02T15:03:00+02:00;18391_G;75;3;35;freeFlow;1
2025-07-02T15:03:00+02:00;1853;85;28;100;freeFlow;10
2025-07-02T15:03:00+02:00;1855;91;5;100;freeFlow;9
2025-07-02T15:03:00+02:00;1856;93;9;100;freeFlow;8
2025-07-02T15:03:00+02:00;19040;48;2;100;freeFlow;4
2025-07-02T15:03:00+02:00;1910886;30;7;60;heavy;1
2025-07-02T15:03:00+02:00;1911185_D;70;16;0;unknown;0
2025-07-02T15:03:00+02:00;1911185_G;70;16;55;freeFlow;1
2025-07-02T15:03:00+02:00;1911398_D;31;2;60;freeFlow;1
2025-07-02T15:03:00+02:00;1911398_G;30;1;0;unknown;0
2025-07-02T15:03:00+02:00;1911404_D;30;3;0;unknown;0
2025-07-02T15:03:00+02:00;1911404_G;52;2;60;freeFlow;1
2025-07-02T15:03:00+02:00;1911418;37;7;100;freeFlow;7
2025-07-02T15:03:00+02:00;1911420;30;3;100;heavy;3
2025-07-02T15:03:00+02:00;1911448_D;70;27;55;freeFlow;1
2025-07-02T15:03:00+02:00;1911448_G;70;27;0;unknown;0
2025-07-02T15:03:00+02:00;1911623_D;30;6;0;unknown;0
2025-07-02T15:03:00+02:00;1911623_G;58;3;60;freeFlow;1
2025-07-02T15:03:00+02:00;19628;45;6;75;heavy;2
2025-07-02T15:03:00+02:00;19629;90;1;0;unknown;0
2025-07-02T15:03:00+02:00;19630;22;9;60;congested;1
2025-07-02T15:03:00+02:00;19631;38;2;52;heavy;1
2025-07-02T15:03:00+02:00;19632;41;2;60;heavy;1
2025-07-02T15:03:00+02:00;19633;50;3;72;freeFlow;2
2025-07-02T15:03:00+02:00;19634;34;3;57;heavy;1
2025-07-02T15:03:00+02:00;19635;42;3;75;heavy;2
2025-07-02T15:03:00+02:00;19636;42;4;75;heavy;2
2025-07-02T15:03:00+02:00;19637;108;1;60;freeFlow;1
2025-07-02T15:03:00+02:00;19638;35;4;73;heavy;2
2025-07-02T15:03:00+02:00;19639;30;5;100;heavy;4
2025-07-02T15:03:00+02:00;19640;30;4;100;heavy;4
2025-07-02T15:03:00+02:00;19642;40;3;60;heavy;1
2025-07-02T15:03:00+02:00;19643;40;2;75;heavy;2
2025-07-02T15:03:00+02:00;19644;31;3;69;heavy;5
2025-07-02T15:03:00+02:00;19683;119;17;75;freeFlow;2
2025-07-02T15:03:00+02:00;19684;116;41;75;freeFlow;2
2025-07-02T15:03:00+02:00;19685;98;54;100;freeFlow;11
2025-07-02T15:03:00+02:00;19686;86;20;100;freeFlow;10
2025-07-02T15:03:00+02:00;198;79;57;75;freeFlow;2
2025-07-02T15:03:00+02:00;19825_D;63;51;100;freeFlow;3
2025-07-02T15:03:00+02:00;19825_G;31;105;100;heavy;3
2025-07-02T15:03:00+02:00;19828;33;4;100;heavy;4
2025-07-02T15:03:00+02:00;19830;37;3;100;freeFlow;3
2025-07-02T15:03:00+02:00;19832;28;5;100;heavy;4
2025-07-02T15:03:00+02:00;19833;18;6;100;heavy;3
2025-07-02T15:03:00+02:00;19841_D;60;24;100;freeFlow;3
2025-07-02T15:03:00+02:00;19841_G;66;22;100;freeFlow;3
2025-07-02T15:03:00+02:00;19842_D;55;7;75;heavy;2
2025-07-02T15:03:00+02:00;19842_G;70;5;100;freeFlow;3
2025-07-02T15:03:00+02:00;20525;38;4;60;heavy;1
2025-07-02T15:03:00+02:00;20526;47;3;60;heavy;1
2025-07-02T15:03:00+02:00;20527;49;4;100;heavy;4
2025-07-02T15:03:00+02:00;20528;48;2;100;heavy;3
2025-07-02T15:03:00+02:00;20590_D;86;95;38;freeFlow;1
2025-07-02T15:03:00+02:00;20590_G;81;101;100;freeFlow;4
2025-07-02T15:03:00+02:00;20760_D;55;27;100;freeFlow;3
2025-07-02T15:03:00+02:00;20760_G;55;27;100;freeFlow;3
2025-07-02T15:03:00+02:00;2216_D;76;40;60;freeFlow;1
2025-07-02T15:03:00+02:00;2216_G;56;55;74;heavy;2
2025-07-02T15:03:00+02:00;2218_D;85;26;60;freeFlow;1
2025-07-02T15:03:00+02:00;2218_G;67;33;75;freeFlow;2
2025-07-02T15:03:00+02:00;23984_D;45;1;100;heavy;4
2025-07-02T15:03:00+02:00;23984_G;59;1;40;freeFlow;1
2025-07-02T15:03:00+02:00;24143_D;46;9;100;heavy;4
2025-07-02T15:03:00+02:00;24143_G;31;12;42;heavy;1
2025-07-02T15:03:00+02:00;24147_D;65;59;100;freeFlow;4
2025-07-02T15:03:00+02:00;24147_G;57;67;42;freeFlow;1
2025-07-02T15:03:00+02:00;24148;47;3;100;freeFlow;4
2025-07-02T15:03:00+02:00;24149;59;2;40;freeFlow;1
2025-07-02T15:03:00+02:00;24150;58;2;100;freeFlow;4
2025-07-02T15:03:00+02:00;24151;59;2;40;freeFlow;1
2025-07-02T15:03:00+02:00;24153_D;69;13;100;freeFlow;4
2025-07-02T15:03:00+02:00;24153_G;59;16;40;freeFlow;1
2025-07-02T15:03:00+02:00;24176;54;30;100;heavy;10
2025-07-02T15:03:00+02:00;24178;99;11;100;freeFlow;8
2025-07-02T15:03:00+02:00;24179;85;23;100;freeFlow;10
2025-07-02T15:03:00+02:00;24181_D;61;3;52;freeFlow;1
2025-07-02T15:03:00+02:00;24181_G;33;5;75;heavy;2
2025-07-02T15:03:00+02:00;24182;87;13;100;freeFlow;7
2025-07-02T15:03:00+02:00;24184_D;60;9;52;freeFlow;1
2025-07-02T15:03:00+02:00;24184_G;46;13;100;freeFlow;4
2025-07-02T15:03:00+02:00;24259;47;3;55;freeFlow;1
2025-07-02T15:03:00+02:00;24260;43;4;100;freeFlow;3
2025-07-02T15:03:00+02:00;24261;30;4;100;heavy;4
2025-07-02T15:03:00+02:00;24262;13;13;60;congested;1
2025-07-02T15:03:00+02:00;24264_D;11;5;42;congested;1
2025-07-02T15:03:00+02:00;24264_G;30;2;100;heavy;4
2025-07-02T15:03:00+02:00;24265_D;10;5;52;congested;1
2025-07-02T15:03:00+02:00;24265_G;34;2;75;heavy;2
2025-07-02T15:03:00+02:00;24274_D;31;15;75;heavy;2
2025-07-02T15:03:00+02:00;24274_G;54;9;52;freeFlow;1
2025-07-02T15:03:00+02:00;25687_D;103;2;17;freeFlow;1
2025-07-02T15:03:00+02:00;25687_G;30;7;0;unknown;0
2025-07-02T15:03:00+02:00;25929_D;8;109;42;congested;1
2025-07-02T15:03:00+02:00;25929_G;67;13;35;freeFlow;1
2025-07-02T15:03:00+02:00;25930;48;3;96;heavy;4
2025-07-02T15:03:00+02:00;25931;41;5;99;heavy;5
2025-07-02T15:03:00+02:00;25932;54;3;54;heavy;1
2025-07-02T15:03:00+02:00;25933;26;5;99;heavy;3
2025-07-02T15:03:00+02:00;25934_D;42;6;42;heavy;1
2025-07-02T15:03:00+02:00;25934_G;54;5;35;heavy;1
2025-07-02T15:03:00+02:00;25944_D;53;6;60;heavy;1
2025-07-02T15:03:00+02:00;25944_G;47;6;100;heavy;3
2025-07-02T15:03:00+02:00;25946_D;55;15;100;heavy;4
2025-07-02T15:03:00+02:00;25946_G;56;15;60;freeFlow;1
2025-07-02T15:03:00+02:00;25947_D;74;26;100;freeFlow;3
2025-07-02T15:03:00+02:00;25947_G;45;42;74;heavy;2
2025-07-02T15:03:00+02:00;25988_D;103;3;17;freeFlow;1
2025-07-02T15:03:00+02:00;25988_G;30;10;0;unknown;0
2025-07-02T15:03:00+02:00;25989;32;4;38;heavy;1
2025-07-02T15:03:00+02:00;25990;57;2;38;freeFlow;1
2025-07-02T15:03:00+02:00;25991;32;3;38;heavy;1
2025-07-02T15:03:00+02:00;25992;32;4;38;heavy;1
2025-07-02T15:03:00+02:00;25993_D;103;1;17;freeFlow;1
2025-07-02T15:03:00+02:00;25993_G;30;3;0;unknown;0
2025-07-02T15:03:00+02:00;25994_D;103;2;17;freeFlow;1
2025-07-02T15:03:00+02:00;25994_G;27;8;38;heavy;1
2025-07-02T15:03:00+02:00;25995_D;103;1;17;freeFlow;1
2025-07-02T15:03:00+02:00;25995_G;33;2;38;heavy;1
2025-07-02T15:03:00+02:00;25996_D;103;2;17;freeFlow;1
2025-07-02T15:03:00+02:00;25996_G;41;5;38;freeFlow;1
2025-07-02T15:03:00+02:00;25997_D;103;0;17;freeFlow;1
2025-07-02T15:03:00+02:00;25997_G;47;1;38;freeFlow;1
2025-07-02T15:03:00+02:00;25998_D;103;5;17;freeFlow;1
2025-07-02T15:03:00+02:00;25998_G;51;10;38;freeFlow;1
2025-07-02T15:03:00+02:00;25999_D;103;4;17;freeFlow;1
2025-07-02T15:03:00+02:00;25999_G;52;8;38;freeFlow;1
2025-07-02T15:03:00+02:00;26000_D;103;4;17;freeFlow;1
2025-07-02T15:03:00+02:00;26000_G;54;7;38;heavy;1
2025-07-02T15:03:00+02:00;26001_D;103;0;17;freeFlow;1
2025-07-02T15:03:00+02:00;26001_G;57;1;38;freeFlow;1
2025-07-02T15:03:00+02:00;26002_D;103;4;17;freeFlow;1
2025-07-02T15:03:00+02:00;26002_G;61;7;38;freeFlow;1
2025-07-02T15:03:00+02:00;26023;94;2;60;freeFlow;2
2025-07-02T15:03:00+02:00;26024;86;54;100;freeFlow;5
2025-07-02T15:03:00+02:00;26025;81;80;100;freeFlow;6
2025-07-02T15:03:00+02:00;26041;21;15;100;heavy;7
2025-07-02T15:03:00+02:00;26043;41;11;75;freeFlow;2
2025-07-02T15:03:00+02:00;26044;34;13;100;heavy;7
2025-07-02T15:03:00+02:00;26046;19;50;75;heavy;2
2025-07-02T15:03:00+02:00;26047;33;2;100;heavy;7
2025-07-02T15:03:00+02:00;26048;51;41;100;freeFlow;8
2025-07-02T15:03:00+02:00;26049;74;20;60;freeFlow;1
2025-07-02T15:03:00+02:00;26050;50;7;60;freeFlow;1
2025-07-02T15:03:00+02:00;26101_D;31;16;25;freeFlow;1
2025-07-02T15:03:00+02:00;26101_G;37;13;42;freeFlow;1
2025-07-02T15:03:00+02:00;26371_D;18;14;42;heavy;1
2025-07-02T15:03:00+02:00;26371_G;28;9;42;freeFlow;1
2025-07-02T15:03:00+02:00;26389_D;70;11;0;unknown;0
2025-07-02T15:03:00+02:00;26389_G;50;15;38;freeFlow;1
2025-07-02T15:03:00+02:00;26392_D;26;17;25;freeFlow;1
2025-07-02T15:03:00+02:00;26392_G;14;30;42;heavy;1
2025-07-02T15:03:00+02:00;26393;37;2;42;freeFlow;1
2025-07-02T15:03:00+02:00;26394;37;2;42;freeFlow;1
2025-07-02T15:03:00+02:00;26395;28;3;42;heavy;1
2025-07-02T15:03:00+02:00;26396;24;2;25;heavy;1
2025-07-02T15:03:00+02:00;26397_D;28;7;25;heavy;1
2025-07-02T15:03:00+02:00;26397_G;37;5;42;freeFlow;1
2025-07-02T15:03:00+02:00;26402_D;103;3;17;freeFlow;1
2025-07-02T15:03:00+02:00;26402_G;30;9;0;unknown;0
2025-07-02T15:03:00+02:00;26403_D;30;4;0;unknown;0
2025-07-02T15:03:00+02:00;26403_G;103;1;17;freeFlow;1
2025-07-02T15:03:00+02:00;26404_D;30;3;0;unknown;0
2025-07-02T15:03:00+02:00;26404_G;103;1;17;freeFlow;1
2025-07-02T15:03:00+02:00;26405_D;103;0;17;freeFlow;1
2025-07-02T15:03:00+02:00;26405_G;30;2;0;unknown;0
2025-07-02T15:03:00+02:00;26409_D;70;11;0;unknown;0
2025-07-02T15:03:00+02:00;26409_G;54;15;38;freeFlow;1
2025-07-02T15:03:00+02:00;26420_D;56;4;35;freeFlow;1
2025-07-02T15:03:00+02:00;26420_G;70;4;0;unknown;0
2025-07-02T15:03:00+02:00;26422_D;55;13;35;freeFlow;1
2025-07-02T15:03:00+02:00;26422_G;70;11;0;unknown;0
2025-07-02T15:03:00+02:00;26423_D;55;8;35;freeFlow;1
2025-07-02T15:03:00+02:00;26423_G;70;7;0;unknown;0
2025-07-02T15:03:00+02:00;26495_D;50;7;0;unknown;0
2025-07-02T15:03:00+02:00;26495_G;37;9;38;freeFlow;1
2025-07-02T15:03:00+02:00;26497_D;13;37;32;heavy;1
2025-07-02T15:03:00+02:00;26497_G;36;13;40;freeFlow;1
2025-07-02T15:03:00+02:00;26501;91;25;100;freeFlow;10
2025-07-02T15:03:00+02:00;26573;105;13;75;freeFlow;2
2025-07-02T15:03:00+02:00;26603_D;103;0;17;freeFlow;1
2025-07-02T15:03:00+02:00;26603_G;30;2;0;unknown;0
2025-07-02T15:03:00+02:00;26611_D;30;4;0;unknown;0
2025-07-02T15:03:00+02:00;26611_G;103;1;17;freeFlow;1
2025-07-02T15:03:00+02:00;26619;32;2;100;heavy;4
2025-07-02T15:03:00+02:00;26654;15;32;100;heavy;9
2025-07-02T15:03:00+02:00;26656;75;7;60;freeFlow;1
2025-07-02T15:03:00+02:00;26897_D;5;83;32;congested;1
2025-07-02T15:03:00+02:00;26897_G;19;23;40;heavy;1
2025-07-02T15:03:00+02:00;27837_D;83;3;60;freeFlow;1
2025-07-02T15:03:00+02:00;27837_G;65;5;75;freeFlow;2
2025-07-02T15:03:00+02:00;28032;38;4;75;heavy;2
2025-07-02T15:03:00+02:00;28033;32;5;57;heavy;1
2025-07-02T15:03:00+02:00;282910_D;40;5;75;freeFlow;2
2025-07-02T15:03:00+02:00;282910_G;50;2;0;unknown;0
2025-07-02T15:03:00+02:00;28642_D;71;6;60;freeFlow;1
2025-07-02T15:03:00+02:00;28642_G;53;8;73;freeFlow;2
2025-07-02T15:03:00+02:00;28645_D;70;2;60;freeFlow;1
2025-07-02T15:03:00+02:00;28645_G;33;3;73;heavy;2
2025-07-02T15:03:00+02:00;28646_D;76;41;60;freeFlow;1
2025-07-02T15:03:00+02:00;28646_G;59;53;100;freeFlow;3
2025-07-02T15:03:00+02:00;28648_D;81;16;60;freeFlow;1
2025-07-02T15:03:00+02:00;28648_G;70;19;100;freeFlow;3
2025-07-02T15:03:00+02:00;28649_D;78;12;58;freeFlow;1
2025-07-02T15:03:00+02:00;28649_G;85;11;75;freeFlow;2
2025-07-02T15:03:00+02:00;28650_D;73;14;57;freeFlow;1
2025-07-02T15:03:00+02:00;28650_G;57;18;100;freeFlow;3
2025-07-02T15:03:00+02:00;28660_D;93;7;60;freeFlow;1
2025-07-02T15:03:00+02:00;28660_G;73;9;57;freeFlow;1
2025-07-02T15:03:00+02:00;28665_D;77;17;60;freeFlow;1
2025-07-02T15:03:00+02:00;28665_G;58;23;73;freeFlow;2
2025-07-02T15:03:00+02:00;28666_D;73;9;60;freeFlow;1
2025-07-02T15:03:00+02:00;28666_G;55;12;73;freeFlow;2
2025-07-02T15:03:00+02:00;28669_D;70;5;0;unknown;0
2025-07-02T15:03:00+02:00;28669_G;70;5;0;unknown;0
2025-07-02T15:03:00+02:00;28675_D;70;6;0;unknown;0
2025-07-02T15:03:00+02:00;28675_G;70;6;0;unknown;0
2025-07-02T15:03:00+02:00;28676_D;70;3;0;unknown;0
2025-07-02T15:03:00+02:00;28676_G;70;3;0;unknown;0
2025-07-02T15:03:00+02:00;28677_D;70;16;0;unknown;0
2025-07-02T15:03:00+02:00;28677_G;70;16;0;unknown;0
2025-07-02T15:03:00+02:00;28693_D;88;11;75;freeFlow;2
2025-07-02T15:03:00+02:00;28693_G;91;10;98;freeFlow;3
2025-07-02T15:03:00+02:00;28854;38;4;94;freeFlow;4
2025-07-02T15:03:00+02:00;28855;38;4;75;freeFlow;2
2025-07-02T15:03:00+02:00;28865_D;66;30;60;freeFlow;1
2025-07-02T15:03:00+02:00;28865_G;90;22;75;freeFlow;2
2025-07-02T15:03:00+02:00;28866_D;66;11;75;freeFlow;2
2025-07-02T15:03:00+02:00;28866_G;50;14;75;heavy;2
2025-07-02T15:03:00+02:00;28867;38;3;75;freeFlow;2
2025-07-02T15:03:00+02:00;28868;38;3;75;freeFlow;2
2025-07-02T15:03:00+02:00;29;78;18;100;freeFlow;4
2025-07-02T15:03:00+02:00;30;85;7;100;freeFlow;5
2025-07-02T15:03:00+02:00;30020_D;63;34;57;freeFlow;1
2025-07-02T15:03:00+02:00;30020_G;54;39;60;heavy;1
2025-07-02T15:03:00+02:00;30022;85;3;100;freeFlow;12
2025-07-02T15:03:00+02:00;30023;87;58;100;freeFlow;9
2025-07-02T15:03:00+02:00;30118;30;3;75;heavy;2
2025-07-02T15:03:00+02:00;30351_D;9;5;38;congested;1
2025-07-02T15:03:00+02:00;30351_G;44;1;40;freeFlow;1
2025-07-02T15:03:00+02:00;30355_D;18;28;40;heavy;1
2025-07-02T15:03:00+02:00;30355_G;30;17;40;heavy;1
2025-07-02T15:03:00+02:00;30359_D;16;38;40;congested;1
2025-07-02T15:03:00+02:00;30359_G;9;72;38;congested;1
2025-07-02T15:03:00+02:00;30405;19;4;38;heavy;1
2025-07-02T15:03:00+02:00;30406;29;8;40;heavy;1
2025-07-02T15:03:00+02:00;30407;11;10;38;congested;1
2025-07-02T15:03:00+02:00;30408;35;2;20;freeFlow;1
2025-07-02T15:03:00+02:00;30409;16;7;38;heavy;1
2025-07-02T15:03:00+02:00;30410_D;25;2;40;heavy;1
2025-07-02T15:03:00+02:00;30410_G;13;4;38;congested;1
2025-07-02T15:03:00+02:00;30411_D;2;121;40;congested;1
2025-07-02T15:03:00+02:00;30411_G;7;42;53;congested;2
2025-07-02T15:03:00+02:00;30414_D;4;93;42;congested;1
2025-07-02T15:03:00+02:00;30414_G;9;46;83;congested;3
2025-07-02T15:03:00+02:00;30416_D;6;85;42;congested;1
2025-07-02T15:03:00+02:00;30416_G;21;25;53;heavy;2
2025-07-02T15:03:00+02:00;30499_D;10;28;22;heavy;1
2025-07-02T15:03:00+02:00;30499_G;33;9;73;freeFlow;2
2025-07-02T15:03:00+02:00;30501_D;14;18;22;heavy;1
2025-07-02T15:03:00+02:00;30501_G;11;24;63;heavy;2
2025-07-02T15:03:00+02:00;30502_D;14;4;22;heavy;1
2025-07-02T15:03:00+02:00;30502_G;29;2;60;freeFlow;1
2025-07-02T15:03:00+02:00;30504_D;30;1;0;unknown;0
2025-07-02T15:03:00+02:00;30504_G;34;1;60;freeFlow;1
2025-07-02T15:03:00+02:00;30508;29;4;60;freeFlow;1
2025-07-02T15:03:00+02:00;30521_D;50;8;0;unknown;0
2025-07-02T15:03:00+02:00;30521_G;34;13;60;heavy;1
2025-07-02T15:03:00+02:00;30522_D;50;2;0;unknown;0
2025-07-02T15:03:00+02:00;30522_G;28;4;60;heavy;1
2025-07-02T15:03:00+02:00;30606_D;32;17;27;heavy;1
2025-07-02T15:03:00+02:00;30606_G;32;17;25;heavy;1
2025-07-02T15:03:00+02:00;30608_D;26;6;27;heavy;1
2025-07-02T15:03:00+02:00;30608_G;24;6;25;heavy;1
2025-07-02T15:03:00+02:00;30611_D;26;15;27;heavy;1
2025-07-02T15:03:00+02:00;30611_G;24;17;25;heavy;1
2025-07-02T15:03:00+02:00;31;88;5;100;freeFlow;5
2025-07-02T15:03:00+02:00;31286;13;11;60;congested;1
2025-07-02T15:03:00+02:00;31287;8;8;60;congested;1
2025-07-02T15:03:00+02:00;31288;10;19;60;congested;1
2025-07-02T15:03:00+02:00;31289;25;4;75;heavy;2
2025-07-02T15:03:00+02:00;31300_D;41;1;60;freeFlow;1
2025-07-02T15:03:00+02:00;31300_G;13;4;60;congested;1
2025-07-02T15:03:00+02:00;31302_D;54;1;60;freeFlow;1
2025-07-02T15:03:00+02:00;31302_G;26;2;22;heavy;1
2025-07-02T15:03:00+02:00;31304_D;50;22;93;freeFlow;3
2025-07-02T15:03:00+02:00;31305_D;14;54;60;congested;1
2025-07-02T15:03:00+02:00;31305_G;11;70;60;congested;1
2025-07-02T15:03:00+02:00;31361_D;37;1;25;freeFlow;1
2025-07-02T15:03:00+02:00;31361_G;24;2;43;heavy;2
2025-07-02T15:03:00+02:00;31444_D;62;40;55;freeFlow;1
2025-07-02T15:03:00+02:00;31444_G;49;50;98;heavy;3
2025-07-02T15:03:00+02:00;31448;29;4;60;heavy;1
2025-07-02T15:03:00+02:00;31449;32;5;99;heavy;3
2025-07-02T15:03:00+02:00;31450;30;4;70;heavy;2
2025-07-02T15:03:00+02:00;31451;29;4;70;heavy;2
2025-07-02T15:03:00+02:00;31453_D;62;26;55;freeFlow;1
2025-07-02T15:03:00+02:00;31453_G;40;40;75;heavy;2
2025-07-02T15:03:00+02:00;31511;82;18;60;freeFlow;1
2025-07-02T15:03:00+02:00;31512;93;26;100;freeFlow;4
2025-07-02T15:03:00+02:00;31513;108;20;100;freeFlow;3
2025-07-02T15:03:00+02:00;31515;29;4;100;heavy;3
2025-07-02T15:03:00+02:00;31517;30;4;100;heavy;3
2025-07-02T15:03:00+02:00;31520;37;2;95;freeFlow;3
2025-07-02T15:03:00+02:00;31522;34;5;52;heavy;1
2025-07-02T15:03:00+02:00;31523_D;37;5;100;freeFlow;3
2025-07-02T15:03:00+02:00;31523_G;34;6;52;heavy;1
2025-07-02T15:03:00+02:00;31530_D;45;8;52;heavy;1
2025-07-02T15:03:00+02:00;31530_G;17;22;62;congested;2
2025-07-02T15:03:00+02:00;31532_D;69;2;52;freeFlow;1
2025-07-02T15:03:00+02:00;31532_G;44;4;60;heavy;1
2025-07-02T15:03:00+02:00;31534;34;11;100;heavy;8
2025-07-02T15:03:00+02:00;31536;49;19;100;heavy;7
2025-07-02T15:03:00+02:00;31550;81;12;100;freeFlow;9
2025-07-02T15:03:00+02:00;31551;89;8;100;freeFlow;8
2025-07-02T15:03:00+02:00;31553;78;13;100;freeFlow;7
2025-07-02T15:03:00+02:00;31557;67;6;50;freeFlow;1
2025-07-02T15:03:00+02:00;31558_D;60;19;50;freeFlow;1
2025-07-02T15:03:00+02:00;31558_G;59;19;60;freeFlow;1
2025-07-02T15:03:00+02:00;31559;59;8;66;freeFlow;2
2025-07-02T15:03:00+02:00;31561;59;6;60;freeFlow;1
2025-07-02T15:03:00+02:00;31562;16;26;74;heavy;2
2025-07-02T15:03:00+02:00;31563;55;7;57;freeFlow;1
2025-07-02T15:03:00+02:00;31568;85;4;64;freeFlow;2
2025-07-02T15:03:00+02:00;31569;100;6;48;freeFlow;1
2025-07-02T15:03:00+02:00;31583_D;50;15;0;unknown;0
2025-07-02T15:03:00+02:00;31583_G;50;15;0;unknown;0
2025-07-02T15:03:00+02:00;31670_D;50;9;0;unknown;0
2025-07-02T15:03:00+02:00;31670_G;44;10;75;freeFlow;2
2025-07-02T15:03:00+02:00;31672_D;51;39;75;freeFlow;2
2025-07-02T15:03:00+02:00;31672_G;67;30;60;freeFlow;1
2025-07-02T15:03:00+02:00;31673;87;15;100;freeFlow;11
2025-07-02T15:03:00+02:00;31674;91;14;100;freeFlow;9
2025-07-02T15:03:00+02:00;31708_D;30;6;0;unknown;0
2025-07-02T15:03:00+02:00;31708_G;30;6;0;unknown;0
2025-07-02T15:03:00+02:00;31709_D;30;12;0;unknown;0
2025-07-02T15:03:00+02:00;31709_G;30;12;0;unknown;0
2025-07-02T15:03:00+02:00;31716_D;31;7;60;freeFlow;1
2025-07-02T15:03:00+02:00;31716_G;30;7;0;unknown;0
2025-07-02T15:03:00+02:00;31717_D;31;16;60;freeFlow;1
2025-07-02T15:03:00+02:00;31717_G;30;17;0;unknown;0
2025-07-02T15:03:00+02:00;31720_D;31;4;60;freeFlow;1
2025-07-02T15:03:00+02:00;31720_G;30;4;0;unknown;0
2025-07-02T15:03:00+02:00;31722_D;30;9;0;unknown;0
2025-07-02T15:03:00+02:00;31722_G;49;6;60;freeFlow;1
2025-07-02T15:03:00+02:00;31723;37;5;100;freeFlow;3
2025-07-02T15:03:00+02:00;31724;32;6;75;heavy;2
2025-07-02T15:03:00+02:00;31725;42;4;60;freeFlow;1
2025-07-02T15:03:00+02:00;31726;38;6;100;freeFlow;3
2025-07-02T15:03:00+02:00;31727_D;30;12;0;unknown;0
2025-07-02T15:03:00+02:00;31727_G;55;6;60;freeFlow;1
2025-07-02T15:03:00+02:00;31878;21;8;75;congested;2
2025-07-02T15:03:00+02:00;31879;30;5;73;heavy;2
2025-07-02T15:03:00+02:00;31880;69;4;100;freeFlow;12
2025-07-02T15:03:00+02:00;31881;70;4;0;unknown;0
2025-07-02T15:03:00+02:00;31882;62;3;93;freeFlow;3
2025-07-02T15:03:00+02:00;32;87;14;100;freeFlow;5
2025-07-02T15:03:00+02:00;32118;87;1;100;freeFlow;9
2025-07-02T15:03:00+02:00;32163_D;31;3;60;freeFlow;1
2025-07-02T15:03:00+02:00;32163_G;30;3;0;unknown;0
2025-07-02T15:03:00+02:00;32165_D;29;3;48;heavy;1
2025-07-02T15:03:00+02:00;32165_G;38;2;40;freeFlow;2
2025-07-02T15:03:00+02:00;32177_D;57;10;57;freeFlow;1
2025-07-02T15:03:00+02:00;32177_G;37;16;100;heavy;3
2025-07-02T15:03:00+02:00;32784_D;37;2;25;freeFlow;1
2025-07-02T15:03:00+02:00;32784_G;34;2;30;heavy;1
2025-07-02T15:03:00+02:00;32785;3;21;60;congested;1
2025-07-02T15:03:00+02:00;32786;5;17;60;congested;1
2025-07-02T15:03:00+02:00;32788;15;5;75;heavy;2
2025-07-02T15:03:00+02:00;32790;19;3;75;heavy;2
2025-07-02T15:03:00+02:00;32791;37;2;25;freeFlow;1
2025-07-02T15:03:00+02:00;32794;46;1;42;freeFlow;1
2025-07-02T15:03:00+02:00;32796;34;2;30;heavy;1
2025-07-02T15:03:00+02:00;33;92;27;93;freeFlow;6
2025-07-02T15:03:00+02:00;34;98;27;100;freeFlow;3
2025-07-02T15:03:00+02:00;34744;90;36;100;freeFlow;14
2025-07-02T15:03:00+02:00;34745;103;31;100;freeFlow;10
2025-07-02T15:03:00+02:00;34757_D;25;4;0;unknown;0
2025-07-02T15:03:00+02:00;34757_G;50;2;0;unknown;0
2025-07-02T15:03:00+02:00;34758_D;32;25;0;unknown;0
2025-07-02T15:03:00+02:00;34758_G;50;16;0;unknown;0
2025-07-02T15:03:00+02:00;35;90;59;100;freeFlow;3
2025-07-02T15:03:00+02:00;35072;93;28;100;freeFlow;10
2025-07-02T15:03:00+02:00;35077;91;46;100;freeFlow;12
2025-07-02T15:03:00+02:00;35086;90;45;100;freeFlow;10
2025-07-02T15:03:00+02:00;35092;55;5;60;freeFlow;1
2025-07-02T15:03:00+02:00;35096;88;19;100;freeFlow;8
2025-07-02T15:03:00+02:00;35098;90;41;100;freeFlow;15
2025-07-02T15:03:00+02:00;35103;67;12;60;freeFlow;1
2025-07-02T15:03:00+02:00;35869_D;50;1;0;unknown;0
2025-07-02T15:03:00+02:00;35869_G;50;1;0;unknown;0
2025-07-02T15:03:00+02:00;35870_D;14;40;0;unknown;0
2025-07-02T15:03:00+02:00;35870_G;50;11;0;unknown;0
2025-07-02T15:03:00+02:00;35940;30;10;0;unknown;0
2025-07-02T15:03:00+02:00;35942;23;3;60;freeFlow;1
2025-07-02T15:03:00+02:00;35943;23;3;60;freeFlow;1
2025-07-02T15:03:00+02:00;35944;23;4;60;freeFlow;1
2025-07-02T15:03:00+02:00;35945;30;3;0;unknown;0
2025-07-02T15:03:00+02:00;35946_D;36;1;60;freeFlow;1
2025-07-02T15:03:00+02:00;35946_G;30;2;0;unknown;0
2025-07-02T15:03:00+02:00;35947;30;10;0;unknown;0
2025-07-02T15:03:00+02:00;35948;30;8;0;unknown;0
2025-07-02T15:03:00+02:00;35949;30;7;0;unknown;0
2025-07-02T15:03:00+02:00;35950;36;10;60;freeFlow;1
2025-07-02T15:03:00+02:00;35951;36;4;60;freeFlow;1
2025-07-02T15:03:00+02:00;35952;36;9;60;freeFlow;1
2025-07-02T15:03:00+02:00;35953;50;2;0;unknown;0
2025-07-02T15:03:00+02:00;35954;50;2;0;unknown;0
2025-07-02T15:03:00+02:00;35955;34;4;0;unknown;0
2025-07-02T15:03:00+02:00;35956;34;1;0;unknown;0
2025-07-02T15:03:00+02:00;35957_D;32;2;57;freeFlow;1
2025-07-02T15:03:00+02:00;35957_G;30;2;0;unknown;0
2025-07-02T15:03:00+02:00;35959_D;30;2;0;unknown;0
2025-07-02T15:03:00+02:00;35959_G;30;1;0;unknown;0
2025-07-02T15:03:00+02:00;35960;31;10;57;freeFlow;1
2025-07-02T15:03:00+02:00;35961;30;16;0;unknown;0
2025-07-02T15:03:00+02:00;35962;30;12;0;unknown;0
2025-07-02T15:03:00+02:00;35963;32;6;57;freeFlow;1
2025-07-02T15:03:00+02:00;35964;32;5;57;freeFlow;1
2025-07-02T15:03:00+02:00;35965;32;19;57;freeFlow;1
2025-07-02T15:03:00+02:00;35971;36;17;60;freeFlow;1
2025-07-02T15:03:00+02:00;35972;30;11;0;unknown;0
2025-07-02T15:03:00+02:00;35973;30;8;0;unknown;0
2025-07-02T15:03:00+02:00;35985_D;14;5;45;congested;1
2025-07-02T15:03:00+02:00;35985_G;36;3;60;freeFlow;1
2025-07-02T15:03:00+02:00;35986_D;28;25;42;heavy;1
2025-07-02T15:03:00+02:00;35986_G;34;22;60;heavy;1
2025-07-02T15:03:00+02:00;35994_D;25;2;40;freeFlow;1
2025-07-02T15:03:00+02:00;35994_G;41;1;60;freeFlow;1
2025-07-02T15:03:00+02:00;35998;28;8;75;heavy;2
2025-07-02T15:03:00+02:00;35999;32;6;12;heavy;1
2025-07-02T15:03:00+02:00;36000;25;8;12;heavy;1
2025-07-02T15:03:00+02:00;36001;32;6;100;heavy;3
2025-07-02T15:03:00+02:00;36003_D;53;1;15;freeFlow;1
2025-07-02T15:03:00+02:00;36003_G;30;2;100;heavy;3
2025-07-02T15:03:00+02:00;36004_D;46;46;15;freeFlow;1
2025-07-02T15:03:00+02:00;36004_G;47;44;100;freeFlow;3
2025-07-02T15:03:00+02:00;36005;19;4;60;heavy;1
2025-07-02T15:03:00+02:00;36006;30;3;0;unknown;0
2025-07-02T15:03:00+02:00;36007;20;3;60;heavy;1
2025-07-02T15:03:00+02:00;36010_D;17;2;60;heavy;1
2025-07-02T15:03:00+02:00;36010_G;30;1;0;unknown;0
2025-07-02T15:03:00+02:00;36011;34;9;60;freeFlow;1
2025-07-02T15:03:00+02:00;36012_D;21;3;60;heavy;1
2025-07-02T15:03:00+02:00;36012_G;30;2;0;unknown;0
2025-07-02T15:03:00+02:00;37200_D;40;6;32;freeFlow;1
2025-07-02T15:03:00+02:00;37200_G;26;10;55;freeFlow;1
2025-07-02T15:03:00+02:00;37201;77;3;57;freeFlow;1
2025-07-02T15:03:00+02:00;37202;69;4;68;freeFlow;2
2025-07-02T15:03:00+02:00;37203;46;11;97;freeFlow;3
2025-07-02T15:03:00+02:00;37204_D;98;1;57;freeFlow;1
2025-07-02T15:03:00+02:00;37204_G;42;2;75;freeFlow;2
2025-07-02T15:03:00+02:00;37205_D;98;2;57;freeFlow;1
2025-07-02T15:03:00+02:00;37205_G;42;5;75;freeFlow;2
2025-07-02T15:03:00+02:00;37206_D;98;5;57;freeFlow;1
2025-07-02T15:03:00+02:00;37206_G;49;10;75;freeFlow;2
2025-07-02T15:03:00+02:00;37207;98;1;57;freeFlow;1
2025-07-02T15:03:00+02:00;37208;44;3;75;freeFlow;2
2025-07-02T15:03:00+02:00;37209;98;1;57;freeFlow;1
2025-07-02T15:03:00+02:00;37210_D;98;0;57;freeFlow;1
2025-07-02T15:03:00+02:00;37210_G;42;1;75;freeFlow;2
2025-07-02T15:03:00+02:00;37211_D;98;27;57;freeFlow;1
2025-07-02T15:03:00+02:00;37211_G;57;47;75;freeFlow;2
2025-07-02T15:03:00+02:00;37239;35;5;100;freeFlow;3
2025-07-02T15:03:00+02:00;37240;28;6;48;freeFlow;1
2025-07-02T15:03:00+02:00;37241;34;5;73;freeFlow;2
2025-07-02T15:03:00+02:00;37242;27;7;70;freeFlow;2
2025-07-02T15:03:00+02:00;37243_D;5;17;17;congested;1
2025-07-02T15:03:00+02:00;37243_G;42;3;75;freeFlow;2
2025-07-02T15:03:00+02:00;37244_D;35;2;60;freeFlow;1
2025-07-02T15:03:00+02:00;37244_G;30;2;0;unknown;0
2025-07-02T15:03:00+02:00;37246_D;30;3;32;freeFlow;1
2025-07-02T15:03:00+02:00;37246_G;26;4;55;freeFlow;1
2025-07-02T15:03:00+02:00;37422_D;15;66;0;unknown;0
2025-07-02T15:03:00+02:00;37422_G;50;19;0;unknown;0
2025-07-02T15:03:00+02:00;37467_D;20;19;0;unknown;0
2025-07-02T15:03:00+02:00;37467_G;50;8;0;unknown;0
2025-07-02T15:03:00+02:00;37508_D;14;77;12;congested;1
2025-07-02T15:03:00+02:00;37508_G;38;28;75;freeFlow;2
2025-07-02T15:03:00+02:00;37509_D;12;7;12;congested;1
2025-07-02T15:03:00+02:00;37509_G;28;2;75;heavy;2
2025-07-02T15:03:00+02:00;37564_D;70;22;55;freeFlow;1
2025-07-02T15:03:00+02:00;37564_G;70;22;0;unknown;0
2025-07-02T15:03:00+02:00;37565_D;70;12;55;freeFlow;1
2025-07-02T15:03:00+02:00;37565_G;70;12;0;unknown;0
2025-07-02T15:03:00+02:00;37586_D;23;3;12;heavy;1
2025-07-02T15:03:00+02:00;37586_G;35;2;75;freeFlow;2
2025-07-02T15:03:00+02:00;37588_D;70;8;0;unknown;0
2025-07-02T15:03:00+02:00;37588_G;70;8;55;freeFlow;1
2025-07-02T15:03:00+02:00;37620_D;70;1;0;unknown;0
2025-07-02T15:03:00+02:00;37620_G;51;1;60;freeFlow;2
2025-07-02T15:03:00+02:00;37621;35;5;96;freeFlow;4
2025-07-02T15:03:00+02:00;37622;57;4;60;freeFlow;2
2025-07-02T15:03:00+02:00;37625_D;50;18;0;unknown;0
2025-07-02T15:03:00+02:00;37625_G;52;18;70;freeFlow;2
2025-07-02T15:03:00+02:00;37665_D;20;4;60;heavy;1
2025-07-02T15:03:00+02:00;37665_G;40;2;40;freeFlow;1
2025-07-02T15:03:00+02:00;37667;84;15;60;freeFlow;1
2025-07-02T15:03:00+02:00;37668;53;7;60;freeFlow;1
2025-07-02T15:03:00+02:00;37673;84;4;60;freeFlow;1
2025-07-02T15:03:00+02:00;37686_D;69;9;60;freeFlow;1
2025-07-02T15:03:00+02:00;37686_G;74;9;60;freeFlow;1
2025-07-02T15:03:00+02:00;37702_D;50;5;0;unknown;0
2025-07-02T15:03:00+02:00;37702_G;30;8;0;unknown;0
2025-07-02T15:03:00+02:00;37706_D;50;1;0;unknown;0
2025-07-02T15:03:00+02:00;37706_G;50;1;0;unknown;0
2025-07-02T15:03:00+02:00;37707_D;28;2;60;heavy;1
2025-07-02T15:03:00+02:00;37707_G;40;2;40;freeFlow;1
2025-07-02T15:03:00+02:00;37708_D;28;33;60;freeFlow;1
2025-07-02T15:03:00+02:00;37708_G;40;23;40;freeFlow;1
2025-07-02T15:03:00+02:00;37712_D;30;6;0;unknown;0
2025-07-02T15:03:00+02:00;37712_G;39;5;40;freeFlow;1
2025-07-02T15:03:00+02:00;37724;84;2;75;freeFlow;2
2025-07-02T15:03:00+02:00;37725;43;2;75;freeFlow;2
2025-07-02T15:03:00+02:00;37726;22;5;93;heavy;3
2025-07-02T15:03:00+02:00;37727;43;2;100;freeFlow;3
2025-07-02T15:03:00+02:00;37728;40;3;60;freeFlow;1
2025-07-02T15:03:00+02:00;37729;53;106;69;heavy;3
2025-07-02T15:03:00+02:00;37730;29;5;75;heavy;2
2025-07-02T15:03:00+02:00;37732;85;43;75;freeFlow;2
2025-07-02T15:03:00+02:00;37737;90;45;100;freeFlow;10
2025-07-02T15:03:00+02:00;37738;30;3;60;heavy;1
2025-07-02T15:03:00+02:00;37739;43;3;100;heavy;3
2025-07-02T15:03:00+02:00;37740;42;4;100;heavy;3
2025-07-02T15:03:00+02:00;37741;41;1;100;heavy;3
2025-07-02T15:03:00+02:00;37742;49;3;100;freeFlow;3
2025-07-02T15:03:00+02:00;37743;52;2;100;freeFlow;3
2025-07-02T15:03:00+02:00;37744;51;3;100;freeFlow;3
2025-07-02T15:03:00+02:00;37745;59;1;52;freeFlow;1
2025-07-02T15:03:00+02:00;37749;89;43;100;freeFlow;8
2025-07-02T15:03:00+02:00;37750;93;29;100;freeFlow;11
2025-07-02T15:03:00+02:00;37751;101;10;27;freeFlow;1
2025-07-02T15:03:00+02:00;37752;71;9;60;freeFlow;1
2025-07-02T15:03:00+02:00;37753;87;30;100;freeFlow;10
2025-07-02T15:03:00+02:00;37784;50;2;0;unknown;0
2025-07-02T15:03:00+02:00;37785;50;2;0;unknown;0
2025-07-02T15:03:00+02:00;37786;64;1;55;freeFlow;1
2025-07-02T15:03:00+02:00;37787_D;70;21;0;unknown;0
2025-07-02T15:03:00+02:00;37787_G;70;22;55;freeFlow;1
2025-07-02T15:03:00+02:00;37818;89;52;100;freeFlow;8
2025-07-02T15:03:00+02:00;37819;103;54;75;freeFlow;3
2025-07-02T15:03:00+02:00;37822;71;12;100;freeFlow;5
2025-07-02T15:03:00+02:00;37826;55;1;60;freeFlow;1
2025-07-02T15:03:00+02:00;37827;35;1;75;heavy;2
2025-07-02T15:03:00+02:00;37941;86;57;100;freeFlow;10
2025-07-02T15:03:00+02:00;37947;91;8;100;freeFlow;10
2025-07-02T15:03:00+02:00;37948;98;70;100;freeFlow;6
2025-07-02T15:03:00+02:00;37949;91;76;100;freeFlow;11
2025-07-02T15:03:00+02:00;37950;87;8;100;freeFlow;5
2025-07-02T15:03:00+02:00;37970;95;15;100;freeFlow;9
2025-07-02T15:03:00+02:00;38;86;16;100;freeFlow;5
2025-07-02T15:03:00+02:00;38067;108;10;100;freeFlow;3
2025-07-02T15:03:00+02:00;38068;43;5;70;heavy;2
2025-07-02T15:03:00+02:00;38069;77;4;12;freeFlow;1
2025-07-02T15:03:00+02:00;38070;90;10;100;freeFlow;7
2025-07-02T15:03:00+02:00;38310;70;1;55;freeFlow;1
2025-07-02T15:03:00+02:00;38311;70;1;55;freeFlow;1
2025-07-02T15:03:00+02:00;38317;106;1;75;freeFlow;2
2025-07-02T15:03:00+02:00;38318;85;31;100;freeFlow;8
2025-07-02T15:03:00+02:00;38319;83;25;100;freeFlow;3
2025-07-02T15:03:00+02:00;38322;77;2;12;freeFlow;1
2025-07-02T15:03:00+02:00;38378_D;70;10;0;unknown;0
2025-07-02T15:03:00+02:00;38378_G;70;10;55;freeFlow;1
2025-07-02T15:03:00+02:00;38389_D;70;16;0;unknown;0
2025-07-02T15:03:00+02:00;38389_G;70;15;55;freeFlow;1
2025-07-02T15:03:00+02:00;39061;79;3;57;freeFlow;1
2025-07-02T15:03:00+02:00;39062;79;1;57;freeFlow;1
2025-07-02T15:03:00+02:00;39063;34;12;98;heavy;3
2025-07-02T15:03:00+02:00;39473;67;30;100;freeFlow;3
2025-07-02T15:03:00+02:00;39618;87;3;100;freeFlow;3
2025-07-02T15:03:00+02:00;39619;108;2;100;freeFlow;3
2025-07-02T15:03:00+02:00;39720_D;52;24;15;freeFlow;1
2025-07-02T15:03:00+02:00;39720_G;43;29;75;freeFlow;2
2025-07-02T15:03:00+02:00;39902_D;70;1;0;unknown;0
2025-07-02T15:03:00+02:00;39902_G;70;1;55;freeFlow;1
2025-07-02T15:03:00+02:00;39904_D;70;1;0;unknown;0
2025-07-02T15:03:00+02:00;39904_G;70;1;55;freeFlow;1
2025-07-02T15:03:00+02:00;39906_D;70;7;0;unknown;0
2025-07-02T15:03:00+02:00;39906_G;70;7;55;freeFlow;1
2025-07-02T15:03:00+02:00;40185_D;24;5;75;heavy;2
2025-07-02T15:03:00+02:00;40185_G;26;1;100;heavy;3
2025-07-02T15:03:00+02:00;40201;17;1;60;heavy;1
2025-07-02T15:03:00+02:00;40202;28;3;60;heavy;1
2025-07-02T15:03:00+02:00;40203;35;2;100;freeFlow;4
2025-07-02T15:03:00+02:00;40212_D;80;1;75;freeFlow;2
2025-07-02T15:03:00+02:00;40212_G;73;2;57;freeFlow;1
2025-07-02T15:03:00+02:00;40213_D;70;1;60;freeFlow;1
2025-07-02T15:03:00+02:00;40213_G;74;1;57;freeFlow;1
2025-07-02T15:03:00+02:00;41631_D;12;18;60;heavy;1
2025-07-02T15:03:00+02:00;41631_G;30;7;0;unknown;0
2025-07-02T15:03:00+02:00;41632_D;25;6;60;freeFlow;1
2025-07-02T15:03:00+02:00;41632_G;52;2;60;freeFlow;1
2025-07-02T15:03:00+02:00;41652_D;14;15;48;congested;2
2025-07-02T15:03:00+02:00;41683_D;31;33;20;heavy;1
2025-07-02T15:03:00+02:00;41683_G;58;18;60;freeFlow;1
2025-07-02T15:03:00+02:00;41709_D;34;14;60;freeFlow;1
2025-07-02T15:03:00+02:00;41709_G;30;15;0;unknown;0
2025-07-02T15:03:00+02:00;41712_D;34;6;60;freeFlow;1
2025-07-02T15:03:00+02:00;41712_G;30;7;0;unknown;0
2025-07-02T15:03:00+02:00;41713_D;9;13;60;heavy;1
2025-07-02T15:03:00+02:00;41713_G;30;4;0;unknown;0
2025-07-02T15:03:00+02:00;41729;22;4;60;heavy;1
2025-07-02T15:03:00+02:00;41730;50;1;0;unknown;0
2025-07-02T15:03:00+02:00;41731;50;1;0;unknown;0
2025-07-02T15:03:00+02:00;41753_D;33;6;60;freeFlow;1
2025-07-02T15:03:00+02:00;41753_G;30;6;0;unknown;0
2025-07-02T15:03:00+02:00;41764_D;22;2;60;freeFlow;1
2025-07-02T15:03:00+02:00;41764_G;30;2;0;unknown;0
2025-07-02T15:03:00+02:00;41781;25;3;60;heavy;1
2025-07-02T15:03:00+02:00;41782;21;4;72;heavy;2
2025-07-02T15:03:00+02:00;41783;43;2;75;freeFlow;2
2025-07-02T15:03:00+02:00;41784;51;1;75;freeFlow;2
2025-07-02T15:03:00+02:00;41809_D;32;8;60;freeFlow;1
2025-07-02T15:03:00+02:00;41809_G;30;8;0;unknown;0
2025-07-02T15:03:00+02:00;41810_D;34;2;60;freeFlow;1
2025-07-02T15:03:00+02:00;41810_G;30;2;0;unknown;0
2025-07-02T15:03:00+02:00;41811_D;33;7;60;freeFlow;1
2025-07-02T15:03:00+02:00;41811_G;30;8;0;unknown;0
2025-07-02T15:03:00+02:00;41812_D;32;5;60;freeFlow;1
2025-07-02T15:03:00+02:00;41812_G;30;6;0;unknown;0
2025-07-02T15:03:00+02:00;41813_D;34;4;60;freeFlow;1
2025-07-02T15:03:00+02:00;41813_G;30;5;0;unknown;0
2025-07-02T15:03:00+02:00;41814_D;30;7;60;freeFlow;1
2025-07-02T15:03:00+02:00;41814_G;30;7;0;unknown;0
2025-07-02T15:03:00+02:00;41815_D;26;7;60;freeFlow;1
2025-07-02T15:03:00+02:00;41815_G;30;7;0;unknown;0
2025-07-02T15:03:00+02:00;41817_D;21;9;60;freeFlow;1
2025-07-02T15:03:00+02:00;41817_G;30;6;0;unknown;0
2025-07-02T15:03:00+02:00;41818_D;26;3;60;freeFlow;1
2025-07-02T15:03:00+02:00;41818_G;30;2;0;unknown;0
2025-07-02T15:03:00+02:00;42028;28;18;71;heavy;2
2025-07-02T15:03:00+02:00;42029;60;25;75;freeFlow;2
2025-07-02T15:03:00+02:00;42030;25;62;74;heavy;2
2025-07-02T15:03:00+02:00;42031;64;24;75;freeFlow;2
2025-07-02T15:03:00+02:00;42047;70;5;0;unknown;0
2025-07-02T15:03:00+02:00;42049;50;2;0;unknown;0
2025-07-02T15:03:00+02:00;42050;47;2;100;heavy;3
2025-07-02T15:03:00+02:00;42051;66;7;100;freeFlow;3
2025-07-02T15:03:00+02:00;42125_D;48;24;55;freeFlow;1
2025-07-02T15:03:00+02:00;42125_G;59;19;42;freeFlow;1
2025-07-02T15:03:00+02:00;42134;56;42;74;heavy;2
2025-07-02T15:03:00+02:00;42135;72;38;100;freeFlow;5
2025-07-02T15:03:00+02:00;42206_D;18;52;68;heavy;2
2025-07-02T15:03:00+02:00;42238_D;14;25;57;congested;2
2025-07-02T15:03:00+02:00;42257;90;6;0;unknown;0
2025-07-02T15:03:00+02:00;42273_D;31;6;20;freeFlow;1
2025-07-02T15:03:00+02:00;42273_G;30;6;0;unknown;0
2025-07-02T15:03:00+02:00;42293_D;31;2;60;freeFlow;1
2025-07-02T15:03:00+02:00;42293_G;30;2;0;unknown;0
2025-07-02T15:03:00+02:00;42307_D;50;15;0;unknown;0
2025-07-02T15:03:00+02:00;42307_G;64;12;45;freeFlow;1
2025-07-02T15:03:00+02:00;42359;32;21;100;heavy;4
2025-07-02T15:03:00+02:00;42375;50;1;0;unknown;0
2025-07-02T15:03:00+02:00;42378_D;15;3;60;heavy;1
2025-07-02T15:03:00+02:00;42378_G;30;2;0;unknown;0
2025-07-02T15:03:00+02:00;42379;78;34;60;freeFlow;1
2025-07-02T15:03:00+02:00;42383;12;6;72;congested;2
2025-07-02T15:03:00+02:00;42384;50;1;0;unknown;0
2025-07-02T15:03:00+02:00;42385;48;2;75;freeFlow;2
2025-07-02T15:03:00+02:00;42386;48;1;75;freeFlow;2
2025-07-02T15:03:00+02:00;42387;26;8;60;heavy;1
2025-07-02T15:03:00+02:00;42388;37;3;96;freeFlow;4
2025-07-02T15:03:00+02:00;42389;46;4;75;freeFlow;2
2025-07-02T15:03:00+02:00;42390;42;3;75;freeFlow;2
2025-07-02T15:03:00+02:00;42391;24;5;40;heavy;1
2025-07-02T15:03:00+02:00;42392;26;4;60;heavy;1
2025-07-02T15:03:00+02:00;42399;58;5;60;heavy;1
2025-07-02T15:03:00+02:00;42401_D;50;26;0;unknown;0
2025-07-02T15:03:00+02:00;42401_G;70;18;45;freeFlow;1
2025-07-02T15:03:00+02:00;42572;26;2;60;heavy;1
2025-07-02T15:03:00+02:00;42573;64;1;75;freeFlow;2
2025-07-02T15:03:00+02:00;42580;67;2;60;freeFlow;1
2025-07-02T15:03:00+02:00;42595_D;31;6;20;freeFlow;1
2025-07-02T15:03:00+02:00;42595_G;28;7;60;freeFlow;1
2025-07-02T15:03:00+02:00;42603;12;45;100;congested;3
2025-07-02T15:03:00+02:00;42663_D;60;4;22;freeFlow;1
2025-07-02T15:03:00+02:00;42663_G;58;4;60;freeFlow;1
2025-07-02T15:03:00+02:00;42681_D;51;18;20;freeFlow;1
2025-07-02T15:03:00+02:00;42681_G;58;16;60;freeFlow;1
2025-07-02T15:03:00+02:00;42684_D;30;2;0;unknown;0
2025-07-02T15:03:00+02:00;42684_G;8;7;60;congested;1
2025-07-02T15:03:00+02:00;42685;58;46;100;heavy;4
2025-07-02T15:03:00+02:00;42709_D;50;19;0;unknown;0
2025-07-02T15:03:00+02:00;42709_G;51;18;42;freeFlow;1
2025-07-02T15:03:00+02:00;42777_D;50;3;0;unknown;0
2025-07-02T15:03:00+02:00;42777_G;7;24;50;congested;1
2025-07-02T15:03:00+02:00;42778_D;50;1;0;unknown;0
2025-07-02T15:03:00+02:00;42778_G;11;6;48;congested;1
2025-07-02T15:03:00+02:00;42779;50;2;0;unknown;0
2025-07-02T15:03:00+02:00;42780_D;50;8;0;unknown;0
2025-07-02T15:03:00+02:00;42780_G;14;29;45;congested;1
2025-07-02T15:03:00+02:00;42938_D;27;11;75;heavy;2
2025-07-02T15:03:00+02:00;42938_G;50;6;0;unknown;0
2025-07-02T15:03:00+02:00;42939_D;28;8;75;heavy;2
2025-07-02T15:03:00+02:00;42939_G;50;4;0;unknown;0
2025-07-02T15:03:00+02:00;42940_D;21;21;75;heavy;2
2025-07-02T15:03:00+02:00;42940_G;50;9;0;unknown;0
2025-07-02T15:03:00+02:00;42941_D;12;11;100;congested;4
2025-07-02T15:03:00+02:00;42941_G;6;24;50;congested;1
2025-07-02T15:03:00+02:00;42947_D;26;17;75;heavy;2
2025-07-02T15:03:00+02:00;42947_G;37;12;52;freeFlow;1
2025-07-02T15:03:00+02:00;42948_D;24;10;60;heavy;1
2025-07-02T15:03:00+02:00;42948_G;26;9;52;heavy;1
2025-07-02T15:03:00+02:00;42949_D;26;11;60;heavy;1
2025-07-02T15:03:00+02:00;42949_G;45;6;52;freeFlow;1
2025-07-02T15:03:00+02:00;42978_D;50;11;0;unknown;0
2025-07-02T15:03:00+02:00;42978_G;36;16;76;freeFlow;3
2025-07-02T15:03:00+02:00;42979_D;50;3;0;unknown;0
2025-07-02T15:03:00+02:00;42979_G;15;10;22;heavy;1
2025-07-02T15:03:00+02:00;42983_D;29;14;75;heavy;2
2025-07-02T15:03:00+02:00;42983_G;50;8;0;unknown;0
2025-07-02T15:03:00+02:00;42999_D;50;12;0;unknown;0
2025-07-02T15:03:00+02:00;42999_G;50;12;0;unknown;0
2025-07-02T15:03:00+02:00;43000_D;50;5;0;unknown;0
2025-07-02T15:03:00+02:00;43000_G;50;5;0;unknown;0
2025-07-02T15:03:00+02:00;43001_D;50;4;0;unknown;0
2025-07-02T15:03:00+02:00;43001_G;50;4;0;unknown;0
2025-07-02T15:03:00+02:00;43003_D;50;3;0;unknown;0
2025-07-02T15:03:00+02:00;43003_G;50;3;0;unknown;0
2025-07-02T15:03:00+02:00;43027_D;27;9;75;heavy;2
2025-07-02T15:03:00+02:00;43027_G;50;5;0;unknown;0
2025-07-02T15:03:00+02:00;43029_D;31;13;75;heavy;2
2025-07-02T15:03:00+02:00;43029_G;45;9;52;freeFlow;1
2025-07-02T15:03:00+02:00;43046_D;45;7;22;freeFlow;1
2025-07-02T15:03:00+02:00;43046_G;37;8;45;freeFlow;2
2025-07-02T15:03:00+02:00;43047_D;50;4;0;unknown;0
2025-07-02T15:03:00+02:00;43047_G;27;6;45;heavy;2
2025-07-02T15:03:00+02:00;43048_D;50;5;0;unknown;0
2025-07-02T15:03:00+02:00;43048_G;27;10;45;heavy;2
2025-07-02T15:03:00+02:00;43049_D;30;4;0;unknown;0
2025-07-02T15:03:00+02:00;43049_G;39;3;35;freeFlow;1
2025-07-02T15:03:00+02:00;43050_D;50;3;0;unknown;0
2025-07-02T15:03:00+02:00;43050_G;32;5;64;heavy;2
2025-07-02T15:03:00+02:00;43099;21;4;50;heavy;1
2025-07-02T15:03:00+02:00;43352_G;25;19;60;freeFlow;1
2025-07-02T15:03:00+02:00;43451_D;28;17;57;freeFlow;1
2025-07-02T15:03:00+02:00;43481;27;27;20;heavy;1
2025-07-02T15:03:00+02:00;43627;30;21;60;heavy;1
2025-07-02T15:03:00+02:00;43658_D;20;9;55;heavy;1
2025-07-02T15:03:00+02:00;43658_G;33;5;60;heavy;1
2025-07-02T15:03:00+02:00;43718_D;50;3;0;unknown;0
2025-07-02T15:03:00+02:00;43718_G;50;3;0;unknown;0
2025-07-02T15:03:00+02:00;43719_D;50;9;0;unknown;0
2025-07-02T15:03:00+02:00;43719_G;50;9;0;unknown;0
2025-07-02T15:03:00+02:00;43720_D;50;4;0;unknown;0
2025-07-02T15:03:00+02:00;43720_G;50;4;0;unknown;0
2025-07-02T15:03:00+02:00;43724_D;50;8;0;unknown;0
2025-07-02T15:03:00+02:00;43724_G;27;15;45;heavy;2
2025-07-02T15:03:00+02:00;43733_D;50;4;0;unknown;0
2025-07-02T15:03:00+02:00;43733_G;50;4;0;unknown;0
2025-07-02T15:03:00+02:00;43736_D;50;4;0;unknown;0
2025-07-02T15:03:00+02:00;43736_G;50;4;0;unknown;0
2025-07-02T15:03:00+02:00;43739_D;50;6;0;unknown;0
2025-07-02T15:03:00+02:00;43739_G;32;11;20;heavy;1
2025-07-02T15:03:00+02:00;43740_D;50;6;0;unknown;0
2025-07-02T15:03:00+02:00;43740_G;31;9;20;heavy;1
2025-07-02T15:03:00+02:00;43741_D;50;1;0;unknown;0
2025-07-02T15:03:00+02:00;43741_G;31;1;20;heavy;1
2025-07-02T15:03:00+02:00;43742_D;50;7;0;unknown;0
2025-07-02T15:03:00+02:00;43742_G;28;12;22;heavy;1
2025-07-02T15:03:00+02:00;43743_G;50;25;0;unknown;0
2025-07-02T15:03:00+02:00;43744_D;50;5;0;unknown;0
2025-07-02T15:03:00+02:00;43744_G;50;5;0;unknown;0
2025-07-02T15:03:00+02:00;43748;32;6;25;freeFlow;1
2025-07-02T15:03:00+02:00;43757;30;3;25;heavy;1
2025-07-02T15:03:00+02:00;43758;27;11;60;heavy;1
2025-07-02T15:03:00+02:00;43786_D;12;54;100;congested;4
2025-07-02T15:03:00+02:00;43786_G;4;153;73;congested;2
2025-07-02T15:03:00+02:00;43787_D;16;8;100;heavy;3
2025-07-02T15:03:00+02:00;43787_G;10;13;55;congested;1
2025-07-02T15:03:00+02:00;43788_D;32;3;60;heavy;1
2025-07-02T15:03:00+02:00;43788_G;39;2;50;freeFlow;1
2025-07-02T15:03:00+02:00;43789_D;35;8;60;heavy;1
2025-07-02T15:03:00+02:00;43789_G;39;7;50;freeFlow;1
2025-07-02T15:03:00+02:00;43790_D;35;7;60;heavy;1
2025-07-02T15:03:00+02:00;43790_G;39;6;50;freeFlow;1
2025-07-02T15:03:00+02:00;43791_D;35;4;60;heavy;1
2025-07-02T15:03:00+02:00;43791_G;39;4;50;freeFlow;1
2025-07-02T15:03:00+02:00;43792_D;42;8;60;freeFlow;1
2025-07-02T15:03:00+02:00;43792_G;38;9;50;freeFlow;1
2025-07-02T15:03:00+02:00;43814_D;20;36;60;heavy;1
2025-07-02T15:03:00+02:00;43814_G;48;14;60;freeFlow;1
2025-07-02T15:03:00+02:00;43815_D;29;13;60;heavy;1
2025-07-02T15:03:00+02:00;43815_G;9;44;74;congested;2
2025-07-02T15:03:00+02:00;43817_D;50;14;0;unknown;0
2025-07-02T15:03:00+02:00;43817_G;36;19;22;freeFlow;1
2025-07-02T15:03:00+02:00;43819;15;31;62;heavy;2
2025-07-02T15:03:00+02:00;43821;28;9;27;heavy;1
2025-07-02T15:03:00+02:00;43828_D;22;26;100;heavy;3
2025-07-02T15:03:00+02:00;43828_G;14;38;55;congested;1
2025-07-02T15:03:00+02:00;43835_D;29;12;60;heavy;1
2025-07-02T15:03:00+02:00;43835_G;45;8;60;freeFlow;1
2025-07-02T15:03:00+02:00;43836;50;10;0;unknown;0
2025-07-02T15:03:00+02:00;43871_D;15;14;60;congested;1
2025-07-02T15:03:00+02:00;43871_G;16;13;60;heavy;1
2025-07-02T15:03:00+02:00;43872_D;18;11;60;heavy;1
2025-07-02T15:03:00+02:00;43872_G;35;6;60;heavy;1
2025-07-02T15:03:00+02:00;43873_D;24;11;60;heavy;1
2025-07-02T15:03:00+02:00;43873_G;33;8;60;heavy;1
2025-07-02T15:03:00+02:00;43925_D;22;12;60;heavy;1
2025-07-02T15:03:00+02:00;43925_G;27;9;71;heavy;2
2025-07-02T15:03:00+02:00;43937_D;50;6;0;unknown;0
2025-07-02T15:03:00+02:00;43937_G;50;6;0;unknown;0
2025-07-02T15:03:00+02:00;43938_D;50;20;0;unknown;0
2025-07-02T15:03:00+02:00;43938_G;50;20;0;unknown;0
2025-07-02T15:03:00+02:00;43972;16;22;60;heavy;1
2025-07-02T15:03:00+02:00;43974;16;32;100;heavy;3
2025-07-02T15:03:00+02:00;43975;51;4;100;freeFlow;3
2025-07-02T15:03:00+02:00;44002_D;34;13;75;heavy;2
2025-07-02T15:03:00+02:00;44002_G;26;16;60;heavy;1
2025-07-02T15:03:00+02:00;44003_D;44;9;60;freeFlow;1
2025-07-02T15:03:00+02:00;44012;29;23;75;heavy;2
2025-07-02T15:03:00+02:00;44017_D;23;6;60;heavy;1
2025-07-02T15:03:00+02:00;44018_D;29;20;60;heavy;1
2025-07-02T15:03:00+02:00;44028;22;12;60;heavy;1
2025-07-02T15:03:00+02:00;44036_D;22;5;60;heavy;1
2025-07-02T15:03:00+02:00;44036_G;36;3;60;freeFlow;1
2025-07-02T15:03:00+02:00;44066;11;18;50;congested;1
2025-07-02T15:03:00+02:00;44067;37;20;20;freeFlow;1
2025-07-02T15:03:00+02:00;44069;56;4;25;freeFlow;1
2025-07-02T15:03:00+02:00;44084_D;36;8;100;freeFlow;3
2025-07-02T15:03:00+02:00;44084_G;45;6;60;freeFlow;1
2025-07-02T15:03:00+02:00;44089_D;50;6;0;unknown;0
2025-07-02T15:03:00+02:00;44089_G;50;6;0;unknown;0
2025-07-02T15:03:00+02:00;44090_D;50;5;0;unknown;0
2025-07-02T15:03:00+02:00;44090_G;50;5;0;unknown;0
2025-07-02T15:03:00+02:00;44131;27;23;60;heavy;1
2025-07-02T15:03:00+02:00;44134;50;9;0;unknown;0
2025-07-02T15:03:00+02:00;44165_D;17;14;75;heavy;2
2025-07-02T15:03:00+02:00;44165_G;20;12;60;heavy;1
2025-07-02T15:03:00+02:00;44198_D;8;87;12;congested;1
2025-07-02T15:03:00+02:00;44198_G;6;111;40;congested;1
2025-07-02T15:03:00+02:00;44199_D;7;32;15;congested;1
2025-07-02T15:03:00+02:00;44199_G;50;5;0;unknown;0
2025-07-02T15:03:00+02:00;44231_D;50;5;0;unknown;0
2025-07-02T15:03:00+02:00;44231_G;38;7;55;freeFlow;1
2025-07-02T15:03:00+02:00;44232_D;50;4;0;unknown;0
2025-07-02T15:03:00+02:00;44232_G;29;7;45;heavy;1
2025-07-02T15:03:00+02:00;44234_D;20;17;60;heavy;1
2025-07-02T15:03:00+02:00;44234_G;40;9;40;freeFlow;1
2025-07-02T15:03:00+02:00;44259_D;5;24;17;congested;1
2025-07-02T15:03:00+02:00;44259_G;27;4;25;heavy;1
2025-07-02T15:03:00+02:00;44260;60;7;45;freeFlow;1
2025-07-02T15:03:00+02:00;44261_D;12;38;0;unknown;0
2025-07-02T15:03:00+02:00;44261_G;30;16;25;heavy;1
2025-07-02T15:03:00+02:00;44293;50;5;0;unknown;0
2025-07-02T15:03:00+02:00;44303_D;50;2;0;unknown;0
2025-07-02T15:03:00+02:00;44303_G;50;2;0;unknown;0
2025-07-02T15:03:00+02:00;44304_D;60;8;45;freeFlow;1
2025-07-02T15:03:00+02:00;44304_G;50;9;0;unknown;0
2025-07-02T15:03:00+02:00;44322_D;29;77;60;heavy;1
2025-07-02T15:03:00+02:00;44322_G;37;59;91;freeFlow;3
2025-07-02T15:03:00+02:00;44328;50;10;0;unknown;0
2025-07-02T15:03:00+02:00;44583_D;24;16;100;heavy;4
2025-07-02T15:03:00+02:00;44583_G;22;16;60;heavy;1
2025-07-02T15:03:00+02:00;44584_D;36;14;100;freeFlow;3
2025-07-02T15:03:00+02:00;44584_G;27;18;75;heavy;2
2025-07-02T15:03:00+02:00;44632_D;33;31;100;heavy;3
2025-07-02T15:03:00+02:00;44632_G;34;30;75;heavy;2
2025-07-02T15:03:00+02:00;44694_D;17;36;75;heavy;2
2025-07-02T15:03:00+02:00;44694_G;12;49;100;congested;3
2025-07-02T15:03:00+02:00;44695_D;8;12;60;congested;1
2025-07-02T15:03:00+02:00;44695_G;22;5;100;heavy;4
2025-07-02T15:03:00+02:00;44711_D;56;11;75;freeFlow;2
2025-07-02T15:03:00+02:00;44711_G;34;19;60;heavy;1
2025-07-02T15:03:00+02:00;44712_D;27;9;75;heavy;2
2025-07-02T15:03:00+02:00;44712_G;32;7;60;heavy;1
2025-07-02T15:03:00+02:00;44714_D;60;1;75;freeFlow;2
2025-07-02T15:03:00+02:00;44714_G;39;1;60;freeFlow;1
2025-07-02T15:03:00+02:00;44736_D;36;3;100;freeFlow;3
2025-07-02T15:03:00+02:00;44736_G;45;2;60;freeFlow;1
2025-07-02T15:03:00+02:00;44868;71;6;60;freeFlow;1
2025-07-02T15:03:00+02:00;44873;49;3;55;freeFlow;1
2025-07-02T15:03:00+02:00;44874;67;6;100;freeFlow;4
2025-07-02T15:03:00+02:00;44875;70;6;100;freeFlow;3
2025-07-02T15:03:00+02:00;44877;87;5;45;freeFlow;1
2025-07-02T15:03:00+02:00;44878;65;14;54;freeFlow;2
2025-07-02T15:03:00+02:00;44880;84;18;100;freeFlow;10
2025-07-02T15:03:00+02:00;44882;77;13;100;freeFlow;9
2025-07-02T15:03:00+02:00;44884;87;15;100;freeFlow;4
2025-07-02T15:03:00+02:00;44900;76;20;100;freeFlow;4
2025-07-02T15:03:00+02:00;44902_D;44;38;35;freeFlow;1
2025-07-02T15:03:00+02:00;44902_G;50;33;0;unknown;0
2025-07-02T15:03:00+02:00;44905;87;8;45;freeFlow;1
2025-07-02T15:03:00+02:00;44920;67;3;100;freeFlow;15
2025-07-02T15:03:00+02:00;44942;44;25;100;freeFlow;5
2025-07-02T15:03:00+02:00;44948;74;14;100;freeFlow;12
2025-07-02T15:03:00+02:00;44961;33;10;100;freeFlow;3
2025-07-02T15:03:00+02:00;44962;9;28;45;congested;1
2025-07-02T15:03:00+02:00;44963;53;2;25;freeFlow;1
2025-07-02T15:03:00+02:00;44966;81;12;100;freeFlow;9
2025-07-02T15:03:00+02:00;44974;16;8;100;heavy;6
2025-07-02T15:03:00+02:00;45012_D;42;1;60;freeFlow;1
2025-07-02T15:03:00+02:00;45012_G;29;2;57;heavy;1
2025-07-02T15:03:00+02:00;45028_D;42;21;60;freeFlow;1
2025-07-02T15:03:00+02:00;45028_G;40;21;55;freeFlow;1
2025-07-02T15:03:00+02:00;45029_D;50;7;0;unknown;0
2025-07-02T15:03:00+02:00;45029_G;38;9;55;freeFlow;1
2025-07-02T15:03:00+02:00;45106_D;42;3;60;freeFlow;1
2025-07-02T15:03:00+02:00;45106_G;39;4;55;freeFlow;1
2025-07-02T15:03:00+02:00;45136_D;29;27;40;heavy;1
2025-07-02T15:03:00+02:00;45149;36;14;52;freeFlow;1
2025-07-02T15:03:00+02:00;45166;37;1;50;freeFlow;1
2025-07-02T15:03:00+02:00;45169;52;2;60;freeFlow;1
2025-07-02T15:03:00+02:00;45236_G;55;9;57;freeFlow;1
2025-07-02T15:03:00+02:00;45238;54;12;57;freeFlow;1
2025-07-02T15:03:00+02:00;45239;45;11;40;freeFlow;1
2025-07-02T15:03:00+02:00;45240;91;5;60;freeFlow;1
2025-07-02T15:03:00+02:00;45241;71;2;55;freeFlow;2
2025-07-02T15:03:00+02:00;45305;91;3;60;freeFlow;1
2025-07-02T15:03:00+02:00;45306;91;6;60;freeFlow;1
2025-07-02T15:03:00+02:00;45327;83;7;100;freeFlow;10
2025-07-02T15:03:00+02:00;45486_D;28;7;60;heavy;1
2025-07-02T15:03:00+02:00;45487_D;25;9;60;heavy;1
2025-07-02T15:03:00+02:00;45630;80;14;100;freeFlow;14
2025-07-02T15:03:00+02:00;45645_D;37;15;30;freeFlow;1
2025-07-02T15:03:00+02:00;45651;55;3;75;freeFlow;2
2025-07-02T15:03:00+02:00;45761_D;31;10;60;heavy;1
2025-07-02T15:03:00+02:00;45865_D;22;17;17;heavy;1
2025-07-02T15:03:00+02:00;46053_D;19;19;75;heavy;2
2025-07-02T15:03:00+02:00;46056_D;30;4;100;heavy;3
2025-07-02T15:03:00+02:00;46061;50;4;0;unknown;0
2025-07-02T15:03:00+02:00;46567_D;11;8;25;congested;1
2025-07-02T15:03:00+02:00;46642;50;5;0;unknown;0
2025-07-02T15:03:00+02:00;46771;89;9;100;freeFlow;10
2025-07-02T15:03:00+02:00;46821_D;27;30;75;heavy;2
2025-07-02T15:03:00+02:00;46821_G;50;16;0;unknown;0
2025-07-02T15:03:00+02:00;46923_D;39;1;75;freeFlow;2
2025-07-02T15:03:00+02:00;46923_G;30;1;0;unknown;0
2025-07-02T15:03:00+02:00;46976;50;4;0;unknown;0
2025-07-02T15:03:00+02:00;47029;6;60;92;congested;3
2025-07-02T15:03:00+02:00;47061;77;24;100;freeFlow;17
2025-07-02T15:03:00+02:00;47239;89;6;100;freeFlow;16
2025-07-02T15:03:00+02:00;47410;91;15;100;freeFlow;10
2025-07-02T15:03:00+02:00;47411;76;17;100;freeFlow;11
2025-07-02T15:03:00+02:00;47412;107;0;45;freeFlow;1
2025-07-02T15:03:00+02:00;47413;107;4;45;freeFlow;1
2025-07-02T15:03:00+02:00;47414;70;1;0;unknown;0
2025-07-02T15:03:00+02:00;47416;89;14;100;freeFlow;9
2025-07-02T15:03:00+02:00;47418;89;17;100;freeFlow;11
2025-07-02T15:03:00+02:00;47420;103;9;60;freeFlow;1
2025-07-02T15:03:00+02:00;47476;70;8;0;unknown;0
2025-07-02T15:03:00+02:00;47477;104;2;70;freeFlow;2
2025-07-02T15:03:00+02:00;47479;107;9;45;freeFlow;1
2025-07-02T15:03:00+02:00;47480;92;49;100;freeFlow;9
2025-07-02T15:03:00+02:00;47481;87;53;100;freeFlow;11
2025-07-02T15:03:00+02:00;47537_D;24;13;75;heavy;2
2025-07-02T15:03:00+02:00;47537_G;30;10;52;heavy;1
2025-07-02T15:03:00+02:00;47742_D;20;12;60;heavy;1
2025-07-02T15:03:00+02:00;48758;33;3;100;heavy;5
2025-07-02T15:03:00+02:00;48759;54;1;100;freeFlow;4
2025-07-02T15:03:00+02:00;48920_D;22;11;75;heavy;2
2025-07-02T15:03:00+02:00;48920_G;30;8;50;heavy;1
2025-07-02T15:03:00+02:00;489866_D;40;4;75;freeFlow;2
2025-07-02T15:03:00+02:00;489970;71;13;75;freeFlow;2
2025-07-02T15:03:00+02:00;489971;107;1;45;freeFlow;1
2025-07-02T15:03:00+02:00;489972;85;5;100;freeFlow;8
2025-07-02T15:03:00+02:00;490059_D;70;13;0;unknown;0
2025-07-02T15:03:00+02:00;490059_G;63;15;60;freeFlow;2
2025-07-02T15:03:00+02:00;490080_D;50;1;0;unknown;0
2025-07-02T15:03:00+02:00;490080_G;22;2;60;heavy;2
2025-07-02T15:03:00+02:00;49026;59;1;60;freeFlow;1
2025-07-02T15:03:00+02:00;49053;11;48;50;congested;1
2025-07-02T15:03:00+02:00;490823;63;12;60;freeFlow;1
2025-07-02T15:03:00+02:00;490824;20;19;52;congested;1
2025-07-02T15:03:00+02:00;490825;61;12;75;freeFlow;2
2025-07-02T15:03:00+02:00;490827;43;9;75;heavy;2
2025-07-02T15:03:00+02:00;490828_D;30;17;0;unknown;0
2025-07-02T15:03:00+02:00;490828_G;46;11;40;freeFlow;1
2025-07-02T15:03:00+02:00;491005_D;50;3;0;unknown;0
2025-07-02T15:03:00+02:00;491005_G;38;4;55;freeFlow;1
2025-07-02T15:03:00+02:00;491126_D;9;48;0;unknown;0
2025-07-02T15:03:00+02:00;491126_G;44;10;63;freeFlow;2
2025-07-02T15:03:00+02:00;491135;74;2;60;freeFlow;1
2025-07-02T15:03:00+02:00;491141;69;1;60;freeFlow;1
2025-07-02T15:03:00+02:00;491300_D;43;15;20;freeFlow;1
2025-07-02T15:03:00+02:00;491300_G;45;14;22;freeFlow;1
2025-07-02T15:03:00+02:00;491308;13;4;27;congested;1
2025-07-02T15:03:00+02:00;491320_D;60;5;45;freeFlow;1
2025-07-02T15:03:00+02:00;491320_G;27;11;25;heavy;1
2025-07-02T15:03:00+02:00;491326_D;60;9;45;freeFlow;1
2025-07-02T15:03:00+02:00;491326_G;28;19;25;heavy;1
2025-07-02T15:03:00+02:00;491329_D;6;35;17;congested;1
2025-07-02T15:03:00+02:00;491329_G;26;8;25;heavy;1
2025-07-02T15:03:00+02:00;491490;25;9;35;heavy;1
2025-07-02T15:03:00+02:00;491714_D;40;6;75;freeFlow;2
2025-07-02T15:03:00+02:00;491714_G;30;8;0;unknown;0
2025-07-02T15:03:00+02:00;491735_D;38;3;75;freeFlow;2
2025-07-02T15:03:00+02:00;491735_G;30;5;0;unknown;0
2025-07-02T15:03:00+02:00;491794_D;50;3;0;unknown;0
2025-07-02T15:03:00+02:00;491794_G;50;3;0;unknown;0
2025-07-02T15:03:00+02:00;491872;44;15;100;freeFlow;3
2025-07-02T15:03:00+02:00;491877;33;3;100;heavy;5
2025-07-02T15:03:00+02:00;491881;39;1;75;freeFlow;2
2025-07-02T15:03:00+02:00;491884;35;2;75;freeFlow;2
2025-07-02T15:03:00+02:00;491888;71;13;100;freeFlow;3
2025-07-02T15:03:00+02:00;491890;30;2;100;heavy;3
2025-07-02T15:03:00+02:00;491917;40;3;60;heavy;1
2025-07-02T15:03:00+02:00;49225_D;50;6;0;unknown;0
2025-07-02T15:03:00+02:00;49225_G;28;12;12;heavy;1
2025-07-02T15:03:00+02:00;492315_D;22;67;30;heavy;1
2025-07-02T15:03:00+02:00;492315_G;17;86;22;heavy;1
2025-07-02T15:03:00+02:00;492351_D;19;6;60;heavy;1
2025-07-02T15:03:00+02:00;492359_G;34;7;45;heavy;1
2025-07-02T15:03:00+02:00;492437;53;4;60;freeFlow;1
2025-07-02T15:03:00+02:00;492442;25;1;60;heavy;1
2025-07-02T15:03:00+02:00;492445_D;17;36;60;heavy;1
2025-07-02T15:03:00+02:00;492478;40;4;75;freeFlow;2
2025-07-02T15:03:00+02:00;492492;12;26;60;congested;1
2025-07-02T15:03:00+02:00;49315_D;21;9;100;heavy;4
2025-07-02T15:03:00+02:00;49315_G;21;9;50;heavy;1
2025-07-02T15:03:00+02:00;49943_D;50;14;0;unknown;0
2025-07-02T15:03:00+02:00;49943_G;50;14;0;unknown;0
2025-07-02T15:03:00+02:00;49947;12;15;59;congested;1
2025-07-02T15:03:00+02:00;49958_D;26;11;75;heavy;2
2025-07-02T15:03:00+02:00;49958_G;32;9;60;heavy;1
2025-07-02T15:03:00+02:00;50308_D;41;6;75;freeFlow;2
2025-07-02T15:03:00+02:00;50441;30;8;60;heavy;1
2025-07-02T15:03:00+02:00;50525;31;7;38;heavy;1
2025-07-02T15:03:00+02:00;50571;17;6;60;heavy;1
2025-07-02T15:03:00+02:00;50625;32;7;60;heavy;1
2025-07-02T15:03:00+02:00;5064_D;57;9;60;freeFlow;1
2025-07-02T15:03:00+02:00;5064_G;58;9;100;freeFlow;4
2025-07-02T15:03:00+02:00;51419;50;15;0;unknown;0
2025-07-02T15:03:00+02:00;51474_D;22;1;75;heavy;2
2025-07-02T15:03:00+02:00;51474_G;30;2;52;heavy;1
2025-07-02T15:03:00+02:00;51798;26;3;100;heavy;3
2025-07-02T15:03:00+02:00;52107_D;46;10;75;freeFlow;2
2025-07-02T15:03:00+02:00;52107_G;50;10;0;unknown;0
2025-07-02T15:03:00+02:00;52129;42;8;0;unknown;0
2025-07-02T15:03:00+02:00;52835_D;25;6;72;heavy;2
2025-07-02T15:03:00+02:00;53020_D;29;3;60;heavy;1
2025-07-02T15:03:00+02:00;53327_D;98;4;57;freeFlow;1
2025-07-02T15:03:00+02:00;53327_G;60;6;60;freeFlow;1
2025-07-02T15:03:00+02:00;53411_G;18;20;48;heavy;1
2025-07-02T15:03:00+02:00;53428;77;61;100;freeFlow;17
2025-07-02T15:03:00+02:00;53539_D;53;4;60;freeFlow;1
2025-07-02T15:03:00+02:00;53566;34;4;0;unknown;0
2025-07-02T15:03:00+02:00;53623;33;3;93;heavy;4
2025-07-02T15:03:00+02:00;53624;33;2;75;heavy;2
2025-07-02T15:03:00+02:00;53625;55;1;60;freeFlow;1
2025-07-02T15:03:00+02:00;53634_D;13;4;60;heavy;1
2025-07-02T15:03:00+02:00;53634_G;18;3;40;heavy;1
2025-07-02T15:03:00+02:00;53641_D;50;9;0;unknown;0
2025-07-02T15:03:00+02:00;53641_G;50;9;0;unknown;0
2025-07-02T15:03:00+02:00;53652;24;31;60;heavy;1
2025-07-02T15:03:00+02:00;53659;17;11;75;heavy;2
2025-07-02T15:03:00+02:00;53702;62;7;100;heavy;18
2025-07-02T15:03:00+02:00;53892;50;1;75;freeFlow;2
2025-07-02T15:03:00+02:00;53893;47;13;75;freeFlow;2
2025-07-02T15:03:00+02:00;53895;41;8;75;freeFlow;2
2025-07-02T15:03:00+02:00;53896;46;9;75;freeFlow;2
2025-07-02T15:03:00+02:00;53898;46;12;100;freeFlow;3
2025-07-02T15:03:00+02:00;53900;18;33;100;heavy;3
2025-07-02T15:03:00+02:00;53901;32;8;100;heavy;4
2025-07-02T15:03:00+02:00;53903;39;5;100;freeFlow;4
2025-07-02T15:03:00+02:00;53904;32;5;100;heavy;6
2025-07-02T15:03:00+02:00;53905;45;9;100;freeFlow;4
2025-07-02T15:03:00+02:00;53908;28;4;100;heavy;8
2025-07-02T15:03:00+02:00;53910;19;16;100;heavy;9
2025-07-02T15:03:00+02:00;53912;40;8;100;freeFlow;7
2025-07-02T15:03:00+02:00;53915;38;14;100;freeFlow;7
2025-07-02T15:03:00+02:00;53918;43;11;100;freeFlow;8
2025-07-02T15:03:00+02:00;53919;42;4;100;freeFlow;7
2025-07-02T15:03:00+02:00;53921;38;14;100;freeFlow;7
2025-07-02T15:03:00+02:00;53922;33;5;100;heavy;6
2025-07-02T15:03:00+02:00;53923;53;10;75;freeFlow;2
2025-07-02T15:03:00+02:00;53925_D;56;5;35;freeFlow;1
2025-07-02T15:03:00+02:00;53925_G;70;4;0;unknown;0
2025-07-02T15:03:00+02:00;53936;77;12;100;freeFlow;3
2025-07-02T15:03:00+02:00;53938;77;4;100;freeFlow;3
2025-07-02T15:03:00+02:00;53939;57;25;100;freeFlow;3
2025-07-02T15:03:00+02:00;53941;57;9;100;freeFlow;4
2025-07-02T15:03:00+02:00;53942;54;5;100;freeFlow;5
2025-07-02T15:03:00+02:00;53944;31;1;100;heavy;5
2025-07-02T15:03:00+02:00;53945;35;13;100;heavy;4
2025-07-02T15:03:00+02:00;53946;53;1;100;freeFlow;4
2025-07-02T15:03:00+02:00;53947;54;1;100;freeFlow;4
2025-07-02T15:03:00+02:00;53948;78;3;100;freeFlow;3
2025-07-02T15:03:00+02:00;53949;76;3;100;freeFlow;3
2025-07-02T15:03:00+02:00;53950;97;39;60;freeFlow;2
2025-07-02T15:03:00+02:00;53952_D;32;4;65;heavy;2
2025-07-02T15:03:00+02:00;53952_G;30;5;90;heavy;3
2025-07-02T15:03:00+02:00;53959;84;43;100;freeFlow;5
2025-07-02T15:03:00+02:00;53961;94;61;75;freeFlow;2
2025-07-02T15:03:00+02:00;53987;59;1;60;freeFlow;1
2025-07-02T15:03:00+02:00;53990;58;5;60;freeFlow;1
2025-07-02T15:03:00+02:00;54067;91;11;100;freeFlow;7
2025-07-02T15:03:00+02:00;54134;41;19;38;freeFlow;1
2025-07-02T15:03:00+02:00;54138;32;32;35;heavy;1
2025-07-02T15:03:00+02:00;54140;39;51;32;freeFlow;1
2025-07-02T15:03:00+02:00;54144;68;2;100;freeFlow;4
2025-07-02T15:03:00+02:00;54150;39;23;45;freeFlow;1
2025-07-02T15:03:00+02:00;54153;94;9;38;freeFlow;1
2025-07-02T15:03:00+02:00;54154;94;11;38;freeFlow;1
2025-07-02T15:03:00+02:00;54155;31;35;42;heavy;1
2025-07-02T15:03:00+02:00;54161;3;70;27;congested;1
2025-07-02T15:03:00+02:00;54187_D;30;11;0;unknown;0
2025-07-02T15:03:00+02:00;54187_G;8;42;0;unknown;0
2025-07-02T15:03:00+02:00;54189_D;30;13;0;unknown;0
2025-07-02T15:03:00+02:00;54189_G;8;49;0;unknown;0
2025-07-02T15:03:00+02:00;54191_D;30;10;0;unknown;0
2025-07-02T15:03:00+02:00;54191_G;30;9;0;unknown;0
2025-07-02T15:03:00+02:00;54197;30;25;40;heavy;1
2025-07-02T15:03:00+02:00;54198;12;18;42;congested;1
2025-07-02T15:03:00+02:00;54206;9;64;60;congested;1
2025-07-02T15:03:00+02:00;54208;39;1;60;freeFlow;1
2025-07-02T15:03:00+02:00;54212;38;43;60;freeFlow;1
2025-07-02T15:03:00+02:00;54223_D;30;2;0;unknown;0
2025-07-02T15:03:00+02:00;54223_G;39;2;35;freeFlow;1
2025-07-02T15:03:00+02:00;54227;83;11;100;freeFlow;12
2025-07-02T15:03:00+02:00;54234;38;1;100;freeFlow;3
2025-07-02T15:03:00+02:00;54239;59;1;60;freeFlow;1
2025-07-02T15:03:00+02:00;54240;25;13;50;heavy;1
2025-07-02T15:03:00+02:00;54241;52;1;60;freeFlow;1
2025-07-02T15:03:00+02:00;54243;26;22;57;heavy;1
2025-07-02T15:03:00+02:00;54297;7;119;94;congested;3
2025-07-02T15:03:00+02:00;54339;48;20;45;freeFlow;1
2025-07-02T15:03:00+02:00;54340;8;36;60;congested;1
2025-07-02T15:03:00+02:00;54358_D;49;14;60;freeFlow;1
2025-07-02T15:03:00+02:00;54358_G;41;17;60;freeFlow;1
2025-07-02T15:03:00+02:00;54363;27;17;60;heavy;1
2025-07-02T15:03:00+02:00;54365;27;10;60;heavy;1
2025-07-02T15:03:00+02:00;54367;27;15;60;heavy;1
2025-07-02T15:03:00+02:00;54368;19;5;100;heavy;3
2025-07-02T15:03:00+02:00;54369;42;29;100;freeFlow;10
2025-07-02T15:03:00+02:00;54372;13;3;17;congested;1
2025-07-02T15:03:00+02:00;54375;57;12;75;freeFlow;2
2025-07-02T15:03:00+02:00;54376;13;16;100;congested;3
2025-07-02T15:03:00+02:00;54378;31;10;100;heavy;3
2025-07-02T15:03:00+02:00;54381;34;9;100;heavy;5
2025-07-02T15:03:00+02:00;54382;38;5;100;freeFlow;5
2025-07-02T15:03:00+02:00;54383;36;23;100;freeFlow;9
2025-07-02T15:03:00+02:00;54384;75;3;100;freeFlow;5
2025-07-02T15:03:00+02:00;54385;29;9;100;heavy;3
2025-07-02T15:03:00+02:00;54386;99;1;25;freeFlow;1
2025-07-02T15:03:00+02:00;54400;26;20;57;heavy;1
2025-07-02T15:03:00+02:00;54401;38;2;57;freeFlow;1
2025-07-02T15:03:00+02:00;54406;59;44;85;freeFlow;3
2025-07-02T15:03:00+02:00;54428_D;47;12;60;freeFlow;1
2025-07-02T15:03:00+02:00;54428_G;50;12;75;freeFlow;2
2025-07-02T15:03:00+02:00;54429_D;41;16;60;freeFlow;1
2025-07-02T15:03:00+02:00;54429_G;16;43;60;heavy;1
2025-07-02T15:03:00+02:00;54438_D;94;1;38;freeFlow;1
2025-07-02T15:03:00+02:00;54438_G;49;1;17;freeFlow;1
2025-07-02T15:03:00+02:00;54440_D;94;3;38;freeFlow;1
2025-07-02T15:03:00+02:00;54440_G;49;6;17;freeFlow;1
2025-07-02T15:03:00+02:00;54444_D;94;1;38;freeFlow;1
2025-07-02T15:03:00+02:00;54444_G;50;1;0;unknown;0
2025-07-02T15:03:00+02:00;54447_D;94;6;38;freeFlow;1
2025-07-02T15:03:00+02:00;54447_G;76;7;38;freeFlow;1
2025-07-02T15:03:00+02:00;54448_D;50;3;0;unknown;0
2025-07-02T15:03:00+02:00;54448_G;22;7;0;unknown;0
2025-07-02T15:03:00+02:00;54449_D;50;10;0;unknown;0
2025-07-02T15:03:00+02:00;54449_G;50;10;0;unknown;0
2025-07-02T15:03:00+02:00;54453_D;50;3;0;unknown;0
2025-07-02T15:03:00+02:00;54453_G;50;3;0;unknown;0
2025-07-02T15:03:00+02:00;54455;50;2;0;unknown;0
2025-07-02T15:03:00+02:00;54457;50;8;0;unknown;0
2025-07-02T15:03:00+02:00;54460;50;5;0;unknown;0
2025-07-02T15:03:00+02:00;54463_D;50;6;0;unknown;0
2025-07-02T15:03:00+02:00;54463_G;50;6;0;unknown;0
2025-07-02T15:03:00+02:00;54466_D;32;23;0;unknown;0
2025-07-02T15:03:00+02:00;54466_G;50;16;0;unknown;0
2025-07-02T15:03:00+02:00;54469;38;3;55;freeFlow;1
2025-07-02T15:03:00+02:00;54471;27;16;71;heavy;2
2025-07-02T15:03:00+02:00;54472;29;14;60;heavy;1
2025-07-02T15:03:00+02:00;54473;39;1;60;freeFlow;1
2025-07-02T15:03:00+02:00;54483;50;30;57;freeFlow;1
2025-07-02T15:03:00+02:00;54489;50;1;0;unknown;0
2025-07-02T15:03:00+02:00;54490;50;4;0;unknown;0
2025-07-02T15:03:00+02:00;54492;50;3;0;unknown;0
2025-07-02T15:03:00+02:00;54505;6;131;73;congested;2
2025-07-02T15:03:00+02:00;54509;50;6;0;unknown;0
2025-07-02T15:03:00+02:00;54518;50;3;0;unknown;0
2025-07-02T15:03:00+02:00;54522;34;2;0;unknown;0
2025-07-02T15:03:00+02:00;54523;30;3;0;unknown;0
2025-07-02T15:03:00+02:00;54524;30;1;0;unknown;0
2025-07-02T15:03:00+02:00;54580_D;46;12;60;freeFlow;1
2025-07-02T15:03:00+02:00;54877;28;27;75;heavy;2
2025-07-02T15:03:00+02:00;54879;31;23;60;heavy;1
2025-07-02T15:03:00+02:00;54880_D;11;86;73;congested;2
2025-07-02T15:03:00+02:00;54880_G;22;45;100;heavy;3
2025-07-02T15:03:00+02:00;54882;23;3;75;freeFlow;2
2025-07-02T15:03:00+02:00;54883;27;2;75;freeFlow;2
2025-07-02T15:03:00+02:00;54884;23;2;57;freeFlow;1
2025-07-02T15:03:00+02:00;54885;24;1;57;freeFlow;1
2025-07-02T15:03:00+02:00;54886;22;4;60;freeFlow;1
2025-07-02T15:03:00+02:00;54887;23;3;100;freeFlow;4
2025-07-02T15:03:00+02:00;54888;21;1;75;freeFlow;2
2025-07-02T15:03:00+02:00;54889;21;2;75;freeFlow;2
2025-07-02T15:03:00+02:00;54988;32;4;100;heavy;4
2025-07-02T15:03:00+02:00;54989;52;34;75;freeFlow;2
2025-07-02T15:03:00+02:00;54990;25;4;100;heavy;3
2025-07-02T15:03:00+02:00;54991;50;34;66;freeFlow;2
2025-07-02T15:03:00+02:00;55467_D;36;18;70;freeFlow;2
2025-07-02T15:03:00+02:00;55467_G;43;14;83;freeFlow;4
2025-07-02T15:03:00+02:00;55570_D;50;3;0;unknown;0
2025-07-02T15:03:00+02:00;55570_G;50;3;0;unknown;0
2025-07-02T15:03:00+02:00;55589_D;30;8;0;unknown;0
2025-07-02T15:03:00+02:00;55589_G;4;57;10;congested;1
2025-07-02T15:03:00+02:00;55591;50;1;0;unknown;0
2025-07-02T15:03:00+02:00;55592;50;1;0;unknown;0
2025-07-02T15:03:00+02:00;55593;50;1;0;unknown;0
2025-07-02T15:03:00+02:00;55595;4;12;40;congested;1
2025-07-02T15:03:00+02:00;55596;4;8;40;congested;1
2025-07-02T15:03:00+02:00;55597;50;1;0;unknown;0
2025-07-02T15:03:00+02:00;55702;38;8;60;freeFlow;1
2025-07-02T15:03:00+02:00;55704;42;20;60;freeFlow;1
2025-07-02T15:03:00+02:00;5576_D;21;16;60;congested;2
2025-07-02T15:03:00+02:00;5576_G;36;9;75;heavy;2
2025-07-02T15:03:00+02:00;55881;20;2;100;heavy;3
2025-07-02T15:03:00+02:00;55900;15;6;100;heavy;3
2025-07-02T15:03:00+02:00;55929_D;26;16;50;heavy;1
2025-07-02T15:03:00+02:00;55929_G;30;14;50;heavy;1
2025-07-02T15:03:00+02:00;55976;27;5;60;heavy;1
2025-07-02T15:03:00+02:00;56024;31;32;100;heavy;5
2025-07-02T15:03:00+02:00;56131;50;2;0;unknown;0
2025-07-02T15:03:00+02:00;56257;28;8;25;freeFlow;1
2025-07-02T15:03:00+02:00;563566;50;3;0;unknown;0
2025-07-02T15:03:00+02:00;563571;50;6;0;unknown;0
2025-07-02T15:03:00+02:00;563844_D;22;41;60;congested;1
2025-07-02T15:03:00+02:00;563844_G;37;23;100;heavy;3
2025-07-02T15:03:00+02:00;563846;16;20;75;heavy;2
2025-07-02T15:03:00+02:00;563903_D;6;284;10;congested;1
2025-07-02T15:03:00+02:00;563903_G;50;34;0;unknown;0
2025-07-02T15:03:00+02:00;564067_D;67;19;100;freeFlow;4
2025-07-02T15:03:00+02:00;564067_G;64;20;100;freeFlow;3
2025-07-02T15:03:00+02:00;564195_D;35;13;100;freeFlow;4
2025-07-02T15:03:00+02:00;564195_G;12;39;97;congested;3
2025-07-02T15:03:00+02:00;56441;24;10;75;heavy;2
2025-07-02T15:03:00+02:00;5651;28;2;75;heavy;3
2025-07-02T15:03:00+02:00;5652;42;1;100;freeFlow;5
2025-07-02T15:03:00+02:00;565232;30;4;0;unknown;0
2025-07-02T15:03:00+02:00;5653;39;1;48;freeFlow;2
2025-07-02T15:03:00+02:00;565374;32;65;73;heavy;2
2025-07-02T15:03:00+02:00;565376;21;98;75;heavy;2
2025-07-02T15:03:00+02:00;565393;81;59;61;freeFlow;2
2025-07-02T15:03:00+02:00;5654;51;1;100;freeFlow;4
2025-07-02T15:03:00+02:00;565682_D;41;23;75;heavy;2
2025-07-02T15:03:00+02:00;565682_G;46;20;100;heavy;5
2025-07-02T15:03:00+02:00;565731_D;30;3;0;unknown;0
2025-07-02T15:03:00+02:00;565731_G;48;2;38;freeFlow;1
2025-07-02T15:03:00+02:00;565732;52;1;75;freeFlow;2
2025-07-02T15:03:00+02:00;56584;17;14;60;heavy;1
2025-07-02T15:03:00+02:00;565854;48;21;75;heavy;2
2025-07-02T15:03:00+02:00;566176_D;62;18;56;freeFlow;2
2025-07-02T15:03:00+02:00;566176_G;56;20;56;freeFlow;2
2025-07-02T15:03:00+02:00;56619_D;41;10;35;freeFlow;1
2025-07-02T15:03:00+02:00;56619_G;26;16;55;heavy;1
2025-07-02T15:03:00+02:00;566287_D;32;15;32;freeFlow;1
2025-07-02T15:03:00+02:00;566287_G;36;14;40;freeFlow;1
2025-07-02T15:03:00+02:00;566302_D;35;1;35;freeFlow;1
2025-07-02T15:03:00+02:00;566302_G;93;0;35;freeFlow;1
2025-07-02T15:03:00+02:00;566303_D;45;17;35;freeFlow;1
2025-07-02T15:03:00+02:00;566303_G;42;17;60;freeFlow;1
2025-07-02T15:03:00+02:00;5663_D;45;58;100;heavy;4
2025-07-02T15:03:00+02:00;5663_G;59;44;50;freeFlow;2
2025-07-02T15:03:00+02:00;566407_D;30;3;0;unknown;0
2025-07-02T15:03:00+02:00;566407_G;8;9;0;unknown;0
2025-07-02T15:03:00+02:00;566417_D;30;5;0;unknown;0
2025-07-02T15:03:00+02:00;566417_G;8;17;0;unknown;0
2025-07-02T15:03:00+02:00;566419;4;10;40;congested;1
2025-07-02T15:03:00+02:00;566481;67;1;12;freeFlow;1
2025-07-02T15:03:00+02:00;566482;50;1;0;unknown;0
2025-07-02T15:03:00+02:00;566483;101;112;100;freeFlow;8
2025-07-02T15:03:00+02:00;566484;50;0;0;unknown;0
2025-07-02T15:03:00+02:00;5664_D;71;2;35;freeFlow;1
2025-07-02T15:03:00+02:00;5664_G;57;3;100;freeFlow;3
2025-07-02T15:03:00+02:00;566573_D;19;6;35;heavy;1
2025-07-02T15:03:00+02:00;566573_G;26;4;55;heavy;1
2025-07-02T15:03:00+02:00;566599_D;69;1;60;freeFlow;1
2025-07-02T15:03:00+02:00;566599_G;74;0;60;freeFlow;1
2025-07-02T15:03:00+02:00;566706_D;50;3;0;unknown;0
2025-07-02T15:03:00+02:00;566706_G;27;7;45;heavy;2
2025-07-02T15:03:00+02:00;56676_G;29;8;60;heavy;1
2025-07-02T15:03:00+02:00;566850;40;3;75;freeFlow;2
2025-07-02T15:03:00+02:00;566924_D;50;6;0;unknown;0
2025-07-02T15:03:00+02:00;566924_G;50;6;0;unknown;0
2025-07-02T15:03:00+02:00;566942;31;1;38;heavy;1
2025-07-02T15:03:00+02:00;56872;67;31;100;freeFlow;16
2025-07-02T15:03:00+02:00;56874;67;7;100;freeFlow;10
2025-07-02T15:03:00+02:00;56886;60;43;45;freeFlow;1
2025-07-02T15:03:00+02:00;56914;18;9;100;heavy;3
2025-07-02T15:03:00+02:00;56926;87;3;100;freeFlow;13
2025-07-02T15:03:00+02:00;57009;72;5;100;freeFlow;8
2025-07-02T15:03:00+02:00;57011;74;9;100;freeFlow;12
2025-07-02T15:03:00+02:00;57012;41;10;75;freeFlow;2
2025-07-02T15:03:00+02:00;57082_D;30;9;0;unknown;0
2025-07-02T15:03:00+02:00;57360_D;30;5;0;unknown;0
2025-07-02T15:03:00+02:00;57360_G;30;6;0;unknown;0
2025-07-02T15:03:00+02:00;57362_D;30;4;0;unknown;0
2025-07-02T15:03:00+02:00;57362_G;30;3;0;unknown;0
2025-07-02T15:03:00+02:00;57368_D;31;7;60;freeFlow;1
2025-07-02T15:03:00+02:00;57368_G;30;7;0;unknown;0
2025-07-02T15:03:00+02:00;57378_D;50;3;0;unknown;0
2025-07-02T15:03:00+02:00;57378_G;50;3;0;unknown;0
2025-07-02T15:03:00+02:00;62549;28;2;100;heavy;3
2025-07-02T15:03:00+02:00;62550;29;2;100;heavy;3
2025-07-02T15:03:00+02:00;62617_D;50;9;0;unknown;0
2025-07-02T15:03:00+02:00;62617_G;50;9;0;unknown;0
2025-07-02T15:03:00+02:00;62948_D;17;10;17;heavy;1
2025-07-02T15:03:00+02:00;62948_G;26;6;25;freeFlow;1
2025-07-02T15:03:00+02:00;63039;36;4;100;freeFlow;6
2025-07-02T15:03:00+02:00;63203_D;33;24;60;freeFlow;1
2025-07-02T15:03:00+02:00;63203_G;30;26;0;unknown;0
2025-07-02T15:03:00+02:00;63308;59;1;60;freeFlow;1
2025-07-02T15:03:00+02:00;63895_D;30;5;0;unknown;0
2025-07-02T15:03:00+02:00;63895_G;103;1;17;freeFlow;1
2025-07-02T15:03:00+02:00;63903;89;2;100;freeFlow;9
2025-07-02T15:03:00+02:00;63917;78;1;75;freeFlow;2
2025-07-02T15:03:00+02:00;63954_D;69;3;60;freeFlow;1
2025-07-02T15:03:00+02:00;63954_G;89;2;60;freeFlow;1
2025-07-02T15:03:00+02:00;63961_D;40;1;60;freeFlow;1
2025-07-02T15:03:00+02:00;63961_G;107;0;45;freeFlow;1
2025-07-02T15:03:00+02:00;63963_D;30;15;0;unknown;0
2025-07-02T15:03:00+02:00;63963_G;34;13;40;freeFlow;1
2025-07-02T15:03:00+02:00;63974;92;4;60;freeFlow;1
2025-07-02T15:03:00+02:00;64028;50;2;0;unknown;0
2025-07-02T15:03:00+02:00;64029;42;3;60;heavy;1
2025-07-02T15:03:00+02:00;64033;35;5;75;freeFlow;2
2025-07-02T15:03:00+02:00;64034;38;3;75;freeFlow;2
2025-07-02T15:03:00+02:00;64035;31;4;60;heavy;1
2025-07-02T15:03:00+02:00;64104_D;50;2;0;unknown;0
2025-07-02T15:03:00+02:00;64104_G;50;2;0;unknown;0
2025-07-02T15:03:00+02:00;6421;89;26;60;freeFlow;1
2025-07-02T15:03:00+02:00;6422;85;8;60;freeFlow;1
2025-07-02T15:03:00+02:00;6423;86;16;100;freeFlow;4
2025-07-02T15:03:00+02:00;6424;92;33;100;freeFlow;7
2025-07-02T15:03:00+02:00;64792_D;39;17;35;freeFlow;1
2025-07-02T15:03:00+02:00;64792_G;41;17;60;freeFlow;1
2025-07-02T15:03:00+02:00;64862_D;50;10;0;unknown;0
2025-07-02T15:03:00+02:00;64862_G;28;18;20;heavy;1
2025-07-02T15:03:00+02:00;65281;31;3;60;heavy;1
2025-07-02T15:03:00+02:00;65283;24;5;60;heavy;1
2025-07-02T15:03:00+02:00;65293;21;9;55;heavy;2
2025-07-02T15:03:00+02:00;65961_D;48;28;60;freeFlow;1
2025-07-02T15:03:00+02:00;65961_G;41;33;60;freeFlow;1
2025-07-02T15:03:00+02:00;65966_D;32;1;35;heavy;1
2025-07-02T15:03:00+02:00;65966_G;24;2;60;heavy;1
2025-07-02T15:03:00+02:00;66020;71;0;100;freeFlow;6
2025-07-02T15:03:00+02:00;6615_D;48;12;100;heavy;4
2025-07-02T15:03:00+02:00;6615_G;52;11;100;heavy;3
2025-07-02T15:03:00+02:00;6616;42;2;100;heavy;4
2025-07-02T15:03:00+02:00;6619;32;4;100;heavy;5
2025-07-02T15:03:00+02:00;6620;37;7;100;heavy;8
2025-07-02T15:03:00+02:00;6621;38;3;100;heavy;4
2025-07-02T15:03:00+02:00;6622;45;2;100;heavy;4
2025-07-02T15:03:00+02:00;6623;47;1;75;heavy;2
2025-07-02T15:03:00+02:00;6628_D;57;15;60;freeFlow;1
2025-07-02T15:03:00+02:00;6628_G;60;14;22;freeFlow;1
2025-07-02T15:03:00+02:00;6629_D;52;19;60;freeFlow;1
2025-07-02T15:03:00+02:00;6629_G;60;16;22;freeFlow;1
2025-07-02T15:03:00+02:00;6643;43;15;75;heavy;2
2025-07-02T15:03:00+02:00;6644;56;12;75;freeFlow;2
2025-07-02T15:03:00+02:00;6645;52;2;75;freeFlow;2
2025-07-02T15:03:00+02:00;6646;57;1;75;freeFlow;2
2025-07-02T15:03:00+02:00;6647;57;0;75;freeFlow;2
2025-07-02T15:03:00+02:00;6648;40;2;75;freeFlow;2
2025-07-02T15:03:00+02:00;6649;42;2;75;freeFlow;2
2025-07-02T15:03:00+02:00;6650;40;4;75;freeFlow;2
2025-07-02T15:03:00+02:00;6651;64;3;100;freeFlow;3
2025-07-02T15:03:00+02:00;6669_D;39;129;57;heavy;2
2025-07-02T15:03:00+02:00;6669_G;61;81;100;freeFlow;4
2025-07-02T15:03:00+02:00;67069;44;4;25;freeFlow;1
2025-07-02T15:03:00+02:00;67223_D;48;1;60;freeFlow;1
2025-07-02T15:03:00+02:00;67223_G;107;1;45;freeFlow;1
2025-07-02T15:03:00+02:00;67229_D;28;15;100;freeFlow;3
2025-07-02T15:03:00+02:00;67229_G;52;8;48;freeFlow;1
2025-07-02T15:03:00+02:00;6723;89;9;60;freeFlow;1
2025-07-02T15:03:00+02:00;67324_D;74;13;55;freeFlow;1
2025-07-02T15:03:00+02:00;67324_G;53;18;60;heavy;1
2025-07-02T15:03:00+02:00;67330;20;3;45;heavy;1
2025-07-02T15:03:00+02:00;67332;33;2;60;freeFlow;1
2025-07-02T15:03:00+02:00;67334;30;1;0;unknown;0
2025-07-02T15:03:00+02:00;67340;18;3;60;heavy;1
2025-07-02T15:03:00+02:00;67341;25;12;60;freeFlow;1
2025-07-02T15:03:00+02:00;67344;32;6;60;freeFlow;1
2025-07-02T15:03:00+02:00;67352_D;30;13;0;unknown;0
2025-07-02T15:03:00+02:00;67352_G;32;11;60;freeFlow;1
2025-07-02T15:03:00+02:00;67380_D;15;55;46;congested;2
2025-07-02T15:03:00+02:00;67380_G;19;44;43;heavy;2
2025-07-02T15:03:00+02:00;67385;39;3;40;freeFlow;2
2025-07-02T15:03:00+02:00;67389_D;37;2;25;freeFlow;1
2025-07-02T15:03:00+02:00;67389_G;36;2;25;freeFlow;1
2025-07-02T15:03:00+02:00;67390;29;3;48;heavy;1
2025-07-02T15:03:00+02:00;67391;29;6;48;heavy;1
2025-07-02T15:03:00+02:00;67392;31;5;54;heavy;2
2025-07-02T15:03:00+02:00;67511_D;31;4;20;freeFlow;1
2025-07-02T15:03:00+02:00;67511_G;30;4;0;unknown;0
2025-07-02T15:03:00+02:00;67514_D;31;6;20;freeFlow;1
2025-07-02T15:03:00+02:00;67514_G;29;6;60;freeFlow;1
2025-07-02T15:03:00+02:00;67611;32;6;57;freeFlow;1
2025-07-02T15:03:00+02:00;67816;30;1;0;unknown;0
2025-07-02T15:03:00+02:00;67819_D;30;1;0;unknown;0
2025-07-02T15:03:00+02:00;67819_G;34;1;40;freeFlow;1
2025-07-02T15:03:00+02:00;67820;30;1;0;unknown;0
2025-07-02T15:03:00+02:00;67821;34;2;40;freeFlow;1
2025-07-02T15:03:00+02:00;67823;30;8;0;unknown;0
2025-07-02T15:03:00+02:00;67824;34;14;22;heavy;1
2025-07-02T15:03:00+02:00;67829;27;19;60;heavy;1
2025-07-02T15:03:00+02:00;67892_D;10;26;43;congested;2
2025-07-02T15:03:00+02:00;67892_G;32;8;43;heavy;2
2025-07-02T15:03:00+02:00;68069;34;12;0;unknown;0
2025-07-02T15:03:00+02:00;68070;34;1;0;unknown;0
2025-07-02T15:03:00+02:00;68815;17;6;50;heavy;1
2025-07-02T15:03:00+02:00;69060;30;3;0;unknown;0
2025-07-02T15:03:00+02:00;69061;30;4;0;unknown;0
2025-07-02T15:03:00+02:00;69062;30;2;0;unknown;0
2025-07-02T15:03:00+02:00;69063;30;1;0;unknown;0
2025-07-02T15:03:00+02:00;69064_D;30;1;0;unknown;0
2025-07-02T15:03:00+02:00;69064_G;30;1;0;unknown;0
2025-07-02T15:03:00+02:00;69270_D;50;2;0;unknown;0
2025-07-02T15:03:00+02:00;69270_G;20;4;15;heavy;1
2025-07-02T15:03:00+02:00;69277;30;3;0;unknown;0
2025-07-02T15:03:00+02:00;69464;30;1;0;unknown;0
2025-07-02T15:03:00+02:00;69467;30;2;0;unknown;0
2025-07-02T15:03:00+02:00;69493;24;26;71;heavy;2
2025-07-02T15:03:00+02:00;69495;22;18;60;heavy;1
2025-07-02T15:03:00+02:00;69591;35;8;40;heavy;1
2025-07-02T15:03:00+02:00;69673;24;15;75;heavy;2
2025-07-02T15:03:00+02:00;69878;33;25;100;heavy;7
2025-07-02T15:03:00+02:00;71197_D;27;43;48;heavy;1
2025-07-02T15:03:00+02:00;71197_G;75;15;100;freeFlow;4
2025-07-02T15:03:00+02:00;71455_D;50;3;0;unknown;0
2025-07-02T15:03:00+02:00;71492_D;24;7;100;heavy;4
2025-07-02T15:03:00+02:00;71492_G;14;13;70;congested;2
2025-07-02T15:03:00+02:00;71493_D;75;4;60;freeFlow;1
2025-07-02T15:03:00+02:00;71493_G;29;11;75;heavy;2
2025-07-02T15:03:00+02:00;71494;32;5;100;heavy;5
2025-07-02T15:03:00+02:00;71496;28;9;75;heavy;2
2025-07-02T15:03:00+02:00;71497;36;2;60;freeFlow;1
2025-07-02T15:03:00+02:00;71504_D;35;1;100;freeFlow;5
2025-07-02T15:03:00+02:00;71504_G;31;1;75;heavy;2
2025-07-02T15:03:00+02:00;71508_D;25;19;100;heavy;4
2025-07-02T15:03:00+02:00;71508_G;31;15;55;heavy;1
2025-07-02T15:03:00+02:00;71509_D;75;13;60;freeFlow;1
2025-07-02T15:03:00+02:00;71509_G;44;23;75;freeFlow;2
2025-07-02T15:03:00+02:00;71554_D;9;26;20;congested;1
2025-07-02T15:03:00+02:00;71554_G;31;7;22;heavy;1
2025-07-02T15:03:00+02:00;71555_D;60;2;45;freeFlow;1
2025-07-02T15:03:00+02:00;71555_G;11;10;25;congested;1
2025-07-02T15:03:00+02:00;71661;10;28;100;congested;4
2025-07-02T15:03:00+02:00;71668;62;10;56;heavy;2
2025-07-02T15:03:00+02:00;72425;93;13;100;freeFlow;3
2025-07-02T15:03:00+02:00;72487_D;91;27;48;freeFlow;1
2025-07-02T15:03:00+02:00;72842_D;50;22;0;unknown;0
2025-07-02T15:03:00+02:00;72842_G;50;22;0;unknown;0
2025-07-02T15:03:00+02:00;72940_D;21;57;42;heavy;1
2025-07-02T15:03:00+02:00;72940_G;44;27;60;freeFlow;1
2025-07-02T15:03:00+02:00;73636;10;16;27;congested;1
2025-07-02T15:03:00+02:00;74067;43;2;60;heavy;1
2025-07-02T15:03:00+02:00;74454;34;1;75;heavy;2
2025-07-02T15:03:00+02:00;74457_D;46;22;75;heavy;2
2025-07-02T15:03:00+02:00;74457_G;36;28;100;heavy;5
2025-07-02T15:03:00+02:00;74459;34;1;75;heavy;2
2025-07-02T15:03:00+02:00;74460;25;1;100;heavy;5
2025-07-02T15:03:00+02:00;74461;32;1;100;heavy;5
2025-07-02T15:03:00+02:00;74688_D;50;18;0;unknown;0
2025-07-02T15:03:00+02:00;74688_G;62;15;45;freeFlow;1
2025-07-02T15:03:00+02:00;74748_D;66;4;45;freeFlow;1
2025-07-02T15:03:00+02:00;74748_G;42;7;35;heavy;1
2025-07-02T15:03:00+02:00;75340;50;1;0;unknown;0
2025-07-02T15:03:00+02:00;75343_D;30;12;0;unknown;0
2025-07-02T15:03:00+02:00;75343_G;30;12;0;unknown;0
2025-07-02T15:03:00+02:00;75344;38;2;0;unknown;0
2025-07-02T15:03:00+02:00;75346;38;2;0;unknown;0
2025-07-02T15:03:00+02:00;75347_D;50;1;0;unknown;0
2025-07-02T15:03:00+02:00;75347_G;38;2;0;unknown;0
2025-07-02T15:03:00+02:00;75348;50;1;0;unknown;0
2025-07-02T15:03:00+02:00;75353;50;1;0;unknown;0
2025-07-02T15:03:00+02:00;75356_D;22;23;0;unknown;0
2025-07-02T15:03:00+02:00;75356_G;50;10;0;unknown;0
2025-07-02T15:03:00+02:00;75358;50;1;0;unknown;0
2025-07-02T15:03:00+02:00;75359;33;2;0;unknown;0
2025-07-02T15:03:00+02:00;75385;19;3;60;heavy;1
2025-07-02T15:03:00+02:00;75533_D;70;0;55;freeFlow;1
2025-07-02T15:03:00+02:00;75533_G;70;0;0;unknown;0
2025-07-02T15:03:00+02:00;75630;67;23;60;freeFlow;1
2025-07-02T15:03:00+02:00;75810;57;13;75;freeFlow;2
2025-07-02T15:03:00+02:00;75811;83;5;100;freeFlow;3
2025-07-02T15:03:00+02:00;75812;80;5;100;freeFlow;13
2025-07-02T15:03:00+02:00;75813;69;3;100;freeFlow;10
2025-07-02T15:03:00+02:00;75814;77;3;100;freeFlow;13
2025-07-02T15:03:00+02:00;75815;75;18;100;freeFlow;10
2025-07-02T15:03:00+02:00;75816;37;6;100;freeFlow;3
2025-07-02T15:03:00+02:00;75819_D;53;3;60;freeFlow;1
2025-07-02T15:03:00+02:00;75819_G;58;4;100;freeFlow;3
2025-07-02T15:03:00+02:00;75821;78;4;100;freeFlow;7
2025-07-02T15:03:00+02:00;75823;71;6;100;freeFlow;7
2025-07-02T15:03:00+02:00;75841;40;9;75;freeFlow;2
2025-07-02T15:03:00+02:00;75842;44;9;40;freeFlow;1
2025-07-02T15:03:00+02:00;75855;50;2;75;freeFlow;2
2025-07-02T15:03:00+02:00;75858;59;1;52;freeFlow;1
2025-07-02T15:03:00+02:00;75859;59;3;52;freeFlow;1
2025-07-02T15:03:00+02:00;75860;43;4;100;heavy;3
2025-07-02T15:03:00+02:00;75861;46;2;100;heavy;3
2025-07-02T15:03:00+02:00;75862;70;2;0;unknown;0
2025-07-02T15:03:00+02:00;75863;70;1;0;unknown;0
2025-07-02T15:03:00+02:00;75864;107;1;45;freeFlow;1
2025-07-02T15:03:00+02:00;75865;107;1;45;freeFlow;1
2025-07-02T15:03:00+02:00;75866;87;10;100;freeFlow;7
2025-07-02T15:03:00+02:00;75867;84;14;100;freeFlow;7
2025-07-02T15:03:00+02:00;75869;83;63;100;freeFlow;12
2025-07-02T15:03:00+02:00;75873_D;35;16;40;freeFlow;1
2025-07-02T15:03:00+02:00;75873_G;52;9;57;freeFlow;1
2025-07-02T15:03:00+02:00;75874_D;44;9;40;freeFlow;1
2025-07-02T15:03:00+02:00;75874_G;52;8;57;freeFlow;1
2025-07-02T15:03:00+02:00;75875;87;3;45;freeFlow;1
2025-07-02T15:03:00+02:00;75876;87;5;45;freeFlow;1
2025-07-02T15:03:00+02:00;75877;49;18;55;freeFlow;1
2025-07-02T15:03:00+02:00;75878;60;13;75;freeFlow;2
2025-07-02T15:03:00+02:00;75879;84;3;100;freeFlow;3
2025-07-02T15:03:00+02:00;75880;43;20;100;freeFlow;3
2025-07-02T15:03:00+02:00;75882;87;11;45;freeFlow;1
2025-07-02T15:03:00+02:00;75883;70;5;100;freeFlow;15
2025-07-02T15:03:00+02:00;75884;73;6;100;freeFlow;7
2025-07-02T15:03:00+02:00;75885;74;3;100;freeFlow;16
2025-07-02T15:03:00+02:00;75886;80;8;100;freeFlow;7
2025-07-02T15:03:00+02:00;75911;42;7;45;freeFlow;1
2025-07-02T15:03:00+02:00;75912;94;3;38;freeFlow;1
2025-07-02T15:03:00+02:00;76094;35;16;35;freeFlow;1
2025-07-02T15:03:00+02:00;7864_D;67;54;100;freeFlow;5
2025-07-02T15:03:00+02:00;7864_G;67;54;100;freeFlow;6
2025-07-02T15:03:00+02:00;790_D;61;13;100;freeFlow;3
2025-07-02T15:03:00+02:00;790_G;45;18;54;heavy;2
2025-07-02T15:03:00+02:00;791_D;47;19;100;heavy;4
2025-07-02T15:03:00+02:00;791_G;38;23;25;heavy;1
2025-07-02T15:03:00+02:00;7936;85;9;60;freeFlow;1
2025-07-02T15:03:00+02:00;7937;85;26;60;freeFlow;1
2025-07-02T15:03:00+02:00;7938;86;35;100;freeFlow;4
2025-07-02T15:03:00+02:00;7995_D;68;16;100;freeFlow;4
2025-07-02T15:03:00+02:00;7995_G;68;14;100;freeFlow;3
2025-07-02T15:03:00+02:00;862_D;58;19;60;freeFlow;1
2025-07-02T15:03:00+02:00;862_G;66;17;100;freeFlow;4
2025-07-02T15:03:00+02:00;863_D;60;12;60;freeFlow;1
2025-07-02T15:03:00+02:00;863_G;64;11;100;freeFlow;4
2025-07-02T15:03:00+02:00;8745;30;7;100;heavy;3
2025-07-02T15:03:00+02:00;8962;101;22;100;freeFlow;6
2025-07-02T15:03:00+02:00;8963_D;49;9;60;heavy;1
2025-07-02T15:03:00+02:00;8963_G;59;7;100;freeFlow;3
2025-07-02T15:03:00+02:00;8966;101;12;100;freeFlow;6
2025-07-02T15:03:00+02:00;8969;88;15;100;freeFlow;9
2025-07-02T15:03:00+02:00;8970;92;17;100;freeFlow;10
2025-07-02T15:03:00+02:00;8971;84;24;100;freeFlow;10
2025-07-02T15:03:00+02:00;8974_D;43;5;100;heavy;4
2025-07-02T15:03:00+02:00;8974_G;54;4;75;freeFlow;2
2025-07-02T15:03:00+02:00;8976_D;30;11;100;heavy;4
2025-07-02T15:03:00+02:00;8976_G;51;7;75;freeFlow;2
2025-07-02T15:03:00+02:00;8977_D;53;6;100;freeFlow;4
2025-07-02T15:03:00+02:00;8977_G;49;6;60;heavy;1
2025-07-02T15:03:00+02:00;8978;97;14;100;freeFlow;6
2025-07-02T15:03:00+02:00;9040;54;16;60;heavy;1
2025-07-02T15:03:00+02:00;9041;34;5;100;heavy;4
2025-07-02T15:03:00+02:00;9042;42;2;100;freeFlow;4
2025-07-02T15:03:00+02:00;9043;41;4;100;freeFlow;4
2025-07-02T15:03:00+02:00;9044;38;4;100;freeFlow;4
2025-07-02T15:03:00+02:00;9045;50;2;0;unknown;0
2025-07-02T15:03:00+02:00;9046;22;4;100;heavy;4
2025-07-02T15:03:00+02:00;9047;41;2;100;freeFlow;4
2025-07-02T15:03:00+02:00;9048;53;10;100;heavy;4
2025-07-02T15:03:00+02:00;9049;27;6;100;heavy;5
2025-07-02T15:03:00+02:00;9050;34;2;100;heavy;5
2025-07-02T15:03:00+02:00;9051;51;3;100;freeFlow;3
2025-07-02T15:03:00+02:00;9052;35;2;60;heavy;1
2025-07-02T15:03:00+02:00;9053;53;2;75;freeFlow;2
2025-07-02T15:03:00+02:00;9054;39;15;100;freeFlow;4
2025-07-02T15:03:00+02:00;9055;32;19;60;heavy;1
2025-07-02T15:03:00+02:00;9057_D;74;7;100;freeFlow;3
2025-07-02T15:03:00+02:00;9057_G;69;8;100;freeFlow;3
2025-07-02T15:03:00+02:00;9058_D;77;18;100;freeFlow;3
2025-07-02T15:03:00+02:00;9058_G;52;26;100;heavy;3
2025-07-02T15:03:00+02:00;9059_D;52;12;60;heavy;1
2025-07-02T15:03:00+02:00;9059_G;46;13;100;heavy;3
2025-07-02T15:03:00+02:00;9060;25;8;96;heavy;3
2025-07-02T15:03:00+02:00;9061;21;7;60;congested;1
2025-07-02T15:03:00+02:00;9062;27;6;75;heavy;2
2025-07-02T15:03:00+02:00;9063;17;7;98;congested;3
2025-07-02T15:03:00+02:00;9068_D;57;31;60;freeFlow;1
2025-07-02T15:03:00+02:00;9068_G;39;47;100;heavy;3
2025-07-02T15:03:00+02:00;9070_D;69;30;100;freeFlow;5
2025-07-02T15:03:00+02:00;9070_G;68;30;100;freeFlow;6
2025-07-02T15:03:00+02:00;9073;59;7;100;heavy;18
2025-07-02T15:03:00+02:00;9074;87;10;100;freeFlow;16
2025-07-02T15:03:00+02:00;9082_D;70;3;75;freeFlow;2
2025-07-02T15:03:00+02:00;9082_G;77;3;100;freeFlow;5
2025-07-02T15:03:00+02:00;9090_D;48;28;100;heavy;3
2025-07-02T15:03:00+02:00;9090_G;57;24;100;freeFlow;4
2025-07-02T15:03:00+02:00;9103;20;70;75;congested;2
2025-07-02T15:03:00+02:00;9108;16;77;75;congested;2
2025-07-02T15:03:00+02:00;9114;26;4;71;heavy;2
2025-07-02T15:03:00+02:00;9115;41;36;60;heavy;1
2025-07-02T15:03:00+02:00;9116;81;2;40;freeFlow;1
2025-07-02T15:03:00+02:00;9117;37;14;67;heavy;2
2025-07-02T15:03:00+02:00;9133;60;32;100;heavy;3
2025-07-02T15:03:00+02:00;9134;52;28;75;heavy;2
2025-07-02T15:03:00+02:00;9177;67;29;75;freeFlow;2
2025-07-02T15:03:00+02:00;9190;44;8;60;heavy;1
2025-07-02T15:03:00+02:00;9199;43;1;60;heavy;1
2025-07-02T15:03:00+02:00;9200;75;2;60;freeFlow;1
2025-07-02T15:03:00+02:00;9201;37;2;75;heavy;2
2025-07-02T15:03:00+02:00;9202;46;3;100;heavy;3
2025-07-02T15:03:00+02:00;9203;40;3;100;heavy;3
2025-07-02T15:03:00+02:00;9204;35;3;100;heavy;3
2025-07-02T15:03:00+02:00;9213;50;56;80;freeFlow;3
2025-07-02T15:03:00+02:00;9214_D;70;1;0;unknown;0
2025-07-02T15:03:00+02:00;9214_G;35;2;50;heavy;1
2025-07-02T15:03:00+02:00;9215;71;39;100;freeFlow;3
2025-07-02T15:03:00+02:00;9279;84;25;100;freeFlow;10
2025-07-02T15:03:00+02:00;9280;81;30;100;freeFlow;11
2025-07-02T15:03:00+02:00;9343_D;100;12;42;freeFlow;1
2025-07-02T15:03:00+02:00;9343_G;80;15;0;unknown;0
2025-07-02T15:03:00+02:00;9344_D;89;7;42;freeFlow;1
2025-07-02T15:03:00+02:00;9344_G;30;20;0;unknown;0
2025-07-02T15:03:00+02:00;9345_D;65;13;45;freeFlow;1
2025-07-02T15:03:00+02:00;9345_G;30;28;0;unknown;0
2025-07-02T15:03:00+02:00;9346_D;45;10;45;freeFlow;1
2025-07-02T15:03:00+02:00;9346_G;30;15;0;unknown;0
2025-07-02T15:03:00+02:00;9348_D;45;4;45;freeFlow;1
2025-07-02T15:03:00+02:00;9348_G;30;8;0;unknown;0
2025-07-02T15:03:00+02:00;9351_D;91;13;48;freeFlow;1
2025-07-02T15:03:00+02:00;9351_G;80;14;0;unknown;0
2025-07-02T15:03:00+02:00;9370_D;97;9;42;freeFlow;1
2025-07-02T15:03:00+02:00;9370_G;80;11;0;unknown;0
2025-07-02T15:03:00+02:00;9371_D;89;7;42;freeFlow;1
2025-07-02T15:03:00+02:00;9371_G;80;8;0;unknown;0
2025-07-02T15:03:00+02:00;9378;64;18;100;freeFlow;18
2025-07-02T15:03:00+02:00;9379;85;13;100;freeFlow;17
2025-07-02T15:03:00+02:00;9414_D;36;7;40;freeFlow;1
2025-07-02T15:03:00+02:00;9414_G;46;6;55;freeFlow;1
2025-07-02T15:03:00+02:00;9416_D;36;6;40;freeFlow;1
2025-07-02T15:03:00+02:00;9416_G;46;5;55;freeFlow;1
2025-07-02T15:03:00+02:00;9418_D;36;10;40;freeFlow;1
2025-07-02T15:03:00+02:00;9418_G;45;8;55;freeFlow;1
2025-07-02T15:03:00+02:00;9421;65;2;40;freeFlow;1
2025-07-02T15:03:00+02:00;9422;31;3;40;freeFlow;1
2025-07-02T15:03:00+02:00;9423;47;2;52;freeFlow;1
2025-07-02T15:03:00+02:00;9424;46;4;55;freeFlow;1
2025-07-02T15:03:00+02:00;9425_D;29;5;40;freeFlow;1
2025-07-02T15:03:00+02:00;9425_G;44;3;55;freeFlow;1
2025-07-02T15:03:00+02:00;9427_D;65;5;40;freeFlow;1
2025-07-02T15:03:00+02:00;9427_G;80;4;0;unknown;0
2025-07-02T15:03:00+02:00;9434_D;65;12;40;freeFlow;1
2025-07-02T15:03:00+02:00;9434_G;80;10;0;unknown;0
2025-07-02T15:03:00+02:00;9435_D;91;11;42;freeFlow;1
2025-07-02T15:03:00+02:00;9435_G;80;13;0;unknown;0
2025-07-02T15:03:00+02:00;9437_D;98;12;42;freeFlow;1
2025-07-02T15:03:00+02:00;9437_G;80;14;0;unknown;0
2025-07-02T15:03:00+02:00;9588_D;61;10;75;freeFlow;2
2025-07-02T15:03:00+02:00;9588_G;71;8;100;freeFlow;5
2025-07-02T15:03:00+02:00;9625_D;58;6;75;freeFlow;2
2025-07-02T15:03:00+02:00;9625_G;69;5;100;freeFlow;5
2025-07-02T15:03:00+02:00;9739;31;4;100;heavy;5
2025-07-02T15:03:00+02:00;9740;31;2;75;heavy;2
2025-07-02T15:03:00+02:00;9741;31;2;100;heavy;3
2025-07-02T15:03:00+02:00;9742;26;5;100;heavy;3
2025-07-02T15:03:00+02:00;9745_D;21;6;75;congested;2
2025-07-02T15:03:00+02:00;9745_G;32;9;100;heavy;4
2025-07-02T15:03:00+02:00;9757_D;20;6;100;congested;3
2025-07-02T15:03:00+02:00;9757_G;11;10;100;congested;4
2025-07-02T15:03:00+02:00;9758_D;40;8;75;heavy;2
2025-07-02T15:03:00+02:00;9758_G;21;15;100;congested;4
2025-07-02T15:03:00+02:00;9834_D;61;32;100;freeFlow;3
2025-07-02T15:03:00+02:00;9834_G;62;32;100;freeFlow;4
2025-07-02T15:03:00+02:00;9912;32;5;99;heavy;4
2025-07-02T15:03:00+02:00;9913;34;3;95;heavy;3
2025-07-02T15:03:00+02:00;9914;33;3;75;heavy;2
2025-07-02T15:03:00+02:00;9915;33;4;100;heavy;3
2025-07-02T15:03:00+02:00;9916;28;5;91;heavy;4
2025-07-02T15:03:00+02:00;9917_D;37;4;100;heavy;4
2025-07-02T15:03:00+02:00;9917_G;41;3;75;heavy;2
2025-07-02T15:03:00+02:00;9921_D;56;27;100;freeFlow;3
2025-07-02T15:03:00+02:00;9921_G;39;39;100;heavy;4
2025-07-02T15:03:00+02:00;1601981;30;5;75;heavy;2
2025-07-02T15:03:00+02:00;1601982;34;27;60;heavy;1
2025-07-02T15:03:00+02:00;1634;56;10;75;heavy;2
2025-07-02T15:03:00+02:00;1635;108;1;60;freeFlow;1
2025-07-02T15:03:00+02:00;1636;63;2;75;freeFlow;2
2025-07-02T15:03:00+02:00;1637;28;4;100;heavy;8
2025-07-02T15:03:00+02:00;1640;72;1;100;freeFlow;8
2025-07-02T15:03:00+02:00;1641;60;3;100;freeFlow;3
2025-07-02T15:03:00+02:00;1642;43;2;100;heavy;5
2025-07-02T15:03:00+02:00;1678329;107;6;45;freeFlow;2
2025-07-02T15:03:00+02:00;1680500_D;40;7;60;freeFlow;1
2025-07-02T15:03:00+02:00;1680500_G;55;5;100;freeFlow;4
2025-07-02T15:03:00+02:00;1680501;55;15;93;freeFlow;13
2025-07-02T15:03:00+02:00;1680580;40;11;75;freeFlow;2
2025-07-02T15:03:00+02:00;1680586;20;7;22;heavy;1
2025-07-02T15:03:00+02:00;1680594;23;1;22;heavy;1
2025-07-02T15:03:00+02:00;1680595;50;1;0;unknown;0
2025-07-02T15:03:00+02:00;1680596;23;2;22;heavy;1
2025-07-02T15:03:00+02:00;1680597;50;1;0;unknown;0
2025-07-02T15:03:00+02:00;1680604;33;2;75;heavy;2
2025-07-02T15:03:00+02:00;1747_D;29;3;100;heavy;6
2025-07-02T15:03:00+02:00;1747_G;39;2;60;freeFlow;1
2025-07-02T15:03:00+02:00;1762;36;14;60;freeFlow;1
2025-07-02T15:03:00+02:00;1763;42;13;100;freeFlow;6
2025-07-02T15:03:00+02:00;1765_D;35;12;100;freeFlow;5
2025-07-02T15:03:00+02:00;1765_G;37;11;75;freeFlow;2
2025-07-02T15:03:00+02:00;1852;73;15;100;freeFlow;10
2025-07-02T15:03:00+02:00;1857;92;23;100;freeFlow;9
2025-07-02T15:03:00+02:00;1858;70;13;100;freeFlow;9
2025-07-02T15:03:00+02:00;1859;88;11;100;freeFlow;8
2025-07-02T15:03:00+02:00;1860;19;65;45;congested;1
2025-07-02T15:03:00+02:00;1910718_D;40;3;100;freeFlow;5
2025-07-02T15:03:00+02:00;1910718_G;13;8;60;congested;1
2025-07-02T15:03:00+02:00;1910863_D;50;11;0;unknown;0
2025-07-02T15:03:00+02:00;1910863_G;29;19;22;heavy;1
2025-07-02T15:03:00+02:00;1911250;45;5;48;freeFlow;1
2025-07-02T15:03:00+02:00;35088;47;5;100;heavy;3
2025-07-02T15:03:00+02:00;35089;51;4;100;freeFlow;3
2025-07-02T15:03:00+02:00;35090;50;1;75;freeFlow;2
2025-07-02T15:03:00+02:00;35091;41;3;100;heavy;3
2025-07-02T15:03:00+02:00;35093;49;6;75;heavy;2
2025-07-02T15:03:00+02:00;35094;46;6;100;heavy;3
2025-07-02T15:03:00+02:00;35099;46;2;52;freeFlow;1
2025-07-02T15:03:00+02:00;35101;32;2;75;heavy;2
2025-07-02T15:03:00+02:00;35102;67;1;60;freeFlow;1
2025-07-02T15:03:00+02:00;35104;60;44;75;freeFlow;2
2025-07-02T15:03:00+02:00;35116;30;4;75;heavy;2
2025-07-02T15:03:00+02:00;35117;27;6;89;heavy;3
2025-07-02T15:03:00+02:00;35118;67;2;60;freeFlow;1
2025-07-02T15:03:00+02:00;35119;28;7;75;heavy;2
2025-07-02T15:03:00+02:00;35120_D;98;1;57;freeFlow;1
2025-07-02T15:03:00+02:00;35120_G;20;4;38;heavy;1
2025-07-02T15:03:00+02:00;35121_D;98;21;57;freeFlow;1
2025-07-02T15:03:00+02:00;35121_G;48;44;84;freeFlow;3
2025-07-02T15:03:00+02:00;40196;59;4;60;heavy;1
2025-07-02T15:03:00+02:00;40197;46;6;50;heavy;2
2025-07-02T15:03:00+02:00;41636_D;8;21;75;congested;3
2025-07-02T15:03:00+02:00;41636_G;50;3;0;unknown;0
2025-07-02T15:03:00+02:00;41652_G;50;5;0;unknown;0
2025-07-02T15:03:00+02:00;41653_D;43;2;48;freeFlow;2
2025-07-02T15:03:00+02:00;41653_G;50;2;0;unknown;0
2025-07-02T15:03:00+02:00;41667_D;43;3;48;freeFlow;2
2025-07-02T15:03:00+02:00;41667_G;50;3;0;unknown;0
2025-07-02T15:03:00+02:00;41668_D;27;2;45;heavy;2
2025-07-02T15:03:00+02:00;41668_G;50;1;0;unknown;0
2025-07-02T15:03:00+02:00;41721;82;13;100;freeFlow;7
2025-07-02T15:03:00+02:00;41722;72;16;100;freeFlow;10
2025-07-02T15:03:00+02:00;41758;86;15;100;freeFlow;11
2025-07-02T15:03:00+02:00;41759;79;18;100;freeFlow;9
2025-07-02T15:03:00+02:00;41760;74;18;100;freeFlow;10
2025-07-02T15:03:00+02:00;41949_D;31;8;100;heavy;4
2025-07-02T15:03:00+02:00;41949_G;31;9;75;heavy;2
2025-07-02T15:03:00+02:00;41974_D;39;6;100;freeFlow;3
2025-07-02T15:03:00+02:00;41974_G;21;11;57;heavy;1
2025-07-02T15:03:00+02:00;41975_D;36;9;100;freeFlow;4
2025-07-02T15:03:00+02:00;41975_G;43;8;70;freeFlow;2
2025-07-02T15:03:00+02:00;41985_D;22;4;83;heavy;3
2025-07-02T15:03:00+02:00;41985_G;7;11;15;congested;1
2025-07-02T15:03:00+02:00;42064_D;42;5;48;freeFlow;2
2025-07-02T15:03:00+02:00;42064_G;50;4;0;unknown;0
2025-07-02T15:03:00+02:00;420870_D;33;7;75;heavy;2
2025-07-02T15:03:00+02:00;420870_G;48;5;45;freeFlow;1
2025-07-02T15:03:00+02:00;42206_G;40;23;52;freeFlow;1
2025-07-02T15:03:00+02:00;42238_G;50;7;0;unknown;0
2025-07-02T15:03:00+02:00;42239_D;40;7;48;freeFlow;2
2025-07-02T15:03:00+02:00;42239_G;50;6;0;unknown;0
2025-07-02T15:03:00+02:00;42240_D;15;50;42;congested;1
2025-07-02T15:03:00+02:00;42240_G;50;15;0;unknown;0
2025-07-02T15:03:00+02:00;42241_D;38;18;17;freeFlow;1
2025-07-02T15:03:00+02:00;42241_G;50;14;0;unknown;0
2025-07-02T15:03:00+02:00;42242_D;41;7;57;freeFlow;1
2025-07-02T15:03:00+02:00;42242_G;50;6;0;unknown;0
2025-07-02T15:03:00+02:00;42683_D;41;8;57;freeFlow;1
2025-07-02T15:03:00+02:00;42683_G;50;6;0;unknown;0
2025-07-02T15:03:00+02:00;42714_D;40;5;100;freeFlow;4
2025-07-02T15:03:00+02:00;42714_G;9;22;59;congested;2
2025-07-02T15:03:00+02:00;42716_D;22;4;100;heavy;4
2025-07-02T15:03:00+02:00;42716_G;46;2;52;freeFlow;1
2025-07-02T15:03:00+02:00;43449_D;23;10;57;freeFlow;1
2025-07-02T15:03:00+02:00;43449_G;26;8;60;freeFlow;1
2025-07-02T15:03:00+02:00;43450_D;15;20;60;heavy;1
2025-07-02T15:03:00+02:00;43450_G;30;10;0;unknown;0
2025-07-02T15:03:00+02:00;43451_G;22;21;60;freeFlow;1
2025-07-02T15:03:00+02:00;43452_D;22;7;57;freeFlow;1
2025-07-02T15:03:00+02:00;43452_G;26;6;60;freeFlow;1
2025-07-02T15:03:00+02:00;43475_D;50;4;0;unknown;0
2025-07-02T15:03:00+02:00;43475_G;50;4;0;unknown;0
2025-07-02T15:03:00+02:00;43622_D;37;3;60;freeFlow;1
2025-07-02T15:03:00+02:00;43622_G;19;5;55;heavy;1
2025-07-02T15:03:00+02:00;43623_D;36;6;60;freeFlow;1
2025-07-02T15:03:00+02:00;43623_G;10;20;55;congested;1
2025-07-02T15:03:00+02:00;43624_D;10;23;60;congested;1
2025-07-02T15:03:00+02:00;43624_G;6;38;65;congested;2
2025-07-02T15:03:00+02:00;43625_D;34;11;60;heavy;1
2025-07-02T15:03:00+02:00;43625_G;19;20;55;heavy;1
2025-07-02T15:03:00+02:00;43657_D;19;4;55;heavy;1
2025-07-02T15:03:00+02:00;43657_G;31;3;60;heavy;1
2025-07-02T15:03:00+02:00;43659_D;30;5;55;freeFlow;1
2025-07-02T15:03:00+02:00;43659_G;26;6;60;freeFlow;1
2025-07-02T15:03:00+02:00;44039_D;50;2;0;unknown;0
2025-07-02T15:03:00+02:00;44039_G;50;2;0;unknown;0
2025-07-02T15:03:00+02:00;44040_D;50;9;0;unknown;0
2025-07-02T15:03:00+02:00;44040_G;50;9;0;unknown;0
2025-07-02T15:03:00+02:00;44041_D;50;9;0;unknown;0
2025-07-02T15:03:00+02:00;44041_G;50;9;0;unknown;0
2025-07-02T15:03:00+02:00;44042_D;50;10;0;unknown;0
2025-07-02T15:03:00+02:00;44042_G;50;9;0;unknown;0
2025-07-02T15:03:00+02:00;44071_D;30;9;0;unknown;0
2025-07-02T15:03:00+02:00;44071_G;25;12;60;freeFlow;1
2025-07-02T15:03:00+02:00;44080;32;4;60;heavy;1
2025-07-02T15:03:00+02:00;44113_D;30;10;32;heavy;1
2025-07-02T15:03:00+02:00;44113_G;9;31;52;congested;1
2025-07-02T15:03:00+02:00;44114_D;6;40;56;congested;2
2025-07-02T15:03:00+02:00;44114_G;24;10;69;heavy;2
2025-07-02T15:03:00+02:00;44115_D;13;27;65;congested;2
2025-07-02T15:03:00+02:00;44115_G;17;20;67;heavy;2
2025-07-02T15:03:00+02:00;44117_D;13;21;60;congested;1
2025-07-02T15:03:00+02:00;44117_G;27;9;60;heavy;1
2025-07-02T15:03:00+02:00;44118_D;15;14;61;congested;2
2025-07-02T15:03:00+02:00;44118_G;30;7;60;heavy;1
2025-07-02T15:03:00+02:00;44125_D;10;14;67;congested;2
2025-07-02T15:03:00+02:00;44125_G;23;6;52;heavy;1
2025-07-02T15:03:00+02:00;44127;52;6;57;freeFlow;1
2025-07-02T15:03:00+02:00;44128;52;6;57;freeFlow;1
2025-07-02T15:03:00+02:00;44170_D;16;10;60;heavy;1
2025-07-02T15:03:00+02:00;44170_G;27;7;60;heavy;1
2025-07-02T15:03:00+02:00;44713_D;36;1;75;freeFlow;2
2025-07-02T15:03:00+02:00;44713_G;29;1;32;heavy;1
2025-07-02T15:03:00+02:00;44930;85;2;60;freeFlow;1
2025-07-02T15:03:00+02:00;44931;85;8;75;freeFlow;2
2025-07-02T15:03:00+02:00;44934;82;24;100;freeFlow;7
2025-07-02T15:03:00+02:00;45486_G;31;6;48;heavy;1
2025-07-02T15:03:00+02:00;45487_G;26;10;48;heavy;1
2025-07-02T15:03:00+02:00;45488_D;30;23;60;heavy;1
2025-07-02T15:03:00+02:00;45488_G;32;21;48;heavy;1
2025-07-02T15:03:00+02:00;45489_D;31;9;60;heavy;1
2025-07-02T15:03:00+02:00;45489_G;33;8;48;heavy;1
2025-07-02T15:03:00+02:00;45490_D;28;6;75;heavy;2
2025-07-02T15:03:00+02:00;45490_G;36;4;48;freeFlow;1
2025-07-02T15:03:00+02:00;45503_D;22;6;75;heavy;2
2025-07-02T15:03:00+02:00;45503_G;26;5;60;heavy;1
2025-07-02T15:03:00+02:00;45504_D;30;5;75;heavy;2
2025-07-02T15:03:00+02:00;45504_G;34;4;60;heavy;1
2025-07-02T15:03:00+02:00;45505_D;17;19;75;heavy;2
2025-07-02T15:03:00+02:00;45505_G;34;10;60;heavy;1
2025-07-02T15:03:00+02:00;45530_D;19;3;60;heavy;1
2025-07-02T15:03:00+02:00;45530_G;30;3;60;freeFlow;1
2025-07-02T15:03:00+02:00;45531_D;32;2;65;freeFlow;2
2025-07-02T15:03:00+02:00;45531_G;31;2;60;freeFlow;1
2025-07-02T15:03:00+02:00;45532_D;27;8;61;freeFlow;2
2025-07-02T15:03:00+02:00;45532_G;28;8;60;freeFlow;1
2025-07-02T15:03:00+02:00;45565_D;24;14;38;heavy;1
2025-07-02T15:03:00+02:00;45565_G;32;10;42;heavy;1
2025-07-02T15:03:00+02:00;45566_D;24;11;38;heavy;1
2025-07-02T15:03:00+02:00;45566_G;33;8;42;heavy;1
2025-07-02T15:03:00+02:00;45567_D;9;30;57;congested;2
2025-07-02T15:03:00+02:00;45567_G;30;10;42;heavy;1
2025-07-02T15:03:00+02:00;45568_D;20;22;38;heavy;1
2025-07-02T15:03:00+02:00;45568_G;17;28;86;heavy;3
2025-07-02T15:03:00+02:00;45601_D;11;29;65;congested;2
2025-07-02T15:03:00+02:00;45601_G;36;9;45;freeFlow;1
2025-07-02T15:03:00+02:00;45613_D;28;11;60;heavy;1
2025-07-02T15:03:00+02:00;45613_G;33;10;63;heavy;2
2025-07-02T15:03:00+02:00;45614_D;25;8;75;heavy;2
2025-07-02T15:03:00+02:00;45614_G;40;6;45;freeFlow;1
2025-07-02T15:03:00+02:00;45636;50;23;100;freeFlow;4
2025-07-02T15:03:00+02:00;45637;84;13;100;freeFlow;13
2025-07-02T15:03:00+02:00;45640;12;39;59;congested;1
2025-07-02T15:03:00+02:00;45641;67;18;100;freeFlow;8
2025-07-02T15:03:00+02:00;45642;90;24;100;freeFlow;11
2025-07-02T15:03:00+02:00;45644_D;42;22;71;freeFlow;2
2025-07-02T15:03:00+02:00;45644_G;25;38;40;heavy;1
2025-07-02T15:03:00+02:00;45645_G;34;17;38;heavy;1
2025-07-02T15:03:00+02:00;45725;83;38;100;freeFlow;12
2025-07-02T15:03:00+02:00;45736_D;36;13;54;freeFlow;2
2025-07-02T15:03:00+02:00;45736_G;35;13;84;heavy;3
2025-07-02T15:03:00+02:00;45759_D;25;15;60;heavy;1
2025-07-02T15:03:00+02:00;45759_G;6;62;42;congested;1
2025-07-02T15:03:00+02:00;45760_D;28;10;60;heavy;1
2025-07-02T15:03:00+02:00;45760_G;17;17;42;heavy;1
2025-07-02T15:03:00+02:00;45761_G;33;9;40;heavy;1
2025-07-02T15:03:00+02:00;45762_D;29;9;60;heavy;1
2025-07-02T15:03:00+02:00;45762_G;33;7;40;heavy;1
2025-07-02T15:03:00+02:00;45849_D;50;2;0;unknown;0
2025-07-02T15:03:00+02:00;45849_G;15;6;22;heavy;1
2025-07-02T15:03:00+02:00;45850_D;50;2;0;unknown;0
2025-07-02T15:03:00+02:00;45850_G;29;3;22;heavy;1
2025-07-02T15:03:00+02:00;45865_G;50;7;0;unknown;0
2025-07-02T15:03:00+02:00;46027;16;3;27;heavy;1
2025-07-02T15:03:00+02:00;46028;14;48;10;congested;1
2025-07-02T15:03:00+02:00;46029;30;6;54;heavy;2
2025-07-02T15:03:00+02:00;46036_D;15;33;35;heavy;1
2025-07-02T15:03:00+02:00;46036_G;32;16;40;heavy;1
2025-07-02T15:03:00+02:00;46053_G;12;33;60;congested;1
2025-07-02T15:03:00+02:00;46054_D;30;6;75;heavy;2
2025-07-02T15:03:00+02:00;46054_G;42;4;60;freeFlow;1
2025-07-02T15:03:00+02:00;46055_D;33;8;100;heavy;3
2025-07-02T15:03:00+02:00;46055_G;47;5;60;freeFlow;1
2025-07-02T15:03:00+02:00;46056_G;49;2;60;freeFlow;1
2025-07-02T15:03:00+02:00;46057_D;35;5;100;freeFlow;4
2025-07-02T15:03:00+02:00;46057_G;46;4;60;freeFlow;1
2025-07-02T15:03:00+02:00;46058_D;45;8;100;freeFlow;4
2025-07-02T15:03:00+02:00;46058_G;54;6;60;freeFlow;1
2025-07-02T15:03:00+02:00;46059_D;39;15;100;freeFlow;4
2025-07-02T15:03:00+02:00;46059_G;48;12;71;freeFlow;2
2025-07-02T15:03:00+02:00;46079_D;43;7;100;freeFlow;4
2025-07-02T15:03:00+02:00;46079_G;48;6;60;freeFlow;1
2025-07-02T15:03:00+02:00;46080_D;45;10;75;freeFlow;2
2025-07-02T15:03:00+02:00;46080_G;3;142;60;congested;1
2025-07-02T15:03:00+02:00;46081;39;6;25;freeFlow;1
2025-07-02T15:03:00+02:00;46135;32;10;25;heavy;1
2025-07-02T15:03:00+02:00;46136;35;8;25;freeFlow;1
2025-07-02T15:03:00+02:00;46137;31;15;25;heavy;1
2025-07-02T15:03:00+02:00;46163;7;45;25;congested;1
2025-07-02T15:03:00+02:00;46228;67;15;75;freeFlow;2
2025-07-02T15:03:00+02:00;46230;82;17;100;freeFlow;8
2025-07-02T15:03:00+02:00;46251_D;26;7;75;heavy;2
2025-07-02T15:03:00+02:00;46251_G;12;15;45;congested;1
2025-07-02T15:03:00+02:00;46264;70;23;48;freeFlow;1
2025-07-02T15:03:00+02:00;46265;82;9;100;freeFlow;8
2025-07-02T15:03:00+02:00;46266;81;3;100;freeFlow;9
2025-07-02T15:03:00+02:00;46267;55;15;100;heavy;10
2025-07-02T15:03:00+02:00;46268;72;21;100;freeFlow;9
2025-07-02T15:03:00+02:00;46270_D;33;7;45;heavy;1
2025-07-02T15:03:00+02:00;46270_G;25;9;50;heavy;1
2025-07-02T15:03:00+02:00;46271_D;5;55;63;congested;2
2025-07-02T15:03:00+02:00;46271_G;40;6;50;freeFlow;1
2025-07-02T15:03:00+02:00;46374_D;21;58;12;heavy;1
2025-07-02T15:03:00+02:00;46374_G;50;25;0;unknown;0
2025-07-02T15:03:00+02:00;46375_D;21;22;12;heavy;1
2025-07-02T15:03:00+02:00;46375_G;50;10;0;unknown;0
2025-07-02T15:03:00+02:00;46376_D;29;24;15;heavy;1
2025-07-02T15:03:00+02:00;46376_G;50;14;0;unknown;0
2025-07-02T15:03:00+02:00;46377_D;11;36;22;congested;1
2025-07-02T15:03:00+02:00;46377_G;50;8;0;unknown;0
2025-07-02T15:03:00+02:00;46427_D;21;17;12;heavy;1
2025-07-02T15:03:00+02:00;46427_G;50;7;0;unknown;0
2025-07-02T15:03:00+02:00;46559_D;28;2;27;heavy;1
2025-07-02T15:03:00+02:00;46559_G;18;4;48;heavy;1
2025-07-02T15:03:00+02:00;46560_D;28;14;27;heavy;1
2025-07-02T15:03:00+02:00;46560_G;27;14;48;heavy;1
2025-07-02T15:03:00+02:00;46561_D;27;8;30;heavy;1
2025-07-02T15:03:00+02:00;46561_G;31;9;42;heavy;1
2025-07-02T15:03:00+02:00;46562_D;26;4;30;heavy;1
2025-07-02T15:03:00+02:00;46562_G;31;3;42;heavy;1
2025-07-02T15:03:00+02:00;46563_D;26;16;30;heavy;1
2025-07-02T15:03:00+02:00;46563_G;32;13;42;heavy;1
2025-07-02T15:03:00+02:00;46564_D;26;8;30;heavy;1
2025-07-02T15:03:00+02:00;46564_G;46;4;40;freeFlow;1
2025-07-02T15:03:00+02:00;46565_D;26;7;30;heavy;1
2025-07-02T15:03:00+02:00;46565_G;46;4;40;freeFlow;1
2025-07-02T15:03:00+02:00;46566_D;22;12;32;heavy;1
2025-07-02T15:03:00+02:00;46566_G;46;6;40;freeFlow;1
2025-07-02T15:03:00+02:00;46567_G;11;9;22;congested;1
2025-07-02T15:03:00+02:00;46568_D;11;6;25;congested;1
2025-07-02T15:03:00+02:00;46568_G;18;3;48;heavy;1
2025-07-02T15:03:00+02:00;46569_D;28;17;27;heavy;1
2025-07-02T15:03:00+02:00;46569_G;18;26;48;heavy;1
2025-07-02T15:03:00+02:00;46627_D;28;19;27;heavy;1
2025-07-02T15:03:00+02:00;46627_G;18;29;48;heavy;1
2025-07-02T15:03:00+02:00;46628_D;26;15;30;heavy;1
2025-07-02T15:03:00+02:00;46628_G;46;8;40;freeFlow;1
2025-07-02T15:03:00+02:00;46640;50;15;0;unknown;0
2025-07-02T15:03:00+02:00;46641;50;8;0;unknown;0
2025-07-02T15:03:00+02:00;46643;50;3;0;unknown;0
2025-07-02T15:03:00+02:00;46649;50;8;0;unknown;0
2025-07-02T15:03:00+02:00;46653_D;19;31;32;heavy;1
2025-07-02T15:03:00+02:00;46653_G;46;13;40;freeFlow;1
2025-07-02T15:03:00+02:00;46654_D;18;28;35;heavy;1
2025-07-02T15:03:00+02:00;46654_G;44;12;40;freeFlow;1
2025-07-02T15:03:00+02:00;46655_D;15;11;35;heavy;1
2025-07-02T15:03:00+02:00;46655_G;44;4;40;freeFlow;1
2025-07-02T15:03:00+02:00;46682;26;19;42;heavy;1
2025-07-02T15:03:00+02:00;46683;31;2;45;heavy;1
2025-07-02T15:03:00+02:00;46684;30;16;22;heavy;1
2025-07-02T15:03:00+02:00;46685;31;34;100;heavy;7
2025-07-02T15:03:00+02:00;46686;44;30;60;freeFlow;1
2025-07-02T15:03:00+02:00;46688;29;39;22;heavy;1
2025-07-02T15:03:00+02:00;46716;64;1;100;freeFlow;9
2025-07-02T15:03:00+02:00;46717;90;42;100;freeFlow;15
2025-07-02T15:03:00+02:00;46718;70;15;100;freeFlow;9
2025-07-02T15:03:00+02:00;46719;46;17;100;heavy;3
2025-07-02T15:03:00+02:00;46720;23;9;20;heavy;1
2025-07-02T15:03:00+02:00;46728;82;4;72;freeFlow;2
2025-07-02T15:03:00+02:00;46745_D;23;25;100;heavy;3
2025-07-02T15:03:00+02:00;46745_G;22;28;57;heavy;2
2025-07-02T15:03:00+02:00;46746_D;26;34;100;heavy;3
2025-07-02T15:03:00+02:00;46746_G;50;18;48;freeFlow;1
2025-07-02T15:03:00+02:00;46975;50;3;0;unknown;0
2025-07-02T15:03:00+02:00;47024;31;5;38;heavy;1
2025-07-02T15:03:00+02:00;47025;18;21;40;heavy;1
2025-07-02T15:03:00+02:00;47030;14;22;100;congested;3
2025-07-02T15:03:00+02:00;47057;77;11;100;freeFlow;12
2025-07-02T15:03:00+02:00;47058;69;27;100;freeFlow;17
2025-07-02T15:03:00+02:00;47059;87;15;100;freeFlow;7
2025-07-02T15:03:00+02:00;47060;92;10;100;freeFlow;10
2025-07-02T15:03:00+02:00;47062;50;17;0;unknown;0
2025-07-02T15:03:00+02:00;47064;28;3;100;heavy;6
2025-07-02T15:03:00+02:00;47066;41;3;100;freeFlow;3
2025-07-02T15:03:00+02:00;47068;27;25;60;heavy;1
2025-07-02T15:03:00+02:00;47070;39;7;100;freeFlow;4
2025-07-02T15:03:00+02:00;47071;62;14;100;freeFlow;4
2025-07-02T15:03:00+02:00;47074;112;4;100;freeFlow;8
2025-07-02T15:03:00+02:00;47075;59;4;93;heavy;3
2025-07-02T15:03:00+02:00;47078;73;33;100;freeFlow;8
2025-07-02T15:03:00+02:00;47101;45;9;75;freeFlow;2
2025-07-02T15:03:00+02:00;47107;86;6;100;freeFlow;8
2025-07-02T15:03:00+02:00;47108;71;12;100;freeFlow;4
2025-07-02T15:03:00+02:00;47109;26;3;100;heavy;7
2025-07-02T15:03:00+02:00;47110;46;16;60;heavy;1
2025-07-02T15:03:00+02:00;47111;84;21;100;freeFlow;11
2025-07-02T15:03:00+02:00;47112;17;52;100;heavy;7
2025-07-02T15:03:00+02:00;47113;115;5;60;freeFlow;1
2025-07-02T15:03:00+02:00;47114;115;12;60;freeFlow;1
2025-07-02T15:03:00+02:00;47115;36;40;100;freeFlow;5
2025-07-02T15:03:00+02:00;47238;64;9;100;freeFlow;17
2025-07-02T15:03:00+02:00;47240;85;17;100;freeFlow;17
2025-07-02T15:03:00+02:00;47241;66;15;100;freeFlow;12
2025-07-02T15:03:00+02:00;47242;49;26;100;heavy;17
2025-07-02T15:03:00+02:00;47243;46;31;100;heavy;18
2025-07-02T15:03:00+02:00;47290;15;34;23;congested;1
2025-07-02T15:03:00+02:00;47293;26;20;100;heavy;16
2025-07-02T15:03:00+02:00;47299;41;8;100;heavy;5
2025-07-02T15:03:00+02:00;47300;105;12;75;freeFlow;2
2025-07-02T15:03:00+02:00;47306;89;22;100;freeFlow;15
2025-07-02T15:03:00+02:00;47316;36;8;75;heavy;2
2025-07-02T15:03:00+02:00;47428_D;50;5;0;unknown;0
2025-07-02T15:03:00+02:00;47428_G;50;5;0;unknown;0
2025-07-02T15:03:00+02:00;48769_D;24;6;60;heavy;1
2025-07-02T15:03:00+02:00;48769_G;33;4;40;heavy;1
2025-07-02T15:03:00+02:00;48890;42;1;75;freeFlow;2
2025-07-02T15:03:00+02:00;48891;42;1;75;freeFlow;2
2025-07-02T15:03:00+02:00;48958_D;19;11;60;heavy;1
2025-07-02T15:03:00+02:00;48958_G;22;10;42;heavy;1
2025-07-02T15:03:00+02:00;489866_G;46;4;45;freeFlow;1
2025-07-02T15:03:00+02:00;49004;58;4;75;freeFlow;2
2025-07-02T15:03:00+02:00;490194_D;38;2;100;freeFlow;4
2025-07-02T15:03:00+02:00;490194_G;32;2;60;heavy;1
2025-07-02T15:03:00+02:00;49023;102;6;60;freeFlow;1
2025-07-02T15:03:00+02:00;49068;11;55;45;congested;2
2025-07-02T15:03:00+02:00;49074;40;3;60;heavy;1
2025-07-02T15:03:00+02:00;49075;27;4;60;heavy;1
2025-07-02T15:03:00+02:00;49081;108;5;60;freeFlow;1
2025-07-02T15:03:00+02:00;49084;18;24;22;heavy;1
2025-07-02T15:03:00+02:00;49137_D;50;4;0;unknown;0
2025-07-02T15:03:00+02:00;49137_G;50;4;0;unknown;0
2025-07-02T15:03:00+02:00;49184;16;7;60;heavy;1
2025-07-02T15:03:00+02:00;492351_G;32;4;45;heavy;1
2025-07-02T15:03:00+02:00;492359_D;16;17;75;heavy;2
2025-07-02T15:03:00+02:00;492363_D;50;9;0;unknown;0
2025-07-02T15:03:00+02:00;492363_G;20;23;22;heavy;1
2025-07-02T15:03:00+02:00;492435;10;42;100;congested;3
2025-07-02T15:03:00+02:00;492445_G;32;20;100;heavy;5
2025-07-02T15:03:00+02:00;492450;16;30;100;heavy;3
2025-07-02T15:03:00+02:00;492452;30;17;75;heavy;2
2025-07-02T15:03:00+02:00;492459;21;3;60;heavy;1
2025-07-02T15:03:00+02:00;492474;13;13;0;unknown;0
2025-07-02T15:03:00+02:00;492475;13;67;0;unknown;0
2025-07-02T15:03:00+02:00;492476;24;20;100;heavy;3
2025-07-02T15:03:00+02:00;492477;50;2;38;freeFlow;1
2025-07-02T15:03:00+02:00;492479;53;12;60;freeFlow;1
2025-07-02T15:03:00+02:00;492481;48;4;60;freeFlow;1
2025-07-02T15:03:00+02:00;492482;50;3;53;freeFlow;2
2025-07-02T15:03:00+02:00;492483;11;17;100;congested;3
2025-07-02T15:03:00+02:00;492485;44;1;75;freeFlow;2
2025-07-02T15:03:00+02:00;492490;88;4;75;freeFlow;2
2025-07-02T15:03:00+02:00;492495;13;3;0;unknown;0
2025-07-02T15:03:00+02:00;492498;43;10;100;freeFlow;3
2025-07-02T15:03:00+02:00;492506;11;19;60;congested;1
2025-07-02T15:03:00+02:00;492512;28;4;60;heavy;1
2025-07-02T15:03:00+02:00;492514;86;1;60;freeFlow;1
2025-07-02T15:03:00+02:00;492519;36;14;60;freeFlow;1
2025-07-02T15:03:00+02:00;492574;34;5;75;heavy;2
2025-07-02T15:03:00+02:00;492576;33;1;75;heavy;2
2025-07-02T15:03:00+02:00;49328_D;25;5;60;heavy;1
2025-07-02T15:03:00+02:00;49328_G;11;10;74;congested;2
2025-07-02T15:03:00+02:00;49686_D;50;3;0;unknown;0
2025-07-02T15:03:00+02:00;49686_G;50;3;0;unknown;0
2025-07-02T15:03:00+02:00;50079_D;18;12;59;heavy;1
2025-07-02T15:03:00+02:00;50079_G;30;8;0;unknown;0
2025-07-02T15:03:00+02:00;50191_D;35;14;70;freeFlow;2
2025-07-02T15:03:00+02:00;50191_G;34;16;60;heavy;2
2025-07-02T15:03:00+02:00;50308_G;46;6;45;freeFlow;1
2025-07-02T15:03:00+02:00;50355_D;28;11;75;heavy;2
2025-07-02T15:03:00+02:00;50355_G;31;9;45;heavy;1
2025-07-02T15:03:00+02:00;50416_D;32;4;75;heavy;2
2025-07-02T15:03:00+02:00;50416_G;48;3;45;freeFlow;1
2025-07-02T15:03:00+02:00;50475;14;28;40;congested;1
2025-07-02T15:03:00+02:00;50509;43;10;45;freeFlow;1
2025-07-02T15:03:00+02:00;50573_D;30;8;0;unknown;0
2025-07-02T15:03:00+02:00;50573_G;25;8;60;freeFlow;1
2025-07-02T15:03:00+02:00;51008;50;3;0;unknown;0
2025-07-02T15:03:00+02:00;51017;4;33;45;congested;1
2025-07-02T15:03:00+02:00;51159_D;21;30;12;heavy;1
2025-07-02T15:03:00+02:00;51159_G;50;13;0;unknown;0
2025-07-02T15:03:00+02:00;51254_D;11;27;25;congested;1
2025-07-02T15:03:00+02:00;51254_G;11;25;22;congested;1
2025-07-02T15:03:00+02:00;51323_D;36;4;60;freeFlow;1
2025-07-02T15:03:00+02:00;51323_G;31;6;63;heavy;2
2025-07-02T15:03:00+02:00;51437_D;20;8;55;heavy;2
2025-07-02T15:03:00+02:00;51437_G;27;5;62;heavy;2
2025-07-02T15:03:00+02:00;51455_D;24;11;38;heavy;1
2025-07-02T15:03:00+02:00;51455_G;33;8;45;heavy;1
2025-07-02T15:03:00+02:00;51797;35;6;60;heavy;1
2025-07-02T15:03:00+02:00;52130;16;14;0;unknown;0
2025-07-02T15:03:00+02:00;53329_D;30;6;0;unknown;0
2025-07-02T15:03:00+02:00;53329_G;29;6;22;freeFlow;1
2025-07-02T15:03:00+02:00;53336_D;12;32;100;congested;3
2025-07-02T15:03:00+02:00;53336_G;44;9;42;freeFlow;1
2025-07-02T15:03:00+02:00;53411_D;13;29;27;congested;1
2025-07-02T15:03:00+02:00;53539_G;50;4;100;freeFlow;4
2025-07-02T15:03:00+02:00;53542;67;6;75;freeFlow;2
2025-07-02T15:03:00+02:00;53543;44;10;30;heavy;1
2025-07-02T15:03:00+02:00;53575_D;50;13;0;unknown;0
2025-07-02T15:03:00+02:00;53575_G;45;14;20;freeFlow;1
2025-07-02T15:03:00+02:00;53656;20;4;63;heavy;2
2025-07-02T15:03:00+02:00;53660;48;7;48;freeFlow;1
2025-07-02T15:03:00+02:00;53663;17;7;75;heavy;2
2025-07-02T15:03:00+02:00;53675;25;3;100;heavy;4
2025-07-02T15:03:00+02:00;53676;53;2;100;freeFlow;5
2025-07-02T15:03:00+02:00;53677;68;8;100;freeFlow;4
2025-07-02T15:03:00+02:00;53678;42;1;60;heavy;1
2025-07-02T15:03:00+02:00;53679;42;3;60;heavy;1
2025-07-02T15:03:00+02:00;53681;58;34;75;freeFlow;2
2025-07-02T15:03:00+02:00;53721;50;1;0;unknown;0
2025-07-02T15:03:00+02:00;53885_D;18;28;100;heavy;4
2025-07-02T15:03:00+02:00;53885_G;49;11;55;freeFlow;1
2025-07-02T15:03:00+02:00;54211;17;37;75;heavy;2
2025-07-02T15:03:00+02:00;54334_D;32;1;60;heavy;1
2025-07-02T15:03:00+02:00;54334_G;50;1;0;unknown;0
2025-07-02T15:03:00+02:00;54337;50;16;0;unknown;0
2025-07-02T15:03:00+02:00;54361;27;7;60;heavy;1
2025-07-02T15:03:00+02:00;54580_G;31;19;88;heavy;3
2025-07-02T15:03:00+02:00;54707;47;10;50;freeFlow;1
2025-07-02T15:03:00+02:00;54709;33;1;60;heavy;1
2025-07-02T15:03:00+02:00;54710;29;8;60;heavy;1
2025-07-02T15:03:00+02:00;55397_D;35;2;60;freeFlow;1
2025-07-02T15:03:00+02:00;55397_G;89;1;60;freeFlow;1
2025-07-02T15:03:00+02:00;55401;107;4;30;freeFlow;1
2025-07-02T15:03:00+02:00;55405;35;2;45;freeFlow;2
2025-07-02T15:03:00+02:00;55406;19;10;97;heavy;3
2025-07-02T15:03:00+02:00;55407;30;4;75;heavy;2
2025-07-02T15:03:00+02:00;55408;30;6;75;heavy;2
2025-07-02T15:03:00+02:00;55440_D;26;7;60;freeFlow;1
2025-07-02T15:03:00+02:00;55440_G;25;7;60;freeFlow;1
2025-07-02T15:03:00+02:00;55443_D;31;3;75;heavy;2
2025-07-02T15:03:00+02:00;55443_G;28;2;48;heavy;1
2025-07-02T15:03:00+02:00;55446;25;3;60;heavy;1
2025-07-02T15:03:00+02:00;55447;25;2;60;heavy;1
2025-07-02T15:03:00+02:00;55448;29;2;74;heavy;2
2025-07-02T15:03:00+02:00;55449;25;2;75;heavy;2
2025-07-02T15:03:00+02:00;55516;26;3;30;heavy;1
2025-07-02T15:03:00+02:00;55669;17;13;55;heavy;2
2025-07-02T15:03:00+02:00;55671;31;11;60;heavy;1
2025-07-02T15:03:00+02:00;55696;35;21;60;heavy;1
2025-07-02T15:03:00+02:00;55698;40;11;60;freeFlow;1
2025-07-02T15:03:00+02:00;55700;31;13;60;heavy;1
2025-07-02T15:03:00+02:00;55703;42;3;75;freeFlow;2
2025-07-02T15:03:00+02:00;55706;51;1;60;freeFlow;1
2025-07-02T15:03:00+02:00;55707;51;6;60;freeFlow;1
2025-07-02T15:03:00+02:00;55708;42;3;75;freeFlow;2
2025-07-02T15:03:00+02:00;55710;5;138;60;congested;1
2025-07-02T15:03:00+02:00;55711;42;1;60;freeFlow;1
2025-07-02T15:03:00+02:00;55713;51;13;60;freeFlow;1
2025-07-02T15:03:00+02:00;55781_D;45;3;75;freeFlow;2
2025-07-02T15:03:00+02:00;55781_G;32;4;0;unknown;0
2025-07-02T15:03:00+02:00;55800;35;9;75;freeFlow;2
2025-07-02T15:03:00+02:00;55801;35;4;0;unknown;0
2025-07-02T15:03:00+02:00;55805;37;6;75;freeFlow;2
2025-07-02T15:03:00+02:00;55806;22;23;75;heavy;2
2025-07-02T15:03:00+02:00;55811;35;10;75;heavy;2
2025-07-02T15:03:00+02:00;55814;31;4;75;heavy;2
2025-07-02T15:03:00+02:00;55815;9;2;22;congested;1
2025-07-02T15:03:00+02:00;55820;50;1;0;unknown;0
2025-07-02T15:03:00+02:00;55821;8;16;22;congested;1
2025-07-02T15:03:00+02:00;55822;4;25;22;congested;1
2025-07-02T15:03:00+02:00;55823;106;0;15;freeFlow;1
2025-07-02T15:03:00+02:00;55824;19;4;75;heavy;2
2025-07-02T15:03:00+02:00;55827;26;3;100;heavy;8
2025-07-02T15:03:00+02:00;55830;25;4;100;heavy;5
2025-07-02T15:03:00+02:00;55841;38;12;45;freeFlow;1
2025-07-02T15:03:00+02:00;55843;11;5;22;congested;1
2025-07-02T15:03:00+02:00;55879;15;4;51;congested;1
2025-07-02T15:03:00+02:00;55883;13;5;60;congested;1
2025-07-02T15:03:00+02:00;55887;38;14;75;freeFlow;2
2025-07-02T15:03:00+02:00;55888;22;27;40;heavy;1
2025-07-02T15:03:00+02:00;55889;27;3;75;heavy;2
2025-07-02T15:03:00+02:00;55890;18;5;40;heavy;1
2025-07-02T15:03:00+02:00;55894;31;2;38;heavy;1
2025-07-02T15:03:00+02:00;55896;13;5;62;congested;2
2025-07-02T15:03:00+02:00;55898;13;44;60;congested;1
2025-07-02T15:03:00+02:00;55899;35;10;60;heavy;1
2025-07-02T15:03:00+02:00;55926_D;4;58;63;congested;2
2025-07-02T15:03:00+02:00;55926_G;40;6;50;freeFlow;1
2025-07-02T15:03:00+02:00;55932;33;2;50;heavy;1
2025-07-02T15:03:00+02:00;55933;7;17;65;congested;2
2025-07-02T15:03:00+02:00;55958;68;1;75;freeFlow;2
2025-07-02T15:03:00+02:00;55959;16;5;60;heavy;1
2025-07-02T15:03:00+02:00;55974;22;2;100;heavy;3
2025-07-02T15:03:00+02:00;55975;40;2;100;freeFlow;4
2025-07-02T15:03:00+02:00;55977;40;4;100;freeFlow;3
2025-07-02T15:03:00+02:00;55978;45;2;75;freeFlow;2
2025-07-02T15:03:00+02:00;55980;32;8;60;heavy;1
2025-07-02T15:03:00+02:00;55981;35;8;100;heavy;4
2025-07-02T15:03:00+02:00;56019;17;4;75;heavy;2
2025-07-02T15:03:00+02:00;56020;33;2;50;heavy;1
2025-07-02T15:03:00+02:00;56113;50;5;0;unknown;0
2025-07-02T15:03:00+02:00;56115;28;7;32;heavy;1
2025-07-02T15:03:00+02:00;56117;50;5;0;unknown;0
2025-07-02T15:03:00+02:00;56118;8;6;50;congested;1
2025-07-02T15:03:00+02:00;56124;8;8;52;congested;1
2025-07-02T15:03:00+02:00;56125;50;1;0;unknown;0
2025-07-02T15:03:00+02:00;56126;28;5;32;heavy;1
2025-07-02T15:03:00+02:00;56128;50;1;0;unknown;0
2025-07-02T15:03:00+02:00;56157_D;43;9;22;freeFlow;1
2025-07-02T15:03:00+02:00;56157_G;25;16;25;freeFlow;1
2025-07-02T15:03:00+02:00;56165_D;43;1;22;freeFlow;1
2025-07-02T15:03:00+02:00;56165_G;30;2;0;unknown;0
2025-07-02T15:03:00+02:00;56170;51;1;60;freeFlow;1
2025-07-02T15:03:00+02:00;56174;50;5;0;unknown;0
2025-07-02T15:03:00+02:00;56175;29;8;27;heavy;1
2025-07-02T15:03:00+02:00;56179;51;2;60;freeFlow;1
2025-07-02T15:03:00+02:00;56180;51;1;60;freeFlow;1
2025-07-02T15:03:00+02:00;56181;51;2;60;freeFlow;1
2025-07-02T15:03:00+02:00;56182;51;2;60;freeFlow;1
2025-07-02T15:03:00+02:00;56183;43;1;22;freeFlow;1
2025-07-02T15:03:00+02:00;56218_D;50;3;0;unknown;0
2025-07-02T15:03:00+02:00;56218_G;50;3;0;unknown;0
2025-07-02T15:03:00+02:00;56223;50;1;0;unknown;0
2025-07-02T15:03:00+02:00;56224;28;14;32;heavy;1
2025-07-02T15:03:00+02:00;56225;50;7;0;unknown;0
2025-07-02T15:03:00+02:00;56229;50;3;0;unknown;0
2025-07-02T15:03:00+02:00;56231;50;2;0;unknown;0
2025-07-02T15:03:00+02:00;56232;28;2;32;heavy;1
2025-07-02T15:03:00+02:00;56233;50;9;0;unknown;0
2025-07-02T15:03:00+02:00;56237;50;9;0;unknown;0
2025-07-02T15:03:00+02:00;56239;30;3;0;unknown;0
2025-07-02T15:03:00+02:00;56247;16;2;0;unknown;0
2025-07-02T15:03:00+02:00;56250;30;21;0;unknown;0
2025-07-02T15:03:00+02:00;56251;27;23;25;freeFlow;1
2025-07-02T15:03:00+02:00;56254;26;2;17;freeFlow;1
2025-07-02T15:03:00+02:00;56255;29;2;25;freeFlow;1
2025-07-02T15:03:00+02:00;56256;16;3;0;unknown;0
2025-07-02T15:03:00+02:00;56258;30;5;0;unknown;0
2025-07-02T15:03:00+02:00;56260;25;3;25;freeFlow;1
2025-07-02T15:03:00+02:00;56261;30;2;0;unknown;0
2025-07-02T15:03:00+02:00;56263;30;13;0;unknown;0
2025-07-02T15:03:00+02:00;56264;27;15;25;freeFlow;1
2025-07-02T15:03:00+02:00;56298;30;1;0;unknown;0
2025-07-02T15:03:00+02:00;56300;30;1;17;freeFlow;1
2025-07-02T15:03:00+02:00;56333;23;4;75;heavy;2
2025-07-02T15:03:00+02:00;565804_D;9;47;42;congested;1
2025-07-02T15:03:00+02:00;565804_G;28;15;45;heavy;1
2025-07-02T15:03:00+02:00;565852;58;2;60;freeFlow;1
2025-07-02T15:03:00+02:00;565853;72;14;60;freeFlow;1
2025-07-02T15:03:00+02:00;566240;50;2;0;unknown;0
2025-07-02T15:03:00+02:00;566445_D;43;1;22;freeFlow;1
2025-07-02T15:03:00+02:00;566445_G;20;4;22;heavy;1
2025-07-02T15:03:00+02:00;566456_D;12;57;30;heavy;1
2025-07-02T15:03:00+02:00;566456_G;5;131;38;congested;1
2025-07-02T15:03:00+02:00;566457;51;1;60;freeFlow;1
2025-07-02T15:03:00+02:00;566465_D;43;7;22;freeFlow;1
2025-07-02T15:03:00+02:00;566465_G;30;10;0;unknown;0
2025-07-02T15:03:00+02:00;56675_D;31;5;60;heavy;1
2025-07-02T15:03:00+02:00;56675_G;28;6;40;heavy;1
2025-07-02T15:03:00+02:00;566941;24;4;75;heavy;2
2025-07-02T15:03:00+02:00;56871_D;50;3;0;unknown;0
2025-07-02T15:03:00+02:00;56871_G;50;3;0;unknown;0
2025-07-02T15:03:00+02:00;56908_D;28;14;20;heavy;1
2025-07-02T15:03:00+02:00;56908_G;50;8;0;unknown;0
2025-07-02T15:03:00+02:00;56925;76;46;100;freeFlow;13
2025-07-02T15:03:00+02:00;56944_D;21;15;72;heavy;2
2025-07-02T15:03:00+02:00;56944_G;31;10;97;freeFlow;3
2025-07-02T15:03:00+02:00;56945_D;23;10;69;freeFlow;2
2025-07-02T15:03:00+02:00;56945_G;32;7;97;freeFlow;3
2025-07-02T15:03:00+02:00;57082_G;27;10;20;freeFlow;1
2025-07-02T15:03:00+02:00;57083_D;30;14;0;unknown;0
2025-07-02T15:03:00+02:00;57083_G;45;11;20;freeFlow;1
2025-07-02T15:03:00+02:00;59724;20;8;75;heavy;2
2025-07-02T15:03:00+02:00;59750_D;37;6;75;freeFlow;2
2025-07-02T15:03:00+02:00;59750_G;28;8;42;heavy;1
2025-07-02T15:03:00+02:00;59835_D;50;4;0;unknown;0
2025-07-02T15:03:00+02:00;59835_G;29;7;50;heavy;1
2025-07-02T15:03:00+02:00;59836;50;2;0;unknown;0
2025-07-02T15:03:00+02:00;59837;8;7;52;congested;1
2025-07-02T15:03:00+02:00;59838;7;18;50;congested;1
2025-07-02T15:03:00+02:00;62559_D;28;11;75;heavy;2
2025-07-02T15:03:00+02:00;62559_G;26;12;50;heavy;3
2025-07-02T15:03:00+02:00;62560;44;6;22;freeFlow;1
2025-07-02T15:03:00+02:00;62565_D;45;2;75;freeFlow;2
2025-07-02T15:03:00+02:00;62565_G;17;4;50;heavy;3
2025-07-02T15:03:00+02:00;62831_D;23;2;60;heavy;1
2025-07-02T15:03:00+02:00;62831_G;35;1;40;heavy;1
2025-07-02T15:03:00+02:00;62832_D;23;3;60;heavy;1
2025-07-02T15:03:00+02:00;62832_G;34;2;40;heavy;1
2025-07-02T15:03:00+02:00;63045_D;10;16;57;heavy;1
2025-07-02T15:03:00+02:00;63045_G;32;5;60;freeFlow;1
2025-07-02T15:03:00+02:00;63053_D;19;11;60;heavy;1
2025-07-02T15:03:00+02:00;63053_G;30;7;60;heavy;1
2025-07-02T15:03:00+02:00;63899;52;33;96;freeFlow;8
2025-07-02T15:03:00+02:00;63934;50;1;0;unknown;0
2025-07-02T15:03:00+02:00;63935;22;19;73;heavy;2
2025-07-02T15:03:00+02:00;63936;36;14;100;freeFlow;3
2025-07-02T15:03:00+02:00;63939;28;22;96;heavy;4
2025-07-02T15:03:00+02:00;63940;37;2;100;freeFlow;3
2025-07-02T15:03:00+02:00;63941;101;1;60;freeFlow;1
2025-07-02T15:03:00+02:00;63942;101;0;60;freeFlow;1
2025-07-02T15:03:00+02:00;63943;45;2;75;freeFlow;2
2025-07-02T15:03:00+02:00;63944;31;5;100;heavy;4
2025-07-02T15:03:00+02:00;63947;41;3;93;freeFlow;3
2025-07-02T15:03:00+02:00;63950;40;1;60;freeFlow;1
2025-07-02T15:03:00+02:00;63951;40;2;60;freeFlow;1
2025-07-02T15:03:00+02:00;63952;26;1;100;heavy;4
2025-07-02T15:03:00+02:00;63953;53;1;100;freeFlow;4
2025-07-02T15:03:00+02:00;63970;58;16;100;freeFlow;3
2025-07-02T15:03:00+02:00;63973;43;3;75;freeFlow;2
2025-07-02T15:03:00+02:00;64032;79;12;60;freeFlow;1
2025-07-02T15:03:00+02:00;64061_D;28;11;83;freeFlow;3
2025-07-02T15:03:00+02:00;64061_G;30;11;0;unknown;0
2025-07-02T15:03:00+02:00;64637_D;34;12;100;heavy;6
2025-07-02T15:03:00+02:00;64637_G;34;12;75;heavy;2
2025-07-02T15:03:00+02:00;65310;50;6;0;unknown;0
2025-07-02T15:03:00+02:00;65313;29;11;60;heavy;1
2025-07-02T15:03:00+02:00;65682;44;27;60;freeFlow;2
2025-07-02T15:03:00+02:00;66421;50;2;0;unknown;0
2025-07-02T15:03:00+02:00;66442;50;4;0;unknown;0
2025-07-02T15:03:00+02:00;66782;19;19;75;heavy;2
2025-07-02T15:03:00+02:00;67066;25;13;75;heavy;2
2025-07-02T15:03:00+02:00;67097_D;30;11;0;unknown;0
2025-07-02T15:03:00+02:00;67097_G;15;23;22;heavy;1
2025-07-02T15:03:00+02:00;69381_D;22;13;60;heavy;1
2025-07-02T15:03:00+02:00;69381_G;36;8;40;freeFlow;1
2025-07-02T15:03:00+02:00;72487_G;80;31;0;unknown;0
2025-07-02T15:03:00+02:00;72614;11;10;22;congested;1
2025-07-02T15:03:00+02:00;72621;26;14;60;heavy;2
2025-07-02T15:03:00+02:00;72624;23;15;44;heavy;2
2025-07-02T15:03:00+02:00;72628;31;1;60;heavy;1
2025-07-02T15:03:00+02:00;74283_D;32;24;100;heavy;5
2025-07-02T15:03:00+02:00;74283_G;23;33;60;heavy;1
2025-07-02T15:03:00+02:00;75387;21;4;75;heavy;2
2025-07-02T15:03:00+02:00;75631;49;6;60;freeFlow;1
2025-07-02T15:03:00+02:00;75818_D;49;3;60;freeFlow;1
2025-07-02T15:03:00+02:00;75818_G;58;2;100;freeFlow;3
2025-07-02T15:03:00+02:00;75820;84;23;100;freeFlow;9
2025-07-02T15:03:00+02:00;75824;53;9;100;freeFlow;3
2025-07-02T15:03:00+02:00;75825;81;6;100;freeFlow;7
2025-07-02T15:03:00+02:00;75828;65;11;60;freeFlow;1
2025-07-02T15:03:00+02:00;75829;17;40;55;congested;1
2025-07-02T15:03:00+02:00;75832;30;4;100;heavy;7
2025-07-02T15:03:00+02:00;75833;20;10;100;heavy;6
2025-07-02T15:03:00+02:00;75835;20;6;100;heavy;6
2025-07-02T15:03:00+02:00;75836;66;15;100;freeFlow;7
2025-07-02T15:03:00+02:00;75837;49;9;100;freeFlow;6
2025-07-02T15:03:00+02:00;75838;26;10;100;heavy;6
2025-07-02T15:03:00+02:00;75839;47;4;40;freeFlow;1
2025-07-02T15:03:00+02:00;75840;38;5;75;freeFlow;2
2025-07-02T15:03:00+02:00;75845;55;2;100;freeFlow;4
2025-07-02T15:03:00+02:00;75846;54;6;100;freeFlow;4
2025-07-02T15:03:00+02:00;75847;33;18;75;heavy;2
2025-07-02T15:03:00+02:00;75848;11;21;70;congested;2
2025-07-02T15:03:00+02:00;75849;34;7;100;heavy;3
2025-07-02T15:03:00+02:00;75850;34;5;75;heavy;2
2025-07-02T15:03:00+02:00;75851;31;6;60;heavy;1
2025-07-02T15:03:00+02:00;75853;36;2;60;heavy;1
2025-07-02T15:03:00+02:00;75854;36;6;60;heavy;1
2025-07-02T15:03:00+02:00;75856;49;3;60;heavy;1
2025-07-02T15:03:00+02:00;75897;58;16;60;heavy;1
2025-07-02T15:03:00+02:00;9128;63;44;100;heavy;10
2025-07-02T15:03:00+02:00;9130;59;13;60;freeFlow;1
2025-07-02T15:03:00+02:00;9131;81;8;100;freeFlow;8
2025-07-02T15:03:00+02:00;9132;74;28;100;freeFlow;8
2025-07-02T15:03:00+02:00;9146;80;4;100;freeFlow;8
2025-07-02T15:03:00+02:00;9178;41;29;60;heavy;1
2025-07-02T15:03:00+02:00;9179;61;29;100;heavy;11
2025-07-02T15:03:00+02:00;9180;81;23;100;freeFlow;8
2025-07-02T15:03:00+02:00;9181;75;13;60;freeFlow;1
2025-07-02T15:03:00+02:00;9182;60;4;60;freeFlow;1
2025-07-02T15:03:00+02:00;9183;31;14;72;heavy;2
2025-07-02T15:03:00+02:00;9184;56;11;60;heavy;1
2025-07-02T15:03:00+02:00;9245;79;90;100;freeFlow;13
2025-07-02T15:03:00+02:00;9246;88;134;100;freeFlow;10
2025-07-02T15:03:00+02:00;9380_D;80;23;0;unknown;0
2025-07-02T15:03:00+02:00;9380_G;37;49;73;heavy;2
2025-07-02T15:03:00+02:00;9389;80;1;0;unknown;0
2025-07-02T15:03:00+02:00;9390;37;3;60;heavy;1
2025-07-02T15:03:00+02:00;9391;91;1;48;freeFlow;1
2025-07-02T15:03:00+02:00;9392;80;1;0;unknown;0
2025-07-02T15:03:00+02:00;1677832;13;24;50;congested;1
2025-07-02T15:03:00+02:00;1679085_D;34;3;60;heavy;1
2025-07-02T15:03:00+02:00;1679085_G;34;3;57;heavy;1
2025-07-02T15:03:00+02:00;1679794;28;2;60;heavy;1
2025-07-02T15:03:00+02:00;1679795_G;28;3;60;heavy;1
2025-07-02T15:03:00+02:00;1679796;28;1;60;heavy;1
2025-07-02T15:03:00+02:00;1679797_D;50;6;0;unknown;0
2025-07-02T15:03:00+02:00;1679797_G;50;6;0;unknown;0
2025-07-02T15:03:00+02:00;1679798;34;2;57;heavy;1
2025-07-02T15:03:00+02:00;1679800;18;5;60;heavy;1
2025-07-02T15:03:00+02:00;1680335;18;16;60;heavy;1
2025-07-02T15:03:00+02:00;1680340;6;18;50;congested;1
2025-07-02T15:03:00+02:00;213972_D;37;7;32;freeFlow;1
2025-07-02T15:03:00+02:00;213972_G;50;5;0;unknown;0
2025-07-02T15:03:00+02:00;213973_D;32;12;32;heavy;1
2025-07-02T15:03:00+02:00;213973_G;50;8;0;unknown;0
2025-07-02T15:03:00+02:00;213974_D;37;5;32;freeFlow;1
2025-07-02T15:03:00+02:00;213974_G;50;4;0;unknown;0
2025-07-02T15:03:00+02:00;26521;111;49;75;freeFlow;2
2025-07-02T15:03:00+02:00;26522;105;32;55;freeFlow;2
2025-07-02T15:03:00+02:00;31304_G;17;65;50;heavy;2
2025-07-02T15:03:00+02:00;31328;81;11;100;freeFlow;6
2025-07-02T15:03:00+02:00;31441;72;47;68;freeFlow;2
2025-07-02T15:03:00+02:00;31535;25;30;100;heavy;7
2025-07-02T15:03:00+02:00;31552;86;8;100;freeFlow;7
2025-07-02T15:03:00+02:00;31555;100;8;98;freeFlow;6
2025-07-02T15:03:00+02:00;43014_D;17;12;60;heavy;1
2025-07-02T15:03:00+02:00;43014_G;12;17;60;congested;1
2025-07-02T15:03:00+02:00;43105_D;4;59;61;congested;2
2025-07-02T15:03:00+02:00;43105_G;21;12;45;heavy;1
2025-07-02T15:03:00+02:00;43118_D;26;21;75;heavy;2
2025-07-02T15:03:00+02:00;43118_G;33;17;96;heavy;3
2025-07-02T15:03:00+02:00;43124_D;8;47;75;congested;2
2025-07-02T15:03:00+02:00;43124_G;32;12;60;freeFlow;1
2025-07-02T15:03:00+02:00;43125_D;27;10;60;freeFlow;1
2025-07-02T15:03:00+02:00;43125_G;28;9;60;freeFlow;1
2025-07-02T15:03:00+02:00;43126_D;29;18;60;freeFlow;1
2025-07-02T15:03:00+02:00;43126_G;9;54;60;heavy;1
2025-07-02T15:03:00+02:00;43147_D;14;19;60;heavy;1
2025-07-02T15:03:00+02:00;43147_G;12;21;75;heavy;2
2025-07-02T15:03:00+02:00;43336_D;50;6;0;unknown;0
2025-07-02T15:03:00+02:00;43336_G;19;15;60;heavy;1
2025-07-02T15:03:00+02:00;43337_D;5;81;31;congested;1
2025-07-02T15:03:00+02:00;43337_G;19;22;60;heavy;1
2025-07-02T15:03:00+02:00;43338_D;50;4;0;unknown;0
2025-07-02T15:03:00+02:00;43338_G;23;8;60;heavy;1
2025-07-02T15:03:00+02:00;43339_D;50;5;0;unknown;0
2025-07-02T15:03:00+02:00;43339_G;19;12;60;heavy;1
2025-07-02T15:03:00+02:00;43340_D;50;1;0;unknown;0
2025-07-02T15:03:00+02:00;43340_G;19;3;60;heavy;1
2025-07-02T15:03:00+02:00;43341_D;50;4;0;unknown;0
2025-07-02T15:03:00+02:00;43341_G;19;9;60;heavy;1
2025-07-02T15:03:00+02:00;43342_D;50;2;0;unknown;0
2025-07-02T15:03:00+02:00;43342_G;19;5;60;heavy;1
2025-07-02T15:03:00+02:00;43343_D;50;7;0;unknown;0
2025-07-02T15:03:00+02:00;43343_G;20;18;60;heavy;1
2025-07-02T15:03:00+02:00;43345_D;30;10;0;unknown;0
2025-07-02T15:03:00+02:00;43345_G;23;13;60;freeFlow;1
2025-07-02T15:03:00+02:00;43347_D;30;5;0;unknown;0
2025-07-02T15:03:00+02:00;43347_G;16;9;60;heavy;1
2025-07-02T15:03:00+02:00;43352_D;30;16;0;unknown;0
2025-07-02T15:03:00+02:00;43353_D;30;10;0;unknown;0
2025-07-02T15:03:00+02:00;43353_G;25;12;60;freeFlow;1
2025-07-02T15:03:00+02:00;43377_D;30;16;0;unknown;0
2025-07-02T15:03:00+02:00;43377_G;19;25;60;heavy;1
2025-07-02T15:03:00+02:00;43379_D;30;7;0;unknown;0
2025-07-02T15:03:00+02:00;43379_G;13;17;60;heavy;1
2025-07-02T15:03:00+02:00;43413_D;5;36;60;congested;1
2025-07-02T15:03:00+02:00;43413_G;22;8;60;freeFlow;1
2025-07-02T15:03:00+02:00;43474_D;35;4;60;heavy;1
2025-07-02T15:03:00+02:00;43474_G;32;4;74;heavy;2
2025-07-02T15:03:00+02:00;43615_D;35;2;60;freeFlow;1
2025-07-02T15:03:00+02:00;43615_G;31;2;75;freeFlow;2
2025-07-02T15:03:00+02:00;43743_D;50;25;0;unknown;0
2025-07-02T15:03:00+02:00;43746;30;7;25;freeFlow;1
2025-07-02T15:03:00+02:00;43747;30;14;25;freeFlow;1
2025-07-02T15:03:00+02:00;43751;28;21;50;freeFlow;1
2025-07-02T15:03:00+02:00;43774_D;33;6;60;heavy;1
2025-07-02T15:03:00+02:00;43774_G;17;12;60;heavy;1
2025-07-02T15:03:00+02:00;43775_D;8;52;95;congested;3
2025-07-02T15:03:00+02:00;43775_G;23;17;60;heavy;1
2025-07-02T15:03:00+02:00;43826_D;20;14;100;heavy;3
2025-07-02T15:03:00+02:00;43826_G;15;17;75;heavy;2
2025-07-02T15:03:00+02:00;43971;27;24;60;heavy;1
2025-07-02T15:03:00+02:00;43973;37;7;55;freeFlow;1
2025-07-02T15:03:00+02:00;44003_G;45;9;60;freeFlow;1
2025-07-02T15:03:00+02:00;44004_D;42;26;60;freeFlow;1
2025-07-02T15:03:00+02:00;44004_G;46;24;75;freeFlow;2
2025-07-02T15:03:00+02:00;44017_G;38;4;60;freeFlow;1
2025-07-02T15:03:00+02:00;44018_G;42;14;60;freeFlow;1
2025-07-02T15:03:00+02:00;44037_D;34;5;60;heavy;1
2025-07-02T15:03:00+02:00;44037_G;34;5;57;heavy;1
2025-07-02T15:03:00+02:00;44851_D;55;10;75;freeFlow;2
2025-07-02T15:03:00+02:00;44851_G;50;11;0;unknown;0
2025-07-02T15:03:00+02:00;44852_D;48;10;60;freeFlow;1
2025-07-02T15:03:00+02:00;44852_G;50;9;0;unknown;0
2025-07-02T15:03:00+02:00;44854_D;17;4;60;heavy;1
2025-07-02T15:03:00+02:00;44854_G;50;1;0;unknown;0
2025-07-02T15:03:00+02:00;44855_D;31;12;32;heavy;1
2025-07-02T15:03:00+02:00;44855_G;50;7;0;unknown;0
2025-07-02T15:03:00+02:00;44879;70;19;100;freeFlow;5
2025-07-02T15:03:00+02:00;44897_D;13;18;32;congested;1
2025-07-02T15:03:00+02:00;44897_G;50;5;0;unknown;0
2025-07-02T15:03:00+02:00;44901;87;18;75;freeFlow;2
2025-07-02T15:03:00+02:00;44939;81;51;100;freeFlow;6
2025-07-02T15:03:00+02:00;45135_D;17;4;35;heavy;1
2025-07-02T15:03:00+02:00;45135_G;9;7;60;congested;1
2025-07-02T15:03:00+02:00;45136_G;6;145;58;congested;1
2025-07-02T15:03:00+02:00;45137_D;29;3;40;heavy;1
2025-07-02T15:03:00+02:00;45137_G;5;13;57;congested;1
2025-07-02T15:03:00+02:00;45146;55;7;48;freeFlow;1
2025-07-02T15:03:00+02:00;45147_D;39;1;55;freeFlow;1
2025-07-02T15:03:00+02:00;45147_G;26;2;57;heavy;1
2025-07-02T15:03:00+02:00;45153;38;10;0;unknown;0
2025-07-02T15:03:00+02:00;45155;26;30;60;heavy;1
2025-07-02T15:03:00+02:00;45213;12;39;57;congested;2
2025-07-02T15:03:00+02:00;45214;27;10;52;heavy;1
2025-07-02T15:03:00+02:00;45232;43;39;60;freeFlow;1
2025-07-02T15:03:00+02:00;45233;26;5;100;heavy;5
2025-07-02T15:03:00+02:00;45236_D;53;12;38;freeFlow;1
2025-07-02T15:03:00+02:00;45242;69;17;100;freeFlow;4
2025-07-02T15:03:00+02:00;45246;91;28;100;freeFlow;11
2025-07-02T15:03:00+02:00;45247;68;14;100;freeFlow;3
2025-07-02T15:03:00+02:00;47742_G;30;7;60;heavy;1
2025-07-02T15:03:00+02:00;47744;19;106;0;unknown;0
2025-07-02T15:03:00+02:00;48725;34;2;100;heavy;3
2025-07-02T15:03:00+02:00;48736;30;2;100;heavy;3
2025-07-02T15:03:00+02:00;48738;30;2;100;heavy;3
2025-07-02T15:03:00+02:00;48746;49;8;100;freeFlow;3
2025-07-02T15:03:00+02:00;48751;50;1;0;unknown;0
2025-07-02T15:03:00+02:00;48752;50;1;0;unknown;0
2025-07-02T15:03:00+02:00;48753;31;2;32;heavy;1
2025-07-02T15:03:00+02:00;48754;31;2;32;heavy;1
2025-07-02T15:03:00+02:00;48764;32;2;60;heavy;1
2025-07-02T15:03:00+02:00;48765;44;5;57;freeFlow;1
2025-07-02T15:03:00+02:00;48796;27;19;75;heavy;2
2025-07-02T15:03:00+02:00;48915_D;35;4;60;heavy;1
2025-07-02T15:03:00+02:00;48915_G;43;3;42;freeFlow;1
2025-07-02T15:03:00+02:00;48916;16;10;60;heavy;1
2025-07-02T15:03:00+02:00;48953_D;24;48;40;heavy;1
2025-07-02T15:03:00+02:00;48953_G;26;44;60;heavy;1
2025-07-02T15:03:00+02:00;48993_D;50;7;0;unknown;0
2025-07-02T15:03:00+02:00;48993_G;23;15;60;heavy;1
2025-07-02T15:03:00+02:00;49042_D;11;5;30;congested;1
2025-07-02T15:03:00+02:00;49042_G;50;1;0;unknown;0
2025-07-02T15:03:00+02:00;50035_D;34;3;60;heavy;1
2025-07-02T15:03:00+02:00;50035_G;34;2;57;heavy;1
2025-07-02T15:03:00+02:00;50087;27;10;60;heavy;1
2025-07-02T15:03:00+02:00;50107_D;29;18;60;heavy;1
2025-07-02T15:03:00+02:00;50107_G;20;27;45;heavy;1
2025-07-02T15:03:00+02:00;52835_G;26;6;57;heavy;1
2025-07-02T15:03:00+02:00;52850_D;25;6;60;heavy;1
2025-07-02T15:03:00+02:00;52850_G;12;13;59;congested;1
2025-07-02T15:03:00+02:00;52878;31;5;75;freeFlow;2
2025-07-02T15:03:00+02:00;53020_G;41;2;60;freeFlow;1
2025-07-02T15:03:00+02:00;53130_D;29;9;60;heavy;1
2025-07-02T15:03:00+02:00;53130_G;13;20;45;congested;1
2025-07-02T15:03:00+02:00;53375_D;30;3;0;unknown;0
2025-07-02T15:03:00+02:00;53375_G;25;4;60;freeFlow;1
2025-07-02T15:03:00+02:00;53427;65;66;100;freeFlow;11
2025-07-02T15:03:00+02:00;53988;59;4;60;freeFlow;1
2025-07-02T15:03:00+02:00;53989;50;2;0;unknown;0
2025-07-02T15:03:00+02:00;53992_D;28;14;42;heavy;1
2025-07-02T15:03:00+02:00;53992_G;29;14;60;heavy;1
2025-07-02T15:03:00+02:00;53995;28;2;60;heavy;1
2025-07-02T15:03:00+02:00;53997;28;2;42;heavy;1
2025-07-02T15:03:00+02:00;53999;28;2;42;heavy;1
2025-07-02T15:03:00+02:00;54130;50;31;0;unknown;0
2025-07-02T15:03:00+02:00;54136;52;3;38;freeFlow;1
2025-07-02T15:03:00+02:00;54219;32;17;57;heavy;1
2025-07-02T15:03:00+02:00;54222;34;18;60;heavy;1
2025-07-02T15:03:00+02:00;54235;9;51;100;congested;4
2025-07-02T15:03:00+02:00;54300;28;14;27;heavy;1
2025-07-02T15:03:00+02:00;54304_D;3;59;53;congested;2
2025-07-02T15:03:00+02:00;54304_G;7;31;60;congested;1
2025-07-02T15:03:00+02:00;54309;17;52;56;heavy;2
2025-07-02T15:03:00+02:00;54345;26;5;57;heavy;1
2025-07-02T15:03:00+02:00;54352;36;9;100;freeFlow;3
2025-07-02T15:03:00+02:00;54353;102;2;60;freeFlow;1
2025-07-02T15:03:00+02:00;54356;46;18;75;freeFlow;2
2025-07-02T15:03:00+02:00;54357;41;6;75;freeFlow;2
2025-07-02T15:03:00+02:00;54370;60;3;48;freeFlow;2
2025-07-02T15:03:00+02:00;54373;19;10;100;heavy;3
2025-07-02T15:03:00+02:00;54374;19;10;100;heavy;3
2025-07-02T15:03:00+02:00;54377;33;32;100;freeFlow;3
2025-07-02T15:03:00+02:00;54396;39;6;55;freeFlow;1
2025-07-02T15:03:00+02:00;54397;38;16;55;freeFlow;1
2025-07-02T15:03:00+02:00;54468;27;5;52;heavy;1
2025-07-02T15:03:00+02:00;54470;34;8;55;heavy;1
2025-07-02T15:03:00+02:00;56022;43;3;38;freeFlow;1
2025-07-02T15:03:00+02:00;56598;28;2;60;heavy;1
2025-07-02T15:03:00+02:00;56676_D;19;12;60;heavy;1
2025-07-02T15:03:00+02:00;56868;25;8;60;heavy;1
2025-07-02T15:03:00+02:00;56869;48;3;45;freeFlow;1
2025-07-02T15:03:00+02:00;56894;50;4;0;unknown;0
2025-07-02T15:03:00+02:00;56895;50;23;0;unknown;0
2025-07-02T15:03:00+02:00;56896;48;3;27;freeFlow;1
2025-07-02T15:03:00+02:00;56901;69;32;100;freeFlow;5
2025-07-02T15:03:00+02:00;60284;18;68;30;heavy;1
2025-07-02T15:03:00+02:00;63409_D;50;2;0;unknown;0
2025-07-02T15:03:00+02:00;63409_G;23;5;60;heavy;1
2025-07-02T15:03:00+02:00;66896;44;7;57;freeFlow;1
2025-07-02T15:03:00+02:00;69440;36;7;35;freeFlow;1
2025-07-02T15:03:00+02:00;69442;44;9;38;freeFlow;1
2025-07-02T15:03:00+02:00;75868;87;8;100;freeFlow;9
2025-07-02T15:03:00+02:00;75908;94;11;38;freeFlow;1
2025-07-02T15:03:00+02:00;75909;31;33;57;heavy;2
2025-07-02T15:03:00+02:00;44943;41;15;100;freeFlow;4
2025-07-02T15:03:00+02:00;47063;10;61;100;congested;3
2025-07-02T15:03:00+02:00;71455_G;50;3;0;unknown;0
2025-07-02T15:03:00+02:00;75831;108;9;48;freeFlow;1