datetime;predefinedLocationReference;averageVehicleSpeed;travelTime;travelTimeReliability;trafficStatus;vehicleProbeMeasurement
2025-07-02T22:03:00+02:00;10273_D;70;10;0;unknown;0
2025-07-02T22:03:00+02:00;10273_G;83;9;20;freeFlow;1
2025-07-02T22:03:00+02:00;10274_D;70;9;0;unknown;0
2025-07-02T22:03:00+02:00;10274_G;83;8;20;freeFlow;1
2025-07-02T22:03:00+02:00;10275_D;70;15;0;unknown;0
2025-07-02T22:03:00+02:00;10275_G;83;12;20;freeFlow;1
2025-07-02T22:03:00+02:00;10277_D;70;22;0;unknown;0
2025-07-02T22:03:00+02:00;10277_G;83;19;20;freeFlow;1
2025-07-02T22:03:00+02:00;10279_D;70;14;0;unknown;0
2025-07-02T22:03:00+02:00;10279_G;75;13;17;freeFlow;1
2025-07-02T22:03:00+02:00;10281_D;70;20;0;unknown;0
2025-07-02T22:03:00+02:00;10281_G;76;19;17;freeFlow;1
2025-07-02T22:03:00+02:00;10315_D;70;8;0;unknown;0
2025-07-02T22:03:00+02:00;10315_G;83;7;20;freeFlow;1
2025-07-02T22:03:00+02:00;11579_D;80;3;0;unknown;0
2025-07-02T22:03:00+02:00;11579_G;80;3;0;unknown;0
2025-07-02T22:03:00+02:00;11652;90;15;0;unknown;0
2025-07-02T22:03:00+02:00;11654;37;4;38;heavy;1
2025-07-02T22:03:00+02:00;11777_D;70;1;0;unknown;0
2025-07-02T22:03:00+02:00;11777_G;59;1;22;freeFlow;1
2025-07-02T22:03:00+02:00;11781_D;30;3;0;unknown;0
2025-07-02T22:03:00+02:00;11781_G;30;3;0;unknown;0
2025-07-02T22:03:00+02:00;11784_D;30;2;0;unknown;0
2025-07-02T22:03:00+02:00;11784_G;30;2;0;unknown;0
2025-07-02T22:03:00+02:00;11785_D;30;1;0;unknown;0
2025-07-02T22:03:00+02:00;11785_G;30;1;0;unknown;0
2025-07-02T22:03:00+02:00;12060_D;70;10;0;unknown;0
2025-07-02T22:03:00+02:00;12060_G;83;9;20;freeFlow;1
2025-07-02T22:03:00+02:00;1242_D;67;2;15;freeFlow;1
2025-07-02T22:03:00+02:00;1242_G;70;2;0;unknown;0
2025-07-02T22:03:00+02:00;1285_D;68;1;15;freeFlow;1
2025-07-02T22:03:00+02:00;1285_G;70;1;0;unknown;0
2025-07-02T22:03:00+02:00;13514;29;7;48;heavy;1
2025-07-02T22:03:00+02:00;13515;23;6;48;congested;1
2025-07-02T22:03:00+02:00;13516;80;1;0;unknown;0
2025-07-02T22:03:00+02:00;13549_D;80;4;0;unknown;0
2025-07-02T22:03:00+02:00;13549_G;59;6;48;freeFlow;1
2025-07-02T22:03:00+02:00;13557_D;80;5;0;unknown;0
2025-07-02T22:03:00+02:00;13557_G;59;6;48;freeFlow;1
2025-07-02T22:03:00+02:00;14364;110;19;0;unknown;0
2025-07-02T22:03:00+02:00;14365;105;19;65;freeFlow;2
2025-07-02T22:03:00+02:00;15029_D;80;31;60;freeFlow;1
2025-07-02T22:03:00+02:00;15029_G;80;31;0;unknown;0
2025-07-02T22:03:00+02:00;15062;80;2;0;unknown;0
2025-07-02T22:03:00+02:00;15063;27;5;69;heavy;2
2025-07-02T22:03:00+02:00;15064;50;3;60;heavy;1
2025-07-02T22:03:00+02:00;15065;80;2;0;unknown;0
2025-07-02T22:03:00+02:00;15066;45;3;42;heavy;1
2025-07-02T22:03:00+02:00;15067_D;80;53;0;unknown;0
2025-07-02T22:03:00+02:00;15067_G;78;55;42;freeFlow;1
2025-07-02T22:03:00+02:00;15104_D;80;49;0;unknown;0
2025-07-02T22:03:00+02:00;15104_G;77;51;41;freeFlow;1
2025-07-02T22:03:00+02:00;15111;87;4;50;freeFlow;1
2025-07-02T22:03:00+02:00;15113;80;2;0;unknown;0
2025-07-02T22:03:00+02:00;15114;80;2;0;unknown;0
2025-07-02T22:03:00+02:00;15117;80;2;0;unknown;0
2025-07-02T22:03:00+02:00;15118;47;2;50;heavy;1
2025-07-02T22:03:00+02:00;15119;47;4;50;heavy;1
2025-07-02T22:03:00+02:00;15120;47;4;50;heavy;1
2025-07-02T22:03:00+02:00;15121;47;2;50;heavy;1
2025-07-02T22:03:00+02:00;15122;36;5;50;heavy;1
2025-07-02T22:03:00+02:00;15124_D;80;11;0;unknown;0
2025-07-02T22:03:00+02:00;15124_G;31;27;48;heavy;1
2025-07-02T22:03:00+02:00;15549_D;50;1;0;unknown;0
2025-07-02T22:03:00+02:00;15549_G;63;1;60;freeFlow;1
2025-07-02T22:03:00+02:00;15550;70;0;0;unknown;0
2025-07-02T22:03:00+02:00;15551;81;141;54;freeFlow;1
2025-07-02T22:03:00+02:00;1601768;7;55;52;congested;1
2025-07-02T22:03:00+02:00;1601771;39;6;63;freeFlow;2
2025-07-02T22:03:00+02:00;1601787;50;2;0;unknown;0
2025-07-02T22:03:00+02:00;1601792;30;2;0;unknown;0
2025-07-02T22:03:00+02:00;1601794_D;30;4;0;unknown;0
2025-07-02T22:03:00+02:00;1601794_G;45;2;12;freeFlow;1
2025-07-02T22:03:00+02:00;1601795;30;16;0;unknown;0
2025-07-02T22:03:00+02:00;1601797;45;11;12;freeFlow;1
2025-07-02T22:03:00+02:00;1601798;45;2;12;freeFlow;1
2025-07-02T22:03:00+02:00;1601799;45;2;12;freeFlow;1
2025-07-02T22:03:00+02:00;1601807;76;1;70;freeFlow;2
2025-07-02T22:03:00+02:00;1601808;77;12;55;freeFlow;1
2025-07-02T22:03:00+02:00;1601810;51;19;22;freeFlow;1
2025-07-02T22:03:00+02:00;1601812;81;2;55;freeFlow;1
2025-07-02T22:03:00+02:00;1601813_D;74;17;57;freeFlow;1
2025-07-02T22:03:00+02:00;1601813_G;50;25;0;unknown;0
2025-07-02T22:03:00+02:00;1601814;50;4;0;unknown;0
2025-07-02T22:03:00+02:00;1601815;59;3;22;freeFlow;1
2025-07-02T22:03:00+02:00;1601819;127;0;55;freeFlow;1
2025-07-02T22:03:00+02:00;1601824;81;2;55;freeFlow;1
2025-07-02T22:03:00+02:00;1601898;90;17;60;freeFlow;1
2025-07-02T22:03:00+02:00;1601931_D;50;5;0;unknown;0
2025-07-02T22:03:00+02:00;1601931_G;50;5;0;unknown;0
2025-07-02T22:03:00+02:00;1602158_D;50;1;0;unknown;0
2025-07-02T22:03:00+02:00;1602158_G;50;1;0;unknown;0
2025-07-02T22:03:00+02:00;1602398;50;1;0;unknown;0
2025-07-02T22:03:00+02:00;1626;61;41;75;heavy;2
2025-07-02T22:03:00+02:00;1627;37;5;60;freeFlow;1
2025-07-02T22:03:00+02:00;1628;42;3;60;freeFlow;1
2025-07-02T22:03:00+02:00;1629;37;3;75;freeFlow;2
2025-07-02T22:03:00+02:00;1630;41;3;60;freeFlow;1
2025-07-02T22:03:00+02:00;1631;50;2;0;unknown;0
2025-07-02T22:03:00+02:00;1632;56;34;60;heavy;1
2025-07-02T22:03:00+02:00;1633;107;7;45;freeFlow;1
2025-07-02T22:03:00+02:00;1639;48;6;60;heavy;1
2025-07-02T22:03:00+02:00;16647_D;96;47;47;freeFlow;1
2025-07-02T22:03:00+02:00;16647_G;71;64;34;freeFlow;1
2025-07-02T22:03:00+02:00;16648_D;106;7;48;freeFlow;1
2025-07-02T22:03:00+02:00;16648_G;84;9;32;freeFlow;1
2025-07-02T22:03:00+02:00;16695_D;62;46;46;freeFlow;1
2025-07-02T22:03:00+02:00;16695_G;80;36;0;unknown;0
2025-07-02T22:03:00+02:00;16701;51;2;70;freeFlow;2
2025-07-02T22:03:00+02:00;16702;50;2;0;unknown;0
2025-07-02T22:03:00+02:00;16707_D;50;1;0;unknown;0
2025-07-02T22:03:00+02:00;16707_G;63;1;60;freeFlow;1
2025-07-02T22:03:00+02:00;16744;36;4;63;heavy;2
2025-07-02T22:03:00+02:00;16745;28;4;45;heavy;1
2025-07-02T22:03:00+02:00;16746;36;3;67;heavy;2
2025-07-02T22:03:00+02:00;16747;44;4;74;heavy;2
2025-07-02T22:03:00+02:00;16748;51;3;48;heavy;1
2025-07-02T22:03:00+02:00;16749;51;3;48;heavy;1
2025-07-02T22:03:00+02:00;16752_D;80;5;0;unknown;0
2025-07-02T22:03:00+02:00;16752_G;43;9;60;heavy;1
2025-07-02T22:03:00+02:00;1675_D;25;11;60;freeFlow;1
2025-07-02T22:03:00+02:00;1675_G;30;9;0;unknown;0
2025-07-02T22:03:00+02:00;1676;75;6;60;freeFlow;2
2025-07-02T22:03:00+02:00;16761;27;3;42;heavy;1
2025-07-02T22:03:00+02:00;16762;63;1;60;freeFlow;1
2025-07-02T22:03:00+02:00;1677;57;9;60;heavy;1
2025-07-02T22:03:00+02:00;1677109;39;41;73;heavy;2
2025-07-02T22:03:00+02:00;1677110;67;1;48;freeFlow;1
2025-07-02T22:03:00+02:00;1677175_D;30;48;0;unknown;0
2025-07-02T22:03:00+02:00;1677175_G;45;32;12;freeFlow;1
2025-07-02T22:03:00+02:00;1677180_D;30;1;0;unknown;0
2025-07-02T22:03:00+02:00;1677180_G;45;1;12;freeFlow;1
2025-07-02T22:03:00+02:00;1677184_D;30;23;0;unknown;0
2025-07-02T22:03:00+02:00;1677184_G;45;15;12;freeFlow;1
2025-07-02T22:03:00+02:00;1677551_D;30;2;0;unknown;0
2025-07-02T22:03:00+02:00;1677551_G;30;2;0;unknown;0
2025-07-02T22:03:00+02:00;1677568_D;50;29;0;unknown;0
2025-07-02T22:03:00+02:00;1677568_G;50;30;0;unknown;0
2025-07-02T22:03:00+02:00;1677569;50;2;0;unknown;0
2025-07-02T22:03:00+02:00;1677687;50;1;0;unknown;0
2025-07-02T22:03:00+02:00;1677691;50;1;0;unknown;0
2025-07-02T22:03:00+02:00;1677693;50;2;0;unknown;0
2025-07-02T22:03:00+02:00;1677695_D;50;14;0;unknown;0
2025-07-02T22:03:00+02:00;1677695_G;50;13;0;unknown;0
2025-07-02T22:03:00+02:00;1677709_D;50;3;0;unknown;0
2025-07-02T22:03:00+02:00;1677709_G;50;4;0;unknown;0
2025-07-02T22:03:00+02:00;1677716_D;50;3;0;unknown;0
2025-07-02T22:03:00+02:00;1677716_G;50;3;0;unknown;0
2025-07-02T22:03:00+02:00;1677730_D;50;22;0;unknown;0
2025-07-02T22:03:00+02:00;1677730_G;50;22;0;unknown;0
2025-07-02T22:03:00+02:00;1677735_D;50;1;0;unknown;0
2025-07-02T22:03:00+02:00;1677735_G;50;1;0;unknown;0
2025-07-02T22:03:00+02:00;1677745_D;50;2;0;unknown;0
2025-07-02T22:03:00+02:00;1677745_G;50;1;0;unknown;0
2025-07-02T22:03:00+02:00;1677785_D;30;9;0;unknown;0
2025-07-02T22:03:00+02:00;1677785_G;30;9;0;unknown;0
2025-07-02T22:03:00+02:00;1677801_D;50;6;0;unknown;0
2025-07-02T22:03:00+02:00;1677801_G;50;6;0;unknown;0
2025-07-02T22:03:00+02:00;1677808_D;50;13;0;unknown;0
2025-07-02T22:03:00+02:00;1677808_G;50;13;0;unknown;0
2025-07-02T22:03:00+02:00;16783;63;2;60;freeFlow;1
2025-07-02T22:03:00+02:00;16784;63;1;60;freeFlow;1
2025-07-02T22:03:00+02:00;16785;50;2;0;unknown;0
2025-07-02T22:03:00+02:00;1678542;87;24;35;freeFlow;1
2025-07-02T22:03:00+02:00;1678698_D;14;55;45;congested;1
2025-07-02T22:03:00+02:00;1678698_G;40;20;68;freeFlow;2
2025-07-02T22:03:00+02:00;1678750;50;2;0;unknown;0
2025-07-02T22:03:00+02:00;1678763_D;50;4;0;unknown;0
2025-07-02T22:03:00+02:00;1678763_G;24;8;60;heavy;1
2025-07-02T22:03:00+02:00;1679092_D;37;6;60;freeFlow;1
2025-07-02T22:03:00+02:00;1679092_G;52;4;27;freeFlow;1
2025-07-02T22:03:00+02:00;1679681;90;9;0;unknown;0
2025-07-02T22:03:00+02:00;1679779;41;8;52;freeFlow;1
2025-07-02T22:03:00+02:00;1679795_D;33;2;60;heavy;1
2025-07-02T22:03:00+02:00;1679822;55;1;25;freeFlow;2
2025-07-02T22:03:00+02:00;1679825;107;1;38;freeFlow;1
2025-07-02T22:03:00+02:00;1679841;14;72;27;congested;2
2025-07-02T22:03:00+02:00;1679843;107;0;38;freeFlow;1
2025-07-02T22:03:00+02:00;1679845;55;1;25;freeFlow;2
2025-07-02T22:03:00+02:00;1679847;107;1;38;freeFlow;1
2025-07-02T22:03:00+02:00;1679859_D;30;16;0;unknown;0
2025-07-02T22:03:00+02:00;1679859_G;30;16;0;unknown;0
2025-07-02T22:03:00+02:00;1680014;97;5;100;freeFlow;4
2025-07-02T22:03:00+02:00;1680016;130;9;60;freeFlow;1
2025-07-02T22:03:00+02:00;1680022;130;4;60;freeFlow;1
2025-07-02T22:03:00+02:00;1680024;95;8;100;freeFlow;4
2025-07-02T22:03:00+02:00;1680116;57;2;57;freeFlow;1
2025-07-02T22:03:00+02:00;1680119;57;3;57;freeFlow;1
2025-07-02T22:03:00+02:00;1680121;53;3;10;heavy;1
2025-07-02T22:03:00+02:00;1680122_D;73;25;60;freeFlow;1
2025-07-02T22:03:00+02:00;1680122_G;71;26;0;unknown;0
2025-07-02T22:03:00+02:00;1680123;53;3;10;heavy;1
2025-07-02T22:03:00+02:00;1680337;29;8;12;heavy;1
2025-07-02T22:03:00+02:00;1680401_D;70;17;0;unknown;0
2025-07-02T22:03:00+02:00;1680401_G;49;25;60;freeFlow;1
2025-07-02T22:03:00+02:00;1680514_D;31;14;75;heavy;2
2025-07-02T22:03:00+02:00;1680514_G;50;9;0;unknown;0
2025-07-02T22:03:00+02:00;1680539;90;1;0;unknown;0
2025-07-02T22:03:00+02:00;1680541_D;30;14;0;unknown;0
2025-07-02T22:03:00+02:00;1680541_G;31;13;60;freeFlow;1
2025-07-02T22:03:00+02:00;1680549_D;13;48;75;congested;2
2025-07-02T22:03:00+02:00;1680549_G;26;24;60;heavy;1
2025-07-02T22:03:00+02:00;1680551_D;31;1;60;freeFlow;1
2025-07-02T22:03:00+02:00;1680551_G;30;1;0;unknown;0
2025-07-02T22:03:00+02:00;1680557_D;50;0;0;unknown;0
2025-07-02T22:03:00+02:00;1680557_G;50;1;0;unknown;0
2025-07-02T22:03:00+02:00;1680561_D;19;2;75;heavy;2
2025-07-02T22:03:00+02:00;1680561_G;50;1;0;unknown;0
2025-07-02T22:03:00+02:00;1680567;33;2;27;heavy;2
2025-07-02T22:03:00+02:00;1680569;33;4;27;heavy;2
2025-07-02T22:03:00+02:00;1680573;24;3;60;heavy;1
2025-07-02T22:03:00+02:00;1680574;20;6;75;heavy;2
2025-07-02T22:03:00+02:00;1680575;28;11;100;heavy;3
2025-07-02T22:03:00+02:00;1680576;24;4;75;heavy;2
2025-07-02T22:03:00+02:00;16821_D;105;63;50;freeFlow;1
2025-07-02T22:03:00+02:00;16821_G;80;82;31;freeFlow;1
2025-07-02T22:03:00+02:00;16830_D;67;12;48;freeFlow;1
2025-07-02T22:03:00+02:00;16830_G;60;14;60;freeFlow;1
2025-07-02T22:03:00+02:00;16831_D;67;2;48;freeFlow;1
2025-07-02T22:03:00+02:00;16831_G;60;2;60;freeFlow;1
2025-07-02T22:03:00+02:00;16832;67;2;48;freeFlow;1
2025-07-02T22:03:00+02:00;16834;60;12;60;freeFlow;1
2025-07-02T22:03:00+02:00;16850_D;50;1;0;unknown;0
2025-07-02T22:03:00+02:00;16850_G;63;1;60;freeFlow;1
2025-07-02T22:03:00+02:00;16851_D;50;3;0;unknown;0
2025-07-02T22:03:00+02:00;16851_G;63;2;60;freeFlow;1
2025-07-02T22:03:00+02:00;16852_D;50;5;0;unknown;0
2025-07-02T22:03:00+02:00;16852_G;24;11;60;heavy;1
2025-07-02T22:03:00+02:00;16853_D;50;7;0;unknown;0
2025-07-02T22:03:00+02:00;16853_G;50;7;0;unknown;0
2025-07-02T22:03:00+02:00;16854_D;50;4;0;unknown;0
2025-07-02T22:03:00+02:00;16854_G;24;8;60;heavy;1
2025-07-02T22:03:00+02:00;16855_D;50;4;0;unknown;0
2025-07-02T22:03:00+02:00;16855_G;24;9;60;heavy;1
2025-07-02T22:03:00+02:00;16856_D;50;7;0;unknown;0
2025-07-02T22:03:00+02:00;16856_G;50;7;0;unknown;0
2025-07-02T22:03:00+02:00;16858_D;50;30;0;unknown;0
2025-07-02T22:03:00+02:00;16858_G;34;43;60;heavy;1
2025-07-02T22:03:00+02:00;16859_D;50;3;0;unknown;0
2025-07-02T22:03:00+02:00;16859_G;60;2;60;freeFlow;1
2025-07-02T22:03:00+02:00;16860_D;50;7;0;unknown;0
2025-07-02T22:03:00+02:00;16860_G;60;6;60;freeFlow;1
2025-07-02T22:03:00+02:00;1690_D;50;6;0;unknown;0
2025-07-02T22:03:00+02:00;1690_G;50;5;0;unknown;0
2025-07-02T22:03:00+02:00;16910_D;50;6;0;unknown;0
2025-07-02T22:03:00+02:00;16910_G;63;5;60;freeFlow;1
2025-07-02T22:03:00+02:00;16967;66;8;60;freeFlow;1
2025-07-02T22:03:00+02:00;16969;38;1;57;heavy;1
2025-07-02T22:03:00+02:00;16986;51;13;57;freeFlow;1
2025-07-02T22:03:00+02:00;16988;51;14;57;freeFlow;1
2025-07-02T22:03:00+02:00;16989;62;7;60;freeFlow;1
2025-07-02T22:03:00+02:00;16990;73;6;60;freeFlow;1
2025-07-02T22:03:00+02:00;16992;48;28;60;heavy;1
2025-07-02T22:03:00+02:00;16994;19;60;60;congested;1
2025-07-02T22:03:00+02:00;17;53;4;60;heavy;1
2025-07-02T22:03:00+02:00;1721;50;2;0;unknown;0
2025-07-02T22:03:00+02:00;1722;50;3;0;unknown;0
2025-07-02T22:03:00+02:00;1723;50;3;0;unknown;0
2025-07-02T22:03:00+02:00;1724_D;80;7;0;unknown;0
2025-07-02T22:03:00+02:00;1724_G;80;7;0;unknown;0
2025-07-02T22:03:00+02:00;1732_D;50;2;0;unknown;0
2025-07-02T22:03:00+02:00;1732_G;50;2;0;unknown;0
2025-07-02T22:03:00+02:00;1733_D;50;1;0;unknown;0
2025-07-02T22:03:00+02:00;1733_G;50;1;0;unknown;0
2025-07-02T22:03:00+02:00;1734_D;50;7;0;unknown;0
2025-07-02T22:03:00+02:00;1734_G;50;7;0;unknown;0
2025-07-02T22:03:00+02:00;18337;50;2;0;unknown;0
2025-07-02T22:03:00+02:00;18391_D;91;3;60;freeFlow;1
2025-07-02T22:03:00+02:00;18391_G;80;3;0;unknown;0
2025-07-02T22:03:00+02:00;1853;85;28;100;freeFlow;5
2025-07-02T22:03:00+02:00;1855;101;5;60;freeFlow;1
2025-07-02T22:03:00+02:00;1856;101;8;60;freeFlow;1
2025-07-02T22:03:00+02:00;19040;47;2;60;freeFlow;1
2025-07-02T22:03:00+02:00;1910886;40;6;30;freeFlow;1
2025-07-02T22:03:00+02:00;1911185_D;70;16;0;unknown;0
2025-07-02T22:03:00+02:00;1911185_G;70;16;0;unknown;0
2025-07-02T22:03:00+02:00;1911398_D;37;1;42;freeFlow;1
2025-07-02T22:03:00+02:00;1911398_G;36;1;60;freeFlow;1
2025-07-02T22:03:00+02:00;1911404_D;46;2;60;freeFlow;1
2025-07-02T22:03:00+02:00;1911404_G;37;3;38;freeFlow;1
2025-07-02T22:03:00+02:00;1911418;11;23;57;congested;1
2025-07-02T22:03:00+02:00;1911420;37;2;75;freeFlow;2
2025-07-02T22:03:00+02:00;1911448_D;70;27;0;unknown;0
2025-07-02T22:03:00+02:00;1911448_G;70;27;0;unknown;0
2025-07-02T22:03:00+02:00;1911623_D;36;5;60;freeFlow;1
2025-07-02T22:03:00+02:00;1911623_G;37;5;38;freeFlow;1
2025-07-02T22:03:00+02:00;19628;90;3;0;unknown;0
2025-07-02T22:03:00+02:00;19629;90;1;0;unknown;0
2025-07-02T22:03:00+02:00;19630;90;2;0;unknown;0
2025-07-02T22:03:00+02:00;19631;90;1;0;unknown;0
2025-07-02T22:03:00+02:00;19632;90;1;0;unknown;0
2025-07-02T22:03:00+02:00;19633;53;3;75;freeFlow;2
2025-07-02T22:03:00+02:00;19634;34;3;12;heavy;1
2025-07-02T22:03:00+02:00;19635;104;1;52;freeFlow;1
2025-07-02T22:03:00+02:00;19636;104;1;52;freeFlow;1
2025-07-02T22:03:00+02:00;19637;104;1;52;freeFlow;1
2025-07-02T22:03:00+02:00;19638;51;3;60;freeFlow;1
2025-07-02T22:03:00+02:00;19639;46;3;60;heavy;1
2025-07-02T22:03:00+02:00;19640;40;3;60;heavy;1
2025-07-02T22:03:00+02:00;19642;25;5;32;heavy;1
2025-07-02T22:03:00+02:00;19643;25;2;32;heavy;1
2025-07-02T22:03:00+02:00;19644;52;2;60;freeFlow;1
2025-07-02T22:03:00+02:00;19683;104;19;75;freeFlow;2
2025-07-02T22:03:00+02:00;19684;99;48;100;freeFlow;3
2025-07-02T22:03:00+02:00;19685;102;51;95;freeFlow;4
2025-07-02T22:03:00+02:00;19686;122;14;95;freeFlow;4
2025-07-02T22:03:00+02:00;198;104;44;52;freeFlow;1
2025-07-02T22:03:00+02:00;19825_D;83;39;55;freeFlow;1
2025-07-02T22:03:00+02:00;19825_G;68;48;25;freeFlow;1
2025-07-02T22:03:00+02:00;19828;127;1;55;freeFlow;1
2025-07-02T22:03:00+02:00;19830;47;2;22;freeFlow;1
2025-07-02T22:03:00+02:00;19832;63;2;70;freeFlow;2
2025-07-02T22:03:00+02:00;19833;64;2;70;freeFlow;2
2025-07-02T22:03:00+02:00;19841_D;107;14;52;freeFlow;1
2025-07-02T22:03:00+02:00;19841_G;75;20;25;freeFlow;1
2025-07-02T22:03:00+02:00;19842_D;107;4;52;freeFlow;1
2025-07-02T22:03:00+02:00;19842_G;71;5;27;freeFlow;1
2025-07-02T22:03:00+02:00;20525;64;3;60;freeFlow;1
2025-07-02T22:03:00+02:00;20526;64;2;60;freeFlow;1
2025-07-02T22:03:00+02:00;20527;73;2;0;unknown;0
2025-07-02T22:03:00+02:00;20528;73;2;0;unknown;0
2025-07-02T22:03:00+02:00;20590_D;82;99;60;freeFlow;1
2025-07-02T22:03:00+02:00;20590_G;80;102;0;unknown;0
2025-07-02T22:03:00+02:00;20760_D;61;25;57;freeFlow;1
2025-07-02T22:03:00+02:00;20760_G;53;29;10;freeFlow;1
2025-07-02T22:03:00+02:00;2216_D;66;46;40;freeFlow;1
2025-07-02T22:03:00+02:00;2216_G;93;33;50;freeFlow;2
2025-07-02T22:03:00+02:00;2218_D;80;27;0;unknown;0
2025-07-02T22:03:00+02:00;2218_G;86;25;52;freeFlow;1
2025-07-02T22:03:00+02:00;23984_D;80;1;0;unknown;0
2025-07-02T22:03:00+02:00;23984_G;81;1;60;freeFlow;1
2025-07-02T22:03:00+02:00;24143_D;9;43;38;congested;1
2025-07-02T22:03:00+02:00;24143_G;53;7;60;heavy;1
2025-07-02T22:03:00+02:00;24147_D;80;48;0;unknown;0
2025-07-02T22:03:00+02:00;24147_G;75;51;60;freeFlow;1
2025-07-02T22:03:00+02:00;24148;50;3;0;unknown;0
2025-07-02T22:03:00+02:00;24149;81;2;60;freeFlow;1
2025-07-02T22:03:00+02:00;24150;50;3;0;unknown;0
2025-07-02T22:03:00+02:00;24151;81;2;60;freeFlow;1
2025-07-02T22:03:00+02:00;24153_D;80;12;0;unknown;0
2025-07-02T22:03:00+02:00;24153_G;81;12;60;freeFlow;1
2025-07-02T22:03:00+02:00;24176;72;22;75;freeFlow;2
2025-07-02T22:03:00+02:00;24178;32;34;86;heavy;3
2025-07-02T22:03:00+02:00;24179;65;30;75;freeFlow;2
2025-07-02T22:03:00+02:00;24181_D;79;2;60;freeFlow;1
2025-07-02T22:03:00+02:00;24181_G;40;4;38;freeFlow;1
2025-07-02T22:03:00+02:00;24182;63;18;75;heavy;2
2025-07-02T22:03:00+02:00;24184_D;64;9;60;freeFlow;1
2025-07-02T22:03:00+02:00;24184_G;68;9;89;freeFlow;3
2025-07-02T22:03:00+02:00;24259;57;2;60;freeFlow;1
2025-07-02T22:03:00+02:00;24260;50;3;0;unknown;0
2025-07-02T22:03:00+02:00;24261;18;7;38;heavy;1
2025-07-02T22:03:00+02:00;24262;57;3;60;freeFlow;1
2025-07-02T22:03:00+02:00;24264_D;45;1;60;heavy;1
2025-07-02T22:03:00+02:00;24264_G;18;3;38;congested;1
2025-07-02T22:03:00+02:00;24265_D;57;1;60;freeFlow;1
2025-07-02T22:03:00+02:00;24265_G;40;1;38;freeFlow;1
2025-07-02T22:03:00+02:00;24274_D;40;12;38;freeFlow;1
2025-07-02T22:03:00+02:00;24274_G;66;7;60;freeFlow;1
2025-07-02T22:03:00+02:00;25687_D;30;7;0;unknown;0
2025-07-02T22:03:00+02:00;25687_G;30;7;0;unknown;0
2025-07-02T22:03:00+02:00;25929_D;80;10;0;unknown;0
2025-07-02T22:03:00+02:00;25929_G;80;11;0;unknown;0
2025-07-02T22:03:00+02:00;25930;34;5;27;heavy;1
2025-07-02T22:03:00+02:00;25931;34;6;27;heavy;1
2025-07-02T22:03:00+02:00;25932;49;3;52;heavy;1
2025-07-02T22:03:00+02:00;25933;49;3;52;heavy;1
2025-07-02T22:03:00+02:00;25934_D;80;3;0;unknown;0
2025-07-02T22:03:00+02:00;25934_G;80;3;0;unknown;0
2025-07-02T22:03:00+02:00;25944_D;68;4;52;freeFlow;1
2025-07-02T22:03:00+02:00;25944_G;44;6;27;heavy;1
2025-07-02T22:03:00+02:00;25946_D;55;15;27;heavy;1
2025-07-02T22:03:00+02:00;25946_G;97;9;52;freeFlow;1
2025-07-02T22:03:00+02:00;25947_D;66;29;27;freeFlow;1
2025-07-02T22:03:00+02:00;25947_G;80;24;52;freeFlow;1
2025-07-02T22:03:00+02:00;25988_D;30;10;0;unknown;0
2025-07-02T22:03:00+02:00;25988_G;30;10;0;unknown;0
2025-07-02T22:03:00+02:00;25989;50;2;0;unknown;0
2025-07-02T22:03:00+02:00;25990;50;2;0;unknown;0
2025-07-02T22:03:00+02:00;25991;50;2;0;unknown;0
2025-07-02T22:03:00+02:00;25992;50;2;0;unknown;0
2025-07-02T22:03:00+02:00;25993_D;30;3;0;unknown;0
2025-07-02T22:03:00+02:00;25993_G;30;3;0;unknown;0
2025-07-02T22:03:00+02:00;25994_D;50;4;0;unknown;0
2025-07-02T22:03:00+02:00;25994_G;50;4;0;unknown;0
2025-07-02T22:03:00+02:00;25995_D;50;1;0;unknown;0
2025-07-02T22:03:00+02:00;25995_G;50;1;0;unknown;0
2025-07-02T22:03:00+02:00;25996_D;50;5;0;unknown;0
2025-07-02T22:03:00+02:00;25996_G;50;4;0;unknown;0
2025-07-02T22:03:00+02:00;25997_D;50;1;0;unknown;0
2025-07-02T22:03:00+02:00;25997_G;50;1;0;unknown;0
2025-07-02T22:03:00+02:00;25998_D;50;11;0;unknown;0
2025-07-02T22:03:00+02:00;25998_G;50;11;0;unknown;0
2025-07-02T22:03:00+02:00;25999_D;50;8;0;unknown;0
2025-07-02T22:03:00+02:00;25999_G;50;8;0;unknown;0
2025-07-02T22:03:00+02:00;26000_D;80;5;0;unknown;0
2025-07-02T22:03:00+02:00;26000_G;80;5;0;unknown;0
2025-07-02T22:03:00+02:00;26001_D;80;1;0;unknown;0
2025-07-02T22:03:00+02:00;26001_G;80;1;0;unknown;0
2025-07-02T22:03:00+02:00;26002_D;80;5;0;unknown;0
2025-07-02T22:03:00+02:00;26002_G;80;5;0;unknown;0
2025-07-02T22:03:00+02:00;26023;84;3;100;freeFlow;3
2025-07-02T22:03:00+02:00;26024;87;53;57;freeFlow;1
2025-07-02T22:03:00+02:00;26025;105;62;94;freeFlow;3
2025-07-02T22:03:00+02:00;26041;37;9;70;freeFlow;2
2025-07-02T22:03:00+02:00;26043;41;11;60;freeFlow;1
2025-07-02T22:03:00+02:00;26044;44;10;70;freeFlow;2
2025-07-02T22:03:00+02:00;26046;40;23;75;freeFlow;2
2025-07-02T22:03:00+02:00;26047;8;9;57;congested;1
2025-07-02T22:03:00+02:00;26048;52;41;59;freeFlow;1
2025-07-02T22:03:00+02:00;26049;60;24;60;freeFlow;1
2025-07-02T22:03:00+02:00;26050;40;9;60;freeFlow;1
2025-07-02T22:03:00+02:00;26101_D;30;16;0;unknown;0
2025-07-02T22:03:00+02:00;26101_G;30;16;0;unknown;0
2025-07-02T22:03:00+02:00;26371_D;30;9;0;unknown;0
2025-07-02T22:03:00+02:00;26371_G;30;9;0;unknown;0
2025-07-02T22:03:00+02:00;26389_D;70;11;0;unknown;0
2025-07-02T22:03:00+02:00;26389_G;60;13;60;freeFlow;1
2025-07-02T22:03:00+02:00;26392_D;30;15;0;unknown;0
2025-07-02T22:03:00+02:00;26392_G;30;14;0;unknown;0
2025-07-02T22:03:00+02:00;26393;50;1;0;unknown;0
2025-07-02T22:03:00+02:00;26394;50;1;0;unknown;0
2025-07-02T22:03:00+02:00;26395;50;2;0;unknown;0
2025-07-02T22:03:00+02:00;26396;50;1;0;unknown;0
2025-07-02T22:03:00+02:00;26397_D;50;4;0;unknown;0
2025-07-02T22:03:00+02:00;26397_G;50;4;0;unknown;0
2025-07-02T22:03:00+02:00;26402_D;30;9;0;unknown;0
2025-07-02T22:03:00+02:00;26402_G;30;9;0;unknown;0
2025-07-02T22:03:00+02:00;26403_D;30;4;0;unknown;0
2025-07-02T22:03:00+02:00;26403_G;30;4;0;unknown;0
2025-07-02T22:03:00+02:00;26404_D;30;3;0;unknown;0
2025-07-02T22:03:00+02:00;26404_G;30;3;0;unknown;0
2025-07-02T22:03:00+02:00;26405_D;30;2;0;unknown;0
2025-07-02T22:03:00+02:00;26405_G;30;2;0;unknown;0
2025-07-02T22:03:00+02:00;26409_D;70;11;0;unknown;0
2025-07-02T22:03:00+02:00;26409_G;66;12;60;freeFlow;1
2025-07-02T22:03:00+02:00;26420_D;63;4;60;freeFlow;1
2025-07-02T22:03:00+02:00;26420_G;70;4;0;unknown;0
2025-07-02T22:03:00+02:00;26422_D;67;11;60;freeFlow;1
2025-07-02T22:03:00+02:00;26422_G;70;11;0;unknown;0
2025-07-02T22:03:00+02:00;26423_D;69;7;60;freeFlow;1
2025-07-02T22:03:00+02:00;26423_G;70;7;0;unknown;0
2025-07-02T22:03:00+02:00;26495_D;50;7;0;unknown;0
2025-07-02T22:03:00+02:00;26495_G;35;10;60;heavy;1
2025-07-02T22:03:00+02:00;26497_D;30;16;0;unknown;0
2025-07-02T22:03:00+02:00;26497_G;30;16;0;unknown;0
2025-07-02T22:03:00+02:00;26501;94;24;98;freeFlow;3
2025-07-02T22:03:00+02:00;26573;97;14;100;freeFlow;3
2025-07-02T22:03:00+02:00;26603_D;30;2;0;unknown;0
2025-07-02T22:03:00+02:00;26603_G;30;2;0;unknown;0
2025-07-02T22:03:00+02:00;26611_D;30;4;0;unknown;0
2025-07-02T22:03:00+02:00;26611_G;30;4;0;unknown;0
2025-07-02T22:03:00+02:00;26619;72;1;61;freeFlow;2
2025-07-02T22:03:00+02:00;26654;18;27;73;heavy;2
2025-07-02T22:03:00+02:00;26656;58;9;60;freeFlow;1
2025-07-02T22:03:00+02:00;26897_D;30;15;0;unknown;0
2025-07-02T22:03:00+02:00;26897_G;30;15;0;unknown;0
2025-07-02T22:03:00+02:00;27837_D;50;5;0;unknown;0
2025-07-02T22:03:00+02:00;27837_G;57;5;52;freeFlow;1
2025-07-02T22:03:00+02:00;28032;39;4;75;heavy;2
2025-07-02T22:03:00+02:00;28033;80;2;0;unknown;0
2025-07-02T22:03:00+02:00;282910_D;41;4;15;freeFlow;1
2025-07-02T22:03:00+02:00;282910_G;50;2;0;unknown;0
2025-07-02T22:03:00+02:00;28642_D;70;7;0;unknown;0
2025-07-02T22:03:00+02:00;28642_G;69;7;73;freeFlow;2
2025-07-02T22:03:00+02:00;28645_D;70;2;0;unknown;0
2025-07-02T22:03:00+02:00;28645_G;70;2;57;freeFlow;1
2025-07-02T22:03:00+02:00;28646_D;80;39;0;unknown;0
2025-07-02T22:03:00+02:00;28646_G;87;35;73;freeFlow;2
2025-07-02T22:03:00+02:00;28648_D;80;16;0;unknown;0
2025-07-02T22:03:00+02:00;28648_G;78;17;73;freeFlow;2
2025-07-02T22:03:00+02:00;28649_D;80;11;0;unknown;0
2025-07-02T22:03:00+02:00;28649_G;78;12;74;freeFlow;2
2025-07-02T22:03:00+02:00;28650_D;80;13;0;unknown;0
2025-07-02T22:03:00+02:00;28650_G;71;14;75;freeFlow;2
2025-07-02T22:03:00+02:00;28660_D;58;11;48;freeFlow;1
2025-07-02T22:03:00+02:00;28660_G;82;8;70;freeFlow;2
2025-07-02T22:03:00+02:00;28665_D;58;23;48;freeFlow;1
2025-07-02T22:03:00+02:00;28665_G;69;20;70;freeFlow;2
2025-07-02T22:03:00+02:00;28666_D;58;11;48;freeFlow;1
2025-07-02T22:03:00+02:00;28666_G;72;9;70;freeFlow;2
2025-07-02T22:03:00+02:00;28669_D;54;7;45;freeFlow;1
2025-07-02T22:03:00+02:00;28669_G;106;3;55;freeFlow;1
2025-07-02T22:03:00+02:00;28675_D;51;8;45;freeFlow;1
2025-07-02T22:03:00+02:00;28675_G;106;4;55;freeFlow;1
2025-07-02T22:03:00+02:00;28676_D;65;3;63;freeFlow;2
2025-07-02T22:03:00+02:00;28676_G;106;2;57;freeFlow;1
2025-07-02T22:03:00+02:00;28677_D;68;16;48;freeFlow;1
2025-07-02T22:03:00+02:00;28677_G;61;18;57;freeFlow;1
2025-07-02T22:03:00+02:00;28693_D;72;13;48;freeFlow;1
2025-07-02T22:03:00+02:00;28693_G;91;10;55;freeFlow;1
2025-07-02T22:03:00+02:00;28854;57;3;60;freeFlow;1
2025-07-02T22:03:00+02:00;28855;49;3;60;freeFlow;1
2025-07-02T22:03:00+02:00;28865_D;68;29;73;freeFlow;2
2025-07-02T22:03:00+02:00;28865_G;77;26;48;freeFlow;1
2025-07-02T22:03:00+02:00;28866_D;57;12;60;freeFlow;1
2025-07-02T22:03:00+02:00;28866_G;66;11;52;freeFlow;1
2025-07-02T22:03:00+02:00;28867;53;2;60;freeFlow;1
2025-07-02T22:03:00+02:00;28868;54;2;60;freeFlow;1
2025-07-02T22:03:00+02:00;29;69;21;60;freeFlow;1
2025-07-02T22:03:00+02:00;30;77;7;60;freeFlow;1
2025-07-02T22:03:00+02:00;30020_D;80;27;0;unknown;0
2025-07-02T22:03:00+02:00;30020_G;64;33;75;freeFlow;2
2025-07-02T22:03:00+02:00;30022;77;4;100;freeFlow;4
2025-07-02T22:03:00+02:00;30023;91;55;60;freeFlow;1
2025-07-02T22:03:00+02:00;30118;42;2;60;freeFlow;1
2025-07-02T22:03:00+02:00;30351_D;50;1;0;unknown;0
2025-07-02T22:03:00+02:00;30351_G;42;1;45;freeFlow;2
2025-07-02T22:03:00+02:00;30355_D;50;10;0;unknown;0
2025-07-02T22:03:00+02:00;30355_G;18;29;79;heavy;3
2025-07-02T22:03:00+02:00;30359_D;80;8;0;unknown;0
2025-07-02T22:03:00+02:00;30359_G;42;15;42;heavy;1
2025-07-02T22:03:00+02:00;30405;20;4;50;heavy;1
2025-07-02T22:03:00+02:00;30406;28;8;83;heavy;3
2025-07-02T22:03:00+02:00;30407;50;2;0;unknown;0
2025-07-02T22:03:00+02:00;30408;50;1;0;unknown;0
2025-07-02T22:03:00+02:00;30409;20;6;50;heavy;1
2025-07-02T22:03:00+02:00;30410_D;35;1;30;freeFlow;1
2025-07-02T22:03:00+02:00;30410_G;50;1;0;unknown;0
2025-07-02T22:03:00+02:00;30411_D;35;8;30;freeFlow;1
2025-07-02T22:03:00+02:00;30411_G;50;6;0;unknown;0
2025-07-02T22:03:00+02:00;30414_D;24;15;32;heavy;1
2025-07-02T22:03:00+02:00;30414_G;50;8;0;unknown;0
2025-07-02T22:03:00+02:00;30416_D;21;24;32;heavy;1
2025-07-02T22:03:00+02:00;30416_G;50;10;0;unknown;0
2025-07-02T22:03:00+02:00;30499_D;30;9;0;unknown;0
2025-07-02T22:03:00+02:00;30499_G;30;10;0;unknown;0
2025-07-02T22:03:00+02:00;30501_D;30;9;0;unknown;0
2025-07-02T22:03:00+02:00;30501_G;30;9;0;unknown;0
2025-07-02T22:03:00+02:00;30502_D;25;2;35;freeFlow;1
2025-07-02T22:03:00+02:00;30502_G;30;2;0;unknown;0
2025-07-02T22:03:00+02:00;30504_D;25;1;35;freeFlow;1
2025-07-02T22:03:00+02:00;30504_G;30;1;0;unknown;0
2025-07-02T22:03:00+02:00;30508;30;4;0;unknown;0
2025-07-02T22:03:00+02:00;30521_D;21;19;32;heavy;1
2025-07-02T22:03:00+02:00;30521_G;50;9;0;unknown;0
2025-07-02T22:03:00+02:00;30522_D;21;5;32;heavy;1
2025-07-02T22:03:00+02:00;30522_G;50;2;0;unknown;0
2025-07-02T22:03:00+02:00;30606_D;50;11;0;unknown;0
2025-07-02T22:03:00+02:00;30606_G;50;11;0;unknown;0
2025-07-02T22:03:00+02:00;30608_D;50;3;0;unknown;0
2025-07-02T22:03:00+02:00;30608_G;50;3;0;unknown;0
2025-07-02T22:03:00+02:00;30611_D;50;8;0;unknown;0
2025-07-02T22:03:00+02:00;30611_G;50;8;0;unknown;0
2025-07-02T22:03:00+02:00;31;80;5;60;freeFlow;1
2025-07-02T22:03:00+02:00;31286;50;3;0;unknown;0
2025-07-02T22:03:00+02:00;31287;50;1;0;unknown;0
2025-07-02T22:03:00+02:00;31288;50;4;0;unknown;0
2025-07-02T22:03:00+02:00;31289;50;2;0;unknown;0
2025-07-02T22:03:00+02:00;31300_D;50;1;0;unknown;0
2025-07-02T22:03:00+02:00;31300_G;50;1;0;unknown;0
2025-07-02T22:03:00+02:00;31302_D;50;1;0;unknown;0
2025-07-02T22:03:00+02:00;31302_G;50;1;0;unknown;0
2025-07-02T22:03:00+02:00;31304_D;50;22;0;unknown;0
2025-07-02T22:03:00+02:00;31305_D;50;15;0;unknown;0
2025-07-02T22:03:00+02:00;31305_G;50;15;0;unknown;0
2025-07-02T22:03:00+02:00;31361_D;50;1;0;unknown;0
2025-07-02T22:03:00+02:00;31361_G;50;1;0;unknown;0
2025-07-02T22:03:00+02:00;31444_D;72;34;27;freeFlow;1
2025-07-02T22:03:00+02:00;31444_G;52;47;75;heavy;2
2025-07-02T22:03:00+02:00;31448;63;2;60;freeFlow;1
2025-07-02T22:03:00+02:00;31449;40;4;60;heavy;1
2025-07-02T22:03:00+02:00;31450;42;3;42;heavy;1
2025-07-02T22:03:00+02:00;31451;80;1;0;unknown;0
2025-07-02T22:03:00+02:00;31453_D;80;20;0;unknown;0
2025-07-02T22:03:00+02:00;31453_G;59;27;75;freeFlow;2
2025-07-02T22:03:00+02:00;31511;95;16;25;freeFlow;1
2025-07-02T22:03:00+02:00;31512;105;23;32;freeFlow;1
2025-07-02T22:03:00+02:00;31513;104;21;73;freeFlow;3
2025-07-02T22:03:00+02:00;31515;52;2;100;freeFlow;3
2025-07-02T22:03:00+02:00;31517;41;3;60;freeFlow;1
2025-07-02T22:03:00+02:00;31520;42;2;60;freeFlow;1
2025-07-02T22:03:00+02:00;31522;41;4;60;freeFlow;1
2025-07-02T22:03:00+02:00;31523_D;44;5;60;freeFlow;1
2025-07-02T22:03:00+02:00;31523_G;47;4;60;freeFlow;1
2025-07-02T22:03:00+02:00;31530_D;82;5;61;freeFlow;2
2025-07-02T22:03:00+02:00;31530_G;49;8;100;heavy;3
2025-07-02T22:03:00+02:00;31532_D;72;2;27;freeFlow;1
2025-07-02T22:03:00+02:00;31532_G;43;4;75;heavy;2
2025-07-02T22:03:00+02:00;31534;79;5;96;freeFlow;3
2025-07-02T22:03:00+02:00;31536;49;19;75;freeFlow;2
2025-07-02T22:03:00+02:00;31550;99;9;100;freeFlow;4
2025-07-02T22:03:00+02:00;31551;93;8;100;freeFlow;5
2025-07-02T22:03:00+02:00;31553;84;12;60;freeFlow;1
2025-07-02T22:03:00+02:00;31557;60;6;50;freeFlow;1
2025-07-02T22:03:00+02:00;31558_D;53;21;50;freeFlow;1
2025-07-02T22:03:00+02:00;31558_G;50;23;0;unknown;0
2025-07-02T22:03:00+02:00;31559;56;8;52;freeFlow;1
2025-07-02T22:03:00+02:00;31561;58;6;52;freeFlow;1
2025-07-02T22:03:00+02:00;31562;57;7;27;freeFlow;1
2025-07-02T22:03:00+02:00;31563;50;8;0;unknown;0
2025-07-02T22:03:00+02:00;31568;70;5;0;unknown;0
2025-07-02T22:03:00+02:00;31569;70;8;0;unknown;0
2025-07-02T22:03:00+02:00;31583_D;68;11;45;freeFlow;1
2025-07-02T22:03:00+02:00;31583_G;64;12;57;freeFlow;1
2025-07-02T22:03:00+02:00;31670_D;50;9;0;unknown;0
2025-07-02T22:03:00+02:00;31670_G;44;10;15;freeFlow;1
2025-07-02T22:03:00+02:00;31672_D;55;37;60;freeFlow;1
2025-07-02T22:03:00+02:00;31672_G;43;46;35;heavy;1
2025-07-02T22:03:00+02:00;31673;13;101;100;congested;6
2025-07-02T22:03:00+02:00;31674;90;15;0;unknown;0
2025-07-02T22:03:00+02:00;31708_D;37;5;42;freeFlow;1
2025-07-02T22:03:00+02:00;31708_G;33;5;60;freeFlow;1
2025-07-02T22:03:00+02:00;31709_D;43;8;57;freeFlow;2
2025-07-02T22:03:00+02:00;31709_G;39;9;57;freeFlow;1
2025-07-02T22:03:00+02:00;31716_D;37;6;42;freeFlow;1
2025-07-02T22:03:00+02:00;31716_G;36;6;60;freeFlow;1
2025-07-02T22:03:00+02:00;31717_D;37;14;42;freeFlow;1
2025-07-02T22:03:00+02:00;31717_G;36;14;60;freeFlow;1
2025-07-02T22:03:00+02:00;31720_D;28;4;40;freeFlow;1
2025-07-02T22:03:00+02:00;31720_G;36;3;60;freeFlow;1
2025-07-02T22:03:00+02:00;31722_D;36;7;60;freeFlow;1
2025-07-02T22:03:00+02:00;31722_G;32;8;40;freeFlow;1
2025-07-02T22:03:00+02:00;31723;37;5;38;freeFlow;1
2025-07-02T22:03:00+02:00;31724;46;4;60;freeFlow;1
2025-07-02T22:03:00+02:00;31725;37;5;38;freeFlow;1
2025-07-02T22:03:00+02:00;31726;37;6;38;freeFlow;1
2025-07-02T22:03:00+02:00;31727_D;40;9;60;freeFlow;1
2025-07-02T22:03:00+02:00;31727_G;37;10;38;freeFlow;1
2025-07-02T22:03:00+02:00;31878;41;4;75;heavy;2
2025-07-02T22:03:00+02:00;31879;80;2;0;unknown;0
2025-07-02T22:03:00+02:00;31880;81;3;100;freeFlow;4
2025-07-02T22:03:00+02:00;31881;53;6;32;freeFlow;1
2025-07-02T22:03:00+02:00;31882;44;4;60;heavy;1
2025-07-02T22:03:00+02:00;32;78;16;60;freeFlow;1
2025-07-02T22:03:00+02:00;32118;90;1;0;unknown;0
2025-07-02T22:03:00+02:00;32163_D;37;2;42;freeFlow;1
2025-07-02T22:03:00+02:00;32163_G;36;3;60;freeFlow;1
2025-07-02T22:03:00+02:00;32165_D;50;2;0;unknown;0
2025-07-02T22:03:00+02:00;32165_G;50;2;0;unknown;0
2025-07-02T22:03:00+02:00;32177_D;80;7;0;unknown;0
2025-07-02T22:03:00+02:00;32177_G;50;12;75;heavy;2
2025-07-02T22:03:00+02:00;32784_D;50;2;0;unknown;0
2025-07-02T22:03:00+02:00;32784_G;50;2;0;unknown;0
2025-07-02T22:03:00+02:00;32785;50;1;0;unknown;0
2025-07-02T22:03:00+02:00;32786;50;2;0;unknown;0
2025-07-02T22:03:00+02:00;32788;50;2;0;unknown;0
2025-07-02T22:03:00+02:00;32790;50;1;0;unknown;0
2025-07-02T22:03:00+02:00;32791;50;2;0;unknown;0
2025-07-02T22:03:00+02:00;32794;50;1;0;unknown;0
2025-07-02T22:03:00+02:00;32796;50;1;0;unknown;0
2025-07-02T22:03:00+02:00;33;77;33;70;freeFlow;2
2025-07-02T22:03:00+02:00;34;104;26;52;freeFlow;1
2025-07-02T22:03:00+02:00;34744;70;46;75;freeFlow;2
2025-07-02T22:03:00+02:00;34745;98;33;100;freeFlow;8
2025-07-02T22:03:00+02:00;34757_D;50;2;0;unknown;0
2025-07-02T22:03:00+02:00;34757_G;50;2;0;unknown;0
2025-07-02T22:03:00+02:00;34758_D;50;16;0;unknown;0
2025-07-02T22:03:00+02:00;34758_G;50;16;0;unknown;0
2025-07-02T22:03:00+02:00;35;100;53;52;freeFlow;1
2025-07-02T22:03:00+02:00;35072;87;30;100;freeFlow;5
2025-07-02T22:03:00+02:00;35077;100;41;68;freeFlow;2
2025-07-02T22:03:00+02:00;35086;93;44;100;freeFlow;7
2025-07-02T22:03:00+02:00;35092;52;5;60;freeFlow;1
2025-07-02T22:03:00+02:00;35096;89;18;100;freeFlow;5
2025-07-02T22:03:00+02:00;35098;69;54;75;freeFlow;2
2025-07-02T22:03:00+02:00;35103;31;25;54;heavy;2
2025-07-02T22:03:00+02:00;35869_D;50;1;0;unknown;0
2025-07-02T22:03:00+02:00;35869_G;50;1;0;unknown;0
2025-07-02T22:03:00+02:00;35870_D;50;11;0;unknown;0
2025-07-02T22:03:00+02:00;35870_G;50;11;0;unknown;0
2025-07-02T22:03:00+02:00;35940;30;10;0;unknown;0
2025-07-02T22:03:00+02:00;35942;30;2;0;unknown;0
2025-07-02T22:03:00+02:00;35943;30;2;0;unknown;0
2025-07-02T22:03:00+02:00;35944;30;3;0;unknown;0
2025-07-02T22:03:00+02:00;35945;30;3;0;unknown;0
2025-07-02T22:03:00+02:00;35946_D;30;2;0;unknown;0
2025-07-02T22:03:00+02:00;35946_G;30;2;0;unknown;0
2025-07-02T22:03:00+02:00;35947;30;10;0;unknown;0
2025-07-02T22:03:00+02:00;35948;30;8;0;unknown;0
2025-07-02T22:03:00+02:00;35949;30;7;0;unknown;0
2025-07-02T22:03:00+02:00;35950;30;12;0;unknown;0
2025-07-02T22:03:00+02:00;35951;30;5;0;unknown;0
2025-07-02T22:03:00+02:00;35952;30;11;0;unknown;0
2025-07-02T22:03:00+02:00;35953;50;2;0;unknown;0
2025-07-02T22:03:00+02:00;35954;50;2;0;unknown;0
2025-07-02T22:03:00+02:00;35955;50;2;0;unknown;0
2025-07-02T22:03:00+02:00;35956;50;1;0;unknown;0
2025-07-02T22:03:00+02:00;35957_D;30;2;0;unknown;0
2025-07-02T22:03:00+02:00;35957_G;30;2;0;unknown;0
2025-07-02T22:03:00+02:00;35959_D;30;2;0;unknown;0
2025-07-02T22:03:00+02:00;35959_G;30;1;0;unknown;0
2025-07-02T22:03:00+02:00;35960;30;11;0;unknown;0
2025-07-02T22:03:00+02:00;35961;30;16;0;unknown;0
2025-07-02T22:03:00+02:00;35962;30;12;0;unknown;0
2025-07-02T22:03:00+02:00;35963;30;6;0;unknown;0
2025-07-02T22:03:00+02:00;35964;30;6;0;unknown;0
2025-07-02T22:03:00+02:00;35965;30;20;0;unknown;0
2025-07-02T22:03:00+02:00;35971;30;20;0;unknown;0
2025-07-02T22:03:00+02:00;35972;30;11;0;unknown;0
2025-07-02T22:03:00+02:00;35973;30;8;0;unknown;0
2025-07-02T22:03:00+02:00;35985_D;50;1;0;unknown;0
2025-07-02T22:03:00+02:00;35985_G;50;2;0;unknown;0
2025-07-02T22:03:00+02:00;35986_D;50;14;0;unknown;0
2025-07-02T22:03:00+02:00;35986_G;50;15;0;unknown;0
2025-07-02T22:03:00+02:00;35994_D;30;1;0;unknown;0
2025-07-02T22:03:00+02:00;35994_G;30;1;0;unknown;0
2025-07-02T22:03:00+02:00;35998;50;4;0;unknown;0
2025-07-02T22:03:00+02:00;35999;43;4;12;freeFlow;1
2025-07-02T22:03:00+02:00;36000;43;5;12;freeFlow;1
2025-07-02T22:03:00+02:00;36001;50;4;0;unknown;0
2025-07-02T22:03:00+02:00;36003_D;43;1;12;freeFlow;1
2025-07-02T22:03:00+02:00;36003_G;50;1;0;unknown;0
2025-07-02T22:03:00+02:00;36004_D;59;36;15;freeFlow;1
2025-07-02T22:03:00+02:00;36004_G;50;42;0;unknown;0
2025-07-02T22:03:00+02:00;36005;34;2;20;freeFlow;1
2025-07-02T22:03:00+02:00;36006;30;3;0;unknown;0
2025-07-02T22:03:00+02:00;36007;30;2;0;unknown;0
2025-07-02T22:03:00+02:00;36010_D;34;1;20;freeFlow;1
2025-07-02T22:03:00+02:00;36010_G;30;1;0;unknown;0
2025-07-02T22:03:00+02:00;36011;34;9;20;freeFlow;1
2025-07-02T22:03:00+02:00;36012_D;30;2;0;unknown;0
2025-07-02T22:03:00+02:00;36012_G;30;2;0;unknown;0
2025-07-02T22:03:00+02:00;37200_D;14;18;30;heavy;1
2025-07-02T22:03:00+02:00;37200_G;22;11;32;freeFlow;1
2025-07-02T22:03:00+02:00;37201;33;7;55;heavy;2
2025-07-02T22:03:00+02:00;37202;38;8;55;freeFlow;2
2025-07-02T22:03:00+02:00;37203;24;22;88;heavy;3
2025-07-02T22:03:00+02:00;37204_D;40;2;40;freeFlow;1
2025-07-02T22:03:00+02:00;37204_G;59;2;32;freeFlow;1
2025-07-02T22:03:00+02:00;37205_D;43;5;40;freeFlow;1
2025-07-02T22:03:00+02:00;37205_G;59;3;32;freeFlow;1
2025-07-02T22:03:00+02:00;37206_D;43;12;55;freeFlow;2
2025-07-02T22:03:00+02:00;37206_G;44;11;71;freeFlow;2
2025-07-02T22:03:00+02:00;37207;43;2;57;freeFlow;2
2025-07-02T22:03:00+02:00;37208;43;3;60;freeFlow;1
2025-07-02T22:03:00+02:00;37209;49;2;42;freeFlow;1
2025-07-02T22:03:00+02:00;37210_D;49;1;42;freeFlow;1
2025-07-02T22:03:00+02:00;37210_G;43;1;60;freeFlow;1
2025-07-02T22:03:00+02:00;37211_D;37;73;60;freeFlow;2
2025-07-02T22:03:00+02:00;37211_G;48;56;73;freeFlow;2
2025-07-02T22:03:00+02:00;37239;25;8;27;freeFlow;1
2025-07-02T22:03:00+02:00;37240;19;9;27;heavy;1
2025-07-02T22:03:00+02:00;37241;22;8;27;freeFlow;1
2025-07-02T22:03:00+02:00;37242;25;8;32;freeFlow;1
2025-07-02T22:03:00+02:00;37243_D;59;1;15;freeFlow;1
2025-07-02T22:03:00+02:00;37243_G;50;2;0;unknown;0
2025-07-02T22:03:00+02:00;37244_D;32;2;17;freeFlow;1
2025-07-02T22:03:00+02:00;37244_G;30;2;0;unknown;0
2025-07-02T22:03:00+02:00;37246_D;10;9;30;heavy;1
2025-07-02T22:03:00+02:00;37246_G;9;10;32;heavy;1
2025-07-02T22:03:00+02:00;37422_D;50;19;0;unknown;0
2025-07-02T22:03:00+02:00;37422_G;50;19;0;unknown;0
2025-07-02T22:03:00+02:00;37467_D;50;8;0;unknown;0
2025-07-02T22:03:00+02:00;37467_G;50;8;0;unknown;0
2025-07-02T22:03:00+02:00;37508_D;51;21;12;freeFlow;1
2025-07-02T22:03:00+02:00;37508_G;50;21;0;unknown;0
2025-07-02T22:03:00+02:00;37509_D;29;3;12;heavy;1
2025-07-02T22:03:00+02:00;37509_G;50;1;0;unknown;0
2025-07-02T22:03:00+02:00;37564_D;70;22;0;unknown;0
2025-07-02T22:03:00+02:00;37564_G;70;22;0;unknown;0
2025-07-02T22:03:00+02:00;37565_D;70;12;0;unknown;0
2025-07-02T22:03:00+02:00;37565_G;70;12;0;unknown;0
2025-07-02T22:03:00+02:00;37586_D;45;1;12;freeFlow;1
2025-07-02T22:03:00+02:00;37586_G;50;1;0;unknown;0
2025-07-02T22:03:00+02:00;37588_D;70;8;0;unknown;0
2025-07-02T22:03:00+02:00;37588_G;70;8;0;unknown;0
2025-07-02T22:03:00+02:00;37620_D;70;1;0;unknown;0
2025-07-02T22:03:00+02:00;37620_G;70;1;0;unknown;0
2025-07-02T22:03:00+02:00;37621;50;4;0;unknown;0
2025-07-02T22:03:00+02:00;37622;45;5;12;freeFlow;1
2025-07-02T22:03:00+02:00;37625_D;50;18;0;unknown;0
2025-07-02T22:03:00+02:00;37625_G;50;18;0;unknown;0
2025-07-02T22:03:00+02:00;37665_D;36;2;75;freeFlow;2
2025-07-02T22:03:00+02:00;37665_G;37;2;32;freeFlow;1
2025-07-02T22:03:00+02:00;37667;58;22;60;freeFlow;1
2025-07-02T22:03:00+02:00;37668;45;9;60;heavy;1
2025-07-02T22:03:00+02:00;37673;45;8;60;heavy;1
2025-07-02T22:03:00+02:00;37686_D;30;21;0;unknown;0
2025-07-02T22:03:00+02:00;37686_G;31;20;0;unknown;0
2025-07-02T22:03:00+02:00;37702_D;50;5;0;unknown;0
2025-07-02T22:03:00+02:00;37702_G;31;8;10;heavy;1
2025-07-02T22:03:00+02:00;37706_D;31;2;10;heavy;1
2025-07-02T22:03:00+02:00;37706_G;50;1;0;unknown;0
2025-07-02T22:03:00+02:00;37707_D;36;2;75;freeFlow;2
2025-07-02T22:03:00+02:00;37707_G;37;2;32;freeFlow;1
2025-07-02T22:03:00+02:00;37708_D;53;17;75;freeFlow;2
2025-07-02T22:03:00+02:00;37708_G;49;19;32;freeFlow;1
2025-07-02T22:03:00+02:00;37712_D;52;4;75;freeFlow;2
2025-07-02T22:03:00+02:00;37712_G;49;4;32;freeFlow;1
2025-07-02T22:03:00+02:00;37724;46;3;60;freeFlow;1
2025-07-02T22:03:00+02:00;37725;54;1;60;freeFlow;1
2025-07-02T22:03:00+02:00;37726;54;2;60;freeFlow;1
2025-07-02T22:03:00+02:00;37727;38;3;60;freeFlow;1
2025-07-02T22:03:00+02:00;37728;50;2;0;unknown;0
2025-07-02T22:03:00+02:00;37729;84;66;60;freeFlow;1
2025-07-02T22:03:00+02:00;37730;56;2;60;freeFlow;1
2025-07-02T22:03:00+02:00;37732;106;34;17;freeFlow;1
2025-07-02T22:03:00+02:00;37737;112;36;60;freeFlow;1
2025-07-02T22:03:00+02:00;37738;31;3;60;heavy;1
2025-07-02T22:03:00+02:00;37739;27;5;60;heavy;1
2025-07-02T22:03:00+02:00;37740;25;6;60;heavy;1
2025-07-02T22:03:00+02:00;37741;25;2;60;heavy;1
2025-07-02T22:03:00+02:00;37742;34;4;60;heavy;1
2025-07-02T22:03:00+02:00;37743;26;5;57;heavy;2
2025-07-02T22:03:00+02:00;37744;37;5;60;heavy;1
2025-07-02T22:03:00+02:00;37745;40;2;60;heavy;1
2025-07-02T22:03:00+02:00;37749;98;39;100;freeFlow;3
2025-07-02T22:03:00+02:00;37750;103;26;60;freeFlow;1
2025-07-02T22:03:00+02:00;37751;70;14;0;unknown;0
2025-07-02T22:03:00+02:00;37752;70;9;0;unknown;0
2025-07-02T22:03:00+02:00;37753;92;28;100;freeFlow;3
2025-07-02T22:03:00+02:00;37784;50;2;0;unknown;0
2025-07-02T22:03:00+02:00;37785;50;2;0;unknown;0
2025-07-02T22:03:00+02:00;37786;50;2;0;unknown;0
2025-07-02T22:03:00+02:00;37787_D;70;21;0;unknown;0
2025-07-02T22:03:00+02:00;37787_G;70;22;0;unknown;0
2025-07-02T22:03:00+02:00;37818;130;36;60;freeFlow;1
2025-07-02T22:03:00+02:00;37819;93;59;100;freeFlow;4
2025-07-02T22:03:00+02:00;37822;130;6;60;freeFlow;1
2025-07-02T22:03:00+02:00;37826;74;1;52;freeFlow;1
2025-07-02T22:03:00+02:00;37827;56;0;60;freeFlow;1
2025-07-02T22:03:00+02:00;37941;68;72;48;freeFlow;3
2025-07-02T22:03:00+02:00;37947;97;7;69;freeFlow;2
2025-07-02T22:03:00+02:00;37948;80;87;100;freeFlow;5
2025-07-02T22:03:00+02:00;37949;130;53;60;freeFlow;1
2025-07-02T22:03:00+02:00;37950;86;8;100;freeFlow;4
2025-07-02T22:03:00+02:00;37970;97;14;100;freeFlow;7
2025-07-02T22:03:00+02:00;38;81;17;60;freeFlow;1
2025-07-02T22:03:00+02:00;38067;80;14;100;freeFlow;5
2025-07-02T22:03:00+02:00;38068;35;6;42;heavy;1
2025-07-02T22:03:00+02:00;38069;70;4;0;unknown;0
2025-07-02T22:03:00+02:00;38070;130;7;60;freeFlow;1
2025-07-02T22:03:00+02:00;38310;50;1;0;unknown;0
2025-07-02T22:03:00+02:00;38311;50;2;0;unknown;0
2025-07-02T22:03:00+02:00;38317;93;2;100;freeFlow;4
2025-07-02T22:03:00+02:00;38318;130;20;60;freeFlow;1
2025-07-02T22:03:00+02:00;38319;96;21;100;freeFlow;7
2025-07-02T22:03:00+02:00;38322;14;11;42;congested;1
2025-07-02T22:03:00+02:00;38378_D;70;10;0;unknown;0
2025-07-02T22:03:00+02:00;38378_G;70;10;0;unknown;0
2025-07-02T22:03:00+02:00;38389_D;70;16;0;unknown;0
2025-07-02T22:03:00+02:00;38389_G;70;15;0;unknown;0
2025-07-02T22:03:00+02:00;39061;70;3;0;unknown;0
2025-07-02T22:03:00+02:00;39062;39;3;42;heavy;1
2025-07-02T22:03:00+02:00;39063;53;8;42;freeFlow;1
2025-07-02T22:03:00+02:00;39473;50;40;60;heavy;1
2025-07-02T22:03:00+02:00;39618;76;4;100;freeFlow;6
2025-07-02T22:03:00+02:00;39619;73;3;100;freeFlow;6
2025-07-02T22:03:00+02:00;39720_D;59;21;15;freeFlow;1
2025-07-02T22:03:00+02:00;39720_G;50;25;0;unknown;0
2025-07-02T22:03:00+02:00;39902_D;70;1;0;unknown;0
2025-07-02T22:03:00+02:00;39902_G;70;1;0;unknown;0
2025-07-02T22:03:00+02:00;39904_D;70;1;0;unknown;0
2025-07-02T22:03:00+02:00;39904_G;70;1;0;unknown;0
2025-07-02T22:03:00+02:00;39906_D;70;7;0;unknown;0
2025-07-02T22:03:00+02:00;39906_G;70;7;0;unknown;0
2025-07-02T22:03:00+02:00;40185_D;70;2;0;unknown;0
2025-07-02T22:03:00+02:00;40185_G;59;0;22;freeFlow;1
2025-07-02T22:03:00+02:00;40201;50;0;0;unknown;0
2025-07-02T22:03:00+02:00;40202;50;2;0;unknown;0
2025-07-02T22:03:00+02:00;40203;50;2;0;unknown;0
2025-07-02T22:03:00+02:00;40212_D;58;2;48;freeFlow;1
2025-07-02T22:03:00+02:00;40212_G;95;1;55;freeFlow;1
2025-07-02T22:03:00+02:00;40213_D;70;1;0;unknown;0
2025-07-02T22:03:00+02:00;40213_G;70;1;57;freeFlow;1
2025-07-02T22:03:00+02:00;41631_D;30;7;0;unknown;0
2025-07-02T22:03:00+02:00;41631_G;30;7;0;unknown;0
2025-07-02T22:03:00+02:00;41632_D;30;5;0;unknown;0
2025-07-02T22:03:00+02:00;41632_G;30;4;0;unknown;0
2025-07-02T22:03:00+02:00;41652_D;50;4;0;unknown;0
2025-07-02T22:03:00+02:00;41683_D;70;15;0;unknown;0
2025-07-02T22:03:00+02:00;41683_G;70;15;0;unknown;0
2025-07-02T22:03:00+02:00;41709_D;30;15;0;unknown;0
2025-07-02T22:03:00+02:00;41709_G;30;15;0;unknown;0
2025-07-02T22:03:00+02:00;41712_D;30;7;0;unknown;0
2025-07-02T22:03:00+02:00;41712_G;30;7;0;unknown;0
2025-07-02T22:03:00+02:00;41713_D;30;4;0;unknown;0
2025-07-02T22:03:00+02:00;41713_G;30;4;0;unknown;0
2025-07-02T22:03:00+02:00;41729;107;1;38;freeFlow;1
2025-07-02T22:03:00+02:00;41730;50;1;0;unknown;0
2025-07-02T22:03:00+02:00;41731;50;1;0;unknown;0
2025-07-02T22:03:00+02:00;41753_D;30;6;0;unknown;0
2025-07-02T22:03:00+02:00;41753_G;30;6;0;unknown;0
2025-07-02T22:03:00+02:00;41764_D;30;2;0;unknown;0
2025-07-02T22:03:00+02:00;41764_G;30;2;0;unknown;0
2025-07-02T22:03:00+02:00;41781;107;1;38;freeFlow;1
2025-07-02T22:03:00+02:00;41782;107;1;38;freeFlow;1
2025-07-02T22:03:00+02:00;41783;47;1;0;unknown;0
2025-07-02T22:03:00+02:00;41784;47;1;0;unknown;0
2025-07-02T22:03:00+02:00;41809_D;30;8;0;unknown;0
2025-07-02T22:03:00+02:00;41809_G;30;8;0;unknown;0
2025-07-02T22:03:00+02:00;41810_D;30;2;0;unknown;0
2025-07-02T22:03:00+02:00;41810_G;30;2;0;unknown;0
2025-07-02T22:03:00+02:00;41811_D;30;8;0;unknown;0
2025-07-02T22:03:00+02:00;41811_G;30;8;0;unknown;0
2025-07-02T22:03:00+02:00;41812_D;30;6;0;unknown;0
2025-07-02T22:03:00+02:00;41812_G;30;6;0;unknown;0
2025-07-02T22:03:00+02:00;41813_D;30;5;0;unknown;0
2025-07-02T22:03:00+02:00;41813_G;30;5;0;unknown;0
2025-07-02T22:03:00+02:00;41814_D;30;7;0;unknown;0
2025-07-02T22:03:00+02:00;41814_G;30;7;0;unknown;0
2025-07-02T22:03:00+02:00;41815_D;30;6;0;unknown;0
2025-07-02T22:03:00+02:00;41815_G;30;7;0;unknown;0
2025-07-02T22:03:00+02:00;41817_D;30;6;0;unknown;0
2025-07-02T22:03:00+02:00;41817_G;30;6;0;unknown;0
2025-07-02T22:03:00+02:00;41818_D;30;3;0;unknown;0
2025-07-02T22:03:00+02:00;41818_G;30;2;0;unknown;0
2025-07-02T22:03:00+02:00;42028;107;5;38;freeFlow;1
2025-07-02T22:03:00+02:00;42029;33;45;10;heavy;1
2025-07-02T22:03:00+02:00;42030;107;14;38;freeFlow;1
2025-07-02T22:03:00+02:00;42031;50;30;0;unknown;0
2025-07-02T22:03:00+02:00;42047;70;5;0;unknown;0
2025-07-02T22:03:00+02:00;42049;50;2;0;unknown;0
2025-07-02T22:03:00+02:00;42050;61;1;35;heavy;1
2025-07-02T22:03:00+02:00;42051;52;10;38;heavy;1
2025-07-02T22:03:00+02:00;42125_D;63;18;40;freeFlow;1
2025-07-02T22:03:00+02:00;42125_G;107;11;38;freeFlow;1
2025-07-02T22:03:00+02:00;42134;89;26;42;freeFlow;1
2025-07-02T22:03:00+02:00;42135;90;30;0;unknown;0
2025-07-02T22:03:00+02:00;42206_D;50;19;0;unknown;0
2025-07-02T22:03:00+02:00;42238_D;50;7;0;unknown;0
2025-07-02T22:03:00+02:00;42257;90;6;0;unknown;0
2025-07-02T22:03:00+02:00;42273_D;30;6;0;unknown;0
2025-07-02T22:03:00+02:00;42273_G;30;6;0;unknown;0
2025-07-02T22:03:00+02:00;42293_D;30;2;0;unknown;0
2025-07-02T22:03:00+02:00;42293_G;30;2;0;unknown;0
2025-07-02T22:03:00+02:00;42307_D;50;15;0;unknown;0
2025-07-02T22:03:00+02:00;42307_G;50;15;0;unknown;0
2025-07-02T22:03:00+02:00;42359;18;37;35;congested;1
2025-07-02T22:03:00+02:00;42375;50;1;0;unknown;0
2025-07-02T22:03:00+02:00;42378_D;30;1;0;unknown;0
2025-07-02T22:03:00+02:00;42378_G;30;2;0;unknown;0
2025-07-02T22:03:00+02:00;42379;103;26;42;freeFlow;1
2025-07-02T22:03:00+02:00;42383;107;1;38;freeFlow;1
2025-07-02T22:03:00+02:00;42384;50;1;0;unknown;0
2025-07-02T22:03:00+02:00;42385;33;2;10;heavy;1
2025-07-02T22:03:00+02:00;42386;33;2;10;heavy;1
2025-07-02T22:03:00+02:00;42387;63;3;40;freeFlow;1
2025-07-02T22:03:00+02:00;42388;63;2;40;freeFlow;1
2025-07-02T22:03:00+02:00;42389;63;3;40;freeFlow;1
2025-07-02T22:03:00+02:00;42390;107;1;38;freeFlow;1
2025-07-02T22:03:00+02:00;42391;107;1;38;freeFlow;1
2025-07-02T22:03:00+02:00;42392;63;1;40;freeFlow;1
2025-07-02T22:03:00+02:00;42399;72;4;42;freeFlow;1
2025-07-02T22:03:00+02:00;42401_D;107;12;38;freeFlow;1
2025-07-02T22:03:00+02:00;42401_G;107;12;38;freeFlow;1
2025-07-02T22:03:00+02:00;42572;106;0;40;freeFlow;1
2025-07-02T22:03:00+02:00;42573;50;1;0;unknown;0
2025-07-02T22:03:00+02:00;42580;80;1;42;freeFlow;1
2025-07-02T22:03:00+02:00;42595_D;30;6;0;unknown;0
2025-07-02T22:03:00+02:00;42595_G;30;6;0;unknown;0
2025-07-02T22:03:00+02:00;42603;107;5;38;freeFlow;1
2025-07-02T22:03:00+02:00;42663_D;50;5;0;unknown;0
2025-07-02T22:03:00+02:00;42663_G;50;5;0;unknown;0
2025-07-02T22:03:00+02:00;42681_D;70;13;0;unknown;0
2025-07-02T22:03:00+02:00;42681_G;70;13;0;unknown;0
2025-07-02T22:03:00+02:00;42684_D;30;2;0;unknown;0
2025-07-02T22:03:00+02:00;42684_G;30;2;0;unknown;0
2025-07-02T22:03:00+02:00;42685;90;29;0;unknown;0
2025-07-02T22:03:00+02:00;42709_D;63;15;40;freeFlow;1
2025-07-02T22:03:00+02:00;42709_G;107;9;38;freeFlow;1
2025-07-02T22:03:00+02:00;42777_D;50;3;0;unknown;0
2025-07-02T22:03:00+02:00;42777_G;50;3;0;unknown;0
2025-07-02T22:03:00+02:00;42778_D;50;1;0;unknown;0
2025-07-02T22:03:00+02:00;42778_G;50;1;0;unknown;0
2025-07-02T22:03:00+02:00;42779;50;2;0;unknown;0
2025-07-02T22:03:00+02:00;42780_D;50;8;0;unknown;0
2025-07-02T22:03:00+02:00;42780_G;50;8;0;unknown;0
2025-07-02T22:03:00+02:00;42938_D;39;8;70;freeFlow;2
2025-07-02T22:03:00+02:00;42938_G;50;6;0;unknown;0
2025-07-02T22:03:00+02:00;42939_D;38;6;73;freeFlow;2
2025-07-02T22:03:00+02:00;42939_G;50;4;0;unknown;0
2025-07-02T22:03:00+02:00;42940_D;17;25;73;heavy;2
2025-07-02T22:03:00+02:00;42940_G;50;9;0;unknown;0
2025-07-02T22:03:00+02:00;42941_D;32;4;73;heavy;2
2025-07-02T22:03:00+02:00;42941_G;50;3;0;unknown;0
2025-07-02T22:03:00+02:00;42947_D;50;9;0;unknown;0
2025-07-02T22:03:00+02:00;42947_G;50;9;0;unknown;0
2025-07-02T22:03:00+02:00;42948_D;50;5;0;unknown;0
2025-07-02T22:03:00+02:00;42948_G;50;5;0;unknown;0
2025-07-02T22:03:00+02:00;42949_D;50;5;0;unknown;0
2025-07-02T22:03:00+02:00;42949_G;50;5;0;unknown;0
2025-07-02T22:03:00+02:00;42978_D;50;11;0;unknown;0
2025-07-02T22:03:00+02:00;42978_G;50;11;0;unknown;0
2025-07-02T22:03:00+02:00;42979_D;50;3;0;unknown;0
2025-07-02T22:03:00+02:00;42979_G;50;3;0;unknown;0
2025-07-02T22:03:00+02:00;42983_D;34;11;73;heavy;2
2025-07-02T22:03:00+02:00;42983_G;50;8;0;unknown;0
2025-07-02T22:03:00+02:00;42999_D;50;12;0;unknown;0
2025-07-02T22:03:00+02:00;42999_G;50;12;0;unknown;0
2025-07-02T22:03:00+02:00;43000_D;50;5;0;unknown;0
2025-07-02T22:03:00+02:00;43000_G;50;5;0;unknown;0
2025-07-02T22:03:00+02:00;43001_D;50;4;0;unknown;0
2025-07-02T22:03:00+02:00;43001_G;50;4;0;unknown;0
2025-07-02T22:03:00+02:00;43003_D;50;3;0;unknown;0
2025-07-02T22:03:00+02:00;43003_G;31;5;0;unknown;0
2025-07-02T22:03:00+02:00;43027_D;37;7;73;freeFlow;2
2025-07-02T22:03:00+02:00;43027_G;50;5;0;unknown;0
2025-07-02T22:03:00+02:00;43029_D;50;8;0;unknown;0
2025-07-02T22:03:00+02:00;43029_G;50;8;0;unknown;0
2025-07-02T22:03:00+02:00;43046_D;50;6;0;unknown;0
2025-07-02T22:03:00+02:00;43046_G;50;6;0;unknown;0
2025-07-02T22:03:00+02:00;43047_D;50;4;0;unknown;0
2025-07-02T22:03:00+02:00;43047_G;50;3;0;unknown;0
2025-07-02T22:03:00+02:00;43048_D;50;5;0;unknown;0
2025-07-02T22:03:00+02:00;43048_G;50;5;0;unknown;0
2025-07-02T22:03:00+02:00;43049_D;30;4;0;unknown;0
2025-07-02T22:03:00+02:00;43049_G;30;4;0;unknown;0
2025-07-02T22:03:00+02:00;43050_D;50;3;0;unknown;0
2025-07-02T22:03:00+02:00;43050_G;50;3;0;unknown;0
2025-07-02T22:03:00+02:00;43099;31;3;12;heavy;1
2025-07-02T22:03:00+02:00;43352_G;30;16;0;unknown;0
2025-07-02T22:03:00+02:00;43451_D;30;15;0;unknown;0
2025-07-02T22:03:00+02:00;43481;50;14;0;unknown;0
2025-07-02T22:03:00+02:00;43627;37;18;29;freeFlow;1
2025-07-02T22:03:00+02:00;43658_D;50;4;0;unknown;0
2025-07-02T22:03:00+02:00;43658_G;50;4;0;unknown;0
2025-07-02T22:03:00+02:00;43718_D;50;3;0;unknown;0
2025-07-02T22:03:00+02:00;43718_G;50;3;0;unknown;0
2025-07-02T22:03:00+02:00;43719_D;50;9;0;unknown;0
2025-07-02T22:03:00+02:00;43719_G;50;9;0;unknown;0
2025-07-02T22:03:00+02:00;43720_D;50;4;0;unknown;0
2025-07-02T22:03:00+02:00;43720_G;50;4;0;unknown;0
2025-07-02T22:03:00+02:00;43724_D;50;8;0;unknown;0
2025-07-02T22:03:00+02:00;43724_G;50;8;0;unknown;0
2025-07-02T22:03:00+02:00;43733_D;50;4;0;unknown;0
2025-07-02T22:03:00+02:00;43733_G;50;4;0;unknown;0
2025-07-02T22:03:00+02:00;43736_D;50;4;0;unknown;0
2025-07-02T22:03:00+02:00;43736_G;50;4;0;unknown;0
2025-07-02T22:03:00+02:00;43739_D;50;6;0;unknown;0
2025-07-02T22:03:00+02:00;43739_G;50;7;0;unknown;0
2025-07-02T22:03:00+02:00;43740_D;50;6;0;unknown;0
2025-07-02T22:03:00+02:00;43740_G;50;6;0;unknown;0
2025-07-02T22:03:00+02:00;43741_D;50;1;0;unknown;0
2025-07-02T22:03:00+02:00;43741_G;50;0;0;unknown;0
2025-07-02T22:03:00+02:00;43742_D;50;7;0;unknown;0
2025-07-02T22:03:00+02:00;43742_G;50;7;0;unknown;0
2025-07-02T22:03:00+02:00;43743_G;50;25;0;unknown;0
2025-07-02T22:03:00+02:00;43744_D;50;5;0;unknown;0
2025-07-02T22:03:00+02:00;43744_G;50;5;0;unknown;0
2025-07-02T22:03:00+02:00;43748;30;7;0;unknown;0
2025-07-02T22:03:00+02:00;43757;50;2;0;unknown;0
2025-07-02T22:03:00+02:00;43758;50;6;0;unknown;0
2025-07-02T22:03:00+02:00;43786_D;22;28;75;heavy;2
2025-07-02T22:03:00+02:00;43786_G;50;12;0;unknown;0
2025-07-02T22:03:00+02:00;43787_D;32;4;75;heavy;2
2025-07-02T22:03:00+02:00;43787_G;50;3;0;unknown;0
2025-07-02T22:03:00+02:00;43788_D;39;3;75;freeFlow;2
2025-07-02T22:03:00+02:00;43788_G;50;2;0;unknown;0
2025-07-02T22:03:00+02:00;43789_D;37;7;75;freeFlow;2
2025-07-02T22:03:00+02:00;43789_G;50;6;0;unknown;0
2025-07-02T22:03:00+02:00;43790_D;25;9;75;heavy;2
2025-07-02T22:03:00+02:00;43790_G;50;5;0;unknown;0
2025-07-02T22:03:00+02:00;43791_D;35;4;75;freeFlow;2
2025-07-02T22:03:00+02:00;43791_G;50;3;0;unknown;0
2025-07-02T22:03:00+02:00;43792_D;49;7;75;freeFlow;2
2025-07-02T22:03:00+02:00;43792_G;50;6;0;unknown;0
2025-07-02T22:03:00+02:00;43814_D;50;14;0;unknown;0
2025-07-02T22:03:00+02:00;43814_G;50;14;0;unknown;0
2025-07-02T22:03:00+02:00;43815_D;50;7;0;unknown;0
2025-07-02T22:03:00+02:00;43815_G;50;7;0;unknown;0
2025-07-02T22:03:00+02:00;43817_D;50;14;0;unknown;0
2025-07-02T22:03:00+02:00;43817_G;50;14;0;unknown;0
2025-07-02T22:03:00+02:00;43819;11;41;15;heavy;1
2025-07-02T22:03:00+02:00;43821;50;5;0;unknown;0
2025-07-02T22:03:00+02:00;43828_D;37;15;75;freeFlow;2
2025-07-02T22:03:00+02:00;43828_G;50;11;0;unknown;0
2025-07-02T22:03:00+02:00;43835_D;50;7;0;unknown;0
2025-07-02T22:03:00+02:00;43835_G;50;7;0;unknown;0
2025-07-02T22:03:00+02:00;43836;50;10;0;unknown;0
2025-07-02T22:03:00+02:00;43871_D;50;4;0;unknown;0
2025-07-02T22:03:00+02:00;43871_G;50;4;0;unknown;0
2025-07-02T22:03:00+02:00;43872_D;50;4;0;unknown;0
2025-07-02T22:03:00+02:00;43872_G;50;4;0;unknown;0
2025-07-02T22:03:00+02:00;43873_D;50;5;0;unknown;0
2025-07-02T22:03:00+02:00;43873_G;50;5;0;unknown;0
2025-07-02T22:03:00+02:00;43925_D;50;5;0;unknown;0
2025-07-02T22:03:00+02:00;43925_G;50;5;0;unknown;0
2025-07-02T22:03:00+02:00;43937_D;50;6;0;unknown;0
2025-07-02T22:03:00+02:00;43937_G;50;6;0;unknown;0
2025-07-02T22:03:00+02:00;43938_D;50;20;0;unknown;0
2025-07-02T22:03:00+02:00;43938_G;50;20;0;unknown;0
2025-07-02T22:03:00+02:00;43972;46;7;35;freeFlow;1
2025-07-02T22:03:00+02:00;43974;50;10;0;unknown;0
2025-07-02T22:03:00+02:00;43975;50;4;0;unknown;0
2025-07-02T22:03:00+02:00;44002_D;37;12;60;freeFlow;1
2025-07-02T22:03:00+02:00;44002_G;36;12;60;freeFlow;1
2025-07-02T22:03:00+02:00;44003_D;51;8;60;freeFlow;1
2025-07-02T22:03:00+02:00;44012;50;13;0;unknown;0
2025-07-02T22:03:00+02:00;44017_D;39;4;60;freeFlow;1
2025-07-02T22:03:00+02:00;44018_D;41;14;60;freeFlow;1
2025-07-02T22:03:00+02:00;44028;36;8;35;freeFlow;1
2025-07-02T22:03:00+02:00;44036_D;34;3;60;heavy;1
2025-07-02T22:03:00+02:00;44036_G;50;2;25;freeFlow;1
2025-07-02T22:03:00+02:00;44066;50;4;0;unknown;0
2025-07-02T22:03:00+02:00;44067;50;15;0;unknown;0
2025-07-02T22:03:00+02:00;44069;50;4;0;unknown;0
2025-07-02T22:03:00+02:00;44084_D;24;11;48;heavy;1
2025-07-02T22:03:00+02:00;44084_G;50;5;0;unknown;0
2025-07-02T22:03:00+02:00;44089_D;50;6;0;unknown;0
2025-07-02T22:03:00+02:00;44089_G;50;6;0;unknown;0
2025-07-02T22:03:00+02:00;44090_D;50;5;0;unknown;0
2025-07-02T22:03:00+02:00;44090_G;50;5;0;unknown;0
2025-07-02T22:03:00+02:00;44131;30;21;57;heavy;1
2025-07-02T22:03:00+02:00;44134;50;9;0;unknown;0
2025-07-02T22:03:00+02:00;44165_D;8;30;54;congested;2
2025-07-02T22:03:00+02:00;44165_G;8;30;50;congested;1
2025-07-02T22:03:00+02:00;44198_D;50;14;0;unknown;0
2025-07-02T22:03:00+02:00;44198_G;50;14;0;unknown;0
2025-07-02T22:03:00+02:00;44199_D;50;5;0;unknown;0
2025-07-02T22:03:00+02:00;44199_G;50;5;0;unknown;0
2025-07-02T22:03:00+02:00;44231_D;12;22;75;congested;2
2025-07-02T22:03:00+02:00;44231_G;33;8;60;heavy;1
2025-07-02T22:03:00+02:00;44232_D;36;6;75;freeFlow;2
2025-07-02T22:03:00+02:00;44232_G;13;17;0;unknown;0
2025-07-02T22:03:00+02:00;44234_D;36;10;75;freeFlow;2
2025-07-02T22:03:00+02:00;44234_G;7;47;48;congested;2
2025-07-02T22:03:00+02:00;44259_D;50;2;0;unknown;0
2025-07-02T22:03:00+02:00;44259_G;50;2;0;unknown;0
2025-07-02T22:03:00+02:00;44260;50;8;0;unknown;0
2025-07-02T22:03:00+02:00;44261_D;50;9;0;unknown;0
2025-07-02T22:03:00+02:00;44261_G;50;9;0;unknown;0
2025-07-02T22:03:00+02:00;44293;50;5;0;unknown;0
2025-07-02T22:03:00+02:00;44303_D;50;2;0;unknown;0
2025-07-02T22:03:00+02:00;44303_G;50;2;0;unknown;0
2025-07-02T22:03:00+02:00;44304_D;50;9;0;unknown;0
2025-07-02T22:03:00+02:00;44304_G;50;9;0;unknown;0
2025-07-02T22:03:00+02:00;44322_D;36;61;75;freeFlow;2
2025-07-02T22:03:00+02:00;44322_G;50;44;0;unknown;0
2025-07-02T22:03:00+02:00;44328;50;10;0;unknown;0
2025-07-02T22:03:00+02:00;44583_D;9;43;48;congested;1
2025-07-02T22:03:00+02:00;44583_G;50;7;0;unknown;0
2025-07-02T22:03:00+02:00;44584_D;50;10;0;unknown;0
2025-07-02T22:03:00+02:00;44584_G;50;10;0;unknown;0
2025-07-02T22:03:00+02:00;44632_D;43;24;50;freeFlow;1
2025-07-02T22:03:00+02:00;44632_G;50;20;0;unknown;0
2025-07-02T22:03:00+02:00;44694_D;50;12;0;unknown;0
2025-07-02T22:03:00+02:00;44694_G;50;12;0;unknown;0
2025-07-02T22:03:00+02:00;44695_D;50;2;0;unknown;0
2025-07-02T22:03:00+02:00;44695_G;50;2;0;unknown;0
2025-07-02T22:03:00+02:00;44711_D;50;13;0;unknown;0
2025-07-02T22:03:00+02:00;44711_G;50;13;0;unknown;0
2025-07-02T22:03:00+02:00;44712_D;50;5;0;unknown;0
2025-07-02T22:03:00+02:00;44712_G;50;5;0;unknown;0
2025-07-02T22:03:00+02:00;44714_D;50;1;0;unknown;0
2025-07-02T22:03:00+02:00;44714_G;50;1;0;unknown;0
2025-07-02T22:03:00+02:00;44736_D;10;10;48;congested;1
2025-07-02T22:03:00+02:00;44736_G;50;2;0;unknown;0
2025-07-02T22:03:00+02:00;44868;100;4;75;freeFlow;2
2025-07-02T22:03:00+02:00;44873;120;1;60;freeFlow;1
2025-07-02T22:03:00+02:00;44874;87;4;100;freeFlow;4
2025-07-02T22:03:00+02:00;44875;120;3;60;freeFlow;1
2025-07-02T22:03:00+02:00;44877;82;5;100;freeFlow;3
2025-07-02T22:03:00+02:00;44878;70;13;0;unknown;0
2025-07-02T22:03:00+02:00;44880;87;17;60;freeFlow;1
2025-07-02T22:03:00+02:00;44882;88;11;60;freeFlow;1
2025-07-02T22:03:00+02:00;44884;101;13;75;freeFlow;2
2025-07-02T22:03:00+02:00;44900;92;16;100;freeFlow;3
2025-07-02T22:03:00+02:00;44902_D;44;37;60;freeFlow;1
2025-07-02T22:03:00+02:00;44902_G;50;33;0;unknown;0
2025-07-02T22:03:00+02:00;44905;82;8;100;freeFlow;3
2025-07-02T22:03:00+02:00;44920;73;3;100;freeFlow;3
2025-07-02T22:03:00+02:00;44942;50;22;0;unknown;0
2025-07-02T22:03:00+02:00;44948;99;10;60;freeFlow;1
2025-07-02T22:03:00+02:00;44961;34;9;15;freeFlow;1
2025-07-02T22:03:00+02:00;44962;30;8;0;unknown;0
2025-07-02T22:03:00+02:00;44963;50;2;0;unknown;0
2025-07-02T22:03:00+02:00;44966;87;11;75;freeFlow;2
2025-07-02T22:03:00+02:00;44974;16;8;92;heavy;3
2025-07-02T22:03:00+02:00;45012_D;31;2;75;heavy;2
2025-07-02T22:03:00+02:00;45012_G;14;4;60;congested;1
2025-07-02T22:03:00+02:00;45028_D;32;27;75;heavy;2
2025-07-02T22:03:00+02:00;45028_G;37;24;60;freeFlow;1
2025-07-02T22:03:00+02:00;45029_D;34;10;75;heavy;2
2025-07-02T22:03:00+02:00;45029_G;19;18;60;heavy;1
2025-07-02T22:03:00+02:00;45106_D;5;28;75;congested;2
2025-07-02T22:03:00+02:00;45106_G;37;4;60;freeFlow;1
2025-07-02T22:03:00+02:00;45136_D;45;17;30;freeFlow;1
2025-07-02T22:03:00+02:00;45149;32;16;55;heavy;1
2025-07-02T22:03:00+02:00;45166;43;1;52;freeFlow;1
2025-07-02T22:03:00+02:00;45169;33;3;27;heavy;1
2025-07-02T22:03:00+02:00;45236_G;50;10;0;unknown;0
2025-07-02T22:03:00+02:00;45238;50;12;0;unknown;0
2025-07-02T22:03:00+02:00;45239;66;7;30;freeFlow;1
2025-07-02T22:03:00+02:00;45240;66;8;30;freeFlow;1
2025-07-02T22:03:00+02:00;45241;66;2;30;freeFlow;1
2025-07-02T22:03:00+02:00;45305;90;3;0;unknown;0
2025-07-02T22:03:00+02:00;45306;90;7;0;unknown;0
2025-07-02T22:03:00+02:00;45327;94;6;100;freeFlow;4
2025-07-02T22:03:00+02:00;45486_D;14;14;60;congested;1
2025-07-02T22:03:00+02:00;45487_D;50;5;0;unknown;0
2025-07-02T22:03:00+02:00;45630;93;12;100;freeFlow;4
2025-07-02T22:03:00+02:00;45645_D;50;11;0;unknown;0
2025-07-02T22:03:00+02:00;45651;54;3;27;freeFlow;1
2025-07-02T22:03:00+02:00;45761_D;19;15;0;unknown;0
2025-07-02T22:03:00+02:00;45865_D;50;7;0;unknown;0
2025-07-02T22:03:00+02:00;46053_D;29;13;60;heavy;1
2025-07-02T22:03:00+02:00;46056_D;24;4;60;heavy;1
2025-07-02T22:03:00+02:00;46061;50;4;0;unknown;0
2025-07-02T22:03:00+02:00;46567_D;46;2;27;freeFlow;1
2025-07-02T22:03:00+02:00;46642;50;5;0;unknown;0
2025-07-02T22:03:00+02:00;46771;101;8;60;freeFlow;1
2025-07-02T22:03:00+02:00;46821_D;31;26;12;heavy;1
2025-07-02T22:03:00+02:00;46821_G;50;16;0;unknown;0
2025-07-02T22:03:00+02:00;46923_D;22;1;12;freeFlow;1
2025-07-02T22:03:00+02:00;46923_G;30;1;0;unknown;0
2025-07-02T22:03:00+02:00;46976;50;4;0;unknown;0
2025-07-02T22:03:00+02:00;47029;14;27;45;congested;1
2025-07-02T22:03:00+02:00;47061;91;20;73;freeFlow;2
2025-07-02T22:03:00+02:00;47239;90;6;57;freeFlow;1
2025-07-02T22:03:00+02:00;47410;90;15;0;unknown;0
2025-07-02T22:03:00+02:00;47411;74;17;100;freeFlow;4
2025-07-02T22:03:00+02:00;47412;70;0;0;unknown;0
2025-07-02T22:03:00+02:00;47413;31;14;35;heavy;1
2025-07-02T22:03:00+02:00;47414;31;2;35;heavy;1
2025-07-02T22:03:00+02:00;47416;90;13;0;unknown;0
2025-07-02T22:03:00+02:00;47418;4;388;100;congested;5
2025-07-02T22:03:00+02:00;47420;70;13;0;unknown;0
2025-07-02T22:03:00+02:00;47476;33;18;35;heavy;1
2025-07-02T22:03:00+02:00;47477;43;4;35;heavy;1
2025-07-02T22:03:00+02:00;47479;70;14;0;unknown;0
2025-07-02T22:03:00+02:00;47480;90;50;0;unknown;0
2025-07-02T22:03:00+02:00;47481;25;184;92;congested;6
2025-07-02T22:03:00+02:00;47537_D;41;8;75;freeFlow;2
2025-07-02T22:03:00+02:00;47537_G;50;6;0;unknown;0
2025-07-02T22:03:00+02:00;47742_D;35;7;60;freeFlow;1
2025-07-02T22:03:00+02:00;48758;40;3;60;freeFlow;1
2025-07-02T22:03:00+02:00;48759;41;2;75;freeFlow;2
2025-07-02T22:03:00+02:00;48920_D;50;5;0;unknown;0
2025-07-02T22:03:00+02:00;48920_G;50;5;0;unknown;0
2025-07-02T22:03:00+02:00;489866_D;50;3;0;unknown;0
2025-07-02T22:03:00+02:00;489970;51;19;60;freeFlow;1
2025-07-02T22:03:00+02:00;489971;70;2;0;unknown;0
2025-07-02T22:03:00+02:00;489972;92;5;60;freeFlow;1
2025-07-02T22:03:00+02:00;490059_D;70;13;0;unknown;0
2025-07-02T22:03:00+02:00;490059_G;70;13;0;unknown;0
2025-07-02T22:03:00+02:00;490080_D;50;1;0;unknown;0
2025-07-02T22:03:00+02:00;490080_G;50;1;0;unknown;0
2025-07-02T22:03:00+02:00;49026;23;3;52;heavy;1
2025-07-02T22:03:00+02:00;49053;50;11;0;unknown;0
2025-07-02T22:03:00+02:00;490823;70;11;0;unknown;0
2025-07-02T22:03:00+02:00;490824;70;5;0;unknown;0
2025-07-02T22:03:00+02:00;490825;53;14;60;freeFlow;1
2025-07-02T22:03:00+02:00;490827;45;9;60;heavy;1
2025-07-02T22:03:00+02:00;490828_D;56;9;75;freeFlow;2
2025-07-02T22:03:00+02:00;490828_G;30;17;0;unknown;0
2025-07-02T22:03:00+02:00;491005_D;32;4;75;heavy;2
2025-07-02T22:03:00+02:00;491005_G;28;5;60;heavy;1
2025-07-02T22:03:00+02:00;491126_D;9;47;75;congested;2
2025-07-02T22:03:00+02:00;491126_G;30;15;0;unknown;0
2025-07-02T22:03:00+02:00;491135;36;4;75;freeFlow;2
2025-07-02T22:03:00+02:00;491141;32;3;60;heavy;1
2025-07-02T22:03:00+02:00;491300_D;50;13;0;unknown;0
2025-07-02T22:03:00+02:00;491300_G;50;13;0;unknown;0
2025-07-02T22:03:00+02:00;491308;50;1;0;unknown;0
2025-07-02T22:03:00+02:00;491320_D;50;6;0;unknown;0
2025-07-02T22:03:00+02:00;491320_G;50;6;0;unknown;0
2025-07-02T22:03:00+02:00;491326_D;50;11;0;unknown;0
2025-07-02T22:03:00+02:00;491326_G;50;11;0;unknown;0
2025-07-02T22:03:00+02:00;491329_D;50;4;0;unknown;0
2025-07-02T22:03:00+02:00;491329_G;50;4;0;unknown;0
2025-07-02T22:03:00+02:00;491490;50;4;0;unknown;0
2025-07-02T22:03:00+02:00;491714_D;25;10;12;freeFlow;1
2025-07-02T22:03:00+02:00;491714_G;30;8;0;unknown;0
2025-07-02T22:03:00+02:00;491735_D;26;4;12;freeFlow;1
2025-07-02T22:03:00+02:00;491735_G;30;5;0;unknown;0
2025-07-02T22:03:00+02:00;491794_D;50;3;0;unknown;0
2025-07-02T22:03:00+02:00;491794_G;50;3;0;unknown;0
2025-07-02T22:03:00+02:00;491872;40;16;60;freeFlow;1
2025-07-02T22:03:00+02:00;491877;28;4;60;heavy;1
2025-07-02T22:03:00+02:00;491881;39;1;60;freeFlow;1
2025-07-02T22:03:00+02:00;491884;35;2;60;freeFlow;1
2025-07-02T22:03:00+02:00;491888;60;15;60;freeFlow;1
2025-07-02T22:03:00+02:00;491890;46;1;60;freeFlow;1
2025-07-02T22:03:00+02:00;491917;70;2;0;unknown;0
2025-07-02T22:03:00+02:00;49225_D;50;6;0;unknown;0
2025-07-02T22:03:00+02:00;49225_G;50;6;0;unknown;0
2025-07-02T22:03:00+02:00;492315_D;50;29;0;unknown;0
2025-07-02T22:03:00+02:00;492315_G;50;29;0;unknown;0
2025-07-02T22:03:00+02:00;492351_D;23;5;60;heavy;1
2025-07-02T22:03:00+02:00;492359_G;35;7;60;heavy;1
2025-07-02T22:03:00+02:00;492437;48;4;30;freeFlow;2
2025-07-02T22:03:00+02:00;492442;55;1;25;freeFlow;2
2025-07-02T22:03:00+02:00;492445_D;38;16;30;freeFlow;2
2025-07-02T22:03:00+02:00;492478;24;6;30;heavy;2
2025-07-02T22:03:00+02:00;492492;70;5;0;unknown;0
2025-07-02T22:03:00+02:00;49315_D;35;5;73;heavy;2
2025-07-02T22:03:00+02:00;49315_G;50;4;0;unknown;0
2025-07-02T22:03:00+02:00;49943_D;50;14;0;unknown;0
2025-07-02T22:03:00+02:00;49943_G;50;14;0;unknown;0
2025-07-02T22:03:00+02:00;49947;22;8;42;heavy;1
2025-07-02T22:03:00+02:00;49958_D;50;5;0;unknown;0
2025-07-02T22:03:00+02:00;49958_G;50;5;0;unknown;0
2025-07-02T22:03:00+02:00;50308_D;21;12;60;heavy;1
2025-07-02T22:03:00+02:00;50441;39;6;45;freeFlow;1
2025-07-02T22:03:00+02:00;50525;50;4;0;unknown;0
2025-07-02T22:03:00+02:00;50571;40;3;32;freeFlow;1
2025-07-02T22:03:00+02:00;50625;43;5;32;freeFlow;1
2025-07-02T22:03:00+02:00;5064_D;70;7;0;unknown;0
2025-07-02T22:03:00+02:00;5064_G;73;7;15;freeFlow;1
2025-07-02T22:03:00+02:00;51419;50;15;0;unknown;0
2025-07-02T22:03:00+02:00;51474_D;40;1;75;freeFlow;2
2025-07-02T22:03:00+02:00;51474_G;7;8;0;unknown;0
2025-07-02T22:03:00+02:00;51798;28;3;42;heavy;1
2025-07-02T22:03:00+02:00;52107_D;46;10;15;freeFlow;1
2025-07-02T22:03:00+02:00;52107_G;50;10;0;unknown;0
2025-07-02T22:03:00+02:00;52129;50;6;0;unknown;0
2025-07-02T22:03:00+02:00;52835_D;43;4;25;freeFlow;1
2025-07-02T22:03:00+02:00;53020_D;40;2;60;freeFlow;1
2025-07-02T22:03:00+02:00;53327_D;30;12;45;heavy;1
2025-07-02T22:03:00+02:00;53327_G;37;10;57;freeFlow;1
2025-07-02T22:03:00+02:00;53411_G;50;7;0;unknown;0
2025-07-02T22:03:00+02:00;53428;74;63;100;freeFlow;3
2025-07-02T22:03:00+02:00;53539_D;50;4;0;unknown;0
2025-07-02T22:03:00+02:00;53566;50;2;0;unknown;0
2025-07-02T22:03:00+02:00;53623;74;2;52;freeFlow;1
2025-07-02T22:03:00+02:00;53624;74;1;52;freeFlow;1
2025-07-02T22:03:00+02:00;53625;74;1;52;freeFlow;1
2025-07-02T22:03:00+02:00;53634_D;30;2;0;unknown;0
2025-07-02T22:03:00+02:00;53634_G;30;2;0;unknown;0
2025-07-02T22:03:00+02:00;53641_D;50;9;0;unknown;0
2025-07-02T22:03:00+02:00;53641_G;50;9;0;unknown;0
2025-07-02T22:03:00+02:00;53652;50;15;0;unknown;0
2025-07-02T22:03:00+02:00;53659;24;8;60;heavy;1
2025-07-02T22:03:00+02:00;53702;93;4;100;freeFlow;3
2025-07-02T22:03:00+02:00;53892;48;1;60;freeFlow;1
2025-07-02T22:03:00+02:00;53893;49;13;75;freeFlow;2
2025-07-02T22:03:00+02:00;53895;49;7;75;freeFlow;2
2025-07-02T22:03:00+02:00;53896;47;8;75;freeFlow;2
2025-07-02T22:03:00+02:00;53898;37;15;75;freeFlow;2
2025-07-02T22:03:00+02:00;53900;28;21;75;heavy;2
2025-07-02T22:03:00+02:00;53901;23;11;75;heavy;2
2025-07-02T22:03:00+02:00;53903;25;8;75;heavy;2
2025-07-02T22:03:00+02:00;53904;37;4;68;freeFlow;2
2025-07-02T22:03:00+02:00;53905;26;15;75;heavy;2
2025-07-02T22:03:00+02:00;53908;32;4;52;heavy;1
2025-07-02T22:03:00+02:00;53910;32;10;52;heavy;1
2025-07-02T22:03:00+02:00;53912;43;7;70;freeFlow;2
2025-07-02T22:03:00+02:00;53915;38;14;70;freeFlow;2
2025-07-02T22:03:00+02:00;53918;46;10;70;freeFlow;2
2025-07-02T22:03:00+02:00;53919;32;5;52;heavy;1
2025-07-02T22:03:00+02:00;53921;18;31;70;heavy;2
2025-07-02T22:03:00+02:00;53922;23;7;70;heavy;2
2025-07-02T22:03:00+02:00;53923;48;11;75;freeFlow;2
2025-07-02T22:03:00+02:00;53925_D;55;5;60;freeFlow;1
2025-07-02T22:03:00+02:00;53925_G;70;4;0;unknown;0
2025-07-02T22:03:00+02:00;53936;76;12;60;freeFlow;1
2025-07-02T22:03:00+02:00;53938;48;7;57;freeFlow;2
2025-07-02T22:03:00+02:00;53939;69;21;75;freeFlow;2
2025-07-02T22:03:00+02:00;53941;83;6;100;freeFlow;3
2025-07-02T22:03:00+02:00;53942;81;3;100;freeFlow;3
2025-07-02T22:03:00+02:00;53944;32;1;60;heavy;1
2025-07-02T22:03:00+02:00;53945;37;13;60;heavy;1
2025-07-02T22:03:00+02:00;53946;35;1;40;freeFlow;2
2025-07-02T22:03:00+02:00;53947;42;1;60;freeFlow;1
2025-07-02T22:03:00+02:00;53948;85;3;42;freeFlow;1
2025-07-02T22:03:00+02:00;53949;97;2;42;freeFlow;1
2025-07-02T22:03:00+02:00;53950;90;42;100;freeFlow;3
2025-07-02T22:03:00+02:00;53952_D;50;2;0;unknown;0
2025-07-02T22:03:00+02:00;53952_G;38;4;52;freeFlow;1
2025-07-02T22:03:00+02:00;53959;84;43;60;freeFlow;1
2025-07-02T22:03:00+02:00;53961;76;75;75;freeFlow;2
2025-07-02T22:03:00+02:00;53987;21;3;52;heavy;1
2025-07-02T22:03:00+02:00;53990;50;6;27;freeFlow;1
2025-07-02T22:03:00+02:00;54067;90;11;0;unknown;0
2025-07-02T22:03:00+02:00;54134;66;12;30;freeFlow;1
2025-07-02T22:03:00+02:00;54138;54;19;60;freeFlow;1
2025-07-02T22:03:00+02:00;54140;90;22;0;unknown;0
2025-07-02T22:03:00+02:00;54144;77;2;60;freeFlow;1
2025-07-02T22:03:00+02:00;54150;62;14;35;freeFlow;1
2025-07-02T22:03:00+02:00;54153;40;22;60;freeFlow;1
2025-07-02T22:03:00+02:00;54154;56;19;60;freeFlow;1
2025-07-02T22:03:00+02:00;54155;50;22;0;unknown;0
2025-07-02T22:03:00+02:00;54161;50;4;0;unknown;0
2025-07-02T22:03:00+02:00;54187_D;31;11;60;freeFlow;1
2025-07-02T22:03:00+02:00;54187_G;30;12;0;unknown;0
2025-07-02T22:03:00+02:00;54189_D;30;13;0;unknown;0
2025-07-02T22:03:00+02:00;54189_G;30;14;0;unknown;0
2025-07-02T22:03:00+02:00;54191_D;30;10;0;unknown;0
2025-07-02T22:03:00+02:00;54191_G;30;9;0;unknown;0
2025-07-02T22:03:00+02:00;54197;50;15;0;unknown;0
2025-07-02T22:03:00+02:00;54198;50;4;0;unknown;0
2025-07-02T22:03:00+02:00;54206;39;15;60;freeFlow;2
2025-07-02T22:03:00+02:00;54208;34;2;45;freeFlow;1
2025-07-02T22:03:00+02:00;54212;48;34;45;freeFlow;1
2025-07-02T22:03:00+02:00;54223_D;30;2;0;unknown;0
2025-07-02T22:03:00+02:00;54223_G;30;2;0;unknown;0
2025-07-02T22:03:00+02:00;54227;74;13;100;freeFlow;4
2025-07-02T22:03:00+02:00;54234;50;1;0;unknown;0
2025-07-02T22:03:00+02:00;54239;50;1;0;unknown;0
2025-07-02T22:03:00+02:00;54240;27;12;52;heavy;1
2025-07-02T22:03:00+02:00;54241;33;2;27;heavy;1
2025-07-02T22:03:00+02:00;54243;38;15;27;freeFlow;1
2025-07-02T22:03:00+02:00;54297;19;43;55;heavy;1
2025-07-02T22:03:00+02:00;54339;50;19;0;unknown;0
2025-07-02T22:03:00+02:00;54340;50;6;0;unknown;0
2025-07-02T22:03:00+02:00;54358_D;46;15;68;freeFlow;2
2025-07-02T22:03:00+02:00;54358_G;37;19;45;freeFlow;2
2025-07-02T22:03:00+02:00;54363;35;13;42;freeFlow;1
2025-07-02T22:03:00+02:00;54365;50;6;42;freeFlow;1
2025-07-02T22:03:00+02:00;54367;52;8;42;freeFlow;1
2025-07-02T22:03:00+02:00;54368;57;2;45;freeFlow;1
2025-07-02T22:03:00+02:00;54369;70;17;100;freeFlow;4
2025-07-02T22:03:00+02:00;54372;50;1;0;unknown;0
2025-07-02T22:03:00+02:00;54375;40;17;60;freeFlow;1
2025-07-02T22:03:00+02:00;54376;17;12;60;heavy;1
2025-07-02T22:03:00+02:00;54378;28;11;68;heavy;2
2025-07-02T22:03:00+02:00;54381;46;6;60;freeFlow;1
2025-07-02T22:03:00+02:00;54382;50;4;0;unknown;0
2025-07-02T22:03:00+02:00;54383;38;22;68;freeFlow;2
2025-07-02T22:03:00+02:00;54384;50;5;0;unknown;0
2025-07-02T22:03:00+02:00;54385;16;17;58;heavy;1
2025-07-02T22:03:00+02:00;54386;50;1;0;unknown;0
2025-07-02T22:03:00+02:00;54400;37;14;25;freeFlow;1
2025-07-02T22:03:00+02:00;54401;40;2;25;freeFlow;1
2025-07-02T22:03:00+02:00;54406;50;52;0;unknown;0
2025-07-02T22:03:00+02:00;54428_D;50;12;0;unknown;0
2025-07-02T22:03:00+02:00;54428_G;50;12;0;unknown;0
2025-07-02T22:03:00+02:00;54429_D;50;13;0;unknown;0
2025-07-02T22:03:00+02:00;54429_G;50;13;0;unknown;0
2025-07-02T22:03:00+02:00;54438_D;50;1;0;unknown;0
2025-07-02T22:03:00+02:00;54438_G;50;1;0;unknown;0
2025-07-02T22:03:00+02:00;54440_D;50;6;0;unknown;0
2025-07-02T22:03:00+02:00;54440_G;50;6;0;unknown;0
2025-07-02T22:03:00+02:00;54444_D;50;1;0;unknown;0
2025-07-02T22:03:00+02:00;54444_G;50;1;0;unknown;0
2025-07-02T22:03:00+02:00;54447_D;50;11;0;unknown;0
2025-07-02T22:03:00+02:00;54447_G;50;11;0;unknown;0
2025-07-02T22:03:00+02:00;54448_D;50;3;0;unknown;0
2025-07-02T22:03:00+02:00;54448_G;50;3;0;unknown;0
2025-07-02T22:03:00+02:00;54449_D;50;10;0;unknown;0
2025-07-02T22:03:00+02:00;54449_G;50;10;0;unknown;0
2025-07-02T22:03:00+02:00;54453_D;50;3;0;unknown;0
2025-07-02T22:03:00+02:00;54453_G;50;3;0;unknown;0
2025-07-02T22:03:00+02:00;54455;50;2;0;unknown;0
2025-07-02T22:03:00+02:00;54457;50;8;0;unknown;0
2025-07-02T22:03:00+02:00;54460;50;5;0;unknown;0
2025-07-02T22:03:00+02:00;54463_D;50;6;0;unknown;0
2025-07-02T22:03:00+02:00;54463_G;50;6;0;unknown;0
2025-07-02T22:03:00+02:00;54466_D;50;15;0;unknown;0
2025-07-02T22:03:00+02:00;54466_G;50;16;0;unknown;0
2025-07-02T22:03:00+02:00;54469;47;3;25;freeFlow;1
2025-07-02T22:03:00+02:00;54471;52;8;57;freeFlow;1
2025-07-02T22:03:00+02:00;54472;37;11;45;freeFlow;1
2025-07-02T22:03:00+02:00;54473;41;1;45;freeFlow;1
2025-07-02T22:03:00+02:00;54483;50;30;0;unknown;0
2025-07-02T22:03:00+02:00;54489;50;1;0;unknown;0
2025-07-02T22:03:00+02:00;54490;50;4;0;unknown;0
2025-07-02T22:03:00+02:00;54492;50;3;0;unknown;0
2025-07-02T22:03:00+02:00;54505;50;15;0;unknown;0
2025-07-02T22:03:00+02:00;54509;50;6;0;unknown;0
2025-07-02T22:03:00+02:00;54518;50;3;0;unknown;0
2025-07-02T22:03:00+02:00;54522;50;2;0;unknown;0
2025-07-02T22:03:00+02:00;54523;30;3;0;unknown;0
2025-07-02T22:03:00+02:00;54524;30;1;0;unknown;0
2025-07-02T22:03:00+02:00;54580_D;6;98;45;congested;1
2025-07-02T22:03:00+02:00;54877;9;82;52;congested;2
2025-07-02T22:03:00+02:00;54879;20;36;63;heavy;2
2025-07-02T22:03:00+02:00;54880_D;17;57;48;heavy;1
2025-07-02T22:03:00+02:00;54880_G;13;77;78;congested;3
2025-07-02T22:03:00+02:00;54882;14;5;52;heavy;1
2025-07-02T22:03:00+02:00;54883;27;2;54;freeFlow;2
2025-07-02T22:03:00+02:00;54884;30;1;0;unknown;0
2025-07-02T22:03:00+02:00;54885;30;1;0;unknown;0
2025-07-02T22:03:00+02:00;54886;13;6;48;heavy;1
2025-07-02T22:03:00+02:00;54887;15;4;48;heavy;1
2025-07-02T22:03:00+02:00;54888;7;3;52;congested;1
2025-07-02T22:03:00+02:00;54889;7;6;52;congested;1
2025-07-02T22:03:00+02:00;54988;29;4;32;heavy;1
2025-07-02T22:03:00+02:00;54989;40;43;32;heavy;1
2025-07-02T22:03:00+02:00;54990;40;2;60;heavy;1
2025-07-02T22:03:00+02:00;54991;65;26;60;freeFlow;1
2025-07-02T22:03:00+02:00;55467_D;63;10;40;freeFlow;1
2025-07-02T22:03:00+02:00;55467_G;107;6;38;freeFlow;1
2025-07-02T22:03:00+02:00;55570_D;50;3;0;unknown;0
2025-07-02T22:03:00+02:00;55570_G;50;3;0;unknown;0
2025-07-02T22:03:00+02:00;55589_D;30;8;0;unknown;0
2025-07-02T22:03:00+02:00;55589_G;30;8;0;unknown;0
2025-07-02T22:03:00+02:00;55591;50;1;0;unknown;0
2025-07-02T22:03:00+02:00;55592;50;1;0;unknown;0
2025-07-02T22:03:00+02:00;55593;50;1;0;unknown;0
2025-07-02T22:03:00+02:00;55595;50;1;0;unknown;0
2025-07-02T22:03:00+02:00;55596;50;1;0;unknown;0
2025-07-02T22:03:00+02:00;55597;50;1;0;unknown;0
2025-07-02T22:03:00+02:00;55702;50;6;0;unknown;0
2025-07-02T22:03:00+02:00;55704;50;17;0;unknown;0
2025-07-02T22:03:00+02:00;5576_D;80;4;0;unknown;0
2025-07-02T22:03:00+02:00;5576_G;80;4;0;unknown;0
2025-07-02T22:03:00+02:00;55881;28;1;42;heavy;1
2025-07-02T22:03:00+02:00;55900;13;7;42;congested;1
2025-07-02T22:03:00+02:00;55929_D;50;8;0;unknown;0
2025-07-02T22:03:00+02:00;55929_G;38;11;52;freeFlow;1
2025-07-02T22:03:00+02:00;55976;46;3;52;freeFlow;1
2025-07-02T22:03:00+02:00;56024;66;15;60;freeFlow;1
2025-07-02T22:03:00+02:00;56131;50;2;0;unknown;0
2025-07-02T22:03:00+02:00;56257;30;7;0;unknown;0
2025-07-02T22:03:00+02:00;563566;50;3;0;unknown;0
2025-07-02T22:03:00+02:00;563571;50;6;0;unknown;0
2025-07-02T22:03:00+02:00;563844_D;38;23;60;heavy;1
2025-07-02T22:03:00+02:00;563844_G;73;12;15;freeFlow;1
2025-07-02T22:03:00+02:00;563846;55;6;45;freeFlow;1
2025-07-02T22:03:00+02:00;563903_D;50;34;0;unknown;0
2025-07-02T22:03:00+02:00;563903_G;50;34;0;unknown;0
2025-07-02T22:03:00+02:00;564067_D;75;17;52;freeFlow;1
2025-07-02T22:03:00+02:00;564067_G;80;16;0;unknown;0
2025-07-02T22:03:00+02:00;564195_D;50;9;0;unknown;0
2025-07-02T22:03:00+02:00;564195_G;50;9;0;unknown;0
2025-07-02T22:03:00+02:00;56441;36;6;60;freeFlow;1
2025-07-02T22:03:00+02:00;5651;50;1;0;unknown;0
2025-07-02T22:03:00+02:00;5652;70;1;48;freeFlow;1
2025-07-02T22:03:00+02:00;565232;30;4;0;unknown;0
2025-07-02T22:03:00+02:00;5653;50;1;0;unknown;0
2025-07-02T22:03:00+02:00;565374;107;19;38;freeFlow;1
2025-07-02T22:03:00+02:00;565376;55;38;25;freeFlow;2
2025-07-02T22:03:00+02:00;565393;86;55;56;freeFlow;2
2025-07-02T22:03:00+02:00;5654;34;1;60;heavy;1
2025-07-02T22:03:00+02:00;565682_D;70;13;0;unknown;0
2025-07-02T22:03:00+02:00;565682_G;58;16;22;freeFlow;1
2025-07-02T22:03:00+02:00;565731_D;56;2;75;freeFlow;2
2025-07-02T22:03:00+02:00;565731_G;30;2;0;unknown;0
2025-07-02T22:03:00+02:00;565732;40;2;60;heavy;1
2025-07-02T22:03:00+02:00;56584;33;7;52;heavy;1
2025-07-02T22:03:00+02:00;565854;40;25;50;heavy;1
2025-07-02T22:03:00+02:00;566176_D;59;19;60;freeFlow;1
2025-07-02T22:03:00+02:00;566176_G;80;14;0;unknown;0
2025-07-02T22:03:00+02:00;56619_D;24;17;30;heavy;1
2025-07-02T22:03:00+02:00;56619_G;30;14;32;heavy;1
2025-07-02T22:03:00+02:00;566287_D;30;16;0;unknown;0
2025-07-02T22:03:00+02:00;566287_G;22;22;60;freeFlow;1
2025-07-02T22:03:00+02:00;566302_D;50;1;0;unknown;0
2025-07-02T22:03:00+02:00;566302_G;63;0;60;freeFlow;1
2025-07-02T22:03:00+02:00;566303_D;50;15;0;unknown;0
2025-07-02T22:03:00+02:00;566303_G;63;12;60;freeFlow;1
2025-07-02T22:03:00+02:00;5663_D;65;40;60;freeFlow;1
2025-07-02T22:03:00+02:00;5663_G;80;33;0;unknown;0
2025-07-02T22:03:00+02:00;566407_D;31;3;60;freeFlow;1
2025-07-02T22:03:00+02:00;566407_G;30;3;0;unknown;0
2025-07-02T22:03:00+02:00;566417_D;30;5;0;unknown;0
2025-07-02T22:03:00+02:00;566417_G;30;5;0;unknown;0
2025-07-02T22:03:00+02:00;566419;50;1;0;unknown;0
2025-07-02T22:03:00+02:00;566481;67;1;48;freeFlow;1
2025-07-02T22:03:00+02:00;566482;50;1;0;unknown;0
2025-07-02T22:03:00+02:00;566483;110;103;0;unknown;0
2025-07-02T22:03:00+02:00;566484;50;0;0;unknown;0
2025-07-02T22:03:00+02:00;5664_D;80;2;0;unknown;0
2025-07-02T22:03:00+02:00;5664_G;91;2;60;freeFlow;1
2025-07-02T22:03:00+02:00;566573_D;30;4;30;heavy;1
2025-07-02T22:03:00+02:00;566573_G;40;3;32;freeFlow;1
2025-07-02T22:03:00+02:00;566599_D;30;1;0;unknown;0
2025-07-02T22:03:00+02:00;566599_G;34;1;0;unknown;0
2025-07-02T22:03:00+02:00;566706_D;50;3;0;unknown;0
2025-07-02T22:03:00+02:00;566706_G;50;4;0;unknown;0
2025-07-02T22:03:00+02:00;56676_G;38;6;25;freeFlow;1
2025-07-02T22:03:00+02:00;566850;50;3;0;unknown;0
2025-07-02T22:03:00+02:00;566924_D;50;6;0;unknown;0
2025-07-02T22:03:00+02:00;566924_G;50;6;0;unknown;0
2025-07-02T22:03:00+02:00;566942;50;1;0;unknown;0
2025-07-02T22:03:00+02:00;56872;98;21;100;freeFlow;3
2025-07-02T22:03:00+02:00;56874;88;6;100;freeFlow;4
2025-07-02T22:03:00+02:00;56886;32;81;17;heavy;1
2025-07-02T22:03:00+02:00;56914;38;4;60;freeFlow;1
2025-07-02T22:03:00+02:00;56926;97;3;75;freeFlow;2
2025-07-02T22:03:00+02:00;57009;93;4;100;freeFlow;3
2025-07-02T22:03:00+02:00;57011;96;7;75;freeFlow;2
2025-07-02T22:03:00+02:00;57012;55;7;60;freeFlow;1
2025-07-02T22:03:00+02:00;57082_D;30;9;0;unknown;0
2025-07-02T22:03:00+02:00;57360_D;39;4;57;freeFlow;2
2025-07-02T22:03:00+02:00;57360_G;35;5;60;freeFlow;1
2025-07-02T22:03:00+02:00;57362_D;37;3;42;freeFlow;1
2025-07-02T22:03:00+02:00;57362_G;33;3;60;freeFlow;1
2025-07-02T22:03:00+02:00;57368_D;37;6;42;freeFlow;1
2025-07-02T22:03:00+02:00;57368_G;33;6;60;freeFlow;1
2025-07-02T22:03:00+02:00;57378_D;50;3;0;unknown;0
2025-07-02T22:03:00+02:00;57378_G;50;3;0;unknown;0
2025-07-02T22:03:00+02:00;62549;20;2;60;heavy;1
2025-07-02T22:03:00+02:00;62550;20;3;60;heavy;1
2025-07-02T22:03:00+02:00;62617_D;50;9;0;unknown;0
2025-07-02T22:03:00+02:00;62617_G;50;9;0;unknown;0
2025-07-02T22:03:00+02:00;62948_D;30;5;0;unknown;0
2025-07-02T22:03:00+02:00;62948_G;30;5;0;unknown;0
2025-07-02T22:03:00+02:00;63039;45;4;68;freeFlow;2
2025-07-02T22:03:00+02:00;63203_D;30;26;0;unknown;0
2025-07-02T22:03:00+02:00;63203_G;30;26;0;unknown;0
2025-07-02T22:03:00+02:00;63308;29;3;52;heavy;1
2025-07-02T22:03:00+02:00;63895_D;30;5;0;unknown;0
2025-07-02T22:03:00+02:00;63895_G;30;5;0;unknown;0
2025-07-02T22:03:00+02:00;63903;90;2;0;unknown;0
2025-07-02T22:03:00+02:00;63917;120;1;60;freeFlow;1
2025-07-02T22:03:00+02:00;63954_D;30;6;0;unknown;0
2025-07-02T22:03:00+02:00;63954_G;30;5;0;unknown;0
2025-07-02T22:03:00+02:00;63961_D;30;2;0;unknown;0
2025-07-02T22:03:00+02:00;63961_G;45;1;12;freeFlow;1
2025-07-02T22:03:00+02:00;63963_D;53;8;75;freeFlow;2
2025-07-02T22:03:00+02:00;63963_G;39;12;32;freeFlow;1
2025-07-02T22:03:00+02:00;63974;70;6;0;unknown;0
2025-07-02T22:03:00+02:00;64028;50;2;0;unknown;0
2025-07-02T22:03:00+02:00;64029;90;1;0;unknown;0
2025-07-02T22:03:00+02:00;64033;40;4;52;freeFlow;1
2025-07-02T22:03:00+02:00;64034;50;2;0;unknown;0
2025-07-02T22:03:00+02:00;64035;50;2;0;unknown;0
2025-07-02T22:03:00+02:00;64104_D;50;2;0;unknown;0
2025-07-02T22:03:00+02:00;64104_G;50;2;0;unknown;0
2025-07-02T22:03:00+02:00;6421;99;24;12;freeFlow;1
2025-07-02T22:03:00+02:00;6422;101;6;10;freeFlow;1
2025-07-02T22:03:00+02:00;6423;110;12;0;unknown;0
2025-07-02T22:03:00+02:00;6424;115;26;30;freeFlow;1
2025-07-02T22:03:00+02:00;64792_D;50;13;0;unknown;0
2025-07-02T22:03:00+02:00;64792_G;63;11;60;freeFlow;1
2025-07-02T22:03:00+02:00;64862_D;50;10;0;unknown;0
2025-07-02T22:03:00+02:00;64862_G;50;10;0;unknown;0
2025-07-02T22:03:00+02:00;65281;40;3;45;freeFlow;1
2025-07-02T22:03:00+02:00;65283;42;3;45;freeFlow;1
2025-07-02T22:03:00+02:00;65293;42;5;45;freeFlow;1
2025-07-02T22:03:00+02:00;65961_D;50;27;0;unknown;0
2025-07-02T22:03:00+02:00;65961_G;63;22;60;freeFlow;1
2025-07-02T22:03:00+02:00;65966_D;50;1;0;unknown;0
2025-07-02T22:03:00+02:00;65966_G;63;1;60;freeFlow;1
2025-07-02T22:03:00+02:00;66020;70;0;0;unknown;0
2025-07-02T22:03:00+02:00;6615_D;61;10;52;freeFlow;1
2025-07-02T22:03:00+02:00;6615_G;73;8;0;unknown;0
2025-07-02T22:03:00+02:00;6616;51;1;10;heavy;1
2025-07-02T22:03:00+02:00;6619;50;2;50;heavy;1
2025-07-02T22:03:00+02:00;6620;51;5;52;heavy;1
2025-07-02T22:03:00+02:00;6621;51;2;10;heavy;1
2025-07-02T22:03:00+02:00;6622;50;1;50;heavy;1
2025-07-02T22:03:00+02:00;6623;50;1;50;heavy;1
2025-07-02T22:03:00+02:00;6628_D;50;17;0;unknown;0
2025-07-02T22:03:00+02:00;6628_G;50;17;0;unknown;0
2025-07-02T22:03:00+02:00;6629_D;50;20;0;unknown;0
2025-07-02T22:03:00+02:00;6629_G;50;19;0;unknown;0
2025-07-02T22:03:00+02:00;6643;51;13;10;heavy;1
2025-07-02T22:03:00+02:00;6644;50;13;50;heavy;1
2025-07-02T22:03:00+02:00;6645;50;2;50;freeFlow;1
2025-07-02T22:03:00+02:00;6646;50;1;50;freeFlow;1
2025-07-02T22:03:00+02:00;6647;50;1;50;freeFlow;1
2025-07-02T22:03:00+02:00;6648;51;2;10;freeFlow;1
2025-07-02T22:03:00+02:00;6649;50;2;0;unknown;0
2025-07-02T22:03:00+02:00;6650;50;3;0;unknown;0
2025-07-02T22:03:00+02:00;6651;50;3;50;freeFlow;1
2025-07-02T22:03:00+02:00;6669_D;80;62;0;unknown;0
2025-07-02T22:03:00+02:00;6669_G;68;74;49;freeFlow;1
2025-07-02T22:03:00+02:00;67069;50;3;0;unknown;0
2025-07-02T22:03:00+02:00;67223_D;30;2;0;unknown;0
2025-07-02T22:03:00+02:00;67223_G;45;1;12;freeFlow;1
2025-07-02T22:03:00+02:00;67229_D;30;14;0;unknown;0
2025-07-02T22:03:00+02:00;67229_G;47;9;75;freeFlow;2
2025-07-02T22:03:00+02:00;6723;101;8;12;freeFlow;1
2025-07-02T22:03:00+02:00;67324_D;72;14;27;freeFlow;1
2025-07-02T22:03:00+02:00;67324_G;48;20;75;heavy;2
2025-07-02T22:03:00+02:00;67330;25;2;35;freeFlow;1
2025-07-02T22:03:00+02:00;67332;30;3;0;unknown;0
2025-07-02T22:03:00+02:00;67334;30;1;0;unknown;0
2025-07-02T22:03:00+02:00;67340;25;2;35;freeFlow;1
2025-07-02T22:03:00+02:00;67341;25;12;35;freeFlow;1
2025-07-02T22:03:00+02:00;67344;30;6;0;unknown;0
2025-07-02T22:03:00+02:00;67352_D;25;15;35;freeFlow;1
2025-07-02T22:03:00+02:00;67352_G;30;12;0;unknown;0
2025-07-02T22:03:00+02:00;67380_D;50;16;0;unknown;0
2025-07-02T22:03:00+02:00;67380_G;50;16;0;unknown;0
2025-07-02T22:03:00+02:00;67385;50;2;0;unknown;0
2025-07-02T22:03:00+02:00;67389_D;50;1;0;unknown;0
2025-07-02T22:03:00+02:00;67389_G;50;1;0;unknown;0
2025-07-02T22:03:00+02:00;67390;50;2;0;unknown;0
2025-07-02T22:03:00+02:00;67391;50;3;0;unknown;0
2025-07-02T22:03:00+02:00;67392;50;3;0;unknown;0
2025-07-02T22:03:00+02:00;67511_D;30;4;0;unknown;0
2025-07-02T22:03:00+02:00;67511_G;30;4;0;unknown;0
2025-07-02T22:03:00+02:00;67514_D;30;6;0;unknown;0
2025-07-02T22:03:00+02:00;67514_G;30;6;0;unknown;0
2025-07-02T22:03:00+02:00;67611;30;6;0;unknown;0
2025-07-02T22:03:00+02:00;67816;56;1;75;freeFlow;2
2025-07-02T22:03:00+02:00;67819_D;56;1;75;freeFlow;2
2025-07-02T22:03:00+02:00;67819_G;30;1;0;unknown;0
2025-07-02T22:03:00+02:00;67820;56;0;75;freeFlow;2
2025-07-02T22:03:00+02:00;67821;30;2;0;unknown;0
2025-07-02T22:03:00+02:00;67823;30;8;0;unknown;0
2025-07-02T22:03:00+02:00;67824;29;16;60;heavy;1
2025-07-02T22:03:00+02:00;67829;14;38;42;congested;1
2025-07-02T22:03:00+02:00;67892_D;50;5;0;unknown;0
2025-07-02T22:03:00+02:00;67892_G;50;5;0;unknown;0
2025-07-02T22:03:00+02:00;68069;50;8;0;unknown;0
2025-07-02T22:03:00+02:00;68070;50;1;0;unknown;0
2025-07-02T22:03:00+02:00;68815;31;3;12;heavy;1
2025-07-02T22:03:00+02:00;69060;30;3;0;unknown;0
2025-07-02T22:03:00+02:00;69061;30;4;0;unknown;0
2025-07-02T22:03:00+02:00;69062;30;2;0;unknown;0
2025-07-02T22:03:00+02:00;69063;30;1;0;unknown;0
2025-07-02T22:03:00+02:00;69064_D;30;1;0;unknown;0
2025-07-02T22:03:00+02:00;69064_G;30;1;0;unknown;0
2025-07-02T22:03:00+02:00;69270_D;50;2;0;unknown;0
2025-07-02T22:03:00+02:00;69270_G;50;1;0;unknown;0
2025-07-02T22:03:00+02:00;69277;30;3;0;unknown;0
2025-07-02T22:03:00+02:00;69464;30;1;0;unknown;0
2025-07-02T22:03:00+02:00;69467;30;2;0;unknown;0
2025-07-02T22:03:00+02:00;69493;107;6;38;freeFlow;1
2025-07-02T22:03:00+02:00;69495;107;4;38;freeFlow;1
2025-07-02T22:03:00+02:00;69591;50;6;0;unknown;0
2025-07-02T22:03:00+02:00;69673;36;10;42;freeFlow;1
2025-07-02T22:03:00+02:00;69878;29;29;68;heavy;2
2025-07-02T22:03:00+02:00;71197_D;80;14;0;unknown;0
2025-07-02T22:03:00+02:00;71197_G;80;14;0;unknown;0
2025-07-02T22:03:00+02:00;71455_D;50;3;0;unknown;0
2025-07-02T22:03:00+02:00;71492_D;50;4;0;unknown;0
2025-07-02T22:03:00+02:00;71492_G;50;4;0;unknown;0
2025-07-02T22:03:00+02:00;71493_D;50;6;0;unknown;0
2025-07-02T22:03:00+02:00;71493_G;40;8;55;freeFlow;1
2025-07-02T22:03:00+02:00;71494;50;3;0;unknown;0
2025-07-02T22:03:00+02:00;71496;39;6;55;freeFlow;1
2025-07-02T22:03:00+02:00;71497;50;2;0;unknown;0
2025-07-02T22:03:00+02:00;71504_D;50;1;0;unknown;0
2025-07-02T22:03:00+02:00;71504_G;39;1;55;freeFlow;1
2025-07-02T22:03:00+02:00;71508_D;50;9;0;unknown;0
2025-07-02T22:03:00+02:00;71508_G;50;10;0;unknown;0
2025-07-02T22:03:00+02:00;71509_D;50;20;0;unknown;0
2025-07-02T22:03:00+02:00;71509_G;50;20;52;freeFlow;1
2025-07-02T22:03:00+02:00;71554_D;50;5;0;unknown;0
2025-07-02T22:03:00+02:00;71554_G;50;5;0;unknown;0
2025-07-02T22:03:00+02:00;71555_D;50;2;0;unknown;0
2025-07-02T22:03:00+02:00;71555_G;50;2;0;unknown;0
2025-07-02T22:03:00+02:00;71661;28;10;40;heavy;1
2025-07-02T22:03:00+02:00;71668;90;7;0;unknown;0
2025-07-02T22:03:00+02:00;72425;98;13;30;freeFlow;1
2025-07-02T22:03:00+02:00;72487_D;80;31;0;unknown;0
2025-07-02T22:03:00+02:00;72842_D;59;19;60;freeFlow;2
2025-07-02T22:03:00+02:00;72842_G;52;22;57;freeFlow;1
2025-07-02T22:03:00+02:00;72940_D;50;24;0;unknown;0
2025-07-02T22:03:00+02:00;72940_G;50;23;0;unknown;0
2025-07-02T22:03:00+02:00;73636;50;3;0;unknown;0
2025-07-02T22:03:00+02:00;74067;90;1;0;unknown;0
2025-07-02T22:03:00+02:00;74454;70;0;0;unknown;0
2025-07-02T22:03:00+02:00;74457_D;70;14;0;unknown;0
2025-07-02T22:03:00+02:00;74457_G;56;18;20;freeFlow;1
2025-07-02T22:03:00+02:00;74459;70;0;0;unknown;0
2025-07-02T22:03:00+02:00;74460;45;1;20;heavy;1
2025-07-02T22:03:00+02:00;74461;52;1;22;freeFlow;1
2025-07-02T22:03:00+02:00;74688_D;86;11;40;freeFlow;1
2025-07-02T22:03:00+02:00;74688_G;107;9;38;freeFlow;1
2025-07-02T22:03:00+02:00;74748_D;80;4;0;unknown;0
2025-07-02T22:03:00+02:00;74748_G;80;4;0;unknown;0
2025-07-02T22:03:00+02:00;75340;50;1;0;unknown;0
2025-07-02T22:03:00+02:00;75343_D;30;12;0;unknown;0
2025-07-02T22:03:00+02:00;75343_G;30;12;0;unknown;0
2025-07-02T22:03:00+02:00;75344;50;1;0;unknown;0
2025-07-02T22:03:00+02:00;75346;50;1;0;unknown;0
2025-07-02T22:03:00+02:00;75347_D;50;1;0;unknown;0
2025-07-02T22:03:00+02:00;75347_G;50;1;0;unknown;0
2025-07-02T22:03:00+02:00;75348;50;1;0;unknown;0
2025-07-02T22:03:00+02:00;75353;50;1;0;unknown;0
2025-07-02T22:03:00+02:00;75356_D;50;10;0;unknown;0
2025-07-02T22:03:00+02:00;75356_G;50;10;0;unknown;0
2025-07-02T22:03:00+02:00;75358;50;1;0;unknown;0
2025-07-02T22:03:00+02:00;75359;50;1;0;unknown;0
2025-07-02T22:03:00+02:00;75385;50;1;0;unknown;0
2025-07-02T22:03:00+02:00;75533_D;70;0;0;unknown;0
2025-07-02T22:03:00+02:00;75533_G;70;0;0;unknown;0
2025-07-02T22:03:00+02:00;75630;34;46;55;heavy;2
2025-07-02T22:03:00+02:00;75810;120;6;60;freeFlow;1
2025-07-02T22:03:00+02:00;75811;95;5;42;freeFlow;1
2025-07-02T22:03:00+02:00;75812;96;4;75;freeFlow;2
2025-07-02T22:03:00+02:00;75813;97;2;100;freeFlow;4
2025-07-02T22:03:00+02:00;75814;96;2;100;freeFlow;3
2025-07-02T22:03:00+02:00;75815;96;14;100;freeFlow;4
2025-07-02T22:03:00+02:00;75816;44;5;60;freeFlow;1
2025-07-02T22:03:00+02:00;75819_D;50;4;0;unknown;0
2025-07-02T22:03:00+02:00;75819_G;89;2;27;freeFlow;1
2025-07-02T22:03:00+02:00;75821;89;3;100;freeFlow;3
2025-07-02T22:03:00+02:00;75823;101;4;100;freeFlow;3
2025-07-02T22:03:00+02:00;75841;43;8;40;freeFlow;1
2025-07-02T22:03:00+02:00;75842;50;8;0;unknown;0
2025-07-02T22:03:00+02:00;75855;36;2;60;heavy;1
2025-07-02T22:03:00+02:00;75858;40;2;60;heavy;1
2025-07-02T22:03:00+02:00;75859;40;4;60;heavy;1
2025-07-02T22:03:00+02:00;75860;31;6;60;heavy;1
2025-07-02T22:03:00+02:00;75861;34;2;60;heavy;1
2025-07-02T22:03:00+02:00;75862;35;5;35;heavy;1
2025-07-02T22:03:00+02:00;75863;43;2;35;heavy;1
2025-07-02T22:03:00+02:00;75864;70;1;0;unknown;0
2025-07-02T22:03:00+02:00;75865;70;2;0;unknown;0
2025-07-02T22:03:00+02:00;75866;86;10;60;freeFlow;1
2025-07-02T22:03:00+02:00;75867;92;13;100;freeFlow;5
2025-07-02T22:03:00+02:00;75869;85;62;100;freeFlow;4
2025-07-02T22:03:00+02:00;75873_D;66;8;30;freeFlow;1
2025-07-02T22:03:00+02:00;75873_G;30;16;0;unknown;0
2025-07-02T22:03:00+02:00;75874_D;66;6;30;freeFlow;1
2025-07-02T22:03:00+02:00;75874_G;50;8;0;unknown;0
2025-07-02T22:03:00+02:00;75875;82;4;100;freeFlow;3
2025-07-02T22:03:00+02:00;75876;82;6;100;freeFlow;3
2025-07-02T22:03:00+02:00;75877;120;7;60;freeFlow;1
2025-07-02T22:03:00+02:00;75878;70;12;0;unknown;0
2025-07-02T22:03:00+02:00;75879;88;2;42;freeFlow;1
2025-07-02T22:03:00+02:00;75880;61;14;32;freeFlow;1
2025-07-02T22:03:00+02:00;75882;100;10;83;freeFlow;4
2025-07-02T22:03:00+02:00;75883;95;4;100;freeFlow;3
2025-07-02T22:03:00+02:00;75884;93;4;100;freeFlow;3
2025-07-02T22:03:00+02:00;75885;88;3;100;freeFlow;3
2025-07-02T22:03:00+02:00;75886;93;7;100;freeFlow;3
2025-07-02T22:03:00+02:00;75911;67;4;35;freeFlow;1
2025-07-02T22:03:00+02:00;75912;58;5;60;freeFlow;1
2025-07-02T22:03:00+02:00;76094;90;6;0;unknown;0
2025-07-02T22:03:00+02:00;7864_D;79;46;55;freeFlow;1
2025-07-02T22:03:00+02:00;7864_G;80;45;0;unknown;0
2025-07-02T22:03:00+02:00;790_D;68;12;15;freeFlow;1
2025-07-02T22:03:00+02:00;790_G;70;11;0;unknown;0
2025-07-02T22:03:00+02:00;791_D;38;22;32;heavy;1
2025-07-02T22:03:00+02:00;791_G;70;12;0;unknown;0
2025-07-02T22:03:00+02:00;7936;102;7;10;freeFlow;1
2025-07-02T22:03:00+02:00;7937;101;22;10;freeFlow;1
2025-07-02T22:03:00+02:00;7938;90;34;0;unknown;0
2025-07-02T22:03:00+02:00;7995_D;79;13;52;freeFlow;1
2025-07-02T22:03:00+02:00;7995_G;80;12;0;unknown;0
2025-07-02T22:03:00+02:00;862_D;70;15;0;unknown;0
2025-07-02T22:03:00+02:00;862_G;72;15;15;freeFlow;1
2025-07-02T22:03:00+02:00;863_D;70;10;0;unknown;0
2025-07-02T22:03:00+02:00;863_G;74;9;15;freeFlow;1
2025-07-02T22:03:00+02:00;8745;38;5;55;freeFlow;1
2025-07-02T22:03:00+02:00;8962;96;23;75;freeFlow;2
2025-07-02T22:03:00+02:00;8963_D;54;8;17;freeFlow;1
2025-07-02T22:03:00+02:00;8963_G;79;5;60;freeFlow;1
2025-07-02T22:03:00+02:00;8966;99;12;75;freeFlow;2
2025-07-02T22:03:00+02:00;8969;93;14;65;freeFlow;2
2025-07-02T22:03:00+02:00;8970;90;17;50;freeFlow;1
2025-07-02T22:03:00+02:00;8971;89;23;50;freeFlow;1
2025-07-02T22:03:00+02:00;8974_D;42;6;27;heavy;1
2025-07-02T22:03:00+02:00;8974_G;54;4;17;freeFlow;1
2025-07-02T22:03:00+02:00;8976_D;40;9;43;heavy;2
2025-07-02T22:03:00+02:00;8976_G;54;7;17;freeFlow;1
2025-07-02T22:03:00+02:00;8977_D;127;2;60;freeFlow;1
2025-07-02T22:03:00+02:00;8977_G;54;5;17;freeFlow;1
2025-07-02T22:03:00+02:00;8978;113;12;99;freeFlow;4
2025-07-02T22:03:00+02:00;9040;73;12;40;freeFlow;1
2025-07-02T22:03:00+02:00;9041;41;4;15;freeFlow;1
2025-07-02T22:03:00+02:00;9042;33;3;40;heavy;1
2025-07-02T22:03:00+02:00;9043;41;4;15;freeFlow;1
2025-07-02T22:03:00+02:00;9044;50;3;0;unknown;0
2025-07-02T22:03:00+02:00;9045;50;2;0;unknown;0
2025-07-02T22:03:00+02:00;9046;42;2;40;freeFlow;1
2025-07-02T22:03:00+02:00;9047;40;2;40;freeFlow;1
2025-07-02T22:03:00+02:00;9048;41;13;15;heavy;1
2025-07-02T22:03:00+02:00;9049;50;3;0;unknown;0
2025-07-02T22:03:00+02:00;9050;38;2;55;freeFlow;1
2025-07-02T22:03:00+02:00;9051;40;3;69;freeFlow;2
2025-07-02T22:03:00+02:00;9052;50;2;0;unknown;0
2025-07-02T22:03:00+02:00;9053;40;3;40;freeFlow;1
2025-07-02T22:03:00+02:00;9054;50;12;0;unknown;0
2025-07-02T22:03:00+02:00;9055;47;13;40;freeFlow;1
2025-07-02T22:03:00+02:00;9057_D;73;7;12;freeFlow;1
2025-07-02T22:03:00+02:00;9057_G;74;7;15;freeFlow;1
2025-07-02T22:03:00+02:00;9058_D;78;18;12;freeFlow;1
2025-07-02T22:03:00+02:00;9058_G;76;18;15;freeFlow;1
2025-07-02T22:03:00+02:00;9059_D;56;11;15;freeFlow;1
2025-07-02T22:03:00+02:00;9059_G;74;8;15;freeFlow;1
2025-07-02T22:03:00+02:00;9060;38;5;60;heavy;1
2025-07-02T22:03:00+02:00;9061;56;3;15;freeFlow;1
2025-07-02T22:03:00+02:00;9062;29;6;60;heavy;1
2025-07-02T22:03:00+02:00;9063;38;3;60;heavy;1
2025-07-02T22:03:00+02:00;9068_D;54;33;17;heavy;1
2025-07-02T22:03:00+02:00;9068_G;58;31;60;freeFlow;1
2025-07-02T22:03:00+02:00;9070_D;71;29;55;freeFlow;1
2025-07-02T22:03:00+02:00;9070_G;80;26;0;unknown;0
2025-07-02T22:03:00+02:00;9073;92;4;100;freeFlow;4
2025-07-02T22:03:00+02:00;9074;88;10;57;freeFlow;1
2025-07-02T22:03:00+02:00;9082_D;70;3;0;unknown;0
2025-07-02T22:03:00+02:00;9082_G;83;3;20;freeFlow;1
2025-07-02T22:03:00+02:00;9090_D;70;19;0;unknown;0
2025-07-02T22:03:00+02:00;9090_G;67;20;22;freeFlow;1
2025-07-02T22:03:00+02:00;9103;90;16;0;unknown;0
2025-07-02T22:03:00+02:00;9108;90;14;0;unknown;0
2025-07-02T22:03:00+02:00;9114;70;1;0;unknown;0
2025-07-02T22:03:00+02:00;9115;83;18;40;freeFlow;1
2025-07-02T22:03:00+02:00;9116;90;2;0;unknown;0
2025-07-02T22:03:00+02:00;9117;90;6;0;unknown;0
2025-07-02T22:03:00+02:00;9133;95;20;32;freeFlow;1
2025-07-02T22:03:00+02:00;9134;90;16;0;unknown;0
2025-07-02T22:03:00+02:00;9177;93;21;32;freeFlow;1
2025-07-02T22:03:00+02:00;9190;90;4;0;unknown;0
2025-07-02T22:03:00+02:00;9199;90;1;0;unknown;0
2025-07-02T22:03:00+02:00;9200;90;2;0;unknown;0
2025-07-02T22:03:00+02:00;9201;90;1;0;unknown;0
2025-07-02T22:03:00+02:00;9202;44;3;38;heavy;1
2025-07-02T22:03:00+02:00;9203;44;2;38;heavy;1
2025-07-02T22:03:00+02:00;9204;69;2;38;freeFlow;1
2025-07-02T22:03:00+02:00;9213;70;40;0;unknown;0
2025-07-02T22:03:00+02:00;9214_D;70;1;0;unknown;0
2025-07-02T22:03:00+02:00;9214_G;70;1;0;unknown;0
2025-07-02T22:03:00+02:00;9215;85;32;38;freeFlow;1
2025-07-02T22:03:00+02:00;9279;91;23;52;freeFlow;1
2025-07-02T22:03:00+02:00;9280;91;26;50;freeFlow;1
2025-07-02T22:03:00+02:00;9343_D;80;15;0;unknown;0
2025-07-02T22:03:00+02:00;9343_G;80;15;0;unknown;0
2025-07-02T22:03:00+02:00;9344_D;30;20;0;unknown;0
2025-07-02T22:03:00+02:00;9344_G;30;20;0;unknown;0
2025-07-02T22:03:00+02:00;9345_D;30;27;0;unknown;0
2025-07-02T22:03:00+02:00;9345_G;30;28;0;unknown;0
2025-07-02T22:03:00+02:00;9346_D;30;15;0;unknown;0
2025-07-02T22:03:00+02:00;9346_G;30;15;0;unknown;0
2025-07-02T22:03:00+02:00;9348_D;30;7;0;unknown;0
2025-07-02T22:03:00+02:00;9348_G;30;8;0;unknown;0
2025-07-02T22:03:00+02:00;9351_D;80;15;0;unknown;0
2025-07-02T22:03:00+02:00;9351_G;80;14;0;unknown;0
2025-07-02T22:03:00+02:00;9370_D;80;10;0;unknown;0
2025-07-02T22:03:00+02:00;9370_G;80;11;0;unknown;0
2025-07-02T22:03:00+02:00;9371_D;80;8;0;unknown;0
2025-07-02T22:03:00+02:00;9371_G;80;8;0;unknown;0
2025-07-02T22:03:00+02:00;9378;93;13;100;freeFlow;3
2025-07-02T22:03:00+02:00;9379;93;12;57;freeFlow;1
2025-07-02T22:03:00+02:00;9414_D;30;9;0;unknown;0
2025-07-02T22:03:00+02:00;9414_G;30;9;0;unknown;0
2025-07-02T22:03:00+02:00;9416_D;30;7;0;unknown;0
2025-07-02T22:03:00+02:00;9416_G;30;7;0;unknown;0
2025-07-02T22:03:00+02:00;9418_D;30;12;0;unknown;0
2025-07-02T22:03:00+02:00;9418_G;30;12;0;unknown;0
2025-07-02T22:03:00+02:00;9421;30;4;0;unknown;0
2025-07-02T22:03:00+02:00;9422;30;3;0;unknown;0
2025-07-02T22:03:00+02:00;9423;30;3;0;unknown;0
2025-07-02T22:03:00+02:00;9424;30;6;0;unknown;0
2025-07-02T22:03:00+02:00;9425_D;30;5;0;unknown;0
2025-07-02T22:03:00+02:00;9425_G;30;4;0;unknown;0
2025-07-02T22:03:00+02:00;9427_D;80;4;0;unknown;0
2025-07-02T22:03:00+02:00;9427_G;80;4;0;unknown;0
2025-07-02T22:03:00+02:00;9434_D;80;10;0;unknown;0
2025-07-02T22:03:00+02:00;9434_G;80;10;0;unknown;0
2025-07-02T22:03:00+02:00;9435_D;80;13;0;unknown;0
2025-07-02T22:03:00+02:00;9435_G;80;13;0;unknown;0
2025-07-02T22:03:00+02:00;9437_D;80;14;0;unknown;0
2025-07-02T22:03:00+02:00;9437_G;80;14;0;unknown;0
2025-07-02T22:03:00+02:00;9588_D;70;9;0;unknown;0
2025-07-02T22:03:00+02:00;9588_G;83;7;20;freeFlow;1
2025-07-02T22:03:00+02:00;9625_D;70;5;0;unknown;0
2025-07-02T22:03:00+02:00;9625_G;77;5;20;freeFlow;1
2025-07-02T22:03:00+02:00;9739;40;3;22;heavy;1
2025-07-02T22:03:00+02:00;9740;70;1;0;unknown;0
2025-07-02T22:03:00+02:00;9741;40;2;22;heavy;1
2025-07-02T22:03:00+02:00;9742;45;3;22;heavy;1
2025-07-02T22:03:00+02:00;9745_D;70;2;0;unknown;0
2025-07-02T22:03:00+02:00;9745_G;59;5;22;freeFlow;1
2025-07-02T22:03:00+02:00;9757_D;70;2;0;unknown;0
2025-07-02T22:03:00+02:00;9757_G;40;3;22;heavy;1
2025-07-02T22:03:00+02:00;9758_D;70;4;0;unknown;0
2025-07-02T22:03:00+02:00;9758_G;52;6;22;freeFlow;1
2025-07-02T22:03:00+02:00;9834_D;54;36;17;freeFlow;1
2025-07-02T22:03:00+02:00;9834_G;75;26;25;freeFlow;1
2025-07-02T22:03:00+02:00;9912;35;5;25;heavy;1
2025-07-02T22:03:00+02:00;9913;54;2;17;freeFlow;1
2025-07-02T22:03:00+02:00;9914;54;2;17;freeFlow;1
2025-07-02T22:03:00+02:00;9915;54;2;17;freeFlow;1
2025-07-02T22:03:00+02:00;9916;34;4;25;heavy;1
2025-07-02T22:03:00+02:00;9917_D;34;4;25;heavy;1
2025-07-02T22:03:00+02:00;9917_G;54;2;17;freeFlow;1
2025-07-02T22:03:00+02:00;9921_D;54;27;17;freeFlow;1
2025-07-02T22:03:00+02:00;9921_G;57;26;25;freeFlow;1
2025-07-02T22:03:00+02:00;1601981;28;6;60;heavy;1
2025-07-02T22:03:00+02:00;1601982;67;14;57;freeFlow;1
2025-07-02T22:03:00+02:00;1634;42;13;60;heavy;1
2025-07-02T22:03:00+02:00;1635;43;4;55;heavy;1
2025-07-02T22:03:00+02:00;1636;32;5;50;heavy;1
2025-07-02T22:03:00+02:00;1637;35;3;100;heavy;3
2025-07-02T22:03:00+02:00;1640;38;3;96;heavy;3
2025-07-02T22:03:00+02:00;1641;30;5;75;heavy;2
2025-07-02T22:03:00+02:00;1642;28;3;75;heavy;2
2025-07-02T22:03:00+02:00;1678329;50;12;0;unknown;0
2025-07-02T22:03:00+02:00;1680500_D;50;5;0;unknown;0
2025-07-02T22:03:00+02:00;1680500_G;89;3;27;freeFlow;1
2025-07-02T22:03:00+02:00;1680501;97;9;100;freeFlow;3
2025-07-02T22:03:00+02:00;1680580;47;9;60;freeFlow;1
2025-07-02T22:03:00+02:00;1680586;50;3;0;unknown;0
2025-07-02T22:03:00+02:00;1680594;50;0;0;unknown;0
2025-07-02T22:03:00+02:00;1680595;50;1;0;unknown;0
2025-07-02T22:03:00+02:00;1680596;50;1;0;unknown;0
2025-07-02T22:03:00+02:00;1680597;50;1;0;unknown;0
2025-07-02T22:03:00+02:00;1680604;40;2;60;freeFlow;1
2025-07-02T22:03:00+02:00;1747_D;50;1;0;unknown;0
2025-07-02T22:03:00+02:00;1747_G;17;5;55;heavy;1
2025-07-02T22:03:00+02:00;1762;48;11;57;freeFlow;1
2025-07-02T22:03:00+02:00;1763;23;25;60;heavy;1
2025-07-02T22:03:00+02:00;1765_D;50;8;0;unknown;0
2025-07-02T22:03:00+02:00;1765_G;45;9;55;freeFlow;1
2025-07-02T22:03:00+02:00;1852;85;13;100;freeFlow;4
2025-07-02T22:03:00+02:00;1857;101;21;60;freeFlow;1
2025-07-02T22:03:00+02:00;1858;83;11;100;freeFlow;3
2025-07-02T22:03:00+02:00;1859;101;10;60;freeFlow;1
2025-07-02T22:03:00+02:00;1860;79;16;96;freeFlow;3
2025-07-02T22:03:00+02:00;1910718_D;50;2;0;unknown;0
2025-07-02T22:03:00+02:00;1910718_G;30;4;17;heavy;1
2025-07-02T22:03:00+02:00;1910863_D;50;11;0;unknown;0
2025-07-02T22:03:00+02:00;1910863_G;50;11;0;unknown;0
2025-07-02T22:03:00+02:00;1911250;52;4;75;freeFlow;2
2025-07-02T22:03:00+02:00;35088;107;2;35;freeFlow;1
2025-07-02T22:03:00+02:00;35089;36;6;68;heavy;2
2025-07-02T22:03:00+02:00;35090;34;2;60;heavy;1
2025-07-02T22:03:00+02:00;35091;70;2;0;unknown;0
2025-07-02T22:03:00+02:00;35093;51;5;60;freeFlow;1
2025-07-02T22:03:00+02:00;35094;52;5;60;freeFlow;1
2025-07-02T22:03:00+02:00;35099;50;2;0;unknown;0
2025-07-02T22:03:00+02:00;35101;33;2;38;heavy;1
2025-07-02T22:03:00+02:00;35102;59;1;32;freeFlow;1
2025-07-02T22:03:00+02:00;35104;32;82;53;heavy;2
2025-07-02T22:03:00+02:00;35116;33;4;38;heavy;1
2025-07-02T22:03:00+02:00;35117;79;2;50;freeFlow;2
2025-07-02T22:03:00+02:00;35118;59;3;32;freeFlow;1
2025-07-02T22:03:00+02:00;35119;35;6;53;freeFlow;2
2025-07-02T22:03:00+02:00;35120_D;31;2;38;heavy;1
2025-07-02T22:03:00+02:00;35120_G;24;3;54;heavy;2
2025-07-02T22:03:00+02:00;35121_D;52;40;55;freeFlow;2
2025-07-02T22:03:00+02:00;35121_G;30;69;59;heavy;2
2025-07-02T22:03:00+02:00;40196;90;3;0;unknown;0
2025-07-02T22:03:00+02:00;40197;90;3;0;unknown;0
2025-07-02T22:03:00+02:00;41636_D;50;3;0;unknown;0
2025-07-02T22:03:00+02:00;41636_G;50;3;0;unknown;0
2025-07-02T22:03:00+02:00;41652_G;50;5;0;unknown;0
2025-07-02T22:03:00+02:00;41653_D;50;2;0;unknown;0
2025-07-02T22:03:00+02:00;41653_G;50;2;0;unknown;0
2025-07-02T22:03:00+02:00;41667_D;50;3;0;unknown;0
2025-07-02T22:03:00+02:00;41667_G;50;3;0;unknown;0
2025-07-02T22:03:00+02:00;41668_D;50;1;0;unknown;0
2025-07-02T22:03:00+02:00;41668_G;50;1;0;unknown;0
2025-07-02T22:03:00+02:00;41721;96;11;100;freeFlow;3
2025-07-02T22:03:00+02:00;41722;85;13;100;freeFlow;3
2025-07-02T22:03:00+02:00;41758;100;13;75;freeFlow;2
2025-07-02T22:03:00+02:00;41759;91;15;100;freeFlow;3
2025-07-02T22:03:00+02:00;41760;91;15;100;freeFlow;4
2025-07-02T22:03:00+02:00;41949_D;50;5;0;unknown;0
2025-07-02T22:03:00+02:00;41949_G;44;6;32;freeFlow;2
2025-07-02T22:03:00+02:00;41974_D;50;5;0;unknown;0
2025-07-02T22:03:00+02:00;41974_G;4;56;35;congested;2
2025-07-02T22:03:00+02:00;41975_D;50;7;0;unknown;0
2025-07-02T22:03:00+02:00;41975_G;45;7;32;freeFlow;2
2025-07-02T22:03:00+02:00;41985_D;50;2;0;unknown;0
2025-07-02T22:03:00+02:00;41985_G;50;2;0;unknown;0
2025-07-02T22:03:00+02:00;42064_D;50;4;0;unknown;0
2025-07-02T22:03:00+02:00;42064_G;50;4;0;unknown;0
2025-07-02T22:03:00+02:00;420870_D;50;5;0;unknown;0
2025-07-02T22:03:00+02:00;420870_G;51;5;60;freeFlow;1
2025-07-02T22:03:00+02:00;42206_G;50;19;0;unknown;0
2025-07-02T22:03:00+02:00;42238_G;50;7;0;unknown;0
2025-07-02T22:03:00+02:00;42239_D;50;6;0;unknown;0
2025-07-02T22:03:00+02:00;42239_G;50;6;0;unknown;0
2025-07-02T22:03:00+02:00;42240_D;50;15;0;unknown;0
2025-07-02T22:03:00+02:00;42240_G;50;15;0;unknown;0
2025-07-02T22:03:00+02:00;42241_D;50;14;0;unknown;0
2025-07-02T22:03:00+02:00;42241_G;8;87;22;congested;1
2025-07-02T22:03:00+02:00;42242_D;34;9;20;heavy;1
2025-07-02T22:03:00+02:00;42242_G;31;10;20;heavy;1
2025-07-02T22:03:00+02:00;42683_D;26;13;35;heavy;2
2025-07-02T22:03:00+02:00;42683_G;50;6;0;unknown;0
2025-07-02T22:03:00+02:00;42714_D;50;4;0;unknown;0
2025-07-02T22:03:00+02:00;42714_G;34;6;32;heavy;2
2025-07-02T22:03:00+02:00;42716_D;50;2;0;unknown;0
2025-07-02T22:03:00+02:00;42716_G;45;2;32;freeFlow;2
2025-07-02T22:03:00+02:00;43449_D;30;7;0;unknown;0
2025-07-02T22:03:00+02:00;43449_G;30;7;0;unknown;0
2025-07-02T22:03:00+02:00;43450_D;30;10;0;unknown;0
2025-07-02T22:03:00+02:00;43450_G;30;10;0;unknown;0
2025-07-02T22:03:00+02:00;43451_G;30;16;0;unknown;0
2025-07-02T22:03:00+02:00;43452_D;30;5;0;unknown;0
2025-07-02T22:03:00+02:00;43452_G;30;5;0;unknown;0
2025-07-02T22:03:00+02:00;43475_D;50;4;0;unknown;0
2025-07-02T22:03:00+02:00;43475_G;50;4;0;unknown;0
2025-07-02T22:03:00+02:00;43622_D;50;2;0;unknown;0
2025-07-02T22:03:00+02:00;43622_G;50;2;0;unknown;0
2025-07-02T22:03:00+02:00;43623_D;50;4;0;unknown;0
2025-07-02T22:03:00+02:00;43623_G;50;4;0;unknown;0
2025-07-02T22:03:00+02:00;43624_D;50;5;0;unknown;0
2025-07-02T22:03:00+02:00;43624_G;50;5;0;unknown;0
2025-07-02T22:03:00+02:00;43625_D;50;7;0;unknown;0
2025-07-02T22:03:00+02:00;43625_G;50;7;0;unknown;0
2025-07-02T22:03:00+02:00;43657_D;50;2;0;unknown;0
2025-07-02T22:03:00+02:00;43657_G;50;2;0;unknown;0
2025-07-02T22:03:00+02:00;43659_D;30;5;0;unknown;0
2025-07-02T22:03:00+02:00;43659_G;30;5;0;unknown;0
2025-07-02T22:03:00+02:00;44039_D;50;2;0;unknown;0
2025-07-02T22:03:00+02:00;44039_G;50;2;0;unknown;0
2025-07-02T22:03:00+02:00;44040_D;50;9;0;unknown;0
2025-07-02T22:03:00+02:00;44040_G;50;9;0;unknown;0
2025-07-02T22:03:00+02:00;44041_D;50;9;0;unknown;0
2025-07-02T22:03:00+02:00;44041_G;50;9;0;unknown;0
2025-07-02T22:03:00+02:00;44042_D;50;10;0;unknown;0
2025-07-02T22:03:00+02:00;44042_G;50;9;0;unknown;0
2025-07-02T22:03:00+02:00;44071_D;30;9;0;unknown;0
2025-07-02T22:03:00+02:00;44071_G;30;10;0;unknown;0
2025-07-02T22:03:00+02:00;44080;34;4;32;heavy;1
2025-07-02T22:03:00+02:00;44113_D;50;6;0;unknown;0
2025-07-02T22:03:00+02:00;44113_G;50;6;0;unknown;0
2025-07-02T22:03:00+02:00;44114_D;35;7;60;heavy;1
2025-07-02T22:03:00+02:00;44114_G;50;5;0;unknown;0
2025-07-02T22:03:00+02:00;44115_D;50;7;0;unknown;0
2025-07-02T22:03:00+02:00;44115_G;50;7;0;unknown;0
2025-07-02T22:03:00+02:00;44117_D;49;6;52;freeFlow;1
2025-07-02T22:03:00+02:00;44117_G;50;5;0;unknown;0
2025-07-02T22:03:00+02:00;44118_D;49;4;52;freeFlow;1
2025-07-02T22:03:00+02:00;44118_G;50;4;0;unknown;0
2025-07-02T22:03:00+02:00;44125_D;50;3;0;unknown;0
2025-07-02T22:03:00+02:00;44125_G;50;3;0;unknown;0
2025-07-02T22:03:00+02:00;44127;50;6;0;unknown;0
2025-07-02T22:03:00+02:00;44128;50;7;0;unknown;0
2025-07-02T22:03:00+02:00;44170_D;50;3;0;unknown;0
2025-07-02T22:03:00+02:00;44170_G;50;4;0;unknown;0
2025-07-02T22:03:00+02:00;44713_D;51;1;45;freeFlow;1
2025-07-02T22:03:00+02:00;44713_G;6;4;45;congested;1
2025-07-02T22:03:00+02:00;44930;40;5;25;freeFlow;1
2025-07-02T22:03:00+02:00;44931;40;17;25;freeFlow;1
2025-07-02T22:03:00+02:00;44934;97;21;100;freeFlow;3
2025-07-02T22:03:00+02:00;45486_G;42;5;60;freeFlow;1
2025-07-02T22:03:00+02:00;45487_G;42;6;60;freeFlow;1
2025-07-02T22:03:00+02:00;45488_D;17;40;60;heavy;1
2025-07-02T22:03:00+02:00;45488_G;35;19;60;heavy;1
2025-07-02T22:03:00+02:00;45489_D;17;16;60;heavy;1
2025-07-02T22:03:00+02:00;45489_G;35;7;60;heavy;1
2025-07-02T22:03:00+02:00;45490_D;23;7;60;heavy;1
2025-07-02T22:03:00+02:00;45490_G;35;5;60;heavy;1
2025-07-02T22:03:00+02:00;45503_D;17;8;60;heavy;1
2025-07-02T22:03:00+02:00;45503_G;26;5;42;heavy;1
2025-07-02T22:03:00+02:00;45504_D;17;9;60;heavy;1
2025-07-02T22:03:00+02:00;45504_G;40;4;42;freeFlow;1
2025-07-02T22:03:00+02:00;45505_D;20;16;60;heavy;1
2025-07-02T22:03:00+02:00;45505_G;32;10;42;heavy;1
2025-07-02T22:03:00+02:00;45530_D;30;2;0;unknown;0
2025-07-02T22:03:00+02:00;45530_G;30;2;0;unknown;0
2025-07-02T22:03:00+02:00;45531_D;19;3;55;heavy;1
2025-07-02T22:03:00+02:00;45531_G;30;2;0;unknown;0
2025-07-02T22:03:00+02:00;45532_D;19;11;55;heavy;1
2025-07-02T22:03:00+02:00;45532_G;30;7;0;unknown;0
2025-07-02T22:03:00+02:00;45565_D;50;7;0;unknown;0
2025-07-02T22:03:00+02:00;45565_G;42;8;60;freeFlow;1
2025-07-02T22:03:00+02:00;45566_D;50;5;0;unknown;0
2025-07-02T22:03:00+02:00;45566_G;42;7;60;freeFlow;1
2025-07-02T22:03:00+02:00;45567_D;50;6;0;unknown;0
2025-07-02T22:03:00+02:00;45567_G;50;6;0;unknown;0
2025-07-02T22:03:00+02:00;45568_D;50;9;0;unknown;0
2025-07-02T22:03:00+02:00;45568_G;31;16;75;heavy;2
2025-07-02T22:03:00+02:00;45601_D;14;22;57;congested;1
2025-07-02T22:03:00+02:00;45601_G;50;6;0;unknown;0
2025-07-02T22:03:00+02:00;45613_D;50;6;0;unknown;0
2025-07-02T22:03:00+02:00;45613_G;42;8;60;freeFlow;1
2025-07-02T22:03:00+02:00;45614_D;23;9;60;heavy;1
2025-07-02T22:03:00+02:00;45614_G;35;6;60;heavy;1
2025-07-02T22:03:00+02:00;45636;89;13;27;freeFlow;1
2025-07-02T22:03:00+02:00;45637;90;12;100;freeFlow;3
2025-07-02T22:03:00+02:00;45640;50;10;0;unknown;0
2025-07-02T22:03:00+02:00;45641;99;12;100;freeFlow;3
2025-07-02T22:03:00+02:00;45642;99;21;100;freeFlow;3
2025-07-02T22:03:00+02:00;45644_D;50;19;0;unknown;0
2025-07-02T22:03:00+02:00;45644_G;50;19;0;unknown;0
2025-07-02T22:03:00+02:00;45645_G;50;11;0;unknown;0
2025-07-02T22:03:00+02:00;45725;89;35;100;freeFlow;3
2025-07-02T22:03:00+02:00;45736_D;50;9;0;unknown;0
2025-07-02T22:03:00+02:00;45736_G;50;9;0;unknown;0
2025-07-02T22:03:00+02:00;45759_D;50;8;0;unknown;0
2025-07-02T22:03:00+02:00;45759_G;50;7;0;unknown;0
2025-07-02T22:03:00+02:00;45760_D;50;6;0;unknown;0
2025-07-02T22:03:00+02:00;45760_G;50;6;0;unknown;0
2025-07-02T22:03:00+02:00;45761_G;50;6;0;unknown;0
2025-07-02T22:03:00+02:00;45762_D;46;5;0;unknown;0
2025-07-02T22:03:00+02:00;45762_G;50;5;0;unknown;0
2025-07-02T22:03:00+02:00;45849_D;50;2;0;unknown;0
2025-07-02T22:03:00+02:00;45849_G;50;2;0;unknown;0
2025-07-02T22:03:00+02:00;45850_D;50;2;0;unknown;0
2025-07-02T22:03:00+02:00;45850_G;50;2;0;unknown;0
2025-07-02T22:03:00+02:00;45865_G;50;7;0;unknown;0
2025-07-02T22:03:00+02:00;46027;33;2;48;heavy;1
2025-07-02T22:03:00+02:00;46028;17;42;60;heavy;1
2025-07-02T22:03:00+02:00;46029;13;13;60;congested;1
2025-07-02T22:03:00+02:00;46036_D;50;10;0;unknown;0
2025-07-02T22:03:00+02:00;46036_G;29;18;42;heavy;1
2025-07-02T22:03:00+02:00;46053_G;13;30;42;congested;1
2025-07-02T22:03:00+02:00;46054_D;34;6;60;heavy;1
2025-07-02T22:03:00+02:00;46054_G;33;6;40;heavy;1
2025-07-02T22:03:00+02:00;46055_D;24;10;60;heavy;1
2025-07-02T22:03:00+02:00;46055_G;46;5;40;freeFlow;1
2025-07-02T22:03:00+02:00;46056_G;46;2;40;freeFlow;1
2025-07-02T22:03:00+02:00;46057_D;30;6;60;heavy;1
2025-07-02T22:03:00+02:00;46057_G;45;4;40;freeFlow;1
2025-07-02T22:03:00+02:00;46058_D;45;8;60;freeFlow;1
2025-07-02T22:03:00+02:00;46058_G;47;7;40;freeFlow;1
2025-07-02T22:03:00+02:00;46059_D;24;25;60;heavy;1
2025-07-02T22:03:00+02:00;46059_G;36;16;38;freeFlow;1
2025-07-02T22:03:00+02:00;46079_D;44;7;60;freeFlow;1
2025-07-02T22:03:00+02:00;46079_G;44;7;40;freeFlow;1
2025-07-02T22:03:00+02:00;46080_D;30;16;60;heavy;1
2025-07-02T22:03:00+02:00;46080_G;31;15;38;heavy;1
2025-07-02T22:03:00+02:00;46081;50;5;0;unknown;0
2025-07-02T22:03:00+02:00;46135;50;7;0;unknown;0
2025-07-02T22:03:00+02:00;46136;50;6;0;unknown;0
2025-07-02T22:03:00+02:00;46137;35;13;60;heavy;1
2025-07-02T22:03:00+02:00;46163;50;6;0;unknown;0
2025-07-02T22:03:00+02:00;46228;90;11;32;freeFlow;1
2025-07-02T22:03:00+02:00;46230;91;15;75;freeFlow;2
2025-07-02T22:03:00+02:00;46251_D;50;3;0;unknown;0
2025-07-02T22:03:00+02:00;46251_G;29;6;60;heavy;1
2025-07-02T22:03:00+02:00;46264;90;18;0;unknown;0
2025-07-02T22:03:00+02:00;46265;92;8;75;freeFlow;2
2025-07-02T22:03:00+02:00;46266;90;3;75;freeFlow;2
2025-07-02T22:03:00+02:00;46267;85;9;100;freeFlow;5
2025-07-02T22:03:00+02:00;46268;86;17;100;freeFlow;4
2025-07-02T22:03:00+02:00;46270_D;50;4;0;unknown;0
2025-07-02T22:03:00+02:00;46270_G;50;4;0;unknown;0
2025-07-02T22:03:00+02:00;46271_D;50;5;0;unknown;0
2025-07-02T22:03:00+02:00;46271_G;21;12;52;heavy;1
2025-07-02T22:03:00+02:00;46374_D;44;28;25;freeFlow;1
2025-07-02T22:03:00+02:00;46374_G;26;48;57;heavy;1
2025-07-02T22:03:00+02:00;46375_D;50;10;25;freeFlow;1
2025-07-02T22:03:00+02:00;46375_G;14;34;50;congested;1
2025-07-02T22:03:00+02:00;46376_D;52;13;25;freeFlow;1
2025-07-02T22:03:00+02:00;46376_G;43;16;50;freeFlow;1
2025-07-02T22:03:00+02:00;46377_D;47;9;27;freeFlow;1
2025-07-02T22:03:00+02:00;46377_G;40;10;50;freeFlow;1
2025-07-02T22:03:00+02:00;46427_D;49;7;25;freeFlow;1
2025-07-02T22:03:00+02:00;46427_G;29;13;52;heavy;1
2025-07-02T22:03:00+02:00;46559_D;50;1;0;unknown;0
2025-07-02T22:03:00+02:00;46559_G;50;1;0;unknown;0
2025-07-02T22:03:00+02:00;46560_D;50;8;0;unknown;0
2025-07-02T22:03:00+02:00;46560_G;50;8;0;unknown;0
2025-07-02T22:03:00+02:00;46561_D;50;5;0;unknown;0
2025-07-02T22:03:00+02:00;46561_G;50;5;0;unknown;0
2025-07-02T22:03:00+02:00;46562_D;50;2;0;unknown;0
2025-07-02T22:03:00+02:00;46562_G;50;2;0;unknown;0
2025-07-02T22:03:00+02:00;46563_D;50;8;0;unknown;0
2025-07-02T22:03:00+02:00;46563_G;50;9;0;unknown;0
2025-07-02T22:03:00+02:00;46564_D;50;4;0;unknown;0
2025-07-02T22:03:00+02:00;46564_G;50;4;0;unknown;0
2025-07-02T22:03:00+02:00;46565_D;50;4;0;unknown;0
2025-07-02T22:03:00+02:00;46565_G;50;4;0;unknown;0
2025-07-02T22:03:00+02:00;46566_D;50;5;0;unknown;0
2025-07-02T22:03:00+02:00;46566_G;50;5;0;unknown;0
2025-07-02T22:03:00+02:00;46567_G;36;3;50;freeFlow;1
2025-07-02T22:03:00+02:00;46568_D;25;3;27;heavy;1
2025-07-02T22:03:00+02:00;46568_G;14;5;48;congested;1
2025-07-02T22:03:00+02:00;46569_D;31;15;30;heavy;1
2025-07-02T22:03:00+02:00;46569_G;50;9;0;unknown;0
2025-07-02T22:03:00+02:00;46627_D;50;11;0;unknown;0
2025-07-02T22:03:00+02:00;46627_G;50;11;0;unknown;0
2025-07-02T22:03:00+02:00;46628_D;50;8;0;unknown;0
2025-07-02T22:03:00+02:00;46628_G;50;8;0;unknown;0
2025-07-02T22:03:00+02:00;46640;50;15;0;unknown;0
2025-07-02T22:03:00+02:00;46641;50;8;0;unknown;0
2025-07-02T22:03:00+02:00;46643;50;3;0;unknown;0
2025-07-02T22:03:00+02:00;46649;50;8;0;unknown;0
2025-07-02T22:03:00+02:00;46653_D;50;12;0;unknown;0
2025-07-02T22:03:00+02:00;46653_G;50;12;0;unknown;0
2025-07-02T22:03:00+02:00;46654_D;52;10;42;freeFlow;1
2025-07-02T22:03:00+02:00;46654_G;52;10;42;freeFlow;1
2025-07-02T22:03:00+02:00;46655_D;50;3;0;unknown;0
2025-07-02T22:03:00+02:00;46655_G;23;7;42;heavy;1
2025-07-02T22:03:00+02:00;46682;50;10;0;unknown;0
2025-07-02T22:03:00+02:00;46683;50;1;0;unknown;0
2025-07-02T22:03:00+02:00;46684;50;10;0;unknown;0
2025-07-02T22:03:00+02:00;46685;46;23;60;heavy;1
2025-07-02T22:03:00+02:00;46686;53;25;60;freeFlow;1
2025-07-02T22:03:00+02:00;46688;70;16;0;unknown;0
2025-07-02T22:03:00+02:00;46716;80;1;100;freeFlow;3
2025-07-02T22:03:00+02:00;46717;89;42;75;freeFlow;2
2025-07-02T22:03:00+02:00;46718;82;13;100;freeFlow;3
2025-07-02T22:03:00+02:00;46719;47;17;70;heavy;2
2025-07-02T22:03:00+02:00;46720;102;2;60;freeFlow;1
2025-07-02T22:03:00+02:00;46728;87;4;60;freeFlow;1
2025-07-02T22:03:00+02:00;46745_D;50;12;0;unknown;0
2025-07-02T22:03:00+02:00;46745_G;8;79;85;congested;3
2025-07-02T22:03:00+02:00;46746_D;50;18;0;unknown;0
2025-07-02T22:03:00+02:00;46746_G;40;22;75;freeFlow;2
2025-07-02T22:03:00+02:00;46975;50;3;0;unknown;0
2025-07-02T22:03:00+02:00;47024;24;7;60;heavy;1
2025-07-02T22:03:00+02:00;47025;24;16;60;heavy;1
2025-07-02T22:03:00+02:00;47030;8;42;42;congested;1
2025-07-02T22:03:00+02:00;47057;89;9;100;freeFlow;4
2025-07-02T22:03:00+02:00;47058;93;20;100;freeFlow;3
2025-07-02T22:03:00+02:00;47059;89;14;60;freeFlow;1
2025-07-02T22:03:00+02:00;47060;84;12;75;freeFlow;2
2025-07-02T22:03:00+02:00;47062;50;17;0;unknown;0
2025-07-02T22:03:00+02:00;47064;67;1;48;freeFlow;1
2025-07-02T22:03:00+02:00;47066;34;4;60;heavy;1
2025-07-02T22:03:00+02:00;47068;46;15;52;heavy;1
2025-07-02T22:03:00+02:00;47070;37;8;60;freeFlow;1
2025-07-02T22:03:00+02:00;47071;63;14;60;freeFlow;1
2025-07-02T22:03:00+02:00;47074;89;5;60;freeFlow;1
2025-07-02T22:03:00+02:00;47075;46;6;45;heavy;1
2025-07-02T22:03:00+02:00;47078;82;30;57;freeFlow;1
2025-07-02T22:03:00+02:00;47101;14;28;10;congested;1
2025-07-02T22:03:00+02:00;47107;89;5;60;freeFlow;1
2025-07-02T22:03:00+02:00;47108;67;12;48;freeFlow;1
2025-07-02T22:03:00+02:00;47109;29;2;75;heavy;2
2025-07-02T22:03:00+02:00;47110;70;11;0;unknown;0
2025-07-02T22:03:00+02:00;47111;90;20;100;freeFlow;4
2025-07-02T22:03:00+02:00;47112;26;33;75;heavy;2
2025-07-02T22:03:00+02:00;47113;46;13;45;heavy;1
2025-07-02T22:03:00+02:00;47114;50;28;0;unknown;0
2025-07-02T22:03:00+02:00;47115;66;21;42;freeFlow;1
2025-07-02T22:03:00+02:00;47238;94;6;100;freeFlow;3
2025-07-02T22:03:00+02:00;47240;88;17;60;freeFlow;1
2025-07-02T22:03:00+02:00;47241;84;12;100;freeFlow;4
2025-07-02T22:03:00+02:00;47242;95;13;100;freeFlow;4
2025-07-02T22:03:00+02:00;47243;91;16;100;freeFlow;4
2025-07-02T22:03:00+02:00;47290;50;10;0;unknown;0
2025-07-02T22:03:00+02:00;47293;62;8;100;freeFlow;4
2025-07-02T22:03:00+02:00;47299;38;9;60;heavy;1
2025-07-02T22:03:00+02:00;47300;56;22;55;freeFlow;1
2025-07-02T22:03:00+02:00;47306;91;22;60;freeFlow;1
2025-07-02T22:03:00+02:00;47316;33;9;75;heavy;2
2025-07-02T22:03:00+02:00;47428_D;50;5;0;unknown;0
2025-07-02T22:03:00+02:00;47428_G;50;5;0;unknown;0
2025-07-02T22:03:00+02:00;48769_D;38;4;0;unknown;0
2025-07-02T22:03:00+02:00;48769_G;50;3;0;unknown;0
2025-07-02T22:03:00+02:00;48890;50;1;0;unknown;0
2025-07-02T22:03:00+02:00;48891;50;1;0;unknown;0
2025-07-02T22:03:00+02:00;48958_D;50;4;0;unknown;0
2025-07-02T22:03:00+02:00;48958_G;50;4;0;unknown;0
2025-07-02T22:03:00+02:00;489866_G;51;3;60;freeFlow;1
2025-07-02T22:03:00+02:00;49004;54;4;27;freeFlow;1
2025-07-02T22:03:00+02:00;490194_D;50;1;0;unknown;0
2025-07-02T22:03:00+02:00;490194_G;44;1;32;freeFlow;2
2025-07-02T22:03:00+02:00;49023;107;5;45;freeFlow;1
2025-07-02T22:03:00+02:00;49068;20;32;63;heavy;2
2025-07-02T22:03:00+02:00;49074;70;1;0;unknown;0
2025-07-02T22:03:00+02:00;49075;70;2;0;unknown;0
2025-07-02T22:03:00+02:00;49081;43;13;55;heavy;1
2025-07-02T22:03:00+02:00;49084;50;9;0;unknown;0
2025-07-02T22:03:00+02:00;49137_D;50;4;0;unknown;0
2025-07-02T22:03:00+02:00;49137_G;50;4;0;unknown;0
2025-07-02T22:03:00+02:00;49184;32;3;50;heavy;1
2025-07-02T22:03:00+02:00;492351_G;50;2;0;unknown;0
2025-07-02T22:03:00+02:00;492359_D;23;11;60;heavy;1
2025-07-02T22:03:00+02:00;492363_D;50;9;0;unknown;0
2025-07-02T22:03:00+02:00;492363_G;50;10;0;unknown;0
2025-07-02T22:03:00+02:00;492435;21;20;15;heavy;1
2025-07-02T22:03:00+02:00;492445_G;50;13;0;unknown;0
2025-07-02T22:03:00+02:00;492450;60;8;63;freeFlow;2
2025-07-02T22:03:00+02:00;492452;33;15;55;heavy;1
2025-07-02T22:03:00+02:00;492459;30;2;0;unknown;0
2025-07-02T22:03:00+02:00;492474;96;2;48;freeFlow;1
2025-07-02T22:03:00+02:00;492475;96;9;48;freeFlow;1
2025-07-02T22:03:00+02:00;492476;96;5;48;freeFlow;1
2025-07-02T22:03:00+02:00;492477;50;2;0;unknown;0
2025-07-02T22:03:00+02:00;492479;77;8;55;freeFlow;1
2025-07-02T22:03:00+02:00;492481;43;4;55;freeFlow;1
2025-07-02T22:03:00+02:00;492482;96;1;48;freeFlow;1
2025-07-02T22:03:00+02:00;492483;96;2;48;freeFlow;1
2025-07-02T22:03:00+02:00;492485;50;1;0;unknown;0
2025-07-02T22:03:00+02:00;492490;107;3;38;freeFlow;1
2025-07-02T22:03:00+02:00;492495;96;0;48;freeFlow;1
2025-07-02T22:03:00+02:00;492498;50;9;0;unknown;0
2025-07-02T22:03:00+02:00;492506;19;11;27;heavy;2
2025-07-02T22:03:00+02:00;492512;43;2;55;freeFlow;1
2025-07-02T22:03:00+02:00;492514;96;1;48;freeFlow;1
2025-07-02T22:03:00+02:00;492519;51;10;30;freeFlow;2
2025-07-02T22:03:00+02:00;492574;44;4;55;freeFlow;1
2025-07-02T22:03:00+02:00;492576;50;1;0;unknown;0
2025-07-02T22:03:00+02:00;49328_D;50;2;0;unknown;0
2025-07-02T22:03:00+02:00;49328_G;50;2;0;unknown;0
2025-07-02T22:03:00+02:00;49686_D;50;3;0;unknown;0
2025-07-02T22:03:00+02:00;49686_G;50;3;0;unknown;0
2025-07-02T22:03:00+02:00;50079_D;30;8;0;unknown;0
2025-07-02T22:03:00+02:00;50079_G;30;8;0;unknown;0
2025-07-02T22:03:00+02:00;50191_D;16;32;57;heavy;1
2025-07-02T22:03:00+02:00;50191_G;50;11;0;unknown;0
2025-07-02T22:03:00+02:00;50308_G;40;7;60;freeFlow;1
2025-07-02T22:03:00+02:00;50355_D;20;14;60;heavy;1
2025-07-02T22:03:00+02:00;50355_G;51;5;60;freeFlow;1
2025-07-02T22:03:00+02:00;50416_D;50;3;0;unknown;0
2025-07-02T22:03:00+02:00;50416_G;51;3;60;freeFlow;1
2025-07-02T22:03:00+02:00;50475;24;16;60;heavy;1
2025-07-02T22:03:00+02:00;50509;28;16;60;heavy;1
2025-07-02T22:03:00+02:00;50573_D;30;8;0;unknown;0
2025-07-02T22:03:00+02:00;50573_G;30;6;0;unknown;0
2025-07-02T22:03:00+02:00;51008;50;3;0;unknown;0
2025-07-02T22:03:00+02:00;51017;50;3;0;unknown;0
2025-07-02T22:03:00+02:00;51159_D;50;13;25;freeFlow;1
2025-07-02T22:03:00+02:00;51159_G;37;18;52;freeFlow;1
2025-07-02T22:03:00+02:00;51254_D;10;28;27;congested;1
2025-07-02T22:03:00+02:00;51254_G;28;10;50;heavy;1
2025-07-02T22:03:00+02:00;51323_D;16;10;57;heavy;1
2025-07-02T22:03:00+02:00;51323_G;50;4;0;unknown;0
2025-07-02T22:03:00+02:00;51437_D;50;3;0;unknown;0
2025-07-02T22:03:00+02:00;51437_G;42;3;60;freeFlow;1
2025-07-02T22:03:00+02:00;51455_D;50;6;0;unknown;0
2025-07-02T22:03:00+02:00;51455_G;42;6;60;freeFlow;1
2025-07-02T22:03:00+02:00;51797;50;4;0;unknown;0
2025-07-02T22:03:00+02:00;52130;50;4;0;unknown;0
2025-07-02T22:03:00+02:00;53329_D;30;6;0;unknown;0
2025-07-02T22:03:00+02:00;53329_G;30;6;0;unknown;0
2025-07-02T22:03:00+02:00;53336_D;50;8;0;unknown;0
2025-07-02T22:03:00+02:00;53336_G;47;8;92;freeFlow;3
2025-07-02T22:03:00+02:00;53411_D;25;15;27;heavy;1
2025-07-02T22:03:00+02:00;53539_G;55;3;27;freeFlow;1
2025-07-02T22:03:00+02:00;53542;93;5;32;freeFlow;1
2025-07-02T22:03:00+02:00;53543;90;5;0;unknown;0
2025-07-02T22:03:00+02:00;53575_D;50;13;0;unknown;0
2025-07-02T22:03:00+02:00;53575_G;50;12;0;unknown;0
2025-07-02T22:03:00+02:00;53656;37;2;60;freeFlow;1
2025-07-02T22:03:00+02:00;53660;60;6;75;freeFlow;2
2025-07-02T22:03:00+02:00;53663;48;3;60;freeFlow;1
2025-07-02T22:03:00+02:00;53675;28;3;75;heavy;2
2025-07-02T22:03:00+02:00;53676;34;3;75;heavy;2
2025-07-02T22:03:00+02:00;53677;50;12;60;freeFlow;1
2025-07-02T22:03:00+02:00;53678;36;1;60;heavy;1
2025-07-02T22:03:00+02:00;53679;36;3;60;heavy;1
2025-07-02T22:03:00+02:00;53681;52;38;52;freeFlow;1
2025-07-02T22:03:00+02:00;53721;50;1;0;unknown;0
2025-07-02T22:03:00+02:00;53885_D;50;10;0;unknown;0
2025-07-02T22:03:00+02:00;53885_G;46;11;32;freeFlow;2
2025-07-02T22:03:00+02:00;54211;47;14;45;freeFlow;1
2025-07-02T22:03:00+02:00;54334_D;50;1;0;unknown;0
2025-07-02T22:03:00+02:00;54334_G;50;1;0;unknown;0
2025-07-02T22:03:00+02:00;54337;50;16;0;unknown;0
2025-07-02T22:03:00+02:00;54361;46;4;40;freeFlow;1
2025-07-02T22:03:00+02:00;54580_G;6;102;45;congested;1
2025-07-02T22:03:00+02:00;54707;50;9;0;unknown;0
2025-07-02T22:03:00+02:00;54709;50;1;0;unknown;0
2025-07-02T22:03:00+02:00;54710;50;4;0;unknown;0
2025-07-02T22:03:00+02:00;55397_D;50;1;0;unknown;0
2025-07-02T22:03:00+02:00;55397_G;50;1;0;unknown;0
2025-07-02T22:03:00+02:00;55401;50;8;0;unknown;0
2025-07-02T22:03:00+02:00;55405;50;1;0;unknown;0
2025-07-02T22:03:00+02:00;55406;50;4;0;unknown;0
2025-07-02T22:03:00+02:00;55407;50;2;0;unknown;0
2025-07-02T22:03:00+02:00;55408;50;3;0;unknown;0
2025-07-02T22:03:00+02:00;55440_D;7;23;55;congested;1
2025-07-02T22:03:00+02:00;55440_G;30;6;0;unknown;0
2025-07-02T22:03:00+02:00;55443_D;50;2;0;unknown;0
2025-07-02T22:03:00+02:00;55443_G;50;1;0;unknown;0
2025-07-02T22:03:00+02:00;55446;50;2;0;unknown;0
2025-07-02T22:03:00+02:00;55447;50;1;0;unknown;0
2025-07-02T22:03:00+02:00;55448;50;1;0;unknown;0
2025-07-02T22:03:00+02:00;55449;50;1;0;unknown;0
2025-07-02T22:03:00+02:00;55516;50;2;0;unknown;0
2025-07-02T22:03:00+02:00;55669;34;6;48;heavy;1
2025-07-02T22:03:00+02:00;55671;50;7;0;unknown;0
2025-07-02T22:03:00+02:00;55696;50;15;0;unknown;0
2025-07-02T22:03:00+02:00;55698;50;9;0;unknown;0
2025-07-02T22:03:00+02:00;55700;50;8;0;unknown;0
2025-07-02T22:03:00+02:00;55703;50;3;0;unknown;0
2025-07-02T22:03:00+02:00;55706;50;1;0;unknown;0
2025-07-02T22:03:00+02:00;55707;50;7;0;unknown;0
2025-07-02T22:03:00+02:00;55708;50;3;0;unknown;0
2025-07-02T22:03:00+02:00;55710;50;14;0;unknown;0
2025-07-02T22:03:00+02:00;55711;50;1;0;unknown;0
2025-07-02T22:03:00+02:00;55713;50;14;0;unknown;0
2025-07-02T22:03:00+02:00;55781_D;31;4;60;heavy;1
2025-07-02T22:03:00+02:00;55781_G;50;2;0;unknown;0
2025-07-02T22:03:00+02:00;55800;31;10;60;heavy;1
2025-07-02T22:03:00+02:00;55801;44;3;0;unknown;0
2025-07-02T22:03:00+02:00;55805;40;6;60;freeFlow;1
2025-07-02T22:03:00+02:00;55806;38;13;60;freeFlow;1
2025-07-02T22:03:00+02:00;55811;39;8;60;freeFlow;1
2025-07-02T22:03:00+02:00;55814;35;3;60;freeFlow;1
2025-07-02T22:03:00+02:00;55815;50;0;0;unknown;0
2025-07-02T22:03:00+02:00;55820;50;1;0;unknown;0
2025-07-02T22:03:00+02:00;55821;35;3;0;unknown;0
2025-07-02T22:03:00+02:00;55822;35;3;0;unknown;0
2025-07-02T22:03:00+02:00;55823;50;1;0;unknown;0
2025-07-02T22:03:00+02:00;55824;35;2;60;freeFlow;1
2025-07-02T22:03:00+02:00;55827;34;2;75;heavy;2
2025-07-02T22:03:00+02:00;55830;38;2;60;heavy;1
2025-07-02T22:03:00+02:00;55841;20;23;60;heavy;1
2025-07-02T22:03:00+02:00;55843;50;1;0;unknown;0
2025-07-02T22:03:00+02:00;55879;50;1;0;unknown;0
2025-07-02T22:03:00+02:00;55883;50;1;0;unknown;0
2025-07-02T22:03:00+02:00;55887;49;11;40;freeFlow;1
2025-07-02T22:03:00+02:00;55888;29;20;60;heavy;1
2025-07-02T22:03:00+02:00;55889;25;3;42;heavy;1
2025-07-02T22:03:00+02:00;55890;24;4;60;heavy;1
2025-07-02T22:03:00+02:00;55894;50;1;0;unknown;0
2025-07-02T22:03:00+02:00;55896;30;2;45;heavy;1
2025-07-02T22:03:00+02:00;55898;50;12;0;unknown;0
2025-07-02T22:03:00+02:00;55899;50;7;0;unknown;0
2025-07-02T22:03:00+02:00;55926_D;50;5;0;unknown;0
2025-07-02T22:03:00+02:00;55926_G;25;9;52;heavy;1
2025-07-02T22:03:00+02:00;55932;50;1;0;unknown;0
2025-07-02T22:03:00+02:00;55933;50;2;0;unknown;0
2025-07-02T22:03:00+02:00;55958;9;7;10;congested;1
2025-07-02T22:03:00+02:00;55959;50;2;0;unknown;0
2025-07-02T22:03:00+02:00;55974;5;9;40;congested;1
2025-07-02T22:03:00+02:00;55975;38;2;60;freeFlow;1
2025-07-02T22:03:00+02:00;55977;67;2;48;freeFlow;1
2025-07-02T22:03:00+02:00;55978;50;2;0;unknown;0
2025-07-02T22:03:00+02:00;55980;23;12;74;heavy;2
2025-07-02T22:03:00+02:00;55981;37;7;40;freeFlow;1
2025-07-02T22:03:00+02:00;56019;35;2;60;freeFlow;1
2025-07-02T22:03:00+02:00;56020;50;1;0;unknown;0
2025-07-02T22:03:00+02:00;56113;50;5;0;unknown;0
2025-07-02T22:03:00+02:00;56115;50;4;0;unknown;0
2025-07-02T22:03:00+02:00;56117;50;5;0;unknown;0
2025-07-02T22:03:00+02:00;56118;50;1;0;unknown;0
2025-07-02T22:03:00+02:00;56124;50;1;0;unknown;0
2025-07-02T22:03:00+02:00;56125;50;1;0;unknown;0
2025-07-02T22:03:00+02:00;56126;50;3;0;unknown;0
2025-07-02T22:03:00+02:00;56128;50;1;0;unknown;0
2025-07-02T22:03:00+02:00;56157_D;30;13;0;unknown;0
2025-07-02T22:03:00+02:00;56157_G;30;13;0;unknown;0
2025-07-02T22:03:00+02:00;56165_D;30;2;0;unknown;0
2025-07-02T22:03:00+02:00;56165_G;30;2;0;unknown;0
2025-07-02T22:03:00+02:00;56170;50;1;0;unknown;0
2025-07-02T22:03:00+02:00;56174;50;5;0;unknown;0
2025-07-02T22:03:00+02:00;56175;50;4;0;unknown;0
2025-07-02T22:03:00+02:00;56179;50;2;0;unknown;0
2025-07-02T22:03:00+02:00;56180;50;1;0;unknown;0
2025-07-02T22:03:00+02:00;56181;50;2;0;unknown;0
2025-07-02T22:03:00+02:00;56182;50;2;0;unknown;0
2025-07-02T22:03:00+02:00;56183;50;1;0;unknown;0
2025-07-02T22:03:00+02:00;56218_D;50;3;0;unknown;0
2025-07-02T22:03:00+02:00;56218_G;50;3;0;unknown;0
2025-07-02T22:03:00+02:00;56223;50;1;0;unknown;0
2025-07-02T22:03:00+02:00;56224;50;8;0;unknown;0
2025-07-02T22:03:00+02:00;56225;50;7;0;unknown;0
2025-07-02T22:03:00+02:00;56229;50;3;0;unknown;0
2025-07-02T22:03:00+02:00;56231;50;2;0;unknown;0
2025-07-02T22:03:00+02:00;56232;50;1;0;unknown;0
2025-07-02T22:03:00+02:00;56233;50;9;0;unknown;0
2025-07-02T22:03:00+02:00;56237;50;9;0;unknown;0
2025-07-02T22:03:00+02:00;56239;30;3;0;unknown;0
2025-07-02T22:03:00+02:00;56247;30;1;0;unknown;0
2025-07-02T22:03:00+02:00;56250;30;21;0;unknown;0
2025-07-02T22:03:00+02:00;56251;17;37;60;heavy;1
2025-07-02T22:03:00+02:00;56254;30;1;0;unknown;0
2025-07-02T22:03:00+02:00;56255;17;3;60;heavy;1
2025-07-02T22:03:00+02:00;56256;30;1;0;unknown;0
2025-07-02T22:03:00+02:00;56258;30;5;0;unknown;0
2025-07-02T22:03:00+02:00;56260;18;4;60;heavy;1
2025-07-02T22:03:00+02:00;56261;30;2;0;unknown;0
2025-07-02T22:03:00+02:00;56263;30;13;0;unknown;0
2025-07-02T22:03:00+02:00;56264;18;22;60;heavy;1
2025-07-02T22:03:00+02:00;56298;30;1;0;unknown;0
2025-07-02T22:03:00+02:00;56300;30;1;0;unknown;0
2025-07-02T22:03:00+02:00;56333;35;3;60;freeFlow;1
2025-07-02T22:03:00+02:00;565804_D;17;25;57;heavy;1
2025-07-02T22:03:00+02:00;565804_G;50;9;0;unknown;0
2025-07-02T22:03:00+02:00;565852;29;5;50;heavy;1
2025-07-02T22:03:00+02:00;565853;90;11;0;unknown;0
2025-07-02T22:03:00+02:00;566240;50;2;0;unknown;0
2025-07-02T22:03:00+02:00;566445_D;30;2;0;unknown;0
2025-07-02T22:03:00+02:00;566445_G;30;3;0;unknown;0
2025-07-02T22:03:00+02:00;566456_D;30;22;0;unknown;0
2025-07-02T22:03:00+02:00;566456_G;30;22;0;unknown;0
2025-07-02T22:03:00+02:00;566457;50;1;0;unknown;0
2025-07-02T22:03:00+02:00;566465_D;30;10;0;unknown;0
2025-07-02T22:03:00+02:00;566465_G;30;10;0;unknown;0
2025-07-02T22:03:00+02:00;56675_D;39;4;0;unknown;0
2025-07-02T22:03:00+02:00;56675_G;50;3;0;unknown;0
2025-07-02T22:03:00+02:00;566941;25;4;42;heavy;1
2025-07-02T22:03:00+02:00;56871_D;50;3;0;unknown;0
2025-07-02T22:03:00+02:00;56871_G;50;3;0;unknown;0
2025-07-02T22:03:00+02:00;56908_D;50;8;0;unknown;0
2025-07-02T22:03:00+02:00;56908_G;50;8;0;unknown;0
2025-07-02T22:03:00+02:00;56925;84;42;100;freeFlow;4
2025-07-02T22:03:00+02:00;56944_D;10;29;55;heavy;1
2025-07-02T22:03:00+02:00;56944_G;30;10;0;unknown;0
2025-07-02T22:03:00+02:00;56945_D;23;10;55;freeFlow;1
2025-07-02T22:03:00+02:00;56945_G;30;7;0;unknown;0
2025-07-02T22:03:00+02:00;57082_G;30;9;0;unknown;0
2025-07-02T22:03:00+02:00;57083_D;30;14;0;unknown;0
2025-07-02T22:03:00+02:00;57083_G;30;16;0;unknown;0
2025-07-02T22:03:00+02:00;59724;38;4;60;freeFlow;1
2025-07-02T22:03:00+02:00;59750_D;21;11;60;heavy;1
2025-07-02T22:03:00+02:00;59750_G;20;11;94;heavy;3
2025-07-02T22:03:00+02:00;59835_D;50;4;0;unknown;0
2025-07-02T22:03:00+02:00;59835_G;50;4;0;unknown;0
2025-07-02T22:03:00+02:00;59836;50;2;0;unknown;0
2025-07-02T22:03:00+02:00;59837;50;1;0;unknown;0
2025-07-02T22:03:00+02:00;59838;50;3;0;unknown;0
2025-07-02T22:03:00+02:00;62559_D;31;10;60;heavy;1
2025-07-02T22:03:00+02:00;62559_G;35;9;38;freeFlow;1
2025-07-02T22:03:00+02:00;62560;29;9;60;heavy;1
2025-07-02T22:03:00+02:00;62565_D;29;3;60;heavy;1
2025-07-02T22:03:00+02:00;62565_G;33;2;38;heavy;1
2025-07-02T22:03:00+02:00;62831_D;26;1;0;unknown;0
2025-07-02T22:03:00+02:00;62831_G;50;1;0;unknown;0
2025-07-02T22:03:00+02:00;62832_D;26;2;0;unknown;0
2025-07-02T22:03:00+02:00;62832_G;50;1;0;unknown;0
2025-07-02T22:03:00+02:00;63045_D;30;5;0;unknown;0
2025-07-02T22:03:00+02:00;63045_G;30;5;0;unknown;0
2025-07-02T22:03:00+02:00;63053_D;10;23;52;congested;1
2025-07-02T22:03:00+02:00;63053_G;50;4;0;unknown;0
2025-07-02T22:03:00+02:00;63899;87;19;75;freeFlow;2
2025-07-02T22:03:00+02:00;63934;50;1;0;unknown;0
2025-07-02T22:03:00+02:00;63935;50;8;0;unknown;0
2025-07-02T22:03:00+02:00;63936;45;11;27;freeFlow;1
2025-07-02T22:03:00+02:00;63939;50;12;0;unknown;0
2025-07-02T22:03:00+02:00;63940;25;3;27;heavy;1
2025-07-02T22:03:00+02:00;63941;50;1;0;unknown;0
2025-07-02T22:03:00+02:00;63942;50;1;0;unknown;0
2025-07-02T22:03:00+02:00;63943;49;2;0;unknown;0
2025-07-02T22:03:00+02:00;63944;89;2;27;freeFlow;1
2025-07-02T22:03:00+02:00;63947;50;2;0;unknown;0
2025-07-02T22:03:00+02:00;63950;50;1;0;unknown;0
2025-07-02T22:03:00+02:00;63951;50;2;0;unknown;0
2025-07-02T22:03:00+02:00;63952;89;0;27;freeFlow;1
2025-07-02T22:03:00+02:00;63953;89;1;27;freeFlow;1
2025-07-02T22:03:00+02:00;63970;70;14;0;unknown;0
2025-07-02T22:03:00+02:00;63973;107;1;38;freeFlow;1
2025-07-02T22:03:00+02:00;64032;50;20;0;unknown;0
2025-07-02T22:03:00+02:00;64061_D;30;10;0;unknown;0
2025-07-02T22:03:00+02:00;64061_G;30;11;0;unknown;0
2025-07-02T22:03:00+02:00;64637_D;50;8;0;unknown;0
2025-07-02T22:03:00+02:00;64637_G;12;36;55;congested;1
2025-07-02T22:03:00+02:00;65310;50;6;0;unknown;0
2025-07-02T22:03:00+02:00;65313;50;6;0;unknown;0
2025-07-02T22:03:00+02:00;65682;71;16;10;freeFlow;1
2025-07-02T22:03:00+02:00;66421;50;2;0;unknown;0
2025-07-02T22:03:00+02:00;66442;50;4;0;unknown;0
2025-07-02T22:03:00+02:00;66782;50;7;0;unknown;0
2025-07-02T22:03:00+02:00;67066;28;11;60;heavy;1
2025-07-02T22:03:00+02:00;67097_D;30;11;0;unknown;0
2025-07-02T22:03:00+02:00;67097_G;30;12;0;unknown;0
2025-07-02T22:03:00+02:00;69381_D;50;6;0;unknown;0
2025-07-02T22:03:00+02:00;69381_G;50;6;0;unknown;0
2025-07-02T22:03:00+02:00;72487_G;80;31;0;unknown;0
2025-07-02T22:03:00+02:00;72614;50;2;0;unknown;0
2025-07-02T22:03:00+02:00;72621;31;12;60;heavy;1
2025-07-02T22:03:00+02:00;72624;34;10;45;heavy;1
2025-07-02T22:03:00+02:00;72628;39;1;45;freeFlow;1
2025-07-02T22:03:00+02:00;74283_D;50;15;0;unknown;0
2025-07-02T22:03:00+02:00;74283_G;44;17;32;freeFlow;2
2025-07-02T22:03:00+02:00;75387;50;1;0;unknown;0
2025-07-02T22:03:00+02:00;75631;39;8;56;heavy;2
2025-07-02T22:03:00+02:00;75818_D;50;3;0;unknown;0
2025-07-02T22:03:00+02:00;75818_G;89;1;27;freeFlow;1
2025-07-02T22:03:00+02:00;75820;95;20;75;freeFlow;2
2025-07-02T22:03:00+02:00;75824;50;9;0;unknown;0
2025-07-02T22:03:00+02:00;75825;92;5;100;freeFlow;3
2025-07-02T22:03:00+02:00;75828;36;21;50;heavy;1
2025-07-02T22:03:00+02:00;75829;70;10;0;unknown;0
2025-07-02T22:03:00+02:00;75832;36;4;75;freeFlow;2
2025-07-02T22:03:00+02:00;75833;31;7;42;heavy;1
2025-07-02T22:03:00+02:00;75835;66;2;42;freeFlow;1
2025-07-02T22:03:00+02:00;75836;70;14;60;freeFlow;1
2025-07-02T22:03:00+02:00;75837;46;9;75;freeFlow;2
2025-07-02T22:03:00+02:00;75838;66;4;42;freeFlow;1
2025-07-02T22:03:00+02:00;75839;50;4;0;unknown;0
2025-07-02T22:03:00+02:00;75840;49;4;40;freeFlow;1
2025-07-02T22:03:00+02:00;75845;38;3;60;heavy;1
2025-07-02T22:03:00+02:00;75846;46;7;60;heavy;1
2025-07-02T22:03:00+02:00;75847;33;18;75;heavy;2
2025-07-02T22:03:00+02:00;75848;40;6;60;freeFlow;1
2025-07-02T22:03:00+02:00;75849;48;5;60;freeFlow;1
2025-07-02T22:03:00+02:00;75850;47;4;60;freeFlow;1
2025-07-02T22:03:00+02:00;75851;48;4;73;freeFlow;2
2025-07-02T22:03:00+02:00;75853;70;1;0;unknown;0
2025-07-02T22:03:00+02:00;75854;70;3;0;unknown;0
2025-07-02T22:03:00+02:00;75856;52;2;60;freeFlow;1
2025-07-02T22:03:00+02:00;75897;90;10;0;unknown;0
2025-07-02T22:03:00+02:00;9128;89;31;100;freeFlow;4
2025-07-02T22:03:00+02:00;9130;70;11;0;unknown;0
2025-07-02T22:03:00+02:00;9131;94;7;100;freeFlow;3
2025-07-02T22:03:00+02:00;9132;93;22;100;freeFlow;3
2025-07-02T22:03:00+02:00;9146;100;4;75;freeFlow;2
2025-07-02T22:03:00+02:00;9178;90;13;0;unknown;0
2025-07-02T22:03:00+02:00;9179;81;22;100;freeFlow;4
2025-07-02T22:03:00+02:00;9180;88;21;75;freeFlow;2
2025-07-02T22:03:00+02:00;9181;15;62;50;congested;1
2025-07-02T22:03:00+02:00;9182;70;3;0;unknown;0
2025-07-02T22:03:00+02:00;9183;70;6;0;unknown;0
2025-07-02T22:03:00+02:00;9184;90;7;0;unknown;0
2025-07-02T22:03:00+02:00;9245;90;79;54;freeFlow;1
2025-07-02T22:03:00+02:00;9246;86;138;93;freeFlow;3
2025-07-02T22:03:00+02:00;9380_D;80;23;0;unknown;0
2025-07-02T22:03:00+02:00;9380_G;80;23;0;unknown;0
2025-07-02T22:03:00+02:00;9389;39;2;60;heavy;1
2025-07-02T22:03:00+02:00;9390;80;1;0;unknown;0
2025-07-02T22:03:00+02:00;9391;39;2;60;heavy;1
2025-07-02T22:03:00+02:00;9392;80;1;0;unknown;0
2025-07-02T22:03:00+02:00;1677832;32;10;12;heavy;1
2025-07-02T22:03:00+02:00;1679085_D;29;3;60;heavy;1
2025-07-02T22:03:00+02:00;1679085_G;41;2;27;freeFlow;1
2025-07-02T22:03:00+02:00;1679794;50;1;0;unknown;0
2025-07-02T22:03:00+02:00;1679795_G;50;2;0;unknown;0
2025-07-02T22:03:00+02:00;1679796;50;1;0;unknown;0
2025-07-02T22:03:00+02:00;1679797_D;50;6;0;unknown;0
2025-07-02T22:03:00+02:00;1679797_G;50;6;0;unknown;0
2025-07-02T22:03:00+02:00;1679798;41;2;27;freeFlow;1
2025-07-02T22:03:00+02:00;1679800;31;3;60;heavy;1
2025-07-02T22:03:00+02:00;1680335;50;6;0;unknown;0
2025-07-02T22:03:00+02:00;1680340;33;3;12;heavy;1
2025-07-02T22:03:00+02:00;213972_D;54;5;60;freeFlow;1
2025-07-02T22:03:00+02:00;213972_G;50;5;0;unknown;0
2025-07-02T22:03:00+02:00;213973_D;38;10;60;freeFlow;1
2025-07-02T22:03:00+02:00;213973_G;50;8;0;unknown;0
2025-07-02T22:03:00+02:00;213974_D;54;4;60;freeFlow;1
2025-07-02T22:03:00+02:00;213974_G;50;4;0;unknown;0
2025-07-02T22:03:00+02:00;26521;93;58;60;freeFlow;1
2025-07-02T22:03:00+02:00;26522;93;36;88;freeFlow;3
2025-07-02T22:03:00+02:00;31304_G;50;22;0;unknown;0
2025-07-02T22:03:00+02:00;31328;80;11;50;freeFlow;1
2025-07-02T22:03:00+02:00;31441;77;44;16;freeFlow;1
2025-07-02T22:03:00+02:00;31535;65;12;75;freeFlow;2
2025-07-02T22:03:00+02:00;31552;87;8;60;freeFlow;1
2025-07-02T22:03:00+02:00;31555;72;12;50;freeFlow;1
2025-07-02T22:03:00+02:00;43014_D;41;5;60;freeFlow;1
2025-07-02T22:03:00+02:00;43014_G;37;5;57;freeFlow;1
2025-07-02T22:03:00+02:00;43105_D;50;5;0;unknown;0
2025-07-02T22:03:00+02:00;43105_G;32;8;12;heavy;1
2025-07-02T22:03:00+02:00;43118_D;38;15;60;freeFlow;1
2025-07-02T22:03:00+02:00;43118_G;31;18;60;heavy;1
2025-07-02T22:03:00+02:00;43124_D;13;29;60;heavy;1
2025-07-02T22:03:00+02:00;43124_G;35;11;60;freeFlow;1
2025-07-02T22:03:00+02:00;43125_D;34;8;60;freeFlow;1
2025-07-02T22:03:00+02:00;43125_G;27;10;58;freeFlow;1
2025-07-02T22:03:00+02:00;43126_D;33;16;60;freeFlow;1
2025-07-02T22:03:00+02:00;43126_G;26;20;57;freeFlow;1
2025-07-02T22:03:00+02:00;43147_D;31;9;60;freeFlow;1
2025-07-02T22:03:00+02:00;43147_G;30;9;60;freeFlow;1
2025-07-02T22:03:00+02:00;43336_D;50;6;0;unknown;0
2025-07-02T22:03:00+02:00;43336_G;50;6;0;unknown;0
2025-07-02T22:03:00+02:00;43337_D;50;8;0;unknown;0
2025-07-02T22:03:00+02:00;43337_G;50;8;0;unknown;0
2025-07-02T22:03:00+02:00;43338_D;50;4;0;unknown;0
2025-07-02T22:03:00+02:00;43338_G;50;4;0;unknown;0
2025-07-02T22:03:00+02:00;43339_D;50;5;0;unknown;0
2025-07-02T22:03:00+02:00;43339_G;50;5;0;unknown;0
2025-07-02T22:03:00+02:00;43340_D;50;1;0;unknown;0
2025-07-02T22:03:00+02:00;43340_G;50;1;0;unknown;0
2025-07-02T22:03:00+02:00;43341_D;50;4;0;unknown;0
2025-07-02T22:03:00+02:00;43341_G;50;4;0;unknown;0
2025-07-02T22:03:00+02:00;43342_D;50;2;0;unknown;0
2025-07-02T22:03:00+02:00;43342_G;50;2;0;unknown;0
2025-07-02T22:03:00+02:00;43343_D;50;7;0;unknown;0
2025-07-02T22:03:00+02:00;43343_G;50;7;0;unknown;0
2025-07-02T22:03:00+02:00;43345_D;30;10;0;unknown;0
2025-07-02T22:03:00+02:00;43345_G;30;10;0;unknown;0
2025-07-02T22:03:00+02:00;43347_D;30;5;0;unknown;0
2025-07-02T22:03:00+02:00;43347_G;30;5;0;unknown;0
2025-07-02T22:03:00+02:00;43352_D;30;16;0;unknown;0
2025-07-02T22:03:00+02:00;43353_D;30;10;0;unknown;0
2025-07-02T22:03:00+02:00;43353_G;30;10;0;unknown;0
2025-07-02T22:03:00+02:00;43377_D;30;16;0;unknown;0
2025-07-02T22:03:00+02:00;43377_G;30;16;0;unknown;0
2025-07-02T22:03:00+02:00;43379_D;30;7;0;unknown;0
2025-07-02T22:03:00+02:00;43379_G;30;7;0;unknown;0
2025-07-02T22:03:00+02:00;43413_D;30;6;0;unknown;0
2025-07-02T22:03:00+02:00;43413_G;30;6;0;unknown;0
2025-07-02T22:03:00+02:00;43474_D;21;6;60;heavy;1
2025-07-02T22:03:00+02:00;43474_G;45;3;27;freeFlow;1
2025-07-02T22:03:00+02:00;43615_D;23;3;60;freeFlow;1
2025-07-02T22:03:00+02:00;43615_G;45;1;27;freeFlow;1
2025-07-02T22:03:00+02:00;43743_D;50;25;0;unknown;0
2025-07-02T22:03:00+02:00;43746;30;7;0;unknown;0
2025-07-02T22:03:00+02:00;43747;30;14;0;unknown;0
2025-07-02T22:03:00+02:00;43751;34;17;12;freeFlow;1
2025-07-02T22:03:00+02:00;43774_D;47;4;60;freeFlow;1
2025-07-02T22:03:00+02:00;43774_G;30;7;60;heavy;1
2025-07-02T22:03:00+02:00;43775_D;50;8;0;unknown;0
2025-07-02T22:03:00+02:00;43775_G;25;15;60;heavy;1
2025-07-02T22:03:00+02:00;43826_D;17;16;75;heavy;2
2025-07-02T22:03:00+02:00;43826_G;18;15;60;heavy;1
2025-07-02T22:03:00+02:00;43971;50;13;35;freeFlow;1
2025-07-02T22:03:00+02:00;43973;42;6;35;freeFlow;1
2025-07-02T22:03:00+02:00;44003_G;34;12;60;heavy;1
2025-07-02T22:03:00+02:00;44004_D;21;53;60;heavy;1
2025-07-02T22:03:00+02:00;44004_G;45;24;70;freeFlow;2
2025-07-02T22:03:00+02:00;44017_G;55;3;27;freeFlow;1
2025-07-02T22:03:00+02:00;44018_G;58;10;27;freeFlow;1
2025-07-02T22:03:00+02:00;44037_D;27;6;60;heavy;1
2025-07-02T22:03:00+02:00;44037_G;44;4;27;freeFlow;1
2025-07-02T22:03:00+02:00;44851_D;51;11;60;freeFlow;1
2025-07-02T22:03:00+02:00;44851_G;22;25;15;heavy;1
2025-07-02T22:03:00+02:00;44852_D;20;23;60;heavy;1
2025-07-02T22:03:00+02:00;44852_G;43;11;12;freeFlow;1
2025-07-02T22:03:00+02:00;44854_D;30;2;60;heavy;1
2025-07-02T22:03:00+02:00;44854_G;39;2;12;freeFlow;1
2025-07-02T22:03:00+02:00;44855_D;34;11;60;heavy;1
2025-07-02T22:03:00+02:00;44855_G;34;11;10;heavy;1
2025-07-02T22:03:00+02:00;44879;86;15;100;freeFlow;4
2025-07-02T22:03:00+02:00;44897_D;38;6;60;freeFlow;1
2025-07-02T22:03:00+02:00;44897_G;3;88;12;congested;1
2025-07-02T22:03:00+02:00;44901;64;24;60;freeFlow;1
2025-07-02T22:03:00+02:00;44939;99;41;75;freeFlow;3
2025-07-02T22:03:00+02:00;45135_D;33;2;38;heavy;1
2025-07-02T22:03:00+02:00;45135_G;37;2;40;freeFlow;1
2025-07-02T22:03:00+02:00;45136_G;37;22;38;freeFlow;1
2025-07-02T22:03:00+02:00;45137_D;33;2;30;heavy;1
2025-07-02T22:03:00+02:00;45137_G;33;2;35;heavy;1
2025-07-02T22:03:00+02:00;45146;35;12;60;freeFlow;1
2025-07-02T22:03:00+02:00;45147_D;44;1;25;freeFlow;1
2025-07-02T22:03:00+02:00;45147_G;29;1;57;heavy;1
2025-07-02T22:03:00+02:00;45153;56;7;60;freeFlow;1
2025-07-02T22:03:00+02:00;45155;56;14;60;freeFlow;1
2025-07-02T22:03:00+02:00;45213;56;8;60;freeFlow;1
2025-07-02T22:03:00+02:00;45214;39;7;55;freeFlow;1
2025-07-02T22:03:00+02:00;45232;56;30;60;freeFlow;1
2025-07-02T22:03:00+02:00;45233;56;2;60;freeFlow;1
2025-07-02T22:03:00+02:00;45236_D;66;10;30;freeFlow;1
2025-07-02T22:03:00+02:00;45242;106;11;75;freeFlow;2
2025-07-02T22:03:00+02:00;45246;87;29;60;freeFlow;1
2025-07-02T22:03:00+02:00;45247;97;10;60;freeFlow;1
2025-07-02T22:03:00+02:00;47742_G;50;4;0;unknown;0
2025-07-02T22:03:00+02:00;47744;56;36;60;freeFlow;1
2025-07-02T22:03:00+02:00;48725;50;2;0;unknown;0
2025-07-02T22:03:00+02:00;48736;50;1;0;unknown;0
2025-07-02T22:03:00+02:00;48738;50;1;0;unknown;0
2025-07-02T22:03:00+02:00;48746;50;7;0;unknown;0
2025-07-02T22:03:00+02:00;48751;50;1;0;unknown;0
2025-07-02T22:03:00+02:00;48752;19;4;10;heavy;1
2025-07-02T22:03:00+02:00;48753;36;2;60;freeFlow;1
2025-07-02T22:03:00+02:00;48754;36;2;60;freeFlow;1
2025-07-02T22:03:00+02:00;48764;22;3;42;heavy;1
2025-07-02T22:03:00+02:00;48765;22;10;42;heavy;1
2025-07-02T22:03:00+02:00;48796;31;16;15;heavy;1
2025-07-02T22:03:00+02:00;48915_D;54;2;60;freeFlow;1
2025-07-02T22:03:00+02:00;48915_G;54;2;60;freeFlow;1
2025-07-02T22:03:00+02:00;48916;50;3;0;unknown;0
2025-07-02T22:03:00+02:00;48953_D;50;23;0;unknown;0
2025-07-02T22:03:00+02:00;48953_G;50;23;0;unknown;0
2025-07-02T22:03:00+02:00;48993_D;50;7;0;unknown;0
2025-07-02T22:03:00+02:00;48993_G;50;7;0;unknown;0
2025-07-02T22:03:00+02:00;49042_D;30;2;60;heavy;1
2025-07-02T22:03:00+02:00;49042_G;24;2;12;heavy;1
2025-07-02T22:03:00+02:00;50035_D;26;3;60;heavy;1
2025-07-02T22:03:00+02:00;50035_G;46;2;27;freeFlow;1
2025-07-02T22:03:00+02:00;50087;50;5;0;unknown;0
2025-07-02T22:03:00+02:00;50107_D;54;10;60;freeFlow;1
2025-07-02T22:03:00+02:00;50107_G;54;10;60;freeFlow;1
2025-07-02T22:03:00+02:00;52835_G;34;4;57;heavy;1
2025-07-02T22:03:00+02:00;52850_D;42;3;63;freeFlow;2
2025-07-02T22:03:00+02:00;52850_G;36;4;57;freeFlow;1
2025-07-02T22:03:00+02:00;52878;35;4;27;freeFlow;1
2025-07-02T22:03:00+02:00;53020_G;55;2;27;freeFlow;1
2025-07-02T22:03:00+02:00;53130_D;50;5;0;unknown;0
2025-07-02T22:03:00+02:00;53130_G;37;7;12;freeFlow;1
2025-07-02T22:03:00+02:00;53375_D;30;3;0;unknown;0
2025-07-02T22:03:00+02:00;53375_G;30;3;0;unknown;0
2025-07-02T22:03:00+02:00;53427;94;46;100;freeFlow;4
2025-07-02T22:03:00+02:00;53988;31;8;52;heavy;1
2025-07-02T22:03:00+02:00;53989;50;2;0;unknown;0
2025-07-02T22:03:00+02:00;53992_D;50;8;0;unknown;0
2025-07-02T22:03:00+02:00;53992_G;50;8;0;unknown;0
2025-07-02T22:03:00+02:00;53995;50;1;0;unknown;0
2025-07-02T22:03:00+02:00;53997;50;1;0;unknown;0
2025-07-02T22:03:00+02:00;53999;50;1;0;unknown;0
2025-07-02T22:03:00+02:00;54130;50;31;0;unknown;0
2025-07-02T22:03:00+02:00;54136;66;3;30;freeFlow;1
2025-07-02T22:03:00+02:00;54219;48;11;35;freeFlow;1
2025-07-02T22:03:00+02:00;54222;33;18;38;heavy;1
2025-07-02T22:03:00+02:00;54235;23;20;75;heavy;2
2025-07-02T22:03:00+02:00;54300;90;4;0;unknown;0
2025-07-02T22:03:00+02:00;54304_D;14;15;38;congested;1
2025-07-02T22:03:00+02:00;54304_G;26;8;38;heavy;1
2025-07-02T22:03:00+02:00;54309;50;18;0;unknown;0
2025-07-02T22:03:00+02:00;54345;22;6;42;heavy;1
2025-07-02T22:03:00+02:00;54352;22;15;42;heavy;1
2025-07-02T22:03:00+02:00;54353;76;2;10;freeFlow;1
2025-07-02T22:03:00+02:00;54356;48;18;60;freeFlow;1
2025-07-02T22:03:00+02:00;54357;39;7;60;freeFlow;1
2025-07-02T22:03:00+02:00;54370;50;4;0;unknown;0
2025-07-02T22:03:00+02:00;54373;57;3;45;freeFlow;1
2025-07-02T22:03:00+02:00;54374;44;4;52;freeFlow;1
2025-07-02T22:03:00+02:00;54377;89;12;27;freeFlow;1
2025-07-02T22:03:00+02:00;54396;44;6;25;freeFlow;1
2025-07-02T22:03:00+02:00;54397;42;14;25;freeFlow;1
2025-07-02T22:03:00+02:00;54468;41;3;55;freeFlow;1
2025-07-02T22:03:00+02:00;54470;38;7;25;freeFlow;1
2025-07-02T22:03:00+02:00;56022;66;2;30;freeFlow;1
2025-07-02T22:03:00+02:00;56598;50;1;0;unknown;0
2025-07-02T22:03:00+02:00;56676_D;27;8;60;heavy;1
2025-07-02T22:03:00+02:00;56868;10;19;35;congested;1
2025-07-02T22:03:00+02:00;56869;50;3;0;unknown;0
2025-07-02T22:03:00+02:00;56894;56;4;60;freeFlow;1
2025-07-02T22:03:00+02:00;56895;56;21;60;freeFlow;1
2025-07-02T22:03:00+02:00;56896;90;2;0;unknown;0
2025-07-02T22:03:00+02:00;56901;69;32;60;freeFlow;1
2025-07-02T22:03:00+02:00;60284;90;14;0;unknown;0
2025-07-02T22:03:00+02:00;63409_D;50;2;0;unknown;0
2025-07-02T22:03:00+02:00;63409_G;50;2;0;unknown;0
2025-07-02T22:03:00+02:00;66896;22;14;42;heavy;1
2025-07-02T22:03:00+02:00;69440;56;4;60;freeFlow;1
2025-07-02T22:03:00+02:00;69442;55;7;60;freeFlow;1
2025-07-02T22:03:00+02:00;75868;88;8;60;freeFlow;1
2025-07-02T22:03:00+02:00;75908;47;22;60;freeFlow;1
2025-07-02T22:03:00+02:00;75909;67;15;35;freeFlow;1
2025-07-02T22:03:00+02:00;44943;48;13;50;freeFlow;1
2025-07-02T22:03:00+02:00;47063;67;9;48;freeFlow;1
2025-07-02T22:03:00+02:00;71455_G;50;3;0;unknown;0
2025-07-02T22:03:00+02:00;75831;83;11;39;freeFlow;2