datetime;predefinedLocationReference;averageVehicleSpeed;travelTime;travelTimeReliability;trafficStatus;vehicleProbeMeasurement
2025-07-02T19:43:00+02:00;10273_D;89;8;60;freeFlow;1
2025-07-02T19:43:00+02:00;10273_G;78;9;60;freeFlow;1
2025-07-02T19:43:00+02:00;10274_D;89;7;60;freeFlow;1
2025-07-02T19:43:00+02:00;10274_G;77;8;60;freeFlow;1
2025-07-02T19:43:00+02:00;10275_D;89;11;60;freeFlow;1
2025-07-02T19:43:00+02:00;10275_G;77;13;60;freeFlow;1
2025-07-02T19:43:00+02:00;10277_D;89;17;60;freeFlow;1
2025-07-02T19:43:00+02:00;10277_G;77;20;60;freeFlow;1
2025-07-02T19:43:00+02:00;10279_D;76;13;60;freeFlow;1
2025-07-02T19:43:00+02:00;10279_G;74;14;60;freeFlow;1
2025-07-02T19:43:00+02:00;10281_D;85;17;60;freeFlow;1
2025-07-02T19:43:00+02:00;10281_G;68;21;60;freeFlow;1
2025-07-02T19:43:00+02:00;10315_D;89;6;60;freeFlow;1
2025-07-02T19:43:00+02:00;10315_G;77;7;60;freeFlow;1
2025-07-02T19:43:00+02:00;11579_D;80;3;0;unknown;0
2025-07-02T19:43:00+02:00;11579_G;32;8;42;heavy;1
2025-07-02T19:43:00+02:00;11652;45;31;75;heavy;2
2025-07-02T19:43:00+02:00;11654;53;2;45;freeFlow;1
2025-07-02T19:43:00+02:00;11777_D;8;11;97;congested;3
2025-07-02T19:43:00+02:00;11777_G;35;2;48;heavy;1
2025-07-02T19:43:00+02:00;11781_D;28;3;60;freeFlow;1
2025-07-02T19:43:00+02:00;11781_G;39;2;48;freeFlow;1
2025-07-02T19:43:00+02:00;11784_D;40;1;12;freeFlow;1
2025-07-02T19:43:00+02:00;11784_G;16;3;48;heavy;1
2025-07-02T19:43:00+02:00;11785_D;30;1;0;unknown;0
2025-07-02T19:43:00+02:00;11785_G;30;1;0;unknown;0
2025-07-02T19:43:00+02:00;12060_D;89;8;60;freeFlow;1
2025-07-02T19:43:00+02:00;12060_G;77;9;60;freeFlow;1
2025-07-02T19:43:00+02:00;1242_D;59;2;52;freeFlow;1
2025-07-02T19:43:00+02:00;1242_G;53;2;48;freeFlow;1
2025-07-02T19:43:00+02:00;1285_D;72;1;52;freeFlow;1
2025-07-02T19:43:00+02:00;1285_G;67;1;45;freeFlow;1
2025-07-02T19:43:00+02:00;13514;124;2;65;freeFlow;2
2025-07-02T19:43:00+02:00;13515;65;2;50;freeFlow;1
2025-07-02T19:43:00+02:00;13516;127;1;50;freeFlow;1
2025-07-02T19:43:00+02:00;13549_D;69;5;74;freeFlow;2
2025-07-02T19:43:00+02:00;13549_G;69;5;40;freeFlow;1
2025-07-02T19:43:00+02:00;13557_D;49;7;75;heavy;2
2025-07-02T19:43:00+02:00;13557_G;48;8;40;heavy;1
2025-07-02T19:43:00+02:00;14364;99;21;100;freeFlow;5
2025-07-02T19:43:00+02:00;14365;90;23;60;freeFlow;1
2025-07-02T19:43:00+02:00;15029_D;38;64;43;heavy;2
2025-07-02T19:43:00+02:00;15029_G;66;37;72;freeFlow;2
2025-07-02T19:43:00+02:00;15062;38;4;60;heavy;1
2025-07-02T19:43:00+02:00;15063;17;8;73;congested;3
2025-07-02T19:43:00+02:00;15064;16;9;40;congested;2
2025-07-02T19:43:00+02:00;15065;38;5;60;heavy;1
2025-07-02T19:43:00+02:00;15066;35;4;65;heavy;2
2025-07-02T19:43:00+02:00;15067_D;80;53;0;unknown;0
2025-07-02T19:43:00+02:00;15067_G;27;156;31;heavy;2
2025-07-02T19:43:00+02:00;15104_D;80;49;0;unknown;0
2025-07-02T19:43:00+02:00;15104_G;89;44;22;freeFlow;1
2025-07-02T19:43:00+02:00;15111;90;4;60;freeFlow;1
2025-07-02T19:43:00+02:00;15113;42;4;75;heavy;2
2025-07-02T19:43:00+02:00;15114;47;3;75;heavy;2
2025-07-02T19:43:00+02:00;15117;27;6;75;heavy;2
2025-07-02T19:43:00+02:00;15118;11;10;73;congested;2
2025-07-02T19:43:00+02:00;15119;39;5;57;heavy;1
2025-07-02T19:43:00+02:00;15120;34;6;55;heavy;1
2025-07-02T19:43:00+02:00;15121;22;5;73;congested;2
2025-07-02T19:43:00+02:00;15122;9;19;20;congested;1
2025-07-02T19:43:00+02:00;15124_D;45;19;75;heavy;2
2025-07-02T19:43:00+02:00;15124_G;22;37;20;congested;1
2025-07-02T19:43:00+02:00;15549_D;38;1;60;freeFlow;1
2025-07-02T19:43:00+02:00;15549_G;26;1;50;heavy;1
2025-07-02T19:43:00+02:00;15550;43;1;100;heavy;7
2025-07-02T19:43:00+02:00;15551;82;139;83;freeFlow;4
2025-07-02T19:43:00+02:00;1601768;31;13;99;heavy;3
2025-07-02T19:43:00+02:00;1601771;35;7;93;heavy;3
2025-07-02T19:43:00+02:00;1601787;47;2;60;freeFlow;1
2025-07-02T19:43:00+02:00;1601792;32;2;57;freeFlow;1
2025-07-02T19:43:00+02:00;1601794_D;33;4;57;freeFlow;1
2025-07-02T19:43:00+02:00;1601794_G;45;2;60;freeFlow;1
2025-07-02T19:43:00+02:00;1601795;33;14;57;freeFlow;1
2025-07-02T19:43:00+02:00;1601797;45;11;60;freeFlow;1
2025-07-02T19:43:00+02:00;1601798;46;2;75;freeFlow;2
2025-07-02T19:43:00+02:00;1601799;45;2;60;freeFlow;1
2025-07-02T19:43:00+02:00;1601807;48;2;100;freeFlow;6
2025-07-02T19:43:00+02:00;1601808;60;16;60;freeFlow;1
2025-07-02T19:43:00+02:00;1601810;53;18;100;freeFlow;6
2025-07-02T19:43:00+02:00;1601812;68;3;60;freeFlow;1
2025-07-02T19:43:00+02:00;1601813_D;68;19;75;freeFlow;2
2025-07-02T19:43:00+02:00;1601813_G;32;39;92;heavy;3
2025-07-02T19:43:00+02:00;1601814;35;5;60;heavy;1
2025-07-02T19:43:00+02:00;1601815;51;3;100;freeFlow;6
2025-07-02T19:43:00+02:00;1601819;49;1;100;freeFlow;5
2025-07-02T19:43:00+02:00;1601824;68;2;60;freeFlow;1
2025-07-02T19:43:00+02:00;1601898;86;18;100;freeFlow;4
2025-07-02T19:43:00+02:00;1601931_D;47;6;0;unknown;0
2025-07-02T19:43:00+02:00;1601931_G;50;5;0;unknown;0
2025-07-02T19:43:00+02:00;1602158_D;8;4;10;congested;1
2025-07-02T19:43:00+02:00;1602158_G;50;1;0;unknown;0
2025-07-02T19:43:00+02:00;1602398;36;1;60;freeFlow;1
2025-07-02T19:43:00+02:00;1626;47;52;99;heavy;5
2025-07-02T19:43:00+02:00;1627;43;4;100;freeFlow;3
2025-07-02T19:43:00+02:00;1628;40;3;32;freeFlow;1
2025-07-02T19:43:00+02:00;1629;47;3;60;freeFlow;1
2025-07-02T19:43:00+02:00;1630;43;2;75;freeFlow;2
2025-07-02T19:43:00+02:00;1631;99;1;57;freeFlow;1
2025-07-02T19:43:00+02:00;1632;53;36;75;heavy;2
2025-07-02T19:43:00+02:00;1633;75;11;40;freeFlow;1
2025-07-02T19:43:00+02:00;1639;25;12;75;heavy;2
2025-07-02T19:43:00+02:00;16647_D;67;68;100;freeFlow;3
2025-07-02T19:43:00+02:00;16647_G;67;68;38;freeFlow;1
2025-07-02T19:43:00+02:00;16648_D;59;13;100;freeFlow;3
2025-07-02T19:43:00+02:00;16648_G;75;10;60;freeFlow;1
2025-07-02T19:43:00+02:00;16695_D;73;39;40;freeFlow;1
2025-07-02T19:43:00+02:00;16695_G;47;61;75;heavy;2
2025-07-02T19:43:00+02:00;16701;32;3;52;heavy;1
2025-07-02T19:43:00+02:00;16702;38;3;42;freeFlow;1
2025-07-02T19:43:00+02:00;16707_D;44;1;60;freeFlow;1
2025-07-02T19:43:00+02:00;16707_G;16;2;52;heavy;1
2025-07-02T19:43:00+02:00;16744;63;2;63;freeFlow;2
2025-07-02T19:43:00+02:00;16745;47;2;56;heavy;2
2025-07-02T19:43:00+02:00;16746;37;3;55;heavy;1
2025-07-02T19:43:00+02:00;16747;50;4;100;heavy;3
2025-07-02T19:43:00+02:00;16748;45;3;100;heavy;3
2025-07-02T19:43:00+02:00;16749;34;4;94;heavy;3
2025-07-02T19:43:00+02:00;16752_D;55;7;42;heavy;1
2025-07-02T19:43:00+02:00;16752_G;23;18;55;congested;1
2025-07-02T19:43:00+02:00;1675_D;87;3;32;freeFlow;1
2025-07-02T19:43:00+02:00;1675_G;24;11;60;freeFlow;1
2025-07-02T19:43:00+02:00;1676;60;8;100;heavy;3
2025-07-02T19:43:00+02:00;16761;42;2;71;freeFlow;2
2025-07-02T19:43:00+02:00;16762;33;3;68;heavy;2
2025-07-02T19:43:00+02:00;1677;56;9;75;heavy;2
2025-07-02T19:43:00+02:00;1677109;54;30;100;freeFlow;5
2025-07-02T19:43:00+02:00;1677110;39;1;75;heavy;2
2025-07-02T19:43:00+02:00;1677175_D;35;41;59;freeFlow;1
2025-07-02T19:43:00+02:00;1677175_G;22;66;73;freeFlow;2
2025-07-02T19:43:00+02:00;1677180_D;33;1;57;freeFlow;1
2025-07-02T19:43:00+02:00;1677180_G;29;2;57;freeFlow;1
2025-07-02T19:43:00+02:00;1677184_D;33;21;57;freeFlow;1
2025-07-02T19:43:00+02:00;1677184_G;22;32;58;freeFlow;1
2025-07-02T19:43:00+02:00;1677551_D;30;2;0;unknown;0
2025-07-02T19:43:00+02:00;1677551_G;47;1;15;freeFlow;1
2025-07-02T19:43:00+02:00;1677568_D;50;29;0;unknown;0
2025-07-02T19:43:00+02:00;1677568_G;47;31;40;freeFlow;1
2025-07-02T19:43:00+02:00;1677569;62;1;60;freeFlow;1
2025-07-02T19:43:00+02:00;1677687;50;1;0;unknown;0
2025-07-02T19:43:00+02:00;1677691;50;1;0;unknown;0
2025-07-02T19:43:00+02:00;1677693;35;2;40;heavy;1
2025-07-02T19:43:00+02:00;1677695_D;50;14;0;unknown;0
2025-07-02T19:43:00+02:00;1677695_G;50;13;0;unknown;0
2025-07-02T19:43:00+02:00;1677709_D;50;3;0;unknown;0
2025-07-02T19:43:00+02:00;1677709_G;50;4;0;unknown;0
2025-07-02T19:43:00+02:00;1677716_D;50;3;0;unknown;0
2025-07-02T19:43:00+02:00;1677716_G;50;3;0;unknown;0
2025-07-02T19:43:00+02:00;1677730_D;50;22;0;unknown;0
2025-07-02T19:43:00+02:00;1677730_G;21;52;30;heavy;2
2025-07-02T19:43:00+02:00;1677735_D;50;1;0;unknown;0
2025-07-02T19:43:00+02:00;1677735_G;50;1;0;unknown;0
2025-07-02T19:43:00+02:00;1677745_D;50;2;0;unknown;0
2025-07-02T19:43:00+02:00;1677745_G;32;2;60;heavy;1
2025-07-02T19:43:00+02:00;1677785_D;30;9;0;unknown;0
2025-07-02T19:43:00+02:00;1677785_G;32;9;60;freeFlow;1
2025-07-02T19:43:00+02:00;1677801_D;50;6;0;unknown;0
2025-07-02T19:43:00+02:00;1677801_G;32;9;60;heavy;1
2025-07-02T19:43:00+02:00;1677808_D;50;13;0;unknown;0
2025-07-02T19:43:00+02:00;1677808_G;32;21;60;heavy;1
2025-07-02T19:43:00+02:00;16783;26;4;50;heavy;1
2025-07-02T19:43:00+02:00;16784;26;3;50;heavy;1
2025-07-02T19:43:00+02:00;16785;38;2;60;freeFlow;1
2025-07-02T19:43:00+02:00;1678542;95;22;45;freeFlow;1
2025-07-02T19:43:00+02:00;1678698_D;52;15;52;freeFlow;1
2025-07-02T19:43:00+02:00;1678698_G;2;340;35;congested;1
2025-07-02T19:43:00+02:00;1678750;50;2;0;unknown;0
2025-07-02T19:43:00+02:00;1678763_D;47;4;60;freeFlow;1
2025-07-02T19:43:00+02:00;1678763_G;59;3;48;freeFlow;1
2025-07-02T19:43:00+02:00;1679092_D;22;10;60;heavy;1
2025-07-02T19:43:00+02:00;1679092_G;44;5;48;freeFlow;1
2025-07-02T19:43:00+02:00;1679681;61;13;55;heavy;1
2025-07-02T19:43:00+02:00;1679779;90;4;60;freeFlow;1
2025-07-02T19:43:00+02:00;1679795_D;32;2;60;heavy;1
2025-07-02T19:43:00+02:00;1679822;24;3;100;heavy;3
2025-07-02T19:43:00+02:00;1679825;34;2;55;heavy;1
2025-07-02T19:43:00+02:00;1679841;19;51;100;heavy;3
2025-07-02T19:43:00+02:00;1679843;34;1;55;heavy;1
2025-07-02T19:43:00+02:00;1679845;23;2;100;heavy;3
2025-07-02T19:43:00+02:00;1679847;34;2;55;heavy;1
2025-07-02T19:43:00+02:00;1679859_D;23;21;38;freeFlow;1
2025-07-02T19:43:00+02:00;1679859_G;42;11;22;freeFlow;1
2025-07-02T19:43:00+02:00;1680014;97;5;100;freeFlow;7
2025-07-02T19:43:00+02:00;1680016;99;12;100;freeFlow;4
2025-07-02T19:43:00+02:00;1680022;99;5;100;freeFlow;4
2025-07-02T19:43:00+02:00;1680024;95;8;100;freeFlow;7
2025-07-02T19:43:00+02:00;1680116;60;2;100;freeFlow;3
2025-07-02T19:43:00+02:00;1680119;60;3;100;freeFlow;3
2025-07-02T19:43:00+02:00;1680121;41;3;75;heavy;2
2025-07-02T19:43:00+02:00;1680122_D;66;28;60;freeFlow;1
2025-07-02T19:43:00+02:00;1680122_G;55;34;60;heavy;1
2025-07-02T19:43:00+02:00;1680123;56;3;100;freeFlow;3
2025-07-02T19:43:00+02:00;1680337;8;30;70;congested;2
2025-07-02T19:43:00+02:00;1680401_D;57;21;38;freeFlow;1
2025-07-02T19:43:00+02:00;1680401_G;51;24;0;unknown;0
2025-07-02T19:43:00+02:00;1680514_D;50;9;0;unknown;0
2025-07-02T19:43:00+02:00;1680514_G;59;8;60;freeFlow;1
2025-07-02T19:43:00+02:00;1680539;45;1;60;heavy;1
2025-07-02T19:43:00+02:00;1680541_D;28;15;60;freeFlow;1
2025-07-02T19:43:00+02:00;1680541_G;30;14;0;unknown;0
2025-07-02T19:43:00+02:00;1680549_D;52;12;60;freeFlow;1
2025-07-02T19:43:00+02:00;1680549_G;39;16;52;freeFlow;1
2025-07-02T19:43:00+02:00;1680551_D;30;1;0;unknown;0
2025-07-02T19:43:00+02:00;1680551_G;23;2;60;freeFlow;1
2025-07-02T19:43:00+02:00;1680557_D;22;1;75;heavy;2
2025-07-02T19:43:00+02:00;1680557_G;34;1;52;heavy;1
2025-07-02T19:43:00+02:00;1680561_D;50;1;0;unknown;0
2025-07-02T19:43:00+02:00;1680561_G;59;0;60;freeFlow;1
2025-07-02T19:43:00+02:00;1680567;23;3;100;heavy;3
2025-07-02T19:43:00+02:00;1680569;24;6;60;heavy;1
2025-07-02T19:43:00+02:00;1680573;34;2;52;heavy;1
2025-07-02T19:43:00+02:00;1680574;34;4;52;heavy;1
2025-07-02T19:43:00+02:00;1680575;27;11;60;heavy;1
2025-07-02T19:43:00+02:00;1680576;21;5;75;heavy;2
2025-07-02T19:43:00+02:00;16821_D;71;93;100;freeFlow;4
2025-07-02T19:43:00+02:00;16821_G;55;121;60;heavy;1
2025-07-02T19:43:00+02:00;16830_D;48;17;75;freeFlow;2
2025-07-02T19:43:00+02:00;16830_G;57;15;48;freeFlow;1
2025-07-02T19:43:00+02:00;16831_D;31;4;75;heavy;2
2025-07-02T19:43:00+02:00;16831_G;57;2;48;freeFlow;1
2025-07-02T19:43:00+02:00;16832;20;8;100;heavy;3
2025-07-02T19:43:00+02:00;16834;83;8;60;freeFlow;1
2025-07-02T19:43:00+02:00;16850_D;47;1;60;freeFlow;1
2025-07-02T19:43:00+02:00;16850_G;59;1;48;freeFlow;1
2025-07-02T19:43:00+02:00;16851_D;47;3;60;freeFlow;1
2025-07-02T19:43:00+02:00;16851_G;59;2;48;freeFlow;1
2025-07-02T19:43:00+02:00;16852_D;50;5;60;freeFlow;1
2025-07-02T19:43:00+02:00;16852_G;58;5;48;freeFlow;1
2025-07-02T19:43:00+02:00;16853_D;53;6;60;freeFlow;1
2025-07-02T19:43:00+02:00;16853_G;56;6;48;freeFlow;1
2025-07-02T19:43:00+02:00;16854_D;51;4;60;freeFlow;1
2025-07-02T19:43:00+02:00;16854_G;55;4;48;freeFlow;1
2025-07-02T19:43:00+02:00;16855_D;50;4;60;freeFlow;1
2025-07-02T19:43:00+02:00;16855_G;57;4;48;freeFlow;1
2025-07-02T19:43:00+02:00;16856_D;24;15;60;heavy;1
2025-07-02T19:43:00+02:00;16856_G;57;6;48;freeFlow;1
2025-07-02T19:43:00+02:00;16858_D;11;137;75;congested;2
2025-07-02T19:43:00+02:00;16858_G;57;26;48;freeFlow;1
2025-07-02T19:43:00+02:00;16859_D;36;4;75;freeFlow;2
2025-07-02T19:43:00+02:00;16859_G;57;3;48;freeFlow;1
2025-07-02T19:43:00+02:00;16860_D;43;8;75;freeFlow;2
2025-07-02T19:43:00+02:00;16860_G;57;6;48;freeFlow;1
2025-07-02T19:43:00+02:00;1690_D;48;6;12;freeFlow;1
2025-07-02T19:43:00+02:00;1690_G;19;15;45;heavy;1
2025-07-02T19:43:00+02:00;16910_D;46;6;60;freeFlow;1
2025-07-02T19:43:00+02:00;16910_G;59;5;48;freeFlow;1
2025-07-02T19:43:00+02:00;16967;18;30;100;congested;8
2025-07-02T19:43:00+02:00;16969;52;1;100;freeFlow;3
2025-07-02T19:43:00+02:00;16986;65;10;100;freeFlow;5
2025-07-02T19:43:00+02:00;16988;64;11;100;freeFlow;5
2025-07-02T19:43:00+02:00;16989;63;7;100;freeFlow;5
2025-07-02T19:43:00+02:00;16990;71;6;100;freeFlow;6
2025-07-02T19:43:00+02:00;16992;37;37;100;heavy;6
2025-07-02T19:43:00+02:00;16994;50;22;100;freeFlow;7
2025-07-02T19:43:00+02:00;17;43;5;57;heavy;2
2025-07-02T19:43:00+02:00;1721;22;5;45;heavy;1
2025-07-02T19:43:00+02:00;1722;22;6;45;heavy;1
2025-07-02T19:43:00+02:00;1723;48;3;12;freeFlow;1
2025-07-02T19:43:00+02:00;1724_D;80;7;0;unknown;0
2025-07-02T19:43:00+02:00;1724_G;22;24;75;congested;2
2025-07-02T19:43:00+02:00;1732_D;22;3;45;heavy;1
2025-07-02T19:43:00+02:00;1732_G;12;6;17;congested;1
2025-07-02T19:43:00+02:00;1733_D;22;2;45;heavy;1
2025-07-02T19:43:00+02:00;1733_G;33;1;15;heavy;1
2025-07-02T19:43:00+02:00;1734_D;22;16;45;heavy;1
2025-07-02T19:43:00+02:00;1734_G;18;21;12;heavy;1
2025-07-02T19:43:00+02:00;18337;38;2;60;freeFlow;1
2025-07-02T19:43:00+02:00;18391_D;73;3;43;freeFlow;2
2025-07-02T19:43:00+02:00;18391_G;85;3;60;freeFlow;1
2025-07-02T19:43:00+02:00;1853;79;30;100;freeFlow;11
2025-07-02T19:43:00+02:00;1855;92;5;100;freeFlow;12
2025-07-02T19:43:00+02:00;1856;90;10;100;freeFlow;11
2025-07-02T19:43:00+02:00;19040;44;2;100;freeFlow;3
2025-07-02T19:43:00+02:00;1910886;40;6;50;freeFlow;1
2025-07-02T19:43:00+02:00;1911185_D;35;32;48;heavy;2
2025-07-02T19:43:00+02:00;1911185_G;46;25;60;heavy;1
2025-07-02T19:43:00+02:00;1911398_D;36;1;45;freeFlow;1
2025-07-02T19:43:00+02:00;1911398_G;26;2;25;freeFlow;1
2025-07-02T19:43:00+02:00;1911404_D;44;2;27;freeFlow;1
2025-07-02T19:43:00+02:00;1911404_G;31;3;42;freeFlow;1
2025-07-02T19:43:00+02:00;1911418;57;4;100;freeFlow;7
2025-07-02T19:43:00+02:00;1911420;51;2;100;freeFlow;4
2025-07-02T19:43:00+02:00;1911448_D;82;23;25;freeFlow;1
2025-07-02T19:43:00+02:00;1911448_G;107;18;22;freeFlow;1
2025-07-02T19:43:00+02:00;1911623_D;44;4;27;freeFlow;1
2025-07-02T19:43:00+02:00;1911623_G;31;6;42;freeFlow;1
2025-07-02T19:43:00+02:00;19628;30;9;100;heavy;4
2025-07-02T19:43:00+02:00;19629;90;1;0;unknown;0
2025-07-02T19:43:00+02:00;19630;42;5;100;heavy;4
2025-07-02T19:43:00+02:00;19631;47;2;100;heavy;3
2025-07-02T19:43:00+02:00;19632;30;3;60;heavy;1
2025-07-02T19:43:00+02:00;19633;35;5;93;heavy;3
2025-07-02T19:43:00+02:00;19634;26;4;35;heavy;1
2025-07-02T19:43:00+02:00;19635;49;3;100;freeFlow;4
2025-07-02T19:43:00+02:00;19636;42;4;100;heavy;4
2025-07-02T19:43:00+02:00;19637;34;2;60;heavy;1
2025-07-02T19:43:00+02:00;19638;36;4;55;heavy;2
2025-07-02T19:43:00+02:00;19639;40;3;46;heavy;2
2025-07-02T19:43:00+02:00;19640;40;3;62;heavy;2
2025-07-02T19:43:00+02:00;19642;55;2;100;freeFlow;3
2025-07-02T19:43:00+02:00;19643;72;1;100;freeFlow;4
2025-07-02T19:43:00+02:00;19644;40;2;38;heavy;1
2025-07-02T19:43:00+02:00;19683;110;18;100;freeFlow;3
2025-07-02T19:43:00+02:00;19684;103;46;100;freeFlow;6
2025-07-02T19:43:00+02:00;19685;85;61;100;freeFlow;8
2025-07-02T19:43:00+02:00;19686;88;19;100;freeFlow;6
2025-07-02T19:43:00+02:00;198;84;54;100;freeFlow;4
2025-07-02T19:43:00+02:00;19825_D;60;54;100;freeFlow;3
2025-07-02T19:43:00+02:00;19825_G;81;40;75;freeFlow;2
2025-07-02T19:43:00+02:00;19828;61;2;87;freeFlow;3
2025-07-02T19:43:00+02:00;19830;52;2;75;freeFlow;2
2025-07-02T19:43:00+02:00;19832;37;4;89;freeFlow;3
2025-07-02T19:43:00+02:00;19833;41;3;75;freeFlow;2
2025-07-02T19:43:00+02:00;19841_D;58;25;100;freeFlow;3
2025-07-02T19:43:00+02:00;19841_G;93;16;75;freeFlow;2
2025-07-02T19:43:00+02:00;19842_D;62;6;100;freeFlow;3
2025-07-02T19:43:00+02:00;19842_G;88;4;75;freeFlow;2
2025-07-02T19:43:00+02:00;20525;31;6;60;heavy;1
2025-07-02T19:43:00+02:00;20526;23;6;60;congested;1
2025-07-02T19:43:00+02:00;20527;51;3;60;heavy;1
2025-07-02T19:43:00+02:00;20528;51;2;60;heavy;1
2025-07-02T19:43:00+02:00;20590_D;58;140;72;freeFlow;2
2025-07-02T19:43:00+02:00;20590_G;74;111;60;freeFlow;1
2025-07-02T19:43:00+02:00;20760_D;60;25;100;freeFlow;4
2025-07-02T19:43:00+02:00;20760_G;43;35;100;freeFlow;3
2025-07-02T19:43:00+02:00;2216_D;59;52;68;freeFlow;2
2025-07-02T19:43:00+02:00;2216_G;71;43;19;freeFlow;1
2025-07-02T19:43:00+02:00;2218_D;94;23;75;freeFlow;2
2025-07-02T19:43:00+02:00;2218_G;80;27;20;freeFlow;1
2025-07-02T19:43:00+02:00;23984_D;67;1;60;freeFlow;1
2025-07-02T19:43:00+02:00;23984_G;62;1;60;freeFlow;1
2025-07-02T19:43:00+02:00;24143_D;51;8;60;heavy;1
2025-07-02T19:43:00+02:00;24143_G;41;10;75;heavy;2
2025-07-02T19:43:00+02:00;24147_D;60;64;60;freeFlow;1
2025-07-02T19:43:00+02:00;24147_G;48;80;75;heavy;2
2025-07-02T19:43:00+02:00;24148;67;2;60;freeFlow;1
2025-07-02T19:43:00+02:00;24149;55;2;60;freeFlow;1
2025-07-02T19:43:00+02:00;24150;67;2;60;freeFlow;1
2025-07-02T19:43:00+02:00;24151;49;3;60;freeFlow;1
2025-07-02T19:43:00+02:00;24153_D;67;14;60;freeFlow;1
2025-07-02T19:43:00+02:00;24153_G;70;13;75;freeFlow;2
2025-07-02T19:43:00+02:00;24176;92;17;100;freeFlow;3
2025-07-02T19:43:00+02:00;24178;85;13;100;freeFlow;3
2025-07-02T19:43:00+02:00;24179;93;21;100;freeFlow;3
2025-07-02T19:43:00+02:00;24181_D;31;5;100;heavy;3
2025-07-02T19:43:00+02:00;24181_G;51;3;60;freeFlow;1
2025-07-02T19:43:00+02:00;24182;89;13;100;freeFlow;3
2025-07-02T19:43:00+02:00;24184_D;35;16;100;freeFlow;3
2025-07-02T19:43:00+02:00;24184_G;49;12;75;freeFlow;2
2025-07-02T19:43:00+02:00;24259;42;3;75;freeFlow;2
2025-07-02T19:43:00+02:00;24260;44;4;67;freeFlow;2
2025-07-02T19:43:00+02:00;24261;51;2;60;freeFlow;1
2025-07-02T19:43:00+02:00;24262;41;4;100;freeFlow;3
2025-07-02T19:43:00+02:00;24264_D;46;1;75;heavy;2
2025-07-02T19:43:00+02:00;24264_G;51;1;60;heavy;1
2025-07-02T19:43:00+02:00;24265_D;42;1;100;freeFlow;3
2025-07-02T19:43:00+02:00;24265_G;51;1;60;freeFlow;1
2025-07-02T19:43:00+02:00;24274_D;51;10;60;freeFlow;1
2025-07-02T19:43:00+02:00;24274_G;57;9;100;freeFlow;3
2025-07-02T19:43:00+02:00;25687_D;30;7;0;unknown;0
2025-07-02T19:43:00+02:00;25687_G;25;9;60;freeFlow;1
2025-07-02T19:43:00+02:00;25929_D;65;13;25;freeFlow;1
2025-07-02T19:43:00+02:00;25929_G;73;12;60;freeFlow;1
2025-07-02T19:43:00+02:00;25930;55;3;99;heavy;3
2025-07-02T19:43:00+02:00;25931;64;3;75;freeFlow;2
2025-07-02T19:43:00+02:00;25932;50;3;99;heavy;4
2025-07-02T19:43:00+02:00;25933;48;3;100;heavy;4
2025-07-02T19:43:00+02:00;25934_D;53;5;25;heavy;1
2025-07-02T19:43:00+02:00;25934_G;73;3;60;freeFlow;1
2025-07-02T19:43:00+02:00;25944_D;38;8;100;heavy;3
2025-07-02T19:43:00+02:00;25944_G;51;5;75;heavy;2
2025-07-02T19:43:00+02:00;25946_D;70;12;75;freeFlow;2
2025-07-02T19:43:00+02:00;25946_G;56;15;100;freeFlow;3
2025-07-02T19:43:00+02:00;25947_D;73;26;60;freeFlow;1
2025-07-02T19:43:00+02:00;25947_G;46;41;100;heavy;4
2025-07-02T19:43:00+02:00;25988_D;30;10;0;unknown;0
2025-07-02T19:43:00+02:00;25988_G;28;11;60;freeFlow;1
2025-07-02T19:43:00+02:00;25989;50;2;0;unknown;0
2025-07-02T19:43:00+02:00;25990;30;3;60;heavy;1
2025-07-02T19:43:00+02:00;25991;30;3;60;heavy;1
2025-07-02T19:43:00+02:00;25992;30;4;60;heavy;1
2025-07-02T19:43:00+02:00;25993_D;30;3;0;unknown;0
2025-07-02T19:43:00+02:00;25993_G;30;3;60;freeFlow;1
2025-07-02T19:43:00+02:00;25994_D;50;4;0;unknown;0
2025-07-02T19:43:00+02:00;25994_G;33;6;60;heavy;1
2025-07-02T19:43:00+02:00;25995_D;50;1;0;unknown;0
2025-07-02T19:43:00+02:00;25995_G;50;1;60;freeFlow;1
2025-07-02T19:43:00+02:00;25996_D;50;5;0;unknown;0
2025-07-02T19:43:00+02:00;25996_G;50;4;60;freeFlow;1
2025-07-02T19:43:00+02:00;25997_D;50;1;0;unknown;0
2025-07-02T19:43:00+02:00;25997_G;50;1;60;freeFlow;1
2025-07-02T19:43:00+02:00;25998_D;53;10;22;freeFlow;1
2025-07-02T19:43:00+02:00;25998_G;50;11;60;freeFlow;1
2025-07-02T19:43:00+02:00;25999_D;69;6;22;freeFlow;1
2025-07-02T19:43:00+02:00;25999_G;60;7;75;freeFlow;2
2025-07-02T19:43:00+02:00;26000_D;69;6;22;freeFlow;1
2025-07-02T19:43:00+02:00;26000_G;65;6;60;freeFlow;1
2025-07-02T19:43:00+02:00;26001_D;69;1;22;freeFlow;1
2025-07-02T19:43:00+02:00;26001_G;65;1;60;freeFlow;1
2025-07-02T19:43:00+02:00;26002_D;69;6;22;freeFlow;1
2025-07-02T19:43:00+02:00;26002_G;66;7;60;freeFlow;1
2025-07-02T19:43:00+02:00;26023;85;3;100;freeFlow;5
2025-07-02T19:43:00+02:00;26024;85;55;65;freeFlow;2
2025-07-02T19:43:00+02:00;26025;84;77;100;freeFlow;4
2025-07-02T19:43:00+02:00;26041;22;15;100;heavy;7
2025-07-02T19:43:00+02:00;26043;42;10;100;freeFlow;4
2025-07-02T19:43:00+02:00;26044;39;11;100;freeFlow;7
2025-07-02T19:43:00+02:00;26046;37;25;100;freeFlow;4
2025-07-02T19:43:00+02:00;26047;40;2;100;freeFlow;7
2025-07-02T19:43:00+02:00;26048;64;33;100;freeFlow;6
2025-07-02T19:43:00+02:00;26049;58;25;100;freeFlow;5
2025-07-02T19:43:00+02:00;26050;47;7;100;freeFlow;4
2025-07-02T19:43:00+02:00;26101_D;47;10;25;freeFlow;1
2025-07-02T19:43:00+02:00;26101_G;30;16;0;unknown;0
2025-07-02T19:43:00+02:00;26371_D;25;10;60;freeFlow;1
2025-07-02T19:43:00+02:00;26371_G;30;9;0;unknown;0
2025-07-02T19:43:00+02:00;26389_D;63;12;30;freeFlow;1
2025-07-02T19:43:00+02:00;26389_G;37;21;0;unknown;0
2025-07-02T19:43:00+02:00;26392_D;12;38;27;heavy;1
2025-07-02T19:43:00+02:00;26392_G;30;14;0;unknown;0
2025-07-02T19:43:00+02:00;26393;29;2;60;heavy;1
2025-07-02T19:43:00+02:00;26394;35;2;0;unknown;0
2025-07-02T19:43:00+02:00;26395;29;3;60;heavy;1
2025-07-02T19:43:00+02:00;26396;29;2;60;heavy;1
2025-07-02T19:43:00+02:00;26397_D;34;5;40;heavy;2
2025-07-02T19:43:00+02:00;26397_G;35;5;0;unknown;0
2025-07-02T19:43:00+02:00;26402_D;30;9;0;unknown;0
2025-07-02T19:43:00+02:00;26402_G;9;30;60;congested;1
2025-07-02T19:43:00+02:00;26403_D;18;7;75;heavy;2
2025-07-02T19:43:00+02:00;26403_G;30;4;0;unknown;0
2025-07-02T19:43:00+02:00;26404_D;21;5;75;freeFlow;2
2025-07-02T19:43:00+02:00;26404_G;30;3;0;unknown;0
2025-07-02T19:43:00+02:00;26405_D;30;2;0;unknown;0
2025-07-02T19:43:00+02:00;26405_G;25;2;60;freeFlow;1
2025-07-02T19:43:00+02:00;26409_D;62;13;30;freeFlow;1
2025-07-02T19:43:00+02:00;26409_G;70;11;0;unknown;0
2025-07-02T19:43:00+02:00;26420_D;70;4;0;unknown;0
2025-07-02T19:43:00+02:00;26420_G;55;5;32;freeFlow;1
2025-07-02T19:43:00+02:00;26422_D;70;11;0;unknown;0
2025-07-02T19:43:00+02:00;26422_G;62;12;32;freeFlow;1
2025-07-02T19:43:00+02:00;26423_D;70;7;0;unknown;0
2025-07-02T19:43:00+02:00;26423_G;64;7;30;freeFlow;1
2025-07-02T19:43:00+02:00;26495_D;36;10;30;freeFlow;1
2025-07-02T19:43:00+02:00;26495_G;50;7;0;unknown;0
2025-07-02T19:43:00+02:00;26497_D;44;11;27;freeFlow;1
2025-07-02T19:43:00+02:00;26497_G;33;14;25;freeFlow;1
2025-07-02T19:43:00+02:00;26501;89;25;100;freeFlow;6
2025-07-02T19:43:00+02:00;26573;117;12;100;freeFlow;6
2025-07-02T19:43:00+02:00;26603_D;30;2;0;unknown;0
2025-07-02T19:43:00+02:00;26603_G;25;2;60;freeFlow;1
2025-07-02T19:43:00+02:00;26611_D;18;7;75;heavy;2
2025-07-02T19:43:00+02:00;26611_G;30;4;0;unknown;0
2025-07-02T19:43:00+02:00;26619;52;1;75;freeFlow;2
2025-07-02T19:43:00+02:00;26654;18;27;100;heavy;7
2025-07-02T19:43:00+02:00;26656;53;9;100;freeFlow;4
2025-07-02T19:43:00+02:00;26897_D;37;12;27;freeFlow;1
2025-07-02T19:43:00+02:00;26897_G;30;15;0;unknown;0
2025-07-02T19:43:00+02:00;27837_D;94;3;75;freeFlow;2
2025-07-02T19:43:00+02:00;27837_G;78;4;20;freeFlow;1
2025-07-02T19:43:00+02:00;28032;41;4;98;heavy;7
2025-07-02T19:43:00+02:00;28033;41;4;99;heavy;3
2025-07-02T19:43:00+02:00;282910_D;32;6;42;heavy;1
2025-07-02T19:43:00+02:00;282910_G;27;4;60;heavy;1
2025-07-02T19:43:00+02:00;28642_D;87;5;75;freeFlow;2
2025-07-02T19:43:00+02:00;28642_G;45;10;100;heavy;6
2025-07-02T19:43:00+02:00;28645_D;87;1;75;freeFlow;2
2025-07-02T19:43:00+02:00;28645_G;46;2;100;heavy;6
2025-07-02T19:43:00+02:00;28646_D;88;35;75;freeFlow;2
2025-07-02T19:43:00+02:00;28646_G;22;140;100;congested;7
2025-07-02T19:43:00+02:00;28648_D;92;14;75;freeFlow;2
2025-07-02T19:43:00+02:00;28648_G;40;32;100;heavy;4
2025-07-02T19:43:00+02:00;28649_D;90;10;75;freeFlow;2
2025-07-02T19:43:00+02:00;28649_G;43;21;100;heavy;4
2025-07-02T19:43:00+02:00;28650_D;97;10;73;freeFlow;2
2025-07-02T19:43:00+02:00;28650_G;50;20;100;heavy;4
2025-07-02T19:43:00+02:00;28660_D;88;8;75;freeFlow;2
2025-07-02T19:43:00+02:00;28660_G;21;32;100;congested;6
2025-07-02T19:43:00+02:00;28665_D;83;16;75;freeFlow;2
2025-07-02T19:43:00+02:00;28665_G;34;40;100;heavy;6
2025-07-02T19:43:00+02:00;28666_D;87;8;75;freeFlow;2
2025-07-02T19:43:00+02:00;28666_G;39;17;100;heavy;5
2025-07-02T19:43:00+02:00;28669_D;52;7;63;freeFlow;2
2025-07-02T19:43:00+02:00;28669_G;58;6;20;freeFlow;1
2025-07-02T19:43:00+02:00;28675_D;30;14;63;heavy;2
2025-07-02T19:43:00+02:00;28675_G;58;7;20;freeFlow;1
2025-07-02T19:43:00+02:00;28676_D;54;4;48;freeFlow;1
2025-07-02T19:43:00+02:00;28676_G;96;2;35;freeFlow;1
2025-07-02T19:43:00+02:00;28677_D;82;14;48;freeFlow;1
2025-07-02T19:43:00+02:00;28677_G;84;13;20;freeFlow;1
2025-07-02T19:43:00+02:00;28693_D;69;14;75;freeFlow;2
2025-07-02T19:43:00+02:00;28693_G;18;53;98;congested;5
2025-07-02T19:43:00+02:00;28854;39;4;94;freeFlow;3
2025-07-02T19:43:00+02:00;28855;42;3;75;freeFlow;2
2025-07-02T19:43:00+02:00;28865_D;35;57;75;heavy;2
2025-07-02T19:43:00+02:00;28865_G;71;28;75;freeFlow;2
2025-07-02T19:43:00+02:00;28866_D;42;17;75;heavy;2
2025-07-02T19:43:00+02:00;28866_G;60;12;75;freeFlow;2
2025-07-02T19:43:00+02:00;28867;42;2;100;freeFlow;3
2025-07-02T19:43:00+02:00;28868;41;3;100;freeFlow;4
2025-07-02T19:43:00+02:00;29;79;18;75;freeFlow;2
2025-07-02T19:43:00+02:00;30;96;6;75;freeFlow;2
2025-07-02T19:43:00+02:00;30020_D;63;34;100;freeFlow;3
2025-07-02T19:43:00+02:00;30020_G;60;35;100;freeFlow;4
2025-07-02T19:43:00+02:00;30022;86;3;100;freeFlow;7
2025-07-02T19:43:00+02:00;30023;28;183;100;heavy;6
2025-07-02T19:43:00+02:00;30118;52;2;75;freeFlow;2
2025-07-02T19:43:00+02:00;30351_D;59;1;60;freeFlow;1
2025-07-02T19:43:00+02:00;30351_G;50;1;0;unknown;0
2025-07-02T19:43:00+02:00;30355_D;59;9;60;freeFlow;1
2025-07-02T19:43:00+02:00;30355_G;50;10;0;unknown;0
2025-07-02T19:43:00+02:00;30359_D;27;23;60;heavy;1
2025-07-02T19:43:00+02:00;30359_G;80;8;0;unknown;0
2025-07-02T19:43:00+02:00;30405;48;2;60;freeFlow;1
2025-07-02T19:43:00+02:00;30406;50;4;0;unknown;0
2025-07-02T19:43:00+02:00;30407;59;2;60;freeFlow;1
2025-07-02T19:43:00+02:00;30408;59;1;60;freeFlow;1
2025-07-02T19:43:00+02:00;30409;45;3;60;freeFlow;1
2025-07-02T19:43:00+02:00;30410_D;48;1;0;unknown;0
2025-07-02T19:43:00+02:00;30410_G;36;1;60;freeFlow;1
2025-07-02T19:43:00+02:00;30411_D;13;22;0;unknown;0
2025-07-02T19:43:00+02:00;30411_G;46;6;60;freeFlow;1
2025-07-02T19:43:00+02:00;30414_D;50;7;0;unknown;0
2025-07-02T19:43:00+02:00;30414_G;9;42;75;congested;2
2025-07-02T19:43:00+02:00;30416_D;50;10;0;unknown;0
2025-07-02T19:43:00+02:00;30416_G;54;10;60;freeFlow;1
2025-07-02T19:43:00+02:00;30499_D;51;5;32;freeFlow;1
2025-07-02T19:43:00+02:00;30499_G;33;9;60;freeFlow;1
2025-07-02T19:43:00+02:00;30501_D;51;5;32;freeFlow;1
2025-07-02T19:43:00+02:00;30501_G;18;15;60;heavy;1
2025-07-02T19:43:00+02:00;30502_D;51;1;32;freeFlow;1
2025-07-02T19:43:00+02:00;30502_G;33;2;60;freeFlow;1
2025-07-02T19:43:00+02:00;30504_D;51;1;32;freeFlow;1
2025-07-02T19:43:00+02:00;30504_G;33;1;60;freeFlow;1
2025-07-02T19:43:00+02:00;30508;37;3;60;freeFlow;1
2025-07-02T19:43:00+02:00;30521_D;50;8;0;unknown;0
2025-07-02T19:43:00+02:00;30521_G;43;10;60;freeFlow;1
2025-07-02T19:43:00+02:00;30522_D;50;2;0;unknown;0
2025-07-02T19:43:00+02:00;30522_G;39;3;60;freeFlow;1
2025-07-02T19:43:00+02:00;30606_D;33;17;60;heavy;1
2025-07-02T19:43:00+02:00;30606_G;46;12;35;freeFlow;1
2025-07-02T19:43:00+02:00;30608_D;22;7;60;heavy;1
2025-07-02T19:43:00+02:00;30608_G;29;5;35;heavy;1
2025-07-02T19:43:00+02:00;30611_D;33;12;60;heavy;1
2025-07-02T19:43:00+02:00;30611_G;26;16;35;heavy;1
2025-07-02T19:43:00+02:00;31;91;5;60;freeFlow;1
2025-07-02T19:43:00+02:00;31286;31;5;60;heavy;1
2025-07-02T19:43:00+02:00;31287;24;3;60;heavy;1
2025-07-02T19:43:00+02:00;31288;31;6;60;heavy;1
2025-07-02T19:43:00+02:00;31289;21;5;53;heavy;2
2025-07-02T19:43:00+02:00;31300_D;35;1;25;freeFlow;1
2025-07-02T19:43:00+02:00;31300_G;50;1;0;unknown;0
2025-07-02T19:43:00+02:00;31302_D;44;1;32;freeFlow;1
2025-07-02T19:43:00+02:00;31302_G;35;1;60;heavy;1
2025-07-02T19:43:00+02:00;31304_D;56;20;32;freeFlow;1
2025-07-02T19:43:00+02:00;31305_D;35;22;64;freeFlow;2
2025-07-02T19:43:00+02:00;31305_G;50;15;0;unknown;0
2025-07-02T19:43:00+02:00;31361_D;36;2;60;freeFlow;1
2025-07-02T19:43:00+02:00;31361_G;38;1;12;freeFlow;1
2025-07-02T19:43:00+02:00;31444_D;73;34;60;freeFlow;1
2025-07-02T19:43:00+02:00;31444_G;55;44;60;heavy;1
2025-07-02T19:43:00+02:00;31448;52;2;60;heavy;1
2025-07-02T19:43:00+02:00;31449;37;4;60;heavy;1
2025-07-02T19:43:00+02:00;31450;41;3;60;heavy;1
2025-07-02T19:43:00+02:00;31451;37;3;75;heavy;2
2025-07-02T19:43:00+02:00;31453_D;64;25;75;freeFlow;2
2025-07-02T19:43:00+02:00;31453_G;54;30;100;heavy;3
2025-07-02T19:43:00+02:00;31511;94;16;75;freeFlow;2
2025-07-02T19:43:00+02:00;31512;74;33;100;freeFlow;3
2025-07-02T19:43:00+02:00;31513;92;24;100;freeFlow;4
2025-07-02T19:43:00+02:00;31515;41;3;100;freeFlow;3
2025-07-02T19:43:00+02:00;31517;33;4;62;heavy;2
2025-07-02T19:43:00+02:00;31520;41;2;75;freeFlow;2
2025-07-02T19:43:00+02:00;31522;36;5;89;freeFlow;4
2025-07-02T19:43:00+02:00;31523_D;44;4;75;freeFlow;2
2025-07-02T19:43:00+02:00;31523_G;32;6;100;heavy;3
2025-07-02T19:43:00+02:00;31530_D;80;5;65;freeFlow;2
2025-07-02T19:43:00+02:00;31530_G;24;16;60;heavy;1
2025-07-02T19:43:00+02:00;31532_D;28;6;60;heavy;1
2025-07-02T19:43:00+02:00;31532_G;35;5;60;heavy;1
2025-07-02T19:43:00+02:00;31534;91;4;100;freeFlow;3
2025-07-02T19:43:00+02:00;31536;73;13;60;freeFlow;1
2025-07-02T19:43:00+02:00;31550;85;11;100;freeFlow;6
2025-07-02T19:43:00+02:00;31551;91;8;100;freeFlow;5
2025-07-02T19:43:00+02:00;31553;84;12;100;freeFlow;5
2025-07-02T19:43:00+02:00;31557;106;4;60;freeFlow;1
2025-07-02T19:43:00+02:00;31558_D;65;17;60;freeFlow;1
2025-07-02T19:43:00+02:00;31558_G;67;17;75;freeFlow;2
2025-07-02T19:43:00+02:00;31559;57;8;100;freeFlow;3
2025-07-02T19:43:00+02:00;31561;45;8;100;freeFlow;3
2025-07-02T19:43:00+02:00;31562;60;7;75;freeFlow;2
2025-07-02T19:43:00+02:00;31563;63;6;75;freeFlow;2
2025-07-02T19:43:00+02:00;31568;77;5;75;freeFlow;2
2025-07-02T19:43:00+02:00;31569;80;7;60;freeFlow;1
2025-07-02T19:43:00+02:00;31583_D;65;12;63;freeFlow;2
2025-07-02T19:43:00+02:00;31583_G;72;10;22;freeFlow;1
2025-07-02T19:43:00+02:00;31670_D;53;8;55;freeFlow;2
2025-07-02T19:43:00+02:00;31670_G;107;4;45;freeFlow;1
2025-07-02T19:43:00+02:00;31672_D;77;26;90;freeFlow;3
2025-07-02T19:43:00+02:00;31672_G;42;47;96;heavy;3
2025-07-02T19:43:00+02:00;31673;100;13;100;freeFlow;5
2025-07-02T19:43:00+02:00;31674;7;176;100;congested;5
2025-07-02T19:43:00+02:00;31708_D;36;5;45;freeFlow;1
2025-07-02T19:43:00+02:00;31708_G;50;3;22;freeFlow;1
2025-07-02T19:43:00+02:00;31709_D;66;5;45;freeFlow;1
2025-07-02T19:43:00+02:00;31709_G;50;7;22;freeFlow;1
2025-07-02T19:43:00+02:00;31716_D;36;6;45;freeFlow;1
2025-07-02T19:43:00+02:00;31716_G;26;8;25;freeFlow;1
2025-07-02T19:43:00+02:00;31717_D;36;14;45;freeFlow;1
2025-07-02T19:43:00+02:00;31717_G;26;20;25;freeFlow;1
2025-07-02T19:43:00+02:00;31720_D;13;9;42;heavy;1
2025-07-02T19:43:00+02:00;31720_G;26;5;25;freeFlow;1
2025-07-02T19:43:00+02:00;31722_D;44;6;27;freeFlow;1
2025-07-02T19:43:00+02:00;31722_G;30;9;42;freeFlow;1
2025-07-02T19:43:00+02:00;31723;107;2;45;freeFlow;1
2025-07-02T19:43:00+02:00;31724;107;2;45;freeFlow;1
2025-07-02T19:43:00+02:00;31725;23;8;60;heavy;1
2025-07-02T19:43:00+02:00;31726;107;2;45;freeFlow;1
2025-07-02T19:43:00+02:00;31727_D;44;8;27;freeFlow;1
2025-07-02T19:43:00+02:00;31727_G;31;11;42;freeFlow;1
2025-07-02T19:43:00+02:00;31878;41;4;100;heavy;5
2025-07-02T19:43:00+02:00;31879;40;4;75;heavy;2
2025-07-02T19:43:00+02:00;31880;75;3;100;freeFlow;7
2025-07-02T19:43:00+02:00;31881;66;5;75;freeFlow;2
2025-07-02T19:43:00+02:00;31882;39;4;60;heavy;1
2025-07-02T19:43:00+02:00;32;40;31;95;heavy;3
2025-07-02T19:43:00+02:00;32118;14;5;100;congested;4
2025-07-02T19:43:00+02:00;32163_D;34;3;45;freeFlow;1
2025-07-02T19:43:00+02:00;32163_G;26;4;25;freeFlow;1
2025-07-02T19:43:00+02:00;32165_D;26;3;60;heavy;1
2025-07-02T19:43:00+02:00;32165_G;35;2;12;heavy;1
2025-07-02T19:43:00+02:00;32177_D;75;8;99;freeFlow;3
2025-07-02T19:43:00+02:00;32177_G;42;14;100;heavy;5
2025-07-02T19:43:00+02:00;32784_D;36;2;60;freeFlow;1
2025-07-02T19:43:00+02:00;32784_G;50;2;0;unknown;0
2025-07-02T19:43:00+02:00;32785;50;1;0;unknown;0
2025-07-02T19:43:00+02:00;32786;32;2;60;heavy;1
2025-07-02T19:43:00+02:00;32788;36;2;60;freeFlow;1
2025-07-02T19:43:00+02:00;32790;50;1;0;unknown;0
2025-07-02T19:43:00+02:00;32791;36;2;60;freeFlow;1
2025-07-02T19:43:00+02:00;32794;38;2;12;freeFlow;1
2025-07-02T19:43:00+02:00;32796;50;1;0;unknown;0
2025-07-02T19:43:00+02:00;33;107;23;60;freeFlow;2
2025-07-02T19:43:00+02:00;34;96;28;100;freeFlow;5
2025-07-02T19:43:00+02:00;34744;91;36;100;freeFlow;10
2025-07-02T19:43:00+02:00;34745;88;37;100;freeFlow;9
2025-07-02T19:43:00+02:00;34757_D;22;4;68;heavy;2
2025-07-02T19:43:00+02:00;34757_G;44;2;38;freeFlow;2
2025-07-02T19:43:00+02:00;34758_D;50;16;0;unknown;0
2025-07-02T19:43:00+02:00;34758_G;40;20;38;freeFlow;2
2025-07-02T19:43:00+02:00;35;93;57;100;freeFlow;4
2025-07-02T19:43:00+02:00;35072;86;30;100;freeFlow;11
2025-07-02T19:43:00+02:00;35077;94;44;100;freeFlow;10
2025-07-02T19:43:00+02:00;35086;85;48;100;freeFlow;11
2025-07-02T19:43:00+02:00;35092;73;4;100;freeFlow;3
2025-07-02T19:43:00+02:00;35096;91;18;100;freeFlow;11
2025-07-02T19:43:00+02:00;35098;94;40;100;freeFlow;10
2025-07-02T19:43:00+02:00;35103;65;12;42;freeFlow;1
2025-07-02T19:43:00+02:00;35869_D;52;1;52;freeFlow;1
2025-07-02T19:43:00+02:00;35869_G;34;2;38;heavy;2
2025-07-02T19:43:00+02:00;35870_D;45;12;52;freeFlow;1
2025-07-02T19:43:00+02:00;35870_G;28;20;38;heavy;2
2025-07-02T19:43:00+02:00;35940;35;9;27;freeFlow;1
2025-07-02T19:43:00+02:00;35942;30;2;0;unknown;0
2025-07-02T19:43:00+02:00;35943;30;2;0;unknown;0
2025-07-02T19:43:00+02:00;35944;35;2;27;freeFlow;1
2025-07-02T19:43:00+02:00;35945;35;2;27;freeFlow;1
2025-07-02T19:43:00+02:00;35946_D;30;2;0;unknown;0
2025-07-02T19:43:00+02:00;35946_G;35;1;27;freeFlow;1
2025-07-02T19:43:00+02:00;35947;35;8;27;freeFlow;1
2025-07-02T19:43:00+02:00;35948;35;6;27;freeFlow;1
2025-07-02T19:43:00+02:00;35949;35;6;27;freeFlow;1
2025-07-02T19:43:00+02:00;35950;30;12;0;unknown;0
2025-07-02T19:43:00+02:00;35951;30;5;0;unknown;0
2025-07-02T19:43:00+02:00;35952;30;11;0;unknown;0
2025-07-02T19:43:00+02:00;35953;52;2;52;freeFlow;1
2025-07-02T19:43:00+02:00;35954;32;3;38;heavy;2
2025-07-02T19:43:00+02:00;35955;52;2;52;freeFlow;1
2025-07-02T19:43:00+02:00;35956;52;1;52;freeFlow;1
2025-07-02T19:43:00+02:00;35957_D;30;2;0;unknown;0
2025-07-02T19:43:00+02:00;35957_G;35;1;27;freeFlow;1
2025-07-02T19:43:00+02:00;35959_D;30;2;0;unknown;0
2025-07-02T19:43:00+02:00;35959_G;32;1;22;freeFlow;1
2025-07-02T19:43:00+02:00;35960;35;9;27;freeFlow;1
2025-07-02T19:43:00+02:00;35961;35;14;27;freeFlow;1
2025-07-02T19:43:00+02:00;35962;35;10;27;freeFlow;1
2025-07-02T19:43:00+02:00;35963;30;6;0;unknown;0
2025-07-02T19:43:00+02:00;35964;30;6;0;unknown;0
2025-07-02T19:43:00+02:00;35965;30;20;0;unknown;0
2025-07-02T19:43:00+02:00;35971;30;20;0;unknown;0
2025-07-02T19:43:00+02:00;35972;35;10;27;freeFlow;1
2025-07-02T19:43:00+02:00;35973;35;7;27;freeFlow;1
2025-07-02T19:43:00+02:00;35985_D;50;1;0;unknown;0
2025-07-02T19:43:00+02:00;35985_G;50;2;0;unknown;0
2025-07-02T19:43:00+02:00;35986_D;20;36;0;unknown;0
2025-07-02T19:43:00+02:00;35986_G;24;31;0;unknown;0
2025-07-02T19:43:00+02:00;35994_D;30;1;0;unknown;0
2025-07-02T19:43:00+02:00;35994_G;24;1;0;unknown;0
2025-07-02T19:43:00+02:00;35998;31;7;55;heavy;1
2025-07-02T19:43:00+02:00;35999;46;4;93;freeFlow;3
2025-07-02T19:43:00+02:00;36000;42;5;75;freeFlow;2
2025-07-02T19:43:00+02:00;36001;29;6;60;heavy;2
2025-07-02T19:43:00+02:00;36003_D;47;1;75;freeFlow;2
2025-07-02T19:43:00+02:00;36003_G;27;2;55;heavy;1
2025-07-02T19:43:00+02:00;36004_D;55;39;75;freeFlow;2
2025-07-02T19:43:00+02:00;36004_G;51;41;71;freeFlow;2
2025-07-02T19:43:00+02:00;36005;33;2;60;freeFlow;1
2025-07-02T19:43:00+02:00;36006;35;2;27;freeFlow;1
2025-07-02T19:43:00+02:00;36007;30;2;0;unknown;0
2025-07-02T19:43:00+02:00;36010_D;33;1;60;freeFlow;1
2025-07-02T19:43:00+02:00;36010_G;35;1;27;freeFlow;1
2025-07-02T19:43:00+02:00;36011;26;12;60;freeFlow;1
2025-07-02T19:43:00+02:00;36012_D;30;2;0;unknown;0
2025-07-02T19:43:00+02:00;36012_G;35;2;27;freeFlow;1
2025-07-02T19:43:00+02:00;37200_D;19;13;75;heavy;2
2025-07-02T19:43:00+02:00;37200_G;85;3;60;freeFlow;1
2025-07-02T19:43:00+02:00;37201;70;3;75;freeFlow;2
2025-07-02T19:43:00+02:00;37202;21;14;100;heavy;3
2025-07-02T19:43:00+02:00;37203;22;24;72;heavy;2
2025-07-02T19:43:00+02:00;37204_D;67;1;75;freeFlow;2
2025-07-02T19:43:00+02:00;37204_G;6;15;0;unknown;0
2025-07-02T19:43:00+02:00;37205_D;67;3;75;freeFlow;2
2025-07-02T19:43:00+02:00;37205_G;50;4;0;unknown;0
2025-07-02T19:43:00+02:00;37206_D;67;7;75;freeFlow;2
2025-07-02T19:43:00+02:00;37206_G;25;20;0;unknown;0
2025-07-02T19:43:00+02:00;37207;67;1;75;freeFlow;2
2025-07-02T19:43:00+02:00;37208;20;7;0;unknown;0
2025-07-02T19:43:00+02:00;37209;43;2;60;freeFlow;1
2025-07-02T19:43:00+02:00;37210_D;43;1;60;freeFlow;1
2025-07-02T19:43:00+02:00;37210_G;50;1;0;unknown;0
2025-07-02T19:43:00+02:00;37211_D;50;54;68;freeFlow;2
2025-07-02T19:43:00+02:00;37211_G;9;314;0;unknown;0
2025-07-02T19:43:00+02:00;37239;25;8;75;freeFlow;2
2025-07-02T19:43:00+02:00;37240;46;3;60;freeFlow;1
2025-07-02T19:43:00+02:00;37241;33;5;100;freeFlow;4
2025-07-02T19:43:00+02:00;37242;49;4;75;freeFlow;2
2025-07-02T19:43:00+02:00;37243_D;31;3;100;heavy;3
2025-07-02T19:43:00+02:00;37243_G;44;3;60;freeFlow;1
2025-07-02T19:43:00+02:00;37244_D;24;3;60;freeFlow;1
2025-07-02T19:43:00+02:00;37244_G;35;2;27;freeFlow;1
2025-07-02T19:43:00+02:00;37246_D;14;7;75;heavy;2
2025-07-02T19:43:00+02:00;37246_G;85;1;60;freeFlow;1
2025-07-02T19:43:00+02:00;37422_D;50;19;0;unknown;0
2025-07-02T19:43:00+02:00;37422_G;30;32;22;heavy;1
2025-07-02T19:43:00+02:00;37467_D;50;8;0;unknown;0
2025-07-02T19:43:00+02:00;37467_G;27;15;35;heavy;2
2025-07-02T19:43:00+02:00;37508_D;51;21;75;freeFlow;2
2025-07-02T19:43:00+02:00;37508_G;46;24;55;freeFlow;1
2025-07-02T19:43:00+02:00;37509_D;42;2;75;freeFlow;2
2025-07-02T19:43:00+02:00;37509_G;32;2;55;heavy;1
2025-07-02T19:43:00+02:00;37564_D;82;19;25;freeFlow;1
2025-07-02T19:43:00+02:00;37564_G;107;14;22;freeFlow;1
2025-07-02T19:43:00+02:00;37565_D;82;10;25;freeFlow;1
2025-07-02T19:43:00+02:00;37565_G;107;8;22;freeFlow;1
2025-07-02T19:43:00+02:00;37586_D;48;1;75;freeFlow;2
2025-07-02T19:43:00+02:00;37586_G;36;2;55;freeFlow;1
2025-07-02T19:43:00+02:00;37588_D;107;5;22;freeFlow;1
2025-07-02T19:43:00+02:00;37588_G;82;7;25;freeFlow;1
2025-07-02T19:43:00+02:00;37620_D;62;1;60;freeFlow;1
2025-07-02T19:43:00+02:00;37620_G;42;2;20;heavy;1
2025-07-02T19:43:00+02:00;37621;23;7;55;heavy;1
2025-07-02T19:43:00+02:00;37622;45;5;75;freeFlow;2
2025-07-02T19:43:00+02:00;37625_D;43;22;75;freeFlow;2
2025-07-02T19:43:00+02:00;37625_G;82;11;25;freeFlow;1
2025-07-02T19:43:00+02:00;37665_D;48;2;27;freeFlow;1
2025-07-02T19:43:00+02:00;37665_G;35;2;75;heavy;2
2025-07-02T19:43:00+02:00;37667;54;23;60;freeFlow;1
2025-07-02T19:43:00+02:00;37668;54;7;100;freeFlow;4
2025-07-02T19:43:00+02:00;37673;45;8;60;heavy;1
2025-07-02T19:43:00+02:00;37686_D;34;19;60;freeFlow;1
2025-07-02T19:43:00+02:00;37686_G;17;39;55;heavy;1
2025-07-02T19:43:00+02:00;37702_D;16;17;60;heavy;1
2025-07-02T19:43:00+02:00;37702_G;29;9;0;unknown;0
2025-07-02T19:43:00+02:00;37706_D;21;2;0;unknown;0
2025-07-02T19:43:00+02:00;37706_G;27;2;60;heavy;1
2025-07-02T19:43:00+02:00;37707_D;48;1;27;freeFlow;1
2025-07-02T19:43:00+02:00;37707_G;28;2;75;heavy;2
2025-07-02T19:43:00+02:00;37708_D;33;28;0;unknown;0
2025-07-02T19:43:00+02:00;37708_G;21;43;100;freeFlow;3
2025-07-02T19:43:00+02:00;37712_D;33;6;0;unknown;0
2025-07-02T19:43:00+02:00;37712_G;29;7;100;freeFlow;3
2025-07-02T19:43:00+02:00;37724;41;4;60;freeFlow;1
2025-07-02T19:43:00+02:00;37725;38;2;75;freeFlow;2
2025-07-02T19:43:00+02:00;37726;38;3;100;freeFlow;3
2025-07-02T19:43:00+02:00;37727;42;3;100;freeFlow;3
2025-07-02T19:43:00+02:00;37728;50;2;0;unknown;0
2025-07-02T19:43:00+02:00;37729;71;79;100;freeFlow;7
2025-07-02T19:43:00+02:00;37730;41;3;100;freeFlow;4
2025-07-02T19:43:00+02:00;37732;90;40;75;freeFlow;2
2025-07-02T19:43:00+02:00;37737;29;142;100;heavy;6
2025-07-02T19:43:00+02:00;37738;35;2;100;heavy;6
2025-07-02T19:43:00+02:00;37739;44;3;100;heavy;8
2025-07-02T19:43:00+02:00;37740;47;3;100;heavy;5
2025-07-02T19:43:00+02:00;37741;50;1;100;freeFlow;5
2025-07-02T19:43:00+02:00;37742;38;4;100;heavy;5
2025-07-02T19:43:00+02:00;37743;50;3;100;freeFlow;5
2025-07-02T19:43:00+02:00;37744;36;5;75;heavy;2
2025-07-02T19:43:00+02:00;37745;48;1;75;heavy;2
2025-07-02T19:43:00+02:00;37749;104;37;100;freeFlow;4
2025-07-02T19:43:00+02:00;37750;5;528;100;congested;7
2025-07-02T19:43:00+02:00;37751;104;9;57;freeFlow;1
2025-07-02T19:43:00+02:00;37752;75;8;100;freeFlow;3
2025-07-02T19:43:00+02:00;37753;97;27;100;freeFlow;4
2025-07-02T19:43:00+02:00;37784;14;6;35;congested;1
2025-07-02T19:43:00+02:00;37785;12;7;50;congested;2
2025-07-02T19:43:00+02:00;37786;33;3;75;heavy;3
2025-07-02T19:43:00+02:00;37787_D;39;38;50;heavy;2
2025-07-02T19:43:00+02:00;37787_G;16;95;25;congested;1
2025-07-02T19:43:00+02:00;37818;106;44;100;freeFlow;6
2025-07-02T19:43:00+02:00;37819;104;54;100;freeFlow;3
2025-07-02T19:43:00+02:00;37822;107;8;100;freeFlow;3
2025-07-02T19:43:00+02:00;37826;43;1;40;freeFlow;1
2025-07-02T19:43:00+02:00;37827;41;1;100;freeFlow;3
2025-07-02T19:43:00+02:00;37941;95;52;73;freeFlow;7
2025-07-02T19:43:00+02:00;37947;102;7;100;freeFlow;5
2025-07-02T19:43:00+02:00;37948;98;71;100;freeFlow;8
2025-07-02T19:43:00+02:00;37949;100;69;100;freeFlow;5
2025-07-02T19:43:00+02:00;37950;97;7;100;freeFlow;8
2025-07-02T19:43:00+02:00;37970;86;16;100;freeFlow;6
2025-07-02T19:43:00+02:00;38;94;15;75;freeFlow;2
2025-07-02T19:43:00+02:00;38067;95;12;100;freeFlow;7
2025-07-02T19:43:00+02:00;38068;48;4;75;heavy;2
2025-07-02T19:43:00+02:00;38069;55;6;60;freeFlow;1
2025-07-02T19:43:00+02:00;38070;100;9;100;freeFlow;4
2025-07-02T19:43:00+02:00;38310;78;1;25;freeFlow;1
2025-07-02T19:43:00+02:00;38311;31;3;12;heavy;1
2025-07-02T19:43:00+02:00;38317;98;1;100;freeFlow;3
2025-07-02T19:43:00+02:00;38318;101;26;100;freeFlow;4
2025-07-02T19:43:00+02:00;38319;93;22;100;freeFlow;6
2025-07-02T19:43:00+02:00;38322;55;3;60;freeFlow;1
2025-07-02T19:43:00+02:00;38378_D;68;11;35;freeFlow;1
2025-07-02T19:43:00+02:00;38378_G;70;10;60;freeFlow;1
2025-07-02T19:43:00+02:00;38389_D;74;15;35;freeFlow;1
2025-07-02T19:43:00+02:00;38389_G;72;15;59;freeFlow;1
2025-07-02T19:43:00+02:00;39061;72;3;69;freeFlow;2
2025-07-02T19:43:00+02:00;39062;63;2;62;freeFlow;2
2025-07-02T19:43:00+02:00;39063;42;10;75;heavy;2
2025-07-02T19:43:00+02:00;39473;92;22;100;freeFlow;5
2025-07-02T19:43:00+02:00;39618;95;3;100;freeFlow;6
2025-07-02T19:43:00+02:00;39619;93;3;100;freeFlow;6
2025-07-02T19:43:00+02:00;39720_D;50;25;100;freeFlow;3
2025-07-02T19:43:00+02:00;39720_G;44;28;60;freeFlow;1
2025-07-02T19:43:00+02:00;39902_D;69;1;35;freeFlow;1
2025-07-02T19:43:00+02:00;39902_G;75;1;60;freeFlow;1
2025-07-02T19:43:00+02:00;39904_D;67;1;35;freeFlow;1
2025-07-02T19:43:00+02:00;39904_G;55;1;60;freeFlow;1
2025-07-02T19:43:00+02:00;39906_D;25;20;50;heavy;2
2025-07-02T19:43:00+02:00;39906_G;55;9;60;freeFlow;1
2025-07-02T19:43:00+02:00;40185_D;32;4;38;heavy;1
2025-07-02T19:43:00+02:00;40185_G;35;1;48;heavy;1
2025-07-02T19:43:00+02:00;40201;13;2;12;congested;1
2025-07-02T19:43:00+02:00;40202;14;5;12;congested;1
2025-07-02T19:43:00+02:00;40203;22;4;45;heavy;1
2025-07-02T19:43:00+02:00;40212_D;90;1;75;freeFlow;2
2025-07-02T19:43:00+02:00;40212_G;10;11;98;congested;3
2025-07-02T19:43:00+02:00;40213_D;87;1;75;freeFlow;2
2025-07-02T19:43:00+02:00;40213_G;46;1;100;heavy;6
2025-07-02T19:43:00+02:00;41631_D;24;9;66;freeFlow;2
2025-07-02T19:43:00+02:00;41631_G;30;7;0;unknown;0
2025-07-02T19:43:00+02:00;41632_D;48;3;35;freeFlow;1
2025-07-02T19:43:00+02:00;41632_G;38;3;60;freeFlow;1
2025-07-02T19:43:00+02:00;41652_D;7;31;100;congested;3
2025-07-02T19:43:00+02:00;41683_D;70;15;0;unknown;0
2025-07-02T19:43:00+02:00;41683_G;46;23;60;heavy;1
2025-07-02T19:43:00+02:00;41709_D;30;15;0;unknown;0
2025-07-02T19:43:00+02:00;41709_G;38;12;60;freeFlow;1
2025-07-02T19:43:00+02:00;41712_D;30;7;0;unknown;0
2025-07-02T19:43:00+02:00;41712_G;38;6;60;freeFlow;1
2025-07-02T19:43:00+02:00;41713_D;46;3;30;freeFlow;1
2025-07-02T19:43:00+02:00;41713_G;30;4;0;unknown;0
2025-07-02T19:43:00+02:00;41729;26;3;41;heavy;2
2025-07-02T19:43:00+02:00;41730;50;1;0;unknown;0
2025-07-02T19:43:00+02:00;41731;50;1;0;unknown;0
2025-07-02T19:43:00+02:00;41753_D;42;4;32;freeFlow;1
2025-07-02T19:43:00+02:00;41753_G;30;6;0;unknown;0
2025-07-02T19:43:00+02:00;41764_D;48;1;35;freeFlow;1
2025-07-02T19:43:00+02:00;41764_G;38;1;60;freeFlow;1
2025-07-02T19:43:00+02:00;41781;27;2;60;heavy;1
2025-07-02T19:43:00+02:00;41782;24;3;46;heavy;2
2025-07-02T19:43:00+02:00;41783;21;3;75;heavy;2
2025-07-02T19:43:00+02:00;41784;19;4;75;heavy;2
2025-07-02T19:43:00+02:00;41809_D;43;6;32;freeFlow;1
2025-07-02T19:43:00+02:00;41809_G;30;8;0;unknown;0
2025-07-02T19:43:00+02:00;41810_D;47;1;32;freeFlow;1
2025-07-02T19:43:00+02:00;41810_G;30;2;0;unknown;0
2025-07-02T19:43:00+02:00;41811_D;37;7;32;freeFlow;1
2025-07-02T19:43:00+02:00;41811_G;30;8;0;unknown;0
2025-07-02T19:43:00+02:00;41812_D;36;5;32;freeFlow;1
2025-07-02T19:43:00+02:00;41812_G;30;6;0;unknown;0
2025-07-02T19:43:00+02:00;41813_D;36;4;32;freeFlow;1
2025-07-02T19:43:00+02:00;41813_G;30;5;0;unknown;0
2025-07-02T19:43:00+02:00;41814_D;36;6;32;freeFlow;1
2025-07-02T19:43:00+02:00;41814_G;30;7;0;unknown;0
2025-07-02T19:43:00+02:00;41815_D;36;5;32;freeFlow;1
2025-07-02T19:43:00+02:00;41815_G;30;7;0;unknown;0
2025-07-02T19:43:00+02:00;41817_D;6;33;35;congested;1
2025-07-02T19:43:00+02:00;41817_G;30;6;0;unknown;0
2025-07-02T19:43:00+02:00;41818_D;36;2;32;freeFlow;1
2025-07-02T19:43:00+02:00;41818_G;30;2;0;unknown;0
2025-07-02T19:43:00+02:00;42028;50;10;57;freeFlow;1
2025-07-02T19:43:00+02:00;42029;33;45;100;heavy;3
2025-07-02T19:43:00+02:00;42030;49;31;35;freeFlow;1
2025-07-02T19:43:00+02:00;42031;38;40;75;freeFlow;2
2025-07-02T19:43:00+02:00;42047;41;8;30;heavy;1
2025-07-02T19:43:00+02:00;42049;50;2;0;unknown;0
2025-07-02T19:43:00+02:00;42050;59;1;45;heavy;1
2025-07-02T19:43:00+02:00;42051;57;9;45;heavy;1
2025-07-02T19:43:00+02:00;42125_D;43;26;52;freeFlow;1
2025-07-02T19:43:00+02:00;42125_G;50;23;0;unknown;0
2025-07-02T19:43:00+02:00;42134;81;29;53;freeFlow;2
2025-07-02T19:43:00+02:00;42135;37;73;60;heavy;1
2025-07-02T19:43:00+02:00;42206_D;21;43;100;heavy;3
2025-07-02T19:43:00+02:00;42238_D;26;13;75;heavy;2
2025-07-02T19:43:00+02:00;42257;47;11;30;heavy;1
2025-07-02T19:43:00+02:00;42273_D;30;6;0;unknown;0
2025-07-02T19:43:00+02:00;42273_G;38;5;60;freeFlow;1
2025-07-02T19:43:00+02:00;42293_D;46;1;30;freeFlow;1
2025-07-02T19:43:00+02:00;42293_G;30;2;0;unknown;0
2025-07-02T19:43:00+02:00;42307_D;38;20;30;freeFlow;1
2025-07-02T19:43:00+02:00;42307_G;50;15;0;unknown;0
2025-07-02T19:43:00+02:00;42359;47;14;96;heavy;3
2025-07-02T19:43:00+02:00;42375;50;1;0;unknown;0
2025-07-02T19:43:00+02:00;42378_D;46;1;30;freeFlow;1
2025-07-02T19:43:00+02:00;42378_G;30;2;0;unknown;0
2025-07-02T19:43:00+02:00;42379;113;24;40;freeFlow;1
2025-07-02T19:43:00+02:00;42383;25;3;57;heavy;1
2025-07-02T19:43:00+02:00;42384;50;1;0;unknown;0
2025-07-02T19:43:00+02:00;42385;26;3;100;heavy;3
2025-07-02T19:43:00+02:00;42386;25;2;100;heavy;3
2025-07-02T19:43:00+02:00;42387;46;4;35;freeFlow;1
2025-07-02T19:43:00+02:00;42388;39;3;82;freeFlow;3
2025-07-02T19:43:00+02:00;42389;28;6;75;heavy;2
2025-07-02T19:43:00+02:00;42390;29;4;75;heavy;2
2025-07-02T19:43:00+02:00;42391;50;2;0;unknown;0
2025-07-02T19:43:00+02:00;42392;43;2;53;freeFlow;2
2025-07-02T19:43:00+02:00;42399;103;3;38;freeFlow;1
2025-07-02T19:43:00+02:00;42401_D;61;21;32;freeFlow;1
2025-07-02T19:43:00+02:00;42401_G;50;26;0;unknown;0
2025-07-02T19:43:00+02:00;42572;51;1;53;freeFlow;2
2025-07-02T19:43:00+02:00;42573;36;1;75;freeFlow;2
2025-07-02T19:43:00+02:00;42580;103;1;38;freeFlow;1
2025-07-02T19:43:00+02:00;42595_D;30;6;0;unknown;0
2025-07-02T19:43:00+02:00;42595_G;32;6;60;freeFlow;1
2025-07-02T19:43:00+02:00;42603;8;69;55;congested;1
2025-07-02T19:43:00+02:00;42663_D;50;5;0;unknown;0
2025-07-02T19:43:00+02:00;42663_G;62;4;60;freeFlow;1
2025-07-02T19:43:00+02:00;42681_D;70;13;0;unknown;0
2025-07-02T19:43:00+02:00;42681_G;65;14;60;freeFlow;1
2025-07-02T19:43:00+02:00;42684_D;30;2;0;unknown;0
2025-07-02T19:43:00+02:00;42684_G;30;2;0;unknown;0
2025-07-02T19:43:00+02:00;42685;48;55;60;heavy;1
2025-07-02T19:43:00+02:00;42709_D;23;41;52;heavy;1
2025-07-02T19:43:00+02:00;42709_G;50;18;0;unknown;0
2025-07-02T19:43:00+02:00;42777_D;50;3;0;unknown;0
2025-07-02T19:43:00+02:00;42777_G;37;4;0;unknown;0
2025-07-02T19:43:00+02:00;42778_D;50;1;0;unknown;0
2025-07-02T19:43:00+02:00;42778_G;50;1;0;unknown;0
2025-07-02T19:43:00+02:00;42779;50;2;0;unknown;0
2025-07-02T19:43:00+02:00;42780_D;50;8;0;unknown;0
2025-07-02T19:43:00+02:00;42780_G;50;8;0;unknown;0
2025-07-02T19:43:00+02:00;42938_D;58;5;60;freeFlow;1
2025-07-02T19:43:00+02:00;42938_G;50;6;0;unknown;0
2025-07-02T19:43:00+02:00;42939_D;50;4;0;unknown;0
2025-07-02T19:43:00+02:00;42939_G;50;4;0;unknown;0
2025-07-02T19:43:00+02:00;42940_D;50;9;0;unknown;0
2025-07-02T19:43:00+02:00;42940_G;50;9;0;unknown;0
2025-07-02T19:43:00+02:00;42941_D;50;3;0;unknown;0
2025-07-02T19:43:00+02:00;42941_G;17;8;22;heavy;1
2025-07-02T19:43:00+02:00;42947_D;17;26;22;heavy;1
2025-07-02T19:43:00+02:00;42947_G;44;10;60;freeFlow;1
2025-07-02T19:43:00+02:00;42948_D;50;5;0;unknown;0
2025-07-02T19:43:00+02:00;42948_G;25;9;60;heavy;1
2025-07-02T19:43:00+02:00;42949_D;7;38;20;congested;1
2025-07-02T19:43:00+02:00;42949_G;27;10;60;heavy;1
2025-07-02T19:43:00+02:00;42978_D;43;13;0;unknown;0
2025-07-02T19:43:00+02:00;42978_G;28;20;57;heavy;1
2025-07-02T19:43:00+02:00;42979_D;50;3;0;unknown;0
2025-07-02T19:43:00+02:00;42979_G;15;10;57;heavy;1
2025-07-02T19:43:00+02:00;42983_D;50;8;0;unknown;0
2025-07-02T19:43:00+02:00;42983_G;50;8;0;unknown;0
2025-07-02T19:43:00+02:00;42999_D;21;28;45;heavy;1
2025-07-02T19:43:00+02:00;42999_G;3;176;25;congested;1
2025-07-02T19:43:00+02:00;43000_D;47;5;45;freeFlow;1
2025-07-02T19:43:00+02:00;43000_G;50;5;0;unknown;0
2025-07-02T19:43:00+02:00;43001_D;33;6;60;heavy;1
2025-07-02T19:43:00+02:00;43001_G;50;4;0;unknown;0
2025-07-02T19:43:00+02:00;43003_D;47;3;45;freeFlow;1
2025-07-02T19:43:00+02:00;43003_G;7;20;22;congested;1
2025-07-02T19:43:00+02:00;43027_D;50;5;0;unknown;0
2025-07-02T19:43:00+02:00;43027_G;50;5;0;unknown;0
2025-07-02T19:43:00+02:00;43029_D;6;63;20;congested;1
2025-07-02T19:43:00+02:00;43029_G;41;10;60;freeFlow;1
2025-07-02T19:43:00+02:00;43046_D;26;11;35;heavy;1
2025-07-02T19:43:00+02:00;43046_G;38;8;38;freeFlow;1
2025-07-02T19:43:00+02:00;43047_D;50;4;0;unknown;0
2025-07-02T19:43:00+02:00;43047_G;38;4;38;freeFlow;1
2025-07-02T19:43:00+02:00;43048_D;18;15;0;unknown;0
2025-07-02T19:43:00+02:00;43048_G;18;15;60;heavy;1
2025-07-02T19:43:00+02:00;43049_D;37;3;0;unknown;0
2025-07-02T19:43:00+02:00;43049_G;29;4;57;freeFlow;1
2025-07-02T19:43:00+02:00;43050_D;38;4;0;unknown;0
2025-07-02T19:43:00+02:00;43050_G;15;11;57;heavy;1
2025-07-02T19:43:00+02:00;43099;13;6;57;congested;1
2025-07-02T19:43:00+02:00;43352_G;30;16;0;unknown;0
2025-07-02T19:43:00+02:00;43451_D;33;14;50;freeFlow;1
2025-07-02T19:43:00+02:00;43481;73;10;60;freeFlow;1
2025-07-02T19:43:00+02:00;43627;32;20;50;heavy;1
2025-07-02T19:43:00+02:00;43658_D;11;16;60;congested;1
2025-07-02T19:43:00+02:00;43658_G;42;4;27;freeFlow;1
2025-07-02T19:43:00+02:00;43718_D;50;3;0;unknown;0
2025-07-02T19:43:00+02:00;43718_G;35;4;35;freeFlow;1
2025-07-02T19:43:00+02:00;43719_D;50;9;0;unknown;0
2025-07-02T19:43:00+02:00;43719_G;32;14;32;heavy;1
2025-07-02T19:43:00+02:00;43720_D;50;4;0;unknown;0
2025-07-02T19:43:00+02:00;43720_G;50;4;0;unknown;0
2025-07-02T19:43:00+02:00;43724_D;50;8;0;unknown;0
2025-07-02T19:43:00+02:00;43724_G;15;28;59;congested;1
2025-07-02T19:43:00+02:00;43733_D;37;5;67;freeFlow;2
2025-07-02T19:43:00+02:00;43733_G;50;4;0;unknown;0
2025-07-02T19:43:00+02:00;43736_D;50;4;0;unknown;0
2025-07-02T19:43:00+02:00;43736_G;50;4;0;unknown;0
2025-07-02T19:43:00+02:00;43739_D;26;12;52;heavy;1
2025-07-02T19:43:00+02:00;43739_G;43;8;35;freeFlow;1
2025-07-02T19:43:00+02:00;43740_D;28;10;52;heavy;1
2025-07-02T19:43:00+02:00;43740_G;38;8;35;freeFlow;1
2025-07-02T19:43:00+02:00;43741_D;30;1;52;heavy;1
2025-07-02T19:43:00+02:00;43741_G;27;1;35;heavy;1
2025-07-02T19:43:00+02:00;43742_D;50;7;0;unknown;0
2025-07-02T19:43:00+02:00;43742_G;31;11;59;heavy;1
2025-07-02T19:43:00+02:00;43743_G;28;45;60;heavy;1
2025-07-02T19:43:00+02:00;43744_D;50;5;0;unknown;0
2025-07-02T19:43:00+02:00;43744_G;38;6;60;freeFlow;1
2025-07-02T19:43:00+02:00;43748;19;11;60;heavy;1
2025-07-02T19:43:00+02:00;43757;7;16;75;congested;2
2025-07-02T19:43:00+02:00;43758;23;13;75;heavy;2
2025-07-02T19:43:00+02:00;43786_D;50;12;0;unknown;0
2025-07-02T19:43:00+02:00;43786_G;50;12;0;unknown;0
2025-07-02T19:43:00+02:00;43787_D;50;3;0;unknown;0
2025-07-02T19:43:00+02:00;43787_G;50;3;0;unknown;0
2025-07-02T19:43:00+02:00;43788_D;50;2;0;unknown;0
2025-07-02T19:43:00+02:00;43788_G;59;1;60;freeFlow;1
2025-07-02T19:43:00+02:00;43789_D;50;5;0;unknown;0
2025-07-02T19:43:00+02:00;43789_G;59;5;60;freeFlow;1
2025-07-02T19:43:00+02:00;43790_D;50;5;0;unknown;0
2025-07-02T19:43:00+02:00;43790_G;59;4;60;freeFlow;1
2025-07-02T19:43:00+02:00;43791_D;50;3;0;unknown;0
2025-07-02T19:43:00+02:00;43791_G;59;2;60;freeFlow;1
2025-07-02T19:43:00+02:00;43792_D;50;7;0;unknown;0
2025-07-02T19:43:00+02:00;43792_G;59;6;60;freeFlow;1
2025-07-02T19:43:00+02:00;43814_D;1;493;0;unknown;0
2025-07-02T19:43:00+02:00;43814_G;40;17;60;freeFlow;1
2025-07-02T19:43:00+02:00;43815_D;50;7;0;unknown;0
2025-07-02T19:43:00+02:00;43815_G;36;10;60;freeFlow;1
2025-07-02T19:43:00+02:00;43817_D;50;14;0;unknown;0
2025-07-02T19:43:00+02:00;43817_G;26;26;57;heavy;1
2025-07-02T19:43:00+02:00;43819;23;20;89;freeFlow;3
2025-07-02T19:43:00+02:00;43821;11;25;75;congested;2
2025-07-02T19:43:00+02:00;43828_D;50;11;0;unknown;0
2025-07-02T19:43:00+02:00;43828_G;37;14;0;unknown;0
2025-07-02T19:43:00+02:00;43835_D;50;7;0;unknown;0
2025-07-02T19:43:00+02:00;43835_G;40;9;60;freeFlow;1
2025-07-02T19:43:00+02:00;43836;32;16;60;heavy;1
2025-07-02T19:43:00+02:00;43871_D;4;56;27;congested;1
2025-07-02T19:43:00+02:00;43871_G;34;6;75;heavy;2
2025-07-02T19:43:00+02:00;43872_D;37;5;17;freeFlow;1
2025-07-02T19:43:00+02:00;43872_G;34;6;75;heavy;2
2025-07-02T19:43:00+02:00;43873_D;32;8;17;heavy;1
2025-07-02T19:43:00+02:00;43873_G;41;6;75;freeFlow;2
2025-07-02T19:43:00+02:00;43925_D;15;17;20;heavy;1
2025-07-02T19:43:00+02:00;43925_G;34;7;75;heavy;2
2025-07-02T19:43:00+02:00;43937_D;11;28;0;unknown;0
2025-07-02T19:43:00+02:00;43937_G;25;12;68;heavy;2
2025-07-02T19:43:00+02:00;43938_D;50;20;0;unknown;0
2025-07-02T19:43:00+02:00;43938_G;32;31;60;heavy;1
2025-07-02T19:43:00+02:00;43972;25;13;17;heavy;1
2025-07-02T19:43:00+02:00;43974;15;33;100;congested;3
2025-07-02T19:43:00+02:00;43975;34;6;100;heavy;3
2025-07-02T19:43:00+02:00;44002_D;39;11;60;freeFlow;1
2025-07-02T19:43:00+02:00;44002_G;62;7;75;freeFlow;2
2025-07-02T19:43:00+02:00;44003_D;38;11;73;freeFlow;2
2025-07-02T19:43:00+02:00;44012;30;22;100;heavy;3
2025-07-02T19:43:00+02:00;44017_D;13;11;60;congested;1
2025-07-02T19:43:00+02:00;44018_D;19;30;60;heavy;1
2025-07-02T19:43:00+02:00;44028;18;15;17;heavy;1
2025-07-02T19:43:00+02:00;44036_D;12;9;60;congested;1
2025-07-02T19:43:00+02:00;44036_G;43;3;48;freeFlow;1
2025-07-02T19:43:00+02:00;44066;11;18;30;congested;1
2025-07-02T19:43:00+02:00;44067;46;16;60;freeFlow;1
2025-07-02T19:43:00+02:00;44069;73;3;60;freeFlow;1
2025-07-02T19:43:00+02:00;44084_D;59;5;55;freeFlow;1
2025-07-02T19:43:00+02:00;44084_G;50;5;0;unknown;0
2025-07-02T19:43:00+02:00;44089_D;50;6;0;unknown;0
2025-07-02T19:43:00+02:00;44089_G;4;87;30;congested;1
2025-07-02T19:43:00+02:00;44090_D;50;5;0;unknown;0
2025-07-02T19:43:00+02:00;44090_G;4;64;30;congested;1
2025-07-02T19:43:00+02:00;44131;33;19;60;heavy;1
2025-07-02T19:43:00+02:00;44134;4;101;30;congested;1
2025-07-02T19:43:00+02:00;44165_D;59;4;55;freeFlow;1
2025-07-02T19:43:00+02:00;44165_G;50;5;0;unknown;0
2025-07-02T19:43:00+02:00;44198_D;4;168;0;unknown;0
2025-07-02T19:43:00+02:00;44198_G;32;23;60;heavy;1
2025-07-02T19:43:00+02:00;44199_D;50;5;0;unknown;0
2025-07-02T19:43:00+02:00;44199_G;12;19;60;congested;1
2025-07-02T19:43:00+02:00;44231_D;24;11;60;heavy;1
2025-07-02T19:43:00+02:00;44231_G;40;7;50;freeFlow;1
2025-07-02T19:43:00+02:00;44232_D;40;5;60;freeFlow;1
2025-07-02T19:43:00+02:00;44232_G;21;10;60;heavy;1
2025-07-02T19:43:00+02:00;44234_D;46;7;50;freeFlow;2
2025-07-02T19:43:00+02:00;44234_G;35;10;60;freeFlow;1
2025-07-02T19:43:00+02:00;44259_D;27;4;60;heavy;1
2025-07-02T19:43:00+02:00;44259_G;22;5;55;heavy;1
2025-07-02T19:43:00+02:00;44260;30;13;60;heavy;1
2025-07-02T19:43:00+02:00;44261_D;45;10;60;freeFlow;1
2025-07-02T19:43:00+02:00;44261_G;34;14;52;heavy;1
2025-07-02T19:43:00+02:00;44293;50;5;0;unknown;0
2025-07-02T19:43:00+02:00;44303_D;50;2;0;unknown;0
2025-07-02T19:43:00+02:00;44303_G;50;2;0;unknown;0
2025-07-02T19:43:00+02:00;44304_D;30;16;60;heavy;1
2025-07-02T19:43:00+02:00;44304_G;50;9;0;unknown;0
2025-07-02T19:43:00+02:00;44322_D;24;92;60;heavy;1
2025-07-02T19:43:00+02:00;44322_G;13;167;50;congested;1
2025-07-02T19:43:00+02:00;44328;50;10;0;unknown;0
2025-07-02T19:43:00+02:00;44583_D;37;10;98;freeFlow;3
2025-07-02T19:43:00+02:00;44583_G;4;77;0;unknown;0
2025-07-02T19:43:00+02:00;44584_D;53;9;55;freeFlow;1
2025-07-02T19:43:00+02:00;44584_G;50;10;0;unknown;0
2025-07-02T19:43:00+02:00;44632_D;59;17;55;freeFlow;1
2025-07-02T19:43:00+02:00;44632_G;31;33;0;unknown;0
2025-07-02T19:43:00+02:00;44694_D;28;21;60;heavy;1
2025-07-02T19:43:00+02:00;44694_G;10;62;60;congested;1
2025-07-02T19:43:00+02:00;44695_D;4;27;60;congested;1
2025-07-02T19:43:00+02:00;44695_G;33;3;75;heavy;2
2025-07-02T19:43:00+02:00;44711_D;36;17;60;freeFlow;1
2025-07-02T19:43:00+02:00;44711_G;47;13;64;freeFlow;2
2025-07-02T19:43:00+02:00;44712_D;11;22;60;congested;1
2025-07-02T19:43:00+02:00;44712_G;29;8;60;heavy;1
2025-07-02T19:43:00+02:00;44714_D;32;2;60;heavy;1
2025-07-02T19:43:00+02:00;44714_G;47;1;45;freeFlow;1
2025-07-02T19:43:00+02:00;44736_D;59;2;55;freeFlow;1
2025-07-02T19:43:00+02:00;44736_G;50;2;0;unknown;0
2025-07-02T19:43:00+02:00;44868;86;5;75;freeFlow;2
2025-07-02T19:43:00+02:00;44873;50;3;0;unknown;0
2025-07-02T19:43:00+02:00;44874;58;7;100;freeFlow;4
2025-07-02T19:43:00+02:00;44875;90;5;60;freeFlow;1
2025-07-02T19:43:00+02:00;44877;60;7;100;freeFlow;3
2025-07-02T19:43:00+02:00;44878;56;17;43;freeFlow;2
2025-07-02T19:43:00+02:00;44880;90;17;100;freeFlow;3
2025-07-02T19:43:00+02:00;44882;87;11;100;freeFlow;4
2025-07-02T19:43:00+02:00;44884;90;15;100;freeFlow;3
2025-07-02T19:43:00+02:00;44900;71;21;100;freeFlow;3
2025-07-02T19:43:00+02:00;44902_D;50;33;0;unknown;0
2025-07-02T19:43:00+02:00;44902_G;44;37;32;freeFlow;1
2025-07-02T19:43:00+02:00;44905;66;10;100;freeFlow;4
2025-07-02T19:43:00+02:00;44920;77;3;100;freeFlow;8
2025-07-02T19:43:00+02:00;44942;71;16;75;freeFlow;2
2025-07-02T19:43:00+02:00;44948;86;12;100;freeFlow;4
2025-07-02T19:43:00+02:00;44961;11;28;75;heavy;2
2025-07-02T19:43:00+02:00;44962;27;9;52;freeFlow;1
2025-07-02T19:43:00+02:00;44963;73;1;60;freeFlow;1
2025-07-02T19:43:00+02:00;44966;83;12;100;freeFlow;6
2025-07-02T19:43:00+02:00;44974;22;6;100;heavy;5
2025-07-02T19:43:00+02:00;45012_D;28;2;60;heavy;1
2025-07-02T19:43:00+02:00;45012_G;34;2;52;heavy;1
2025-07-02T19:43:00+02:00;45028_D;38;23;60;freeFlow;1
2025-07-02T19:43:00+02:00;45028_G;40;22;50;freeFlow;1
2025-07-02T19:43:00+02:00;45029_D;35;10;60;freeFlow;1
2025-07-02T19:43:00+02:00;45029_G;40;8;50;freeFlow;1
2025-07-02T19:43:00+02:00;45106_D;43;3;60;freeFlow;1
2025-07-02T19:43:00+02:00;45106_G;40;4;50;freeFlow;1
2025-07-02T19:43:00+02:00;45136_D;43;18;10;freeFlow;1
2025-07-02T19:43:00+02:00;45149;38;13;75;freeFlow;2
2025-07-02T19:43:00+02:00;45166;90;0;60;freeFlow;1
2025-07-02T19:43:00+02:00;45169;41;3;75;freeFlow;2
2025-07-02T19:43:00+02:00;45236_G;50;10;0;unknown;0
2025-07-02T19:43:00+02:00;45238;50;12;0;unknown;0
2025-07-02T19:43:00+02:00;45239;66;7;32;freeFlow;1
2025-07-02T19:43:00+02:00;45240;87;6;40;freeFlow;1
2025-07-02T19:43:00+02:00;45241;87;2;40;freeFlow;1
2025-07-02T19:43:00+02:00;45305;87;3;40;freeFlow;1
2025-07-02T19:43:00+02:00;45306;87;7;40;freeFlow;1
2025-07-02T19:43:00+02:00;45327;85;7;100;freeFlow;6
2025-07-02T19:43:00+02:00;45486_D;25;8;70;heavy;2
2025-07-02T19:43:00+02:00;45487_D;23;10;70;heavy;2
2025-07-02T19:43:00+02:00;45630;77;15;100;freeFlow;10
2025-07-02T19:43:00+02:00;45645_D;53;10;20;freeFlow;1
2025-07-02T19:43:00+02:00;45651;46;4;75;freeFlow;2
2025-07-02T19:43:00+02:00;45761_D;24;12;38;heavy;1
2025-07-02T19:43:00+02:00;45865_D;50;7;55;freeFlow;1
2025-07-02T19:43:00+02:00;46053_D;16;23;50;heavy;1
2025-07-02T19:43:00+02:00;46056_D;17;6;52;heavy;1
2025-07-02T19:43:00+02:00;46061;36;6;50;freeFlow;2
2025-07-02T19:43:00+02:00;46567_D;50;2;0;unknown;0
2025-07-02T19:43:00+02:00;46642;18;15;53;heavy;2
2025-07-02T19:43:00+02:00;46771;91;9;100;freeFlow;6
2025-07-02T19:43:00+02:00;46821_D;20;42;82;heavy;3
2025-07-02T19:43:00+02:00;46821_G;14;58;59;congested;2
2025-07-02T19:43:00+02:00;46923_D;35;1;40;freeFlow;1
2025-07-02T19:43:00+02:00;46923_G;33;1;60;freeFlow;1
2025-07-02T19:43:00+02:00;46976;57;4;30;freeFlow;1
2025-07-02T19:43:00+02:00;47029;9;43;65;congested;2
2025-07-02T19:43:00+02:00;47061;91;20;100;freeFlow;16
2025-07-02T19:43:00+02:00;47239;80;7;100;freeFlow;15
2025-07-02T19:43:00+02:00;47410;10;137;100;congested;5
2025-07-02T19:43:00+02:00;47411;101;13;100;freeFlow;5
2025-07-02T19:43:00+02:00;47412;104;0;57;freeFlow;1
2025-07-02T19:43:00+02:00;47413;37;12;100;heavy;3
2025-07-02T19:43:00+02:00;47414;36;1;75;heavy;2
2025-07-02T19:43:00+02:00;47416;6;198;100;congested;5
2025-07-02T19:43:00+02:00;47418;101;15;100;freeFlow;5
2025-07-02T19:43:00+02:00;47420;19;50;50;congested;1
2025-07-02T19:43:00+02:00;47476;26;22;75;heavy;2
2025-07-02T19:43:00+02:00;47477;39;5;60;heavy;1
2025-07-02T19:43:00+02:00;47479;104;10;57;freeFlow;1
2025-07-02T19:43:00+02:00;47480;7;621;87;congested;4
2025-07-02T19:43:00+02:00;47481;91;50;100;freeFlow;7
2025-07-02T19:43:00+02:00;47537_D;42;8;60;freeFlow;1
2025-07-02T19:43:00+02:00;47537_G;28;11;60;heavy;1
2025-07-02T19:43:00+02:00;47742_D;23;10;60;heavy;1
2025-07-02T19:43:00+02:00;48758;33;3;75;heavy;2
2025-07-02T19:43:00+02:00;48759;42;2;75;freeFlow;2
2025-07-02T19:43:00+02:00;48920_D;18;14;22;heavy;1
2025-07-02T19:43:00+02:00;48920_G;34;7;60;heavy;1
2025-07-02T19:43:00+02:00;489866_D;42;4;73;freeFlow;2
2025-07-02T19:43:00+02:00;489970;27;35;60;heavy;1
2025-07-02T19:43:00+02:00;489971;104;1;57;freeFlow;1
2025-07-02T19:43:00+02:00;489972;10;44;100;congested;3
2025-07-02T19:43:00+02:00;490059_D;51;18;75;freeFlow;2
2025-07-02T19:43:00+02:00;490059_G;74;13;25;freeFlow;1
2025-07-02T19:43:00+02:00;490080_D;52;1;75;freeFlow;2
2025-07-02T19:43:00+02:00;490080_G;82;1;25;freeFlow;1
2025-07-02T19:43:00+02:00;49026;90;1;60;freeFlow;1
2025-07-02T19:43:00+02:00;49053;12;46;75;congested;2
2025-07-02T19:43:00+02:00;490823;63;12;75;freeFlow;2
2025-07-02T19:43:00+02:00;490824;48;8;60;heavy;1
2025-07-02T19:43:00+02:00;490825;70;11;100;freeFlow;6
2025-07-02T19:43:00+02:00;490827;64;6;100;freeFlow;5
2025-07-02T19:43:00+02:00;490828_D;33;15;0;unknown;0
2025-07-02T19:43:00+02:00;490828_G;37;14;100;freeFlow;3
2025-07-02T19:43:00+02:00;491005_D;35;4;60;freeFlow;1
2025-07-02T19:43:00+02:00;491005_G;40;4;50;freeFlow;1
2025-07-02T19:43:00+02:00;491126_D;32;13;0;unknown;0
2025-07-02T19:43:00+02:00;491126_G;49;9;100;freeFlow;3
2025-07-02T19:43:00+02:00;491135;36;4;75;freeFlow;2
2025-07-02T19:43:00+02:00;491141;41;2;60;freeFlow;1
2025-07-02T19:43:00+02:00;491300_D;31;21;75;heavy;2
2025-07-02T19:43:00+02:00;491300_G;34;19;52;heavy;1
2025-07-02T19:43:00+02:00;491308;6;8;58;congested;1
2025-07-02T19:43:00+02:00;491320_D;42;7;60;freeFlow;1
2025-07-02T19:43:00+02:00;491320_G;22;13;55;heavy;1
2025-07-02T19:43:00+02:00;491326_D;34;16;60;heavy;1
2025-07-02T19:43:00+02:00;491326_G;22;24;55;heavy;1
2025-07-02T19:43:00+02:00;491329_D;18;12;60;heavy;1
2025-07-02T19:43:00+02:00;491329_G;27;7;55;heavy;1
2025-07-02T19:43:00+02:00;491490;7;31;45;congested;1
2025-07-02T19:43:00+02:00;491714_D;30;8;40;freeFlow;1
2025-07-02T19:43:00+02:00;491714_G;28;9;60;freeFlow;1
2025-07-02T19:43:00+02:00;491735_D;28;4;40;freeFlow;1
2025-07-02T19:43:00+02:00;491735_G;27;6;60;freeFlow;1
2025-07-02T19:43:00+02:00;491794_D;50;3;0;unknown;0
2025-07-02T19:43:00+02:00;491794_G;45;3;10;freeFlow;1
2025-07-02T19:43:00+02:00;491872;45;15;60;freeFlow;1
2025-07-02T19:43:00+02:00;491877;52;2;60;freeFlow;1
2025-07-02T19:43:00+02:00;491881;35;1;60;heavy;1
2025-07-02T19:43:00+02:00;491884;29;2;75;heavy;2
2025-07-02T19:43:00+02:00;491888;70;13;100;freeFlow;3
2025-07-02T19:43:00+02:00;491890;52;1;60;freeFlow;1
2025-07-02T19:43:00+02:00;491917;38;3;50;heavy;1
2025-07-02T19:43:00+02:00;49225_D;13;25;60;congested;1
2025-07-02T19:43:00+02:00;49225_G;17;19;22;heavy;1
2025-07-02T19:43:00+02:00;492315_D;33;44;60;heavy;1
2025-07-02T19:43:00+02:00;492315_G;45;32;35;freeFlow;1
2025-07-02T19:43:00+02:00;492351_D;37;3;57;freeFlow;1
2025-07-02T19:43:00+02:00;492359_G;42;6;60;freeFlow;1
2025-07-02T19:43:00+02:00;492437;45;4;52;freeFlow;1
2025-07-02T19:43:00+02:00;492442;26;1;100;heavy;3
2025-07-02T19:43:00+02:00;492445_D;37;16;55;freeFlow;1
2025-07-02T19:43:00+02:00;492478;36;4;70;freeFlow;2
2025-07-02T19:43:00+02:00;492492;83;4;20;freeFlow;1
2025-07-02T19:43:00+02:00;49315_D;50;4;0;unknown;0
2025-07-02T19:43:00+02:00;49315_G;18;10;0;unknown;0
2025-07-02T19:43:00+02:00;49943_D;50;14;0;unknown;0
2025-07-02T19:43:00+02:00;49943_G;1;630;31;congested;1
2025-07-02T19:43:00+02:00;49947;28;7;10;heavy;1
2025-07-02T19:43:00+02:00;49958_D;30;9;57;heavy;1
2025-07-02T19:43:00+02:00;49958_G;15;18;60;congested;1
2025-07-02T19:43:00+02:00;50308_D;24;11;73;heavy;2
2025-07-02T19:43:00+02:00;50441;32;7;52;heavy;1
2025-07-02T19:43:00+02:00;50525;17;13;73;heavy;2
2025-07-02T19:43:00+02:00;50571;24;5;15;heavy;1
2025-07-02T19:43:00+02:00;50625;21;11;15;heavy;1
2025-07-02T19:43:00+02:00;5064_D;49;11;60;heavy;1
2025-07-02T19:43:00+02:00;5064_G;35;15;60;heavy;1
2025-07-02T19:43:00+02:00;51419;32;24;60;heavy;1
2025-07-02T19:43:00+02:00;51474_D;50;1;0;unknown;0
2025-07-02T19:43:00+02:00;51474_G;50;1;0;unknown;0
2025-07-02T19:43:00+02:00;51798;22;4;60;heavy;2
2025-07-02T19:43:00+02:00;52107_D;59;7;60;freeFlow;2
2025-07-02T19:43:00+02:00;52107_G;36;13;61;freeFlow;2
2025-07-02T19:43:00+02:00;52129;50;6;0;unknown;0
2025-07-02T19:43:00+02:00;52835_D;32;5;100;heavy;3
2025-07-02T19:43:00+02:00;53020_D;43;2;60;freeFlow;1
2025-07-02T19:43:00+02:00;53327_D;52;7;52;freeFlow;1
2025-07-02T19:43:00+02:00;53327_G;50;7;0;unknown;0
2025-07-02T19:43:00+02:00;53411_G;26;14;60;heavy;1
2025-07-02T19:43:00+02:00;53428;83;57;100;freeFlow;6
2025-07-02T19:43:00+02:00;53539_D;51;4;10;freeFlow;1
2025-07-02T19:43:00+02:00;53566;52;2;52;freeFlow;1
2025-07-02T19:43:00+02:00;53623;51;2;93;freeFlow;3
2025-07-02T19:43:00+02:00;53624;49;2;94;freeFlow;3
2025-07-02T19:43:00+02:00;53625;43;2;40;freeFlow;1
2025-07-02T19:43:00+02:00;53634_D;30;2;0;unknown;0
2025-07-02T19:43:00+02:00;53634_G;47;1;15;freeFlow;1
2025-07-02T19:43:00+02:00;53641_D;50;9;0;unknown;0
2025-07-02T19:43:00+02:00;53641_G;50;9;0;unknown;0
2025-07-02T19:43:00+02:00;53652;13;56;25;congested;1
2025-07-02T19:43:00+02:00;53659;25;8;100;heavy;6
2025-07-02T19:43:00+02:00;53702;49;8;100;heavy;9
2025-07-02T19:43:00+02:00;53892;30;2;100;heavy;4
2025-07-02T19:43:00+02:00;53893;49;13;100;freeFlow;4
2025-07-02T19:43:00+02:00;53895;52;6;100;freeFlow;3
2025-07-02T19:43:00+02:00;53896;49;8;100;freeFlow;3
2025-07-02T19:43:00+02:00;53898;42;13;100;freeFlow;3
2025-07-02T19:43:00+02:00;53900;41;14;100;freeFlow;3
2025-07-02T19:43:00+02:00;53901;31;9;100;heavy;3
2025-07-02T19:43:00+02:00;53903;31;7;100;heavy;3
2025-07-02T19:43:00+02:00;53904;28;5;100;heavy;3
2025-07-02T19:43:00+02:00;53905;34;12;100;heavy;3
2025-07-02T19:43:00+02:00;53908;53;2;100;freeFlow;6
2025-07-02T19:43:00+02:00;53910;52;6;100;freeFlow;6
2025-07-02T19:43:00+02:00;53912;38;8;100;freeFlow;5
2025-07-02T19:43:00+02:00;53915;46;12;100;freeFlow;5
2025-07-02T19:43:00+02:00;53918;48;10;100;freeFlow;7
2025-07-02T19:43:00+02:00;53919;49;3;100;freeFlow;7
2025-07-02T19:43:00+02:00;53921;48;11;100;freeFlow;7
2025-07-02T19:43:00+02:00;53922;49;3;100;freeFlow;7
2025-07-02T19:43:00+02:00;53923;50;10;100;freeFlow;4
2025-07-02T19:43:00+02:00;53925_D;70;4;0;unknown;0
2025-07-02T19:43:00+02:00;53925_G;46;6;32;heavy;1
2025-07-02T19:43:00+02:00;53936;79;11;100;freeFlow;3
2025-07-02T19:43:00+02:00;53938;108;3;73;freeFlow;2
2025-07-02T19:43:00+02:00;53939;58;24;100;freeFlow;4
2025-07-02T19:43:00+02:00;53941;58;9;100;freeFlow;5
2025-07-02T19:43:00+02:00;53942;57;4;100;freeFlow;5
2025-07-02T19:43:00+02:00;53944;52;1;60;freeFlow;1
2025-07-02T19:43:00+02:00;53945;57;8;60;freeFlow;1
2025-07-02T19:43:00+02:00;53946;52;1;60;freeFlow;1
2025-07-02T19:43:00+02:00;53947;42;1;75;freeFlow;2
2025-07-02T19:43:00+02:00;53948;119;2;60;freeFlow;1
2025-07-02T19:43:00+02:00;53949;119;2;60;freeFlow;1
2025-07-02T19:43:00+02:00;53950;98;39;100;freeFlow;5
2025-07-02T19:43:00+02:00;53952_D;49;3;100;freeFlow;3
2025-07-02T19:43:00+02:00;53952_G;41;3;100;freeFlow;4
2025-07-02T19:43:00+02:00;53959;101;35;60;freeFlow;1
2025-07-02T19:43:00+02:00;53961;102;56;100;freeFlow;3
2025-07-02T19:43:00+02:00;53987;43;2;100;freeFlow;3
2025-07-02T19:43:00+02:00;53990;49;6;75;freeFlow;2
2025-07-02T19:43:00+02:00;54067;6;164;100;congested;3
2025-07-02T19:43:00+02:00;54134;51;15;48;freeFlow;1
2025-07-02T19:43:00+02:00;54138;43;24;45;freeFlow;1
2025-07-02T19:43:00+02:00;54140;108;18;57;freeFlow;1
2025-07-02T19:43:00+02:00;54144;60;3;57;freeFlow;1
2025-07-02T19:43:00+02:00;54150;37;24;60;freeFlow;1
2025-07-02T19:43:00+02:00;54153;19;47;100;heavy;3
2025-07-02T19:43:00+02:00;54154;21;51;99;heavy;3
2025-07-02T19:43:00+02:00;54155;19;56;60;heavy;1
2025-07-02T19:43:00+02:00;54161;10;19;60;congested;1
2025-07-02T19:43:00+02:00;54187_D;30;11;0;unknown;0
2025-07-02T19:43:00+02:00;54187_G;29;12;60;freeFlow;1
2025-07-02T19:43:00+02:00;54189_D;30;13;0;unknown;0
2025-07-02T19:43:00+02:00;54189_G;17;24;60;heavy;1
2025-07-02T19:43:00+02:00;54191_D;30;10;0;unknown;0
2025-07-02T19:43:00+02:00;54191_G;34;8;60;freeFlow;1
2025-07-02T19:43:00+02:00;54197;34;22;60;heavy;1
2025-07-02T19:43:00+02:00;54198;22;10;60;heavy;1
2025-07-02T19:43:00+02:00;54206;19;30;53;heavy;2
2025-07-02T19:43:00+02:00;54208;33;2;35;freeFlow;1
2025-07-02T19:43:00+02:00;54212;33;49;68;heavy;2
2025-07-02T19:43:00+02:00;54223_D;30;2;0;unknown;0
2025-07-02T19:43:00+02:00;54223_G;29;3;57;freeFlow;1
2025-07-02T19:43:00+02:00;54227;103;9;100;freeFlow;6
2025-07-02T19:43:00+02:00;54234;108;0;57;freeFlow;1
2025-07-02T19:43:00+02:00;54239;20;3;35;heavy;1
2025-07-02T19:43:00+02:00;54240;90;4;60;freeFlow;1
2025-07-02T19:43:00+02:00;54241;21;3;75;heavy;2
2025-07-02T19:43:00+02:00;54243;24;23;100;heavy;3
2025-07-02T19:43:00+02:00;54297;19;43;75;heavy;2
2025-07-02T19:43:00+02:00;54339;27;35;100;heavy;3
2025-07-02T19:43:00+02:00;54340;27;11;100;heavy;3
2025-07-02T19:43:00+02:00;54358_D;44;16;59;freeFlow;1
2025-07-02T19:43:00+02:00;54358_G;66;11;60;freeFlow;1
2025-07-02T19:43:00+02:00;54363;59;8;60;freeFlow;1
2025-07-02T19:43:00+02:00;54365;59;5;60;freeFlow;1
2025-07-02T19:43:00+02:00;54367;59;7;60;freeFlow;1
2025-07-02T19:43:00+02:00;54368;17;6;75;heavy;2
2025-07-02T19:43:00+02:00;54369;53;23;100;freeFlow;8
2025-07-02T19:43:00+02:00;54372;105;0;30;freeFlow;1
2025-07-02T19:43:00+02:00;54375;42;16;60;freeFlow;1
2025-07-02T19:43:00+02:00;54376;47;4;75;freeFlow;2
2025-07-02T19:43:00+02:00;54378;10;31;100;congested;5
2025-07-02T19:43:00+02:00;54381;35;8;100;freeFlow;3
2025-07-02T19:43:00+02:00;54382;71;3;75;freeFlow;2
2025-07-02T19:43:00+02:00;54383;48;17;100;freeFlow;5
2025-07-02T19:43:00+02:00;54384;71;4;75;freeFlow;2
2025-07-02T19:43:00+02:00;54385;46;6;75;freeFlow;2
2025-07-02T19:43:00+02:00;54386;81;1;60;freeFlow;1
2025-07-02T19:43:00+02:00;54400;28;19;100;heavy;3
2025-07-02T19:43:00+02:00;54401;23;4;100;heavy;3
2025-07-02T19:43:00+02:00;54406;36;71;60;freeFlow;1
2025-07-02T19:43:00+02:00;54428_D;50;12;0;unknown;0
2025-07-02T19:43:00+02:00;54428_G;50;12;0;unknown;0
2025-07-02T19:43:00+02:00;54429_D;50;13;0;unknown;0
2025-07-02T19:43:00+02:00;54429_G;37;18;60;freeFlow;1
2025-07-02T19:43:00+02:00;54438_D;50;1;0;unknown;0
2025-07-02T19:43:00+02:00;54438_G;50;1;0;unknown;0
2025-07-02T19:43:00+02:00;54440_D;50;6;0;unknown;0
2025-07-02T19:43:00+02:00;54440_G;35;8;27;heavy;1
2025-07-02T19:43:00+02:00;54444_D;50;1;0;unknown;0
2025-07-02T19:43:00+02:00;54444_G;35;1;27;heavy;1
2025-07-02T19:43:00+02:00;54447_D;50;11;0;unknown;0
2025-07-02T19:43:00+02:00;54447_G;50;11;0;unknown;0
2025-07-02T19:43:00+02:00;54448_D;50;3;0;unknown;0
2025-07-02T19:43:00+02:00;54448_G;5;32;12;congested;1
2025-07-02T19:43:00+02:00;54449_D;50;10;0;unknown;0
2025-07-02T19:43:00+02:00;54449_G;39;13;10;freeFlow;1
2025-07-02T19:43:00+02:00;54453_D;50;3;0;unknown;0
2025-07-02T19:43:00+02:00;54453_G;46;3;10;freeFlow;1
2025-07-02T19:43:00+02:00;54455;45;2;10;freeFlow;1
2025-07-02T19:43:00+02:00;54457;45;9;10;freeFlow;1
2025-07-02T19:43:00+02:00;54460;50;6;0;unknown;0
2025-07-02T19:43:00+02:00;54463_D;45;7;0;unknown;0
2025-07-02T19:43:00+02:00;54463_G;26;12;0;unknown;0
2025-07-02T19:43:00+02:00;54466_D;10;69;0;unknown;0
2025-07-02T19:43:00+02:00;54466_G;50;16;0;unknown;0
2025-07-02T19:43:00+02:00;54469;41;3;75;freeFlow;2
2025-07-02T19:43:00+02:00;54471;50;9;0;unknown;0
2025-07-02T19:43:00+02:00;54472;19;22;50;heavy;2
2025-07-02T19:43:00+02:00;54473;33;1;35;freeFlow;1
2025-07-02T19:43:00+02:00;54483;35;43;60;heavy;1
2025-07-02T19:43:00+02:00;54489;32;1;22;heavy;1
2025-07-02T19:43:00+02:00;54490;27;7;22;heavy;1
2025-07-02T19:43:00+02:00;54492;28;6;25;heavy;1
2025-07-02T19:43:00+02:00;54505;52;15;52;freeFlow;1
2025-07-02T19:43:00+02:00;54509;26;11;0;unknown;0
2025-07-02T19:43:00+02:00;54518;52;3;52;freeFlow;1
2025-07-02T19:43:00+02:00;54522;52;2;52;freeFlow;1
2025-07-02T19:43:00+02:00;54523;30;3;0;unknown;0
2025-07-02T19:43:00+02:00;54524;30;1;0;unknown;0
2025-07-02T19:43:00+02:00;54580_D;29;19;60;heavy;1
2025-07-02T19:43:00+02:00;54877;19;39;60;heavy;1
2025-07-02T19:43:00+02:00;54879;25;29;53;heavy;2
2025-07-02T19:43:00+02:00;54880_D;50;20;0;unknown;0
2025-07-02T19:43:00+02:00;54880_G;28;35;60;heavy;1
2025-07-02T19:43:00+02:00;54882;28;2;60;freeFlow;1
2025-07-02T19:43:00+02:00;54883;28;2;60;freeFlow;1
2025-07-02T19:43:00+02:00;54884;47;1;52;freeFlow;1
2025-07-02T19:43:00+02:00;54885;47;0;52;freeFlow;1
2025-07-02T19:43:00+02:00;54886;47;2;52;freeFlow;1
2025-07-02T19:43:00+02:00;54887;18;4;60;heavy;1
2025-07-02T19:43:00+02:00;54888;18;1;60;heavy;1
2025-07-02T19:43:00+02:00;54889;22;2;60;freeFlow;1
2025-07-02T19:43:00+02:00;54988;36;3;100;heavy;4
2025-07-02T19:43:00+02:00;54989;46;37;100;heavy;3
2025-07-02T19:43:00+02:00;54990;59;2;52;freeFlow;1
2025-07-02T19:43:00+02:00;54991;59;29;38;freeFlow;1
2025-07-02T19:43:00+02:00;55467_D;36;18;55;freeFlow;1
2025-07-02T19:43:00+02:00;55467_G;28;21;60;heavy;1
2025-07-02T19:43:00+02:00;55570_D;50;3;0;unknown;0
2025-07-02T19:43:00+02:00;55570_G;47;3;40;freeFlow;1
2025-07-02T19:43:00+02:00;55589_D;30;8;0;unknown;0
2025-07-02T19:43:00+02:00;55589_G;32;7;60;freeFlow;1
2025-07-02T19:43:00+02:00;55591;50;1;0;unknown;0
2025-07-02T19:43:00+02:00;55592;32;2;60;heavy;1
2025-07-02T19:43:00+02:00;55593;32;2;60;heavy;1
2025-07-02T19:43:00+02:00;55595;31;1;75;heavy;2
2025-07-02T19:43:00+02:00;55596;31;1;60;heavy;1
2025-07-02T19:43:00+02:00;55597;31;2;60;heavy;1
2025-07-02T19:43:00+02:00;55702;50;6;0;unknown;0
2025-07-02T19:43:00+02:00;55704;34;24;0;unknown;0
2025-07-02T19:43:00+02:00;5576_D;6;51;53;congested;2
2025-07-02T19:43:00+02:00;5576_G;8;43;75;congested;2
2025-07-02T19:43:00+02:00;55881;34;1;35;heavy;1
2025-07-02T19:43:00+02:00;55900;4;23;60;congested;2
2025-07-02T19:43:00+02:00;55929_D;43;10;100;freeFlow;3
2025-07-02T19:43:00+02:00;55929_G;41;10;60;freeFlow;1
2025-07-02T19:43:00+02:00;55976;28;5;57;heavy;1
2025-07-02T19:43:00+02:00;56024;15;66;73;heavy;2
2025-07-02T19:43:00+02:00;56131;25;5;32;heavy;1
2025-07-02T19:43:00+02:00;56257;39;5;32;freeFlow;1
2025-07-02T19:43:00+02:00;563566;28;5;25;heavy;1
2025-07-02T19:43:00+02:00;563571;29;9;25;heavy;1
2025-07-02T19:43:00+02:00;563844_D;28;31;52;heavy;1
2025-07-02T19:43:00+02:00;563844_G;62;14;55;freeFlow;1
2025-07-02T19:43:00+02:00;563846;59;5;60;freeFlow;1
2025-07-02T19:43:00+02:00;563903_D;50;34;0;unknown;0
2025-07-02T19:43:00+02:00;563903_G;21;82;32;heavy;2
2025-07-02T19:43:00+02:00;564067_D;66;19;60;freeFlow;1
2025-07-02T19:43:00+02:00;564067_G;72;18;60;freeFlow;1
2025-07-02T19:43:00+02:00;564195_D;22;20;45;heavy;1
2025-07-02T19:43:00+02:00;564195_G;6;71;15;congested;1
2025-07-02T19:43:00+02:00;56441;23;10;60;heavy;1
2025-07-02T19:43:00+02:00;5651;43;1;60;freeFlow;1
2025-07-02T19:43:00+02:00;5652;36;1;30;freeFlow;1
2025-07-02T19:43:00+02:00;565232;35;3;27;freeFlow;1
2025-07-02T19:43:00+02:00;5653;43;1;60;freeFlow;1
2025-07-02T19:43:00+02:00;565374;56;37;57;freeFlow;1
2025-07-02T19:43:00+02:00;565376;35;60;100;heavy;3
2025-07-02T19:43:00+02:00;565393;92;51;57;freeFlow;2
2025-07-02T19:43:00+02:00;5654;18;2;45;heavy;2
2025-07-02T19:43:00+02:00;565682_D;51;18;60;freeFlow;1
2025-07-02T19:43:00+02:00;565682_G;49;19;60;freeFlow;1
2025-07-02T19:43:00+02:00;565731_D;33;3;0;unknown;0
2025-07-02T19:43:00+02:00;565731_G;40;2;100;freeFlow;3
2025-07-02T19:43:00+02:00;565732;72;1;100;freeFlow;6
2025-07-02T19:43:00+02:00;56584;38;6;57;freeFlow;1
2025-07-02T19:43:00+02:00;565854;54;18;100;freeFlow;4
2025-07-02T19:43:00+02:00;566176_D;46;24;52;heavy;1
2025-07-02T19:43:00+02:00;566176_G;58;19;42;freeFlow;1
2025-07-02T19:43:00+02:00;56619_D;17;23;75;heavy;2
2025-07-02T19:43:00+02:00;56619_G;85;5;60;freeFlow;1
2025-07-02T19:43:00+02:00;566287_D;39;13;27;freeFlow;1
2025-07-02T19:43:00+02:00;566287_G;30;16;0;unknown;0
2025-07-02T19:43:00+02:00;566302_D;41;1;42;freeFlow;1
2025-07-02T19:43:00+02:00;566302_G;34;1;52;heavy;1
2025-07-02T19:43:00+02:00;566303_D;45;16;60;freeFlow;1
2025-07-02T19:43:00+02:00;566303_G;41;18;52;freeFlow;1
2025-07-02T19:43:00+02:00;5663_D;44;59;45;heavy;2
2025-07-02T19:43:00+02:00;5663_G;70;37;60;freeFlow;1
2025-07-02T19:43:00+02:00;566407_D;30;3;0;unknown;0
2025-07-02T19:43:00+02:00;566407_G;25;3;60;freeFlow;1
2025-07-02T19:43:00+02:00;566417_D;30;5;0;unknown;0
2025-07-02T19:43:00+02:00;566417_G;25;6;60;freeFlow;1
2025-07-02T19:43:00+02:00;566419;32;1;60;heavy;1
2025-07-02T19:43:00+02:00;566481;39;2;75;freeFlow;2
2025-07-02T19:43:00+02:00;566482;78;1;60;freeFlow;1
2025-07-02T19:43:00+02:00;566483;95;119;100;freeFlow;9
2025-07-02T19:43:00+02:00;566484;78;0;60;freeFlow;1
2025-07-02T19:43:00+02:00;5664_D;85;2;60;freeFlow;1
2025-07-02T19:43:00+02:00;5664_G;75;2;27;freeFlow;1
2025-07-02T19:43:00+02:00;566573_D;33;3;60;heavy;1
2025-07-02T19:43:00+02:00;566573_G;85;1;60;freeFlow;1
2025-07-02T19:43:00+02:00;566599_D;41;1;60;freeFlow;1
2025-07-02T19:43:00+02:00;566599_G;40;1;52;freeFlow;1
2025-07-02T19:43:00+02:00;566706_D;50;3;0;unknown;0
2025-07-02T19:43:00+02:00;566706_G;38;5;38;freeFlow;1
2025-07-02T19:43:00+02:00;56676_G;37;6;48;freeFlow;1
2025-07-02T19:43:00+02:00;566850;39;3;73;freeFlow;2
2025-07-02T19:43:00+02:00;566924_D;35;9;0;unknown;0
2025-07-02T19:43:00+02:00;566924_G;50;6;0;unknown;0
2025-07-02T19:43:00+02:00;566942;19;2;45;heavy;1
2025-07-02T19:43:00+02:00;56872;76;27;100;freeFlow;8
2025-07-02T19:43:00+02:00;56874;78;6;100;freeFlow;8
2025-07-02T19:43:00+02:00;56886;43;60;58;freeFlow;1
2025-07-02T19:43:00+02:00;56914;66;2;75;freeFlow;2
2025-07-02T19:43:00+02:00;56926;96;3;100;freeFlow;7
2025-07-02T19:43:00+02:00;57009;83;4;100;freeFlow;9
2025-07-02T19:43:00+02:00;57011;83;8;100;freeFlow;7
2025-07-02T19:43:00+02:00;57012;55;7;60;freeFlow;1
2025-07-02T19:43:00+02:00;57082_D;59;5;50;freeFlow;1
2025-07-02T19:43:00+02:00;57360_D;36;4;45;freeFlow;1
2025-07-02T19:43:00+02:00;57360_G;50;4;22;freeFlow;1
2025-07-02T19:43:00+02:00;57362_D;36;3;45;freeFlow;1
2025-07-02T19:43:00+02:00;57362_G;50;2;22;freeFlow;1
2025-07-02T19:43:00+02:00;57368_D;36;6;45;freeFlow;1
2025-07-02T19:43:00+02:00;57368_G;36;6;25;freeFlow;1
2025-07-02T19:43:00+02:00;57378_D;50;3;0;unknown;0
2025-07-02T19:43:00+02:00;57378_G;32;4;60;heavy;1
2025-07-02T19:43:00+02:00;62549;44;1;60;freeFlow;1
2025-07-02T19:43:00+02:00;62550;24;3;60;heavy;1
2025-07-02T19:43:00+02:00;62617_D;50;9;0;unknown;0
2025-07-02T19:43:00+02:00;62617_G;32;15;60;heavy;1
2025-07-02T19:43:00+02:00;62948_D;8;20;60;congested;1
2025-07-02T19:43:00+02:00;62948_G;34;5;52;freeFlow;1
2025-07-02T19:43:00+02:00;63039;49;3;100;freeFlow;5
2025-07-02T19:43:00+02:00;63203_D;48;16;35;freeFlow;1
2025-07-02T19:43:00+02:00;63203_G;38;21;60;freeFlow;1
2025-07-02T19:43:00+02:00;63308;33;3;100;heavy;3
2025-07-02T19:43:00+02:00;63895_D;20;7;75;heavy;2
2025-07-02T19:43:00+02:00;63895_G;30;5;0;unknown;0
2025-07-02T19:43:00+02:00;63903;9;15;100;congested;4
2025-07-02T19:43:00+02:00;63917;75;2;60;freeFlow;1
2025-07-02T19:43:00+02:00;63954_D;39;5;60;freeFlow;1
2025-07-02T19:43:00+02:00;63954_G;34;4;55;freeFlow;1
2025-07-02T19:43:00+02:00;63961_D;33;1;57;freeFlow;1
2025-07-02T19:43:00+02:00;63961_G;29;2;60;freeFlow;1
2025-07-02T19:43:00+02:00;63963_D;33;14;0;unknown;0
2025-07-02T19:43:00+02:00;63963_G;31;15;100;freeFlow;3
2025-07-02T19:43:00+02:00;63974;26;15;52;heavy;1
2025-07-02T19:43:00+02:00;64028;50;2;0;unknown;0
2025-07-02T19:43:00+02:00;64029;49;3;100;heavy;4
2025-07-02T19:43:00+02:00;64033;47;3;100;freeFlow;4
2025-07-02T19:43:00+02:00;64034;47;2;100;freeFlow;6
2025-07-02T19:43:00+02:00;64035;47;2;100;freeFlow;4
2025-07-02T19:43:00+02:00;64104_D;50;2;0;unknown;0
2025-07-02T19:43:00+02:00;64104_G;50;2;0;unknown;0
2025-07-02T19:43:00+02:00;6421;113;21;65;freeFlow;2
2025-07-02T19:43:00+02:00;6422;119;5;40;freeFlow;1
2025-07-02T19:43:00+02:00;6423;78;18;57;freeFlow;1
2025-07-02T19:43:00+02:00;6424;86;35;64;freeFlow;2
2025-07-02T19:43:00+02:00;64792_D;51;13;60;freeFlow;1
2025-07-02T19:43:00+02:00;64792_G;46;15;50;freeFlow;1
2025-07-02T19:43:00+02:00;64862_D;7;67;55;congested;1
2025-07-02T19:43:00+02:00;64862_G;27;19;35;heavy;1
2025-07-02T19:43:00+02:00;65281;36;3;52;freeFlow;1
2025-07-02T19:43:00+02:00;65283;37;3;52;freeFlow;1
2025-07-02T19:43:00+02:00;65293;37;5;52;freeFlow;1
2025-07-02T19:43:00+02:00;65961_D;51;26;60;freeFlow;1
2025-07-02T19:43:00+02:00;65961_G;43;32;50;freeFlow;1
2025-07-02T19:43:00+02:00;65966_D;38;1;60;freeFlow;1
2025-07-02T19:43:00+02:00;65966_G;26;2;50;heavy;1
2025-07-02T19:43:00+02:00;66020;43;1;100;heavy;7
2025-07-02T19:43:00+02:00;6615_D;53;11;60;heavy;1
2025-07-02T19:43:00+02:00;6615_G;55;10;60;heavy;1
2025-07-02T19:43:00+02:00;6616;42;2;60;heavy;1
2025-07-02T19:43:00+02:00;6619;40;3;74;heavy;2
2025-07-02T19:43:00+02:00;6620;47;5;75;heavy;2
2025-07-02T19:43:00+02:00;6621;50;2;60;heavy;1
2025-07-02T19:43:00+02:00;6622;41;2;57;heavy;2
2025-07-02T19:43:00+02:00;6623;37;1;35;heavy;1
2025-07-02T19:43:00+02:00;6628_D;62;14;60;freeFlow;1
2025-07-02T19:43:00+02:00;6628_G;50;17;0;unknown;0
2025-07-02T19:43:00+02:00;6629_D;35;28;60;freeFlow;1
2025-07-02T19:43:00+02:00;6629_G;50;19;0;unknown;0
2025-07-02T19:43:00+02:00;6643;53;13;60;heavy;1
2025-07-02T19:43:00+02:00;6644;46;15;35;heavy;1
2025-07-02T19:43:00+02:00;6645;35;2;60;heavy;1
2025-07-02T19:43:00+02:00;6646;35;2;60;heavy;1
2025-07-02T19:43:00+02:00;6647;35;1;60;heavy;1
2025-07-02T19:43:00+02:00;6648;40;2;75;freeFlow;2
2025-07-02T19:43:00+02:00;6649;40;2;75;freeFlow;2
2025-07-02T19:43:00+02:00;6650;45;4;75;freeFlow;2
2025-07-02T19:43:00+02:00;6651;42;4;89;freeFlow;3
2025-07-02T19:43:00+02:00;6669_D;68;74;60;freeFlow;1
2025-07-02T19:43:00+02:00;6669_G;51;98;36;heavy;2
2025-07-02T19:43:00+02:00;67069;67;3;100;freeFlow;3
2025-07-02T19:43:00+02:00;67223_D;33;2;57;freeFlow;1
2025-07-02T19:43:00+02:00;67223_G;23;3;57;freeFlow;1
2025-07-02T19:43:00+02:00;67229_D;34;12;100;freeFlow;6
2025-07-02T19:43:00+02:00;67229_G;45;9;60;freeFlow;2
2025-07-02T19:43:00+02:00;6723;119;7;40;freeFlow;1
2025-07-02T19:43:00+02:00;67324_D;61;16;60;freeFlow;1
2025-07-02T19:43:00+02:00;67324_G;56;17;60;freeFlow;1
2025-07-02T19:43:00+02:00;67330;35;2;25;freeFlow;1
2025-07-02T19:43:00+02:00;67332;43;2;60;freeFlow;1
2025-07-02T19:43:00+02:00;67334;35;1;25;freeFlow;1
2025-07-02T19:43:00+02:00;67340;33;2;30;freeFlow;1
2025-07-02T19:43:00+02:00;67341;39;8;32;freeFlow;1
2025-07-02T19:43:00+02:00;67344;33;6;60;freeFlow;1
2025-07-02T19:43:00+02:00;67352_D;51;7;32;freeFlow;1
2025-07-02T19:43:00+02:00;67352_G;33;11;60;freeFlow;1
2025-07-02T19:43:00+02:00;67380_D;38;22;60;freeFlow;1
2025-07-02T19:43:00+02:00;67380_G;48;17;12;freeFlow;1
2025-07-02T19:43:00+02:00;67385;29;4;60;heavy;1
2025-07-02T19:43:00+02:00;67389_D;33;2;60;heavy;1
2025-07-02T19:43:00+02:00;67389_G;41;2;35;freeFlow;1
2025-07-02T19:43:00+02:00;67390;29;3;75;heavy;2
2025-07-02T19:43:00+02:00;67391;31;5;75;heavy;2
2025-07-02T19:43:00+02:00;67392;41;4;35;freeFlow;1
2025-07-02T19:43:00+02:00;67511_D;30;4;0;unknown;0
2025-07-02T19:43:00+02:00;67511_G;38;3;60;freeFlow;1
2025-07-02T19:43:00+02:00;67514_D;30;6;0;unknown;0
2025-07-02T19:43:00+02:00;67514_G;38;5;60;freeFlow;1
2025-07-02T19:43:00+02:00;67611;30;6;0;unknown;0
2025-07-02T19:43:00+02:00;67816;33;1;0;unknown;0
2025-07-02T19:43:00+02:00;67819_D;33;1;0;unknown;0
2025-07-02T19:43:00+02:00;67819_G;34;1;100;freeFlow;3
2025-07-02T19:43:00+02:00;67820;33;1;0;unknown;0
2025-07-02T19:43:00+02:00;67821;33;2;100;freeFlow;3
2025-07-02T19:43:00+02:00;67823;30;8;0;unknown;0
2025-07-02T19:43:00+02:00;67824;41;12;30;freeFlow;1
2025-07-02T19:43:00+02:00;67829;32;16;75;heavy;2
2025-07-02T19:43:00+02:00;67892_D;28;9;60;heavy;1
2025-07-02T19:43:00+02:00;67892_G;50;5;12;freeFlow;1
2025-07-02T19:43:00+02:00;68069;52;8;52;freeFlow;1
2025-07-02T19:43:00+02:00;68070;52;1;52;freeFlow;1
2025-07-02T19:43:00+02:00;68815;11;10;68;congested;2
2025-07-02T19:43:00+02:00;69060;30;3;0;unknown;0
2025-07-02T19:43:00+02:00;69061;32;4;60;freeFlow;1
2025-07-02T19:43:00+02:00;69062;30;2;0;unknown;0
2025-07-02T19:43:00+02:00;69063;32;1;60;freeFlow;1
2025-07-02T19:43:00+02:00;69064_D;30;1;0;unknown;0
2025-07-02T19:43:00+02:00;69064_G;32;1;60;freeFlow;1
2025-07-02T19:43:00+02:00;69270_D;27;4;60;heavy;1
2025-07-02T19:43:00+02:00;69270_G;50;1;0;unknown;0
2025-07-02T19:43:00+02:00;69277;32;3;60;freeFlow;1
2025-07-02T19:43:00+02:00;69464;32;1;60;freeFlow;1
2025-07-02T19:43:00+02:00;69467;32;1;60;freeFlow;1
2025-07-02T19:43:00+02:00;69493;54;12;58;freeFlow;1
2025-07-02T19:43:00+02:00;69495;32;12;60;heavy;1
2025-07-02T19:43:00+02:00;69591;12;23;60;congested;1
2025-07-02T19:43:00+02:00;69673;21;16;63;heavy;2
2025-07-02T19:43:00+02:00;69878;57;15;100;freeFlow;6
2025-07-02T19:43:00+02:00;71197_D;80;14;0;unknown;0
2025-07-02T19:43:00+02:00;71197_G;28;41;75;heavy;2
2025-07-02T19:43:00+02:00;71455_D;50;3;0;unknown;0
2025-07-02T19:43:00+02:00;71492_D;22;8;45;heavy;1
2025-07-02T19:43:00+02:00;71492_G;21;9;75;heavy;2
2025-07-02T19:43:00+02:00;71493_D;52;6;75;freeFlow;2
2025-07-02T19:43:00+02:00;71493_G;17;18;22;heavy;1
2025-07-02T19:43:00+02:00;71494;40;4;75;freeFlow;2
2025-07-02T19:43:00+02:00;71496;15;16;22;heavy;1
2025-07-02T19:43:00+02:00;71497;46;2;75;freeFlow;2
2025-07-02T19:43:00+02:00;71504_D;37;1;75;freeFlow;2
2025-07-02T19:43:00+02:00;71504_G;8;4;22;congested;1
2025-07-02T19:43:00+02:00;71508_D;22;21;45;heavy;1
2025-07-02T19:43:00+02:00;71508_G;26;19;17;heavy;1
2025-07-02T19:43:00+02:00;71509_D;85;12;75;freeFlow;2
2025-07-02T19:43:00+02:00;71509_G;64;16;20;freeFlow;1
2025-07-02T19:43:00+02:00;71554_D;56;4;75;freeFlow;2
2025-07-02T19:43:00+02:00;71554_G;34;7;52;heavy;1
2025-07-02T19:43:00+02:00;71555_D;32;4;60;heavy;1
2025-07-02T19:43:00+02:00;71555_G;22;5;55;heavy;1
2025-07-02T19:43:00+02:00;71661;27;10;50;heavy;1
2025-07-02T19:43:00+02:00;71668;77;8;55;freeFlow;1
2025-07-02T19:43:00+02:00;72425;101;12;75;freeFlow;2
2025-07-02T19:43:00+02:00;72487_D;72;35;25;freeFlow;1
2025-07-02T19:43:00+02:00;72842_D;75;15;45;freeFlow;1
2025-07-02T19:43:00+02:00;72842_G;50;22;22;freeFlow;1
2025-07-02T19:43:00+02:00;72940_D;50;24;0;unknown;0
2025-07-02T19:43:00+02:00;72940_G;50;23;0;unknown;0
2025-07-02T19:43:00+02:00;73636;22;7;55;heavy;1
2025-07-02T19:43:00+02:00;74067;47;2;55;heavy;1
2025-07-02T19:43:00+02:00;74454;40;1;60;heavy;1
2025-07-02T19:43:00+02:00;74457_D;67;15;60;freeFlow;1
2025-07-02T19:43:00+02:00;74457_G;53;19;60;freeFlow;1
2025-07-02T19:43:00+02:00;74459;40;1;60;heavy;1
2025-07-02T19:43:00+02:00;74460;53;1;60;freeFlow;1
2025-07-02T19:43:00+02:00;74461;48;1;60;heavy;1
2025-07-02T19:43:00+02:00;74688_D;50;18;32;freeFlow;1
2025-07-02T19:43:00+02:00;74688_G;50;18;0;unknown;0
2025-07-02T19:43:00+02:00;74748_D;53;6;25;heavy;1
2025-07-02T19:43:00+02:00;74748_G;73;4;60;freeFlow;1
2025-07-02T19:43:00+02:00;75340;14;4;32;congested;2
2025-07-02T19:43:00+02:00;75343_D;30;12;0;unknown;0
2025-07-02T19:43:00+02:00;75343_G;15;23;32;heavy;2
2025-07-02T19:43:00+02:00;75344;13;5;32;congested;2
2025-07-02T19:43:00+02:00;75346;50;1;0;unknown;0
2025-07-02T19:43:00+02:00;75347_D;26;3;20;heavy;1
2025-07-02T19:43:00+02:00;75347_G;50;1;0;unknown;0
2025-07-02T19:43:00+02:00;75348;28;1;35;heavy;2
2025-07-02T19:43:00+02:00;75353;28;1;35;heavy;2
2025-07-02T19:43:00+02:00;75356_D;50;10;0;unknown;0
2025-07-02T19:43:00+02:00;75356_G;23;23;35;heavy;2
2025-07-02T19:43:00+02:00;75358;28;2;35;heavy;2
2025-07-02T19:43:00+02:00;75359;50;1;0;unknown;0
2025-07-02T19:43:00+02:00;75385;30;2;38;heavy;1
2025-07-02T19:43:00+02:00;75533_D;82;0;25;freeFlow;1
2025-07-02T19:43:00+02:00;75533_G;107;0;22;freeFlow;1
2025-07-02T19:43:00+02:00;75630;69;22;57;freeFlow;2
2025-07-02T19:43:00+02:00;75810;74;10;60;freeFlow;1
2025-07-02T19:43:00+02:00;75811;119;4;60;freeFlow;1
2025-07-02T19:43:00+02:00;75812;79;5;100;freeFlow;7
2025-07-02T19:43:00+02:00;75813;79;3;100;freeFlow;8
2025-07-02T19:43:00+02:00;75814;86;3;100;freeFlow;6
2025-07-02T19:43:00+02:00;75815;78;17;100;freeFlow;8
2025-07-02T19:43:00+02:00;75816;67;3;75;freeFlow;2
2025-07-02T19:43:00+02:00;75819_D;51;4;10;freeFlow;1
2025-07-02T19:43:00+02:00;75819_G;52;4;75;freeFlow;2
2025-07-02T19:43:00+02:00;75821;92;3;100;freeFlow;5
2025-07-02T19:43:00+02:00;75823;93;5;100;freeFlow;6
2025-07-02T19:43:00+02:00;75841;56;6;63;freeFlow;2
2025-07-02T19:43:00+02:00;75842;39;10;60;freeFlow;1
2025-07-02T19:43:00+02:00;75855;89;1;55;freeFlow;1
2025-07-02T19:43:00+02:00;75858;48;2;75;heavy;2
2025-07-02T19:43:00+02:00;75859;48;4;75;heavy;2
2025-07-02T19:43:00+02:00;75860;42;4;100;heavy;5
2025-07-02T19:43:00+02:00;75861;58;1;100;freeFlow;4
2025-07-02T19:43:00+02:00;75862;37;5;75;heavy;2
2025-07-02T19:43:00+02:00;75863;34;2;60;heavy;1
2025-07-02T19:43:00+02:00;75864;104;1;57;freeFlow;1
2025-07-02T19:43:00+02:00;75865;104;1;57;freeFlow;1
2025-07-02T19:43:00+02:00;75866;72;12;100;freeFlow;5
2025-07-02T19:43:00+02:00;75867;94;12;100;freeFlow;4
2025-07-02T19:43:00+02:00;75869;88;60;100;freeFlow;9
2025-07-02T19:43:00+02:00;75873_D;66;9;32;freeFlow;1
2025-07-02T19:43:00+02:00;75873_G;30;16;0;unknown;0
2025-07-02T19:43:00+02:00;75874_D;66;6;32;freeFlow;1
2025-07-02T19:43:00+02:00;75874_G;50;8;0;unknown;0
2025-07-02T19:43:00+02:00;75875;62;5;100;freeFlow;3
2025-07-02T19:43:00+02:00;75876;61;8;100;freeFlow;3
2025-07-02T19:43:00+02:00;75877;50;17;0;unknown;0
2025-07-02T19:43:00+02:00;75878;71;11;60;freeFlow;1
2025-07-02T19:43:00+02:00;75879;119;2;60;freeFlow;1
2025-07-02T19:43:00+02:00;75880;108;8;57;freeFlow;1
2025-07-02T19:43:00+02:00;75882;119;8;100;freeFlow;4
2025-07-02T19:43:00+02:00;75883;90;4;100;freeFlow;8
2025-07-02T19:43:00+02:00;75884;61;7;100;heavy;9
2025-07-02T19:43:00+02:00;75885;82;3;100;freeFlow;8
2025-07-02T19:43:00+02:00;75886;79;8;100;freeFlow;9
2025-07-02T19:43:00+02:00;75911;37;8;60;freeFlow;1
2025-07-02T19:43:00+02:00;75912;41;7;75;freeFlow;2
2025-07-02T19:43:00+02:00;76094;31;18;73;heavy;2
2025-07-02T19:43:00+02:00;7864_D;69;52;67;freeFlow;2
2025-07-02T19:43:00+02:00;7864_G;70;52;58;freeFlow;1
2025-07-02T19:43:00+02:00;790_D;66;12;52;freeFlow;1
2025-07-02T19:43:00+02:00;790_G;65;12;48;freeFlow;1
2025-07-02T19:43:00+02:00;791_D;59;15;93;freeFlow;4
2025-07-02T19:43:00+02:00;791_G;14;60;48;congested;1
2025-07-02T19:43:00+02:00;7936;119;6;40;freeFlow;1
2025-07-02T19:43:00+02:00;7937;119;18;40;freeFlow;1
2025-07-02T19:43:00+02:00;7938;81;37;57;freeFlow;1
2025-07-02T19:43:00+02:00;7995_D;63;17;60;freeFlow;1
2025-07-02T19:43:00+02:00;7995_G;71;14;60;freeFlow;1
2025-07-02T19:43:00+02:00;862_D;68;16;45;freeFlow;1
2025-07-02T19:43:00+02:00;862_G;71;15;55;freeFlow;1
2025-07-02T19:43:00+02:00;863_D;69;10;45;freeFlow;1
2025-07-02T19:43:00+02:00;863_G;38;18;55;heavy;1
2025-07-02T19:43:00+02:00;8745;36;6;57;freeFlow;1
2025-07-02T19:43:00+02:00;8962;94;23;100;freeFlow;4
2025-07-02T19:43:00+02:00;8963_D;67;7;60;freeFlow;1
2025-07-02T19:43:00+02:00;8963_G;78;5;52;freeFlow;1
2025-07-02T19:43:00+02:00;8966;73;16;100;heavy;4
2025-07-02T19:43:00+02:00;8969;94;14;100;freeFlow;8
2025-07-02T19:43:00+02:00;8970;93;16;100;freeFlow;8
2025-07-02T19:43:00+02:00;8971;90;23;100;freeFlow;8
2025-07-02T19:43:00+02:00;8974_D;50;5;60;freeFlow;1
2025-07-02T19:43:00+02:00;8974_G;62;4;88;freeFlow;3
2025-07-02T19:43:00+02:00;8976_D;51;7;60;freeFlow;1
2025-07-02T19:43:00+02:00;8976_G;67;5;60;freeFlow;1
2025-07-02T19:43:00+02:00;8977_D;65;5;99;freeFlow;3
2025-07-02T19:43:00+02:00;8977_G;67;4;60;freeFlow;1
2025-07-02T19:43:00+02:00;8978;69;19;100;heavy;3
2025-07-02T19:43:00+02:00;9040;81;11;48;freeFlow;1
2025-07-02T19:43:00+02:00;9041;37;5;52;freeFlow;1
2025-07-02T19:43:00+02:00;9042;30;3;50;heavy;1
2025-07-02T19:43:00+02:00;9043;37;5;52;freeFlow;1
2025-07-02T19:43:00+02:00;9044;47;3;52;freeFlow;1
2025-07-02T19:43:00+02:00;9045;50;2;0;unknown;0
2025-07-02T19:43:00+02:00;9046;41;2;50;freeFlow;1
2025-07-02T19:43:00+02:00;9047;41;2;50;freeFlow;1
2025-07-02T19:43:00+02:00;9048;49;11;55;heavy;1
2025-07-02T19:43:00+02:00;9049;42;4;52;freeFlow;1
2025-07-02T19:43:00+02:00;9050;40;2;73;freeFlow;2
2025-07-02T19:43:00+02:00;9051;21;7;73;heavy;2
2025-07-02T19:43:00+02:00;9052;50;2;0;unknown;0
2025-07-02T19:43:00+02:00;9053;35;3;50;freeFlow;1
2025-07-02T19:43:00+02:00;9054;50;12;52;freeFlow;1
2025-07-02T19:43:00+02:00;9055;39;16;50;freeFlow;1
2025-07-02T19:43:00+02:00;9057_D;70;7;50;freeFlow;1
2025-07-02T19:43:00+02:00;9057_G;83;6;55;freeFlow;1
2025-07-02T19:43:00+02:00;9058_D;67;21;50;freeFlow;1
2025-07-02T19:43:00+02:00;9058_G;72;19;55;freeFlow;1
2025-07-02T19:43:00+02:00;9059_D;60;10;50;freeFlow;1
2025-07-02T19:43:00+02:00;9059_G;72;9;55;freeFlow;1
2025-07-02T19:43:00+02:00;9060;44;4;60;heavy;2
2025-07-02T19:43:00+02:00;9061;29;5;70;heavy;2
2025-07-02T19:43:00+02:00;9062;39;5;55;heavy;1
2025-07-02T19:43:00+02:00;9063;18;6;58;congested;2
2025-07-02T19:43:00+02:00;9068_D;37;49;72;heavy;2
2025-07-02T19:43:00+02:00;9068_G;65;28;67;freeFlow;2
2025-07-02T19:43:00+02:00;9070_D;69;30;73;freeFlow;2
2025-07-02T19:43:00+02:00;9070_G;79;26;73;freeFlow;2
2025-07-02T19:43:00+02:00;9073;31;13;100;heavy;10
2025-07-02T19:43:00+02:00;9074;89;10;100;freeFlow;15
2025-07-02T19:43:00+02:00;9082_D;89;3;60;freeFlow;1
2025-07-02T19:43:00+02:00;9082_G;79;3;60;freeFlow;1
2025-07-02T19:43:00+02:00;9090_D;76;18;72;freeFlow;2
2025-07-02T19:43:00+02:00;9090_G;76;18;65;freeFlow;2
2025-07-02T19:43:00+02:00;9103;42;34;74;heavy;2
2025-07-02T19:43:00+02:00;9108;72;17;57;freeFlow;1
2025-07-02T19:43:00+02:00;9114;35;3;57;heavy;1
2025-07-02T19:43:00+02:00;9115;87;17;48;freeFlow;1
2025-07-02T19:43:00+02:00;9116;82;2;55;freeFlow;1
2025-07-02T19:43:00+02:00;9117;78;7;55;freeFlow;1
2025-07-02T19:43:00+02:00;9133;47;40;97;heavy;4
2025-07-02T19:43:00+02:00;9134;79;19;75;freeFlow;2
2025-07-02T19:43:00+02:00;9177;74;26;50;freeFlow;1
2025-07-02T19:43:00+02:00;9190;52;7;88;heavy;3
2025-07-02T19:43:00+02:00;9199;47;1;55;heavy;1
2025-07-02T19:43:00+02:00;9200;90;2;0;unknown;0
2025-07-02T19:43:00+02:00;9201;47;1;55;heavy;1
2025-07-02T19:43:00+02:00;9202;46;3;48;heavy;1
2025-07-02T19:43:00+02:00;9203;46;2;48;heavy;1
2025-07-02T19:43:00+02:00;9204;46;2;48;heavy;1
2025-07-02T19:43:00+02:00;9213;57;48;64;freeFlow;2
2025-07-02T19:43:00+02:00;9214_D;70;1;0;unknown;0
2025-07-02T19:43:00+02:00;9214_G;70;1;0;unknown;0
2025-07-02T19:43:00+02:00;9215;81;34;48;freeFlow;1
2025-07-02T19:43:00+02:00;9279;103;21;100;freeFlow;8
2025-07-02T19:43:00+02:00;9280;94;26;100;freeFlow;8
2025-07-02T19:43:00+02:00;9343_D;64;19;20;freeFlow;1
2025-07-02T19:43:00+02:00;9343_G;84;14;40;freeFlow;1
2025-07-02T19:43:00+02:00;9344_D;50;12;20;freeFlow;1
2025-07-02T19:43:00+02:00;9344_G;45;13;40;freeFlow;1
2025-07-02T19:43:00+02:00;9345_D;61;13;22;freeFlow;1
2025-07-02T19:43:00+02:00;9345_G;13;67;40;heavy;1
2025-07-02T19:43:00+02:00;9346_D;59;8;22;freeFlow;1
2025-07-02T19:43:00+02:00;9346_G;56;8;38;freeFlow;1
2025-07-02T19:43:00+02:00;9348_D;56;4;22;freeFlow;1
2025-07-02T19:43:00+02:00;9348_G;10;23;38;heavy;1
2025-07-02T19:43:00+02:00;9351_D;90;13;22;freeFlow;1
2025-07-02T19:43:00+02:00;9351_G;26;44;38;heavy;1
2025-07-02T19:43:00+02:00;9370_D;62;13;20;freeFlow;1
2025-07-02T19:43:00+02:00;9370_G;83;10;40;freeFlow;1
2025-07-02T19:43:00+02:00;9371_D;53;12;20;heavy;1
2025-07-02T19:43:00+02:00;9371_G;78;8;40;freeFlow;1
2025-07-02T19:43:00+02:00;9378;43;27;100;heavy;11
2025-07-02T19:43:00+02:00;9379;79;14;100;freeFlow;15
2025-07-02T19:43:00+02:00;9414_D;28;9;60;freeFlow;1
2025-07-02T19:43:00+02:00;9414_G;16;17;48;heavy;1
2025-07-02T19:43:00+02:00;9416_D;40;6;12;freeFlow;1
2025-07-02T19:43:00+02:00;9416_G;39;5;48;freeFlow;1
2025-07-02T19:43:00+02:00;9418_D;40;9;12;freeFlow;1
2025-07-02T19:43:00+02:00;9418_G;33;11;48;freeFlow;1
2025-07-02T19:43:00+02:00;9421;30;4;0;unknown;0
2025-07-02T19:43:00+02:00;9422;40;3;12;freeFlow;1
2025-07-02T19:43:00+02:00;9423;16;7;48;heavy;1
2025-07-02T19:43:00+02:00;9424;16;11;48;heavy;1
2025-07-02T19:43:00+02:00;9425_D;40;4;12;freeFlow;1
2025-07-02T19:43:00+02:00;9425_G;16;8;48;heavy;1
2025-07-02T19:43:00+02:00;9427_D;80;4;0;unknown;0
2025-07-02T19:43:00+02:00;9427_G;80;4;0;unknown;0
2025-07-02T19:43:00+02:00;9434_D;34;23;15;heavy;1
2025-07-02T19:43:00+02:00;9434_G;80;10;0;unknown;0
2025-07-02T19:43:00+02:00;9435_D;80;13;0;unknown;0
2025-07-02T19:43:00+02:00;9435_G;78;13;42;freeFlow;1
2025-07-02T19:43:00+02:00;9437_D;80;14;0;unknown;0
2025-07-02T19:43:00+02:00;9437_G;17;67;41;congested;1
2025-07-02T19:43:00+02:00;9588_D;84;7;60;freeFlow;1
2025-07-02T19:43:00+02:00;9588_G;79;8;60;freeFlow;1
2025-07-02T19:43:00+02:00;9625_D;83;4;60;freeFlow;1
2025-07-02T19:43:00+02:00;9625_G;77;5;60;freeFlow;1
2025-07-02T19:43:00+02:00;9739;28;5;100;heavy;3
2025-07-02T19:43:00+02:00;9740;22;3;100;heavy;3
2025-07-02T19:43:00+02:00;9741;35;2;75;heavy;2
2025-07-02T19:43:00+02:00;9742;34;4;75;heavy;2
2025-07-02T19:43:00+02:00;9745_D;32;4;38;heavy;1
2025-07-02T19:43:00+02:00;9745_G;44;6;63;heavy;2
2025-07-02T19:43:00+02:00;9757_D;43;3;60;heavy;1
2025-07-02T19:43:00+02:00;9757_G;34;3;60;heavy;1
2025-07-02T19:43:00+02:00;9758_D;49;6;60;freeFlow;1
2025-07-02T19:43:00+02:00;9758_G;34;9;60;heavy;1
2025-07-02T19:43:00+02:00;9834_D;80;25;60;freeFlow;1
2025-07-02T19:43:00+02:00;9834_G;64;31;68;freeFlow;2
2025-07-02T19:43:00+02:00;9912;40;4;60;heavy;1
2025-07-02T19:43:00+02:00;9913;40;3;60;heavy;1
2025-07-02T19:43:00+02:00;9914;47;2;75;heavy;2
2025-07-02T19:43:00+02:00;9915;45;3;92;heavy;3
2025-07-02T19:43:00+02:00;9916;41;4;60;heavy;1
2025-07-02T19:43:00+02:00;9917_D;43;3;60;heavy;1
2025-07-02T19:43:00+02:00;9917_G;22;6;60;heavy;1
2025-07-02T19:43:00+02:00;9921_D;43;35;65;heavy;2
2025-07-02T19:43:00+02:00;9921_G;54;28;68;freeFlow;2
2025-07-02T19:43:00+02:00;1601981;36;4;100;freeFlow;6
2025-07-02T19:43:00+02:00;1601982;22;41;100;heavy;3
2025-07-02T19:43:00+02:00;1634;65;9;75;freeFlow;2
2025-07-02T19:43:00+02:00;1635;67;2;75;freeFlow;2
2025-07-02T19:43:00+02:00;1636;20;8;50;heavy;1
2025-07-02T19:43:00+02:00;1637;34;3;100;heavy;3
2025-07-02T19:43:00+02:00;1640;43;2;100;heavy;4
2025-07-02T19:43:00+02:00;1641;51;3;100;freeFlow;3
2025-07-02T19:43:00+02:00;1642;46;2;100;heavy;3
2025-07-02T19:43:00+02:00;1678329;27;22;75;heavy;2
2025-07-02T19:43:00+02:00;1680500_D;28;10;22;heavy;1
2025-07-02T19:43:00+02:00;1680500_G;46;6;75;freeFlow;2
2025-07-02T19:43:00+02:00;1680501;49;17;85;freeFlow;6
2025-07-02T19:43:00+02:00;1680580;37;12;60;freeFlow;1
2025-07-02T19:43:00+02:00;1680586;74;2;100;freeFlow;4
2025-07-02T19:43:00+02:00;1680594;74;0;100;freeFlow;4
2025-07-02T19:43:00+02:00;1680595;50;1;0;unknown;0
2025-07-02T19:43:00+02:00;1680596;74;1;100;freeFlow;4
2025-07-02T19:43:00+02:00;1680597;97;0;35;freeFlow;1
2025-07-02T19:43:00+02:00;1680604;44;2;75;freeFlow;2
2025-07-02T19:43:00+02:00;1747_D;40;2;100;freeFlow;4
2025-07-02T19:43:00+02:00;1747_G;32;3;30;heavy;1
2025-07-02T19:43:00+02:00;1762;30;17;32;heavy;1
2025-07-02T19:43:00+02:00;1763;19;29;100;heavy;6
2025-07-02T19:43:00+02:00;1765_D;40;10;75;freeFlow;2
2025-07-02T19:43:00+02:00;1765_G;5;75;25;congested;1
2025-07-02T19:43:00+02:00;1852;39;28;100;heavy;11
2025-07-02T19:43:00+02:00;1857;83;26;100;freeFlow;7
2025-07-02T19:43:00+02:00;1858;33;27;100;heavy;7
2025-07-02T19:43:00+02:00;1859;87;12;100;freeFlow;5
2025-07-02T19:43:00+02:00;1860;67;18;60;freeFlow;1
2025-07-02T19:43:00+02:00;1910718_D;38;3;30;freeFlow;1
2025-07-02T19:43:00+02:00;1910718_G;41;3;55;freeFlow;1
2025-07-02T19:43:00+02:00;1910863_D;47;12;50;freeFlow;1
2025-07-02T19:43:00+02:00;1910863_G;19;30;60;heavy;1
2025-07-02T19:43:00+02:00;1911250;24;10;60;heavy;2
2025-07-02T19:43:00+02:00;35088;82;3;75;freeFlow;2
2025-07-02T19:43:00+02:00;35089;87;3;95;freeFlow;3
2025-07-02T19:43:00+02:00;35090;89;1;55;freeFlow;1
2025-07-02T19:43:00+02:00;35091;82;1;75;freeFlow;2
2025-07-02T19:43:00+02:00;35093;33;9;97;heavy;4
2025-07-02T19:43:00+02:00;35094;82;3;75;freeFlow;2
2025-07-02T19:43:00+02:00;35099;37;3;50;freeFlow;1
2025-07-02T19:43:00+02:00;35101;77;1;75;freeFlow;2
2025-07-02T19:43:00+02:00;35102;65;1;42;freeFlow;1
2025-07-02T19:43:00+02:00;35104;82;32;75;freeFlow;2
2025-07-02T19:43:00+02:00;35116;82;2;75;freeFlow;2
2025-07-02T19:43:00+02:00;35117;36;5;69;freeFlow;2
2025-07-02T19:43:00+02:00;35118;59;3;65;freeFlow;2
2025-07-02T19:43:00+02:00;35119;82;2;75;freeFlow;2
2025-07-02T19:43:00+02:00;35120_D;82;1;75;freeFlow;2
2025-07-02T19:43:00+02:00;35120_G;30;3;60;heavy;1
2025-07-02T19:43:00+02:00;35121_D;81;26;75;freeFlow;2
2025-07-02T19:43:00+02:00;35121_G;36;57;71;freeFlow;2
2025-07-02T19:43:00+02:00;40196;57;4;100;heavy;4
2025-07-02T19:43:00+02:00;40197;66;4;68;freeFlow;4
2025-07-02T19:43:00+02:00;41636_D;20;8;100;heavy;4
2025-07-02T19:43:00+02:00;41636_G;34;5;35;heavy;1
2025-07-02T19:43:00+02:00;41652_G;45;5;35;freeFlow;1
2025-07-02T19:43:00+02:00;41653_D;26;3;100;heavy;3
2025-07-02T19:43:00+02:00;41653_G;28;3;35;heavy;1
2025-07-02T19:43:00+02:00;41667_D;21;7;100;heavy;3
2025-07-02T19:43:00+02:00;41667_G;50;3;0;unknown;0
2025-07-02T19:43:00+02:00;41668_D;25;2;75;heavy;2
2025-07-02T19:43:00+02:00;41668_G;29;2;52;heavy;1
2025-07-02T19:43:00+02:00;41721;96;11;100;freeFlow;6
2025-07-02T19:43:00+02:00;41722;98;12;100;freeFlow;6
2025-07-02T19:43:00+02:00;41758;87;15;100;freeFlow;9
2025-07-02T19:43:00+02:00;41759;66;21;100;freeFlow;9
2025-07-02T19:43:00+02:00;41760;85;16;100;freeFlow;7
2025-07-02T19:43:00+02:00;41949_D;13;20;30;congested;1
2025-07-02T19:43:00+02:00;41949_G;25;10;55;heavy;1
2025-07-02T19:43:00+02:00;41974_D;19;12;0;unknown;0
2025-07-02T19:43:00+02:00;41974_G;4;64;60;congested;1
2025-07-02T19:43:00+02:00;41975_D;8;43;25;congested;1
2025-07-02T19:43:00+02:00;41975_G;30;11;57;heavy;1
2025-07-02T19:43:00+02:00;41985_D;25;3;75;heavy;2
2025-07-02T19:43:00+02:00;41985_G;36;2;52;freeFlow;1
2025-07-02T19:43:00+02:00;42064_D;27;8;75;heavy;2
2025-07-02T19:43:00+02:00;42064_G;23;9;50;heavy;1
2025-07-02T19:43:00+02:00;420870_D;45;5;73;freeFlow;2
2025-07-02T19:43:00+02:00;420870_G;46;5;60;freeFlow;1
2025-07-02T19:43:00+02:00;42206_G;24;39;32;heavy;1
2025-07-02T19:43:00+02:00;42238_G;8;40;50;congested;1
2025-07-02T19:43:00+02:00;42239_D;26;10;100;heavy;3
2025-07-02T19:43:00+02:00;42239_G;42;7;35;freeFlow;1
2025-07-02T19:43:00+02:00;42240_D;18;41;100;heavy;3
2025-07-02T19:43:00+02:00;42240_G;15;49;35;heavy;1
2025-07-02T19:43:00+02:00;42241_D;11;66;75;congested;2
2025-07-02T19:43:00+02:00;42241_G;13;55;55;congested;1
2025-07-02T19:43:00+02:00;42242_D;5;55;96;congested;3
2025-07-02T19:43:00+02:00;42242_G;23;13;52;heavy;1
2025-07-02T19:43:00+02:00;42683_D;46;7;70;freeFlow;2
2025-07-02T19:43:00+02:00;42683_G;17;20;52;heavy;1
2025-07-02T19:43:00+02:00;42714_D;33;6;0;unknown;0
2025-07-02T19:43:00+02:00;42714_G;27;7;58;heavy;1
2025-07-02T19:43:00+02:00;42716_D;44;2;30;freeFlow;1
2025-07-02T19:43:00+02:00;42716_G;9;9;57;congested;1
2025-07-02T19:43:00+02:00;43449_D;37;6;75;freeFlow;2
2025-07-02T19:43:00+02:00;43449_G;14;15;0;unknown;0
2025-07-02T19:43:00+02:00;43450_D;18;17;65;heavy;2
2025-07-02T19:43:00+02:00;43450_G;30;10;0;unknown;0
2025-07-02T19:43:00+02:00;43451_G;4;114;27;congested;1
2025-07-02T19:43:00+02:00;43452_D;24;7;50;freeFlow;1
2025-07-02T19:43:00+02:00;43452_G;30;5;0;unknown;0
2025-07-02T19:43:00+02:00;43475_D;50;4;0;unknown;0
2025-07-02T19:43:00+02:00;43475_G;50;4;0;unknown;0
2025-07-02T19:43:00+02:00;43622_D;7;14;52;congested;1
2025-07-02T19:43:00+02:00;43622_G;12;8;69;congested;2
2025-07-02T19:43:00+02:00;43623_D;25;8;10;heavy;1
2025-07-02T19:43:00+02:00;43623_G;10;20;96;congested;3
2025-07-02T19:43:00+02:00;43624_D;25;10;10;heavy;1
2025-07-02T19:43:00+02:00;43624_G;10;23;94;congested;3
2025-07-02T19:43:00+02:00;43625_D;8;47;0;unknown;0
2025-07-02T19:43:00+02:00;43625_G;22;17;71;heavy;2
2025-07-02T19:43:00+02:00;43657_D;26;3;60;heavy;1
2025-07-02T19:43:00+02:00;43657_G;18;5;30;heavy;1
2025-07-02T19:43:00+02:00;43659_D;31;5;50;freeFlow;1
2025-07-02T19:43:00+02:00;43659_G;34;4;27;freeFlow;1
2025-07-02T19:43:00+02:00;44039_D;50;2;0;unknown;0
2025-07-02T19:43:00+02:00;44039_G;50;2;0;unknown;0
2025-07-02T19:43:00+02:00;44040_D;50;9;0;unknown;0
2025-07-02T19:43:00+02:00;44040_G;50;9;0;unknown;0
2025-07-02T19:43:00+02:00;44041_D;50;9;0;unknown;0
2025-07-02T19:43:00+02:00;44041_G;50;9;0;unknown;0
2025-07-02T19:43:00+02:00;44042_D;50;10;0;unknown;0
2025-07-02T19:43:00+02:00;44042_G;50;9;0;unknown;0
2025-07-02T19:43:00+02:00;44071_D;13;21;40;heavy;1
2025-07-02T19:43:00+02:00;44071_G;28;11;0;unknown;0
2025-07-02T19:43:00+02:00;44080;10;12;38;congested;1
2025-07-02T19:43:00+02:00;44113_D;47;6;52;freeFlow;1
2025-07-02T19:43:00+02:00;44113_G;15;19;60;heavy;1
2025-07-02T19:43:00+02:00;44114_D;47;5;52;freeFlow;1
2025-07-02T19:43:00+02:00;44114_G;23;11;60;heavy;1
2025-07-02T19:43:00+02:00;44115_D;47;7;52;freeFlow;1
2025-07-02T19:43:00+02:00;44115_G;23;15;60;heavy;1
2025-07-02T19:43:00+02:00;44117_D;47;6;52;freeFlow;1
2025-07-02T19:43:00+02:00;44117_G;36;7;60;freeFlow;1
2025-07-02T19:43:00+02:00;44118_D;32;6;52;heavy;1
2025-07-02T19:43:00+02:00;44118_G;36;6;60;freeFlow;1
2025-07-02T19:43:00+02:00;44125_D;47;3;52;freeFlow;1
2025-07-02T19:43:00+02:00;44125_G;22;6;60;heavy;1
2025-07-02T19:43:00+02:00;44127;33;9;60;heavy;1
2025-07-02T19:43:00+02:00;44128;48;7;60;freeFlow;1
2025-07-02T19:43:00+02:00;44170_D;47;3;52;freeFlow;1
2025-07-02T19:43:00+02:00;44170_G;28;7;60;heavy;1
2025-07-02T19:43:00+02:00;44713_D;27;1;60;heavy;1
2025-07-02T19:43:00+02:00;44713_G;36;1;45;freeFlow;1
2025-07-02T19:43:00+02:00;44930;90;2;60;freeFlow;1
2025-07-02T19:43:00+02:00;44931;90;7;60;freeFlow;1
2025-07-02T19:43:00+02:00;44934;86;23;100;freeFlow;8
2025-07-02T19:43:00+02:00;45486_G;27;7;60;heavy;1
2025-07-02T19:43:00+02:00;45487_G;31;8;60;heavy;1
2025-07-02T19:43:00+02:00;45488_D;41;16;70;freeFlow;2
2025-07-02T19:43:00+02:00;45488_G;36;19;73;freeFlow;2
2025-07-02T19:43:00+02:00;45489_D;49;5;57;freeFlow;1
2025-07-02T19:43:00+02:00;45489_G;41;6;60;freeFlow;1
2025-07-02T19:43:00+02:00;45490_D;46;3;57;freeFlow;1
2025-07-02T19:43:00+02:00;45490_G;44;4;60;freeFlow;1
2025-07-02T19:43:00+02:00;45503_D;50;3;0;unknown;0
2025-07-02T19:43:00+02:00;45503_G;18;8;75;heavy;2
2025-07-02T19:43:00+02:00;45504_D;1;135;15;congested;1
2025-07-02T19:43:00+02:00;45504_G;15;10;75;congested;2
2025-07-02T19:43:00+02:00;45505_D;7;49;17;congested;1
2025-07-02T19:43:00+02:00;45505_G;20;16;75;heavy;2
2025-07-02T19:43:00+02:00;45530_D;43;2;68;freeFlow;2
2025-07-02T19:43:00+02:00;45530_G;36;2;60;freeFlow;1
2025-07-02T19:43:00+02:00;45531_D;39;1;68;freeFlow;2
2025-07-02T19:43:00+02:00;45531_G;28;2;70;freeFlow;2
2025-07-02T19:43:00+02:00;45532_D;39;5;70;freeFlow;2
2025-07-02T19:43:00+02:00;45532_G;26;8;60;freeFlow;1
2025-07-02T19:43:00+02:00;45565_D;25;13;60;heavy;1
2025-07-02T19:43:00+02:00;45565_G;22;14;60;heavy;1
2025-07-02T19:43:00+02:00;45566_D;45;6;60;freeFlow;1
2025-07-02T19:43:00+02:00;45566_G;20;14;74;heavy;2
2025-07-02T19:43:00+02:00;45567_D;10;29;60;congested;1
2025-07-02T19:43:00+02:00;45567_G;25;11;70;heavy;2
2025-07-02T19:43:00+02:00;45568_D;18;25;75;heavy;2
2025-07-02T19:43:00+02:00;45568_G;17;28;75;heavy;2
2025-07-02T19:43:00+02:00;45601_D;37;8;70;freeFlow;2
2025-07-02T19:43:00+02:00;45601_G;31;10;60;heavy;1
2025-07-02T19:43:00+02:00;45613_D;18;17;70;heavy;2
2025-07-02T19:43:00+02:00;45613_G;14;23;75;congested;2
2025-07-02T19:43:00+02:00;45614_D;46;4;57;freeFlow;1
2025-07-02T19:43:00+02:00;45614_G;34;7;60;heavy;1
2025-07-02T19:43:00+02:00;45636;59;20;60;freeFlow;1
2025-07-02T19:43:00+02:00;45637;94;12;100;freeFlow;7
2025-07-02T19:43:00+02:00;45640;34;14;27;heavy;1
2025-07-02T19:43:00+02:00;45641;89;14;100;freeFlow;8
2025-07-02T19:43:00+02:00;45642;82;26;100;freeFlow;9
2025-07-02T19:43:00+02:00;45644_D;56;17;20;freeFlow;1
2025-07-02T19:43:00+02:00;45644_G;38;25;74;freeFlow;2
2025-07-02T19:43:00+02:00;45645_G;34;17;60;heavy;1
2025-07-02T19:43:00+02:00;45725;95;33;100;freeFlow;6
2025-07-02T19:43:00+02:00;45736_D;34;14;32;heavy;1
2025-07-02T19:43:00+02:00;45736_G;32;15;60;heavy;1
2025-07-02T19:43:00+02:00;45759_D;3;114;65;congested;2
2025-07-02T19:43:00+02:00;45759_G;8;48;65;congested;2
2025-07-02T19:43:00+02:00;45760_D;17;17;38;heavy;1
2025-07-02T19:43:00+02:00;45760_G;24;12;63;heavy;2
2025-07-02T19:43:00+02:00;45761_G;35;9;48;heavy;1
2025-07-02T19:43:00+02:00;45762_D;23;11;38;heavy;1
2025-07-02T19:43:00+02:00;45762_G;17;14;60;heavy;1
2025-07-02T19:43:00+02:00;45849_D;44;2;48;freeFlow;1
2025-07-02T19:43:00+02:00;45849_G;8;11;60;congested;1
2025-07-02T19:43:00+02:00;45850_D;59;2;50;freeFlow;1
2025-07-02T19:43:00+02:00;45850_G;14;7;60;congested;1
2025-07-02T19:43:00+02:00;45865_G;36;10;50;freeFlow;1
2025-07-02T19:43:00+02:00;46027;26;2;68;heavy;2
2025-07-02T19:43:00+02:00;46028;15;47;40;congested;1
2025-07-02T19:43:00+02:00;46029;9;19;94;congested;3
2025-07-02T19:43:00+02:00;46036_D;18;28;20;heavy;1
2025-07-02T19:43:00+02:00;46036_G;29;17;100;heavy;3
2025-07-02T19:43:00+02:00;46053_G;18;22;75;heavy;2
2025-07-02T19:43:00+02:00;46054_D;16;12;50;heavy;1
2025-07-02T19:43:00+02:00;46054_G;26;7;60;heavy;1
2025-07-02T19:43:00+02:00;46055_D;16;15;50;heavy;1
2025-07-02T19:43:00+02:00;46055_G;34;7;60;heavy;1
2025-07-02T19:43:00+02:00;46056_G;33;3;60;heavy;1
2025-07-02T19:43:00+02:00;46057_D;33;5;52;heavy;1
2025-07-02T19:43:00+02:00;46057_G;17;12;60;heavy;1
2025-07-02T19:43:00+02:00;46058_D;34;10;73;heavy;2
2025-07-02T19:43:00+02:00;46058_G;45;8;60;freeFlow;1
2025-07-02T19:43:00+02:00;46059_D;38;16;73;freeFlow;2
2025-07-02T19:43:00+02:00;46059_G;44;13;60;freeFlow;1
2025-07-02T19:43:00+02:00;46079_D;33;9;52;heavy;1
2025-07-02T19:43:00+02:00;46079_G;42;7;60;freeFlow;1
2025-07-02T19:43:00+02:00;46080_D;31;15;55;heavy;1
2025-07-02T19:43:00+02:00;46080_G;38;12;60;freeFlow;1
2025-07-02T19:43:00+02:00;46081;76;3;100;freeFlow;3
2025-07-02T19:43:00+02:00;46135;44;8;48;freeFlow;2
2025-07-02T19:43:00+02:00;46136;45;6;48;freeFlow;2
2025-07-02T19:43:00+02:00;46137;47;10;32;freeFlow;1
2025-07-02T19:43:00+02:00;46163;15;21;98;congested;4
2025-07-02T19:43:00+02:00;46228;74;14;50;freeFlow;1
2025-07-02T19:43:00+02:00;46230;67;21;100;freeFlow;7
2025-07-02T19:43:00+02:00;46251_D;45;4;57;freeFlow;1
2025-07-02T19:43:00+02:00;46251_G;13;13;60;congested;1
2025-07-02T19:43:00+02:00;46264;84;19;38;freeFlow;1
2025-07-02T19:43:00+02:00;46265;59;12;100;heavy;6
2025-07-02T19:43:00+02:00;46266;85;3;100;freeFlow;6
2025-07-02T19:43:00+02:00;46267;84;10;100;freeFlow;8
2025-07-02T19:43:00+02:00;46268;83;18;100;freeFlow;7
2025-07-02T19:43:00+02:00;46270_D;12;18;100;congested;3
2025-07-02T19:43:00+02:00;46270_G;29;8;30;heavy;1
2025-07-02T19:43:00+02:00;46271_D;23;11;100;heavy;3
2025-07-02T19:43:00+02:00;46271_G;3;85;30;congested;1
2025-07-02T19:43:00+02:00;46374_D;40;31;57;freeFlow;1
2025-07-02T19:43:00+02:00;46374_G;21;60;75;heavy;2
2025-07-02T19:43:00+02:00;46375_D;50;10;0;unknown;0
2025-07-02T19:43:00+02:00;46375_G;33;14;60;heavy;1
2025-07-02T19:43:00+02:00;46376_D;42;17;60;freeFlow;1
2025-07-02T19:43:00+02:00;46376_G;40;17;60;freeFlow;1
2025-07-02T19:43:00+02:00;46377_D;50;8;0;unknown;0
2025-07-02T19:43:00+02:00;46377_G;43;10;60;freeFlow;1
2025-07-02T19:43:00+02:00;46427_D;42;9;57;freeFlow;1
2025-07-02T19:43:00+02:00;46427_G;20;18;60;heavy;1
2025-07-02T19:43:00+02:00;46559_D;55;1;60;freeFlow;1
2025-07-02T19:43:00+02:00;46559_G;32;2;60;heavy;1
2025-07-02T19:43:00+02:00;46560_D;45;9;60;freeFlow;1
2025-07-02T19:43:00+02:00;46560_G;13;31;71;congested;2
2025-07-02T19:43:00+02:00;46561_D;33;7;60;heavy;1
2025-07-02T19:43:00+02:00;46561_G;23;11;60;heavy;1
2025-07-02T19:43:00+02:00;46562_D;34;3;60;heavy;1
2025-07-02T19:43:00+02:00;46562_G;47;2;75;freeFlow;2
2025-07-02T19:43:00+02:00;46563_D;58;7;60;freeFlow;1
2025-07-02T19:43:00+02:00;46563_G;47;9;75;freeFlow;2
2025-07-02T19:43:00+02:00;46564_D;40;5;15;freeFlow;1
2025-07-02T19:43:00+02:00;46564_G;34;6;75;heavy;2
2025-07-02T19:43:00+02:00;46565_D;19;9;17;heavy;1
2025-07-02T19:43:00+02:00;46565_G;35;5;75;heavy;2
2025-07-02T19:43:00+02:00;46566_D;5;55;17;congested;1
2025-07-02T19:43:00+02:00;46566_G;33;8;75;heavy;2
2025-07-02T19:43:00+02:00;46567_G;43;2;60;freeFlow;1
2025-07-02T19:43:00+02:00;46568_D;50;1;0;unknown;0
2025-07-02T19:43:00+02:00;46568_G;24;3;99;heavy;3
2025-07-02T19:43:00+02:00;46569_D;7;71;60;congested;1
2025-07-02T19:43:00+02:00;46569_G;26;19;60;heavy;1
2025-07-02T19:43:00+02:00;46627_D;25;21;60;heavy;1
2025-07-02T19:43:00+02:00;46627_G;39;14;60;freeFlow;1
2025-07-02T19:43:00+02:00;46628_D;40;10;15;freeFlow;1
2025-07-02T19:43:00+02:00;46628_G;46;8;60;freeFlow;1
2025-07-02T19:43:00+02:00;46640;24;31;55;heavy;2
2025-07-02T19:43:00+02:00;46641;34;12;53;heavy;2
2025-07-02T19:43:00+02:00;46643;38;4;50;freeFlow;2
2025-07-02T19:43:00+02:00;46649;37;11;53;freeFlow;2
2025-07-02T19:43:00+02:00;46653_D;8;77;38;congested;1
2025-07-02T19:43:00+02:00;46653_G;32;19;75;heavy;2
2025-07-02T19:43:00+02:00;46654_D;21;25;20;heavy;1
2025-07-02T19:43:00+02:00;46654_G;34;15;75;heavy;2
2025-07-02T19:43:00+02:00;46655_D;18;9;20;heavy;1
2025-07-02T19:43:00+02:00;46655_G;29;5;100;heavy;3
2025-07-02T19:43:00+02:00;46682;24;20;64;heavy;2
2025-07-02T19:43:00+02:00;46683;23;3;55;heavy;1
2025-07-02T19:43:00+02:00;46684;36;14;60;freeFlow;1
2025-07-02T19:43:00+02:00;46685;36;29;75;heavy;2
2025-07-02T19:43:00+02:00;46686;42;32;60;freeFlow;1
2025-07-02T19:43:00+02:00;46688;74;15;100;freeFlow;4
2025-07-02T19:43:00+02:00;46716;30;3;100;heavy;8
2025-07-02T19:43:00+02:00;46717;93;40;100;freeFlow;10
2025-07-02T19:43:00+02:00;46718;21;49;100;congested;8
2025-07-02T19:43:00+02:00;46719;105;7;69;freeFlow;2
2025-07-02T19:43:00+02:00;46720;37;6;45;heavy;1
2025-07-02T19:43:00+02:00;46728;92;4;52;freeFlow;1
2025-07-02T19:43:00+02:00;46745_D;24;25;100;heavy;4
2025-07-02T19:43:00+02:00;46745_G;12;49;75;congested;2
2025-07-02T19:43:00+02:00;46746_D;33;27;100;heavy;5
2025-07-02T19:43:00+02:00;46746_G;26;34;48;heavy;1
2025-07-02T19:43:00+02:00;46975;57;3;30;freeFlow;1
2025-07-02T19:43:00+02:00;47024;20;8;70;heavy;2
2025-07-02T19:43:00+02:00;47025;18;21;60;heavy;1
2025-07-02T19:43:00+02:00;47030;11;30;63;congested;2
2025-07-02T19:43:00+02:00;47057;71;12;100;freeFlow;7
2025-07-02T19:43:00+02:00;47058;59;32;100;heavy;11
2025-07-02T19:43:00+02:00;47059;96;13;100;freeFlow;10
2025-07-02T19:43:00+02:00;47060;93;10;100;freeFlow;10
2025-07-02T19:43:00+02:00;47062;21;41;42;heavy;1
2025-07-02T19:43:00+02:00;47064;30;3;100;heavy;8
2025-07-02T19:43:00+02:00;47066;24;5;100;heavy;4
2025-07-02T19:43:00+02:00;47068;46;15;68;heavy;2
2025-07-02T19:43:00+02:00;47070;38;8;100;freeFlow;7
2025-07-02T19:43:00+02:00;47071;75;11;75;freeFlow;2
2025-07-02T19:43:00+02:00;47074;95;5;88;freeFlow;11
2025-07-02T19:43:00+02:00;47075;72;4;60;freeFlow;1
2025-07-02T19:43:00+02:00;47078;86;28;100;freeFlow;4
2025-07-02T19:43:00+02:00;47101;52;7;75;freeFlow;2
2025-07-02T19:43:00+02:00;47107;96;5;100;freeFlow;10
2025-07-02T19:43:00+02:00;47108;58;14;75;freeFlow;2
2025-07-02T19:43:00+02:00;47109;28;2;100;heavy;5
2025-07-02T19:43:00+02:00;47110;46;16;100;heavy;3
2025-07-02T19:43:00+02:00;47111;54;33;100;heavy;4
2025-07-02T19:43:00+02:00;47112;13;64;100;congested;5
2025-07-02T19:43:00+02:00;47113;62;9;75;heavy;2
2025-07-02T19:43:00+02:00;47114;48;29;48;freeFlow;1
2025-07-02T19:43:00+02:00;47115;74;19;100;freeFlow;6
2025-07-02T19:43:00+02:00;47238;47;12;100;heavy;10
2025-07-02T19:43:00+02:00;47240;89;16;100;freeFlow;16
2025-07-02T19:43:00+02:00;47241;36;28;100;heavy;9
2025-07-02T19:43:00+02:00;47242;28;46;100;heavy;8
2025-07-02T19:43:00+02:00;47243;26;54;100;congested;9
2025-07-02T19:43:00+02:00;47290;48;11;100;freeFlow;3
2025-07-02T19:43:00+02:00;47293;21;25;98;heavy;7
2025-07-02T19:43:00+02:00;47299;41;8;100;heavy;3
2025-07-02T19:43:00+02:00;47300;73;16;75;freeFlow;2
2025-07-02T19:43:00+02:00;47306;90;22;100;freeFlow;14
2025-07-02T19:43:00+02:00;47316;47;6;75;heavy;2
2025-07-02T19:43:00+02:00;47428_D;50;5;0;unknown;0
2025-07-02T19:43:00+02:00;47428_G;50;5;0;unknown;0
2025-07-02T19:43:00+02:00;48769_D;40;3;38;freeFlow;1
2025-07-02T19:43:00+02:00;48769_G;42;3;60;freeFlow;1
2025-07-02T19:43:00+02:00;48890;31;1;35;heavy;1
2025-07-02T19:43:00+02:00;48891;50;1;0;unknown;0
2025-07-02T19:43:00+02:00;48958_D;5;47;48;congested;1
2025-07-02T19:43:00+02:00;48958_G;22;10;60;heavy;1
2025-07-02T19:43:00+02:00;489866_G;50;4;60;freeFlow;1
2025-07-02T19:43:00+02:00;49004;48;5;75;freeFlow;2
2025-07-02T19:43:00+02:00;490194_D;50;1;0;unknown;0
2025-07-02T19:43:00+02:00;490194_G;39;1;55;freeFlow;1
2025-07-02T19:43:00+02:00;49023;67;8;38;freeFlow;1
2025-07-02T19:43:00+02:00;49068;4;155;91;congested;3
2025-07-02T19:43:00+02:00;49074;38;3;48;heavy;1
2025-07-02T19:43:00+02:00;49075;19;6;60;congested;1
2025-07-02T19:43:00+02:00;49081;77;7;75;freeFlow;2
2025-07-02T19:43:00+02:00;49084;74;6;100;freeFlow;4
2025-07-02T19:43:00+02:00;49137_D;50;4;0;unknown;0
2025-07-02T19:43:00+02:00;49137_G;50;4;0;unknown;0
2025-07-02T19:43:00+02:00;49184;39;3;57;freeFlow;1
2025-07-02T19:43:00+02:00;492351_G;29;4;60;heavy;1
2025-07-02T19:43:00+02:00;492359_D;44;6;57;freeFlow;1
2025-07-02T19:43:00+02:00;492363_D;50;9;0;unknown;0
2025-07-02T19:43:00+02:00;492363_G;50;10;0;unknown;0
2025-07-02T19:43:00+02:00;492435;30;14;98;heavy;3
2025-07-02T19:43:00+02:00;492445_G;10;64;32;congested;1
2025-07-02T19:43:00+02:00;492450;48;10;52;freeFlow;1
2025-07-02T19:43:00+02:00;492452;25;20;35;heavy;1
2025-07-02T19:43:00+02:00;492459;83;1;20;freeFlow;1
2025-07-02T19:43:00+02:00;492474;21;8;12;heavy;1
2025-07-02T19:43:00+02:00;492475;21;41;12;heavy;1
2025-07-02T19:43:00+02:00;492476;18;26;10;heavy;1
2025-07-02T19:43:00+02:00;492477;50;2;60;freeFlow;1
2025-07-02T19:43:00+02:00;492479;52;12;60;freeFlow;1
2025-07-02T19:43:00+02:00;492481;40;4;35;freeFlow;1
2025-07-02T19:43:00+02:00;492482;50;3;60;freeFlow;1
2025-07-02T19:43:00+02:00;492483;9;21;10;congested;1
2025-07-02T19:43:00+02:00;492485;83;1;20;freeFlow;1
2025-07-02T19:43:00+02:00;492490;43;8;52;freeFlow;1
2025-07-02T19:43:00+02:00;492495;21;2;12;heavy;1
2025-07-02T19:43:00+02:00;492498;43;10;60;freeFlow;1
2025-07-02T19:43:00+02:00;492506;30;7;100;heavy;3
2025-07-02T19:43:00+02:00;492512;40;3;35;freeFlow;1
2025-07-02T19:43:00+02:00;492514;50;1;60;freeFlow;1
2025-07-02T19:43:00+02:00;492519;21;24;55;heavy;1
2025-07-02T19:43:00+02:00;492574;40;4;35;freeFlow;1
2025-07-02T19:43:00+02:00;492576;43;1;60;freeFlow;1
2025-07-02T19:43:00+02:00;49328_D;47;3;52;freeFlow;1
2025-07-02T19:43:00+02:00;49328_G;23;5;60;heavy;1
2025-07-02T19:43:00+02:00;49686_D;50;3;0;unknown;0
2025-07-02T19:43:00+02:00;49686_G;50;3;0;unknown;0
2025-07-02T19:43:00+02:00;50079_D;38;6;60;freeFlow;1
2025-07-02T19:43:00+02:00;50079_G;30;8;0;unknown;0
2025-07-02T19:43:00+02:00;50191_D;37;14;55;freeFlow;1
2025-07-02T19:43:00+02:00;50191_G;28;19;60;heavy;1
2025-07-02T19:43:00+02:00;50308_G;50;6;60;freeFlow;1
2025-07-02T19:43:00+02:00;50355_D;45;6;57;freeFlow;1
2025-07-02T19:43:00+02:00;50355_G;19;14;60;heavy;1
2025-07-02T19:43:00+02:00;50416_D;44;3;73;freeFlow;2
2025-07-02T19:43:00+02:00;50416_G;50;3;60;freeFlow;1
2025-07-02T19:43:00+02:00;50475;22;17;73;heavy;2
2025-07-02T19:43:00+02:00;50509;18;24;70;heavy;2
2025-07-02T19:43:00+02:00;50573_D;23;10;40;freeFlow;1
2025-07-02T19:43:00+02:00;50573_G;30;6;0;unknown;0
2025-07-02T19:43:00+02:00;51008;37;4;50;freeFlow;2
2025-07-02T19:43:00+02:00;51017;23;6;55;heavy;1
2025-07-02T19:43:00+02:00;51159_D;23;28;57;heavy;1
2025-07-02T19:43:00+02:00;51159_G;30;22;71;heavy;2
2025-07-02T19:43:00+02:00;51254_D;50;6;0;unknown;0
2025-07-02T19:43:00+02:00;51254_G;36;8;60;freeFlow;1
2025-07-02T19:43:00+02:00;51323_D;37;4;55;freeFlow;1
2025-07-02T19:43:00+02:00;51323_G;28;7;60;heavy;1
2025-07-02T19:43:00+02:00;51437_D;18;9;75;heavy;2
2025-07-02T19:43:00+02:00;51437_G;8;16;75;congested;2
2025-07-02T19:43:00+02:00;51455_D;32;9;60;heavy;1
2025-07-02T19:43:00+02:00;51455_G;22;12;60;heavy;1
2025-07-02T19:43:00+02:00;51797;45;4;60;freeFlow;1
2025-07-02T19:43:00+02:00;52130;50;4;0;unknown;0
2025-07-02T19:43:00+02:00;53329_D;59;3;50;freeFlow;1
2025-07-02T19:43:00+02:00;53329_G;6;27;57;congested;1
2025-07-02T19:43:00+02:00;53336_D;9;41;100;congested;5
2025-07-02T19:43:00+02:00;53336_G;44;9;75;freeFlow;2
2025-07-02T19:43:00+02:00;53411_D;22;17;0;unknown;0
2025-07-02T19:43:00+02:00;53539_G;53;4;75;freeFlow;2
2025-07-02T19:43:00+02:00;53542;74;6;50;freeFlow;1
2025-07-02T19:43:00+02:00;53543;71;6;22;freeFlow;1
2025-07-02T19:43:00+02:00;53575_D;28;24;50;heavy;1
2025-07-02T19:43:00+02:00;53575_G;34;18;55;heavy;1
2025-07-02T19:43:00+02:00;53656;29;3;32;heavy;1
2025-07-02T19:43:00+02:00;53660;12;29;45;congested;1
2025-07-02T19:43:00+02:00;53663;6;21;100;congested;5
2025-07-02T19:43:00+02:00;53675;42;2;60;heavy;1
2025-07-02T19:43:00+02:00;53676;44;3;100;heavy;4
2025-07-02T19:43:00+02:00;53677;42;14;75;heavy;2
2025-07-02T19:43:00+02:00;53678;46;1;60;heavy;1
2025-07-02T19:43:00+02:00;53679;46;2;60;heavy;1
2025-07-02T19:43:00+02:00;53681;60;33;52;freeFlow;1
2025-07-02T19:43:00+02:00;53721;57;1;30;freeFlow;1
2025-07-02T19:43:00+02:00;53885_D;5;101;25;congested;1
2025-07-02T19:43:00+02:00;53885_G;30;17;57;heavy;1
2025-07-02T19:43:00+02:00;54211;18;35;70;heavy;2
2025-07-02T19:43:00+02:00;54334_D;8;6;38;congested;1
2025-07-02T19:43:00+02:00;54334_G;50;1;0;unknown;0
2025-07-02T19:43:00+02:00;54337;12;68;92;congested;3
2025-07-02T19:43:00+02:00;54361;26;8;75;heavy;2
2025-07-02T19:43:00+02:00;54580_G;41;14;45;freeFlow;1
2025-07-02T19:43:00+02:00;54707;59;8;38;freeFlow;1
2025-07-02T19:43:00+02:00;54709;53;1;60;freeFlow;1
2025-07-02T19:43:00+02:00;54710;90;2;60;freeFlow;1
2025-07-02T19:43:00+02:00;55397_D;10;7;35;congested;1
2025-07-02T19:43:00+02:00;55397_G;31;2;60;heavy;1
2025-07-02T19:43:00+02:00;55401;31;12;60;heavy;1
2025-07-02T19:43:00+02:00;55405;31;2;60;heavy;1
2025-07-02T19:43:00+02:00;55406;31;6;60;heavy;1
2025-07-02T19:43:00+02:00;55407;19;6;35;heavy;1
2025-07-02T19:43:00+02:00;55408;28;6;35;heavy;1
2025-07-02T19:43:00+02:00;55440_D;37;5;55;freeFlow;1
2025-07-02T19:43:00+02:00;55440_G;26;7;60;freeFlow;1
2025-07-02T19:43:00+02:00;55443_D;37;2;55;freeFlow;1
2025-07-02T19:43:00+02:00;55443_G;28;2;60;heavy;1
2025-07-02T19:43:00+02:00;55446;28;3;68;heavy;2
2025-07-02T19:43:00+02:00;55447;26;2;60;heavy;1
2025-07-02T19:43:00+02:00;55448;37;2;55;freeFlow;1
2025-07-02T19:43:00+02:00;55449;42;1;58;freeFlow;2
2025-07-02T19:43:00+02:00;55516;50;2;0;unknown;0
2025-07-02T19:43:00+02:00;55669;18;12;68;heavy;2
2025-07-02T19:43:00+02:00;55671;50;7;0;unknown;0
2025-07-02T19:43:00+02:00;55696;50;15;0;unknown;0
2025-07-02T19:43:00+02:00;55698;50;9;0;unknown;0
2025-07-02T19:43:00+02:00;55700;50;8;0;unknown;0
2025-07-02T19:43:00+02:00;55703;33;4;0;unknown;0
2025-07-02T19:43:00+02:00;55706;50;1;0;unknown;0
2025-07-02T19:43:00+02:00;55707;36;9;50;freeFlow;2
2025-07-02T19:43:00+02:00;55708;31;4;35;heavy;1
2025-07-02T19:43:00+02:00;55710;32;21;35;heavy;1
2025-07-02T19:43:00+02:00;55711;8;7;10;congested;1
2025-07-02T19:43:00+02:00;55713;50;14;0;unknown;0
2025-07-02T19:43:00+02:00;55781_D;15;8;57;heavy;1
2025-07-02T19:43:00+02:00;55781_G;29;4;60;heavy;1
2025-07-02T19:43:00+02:00;55800;15;21;57;heavy;1
2025-07-02T19:43:00+02:00;55801;59;3;100;freeFlow;3
2025-07-02T19:43:00+02:00;55805;34;7;57;heavy;1
2025-07-02T19:43:00+02:00;55806;37;13;57;freeFlow;1
2025-07-02T19:43:00+02:00;55811;43;8;60;freeFlow;1
2025-07-02T19:43:00+02:00;55814;42;3;60;freeFlow;1
2025-07-02T19:43:00+02:00;55815;72;0;100;freeFlow;3
2025-07-02T19:43:00+02:00;55820;50;1;0;unknown;0
2025-07-02T19:43:00+02:00;55821;74;2;100;freeFlow;3
2025-07-02T19:43:00+02:00;55822;74;1;100;freeFlow;3
2025-07-02T19:43:00+02:00;55823;43;1;48;freeFlow;1
2025-07-02T19:43:00+02:00;55824;28;2;57;heavy;1
2025-07-02T19:43:00+02:00;55827;23;4;75;heavy;2
2025-07-02T19:43:00+02:00;55830;42;2;60;heavy;1
2025-07-02T19:43:00+02:00;55841;35;13;70;heavy;2
2025-07-02T19:43:00+02:00;55843;24;2;0;unknown;0
2025-07-02T19:43:00+02:00;55879;34;2;60;heavy;1
2025-07-02T19:43:00+02:00;55883;47;1;75;freeFlow;2
2025-07-02T19:43:00+02:00;55887;49;11;12;freeFlow;1
2025-07-02T19:43:00+02:00;55888;48;12;60;freeFlow;1
2025-07-02T19:43:00+02:00;55889;15;6;63;heavy;2
2025-07-02T19:43:00+02:00;55890;20;4;74;heavy;2
2025-07-02T19:43:00+02:00;55894;33;2;55;heavy;1
2025-07-02T19:43:00+02:00;55896;36;2;38;freeFlow;1
2025-07-02T19:43:00+02:00;55898;20;29;73;heavy;2
2025-07-02T19:43:00+02:00;55899;31;11;45;heavy;1
2025-07-02T19:43:00+02:00;55926_D;38;6;100;freeFlow;3
2025-07-02T19:43:00+02:00;55926_G;32;7;60;heavy;1
2025-07-02T19:43:00+02:00;55932;32;2;60;heavy;1
2025-07-02T19:43:00+02:00;55933;39;3;100;freeFlow;3
2025-07-02T19:43:00+02:00;55958;48;1;75;freeFlow;2
2025-07-02T19:43:00+02:00;55959;25;3;73;heavy;2
2025-07-02T19:43:00+02:00;55974;7;6;45;congested;1
2025-07-02T19:43:00+02:00;55975;32;3;100;heavy;7
2025-07-02T19:43:00+02:00;55977;33;5;100;heavy;6
2025-07-02T19:43:00+02:00;55978;56;2;75;freeFlow;2
2025-07-02T19:43:00+02:00;55980;15;18;75;heavy;2
2025-07-02T19:43:00+02:00;55981;50;5;75;freeFlow;2
2025-07-02T19:43:00+02:00;56019;28;2;57;heavy;1
2025-07-02T19:43:00+02:00;56020;32;2;60;heavy;1
2025-07-02T19:43:00+02:00;56113;29;8;17;heavy;1
2025-07-02T19:43:00+02:00;56115;33;6;60;heavy;1
2025-07-02T19:43:00+02:00;56117;27;10;50;heavy;2
2025-07-02T19:43:00+02:00;56118;17;3;57;heavy;1
2025-07-02T19:43:00+02:00;56124;12;5;72;congested;2
2025-07-02T19:43:00+02:00;56125;29;2;35;heavy;1
2025-07-02T19:43:00+02:00;56126;23;6;52;heavy;2
2025-07-02T19:43:00+02:00;56128;57;1;30;freeFlow;1
2025-07-02T19:43:00+02:00;56157_D;30;13;0;unknown;0
2025-07-02T19:43:00+02:00;56157_G;30;13;0;unknown;0
2025-07-02T19:43:00+02:00;56165_D;30;2;0;unknown;0
2025-07-02T19:43:00+02:00;56165_G;30;2;0;unknown;0
2025-07-02T19:43:00+02:00;56170;50;1;0;unknown;0
2025-07-02T19:43:00+02:00;56174;50;5;0;unknown;0
2025-07-02T19:43:00+02:00;56175;38;6;50;freeFlow;2
2025-07-02T19:43:00+02:00;56179;50;2;0;unknown;0
2025-07-02T19:43:00+02:00;56180;50;1;0;unknown;0
2025-07-02T19:43:00+02:00;56181;32;3;50;heavy;2
2025-07-02T19:43:00+02:00;56182;28;3;35;heavy;1
2025-07-02T19:43:00+02:00;56183;50;1;0;unknown;0
2025-07-02T19:43:00+02:00;56218_D;50;3;0;unknown;0
2025-07-02T19:43:00+02:00;56218_G;50;3;0;unknown;0
2025-07-02T19:43:00+02:00;56223;50;1;0;unknown;0
2025-07-02T19:43:00+02:00;56224;36;11;60;freeFlow;1
2025-07-02T19:43:00+02:00;56225;16;21;17;heavy;1
2025-07-02T19:43:00+02:00;56229;16;8;17;heavy;1
2025-07-02T19:43:00+02:00;56231;16;5;17;heavy;1
2025-07-02T19:43:00+02:00;56232;23;3;60;heavy;1
2025-07-02T19:43:00+02:00;56233;50;9;0;unknown;0
2025-07-02T19:43:00+02:00;56237;25;18;42;heavy;1
2025-07-02T19:43:00+02:00;56239;19;4;42;heavy;1
2025-07-02T19:43:00+02:00;56247;41;1;15;freeFlow;1
2025-07-02T19:43:00+02:00;56250;30;21;0;unknown;0
2025-07-02T19:43:00+02:00;56251;28;23;48;freeFlow;2
2025-07-02T19:43:00+02:00;56254;30;1;0;unknown;0
2025-07-02T19:43:00+02:00;56255;36;1;32;freeFlow;1
2025-07-02T19:43:00+02:00;56256;41;1;15;freeFlow;1
2025-07-02T19:43:00+02:00;56258;31;5;42;freeFlow;1
2025-07-02T19:43:00+02:00;56260;26;2;32;freeFlow;1
2025-07-02T19:43:00+02:00;56261;16;4;42;heavy;1
2025-07-02T19:43:00+02:00;56263;6;60;42;congested;1
2025-07-02T19:43:00+02:00;56264;36;11;32;freeFlow;1
2025-07-02T19:43:00+02:00;56298;30;1;0;unknown;0
2025-07-02T19:43:00+02:00;56300;30;1;0;unknown;0
2025-07-02T19:43:00+02:00;56333;32;3;59;heavy;1
2025-07-02T19:43:00+02:00;565804_D;12;37;70;congested;2
2025-07-02T19:43:00+02:00;565804_G;21;20;60;heavy;1
2025-07-02T19:43:00+02:00;565852;82;2;100;freeFlow;3
2025-07-02T19:43:00+02:00;565853;59;17;60;heavy;1
2025-07-02T19:43:00+02:00;566240;50;2;0;unknown;0
2025-07-02T19:43:00+02:00;566445_D;30;2;0;unknown;0
2025-07-02T19:43:00+02:00;566445_G;30;3;0;unknown;0
2025-07-02T19:43:00+02:00;566456_D;30;22;0;unknown;0
2025-07-02T19:43:00+02:00;566456_G;30;22;0;unknown;0
2025-07-02T19:43:00+02:00;566457;50;1;0;unknown;0
2025-07-02T19:43:00+02:00;566465_D;30;10;0;unknown;0
2025-07-02T19:43:00+02:00;566465_G;30;10;0;unknown;0
2025-07-02T19:43:00+02:00;56675_D;7;21;17;congested;1
2025-07-02T19:43:00+02:00;56675_G;42;4;60;freeFlow;1
2025-07-02T19:43:00+02:00;566941;28;3;48;heavy;1
2025-07-02T19:43:00+02:00;56871_D;50;3;0;unknown;0
2025-07-02T19:43:00+02:00;56871_G;50;3;0;unknown;0
2025-07-02T19:43:00+02:00;56908_D;28;14;55;heavy;1
2025-07-02T19:43:00+02:00;56908_G;33;12;50;heavy;1
2025-07-02T19:43:00+02:00;56925;44;79;100;heavy;14
2025-07-02T19:43:00+02:00;56944_D;39;8;68;freeFlow;2
2025-07-02T19:43:00+02:00;56944_G;36;8;60;freeFlow;1
2025-07-02T19:43:00+02:00;56945_D;39;6;68;freeFlow;2
2025-07-02T19:43:00+02:00;56945_G;36;6;60;freeFlow;1
2025-07-02T19:43:00+02:00;57082_G;34;8;55;freeFlow;1
2025-07-02T19:43:00+02:00;57083_D;59;7;50;freeFlow;1
2025-07-02T19:43:00+02:00;57083_G;34;14;55;freeFlow;1
2025-07-02T19:43:00+02:00;59724;26;6;100;heavy;6
2025-07-02T19:43:00+02:00;59750_D;10;23;74;congested;2
2025-07-02T19:43:00+02:00;59750_G;40;5;75;freeFlow;2
2025-07-02T19:43:00+02:00;59835_D;29;7;35;heavy;1
2025-07-02T19:43:00+02:00;59835_G;37;6;55;freeFlow;1
2025-07-02T19:43:00+02:00;59836;29;4;35;heavy;1
2025-07-02T19:43:00+02:00;59837;12;4;57;congested;1
2025-07-02T19:43:00+02:00;59838;7;19;57;congested;1
2025-07-02T19:43:00+02:00;62559_D;26;12;57;heavy;1
2025-07-02T19:43:00+02:00;62559_G;31;10;60;heavy;1
2025-07-02T19:43:00+02:00;62560;41;6;30;freeFlow;1
2025-07-02T19:43:00+02:00;62565_D;32;3;55;heavy;1
2025-07-02T19:43:00+02:00;62565_G;34;2;60;heavy;1
2025-07-02T19:43:00+02:00;62831_D;40;1;38;freeFlow;1
2025-07-02T19:43:00+02:00;62831_G;31;1;60;heavy;1
2025-07-02T19:43:00+02:00;62832_D;23;3;38;heavy;1
2025-07-02T19:43:00+02:00;62832_G;22;3;60;heavy;1
2025-07-02T19:43:00+02:00;63045_D;33;5;50;freeFlow;1
2025-07-02T19:43:00+02:00;63045_G;30;5;0;unknown;0
2025-07-02T19:43:00+02:00;63053_D;47;5;52;freeFlow;1
2025-07-02T19:43:00+02:00;63053_G;24;9;60;heavy;1
2025-07-02T19:43:00+02:00;63899;88;19;93;freeFlow;4
2025-07-02T19:43:00+02:00;63934;50;1;0;unknown;0
2025-07-02T19:43:00+02:00;63935;34;12;53;heavy;2
2025-07-02T19:43:00+02:00;63936;33;16;75;heavy;2
2025-07-02T19:43:00+02:00;63939;19;33;50;heavy;2
2025-07-02T19:43:00+02:00;63940;23;4;75;heavy;2
2025-07-02T19:43:00+02:00;63941;23;2;75;heavy;2
2025-07-02T19:43:00+02:00;63942;21;2;60;heavy;1
2025-07-02T19:43:00+02:00;63943;23;4;93;heavy;3
2025-07-02T19:43:00+02:00;63944;43;4;75;freeFlow;2
2025-07-02T19:43:00+02:00;63947;36;3;45;freeFlow;1
2025-07-02T19:43:00+02:00;63950;31;1;60;heavy;2
2025-07-02T19:43:00+02:00;63951;40;2;25;freeFlow;1
2025-07-02T19:43:00+02:00;63952;49;0;60;freeFlow;1
2025-07-02T19:43:00+02:00;63953;45;1;75;freeFlow;2
2025-07-02T19:43:00+02:00;63970;77;12;52;freeFlow;1
2025-07-02T19:43:00+02:00;63973;48;2;52;freeFlow;1
2025-07-02T19:43:00+02:00;64032;79;12;75;freeFlow;2
2025-07-02T19:43:00+02:00;64061_D;27;11;75;freeFlow;2
2025-07-02T19:43:00+02:00;64061_G;36;9;50;freeFlow;1
2025-07-02T19:43:00+02:00;64637_D;43;9;100;freeFlow;4
2025-07-02T19:43:00+02:00;64637_G;4;107;30;congested;1
2025-07-02T19:43:00+02:00;65310;50;6;0;unknown;0
2025-07-02T19:43:00+02:00;65313;50;6;0;unknown;0
2025-07-02T19:43:00+02:00;65682;63;18;75;freeFlow;2
2025-07-02T19:43:00+02:00;66421;29;3;17;heavy;1
2025-07-02T19:43:00+02:00;66442;50;4;0;unknown;0
2025-07-02T19:43:00+02:00;66782;28;13;35;heavy;1
2025-07-02T19:43:00+02:00;67066;14;22;57;congested;1
2025-07-02T19:43:00+02:00;67097_D;59;6;50;freeFlow;1
2025-07-02T19:43:00+02:00;67097_G;30;12;56;freeFlow;1
2025-07-02T19:43:00+02:00;69381_D;40;7;38;freeFlow;1
2025-07-02T19:43:00+02:00;69381_G;34;9;60;heavy;1
2025-07-02T19:43:00+02:00;72487_G;56;45;35;heavy;1
2025-07-02T19:43:00+02:00;72614;24;5;0;unknown;0
2025-07-02T19:43:00+02:00;72621;33;11;55;heavy;1
2025-07-02T19:43:00+02:00;72624;16;22;50;heavy;1
2025-07-02T19:43:00+02:00;72628;36;1;52;freeFlow;1
2025-07-02T19:43:00+02:00;74283_D;19;40;30;heavy;1
2025-07-02T19:43:00+02:00;74283_G;40;19;55;freeFlow;1
2025-07-02T19:43:00+02:00;75387;30;2;53;heavy;2
2025-07-02T19:43:00+02:00;75631;28;11;57;heavy;2
2025-07-02T19:43:00+02:00;75818_D;51;3;10;freeFlow;1
2025-07-02T19:43:00+02:00;75818_G;49;2;75;freeFlow;2
2025-07-02T19:43:00+02:00;75820;87;22;100;freeFlow;9
2025-07-02T19:43:00+02:00;75824;43;11;60;freeFlow;1
2025-07-02T19:43:00+02:00;75825;93;5;100;freeFlow;6
2025-07-02T19:43:00+02:00;75828;83;9;100;freeFlow;3
2025-07-02T19:43:00+02:00;75829;66;10;100;freeFlow;4
2025-07-02T19:43:00+02:00;75832;36;4;100;freeFlow;5
2025-07-02T19:43:00+02:00;75833;38;5;100;freeFlow;5
2025-07-02T19:43:00+02:00;75835;40;3;100;freeFlow;5
2025-07-02T19:43:00+02:00;75836;75;13;100;freeFlow;5
2025-07-02T19:43:00+02:00;75837;50;9;100;freeFlow;6
2025-07-02T19:43:00+02:00;75838;51;5;100;freeFlow;5
2025-07-02T19:43:00+02:00;75839;48;4;60;freeFlow;1
2025-07-02T19:43:00+02:00;75840;57;3;48;freeFlow;1
2025-07-02T19:43:00+02:00;75845;45;3;100;heavy;3
2025-07-02T19:43:00+02:00;75846;47;6;75;heavy;2
2025-07-02T19:43:00+02:00;75847;48;12;60;heavy;1
2025-07-02T19:43:00+02:00;75848;46;5;91;freeFlow;3
2025-07-02T19:43:00+02:00;75849;32;7;100;heavy;6
2025-07-02T19:43:00+02:00;75850;41;5;100;freeFlow;4
2025-07-02T19:43:00+02:00;75851;31;6;74;heavy;3
2025-07-02T19:43:00+02:00;75853;82;1;75;freeFlow;2
2025-07-02T19:43:00+02:00;75854;82;3;75;freeFlow;2
2025-07-02T19:43:00+02:00;75856;20;6;100;congested;3
2025-07-02T19:43:00+02:00;75897;54;17;100;heavy;4
2025-07-02T19:43:00+02:00;9128;93;30;100;freeFlow;11
2025-07-02T19:43:00+02:00;9130;70;11;100;freeFlow;5
2025-07-02T19:43:00+02:00;9131;72;9;100;freeFlow;5
2025-07-02T19:43:00+02:00;9132;66;32;100;freeFlow;11
2025-07-02T19:43:00+02:00;9146;95;4;100;freeFlow;11
2025-07-02T19:43:00+02:00;9178;54;22;100;heavy;4
2025-07-02T19:43:00+02:00;9179;87;21;100;freeFlow;7
2025-07-02T19:43:00+02:00;9180;65;29;100;freeFlow;6
2025-07-02T19:43:00+02:00;9181;57;17;100;freeFlow;3
2025-07-02T19:43:00+02:00;9182;57;4;100;freeFlow;3
2025-07-02T19:43:00+02:00;9183;64;7;100;freeFlow;4
2025-07-02T19:43:00+02:00;9184;39;17;60;heavy;1
2025-07-02T19:43:00+02:00;9245;91;78;100;freeFlow;10
2025-07-02T19:43:00+02:00;9246;83;142;100;freeFlow;5
2025-07-02T19:43:00+02:00;9380_D;29;63;50;heavy;2
2025-07-02T19:43:00+02:00;9380_G;66;28;55;freeFlow;1
2025-07-02T19:43:00+02:00;9389;31;3;70;heavy;2
2025-07-02T19:43:00+02:00;9390;36;3;55;heavy;1
2025-07-02T19:43:00+02:00;9391;36;2;55;heavy;1
2025-07-02T19:43:00+02:00;9392;11;9;35;congested;1
2025-07-02T19:43:00+02:00;1677832;19;17;56;heavy;2
2025-07-02T19:43:00+02:00;1679085_D;26;4;60;heavy;1
2025-07-02T19:43:00+02:00;1679085_G;28;4;48;heavy;1
2025-07-02T19:43:00+02:00;1679794;28;2;48;heavy;1
2025-07-02T19:43:00+02:00;1679795_G;28;3;48;heavy;1
2025-07-02T19:43:00+02:00;1679796;28;1;48;heavy;1
2025-07-02T19:43:00+02:00;1679797_D;50;6;0;unknown;0
2025-07-02T19:43:00+02:00;1679797_G;50;6;0;unknown;0
2025-07-02T19:43:00+02:00;1679798;28;2;48;heavy;1
2025-07-02T19:43:00+02:00;1679800;32;3;60;heavy;1
2025-07-02T19:43:00+02:00;1680335;25;12;75;heavy;2
2025-07-02T19:43:00+02:00;1680340;9;12;67;congested;2
2025-07-02T19:43:00+02:00;213972_D;38;7;0;unknown;0
2025-07-02T19:43:00+02:00;213972_G;53;5;32;freeFlow;1
2025-07-02T19:43:00+02:00;213973_D;50;8;0;unknown;0
2025-07-02T19:43:00+02:00;213973_G;38;10;35;freeFlow;1
2025-07-02T19:43:00+02:00;213974_D;50;4;0;unknown;0
2025-07-02T19:43:00+02:00;213974_G;53;4;32;freeFlow;1
2025-07-02T19:43:00+02:00;26521;109;50;100;freeFlow;3
2025-07-02T19:43:00+02:00;26522;96;35;100;freeFlow;5
2025-07-02T19:43:00+02:00;31304_G;46;24;74;freeFlow;2
2025-07-02T19:43:00+02:00;31328;88;10;75;freeFlow;2
2025-07-02T19:43:00+02:00;31441;87;39;60;freeFlow;1
2025-07-02T19:43:00+02:00;31535;86;9;60;freeFlow;1
2025-07-02T19:43:00+02:00;31552;75;10;100;freeFlow;5
2025-07-02T19:43:00+02:00;31555;71;12;100;freeFlow;3
2025-07-02T19:43:00+02:00;43014_D;8;27;100;congested;3
2025-07-02T19:43:00+02:00;43014_G;34;6;100;heavy;3
2025-07-02T19:43:00+02:00;43105_D;15;17;64;heavy;2
2025-07-02T19:43:00+02:00;43105_G;11;23;93;congested;3
2025-07-02T19:43:00+02:00;43118_D;19;29;75;heavy;2
2025-07-02T19:43:00+02:00;43118_G;12;45;75;congested;2
2025-07-02T19:43:00+02:00;43124_D;12;33;60;heavy;1
2025-07-02T19:43:00+02:00;43124_G;30;13;75;freeFlow;2
2025-07-02T19:43:00+02:00;43125_D;12;21;75;heavy;2
2025-07-02T19:43:00+02:00;43125_G;30;8;75;freeFlow;2
2025-07-02T19:43:00+02:00;43126_D;18;29;100;heavy;3
2025-07-02T19:43:00+02:00;43126_G;21;25;75;heavy;2
2025-07-02T19:43:00+02:00;43147_D;17;16;75;heavy;2
2025-07-02T19:43:00+02:00;43147_G;30;9;75;freeFlow;2
2025-07-02T19:43:00+02:00;43336_D;24;12;48;heavy;1
2025-07-02T19:43:00+02:00;43336_G;50;6;0;unknown;0
2025-07-02T19:43:00+02:00;43337_D;10;44;75;congested;2
2025-07-02T19:43:00+02:00;43337_G;50;8;0;unknown;0
2025-07-02T19:43:00+02:00;43338_D;32;6;45;heavy;1
2025-07-02T19:43:00+02:00;43338_G;50;4;0;unknown;0
2025-07-02T19:43:00+02:00;43339_D;38;6;48;freeFlow;1
2025-07-02T19:43:00+02:00;43339_G;50;5;0;unknown;0
2025-07-02T19:43:00+02:00;43340_D;40;1;45;freeFlow;1
2025-07-02T19:43:00+02:00;43340_G;50;1;0;unknown;0
2025-07-02T19:43:00+02:00;43341_D;39;5;45;freeFlow;1
2025-07-02T19:43:00+02:00;43341_G;50;4;0;unknown;0
2025-07-02T19:43:00+02:00;43342_D;38;3;45;freeFlow;1
2025-07-02T19:43:00+02:00;43342_G;50;2;0;unknown;0
2025-07-02T19:43:00+02:00;43343_D;42;8;45;freeFlow;1
2025-07-02T19:43:00+02:00;43343_G;50;7;0;unknown;0
2025-07-02T19:43:00+02:00;43345_D;10;28;42;heavy;1
2025-07-02T19:43:00+02:00;43345_G;30;10;0;unknown;0
2025-07-02T19:43:00+02:00;43347_D;35;4;42;freeFlow;1
2025-07-02T19:43:00+02:00;43347_G;33;4;0;unknown;0
2025-07-02T19:43:00+02:00;43352_D;38;12;40;freeFlow;1
2025-07-02T19:43:00+02:00;43353_D;42;7;40;freeFlow;1
2025-07-02T19:43:00+02:00;43353_G;28;10;0;unknown;0
2025-07-02T19:43:00+02:00;43377_D;28;17;48;freeFlow;1
2025-07-02T19:43:00+02:00;43377_G;30;16;0;unknown;0
2025-07-02T19:43:00+02:00;43379_D;33;7;42;freeFlow;1
2025-07-02T19:43:00+02:00;43379_G;30;7;0;unknown;0
2025-07-02T19:43:00+02:00;43413_D;33;5;40;freeFlow;1
2025-07-02T19:43:00+02:00;43413_G;30;6;0;unknown;0
2025-07-02T19:43:00+02:00;43474_D;32;4;60;heavy;1
2025-07-02T19:43:00+02:00;43474_G;23;6;50;heavy;1
2025-07-02T19:43:00+02:00;43615_D;25;2;75;freeFlow;2
2025-07-02T19:43:00+02:00;43615_G;24;3;50;freeFlow;1
2025-07-02T19:43:00+02:00;43743_D;50;25;0;unknown;0
2025-07-02T19:43:00+02:00;43746;9;23;60;heavy;1
2025-07-02T19:43:00+02:00;43747;15;28;60;heavy;1
2025-07-02T19:43:00+02:00;43751;28;20;63;freeFlow;2
2025-07-02T19:43:00+02:00;43774_D;22;9;70;heavy;2
2025-07-02T19:43:00+02:00;43774_G;3;69;60;congested;1
2025-07-02T19:43:00+02:00;43775_D;17;23;75;heavy;2
2025-07-02T19:43:00+02:00;43775_G;24;16;60;heavy;1
2025-07-02T19:43:00+02:00;43826_D;26;10;75;heavy;2
2025-07-02T19:43:00+02:00;43826_G;4;65;60;congested;1
2025-07-02T19:43:00+02:00;43971;39;17;17;freeFlow;1
2025-07-02T19:43:00+02:00;43973;28;9;20;heavy;1
2025-07-02T19:43:00+02:00;44003_G;64;6;75;freeFlow;2
2025-07-02T19:43:00+02:00;44004_D;24;45;86;heavy;4
2025-07-02T19:43:00+02:00;44004_G;61;18;75;freeFlow;2
2025-07-02T19:43:00+02:00;44017_G;46;3;48;freeFlow;1
2025-07-02T19:43:00+02:00;44018_G;53;11;48;freeFlow;1
2025-07-02T19:43:00+02:00;44037_D;32;5;60;heavy;1
2025-07-02T19:43:00+02:00;44037_G;9;18;50;congested;1
2025-07-02T19:43:00+02:00;44851_D;50;11;0;unknown;0
2025-07-02T19:43:00+02:00;44851_G;20;27;100;heavy;5
2025-07-02T19:43:00+02:00;44852_D;22;21;0;unknown;0
2025-07-02T19:43:00+02:00;44852_G;35;13;100;freeFlow;5
2025-07-02T19:43:00+02:00;44854_D;22;3;0;unknown;0
2025-07-02T19:43:00+02:00;44854_G;33;2;100;heavy;4
2025-07-02T19:43:00+02:00;44855_D;50;7;0;unknown;0
2025-07-02T19:43:00+02:00;44855_G;27;13;35;heavy;1
2025-07-02T19:43:00+02:00;44879;71;19;100;freeFlow;4
2025-07-02T19:43:00+02:00;44897_D;38;6;0;unknown;0
2025-07-02T19:43:00+02:00;44897_G;7;34;38;congested;1
2025-07-02T19:43:00+02:00;44901;98;16;48;freeFlow;1
2025-07-02T19:43:00+02:00;44939;83;49;80;freeFlow;3
2025-07-02T19:43:00+02:00;45135_D;31;2;0;unknown;0
2025-07-02T19:43:00+02:00;45135_G;24;3;38;heavy;1
2025-07-02T19:43:00+02:00;45136_G;22;36;35;heavy;1
2025-07-02T19:43:00+02:00;45137_D;43;2;10;freeFlow;1
2025-07-02T19:43:00+02:00;45137_G;36;2;35;freeFlow;1
2025-07-02T19:43:00+02:00;45146;26;16;75;heavy;2
2025-07-02T19:43:00+02:00;45147_D;36;1;100;freeFlow;3
2025-07-02T19:43:00+02:00;45147_G;17;2;60;heavy;1
2025-07-02T19:43:00+02:00;45153;33;12;100;heavy;3
2025-07-02T19:43:00+02:00;45155;14;56;75;congested;2
2025-07-02T19:43:00+02:00;45213;8;59;100;congested;3
2025-07-02T19:43:00+02:00;45214;44;6;75;freeFlow;2
2025-07-02T19:43:00+02:00;45232;36;46;75;freeFlow;2
2025-07-02T19:43:00+02:00;45233;37;3;57;freeFlow;1
2025-07-02T19:43:00+02:00;45236_D;66;10;32;freeFlow;1
2025-07-02T19:43:00+02:00;45242;90;13;100;freeFlow;3
2025-07-02T19:43:00+02:00;45246;90;28;100;freeFlow;3
2025-07-02T19:43:00+02:00;45247;39;25;74;heavy;2
2025-07-02T19:43:00+02:00;47742_G;46;5;48;freeFlow;1
2025-07-02T19:43:00+02:00;47744;31;64;75;heavy;2
2025-07-02T19:43:00+02:00;48725;14;6;100;congested;3
2025-07-02T19:43:00+02:00;48736;32;2;100;heavy;3
2025-07-02T19:43:00+02:00;48738;33;2;100;heavy;3
2025-07-02T19:43:00+02:00;48746;33;11;100;heavy;3
2025-07-02T19:43:00+02:00;48751;33;2;35;heavy;1
2025-07-02T19:43:00+02:00;48752;33;2;35;heavy;1
2025-07-02T19:43:00+02:00;48753;37;2;0;unknown;0
2025-07-02T19:43:00+02:00;48754;33;2;0;unknown;0
2025-07-02T19:43:00+02:00;48764;50;1;0;unknown;0
2025-07-02T19:43:00+02:00;48765;34;7;10;heavy;1
2025-07-02T19:43:00+02:00;48796;25;20;100;heavy;3
2025-07-02T19:43:00+02:00;48915_D;50;2;0;unknown;0
2025-07-02T19:43:00+02:00;48915_G;30;4;60;heavy;1
2025-07-02T19:43:00+02:00;48916;15;12;75;congested;2
2025-07-02T19:43:00+02:00;48953_D;33;34;22;heavy;1
2025-07-02T19:43:00+02:00;48953_G;10;117;33;congested;1
2025-07-02T19:43:00+02:00;48993_D;5;66;45;congested;1
2025-07-02T19:43:00+02:00;48993_G;40;9;0;unknown;0
2025-07-02T19:43:00+02:00;49042_D;22;3;0;unknown;0
2025-07-02T19:43:00+02:00;49042_G;32;2;38;heavy;1
2025-07-02T19:43:00+02:00;50035_D;32;3;60;heavy;1
2025-07-02T19:43:00+02:00;50035_G;22;3;50;heavy;1
2025-07-02T19:43:00+02:00;50087;24;11;75;heavy;2
2025-07-02T19:43:00+02:00;50107_D;50;11;0;unknown;0
2025-07-02T19:43:00+02:00;50107_G;31;17;73;heavy;2
2025-07-02T19:43:00+02:00;52835_G;33;4;100;heavy;3
2025-07-02T19:43:00+02:00;52850_D;14;10;100;congested;3
2025-07-02T19:43:00+02:00;52850_G;33;5;100;heavy;3
2025-07-02T19:43:00+02:00;52878;24;6;50;freeFlow;1
2025-07-02T19:43:00+02:00;53020_G;46;2;48;freeFlow;1
2025-07-02T19:43:00+02:00;53130_D;50;5;0;unknown;0
2025-07-02T19:43:00+02:00;53130_G;15;17;60;congested;1
2025-07-02T19:43:00+02:00;53375_D;41;2;40;freeFlow;1
2025-07-02T19:43:00+02:00;53375_G;30;3;0;unknown;0
2025-07-02T19:43:00+02:00;53427;89;49;100;freeFlow;6
2025-07-02T19:43:00+02:00;53988;43;5;100;freeFlow;3
2025-07-02T19:43:00+02:00;53989;50;2;0;unknown;0
2025-07-02T19:43:00+02:00;53992_D;39;10;60;freeFlow;1
2025-07-02T19:43:00+02:00;53992_G;50;8;0;unknown;0
2025-07-02T19:43:00+02:00;53995;8;9;32;congested;1
2025-07-02T19:43:00+02:00;53997;31;2;22;heavy;1
2025-07-02T19:43:00+02:00;53999;25;2;60;heavy;1
2025-07-02T19:43:00+02:00;54130;62;25;48;freeFlow;1
2025-07-02T19:43:00+02:00;54136;58;3;48;freeFlow;1
2025-07-02T19:43:00+02:00;54219;36;15;20;freeFlow;1
2025-07-02T19:43:00+02:00;54222;38;16;20;freeFlow;1
2025-07-02T19:43:00+02:00;54235;12;39;60;congested;1
2025-07-02T19:43:00+02:00;54300;67;6;63;freeFlow;2
2025-07-02T19:43:00+02:00;54304_D;3;59;60;congested;1
2025-07-02T19:43:00+02:00;54304_G;5;43;37;congested;1
2025-07-02T19:43:00+02:00;54309;25;36;75;heavy;2
2025-07-02T19:43:00+02:00;54345;59;2;10;freeFlow;1
2025-07-02T19:43:00+02:00;54352;50;7;0;unknown;0
2025-07-02T19:43:00+02:00;54353;50;3;0;unknown;0
2025-07-02T19:43:00+02:00;54356;38;22;75;freeFlow;2
2025-07-02T19:43:00+02:00;54357;21;12;75;heavy;2
2025-07-02T19:43:00+02:00;54370;50;4;0;unknown;0
2025-07-02T19:43:00+02:00;54373;16;11;75;heavy;2
2025-07-02T19:43:00+02:00;54374;17;11;100;heavy;3
2025-07-02T19:43:00+02:00;54377;57;19;75;freeFlow;2
2025-07-02T19:43:00+02:00;54396;39;6;75;freeFlow;2
2025-07-02T19:43:00+02:00;54397;44;13;75;freeFlow;2
2025-07-02T19:43:00+02:00;54468;47;3;75;freeFlow;2
2025-07-02T19:43:00+02:00;54470;40;7;75;freeFlow;2
2025-07-02T19:43:00+02:00;56022;37;4;48;freeFlow;1
2025-07-02T19:43:00+02:00;56598;8;7;32;congested;1
2025-07-02T19:43:00+02:00;56676_D;14;16;60;congested;1
2025-07-02T19:43:00+02:00;56868;10;19;20;congested;1
2025-07-02T19:43:00+02:00;56869;29;5;100;heavy;3
2025-07-02T19:43:00+02:00;56894;41;5;100;freeFlow;3
2025-07-02T19:43:00+02:00;56895;34;34;100;heavy;3
2025-07-02T19:43:00+02:00;56896;108;2;57;freeFlow;1
2025-07-02T19:43:00+02:00;56901;76;29;75;freeFlow;2
2025-07-02T19:43:00+02:00;60284;108;11;57;freeFlow;1
2025-07-02T19:43:00+02:00;63409_D;23;5;45;heavy;1
2025-07-02T19:43:00+02:00;63409_G;22;5;0;unknown;0
2025-07-02T19:43:00+02:00;66896;30;11;10;heavy;1
2025-07-02T19:43:00+02:00;69440;46;5;45;freeFlow;1
2025-07-02T19:43:00+02:00;69442;32;13;48;heavy;1
2025-07-02T19:43:00+02:00;75868;68;11;100;freeFlow;6
2025-07-02T19:43:00+02:00;75908;35;29;75;freeFlow;2
2025-07-02T19:43:00+02:00;75909;34;30;60;heavy;1
2025-07-02T19:43:00+02:00;44943;32;19;75;freeFlow;2
2025-07-02T19:43:00+02:00;47063;14;43;100;congested;3
2025-07-02T19:43:00+02:00;71455_G;50;3;0;unknown;0
2025-07-02T19:43:00+02:00;75831;45;20;60;freeFlow;1