datetime;predefinedLocationReference;averageVehicleSpeed;travelTime;travelTimeReliability;trafficStatus;vehicleProbeMeasurement
2025-07-02T15:43:00+02:00;10273_D;82;9;57;freeFlow;1
2025-07-02T15:43:00+02:00;10273_G;73;10;75;freeFlow;2
2025-07-02T15:43:00+02:00;10274_D;84;8;60;freeFlow;1
2025-07-02T15:43:00+02:00;10274_G;79;8;100;freeFlow;3
2025-07-02T15:43:00+02:00;10275_D;84;12;60;freeFlow;1
2025-07-02T15:43:00+02:00;10275_G;62;16;100;freeFlow;3
2025-07-02T15:43:00+02:00;10277_D;83;19;75;freeFlow;2
2025-07-02T15:43:00+02:00;10277_G;57;27;100;freeFlow;3
2025-07-02T15:43:00+02:00;10279_D;60;17;75;freeFlow;2
2025-07-02T15:43:00+02:00;10279_G;52;19;100;freeFlow;3
2025-07-02T15:43:00+02:00;10281_D;82;17;60;freeFlow;1
2025-07-02T15:43:00+02:00;10281_G;67;21;100;freeFlow;3
2025-07-02T15:43:00+02:00;10315_D;81;7;57;freeFlow;1
2025-07-02T15:43:00+02:00;10315_G;77;7;100;freeFlow;3
2025-07-02T15:43:00+02:00;11579_D;65;4;60;freeFlow;1
2025-07-02T15:43:00+02:00;11579_G;82;3;60;freeFlow;1
2025-07-02T15:43:00+02:00;11652;104;13;55;freeFlow;1
2025-07-02T15:43:00+02:00;11654;18;7;60;congested;1
2025-07-02T15:43:00+02:00;11777_D;17;5;60;congested;1
2025-07-02T15:43:00+02:00;11777_G;42;1;100;heavy;3
2025-07-02T15:43:00+02:00;11781_D;45;2;32;freeFlow;1
2025-07-02T15:43:00+02:00;11781_G;46;2;75;freeFlow;2
2025-07-02T15:43:00+02:00;11784_D;45;1;32;freeFlow;1
2025-07-02T15:43:00+02:00;11784_G;38;1;75;freeFlow;2
2025-07-02T15:43:00+02:00;11785_D;45;1;32;freeFlow;1
2025-07-02T15:43:00+02:00;11785_G;35;1;60;freeFlow;1
2025-07-02T15:43:00+02:00;12060_D;63;11;59;freeFlow;1
2025-07-02T15:43:00+02:00;12060_G;78;9;100;freeFlow;3
2025-07-02T15:43:00+02:00;1242_D;61;2;75;freeFlow;2
2025-07-02T15:43:00+02:00;1242_G;45;3;52;heavy;1
2025-07-02T15:43:00+02:00;1285_D;26;2;75;heavy;2
2025-07-02T15:43:00+02:00;1285_G;45;1;52;heavy;1
2025-07-02T15:43:00+02:00;13514;41;5;100;heavy;3
2025-07-02T15:43:00+02:00;13515;31;4;100;heavy;3
2025-07-02T15:43:00+02:00;13516;121;1;60;freeFlow;1
2025-07-02T15:43:00+02:00;13549_D;63;6;75;freeFlow;2
2025-07-02T15:43:00+02:00;13549_G;62;6;75;freeFlow;2
2025-07-02T15:43:00+02:00;13557_D;55;7;75;heavy;2
2025-07-02T15:43:00+02:00;13557_G;49;8;75;heavy;2
2025-07-02T15:43:00+02:00;14364;96;21;100;freeFlow;5
2025-07-02T15:43:00+02:00;14365;89;23;93;freeFlow;4
2025-07-02T15:43:00+02:00;15029_D;47;52;100;heavy;4
2025-07-02T15:43:00+02:00;15029_G;58;42;60;freeFlow;1
2025-07-02T15:43:00+02:00;15062;30;5;60;heavy;1
2025-07-02T15:43:00+02:00;15063;30;5;100;heavy;3
2025-07-02T15:43:00+02:00;15064;31;5;100;heavy;3
2025-07-02T15:43:00+02:00;15065;28;7;75;heavy;2
2025-07-02T15:43:00+02:00;15066;27;5;100;heavy;3
2025-07-02T15:43:00+02:00;15067_D;70;60;34;freeFlow;1
2025-07-02T15:43:00+02:00;15067_G;63;67;80;freeFlow;3
2025-07-02T15:43:00+02:00;15104_D;90;44;36;freeFlow;1
2025-07-02T15:43:00+02:00;15104_G;65;61;60;freeFlow;1
2025-07-02T15:43:00+02:00;15111;116;3;75;freeFlow;2
2025-07-02T15:43:00+02:00;15113;48;4;75;heavy;2
2025-07-02T15:43:00+02:00;15114;88;2;100;freeFlow;3
2025-07-02T15:43:00+02:00;15117;52;3;75;heavy;2
2025-07-02T15:43:00+02:00;15118;24;4;100;congested;3
2025-07-02T15:43:00+02:00;15119;24;7;100;congested;3
2025-07-02T15:43:00+02:00;15120;42;5;100;heavy;3
2025-07-02T15:43:00+02:00;15121;24;4;100;heavy;3
2025-07-02T15:43:00+02:00;15122;121;1;60;freeFlow;1
2025-07-02T15:43:00+02:00;15124_D;58;15;75;freeFlow;2
2025-07-02T15:43:00+02:00;15124_G;78;11;75;freeFlow;2
2025-07-02T15:43:00+02:00;15549_D;45;1;45;freeFlow;1
2025-07-02T15:43:00+02:00;15549_G;50;1;0;unknown;0
2025-07-02T15:43:00+02:00;15550;28;1;100;heavy;7
2025-07-02T15:43:00+02:00;15551;18;640;88;congested;10
2025-07-02T15:43:00+02:00;1601768;31;13;75;heavy;2
2025-07-02T15:43:00+02:00;1601771;34;7;75;heavy;2
2025-07-02T15:43:00+02:00;1601787;32;2;55;heavy;1
2025-07-02T15:43:00+02:00;1601792;46;1;60;freeFlow;2
2025-07-02T15:43:00+02:00;1601794_D;38;3;45;freeFlow;1
2025-07-02T15:43:00+02:00;1601794_G;33;3;57;freeFlow;1
2025-07-02T15:43:00+02:00;1601795;49;10;60;freeFlow;2
2025-07-02T15:43:00+02:00;1601797;32;16;57;freeFlow;1
2025-07-02T15:43:00+02:00;1601798;23;5;73;heavy;2
2025-07-02T15:43:00+02:00;1601799;25;3;57;freeFlow;1
2025-07-02T15:43:00+02:00;1601807;33;3;100;heavy;6
2025-07-02T15:43:00+02:00;1601808;38;25;100;freeFlow;3
2025-07-02T15:43:00+02:00;1601810;45;21;100;freeFlow;5
2025-07-02T15:43:00+02:00;1601812;32;6;100;heavy;3
2025-07-02T15:43:00+02:00;1601813_D;64;20;75;freeFlow;2
2025-07-02T15:43:00+02:00;1601813_G;55;23;48;freeFlow;1
2025-07-02T15:43:00+02:00;1601814;58;3;48;freeFlow;1
2025-07-02T15:43:00+02:00;1601815;54;3;98;freeFlow;6
2025-07-02T15:43:00+02:00;1601819;28;2;100;heavy;3
2025-07-02T15:43:00+02:00;1601824;30;5;100;heavy;3
2025-07-02T15:43:00+02:00;1601898;78;20;100;freeFlow;3
2025-07-02T15:43:00+02:00;1601931_D;50;5;0;unknown;0
2025-07-02T15:43:00+02:00;1601931_G;50;5;0;unknown;0
2025-07-02T15:43:00+02:00;1602158_D;50;1;0;unknown;0
2025-07-02T15:43:00+02:00;1602158_G;50;1;0;unknown;0
2025-07-02T15:43:00+02:00;1602398;16;3;100;heavy;3
2025-07-02T15:43:00+02:00;1626;59;41;100;heavy;8
2025-07-02T15:43:00+02:00;1627;24;7;100;heavy;3
2025-07-02T15:43:00+02:00;1628;50;2;0;unknown;0
2025-07-02T15:43:00+02:00;1629;34;4;100;heavy;6
2025-07-02T15:43:00+02:00;1630;38;3;100;freeFlow;6
2025-07-02T15:43:00+02:00;1631;104;1;50;freeFlow;2
2025-07-02T15:43:00+02:00;1632;29;64;100;heavy;4
2025-07-02T15:43:00+02:00;1633;49;16;100;freeFlow;3
2025-07-02T15:43:00+02:00;1639;40;7;100;heavy;8
2025-07-02T15:43:00+02:00;16647_D;73;62;70;freeFlow;2
2025-07-02T15:43:00+02:00;16647_G;61;74;75;freeFlow;2
2025-07-02T15:43:00+02:00;16648_D;82;9;75;freeFlow;2
2025-07-02T15:43:00+02:00;16648_G;80;9;75;freeFlow;2
2025-07-02T15:43:00+02:00;16695_D;59;48;68;freeFlow;2
2025-07-02T15:43:00+02:00;16695_G;63;45;75;freeFlow;2
2025-07-02T15:43:00+02:00;16701;51;2;15;freeFlow;1
2025-07-02T15:43:00+02:00;16702;38;3;60;freeFlow;1
2025-07-02T15:43:00+02:00;16707_D;50;1;42;freeFlow;1
2025-07-02T15:43:00+02:00;16707_G;51;1;15;freeFlow;1
2025-07-02T15:43:00+02:00;16744;26;5;75;heavy;2
2025-07-02T15:43:00+02:00;16745;24;5;100;congested;3
2025-07-02T15:43:00+02:00;16746;26;4;75;heavy;2
2025-07-02T15:43:00+02:00;16747;40;4;100;heavy;3
2025-07-02T15:43:00+02:00;16748;40;3;100;heavy;3
2025-07-02T15:43:00+02:00;16749;45;3;100;heavy;3
2025-07-02T15:43:00+02:00;16752_D;41;10;60;heavy;1
2025-07-02T15:43:00+02:00;16752_G;25;16;15;heavy;1
2025-07-02T15:43:00+02:00;1675_D;25;11;27;freeFlow;2
2025-07-02T15:43:00+02:00;1675_G;24;11;70;freeFlow;2
2025-07-02T15:43:00+02:00;1676;49;10;100;heavy;3
2025-07-02T15:43:00+02:00;16761;47;2;61;freeFlow;2
2025-07-02T15:43:00+02:00;16762;36;3;60;freeFlow;1
2025-07-02T15:43:00+02:00;1677;46;11;100;heavy;6
2025-07-02T15:43:00+02:00;1677109;12;138;100;congested;6
2025-07-02T15:43:00+02:00;1677110;62;1;20;freeFlow;1
2025-07-02T15:43:00+02:00;1677175_D;29;49;65;freeFlow;2
2025-07-02T15:43:00+02:00;1677175_G;35;41;55;freeFlow;1
2025-07-02T15:43:00+02:00;1677180_D;27;1;60;freeFlow;2
2025-07-02T15:43:00+02:00;1677180_G;35;1;55;freeFlow;1
2025-07-02T15:43:00+02:00;1677184_D;24;30;95;freeFlow;3
2025-07-02T15:43:00+02:00;1677184_G;33;21;95;freeFlow;3
2025-07-02T15:43:00+02:00;1677551_D;30;2;0;unknown;0
2025-07-02T15:43:00+02:00;1677551_G;34;2;27;freeFlow;1
2025-07-02T15:43:00+02:00;1677568_D;50;29;0;unknown;0
2025-07-02T15:43:00+02:00;1677568_G;50;30;0;unknown;0
2025-07-02T15:43:00+02:00;1677569;32;3;55;heavy;1
2025-07-02T15:43:00+02:00;1677687;50;1;0;unknown;0
2025-07-02T15:43:00+02:00;1677691;50;1;0;unknown;0
2025-07-02T15:43:00+02:00;1677693;50;2;0;unknown;0
2025-07-02T15:43:00+02:00;1677695_D;50;14;0;unknown;0
2025-07-02T15:43:00+02:00;1677695_G;50;13;0;unknown;0
2025-07-02T15:43:00+02:00;1677709_D;50;3;0;unknown;0
2025-07-02T15:43:00+02:00;1677709_G;50;4;0;unknown;0
2025-07-02T15:43:00+02:00;1677716_D;50;3;0;unknown;0
2025-07-02T15:43:00+02:00;1677716_G;50;3;0;unknown;0
2025-07-02T15:43:00+02:00;1677730_D;24;45;60;heavy;1
2025-07-02T15:43:00+02:00;1677730_G;22;49;61;heavy;2
2025-07-02T15:43:00+02:00;1677735_D;50;1;0;unknown;0
2025-07-02T15:43:00+02:00;1677735_G;50;1;0;unknown;0
2025-07-02T15:43:00+02:00;1677745_D;50;2;0;unknown;0
2025-07-02T15:43:00+02:00;1677745_G;50;1;0;unknown;0
2025-07-02T15:43:00+02:00;1677785_D;30;9;0;unknown;0
2025-07-02T15:43:00+02:00;1677785_G;30;9;0;unknown;0
2025-07-02T15:43:00+02:00;1677801_D;50;6;0;unknown;0
2025-07-02T15:43:00+02:00;1677801_G;50;6;0;unknown;0
2025-07-02T15:43:00+02:00;1677808_D;50;13;0;unknown;0
2025-07-02T15:43:00+02:00;1677808_G;50;13;0;unknown;0
2025-07-02T15:43:00+02:00;16783;46;2;12;freeFlow;1
2025-07-02T15:43:00+02:00;16784;46;2;12;freeFlow;1
2025-07-02T15:43:00+02:00;16785;45;2;45;freeFlow;1
2025-07-02T15:43:00+02:00;1678542;72;29;75;freeFlow;2
2025-07-02T15:43:00+02:00;1678698_D;31;25;60;heavy;1
2025-07-02T15:43:00+02:00;1678698_G;42;19;57;freeFlow;1
2025-07-02T15:43:00+02:00;1678750;50;2;0;unknown;0
2025-07-02T15:43:00+02:00;1678763_D;50;4;0;unknown;0
2025-07-02T15:43:00+02:00;1678763_G;50;4;0;unknown;0
2025-07-02T15:43:00+02:00;1679092_D;21;10;60;heavy;1
2025-07-02T15:43:00+02:00;1679092_G;51;4;60;freeFlow;1
2025-07-02T15:43:00+02:00;1679681;63;13;45;heavy;1
2025-07-02T15:43:00+02:00;1679779;28;11;75;heavy;2
2025-07-02T15:43:00+02:00;1679795_D;24;3;75;heavy;2
2025-07-02T15:43:00+02:00;1679822;20;4;60;heavy;1
2025-07-02T15:43:00+02:00;1679825;30;2;55;heavy;1
2025-07-02T15:43:00+02:00;1679841;33;30;60;heavy;1
2025-07-02T15:43:00+02:00;1679843;16;2;52;heavy;1
2025-07-02T15:43:00+02:00;1679845;20;2;60;heavy;1
2025-07-02T15:43:00+02:00;1679847;36;2;55;freeFlow;1
2025-07-02T15:43:00+02:00;1679859_D;50;10;57;freeFlow;1
2025-07-02T15:43:00+02:00;1679859_G;47;10;60;freeFlow;1
2025-07-02T15:43:00+02:00;1680014;101;5;100;freeFlow;12
2025-07-02T15:43:00+02:00;1680016;88;14;100;freeFlow;10
2025-07-02T15:43:00+02:00;1680022;87;6;100;freeFlow;8
2025-07-02T15:43:00+02:00;1680024;101;8;100;freeFlow;12
2025-07-02T15:43:00+02:00;1680116;58;2;60;freeFlow;1
2025-07-02T15:43:00+02:00;1680119;58;3;60;freeFlow;1
2025-07-02T15:43:00+02:00;1680121;42;3;45;heavy;1
2025-07-02T15:43:00+02:00;1680122_D;58;32;68;freeFlow;2
2025-07-02T15:43:00+02:00;1680122_G;53;35;66;heavy;2
2025-07-02T15:43:00+02:00;1680123;42;4;45;heavy;1
2025-07-02T15:43:00+02:00;1680337;6;40;60;congested;2
2025-07-02T15:43:00+02:00;1680401_D;64;19;52;freeFlow;1
2025-07-02T15:43:00+02:00;1680401_G;70;18;0;unknown;0
2025-07-02T15:43:00+02:00;1680514_D;33;13;60;heavy;1
2025-07-02T15:43:00+02:00;1680514_G;31;15;52;heavy;1
2025-07-02T15:43:00+02:00;1680539;104;1;55;freeFlow;1
2025-07-02T15:43:00+02:00;1680541_D;27;15;45;freeFlow;1
2025-07-02T15:43:00+02:00;1680541_G;29;14;60;freeFlow;1
2025-07-02T15:43:00+02:00;1680549_D;23;27;55;heavy;1
2025-07-02T15:43:00+02:00;1680549_G;31;21;52;heavy;1
2025-07-02T15:43:00+02:00;1680551_D;29;1;60;freeFlow;1
2025-07-02T15:43:00+02:00;1680551_G;21;2;42;freeFlow;1
2025-07-02T15:43:00+02:00;1680557_D;17;1;55;heavy;1
2025-07-02T15:43:00+02:00;1680557_G;30;1;48;heavy;1
2025-07-02T15:43:00+02:00;1680561_D;26;1;60;heavy;1
2025-07-02T15:43:00+02:00;1680561_G;31;1;52;heavy;1
2025-07-02T15:43:00+02:00;1680567;17;5;55;heavy;1
2025-07-02T15:43:00+02:00;1680569;31;5;52;heavy;1
2025-07-02T15:43:00+02:00;1680573;31;2;52;heavy;1
2025-07-02T15:43:00+02:00;1680574;30;4;60;heavy;2
2025-07-02T15:43:00+02:00;1680575;25;12;95;heavy;4
2025-07-02T15:43:00+02:00;1680576;21;5;60;heavy;1
2025-07-02T15:43:00+02:00;16821_D;76;88;75;freeFlow;2
2025-07-02T15:43:00+02:00;16821_G;83;80;75;freeFlow;2
2025-07-02T15:43:00+02:00;16830_D;50;16;0;unknown;0
2025-07-02T15:43:00+02:00;16830_G;50;16;0;unknown;0
2025-07-02T15:43:00+02:00;16831_D;50;2;0;unknown;0
2025-07-02T15:43:00+02:00;16831_G;50;2;0;unknown;0
2025-07-02T15:43:00+02:00;16832;24;7;30;heavy;1
2025-07-02T15:43:00+02:00;16834;29;24;30;heavy;1
2025-07-02T15:43:00+02:00;16850_D;50;1;0;unknown;0
2025-07-02T15:43:00+02:00;16850_G;50;1;0;unknown;0
2025-07-02T15:43:00+02:00;16851_D;50;3;0;unknown;0
2025-07-02T15:43:00+02:00;16851_G;50;2;0;unknown;0
2025-07-02T15:43:00+02:00;16852_D;50;5;0;unknown;0
2025-07-02T15:43:00+02:00;16852_G;50;5;0;unknown;0
2025-07-02T15:43:00+02:00;16853_D;50;7;0;unknown;0
2025-07-02T15:43:00+02:00;16853_G;50;7;0;unknown;0
2025-07-02T15:43:00+02:00;16854_D;50;4;0;unknown;0
2025-07-02T15:43:00+02:00;16854_G;50;4;0;unknown;0
2025-07-02T15:43:00+02:00;16855_D;50;4;0;unknown;0
2025-07-02T15:43:00+02:00;16855_G;50;4;0;unknown;0
2025-07-02T15:43:00+02:00;16856_D;42;8;0;unknown;0
2025-07-02T15:43:00+02:00;16856_G;50;7;0;unknown;0
2025-07-02T15:43:00+02:00;16858_D;50;30;0;unknown;0
2025-07-02T15:43:00+02:00;16858_G;50;30;0;unknown;0
2025-07-02T15:43:00+02:00;16859_D;50;3;0;unknown;0
2025-07-02T15:43:00+02:00;16859_G;50;3;0;unknown;0
2025-07-02T15:43:00+02:00;16860_D;50;7;0;unknown;0
2025-07-02T15:43:00+02:00;16860_G;50;7;0;unknown;0
2025-07-02T15:43:00+02:00;1690_D;4;73;60;congested;1
2025-07-02T15:43:00+02:00;1690_G;104;3;50;freeFlow;2
2025-07-02T15:43:00+02:00;16910_D;45;6;45;freeFlow;1
2025-07-02T15:43:00+02:00;16910_G;50;6;0;unknown;0
2025-07-02T15:43:00+02:00;16967;38;15;100;heavy;8
2025-07-02T15:43:00+02:00;16969;20;2;100;congested;4
2025-07-02T15:43:00+02:00;16986;43;15;100;heavy;7
2025-07-02T15:43:00+02:00;16988;58;13;100;freeFlow;6
2025-07-02T15:43:00+02:00;16989;65;7;100;freeFlow;6
2025-07-02T15:43:00+02:00;16990;59;7;100;freeFlow;9
2025-07-02T15:43:00+02:00;16992;34;40;100;heavy;10
2025-07-02T15:43:00+02:00;16994;55;20;100;freeFlow;8
2025-07-02T15:43:00+02:00;17;54;4;100;heavy;6
2025-07-02T15:43:00+02:00;1721;8;15;65;congested;2
2025-07-02T15:43:00+02:00;1722;15;9;50;congested;1
2025-07-02T15:43:00+02:00;1723;17;9;60;heavy;1
2025-07-02T15:43:00+02:00;1724_D;24;22;52;congested;1
2025-07-02T15:43:00+02:00;1724_G;17;32;68;congested;2
2025-07-02T15:43:00+02:00;1732_D;50;2;60;freeFlow;1
2025-07-02T15:43:00+02:00;1732_G;15;5;60;heavy;1
2025-07-02T15:43:00+02:00;1733_D;60;1;60;freeFlow;1
2025-07-02T15:43:00+02:00;1733_G;15;3;60;heavy;1
2025-07-02T15:43:00+02:00;1734_D;11;34;84;congested;4
2025-07-02T15:43:00+02:00;1734_G;15;24;60;heavy;1
2025-07-02T15:43:00+02:00;18337;43;2;45;freeFlow;1
2025-07-02T15:43:00+02:00;18391_D;67;4;100;freeFlow;4
2025-07-02T15:43:00+02:00;18391_G;71;3;60;freeFlow;1
2025-07-02T15:43:00+02:00;1853;76;31;100;freeFlow;9
2025-07-02T15:43:00+02:00;1855;87;6;100;freeFlow;16
2025-07-02T15:43:00+02:00;1856;86;10;100;freeFlow;15
2025-07-02T15:43:00+02:00;19040;29;3;100;heavy;3
2025-07-02T15:43:00+02:00;1910886;20;11;60;heavy;1
2025-07-02T15:43:00+02:00;1911185_D;28;41;20;heavy;1
2025-07-02T15:43:00+02:00;1911185_G;74;16;59;freeFlow;1
2025-07-02T15:43:00+02:00;1911398_D;27;2;27;freeFlow;1
2025-07-02T15:43:00+02:00;1911398_G;31;1;45;freeFlow;1
2025-07-02T15:43:00+02:00;1911404_D;49;2;45;freeFlow;1
2025-07-02T15:43:00+02:00;1911404_G;45;2;25;freeFlow;1
2025-07-02T15:43:00+02:00;1911418;41;6;100;freeFlow;7
2025-07-02T15:43:00+02:00;1911420;33;3;100;heavy;5
2025-07-02T15:43:00+02:00;1911448_D;73;26;40;freeFlow;1
2025-07-02T15:43:00+02:00;1911448_G;66;29;60;freeFlow;1
2025-07-02T15:43:00+02:00;1911623_D;48;4;45;freeFlow;1
2025-07-02T15:43:00+02:00;1911623_G;27;7;27;freeFlow;1
2025-07-02T15:43:00+02:00;19628;85;3;55;freeFlow;1
2025-07-02T15:43:00+02:00;19629;90;1;0;unknown;0
2025-07-02T15:43:00+02:00;19630;32;6;60;heavy;1
2025-07-02T15:43:00+02:00;19631;36;2;27;heavy;1
2025-07-02T15:43:00+02:00;19632;104;1;55;freeFlow;1
2025-07-02T15:43:00+02:00;19633;30;5;100;heavy;4
2025-07-02T15:43:00+02:00;19634;19;5;75;congested;2
2025-07-02T15:43:00+02:00;19635;30;5;60;heavy;1
2025-07-02T15:43:00+02:00;19636;32;5;75;heavy;2
2025-07-02T15:43:00+02:00;19637;27;3;60;heavy;1
2025-07-02T15:43:00+02:00;19638;24;5;100;heavy;6
2025-07-02T15:43:00+02:00;19639;36;4;100;heavy;3
2025-07-02T15:43:00+02:00;19640;42;3;100;heavy;3
2025-07-02T15:43:00+02:00;19642;21;6;74;congested;2
2025-07-02T15:43:00+02:00;19643;91;1;60;freeFlow;1
2025-07-02T15:43:00+02:00;19644;36;3;100;heavy;3
2025-07-02T15:43:00+02:00;19683;96;21;100;freeFlow;7
2025-07-02T15:43:00+02:00;19684;95;50;100;freeFlow;10
2025-07-02T15:43:00+02:00;19685;96;55;100;freeFlow;10
2025-07-02T15:43:00+02:00;19686;99;17;100;freeFlow;9
2025-07-02T15:43:00+02:00;198;71;64;73;freeFlow;3
2025-07-02T15:43:00+02:00;19825_D;55;59;60;heavy;1
2025-07-02T15:43:00+02:00;19825_G;69;47;100;freeFlow;3
2025-07-02T15:43:00+02:00;19828;34;4;100;heavy;5
2025-07-02T15:43:00+02:00;19830;32;3;75;heavy;2
2025-07-02T15:43:00+02:00;19832;29;5;100;heavy;3
2025-07-02T15:43:00+02:00;19833;36;3;100;freeFlow;3
2025-07-02T15:43:00+02:00;19841_D;64;23;75;freeFlow;2
2025-07-02T15:43:00+02:00;19841_G;84;17;100;freeFlow;3
2025-07-02T15:43:00+02:00;19842_D;66;6;75;freeFlow;2
2025-07-02T15:43:00+02:00;19842_G;72;5;100;freeFlow;3
2025-07-02T15:43:00+02:00;20525;40;4;57;heavy;2
2025-07-02T15:43:00+02:00;20526;37;4;38;heavy;1
2025-07-02T15:43:00+02:00;20527;43;4;75;heavy;2
2025-07-02T15:43:00+02:00;20528;43;3;60;heavy;1
2025-07-02T15:43:00+02:00;20590_D;75;109;49;freeFlow;2
2025-07-02T15:43:00+02:00;20590_G;70;117;85;freeFlow;3
2025-07-02T15:43:00+02:00;20760_D;60;25;60;freeFlow;1
2025-07-02T15:43:00+02:00;20760_G;34;44;48;heavy;1
2025-07-02T15:43:00+02:00;2216_D;64;48;68;freeFlow;2
2025-07-02T15:43:00+02:00;2216_G;72;42;55;freeFlow;1
2025-07-02T15:43:00+02:00;2218_D;65;34;75;freeFlow;2
2025-07-02T15:43:00+02:00;2218_G;84;26;57;freeFlow;1
2025-07-02T15:43:00+02:00;23984_D;54;1;75;heavy;2
2025-07-02T15:43:00+02:00;23984_G;48;1;50;heavy;1
2025-07-02T15:43:00+02:00;24143_D;51;8;100;heavy;3
2025-07-02T15:43:00+02:00;24143_G;49;8;68;heavy;2
2025-07-02T15:43:00+02:00;24147_D;71;53;75;freeFlow;2
2025-07-02T15:43:00+02:00;24147_G;70;54;50;freeFlow;1
2025-07-02T15:43:00+02:00;24148;54;2;75;freeFlow;2
2025-07-02T15:43:00+02:00;24149;41;3;48;freeFlow;1
2025-07-02T15:43:00+02:00;24150;56;2;100;freeFlow;3
2025-07-02T15:43:00+02:00;24151;48;3;50;freeFlow;1
2025-07-02T15:43:00+02:00;24153_D;61;15;100;freeFlow;3
2025-07-02T15:43:00+02:00;24153_G;58;16;48;freeFlow;1
2025-07-02T15:43:00+02:00;24176;16;101;100;congested;5
2025-07-02T15:43:00+02:00;24178;87;13;100;freeFlow;3
2025-07-02T15:43:00+02:00;24179;25;77;100;congested;3
2025-07-02T15:43:00+02:00;24181_D;52;3;60;freeFlow;1
2025-07-02T15:43:00+02:00;24181_G;43;4;75;freeFlow;2
2025-07-02T15:43:00+02:00;24182;81;14;100;freeFlow;3
2025-07-02T15:43:00+02:00;24184_D;47;12;55;freeFlow;1
2025-07-02T15:43:00+02:00;24184_G;54;11;75;freeFlow;2
2025-07-02T15:43:00+02:00;24259;30;4;95;heavy;3
2025-07-02T15:43:00+02:00;24260;27;6;75;heavy;2
2025-07-02T15:43:00+02:00;24261;34;4;100;heavy;3
2025-07-02T15:43:00+02:00;24262;24;7;60;heavy;1
2025-07-02T15:43:00+02:00;24264_D;41;1;68;heavy;2
2025-07-02T15:43:00+02:00;24264_G;43;1;100;heavy;3
2025-07-02T15:43:00+02:00;24265_D;52;1;60;freeFlow;1
2025-07-02T15:43:00+02:00;24265_G;17;3;75;heavy;2
2025-07-02T15:43:00+02:00;24274_D;34;14;75;heavy;2
2025-07-02T15:43:00+02:00;24274_G;52;9;60;freeFlow;1
2025-07-02T15:43:00+02:00;25687_D;30;7;0;unknown;0
2025-07-02T15:43:00+02:00;25687_G;30;7;0;unknown;0
2025-07-02T15:43:00+02:00;25929_D;80;10;0;unknown;0
2025-07-02T15:43:00+02:00;25929_G;80;11;0;unknown;0
2025-07-02T15:43:00+02:00;25930;31;5;75;heavy;2
2025-07-02T15:43:00+02:00;25931;31;6;75;heavy;2
2025-07-02T15:43:00+02:00;25932;30;5;75;heavy;2
2025-07-02T15:43:00+02:00;25933;27;5;95;heavy;3
2025-07-02T15:43:00+02:00;25934_D;80;3;0;unknown;0
2025-07-02T15:43:00+02:00;25934_G;80;3;0;unknown;0
2025-07-02T15:43:00+02:00;25944_D;43;7;75;heavy;2
2025-07-02T15:43:00+02:00;25944_G;44;6;75;heavy;2
2025-07-02T15:43:00+02:00;25946_D;61;14;100;freeFlow;3
2025-07-02T15:43:00+02:00;25946_G;65;13;75;freeFlow;2
2025-07-02T15:43:00+02:00;25947_D;64;30;75;freeFlow;2
2025-07-02T15:43:00+02:00;25947_G;45;43;75;heavy;2
2025-07-02T15:43:00+02:00;25988_D;30;10;0;unknown;0
2025-07-02T15:43:00+02:00;25988_G;30;10;0;unknown;0
2025-07-02T15:43:00+02:00;25989;50;2;0;unknown;0
2025-07-02T15:43:00+02:00;25990;37;2;0;unknown;0
2025-07-02T15:43:00+02:00;25991;37;2;0;unknown;0
2025-07-02T15:43:00+02:00;25992;25;5;0;unknown;0
2025-07-02T15:43:00+02:00;25993_D;30;3;0;unknown;0
2025-07-02T15:43:00+02:00;25993_G;30;3;0;unknown;0
2025-07-02T15:43:00+02:00;25994_D;50;4;0;unknown;0
2025-07-02T15:43:00+02:00;25994_G;34;6;0;unknown;0
2025-07-02T15:43:00+02:00;25995_D;50;1;0;unknown;0
2025-07-02T15:43:00+02:00;25995_G;50;1;0;unknown;0
2025-07-02T15:43:00+02:00;25996_D;50;5;0;unknown;0
2025-07-02T15:43:00+02:00;25996_G;15;15;0;unknown;0
2025-07-02T15:43:00+02:00;25997_D;50;1;0;unknown;0
2025-07-02T15:43:00+02:00;25997_G;50;1;0;unknown;0
2025-07-02T15:43:00+02:00;25998_D;50;11;0;unknown;0
2025-07-02T15:43:00+02:00;25998_G;50;11;0;unknown;0
2025-07-02T15:43:00+02:00;25999_D;50;8;0;unknown;0
2025-07-02T15:43:00+02:00;25999_G;50;8;0;unknown;0
2025-07-02T15:43:00+02:00;26000_D;80;5;0;unknown;0
2025-07-02T15:43:00+02:00;26000_G;80;5;0;unknown;0
2025-07-02T15:43:00+02:00;26001_D;80;1;0;unknown;0
2025-07-02T15:43:00+02:00;26001_G;80;1;0;unknown;0
2025-07-02T15:43:00+02:00;26002_D;80;5;0;unknown;0
2025-07-02T15:43:00+02:00;26002_G;80;5;0;unknown;0
2025-07-02T15:43:00+02:00;26023;89;2;100;freeFlow;5
2025-07-02T15:43:00+02:00;26024;95;48;100;freeFlow;4
2025-07-02T15:43:00+02:00;26025;84;77;100;freeFlow;6
2025-07-02T15:43:00+02:00;26041;13;24;100;congested;8
2025-07-02T15:43:00+02:00;26043;40;11;100;freeFlow;4
2025-07-02T15:43:00+02:00;26044;30;14;100;heavy;8
2025-07-02T15:43:00+02:00;26046;23;40;100;heavy;5
2025-07-02T15:43:00+02:00;26047;35;2;100;freeFlow;6
2025-07-02T15:43:00+02:00;26048;61;35;100;freeFlow;9
2025-07-02T15:43:00+02:00;26049;70;21;100;freeFlow;6
2025-07-02T15:43:00+02:00;26050;25;14;100;heavy;5
2025-07-02T15:43:00+02:00;26101_D;36;13;45;freeFlow;1
2025-07-02T15:43:00+02:00;26101_G;30;16;0;unknown;0
2025-07-02T15:43:00+02:00;26371_D;29;9;42;freeFlow;1
2025-07-02T15:43:00+02:00;26371_G;30;9;0;unknown;0
2025-07-02T15:43:00+02:00;26389_D;69;11;52;freeFlow;1
2025-07-02T15:43:00+02:00;26389_G;70;11;0;unknown;0
2025-07-02T15:43:00+02:00;26392_D;44;10;45;freeFlow;1
2025-07-02T15:43:00+02:00;26392_G;30;14;0;unknown;0
2025-07-02T15:43:00+02:00;26393;50;1;0;unknown;0
2025-07-02T15:43:00+02:00;26394;50;1;0;unknown;0
2025-07-02T15:43:00+02:00;26395;29;3;42;heavy;1
2025-07-02T15:43:00+02:00;26396;29;2;42;heavy;1
2025-07-02T15:43:00+02:00;26397_D;29;6;42;heavy;1
2025-07-02T15:43:00+02:00;26397_G;50;4;0;unknown;0
2025-07-02T15:43:00+02:00;26402_D;30;9;0;unknown;0
2025-07-02T15:43:00+02:00;26402_G;2;112;0;unknown;0
2025-07-02T15:43:00+02:00;26403_D;8;15;0;unknown;0
2025-07-02T15:43:00+02:00;26403_G;30;4;0;unknown;0
2025-07-02T15:43:00+02:00;26404_D;30;3;0;unknown;0
2025-07-02T15:43:00+02:00;26404_G;30;3;0;unknown;0
2025-07-02T15:43:00+02:00;26405_D;30;2;0;unknown;0
2025-07-02T15:43:00+02:00;26405_G;30;2;0;unknown;0
2025-07-02T15:43:00+02:00;26409_D;40;20;75;heavy;2
2025-07-02T15:43:00+02:00;26409_G;53;15;50;freeFlow;1
2025-07-02T15:43:00+02:00;26420_D;29;9;48;heavy;1
2025-07-02T15:43:00+02:00;26420_G;58;5;60;freeFlow;1
2025-07-02T15:43:00+02:00;26422_D;60;12;50;freeFlow;1
2025-07-02T15:43:00+02:00;26422_G;57;13;60;freeFlow;1
2025-07-02T15:43:00+02:00;26423_D;58;8;50;freeFlow;1
2025-07-02T15:43:00+02:00;26423_G;37;12;60;heavy;1
2025-07-02T15:43:00+02:00;26495_D;33;10;52;heavy;1
2025-07-02T15:43:00+02:00;26495_G;50;7;0;unknown;0
2025-07-02T15:43:00+02:00;26497_D;38;12;50;freeFlow;1
2025-07-02T15:43:00+02:00;26497_G;5;96;57;congested;1
2025-07-02T15:43:00+02:00;26501;90;25;100;freeFlow;10
2025-07-02T15:43:00+02:00;26573;100;14;100;freeFlow;10
2025-07-02T15:43:00+02:00;26603_D;30;2;0;unknown;0
2025-07-02T15:43:00+02:00;26603_G;30;2;0;unknown;0
2025-07-02T15:43:00+02:00;26611_D;29;4;42;freeFlow;1
2025-07-02T15:43:00+02:00;26611_G;30;4;0;unknown;0
2025-07-02T15:43:00+02:00;26619;34;2;100;heavy;5
2025-07-02T15:43:00+02:00;26654;19;26;100;heavy;9
2025-07-02T15:43:00+02:00;26656;55;9;100;freeFlow;6
2025-07-02T15:43:00+02:00;26897_D;22;20;50;freeFlow;1
2025-07-02T15:43:00+02:00;26897_G;30;15;0;unknown;0
2025-07-02T15:43:00+02:00;27837_D;70;4;60;freeFlow;1
2025-07-02T15:43:00+02:00;27837_G;83;4;57;freeFlow;1
2025-07-02T15:43:00+02:00;28032;23;7;60;congested;1
2025-07-02T15:43:00+02:00;28033;46;3;17;heavy;1
2025-07-02T15:43:00+02:00;282910_D;45;4;38;freeFlow;1
2025-07-02T15:43:00+02:00;282910_G;26;4;52;heavy;1
2025-07-02T15:43:00+02:00;28642_D;55;8;38;freeFlow;2
2025-07-02T15:43:00+02:00;28642_G;75;6;60;freeFlow;1
2025-07-02T15:43:00+02:00;28645_D;67;2;22;freeFlow;1
2025-07-02T15:43:00+02:00;28645_G;74;1;60;freeFlow;1
2025-07-02T15:43:00+02:00;28646_D;54;57;66;heavy;2
2025-07-02T15:43:00+02:00;28646_G;72;43;60;freeFlow;1
2025-07-02T15:43:00+02:00;28648_D;56;23;60;heavy;1
2025-07-02T15:43:00+02:00;28648_G;45;29;60;heavy;1
2025-07-02T15:43:00+02:00;28649_D;56;16;60;heavy;1
2025-07-02T15:43:00+02:00;28649_G;42;21;60;heavy;1
2025-07-02T15:43:00+02:00;28650_D;32;31;57;heavy;1
2025-07-02T15:43:00+02:00;28650_G;41;24;60;heavy;1
2025-07-02T15:43:00+02:00;28660_D;51;13;75;heavy;3
2025-07-02T15:43:00+02:00;28660_G;98;7;60;freeFlow;1
2025-07-02T15:43:00+02:00;28665_D;59;23;70;freeFlow;2
2025-07-02T15:43:00+02:00;28665_G;86;16;60;freeFlow;1
2025-07-02T15:43:00+02:00;28666_D;35;19;60;heavy;1
2025-07-02T15:43:00+02:00;28666_G;82;8;60;freeFlow;1
2025-07-02T15:43:00+02:00;28669_D;60;6;20;freeFlow;1
2025-07-02T15:43:00+02:00;28669_G;71;5;40;freeFlow;1
2025-07-02T15:43:00+02:00;28675_D;58;7;20;freeFlow;1
2025-07-02T15:43:00+02:00;28675_G;67;6;40;freeFlow;1
2025-07-02T15:43:00+02:00;28676_D;70;3;0;unknown;0
2025-07-02T15:43:00+02:00;28676_G;72;3;40;freeFlow;1
2025-07-02T15:43:00+02:00;28677_D;70;16;0;unknown;0
2025-07-02T15:43:00+02:00;28677_G;74;15;40;freeFlow;1
2025-07-02T15:43:00+02:00;28693_D;64;15;49;freeFlow;2
2025-07-02T15:43:00+02:00;28693_G;85;11;60;freeFlow;1
2025-07-02T15:43:00+02:00;28854;34;5;73;heavy;2
2025-07-02T15:43:00+02:00;28855;28;5;57;heavy;1
2025-07-02T15:43:00+02:00;28865_D;69;29;60;freeFlow;1
2025-07-02T15:43:00+02:00;28865_G;62;32;32;freeFlow;1
2025-07-02T15:43:00+02:00;28866_D;51;14;60;heavy;1
2025-07-02T15:43:00+02:00;28866_G;63;11;38;freeFlow;1
2025-07-02T15:43:00+02:00;28867;36;3;73;freeFlow;2
2025-07-02T15:43:00+02:00;28868;48;2;68;freeFlow;2
2025-07-02T15:43:00+02:00;29;82;17;100;freeFlow;5
2025-07-02T15:43:00+02:00;30;92;6;100;freeFlow;5
2025-07-02T15:43:00+02:00;30020_D;16;135;55;congested;1
2025-07-02T15:43:00+02:00;30020_G;65;33;60;freeFlow;1
2025-07-02T15:43:00+02:00;30022;86;3;100;freeFlow;9
2025-07-02T15:43:00+02:00;30023;84;60;100;freeFlow;10
2025-07-02T15:43:00+02:00;30118;45;2;60;freeFlow;1
2025-07-02T15:43:00+02:00;30351_D;37;1;40;freeFlow;1
2025-07-02T15:43:00+02:00;30351_G;8;6;25;congested;1
2025-07-02T15:43:00+02:00;30355_D;38;13;42;freeFlow;1
2025-07-02T15:43:00+02:00;30355_G;13;39;42;congested;1
2025-07-02T15:43:00+02:00;30359_D;29;21;42;heavy;1
2025-07-02T15:43:00+02:00;30359_G;38;16;32;heavy;1
2025-07-02T15:43:00+02:00;30405;33;2;93;heavy;3
2025-07-02T15:43:00+02:00;30406;16;14;53;heavy;2
2025-07-02T15:43:00+02:00;30407;30;4;40;heavy;1
2025-07-02T15:43:00+02:00;30408;30;2;40;heavy;1
2025-07-02T15:43:00+02:00;30409;33;4;66;heavy;2
2025-07-02T15:43:00+02:00;30410_D;21;2;25;heavy;1
2025-07-02T15:43:00+02:00;30410_G;33;1;60;heavy;1
2025-07-02T15:43:00+02:00;30411_D;29;10;27;heavy;1
2025-07-02T15:43:00+02:00;30411_G;27;11;60;heavy;1
2025-07-02T15:43:00+02:00;30414_D;50;7;0;unknown;0
2025-07-02T15:43:00+02:00;30414_G;19;20;60;heavy;1
2025-07-02T15:43:00+02:00;30416_D;6;81;38;congested;1
2025-07-02T15:43:00+02:00;30416_G;22;24;69;heavy;2
2025-07-02T15:43:00+02:00;30499_D;19;14;60;heavy;1
2025-07-02T15:43:00+02:00;30499_G;34;9;60;freeFlow;1
2025-07-02T15:43:00+02:00;30501_D;13;19;60;heavy;1
2025-07-02T15:43:00+02:00;30501_G;26;11;60;freeFlow;1
2025-07-02T15:43:00+02:00;30502_D;28;2;75;freeFlow;2
2025-07-02T15:43:00+02:00;30502_G;26;2;60;freeFlow;1
2025-07-02T15:43:00+02:00;30504_D;28;1;60;freeFlow;1
2025-07-02T15:43:00+02:00;30504_G;9;4;75;heavy;2
2025-07-02T15:43:00+02:00;30508;30;4;30;freeFlow;1
2025-07-02T15:43:00+02:00;30521_D;5;76;40;congested;1
2025-07-02T15:43:00+02:00;30521_G;37;12;30;freeFlow;1
2025-07-02T15:43:00+02:00;30522_D;50;2;0;unknown;0
2025-07-02T15:43:00+02:00;30522_G;34;3;30;heavy;1
2025-07-02T15:43:00+02:00;30606_D;35;16;60;heavy;1
2025-07-02T15:43:00+02:00;30606_G;20;27;60;heavy;1
2025-07-02T15:43:00+02:00;30608_D;32;5;60;heavy;1
2025-07-02T15:43:00+02:00;30608_G;24;6;60;heavy;1
2025-07-02T15:43:00+02:00;30611_D;26;15;60;heavy;1
2025-07-02T15:43:00+02:00;30611_G;28;14;60;heavy;1
2025-07-02T15:43:00+02:00;31;96;4;100;freeFlow;4
2025-07-02T15:43:00+02:00;31286;9;15;100;congested;3
2025-07-02T15:43:00+02:00;31287;12;5;100;congested;4
2025-07-02T15:43:00+02:00;31288;7;26;100;congested;4
2025-07-02T15:43:00+02:00;31289;21;5;100;heavy;4
2025-07-02T15:43:00+02:00;31300_D;19;2;100;heavy;3
2025-07-02T15:43:00+02:00;31300_G;8;6;75;congested;2
2025-07-02T15:43:00+02:00;31302_D;35;1;60;heavy;1
2025-07-02T15:43:00+02:00;31302_G;22;2;48;heavy;1
2025-07-02T15:43:00+02:00;31304_D;35;32;60;heavy;1
2025-07-02T15:43:00+02:00;31305_D;26;29;100;heavy;4
2025-07-02T15:43:00+02:00;31305_G;7;116;99;congested;3
2025-07-02T15:43:00+02:00;31361_D;27;2;75;heavy;2
2025-07-02T15:43:00+02:00;31361_G;16;2;75;heavy;2
2025-07-02T15:43:00+02:00;31444_D;45;55;50;heavy;1
2025-07-02T15:43:00+02:00;31444_G;71;35;75;freeFlow;2
2025-07-02T15:43:00+02:00;31448;56;2;75;heavy;2
2025-07-02T15:43:00+02:00;31449;55;3;97;heavy;3
2025-07-02T15:43:00+02:00;31450;19;7;52;congested;1
2025-07-02T15:43:00+02:00;31451;72;2;52;freeFlow;1
2025-07-02T15:43:00+02:00;31453_D;63;25;15;freeFlow;1
2025-07-02T15:43:00+02:00;31453_G;54;30;60;heavy;1
2025-07-02T15:43:00+02:00;31511;77;19;75;freeFlow;2
2025-07-02T15:43:00+02:00;31512;79;30;100;freeFlow;6
2025-07-02T15:43:00+02:00;31513;86;25;100;freeFlow;3
2025-07-02T15:43:00+02:00;31515;41;3;75;freeFlow;2
2025-07-02T15:43:00+02:00;31517;28;4;75;heavy;2
2025-07-02T15:43:00+02:00;31520;39;2;60;freeFlow;1
2025-07-02T15:43:00+02:00;31522;36;5;55;freeFlow;1
2025-07-02T15:43:00+02:00;31523_D;40;5;75;freeFlow;2
2025-07-02T15:43:00+02:00;31523_G;30;6;55;heavy;1
2025-07-02T15:43:00+02:00;31530_D;51;7;50;heavy;1
2025-07-02T15:43:00+02:00;31530_G;16;24;75;congested;2
2025-07-02T15:43:00+02:00;31532_D;51;3;50;heavy;1
2025-07-02T15:43:00+02:00;31532_G;42;4;75;heavy;2
2025-07-02T15:43:00+02:00;31534;11;35;100;congested;5
2025-07-02T15:43:00+02:00;31536;25;37;100;heavy;5
2025-07-02T15:43:00+02:00;31550;81;12;100;freeFlow;11
2025-07-02T15:43:00+02:00;31551;86;9;100;freeFlow;10
2025-07-02T15:43:00+02:00;31553;89;11;100;freeFlow;11
2025-07-02T15:43:00+02:00;31557;40;10;100;heavy;3
2025-07-02T15:43:00+02:00;31558_D;79;14;75;freeFlow;2
2025-07-02T15:43:00+02:00;31558_G;105;11;57;freeFlow;1
2025-07-02T15:43:00+02:00;31559;79;6;75;freeFlow;2
2025-07-02T15:43:00+02:00;31561;69;5;75;freeFlow;2
2025-07-02T15:43:00+02:00;31562;80;5;100;freeFlow;3
2025-07-02T15:43:00+02:00;31563;105;4;57;freeFlow;1
2025-07-02T15:43:00+02:00;31568;82;5;73;freeFlow;2
2025-07-02T15:43:00+02:00;31569;83;7;57;freeFlow;1
2025-07-02T15:43:00+02:00;31583_D;50;15;0;unknown;0
2025-07-02T15:43:00+02:00;31583_G;63;12;40;freeFlow;1
2025-07-02T15:43:00+02:00;31670_D;35;13;52;freeFlow;1
2025-07-02T15:43:00+02:00;31670_G;57;8;40;freeFlow;1
2025-07-02T15:43:00+02:00;31672_D;61;33;48;freeFlow;1
2025-07-02T15:43:00+02:00;31672_G;46;43;98;heavy;3
2025-07-02T15:43:00+02:00;31673;80;16;100;freeFlow;7
2025-07-02T15:43:00+02:00;31674;88;15;100;freeFlow;13
2025-07-02T15:43:00+02:00;31708_D;30;6;0;unknown;0
2025-07-02T15:43:00+02:00;31708_G;25;7;42;freeFlow;1
2025-07-02T15:43:00+02:00;31709_D;30;12;0;unknown;0
2025-07-02T15:43:00+02:00;31709_G;35;10;42;freeFlow;1
2025-07-02T15:43:00+02:00;31716_D;27;8;27;freeFlow;1
2025-07-02T15:43:00+02:00;31716_G;27;7;42;freeFlow;1
2025-07-02T15:43:00+02:00;31717_D;27;19;27;freeFlow;1
2025-07-02T15:43:00+02:00;31717_G;28;18;45;freeFlow;1
2025-07-02T15:43:00+02:00;31720_D;27;4;27;freeFlow;1
2025-07-02T15:43:00+02:00;31720_G;36;3;45;freeFlow;1
2025-07-02T15:43:00+02:00;31722_D;48;5;45;freeFlow;1
2025-07-02T15:43:00+02:00;31722_G;27;10;27;freeFlow;1
2025-07-02T15:43:00+02:00;31723;42;5;25;freeFlow;1
2025-07-02T15:43:00+02:00;31724;49;4;45;freeFlow;1
2025-07-02T15:43:00+02:00;31725;36;5;65;freeFlow;2
2025-07-02T15:43:00+02:00;31726;41;5;55;freeFlow;2
2025-07-02T15:43:00+02:00;31727_D;49;7;45;freeFlow;1
2025-07-02T15:43:00+02:00;31727_G;43;8;27;freeFlow;1
2025-07-02T15:43:00+02:00;31878;61;3;60;freeFlow;1
2025-07-02T15:43:00+02:00;31879;46;3;17;heavy;1
2025-07-02T15:43:00+02:00;31880;83;3;100;freeFlow;7
2025-07-02T15:43:00+02:00;31881;78;4;60;freeFlow;1
2025-07-02T15:43:00+02:00;31882;74;2;73;freeFlow;2
2025-07-02T15:43:00+02:00;32;96;13;100;freeFlow;4
2025-07-02T15:43:00+02:00;32118;89;1;100;freeFlow;13
2025-07-02T15:43:00+02:00;32163_D;27;3;27;freeFlow;1
2025-07-02T15:43:00+02:00;32163_G;33;3;45;freeFlow;1
2025-07-02T15:43:00+02:00;32165_D;26;3;60;heavy;1
2025-07-02T15:43:00+02:00;32165_G;25;3;60;heavy;1
2025-07-02T15:43:00+02:00;32177_D;32;18;57;heavy;1
2025-07-02T15:43:00+02:00;32177_G;28;21;60;heavy;1
2025-07-02T15:43:00+02:00;32784_D;20;4;60;heavy;1
2025-07-02T15:43:00+02:00;32784_G;20;4;60;heavy;1
2025-07-02T15:43:00+02:00;32785;11;6;75;congested;2
2025-07-02T15:43:00+02:00;32786;16;5;100;heavy;4
2025-07-02T15:43:00+02:00;32788;20;4;60;heavy;1
2025-07-02T15:43:00+02:00;32790;20;3;60;heavy;1
2025-07-02T15:43:00+02:00;32791;25;4;60;heavy;1
2025-07-02T15:43:00+02:00;32794;10;7;75;congested;2
2025-07-02T15:43:00+02:00;32796;20;3;60;heavy;1
2025-07-02T15:43:00+02:00;33;95;26;100;freeFlow;4
2025-07-02T15:43:00+02:00;34;88;30;75;freeFlow;2
2025-07-02T15:43:00+02:00;34744;88;37;100;freeFlow;18
2025-07-02T15:43:00+02:00;34745;92;35;100;freeFlow;7
2025-07-02T15:43:00+02:00;34757_D;33;3;27;heavy;1
2025-07-02T15:43:00+02:00;34757_G;54;2;32;freeFlow;1
2025-07-02T15:43:00+02:00;34758_D;50;16;0;unknown;0
2025-07-02T15:43:00+02:00;34758_G;58;14;32;freeFlow;1
2025-07-02T15:43:00+02:00;35;79;67;83;freeFlow;3
2025-07-02T15:43:00+02:00;35072;85;30;100;freeFlow;9
2025-07-02T15:43:00+02:00;35077;90;46;100;freeFlow;15
2025-07-02T15:43:00+02:00;35086;90;46;100;freeFlow;9
2025-07-02T15:43:00+02:00;35092;34;8;75;heavy;2
2025-07-02T15:43:00+02:00;35096;91;18;100;freeFlow;8
2025-07-02T15:43:00+02:00;35098;87;43;100;freeFlow;15
2025-07-02T15:43:00+02:00;35103;68;12;75;freeFlow;2
2025-07-02T15:43:00+02:00;35869_D;24;2;27;heavy;1
2025-07-02T15:43:00+02:00;35869_G;48;1;32;freeFlow;1
2025-07-02T15:43:00+02:00;35870_D;34;16;27;heavy;1
2025-07-02T15:43:00+02:00;35870_G;51;11;32;freeFlow;1
2025-07-02T15:43:00+02:00;35940;26;12;32;freeFlow;1
2025-07-02T15:43:00+02:00;35942;32;2;50;freeFlow;1
2025-07-02T15:43:00+02:00;35943;30;2;0;unknown;0
2025-07-02T15:43:00+02:00;35944;30;3;0;unknown;0
2025-07-02T15:43:00+02:00;35945;30;3;0;unknown;0
2025-07-02T15:43:00+02:00;35946_D;35;1;50;freeFlow;1
2025-07-02T15:43:00+02:00;35946_G;30;2;0;unknown;0
2025-07-02T15:43:00+02:00;35947;30;10;0;unknown;0
2025-07-02T15:43:00+02:00;35948;30;8;0;unknown;0
2025-07-02T15:43:00+02:00;35949;35;6;32;freeFlow;1
2025-07-02T15:43:00+02:00;35950;36;10;50;freeFlow;1
2025-07-02T15:43:00+02:00;35951;36;4;50;freeFlow;1
2025-07-02T15:43:00+02:00;35952;36;9;50;freeFlow;1
2025-07-02T15:43:00+02:00;35953;24;4;27;heavy;1
2025-07-02T15:43:00+02:00;35954;48;2;32;freeFlow;1
2025-07-02T15:43:00+02:00;35955;26;5;27;heavy;1
2025-07-02T15:43:00+02:00;35956;26;1;25;heavy;1
2025-07-02T15:43:00+02:00;35957_D;30;2;0;unknown;0
2025-07-02T15:43:00+02:00;35957_G;30;2;0;unknown;0
2025-07-02T15:43:00+02:00;35959_D;30;2;0;unknown;0
2025-07-02T15:43:00+02:00;35959_G;30;1;0;unknown;0
2025-07-02T15:43:00+02:00;35960;30;11;0;unknown;0
2025-07-02T15:43:00+02:00;35961;30;16;0;unknown;0
2025-07-02T15:43:00+02:00;35962;30;12;0;unknown;0
2025-07-02T15:43:00+02:00;35963;30;6;0;unknown;0
2025-07-02T15:43:00+02:00;35964;30;6;0;unknown;0
2025-07-02T15:43:00+02:00;35965;30;20;0;unknown;0
2025-07-02T15:43:00+02:00;35971;36;17;50;freeFlow;1
2025-07-02T15:43:00+02:00;35972;33;10;32;freeFlow;1
2025-07-02T15:43:00+02:00;35973;35;7;32;freeFlow;1
2025-07-02T15:43:00+02:00;35985_D;34;2;50;heavy;1
2025-07-02T15:43:00+02:00;35985_G;32;3;55;heavy;1
2025-07-02T15:43:00+02:00;35986_D;28;25;48;heavy;1
2025-07-02T15:43:00+02:00;35986_G;50;15;0;unknown;0
2025-07-02T15:43:00+02:00;35994_D;24;2;45;freeFlow;1
2025-07-02T15:43:00+02:00;35994_G;30;1;0;unknown;0
2025-07-02T15:43:00+02:00;35998;50;4;42;freeFlow;1
2025-07-02T15:43:00+02:00;35999;33;5;70;heavy;2
2025-07-02T15:43:00+02:00;36000;36;6;60;freeFlow;1
2025-07-02T15:43:00+02:00;36001;36;5;57;freeFlow;2
2025-07-02T15:43:00+02:00;36003_D;36;1;60;freeFlow;1
2025-07-02T15:43:00+02:00;36003_G;50;1;42;freeFlow;1
2025-07-02T15:43:00+02:00;36004_D;55;38;60;freeFlow;1
2025-07-02T15:43:00+02:00;36004_G;56;38;57;freeFlow;2
2025-07-02T15:43:00+02:00;36005;20;4;50;heavy;1
2025-07-02T15:43:00+02:00;36006;26;3;32;freeFlow;1
2025-07-02T15:43:00+02:00;36007;36;2;50;freeFlow;1
2025-07-02T15:43:00+02:00;36010_D;18;1;48;heavy;1
2025-07-02T15:43:00+02:00;36010_G;26;1;32;freeFlow;1
2025-07-02T15:43:00+02:00;36011;27;11;48;freeFlow;1
2025-07-02T15:43:00+02:00;36012_D;36;2;50;freeFlow;1
2025-07-02T15:43:00+02:00;36012_G;26;2;32;freeFlow;1
2025-07-02T15:43:00+02:00;37200_D;36;7;60;freeFlow;1
2025-07-02T15:43:00+02:00;37200_G;13;20;38;heavy;1
2025-07-02T15:43:00+02:00;37201;107;2;52;freeFlow;1
2025-07-02T15:43:00+02:00;37202;38;8;99;freeFlow;3
2025-07-02T15:43:00+02:00;37203;34;15;100;heavy;4
2025-07-02T15:43:00+02:00;37204_D;31;3;57;heavy;1
2025-07-02T15:43:00+02:00;37204_G;23;4;75;heavy;2
2025-07-02T15:43:00+02:00;37205_D;46;4;60;freeFlow;1
2025-07-02T15:43:00+02:00;37205_G;24;8;75;heavy;2
2025-07-02T15:43:00+02:00;37206_D;46;11;60;freeFlow;1
2025-07-02T15:43:00+02:00;37206_G;32;16;75;heavy;2
2025-07-02T15:43:00+02:00;37207;46;2;60;freeFlow;1
2025-07-02T15:43:00+02:00;37208;36;4;60;freeFlow;1
2025-07-02T15:43:00+02:00;37209;38;2;60;freeFlow;1
2025-07-02T15:43:00+02:00;37210_D;38;1;60;freeFlow;1
2025-07-02T15:43:00+02:00;37210_G;36;1;60;freeFlow;1
2025-07-02T15:43:00+02:00;37211_D;38;71;60;freeFlow;1
2025-07-02T15:43:00+02:00;37211_G;51;53;74;freeFlow;2
2025-07-02T15:43:00+02:00;37239;19;10;55;heavy;2
2025-07-02T15:43:00+02:00;37240;20;8;67;heavy;2
2025-07-02T15:43:00+02:00;37241;29;6;60;freeFlow;1
2025-07-02T15:43:00+02:00;37242;16;12;53;heavy;2
2025-07-02T15:43:00+02:00;37243_D;20;4;60;heavy;1
2025-07-02T15:43:00+02:00;37243_G;41;3;40;freeFlow;1
2025-07-02T15:43:00+02:00;37244_D;29;2;48;freeFlow;1
2025-07-02T15:43:00+02:00;37244_G;11;6;32;heavy;1
2025-07-02T15:43:00+02:00;37246_D;20;5;60;heavy;1
2025-07-02T15:43:00+02:00;37246_G;15;6;38;heavy;1
2025-07-02T15:43:00+02:00;37422_D;50;19;0;unknown;0
2025-07-02T15:43:00+02:00;37422_G;54;18;32;freeFlow;1
2025-07-02T15:43:00+02:00;37467_D;37;11;32;freeFlow;1
2025-07-02T15:43:00+02:00;37467_G;54;7;30;freeFlow;1
2025-07-02T15:43:00+02:00;37508_D;36;29;73;freeFlow;2
2025-07-02T15:43:00+02:00;37508_G;45;24;57;freeFlow;2
2025-07-02T15:43:00+02:00;37509_D;20;4;60;heavy;1
2025-07-02T15:43:00+02:00;37509_G;50;1;42;freeFlow;1
2025-07-02T15:43:00+02:00;37564_D;78;20;40;freeFlow;1
2025-07-02T15:43:00+02:00;37564_G;57;26;60;freeFlow;1
2025-07-02T15:43:00+02:00;37565_D;55;15;55;freeFlow;2
2025-07-02T15:43:00+02:00;37565_G;53;15;60;freeFlow;1
2025-07-02T15:43:00+02:00;37586_D;31;2;57;heavy;1
2025-07-02T15:43:00+02:00;37586_G;38;2;45;freeFlow;1
2025-07-02T15:43:00+02:00;37588_D;43;13;59;heavy;1
2025-07-02T15:43:00+02:00;37588_G;41;13;40;heavy;1
2025-07-02T15:43:00+02:00;37620_D;42;2;45;heavy;1
2025-07-02T15:43:00+02:00;37620_G;40;2;50;heavy;1
2025-07-02T15:43:00+02:00;37621;32;6;55;heavy;1
2025-07-02T15:43:00+02:00;37622;31;7;73;heavy;2
2025-07-02T15:43:00+02:00;37625_D;31;29;60;heavy;2
2025-07-02T15:43:00+02:00;37625_G;41;22;66;freeFlow;2
2025-07-02T15:43:00+02:00;37665_D;3;24;75;congested;2
2025-07-02T15:43:00+02:00;37665_G;34;2;45;heavy;1
2025-07-02T15:43:00+02:00;37667;55;23;100;freeFlow;4
2025-07-02T15:43:00+02:00;37668;55;7;55;freeFlow;1
2025-07-02T15:43:00+02:00;37673;37;10;100;heavy;4
2025-07-02T15:43:00+02:00;37686_D;41;16;75;freeFlow;2
2025-07-02T15:43:00+02:00;37686_G;39;17;55;freeFlow;1
2025-07-02T15:43:00+02:00;37702_D;23;12;60;heavy;1
2025-07-02T15:43:00+02:00;37702_G;50;5;0;unknown;0
2025-07-02T15:43:00+02:00;37706_D;50;1;0;unknown;0
2025-07-02T15:43:00+02:00;37706_G;11;5;60;congested;1
2025-07-02T15:43:00+02:00;37707_D;16;4;75;heavy;2
2025-07-02T15:43:00+02:00;37707_G;34;2;45;heavy;1
2025-07-02T15:43:00+02:00;37708_D;33;28;60;freeFlow;1
2025-07-02T15:43:00+02:00;37708_G;16;57;73;heavy;2
2025-07-02T15:43:00+02:00;37712_D;34;6;60;freeFlow;1
2025-07-02T15:43:00+02:00;37712_G;31;6;57;freeFlow;1
2025-07-02T15:43:00+02:00;37724;35;4;100;heavy;4
2025-07-02T15:43:00+02:00;37725;28;2;73;heavy;2
2025-07-02T15:43:00+02:00;37726;31;4;100;heavy;3
2025-07-02T15:43:00+02:00;37727;36;3;55;freeFlow;1
2025-07-02T15:43:00+02:00;37728;34;3;22;heavy;1
2025-07-02T15:43:00+02:00;37729;89;63;65;freeFlow;5
2025-07-02T15:43:00+02:00;37730;40;4;68;freeFlow;2
2025-07-02T15:43:00+02:00;37732;83;44;52;freeFlow;1
2025-07-02T15:43:00+02:00;37737;97;42;100;freeFlow;8
2025-07-02T15:43:00+02:00;37738;41;2;100;heavy;4
2025-07-02T15:43:00+02:00;37739;49;3;100;freeFlow;4
2025-07-02T15:43:00+02:00;37740;60;3;100;freeFlow;4
2025-07-02T15:43:00+02:00;37741;65;1;100;freeFlow;3
2025-07-02T15:43:00+02:00;37742;48;3;55;heavy;1
2025-07-02T15:43:00+02:00;37743;79;2;55;freeFlow;1
2025-07-02T15:43:00+02:00;37744;32;5;100;heavy;4
2025-07-02T15:43:00+02:00;37745;38;2;100;heavy;3
2025-07-02T15:43:00+02:00;37749;94;41;100;freeFlow;8
2025-07-02T15:43:00+02:00;37750;84;32;100;freeFlow;9
2025-07-02T15:43:00+02:00;37751;56;17;100;freeFlow;4
2025-07-02T15:43:00+02:00;37752;74;8;70;freeFlow;2
2025-07-02T15:43:00+02:00;37753;92;28;100;freeFlow;8
2025-07-02T15:43:00+02:00;37784;39;2;57;freeFlow;1
2025-07-02T15:43:00+02:00;37785;39;2;57;freeFlow;1
2025-07-02T15:43:00+02:00;37786;27;3;83;heavy;3
2025-07-02T15:43:00+02:00;37787_D;10;145;22;congested;1
2025-07-02T15:43:00+02:00;37787_G;58;26;55;freeFlow;1
2025-07-02T15:43:00+02:00;37818;98;47;100;freeFlow;7
2025-07-02T15:43:00+02:00;37819;70;80;100;freeFlow;6
2025-07-02T15:43:00+02:00;37822;95;9;100;freeFlow;7
2025-07-02T15:43:00+02:00;37826;50;1;0;unknown;0
2025-07-02T15:43:00+02:00;37827;47;1;52;freeFlow;1
2025-07-02T15:43:00+02:00;37941;83;59;100;freeFlow;17
2025-07-02T15:43:00+02:00;37947;90;8;100;freeFlow;8
2025-07-02T15:43:00+02:00;37948;97;71;100;freeFlow;13
2025-07-02T15:43:00+02:00;37949;88;78;100;freeFlow;10
2025-07-02T15:43:00+02:00;37950;90;8;100;freeFlow;13
2025-07-02T15:43:00+02:00;37970;86;16;100;freeFlow;6
2025-07-02T15:43:00+02:00;38;97;14;100;freeFlow;4
2025-07-02T15:43:00+02:00;38067;99;11;100;freeFlow;11
2025-07-02T15:43:00+02:00;38068;86;3;69;freeFlow;2
2025-07-02T15:43:00+02:00;38069;84;4;40;freeFlow;1
2025-07-02T15:43:00+02:00;38070;86;10;100;freeFlow;7
2025-07-02T15:43:00+02:00;38310;39;1;57;freeFlow;1
2025-07-02T15:43:00+02:00;38311;39;2;57;freeFlow;1
2025-07-02T15:43:00+02:00;38317;98;1;100;freeFlow;3
2025-07-02T15:43:00+02:00;38318;93;28;100;freeFlow;11
2025-07-02T15:43:00+02:00;38319;100;20;100;freeFlow;9
2025-07-02T15:43:00+02:00;38322;84;2;40;freeFlow;1
2025-07-02T15:43:00+02:00;38378_D;75;10;20;freeFlow;1
2025-07-02T15:43:00+02:00;38378_G;66;11;57;freeFlow;1
2025-07-02T15:43:00+02:00;38389_D;13;87;20;congested;1
2025-07-02T15:43:00+02:00;38389_G;65;17;57;freeFlow;1
2025-07-02T15:43:00+02:00;39061;87;3;60;freeFlow;1
2025-07-02T15:43:00+02:00;39062;87;1;60;freeFlow;1
2025-07-02T15:43:00+02:00;39063;87;5;60;freeFlow;1
2025-07-02T15:43:00+02:00;39473;73;27;95;freeFlow;5
2025-07-02T15:43:00+02:00;39618;99;3;100;freeFlow;10
2025-07-02T15:43:00+02:00;39619;98;2;100;freeFlow;10
2025-07-02T15:43:00+02:00;39720_D;57;22;60;freeFlow;1
2025-07-02T15:43:00+02:00;39720_G;48;26;40;freeFlow;1
2025-07-02T15:43:00+02:00;39902_D;70;1;0;unknown;0
2025-07-02T15:43:00+02:00;39902_G;63;1;57;freeFlow;1
2025-07-02T15:43:00+02:00;39904_D;75;1;20;freeFlow;1
2025-07-02T15:43:00+02:00;39904_G;69;1;57;freeFlow;1
2025-07-02T15:43:00+02:00;39906_D;75;7;20;freeFlow;1
2025-07-02T15:43:00+02:00;39906_G;69;7;57;freeFlow;1
2025-07-02T15:43:00+02:00;40185_D;7;19;69;congested;2
2025-07-02T15:43:00+02:00;40185_G;42;1;100;heavy;3
2025-07-02T15:43:00+02:00;40201;15;1;60;heavy;1
2025-07-02T15:43:00+02:00;40202;15;5;60;heavy;1
2025-07-02T15:43:00+02:00;40203;71;1;60;freeFlow;1
2025-07-02T15:43:00+02:00;40212_D;43;3;32;heavy;1
2025-07-02T15:43:00+02:00;40212_G;98;1;60;freeFlow;1
2025-07-02T15:43:00+02:00;40213_D;67;1;22;freeFlow;1
2025-07-02T15:43:00+02:00;40213_G;74;1;60;freeFlow;1
2025-07-02T15:43:00+02:00;41631_D;22;10;60;freeFlow;1
2025-07-02T15:43:00+02:00;41631_G;30;7;0;unknown;0
2025-07-02T15:43:00+02:00;41632_D;30;5;0;unknown;0
2025-07-02T15:43:00+02:00;41632_G;38;3;60;freeFlow;1
2025-07-02T15:43:00+02:00;41652_D;35;6;57;heavy;1
2025-07-02T15:43:00+02:00;41683_D;70;15;0;unknown;0
2025-07-02T15:43:00+02:00;41683_G;26;41;60;heavy;1
2025-07-02T15:43:00+02:00;41709_D;30;15;0;unknown;0
2025-07-02T15:43:00+02:00;41709_G;35;13;60;freeFlow;1
2025-07-02T15:43:00+02:00;41712_D;30;7;0;unknown;0
2025-07-02T15:43:00+02:00;41712_G;38;6;60;freeFlow;1
2025-07-02T15:43:00+02:00;41713_D;9;14;73;congested;2
2025-07-02T15:43:00+02:00;41713_G;5;22;52;congested;1
2025-07-02T15:43:00+02:00;41729;21;4;57;heavy;1
2025-07-02T15:43:00+02:00;41730;50;1;0;unknown;0
2025-07-02T15:43:00+02:00;41731;50;1;0;unknown;0
2025-07-02T15:43:00+02:00;41753_D;28;7;57;freeFlow;1
2025-07-02T15:43:00+02:00;41753_G;17;11;50;heavy;1
2025-07-02T15:43:00+02:00;41764_D;30;2;0;unknown;0
2025-07-02T15:43:00+02:00;41764_G;38;1;60;freeFlow;1
2025-07-02T15:43:00+02:00;41781;15;4;57;heavy;1
2025-07-02T15:43:00+02:00;41782;16;5;57;heavy;1
2025-07-02T15:43:00+02:00;41783;56;1;60;freeFlow;1
2025-07-02T15:43:00+02:00;41784;56;1;60;freeFlow;1
2025-07-02T15:43:00+02:00;41809_D;28;9;57;freeFlow;1
2025-07-02T15:43:00+02:00;41809_G;30;8;0;unknown;0
2025-07-02T15:43:00+02:00;41810_D;28;2;57;freeFlow;1
2025-07-02T15:43:00+02:00;41810_G;30;2;0;unknown;0
2025-07-02T15:43:00+02:00;41811_D;28;9;57;freeFlow;1
2025-07-02T15:43:00+02:00;41811_G;30;8;0;unknown;0
2025-07-02T15:43:00+02:00;41812_D;28;6;57;freeFlow;1
2025-07-02T15:43:00+02:00;41812_G;30;6;0;unknown;0
2025-07-02T15:43:00+02:00;41813_D;28;5;57;freeFlow;1
2025-07-02T15:43:00+02:00;41813_G;30;5;0;unknown;0
2025-07-02T15:43:00+02:00;41814_D;28;8;57;freeFlow;1
2025-07-02T15:43:00+02:00;41814_G;30;7;0;unknown;0
2025-07-02T15:43:00+02:00;41815_D;28;7;57;freeFlow;1
2025-07-02T15:43:00+02:00;41815_G;30;7;0;unknown;0
2025-07-02T15:43:00+02:00;41817_D;22;9;60;freeFlow;1
2025-07-02T15:43:00+02:00;41817_G;30;6;0;unknown;0
2025-07-02T15:43:00+02:00;41818_D;26;3;60;freeFlow;1
2025-07-02T15:43:00+02:00;41818_G;30;2;0;unknown;0
2025-07-02T15:43:00+02:00;42028;37;13;57;freeFlow;1
2025-07-02T15:43:00+02:00;42029;41;36;60;freeFlow;1
2025-07-02T15:43:00+02:00;42030;33;46;74;heavy;2
2025-07-02T15:43:00+02:00;42031;55;27;60;freeFlow;1
2025-07-02T15:43:00+02:00;42047;47;7;38;heavy;1
2025-07-02T15:43:00+02:00;42049;50;2;0;unknown;0
2025-07-02T15:43:00+02:00;42050;68;1;75;freeFlow;2
2025-07-02T15:43:00+02:00;42051;20;24;75;congested;2
2025-07-02T15:43:00+02:00;42125_D;55;21;40;freeFlow;1
2025-07-02T15:43:00+02:00;42125_G;50;23;60;freeFlow;1
2025-07-02T15:43:00+02:00;42134;46;51;60;heavy;1
2025-07-02T15:43:00+02:00;42135;78;35;88;freeFlow;3
2025-07-02T15:43:00+02:00;42206_D;34;27;75;heavy;2
2025-07-02T15:43:00+02:00;42238_D;47;7;55;freeFlow;1
2025-07-02T15:43:00+02:00;42257;49;10;38;heavy;1
2025-07-02T15:43:00+02:00;42273_D;30;6;0;unknown;0
2025-07-02T15:43:00+02:00;42273_G;31;6;60;freeFlow;1
2025-07-02T15:43:00+02:00;42293_D;28;2;57;freeFlow;1
2025-07-02T15:43:00+02:00;42293_G;19;3;50;heavy;1
2025-07-02T15:43:00+02:00;42307_D;52;15;60;freeFlow;1
2025-07-02T15:43:00+02:00;42307_G;47;16;53;freeFlow;2
2025-07-02T15:43:00+02:00;42359;31;22;75;heavy;2
2025-07-02T15:43:00+02:00;42375;50;1;0;unknown;0
2025-07-02T15:43:00+02:00;42378_D;28;1;57;freeFlow;1
2025-07-02T15:43:00+02:00;42378_G;6;8;52;congested;1
2025-07-02T15:43:00+02:00;42379;59;45;60;heavy;1
2025-07-02T15:43:00+02:00;42383;19;4;55;heavy;1
2025-07-02T15:43:00+02:00;42384;50;1;0;unknown;0
2025-07-02T15:43:00+02:00;42385;40;2;60;freeFlow;1
2025-07-02T15:43:00+02:00;42386;24;2;60;heavy;1
2025-07-02T15:43:00+02:00;42387;26;8;60;heavy;1
2025-07-02T15:43:00+02:00;42388;32;3;96;heavy;3
2025-07-02T15:43:00+02:00;42389;38;4;60;freeFlow;1
2025-07-02T15:43:00+02:00;42390;27;4;75;heavy;2
2025-07-02T15:43:00+02:00;42391;28;4;15;heavy;1
2025-07-02T15:43:00+02:00;42392;18;5;60;heavy;1
2025-07-02T15:43:00+02:00;42399;10;27;60;congested;1
2025-07-02T15:43:00+02:00;42401_D;67;19;38;freeFlow;1
2025-07-02T15:43:00+02:00;42401_G;51;25;53;freeFlow;2
2025-07-02T15:43:00+02:00;42572;18;3;60;heavy;1
2025-07-02T15:43:00+02:00;42573;38;1;60;freeFlow;1
2025-07-02T15:43:00+02:00;42580;25;5;60;congested;1
2025-07-02T15:43:00+02:00;42595_D;30;6;0;unknown;0
2025-07-02T15:43:00+02:00;42595_G;29;6;60;freeFlow;1
2025-07-02T15:43:00+02:00;42603;18;31;99;heavy;3
2025-07-02T15:43:00+02:00;42663_D;50;5;0;unknown;0
2025-07-02T15:43:00+02:00;42663_G;65;4;60;freeFlow;1
2025-07-02T15:43:00+02:00;42681_D;70;13;0;unknown;0
2025-07-02T15:43:00+02:00;42681_G;66;14;60;freeFlow;1
2025-07-02T15:43:00+02:00;42684_D;27;2;52;freeFlow;1
2025-07-02T15:43:00+02:00;42684_G;30;2;0;unknown;0
2025-07-02T15:43:00+02:00;42685;56;47;75;heavy;2
2025-07-02T15:43:00+02:00;42709_D;39;24;40;freeFlow;1
2025-07-02T15:43:00+02:00;42709_G;44;21;10;freeFlow;1
2025-07-02T15:43:00+02:00;42777_D;29;5;60;heavy;1
2025-07-02T15:43:00+02:00;42777_G;7;21;55;congested;2
2025-07-02T15:43:00+02:00;42778_D;29;2;60;heavy;1
2025-07-02T15:43:00+02:00;42778_G;16;4;53;heavy;2
2025-07-02T15:43:00+02:00;42779;50;2;0;unknown;0
2025-07-02T15:43:00+02:00;42780_D;67;6;60;freeFlow;1
2025-07-02T15:43:00+02:00;42780_G;39;11;53;freeFlow;2
2025-07-02T15:43:00+02:00;42938_D;50;6;0;unknown;0
2025-07-02T15:43:00+02:00;42938_G;20;15;60;heavy;1
2025-07-02T15:43:00+02:00;42939_D;50;4;0;unknown;0
2025-07-02T15:43:00+02:00;42939_G;20;11;60;heavy;1
2025-07-02T15:43:00+02:00;42940_D;50;9;0;unknown;0
2025-07-02T15:43:00+02:00;42940_G;20;22;60;heavy;1
2025-07-02T15:43:00+02:00;42941_D;50;3;0;unknown;0
2025-07-02T15:43:00+02:00;42941_G;20;7;60;heavy;1
2025-07-02T15:43:00+02:00;42947_D;50;9;0;unknown;0
2025-07-02T15:43:00+02:00;42947_G;50;9;0;unknown;0
2025-07-02T15:43:00+02:00;42948_D;50;5;0;unknown;0
2025-07-02T15:43:00+02:00;42948_G;50;5;0;unknown;0
2025-07-02T15:43:00+02:00;42949_D;50;5;0;unknown;0
2025-07-02T15:43:00+02:00;42949_G;50;5;0;unknown;0
2025-07-02T15:43:00+02:00;42978_D;50;11;0;unknown;0
2025-07-02T15:43:00+02:00;42978_G;19;30;60;heavy;1
2025-07-02T15:43:00+02:00;42979_D;50;3;0;unknown;0
2025-07-02T15:43:00+02:00;42979_G;17;9;60;heavy;1
2025-07-02T15:43:00+02:00;42983_D;50;8;0;unknown;0
2025-07-02T15:43:00+02:00;42983_G;19;21;60;heavy;1
2025-07-02T15:43:00+02:00;42999_D;50;12;0;unknown;0
2025-07-02T15:43:00+02:00;42999_G;23;26;0;unknown;0
2025-07-02T15:43:00+02:00;43000_D;50;5;0;unknown;0
2025-07-02T15:43:00+02:00;43000_G;50;5;0;unknown;0
2025-07-02T15:43:00+02:00;43001_D;50;4;0;unknown;0
2025-07-02T15:43:00+02:00;43001_G;50;4;0;unknown;0
2025-07-02T15:43:00+02:00;43003_D;50;3;0;unknown;0
2025-07-02T15:43:00+02:00;43003_G;50;3;0;unknown;0
2025-07-02T15:43:00+02:00;43027_D;50;5;0;unknown;0
2025-07-02T15:43:00+02:00;43027_G;20;13;60;heavy;1
2025-07-02T15:43:00+02:00;43029_D;50;8;0;unknown;0
2025-07-02T15:43:00+02:00;43029_G;50;8;0;unknown;0
2025-07-02T15:43:00+02:00;43046_D;50;6;0;unknown;0
2025-07-02T15:43:00+02:00;43046_G;50;6;0;unknown;0
2025-07-02T15:43:00+02:00;43047_D;50;4;0;unknown;0
2025-07-02T15:43:00+02:00;43047_G;50;3;0;unknown;0
2025-07-02T15:43:00+02:00;43048_D;50;5;0;unknown;0
2025-07-02T15:43:00+02:00;43048_G;17;15;60;heavy;1
2025-07-02T15:43:00+02:00;43049_D;30;4;0;unknown;0
2025-07-02T15:43:00+02:00;43049_G;17;7;60;heavy;1
2025-07-02T15:43:00+02:00;43050_D;50;3;0;unknown;0
2025-07-02T15:43:00+02:00;43050_G;20;8;60;heavy;1
2025-07-02T15:43:00+02:00;43099;7;11;48;congested;1
2025-07-02T15:43:00+02:00;43352_G;13;36;74;heavy;2
2025-07-02T15:43:00+02:00;43451_D;21;22;50;freeFlow;2
2025-07-02T15:43:00+02:00;43481;28;26;50;heavy;2
2025-07-02T15:43:00+02:00;43627;24;27;73;heavy;2
2025-07-02T15:43:00+02:00;43658_D;20;9;48;heavy;2
2025-07-02T15:43:00+02:00;43658_G;34;5;75;heavy;2
2025-07-02T15:43:00+02:00;43718_D;50;3;0;unknown;0
2025-07-02T15:43:00+02:00;43718_G;50;3;0;unknown;0
2025-07-02T15:43:00+02:00;43719_D;50;9;0;unknown;0
2025-07-02T15:43:00+02:00;43719_G;50;9;0;unknown;0
2025-07-02T15:43:00+02:00;43720_D;50;4;0;unknown;0
2025-07-02T15:43:00+02:00;43720_G;50;4;0;unknown;0
2025-07-02T15:43:00+02:00;43724_D;50;8;0;unknown;0
2025-07-02T15:43:00+02:00;43724_G;22;19;60;heavy;1
2025-07-02T15:43:00+02:00;43733_D;50;4;0;unknown;0
2025-07-02T15:43:00+02:00;43733_G;50;4;0;unknown;0
2025-07-02T15:43:00+02:00;43736_D;50;4;0;unknown;0
2025-07-02T15:43:00+02:00;43736_G;50;4;0;unknown;0
2025-07-02T15:43:00+02:00;43739_D;32;10;12;heavy;1
2025-07-02T15:43:00+02:00;43739_G;8;45;0;unknown;0
2025-07-02T15:43:00+02:00;43740_D;35;8;12;freeFlow;1
2025-07-02T15:43:00+02:00;43740_G;45;6;0;unknown;0
2025-07-02T15:43:00+02:00;43741_D;35;1;12;heavy;1
2025-07-02T15:43:00+02:00;43741_G;45;0;0;unknown;0
2025-07-02T15:43:00+02:00;43742_D;50;7;0;unknown;0
2025-07-02T15:43:00+02:00;43742_G;31;11;10;heavy;1
2025-07-02T15:43:00+02:00;43743_G;26;49;12;heavy;1
2025-07-02T15:43:00+02:00;43744_D;50;5;0;unknown;0
2025-07-02T15:43:00+02:00;43744_G;36;7;10;freeFlow;1
2025-07-02T15:43:00+02:00;43748;17;12;60;heavy;1
2025-07-02T15:43:00+02:00;43757;17;6;60;heavy;1
2025-07-02T15:43:00+02:00;43758;24;12;60;heavy;1
2025-07-02T15:43:00+02:00;43786_D;11;59;0;unknown;0
2025-07-02T15:43:00+02:00;43786_G;20;31;60;heavy;1
2025-07-02T15:43:00+02:00;43787_D;20;6;0;unknown;0
2025-07-02T15:43:00+02:00;43787_G;20;6;60;heavy;1
2025-07-02T15:43:00+02:00;43788_D;50;2;0;unknown;0
2025-07-02T15:43:00+02:00;43788_G;25;3;55;heavy;1
2025-07-02T15:43:00+02:00;43789_D;22;13;60;heavy;1
2025-07-02T15:43:00+02:00;43789_G;25;11;55;heavy;1
2025-07-02T15:43:00+02:00;43790_D;27;9;60;heavy;1
2025-07-02T15:43:00+02:00;43790_G;25;9;55;heavy;1
2025-07-02T15:43:00+02:00;43791_D;27;5;60;heavy;1
2025-07-02T15:43:00+02:00;43791_G;25;6;55;heavy;1
2025-07-02T15:43:00+02:00;43792_D;35;10;60;freeFlow;1
2025-07-02T15:43:00+02:00;43792_G;27;12;55;heavy;1
2025-07-02T15:43:00+02:00;43814_D;43;16;75;freeFlow;2
2025-07-02T15:43:00+02:00;43814_G;34;20;50;heavy;1
2025-07-02T15:43:00+02:00;43815_D;9;41;60;congested;1
2025-07-02T15:43:00+02:00;43815_G;39;10;48;freeFlow;1
2025-07-02T15:43:00+02:00;43817_D;50;14;0;unknown;0
2025-07-02T15:43:00+02:00;43817_G;40;17;10;freeFlow;1
2025-07-02T15:43:00+02:00;43819;24;19;50;freeFlow;1
2025-07-02T15:43:00+02:00;43821;19;14;60;heavy;1
2025-07-02T15:43:00+02:00;43828_D;22;26;0;unknown;0
2025-07-02T15:43:00+02:00;43828_G;7;76;58;congested;1
2025-07-02T15:43:00+02:00;43835_D;40;9;60;freeFlow;1
2025-07-02T15:43:00+02:00;43835_G;36;10;48;freeFlow;1
2025-07-02T15:43:00+02:00;43836;32;15;60;heavy;1
2025-07-02T15:43:00+02:00;43871_D;50;4;0;unknown;0
2025-07-02T15:43:00+02:00;43871_G;50;4;0;unknown;0
2025-07-02T15:43:00+02:00;43872_D;50;4;0;unknown;0
2025-07-02T15:43:00+02:00;43872_G;50;4;0;unknown;0
2025-07-02T15:43:00+02:00;43873_D;50;5;0;unknown;0
2025-07-02T15:43:00+02:00;43873_G;50;5;0;unknown;0
2025-07-02T15:43:00+02:00;43925_D;50;5;0;unknown;0
2025-07-02T15:43:00+02:00;43925_G;50;5;0;unknown;0
2025-07-02T15:43:00+02:00;43937_D;50;6;0;unknown;0
2025-07-02T15:43:00+02:00;43937_G;50;6;0;unknown;0
2025-07-02T15:43:00+02:00;43938_D;50;20;0;unknown;0
2025-07-02T15:43:00+02:00;43938_G;50;20;0;unknown;0
2025-07-02T15:43:00+02:00;43972;18;18;73;heavy;2
2025-07-02T15:43:00+02:00;43974;12;42;75;congested;2
2025-07-02T15:43:00+02:00;43975;44;5;60;freeFlow;1
2025-07-02T15:43:00+02:00;44002_D;31;14;55;heavy;1
2025-07-02T15:43:00+02:00;44002_G;12;36;60;congested;1
2025-07-02T15:43:00+02:00;44003_D;50;8;0;unknown;0
2025-07-02T15:43:00+02:00;44012;18;37;60;heavy;1
2025-07-02T15:43:00+02:00;44017_D;24;6;75;heavy;2
2025-07-02T15:43:00+02:00;44018_D;21;27;60;heavy;1
2025-07-02T15:43:00+02:00;44028;30;9;60;heavy;1
2025-07-02T15:43:00+02:00;44036_D;21;5;60;heavy;1
2025-07-02T15:43:00+02:00;44036_G;46;2;60;freeFlow;1
2025-07-02T15:43:00+02:00;44066;13;15;48;congested;2
2025-07-02T15:43:00+02:00;44067;10;71;38;congested;1
2025-07-02T15:43:00+02:00;44069;76;3;38;freeFlow;1
2025-07-02T15:43:00+02:00;44084_D;60;5;57;freeFlow;1
2025-07-02T15:43:00+02:00;44084_G;50;5;0;unknown;0
2025-07-02T15:43:00+02:00;44089_D;50;6;0;unknown;0
2025-07-02T15:43:00+02:00;44089_G;50;6;0;unknown;0
2025-07-02T15:43:00+02:00;44090_D;50;5;0;unknown;0
2025-07-02T15:43:00+02:00;44090_G;50;5;0;unknown;0
2025-07-02T15:43:00+02:00;44131;33;19;55;heavy;1
2025-07-02T15:43:00+02:00;44134;58;7;22;freeFlow;1
2025-07-02T15:43:00+02:00;44165_D;60;4;57;freeFlow;1
2025-07-02T15:43:00+02:00;44165_G;50;5;0;unknown;0
2025-07-02T15:43:00+02:00;44198_D;50;14;0;unknown;0
2025-07-02T15:43:00+02:00;44198_G;25;29;60;heavy;1
2025-07-02T15:43:00+02:00;44199_D;50;5;0;unknown;0
2025-07-02T15:43:00+02:00;44199_G;41;6;60;freeFlow;1
2025-07-02T15:43:00+02:00;44231_D;10;26;57;congested;1
2025-07-02T15:43:00+02:00;44231_G;26;10;48;heavy;1
2025-07-02T15:43:00+02:00;44232_D;43;5;60;freeFlow;1
2025-07-02T15:43:00+02:00;44232_G;28;8;73;heavy;2
2025-07-02T15:43:00+02:00;44234_D;43;8;60;freeFlow;1
2025-07-02T15:43:00+02:00;44234_G;13;27;73;congested;2
2025-07-02T15:43:00+02:00;44259_D;47;2;60;freeFlow;1
2025-07-02T15:43:00+02:00;44259_G;29;4;50;heavy;1
2025-07-02T15:43:00+02:00;44260;39;10;60;freeFlow;1
2025-07-02T15:43:00+02:00;44261_D;28;16;52;heavy;1
2025-07-02T15:43:00+02:00;44261_G;12;38;50;congested;1
2025-07-02T15:43:00+02:00;44293;50;5;0;unknown;0
2025-07-02T15:43:00+02:00;44303_D;50;2;0;unknown;0
2025-07-02T15:43:00+02:00;44303_G;50;2;0;unknown;0
2025-07-02T15:43:00+02:00;44304_D;39;12;60;freeFlow;1
2025-07-02T15:43:00+02:00;44304_G;50;9;0;unknown;0
2025-07-02T15:43:00+02:00;44322_D;42;52;60;freeFlow;1
2025-07-02T15:43:00+02:00;44322_G;23;97;68;heavy;2
2025-07-02T15:43:00+02:00;44328;50;10;0;unknown;0
2025-07-02T15:43:00+02:00;44583_D;50;7;60;freeFlow;1
2025-07-02T15:43:00+02:00;44583_G;50;7;0;unknown;0
2025-07-02T15:43:00+02:00;44584_D;60;8;57;freeFlow;1
2025-07-02T15:43:00+02:00;44584_G;50;10;0;unknown;0
2025-07-02T15:43:00+02:00;44632_D;60;17;57;freeFlow;1
2025-07-02T15:43:00+02:00;44632_G;50;20;0;unknown;0
2025-07-02T15:43:00+02:00;44694_D;1;997;22;congested;1
2025-07-02T15:43:00+02:00;44694_G;1;823;60;congested;1
2025-07-02T15:43:00+02:00;44695_D;11;10;22;congested;1
2025-07-02T15:43:00+02:00;44695_G;50;2;0;unknown;0
2025-07-02T15:43:00+02:00;44711_D;41;15;75;freeFlow;2
2025-07-02T15:43:00+02:00;44711_G;38;16;60;freeFlow;1
2025-07-02T15:43:00+02:00;44712_D;40;6;57;freeFlow;1
2025-07-02T15:43:00+02:00;44712_G;7;32;27;congested;1
2025-07-02T15:43:00+02:00;44714_D;41;1;60;freeFlow;1
2025-07-02T15:43:00+02:00;44714_G;46;1;60;freeFlow;1
2025-07-02T15:43:00+02:00;44736_D;60;2;57;freeFlow;1
2025-07-02T15:43:00+02:00;44736_G;50;2;0;unknown;0
2025-07-02T15:43:00+02:00;44868;89;5;12;freeFlow;1
2025-07-02T15:43:00+02:00;44873;50;3;0;unknown;0
2025-07-02T15:43:00+02:00;44874;67;6;100;freeFlow;4
2025-07-02T15:43:00+02:00;44875;79;5;60;freeFlow;1
2025-07-02T15:43:00+02:00;44877;65;6;100;freeFlow;3
2025-07-02T15:43:00+02:00;44878;70;13;0;unknown;0
2025-07-02T15:43:00+02:00;44880;93;16;100;freeFlow;8
2025-07-02T15:43:00+02:00;44882;84;12;100;freeFlow;9
2025-07-02T15:43:00+02:00;44884;88;15;100;freeFlow;10
2025-07-02T15:43:00+02:00;44900;79;19;60;freeFlow;1
2025-07-02T15:43:00+02:00;44902_D;25;66;15;heavy;1
2025-07-02T15:43:00+02:00;44902_G;24;69;60;heavy;1
2025-07-02T15:43:00+02:00;44905;65;11;100;freeFlow;5
2025-07-02T15:43:00+02:00;44920;65;3;100;freeFlow;18
2025-07-02T15:43:00+02:00;44942;56;20;75;freeFlow;2
2025-07-02T15:43:00+02:00;44948;86;12;100;freeFlow;10
2025-07-02T15:43:00+02:00;44961;38;8;60;freeFlow;1
2025-07-02T15:43:00+02:00;44962;5;49;35;congested;1
2025-07-02T15:43:00+02:00;44963;76;1;38;freeFlow;1
2025-07-02T15:43:00+02:00;44966;86;11;100;freeFlow;16
2025-07-02T15:43:00+02:00;44974;39;3;100;freeFlow;6
2025-07-02T15:43:00+02:00;45012_D;24;2;55;heavy;1
2025-07-02T15:43:00+02:00;45012_G;31;2;52;heavy;1
2025-07-02T15:43:00+02:00;45028_D;42;20;57;freeFlow;1
2025-07-02T15:43:00+02:00;45028_G;18;47;50;heavy;1
2025-07-02T15:43:00+02:00;45029_D;18;18;57;heavy;1
2025-07-02T15:43:00+02:00;45029_G;20;17;50;heavy;1
2025-07-02T15:43:00+02:00;45106_D;47;3;55;freeFlow;1
2025-07-02T15:43:00+02:00;45106_G;31;5;52;heavy;1
2025-07-02T15:43:00+02:00;45136_D;41;19;75;freeFlow;2
2025-07-02T15:43:00+02:00;45149;30;16;75;heavy;2
2025-07-02T15:43:00+02:00;45166;30;1;75;heavy;2
2025-07-02T15:43:00+02:00;45169;81;1;60;freeFlow;1
2025-07-02T15:43:00+02:00;45236_G;107;5;60;freeFlow;1
2025-07-02T15:43:00+02:00;45238;107;6;60;freeFlow;1
2025-07-02T15:43:00+02:00;45239;54;9;60;freeFlow;1
2025-07-02T15:43:00+02:00;45240;56;9;60;heavy;1
2025-07-02T15:43:00+02:00;45241;70;2;60;freeFlow;1
2025-07-02T15:43:00+02:00;45305;107;3;60;freeFlow;1
2025-07-02T15:43:00+02:00;45306;90;7;0;unknown;0
2025-07-02T15:43:00+02:00;45327;80;7;100;freeFlow;13
2025-07-02T15:43:00+02:00;45486_D;21;9;60;heavy;1
2025-07-02T15:43:00+02:00;45487_D;24;10;60;heavy;1
2025-07-02T15:43:00+02:00;45630;85;13;100;freeFlow;15
2025-07-02T15:43:00+02:00;45645_D;18;31;60;heavy;1
2025-07-02T15:43:00+02:00;45651;42;4;55;freeFlow;1
2025-07-02T15:43:00+02:00;45761_D;13;23;75;congested;2
2025-07-02T15:43:00+02:00;45865_D;15;24;75;congested;2
2025-07-02T15:43:00+02:00;46053_D;13;30;45;congested;1
2025-07-02T15:43:00+02:00;46056_D;6;19;48;congested;1
2025-07-02T15:43:00+02:00;46061;50;4;0;unknown;0
2025-07-02T15:43:00+02:00;46567_D;19;5;12;heavy;1
2025-07-02T15:43:00+02:00;46642;46;6;27;freeFlow;1
2025-07-02T15:43:00+02:00;46771;84;10;100;freeFlow;11
2025-07-02T15:43:00+02:00;46821_D;46;18;38;freeFlow;1
2025-07-02T15:43:00+02:00;46821_G;24;34;55;heavy;1
2025-07-02T15:43:00+02:00;46923_D;47;1;38;freeFlow;1
2025-07-02T15:43:00+02:00;46923_G;31;1;52;freeFlow;1
2025-07-02T15:43:00+02:00;46976;50;4;0;unknown;0
2025-07-02T15:43:00+02:00;47029;11;35;52;congested;1
2025-07-02T15:43:00+02:00;47061;84;22;100;freeFlow;12
2025-07-02T15:43:00+02:00;47239;73;8;100;freeFlow;12
2025-07-02T15:43:00+02:00;47410;87;15;100;freeFlow;12
2025-07-02T15:43:00+02:00;47411;93;14;100;freeFlow;6
2025-07-02T15:43:00+02:00;47412;70;0;0;unknown;0
2025-07-02T15:43:00+02:00;47413;62;7;60;freeFlow;1
2025-07-02T15:43:00+02:00;47414;62;1;60;freeFlow;1
2025-07-02T15:43:00+02:00;47416;92;13;100;freeFlow;9
2025-07-02T15:43:00+02:00;47418;92;16;100;freeFlow;6
2025-07-02T15:43:00+02:00;47420;54;17;60;freeFlow;1
2025-07-02T15:43:00+02:00;47476;62;9;60;freeFlow;1
2025-07-02T15:43:00+02:00;47477;60;3;99;freeFlow;4
2025-07-02T15:43:00+02:00;47479;123;8;20;freeFlow;1
2025-07-02T15:43:00+02:00;47480;89;50;100;freeFlow;12
2025-07-02T15:43:00+02:00;47481;90;51;100;freeFlow;9
2025-07-02T15:43:00+02:00;47537_D;17;19;0;unknown;0
2025-07-02T15:43:00+02:00;47537_G;25;12;55;heavy;1
2025-07-02T15:43:00+02:00;47742_D;18;13;75;heavy;2
2025-07-02T15:43:00+02:00;48758;35;3;75;freeFlow;2
2025-07-02T15:43:00+02:00;48759;42;1;75;freeFlow;2
2025-07-02T15:43:00+02:00;48920_D;50;5;0;unknown;0
2025-07-02T15:43:00+02:00;48920_G;50;5;0;unknown;0
2025-07-02T15:43:00+02:00;489866_D;24;6;60;heavy;1
2025-07-02T15:43:00+02:00;489970;74;13;73;freeFlow;2
2025-07-02T15:43:00+02:00;489971;70;2;0;unknown;0
2025-07-02T15:43:00+02:00;489972;88;5;100;freeFlow;10
2025-07-02T15:43:00+02:00;490059_D;35;27;45;heavy;1
2025-07-02T15:43:00+02:00;490059_G;40;23;50;heavy;1
2025-07-02T15:43:00+02:00;490080_D;30;2;42;heavy;1
2025-07-02T15:43:00+02:00;490080_G;40;1;50;freeFlow;1
2025-07-02T15:43:00+02:00;49026;40;2;75;freeFlow;2
2025-07-02T15:43:00+02:00;49053;19;28;53;heavy;2
2025-07-02T15:43:00+02:00;490823;50;15;50;freeFlow;1
2025-07-02T15:43:00+02:00;490824;123;3;20;freeFlow;1
2025-07-02T15:43:00+02:00;490825;69;11;55;freeFlow;1
2025-07-02T15:43:00+02:00;490827;47;8;55;heavy;1
2025-07-02T15:43:00+02:00;490828_D;34;15;60;freeFlow;1
2025-07-02T15:43:00+02:00;490828_G;13;38;70;heavy;2
2025-07-02T15:43:00+02:00;491005_D;18;8;57;heavy;1
2025-07-02T15:43:00+02:00;491005_G;26;5;48;heavy;1
2025-07-02T15:43:00+02:00;491126_D;17;24;60;heavy;1
2025-07-02T15:43:00+02:00;491126_G;37;12;47;freeFlow;2
2025-07-02T15:43:00+02:00;491135;23;6;60;heavy;1
2025-07-02T15:43:00+02:00;491141;31;3;100;heavy;3
2025-07-02T15:43:00+02:00;491300_D;24;26;52;heavy;1
2025-07-02T15:43:00+02:00;491300_G;32;20;48;heavy;1
2025-07-02T15:43:00+02:00;491308;18;3;52;heavy;1
2025-07-02T15:43:00+02:00;491320_D;39;7;60;freeFlow;1
2025-07-02T15:43:00+02:00;491320_G;35;8;52;heavy;1
2025-07-02T15:43:00+02:00;491326_D;39;14;60;freeFlow;1
2025-07-02T15:43:00+02:00;491326_G;31;17;52;heavy;1
2025-07-02T15:43:00+02:00;491329_D;47;4;64;freeFlow;2
2025-07-02T15:43:00+02:00;491329_G;28;7;50;heavy;1
2025-07-02T15:43:00+02:00;491490;14;16;75;congested;2
2025-07-02T15:43:00+02:00;491714_D;50;5;38;freeFlow;1
2025-07-02T15:43:00+02:00;491714_G;31;8;52;freeFlow;1
2025-07-02T15:43:00+02:00;491735_D;38;3;38;freeFlow;1
2025-07-02T15:43:00+02:00;491735_G;28;5;52;freeFlow;1
2025-07-02T15:43:00+02:00;491794_D;22;7;55;heavy;1
2025-07-02T15:43:00+02:00;491794_G;50;3;0;unknown;0
2025-07-02T15:43:00+02:00;491872;48;13;57;freeFlow;1
2025-07-02T15:43:00+02:00;491877;46;2;60;freeFlow;1
2025-07-02T15:43:00+02:00;491881;31;2;55;heavy;1
2025-07-02T15:43:00+02:00;491884;28;2;57;heavy;1
2025-07-02T15:43:00+02:00;491888;83;11;75;freeFlow;2
2025-07-02T15:43:00+02:00;491890;47;1;60;freeFlow;1
2025-07-02T15:43:00+02:00;491917;105;1;60;freeFlow;1
2025-07-02T15:43:00+02:00;49225_D;50;6;0;unknown;0
2025-07-02T15:43:00+02:00;49225_G;50;6;0;unknown;0
2025-07-02T15:43:00+02:00;492315_D;41;36;60;freeFlow;1
2025-07-02T15:43:00+02:00;492315_G;33;44;60;heavy;1
2025-07-02T15:43:00+02:00;492351_D;21;6;60;heavy;1
2025-07-02T15:43:00+02:00;492359_G;30;8;50;heavy;1
2025-07-02T15:43:00+02:00;492437;40;5;60;freeFlow;1
2025-07-02T15:43:00+02:00;492442;26;1;60;heavy;1
2025-07-02T15:43:00+02:00;492445_D;21;28;75;heavy;2
2025-07-02T15:43:00+02:00;492478;45;3;75;freeFlow;2
2025-07-02T15:43:00+02:00;492492;61;5;100;freeFlow;3
2025-07-02T15:43:00+02:00;49315_D;50;4;0;unknown;0
2025-07-02T15:43:00+02:00;49315_G;20;9;60;heavy;1
2025-07-02T15:43:00+02:00;49943_D;50;14;0;unknown;0
2025-07-02T15:43:00+02:00;49943_G;50;14;0;unknown;0
2025-07-02T15:43:00+02:00;49947;5;35;73;congested;2
2025-07-02T15:43:00+02:00;49958_D;50;5;0;unknown;0
2025-07-02T15:43:00+02:00;49958_G;7;37;27;congested;1
2025-07-02T15:43:00+02:00;50308_D;24;11;60;heavy;1
2025-07-02T15:43:00+02:00;50441;22;11;52;heavy;1
2025-07-02T15:43:00+02:00;50525;34;6;55;heavy;2
2025-07-02T15:43:00+02:00;50571;27;4;48;heavy;1
2025-07-02T15:43:00+02:00;50625;25;9;73;heavy;2
2025-07-02T15:43:00+02:00;5064_D;60;9;60;freeFlow;1
2025-07-02T15:43:00+02:00;5064_G;42;12;100;heavy;3
2025-07-02T15:43:00+02:00;51419;29;26;60;heavy;1
2025-07-02T15:43:00+02:00;51474_D;14;2;0;unknown;0
2025-07-02T15:43:00+02:00;51474_G;25;2;55;heavy;1
2025-07-02T15:43:00+02:00;51798;34;2;60;heavy;1
2025-07-02T15:43:00+02:00;52107_D;60;7;38;freeFlow;1
2025-07-02T15:43:00+02:00;52107_G;32;15;52;heavy;1
2025-07-02T15:43:00+02:00;52129;50;6;0;unknown;0
2025-07-02T15:43:00+02:00;52835_D;14;12;73;congested;2
2025-07-02T15:43:00+02:00;53020_D;23;4;75;heavy;2
2025-07-02T15:43:00+02:00;53327_D;38;9;60;freeFlow;1
2025-07-02T15:43:00+02:00;53327_G;58;6;57;freeFlow;1
2025-07-02T15:43:00+02:00;53411_G;16;24;10;heavy;1
2025-07-02T15:43:00+02:00;53428;84;56;100;freeFlow;15
2025-07-02T15:43:00+02:00;53539_D;43;5;60;freeFlow;1
2025-07-02T15:43:00+02:00;53566;26;5;25;heavy;1
2025-07-02T15:43:00+02:00;53623;45;3;50;freeFlow;1
2025-07-02T15:43:00+02:00;53624;45;2;50;freeFlow;1
2025-07-02T15:43:00+02:00;53625;50;1;0;unknown;0
2025-07-02T15:43:00+02:00;53634_D;30;2;0;unknown;0
2025-07-02T15:43:00+02:00;53634_G;24;2;45;freeFlow;1
2025-07-02T15:43:00+02:00;53641_D;50;9;0;unknown;0
2025-07-02T15:43:00+02:00;53641_G;50;9;0;unknown;0
2025-07-02T15:43:00+02:00;53652;29;26;38;heavy;1
2025-07-02T15:43:00+02:00;53659;32;6;100;heavy;3
2025-07-02T15:43:00+02:00;53702;46;9;100;heavy;10
2025-07-02T15:43:00+02:00;53892;36;2;100;freeFlow;4
2025-07-02T15:43:00+02:00;53893;34;18;100;heavy;5
2025-07-02T15:43:00+02:00;53895;15;21;100;heavy;5
2025-07-02T15:43:00+02:00;53896;22;18;100;heavy;5
2025-07-02T15:43:00+02:00;53898;10;54;100;congested;5
2025-07-02T15:43:00+02:00;53900;7;85;100;congested;3
2025-07-02T15:43:00+02:00;53901;20;13;100;heavy;3
2025-07-02T15:43:00+02:00;53903;28;7;100;heavy;3
2025-07-02T15:43:00+02:00;53904;43;4;100;freeFlow;4
2025-07-02T15:43:00+02:00;53905;16;25;100;heavy;3
2025-07-02T15:43:00+02:00;53908;38;3;100;freeFlow;5
2025-07-02T15:43:00+02:00;53910;41;7;100;freeFlow;5
2025-07-02T15:43:00+02:00;53912;47;7;100;freeFlow;6
2025-07-02T15:43:00+02:00;53915;38;14;100;freeFlow;8
2025-07-02T15:43:00+02:00;53918;45;11;100;freeFlow;7
2025-07-02T15:43:00+02:00;53919;43;3;100;freeFlow;7
2025-07-02T15:43:00+02:00;53921;27;20;100;heavy;8
2025-07-02T15:43:00+02:00;53922;18;9;100;heavy;8
2025-07-02T15:43:00+02:00;53923;37;14;100;freeFlow;5
2025-07-02T15:43:00+02:00;53925_D;70;4;0;unknown;0
2025-07-02T15:43:00+02:00;53925_G;60;4;60;freeFlow;1
2025-07-02T15:43:00+02:00;53936;100;9;60;freeFlow;1
2025-07-02T15:43:00+02:00;53938;61;5;73;freeFlow;2
2025-07-02T15:43:00+02:00;53939;68;21;100;freeFlow;7
2025-07-02T15:43:00+02:00;53941;71;7;100;freeFlow;6
2025-07-02T15:43:00+02:00;53942;68;4;100;freeFlow;7
2025-07-02T15:43:00+02:00;53944;33;1;60;heavy;1
2025-07-02T15:43:00+02:00;53945;39;12;60;heavy;1
2025-07-02T15:43:00+02:00;53946;31;2;56;heavy;2
2025-07-02T15:43:00+02:00;53947;42;1;75;freeFlow;2
2025-07-02T15:43:00+02:00;53948;100;3;60;freeFlow;1
2025-07-02T15:43:00+02:00;53949;100;2;60;freeFlow;1
2025-07-02T15:43:00+02:00;53950;98;39;100;freeFlow;5
2025-07-02T15:43:00+02:00;53952_D;40;3;75;freeFlow;2
2025-07-02T15:43:00+02:00;53952_G;33;4;55;heavy;2
2025-07-02T15:43:00+02:00;53959;85;42;100;freeFlow;4
2025-07-02T15:43:00+02:00;53961;94;61;100;freeFlow;6
2025-07-02T15:43:00+02:00;53987;38;2;75;freeFlow;2
2025-07-02T15:43:00+02:00;53990;81;3;60;freeFlow;1
2025-07-02T15:43:00+02:00;54067;90;11;100;freeFlow;9
2025-07-02T15:43:00+02:00;54134;50;16;75;freeFlow;2
2025-07-02T15:43:00+02:00;54138;28;37;100;heavy;3
2025-07-02T15:43:00+02:00;54140;24;81;75;heavy;2
2025-07-02T15:43:00+02:00;54144;91;2;75;freeFlow;2
2025-07-02T15:43:00+02:00;54150;26;34;25;heavy;1
2025-07-02T15:43:00+02:00;54153;40;22;64;freeFlow;2
2025-07-02T15:43:00+02:00;54154;20;55;74;heavy;2
2025-07-02T15:43:00+02:00;54155;29;38;25;heavy;1
2025-07-02T15:43:00+02:00;54161;22;9;52;heavy;1
2025-07-02T15:43:00+02:00;54187_D;29;12;60;freeFlow;1
2025-07-02T15:43:00+02:00;54187_G;35;10;45;freeFlow;1
2025-07-02T15:43:00+02:00;54189_D;25;16;60;freeFlow;1
2025-07-02T15:43:00+02:00;54189_G;32;13;45;freeFlow;1
2025-07-02T15:43:00+02:00;54191_D;25;12;60;freeFlow;1
2025-07-02T15:43:00+02:00;54191_G;31;9;48;freeFlow;1
2025-07-02T15:43:00+02:00;54197;31;24;72;heavy;2
2025-07-02T15:43:00+02:00;54198;23;9;73;heavy;2
2025-07-02T15:43:00+02:00;54206;20;29;60;heavy;1
2025-07-02T15:43:00+02:00;54208;22;3;60;freeFlow;1
2025-07-02T15:43:00+02:00;54212;33;49;75;heavy;2
2025-07-02T15:43:00+02:00;54223_D;30;2;0;unknown;0
2025-07-02T15:43:00+02:00;54223_G;18;4;60;heavy;1
2025-07-02T15:43:00+02:00;54227;91;10;100;freeFlow;6
2025-07-02T15:43:00+02:00;54234;100;0;60;freeFlow;1
2025-07-02T15:43:00+02:00;54239;81;1;60;freeFlow;1
2025-07-02T15:43:00+02:00;54240;27;12;60;heavy;1
2025-07-02T15:43:00+02:00;54241;81;1;60;freeFlow;1
2025-07-02T15:43:00+02:00;54243;30;18;55;heavy;1
2025-07-02T15:43:00+02:00;54297;11;74;100;congested;4
2025-07-02T15:43:00+02:00;54339;35;27;60;heavy;1
2025-07-02T15:43:00+02:00;54340;29;11;60;heavy;1
2025-07-02T15:43:00+02:00;54358_D;50;14;0;unknown;0
2025-07-02T15:43:00+02:00;54358_G;49;14;60;freeFlow;1
2025-07-02T15:43:00+02:00;54363;27;17;100;heavy;3
2025-07-02T15:43:00+02:00;54365;8;33;100;congested;3
2025-07-02T15:43:00+02:00;54367;5;74;100;congested;5
2025-07-02T15:43:00+02:00;54368;25;4;100;heavy;4
2025-07-02T15:43:00+02:00;54369;53;23;100;freeFlow;14
2025-07-02T15:43:00+02:00;54372;31;1;35;heavy;1
2025-07-02T15:43:00+02:00;54375;33;20;100;heavy;3
2025-07-02T15:43:00+02:00;54376;44;5;60;freeFlow;1
2025-07-02T15:43:00+02:00;54378;29;11;100;heavy;4
2025-07-02T15:43:00+02:00;54381;25;12;100;heavy;5
2025-07-02T15:43:00+02:00;54382;39;5;73;freeFlow;2
2025-07-02T15:43:00+02:00;54383;39;21;100;freeFlow;5
2025-07-02T15:43:00+02:00;54384;48;5;60;freeFlow;1
2025-07-02T15:43:00+02:00;54385;43;6;100;freeFlow;3
2025-07-02T15:43:00+02:00;54386;87;1;35;freeFlow;1
2025-07-02T15:43:00+02:00;54400;33;16;55;heavy;1
2025-07-02T15:43:00+02:00;54401;30;3;55;heavy;1
2025-07-02T15:43:00+02:00;54406;45;57;57;freeFlow;2
2025-07-02T15:43:00+02:00;54428_D;50;12;0;unknown;0
2025-07-02T15:43:00+02:00;54428_G;46;13;60;freeFlow;1
2025-07-02T15:43:00+02:00;54429_D;43;16;60;freeFlow;1
2025-07-02T15:43:00+02:00;54429_G;15;45;52;congested;1
2025-07-02T15:43:00+02:00;54438_D;31;2;38;heavy;1
2025-07-02T15:43:00+02:00;54438_G;36;2;10;freeFlow;1
2025-07-02T15:43:00+02:00;54440_D;36;8;52;freeFlow;1
2025-07-02T15:43:00+02:00;54440_G;50;6;0;unknown;0
2025-07-02T15:43:00+02:00;54444_D;31;2;52;heavy;1
2025-07-02T15:43:00+02:00;54444_G;50;1;0;unknown;0
2025-07-02T15:43:00+02:00;54447_D;21;26;55;heavy;1
2025-07-02T15:43:00+02:00;54447_G;50;11;0;unknown;0
2025-07-02T15:43:00+02:00;54448_D;28;6;55;heavy;1
2025-07-02T15:43:00+02:00;54448_G;50;3;0;unknown;0
2025-07-02T15:43:00+02:00;54449_D;34;15;55;heavy;1
2025-07-02T15:43:00+02:00;54449_G;50;10;0;unknown;0
2025-07-02T15:43:00+02:00;54453_D;31;5;55;heavy;1
2025-07-02T15:43:00+02:00;54453_G;50;3;0;unknown;0
2025-07-02T15:43:00+02:00;54455;50;2;0;unknown;0
2025-07-02T15:43:00+02:00;54457;50;8;0;unknown;0
2025-07-02T15:43:00+02:00;54460;50;5;0;unknown;0
2025-07-02T15:43:00+02:00;54463_D;50;6;0;unknown;0
2025-07-02T15:43:00+02:00;54463_G;50;6;0;unknown;0
2025-07-02T15:43:00+02:00;54466_D;50;15;0;unknown;0
2025-07-02T15:43:00+02:00;54466_G;50;16;0;unknown;0
2025-07-02T15:43:00+02:00;54469;35;4;52;heavy;1
2025-07-02T15:43:00+02:00;54471;34;13;57;heavy;1
2025-07-02T15:43:00+02:00;54472;26;16;60;heavy;1
2025-07-02T15:43:00+02:00;54473;22;1;60;freeFlow;1
2025-07-02T15:43:00+02:00;54483;37;41;75;freeFlow;2
2025-07-02T15:43:00+02:00;54489;50;1;0;unknown;0
2025-07-02T15:43:00+02:00;54490;48;4;32;freeFlow;1
2025-07-02T15:43:00+02:00;54492;6;29;35;congested;1
2025-07-02T15:43:00+02:00;54505;26;29;25;heavy;1
2025-07-02T15:43:00+02:00;54509;8;37;53;congested;2
2025-07-02T15:43:00+02:00;54518;26;6;25;heavy;1
2025-07-02T15:43:00+02:00;54522;26;3;25;heavy;1
2025-07-02T15:43:00+02:00;54523;58;2;22;freeFlow;1
2025-07-02T15:43:00+02:00;54524;58;1;22;freeFlow;1
2025-07-02T15:43:00+02:00;54580_D;32;17;60;heavy;1
2025-07-02T15:43:00+02:00;54877;22;33;55;heavy;1
2025-07-02T15:43:00+02:00;54879;27;27;60;heavy;1
2025-07-02T15:43:00+02:00;54880_D;17;59;75;heavy;2
2025-07-02T15:43:00+02:00;54880_G;52;19;74;freeFlow;2
2025-07-02T15:43:00+02:00;54882;20;3;75;heavy;2
2025-07-02T15:43:00+02:00;54883;29;2;60;freeFlow;1
2025-07-02T15:43:00+02:00;54884;29;2;60;freeFlow;1
2025-07-02T15:43:00+02:00;54885;29;1;60;freeFlow;1
2025-07-02T15:43:00+02:00;54886;20;4;100;heavy;3
2025-07-02T15:43:00+02:00;54887;34;2;75;freeFlow;2
2025-07-02T15:43:00+02:00;54888;27;1;55;freeFlow;1
2025-07-02T15:43:00+02:00;54889;27;2;55;freeFlow;1
2025-07-02T15:43:00+02:00;54988;34;3;97;heavy;4
2025-07-02T15:43:00+02:00;54989;30;59;75;heavy;2
2025-07-02T15:43:00+02:00;54990;34;3;83;heavy;4
2025-07-02T15:43:00+02:00;54991;53;33;100;freeFlow;3
2025-07-02T15:43:00+02:00;55467_D;17;39;42;heavy;1
2025-07-02T15:43:00+02:00;55467_G;32;19;75;heavy;2
2025-07-02T15:43:00+02:00;55570_D;50;3;0;unknown;0
2025-07-02T15:43:00+02:00;55570_G;50;3;0;unknown;0
2025-07-02T15:43:00+02:00;55589_D;25;10;60;freeFlow;1
2025-07-02T15:43:00+02:00;55589_G;30;8;48;freeFlow;1
2025-07-02T15:43:00+02:00;55591;25;2;0;unknown;0
2025-07-02T15:43:00+02:00;55592;13;4;60;congested;1
2025-07-02T15:43:00+02:00;55593;18;3;75;heavy;2
2025-07-02T15:43:00+02:00;55595;25;2;60;heavy;1
2025-07-02T15:43:00+02:00;55596;34;1;60;heavy;1
2025-07-02T15:43:00+02:00;55597;34;1;60;heavy;1
2025-07-02T15:43:00+02:00;55702;46;6;27;freeFlow;1
2025-07-02T15:43:00+02:00;55704;32;26;55;heavy;1
2025-07-02T15:43:00+02:00;5576_D;28;12;52;heavy;1
2025-07-02T15:43:00+02:00;5576_G;20;16;70;congested;2
2025-07-02T15:43:00+02:00;55881;52;1;100;freeFlow;3
2025-07-02T15:43:00+02:00;55900;34;3;100;heavy;4
2025-07-02T15:43:00+02:00;55929_D;29;14;75;heavy;2
2025-07-02T15:43:00+02:00;55929_G;25;16;30;heavy;1
2025-07-02T15:43:00+02:00;55976;45;3;60;freeFlow;1
2025-07-02T15:43:00+02:00;56024;91;11;75;freeFlow;2
2025-07-02T15:43:00+02:00;56131;37;3;0;unknown;0
2025-07-02T15:43:00+02:00;56257;59;4;60;freeFlow;1
2025-07-02T15:43:00+02:00;563566;48;3;32;freeFlow;1
2025-07-02T15:43:00+02:00;563571;48;6;32;freeFlow;1
2025-07-02T15:43:00+02:00;563844_D;32;28;100;heavy;7
2025-07-02T15:43:00+02:00;563844_G;53;16;57;heavy;1
2025-07-02T15:43:00+02:00;563846;6;51;100;congested;4
2025-07-02T15:43:00+02:00;563903_D;50;34;0;unknown;0
2025-07-02T15:43:00+02:00;563903_G;52;33;30;freeFlow;1
2025-07-02T15:43:00+02:00;564067_D;53;23;60;heavy;1
2025-07-02T15:43:00+02:00;564067_G;76;17;75;freeFlow;2
2025-07-02T15:43:00+02:00;564195_D;70;6;60;freeFlow;1
2025-07-02T15:43:00+02:00;564195_G;15;30;60;heavy;1
2025-07-02T15:43:00+02:00;56441;50;5;0;unknown;0
2025-07-02T15:43:00+02:00;5651;35;2;75;freeFlow;2
2025-07-02T15:43:00+02:00;5652;29;2;75;heavy;2
2025-07-02T15:43:00+02:00;565232;35;3;32;freeFlow;1
2025-07-02T15:43:00+02:00;5653;41;1;60;freeFlow;1
2025-07-02T15:43:00+02:00;565374;41;50;55;freeFlow;1
2025-07-02T15:43:00+02:00;565376;34;62;60;heavy;1
2025-07-02T15:43:00+02:00;565393;90;53;100;freeFlow;4
2025-07-02T15:43:00+02:00;5654;24;2;100;heavy;3
2025-07-02T15:43:00+02:00;565682_D;54;17;57;freeFlow;1
2025-07-02T15:43:00+02:00;565682_G;44;21;60;heavy;1
2025-07-02T15:43:00+02:00;565731_D;34;3;60;freeFlow;1
2025-07-02T15:43:00+02:00;565731_G;42;2;42;freeFlow;1
2025-07-02T15:43:00+02:00;565732;64;1;55;freeFlow;1
2025-07-02T15:43:00+02:00;56584;45;5;60;freeFlow;1
2025-07-02T15:43:00+02:00;565854;54;18;55;freeFlow;2
2025-07-02T15:43:00+02:00;566176_D;51;22;15;heavy;1
2025-07-02T15:43:00+02:00;566176_G;48;23;60;heavy;1
2025-07-02T15:43:00+02:00;56619_D;23;17;75;heavy;2
2025-07-02T15:43:00+02:00;56619_G;40;10;38;freeFlow;1
2025-07-02T15:43:00+02:00;566287_D;35;14;52;freeFlow;1
2025-07-02T15:43:00+02:00;566287_G;30;16;0;unknown;0
2025-07-02T15:43:00+02:00;566302_D;36;1;60;freeFlow;1
2025-07-02T15:43:00+02:00;566302_G;51;1;15;freeFlow;1
2025-07-02T15:43:00+02:00;566303_D;50;15;42;freeFlow;1
2025-07-02T15:43:00+02:00;566303_G;51;14;15;freeFlow;1
2025-07-02T15:43:00+02:00;5663_D;47;56;100;heavy;4
2025-07-02T15:43:00+02:00;5663_G;62;42;60;freeFlow;1
2025-07-02T15:43:00+02:00;566407_D;29;3;60;freeFlow;1
2025-07-02T15:43:00+02:00;566407_G;35;2;45;freeFlow;1
2025-07-02T15:43:00+02:00;566417_D;25;6;60;freeFlow;1
2025-07-02T15:43:00+02:00;566417_G;32;4;45;freeFlow;1
2025-07-02T15:43:00+02:00;566419;22;2;60;heavy;1
2025-07-02T15:43:00+02:00;566481;62;1;20;freeFlow;1
2025-07-02T15:43:00+02:00;566482;24;2;30;heavy;1
2025-07-02T15:43:00+02:00;566483;103;110;100;freeFlow;9
2025-07-02T15:43:00+02:00;566484;24;1;30;heavy;1
2025-07-02T15:43:00+02:00;5664_D;85;2;60;freeFlow;1
2025-07-02T15:43:00+02:00;5664_G;67;2;100;freeFlow;4
2025-07-02T15:43:00+02:00;566573_D;19;6;75;heavy;2
2025-07-02T15:43:00+02:00;566573_G;40;3;38;freeFlow;1
2025-07-02T15:43:00+02:00;566599_D;45;1;75;freeFlow;2
2025-07-02T15:43:00+02:00;566599_G;51;0;52;freeFlow;1
2025-07-02T15:43:00+02:00;566706_D;6;27;48;congested;1
2025-07-02T15:43:00+02:00;566706_G;50;4;0;unknown;0
2025-07-02T15:43:00+02:00;56676_G;32;7;60;heavy;1
2025-07-02T15:43:00+02:00;566850;32;4;55;heavy;1
2025-07-02T15:43:00+02:00;566924_D;50;6;0;unknown;0
2025-07-02T15:43:00+02:00;566924_G;50;6;0;unknown;0
2025-07-02T15:43:00+02:00;566942;37;1;55;freeFlow;2
2025-07-02T15:43:00+02:00;56872;77;27;100;freeFlow;19
2025-07-02T15:43:00+02:00;56874;83;6;100;freeFlow;14
2025-07-02T15:43:00+02:00;56886;33;78;60;heavy;1
2025-07-02T15:43:00+02:00;56914;49;3;60;freeFlow;1
2025-07-02T15:43:00+02:00;56926;78;4;100;freeFlow;14
2025-07-02T15:43:00+02:00;57009;80;4;100;freeFlow;13
2025-07-02T15:43:00+02:00;57011;90;7;100;freeFlow;17
2025-07-02T15:43:00+02:00;57012;40;10;100;freeFlow;3
2025-07-02T15:43:00+02:00;57082_D;46;6;60;freeFlow;1
2025-07-02T15:43:00+02:00;57360_D;30;5;0;unknown;0
2025-07-02T15:43:00+02:00;57360_G;34;5;42;freeFlow;1
2025-07-02T15:43:00+02:00;57362_D;30;4;0;unknown;0
2025-07-02T15:43:00+02:00;57362_G;28;3;42;freeFlow;1
2025-07-02T15:43:00+02:00;57368_D;27;8;27;freeFlow;1
2025-07-02T15:43:00+02:00;57368_G;25;9;42;freeFlow;1
2025-07-02T15:43:00+02:00;57378_D;50;3;0;unknown;0
2025-07-02T15:43:00+02:00;57378_G;50;3;0;unknown;0
2025-07-02T15:43:00+02:00;62549;46;1;60;freeFlow;1
2025-07-02T15:43:00+02:00;62550;44;1;60;freeFlow;1
2025-07-02T15:43:00+02:00;62617_D;50;9;0;unknown;0
2025-07-02T15:43:00+02:00;62617_G;50;9;0;unknown;0
2025-07-02T15:43:00+02:00;62948_D;57;3;42;freeFlow;1
2025-07-02T15:43:00+02:00;62948_G;25;7;50;freeFlow;1
2025-07-02T15:43:00+02:00;63039;38;4;100;freeFlow;7
2025-07-02T15:43:00+02:00;63203_D;30;26;0;unknown;0
2025-07-02T15:43:00+02:00;63203_G;38;21;60;freeFlow;1
2025-07-02T15:43:00+02:00;63308;39;2;75;freeFlow;2
2025-07-02T15:43:00+02:00;63895_D;8;18;0;unknown;0
2025-07-02T15:43:00+02:00;63895_G;30;5;0;unknown;0
2025-07-02T15:43:00+02:00;63903;88;2;100;freeFlow;13
2025-07-02T15:43:00+02:00;63917;105;1;52;freeFlow;1
2025-07-02T15:43:00+02:00;63954_D;21;9;75;freeFlow;2
2025-07-02T15:43:00+02:00;63954_G;35;4;55;freeFlow;1
2025-07-02T15:43:00+02:00;63961_D;38;1;45;freeFlow;1
2025-07-02T15:43:00+02:00;63961_G;32;1;57;freeFlow;1
2025-07-02T15:43:00+02:00;63963_D;34;14;60;freeFlow;1
2025-07-02T15:43:00+02:00;63963_G;31;15;57;freeFlow;1
2025-07-02T15:43:00+02:00;63974;38;10;60;heavy;1
2025-07-02T15:43:00+02:00;64028;50;2;0;unknown;0
2025-07-02T15:43:00+02:00;64029;42;3;60;heavy;1
2025-07-02T15:43:00+02:00;64033;34;5;40;heavy;1
2025-07-02T15:43:00+02:00;64034;41;2;93;freeFlow;3
2025-07-02T15:43:00+02:00;64035;41;3;60;freeFlow;1
2025-07-02T15:43:00+02:00;64104_D;50;2;0;unknown;0
2025-07-02T15:43:00+02:00;64104_G;50;2;0;unknown;0
2025-07-02T15:43:00+02:00;6421;89;26;75;freeFlow;2
2025-07-02T15:43:00+02:00;6422;88;7;60;freeFlow;1
2025-07-02T15:43:00+02:00;6423;99;14;100;freeFlow;3
2025-07-02T15:43:00+02:00;6424;103;29;100;freeFlow;3
2025-07-02T15:43:00+02:00;64792_D;46;15;42;freeFlow;1
2025-07-02T15:43:00+02:00;64792_G;51;13;15;freeFlow;1
2025-07-02T15:43:00+02:00;64862_D;19;26;15;heavy;1
2025-07-02T15:43:00+02:00;64862_G;45;11;0;unknown;0
2025-07-02T15:43:00+02:00;65281;43;2;52;freeFlow;1
2025-07-02T15:43:00+02:00;65283;43;3;52;freeFlow;1
2025-07-02T15:43:00+02:00;65293;42;5;52;freeFlow;1
2025-07-02T15:43:00+02:00;65961_D;45;30;45;freeFlow;1
2025-07-02T15:43:00+02:00;65961_G;50;27;0;unknown;0
2025-07-02T15:43:00+02:00;65966_D;43;1;42;freeFlow;1
2025-07-02T15:43:00+02:00;65966_G;46;1;12;freeFlow;1
2025-07-02T15:43:00+02:00;66020;57;1;100;freeFlow;7
2025-07-02T15:43:00+02:00;6615_D;44;13;60;heavy;1
2025-07-02T15:43:00+02:00;6615_G;36;16;75;heavy;2
2025-07-02T15:43:00+02:00;6616;29;2;75;heavy;2
2025-07-02T15:43:00+02:00;6619;39;3;75;heavy;2
2025-07-02T15:43:00+02:00;6620;44;5;100;heavy;3
2025-07-02T15:43:00+02:00;6621;42;3;75;heavy;2
2025-07-02T15:43:00+02:00;6622;43;2;100;heavy;4
2025-07-02T15:43:00+02:00;6623;41;1;75;heavy;2
2025-07-02T15:43:00+02:00;6628_D;65;13;60;freeFlow;1
2025-07-02T15:43:00+02:00;6628_G;50;17;0;unknown;0
2025-07-02T15:43:00+02:00;6629_D;56;17;60;freeFlow;1
2025-07-02T15:43:00+02:00;6629_G;50;19;0;unknown;0
2025-07-02T15:43:00+02:00;6643;47;14;75;heavy;2
2025-07-02T15:43:00+02:00;6644;45;15;75;heavy;2
2025-07-02T15:43:00+02:00;6645;39;2;100;freeFlow;3
2025-07-02T15:43:00+02:00;6646;43;1;100;freeFlow;3
2025-07-02T15:43:00+02:00;6647;43;1;75;freeFlow;2
2025-07-02T15:43:00+02:00;6648;44;2;75;freeFlow;2
2025-07-02T15:43:00+02:00;6649;43;2;75;freeFlow;2
2025-07-02T15:43:00+02:00;6650;41;4;100;freeFlow;3
2025-07-02T15:43:00+02:00;6651;28;6;100;heavy;3
2025-07-02T15:43:00+02:00;6669_D;59;85;62;freeFlow;2
2025-07-02T15:43:00+02:00;6669_G;59;85;75;freeFlow;2
2025-07-02T15:43:00+02:00;67069;59;3;60;freeFlow;1
2025-07-02T15:43:00+02:00;67223_D;28;2;60;freeFlow;2
2025-07-02T15:43:00+02:00;67223_G;35;2;55;freeFlow;1
2025-07-02T15:43:00+02:00;67229_D;28;15;100;freeFlow;3
2025-07-02T15:43:00+02:00;67229_G;39;11;70;freeFlow;2
2025-07-02T15:43:00+02:00;6723;86;9;60;freeFlow;1
2025-07-02T15:43:00+02:00;67324_D;51;19;50;heavy;1
2025-07-02T15:43:00+02:00;67324_G;64;15;75;freeFlow;2
2025-07-02T15:43:00+02:00;67330;30;2;0;unknown;0
2025-07-02T15:43:00+02:00;67332;38;2;30;freeFlow;1
2025-07-02T15:43:00+02:00;67334;30;1;0;unknown;0
2025-07-02T15:43:00+02:00;67340;28;2;60;freeFlow;1
2025-07-02T15:43:00+02:00;67341;21;14;60;freeFlow;1
2025-07-02T15:43:00+02:00;67344;22;9;67;freeFlow;2
2025-07-02T15:43:00+02:00;67352_D;28;14;60;freeFlow;1
2025-07-02T15:43:00+02:00;67352_G;9;43;75;congested;2
2025-07-02T15:43:00+02:00;67380_D;41;20;75;freeFlow;2
2025-07-02T15:43:00+02:00;67380_G;19;43;75;heavy;2
2025-07-02T15:43:00+02:00;67385;17;7;60;heavy;1
2025-07-02T15:43:00+02:00;67389_D;35;2;60;heavy;1
2025-07-02T15:43:00+02:00;67389_G;15;5;60;congested;1
2025-07-02T15:43:00+02:00;67390;26;4;60;heavy;1
2025-07-02T15:43:00+02:00;67391;28;6;60;heavy;1
2025-07-02T15:43:00+02:00;67392;19;8;60;heavy;1
2025-07-02T15:43:00+02:00;67511_D;30;4;0;unknown;0
2025-07-02T15:43:00+02:00;67511_G;32;4;60;freeFlow;1
2025-07-02T15:43:00+02:00;67514_D;30;6;0;unknown;0
2025-07-02T15:43:00+02:00;67514_G;32;6;60;freeFlow;1
2025-07-02T15:43:00+02:00;67611;30;6;0;unknown;0
2025-07-02T15:43:00+02:00;67816;34;1;60;freeFlow;1
2025-07-02T15:43:00+02:00;67819_D;34;1;60;freeFlow;1
2025-07-02T15:43:00+02:00;67819_G;10;4;70;heavy;2
2025-07-02T15:43:00+02:00;67820;34;1;60;freeFlow;1
2025-07-02T15:43:00+02:00;67821;10;6;55;heavy;1
2025-07-02T15:43:00+02:00;67823;30;8;0;unknown;0
2025-07-02T15:43:00+02:00;67824;86;6;60;freeFlow;1
2025-07-02T15:43:00+02:00;67829;20;26;75;heavy;2
2025-07-02T15:43:00+02:00;67892_D;26;10;60;heavy;1
2025-07-02T15:43:00+02:00;67892_G;27;9;60;heavy;1
2025-07-02T15:43:00+02:00;68069;26;16;25;heavy;1
2025-07-02T15:43:00+02:00;68070;26;2;25;heavy;1
2025-07-02T15:43:00+02:00;68815;2;52;48;congested;1
2025-07-02T15:43:00+02:00;69060;30;3;0;unknown;0
2025-07-02T15:43:00+02:00;69061;30;4;0;unknown;0
2025-07-02T15:43:00+02:00;69062;30;2;0;unknown;0
2025-07-02T15:43:00+02:00;69063;30;1;0;unknown;0
2025-07-02T15:43:00+02:00;69064_D;30;1;0;unknown;0
2025-07-02T15:43:00+02:00;69064_G;30;1;0;unknown;0
2025-07-02T15:43:00+02:00;69270_D;41;3;60;freeFlow;1
2025-07-02T15:43:00+02:00;69270_G;50;1;0;unknown;0
2025-07-02T15:43:00+02:00;69277;30;3;0;unknown;0
2025-07-02T15:43:00+02:00;69464;30;1;0;unknown;0
2025-07-02T15:43:00+02:00;69467;30;2;0;unknown;0
2025-07-02T15:43:00+02:00;69493;43;15;57;freeFlow;1
2025-07-02T15:43:00+02:00;69495;30;13;57;heavy;1
2025-07-02T15:43:00+02:00;69591;23;12;65;heavy;2
2025-07-02T15:43:00+02:00;69673;15;24;50;congested;1
2025-07-02T15:43:00+02:00;69878;41;20;100;freeFlow;7
2025-07-02T15:43:00+02:00;71197_D;8;139;57;congested;1
2025-07-02T15:43:00+02:00;71197_G;10;118;65;congested;2
2025-07-02T15:43:00+02:00;71455_D;50;3;0;unknown;0
2025-07-02T15:43:00+02:00;71492_D;42;4;75;freeFlow;2
2025-07-02T15:43:00+02:00;71492_G;12;15;100;congested;3
2025-07-02T15:43:00+02:00;71493_D;29;11;75;heavy;2
2025-07-02T15:43:00+02:00;71493_G;34;9;57;heavy;1
2025-07-02T15:43:00+02:00;71494;27;5;100;heavy;5
2025-07-02T15:43:00+02:00;71496;7;37;100;congested;3
2025-07-02T15:43:00+02:00;71497;19;4;100;heavy;3
2025-07-02T15:43:00+02:00;71504_D;29;1;60;heavy;1
2025-07-02T15:43:00+02:00;71504_G;15;2;60;heavy;1
2025-07-02T15:43:00+02:00;71508_D;50;9;60;freeFlow;1
2025-07-02T15:43:00+02:00;71508_G;13;36;75;congested;2
2025-07-02T15:43:00+02:00;71509_D;51;20;75;freeFlow;2
2025-07-02T15:43:00+02:00;71509_G;69;14;57;freeFlow;1
2025-07-02T15:43:00+02:00;71554_D;42;6;52;freeFlow;1
2025-07-02T15:43:00+02:00;71554_G;29;8;48;heavy;1
2025-07-02T15:43:00+02:00;71555_D;39;3;60;freeFlow;1
2025-07-02T15:43:00+02:00;71555_G;35;3;52;freeFlow;1
2025-07-02T15:43:00+02:00;71661;27;10;100;heavy;4
2025-07-02T15:43:00+02:00;71668;77;8;45;freeFlow;1
2025-07-02T15:43:00+02:00;72425;74;17;100;freeFlow;5
2025-07-02T15:43:00+02:00;72487_D;87;29;75;freeFlow;2
2025-07-02T15:43:00+02:00;72842_D;50;22;0;unknown;0
2025-07-02T15:43:00+02:00;72842_G;51;22;42;freeFlow;1
2025-07-02T15:43:00+02:00;72940_D;29;40;48;heavy;1
2025-07-02T15:43:00+02:00;72940_G;32;37;55;heavy;1
2025-07-02T15:43:00+02:00;73636;31;5;52;heavy;1
2025-07-02T15:43:00+02:00;74067;45;2;60;heavy;2
2025-07-02T15:43:00+02:00;74454;37;1;57;heavy;1
2025-07-02T15:43:00+02:00;74457_D;41;25;55;heavy;1
2025-07-02T15:43:00+02:00;74457_G;52;20;60;freeFlow;1
2025-07-02T15:43:00+02:00;74459;36;1;60;heavy;1
2025-07-02T15:43:00+02:00;74460;34;1;75;heavy;2
2025-07-02T15:43:00+02:00;74461;32;1;60;heavy;1
2025-07-02T15:43:00+02:00;74688_D;61;15;40;freeFlow;1
2025-07-02T15:43:00+02:00;74688_G;37;25;50;freeFlow;2
2025-07-02T15:43:00+02:00;74748_D;80;4;0;unknown;0
2025-07-02T15:43:00+02:00;74748_G;80;4;0;unknown;0
2025-07-02T15:43:00+02:00;75340;54;1;30;freeFlow;1
2025-07-02T15:43:00+02:00;75343_D;30;12;0;unknown;0
2025-07-02T15:43:00+02:00;75343_G;56;6;30;freeFlow;1
2025-07-02T15:43:00+02:00;75344;54;1;30;freeFlow;1
2025-07-02T15:43:00+02:00;75346;30;3;32;heavy;1
2025-07-02T15:43:00+02:00;75347_D;54;1;30;freeFlow;1
2025-07-02T15:43:00+02:00;75347_G;30;3;32;heavy;1
2025-07-02T15:43:00+02:00;75348;29;1;45;heavy;2
2025-07-02T15:43:00+02:00;75353;39;1;30;freeFlow;1
2025-07-02T15:43:00+02:00;75356_D;35;15;32;heavy;1
2025-07-02T15:43:00+02:00;75356_G;47;11;30;freeFlow;1
2025-07-02T15:43:00+02:00;75358;39;1;30;freeFlow;1
2025-07-02T15:43:00+02:00;75359;23;3;30;heavy;1
2025-07-02T15:43:00+02:00;75385;19;3;75;heavy;2
2025-07-02T15:43:00+02:00;75533_D;66;1;38;freeFlow;1
2025-07-02T15:43:00+02:00;75533_G;53;1;60;freeFlow;1
2025-07-02T15:43:00+02:00;75630;77;20;75;freeFlow;2
2025-07-02T15:43:00+02:00;75810;105;7;52;freeFlow;1
2025-07-02T15:43:00+02:00;75811;100;4;60;freeFlow;1
2025-07-02T15:43:00+02:00;75812;82;5;100;freeFlow;17
2025-07-02T15:43:00+02:00;75813;88;3;100;freeFlow;14
2025-07-02T15:43:00+02:00;75814;88;3;100;freeFlow;17
2025-07-02T15:43:00+02:00;75815;86;16;100;freeFlow;14
2025-07-02T15:43:00+02:00;75816;44;5;60;freeFlow;1
2025-07-02T15:43:00+02:00;75819_D;39;5;60;freeFlow;1
2025-07-02T15:43:00+02:00;75819_G;38;5;100;freeFlow;3
2025-07-02T15:43:00+02:00;75821;81;4;100;freeFlow;14
2025-07-02T15:43:00+02:00;75823;80;5;100;freeFlow;14
2025-07-02T15:43:00+02:00;75841;42;9;100;freeFlow;3
2025-07-02T15:43:00+02:00;75842;49;8;75;freeFlow;2
2025-07-02T15:43:00+02:00;75855;51;2;75;freeFlow;2
2025-07-02T15:43:00+02:00;75858;31;2;100;heavy;4
2025-07-02T15:43:00+02:00;75859;38;5;100;heavy;4
2025-07-02T15:43:00+02:00;75860;48;4;55;heavy;1
2025-07-02T15:43:00+02:00;75861;48;2;55;heavy;1
2025-07-02T15:43:00+02:00;75862;62;3;60;freeFlow;1
2025-07-02T15:43:00+02:00;75863;62;1;60;freeFlow;1
2025-07-02T15:43:00+02:00;75864;70;1;0;unknown;0
2025-07-02T15:43:00+02:00;75865;70;2;0;unknown;0
2025-07-02T15:43:00+02:00;75866;83;11;100;freeFlow;11
2025-07-02T15:43:00+02:00;75867;88;13;100;freeFlow;8
2025-07-02T15:43:00+02:00;75869;88;59;100;freeFlow;9
2025-07-02T15:43:00+02:00;75873_D;54;10;60;freeFlow;1
2025-07-02T15:43:00+02:00;75873_G;107;5;60;freeFlow;1
2025-07-02T15:43:00+02:00;75874_D;56;7;60;freeFlow;1
2025-07-02T15:43:00+02:00;75874_G;107;4;60;freeFlow;1
2025-07-02T15:43:00+02:00;75875;65;4;100;freeFlow;3
2025-07-02T15:43:00+02:00;75876;65;7;100;freeFlow;3
2025-07-02T15:43:00+02:00;75877;50;17;0;unknown;0
2025-07-02T15:43:00+02:00;75878;96;8;53;freeFlow;2
2025-07-02T15:43:00+02:00;75879;100;2;60;freeFlow;1
2025-07-02T15:43:00+02:00;75880;60;14;57;freeFlow;1
2025-07-02T15:43:00+02:00;75882;98;10;100;freeFlow;5
2025-07-02T15:43:00+02:00;75883;82;5;100;freeFlow;19
2025-07-02T15:43:00+02:00;75884;86;5;100;freeFlow;13
2025-07-02T15:43:00+02:00;75885;79;3;100;freeFlow;19
2025-07-02T15:43:00+02:00;75886;87;7;100;freeFlow;13
2025-07-02T15:43:00+02:00;75911;33;8;25;heavy;1
2025-07-02T15:43:00+02:00;75912;47;6;60;freeFlow;1
2025-07-02T15:43:00+02:00;76094;21;26;75;heavy;2
2025-07-02T15:43:00+02:00;7864_D;70;51;68;freeFlow;2
2025-07-02T15:43:00+02:00;7864_G;75;48;75;freeFlow;2
2025-07-02T15:43:00+02:00;790_D;67;12;75;freeFlow;2
2025-07-02T15:43:00+02:00;790_G;45;18;52;heavy;1
2025-07-02T15:43:00+02:00;791_D;52;17;75;freeFlow;2
2025-07-02T15:43:00+02:00;791_G;8;103;57;congested;1
2025-07-02T15:43:00+02:00;7936;75;10;60;freeFlow;1
2025-07-02T15:43:00+02:00;7937;79;27;60;freeFlow;1
2025-07-02T15:43:00+02:00;7938;98;31;100;freeFlow;3
2025-07-02T15:43:00+02:00;7995_D;69;15;60;freeFlow;1
2025-07-02T15:43:00+02:00;7995_G;78;13;75;freeFlow;2
2025-07-02T15:43:00+02:00;862_D;48;22;60;heavy;1
2025-07-02T15:43:00+02:00;862_G;47;23;100;heavy;3
2025-07-02T15:43:00+02:00;863_D;74;9;60;freeFlow;1
2025-07-02T15:43:00+02:00;863_G;63;11;100;freeFlow;3
2025-07-02T15:43:00+02:00;8745;26;8;99;heavy;4
2025-07-02T15:43:00+02:00;8962;88;25;100;freeFlow;11
2025-07-02T15:43:00+02:00;8963_D;53;8;100;freeFlow;5
2025-07-02T15:43:00+02:00;8963_G;44;9;100;heavy;4
2025-07-02T15:43:00+02:00;8966;82;15;100;freeFlow;11
2025-07-02T15:43:00+02:00;8969;101;13;100;freeFlow;4
2025-07-02T15:43:00+02:00;8970;84;18;100;freeFlow;6
2025-07-02T15:43:00+02:00;8971;98;21;100;freeFlow;7
2025-07-02T15:43:00+02:00;8974_D;55;4;100;freeFlow;3
2025-07-02T15:43:00+02:00;8974_G;102;2;60;freeFlow;1
2025-07-02T15:43:00+02:00;8976_D;57;6;100;freeFlow;4
2025-07-02T15:43:00+02:00;8976_G;102;4;60;freeFlow;1
2025-07-02T15:43:00+02:00;8977_D;58;5;100;freeFlow;4
2025-07-02T15:43:00+02:00;8977_G;102;3;60;freeFlow;1
2025-07-02T15:43:00+02:00;8978;92;15;100;freeFlow;12
2025-07-02T15:43:00+02:00;9040;57;15;75;heavy;2
2025-07-02T15:43:00+02:00;9041;51;4;75;freeFlow;2
2025-07-02T15:43:00+02:00;9042;38;2;100;freeFlow;4
2025-07-02T15:43:00+02:00;9043;55;3;75;freeFlow;2
2025-07-02T15:43:00+02:00;9044;38;4;60;freeFlow;1
2025-07-02T15:43:00+02:00;9045;24;5;40;heavy;1
2025-07-02T15:43:00+02:00;9046;39;2;100;freeFlow;3
2025-07-02T15:43:00+02:00;9047;34;3;100;heavy;3
2025-07-02T15:43:00+02:00;9048;55;10;85;heavy;4
2025-07-02T15:43:00+02:00;9049;39;4;61;freeFlow;2
2025-07-02T15:43:00+02:00;9050;31;2;100;heavy;3
2025-07-02T15:43:00+02:00;9051;41;3;91;freeFlow;3
2025-07-02T15:43:00+02:00;9052;50;2;0;unknown;0
2025-07-02T15:43:00+02:00;9053;43;3;60;freeFlow;1
2025-07-02T15:43:00+02:00;9054;40;15;66;freeFlow;2
2025-07-02T15:43:00+02:00;9055;24;25;75;heavy;2
2025-07-02T15:43:00+02:00;9057_D;58;9;100;freeFlow;3
2025-07-02T15:43:00+02:00;9057_G;66;8;92;freeFlow;3
2025-07-02T15:43:00+02:00;9058_D;71;19;100;freeFlow;3
2025-07-02T15:43:00+02:00;9058_G;75;18;60;freeFlow;1
2025-07-02T15:43:00+02:00;9059_D;61;10;75;freeFlow;2
2025-07-02T15:43:00+02:00;9059_G;64;10;60;freeFlow;1
2025-07-02T15:43:00+02:00;9060;41;5;100;heavy;3
2025-07-02T15:43:00+02:00;9061;36;4;94;heavy;6
2025-07-02T15:43:00+02:00;9062;29;6;95;heavy;5
2025-07-02T15:43:00+02:00;9063;40;3;100;heavy;6
2025-07-02T15:43:00+02:00;9068_D;47;38;100;heavy;6
2025-07-02T15:43:00+02:00;9068_G;43;42;100;heavy;4
2025-07-02T15:43:00+02:00;9070_D;72;28;75;freeFlow;2
2025-07-02T15:43:00+02:00;9070_G;56;37;91;freeFlow;4
2025-07-02T15:43:00+02:00;9073;43;10;100;heavy;10
2025-07-02T15:43:00+02:00;9074;86;10;100;freeFlow;11
2025-07-02T15:43:00+02:00;9082_D;82;3;57;freeFlow;1
2025-07-02T15:43:00+02:00;9082_G;72;3;60;freeFlow;1
2025-07-02T15:43:00+02:00;9090_D;18;73;67;congested;2
2025-07-02T15:43:00+02:00;9090_G;67;20;75;freeFlow;2
2025-07-02T15:43:00+02:00;9103;92;15;55;freeFlow;1
2025-07-02T15:43:00+02:00;9108;104;12;55;freeFlow;1
2025-07-02T15:43:00+02:00;9114;104;1;55;freeFlow;1
2025-07-02T15:43:00+02:00;9115;58;25;75;heavy;2
2025-07-02T15:43:00+02:00;9116;80;2;45;freeFlow;1
2025-07-02T15:43:00+02:00;9117;79;7;45;freeFlow;1
2025-07-02T15:43:00+02:00;9133;78;24;75;freeFlow;2
2025-07-02T15:43:00+02:00;9134;104;14;55;freeFlow;1
2025-07-02T15:43:00+02:00;9177;73;26;60;freeFlow;1
2025-07-02T15:43:00+02:00;9190;52;7;60;heavy;1
2025-07-02T15:43:00+02:00;9199;27;2;100;congested;3
2025-07-02T15:43:00+02:00;9200;34;4;12;heavy;1
2025-07-02T15:43:00+02:00;9201;43;2;45;heavy;1
2025-07-02T15:43:00+02:00;9202;24;5;55;congested;2
2025-07-02T15:43:00+02:00;9203;24;4;60;congested;1
2025-07-02T15:43:00+02:00;9204;22;5;60;congested;1
2025-07-02T15:43:00+02:00;9213;32;87;67;heavy;2
2025-07-02T15:43:00+02:00;9214_D;23;2;60;heavy;1
2025-07-02T15:43:00+02:00;9214_G;104;1;55;freeFlow;1
2025-07-02T15:43:00+02:00;9215;50;55;60;heavy;1
2025-07-02T15:43:00+02:00;9279;92;23;100;freeFlow;7
2025-07-02T15:43:00+02:00;9280;96;25;100;freeFlow;7
2025-07-02T15:43:00+02:00;9343_D;65;19;60;freeFlow;1
2025-07-02T15:43:00+02:00;9343_G;64;19;60;freeFlow;1
2025-07-02T15:43:00+02:00;9344_D;47;13;60;freeFlow;1
2025-07-02T15:43:00+02:00;9344_G;62;10;60;freeFlow;1
2025-07-02T15:43:00+02:00;9345_D;47;17;60;freeFlow;1
2025-07-02T15:43:00+02:00;9345_G;68;12;60;freeFlow;1
2025-07-02T15:43:00+02:00;9346_D;47;10;60;freeFlow;1
2025-07-02T15:43:00+02:00;9346_G;68;7;57;freeFlow;1
2025-07-02T15:43:00+02:00;9348_D;51;4;60;freeFlow;1
2025-07-02T15:43:00+02:00;9348_G;45;5;57;freeFlow;1
2025-07-02T15:43:00+02:00;9351_D;88;13;60;freeFlow;1
2025-07-02T15:43:00+02:00;9351_G;80;14;0;unknown;0
2025-07-02T15:43:00+02:00;9370_D;51;16;60;heavy;1
2025-07-02T15:43:00+02:00;9370_G;67;13;60;freeFlow;1
2025-07-02T15:43:00+02:00;9371_D;47;14;60;heavy;1
2025-07-02T15:43:00+02:00;9371_G;57;11;60;freeFlow;1
2025-07-02T15:43:00+02:00;9378;61;19;100;heavy;9
2025-07-02T15:43:00+02:00;9379;89;13;100;freeFlow;12
2025-07-02T15:43:00+02:00;9414_D;31;8;56;freeFlow;2
2025-07-02T15:43:00+02:00;9414_G;35;7;75;freeFlow;2
2025-07-02T15:43:00+02:00;9416_D;45;5;32;freeFlow;1
2025-07-02T15:43:00+02:00;9416_G;46;5;75;freeFlow;2
2025-07-02T15:43:00+02:00;9418_D;45;8;32;freeFlow;1
2025-07-02T15:43:00+02:00;9418_G;38;9;75;freeFlow;2
2025-07-02T15:43:00+02:00;9421;45;2;32;freeFlow;1
2025-07-02T15:43:00+02:00;9422;45;2;32;freeFlow;1
2025-07-02T15:43:00+02:00;9423;34;3;75;freeFlow;2
2025-07-02T15:43:00+02:00;9424;38;5;75;freeFlow;2
2025-07-02T15:43:00+02:00;9425_D;45;3;32;freeFlow;1
2025-07-02T15:43:00+02:00;9425_G;38;3;75;freeFlow;2
2025-07-02T15:43:00+02:00;9427_D;49;7;32;heavy;1
2025-07-02T15:43:00+02:00;9427_G;29;11;60;heavy;1
2025-07-02T15:43:00+02:00;9434_D;64;12;32;freeFlow;1
2025-07-02T15:43:00+02:00;9434_G;63;12;60;freeFlow;1
2025-07-02T15:43:00+02:00;9435_D;65;16;72;freeFlow;2
2025-07-02T15:43:00+02:00;9435_G;80;13;60;freeFlow;1
2025-07-02T15:43:00+02:00;9437_D;65;18;60;freeFlow;1
2025-07-02T15:43:00+02:00;9437_G;67;17;60;freeFlow;1
2025-07-02T15:43:00+02:00;9588_D;80;7;57;freeFlow;1
2025-07-02T15:43:00+02:00;9588_G;71;8;60;freeFlow;1
2025-07-02T15:43:00+02:00;9625_D;55;6;55;freeFlow;1
2025-07-02T15:43:00+02:00;9625_G;69;5;60;freeFlow;1
2025-07-02T15:43:00+02:00;9739;36;4;98;heavy;3
2025-07-02T15:43:00+02:00;9740;25;2;60;heavy;1
2025-07-02T15:43:00+02:00;9741;25;3;60;heavy;1
2025-07-02T15:43:00+02:00;9742;21;7;100;congested;3
2025-07-02T15:43:00+02:00;9745_D;5;25;70;congested;2
2025-07-02T15:43:00+02:00;9745_G;42;7;100;heavy;3
2025-07-02T15:43:00+02:00;9757_D;53;2;57;freeFlow;1
2025-07-02T15:43:00+02:00;9757_G;25;5;60;heavy;1
2025-07-02T15:43:00+02:00;9758_D;59;5;57;freeFlow;1
2025-07-02T15:43:00+02:00;9758_G;29;11;60;heavy;1
2025-07-02T15:43:00+02:00;9834_D;77;26;75;freeFlow;2
2025-07-02T15:43:00+02:00;9834_G;80;25;75;freeFlow;2
2025-07-02T15:43:00+02:00;9912;51;3;100;freeFlow;4
2025-07-02T15:43:00+02:00;9913;102;1;60;freeFlow;1
2025-07-02T15:43:00+02:00;9914;58;2;75;freeFlow;2
2025-07-02T15:43:00+02:00;9915;57;2;75;freeFlow;2
2025-07-02T15:43:00+02:00;9916;39;4;100;heavy;4
2025-07-02T15:43:00+02:00;9917_D;41;4;100;heavy;3
2025-07-02T15:43:00+02:00;9917_G;102;1;60;freeFlow;1
2025-07-02T15:43:00+02:00;9921_D;35;42;70;heavy;2
2025-07-02T15:43:00+02:00;9921_G;53;28;75;freeFlow;2
2025-07-02T15:43:00+02:00;1601981;34;5;100;heavy;3
2025-07-02T15:43:00+02:00;1601982;35;26;75;freeFlow;2
2025-07-02T15:43:00+02:00;1634;60;9;60;heavy;1
2025-07-02T15:43:00+02:00;1635;95;2;75;freeFlow;2
2025-07-02T15:43:00+02:00;1636;47;3;100;freeFlow;4
2025-07-02T15:43:00+02:00;1637;40;3;100;heavy;10
2025-07-02T15:43:00+02:00;1640;70;1;100;freeFlow;8
2025-07-02T15:43:00+02:00;1641;71;2;100;freeFlow;3
2025-07-02T15:43:00+02:00;1642;48;2;100;heavy;7
2025-07-02T15:43:00+02:00;1678329;105;6;60;freeFlow;1
2025-07-02T15:43:00+02:00;1680500_D;24;11;60;heavy;1
2025-07-02T15:43:00+02:00;1680500_G;37;8;100;freeFlow;3
2025-07-02T15:43:00+02:00;1680501;61;14;98;freeFlow;20
2025-07-02T15:43:00+02:00;1680580;50;9;0;unknown;0
2025-07-02T15:43:00+02:00;1680586;86;2;60;freeFlow;1
2025-07-02T15:43:00+02:00;1680594;86;0;60;freeFlow;1
2025-07-02T15:43:00+02:00;1680595;50;1;0;unknown;0
2025-07-02T15:43:00+02:00;1680596;86;0;60;freeFlow;1
2025-07-02T15:43:00+02:00;1680597;50;1;0;unknown;0
2025-07-02T15:43:00+02:00;1680604;50;2;0;unknown;0
2025-07-02T15:43:00+02:00;1747_D;27;3;75;heavy;2
2025-07-02T15:43:00+02:00;1747_G;14;6;75;congested;2
2025-07-02T15:43:00+02:00;1762;18;29;75;heavy;2
2025-07-02T15:43:00+02:00;1763;64;9;75;freeFlow;2
2025-07-02T15:43:00+02:00;1765_D;24;17;75;heavy;2
2025-07-02T15:43:00+02:00;1765_G;19;21;100;heavy;3
2025-07-02T15:43:00+02:00;1852;77;14;100;freeFlow;9
2025-07-02T15:43:00+02:00;1857;83;26;100;freeFlow;16
2025-07-02T15:43:00+02:00;1858;80;11;100;freeFlow;8
2025-07-02T15:43:00+02:00;1859;84;12;100;freeFlow;12
2025-07-02T15:43:00+02:00;1860;52;24;74;freeFlow;2
2025-07-02T15:43:00+02:00;1910718_D;25;5;60;heavy;1
2025-07-02T15:43:00+02:00;1910718_G;31;3;60;heavy;1
2025-07-02T15:43:00+02:00;1910863_D;33;17;94;heavy;3
2025-07-02T15:43:00+02:00;1910863_G;13;42;83;congested;3
2025-07-02T15:43:00+02:00;1911250;20;11;85;heavy;3
2025-07-02T15:43:00+02:00;35088;44;5;100;heavy;3
2025-07-02T15:43:00+02:00;35089;56;4;88;freeFlow;6
2025-07-02T15:43:00+02:00;35090;51;1;75;freeFlow;2
2025-07-02T15:43:00+02:00;35091;40;3;60;heavy;1
2025-07-02T15:43:00+02:00;35093;38;7;75;heavy;2
2025-07-02T15:43:00+02:00;35094;32;8;60;heavy;1
2025-07-02T15:43:00+02:00;35099;42;3;100;freeFlow;3
2025-07-02T15:43:00+02:00;35101;25;3;100;heavy;3
2025-07-02T15:43:00+02:00;35102;30;2;75;heavy;2
2025-07-02T15:43:00+02:00;35104;52;51;100;freeFlow;3
2025-07-02T15:43:00+02:00;35116;31;4;100;heavy;6
2025-07-02T15:43:00+02:00;35117;33;5;100;heavy;7
2025-07-02T15:43:00+02:00;35118;40;4;100;freeFlow;5
2025-07-02T15:43:00+02:00;35119;36;6;100;freeFlow;5
2025-07-02T15:43:00+02:00;35120_D;107;1;52;freeFlow;1
2025-07-02T15:43:00+02:00;35120_G;15;5;100;heavy;4
2025-07-02T15:43:00+02:00;35121_D;107;19;52;freeFlow;1
2025-07-02T15:43:00+02:00;35121_G;37;56;100;freeFlow;4
2025-07-02T15:43:00+02:00;40196;82;3;60;freeFlow;1
2025-07-02T15:43:00+02:00;40197;84;3;48;freeFlow;2
2025-07-02T15:43:00+02:00;41636_D;32;5;73;heavy;2
2025-07-02T15:43:00+02:00;41636_G;38;4;60;freeFlow;1
2025-07-02T15:43:00+02:00;41652_G;36;6;75;freeFlow;2
2025-07-02T15:43:00+02:00;41653_D;39;2;57;freeFlow;1
2025-07-02T15:43:00+02:00;41653_G;15;6;75;congested;2
2025-07-02T15:43:00+02:00;41667_D;47;3;55;freeFlow;1
2025-07-02T15:43:00+02:00;41667_G;28;5;75;heavy;2
2025-07-02T15:43:00+02:00;41668_D;47;1;55;freeFlow;1
2025-07-02T15:43:00+02:00;41668_G;15;3;100;heavy;3
2025-07-02T15:43:00+02:00;41721;82;13;100;freeFlow;16
2025-07-02T15:43:00+02:00;41722;79;14;100;freeFlow;20
2025-07-02T15:43:00+02:00;41758;96;14;100;freeFlow;13
2025-07-02T15:43:00+02:00;41759;85;16;100;freeFlow;13
2025-07-02T15:43:00+02:00;41760;75;18;100;freeFlow;17
2025-07-02T15:43:00+02:00;41949_D;24;11;95;heavy;3
2025-07-02T15:43:00+02:00;41949_G;15;18;100;congested;3
2025-07-02T15:43:00+02:00;41974_D;27;8;60;heavy;1
2025-07-02T15:43:00+02:00;41974_G;21;11;100;heavy;3
2025-07-02T15:43:00+02:00;41975_D;27;12;60;heavy;1
2025-07-02T15:43:00+02:00;41975_G;26;13;75;heavy;2
2025-07-02T15:43:00+02:00;41985_D;33;2;55;heavy;1
2025-07-02T15:43:00+02:00;41985_G;12;6;100;congested;3
2025-07-02T15:43:00+02:00;42064_D;47;5;55;freeFlow;1
2025-07-02T15:43:00+02:00;42064_G;21;10;100;heavy;3
2025-07-02T15:43:00+02:00;420870_D;24;9;60;heavy;1
2025-07-02T15:43:00+02:00;420870_G;24;10;69;heavy;2
2025-07-02T15:43:00+02:00;42206_G;21;44;55;heavy;1
2025-07-02T15:43:00+02:00;42238_G;18;19;100;heavy;3
2025-07-02T15:43:00+02:00;42239_D;35;8;57;heavy;1
2025-07-02T15:43:00+02:00;42239_G;43;7;75;freeFlow;2
2025-07-02T15:43:00+02:00;42240_D;29;26;75;heavy;2
2025-07-02T15:43:00+02:00;42240_G;13;58;55;congested;1
2025-07-02T15:43:00+02:00;42241_D;34;20;100;heavy;3
2025-07-02T15:43:00+02:00;42241_G;17;42;55;heavy;1
2025-07-02T15:43:00+02:00;42242_D;10;31;100;congested;5
2025-07-02T15:43:00+02:00;42242_G;17;18;55;heavy;1
2025-07-02T15:43:00+02:00;42683_D;22;15;100;heavy;4
2025-07-02T15:43:00+02:00;42683_G;18;18;94;heavy;3
2025-07-02T15:43:00+02:00;42714_D;31;7;60;heavy;1
2025-07-02T15:43:00+02:00;42714_G;24;8;75;heavy;2
2025-07-02T15:43:00+02:00;42716_D;37;2;60;freeFlow;1
2025-07-02T15:43:00+02:00;42716_G;29;3;75;heavy;2
2025-07-02T15:43:00+02:00;43449_D;27;8;35;freeFlow;1
2025-07-02T15:43:00+02:00;43449_G;20;11;63;heavy;2
2025-07-02T15:43:00+02:00;43450_D;18;17;53;heavy;2
2025-07-02T15:43:00+02:00;43450_G;28;11;48;freeFlow;1
2025-07-02T15:43:00+02:00;43451_G;11;41;60;heavy;1
2025-07-02T15:43:00+02:00;43452_D;4;37;50;congested;2
2025-07-02T15:43:00+02:00;43452_G;27;6;60;freeFlow;1
2025-07-02T15:43:00+02:00;43475_D;50;4;0;unknown;0
2025-07-02T15:43:00+02:00;43475_G;50;4;0;unknown;0
2025-07-02T15:43:00+02:00;43622_D;5;21;100;congested;3
2025-07-02T15:43:00+02:00;43622_G;42;2;48;freeFlow;2
2025-07-02T15:43:00+02:00;43623_D;9;23;75;congested;2
2025-07-02T15:43:00+02:00;43623_G;12;17;32;congested;1
2025-07-02T15:43:00+02:00;43624_D;17;14;75;heavy;2
2025-07-02T15:43:00+02:00;43624_G;29;8;73;heavy;3
2025-07-02T15:43:00+02:00;43625_D;30;12;75;heavy;2
2025-07-02T15:43:00+02:00;43625_G;38;10;32;freeFlow;1
2025-07-02T15:43:00+02:00;43657_D;5;18;32;congested;1
2025-07-02T15:43:00+02:00;43657_G;36;2;75;freeFlow;2
2025-07-02T15:43:00+02:00;43659_D;12;12;50;heavy;2
2025-07-02T15:43:00+02:00;43659_G;9;16;60;congested;1
2025-07-02T15:43:00+02:00;44039_D;50;2;0;unknown;0
2025-07-02T15:43:00+02:00;44039_G;50;2;0;unknown;0
2025-07-02T15:43:00+02:00;44040_D;50;9;0;unknown;0
2025-07-02T15:43:00+02:00;44040_G;50;9;0;unknown;0
2025-07-02T15:43:00+02:00;44041_D;50;9;0;unknown;0
2025-07-02T15:43:00+02:00;44041_G;50;9;0;unknown;0
2025-07-02T15:43:00+02:00;44042_D;50;10;0;unknown;0
2025-07-02T15:43:00+02:00;44042_G;50;9;0;unknown;0
2025-07-02T15:43:00+02:00;44071_D;26;11;38;freeFlow;1
2025-07-02T15:43:00+02:00;44071_G;19;16;60;heavy;1
2025-07-02T15:43:00+02:00;44080;25;5;75;heavy;2
2025-07-02T15:43:00+02:00;44113_D;31;9;32;heavy;1
2025-07-02T15:43:00+02:00;44113_G;40;7;60;freeFlow;1
2025-07-02T15:43:00+02:00;44114_D;25;10;32;heavy;1
2025-07-02T15:43:00+02:00;44114_G;40;6;60;freeFlow;1
2025-07-02T15:43:00+02:00;44115_D;27;13;32;heavy;1
2025-07-02T15:43:00+02:00;44115_G;40;9;60;freeFlow;1
2025-07-02T15:43:00+02:00;44117_D;33;9;52;heavy;2
2025-07-02T15:43:00+02:00;44117_G;40;6;60;freeFlow;1
2025-07-02T15:43:00+02:00;44118_D;38;5;55;freeFlow;1
2025-07-02T15:43:00+02:00;44118_G;40;5;60;freeFlow;1
2025-07-02T15:43:00+02:00;44125_D;19;7;60;heavy;1
2025-07-02T15:43:00+02:00;44125_G;12;12;60;congested;1
2025-07-02T15:43:00+02:00;44127;26;11;75;heavy;2
2025-07-02T15:43:00+02:00;44128;38;9;75;freeFlow;2
2025-07-02T15:43:00+02:00;44170_D;34;5;32;heavy;1
2025-07-02T15:43:00+02:00;44170_G;40;5;60;freeFlow;1
2025-07-02T15:43:00+02:00;44713_D;18;2;60;heavy;1
2025-07-02T15:43:00+02:00;44713_G;37;1;60;freeFlow;1
2025-07-02T15:43:00+02:00;44930;21;9;100;heavy;3
2025-07-02T15:43:00+02:00;44931;36;18;100;freeFlow;3
2025-07-02T15:43:00+02:00;44934;95;21;100;freeFlow;9
2025-07-02T15:43:00+02:00;45486_G;26;8;52;heavy;1
2025-07-02T15:43:00+02:00;45487_G;26;10;52;heavy;1
2025-07-02T15:43:00+02:00;45488_D;35;19;60;freeFlow;1
2025-07-02T15:43:00+02:00;45488_G;26;26;52;heavy;1
2025-07-02T15:43:00+02:00;45489_D;35;7;60;freeFlow;1
2025-07-02T15:43:00+02:00;45489_G;26;10;52;heavy;1
2025-07-02T15:43:00+02:00;45490_D;35;5;60;freeFlow;1
2025-07-02T15:43:00+02:00;45490_G;30;5;50;heavy;1
2025-07-02T15:43:00+02:00;45503_D;50;3;0;unknown;0
2025-07-02T15:43:00+02:00;45503_G;50;3;0;unknown;0
2025-07-02T15:43:00+02:00;45504_D;4;37;45;congested;1
2025-07-02T15:43:00+02:00;45504_G;50;3;0;unknown;0
2025-07-02T15:43:00+02:00;45505_D;6;60;45;congested;1
2025-07-02T15:43:00+02:00;45505_G;50;7;0;unknown;0
2025-07-02T15:43:00+02:00;45530_D;38;2;55;freeFlow;1
2025-07-02T15:43:00+02:00;45530_G;40;2;60;freeFlow;1
2025-07-02T15:43:00+02:00;45531_D;36;2;55;freeFlow;1
2025-07-02T15:43:00+02:00;45531_G;27;2;57;freeFlow;1
2025-07-02T15:43:00+02:00;45532_D;36;6;55;freeFlow;1
2025-07-02T15:43:00+02:00;45532_G;27;8;57;freeFlow;1
2025-07-02T15:43:00+02:00;45565_D;50;7;0;unknown;0
2025-07-02T15:43:00+02:00;45565_G;50;6;0;unknown;0
2025-07-02T15:43:00+02:00;45566_D;50;5;0;unknown;0
2025-07-02T15:43:00+02:00;45566_G;50;5;0;unknown;0
2025-07-02T15:43:00+02:00;45567_D;47;6;10;freeFlow;1
2025-07-02T15:43:00+02:00;45567_G;47;6;10;freeFlow;1
2025-07-02T15:43:00+02:00;45568_D;50;9;0;unknown;0
2025-07-02T15:43:00+02:00;45568_G;26;18;0;unknown;0
2025-07-02T15:43:00+02:00;45601_D;12;26;38;congested;1
2025-07-02T15:43:00+02:00;45601_G;23;14;55;heavy;1
2025-07-02T15:43:00+02:00;45613_D;18;17;60;heavy;1
2025-07-02T15:43:00+02:00;45613_G;22;15;55;heavy;1
2025-07-02T15:43:00+02:00;45614_D;35;6;60;freeFlow;1
2025-07-02T15:43:00+02:00;45614_G;30;7;50;heavy;1
2025-07-02T15:43:00+02:00;45636;37;31;60;heavy;1
2025-07-02T15:43:00+02:00;45637;79;14;100;freeFlow;22
2025-07-02T15:43:00+02:00;45640;55;9;25;freeFlow;1
2025-07-02T15:43:00+02:00;45641;105;12;100;freeFlow;10
2025-07-02T15:43:00+02:00;45642;98;22;100;freeFlow;13
2025-07-02T15:43:00+02:00;45644_D;28;34;73;heavy;2
2025-07-02T15:43:00+02:00;45644_G;28;33;75;heavy;2
2025-07-02T15:43:00+02:00;45645_G;105;5;60;freeFlow;1
2025-07-02T15:43:00+02:00;45725;83;38;100;freeFlow;22
2025-07-02T15:43:00+02:00;45736_D;32;15;74;heavy;2
2025-07-02T15:43:00+02:00;45736_G;105;4;60;freeFlow;1
2025-07-02T15:43:00+02:00;45759_D;32;12;60;heavy;1
2025-07-02T15:43:00+02:00;45759_G;4;87;57;congested;1
2025-07-02T15:43:00+02:00;45760_D;12;24;60;congested;1
2025-07-02T15:43:00+02:00;45760_G;28;10;70;heavy;2
2025-07-02T15:43:00+02:00;45761_G;10;32;52;congested;1
2025-07-02T15:43:00+02:00;45762_D;42;6;75;freeFlow;2
2025-07-02T15:43:00+02:00;45762_G;33;7;52;heavy;1
2025-07-02T15:43:00+02:00;45849_D;19;4;57;heavy;1
2025-07-02T15:43:00+02:00;45849_G;9;9;45;congested;2
2025-07-02T15:43:00+02:00;45850_D;31;3;57;heavy;1
2025-07-02T15:43:00+02:00;45850_G;37;2;42;freeFlow;1
2025-07-02T15:43:00+02:00;45865_G;39;9;60;freeFlow;1
2025-07-02T15:43:00+02:00;46027;19;3;55;heavy;1
2025-07-02T15:43:00+02:00;46028;35;20;35;freeFlow;1
2025-07-02T15:43:00+02:00;46029;24;7;62;heavy;2
2025-07-02T15:43:00+02:00;46036_D;50;10;0;unknown;0
2025-07-02T15:43:00+02:00;46036_G;22;23;0;unknown;0
2025-07-02T15:43:00+02:00;46053_G;50;8;0;unknown;0
2025-07-02T15:43:00+02:00;46054_D;29;7;45;heavy;1
2025-07-02T15:43:00+02:00;46054_G;50;4;0;unknown;0
2025-07-02T15:43:00+02:00;46055_D;50;5;0;unknown;0
2025-07-02T15:43:00+02:00;46055_G;50;5;0;unknown;0
2025-07-02T15:43:00+02:00;46056_G;50;2;0;unknown;0
2025-07-02T15:43:00+02:00;46057_D;50;4;0;unknown;0
2025-07-02T15:43:00+02:00;46057_G;50;4;0;unknown;0
2025-07-02T15:43:00+02:00;46058_D;50;7;0;unknown;0
2025-07-02T15:43:00+02:00;46058_G;50;7;0;unknown;0
2025-07-02T15:43:00+02:00;46059_D;50;12;0;unknown;0
2025-07-02T15:43:00+02:00;46059_G;50;12;0;unknown;0
2025-07-02T15:43:00+02:00;46079_D;50;6;0;unknown;0
2025-07-02T15:43:00+02:00;46079_G;50;6;0;unknown;0
2025-07-02T15:43:00+02:00;46080_D;50;9;0;unknown;0
2025-07-02T15:43:00+02:00;46080_G;50;9;0;unknown;0
2025-07-02T15:43:00+02:00;46081;62;4;60;freeFlow;1
2025-07-02T15:43:00+02:00;46135;86;4;60;freeFlow;1
2025-07-02T15:43:00+02:00;46136;86;3;60;freeFlow;1
2025-07-02T15:43:00+02:00;46137;86;5;60;freeFlow;1
2025-07-02T15:43:00+02:00;46163;35;9;60;heavy;1
2025-07-02T15:43:00+02:00;46228;73;14;57;freeFlow;1
2025-07-02T15:43:00+02:00;46230;85;17;100;freeFlow;12
2025-07-02T15:43:00+02:00;46251_D;20;9;60;heavy;1
2025-07-02T15:43:00+02:00;46251_G;17;10;69;heavy;2
2025-07-02T15:43:00+02:00;46264;104;16;55;freeFlow;1
2025-07-02T15:43:00+02:00;46265;84;8;100;freeFlow;12
2025-07-02T15:43:00+02:00;46266;83;3;100;freeFlow;13
2025-07-02T15:43:00+02:00;46267;73;11;100;freeFlow;18
2025-07-02T15:43:00+02:00;46268;75;20;100;freeFlow;19
2025-07-02T15:43:00+02:00;46270_D;22;10;75;heavy;2
2025-07-02T15:43:00+02:00;46270_G;50;4;0;unknown;0
2025-07-02T15:43:00+02:00;46271_D;24;11;75;heavy;2
2025-07-02T15:43:00+02:00;46271_G;7;39;32;congested;1
2025-07-02T15:43:00+02:00;46374_D;17;75;55;heavy;1
2025-07-02T15:43:00+02:00;46374_G;28;44;22;heavy;1
2025-07-02T15:43:00+02:00;46375_D;25;19;10;heavy;1
2025-07-02T15:43:00+02:00;46375_G;50;10;0;unknown;0
2025-07-02T15:43:00+02:00;46376_D;13;52;27;congested;1
2025-07-02T15:43:00+02:00;46376_G;12;59;25;congested;1
2025-07-02T15:43:00+02:00;46377_D;19;22;12;heavy;1
2025-07-02T15:43:00+02:00;46377_G;12;36;25;congested;1
2025-07-02T15:43:00+02:00;46427_D;37;10;0;unknown;0
2025-07-02T15:43:00+02:00;46427_G;50;7;0;unknown;0
2025-07-02T15:43:00+02:00;46559_D;50;1;0;unknown;0
2025-07-02T15:43:00+02:00;46559_G;21;3;0;unknown;0
2025-07-02T15:43:00+02:00;46560_D;50;8;0;unknown;0
2025-07-02T15:43:00+02:00;46560_G;11;34;60;congested;1
2025-07-02T15:43:00+02:00;46561_D;50;5;0;unknown;0
2025-07-02T15:43:00+02:00;46561_G;25;11;60;heavy;1
2025-07-02T15:43:00+02:00;46562_D;50;2;0;unknown;0
2025-07-02T15:43:00+02:00;46562_G;38;3;60;freeFlow;1
2025-07-02T15:43:00+02:00;46563_D;50;8;0;unknown;0
2025-07-02T15:43:00+02:00;46563_G;29;15;60;heavy;1
2025-07-02T15:43:00+02:00;46564_D;50;4;0;unknown;0
2025-07-02T15:43:00+02:00;46564_G;21;10;60;heavy;1
2025-07-02T15:43:00+02:00;46565_D;50;4;0;unknown;0
2025-07-02T15:43:00+02:00;46565_G;22;8;60;heavy;1
2025-07-02T15:43:00+02:00;46566_D;50;5;0;unknown;0
2025-07-02T15:43:00+02:00;46566_G;19;14;60;heavy;1
2025-07-02T15:43:00+02:00;46567_G;12;8;25;congested;1
2025-07-02T15:43:00+02:00;46568_D;50;1;0;unknown;0
2025-07-02T15:43:00+02:00;46568_G;60;1;57;freeFlow;1
2025-07-02T15:43:00+02:00;46569_D;35;14;60;heavy;1
2025-07-02T15:43:00+02:00;46569_G;11;44;75;congested;2
2025-07-02T15:43:00+02:00;46627_D;50;11;0;unknown;0
2025-07-02T15:43:00+02:00;46627_G;7;74;60;congested;1
2025-07-02T15:43:00+02:00;46628_D;50;8;0;unknown;0
2025-07-02T15:43:00+02:00;46628_G;22;18;60;heavy;1
2025-07-02T15:43:00+02:00;46640;46;16;27;freeFlow;1
2025-07-02T15:43:00+02:00;46641;46;9;27;freeFlow;1
2025-07-02T15:43:00+02:00;46643;50;3;0;unknown;0
2025-07-02T15:43:00+02:00;46649;46;9;27;freeFlow;1
2025-07-02T15:43:00+02:00;46653_D;50;12;0;unknown;0
2025-07-02T15:43:00+02:00;46653_G;45;13;0;unknown;0
2025-07-02T15:43:00+02:00;46654_D;50;10;0;unknown;0
2025-07-02T15:43:00+02:00;46654_G;13;39;0;unknown;0
2025-07-02T15:43:00+02:00;46655_D;50;3;0;unknown;0
2025-07-02T15:43:00+02:00;46655_G;9;18;0;unknown;0
2025-07-02T15:43:00+02:00;46682;60;8;57;freeFlow;1
2025-07-02T15:43:00+02:00;46683;35;2;40;freeFlow;1
2025-07-02T15:43:00+02:00;46684;86;6;60;freeFlow;1
2025-07-02T15:43:00+02:00;46685;51;21;100;freeFlow;5
2025-07-02T15:43:00+02:00;46686;32;42;100;heavy;3
2025-07-02T15:43:00+02:00;46688;86;13;60;freeFlow;1
2025-07-02T15:43:00+02:00;46716;71;1;100;freeFlow;7
2025-07-02T15:43:00+02:00;46717;84;45;100;freeFlow;14
2025-07-02T15:43:00+02:00;46718;77;13;100;freeFlow;8
2025-07-02T15:43:00+02:00;46719;79;10;100;freeFlow;3
2025-07-02T15:43:00+02:00;46720;8;26;60;congested;1
2025-07-02T15:43:00+02:00;46728;74;5;100;freeFlow;5
2025-07-02T15:43:00+02:00;46745_D;26;23;75;heavy;2
2025-07-02T15:43:00+02:00;46745_G;35;17;60;heavy;1
2025-07-02T15:43:00+02:00;46746_D;27;32;100;heavy;4
2025-07-02T15:43:00+02:00;46746_G;16;56;51;heavy;2
2025-07-02T15:43:00+02:00;46975;50;3;0;unknown;0
2025-07-02T15:43:00+02:00;47024;37;4;55;freeFlow;2
2025-07-02T15:43:00+02:00;47025;38;10;55;freeFlow;1
2025-07-02T15:43:00+02:00;47030;5;59;71;congested;2
2025-07-02T15:43:00+02:00;47057;71;12;100;freeFlow;7
2025-07-02T15:43:00+02:00;47058;76;25;100;freeFlow;8
2025-07-02T15:43:00+02:00;47059;74;17;100;freeFlow;9
2025-07-02T15:43:00+02:00;47060;83;12;100;freeFlow;10
2025-07-02T15:43:00+02:00;47062;17;49;57;heavy;1
2025-07-02T15:43:00+02:00;47064;30;3;100;heavy;9
2025-07-02T15:43:00+02:00;47066;36;3;100;freeFlow;4
2025-07-02T15:43:00+02:00;47068;42;16;60;heavy;1
2025-07-02T15:43:00+02:00;47070;56;5;100;freeFlow;8
2025-07-02T15:43:00+02:00;47071;35;25;100;heavy;5
2025-07-02T15:43:00+02:00;47074;97;5;100;freeFlow;10
2025-07-02T15:43:00+02:00;47075;107;2;60;freeFlow;1
2025-07-02T15:43:00+02:00;47078;75;32;75;freeFlow;2
2025-07-02T15:43:00+02:00;47101;7;53;100;congested;5
2025-07-02T15:43:00+02:00;47107;84;6;100;freeFlow;10
2025-07-02T15:43:00+02:00;47108;75;11;60;freeFlow;1
2025-07-02T15:43:00+02:00;47109;33;2;100;heavy;5
2025-07-02T15:43:00+02:00;47110;65;12;100;freeFlow;4
2025-07-02T15:43:00+02:00;47111;87;20;100;freeFlow;5
2025-07-02T15:43:00+02:00;47112;29;29;100;heavy;6
2025-07-02T15:43:00+02:00;47113;77;7;100;freeFlow;3
2025-07-02T15:43:00+02:00;47114;60;23;75;freeFlow;2
2025-07-02T15:43:00+02:00;47115;65;22;100;freeFlow;5
2025-07-02T15:43:00+02:00;47238;50;12;100;heavy;9
2025-07-02T15:43:00+02:00;47240;79;18;100;freeFlow;12
2025-07-02T15:43:00+02:00;47241;75;14;100;freeFlow;10
2025-07-02T15:43:00+02:00;47242;62;21;100;heavy;11
2025-07-02T15:43:00+02:00;47243;47;30;100;heavy;10
2025-07-02T15:43:00+02:00;47290;62;8;60;freeFlow;1
2025-07-02T15:43:00+02:00;47293;48;11;100;heavy;10
2025-07-02T15:43:00+02:00;47299;47;7;100;heavy;6
2025-07-02T15:43:00+02:00;47300;69;17;100;freeFlow;5
2025-07-02T15:43:00+02:00;47306;78;26;100;freeFlow;8
2025-07-02T15:43:00+02:00;47316;54;5;75;freeFlow;2
2025-07-02T15:43:00+02:00;47428_D;50;5;0;unknown;0
2025-07-02T15:43:00+02:00;47428_G;50;5;0;unknown;0
2025-07-02T15:43:00+02:00;48769_D;6;21;75;congested;2
2025-07-02T15:43:00+02:00;48769_G;30;4;52;heavy;1
2025-07-02T15:43:00+02:00;48890;21;1;55;heavy;1
2025-07-02T15:43:00+02:00;48891;24;1;55;heavy;1
2025-07-02T15:43:00+02:00;48958_D;19;12;60;heavy;1
2025-07-02T15:43:00+02:00;48958_G;15;14;70;heavy;3
2025-07-02T15:43:00+02:00;489866_G;29;6;48;heavy;1
2025-07-02T15:43:00+02:00;49004;44;5;70;freeFlow;2
2025-07-02T15:43:00+02:00;490194_D;16;4;60;heavy;1
2025-07-02T15:43:00+02:00;490194_G;26;2;75;heavy;2
2025-07-02T15:43:00+02:00;49023;49;11;100;freeFlow;3
2025-07-02T15:43:00+02:00;49068;46;14;57;freeFlow;1
2025-07-02T15:43:00+02:00;49074;105;1;60;freeFlow;1
2025-07-02T15:43:00+02:00;49075;70;2;0;unknown;0
2025-07-02T15:43:00+02:00;49081;95;6;75;freeFlow;2
2025-07-02T15:43:00+02:00;49084;86;5;60;freeFlow;1
2025-07-02T15:43:00+02:00;49137_D;50;4;0;unknown;0
2025-07-02T15:43:00+02:00;49137_G;50;4;0;unknown;0
2025-07-02T15:43:00+02:00;49184;32;3;73;heavy;2
2025-07-02T15:43:00+02:00;492351_G;30;4;50;heavy;1
2025-07-02T15:43:00+02:00;492359_D;26;10;60;heavy;1
2025-07-02T15:43:00+02:00;492363_D;23;21;38;heavy;1
2025-07-02T15:43:00+02:00;492363_G;50;10;0;unknown;0
2025-07-02T15:43:00+02:00;492435;52;8;100;freeFlow;3
2025-07-02T15:43:00+02:00;492445_G;15;41;75;heavy;2
2025-07-02T15:43:00+02:00;492450;29;17;100;heavy;3
2025-07-02T15:43:00+02:00;492452;29;17;75;heavy;2
2025-07-02T15:43:00+02:00;492459;61;1;100;freeFlow;3
2025-07-02T15:43:00+02:00;492474;19;9;75;congested;2
2025-07-02T15:43:00+02:00;492475;86;10;75;freeFlow;2
2025-07-02T15:43:00+02:00;492476;36;13;100;freeFlow;4
2025-07-02T15:43:00+02:00;492477;105;1;60;freeFlow;1
2025-07-02T15:43:00+02:00;492479;76;9;75;freeFlow;2
2025-07-02T15:43:00+02:00;492481;64;3;60;freeFlow;1
2025-07-02T15:43:00+02:00;492482;94;2;100;freeFlow;3
2025-07-02T15:43:00+02:00;492483;35;5;100;freeFlow;3
2025-07-02T15:43:00+02:00;492485;51;1;100;freeFlow;5
2025-07-02T15:43:00+02:00;492490;29;12;75;freeFlow;2
2025-07-02T15:43:00+02:00;492495;44;1;75;heavy;2
2025-07-02T15:43:00+02:00;492498;90;5;75;freeFlow;2
2025-07-02T15:43:00+02:00;492506;26;9;74;heavy;2
2025-07-02T15:43:00+02:00;492512;64;2;60;freeFlow;1
2025-07-02T15:43:00+02:00;492514;60;1;100;freeFlow;3
2025-07-02T15:43:00+02:00;492519;14;38;60;congested;1
2025-07-02T15:43:00+02:00;492574;31;5;75;heavy;2
2025-07-02T15:43:00+02:00;492576;90;0;75;freeFlow;2
2025-07-02T15:43:00+02:00;49328_D;33;4;32;heavy;1
2025-07-02T15:43:00+02:00;49328_G;40;3;60;freeFlow;1
2025-07-02T15:43:00+02:00;49686_D;50;3;0;unknown;0
2025-07-02T15:43:00+02:00;49686_G;50;3;0;unknown;0
2025-07-02T15:43:00+02:00;50079_D;26;9;53;freeFlow;2
2025-07-02T15:43:00+02:00;50079_G;20;12;48;heavy;1
2025-07-02T15:43:00+02:00;50191_D;12;41;38;congested;1
2025-07-02T15:43:00+02:00;50191_G;25;22;57;heavy;1
2025-07-02T15:43:00+02:00;50308_G;29;10;48;heavy;1
2025-07-02T15:43:00+02:00;50355_D;24;12;60;heavy;1
2025-07-02T15:43:00+02:00;50355_G;14;19;63;congested;2
2025-07-02T15:43:00+02:00;50416_D;24;5;60;heavy;1
2025-07-02T15:43:00+02:00;50416_G;19;7;73;heavy;2
2025-07-02T15:43:00+02:00;50475;11;35;57;congested;2
2025-07-02T15:43:00+02:00;50509;36;12;55;freeFlow;2
2025-07-02T15:43:00+02:00;50573_D;18;13;53;heavy;2
2025-07-02T15:43:00+02:00;50573_G;17;11;60;heavy;1
2025-07-02T15:43:00+02:00;51008;50;3;0;unknown;0
2025-07-02T15:43:00+02:00;51017;34;4;57;heavy;1
2025-07-02T15:43:00+02:00;51159_D;12;53;10;congested;1
2025-07-02T15:43:00+02:00;51159_G;50;13;0;unknown;0
2025-07-02T15:43:00+02:00;51254_D;9;32;12;congested;1
2025-07-02T15:43:00+02:00;51254_G;22;13;20;heavy;1
2025-07-02T15:43:00+02:00;51323_D;50;3;0;unknown;0
2025-07-02T15:43:00+02:00;51323_G;25;7;57;heavy;1
2025-07-02T15:43:00+02:00;51437_D;15;11;0;unknown;0
2025-07-02T15:43:00+02:00;51437_G;15;9;0;unknown;0
2025-07-02T15:43:00+02:00;51455_D;50;6;0;unknown;0
2025-07-02T15:43:00+02:00;51455_G;50;5;0;unknown;0
2025-07-02T15:43:00+02:00;51797;51;4;75;freeFlow;2
2025-07-02T15:43:00+02:00;52130;50;4;0;unknown;0
2025-07-02T15:43:00+02:00;53329_D;39;5;60;freeFlow;1
2025-07-02T15:43:00+02:00;53329_G;37;4;42;freeFlow;1
2025-07-02T15:43:00+02:00;53336_D;19;20;75;heavy;2
2025-07-02T15:43:00+02:00;53336_G;35;11;60;heavy;1
2025-07-02T15:43:00+02:00;53411_D;50;7;0;unknown;0
2025-07-02T15:43:00+02:00;53539_G;14;14;100;congested;3
2025-07-02T15:43:00+02:00;53542;80;5;59;freeFlow;1
2025-07-02T15:43:00+02:00;53543;82;5;27;freeFlow;1
2025-07-02T15:43:00+02:00;53575_D;32;21;73;heavy;2
2025-07-02T15:43:00+02:00;53575_G;43;14;100;freeFlow;3
2025-07-02T15:43:00+02:00;53656;19;5;32;heavy;1
2025-07-02T15:43:00+02:00;53660;32;11;60;heavy;1
2025-07-02T15:43:00+02:00;53663;41;3;60;freeFlow;1
2025-07-02T15:43:00+02:00;53675;36;2;100;heavy;5
2025-07-02T15:43:00+02:00;53676;48;2;100;heavy;6
2025-07-02T15:43:00+02:00;53677;61;9;100;freeFlow;6
2025-07-02T15:43:00+02:00;53678;70;1;0;unknown;0
2025-07-02T15:43:00+02:00;53679;70;2;0;unknown;0
2025-07-02T15:43:00+02:00;53681;60;33;100;freeFlow;5
2025-07-02T15:43:00+02:00;53721;50;1;0;unknown;0
2025-07-02T15:43:00+02:00;53885_D;35;15;74;freeFlow;2
2025-07-02T15:43:00+02:00;53885_G;29;18;75;heavy;2
2025-07-02T15:43:00+02:00;54211;28;23;100;heavy;4
2025-07-02T15:43:00+02:00;54334_D;26;2;38;heavy;1
2025-07-02T15:43:00+02:00;54334_G;25;2;60;heavy;1
2025-07-02T15:43:00+02:00;54337;16;51;75;heavy;2
2025-07-02T15:43:00+02:00;54361;21;10;75;heavy;2
2025-07-02T15:43:00+02:00;54580_G;35;16;60;freeFlow;1
2025-07-02T15:43:00+02:00;54707;45;10;60;freeFlow;1
2025-07-02T15:43:00+02:00;54709;50;1;0;unknown;0
2025-07-02T15:43:00+02:00;54710;44;5;60;freeFlow;1
2025-07-02T15:43:00+02:00;55397_D;25;3;60;heavy;1
2025-07-02T15:43:00+02:00;55397_G;82;1;60;freeFlow;1
2025-07-02T15:43:00+02:00;55401;105;4;60;freeFlow;1
2025-07-02T15:43:00+02:00;55405;78;1;60;freeFlow;1
2025-07-02T15:43:00+02:00;55406;37;5;74;freeFlow;2
2025-07-02T15:43:00+02:00;55407;19;6;73;heavy;2
2025-07-02T15:43:00+02:00;55408;26;6;60;heavy;1
2025-07-02T15:43:00+02:00;55440_D;36;5;57;freeFlow;1
2025-07-02T15:43:00+02:00;55440_G;27;6;57;freeFlow;1
2025-07-02T15:43:00+02:00;55443_D;22;4;50;heavy;2
2025-07-02T15:43:00+02:00;55443_G;25;2;57;heavy;1
2025-07-02T15:43:00+02:00;55446;31;3;73;heavy;2
2025-07-02T15:43:00+02:00;55447;27;2;57;heavy;1
2025-07-02T15:43:00+02:00;55448;38;2;57;freeFlow;1
2025-07-02T15:43:00+02:00;55449;38;2;57;freeFlow;1
2025-07-02T15:43:00+02:00;55516;33;3;55;heavy;1
2025-07-02T15:43:00+02:00;55669;14;15;55;congested;1
2025-07-02T15:43:00+02:00;55671;50;7;0;unknown;0
2025-07-02T15:43:00+02:00;55696;50;15;0;unknown;0
2025-07-02T15:43:00+02:00;55698;6;66;25;congested;1
2025-07-02T15:43:00+02:00;55700;10;40;27;congested;1
2025-07-02T15:43:00+02:00;55703;24;5;55;heavy;1
2025-07-02T15:43:00+02:00;55706;50;1;0;unknown;0
2025-07-02T15:43:00+02:00;55707;15;21;55;heavy;1
2025-07-02T15:43:00+02:00;55708;21;6;55;heavy;1
2025-07-02T15:43:00+02:00;55710;50;14;0;unknown;0
2025-07-02T15:43:00+02:00;55711;22;3;55;heavy;1
2025-07-02T15:43:00+02:00;55713;86;8;60;freeFlow;1
2025-07-02T15:43:00+02:00;55781_D;50;2;0;unknown;0
2025-07-02T15:43:00+02:00;55781_G;86;1;60;freeFlow;1
2025-07-02T15:43:00+02:00;55800;50;6;0;unknown;0
2025-07-02T15:43:00+02:00;55801;35;4;60;heavy;1
2025-07-02T15:43:00+02:00;55805;50;5;0;unknown;0
2025-07-02T15:43:00+02:00;55806;50;10;0;unknown;0
2025-07-02T15:43:00+02:00;55811;50;7;0;unknown;0
2025-07-02T15:43:00+02:00;55814;50;2;0;unknown;0
2025-07-02T15:43:00+02:00;55815;86;0;60;freeFlow;1
2025-07-02T15:43:00+02:00;55820;14;3;38;congested;1
2025-07-02T15:43:00+02:00;55821;28;4;60;heavy;1
2025-07-02T15:43:00+02:00;55822;58;2;60;freeFlow;1
2025-07-02T15:43:00+02:00;55823;50;1;0;unknown;0
2025-07-02T15:43:00+02:00;55824;50;1;0;unknown;0
2025-07-02T15:43:00+02:00;55827;46;2;100;heavy;5
2025-07-02T15:43:00+02:00;55830;44;2;100;heavy;5
2025-07-02T15:43:00+02:00;55841;34;13;55;heavy;2
2025-07-02T15:43:00+02:00;55843;50;1;0;unknown;0
2025-07-02T15:43:00+02:00;55879;43;1;98;freeFlow;4
2025-07-02T15:43:00+02:00;55883;47;1;100;freeFlow;3
2025-07-02T15:43:00+02:00;55887;44;12;75;freeFlow;2
2025-07-02T15:43:00+02:00;55888;47;13;75;freeFlow;2
2025-07-02T15:43:00+02:00;55889;12;7;65;congested;2
2025-07-02T15:43:00+02:00;55890;30;3;70;heavy;2
2025-07-02T15:43:00+02:00;55894;36;2;55;freeFlow;2
2025-07-02T15:43:00+02:00;55896;20;4;52;heavy;1
2025-07-02T15:43:00+02:00;55898;57;10;60;freeFlow;1
2025-07-02T15:43:00+02:00;55899;51;7;75;freeFlow;2
2025-07-02T15:43:00+02:00;55926_D;24;9;75;heavy;2
2025-07-02T15:43:00+02:00;55926_G;33;7;30;heavy;1
2025-07-02T15:43:00+02:00;55932;33;2;30;heavy;1
2025-07-02T15:43:00+02:00;55933;29;4;75;heavy;2
2025-07-02T15:43:00+02:00;55958;10;6;100;congested;4
2025-07-02T15:43:00+02:00;55959;31;3;74;heavy;2
2025-07-02T15:43:00+02:00;55974;48;1;100;freeFlow;4
2025-07-02T15:43:00+02:00;55975;42;2;100;freeFlow;7
2025-07-02T15:43:00+02:00;55977;41;4;100;freeFlow;6
2025-07-02T15:43:00+02:00;55978;60;2;100;freeFlow;3
2025-07-02T15:43:00+02:00;55980;24;11;60;heavy;1
2025-07-02T15:43:00+02:00;55981;34;8;100;heavy;4
2025-07-02T15:43:00+02:00;56019;14;4;38;congested;1
2025-07-02T15:43:00+02:00;56020;33;2;30;heavy;1
2025-07-02T15:43:00+02:00;56113;50;5;0;unknown;0
2025-07-02T15:43:00+02:00;56115;50;4;0;unknown;0
2025-07-02T15:43:00+02:00;56117;32;8;0;unknown;0
2025-07-02T15:43:00+02:00;56118;34;1;48;heavy;1
2025-07-02T15:43:00+02:00;56124;22;3;48;heavy;1
2025-07-02T15:43:00+02:00;56125;50;1;0;unknown;0
2025-07-02T15:43:00+02:00;56126;50;3;0;unknown;0
2025-07-02T15:43:00+02:00;56128;50;1;0;unknown;0
2025-07-02T15:43:00+02:00;56157_D;48;8;60;freeFlow;1
2025-07-02T15:43:00+02:00;56157_G;30;13;0;unknown;0
2025-07-02T15:43:00+02:00;56165_D;59;1;60;freeFlow;1
2025-07-02T15:43:00+02:00;56165_G;30;2;0;unknown;0
2025-07-02T15:43:00+02:00;56170;86;1;60;freeFlow;1
2025-07-02T15:43:00+02:00;56174;50;5;0;unknown;0
2025-07-02T15:43:00+02:00;56175;86;3;60;freeFlow;1
2025-07-02T15:43:00+02:00;56179;50;2;0;unknown;0
2025-07-02T15:43:00+02:00;56180;50;1;0;unknown;0
2025-07-02T15:43:00+02:00;56181;86;1;60;freeFlow;1
2025-07-02T15:43:00+02:00;56182;86;1;60;freeFlow;1
2025-07-02T15:43:00+02:00;56183;86;1;60;freeFlow;1
2025-07-02T15:43:00+02:00;56218_D;22;7;38;heavy;1
2025-07-02T15:43:00+02:00;56218_G;50;3;0;unknown;0
2025-07-02T15:43:00+02:00;56223;50;1;0;unknown;0
2025-07-02T15:43:00+02:00;56224;50;8;0;unknown;0
2025-07-02T15:43:00+02:00;56225;50;7;0;unknown;0
2025-07-02T15:43:00+02:00;56229;50;3;0;unknown;0
2025-07-02T15:43:00+02:00;56231;11;7;38;congested;1
2025-07-02T15:43:00+02:00;56232;10;6;38;congested;1
2025-07-02T15:43:00+02:00;56233;50;9;0;unknown;0
2025-07-02T15:43:00+02:00;56237;50;9;0;unknown;0
2025-07-02T15:43:00+02:00;56239;30;3;0;unknown;0
2025-07-02T15:43:00+02:00;56247;30;1;0;unknown;0
2025-07-02T15:43:00+02:00;56250;30;21;0;unknown;0
2025-07-02T15:43:00+02:00;56251;59;11;60;freeFlow;1
2025-07-02T15:43:00+02:00;56254;30;1;0;unknown;0
2025-07-02T15:43:00+02:00;56255;59;1;60;freeFlow;1
2025-07-02T15:43:00+02:00;56256;30;1;0;unknown;0
2025-07-02T15:43:00+02:00;56258;30;5;0;unknown;0
2025-07-02T15:43:00+02:00;56260;59;1;60;freeFlow;1
2025-07-02T15:43:00+02:00;56261;30;2;0;unknown;0
2025-07-02T15:43:00+02:00;56263;30;13;0;unknown;0
2025-07-02T15:43:00+02:00;56264;59;7;60;freeFlow;1
2025-07-02T15:43:00+02:00;56298;30;1;0;unknown;0
2025-07-02T15:43:00+02:00;56300;30;1;0;unknown;0
2025-07-02T15:43:00+02:00;56333;14;7;38;congested;1
2025-07-02T15:43:00+02:00;565804_D;9;47;60;congested;1
2025-07-02T15:43:00+02:00;565804_G;22;19;55;heavy;1
2025-07-02T15:43:00+02:00;565852;80;2;40;freeFlow;1
2025-07-02T15:43:00+02:00;565853;75;13;30;freeFlow;1
2025-07-02T15:43:00+02:00;566240;42;2;75;freeFlow;2
2025-07-02T15:43:00+02:00;566445_D;48;1;60;freeFlow;1
2025-07-02T15:43:00+02:00;566445_G;30;3;0;unknown;0
2025-07-02T15:43:00+02:00;566456_D;48;14;60;freeFlow;1
2025-07-02T15:43:00+02:00;566456_G;24;27;30;freeFlow;1
2025-07-02T15:43:00+02:00;566457;50;1;0;unknown;0
2025-07-02T15:43:00+02:00;566465_D;59;5;60;freeFlow;1
2025-07-02T15:43:00+02:00;566465_G;30;10;0;unknown;0
2025-07-02T15:43:00+02:00;56675_D;31;5;60;heavy;1
2025-07-02T15:43:00+02:00;56675_G;29;5;50;heavy;1
2025-07-02T15:43:00+02:00;566941;19;5;50;heavy;1
2025-07-02T15:43:00+02:00;56871_D;50;3;0;unknown;0
2025-07-02T15:43:00+02:00;56871_G;50;3;0;unknown;0
2025-07-02T15:43:00+02:00;56908_D;14;28;100;congested;3
2025-07-02T15:43:00+02:00;56908_G;33;12;70;heavy;2
2025-07-02T15:43:00+02:00;56925;75;47;100;freeFlow;10
2025-07-02T15:43:00+02:00;56944_D;37;8;55;freeFlow;1
2025-07-02T15:43:00+02:00;56944_G;32;9;59;freeFlow;1
2025-07-02T15:43:00+02:00;56945_D;36;7;55;freeFlow;1
2025-07-02T15:43:00+02:00;56945_G;27;8;57;freeFlow;1
2025-07-02T15:43:00+02:00;57082_G;37;7;42;freeFlow;1
2025-07-02T15:43:00+02:00;57083_D;46;9;60;freeFlow;1
2025-07-02T15:43:00+02:00;57083_G;42;11;93;freeFlow;3
2025-07-02T15:43:00+02:00;59724;22;7;100;heavy;3
2025-07-02T15:43:00+02:00;59750_D;24;10;75;heavy;2
2025-07-02T15:43:00+02:00;59750_G;6;38;96;congested;3
2025-07-02T15:43:00+02:00;59835_D;35;6;0;unknown;0
2025-07-02T15:43:00+02:00;59835_G;34;6;48;heavy;1
2025-07-02T15:43:00+02:00;59836;35;3;0;unknown;0
2025-07-02T15:43:00+02:00;59837;22;3;48;heavy;1
2025-07-02T15:43:00+02:00;59838;34;4;48;heavy;1
2025-07-02T15:43:00+02:00;62559_D;50;6;0;unknown;0
2025-07-02T15:43:00+02:00;62559_G;50;6;0;unknown;0
2025-07-02T15:43:00+02:00;62560;86;3;60;freeFlow;1
2025-07-02T15:43:00+02:00;62565_D;50;2;0;unknown;0
2025-07-02T15:43:00+02:00;62565_G;50;1;0;unknown;0
2025-07-02T15:43:00+02:00;62831_D;43;1;75;freeFlow;2
2025-07-02T15:43:00+02:00;62831_G;30;1;52;heavy;1
2025-07-02T15:43:00+02:00;62832_D;43;1;75;freeFlow;2
2025-07-02T15:43:00+02:00;62832_G;30;2;52;heavy;1
2025-07-02T15:43:00+02:00;63045_D;27;6;50;freeFlow;2
2025-07-02T15:43:00+02:00;63045_G;27;6;60;freeFlow;1
2025-07-02T15:43:00+02:00;63053_D;38;6;55;freeFlow;1
2025-07-02T15:43:00+02:00;63053_G;40;5;60;freeFlow;1
2025-07-02T15:43:00+02:00;63899;72;24;100;freeFlow;8
2025-07-02T15:43:00+02:00;63934;42;1;0;unknown;0
2025-07-02T15:43:00+02:00;63935;38;11;60;freeFlow;2
2025-07-02T15:43:00+02:00;63936;64;8;60;freeFlow;1
2025-07-02T15:43:00+02:00;63939;27;23;60;heavy;1
2025-07-02T15:43:00+02:00;63940;48;2;60;freeFlow;1
2025-07-02T15:43:00+02:00;63941;61;1;60;freeFlow;1
2025-07-02T15:43:00+02:00;63942;29;1;17;heavy;1
2025-07-02T15:43:00+02:00;63943;22;4;60;heavy;1
2025-07-02T15:43:00+02:00;63944;23;7;75;heavy;2
2025-07-02T15:43:00+02:00;63947;58;2;73;freeFlow;2
2025-07-02T15:43:00+02:00;63950;24;2;60;heavy;1
2025-07-02T15:43:00+02:00;63951;24;3;60;heavy;1
2025-07-02T15:43:00+02:00;63952;22;1;75;heavy;2
2025-07-02T15:43:00+02:00;63953;25;2;60;heavy;1
2025-07-02T15:43:00+02:00;63970;67;14;100;freeFlow;4
2025-07-02T15:43:00+02:00;63973;26;5;75;heavy;2
2025-07-02T15:43:00+02:00;64032;54;18;60;freeFlow;1
2025-07-02T15:43:00+02:00;64061_D;47;6;55;freeFlow;1
2025-07-02T15:43:00+02:00;64061_G;23;14;100;freeFlow;3
2025-07-02T15:43:00+02:00;64637_D;24;16;75;heavy;2
2025-07-02T15:43:00+02:00;64637_G;5;87;100;congested;3
2025-07-02T15:43:00+02:00;65310;50;6;0;unknown;0
2025-07-02T15:43:00+02:00;65313;50;6;0;unknown;0
2025-07-02T15:43:00+02:00;65682;42;27;75;freeFlow;2
2025-07-02T15:43:00+02:00;66421;50;2;0;unknown;0
2025-07-02T15:43:00+02:00;66442;50;4;0;unknown;0
2025-07-02T15:43:00+02:00;66782;30;12;60;heavy;1
2025-07-02T15:43:00+02:00;67066;50;6;0;unknown;0
2025-07-02T15:43:00+02:00;67097_D;46;7;60;freeFlow;1
2025-07-02T15:43:00+02:00;67097_G;37;10;42;freeFlow;1
2025-07-02T15:43:00+02:00;69381_D;38;7;75;freeFlow;2
2025-07-02T15:43:00+02:00;69381_G;33;9;52;heavy;1
2025-07-02T15:43:00+02:00;72487_G;80;31;0;unknown;0
2025-07-02T15:43:00+02:00;72614;50;2;0;unknown;0
2025-07-02T15:43:00+02:00;72621;34;10;55;heavy;2
2025-07-02T15:43:00+02:00;72624;31;11;52;heavy;1
2025-07-02T15:43:00+02:00;72628;43;0;52;freeFlow;1
2025-07-02T15:43:00+02:00;74283_D;17;43;65;heavy;2
2025-07-02T15:43:00+02:00;74283_G;16;46;75;heavy;2
2025-07-02T15:43:00+02:00;75387;26;3;75;heavy;2
2025-07-02T15:43:00+02:00;75631;64;5;75;freeFlow;2
2025-07-02T15:43:00+02:00;75818_D;36;4;60;freeFlow;1
2025-07-02T15:43:00+02:00;75818_G;37;3;100;freeFlow;3
2025-07-02T15:43:00+02:00;75820;92;21;100;freeFlow;11
2025-07-02T15:43:00+02:00;75824;108;4;75;freeFlow;2
2025-07-02T15:43:00+02:00;75825;68;7;100;freeFlow;14
2025-07-02T15:43:00+02:00;75828;80;9;40;freeFlow;1
2025-07-02T15:43:00+02:00;75829;63;11;60;freeFlow;1
2025-07-02T15:43:00+02:00;75832;40;3;100;freeFlow;4
2025-07-02T15:43:00+02:00;75833;33;6;100;heavy;8
2025-07-02T15:43:00+02:00;75835;53;2;100;freeFlow;6
2025-07-02T15:43:00+02:00;75836;63;15;100;freeFlow;3
2025-07-02T15:43:00+02:00;75837;60;7;100;freeFlow;4
2025-07-02T15:43:00+02:00;75838;53;5;100;freeFlow;6
2025-07-02T15:43:00+02:00;75839;59;3;60;freeFlow;1
2025-07-02T15:43:00+02:00;75840;12;16;100;congested;3
2025-07-02T15:43:00+02:00;75845;47;2;100;heavy;6
2025-07-02T15:43:00+02:00;75846;52;6;100;freeFlow;6
2025-07-02T15:43:00+02:00;75847;57;10;75;freeFlow;2
2025-07-02T15:43:00+02:00;75848;9;24;50;congested;2
2025-07-02T15:43:00+02:00;75849;50;5;75;freeFlow;2
2025-07-02T15:43:00+02:00;75850;40;5;60;freeFlow;1
2025-07-02T15:43:00+02:00;75851;19;10;50;heavy;2
2025-07-02T15:43:00+02:00;75853;32;2;60;heavy;1
2025-07-02T15:43:00+02:00;75854;35;7;60;heavy;1
2025-07-02T15:43:00+02:00;75856;41;3;75;heavy;2
2025-07-02T15:43:00+02:00;75897;83;11;60;freeFlow;1
2025-07-02T15:43:00+02:00;9128;73;38;100;freeFlow;19
2025-07-02T15:43:00+02:00;9130;63;12;100;freeFlow;5
2025-07-02T15:43:00+02:00;9131;80;8;100;freeFlow;5
2025-07-02T15:43:00+02:00;9132;77;27;100;freeFlow;11
2025-07-02T15:43:00+02:00;9146;83;4;100;freeFlow;11
2025-07-02T15:43:00+02:00;9178;63;19;60;freeFlow;1
2025-07-02T15:43:00+02:00;9179;77;23;100;freeFlow;19
2025-07-02T15:43:00+02:00;9180;85;22;100;freeFlow;11
2025-07-02T15:43:00+02:00;9181;78;12;40;freeFlow;1
2025-07-02T15:43:00+02:00;9182;111;2;60;freeFlow;1
2025-07-02T15:43:00+02:00;9183;92;5;60;freeFlow;1
2025-07-02T15:43:00+02:00;9184;104;6;55;freeFlow;1
2025-07-02T15:43:00+02:00;9245;81;87;100;freeFlow;7
2025-07-02T15:43:00+02:00;9246;96;123;100;freeFlow;12
2025-07-02T15:43:00+02:00;9380_D;80;23;0;unknown;0
2025-07-02T15:43:00+02:00;9380_G;47;38;48;heavy;1
2025-07-02T15:43:00+02:00;9389;16;5;45;congested;1
2025-07-02T15:43:00+02:00;9390;38;3;45;heavy;1
2025-07-02T15:43:00+02:00;9391;29;3;45;heavy;1
2025-07-02T15:43:00+02:00;9392;53;2;0;unknown;0
2025-07-02T15:43:00+02:00;1677832;17;19;75;heavy;2
2025-07-02T15:43:00+02:00;1679085_D;24;4;75;heavy;2
2025-07-02T15:43:00+02:00;1679085_G;56;2;60;freeFlow;1
2025-07-02T15:43:00+02:00;1679794;17;4;60;heavy;1
2025-07-02T15:43:00+02:00;1679795_G;16;5;60;heavy;1
2025-07-02T15:43:00+02:00;1679796;17;2;60;heavy;1
2025-07-02T15:43:00+02:00;1679797_D;50;6;0;unknown;0
2025-07-02T15:43:00+02:00;1679797_G;50;6;0;unknown;0
2025-07-02T15:43:00+02:00;1679798;27;2;60;heavy;1
2025-07-02T15:43:00+02:00;1679800;24;4;75;heavy;2
2025-07-02T15:43:00+02:00;1680335;25;12;60;heavy;1
2025-07-02T15:43:00+02:00;1680340;11;9;75;congested;2
2025-07-02T15:43:00+02:00;213972_D;60;5;12;freeFlow;1
2025-07-02T15:43:00+02:00;213972_G;32;9;60;heavy;1
2025-07-02T15:43:00+02:00;213973_D;60;6;12;freeFlow;1
2025-07-02T15:43:00+02:00;213973_G;33;11;60;heavy;1
2025-07-02T15:43:00+02:00;213974_D;60;3;12;freeFlow;1
2025-07-02T15:43:00+02:00;213974_G;36;6;60;freeFlow;1
2025-07-02T15:43:00+02:00;26521;101;54;100;freeFlow;6
2025-07-02T15:43:00+02:00;26522;104;32;100;freeFlow;4
2025-07-02T15:43:00+02:00;31304_G;15;76;72;congested;2
2025-07-02T15:43:00+02:00;31328;38;24;100;heavy;5
2025-07-02T15:43:00+02:00;31441;70;49;48;freeFlow;1
2025-07-02T15:43:00+02:00;31535;8;95;96;congested;3
2025-07-02T15:43:00+02:00;31552;85;8;100;freeFlow;9
2025-07-02T15:43:00+02:00;31555;62;14;100;freeFlow;6
2025-07-02T15:43:00+02:00;43014_D;10;20;60;congested;1
2025-07-02T15:43:00+02:00;43014_G;26;8;75;heavy;2
2025-07-02T15:43:00+02:00;43105_D;1;256;40;congested;1
2025-07-02T15:43:00+02:00;43105_G;4;66;70;congested;2
2025-07-02T15:43:00+02:00;43118_D;6;90;68;congested;2
2025-07-02T15:43:00+02:00;43118_G;23;24;60;heavy;1
2025-07-02T15:43:00+02:00;43124_D;6;60;42;congested;1
2025-07-02T15:43:00+02:00;43124_G;30;13;60;freeFlow;1
2025-07-02T15:43:00+02:00;43125_D;7;38;60;congested;1
2025-07-02T15:43:00+02:00;43125_G;16;16;100;heavy;3
2025-07-02T15:43:00+02:00;43126_D;10;49;60;heavy;1
2025-07-02T15:43:00+02:00;43126_G;9;56;75;heavy;2
2025-07-02T15:43:00+02:00;43147_D;14;19;60;heavy;1
2025-07-02T15:43:00+02:00;43147_G;14;19;75;heavy;2
2025-07-02T15:43:00+02:00;43336_D;43;7;45;freeFlow;1
2025-07-02T15:43:00+02:00;43336_G;24;12;75;heavy;2
2025-07-02T15:43:00+02:00;43337_D;14;30;75;congested;2
2025-07-02T15:43:00+02:00;43337_G;15;29;60;congested;1
2025-07-02T15:43:00+02:00;43338_D;26;7;45;heavy;1
2025-07-02T15:43:00+02:00;43338_G;17;11;75;heavy;2
2025-07-02T15:43:00+02:00;43339_D;46;5;60;freeFlow;2
2025-07-02T15:43:00+02:00;43339_G;41;6;75;freeFlow;2
2025-07-02T15:43:00+02:00;43340_D;44;1;60;freeFlow;2
2025-07-02T15:43:00+02:00;43340_G;43;1;75;freeFlow;2
2025-07-02T15:43:00+02:00;43341_D;45;4;60;freeFlow;2
2025-07-02T15:43:00+02:00;43341_G;42;4;75;freeFlow;2
2025-07-02T15:43:00+02:00;43342_D;46;2;60;freeFlow;2
2025-07-02T15:43:00+02:00;43342_G;39;3;75;freeFlow;2
2025-07-02T15:43:00+02:00;43343_D;36;10;45;freeFlow;1
2025-07-02T15:43:00+02:00;43343_G;35;10;75;heavy;2
2025-07-02T15:43:00+02:00;43345_D;45;7;60;freeFlow;2
2025-07-02T15:43:00+02:00;43345_G;35;8;75;freeFlow;2
2025-07-02T15:43:00+02:00;43347_D;32;4;60;freeFlow;2
2025-07-02T15:43:00+02:00;43347_G;11;13;75;heavy;2
2025-07-02T15:43:00+02:00;43352_D;6;80;57;congested;2
2025-07-02T15:43:00+02:00;43353_D;11;27;57;heavy;2
2025-07-02T15:43:00+02:00;43353_G;30;9;60;freeFlow;1
2025-07-02T15:43:00+02:00;43377_D;8;57;90;congested;3
2025-07-02T15:43:00+02:00;43377_G;19;25;75;heavy;2
2025-07-02T15:43:00+02:00;43379_D;43;5;42;freeFlow;1
2025-07-02T15:43:00+02:00;43379_G;25;9;75;freeFlow;2
2025-07-02T15:43:00+02:00;43413_D;22;8;70;freeFlow;2
2025-07-02T15:43:00+02:00;43413_G;19;9;60;heavy;1
2025-07-02T15:43:00+02:00;43474_D;26;5;75;heavy;2
2025-07-02T15:43:00+02:00;43474_G;37;4;60;freeFlow;1
2025-07-02T15:43:00+02:00;43615_D;26;2;75;freeFlow;2
2025-07-02T15:43:00+02:00;43615_G;21;3;60;freeFlow;1
2025-07-02T15:43:00+02:00;43743_D;50;25;0;unknown;0
2025-07-02T15:43:00+02:00;43746;17;12;60;heavy;1
2025-07-02T15:43:00+02:00;43747;17;24;60;heavy;1
2025-07-02T15:43:00+02:00;43751;27;22;48;freeFlow;1
2025-07-02T15:43:00+02:00;43774_D;22;9;52;heavy;1
2025-07-02T15:43:00+02:00;43774_G;41;5;56;freeFlow;2
2025-07-02T15:43:00+02:00;43775_D;19;21;52;heavy;1
2025-07-02T15:43:00+02:00;43775_G;36;11;38;freeFlow;1
2025-07-02T15:43:00+02:00;43826_D;19;15;52;heavy;1
2025-07-02T15:43:00+02:00;43826_G;25;11;35;heavy;1
2025-07-02T15:43:00+02:00;43971;23;28;60;heavy;1
2025-07-02T15:43:00+02:00;43973;18;14;97;heavy;3
2025-07-02T15:43:00+02:00;44003_G;49;8;60;freeFlow;1
2025-07-02T15:43:00+02:00;44004_D;25;43;27;heavy;1
2025-07-02T15:43:00+02:00;44004_G;48;23;70;freeFlow;2
2025-07-02T15:43:00+02:00;44017_G;21;7;60;heavy;1
2025-07-02T15:43:00+02:00;44018_G;39;15;60;freeFlow;1
2025-07-02T15:43:00+02:00;44037_D;25;7;75;heavy;2
2025-07-02T15:43:00+02:00;44037_G;58;3;60;freeFlow;1
2025-07-02T15:43:00+02:00;44851_D;65;8;60;freeFlow;1
2025-07-02T15:43:00+02:00;44851_G;41;13;74;freeFlow;2
2025-07-02T15:43:00+02:00;44852_D;30;16;60;heavy;1
2025-07-02T15:43:00+02:00;44852_G;59;8;60;freeFlow;1
2025-07-02T15:43:00+02:00;44854_D;24;3;60;heavy;1
2025-07-02T15:43:00+02:00;44854_G;59;1;60;freeFlow;1
2025-07-02T15:43:00+02:00;44855_D;29;12;60;heavy;1
2025-07-02T15:43:00+02:00;44855_G;26;14;58;heavy;1
2025-07-02T15:43:00+02:00;44879;78;17;100;freeFlow;5
2025-07-02T15:43:00+02:00;44897_D;24;10;60;heavy;1
2025-07-02T15:43:00+02:00;44897_G;39;6;60;freeFlow;1
2025-07-02T15:43:00+02:00;44901;97;16;60;freeFlow;1
2025-07-02T15:43:00+02:00;44939;85;48;100;freeFlow;11
2025-07-02T15:43:00+02:00;45135_D;27;3;75;heavy;2
2025-07-02T15:43:00+02:00;45135_G;22;3;75;heavy;2
2025-07-02T15:43:00+02:00;45136_G;31;26;75;heavy;2
2025-07-02T15:43:00+02:00;45137_D;9;9;75;congested;2
2025-07-02T15:43:00+02:00;45137_G;23;3;75;heavy;2
2025-07-02T15:43:00+02:00;45146;5;87;73;congested;2
2025-07-02T15:43:00+02:00;45147_D;72;1;60;freeFlow;1
2025-07-02T15:43:00+02:00;45147_G;32;1;75;heavy;2
2025-07-02T15:43:00+02:00;45153;107;4;60;freeFlow;1
2025-07-02T15:43:00+02:00;45155;107;7;60;freeFlow;1
2025-07-02T15:43:00+02:00;45213;18;25;57;heavy;1
2025-07-02T15:43:00+02:00;45214;35;8;100;heavy;3
2025-07-02T15:43:00+02:00;45232;107;16;60;freeFlow;1
2025-07-02T15:43:00+02:00;45233;91;1;75;freeFlow;2
2025-07-02T15:43:00+02:00;45236_D;55;12;75;freeFlow;2
2025-07-02T15:43:00+02:00;45242;89;13;100;freeFlow;10
2025-07-02T15:43:00+02:00;45246;92;28;100;freeFlow;9
2025-07-02T15:43:00+02:00;45247;79;12;60;freeFlow;1
2025-07-02T15:43:00+02:00;47742_G;16;14;60;heavy;1
2025-07-02T15:43:00+02:00;47744;107;19;60;freeFlow;1
2025-07-02T15:43:00+02:00;48725;23;4;60;heavy;1
2025-07-02T15:43:00+02:00;48736;23;3;60;heavy;1
2025-07-02T15:43:00+02:00;48738;29;2;60;heavy;1
2025-07-02T15:43:00+02:00;48746;40;9;60;freeFlow;1
2025-07-02T15:43:00+02:00;48751;25;3;75;heavy;2
2025-07-02T15:43:00+02:00;48752;24;3;57;heavy;1
2025-07-02T15:43:00+02:00;48753;29;3;60;heavy;1
2025-07-02T15:43:00+02:00;48754;29;2;60;heavy;1
2025-07-02T15:43:00+02:00;48764;33;2;55;heavy;1
2025-07-02T15:43:00+02:00;48765;38;6;60;freeFlow;1
2025-07-02T15:43:00+02:00;48796;30;17;60;heavy;1
2025-07-02T15:43:00+02:00;48915_D;50;2;0;unknown;0
2025-07-02T15:43:00+02:00;48915_G;51;2;38;freeFlow;1
2025-07-02T15:43:00+02:00;48916;5;32;69;congested;2
2025-07-02T15:43:00+02:00;48953_D;27;42;61;heavy;2
2025-07-02T15:43:00+02:00;48953_G;23;51;100;heavy;3
2025-07-02T15:43:00+02:00;48993_D;26;14;45;heavy;1
2025-07-02T15:43:00+02:00;48993_G;33;11;75;heavy;2
2025-07-02T15:43:00+02:00;49042_D;24;2;60;heavy;1
2025-07-02T15:43:00+02:00;49042_G;50;1;60;freeFlow;1
2025-07-02T15:43:00+02:00;50035_D;25;3;75;heavy;2
2025-07-02T15:43:00+02:00;50035_G;58;1;60;freeFlow;1
2025-07-02T15:43:00+02:00;50087;19;14;60;heavy;1
2025-07-02T15:43:00+02:00;50107_D;50;11;0;unknown;0
2025-07-02T15:43:00+02:00;50107_G;30;18;68;heavy;2
2025-07-02T15:43:00+02:00;52835_G;34;4;75;heavy;2
2025-07-02T15:43:00+02:00;52850_D;4;35;98;congested;3
2025-07-02T15:43:00+02:00;52850_G;32;5;75;heavy;2
2025-07-02T15:43:00+02:00;52878;20;7;67;heavy;2
2025-07-02T15:43:00+02:00;53020_G;20;5;60;heavy;1
2025-07-02T15:43:00+02:00;53130_D;59;4;38;freeFlow;1
2025-07-02T15:43:00+02:00;53130_G;42;6;57;freeFlow;1
2025-07-02T15:43:00+02:00;53375_D;2;61;60;congested;2
2025-07-02T15:43:00+02:00;53375_G;25;4;60;freeFlow;1
2025-07-02T15:43:00+02:00;53427;81;54;100;freeFlow;15
2025-07-02T15:43:00+02:00;53988;64;4;75;freeFlow;2
2025-07-02T15:43:00+02:00;53989;58;1;20;freeFlow;1
2025-07-02T15:43:00+02:00;53992_D;19;21;68;heavy;2
2025-07-02T15:43:00+02:00;53992_G;35;11;60;heavy;1
2025-07-02T15:43:00+02:00;53995;32;2;60;heavy;1
2025-07-02T15:43:00+02:00;53997;43;1;45;freeFlow;1
2025-07-02T15:43:00+02:00;53999;43;1;45;freeFlow;1
2025-07-02T15:43:00+02:00;54130;50;31;0;unknown;0
2025-07-02T15:43:00+02:00;54136;51;3;75;freeFlow;2
2025-07-02T15:43:00+02:00;54219;41;13;94;freeFlow;3
2025-07-02T15:43:00+02:00;54222;49;12;72;freeFlow;2
2025-07-02T15:43:00+02:00;54235;28;17;57;heavy;1
2025-07-02T15:43:00+02:00;54300;33;12;75;heavy;2
2025-07-02T15:43:00+02:00;54304_D;27;8;75;heavy;2
2025-07-02T15:43:00+02:00;54304_G;29;7;75;heavy;2
2025-07-02T15:43:00+02:00;54309;40;22;57;freeFlow;1
2025-07-02T15:43:00+02:00;54345;26;5;60;heavy;1
2025-07-02T15:43:00+02:00;54352;67;5;60;freeFlow;1
2025-07-02T15:43:00+02:00;54353;79;2;60;freeFlow;1
2025-07-02T15:43:00+02:00;54356;41;21;57;freeFlow;1
2025-07-02T15:43:00+02:00;54357;38;7;73;freeFlow;2
2025-07-02T15:43:00+02:00;54370;25;7;64;heavy;2
2025-07-02T15:43:00+02:00;54373;10;18;100;congested;4
2025-07-02T15:43:00+02:00;54374;31;6;100;heavy;4
2025-07-02T15:43:00+02:00;54377;53;20;75;freeFlow;2
2025-07-02T15:43:00+02:00;54396;72;3;60;freeFlow;1
2025-07-02T15:43:00+02:00;54397;45;13;69;freeFlow;2
2025-07-02T15:43:00+02:00;54468;42;3;75;freeFlow;2
2025-07-02T15:43:00+02:00;54470;35;8;52;heavy;1
2025-07-02T15:43:00+02:00;56022;39;3;75;freeFlow;2
2025-07-02T15:43:00+02:00;56598;35;1;60;heavy;1
2025-07-02T15:43:00+02:00;56676_D;21;10;60;heavy;1
2025-07-02T15:43:00+02:00;56868;5;36;60;congested;1
2025-07-02T15:43:00+02:00;56869;38;4;60;freeFlow;1
2025-07-02T15:43:00+02:00;56894;107;2;60;freeFlow;1
2025-07-02T15:43:00+02:00;56895;107;11;60;freeFlow;1
2025-07-02T15:43:00+02:00;56896;33;5;75;heavy;2
2025-07-02T15:43:00+02:00;56901;70;31;100;freeFlow;4
2025-07-02T15:43:00+02:00;60284;34;36;75;heavy;2
2025-07-02T15:43:00+02:00;63409_D;26;4;45;heavy;1
2025-07-02T15:43:00+02:00;63409_G;22;5;75;heavy;2
2025-07-02T15:43:00+02:00;66896;30;11;60;heavy;1
2025-07-02T15:43:00+02:00;69440;39;6;75;freeFlow;2
2025-07-02T15:43:00+02:00;69442;39;10;75;freeFlow;2
2025-07-02T15:43:00+02:00;75868;75;10;100;freeFlow;8
2025-07-02T15:43:00+02:00;75908;41;25;60;freeFlow;1
2025-07-02T15:43:00+02:00;75909;13;79;30;congested;1
2025-07-02T15:43:00+02:00;44943;48;13;60;freeFlow;1
2025-07-02T15:43:00+02:00;47063;15;41;60;congested;1
2025-07-02T15:43:00+02:00;71455_G;50;3;0;unknown;0
2025-07-02T15:43:00+02:00;75831;107;9;60;freeFlow;1