datetime;predefinedLocationReference;averageVehicleSpeed;travelTime;travelTimeReliability;trafficStatus;vehicleProbeMeasurement
2025-07-02T13:03:00+02:00;10273_D;80;9;73;freeFlow;2
2025-07-02T13:03:00+02:00;10273_G;78;9;45;freeFlow;1
2025-07-02T13:03:00+02:00;10274_D;81;8;60;freeFlow;1
2025-07-02T13:03:00+02:00;10274_G;58;11;60;freeFlow;1
2025-07-02T13:03:00+02:00;10275_D;76;13;60;freeFlow;1
2025-07-02T13:03:00+02:00;10275_G;74;14;57;freeFlow;1
2025-07-02T13:03:00+02:00;10277_D;70;22;75;freeFlow;2
2025-07-02T13:03:00+02:00;10277_G;74;21;57;freeFlow;1
2025-07-02T13:03:00+02:00;10279_D;85;12;75;freeFlow;2
2025-07-02T13:03:00+02:00;10279_G;75;13;57;freeFlow;1
2025-07-02T13:03:00+02:00;10281_D;73;19;75;freeFlow;2
2025-07-02T13:03:00+02:00;10281_G;75;19;57;freeFlow;1
2025-07-02T13:03:00+02:00;10315_D;77;7;73;freeFlow;2
2025-07-02T13:03:00+02:00;10315_G;78;7;45;freeFlow;1
2025-07-02T13:03:00+02:00;11579_D;80;3;0;unknown;0
2025-07-02T13:03:00+02:00;11579_G;83;3;60;freeFlow;1
2025-07-02T13:03:00+02:00;11652;91;15;75;freeFlow;2
2025-07-02T13:03:00+02:00;11654;97;1;75;freeFlow;2
2025-07-02T13:03:00+02:00;11777_D;51;2;57;freeFlow;1
2025-07-02T13:03:00+02:00;11777_G;33;2;60;heavy;1
2025-07-02T13:03:00+02:00;11781_D;39;2;45;freeFlow;1
2025-07-02T13:03:00+02:00;11781_G;24;3;60;freeFlow;1
2025-07-02T13:03:00+02:00;11784_D;39;1;45;freeFlow;1
2025-07-02T13:03:00+02:00;11784_G;47;1;60;freeFlow;1
2025-07-02T13:03:00+02:00;11785_D;30;1;0;unknown;0
2025-07-02T13:03:00+02:00;11785_G;32;1;60;freeFlow;1
2025-07-02T13:03:00+02:00;12060_D;78;9;73;freeFlow;2
2025-07-02T13:03:00+02:00;12060_G;78;9;45;freeFlow;1
2025-07-02T13:03:00+02:00;1242_D;66;2;55;freeFlow;1
2025-07-02T13:03:00+02:00;1242_G;44;3;75;heavy;2
2025-07-02T13:03:00+02:00;1285_D;66;1;55;freeFlow;1
2025-07-02T13:03:00+02:00;1285_G;73;1;75;freeFlow;2
2025-07-02T13:03:00+02:00;13514;40;5;60;heavy;1
2025-07-02T13:03:00+02:00;13515;40;3;60;heavy;1
2025-07-02T13:03:00+02:00;13516;38;3;50;heavy;1
2025-07-02T13:03:00+02:00;13549_D;87;4;32;freeFlow;1
2025-07-02T13:03:00+02:00;13549_G;77;5;60;freeFlow;1
2025-07-02T13:03:00+02:00;13557_D;87;4;32;freeFlow;1
2025-07-02T13:03:00+02:00;13557_G;57;7;74;freeFlow;2
2025-07-02T13:03:00+02:00;14364;111;18;100;freeFlow;3
2025-07-02T13:03:00+02:00;14365;74;28;100;heavy;4
2025-07-02T13:03:00+02:00;15029_D;69;35;100;freeFlow;3
2025-07-02T13:03:00+02:00;15029_G;44;55;60;heavy;1
2025-07-02T13:03:00+02:00;15062;21;7;60;congested;1
2025-07-02T13:03:00+02:00;15063;33;4;93;heavy;4
2025-07-02T13:03:00+02:00;15064;37;4;100;heavy;3
2025-07-02T13:03:00+02:00;15065;14;14;60;congested;1
2025-07-02T13:03:00+02:00;15066;34;4;67;heavy;2
2025-07-02T13:03:00+02:00;15067_D;71;60;45;freeFlow;1
2025-07-02T13:03:00+02:00;15067_G;89;48;55;freeFlow;3
2025-07-02T13:03:00+02:00;15104_D;70;57;48;freeFlow;1
2025-07-02T13:03:00+02:00;15104_G;42;94;32;heavy;1
2025-07-02T13:03:00+02:00;15111;110;3;100;freeFlow;4
2025-07-02T13:03:00+02:00;15113;27;7;50;heavy;1
2025-07-02T13:03:00+02:00;15114;38;4;50;heavy;1
2025-07-02T13:03:00+02:00;15117;41;4;48;heavy;1
2025-07-02T13:03:00+02:00;15118;36;3;48;heavy;1
2025-07-02T13:03:00+02:00;15119;40;4;58;heavy;2
2025-07-02T13:03:00+02:00;15120;37;5;32;heavy;1
2025-07-02T13:03:00+02:00;15121;34;3;30;heavy;1
2025-07-02T13:03:00+02:00;15122;80;2;0;unknown;0
2025-07-02T13:03:00+02:00;15124_D;35;24;50;heavy;1
2025-07-02T13:03:00+02:00;15124_G;80;10;0;unknown;0
2025-07-02T13:03:00+02:00;15549_D;59;1;15;freeFlow;1
2025-07-02T13:03:00+02:00;15549_G;29;1;60;heavy;1
2025-07-02T13:03:00+02:00;15550;70;0;100;freeFlow;3
2025-07-02T13:03:00+02:00;15551;35;326;100;heavy;6
2025-07-02T13:03:00+02:00;1601768;22;18;12;heavy;1
2025-07-02T13:03:00+02:00;1601771;49;5;60;freeFlow;1
2025-07-02T13:03:00+02:00;1601787;30;3;42;heavy;1
2025-07-02T13:03:00+02:00;1601792;27;2;42;freeFlow;1
2025-07-02T13:03:00+02:00;1601794_D;34;4;45;freeFlow;1
2025-07-02T13:03:00+02:00;1601794_G;40;2;60;freeFlow;1
2025-07-02T13:03:00+02:00;1601795;33;14;45;freeFlow;1
2025-07-02T13:03:00+02:00;1601797;40;13;60;freeFlow;1
2025-07-02T13:03:00+02:00;1601798;40;3;60;freeFlow;1
2025-07-02T13:03:00+02:00;1601799;40;2;60;freeFlow;1
2025-07-02T13:03:00+02:00;1601807;39;3;100;freeFlow;4
2025-07-02T13:03:00+02:00;1601808;40;24;60;freeFlow;1
2025-07-02T13:03:00+02:00;1601810;42;22;100;freeFlow;4
2025-07-02T13:03:00+02:00;1601812;48;4;53;freeFlow;2
2025-07-02T13:03:00+02:00;1601813_D;65;19;52;freeFlow;2
2025-07-02T13:03:00+02:00;1601813_G;48;26;66;freeFlow;2
2025-07-02T13:03:00+02:00;1601814;60;3;45;freeFlow;1
2025-07-02T13:03:00+02:00;1601815;48;3;98;freeFlow;5
2025-07-02T13:03:00+02:00;1601819;28;2;100;heavy;3
2025-07-02T13:03:00+02:00;1601824;41;4;60;freeFlow;1
2025-07-02T13:03:00+02:00;1601898;90;17;100;freeFlow;3
2025-07-02T13:03:00+02:00;1601931_D;50;5;0;unknown;0
2025-07-02T13:03:00+02:00;1601931_G;50;5;0;unknown;0
2025-07-02T13:03:00+02:00;1602158_D;57;0;60;freeFlow;1
2025-07-02T13:03:00+02:00;1602158_G;39;1;60;freeFlow;1
2025-07-02T13:03:00+02:00;1602398;56;1;55;freeFlow;1
2025-07-02T13:03:00+02:00;1626;72;34;100;freeFlow;4
2025-07-02T13:03:00+02:00;1627;35;5;100;freeFlow;4
2025-07-02T13:03:00+02:00;1628;53;2;75;freeFlow;2
2025-07-02T13:03:00+02:00;1629;62;2;75;freeFlow;2
2025-07-02T13:03:00+02:00;1630;46;2;75;freeFlow;2
2025-07-02T13:03:00+02:00;1631;66;1;75;freeFlow;2
2025-07-02T13:03:00+02:00;1632;58;32;100;heavy;3
2025-07-02T13:03:00+02:00;1633;92;9;52;freeFlow;1
2025-07-02T13:03:00+02:00;1639;43;7;100;heavy;3
2025-07-02T13:03:00+02:00;16647_D;66;68;56;freeFlow;1
2025-07-02T13:03:00+02:00;16647_G;73;62;83;freeFlow;3
2025-07-02T13:03:00+02:00;16648_D;91;8;57;freeFlow;1
2025-07-02T13:03:00+02:00;16648_G;87;8;75;freeFlow;2
2025-07-02T13:03:00+02:00;16695_D;68;42;60;freeFlow;1
2025-07-02T13:03:00+02:00;16695_G;75;38;40;freeFlow;2
2025-07-02T13:03:00+02:00;16701;26;4;22;heavy;1
2025-07-02T13:03:00+02:00;16702;25;4;15;heavy;1
2025-07-02T13:03:00+02:00;16707_D;29;1;12;heavy;1
2025-07-02T13:03:00+02:00;16707_G;39;1;17;freeFlow;1
2025-07-02T13:03:00+02:00;16744;59;2;64;freeFlow;2
2025-07-02T13:03:00+02:00;16745;32;4;60;heavy;1
2025-07-02T13:03:00+02:00;16746;36;3;60;heavy;1
2025-07-02T13:03:00+02:00;16747;66;3;55;freeFlow;1
2025-07-02T13:03:00+02:00;16748;46;3;55;heavy;1
2025-07-02T13:03:00+02:00;16749;53;3;73;heavy;3
2025-07-02T13:03:00+02:00;16752_D;28;15;30;heavy;2
2025-07-02T13:03:00+02:00;16752_G;41;10;50;heavy;1
2025-07-02T13:03:00+02:00;1675_D;49;6;60;freeFlow;1
2025-07-02T13:03:00+02:00;1675_G;16;16;75;heavy;2
2025-07-02T13:03:00+02:00;1676;58;8;100;heavy;3
2025-07-02T13:03:00+02:00;16761;25;4;15;heavy;1
2025-07-02T13:03:00+02:00;16762;26;4;22;heavy;1
2025-07-02T13:03:00+02:00;1677;30;17;75;heavy;2
2025-07-02T13:03:00+02:00;1677109;29;56;75;heavy;2
2025-07-02T13:03:00+02:00;1677110;68;1;60;freeFlow;1
2025-07-02T13:03:00+02:00;1677175_D;30;47;42;freeFlow;1
2025-07-02T13:03:00+02:00;1677175_G;30;48;0;unknown;0
2025-07-02T13:03:00+02:00;1677180_D;6;7;48;congested;1
2025-07-02T13:03:00+02:00;1677180_G;23;2;60;freeFlow;1
2025-07-02T13:03:00+02:00;1677184_D;15;46;48;heavy;1
2025-07-02T13:03:00+02:00;1677184_G;33;21;60;freeFlow;1
2025-07-02T13:03:00+02:00;1677551_D;30;2;0;unknown;0
2025-07-02T13:03:00+02:00;1677551_G;37;1;55;freeFlow;1
2025-07-02T13:03:00+02:00;1677568_D;50;29;0;unknown;0
2025-07-02T13:03:00+02:00;1677568_G;50;30;0;unknown;0
2025-07-02T13:03:00+02:00;1677569;50;2;0;unknown;0
2025-07-02T13:03:00+02:00;1677687;50;1;0;unknown;0
2025-07-02T13:03:00+02:00;1677691;50;1;0;unknown;0
2025-07-02T13:03:00+02:00;1677693;50;2;0;unknown;0
2025-07-02T13:03:00+02:00;1677695_D;50;14;0;unknown;0
2025-07-02T13:03:00+02:00;1677695_G;50;13;0;unknown;0
2025-07-02T13:03:00+02:00;1677709_D;50;3;0;unknown;0
2025-07-02T13:03:00+02:00;1677709_G;50;4;0;unknown;0
2025-07-02T13:03:00+02:00;1677716_D;50;3;0;unknown;0
2025-07-02T13:03:00+02:00;1677716_G;50;3;0;unknown;0
2025-07-02T13:03:00+02:00;1677730_D;16;70;0;unknown;0
2025-07-02T13:03:00+02:00;1677730_G;17;65;73;heavy;2
2025-07-02T13:03:00+02:00;1677735_D;50;1;0;unknown;0
2025-07-02T13:03:00+02:00;1677735_G;50;1;0;unknown;0
2025-07-02T13:03:00+02:00;1677745_D;25;3;15;heavy;1
2025-07-02T13:03:00+02:00;1677745_G;50;1;0;unknown;0
2025-07-02T13:03:00+02:00;1677785_D;27;10;15;freeFlow;1
2025-07-02T13:03:00+02:00;1677785_G;30;9;0;unknown;0
2025-07-02T13:03:00+02:00;1677801_D;34;9;12;heavy;1
2025-07-02T13:03:00+02:00;1677801_G;50;6;0;unknown;0
2025-07-02T13:03:00+02:00;1677808_D;47;14;12;freeFlow;1
2025-07-02T13:03:00+02:00;1677808_G;29;23;40;heavy;1
2025-07-02T13:03:00+02:00;16783;25;4;60;heavy;1
2025-07-02T13:03:00+02:00;16784;25;3;60;heavy;1
2025-07-02T13:03:00+02:00;16785;59;1;15;freeFlow;1
2025-07-02T13:03:00+02:00;1678542;99;21;60;freeFlow;1
2025-07-02T13:03:00+02:00;1678698_D;25;31;60;heavy;1
2025-07-02T13:03:00+02:00;1678698_G;49;16;57;freeFlow;1
2025-07-02T13:03:00+02:00;1678750;50;2;0;unknown;0
2025-07-02T13:03:00+02:00;1678763_D;50;4;0;unknown;0
2025-07-02T13:03:00+02:00;1678763_G;50;4;0;unknown;0
2025-07-02T13:03:00+02:00;1679092_D;33;7;67;heavy;2
2025-07-02T13:03:00+02:00;1679092_G;37;6;40;freeFlow;1
2025-07-02T13:03:00+02:00;1679681;73;11;45;freeFlow;1
2025-07-02T13:03:00+02:00;1679779;99;3;75;freeFlow;2
2025-07-02T13:03:00+02:00;1679795_D;29;2;60;heavy;1
2025-07-02T13:03:00+02:00;1679822;31;2;75;heavy;2
2025-07-02T13:03:00+02:00;1679825;40;2;60;freeFlow;1
2025-07-02T13:03:00+02:00;1679841;24;41;75;heavy;2
2025-07-02T13:03:00+02:00;1679843;40;1;60;freeFlow;1
2025-07-02T13:03:00+02:00;1679845;13;4;75;congested;2
2025-07-02T13:03:00+02:00;1679847;40;1;60;freeFlow;1
2025-07-02T13:03:00+02:00;1679859_D;24;20;60;freeFlow;1
2025-07-02T13:03:00+02:00;1679859_G;30;16;0;unknown;0
2025-07-02T13:03:00+02:00;1680014;90;5;100;freeFlow;8
2025-07-02T13:03:00+02:00;1680016;85;14;100;freeFlow;5
2025-07-02T13:03:00+02:00;1680022;85;6;100;freeFlow;5
2025-07-02T13:03:00+02:00;1680024;99;8;100;freeFlow;7
2025-07-02T13:03:00+02:00;1680116;37;4;60;heavy;1
2025-07-02T13:03:00+02:00;1680119;32;6;60;heavy;1
2025-07-02T13:03:00+02:00;1680121;43;3;60;heavy;1
2025-07-02T13:03:00+02:00;1680122_D;40;46;60;heavy;1
2025-07-02T13:03:00+02:00;1680122_G;49;38;73;heavy;2
2025-07-02T13:03:00+02:00;1680123;41;4;73;heavy;2
2025-07-02T13:03:00+02:00;1680337;21;11;55;heavy;1
2025-07-02T13:03:00+02:00;1680401_D;70;17;0;unknown;0
2025-07-02T13:03:00+02:00;1680401_G;30;41;12;heavy;1
2025-07-02T13:03:00+02:00;1680514_D;50;9;0;unknown;0
2025-07-02T13:03:00+02:00;1680514_G;50;9;0;unknown;0
2025-07-02T13:03:00+02:00;1680539;44;2;75;heavy;2
2025-07-02T13:03:00+02:00;1680541_D;30;14;0;unknown;0
2025-07-02T13:03:00+02:00;1680541_G;37;11;30;freeFlow;1
2025-07-02T13:03:00+02:00;1680549_D;39;16;30;freeFlow;1
2025-07-02T13:03:00+02:00;1680549_G;50;13;0;unknown;0
2025-07-02T13:03:00+02:00;1680551_D;20;2;30;heavy;1
2025-07-02T13:03:00+02:00;1680551_G;30;1;0;unknown;0
2025-07-02T13:03:00+02:00;1680557_D;20;1;30;heavy;1
2025-07-02T13:03:00+02:00;1680557_G;49;1;0;unknown;0
2025-07-02T13:03:00+02:00;1680561_D;50;1;0;unknown;0
2025-07-02T13:03:00+02:00;1680561_G;50;1;0;unknown;0
2025-07-02T13:03:00+02:00;1680567;20;4;30;heavy;1
2025-07-02T13:03:00+02:00;1680569;49;3;0;unknown;0
2025-07-02T13:03:00+02:00;1680573;30;2;30;heavy;1
2025-07-02T13:03:00+02:00;1680574;27;5;30;heavy;1
2025-07-02T13:03:00+02:00;1680575;24;13;45;heavy;2
2025-07-02T13:03:00+02:00;1680576;27;4;30;heavy;1
2025-07-02T13:03:00+02:00;16821_D;12;534;62;congested;2
2025-07-02T13:03:00+02:00;16821_G;83;79;75;freeFlow;2
2025-07-02T13:03:00+02:00;16830_D;50;16;0;unknown;0
2025-07-02T13:03:00+02:00;16830_G;52;16;55;freeFlow;1
2025-07-02T13:03:00+02:00;16831_D;50;2;0;unknown;0
2025-07-02T13:03:00+02:00;16831_G;52;2;55;freeFlow;1
2025-07-02T13:03:00+02:00;16832;33;5;0;unknown;0
2025-07-02T13:03:00+02:00;16834;65;11;55;freeFlow;1
2025-07-02T13:03:00+02:00;16850_D;50;1;0;unknown;0
2025-07-02T13:03:00+02:00;16850_G;50;1;0;unknown;0
2025-07-02T13:03:00+02:00;16851_D;50;3;0;unknown;0
2025-07-02T13:03:00+02:00;16851_G;50;2;0;unknown;0
2025-07-02T13:03:00+02:00;16852_D;50;5;0;unknown;0
2025-07-02T13:03:00+02:00;16852_G;50;5;0;unknown;0
2025-07-02T13:03:00+02:00;16853_D;50;7;0;unknown;0
2025-07-02T13:03:00+02:00;16853_G;48;7;0;unknown;0
2025-07-02T13:03:00+02:00;16854_D;7;31;30;congested;1
2025-07-02T13:03:00+02:00;16854_G;48;4;27;freeFlow;1
2025-07-02T13:03:00+02:00;16855_D;7;32;30;congested;1
2025-07-02T13:03:00+02:00;16855_G;48;4;27;freeFlow;1
2025-07-02T13:03:00+02:00;16856_D;24;15;0;unknown;0
2025-07-02T13:03:00+02:00;16856_G;48;7;27;freeFlow;1
2025-07-02T13:03:00+02:00;16858_D;26;57;0;unknown;0
2025-07-02T13:03:00+02:00;16858_G;43;34;35;freeFlow;1
2025-07-02T13:03:00+02:00;16859_D;50;3;0;unknown;0
2025-07-02T13:03:00+02:00;16859_G;43;3;35;freeFlow;1
2025-07-02T13:03:00+02:00;16860_D;50;7;0;unknown;0
2025-07-02T13:03:00+02:00;16860_G;52;7;69;freeFlow;2
2025-07-02T13:03:00+02:00;1690_D;17;16;60;heavy;1
2025-07-02T13:03:00+02:00;1690_G;48;6;57;freeFlow;1
2025-07-02T13:03:00+02:00;16910_D;7;43;17;congested;1
2025-07-02T13:03:00+02:00;16910_G;8;35;17;congested;1
2025-07-02T13:03:00+02:00;16967;66;8;100;freeFlow;4
2025-07-02T13:03:00+02:00;16969;22;2;75;heavy;2
2025-07-02T13:03:00+02:00;16986;46;14;75;heavy;2
2025-07-02T13:03:00+02:00;16988;55;13;100;freeFlow;3
2025-07-02T13:03:00+02:00;16989;59;8;100;freeFlow;3
2025-07-02T13:03:00+02:00;16990;55;8;100;freeFlow;4
2025-07-02T13:03:00+02:00;16992;55;25;100;freeFlow;4
2025-07-02T13:03:00+02:00;16994;59;19;100;freeFlow;4
2025-07-02T13:03:00+02:00;17;50;4;60;heavy;1
2025-07-02T13:03:00+02:00;1721;24;5;40;heavy;2
2025-07-02T13:03:00+02:00;1722;35;4;57;freeFlow;1
2025-07-02T13:03:00+02:00;1723;14;11;60;congested;1
2025-07-02T13:03:00+02:00;1724_D;58;9;57;freeFlow;1
2025-07-02T13:03:00+02:00;1724_G;42;13;73;heavy;2
2025-07-02T13:03:00+02:00;1732_D;106;1;35;freeFlow;2
2025-07-02T13:03:00+02:00;1732_G;14;6;60;congested;1
2025-07-02T13:03:00+02:00;1733_D;106;0;35;freeFlow;2
2025-07-02T13:03:00+02:00;1733_G;17;3;60;heavy;1
2025-07-02T13:03:00+02:00;1734_D;106;3;35;freeFlow;2
2025-07-02T13:03:00+02:00;1734_G;14;26;60;congested;1
2025-07-02T13:03:00+02:00;18337;34;3;60;heavy;1
2025-07-02T13:03:00+02:00;18391_D;80;3;100;freeFlow;3
2025-07-02T13:03:00+02:00;18391_G;49;5;60;heavy;1
2025-07-02T13:03:00+02:00;1853;96;25;100;freeFlow;6
2025-07-02T13:03:00+02:00;1855;85;6;100;freeFlow;10
2025-07-02T13:03:00+02:00;1856;87;10;100;freeFlow;10
2025-07-02T13:03:00+02:00;19040;34;3;100;heavy;4
2025-07-02T13:03:00+02:00;1910886;32;7;60;heavy;1
2025-07-02T13:03:00+02:00;1911185_D;70;16;0;unknown;0
2025-07-02T13:03:00+02:00;1911185_G;49;23;22;freeFlow;1
2025-07-02T13:03:00+02:00;1911398_D;24;2;60;freeFlow;1
2025-07-02T13:03:00+02:00;1911398_G;35;1;55;freeFlow;1
2025-07-02T13:03:00+02:00;1911404_D;30;3;0;unknown;0
2025-07-02T13:03:00+02:00;1911404_G;38;2;60;freeFlow;1
2025-07-02T13:03:00+02:00;1911418;44;6;100;freeFlow;4
2025-07-02T13:03:00+02:00;1911420;48;2;100;freeFlow;3
2025-07-02T13:03:00+02:00;1911448_D;35;54;73;heavy;2
2025-07-02T13:03:00+02:00;1911448_G;70;27;0;unknown;0
2025-07-02T13:03:00+02:00;1911623_D;34;5;55;freeFlow;1
2025-07-02T13:03:00+02:00;1911623_G;25;7;60;freeFlow;1
2025-07-02T13:03:00+02:00;19628;91;3;75;freeFlow;2
2025-07-02T13:03:00+02:00;19629;90;1;0;unknown;0
2025-07-02T13:03:00+02:00;19630;32;6;52;heavy;1
2025-07-02T13:03:00+02:00;19631;49;2;52;heavy;1
2025-07-02T13:03:00+02:00;19632;99;1;60;freeFlow;1
2025-07-02T13:03:00+02:00;19633;39;4;97;heavy;3
2025-07-02T13:03:00+02:00;19634;70;1;0;unknown;0
2025-07-02T13:03:00+02:00;19635;30;5;75;heavy;2
2025-07-02T13:03:00+02:00;19636;31;5;100;heavy;3
2025-07-02T13:03:00+02:00;19637;48;2;0;unknown;0
2025-07-02T13:03:00+02:00;19638;50;3;60;freeFlow;1
2025-07-02T13:03:00+02:00;19639;35;4;60;heavy;1
2025-07-02T13:03:00+02:00;19640;45;3;60;heavy;1
2025-07-02T13:03:00+02:00;19642;47;3;100;heavy;4
2025-07-02T13:03:00+02:00;19643;66;1;100;freeFlow;5
2025-07-02T13:03:00+02:00;19644;37;2;59;heavy;2
2025-07-02T13:03:00+02:00;19683;129;15;60;freeFlow;1
2025-07-02T13:03:00+02:00;19684;92;51;92;freeFlow;4
2025-07-02T13:03:00+02:00;19685;102;51;100;freeFlow;8
2025-07-02T13:03:00+02:00;19686;90;19;100;freeFlow;7
2025-07-02T13:03:00+02:00;198;70;65;75;freeFlow;2
2025-07-02T13:03:00+02:00;19825_D;62;53;60;freeFlow;1
2025-07-02T13:03:00+02:00;19825_G;53;61;100;heavy;3
2025-07-02T13:03:00+02:00;19828;36;3;100;freeFlow;4
2025-07-02T13:03:00+02:00;19830;27;4;100;heavy;3
2025-07-02T13:03:00+02:00;19832;48;3;75;freeFlow;2
2025-07-02T13:03:00+02:00;19833;42;3;75;freeFlow;2
2025-07-02T13:03:00+02:00;19841_D;58;25;60;freeFlow;1
2025-07-02T13:03:00+02:00;19841_G;67;22;100;freeFlow;3
2025-07-02T13:03:00+02:00;19842_D;58;7;60;freeFlow;1
2025-07-02T13:03:00+02:00;19842_G;76;5;100;freeFlow;3
2025-07-02T13:03:00+02:00;20525;41;4;60;heavy;1
2025-07-02T13:03:00+02:00;20526;41;3;60;heavy;1
2025-07-02T13:03:00+02:00;20527;24;7;74;congested;2
2025-07-02T13:03:00+02:00;20528;54;2;57;heavy;1
2025-07-02T13:03:00+02:00;20590_D;72;114;60;freeFlow;1
2025-07-02T13:03:00+02:00;20590_G;55;147;84;heavy;3
2025-07-02T13:03:00+02:00;20760_D;53;28;100;freeFlow;3
2025-07-02T13:03:00+02:00;20760_G;57;26;75;freeFlow;2
2025-07-02T13:03:00+02:00;2216_D;80;38;0;unknown;0
2025-07-02T13:03:00+02:00;2216_G;70;44;51;freeFlow;1
2025-07-02T13:03:00+02:00;2218_D;80;27;0;unknown;0
2025-07-02T13:03:00+02:00;2218_G;75;29;52;freeFlow;1
2025-07-02T13:03:00+02:00;23984_D;65;1;52;freeFlow;1
2025-07-02T13:03:00+02:00;23984_G;54;1;57;heavy;1
2025-07-02T13:03:00+02:00;24143_D;31;13;52;heavy;1
2025-07-02T13:03:00+02:00;24143_G;39;10;60;heavy;1
2025-07-02T13:03:00+02:00;24147_D;66;58;66;freeFlow;2
2025-07-02T13:03:00+02:00;24147_G;67;57;58;freeFlow;1
2025-07-02T13:03:00+02:00;24148;65;2;52;freeFlow;1
2025-07-02T13:03:00+02:00;24149;41;3;57;freeFlow;1
2025-07-02T13:03:00+02:00;24150;65;2;52;freeFlow;1
2025-07-02T13:03:00+02:00;24151;54;2;57;freeFlow;1
2025-07-02T13:03:00+02:00;24153_D;71;13;68;freeFlow;2
2025-07-02T13:03:00+02:00;24153_G;64;14;74;freeFlow;2
2025-07-02T13:03:00+02:00;24176;80;20;100;freeFlow;3
2025-07-02T13:03:00+02:00;24178;88;12;100;freeFlow;3
2025-07-02T13:03:00+02:00;24179;79;25;100;freeFlow;3
2025-07-02T13:03:00+02:00;24181_D;53;3;60;freeFlow;1
2025-07-02T13:03:00+02:00;24181_G;44;4;65;freeFlow;2
2025-07-02T13:03:00+02:00;24182;90;13;100;freeFlow;3
2025-07-02T13:03:00+02:00;24184_D;53;11;60;freeFlow;1
2025-07-02T13:03:00+02:00;24184_G;36;16;90;freeFlow;3
2025-07-02T13:03:00+02:00;24259;42;3;60;freeFlow;1
2025-07-02T13:03:00+02:00;24260;22;8;68;heavy;2
2025-07-02T13:03:00+02:00;24261;40;3;52;freeFlow;1
2025-07-02T13:03:00+02:00;24262;33;5;72;heavy;2
2025-07-02T13:03:00+02:00;24264_D;36;1;60;heavy;1
2025-07-02T13:03:00+02:00;24264_G;40;1;52;heavy;1
2025-07-02T13:03:00+02:00;24265_D;48;1;60;freeFlow;1
2025-07-02T13:03:00+02:00;24265_G;11;5;65;congested;2
2025-07-02T13:03:00+02:00;24274_D;24;20;65;heavy;2
2025-07-02T13:03:00+02:00;24274_G;50;10;60;freeFlow;1
2025-07-02T13:03:00+02:00;25687_D;30;7;0;unknown;0
2025-07-02T13:03:00+02:00;25687_G;30;7;0;unknown;0
2025-07-02T13:03:00+02:00;25929_D;69;12;10;freeFlow;1
2025-07-02T13:03:00+02:00;25929_G;65;13;57;freeFlow;2
2025-07-02T13:03:00+02:00;25930;34;5;100;heavy;3
2025-07-02T13:03:00+02:00;25931;38;5;92;heavy;5
2025-07-02T13:03:00+02:00;25932;59;3;60;freeFlow;1
2025-07-02T13:03:00+02:00;25933;50;3;61;heavy;2
2025-07-02T13:03:00+02:00;25934_D;59;4;10;freeFlow;1
2025-07-02T13:03:00+02:00;25934_G;69;4;42;freeFlow;1
2025-07-02T13:03:00+02:00;25944_D;58;5;60;freeFlow;1
2025-07-02T13:03:00+02:00;25944_G;40;7;100;heavy;3
2025-07-02T13:03:00+02:00;25946_D;61;14;100;freeFlow;3
2025-07-02T13:03:00+02:00;25946_G;58;14;60;freeFlow;1
2025-07-02T13:03:00+02:00;25947_D;65;29;75;freeFlow;2
2025-07-02T13:03:00+02:00;25947_G;64;30;60;freeFlow;1
2025-07-02T13:03:00+02:00;25988_D;30;10;0;unknown;0
2025-07-02T13:03:00+02:00;25988_G;30;10;0;unknown;0
2025-07-02T13:03:00+02:00;25989;46;3;0;unknown;0
2025-07-02T13:03:00+02:00;25990;46;2;0;unknown;0
2025-07-02T13:03:00+02:00;25991;46;2;0;unknown;0
2025-07-02T13:03:00+02:00;25992;46;2;0;unknown;0
2025-07-02T13:03:00+02:00;25993_D;31;3;0;unknown;0
2025-07-02T13:03:00+02:00;25993_G;30;3;0;unknown;0
2025-07-02T13:03:00+02:00;25994_D;50;4;0;unknown;0
2025-07-02T13:03:00+02:00;25994_G;50;4;0;unknown;0
2025-07-02T13:03:00+02:00;25995_D;50;1;0;unknown;0
2025-07-02T13:03:00+02:00;25995_G;50;1;0;unknown;0
2025-07-02T13:03:00+02:00;25996_D;50;5;0;unknown;0
2025-07-02T13:03:00+02:00;25996_G;50;4;0;unknown;0
2025-07-02T13:03:00+02:00;25997_D;50;1;0;unknown;0
2025-07-02T13:03:00+02:00;25997_G;50;1;0;unknown;0
2025-07-02T13:03:00+02:00;25998_D;50;11;0;unknown;0
2025-07-02T13:03:00+02:00;25998_G;50;11;0;unknown;0
2025-07-02T13:03:00+02:00;25999_D;52;8;0;unknown;0
2025-07-02T13:03:00+02:00;25999_G;35;12;30;heavy;1
2025-07-02T13:03:00+02:00;26000_D;80;5;0;unknown;0
2025-07-02T13:03:00+02:00;26000_G;53;7;30;heavy;1
2025-07-02T13:03:00+02:00;26001_D;80;1;0;unknown;0
2025-07-02T13:03:00+02:00;26001_G;63;1;30;freeFlow;1
2025-07-02T13:03:00+02:00;26002_D;80;5;0;unknown;0
2025-07-02T13:03:00+02:00;26002_G;63;7;30;freeFlow;1
2025-07-02T13:03:00+02:00;26023;93;2;60;freeFlow;1
2025-07-02T13:03:00+02:00;26024;101;46;92;freeFlow;3
2025-07-02T13:03:00+02:00;26025;86;75;100;freeFlow;5
2025-07-02T13:03:00+02:00;26041;16;20;100;heavy;3
2025-07-02T13:03:00+02:00;26043;46;10;100;freeFlow;3
2025-07-02T13:03:00+02:00;26044;43;10;100;freeFlow;5
2025-07-02T13:03:00+02:00;26046;46;20;100;freeFlow;3
2025-07-02T13:03:00+02:00;26047;39;2;100;freeFlow;4
2025-07-02T13:03:00+02:00;26048;56;38;100;freeFlow;4
2025-07-02T13:03:00+02:00;26049;52;28;100;freeFlow;3
2025-07-02T13:03:00+02:00;26050;56;6;100;freeFlow;3
2025-07-02T13:03:00+02:00;26101_D;30;16;0;unknown;0
2025-07-02T13:03:00+02:00;26101_G;26;19;15;freeFlow;1
2025-07-02T13:03:00+02:00;26371_D;30;9;0;unknown;0
2025-07-02T13:03:00+02:00;26371_G;30;9;0;unknown;0
2025-07-02T13:03:00+02:00;26389_D;70;11;0;unknown;0
2025-07-02T13:03:00+02:00;26389_G;57;14;10;freeFlow;1
2025-07-02T13:03:00+02:00;26392_D;30;15;0;unknown;0
2025-07-02T13:03:00+02:00;26392_G;26;16;15;freeFlow;1
2025-07-02T13:03:00+02:00;26393;26;3;15;heavy;1
2025-07-02T13:03:00+02:00;26394;26;3;15;heavy;1
2025-07-02T13:03:00+02:00;26395;26;3;15;heavy;1
2025-07-02T13:03:00+02:00;26396;50;1;0;unknown;0
2025-07-02T13:03:00+02:00;26397_D;50;4;0;unknown;0
2025-07-02T13:03:00+02:00;26397_G;26;7;15;heavy;1
2025-07-02T13:03:00+02:00;26402_D;30;9;0;unknown;0
2025-07-02T13:03:00+02:00;26402_G;30;9;0;unknown;0
2025-07-02T13:03:00+02:00;26403_D;30;4;0;unknown;0
2025-07-02T13:03:00+02:00;26403_G;21;6;0;unknown;0
2025-07-02T13:03:00+02:00;26404_D;30;3;0;unknown;0
2025-07-02T13:03:00+02:00;26404_G;10;10;0;unknown;0
2025-07-02T13:03:00+02:00;26405_D;30;2;0;unknown;0
2025-07-02T13:03:00+02:00;26405_G;30;2;0;unknown;0
2025-07-02T13:03:00+02:00;26409_D;70;11;0;unknown;0
2025-07-02T13:03:00+02:00;26409_G;67;12;40;freeFlow;1
2025-07-02T13:03:00+02:00;26420_D;75;3;40;freeFlow;1
2025-07-02T13:03:00+02:00;26420_G;70;4;0;unknown;0
2025-07-02T13:03:00+02:00;26422_D;78;10;40;freeFlow;1
2025-07-02T13:03:00+02:00;26422_G;70;11;0;unknown;0
2025-07-02T13:03:00+02:00;26423_D;80;6;40;freeFlow;1
2025-07-02T13:03:00+02:00;26423_G;70;7;0;unknown;0
2025-07-02T13:03:00+02:00;26495_D;50;7;0;unknown;0
2025-07-02T13:03:00+02:00;26495_G;30;12;12;heavy;1
2025-07-02T13:03:00+02:00;26497_D;30;16;0;unknown;0
2025-07-02T13:03:00+02:00;26497_G;30;16;12;freeFlow;1
2025-07-02T13:03:00+02:00;26501;93;24;100;freeFlow;6
2025-07-02T13:03:00+02:00;26573;97;14;100;freeFlow;3
2025-07-02T13:03:00+02:00;26603_D;30;2;0;unknown;0
2025-07-02T13:03:00+02:00;26603_G;30;2;0;unknown;0
2025-07-02T13:03:00+02:00;26611_D;30;4;0;unknown;0
2025-07-02T13:03:00+02:00;26611_G;30;4;0;unknown;0
2025-07-02T13:03:00+02:00;26619;37;2;100;freeFlow;3
2025-07-02T13:03:00+02:00;26654;11;44;100;congested;5
2025-07-02T13:03:00+02:00;26656;42;12;100;freeFlow;3
2025-07-02T13:03:00+02:00;26897_D;30;15;0;unknown;0
2025-07-02T13:03:00+02:00;26897_G;26;17;15;freeFlow;1
2025-07-02T13:03:00+02:00;27837_D;50;5;0;unknown;0
2025-07-02T13:03:00+02:00;27837_G;75;4;52;freeFlow;1
2025-07-02T13:03:00+02:00;28032;42;4;68;heavy;2
2025-07-02T13:03:00+02:00;28033;52;3;96;heavy;4
2025-07-02T13:03:00+02:00;282910_D;38;5;75;freeFlow;2
2025-07-02T13:03:00+02:00;282910_G;19;6;10;heavy;1
2025-07-02T13:03:00+02:00;28642_D;45;10;60;heavy;1
2025-07-02T13:03:00+02:00;28642_G;19;24;65;congested;2
2025-07-02T13:03:00+02:00;28645_D;69;2;60;freeFlow;1
2025-07-02T13:03:00+02:00;28645_G;67;2;50;freeFlow;1
2025-07-02T13:03:00+02:00;28646_D;69;45;60;freeFlow;1
2025-07-02T13:03:00+02:00;28646_G;75;41;50;freeFlow;1
2025-07-02T13:03:00+02:00;28648_D;69;19;75;freeFlow;2
2025-07-02T13:03:00+02:00;28648_G;79;16;52;freeFlow;1
2025-07-02T13:03:00+02:00;28649_D;72;13;100;freeFlow;3
2025-07-02T13:03:00+02:00;28649_G;73;12;52;freeFlow;1
2025-07-02T13:03:00+02:00;28650_D;73;14;100;freeFlow;3
2025-07-02T13:03:00+02:00;28650_G;71;14;52;freeFlow;1
2025-07-02T13:03:00+02:00;28660_D;90;7;15;freeFlow;1
2025-07-02T13:03:00+02:00;28660_G;97;7;48;freeFlow;1
2025-07-02T13:03:00+02:00;28665_D;82;16;15;freeFlow;1
2025-07-02T13:03:00+02:00;28665_G;90;15;48;freeFlow;1
2025-07-02T13:03:00+02:00;28666_D;81;8;15;freeFlow;1
2025-07-02T13:03:00+02:00;28666_G;80;8;50;freeFlow;1
2025-07-02T13:03:00+02:00;28669_D;70;5;0;unknown;0
2025-07-02T13:03:00+02:00;28669_G;72;5;32;freeFlow;2
2025-07-02T13:03:00+02:00;28675_D;70;6;0;unknown;0
2025-07-02T13:03:00+02:00;28675_G;56;7;32;freeFlow;2
2025-07-02T13:03:00+02:00;28676_D;70;3;0;unknown;0
2025-07-02T13:03:00+02:00;28676_G;72;3;32;freeFlow;2
2025-07-02T13:03:00+02:00;28677_D;70;16;0;unknown;0
2025-07-02T13:03:00+02:00;28677_G;84;13;35;freeFlow;2
2025-07-02T13:03:00+02:00;28693_D;99;10;17;freeFlow;1
2025-07-02T13:03:00+02:00;28693_G;82;11;68;freeFlow;2
2025-07-02T13:03:00+02:00;28854;60;3;52;freeFlow;1
2025-07-02T13:03:00+02:00;28855;60;2;52;freeFlow;1
2025-07-02T13:03:00+02:00;28865_D;60;33;52;freeFlow;1
2025-07-02T13:03:00+02:00;28865_G;87;23;17;freeFlow;1
2025-07-02T13:03:00+02:00;28866_D;60;12;52;freeFlow;1
2025-07-02T13:03:00+02:00;28866_G;34;21;17;heavy;1
2025-07-02T13:03:00+02:00;28867;60;2;52;freeFlow;1
2025-07-02T13:03:00+02:00;28868;60;2;52;freeFlow;1
2025-07-02T13:03:00+02:00;29;77;19;74;freeFlow;2
2025-07-02T13:03:00+02:00;30;83;7;75;freeFlow;2
2025-07-02T13:03:00+02:00;30020_D;66;32;100;freeFlow;3
2025-07-02T13:03:00+02:00;30020_G;77;28;55;freeFlow;1
2025-07-02T13:03:00+02:00;30022;89;3;100;freeFlow;8
2025-07-02T13:03:00+02:00;30023;88;58;100;freeFlow;5
2025-07-02T13:03:00+02:00;30118;36;3;100;freeFlow;4
2025-07-02T13:03:00+02:00;30351_D;20;2;32;heavy;1
2025-07-02T13:03:00+02:00;30351_G;33;2;75;heavy;2
2025-07-02T13:03:00+02:00;30355_D;24;21;32;heavy;1
2025-07-02T13:03:00+02:00;30355_G;46;11;75;freeFlow;2
2025-07-02T13:03:00+02:00;30359_D;41;15;32;heavy;1
2025-07-02T13:03:00+02:00;30359_G;55;11;60;heavy;1
2025-07-02T13:03:00+02:00;30405;20;4;32;heavy;1
2025-07-02T13:03:00+02:00;30406;33;7;75;heavy;2
2025-07-02T13:03:00+02:00;30407;20;5;32;heavy;1
2025-07-02T13:03:00+02:00;30408;20;3;32;heavy;1
2025-07-02T13:03:00+02:00;30409;20;6;32;heavy;1
2025-07-02T13:03:00+02:00;30410_D;33;1;75;heavy;2
2025-07-02T13:03:00+02:00;30410_G;50;1;0;unknown;0
2025-07-02T13:03:00+02:00;30411_D;11;25;100;congested;3
2025-07-02T13:03:00+02:00;30411_G;2;156;59;congested;1
2025-07-02T13:03:00+02:00;30414_D;38;9;100;freeFlow;3
2025-07-02T13:03:00+02:00;30414_G;50;8;0;unknown;0
2025-07-02T13:03:00+02:00;30416_D;45;12;100;freeFlow;3
2025-07-02T13:03:00+02:00;30416_G;50;10;0;unknown;0
2025-07-02T13:03:00+02:00;30499_D;46;6;100;freeFlow;3
2025-07-02T13:03:00+02:00;30499_G;37;8;25;freeFlow;1
2025-07-02T13:03:00+02:00;30501_D;19;14;100;heavy;3
2025-07-02T13:03:00+02:00;30501_G;37;7;25;freeFlow;1
2025-07-02T13:03:00+02:00;30502_D;19;3;100;heavy;3
2025-07-02T13:03:00+02:00;30502_G;37;1;25;freeFlow;1
2025-07-02T13:03:00+02:00;30504_D;16;2;100;heavy;3
2025-07-02T13:03:00+02:00;30504_G;37;1;25;freeFlow;1
2025-07-02T13:03:00+02:00;30508;37;3;25;freeFlow;1
2025-07-02T13:03:00+02:00;30521_D;34;12;100;heavy;3
2025-07-02T13:03:00+02:00;30521_G;50;9;0;unknown;0
2025-07-02T13:03:00+02:00;30522_D;41;3;100;freeFlow;3
2025-07-02T13:03:00+02:00;30522_G;50;2;0;unknown;0
2025-07-02T13:03:00+02:00;30606_D;29;19;55;heavy;3
2025-07-02T13:03:00+02:00;30606_G;36;15;100;freeFlow;3
2025-07-02T13:03:00+02:00;30608_D;8;19;55;congested;3
2025-07-02T13:03:00+02:00;30608_G;38;4;100;freeFlow;3
2025-07-02T13:03:00+02:00;30611_D;15;26;52;heavy;2
2025-07-02T13:03:00+02:00;30611_G;30;14;100;heavy;3
2025-07-02T13:03:00+02:00;31;91;5;55;freeFlow;1
2025-07-02T13:03:00+02:00;31286;20;7;75;heavy;2
2025-07-02T13:03:00+02:00;31287;23;3;35;heavy;1
2025-07-02T13:03:00+02:00;31288;33;6;38;heavy;1
2025-07-02T13:03:00+02:00;31289;35;3;100;freeFlow;3
2025-07-02T13:03:00+02:00;31300_D;23;2;35;heavy;1
2025-07-02T13:03:00+02:00;31300_G;27;2;75;heavy;2
2025-07-02T13:03:00+02:00;31302_D;43;1;100;freeFlow;3
2025-07-02T13:03:00+02:00;31302_G;53;1;20;freeFlow;1
2025-07-02T13:03:00+02:00;31304_D;47;24;100;freeFlow;3
2025-07-02T13:03:00+02:00;31305_D;21;36;35;heavy;1
2025-07-02T13:03:00+02:00;31305_G;38;20;75;freeFlow;2
2025-07-02T13:03:00+02:00;31361_D;56;1;55;freeFlow;1
2025-07-02T13:03:00+02:00;31361_G;33;1;75;heavy;2
2025-07-02T13:03:00+02:00;31444_D;66;38;100;freeFlow;4
2025-07-02T13:03:00+02:00;31444_G;57;43;88;freeFlow;3
2025-07-02T13:03:00+02:00;31448;28;4;75;heavy;2
2025-07-02T13:03:00+02:00;31449;46;3;60;heavy;1
2025-07-02T13:03:00+02:00;31450;44;3;100;heavy;5
2025-07-02T13:03:00+02:00;31451;43;3;100;heavy;4
2025-07-02T13:03:00+02:00;31453_D;65;24;100;freeFlow;3
2025-07-02T13:03:00+02:00;31453_G;56;29;55;heavy;1
2025-07-02T13:03:00+02:00;31511;68;22;75;freeFlow;2
2025-07-02T13:03:00+02:00;31512;87;28;100;freeFlow;4
2025-07-02T13:03:00+02:00;31513;89;25;75;freeFlow;2
2025-07-02T13:03:00+02:00;31515;32;4;96;heavy;4
2025-07-02T13:03:00+02:00;31517;21;6;57;heavy;2
2025-07-02T13:03:00+02:00;31520;39;2;100;freeFlow;3
2025-07-02T13:03:00+02:00;31522;49;4;60;freeFlow;1
2025-07-02T13:03:00+02:00;31523_D;14;15;90;congested;4
2025-07-02T13:03:00+02:00;31523_G;53;4;60;freeFlow;1
2025-07-02T13:03:00+02:00;31530_D;45;8;100;heavy;3
2025-07-02T13:03:00+02:00;31530_G;31;12;85;heavy;3
2025-07-02T13:03:00+02:00;31532_D;71;2;75;freeFlow;2
2025-07-02T13:03:00+02:00;31532_G;30;6;60;heavy;2
2025-07-02T13:03:00+02:00;31534;82;5;100;freeFlow;3
2025-07-02T13:03:00+02:00;31536;64;15;100;freeFlow;4
2025-07-02T13:03:00+02:00;31550;86;11;100;freeFlow;8
2025-07-02T13:03:00+02:00;31551;86;9;100;freeFlow;8
2025-07-02T13:03:00+02:00;31553;91;11;100;freeFlow;4
2025-07-02T13:03:00+02:00;31557;96;4;60;freeFlow;1
2025-07-02T13:03:00+02:00;31558_D;96;12;60;freeFlow;1
2025-07-02T13:03:00+02:00;31558_G;61;19;75;freeFlow;2
2025-07-02T13:03:00+02:00;31559;51;9;100;freeFlow;4
2025-07-02T13:03:00+02:00;31561;47;8;100;freeFlow;4
2025-07-02T13:03:00+02:00;31562;44;9;100;freeFlow;3
2025-07-02T13:03:00+02:00;31563;58;7;75;freeFlow;2
2025-07-02T13:03:00+02:00;31568;77;5;75;freeFlow;2
2025-07-02T13:03:00+02:00;31569;81;7;60;freeFlow;1
2025-07-02T13:03:00+02:00;31583_D;50;15;0;unknown;0
2025-07-02T13:03:00+02:00;31583_G;85;9;35;freeFlow;2
2025-07-02T13:03:00+02:00;31670_D;29;15;57;heavy;1
2025-07-02T13:03:00+02:00;31670_G;39;11;75;freeFlow;2
2025-07-02T13:03:00+02:00;31672_D;54;37;72;freeFlow;2
2025-07-02T13:03:00+02:00;31672_G;53;37;32;freeFlow;1
2025-07-02T13:03:00+02:00;31673;81;16;100;freeFlow;10
2025-07-02T13:03:00+02:00;31674;100;13;100;freeFlow;3
2025-07-02T13:03:00+02:00;31708_D;30;6;0;unknown;0
2025-07-02T13:03:00+02:00;31708_G;50;4;38;freeFlow;2
2025-07-02T13:03:00+02:00;31709_D;30;12;0;unknown;0
2025-07-02T13:03:00+02:00;31709_G;49;7;38;freeFlow;2
2025-07-02T13:03:00+02:00;31716_D;17;12;38;heavy;1
2025-07-02T13:03:00+02:00;31716_G;50;4;38;freeFlow;2
2025-07-02T13:03:00+02:00;31717_D;24;21;74;freeFlow;2
2025-07-02T13:03:00+02:00;31717_G;25;20;86;freeFlow;3
2025-07-02T13:03:00+02:00;31720_D;33;4;60;freeFlow;1
2025-07-02T13:03:00+02:00;31720_G;35;3;55;freeFlow;1
2025-07-02T13:03:00+02:00;31722_D;29;9;55;freeFlow;1
2025-07-02T13:03:00+02:00;31722_G;33;8;60;freeFlow;1
2025-07-02T13:03:00+02:00;31723;39;5;75;freeFlow;2
2025-07-02T13:03:00+02:00;31724;38;5;60;freeFlow;1
2025-07-02T13:03:00+02:00;31725;41;5;59;freeFlow;2
2025-07-02T13:03:00+02:00;31726;32;7;75;heavy;2
2025-07-02T13:03:00+02:00;31727_D;36;10;55;freeFlow;1
2025-07-02T13:03:00+02:00;31727_G;13;27;60;heavy;1
2025-07-02T13:03:00+02:00;31878;44;4;52;heavy;1
2025-07-02T13:03:00+02:00;31879;49;3;100;heavy;3
2025-07-02T13:03:00+02:00;31880;91;3;100;freeFlow;8
2025-07-02T13:03:00+02:00;31881;70;4;32;freeFlow;1
2025-07-02T13:03:00+02:00;31882;38;4;60;heavy;1
2025-07-02T13:03:00+02:00;32;92;14;55;freeFlow;1
2025-07-02T13:03:00+02:00;32118;100;1;100;freeFlow;3
2025-07-02T13:03:00+02:00;32163_D;28;3;60;freeFlow;1
2025-07-02T13:03:00+02:00;32163_G;35;3;55;freeFlow;1
2025-07-02T13:03:00+02:00;32165_D;32;2;57;heavy;1
2025-07-02T13:03:00+02:00;32165_G;45;2;75;freeFlow;2
2025-07-02T13:03:00+02:00;32177_D;63;9;100;freeFlow;3
2025-07-02T13:03:00+02:00;32177_G;48;13;52;heavy;1
2025-07-02T13:03:00+02:00;32784_D;56;1;55;freeFlow;1
2025-07-02T13:03:00+02:00;32784_G;31;3;75;heavy;2
2025-07-02T13:03:00+02:00;32785;30;2;75;heavy;2
2025-07-02T13:03:00+02:00;32786;25;3;60;heavy;1
2025-07-02T13:03:00+02:00;32788;34;2;55;heavy;1
2025-07-02T13:03:00+02:00;32790;30;2;75;heavy;2
2025-07-02T13:03:00+02:00;32791;56;2;55;freeFlow;1
2025-07-02T13:03:00+02:00;32794;33;2;75;heavy;2
2025-07-02T13:03:00+02:00;32796;33;2;75;heavy;2
2025-07-02T13:03:00+02:00;33;92;27;70;freeFlow;2
2025-07-02T13:03:00+02:00;34;85;31;100;freeFlow;3
2025-07-02T13:03:00+02:00;34744;82;40;100;freeFlow;8
2025-07-02T13:03:00+02:00;34745;97;34;100;freeFlow;9
2025-07-02T13:03:00+02:00;34757_D;50;2;0;unknown;0
2025-07-02T13:03:00+02:00;34757_G;29;3;60;heavy;1
2025-07-02T13:03:00+02:00;34758_D;50;16;0;unknown;0
2025-07-02T13:03:00+02:00;34758_G;50;16;0;unknown;0
2025-07-02T13:03:00+02:00;35;74;71;83;freeFlow;3
2025-07-02T13:03:00+02:00;35072;96;27;100;freeFlow;6
2025-07-02T13:03:00+02:00;35077;90;46;100;freeFlow;8
2025-07-02T13:03:00+02:00;35086;97;42;100;freeFlow;7
2025-07-02T13:03:00+02:00;35092;77;3;75;freeFlow;2
2025-07-02T13:03:00+02:00;35096;96;17;100;freeFlow;7
2025-07-02T13:03:00+02:00;35098;86;44;100;freeFlow;8
2025-07-02T13:03:00+02:00;35103;59;13;60;freeFlow;1
2025-07-02T13:03:00+02:00;35869_D;50;1;0;unknown;0
2025-07-02T13:03:00+02:00;35869_G;30;2;60;heavy;1
2025-07-02T13:03:00+02:00;35870_D;50;11;0;unknown;0
2025-07-02T13:03:00+02:00;35870_G;29;19;60;heavy;1
2025-07-02T13:03:00+02:00;35940;30;10;0;unknown;0
2025-07-02T13:03:00+02:00;35942;30;2;0;unknown;0
2025-07-02T13:03:00+02:00;35943;30;2;0;unknown;0
2025-07-02T13:03:00+02:00;35944;30;3;0;unknown;0
2025-07-02T13:03:00+02:00;35945;30;3;0;unknown;0
2025-07-02T13:03:00+02:00;35946_D;30;2;0;unknown;0
2025-07-02T13:03:00+02:00;35946_G;30;2;0;unknown;0
2025-07-02T13:03:00+02:00;35947;25;12;10;freeFlow;1
2025-07-02T13:03:00+02:00;35948;25;9;10;freeFlow;1
2025-07-02T13:03:00+02:00;35949;30;7;0;unknown;0
2025-07-02T13:03:00+02:00;35950;30;12;0;unknown;0
2025-07-02T13:03:00+02:00;35951;30;5;0;unknown;0
2025-07-02T13:03:00+02:00;35952;30;11;0;unknown;0
2025-07-02T13:03:00+02:00;35953;50;2;0;unknown;0
2025-07-02T13:03:00+02:00;35954;30;3;60;heavy;1
2025-07-02T13:03:00+02:00;35955;50;2;0;unknown;0
2025-07-02T13:03:00+02:00;35956;50;1;0;unknown;0
2025-07-02T13:03:00+02:00;35957_D;30;2;0;unknown;0
2025-07-02T13:03:00+02:00;35957_G;30;2;0;unknown;0
2025-07-02T13:03:00+02:00;35959_D;30;2;0;unknown;0
2025-07-02T13:03:00+02:00;35959_G;30;1;0;unknown;0
2025-07-02T13:03:00+02:00;35960;30;11;0;unknown;0
2025-07-02T13:03:00+02:00;35961;30;16;0;unknown;0
2025-07-02T13:03:00+02:00;35962;5;65;0;unknown;0
2025-07-02T13:03:00+02:00;35963;30;6;0;unknown;0
2025-07-02T13:03:00+02:00;35964;30;6;0;unknown;0
2025-07-02T13:03:00+02:00;35965;30;20;0;unknown;0
2025-07-02T13:03:00+02:00;35971;30;20;0;unknown;0
2025-07-02T13:03:00+02:00;35972;30;11;0;unknown;0
2025-07-02T13:03:00+02:00;35973;30;8;0;unknown;0
2025-07-02T13:03:00+02:00;35985_D;50;1;0;unknown;0
2025-07-02T13:03:00+02:00;35985_G;50;2;0;unknown;0
2025-07-02T13:03:00+02:00;35986_D;21;34;60;heavy;1
2025-07-02T13:03:00+02:00;35986_G;14;53;60;congested;1
2025-07-02T13:03:00+02:00;35994_D;30;1;0;unknown;0
2025-07-02T13:03:00+02:00;35994_G;17;2;20;heavy;1
2025-07-02T13:03:00+02:00;35998;43;5;60;freeFlow;1
2025-07-02T13:03:00+02:00;35999;29;6;87;heavy;3
2025-07-02T13:03:00+02:00;36000;39;5;88;freeFlow;3
2025-07-02T13:03:00+02:00;36001;34;5;89;heavy;3
2025-07-02T13:03:00+02:00;36003_D;48;1;60;freeFlow;1
2025-07-02T13:03:00+02:00;36003_G;43;1;60;freeFlow;1
2025-07-02T13:03:00+02:00;36004_D;56;38;60;freeFlow;1
2025-07-02T13:03:00+02:00;36004_G;44;48;60;freeFlow;1
2025-07-02T13:03:00+02:00;36005;5;14;25;congested;1
2025-07-02T13:03:00+02:00;36006;30;3;0;unknown;0
2025-07-02T13:03:00+02:00;36007;28;2;40;freeFlow;1
2025-07-02T13:03:00+02:00;36010_D;30;1;0;unknown;0
2025-07-02T13:03:00+02:00;36010_G;30;1;0;unknown;0
2025-07-02T13:03:00+02:00;36011;6;49;25;congested;1
2025-07-02T13:03:00+02:00;36012_D;30;2;0;unknown;0
2025-07-02T13:03:00+02:00;36012_G;30;2;0;unknown;0
2025-07-02T13:03:00+02:00;37200_D;28;9;60;freeFlow;1
2025-07-02T13:03:00+02:00;37200_G;17;15;100;heavy;4
2025-07-02T13:03:00+02:00;37201;44;5;87;freeFlow;4
2025-07-02T13:03:00+02:00;37202;46;7;75;freeFlow;2
2025-07-02T13:03:00+02:00;37203;44;12;98;freeFlow;3
2025-07-02T13:03:00+02:00;37204_D;48;2;60;freeFlow;1
2025-07-02T13:03:00+02:00;37204_G;18;5;60;heavy;1
2025-07-02T13:03:00+02:00;37205_D;48;4;60;freeFlow;1
2025-07-02T13:03:00+02:00;37205_G;40;5;59;freeFlow;2
2025-07-02T13:03:00+02:00;37206_D;48;10;60;freeFlow;1
2025-07-02T13:03:00+02:00;37206_G;44;11;57;freeFlow;1
2025-07-02T13:03:00+02:00;37207;39;2;60;freeFlow;1
2025-07-02T13:03:00+02:00;37208;44;3;57;freeFlow;1
2025-07-02T13:03:00+02:00;37209;49;2;60;freeFlow;1
2025-07-02T13:03:00+02:00;37210_D;49;1;60;freeFlow;1
2025-07-02T13:03:00+02:00;37210_G;44;1;57;freeFlow;1
2025-07-02T13:03:00+02:00;37211_D;49;54;60;freeFlow;1
2025-07-02T13:03:00+02:00;37211_G;47;57;57;freeFlow;1
2025-07-02T13:03:00+02:00;37239;36;5;75;freeFlow;2
2025-07-02T13:03:00+02:00;37240;21;8;75;heavy;2
2025-07-02T13:03:00+02:00;37241;28;6;75;freeFlow;2
2025-07-02T13:03:00+02:00;37242;26;8;100;freeFlow;5
2025-07-02T13:03:00+02:00;37243_D;20;4;60;heavy;1
2025-07-02T13:03:00+02:00;37243_G;46;3;60;freeFlow;1
2025-07-02T13:03:00+02:00;37244_D;6;10;25;congested;1
2025-07-02T13:03:00+02:00;37244_G;30;2;0;unknown;0
2025-07-02T13:03:00+02:00;37246_D;20;4;60;heavy;1
2025-07-02T13:03:00+02:00;37246_G;24;4;100;freeFlow;4
2025-07-02T13:03:00+02:00;37422_D;50;19;0;unknown;0
2025-07-02T13:03:00+02:00;37422_G;50;19;0;unknown;0
2025-07-02T13:03:00+02:00;37467_D;42;9;60;freeFlow;1
2025-07-02T13:03:00+02:00;37467_G;27;14;60;heavy;1
2025-07-02T13:03:00+02:00;37508_D;47;23;60;freeFlow;1
2025-07-02T13:03:00+02:00;37508_G;20;53;65;heavy;2
2025-07-02T13:03:00+02:00;37509_D;35;2;60;heavy;1
2025-07-02T13:03:00+02:00;37509_G;60;1;50;freeFlow;1
2025-07-02T13:03:00+02:00;37564_D;52;29;70;freeFlow;2
2025-07-02T13:03:00+02:00;37564_G;70;22;0;unknown;0
2025-07-02T13:03:00+02:00;37565_D;61;13;55;freeFlow;1
2025-07-02T13:03:00+02:00;37565_G;66;12;40;freeFlow;1
2025-07-02T13:03:00+02:00;37586_D;40;2;60;freeFlow;1
2025-07-02T13:03:00+02:00;37586_G;14;5;52;congested;1
2025-07-02T13:03:00+02:00;37588_D;70;8;0;unknown;0
2025-07-02T13:03:00+02:00;37588_G;49;11;73;freeFlow;2
2025-07-02T13:03:00+02:00;37620_D;66;1;40;freeFlow;1
2025-07-02T13:03:00+02:00;37620_G;23;3;52;heavy;1
2025-07-02T13:03:00+02:00;37621;10;17;68;congested;2
2025-07-02T13:03:00+02:00;37622;40;5;60;freeFlow;1
2025-07-02T13:03:00+02:00;37625_D;66;14;40;freeFlow;1
2025-07-02T13:03:00+02:00;37625_G;24;39;70;heavy;2
2025-07-02T13:03:00+02:00;37665_D;31;3;60;heavy;1
2025-07-02T13:03:00+02:00;37665_G;42;2;60;freeFlow;1
2025-07-02T13:03:00+02:00;37667;102;12;55;freeFlow;1
2025-07-02T13:03:00+02:00;37668;70;6;0;unknown;0
2025-07-02T13:03:00+02:00;37673;102;4;55;freeFlow;1
2025-07-02T13:03:00+02:00;37686_D;26;24;45;freeFlow;1
2025-07-02T13:03:00+02:00;37686_G;30;21;0;unknown;0
2025-07-02T13:03:00+02:00;37702_D;31;9;60;heavy;1
2025-07-02T13:03:00+02:00;37702_G;38;7;60;freeFlow;1
2025-07-02T13:03:00+02:00;37706_D;33;2;60;heavy;1
2025-07-02T13:03:00+02:00;37706_G;31;2;60;heavy;1
2025-07-02T13:03:00+02:00;37707_D;31;2;60;heavy;1
2025-07-02T13:03:00+02:00;37707_G;38;2;60;freeFlow;1
2025-07-02T13:03:00+02:00;37708_D;35;26;22;freeFlow;1
2025-07-02T13:03:00+02:00;37708_G;43;22;35;freeFlow;1
2025-07-02T13:03:00+02:00;37712_D;35;6;51;freeFlow;2
2025-07-02T13:03:00+02:00;37712_G;43;5;35;freeFlow;1
2025-07-02T13:03:00+02:00;37724;64;2;70;freeFlow;2
2025-07-02T13:03:00+02:00;37725;25;3;60;heavy;1
2025-07-02T13:03:00+02:00;37726;35;3;60;heavy;1
2025-07-02T13:03:00+02:00;37727;26;4;35;heavy;1
2025-07-02T13:03:00+02:00;37728;6;18;32;congested;1
2025-07-02T13:03:00+02:00;37729;57;99;55;heavy;2
2025-07-02T13:03:00+02:00;37730;30;5;52;heavy;1
2025-07-02T13:03:00+02:00;37732;106;34;20;freeFlow;1
2025-07-02T13:03:00+02:00;37737;99;41;100;freeFlow;5
2025-07-02T13:03:00+02:00;37738;102;1;55;freeFlow;1
2025-07-02T13:03:00+02:00;37739;102;1;55;freeFlow;1
2025-07-02T13:03:00+02:00;37740;102;2;55;freeFlow;1
2025-07-02T13:03:00+02:00;37741;102;0;55;freeFlow;1
2025-07-02T13:03:00+02:00;37742;16;9;35;congested;1
2025-07-02T13:03:00+02:00;37743;40;3;35;heavy;1
2025-07-02T13:03:00+02:00;37744;102;2;55;freeFlow;1
2025-07-02T13:03:00+02:00;37745;102;1;55;freeFlow;1
2025-07-02T13:03:00+02:00;37749;98;39;100;freeFlow;9
2025-07-02T13:03:00+02:00;37750;101;26;100;freeFlow;5
2025-07-02T13:03:00+02:00;37751;96;10;55;freeFlow;1
2025-07-02T13:03:00+02:00;37752;76;8;35;freeFlow;1
2025-07-02T13:03:00+02:00;37753;86;30;100;freeFlow;8
2025-07-02T13:03:00+02:00;37784;50;2;0;unknown;0
2025-07-02T13:03:00+02:00;37785;37;2;60;freeFlow;1
2025-07-02T13:03:00+02:00;37786;20;5;73;heavy;2
2025-07-02T13:03:00+02:00;37787_D;70;21;0;unknown;0
2025-07-02T13:03:00+02:00;37787_G;72;21;20;freeFlow;1
2025-07-02T13:03:00+02:00;37818;92;50;100;freeFlow;5
2025-07-02T13:03:00+02:00;37819;97;57;100;freeFlow;4
2025-07-02T13:03:00+02:00;37822;87;10;75;freeFlow;2
2025-07-02T13:03:00+02:00;37826;50;1;0;unknown;0
2025-07-02T13:03:00+02:00;37827;60;0;52;freeFlow;1
2025-07-02T13:03:00+02:00;37941;80;61;83;freeFlow;8
2025-07-02T13:03:00+02:00;37947;89;8;100;freeFlow;5
2025-07-02T13:03:00+02:00;37948;98;70;99;freeFlow;10
2025-07-02T13:03:00+02:00;37949;88;79;100;freeFlow;6
2025-07-02T13:03:00+02:00;37950;95;8;100;freeFlow;8
2025-07-02T13:03:00+02:00;37970;93;15;100;freeFlow;9
2025-07-02T13:03:00+02:00;38;93;15;57;freeFlow;1
2025-07-02T13:03:00+02:00;38067;94;12;100;freeFlow;8
2025-07-02T13:03:00+02:00;38068;47;5;38;heavy;2
2025-07-02T13:03:00+02:00;38069;36;9;22;heavy;1
2025-07-02T13:03:00+02:00;38070;86;10;100;freeFlow;5
2025-07-02T13:03:00+02:00;38310;17;4;57;heavy;1
2025-07-02T13:03:00+02:00;38311;27;3;58;heavy;1
2025-07-02T13:03:00+02:00;38317;95;2;100;freeFlow;4
2025-07-02T13:03:00+02:00;38318;84;31;100;freeFlow;6
2025-07-02T13:03:00+02:00;38319;91;23;100;freeFlow;8
2025-07-02T13:03:00+02:00;38322;43;4;22;heavy;1
2025-07-02T13:03:00+02:00;38378_D;70;10;0;unknown;0
2025-07-02T13:03:00+02:00;38378_G;72;10;20;freeFlow;1
2025-07-02T13:03:00+02:00;38389_D;70;16;0;unknown;0
2025-07-02T13:03:00+02:00;38389_G;72;15;20;freeFlow;1
2025-07-02T13:03:00+02:00;39061;55;4;30;freeFlow;1
2025-07-02T13:03:00+02:00;39062;55;2;30;freeFlow;1
2025-07-02T13:03:00+02:00;39063;46;9;70;heavy;3
2025-07-02T13:03:00+02:00;39473;102;20;55;freeFlow;1
2025-07-02T13:03:00+02:00;39618;93;3;100;freeFlow;7
2025-07-02T13:03:00+02:00;39619;83;3;100;freeFlow;8
2025-07-02T13:03:00+02:00;39720_D;38;32;60;freeFlow;1
2025-07-02T13:03:00+02:00;39720_G;46;27;60;freeFlow;1
2025-07-02T13:03:00+02:00;39902_D;70;1;0;unknown;0
2025-07-02T13:03:00+02:00;39902_G;72;1;20;freeFlow;1
2025-07-02T13:03:00+02:00;39904_D;70;1;0;unknown;0
2025-07-02T13:03:00+02:00;39904_G;72;1;20;freeFlow;1
2025-07-02T13:03:00+02:00;39906_D;70;7;0;unknown;0
2025-07-02T13:03:00+02:00;39906_G;72;7;20;freeFlow;1
2025-07-02T13:03:00+02:00;40185_D;51;3;57;freeFlow;1
2025-07-02T13:03:00+02:00;40185_G;33;1;60;heavy;1
2025-07-02T13:03:00+02:00;40201;17;1;60;heavy;1
2025-07-02T13:03:00+02:00;40202;17;5;75;heavy;2
2025-07-02T13:03:00+02:00;40203;106;1;35;freeFlow;2
2025-07-02T13:03:00+02:00;40212_D;99;1;17;freeFlow;1
2025-07-02T13:03:00+02:00;40212_G;97;1;48;freeFlow;1
2025-07-02T13:03:00+02:00;40213_D;69;1;60;freeFlow;1
2025-07-02T13:03:00+02:00;40213_G;69;1;50;freeFlow;1
2025-07-02T13:03:00+02:00;41631_D;30;7;0;unknown;0
2025-07-02T13:03:00+02:00;41631_G;30;7;0;unknown;0
2025-07-02T13:03:00+02:00;41632_D;30;5;0;unknown;0
2025-07-02T13:03:00+02:00;41632_G;34;4;60;freeFlow;1
2025-07-02T13:03:00+02:00;41652_D;12;19;25;congested;1
2025-07-02T13:03:00+02:00;41683_D;70;15;0;unknown;0
2025-07-02T13:03:00+02:00;41683_G;20;52;100;congested;3
2025-07-02T13:03:00+02:00;41709_D;30;15;0;unknown;0
2025-07-02T13:03:00+02:00;41709_G;40;12;20;freeFlow;1
2025-07-02T13:03:00+02:00;41712_D;30;7;0;unknown;0
2025-07-02T13:03:00+02:00;41712_G;40;5;20;freeFlow;1
2025-07-02T13:03:00+02:00;41713_D;30;4;0;unknown;0
2025-07-02T13:03:00+02:00;41713_G;16;7;30;heavy;1
2025-07-02T13:03:00+02:00;41729;31;3;60;heavy;1
2025-07-02T13:03:00+02:00;41730;50;1;0;unknown;0
2025-07-02T13:03:00+02:00;41731;50;1;0;unknown;0
2025-07-02T13:03:00+02:00;41753_D;30;6;0;unknown;0
2025-07-02T13:03:00+02:00;41753_G;19;10;30;heavy;1
2025-07-02T13:03:00+02:00;41764_D;30;2;0;unknown;0
2025-07-02T13:03:00+02:00;41764_G;34;1;60;freeFlow;1
2025-07-02T13:03:00+02:00;41781;28;2;75;heavy;2
2025-07-02T13:03:00+02:00;41782;23;4;75;heavy;2
2025-07-02T13:03:00+02:00;41783;35;2;100;heavy;3
2025-07-02T13:03:00+02:00;41784;26;3;100;heavy;3
2025-07-02T13:03:00+02:00;41809_D;30;8;0;unknown;0
2025-07-02T13:03:00+02:00;41809_G;15;16;30;heavy;1
2025-07-02T13:03:00+02:00;41810_D;30;2;0;unknown;0
2025-07-02T13:03:00+02:00;41810_G;4;13;30;congested;1
2025-07-02T13:03:00+02:00;41811_D;30;8;0;unknown;0
2025-07-02T13:03:00+02:00;41811_G;28;9;30;freeFlow;1
2025-07-02T13:03:00+02:00;41812_D;30;6;0;unknown;0
2025-07-02T13:03:00+02:00;41812_G;13;15;30;heavy;1
2025-07-02T13:03:00+02:00;41813_D;30;5;0;unknown;0
2025-07-02T13:03:00+02:00;41813_G;30;5;0;unknown;0
2025-07-02T13:03:00+02:00;41814_D;30;7;0;unknown;0
2025-07-02T13:03:00+02:00;41814_G;20;11;27;heavy;1
2025-07-02T13:03:00+02:00;41815_D;30;6;0;unknown;0
2025-07-02T13:03:00+02:00;41815_G;30;7;0;unknown;0
2025-07-02T13:03:00+02:00;41817_D;30;6;0;unknown;0
2025-07-02T13:03:00+02:00;41817_G;30;6;0;unknown;0
2025-07-02T13:03:00+02:00;41818_D;30;3;0;unknown;0
2025-07-02T13:03:00+02:00;41818_G;30;2;0;unknown;0
2025-07-02T13:03:00+02:00;42028;23;21;87;heavy;3
2025-07-02T13:03:00+02:00;42029;43;35;100;freeFlow;3
2025-07-02T13:03:00+02:00;42030;30;50;93;heavy;3
2025-07-02T13:03:00+02:00;42031;42;36;100;freeFlow;3
2025-07-02T13:03:00+02:00;42047;45;7;25;heavy;2
2025-07-02T13:03:00+02:00;42049;50;2;0;unknown;0
2025-07-02T13:03:00+02:00;42050;73;1;62;freeFlow;2
2025-07-02T13:03:00+02:00;42051;99;5;60;freeFlow;1
2025-07-02T13:03:00+02:00;42125_D;35;32;38;freeFlow;1
2025-07-02T13:03:00+02:00;42125_G;47;24;57;freeFlow;1
2025-07-02T13:03:00+02:00;42134;67;35;60;freeFlow;1
2025-07-02T13:03:00+02:00;42135;75;36;100;freeFlow;5
2025-07-02T13:03:00+02:00;42206_D;7;141;57;congested;1
2025-07-02T13:03:00+02:00;42238_D;35;10;60;freeFlow;1
2025-07-02T13:03:00+02:00;42257;45;11;25;heavy;2
2025-07-02T13:03:00+02:00;42273_D;30;6;0;unknown;0
2025-07-02T13:03:00+02:00;42273_G;40;5;20;freeFlow;1
2025-07-02T13:03:00+02:00;42293_D;30;2;0;unknown;0
2025-07-02T13:03:00+02:00;42293_G;30;2;0;unknown;0
2025-07-02T13:03:00+02:00;42307_D;57;13;25;freeFlow;2
2025-07-02T13:03:00+02:00;42307_G;36;21;50;freeFlow;1
2025-07-02T13:03:00+02:00;42359;14;50;96;congested;3
2025-07-02T13:03:00+02:00;42375;23;2;10;heavy;1
2025-07-02T13:03:00+02:00;42378_D;30;1;0;unknown;0
2025-07-02T13:03:00+02:00;42378_G;12;4;30;heavy;1
2025-07-02T13:03:00+02:00;42379;70;38;74;freeFlow;2
2025-07-02T13:03:00+02:00;42383;29;2;60;heavy;1
2025-07-02T13:03:00+02:00;42384;50;1;0;unknown;0
2025-07-02T13:03:00+02:00;42385;34;2;100;heavy;3
2025-07-02T13:03:00+02:00;42386;24;2;100;heavy;3
2025-07-02T13:03:00+02:00;42387;34;6;60;heavy;1
2025-07-02T13:03:00+02:00;42388;30;4;84;heavy;5
2025-07-02T13:03:00+02:00;42389;24;7;75;heavy;2
2025-07-02T13:03:00+02:00;42390;26;4;75;heavy;2
2025-07-02T13:03:00+02:00;42391;29;4;57;heavy;1
2025-07-02T13:03:00+02:00;42392;34;3;60;heavy;1
2025-07-02T13:03:00+02:00;42399;49;6;72;heavy;2
2025-07-02T13:03:00+02:00;42401_D;66;19;27;freeFlow;2
2025-07-02T13:03:00+02:00;42401_G;40;32;48;freeFlow;1
2025-07-02T13:03:00+02:00;42572;33;1;60;heavy;1
2025-07-02T13:03:00+02:00;42573;33;1;100;heavy;3
2025-07-02T13:03:00+02:00;42580;74;2;60;freeFlow;1
2025-07-02T13:03:00+02:00;42595_D;30;6;0;unknown;0
2025-07-02T13:03:00+02:00;42595_G;29;6;100;freeFlow;3
2025-07-02T13:03:00+02:00;42603;13;41;60;congested;1
2025-07-02T13:03:00+02:00;42663_D;50;5;0;unknown;0
2025-07-02T13:03:00+02:00;42663_G;66;4;100;freeFlow;3
2025-07-02T13:03:00+02:00;42681_D;70;13;0;unknown;0
2025-07-02T13:03:00+02:00;42681_G;62;15;100;freeFlow;3
2025-07-02T13:03:00+02:00;42684_D;22;3;30;freeFlow;1
2025-07-02T13:03:00+02:00;42684_G;30;2;0;unknown;0
2025-07-02T13:03:00+02:00;42685;57;47;100;heavy;4
2025-07-02T13:03:00+02:00;42709_D;50;19;0;unknown;0
2025-07-02T13:03:00+02:00;42709_G;75;12;17;freeFlow;1
2025-07-02T13:03:00+02:00;42777_D;50;3;0;unknown;0
2025-07-02T13:03:00+02:00;42777_G;30;5;50;heavy;1
2025-07-02T13:03:00+02:00;42778_D;50;1;0;unknown;0
2025-07-02T13:03:00+02:00;42778_G;30;2;50;heavy;1
2025-07-02T13:03:00+02:00;42779;50;2;0;unknown;0
2025-07-02T13:03:00+02:00;42780_D;50;8;0;unknown;0
2025-07-02T13:03:00+02:00;42780_G;30;14;50;heavy;1
2025-07-02T13:03:00+02:00;42938_D;40;7;0;unknown;0
2025-07-02T13:03:00+02:00;42938_G;35;9;60;heavy;1
2025-07-02T13:03:00+02:00;42939_D;23;10;0;unknown;0
2025-07-02T13:03:00+02:00;42939_G;50;4;0;unknown;0
2025-07-02T13:03:00+02:00;42940_D;50;9;0;unknown;0
2025-07-02T13:03:00+02:00;42940_G;10;45;59;congested;1
2025-07-02T13:03:00+02:00;42941_D;50;3;0;unknown;0
2025-07-02T13:03:00+02:00;42941_G;14;10;59;congested;1
2025-07-02T13:03:00+02:00;42947_D;50;9;0;unknown;0
2025-07-02T13:03:00+02:00;42947_G;17;25;60;heavy;1
2025-07-02T13:03:00+02:00;42948_D;42;6;60;freeFlow;1
2025-07-02T13:03:00+02:00;42948_G;17;14;60;heavy;1
2025-07-02T13:03:00+02:00;42949_D;50;5;0;unknown;0
2025-07-02T13:03:00+02:00;42949_G;24;11;60;heavy;1
2025-07-02T13:03:00+02:00;42978_D;50;11;0;unknown;0
2025-07-02T13:03:00+02:00;42978_G;30;19;17;heavy;1
2025-07-02T13:03:00+02:00;42979_D;50;3;0;unknown;0
2025-07-02T13:03:00+02:00;42979_G;50;3;0;unknown;0
2025-07-02T13:03:00+02:00;42983_D;33;12;0;unknown;0
2025-07-02T13:03:00+02:00;42983_G;29;13;60;heavy;1
2025-07-02T13:03:00+02:00;42999_D;25;23;50;heavy;1
2025-07-02T13:03:00+02:00;42999_G;33;18;60;heavy;1
2025-07-02T13:03:00+02:00;43000_D;27;9;52;heavy;1
2025-07-02T13:03:00+02:00;43000_G;29;8;60;heavy;1
2025-07-02T13:03:00+02:00;43001_D;30;6;52;heavy;1
2025-07-02T13:03:00+02:00;43001_G;50;4;0;unknown;0
2025-07-02T13:03:00+02:00;43003_D;30;5;52;heavy;1
2025-07-02T13:03:00+02:00;43003_G;29;5;60;heavy;1
2025-07-02T13:03:00+02:00;43027_D;50;5;0;unknown;0
2025-07-02T13:03:00+02:00;43027_G;50;5;0;unknown;0
2025-07-02T13:03:00+02:00;43029_D;50;8;0;unknown;0
2025-07-02T13:03:00+02:00;43029_G;37;11;60;freeFlow;1
2025-07-02T13:03:00+02:00;43046_D;33;9;45;heavy;1
2025-07-02T13:03:00+02:00;43046_G;50;6;0;unknown;0
2025-07-02T13:03:00+02:00;43047_D;18;10;45;heavy;1
2025-07-02T13:03:00+02:00;43047_G;50;3;0;unknown;0
2025-07-02T13:03:00+02:00;43048_D;50;5;0;unknown;0
2025-07-02T13:03:00+02:00;43048_G;22;12;25;heavy;1
2025-07-02T13:03:00+02:00;43049_D;30;4;0;unknown;0
2025-07-02T13:03:00+02:00;43049_G;30;4;17;freeFlow;1
2025-07-02T13:03:00+02:00;43050_D;50;3;0;unknown;0
2025-07-02T13:03:00+02:00;43050_G;50;3;0;unknown;0
2025-07-02T13:03:00+02:00;43099;21;4;57;heavy;1
2025-07-02T13:03:00+02:00;43352_G;37;13;10;freeFlow;1
2025-07-02T13:03:00+02:00;43451_D;5;99;60;congested;1
2025-07-02T13:03:00+02:00;43481;21;34;75;heavy;2
2025-07-02T13:03:00+02:00;43627;32;20;60;heavy;1
2025-07-02T13:03:00+02:00;43658_D;14;13;93;congested;3
2025-07-02T13:03:00+02:00;43658_G;34;5;92;heavy;3
2025-07-02T13:03:00+02:00;43718_D;50;3;0;unknown;0
2025-07-02T13:03:00+02:00;43718_G;50;3;0;unknown;0
2025-07-02T13:03:00+02:00;43719_D;50;9;0;unknown;0
2025-07-02T13:03:00+02:00;43719_G;50;9;0;unknown;0
2025-07-02T13:03:00+02:00;43720_D;50;4;0;unknown;0
2025-07-02T13:03:00+02:00;43720_G;50;4;0;unknown;0
2025-07-02T13:03:00+02:00;43724_D;50;8;0;unknown;0
2025-07-02T13:03:00+02:00;43724_G;24;17;17;heavy;1
2025-07-02T13:03:00+02:00;43733_D;30;7;52;heavy;1
2025-07-02T13:03:00+02:00;43733_G;50;4;0;unknown;0
2025-07-02T13:03:00+02:00;43736_D;50;4;0;unknown;0
2025-07-02T13:03:00+02:00;43736_G;50;4;0;unknown;0
2025-07-02T13:03:00+02:00;43739_D;35;9;50;freeFlow;1
2025-07-02T13:03:00+02:00;43739_G;50;7;0;unknown;0
2025-07-02T13:03:00+02:00;43740_D;35;8;50;freeFlow;1
2025-07-02T13:03:00+02:00;43740_G;50;6;0;unknown;0
2025-07-02T13:03:00+02:00;43741_D;35;1;50;freeFlow;1
2025-07-02T13:03:00+02:00;43741_G;50;0;0;unknown;0
2025-07-02T13:03:00+02:00;43742_D;27;12;48;heavy;1
2025-07-02T13:03:00+02:00;43742_G;50;7;0;unknown;0
2025-07-02T13:03:00+02:00;43743_G;50;25;0;unknown;0
2025-07-02T13:03:00+02:00;43744_D;35;7;45;heavy;1
2025-07-02T13:03:00+02:00;43744_G;50;5;0;unknown;0
2025-07-02T13:03:00+02:00;43748;26;8;52;freeFlow;2
2025-07-02T13:03:00+02:00;43757;41;3;45;freeFlow;1
2025-07-02T13:03:00+02:00;43758;38;8;48;freeFlow;1
2025-07-02T13:03:00+02:00;43786_D;50;12;0;unknown;0
2025-07-02T13:03:00+02:00;43786_G;21;29;57;heavy;1
2025-07-02T13:03:00+02:00;43787_D;50;3;0;unknown;0
2025-07-02T13:03:00+02:00;43787_G;12;11;57;congested;1
2025-07-02T13:03:00+02:00;43788_D;59;2;55;freeFlow;1
2025-07-02T13:03:00+02:00;43788_G;12;7;55;congested;1
2025-07-02T13:03:00+02:00;43789_D;50;5;0;unknown;0
2025-07-02T13:03:00+02:00;43789_G;59;5;55;freeFlow;1
2025-07-02T13:03:00+02:00;43790_D;50;5;0;unknown;0
2025-07-02T13:03:00+02:00;43790_G;50;5;0;unknown;0
2025-07-02T13:03:00+02:00;43791_D;50;3;0;unknown;0
2025-07-02T13:03:00+02:00;43791_G;50;3;0;unknown;0
2025-07-02T13:03:00+02:00;43792_D;50;7;0;unknown;0
2025-07-02T13:03:00+02:00;43792_G;50;6;0;unknown;0
2025-07-02T13:03:00+02:00;43814_D;47;15;25;freeFlow;1
2025-07-02T13:03:00+02:00;43814_G;50;14;0;unknown;0
2025-07-02T13:03:00+02:00;43815_D;48;8;27;freeFlow;1
2025-07-02T13:03:00+02:00;43815_G;50;7;0;unknown;0
2025-07-02T13:03:00+02:00;43817_D;24;28;48;heavy;1
2025-07-02T13:03:00+02:00;43817_G;50;14;0;unknown;0
2025-07-02T13:03:00+02:00;43819;17;26;68;heavy;2
2025-07-02T13:03:00+02:00;43821;41;7;48;freeFlow;1
2025-07-02T13:03:00+02:00;43828_D;50;11;0;unknown;0
2025-07-02T13:03:00+02:00;43828_G;12;46;55;congested;1
2025-07-02T13:03:00+02:00;43835_D;47;7;27;freeFlow;1
2025-07-02T13:03:00+02:00;43835_G;50;7;0;unknown;0
2025-07-02T13:03:00+02:00;43836;38;13;27;freeFlow;1
2025-07-02T13:03:00+02:00;43871_D;43;5;60;freeFlow;1
2025-07-02T13:03:00+02:00;43871_G;20;10;60;heavy;1
2025-07-02T13:03:00+02:00;43872_D;45;4;60;freeFlow;1
2025-07-02T13:03:00+02:00;43872_G;20;10;60;heavy;1
2025-07-02T13:03:00+02:00;43873_D;44;6;60;freeFlow;1
2025-07-02T13:03:00+02:00;43873_G;20;13;60;heavy;1
2025-07-02T13:03:00+02:00;43925_D;42;6;60;freeFlow;1
2025-07-02T13:03:00+02:00;43925_G;26;10;60;heavy;1
2025-07-02T13:03:00+02:00;43937_D;38;8;60;freeFlow;1
2025-07-02T13:03:00+02:00;43937_G;10;31;60;congested;1
2025-07-02T13:03:00+02:00;43938_D;49;20;12;freeFlow;1
2025-07-02T13:03:00+02:00;43938_G;31;31;42;heavy;1
2025-07-02T13:03:00+02:00;43972;38;9;60;freeFlow;1
2025-07-02T13:03:00+02:00;43974;17;29;75;heavy;2
2025-07-02T13:03:00+02:00;43975;26;8;60;heavy;1
2025-07-02T13:03:00+02:00;44002_D;42;10;75;freeFlow;2
2025-07-02T13:03:00+02:00;44002_G;21;21;40;heavy;1
2025-07-02T13:03:00+02:00;44003_D;49;8;60;freeFlow;1
2025-07-02T13:03:00+02:00;44012;18;38;90;heavy;3
2025-07-02T13:03:00+02:00;44017_D;45;3;60;freeFlow;1
2025-07-02T13:03:00+02:00;44018_D;42;14;60;freeFlow;1
2025-07-02T13:03:00+02:00;44028;33;8;60;heavy;1
2025-07-02T13:03:00+02:00;44036_D;33;3;60;heavy;1
2025-07-02T13:03:00+02:00;44036_G;36;3;40;freeFlow;1
2025-07-02T13:03:00+02:00;44066;10;20;60;congested;1
2025-07-02T13:03:00+02:00;44067;15;48;75;heavy;2
2025-07-02T13:03:00+02:00;44069;16;13;75;heavy;2
2025-07-02T13:03:00+02:00;44084_D;50;5;0;unknown;0
2025-07-02T13:03:00+02:00;44084_G;50;5;0;unknown;0
2025-07-02T13:03:00+02:00;44089_D;50;6;0;unknown;0
2025-07-02T13:03:00+02:00;44089_G;50;6;0;unknown;0
2025-07-02T13:03:00+02:00;44090_D;50;5;0;unknown;0
2025-07-02T13:03:00+02:00;44090_G;50;5;0;unknown;0
2025-07-02T13:03:00+02:00;44131;17;36;53;heavy;2
2025-07-02T13:03:00+02:00;44134;50;9;0;unknown;0
2025-07-02T13:03:00+02:00;44165_D;8;28;10;congested;1
2025-07-02T13:03:00+02:00;44165_G;50;5;0;unknown;0
2025-07-02T13:03:00+02:00;44198_D;15;48;55;congested;1
2025-07-02T13:03:00+02:00;44198_G;28;26;74;heavy;2
2025-07-02T13:03:00+02:00;44199_D;20;12;60;heavy;1
2025-07-02T13:03:00+02:00;44199_G;27;9;60;heavy;1
2025-07-02T13:03:00+02:00;44231_D;36;7;57;freeFlow;1
2025-07-02T13:03:00+02:00;44231_G;50;5;0;unknown;0
2025-07-02T13:03:00+02:00;44232_D;32;7;17;heavy;1
2025-07-02T13:03:00+02:00;44232_G;24;9;60;heavy;1
2025-07-02T13:03:00+02:00;44234_D;14;25;60;congested;1
2025-07-02T13:03:00+02:00;44234_G;31;11;60;heavy;1
2025-07-02T13:03:00+02:00;44259_D;24;5;25;heavy;1
2025-07-02T13:03:00+02:00;44259_G;50;2;0;unknown;0
2025-07-02T13:03:00+02:00;44260;59;7;55;freeFlow;1
2025-07-02T13:03:00+02:00;44261_D;30;15;27;heavy;1
2025-07-02T13:03:00+02:00;44261_G;12;37;0;unknown;0
2025-07-02T13:03:00+02:00;44293;50;5;0;unknown;0
2025-07-02T13:03:00+02:00;44303_D;50;2;0;unknown;0
2025-07-02T13:03:00+02:00;44303_G;50;2;0;unknown;0
2025-07-02T13:03:00+02:00;44304_D;59;8;55;freeFlow;1
2025-07-02T13:03:00+02:00;44304_G;50;9;0;unknown;0
2025-07-02T13:03:00+02:00;44322_D;17;133;58;heavy;1
2025-07-02T13:03:00+02:00;44322_G;50;44;0;unknown;0
2025-07-02T13:03:00+02:00;44328;50;10;0;unknown;0
2025-07-02T13:03:00+02:00;44583_D;29;13;75;heavy;2
2025-07-02T13:03:00+02:00;44583_G;50;7;0;unknown;0
2025-07-02T13:03:00+02:00;44584_D;50;10;0;unknown;0
2025-07-02T13:03:00+02:00;44584_G;50;10;0;unknown;0
2025-07-02T13:03:00+02:00;44632_D;48;21;0;unknown;0
2025-07-02T13:03:00+02:00;44632_G;50;20;0;unknown;0
2025-07-02T13:03:00+02:00;44694_D;25;24;75;heavy;2
2025-07-02T13:03:00+02:00;44694_G;18;33;60;heavy;1
2025-07-02T13:03:00+02:00;44695_D;30;3;75;heavy;2
2025-07-02T13:03:00+02:00;44695_G;27;4;60;heavy;1
2025-07-02T13:03:00+02:00;44711_D;38;16;75;freeFlow;2
2025-07-02T13:03:00+02:00;44711_G;33;19;60;heavy;1
2025-07-02T13:03:00+02:00;44712_D;9;25;75;congested;2
2025-07-02T13:03:00+02:00;44712_G;16;15;63;heavy;2
2025-07-02T13:03:00+02:00;44714_D;45;1;75;freeFlow;2
2025-07-02T13:03:00+02:00;44714_G;36;1;60;freeFlow;1
2025-07-02T13:03:00+02:00;44736_D;50;2;0;unknown;0
2025-07-02T13:03:00+02:00;44736_G;50;2;0;unknown;0
2025-07-02T13:03:00+02:00;44868;93;4;60;freeFlow;1
2025-07-02T13:03:00+02:00;44873;50;3;0;unknown;0
2025-07-02T13:03:00+02:00;44874;74;5;75;freeFlow;2
2025-07-02T13:03:00+02:00;44875;78;5;60;freeFlow;1
2025-07-02T13:03:00+02:00;44877;70;6;60;freeFlow;1
2025-07-02T13:03:00+02:00;44878;94;10;25;freeFlow;1
2025-07-02T13:03:00+02:00;44880;95;16;100;freeFlow;4
2025-07-02T13:03:00+02:00;44882;96;10;100;freeFlow;3
2025-07-02T13:03:00+02:00;44884;98;14;100;freeFlow;7
2025-07-02T13:03:00+02:00;44900;83;18;60;freeFlow;1
2025-07-02T13:03:00+02:00;44902_D;61;27;38;freeFlow;1
2025-07-02T13:03:00+02:00;44902_G;50;33;0;unknown;0
2025-07-02T13:03:00+02:00;44905;87;8;60;freeFlow;1
2025-07-02T13:03:00+02:00;44920;78;3;100;freeFlow;7
2025-07-02T13:03:00+02:00;44942;102;11;75;freeFlow;2
2025-07-02T13:03:00+02:00;44948;99;11;100;freeFlow;4
2025-07-02T13:03:00+02:00;44961;89;4;60;freeFlow;1
2025-07-02T13:03:00+02:00;44962;60;4;60;freeFlow;1
2025-07-02T13:03:00+02:00;44963;12;8;75;congested;2
2025-07-02T13:03:00+02:00;44966;79;12;100;freeFlow;6
2025-07-02T13:03:00+02:00;44974;58;2;75;freeFlow;2
2025-07-02T13:03:00+02:00;45012_D;34;2;30;heavy;1
2025-07-02T13:03:00+02:00;45012_G;50;1;0;unknown;0
2025-07-02T13:03:00+02:00;45028_D;41;21;30;freeFlow;1
2025-07-02T13:03:00+02:00;45028_G;50;17;0;unknown;0
2025-07-02T13:03:00+02:00;45029_D;12;29;68;congested;2
2025-07-02T13:03:00+02:00;45029_G;50;7;0;unknown;0
2025-07-02T13:03:00+02:00;45106_D;42;3;30;freeFlow;1
2025-07-02T13:03:00+02:00;45106_G;50;3;0;unknown;0
2025-07-02T13:03:00+02:00;45136_D;44;18;0;unknown;0
2025-07-02T13:03:00+02:00;45149;99;5;75;freeFlow;2
2025-07-02T13:03:00+02:00;45166;99;0;75;freeFlow;2
2025-07-02T13:03:00+02:00;45169;24;4;100;heavy;3
2025-07-02T13:03:00+02:00;45236_G;42;12;60;freeFlow;1
2025-07-02T13:03:00+02:00;45238;52;12;60;freeFlow;1
2025-07-02T13:03:00+02:00;45239;59;8;48;freeFlow;1
2025-07-02T13:03:00+02:00;45240;71;7;48;freeFlow;1
2025-07-02T13:03:00+02:00;45241;86;2;48;freeFlow;1
2025-07-02T13:03:00+02:00;45305;72;4;60;freeFlow;1
2025-07-02T13:03:00+02:00;45306;89;7;10;freeFlow;1
2025-07-02T13:03:00+02:00;45327;86;7;100;freeFlow;11
2025-07-02T13:03:00+02:00;45486_D;35;6;10;heavy;1
2025-07-02T13:03:00+02:00;45487_D;28;9;10;heavy;1
2025-07-02T13:03:00+02:00;45630;81;14;100;freeFlow;10
2025-07-02T13:03:00+02:00;45645_D;32;17;40;heavy;2
2025-07-02T13:03:00+02:00;45651;46;4;75;freeFlow;2
2025-07-02T13:03:00+02:00;45761_D;29;10;22;heavy;1
2025-07-02T13:03:00+02:00;45865_D;50;7;0;unknown;0
2025-07-02T13:03:00+02:00;46053_D;25;15;57;heavy;1
2025-07-02T13:03:00+02:00;46056_D;39;3;60;freeFlow;1
2025-07-02T13:03:00+02:00;46061;12;18;0;unknown;0
2025-07-02T13:03:00+02:00;46567_D;40;2;35;freeFlow;1
2025-07-02T13:03:00+02:00;46642;8;34;51;congested;1
2025-07-02T13:03:00+02:00;46771;87;10;100;freeFlow;9
2025-07-02T13:03:00+02:00;46821_D;46;18;75;freeFlow;2
2025-07-02T13:03:00+02:00;46821_G;20;41;57;heavy;1
2025-07-02T13:03:00+02:00;46923_D;47;1;75;freeFlow;2
2025-07-02T13:03:00+02:00;46923_G;19;1;10;heavy;1
2025-07-02T13:03:00+02:00;46976;50;4;0;unknown;0
2025-07-02T13:03:00+02:00;47029;13;29;68;congested;2
2025-07-02T13:03:00+02:00;47061;91;20;100;freeFlow;9
2025-07-02T13:03:00+02:00;47239;92;6;100;freeFlow;9
2025-07-02T13:03:00+02:00;47410;99;13;100;freeFlow;4
2025-07-02T13:03:00+02:00;47411;88;15;100;freeFlow;9
2025-07-02T13:03:00+02:00;47412;70;0;0;unknown;0
2025-07-02T13:03:00+02:00;47413;54;8;32;freeFlow;1
2025-07-02T13:03:00+02:00;47414;68;1;0;unknown;0
2025-07-02T13:03:00+02:00;47416;94;13;100;freeFlow;4
2025-07-02T13:03:00+02:00;47418;84;18;100;freeFlow;9
2025-07-02T13:03:00+02:00;47420;70;13;0;unknown;0
2025-07-02T13:03:00+02:00;47476;54;11;32;freeFlow;1
2025-07-02T13:03:00+02:00;47477;69;3;0;unknown;0
2025-07-02T13:03:00+02:00;47479;70;14;0;unknown;0
2025-07-02T13:03:00+02:00;47480;101;45;100;freeFlow;3
2025-07-02T13:03:00+02:00;47481;84;54;100;freeFlow;9
2025-07-02T13:03:00+02:00;47537_D;50;6;0;unknown;0
2025-07-02T13:03:00+02:00;47537_G;12;26;55;congested;1
2025-07-02T13:03:00+02:00;47742_D;39;6;60;freeFlow;1
2025-07-02T13:03:00+02:00;48758;49;2;75;freeFlow;2
2025-07-02T13:03:00+02:00;48759;107;1;60;freeFlow;1
2025-07-02T13:03:00+02:00;48920_D;50;5;0;unknown;0
2025-07-02T13:03:00+02:00;48920_G;33;7;60;heavy;1
2025-07-02T13:03:00+02:00;489866_D;40;4;15;freeFlow;1
2025-07-02T13:03:00+02:00;489970;60;16;60;freeFlow;1
2025-07-02T13:03:00+02:00;489971;70;2;0;unknown;0
2025-07-02T13:03:00+02:00;489972;86;5;100;freeFlow;5
2025-07-02T13:03:00+02:00;490059_D;66;14;40;freeFlow;1
2025-07-02T13:03:00+02:00;490059_G;44;21;52;heavy;1
2025-07-02T13:03:00+02:00;490080_D;66;1;40;freeFlow;1
2025-07-02T13:03:00+02:00;490080_G;75;1;52;freeFlow;1
2025-07-02T13:03:00+02:00;49026;43;2;100;freeFlow;3
2025-07-02T13:03:00+02:00;49053;18;29;75;heavy;2
2025-07-02T13:03:00+02:00;490823;40;19;30;heavy;1
2025-07-02T13:03:00+02:00;490824;24;15;35;heavy;1
2025-07-02T13:03:00+02:00;490825;48;16;30;heavy;1
2025-07-02T13:03:00+02:00;490827;38;10;32;heavy;1
2025-07-02T13:03:00+02:00;490828_D;36;14;57;freeFlow;1
2025-07-02T13:03:00+02:00;490828_G;43;12;35;freeFlow;1
2025-07-02T13:03:00+02:00;491005_D;36;4;57;freeFlow;1
2025-07-02T13:03:00+02:00;491005_G;50;3;0;unknown;0
2025-07-02T13:03:00+02:00;491126_D;6;66;58;congested;1
2025-07-02T13:03:00+02:00;491126_G;13;36;55;heavy;2
2025-07-02T13:03:00+02:00;491135;35;4;60;heavy;1
2025-07-02T13:03:00+02:00;491141;41;2;67;freeFlow;2
2025-07-02T13:03:00+02:00;491300_D;22;29;30;heavy;1
2025-07-02T13:03:00+02:00;491300_G;50;13;0;unknown;0
2025-07-02T13:03:00+02:00;491308;50;1;0;unknown;0
2025-07-02T13:03:00+02:00;491320_D;59;5;55;freeFlow;1
2025-07-02T13:03:00+02:00;491320_G;50;6;0;unknown;0
2025-07-02T13:03:00+02:00;491326_D;59;9;55;freeFlow;1
2025-07-02T13:03:00+02:00;491326_G;50;11;0;unknown;0
2025-07-02T13:03:00+02:00;491329_D;7;29;27;congested;1
2025-07-02T13:03:00+02:00;491329_G;50;4;0;unknown;0
2025-07-02T13:03:00+02:00;491490;4;57;44;congested;1
2025-07-02T13:03:00+02:00;491714_D;48;5;75;freeFlow;2
2025-07-02T13:03:00+02:00;491714_G;19;13;10;heavy;1
2025-07-02T13:03:00+02:00;491735_D;48;2;75;freeFlow;2
2025-07-02T13:03:00+02:00;491735_G;6;26;57;congested;1
2025-07-02T13:03:00+02:00;491794_D;50;3;0;unknown;0
2025-07-02T13:03:00+02:00;491794_G;50;3;0;unknown;0
2025-07-02T13:03:00+02:00;491872;42;15;60;freeFlow;1
2025-07-02T13:03:00+02:00;491877;39;3;75;freeFlow;2
2025-07-02T13:03:00+02:00;491881;26;2;60;heavy;1
2025-07-02T13:03:00+02:00;491884;34;2;75;heavy;2
2025-07-02T13:03:00+02:00;491888;107;8;60;freeFlow;1
2025-07-02T13:03:00+02:00;491890;42;1;75;freeFlow;2
2025-07-02T13:03:00+02:00;491917;50;2;60;freeFlow;1
2025-07-02T13:03:00+02:00;49225_D;11;30;55;congested;1
2025-07-02T13:03:00+02:00;49225_G;50;6;0;unknown;0
2025-07-02T13:03:00+02:00;492315_D;39;37;25;freeFlow;1
2025-07-02T13:03:00+02:00;492315_G;48;31;100;freeFlow;3
2025-07-02T13:03:00+02:00;492351_D;43;3;12;freeFlow;1
2025-07-02T13:03:00+02:00;492359_G;34;7;25;heavy;1
2025-07-02T13:03:00+02:00;492437;53;4;60;freeFlow;1
2025-07-02T13:03:00+02:00;492442;34;1;75;heavy;2
2025-07-02T13:03:00+02:00;492445_D;35;17;60;heavy;1
2025-07-02T13:03:00+02:00;492478;53;3;75;freeFlow;2
2025-07-02T13:03:00+02:00;492492;15;21;30;congested;1
2025-07-02T13:03:00+02:00;49315_D;50;4;0;unknown;0
2025-07-02T13:03:00+02:00;49315_G;19;10;57;heavy;1
2025-07-02T13:03:00+02:00;49943_D;50;14;0;unknown;0
2025-07-02T13:03:00+02:00;49943_G;50;14;0;unknown;0
2025-07-02T13:03:00+02:00;49947;51;4;48;freeFlow;1
2025-07-02T13:03:00+02:00;49958_D;29;9;75;heavy;2
2025-07-02T13:03:00+02:00;49958_G;12;23;65;congested;2
2025-07-02T13:03:00+02:00;50308_D;40;6;15;freeFlow;1
2025-07-02T13:03:00+02:00;50441;33;7;70;heavy;2
2025-07-02T13:03:00+02:00;50525;33;7;60;heavy;1
2025-07-02T13:03:00+02:00;50571;37;3;60;freeFlow;1
2025-07-02T13:03:00+02:00;50625;38;6;60;freeFlow;1
2025-07-02T13:03:00+02:00;5064_D;71;7;75;freeFlow;2
2025-07-02T13:03:00+02:00;5064_G;75;7;55;freeFlow;1
2025-07-02T13:03:00+02:00;51419;38;20;27;freeFlow;1
2025-07-02T13:03:00+02:00;51474_D;50;1;0;unknown;0
2025-07-02T13:03:00+02:00;51474_G;50;1;0;unknown;0
2025-07-02T13:03:00+02:00;51798;33;2;50;heavy;1
2025-07-02T13:03:00+02:00;52107_D;43;10;75;freeFlow;2
2025-07-02T13:03:00+02:00;52107_G;29;16;57;heavy;1
2025-07-02T13:03:00+02:00;52129;50;6;0;unknown;0
2025-07-02T13:03:00+02:00;52835_D;35;5;75;freeFlow;2
2025-07-02T13:03:00+02:00;53020_D;45;2;60;freeFlow;1
2025-07-02T13:03:00+02:00;53327_D;49;7;60;freeFlow;1
2025-07-02T13:03:00+02:00;53327_G;49;7;57;freeFlow;1
2025-07-02T13:03:00+02:00;53411_G;31;12;10;heavy;1
2025-07-02T13:03:00+02:00;53428;74;64;100;freeFlow;9
2025-07-02T13:03:00+02:00;53539_D;56;4;75;freeFlow;2
2025-07-02T13:03:00+02:00;53566;50;2;0;unknown;0
2025-07-02T13:03:00+02:00;53623;51;2;17;freeFlow;1
2025-07-02T13:03:00+02:00;53624;51;1;17;freeFlow;1
2025-07-02T13:03:00+02:00;53625;50;1;0;unknown;0
2025-07-02T13:03:00+02:00;53634_D;30;2;0;unknown;0
2025-07-02T13:03:00+02:00;53634_G;32;2;55;freeFlow;1
2025-07-02T13:03:00+02:00;53641_D;50;9;0;unknown;0
2025-07-02T13:03:00+02:00;53641_G;50;9;0;unknown;0
2025-07-02T13:03:00+02:00;53652;18;43;60;heavy;1
2025-07-02T13:03:00+02:00;53659;5;38;50;congested;2
2025-07-02T13:03:00+02:00;53702;82;5;100;freeFlow;8
2025-07-02T13:03:00+02:00;53892;46;1;100;freeFlow;3
2025-07-02T13:03:00+02:00;53893;30;20;100;heavy;4
2025-07-02T13:03:00+02:00;53895;36;9;100;freeFlow;4
2025-07-02T13:03:00+02:00;53896;35;11;100;freeFlow;4
2025-07-02T13:03:00+02:00;53898;26;21;100;heavy;4
2025-07-02T13:03:00+02:00;53900;15;39;100;congested;3
2025-07-02T13:03:00+02:00;53901;32;8;100;heavy;4
2025-07-02T13:03:00+02:00;53903;39;5;100;freeFlow;4
2025-07-02T13:03:00+02:00;53904;50;3;60;freeFlow;1
2025-07-02T13:03:00+02:00;53905;44;9;100;freeFlow;4
2025-07-02T13:03:00+02:00;53908;107;1;60;freeFlow;1
2025-07-02T13:03:00+02:00;53910;39;8;60;freeFlow;1
2025-07-02T13:03:00+02:00;53912;46;7;100;freeFlow;5
2025-07-02T13:03:00+02:00;53915;40;14;100;freeFlow;4
2025-07-02T13:03:00+02:00;53918;38;12;100;freeFlow;4
2025-07-02T13:03:00+02:00;53919;41;4;100;freeFlow;4
2025-07-02T13:03:00+02:00;53921;49;11;100;freeFlow;3
2025-07-02T13:03:00+02:00;53922;49;3;100;freeFlow;3
2025-07-02T13:03:00+02:00;53923;46;11;100;freeFlow;3
2025-07-02T13:03:00+02:00;53925_D;65;4;38;freeFlow;1
2025-07-02T13:03:00+02:00;53925_G;70;4;0;unknown;0
2025-07-02T13:03:00+02:00;53936;91;10;63;freeFlow;2
2025-07-02T13:03:00+02:00;53938;107;3;60;freeFlow;1
2025-07-02T13:03:00+02:00;53939;57;25;100;freeFlow;3
2025-07-02T13:03:00+02:00;53941;68;8;100;freeFlow;4
2025-07-02T13:03:00+02:00;53942;56;5;100;freeFlow;4
2025-07-02T13:03:00+02:00;53944;42;1;75;freeFlow;2
2025-07-02T13:03:00+02:00;53945;52;9;75;freeFlow;2
2025-07-02T13:03:00+02:00;53946;42;1;75;freeFlow;2
2025-07-02T13:03:00+02:00;53947;107;0;60;freeFlow;1
2025-07-02T13:03:00+02:00;53948;107;2;60;freeFlow;1
2025-07-02T13:03:00+02:00;53949;107;2;60;freeFlow;1
2025-07-02T13:03:00+02:00;53950;104;36;60;freeFlow;1
2025-07-02T13:03:00+02:00;53952_D;33;4;50;heavy;1
2025-07-02T13:03:00+02:00;53952_G;67;2;75;freeFlow;2
2025-07-02T13:03:00+02:00;53959;96;37;100;freeFlow;3
2025-07-02T13:03:00+02:00;53961;91;63;75;freeFlow;2
2025-07-02T13:03:00+02:00;53987;43;2;100;freeFlow;4
2025-07-02T13:03:00+02:00;53990;31;9;100;heavy;3
2025-07-02T13:03:00+02:00;54067;92;11;100;freeFlow;4
2025-07-02T13:03:00+02:00;54134;49;16;48;freeFlow;1
2025-07-02T13:03:00+02:00;54138;39;26;45;freeFlow;1
2025-07-02T13:03:00+02:00;54140;102;19;60;freeFlow;1
2025-07-02T13:03:00+02:00;54144;71;2;60;freeFlow;1
2025-07-02T13:03:00+02:00;54150;50;18;0;unknown;0
2025-07-02T13:03:00+02:00;54153;22;39;88;heavy;3
2025-07-02T13:03:00+02:00;54154;12;89;99;congested;3
2025-07-02T13:03:00+02:00;54155;50;22;0;unknown;0
2025-07-02T13:03:00+02:00;54161;50;4;0;unknown;0
2025-07-02T13:03:00+02:00;54187_D;37;9;30;freeFlow;1
2025-07-02T13:03:00+02:00;54187_G;30;12;0;unknown;0
2025-07-02T13:03:00+02:00;54189_D;37;11;30;freeFlow;1
2025-07-02T13:03:00+02:00;54189_G;30;14;0;unknown;0
2025-07-02T13:03:00+02:00;54191_D;35;8;27;freeFlow;1
2025-07-02T13:03:00+02:00;54191_G;30;9;0;unknown;0
2025-07-02T13:03:00+02:00;54197;50;15;0;unknown;0
2025-07-02T13:03:00+02:00;54198;50;4;0;unknown;0
2025-07-02T13:03:00+02:00;54206;35;16;75;freeFlow;2
2025-07-02T13:03:00+02:00;54208;44;1;75;freeFlow;2
2025-07-02T13:03:00+02:00;54212;48;34;60;freeFlow;1
2025-07-02T13:03:00+02:00;54223_D;30;2;0;unknown;0
2025-07-02T13:03:00+02:00;54223_G;30;2;17;freeFlow;1
2025-07-02T13:03:00+02:00;54227;90;10;100;freeFlow;9
2025-07-02T13:03:00+02:00;54234;107;0;60;freeFlow;1
2025-07-02T13:03:00+02:00;54239;22;3;60;heavy;1
2025-07-02T13:03:00+02:00;54240;72;5;75;freeFlow;2
2025-07-02T13:03:00+02:00;54241;18;3;100;heavy;3
2025-07-02T13:03:00+02:00;54243;23;24;75;heavy;2
2025-07-02T13:03:00+02:00;54297;14;58;75;congested;2
2025-07-02T13:03:00+02:00;54339;32;30;73;heavy;2
2025-07-02T13:03:00+02:00;54340;24;13;60;heavy;1
2025-07-02T13:03:00+02:00;54358_D;50;14;60;freeFlow;1
2025-07-02T13:03:00+02:00;54358_G;35;20;48;heavy;1
2025-07-02T13:03:00+02:00;54363;19;25;40;heavy;1
2025-07-02T13:03:00+02:00;54365;19;15;40;heavy;1
2025-07-02T13:03:00+02:00;54367;53;8;27;freeFlow;1
2025-07-02T13:03:00+02:00;54368;53;2;27;freeFlow;1
2025-07-02T13:03:00+02:00;54369;39;31;100;freeFlow;7
2025-07-02T13:03:00+02:00;54372;60;1;60;freeFlow;1
2025-07-02T13:03:00+02:00;54375;46;15;60;freeFlow;1
2025-07-02T13:03:00+02:00;54376;15;13;100;heavy;5
2025-07-02T13:03:00+02:00;54378;47;7;60;freeFlow;1
2025-07-02T13:03:00+02:00;54381;42;7;100;freeFlow;4
2025-07-02T13:03:00+02:00;54382;49;4;75;freeFlow;2
2025-07-02T13:03:00+02:00;54383;85;10;75;freeFlow;2
2025-07-02T13:03:00+02:00;54384;106;2;75;freeFlow;2
2025-07-02T13:03:00+02:00;54385;17;16;100;heavy;3
2025-07-02T13:03:00+02:00;54386;49;1;60;freeFlow;1
2025-07-02T13:03:00+02:00;54400;28;19;75;heavy;2
2025-07-02T13:03:00+02:00;54401;29;3;75;heavy;2
2025-07-02T13:03:00+02:00;54406;58;44;55;freeFlow;1
2025-07-02T13:03:00+02:00;54428_D;49;12;10;freeFlow;1
2025-07-02T13:03:00+02:00;54428_G;36;17;25;freeFlow;1
2025-07-02T13:03:00+02:00;54429_D;42;16;25;freeFlow;1
2025-07-02T13:03:00+02:00;54429_G;50;13;0;unknown;0
2025-07-02T13:03:00+02:00;54438_D;49;1;48;freeFlow;1
2025-07-02T13:03:00+02:00;54438_G;50;1;0;unknown;0
2025-07-02T13:03:00+02:00;54440_D;50;6;0;unknown;0
2025-07-02T13:03:00+02:00;54440_G;50;6;0;unknown;0
2025-07-02T13:03:00+02:00;54444_D;50;1;0;unknown;0
2025-07-02T13:03:00+02:00;54444_G;50;1;0;unknown;0
2025-07-02T13:03:00+02:00;54447_D;50;11;0;unknown;0
2025-07-02T13:03:00+02:00;54447_G;50;11;0;unknown;0
2025-07-02T13:03:00+02:00;54448_D;50;3;0;unknown;0
2025-07-02T13:03:00+02:00;54448_G;50;3;0;unknown;0
2025-07-02T13:03:00+02:00;54449_D;50;10;0;unknown;0
2025-07-02T13:03:00+02:00;54449_G;50;10;0;unknown;0
2025-07-02T13:03:00+02:00;54453_D;50;3;0;unknown;0
2025-07-02T13:03:00+02:00;54453_G;50;3;0;unknown;0
2025-07-02T13:03:00+02:00;54455;50;2;0;unknown;0
2025-07-02T13:03:00+02:00;54457;50;8;0;unknown;0
2025-07-02T13:03:00+02:00;54460;24;11;0;unknown;0
2025-07-02T13:03:00+02:00;54463_D;50;6;0;unknown;0
2025-07-02T13:03:00+02:00;54463_G;50;6;0;unknown;0
2025-07-02T13:03:00+02:00;54466_D;50;15;0;unknown;0
2025-07-02T13:03:00+02:00;54466_G;39;21;60;freeFlow;1
2025-07-02T13:03:00+02:00;54469;42;3;100;freeFlow;3
2025-07-02T13:03:00+02:00;54471;49;9;57;freeFlow;1
2025-07-02T13:03:00+02:00;54472;43;10;75;freeFlow;2
2025-07-02T13:03:00+02:00;54473;45;1;75;freeFlow;2
2025-07-02T13:03:00+02:00;54483;50;30;0;unknown;0
2025-07-02T13:03:00+02:00;54489;50;1;0;unknown;0
2025-07-02T13:03:00+02:00;54490;37;5;60;freeFlow;1
2025-07-02T13:03:00+02:00;54492;23;7;60;heavy;1
2025-07-02T13:03:00+02:00;54505;50;15;0;unknown;0
2025-07-02T13:03:00+02:00;54509;50;6;0;unknown;0
2025-07-02T13:03:00+02:00;54518;50;3;0;unknown;0
2025-07-02T13:03:00+02:00;54522;50;2;0;unknown;0
2025-07-02T13:03:00+02:00;54523;30;3;0;unknown;0
2025-07-02T13:03:00+02:00;54524;30;1;0;unknown;0
2025-07-02T13:03:00+02:00;54580_D;40;14;75;freeFlow;2
2025-07-02T13:03:00+02:00;54877;47;16;15;freeFlow;1
2025-07-02T13:03:00+02:00;54879;45;16;75;freeFlow;2
2025-07-02T13:03:00+02:00;54880_D;22;45;25;heavy;1
2025-07-02T13:03:00+02:00;54880_G;28;36;12;heavy;1
2025-07-02T13:03:00+02:00;54882;22;3;12;freeFlow;1
2025-07-02T13:03:00+02:00;54883;22;2;12;freeFlow;1
2025-07-02T13:03:00+02:00;54884;20;2;12;heavy;1
2025-07-02T13:03:00+02:00;54885;20;1;12;heavy;1
2025-07-02T13:03:00+02:00;54886;49;2;60;freeFlow;1
2025-07-02T13:03:00+02:00;54887;49;1;60;freeFlow;1
2025-07-02T13:03:00+02:00;54888;22;1;12;freeFlow;1
2025-07-02T13:03:00+02:00;54889;22;2;12;freeFlow;1
2025-07-02T13:03:00+02:00;54988;60;2;100;freeFlow;3
2025-07-02T13:03:00+02:00;54989;47;37;100;heavy;3
2025-07-02T13:03:00+02:00;54990;34;3;71;heavy;2
2025-07-02T13:03:00+02:00;54991;62;28;60;freeFlow;1
2025-07-02T13:03:00+02:00;55467_D;38;17;38;freeFlow;1
2025-07-02T13:03:00+02:00;55467_G;29;21;98;heavy;3
2025-07-02T13:03:00+02:00;55570_D;50;3;0;unknown;0
2025-07-02T13:03:00+02:00;55570_G;50;3;0;unknown;0
2025-07-02T13:03:00+02:00;55589_D;35;7;27;freeFlow;1
2025-07-02T13:03:00+02:00;55589_G;30;8;0;unknown;0
2025-07-02T13:03:00+02:00;55591;50;1;0;unknown;0
2025-07-02T13:03:00+02:00;55592;35;1;27;freeFlow;1
2025-07-02T13:03:00+02:00;55593;35;2;27;freeFlow;1
2025-07-02T13:03:00+02:00;55595;35;1;0;unknown;0
2025-07-02T13:03:00+02:00;55596;35;1;0;unknown;0
2025-07-02T13:03:00+02:00;55597;35;1;0;unknown;0
2025-07-02T13:03:00+02:00;55702;50;6;0;unknown;0
2025-07-02T13:03:00+02:00;55704;27;32;10;heavy;1
2025-07-02T13:03:00+02:00;5576_D;31;10;57;heavy;1
2025-07-02T13:03:00+02:00;5576_G;25;13;98;heavy;3
2025-07-02T13:03:00+02:00;55881;41;1;70;freeFlow;2
2025-07-02T13:03:00+02:00;55900;55;2;60;freeFlow;1
2025-07-02T13:03:00+02:00;55929_D;41;10;50;freeFlow;1
2025-07-02T13:03:00+02:00;55929_G;49;9;75;freeFlow;2
2025-07-02T13:03:00+02:00;55976;35;4;60;heavy;1
2025-07-02T13:03:00+02:00;56024;67;15;100;freeFlow;4
2025-07-02T13:03:00+02:00;56131;14;9;12;congested;1
2025-07-02T13:03:00+02:00;56257;29;7;60;freeFlow;1
2025-07-02T13:03:00+02:00;563566;39;3;60;freeFlow;1
2025-07-02T13:03:00+02:00;563571;37;7;60;freeFlow;1
2025-07-02T13:03:00+02:00;563844_D;52;17;100;heavy;3
2025-07-02T13:03:00+02:00;563844_G;56;16;40;heavy;1
2025-07-02T13:03:00+02:00;563846;53;6;27;freeFlow;1
2025-07-02T13:03:00+02:00;563903_D;20;87;0;unknown;0
2025-07-02T13:03:00+02:00;563903_G;50;34;57;freeFlow;1
2025-07-02T13:03:00+02:00;564067_D;51;24;55;heavy;1
2025-07-02T13:03:00+02:00;564067_G;55;24;60;heavy;1
2025-07-02T13:03:00+02:00;564195_D;106;4;35;freeFlow;2
2025-07-02T13:03:00+02:00;564195_G;17;27;60;heavy;1
2025-07-02T13:03:00+02:00;56441;33;7;60;heavy;1
2025-07-02T13:03:00+02:00;5651;48;1;60;freeFlow;1
2025-07-02T13:03:00+02:00;5652;48;1;75;freeFlow;2
2025-07-02T13:03:00+02:00;565232;30;4;0;unknown;0
2025-07-02T13:03:00+02:00;5653;48;1;60;freeFlow;1
2025-07-02T13:03:00+02:00;565374;47;44;60;freeFlow;1
2025-07-02T13:03:00+02:00;565376;36;58;100;freeFlow;3
2025-07-02T13:03:00+02:00;565393;96;49;60;freeFlow;1
2025-07-02T13:03:00+02:00;5654;46;1;100;freeFlow;3
2025-07-02T13:03:00+02:00;565682_D;51;18;57;freeFlow;1
2025-07-02T13:03:00+02:00;565682_G;45;21;50;heavy;1
2025-07-02T13:03:00+02:00;565731_D;36;3;57;freeFlow;1
2025-07-02T13:03:00+02:00;565731_G;43;2;35;freeFlow;1
2025-07-02T13:03:00+02:00;565732;38;2;32;heavy;1
2025-07-02T13:03:00+02:00;56584;35;7;60;heavy;1
2025-07-02T13:03:00+02:00;565854;81;12;75;freeFlow;2
2025-07-02T13:03:00+02:00;566176_D;44;25;25;heavy;1
2025-07-02T13:03:00+02:00;566176_G;34;33;12;heavy;1
2025-07-02T13:03:00+02:00;56619_D;45;9;60;freeFlow;1
2025-07-02T13:03:00+02:00;56619_G;31;13;100;heavy;3
2025-07-02T13:03:00+02:00;566287_D;30;16;0;unknown;0
2025-07-02T13:03:00+02:00;566287_G;30;17;12;freeFlow;1
2025-07-02T13:03:00+02:00;566302_D;29;1;12;heavy;1
2025-07-02T13:03:00+02:00;566302_G;26;1;22;heavy;1
2025-07-02T13:03:00+02:00;566303_D;59;12;15;freeFlow;1
2025-07-02T13:03:00+02:00;566303_G;39;19;17;freeFlow;1
2025-07-02T13:03:00+02:00;5663_D;71;37;100;freeFlow;3
2025-07-02T13:03:00+02:00;5663_G;48;55;60;heavy;1
2025-07-02T13:03:00+02:00;566407_D;37;2;30;freeFlow;1
2025-07-02T13:03:00+02:00;566407_G;30;3;0;unknown;0
2025-07-02T13:03:00+02:00;566417_D;37;4;30;freeFlow;1
2025-07-02T13:03:00+02:00;566417_G;30;5;0;unknown;0
2025-07-02T13:03:00+02:00;566419;50;1;0;unknown;0
2025-07-02T13:03:00+02:00;566481;68;1;60;freeFlow;1
2025-07-02T13:03:00+02:00;566482;33;1;0;unknown;0
2025-07-02T13:03:00+02:00;566483;85;134;83;freeFlow;3
2025-07-02T13:03:00+02:00;566484;33;1;0;unknown;0
2025-07-02T13:03:00+02:00;5664_D;49;3;60;heavy;1
2025-07-02T13:03:00+02:00;5664_G;79;2;100;freeFlow;3
2025-07-02T13:03:00+02:00;566573_D;46;2;60;freeFlow;1
2025-07-02T13:03:00+02:00;566573_G;39;3;100;freeFlow;3
2025-07-02T13:03:00+02:00;566599_D;45;1;45;freeFlow;1
2025-07-02T13:03:00+02:00;566599_G;30;1;0;unknown;0
2025-07-02T13:03:00+02:00;566706_D;6;31;45;congested;1
2025-07-02T13:03:00+02:00;566706_G;50;4;0;unknown;0
2025-07-02T13:03:00+02:00;56676_G;26;8;40;heavy;1
2025-07-02T13:03:00+02:00;566850;13;10;42;congested;1
2025-07-02T13:03:00+02:00;566924_D;50;6;0;unknown;0
2025-07-02T13:03:00+02:00;566924_G;50;6;0;unknown;0
2025-07-02T13:03:00+02:00;566942;19;2;60;heavy;1
2025-07-02T13:03:00+02:00;56872;93;22;100;freeFlow;8
2025-07-02T13:03:00+02:00;56874;71;7;100;freeFlow;7
2025-07-02T13:03:00+02:00;56886;59;43;55;freeFlow;1
2025-07-02T13:03:00+02:00;56914;20;8;100;heavy;4
2025-07-02T13:03:00+02:00;56926;87;3;100;freeFlow;7
2025-07-02T13:03:00+02:00;57009;75;5;100;freeFlow;7
2025-07-02T13:03:00+02:00;57011;90;7;100;freeFlow;7
2025-07-02T13:03:00+02:00;57012;60;7;60;freeFlow;1
2025-07-02T13:03:00+02:00;57082_D;30;9;0;unknown;0
2025-07-02T13:03:00+02:00;57360_D;30;5;0;unknown;0
2025-07-02T13:03:00+02:00;57360_G;50;4;38;freeFlow;2
2025-07-02T13:03:00+02:00;57362_D;30;4;0;unknown;0
2025-07-02T13:03:00+02:00;57362_G;50;2;38;freeFlow;2
2025-07-02T13:03:00+02:00;57368_D;20;11;38;heavy;1
2025-07-02T13:03:00+02:00;57368_G;24;9;86;freeFlow;3
2025-07-02T13:03:00+02:00;57378_D;38;4;60;freeFlow;1
2025-07-02T13:03:00+02:00;57378_G;19;7;60;heavy;1
2025-07-02T13:03:00+02:00;62549;25;2;100;heavy;3
2025-07-02T13:03:00+02:00;62550;15;4;100;congested;3
2025-07-02T13:03:00+02:00;62617_D;49;9;12;freeFlow;1
2025-07-02T13:03:00+02:00;62617_G;31;15;40;heavy;1
2025-07-02T13:03:00+02:00;62948_D;22;7;27;freeFlow;1
2025-07-02T13:03:00+02:00;62948_G;30;5;0;unknown;0
2025-07-02T13:03:00+02:00;63039;52;3;100;freeFlow;3
2025-07-02T13:03:00+02:00;63203_D;30;26;0;unknown;0
2025-07-02T13:03:00+02:00;63203_G;30;26;60;freeFlow;1
2025-07-02T13:03:00+02:00;63308;36;2;100;freeFlow;4
2025-07-02T13:03:00+02:00;63895_D;30;5;0;unknown;0
2025-07-02T13:03:00+02:00;63895_G;8;18;0;unknown;0
2025-07-02T13:03:00+02:00;63903;100;1;100;freeFlow;3
2025-07-02T13:03:00+02:00;63917;80;1;60;freeFlow;1
2025-07-02T13:03:00+02:00;63954_D;33;6;42;freeFlow;1
2025-07-02T13:03:00+02:00;63954_G;30;5;0;unknown;0
2025-07-02T13:03:00+02:00;63961_D;34;1;45;freeFlow;1
2025-07-02T13:03:00+02:00;63961_G;40;1;60;freeFlow;1
2025-07-02T13:03:00+02:00;63963_D;33;14;55;freeFlow;1
2025-07-02T13:03:00+02:00;63963_G;43;11;35;freeFlow;1
2025-07-02T13:03:00+02:00;63974;36;11;55;heavy;1
2025-07-02T13:03:00+02:00;64028;50;2;0;unknown;0
2025-07-02T13:03:00+02:00;64029;54;2;50;heavy;1
2025-07-02T13:03:00+02:00;64033;61;3;75;freeFlow;2
2025-07-02T13:03:00+02:00;64034;31;3;50;heavy;1
2025-07-02T13:03:00+02:00;64035;54;2;50;freeFlow;1
2025-07-02T13:03:00+02:00;64104_D;50;2;0;unknown;0
2025-07-02T13:03:00+02:00;64104_G;50;2;0;unknown;0
2025-07-02T13:03:00+02:00;6421;62;38;99;heavy;3
2025-07-02T13:03:00+02:00;6422;78;8;60;freeFlow;1
2025-07-02T13:03:00+02:00;6423;98;14;100;freeFlow;5
2025-07-02T13:03:00+02:00;6424;97;31;100;freeFlow;6
2025-07-02T13:03:00+02:00;64792_D;59;11;15;freeFlow;1
2025-07-02T13:03:00+02:00;64792_G;39;17;17;freeFlow;1
2025-07-02T13:03:00+02:00;64862_D;32;15;50;heavy;1
2025-07-02T13:03:00+02:00;64862_G;50;10;0;unknown;0
2025-07-02T13:03:00+02:00;65281;35;3;68;heavy;2
2025-07-02T13:03:00+02:00;65283;35;3;68;freeFlow;2
2025-07-02T13:03:00+02:00;65293;35;6;68;freeFlow;2
2025-07-02T13:03:00+02:00;65961_D;34;40;15;heavy;1
2025-07-02T13:03:00+02:00;65961_G;29;47;60;heavy;1
2025-07-02T13:03:00+02:00;65966_D;59;1;15;freeFlow;1
2025-07-02T13:03:00+02:00;65966_G;41;1;52;freeFlow;3
2025-07-02T13:03:00+02:00;66020;70;0;100;freeFlow;3
2025-07-02T13:03:00+02:00;6615_D;39;15;55;heavy;1
2025-07-02T13:03:00+02:00;6615_G;55;10;60;heavy;1
2025-07-02T13:03:00+02:00;6616;52;1;100;heavy;3
2025-07-02T13:03:00+02:00;6619;60;2;60;freeFlow;1
2025-07-02T13:03:00+02:00;6620;52;5;100;heavy;3
2025-07-02T13:03:00+02:00;6621;50;2;100;heavy;3
2025-07-02T13:03:00+02:00;6622;55;1;100;heavy;3
2025-07-02T13:03:00+02:00;6623;60;1;60;freeFlow;1
2025-07-02T13:03:00+02:00;6628_D;59;14;100;freeFlow;3
2025-07-02T13:03:00+02:00;6628_G;84;10;60;freeFlow;1
2025-07-02T13:03:00+02:00;6629_D;54;18;100;freeFlow;3
2025-07-02T13:03:00+02:00;6629_G;50;19;0;unknown;0
2025-07-02T13:03:00+02:00;6643;49;14;75;heavy;2
2025-07-02T13:03:00+02:00;6644;60;11;60;freeFlow;1
2025-07-02T13:03:00+02:00;6645;40;2;100;freeFlow;4
2025-07-02T13:03:00+02:00;6646;42;1;100;freeFlow;4
2025-07-02T13:03:00+02:00;6647;44;1;100;freeFlow;3
2025-07-02T13:03:00+02:00;6648;41;2;100;freeFlow;4
2025-07-02T13:03:00+02:00;6649;42;2;100;freeFlow;4
2025-07-02T13:03:00+02:00;6650;36;5;100;freeFlow;4
2025-07-02T13:03:00+02:00;6651;33;5;100;heavy;4
2025-07-02T13:03:00+02:00;6669_D;53;93;60;heavy;1
2025-07-02T13:03:00+02:00;6669_G;55;91;83;heavy;3
2025-07-02T13:03:00+02:00;67069;44;4;48;freeFlow;1
2025-07-02T13:03:00+02:00;67223_D;29;2;42;freeFlow;1
2025-07-02T13:03:00+02:00;67223_G;24;3;20;freeFlow;1
2025-07-02T13:03:00+02:00;67229_D;20;20;50;heavy;2
2025-07-02T13:03:00+02:00;67229_G;15;28;60;heavy;1
2025-07-02T13:03:00+02:00;6723;90;9;73;freeFlow;2
2025-07-02T13:03:00+02:00;67324_D;59;17;100;freeFlow;4
2025-07-02T13:03:00+02:00;67324_G;28;35;60;heavy;2
2025-07-02T13:03:00+02:00;67330;24;2;100;freeFlow;3
2025-07-02T13:03:00+02:00;67332;37;2;25;freeFlow;1
2025-07-02T13:03:00+02:00;67334;36;1;27;freeFlow;1
2025-07-02T13:03:00+02:00;67340;16;4;100;heavy;3
2025-07-02T13:03:00+02:00;67341;16;19;100;heavy;3
2025-07-02T13:03:00+02:00;67344;37;5;25;freeFlow;1
2025-07-02T13:03:00+02:00;67352_D;14;27;100;heavy;3
2025-07-02T13:03:00+02:00;67352_G;37;10;25;freeFlow;1
2025-07-02T13:03:00+02:00;67380_D;49;17;57;freeFlow;1
2025-07-02T13:03:00+02:00;67380_G;38;21;75;freeFlow;2
2025-07-02T13:03:00+02:00;67385;45;3;75;freeFlow;2
2025-07-02T13:03:00+02:00;67389_D;37;2;30;freeFlow;2
2025-07-02T13:03:00+02:00;67389_G;26;3;100;heavy;3
2025-07-02T13:03:00+02:00;67390;32;3;57;heavy;1
2025-07-02T13:03:00+02:00;67391;32;5;57;heavy;1
2025-07-02T13:03:00+02:00;67392;33;5;100;heavy;3
2025-07-02T13:03:00+02:00;67511_D;30;4;0;unknown;0
2025-07-02T13:03:00+02:00;67511_G;32;4;60;freeFlow;1
2025-07-02T13:03:00+02:00;67514_D;30;6;0;unknown;0
2025-07-02T13:03:00+02:00;67514_G;30;6;75;freeFlow;2
2025-07-02T13:03:00+02:00;67611;30;6;0;unknown;0
2025-07-02T13:03:00+02:00;67816;24;1;55;freeFlow;1
2025-07-02T13:03:00+02:00;67819_D;25;2;57;freeFlow;1
2025-07-02T13:03:00+02:00;67819_G;43;1;35;freeFlow;1
2025-07-02T13:03:00+02:00;67820;24;1;55;freeFlow;1
2025-07-02T13:03:00+02:00;67821;43;1;35;freeFlow;1
2025-07-02T13:03:00+02:00;67823;30;8;0;unknown;0
2025-07-02T13:03:00+02:00;67824;35;14;60;heavy;1
2025-07-02T13:03:00+02:00;67829;4;143;59;congested;1
2025-07-02T13:03:00+02:00;67892_D;32;8;57;heavy;1
2025-07-02T13:03:00+02:00;67892_G;45;6;75;freeFlow;2
2025-07-02T13:03:00+02:00;68069;50;8;0;unknown;0
2025-07-02T13:03:00+02:00;68070;50;1;0;unknown;0
2025-07-02T13:03:00+02:00;68815;5;23;57;congested;1
2025-07-02T13:03:00+02:00;69060;29;3;15;freeFlow;1
2025-07-02T13:03:00+02:00;69061;30;4;15;freeFlow;1
2025-07-02T13:03:00+02:00;69062;30;2;15;freeFlow;1
2025-07-02T13:03:00+02:00;69063;30;1;0;unknown;0
2025-07-02T13:03:00+02:00;69064_D;30;1;15;freeFlow;1
2025-07-02T13:03:00+02:00;69064_G;30;1;0;unknown;0
2025-07-02T13:03:00+02:00;69270_D;14;8;60;congested;1
2025-07-02T13:03:00+02:00;69270_G;30;2;60;heavy;1
2025-07-02T13:03:00+02:00;69277;30;3;0;unknown;0
2025-07-02T13:03:00+02:00;69464;30;1;0;unknown;0
2025-07-02T13:03:00+02:00;69467;30;2;0;unknown;0
2025-07-02T13:03:00+02:00;69493;40;16;60;freeFlow;1
2025-07-02T13:03:00+02:00;69495;35;11;75;heavy;2
2025-07-02T13:03:00+02:00;69591;50;6;0;unknown;0
2025-07-02T13:03:00+02:00;69673;29;12;65;heavy;2
2025-07-02T13:03:00+02:00;69878;53;16;100;freeFlow;3
2025-07-02T13:03:00+02:00;71197_D;64;18;59;freeFlow;1
2025-07-02T13:03:00+02:00;71197_G;57;20;57;freeFlow;1
2025-07-02T13:03:00+02:00;71455_D;50;3;0;unknown;0
2025-07-02T13:03:00+02:00;71492_D;19;9;64;heavy;2
2025-07-02T13:03:00+02:00;71492_G;14;13;75;congested;2
2025-07-02T13:03:00+02:00;71493_D;55;6;60;freeFlow;1
2025-07-02T13:03:00+02:00;71493_G;61;5;71;freeFlow;2
2025-07-02T13:03:00+02:00;71494;22;7;100;heavy;3
2025-07-02T13:03:00+02:00;71496;26;10;75;heavy;2
2025-07-02T13:03:00+02:00;71497;17;5;75;heavy;2
2025-07-02T13:03:00+02:00;71504_D;74;0;60;freeFlow;1
2025-07-02T13:03:00+02:00;71504_G;25;1;75;heavy;2
2025-07-02T13:03:00+02:00;71508_D;106;4;35;freeFlow;2
2025-07-02T13:03:00+02:00;71508_G;17;29;60;heavy;1
2025-07-02T13:03:00+02:00;71509_D;50;20;0;unknown;0
2025-07-02T13:03:00+02:00;71509_G;75;13;52;freeFlow;1
2025-07-02T13:03:00+02:00;71554_D;37;6;27;freeFlow;1
2025-07-02T13:03:00+02:00;71554_G;50;5;0;unknown;0
2025-07-02T13:03:00+02:00;71555_D;59;2;55;freeFlow;1
2025-07-02T13:03:00+02:00;71555_G;50;2;0;unknown;0
2025-07-02T13:03:00+02:00;71661;92;3;57;freeFlow;1
2025-07-02T13:03:00+02:00;71668;92;7;45;freeFlow;1
2025-07-02T13:03:00+02:00;72425;99;12;75;freeFlow;2
2025-07-02T13:03:00+02:00;72487_D;80;31;0;unknown;0
2025-07-02T13:03:00+02:00;72842_D;50;22;0;unknown;0
2025-07-02T13:03:00+02:00;72842_G;78;14;35;freeFlow;2
2025-07-02T13:03:00+02:00;72940_D;35;34;60;heavy;1
2025-07-02T13:03:00+02:00;72940_G;23;51;20;heavy;1
2025-07-02T13:03:00+02:00;73636;50;3;0;unknown;0
2025-07-02T13:03:00+02:00;74067;55;1;45;heavy;1
2025-07-02T13:03:00+02:00;74454;51;1;57;freeFlow;1
2025-07-02T13:03:00+02:00;74457_D;55;18;57;freeFlow;1
2025-07-02T13:03:00+02:00;74457_G;67;15;50;freeFlow;1
2025-07-02T13:03:00+02:00;74459;51;1;57;freeFlow;1
2025-07-02T13:03:00+02:00;74460;45;1;50;heavy;1
2025-07-02T13:03:00+02:00;74461;45;1;50;heavy;1
2025-07-02T13:03:00+02:00;74688_D;45;20;27;freeFlow;2
2025-07-02T13:03:00+02:00;74688_G;40;23;48;freeFlow;1
2025-07-02T13:03:00+02:00;74748_D;56;5;10;freeFlow;1
2025-07-02T13:03:00+02:00;74748_G;69;4;42;freeFlow;1
2025-07-02T13:03:00+02:00;75340;27;2;60;heavy;1
2025-07-02T13:03:00+02:00;75343_D;37;9;60;freeFlow;1
2025-07-02T13:03:00+02:00;75343_G;38;9;57;freeFlow;1
2025-07-02T13:03:00+02:00;75344;35;2;75;freeFlow;2
2025-07-02T13:03:00+02:00;75346;28;3;57;heavy;1
2025-07-02T13:03:00+02:00;75347_D;27;3;60;heavy;1
2025-07-02T13:03:00+02:00;75347_G;50;1;0;unknown;0
2025-07-02T13:03:00+02:00;75348;50;1;0;unknown;0
2025-07-02T13:03:00+02:00;75353;50;1;0;unknown;0
2025-07-02T13:03:00+02:00;75356_D;50;10;0;unknown;0
2025-07-02T13:03:00+02:00;75356_G;47;11;0;unknown;0
2025-07-02T13:03:00+02:00;75358;50;1;0;unknown;0
2025-07-02T13:03:00+02:00;75359;50;1;0;unknown;0
2025-07-02T13:03:00+02:00;75385;29;2;100;heavy;3
2025-07-02T13:03:00+02:00;75533_D;74;0;70;freeFlow;2
2025-07-02T13:03:00+02:00;75533_G;70;0;0;unknown;0
2025-07-02T13:03:00+02:00;75630;67;23;60;freeFlow;1
2025-07-02T13:03:00+02:00;75810;79;10;75;freeFlow;2
2025-07-02T13:03:00+02:00;75811;107;4;60;freeFlow;1
2025-07-02T13:03:00+02:00;75812;81;5;100;freeFlow;8
2025-07-02T13:03:00+02:00;75813;82;3;100;freeFlow;6
2025-07-02T13:03:00+02:00;75814;92;2;100;freeFlow;7
2025-07-02T13:03:00+02:00;75815;87;15;100;freeFlow;8
2025-07-02T13:03:00+02:00;75816;33;7;100;heavy;4
2025-07-02T13:03:00+02:00;75819_D;56;3;75;freeFlow;2
2025-07-02T13:03:00+02:00;75819_G;44;5;75;freeFlow;2
2025-07-02T13:03:00+02:00;75821;62;5;100;heavy;6
2025-07-02T13:03:00+02:00;75823;83;5;100;freeFlow;5
2025-07-02T13:03:00+02:00;75841;50;7;60;freeFlow;2
2025-07-02T13:03:00+02:00;75842;55;7;75;freeFlow;2
2025-07-02T13:03:00+02:00;75855;51;2;75;freeFlow;2
2025-07-02T13:03:00+02:00;75858;102;1;55;freeFlow;1
2025-07-02T13:03:00+02:00;75859;102;2;55;freeFlow;1
2025-07-02T13:03:00+02:00;75860;53;3;20;freeFlow;1
2025-07-02T13:03:00+02:00;75861;50;2;20;freeFlow;1
2025-07-02T13:03:00+02:00;75862;64;3;0;unknown;0
2025-07-02T13:03:00+02:00;75863;69;1;0;unknown;0
2025-07-02T13:03:00+02:00;75864;70;1;0;unknown;0
2025-07-02T13:03:00+02:00;75865;70;2;0;unknown;0
2025-07-02T13:03:00+02:00;75866;89;10;100;freeFlow;4
2025-07-02T13:03:00+02:00;75867;89;13;100;freeFlow;7
2025-07-02T13:03:00+02:00;75869;90;59;100;freeFlow;8
2025-07-02T13:03:00+02:00;75873_D;59;10;48;freeFlow;1
2025-07-02T13:03:00+02:00;75873_G;38;13;60;freeFlow;1
2025-07-02T13:03:00+02:00;75874_D;59;7;48;freeFlow;1
2025-07-02T13:03:00+02:00;75874_G;42;9;60;freeFlow;1
2025-07-02T13:03:00+02:00;75875;70;4;60;freeFlow;1
2025-07-02T13:03:00+02:00;75876;70;7;60;freeFlow;1
2025-07-02T13:03:00+02:00;75877;50;17;0;unknown;0
2025-07-02T13:03:00+02:00;75878;69;12;60;freeFlow;1
2025-07-02T13:03:00+02:00;75879;107;2;60;freeFlow;1
2025-07-02T13:03:00+02:00;75880;107;8;60;freeFlow;1
2025-07-02T13:03:00+02:00;75882;92;11;53;freeFlow;2
2025-07-02T13:03:00+02:00;75883;95;4;100;freeFlow;7
2025-07-02T13:03:00+02:00;75884;84;5;100;freeFlow;5
2025-07-02T13:03:00+02:00;75885;65;4;100;freeFlow;8
2025-07-02T13:03:00+02:00;75886;76;8;100;freeFlow;7
2025-07-02T13:03:00+02:00;75911;50;6;0;unknown;0
2025-07-02T13:03:00+02:00;75912;28;10;89;heavy;3
2025-07-02T13:03:00+02:00;76094;35;16;82;heavy;3
2025-07-02T13:03:00+02:00;7864_D;58;62;57;freeFlow;1
2025-07-02T13:03:00+02:00;7864_G;55;66;60;heavy;1
2025-07-02T13:03:00+02:00;790_D;66;12;55;freeFlow;1
2025-07-02T13:03:00+02:00;790_G;69;11;75;freeFlow;2
2025-07-02T13:03:00+02:00;791_D;66;13;95;freeFlow;3
2025-07-02T13:03:00+02:00;791_G;33;26;75;heavy;2
2025-07-02T13:03:00+02:00;7936;88;9;60;freeFlow;1
2025-07-02T13:03:00+02:00;7937;85;26;74;freeFlow;2
2025-07-02T13:03:00+02:00;7938;96;32;100;freeFlow;5
2025-07-02T13:03:00+02:00;7995_D;60;18;55;freeFlow;1
2025-07-02T13:03:00+02:00;7995_G;55;18;60;heavy;1
2025-07-02T13:03:00+02:00;862_D;71;15;75;freeFlow;2
2025-07-02T13:03:00+02:00;862_G;75;15;55;freeFlow;1
2025-07-02T13:03:00+02:00;863_D;64;11;75;freeFlow;2
2025-07-02T13:03:00+02:00;863_G;76;9;55;freeFlow;1
2025-07-02T13:03:00+02:00;8745;50;4;73;freeFlow;2
2025-07-02T13:03:00+02:00;8962;91;24;100;freeFlow;6
2025-07-02T13:03:00+02:00;8963_D;79;6;60;freeFlow;1
2025-07-02T13:03:00+02:00;8963_G;57;7;60;freeFlow;1
2025-07-02T13:03:00+02:00;8966;97;12;100;freeFlow;7
2025-07-02T13:03:00+02:00;8969;95;14;100;freeFlow;5
2025-07-02T13:03:00+02:00;8970;96;16;100;freeFlow;5
2025-07-02T13:03:00+02:00;8971;91;22;100;freeFlow;5
2025-07-02T13:03:00+02:00;8974_D;57;4;60;freeFlow;1
2025-07-02T13:03:00+02:00;8974_G;38;6;60;heavy;1
2025-07-02T13:03:00+02:00;8976_D;57;6;60;freeFlow;1
2025-07-02T13:03:00+02:00;8976_G;39;9;60;heavy;1
2025-07-02T13:03:00+02:00;8977_D;57;5;60;freeFlow;1
2025-07-02T13:03:00+02:00;8977_G;79;4;60;freeFlow;1
2025-07-02T13:03:00+02:00;8978;100;13;100;freeFlow;7
2025-07-02T13:03:00+02:00;9040;92;10;57;freeFlow;1
2025-07-02T13:03:00+02:00;9041;45;4;42;freeFlow;1
2025-07-02T13:03:00+02:00;9042;92;1;57;freeFlow;1
2025-07-02T13:03:00+02:00;9043;28;6;42;heavy;1
2025-07-02T13:03:00+02:00;9044;33;4;15;heavy;1
2025-07-02T13:03:00+02:00;9045;50;2;0;unknown;0
2025-07-02T13:03:00+02:00;9046;45;2;57;freeFlow;1
2025-07-02T13:03:00+02:00;9047;46;2;57;freeFlow;1
2025-07-02T13:03:00+02:00;9048;72;7;42;freeFlow;1
2025-07-02T13:03:00+02:00;9049;39;4;60;freeFlow;1
2025-07-02T13:03:00+02:00;9050;48;1;100;freeFlow;3
2025-07-02T13:03:00+02:00;9051;52;3;73;freeFlow;2
2025-07-02T13:03:00+02:00;9052;50;2;0;unknown;0
2025-07-02T13:03:00+02:00;9053;58;2;73;freeFlow;2
2025-07-02T13:03:00+02:00;9054;33;18;15;heavy;1
2025-07-02T13:03:00+02:00;9055;92;7;57;freeFlow;1
2025-07-02T13:03:00+02:00;9057_D;76;7;75;freeFlow;2
2025-07-02T13:03:00+02:00;9057_G;48;11;83;heavy;3
2025-07-02T13:03:00+02:00;9058_D;81;17;75;freeFlow;2
2025-07-02T13:03:00+02:00;9058_G;76;18;42;freeFlow;1
2025-07-02T13:03:00+02:00;9059_D;75;8;75;freeFlow;2
2025-07-02T13:03:00+02:00;9059_G;68;9;42;freeFlow;1
2025-07-02T13:03:00+02:00;9060;39;5;60;heavy;1
2025-07-02T13:03:00+02:00;9061;44;3;94;heavy;4
2025-07-02T13:03:00+02:00;9062;50;4;71;heavy;2
2025-07-02T13:03:00+02:00;9063;37;3;75;heavy;2
2025-07-02T13:03:00+02:00;9068_D;56;32;60;heavy;1
2025-07-02T13:03:00+02:00;9068_G;57;31;60;freeFlow;1
2025-07-02T13:03:00+02:00;9070_D;72;29;59;freeFlow;1
2025-07-02T13:03:00+02:00;9070_G;58;36;60;freeFlow;1
2025-07-02T13:03:00+02:00;9073;84;5;100;freeFlow;6
2025-07-02T13:03:00+02:00;9074;92;10;100;freeFlow;9
2025-07-02T13:03:00+02:00;9082_D;74;3;57;freeFlow;1
2025-07-02T13:03:00+02:00;9082_G;78;3;45;freeFlow;1
2025-07-02T13:03:00+02:00;9090_D;67;20;73;freeFlow;2
2025-07-02T13:03:00+02:00;9090_G;76;18;48;freeFlow;1
2025-07-02T13:03:00+02:00;9103;73;20;60;freeFlow;1
2025-07-02T13:03:00+02:00;9108;49;25;60;heavy;1
2025-07-02T13:03:00+02:00;9114;98;1;60;freeFlow;1
2025-07-02T13:03:00+02:00;9115;92;16;57;freeFlow;1
2025-07-02T13:03:00+02:00;9116;94;2;45;freeFlow;1
2025-07-02T13:03:00+02:00;9117;90;6;45;freeFlow;1
2025-07-02T13:03:00+02:00;9133;44;43;65;heavy;2
2025-07-02T13:03:00+02:00;9134;45;33;75;heavy;2
2025-07-02T13:03:00+02:00;9177;63;31;60;freeFlow;1
2025-07-02T13:03:00+02:00;9190;36;10;25;heavy;1
2025-07-02T13:03:00+02:00;9199;90;1;73;freeFlow;2
2025-07-02T13:03:00+02:00;9200;18;8;45;congested;1
2025-07-02T13:03:00+02:00;9201;34;2;60;heavy;2
2025-07-02T13:03:00+02:00;9202;92;1;57;freeFlow;1
2025-07-02T13:03:00+02:00;9203;92;1;57;freeFlow;1
2025-07-02T13:03:00+02:00;9204;88;1;73;freeFlow;2
2025-07-02T13:03:00+02:00;9213;58;48;54;freeFlow;2
2025-07-02T13:03:00+02:00;9214_D;70;1;0;unknown;0
2025-07-02T13:03:00+02:00;9214_G;99;1;60;freeFlow;1
2025-07-02T13:03:00+02:00;9215;45;62;45;heavy;1
2025-07-02T13:03:00+02:00;9279;90;24;100;freeFlow;5
2025-07-02T13:03:00+02:00;9280;90;27;100;freeFlow;5
2025-07-02T13:03:00+02:00;9343_D;80;15;0;unknown;0
2025-07-02T13:03:00+02:00;9343_G;81;15;60;freeFlow;1
2025-07-02T13:03:00+02:00;9344_D;30;20;0;unknown;0
2025-07-02T13:03:00+02:00;9344_G;74;8;60;freeFlow;1
2025-07-02T13:03:00+02:00;9345_D;30;27;0;unknown;0
2025-07-02T13:03:00+02:00;9345_G;72;12;60;freeFlow;1
2025-07-02T13:03:00+02:00;9346_D;30;15;0;unknown;0
2025-07-02T13:03:00+02:00;9346_G;35;13;60;freeFlow;1
2025-07-02T13:03:00+02:00;9348_D;30;7;0;unknown;0
2025-07-02T13:03:00+02:00;9348_G;30;8;0;unknown;0
2025-07-02T13:03:00+02:00;9351_D;80;15;0;unknown;0
2025-07-02T13:03:00+02:00;9351_G;80;14;0;unknown;0
2025-07-02T13:03:00+02:00;9370_D;80;10;0;unknown;0
2025-07-02T13:03:00+02:00;9370_G;79;11;60;freeFlow;1
2025-07-02T13:03:00+02:00;9371_D;80;8;0;unknown;0
2025-07-02T13:03:00+02:00;9371_G;74;9;60;freeFlow;1
2025-07-02T13:03:00+02:00;9378;82;14;100;freeFlow;8
2025-07-02T13:03:00+02:00;9379;92;12;100;freeFlow;9
2025-07-02T13:03:00+02:00;9414_D;39;7;45;freeFlow;1
2025-07-02T13:03:00+02:00;9414_G;26;10;60;freeFlow;1
2025-07-02T13:03:00+02:00;9416_D;39;6;45;freeFlow;1
2025-07-02T13:03:00+02:00;9416_G;24;9;60;freeFlow;1
2025-07-02T13:03:00+02:00;9418_D;39;9;45;freeFlow;1
2025-07-02T13:03:00+02:00;9418_G;32;11;60;freeFlow;1
2025-07-02T13:03:00+02:00;9421;39;3;45;freeFlow;1
2025-07-02T13:03:00+02:00;9422;39;3;45;freeFlow;1
2025-07-02T13:03:00+02:00;9423;33;3;71;freeFlow;2
2025-07-02T13:03:00+02:00;9424;37;5;60;freeFlow;1
2025-07-02T13:03:00+02:00;9425_D;39;4;45;freeFlow;1
2025-07-02T13:03:00+02:00;9425_G;47;3;60;freeFlow;1
2025-07-02T13:03:00+02:00;9427_D;80;4;0;unknown;0
2025-07-02T13:03:00+02:00;9427_G;48;7;60;heavy;1
2025-07-02T13:03:00+02:00;9434_D;80;10;0;unknown;0
2025-07-02T13:03:00+02:00;9434_G;71;11;60;freeFlow;1
2025-07-02T13:03:00+02:00;9435_D;80;13;0;unknown;0
2025-07-02T13:03:00+02:00;9435_G;81;13;60;freeFlow;1
2025-07-02T13:03:00+02:00;9437_D;80;14;0;unknown;0
2025-07-02T13:03:00+02:00;9437_G;81;14;60;freeFlow;1
2025-07-02T13:03:00+02:00;9588_D;74;8;57;freeFlow;1
2025-07-02T13:03:00+02:00;9588_G;78;8;45;freeFlow;1
2025-07-02T13:03:00+02:00;9625_D;74;5;57;freeFlow;1
2025-07-02T13:03:00+02:00;9625_G;78;5;45;freeFlow;1
2025-07-02T13:03:00+02:00;9739;50;3;73;freeFlow;2
2025-07-02T13:03:00+02:00;9740;51;1;57;freeFlow;1
2025-07-02T13:03:00+02:00;9741;45;1;50;heavy;1
2025-07-02T13:03:00+02:00;9742;33;4;60;heavy;1
2025-07-02T13:03:00+02:00;9745_D;51;3;57;freeFlow;1
2025-07-02T13:03:00+02:00;9745_G;46;6;63;heavy;2
2025-07-02T13:03:00+02:00;9757_D;51;2;57;freeFlow;1
2025-07-02T13:03:00+02:00;9757_G;45;3;50;heavy;1
2025-07-02T13:03:00+02:00;9758_D;51;6;57;freeFlow;1
2025-07-02T13:03:00+02:00;9758_G;45;7;50;heavy;1
2025-07-02T13:03:00+02:00;9834_D;74;27;70;freeFlow;2
2025-07-02T13:03:00+02:00;9834_G;83;24;48;freeFlow;1
2025-07-02T13:03:00+02:00;9912;44;4;75;heavy;2
2025-07-02T13:03:00+02:00;9913;38;3;73;heavy;2
2025-07-02T13:03:00+02:00;9914;44;2;75;heavy;2
2025-07-02T13:03:00+02:00;9915;44;3;75;heavy;2
2025-07-02T13:03:00+02:00;9916;47;3;97;heavy;3
2025-07-02T13:03:00+02:00;9917_D;57;3;60;freeFlow;1
2025-07-02T13:03:00+02:00;9917_G;38;3;60;heavy;1
2025-07-02T13:03:00+02:00;9921_D;75;20;52;freeFlow;1
2025-07-02T13:03:00+02:00;9921_G;56;27;62;freeFlow;2
2025-07-02T13:03:00+02:00;1601981;15;11;38;heavy;1
2025-07-02T13:03:00+02:00;1601982;60;15;92;freeFlow;3
2025-07-02T13:03:00+02:00;1634;69;8;75;freeFlow;2
2025-07-02T13:03:00+02:00;1635;66;2;60;freeFlow;1
2025-07-02T13:03:00+02:00;1636;33;5;48;heavy;1
2025-07-02T13:03:00+02:00;1637;50;2;100;freeFlow;4
2025-07-02T13:03:00+02:00;1640;46;2;72;heavy;6
2025-07-02T13:03:00+02:00;1641;70;2;75;freeFlow;2
2025-07-02T13:03:00+02:00;1642;70;1;75;freeFlow;2
2025-07-02T13:03:00+02:00;1678329;40;15;83;freeFlow;5
2025-07-02T13:03:00+02:00;1680500_D;40;7;75;freeFlow;2
2025-07-02T13:03:00+02:00;1680500_G;51;5;75;freeFlow;2
2025-07-02T13:03:00+02:00;1680501;44;19;100;freeFlow;7
2025-07-02T13:03:00+02:00;1680580;41;10;60;freeFlow;1
2025-07-02T13:03:00+02:00;1680586;40;4;45;freeFlow;1
2025-07-02T13:03:00+02:00;1680594;39;0;45;freeFlow;1
2025-07-02T13:03:00+02:00;1680595;50;1;0;unknown;0
2025-07-02T13:03:00+02:00;1680596;39;1;45;freeFlow;1
2025-07-02T13:03:00+02:00;1680597;50;1;0;unknown;0
2025-07-02T13:03:00+02:00;1680604;41;2;60;freeFlow;1
2025-07-02T13:03:00+02:00;1747_D;46;2;60;freeFlow;1
2025-07-02T13:03:00+02:00;1747_G;25;4;100;heavy;3
2025-07-02T13:03:00+02:00;1762;23;23;75;heavy;2
2025-07-02T13:03:00+02:00;1763;14;39;73;congested;2
2025-07-02T13:03:00+02:00;1765_D;74;6;60;freeFlow;1
2025-07-02T13:03:00+02:00;1765_G;21;20;75;heavy;2
2025-07-02T13:03:00+02:00;1852;97;12;100;freeFlow;6
2025-07-02T13:03:00+02:00;1857;82;26;100;freeFlow;10
2025-07-02T13:03:00+02:00;1858;95;9;100;freeFlow;5
2025-07-02T13:03:00+02:00;1859;88;11;100;freeFlow;9
2025-07-02T13:03:00+02:00;1860;25;50;75;heavy;2
2025-07-02T13:03:00+02:00;1910718_D;49;3;75;freeFlow;2
2025-07-02T13:03:00+02:00;1910718_G;37;3;60;freeFlow;1
2025-07-02T13:03:00+02:00;1910863_D;50;11;0;unknown;0
2025-07-02T13:03:00+02:00;1910863_G;8;66;20;congested;1
2025-07-02T13:03:00+02:00;1911250;22;11;60;heavy;1
2025-07-02T13:03:00+02:00;35088;70;3;100;freeFlow;3
2025-07-02T13:03:00+02:00;35089;59;4;100;freeFlow;3
2025-07-02T13:03:00+02:00;35090;37;2;75;heavy;2
2025-07-02T13:03:00+02:00;35091;70;2;75;freeFlow;2
2025-07-02T13:03:00+02:00;35093;49;6;88;heavy;3
2025-07-02T13:03:00+02:00;35094;63;4;75;freeFlow;2
2025-07-02T13:03:00+02:00;35099;38;3;60;freeFlow;1
2025-07-02T13:03:00+02:00;35101;22;3;60;heavy;1
2025-07-02T13:03:00+02:00;35102;55;1;60;freeFlow;1
2025-07-02T13:03:00+02:00;35104;52;50;60;freeFlow;1
2025-07-02T13:03:00+02:00;35116;43;3;75;freeFlow;2
2025-07-02T13:03:00+02:00;35117;31;5;98;heavy;3
2025-07-02T13:03:00+02:00;35118;40;4;75;freeFlow;2
2025-07-02T13:03:00+02:00;35119;41;5;98;freeFlow;4
2025-07-02T13:03:00+02:00;35120_D;43;2;75;freeFlow;2
2025-07-02T13:03:00+02:00;35120_G;14;5;60;congested;1
2025-07-02T13:03:00+02:00;35121_D;47;44;75;freeFlow;2
2025-07-02T13:03:00+02:00;35121_G;48;43;60;freeFlow;1
2025-07-02T13:03:00+02:00;40196;88;3;50;freeFlow;1
2025-07-02T13:03:00+02:00;40197;88;3;50;freeFlow;1
2025-07-02T13:03:00+02:00;41636_D;50;3;0;unknown;0
2025-07-02T13:03:00+02:00;41636_G;33;5;60;heavy;1
2025-07-02T13:03:00+02:00;41652_G;33;7;60;heavy;1
2025-07-02T13:03:00+02:00;41653_D;24;4;10;heavy;1
2025-07-02T13:03:00+02:00;41653_G;18;5;60;heavy;1
2025-07-02T13:03:00+02:00;41667_D;29;5;60;heavy;1
2025-07-02T13:03:00+02:00;41667_G;25;5;60;heavy;1
2025-07-02T13:03:00+02:00;41668_D;20;3;75;heavy;2
2025-07-02T13:03:00+02:00;41668_G;44;1;60;freeFlow;1
2025-07-02T13:03:00+02:00;41721;76;14;100;freeFlow;6
2025-07-02T13:03:00+02:00;41722;75;15;100;freeFlow;6
2025-07-02T13:03:00+02:00;41758;88;15;100;freeFlow;8
2025-07-02T13:03:00+02:00;41759;76;18;100;freeFlow;8
2025-07-02T13:03:00+02:00;41760;68;20;100;freeFlow;7
2025-07-02T13:03:00+02:00;41949_D;45;6;75;freeFlow;2
2025-07-02T13:03:00+02:00;41949_G;22;12;57;heavy;1
2025-07-02T13:03:00+02:00;41974_D;51;4;60;freeFlow;1
2025-07-02T13:03:00+02:00;41974_G;6;39;100;congested;3
2025-07-02T13:03:00+02:00;41975_D;74;4;60;freeFlow;1
2025-07-02T13:03:00+02:00;41975_G;30;11;60;heavy;1
2025-07-02T13:03:00+02:00;41985_D;21;4;75;heavy;2
2025-07-02T13:03:00+02:00;41985_G;21;4;60;heavy;1
2025-07-02T13:03:00+02:00;42064_D;30;7;60;heavy;1
2025-07-02T13:03:00+02:00;42064_G;23;9;60;heavy;1
2025-07-02T13:03:00+02:00;420870_D;40;6;15;freeFlow;1
2025-07-02T13:03:00+02:00;420870_G;47;5;22;freeFlow;1
2025-07-02T13:03:00+02:00;42206_G;31;30;60;heavy;1
2025-07-02T13:03:00+02:00;42238_G;44;8;60;freeFlow;1
2025-07-02T13:03:00+02:00;42239_D;50;6;0;unknown;0
2025-07-02T13:03:00+02:00;42239_G;30;9;60;heavy;1
2025-07-02T13:03:00+02:00;42240_D;1;1050;65;congested;2
2025-07-02T13:03:00+02:00;42240_G;3;219;60;congested;1
2025-07-02T13:03:00+02:00;42241_D;28;24;73;heavy;2
2025-07-02T13:03:00+02:00;42241_G;7;94;26;congested;1
2025-07-02T13:03:00+02:00;42242_D;9;33;100;congested;3
2025-07-02T13:03:00+02:00;42242_G;32;9;25;heavy;1
2025-07-02T13:03:00+02:00;42683_D;21;16;60;heavy;1
2025-07-02T13:03:00+02:00;42683_G;53;6;60;freeFlow;1
2025-07-02T13:03:00+02:00;42714_D;68;3;60;freeFlow;1
2025-07-02T13:03:00+02:00;42714_G;20;10;60;heavy;1
2025-07-02T13:03:00+02:00;42716_D;17;5;75;heavy;2
2025-07-02T13:03:00+02:00;42716_G;22;4;57;heavy;1
2025-07-02T13:03:00+02:00;43449_D;30;7;0;unknown;0
2025-07-02T13:03:00+02:00;43449_G;18;12;73;heavy;2
2025-07-02T13:03:00+02:00;43450_D;23;13;17;freeFlow;1
2025-07-02T13:03:00+02:00;43450_G;10;30;57;heavy;1
2025-07-02T13:03:00+02:00;43451_G;20;24;100;heavy;3
2025-07-02T13:03:00+02:00;43452_D;30;5;0;unknown;0
2025-07-02T13:03:00+02:00;43452_G;21;8;75;freeFlow;2
2025-07-02T13:03:00+02:00;43475_D;50;4;0;unknown;0
2025-07-02T13:03:00+02:00;43475_G;50;4;0;unknown;0
2025-07-02T13:03:00+02:00;43622_D;25;4;50;heavy;1
2025-07-02T13:03:00+02:00;43622_G;28;3;42;heavy;1
2025-07-02T13:03:00+02:00;43623_D;25;8;50;heavy;1
2025-07-02T13:03:00+02:00;43623_G;28;7;50;heavy;1
2025-07-02T13:03:00+02:00;43624_D;50;5;0;unknown;0
2025-07-02T13:03:00+02:00;43624_G;17;13;42;heavy;1
2025-07-02T13:03:00+02:00;43625_D;25;15;48;heavy;1
2025-07-02T13:03:00+02:00;43625_G;12;31;45;congested;1
2025-07-02T13:03:00+02:00;43657_D;9;10;60;congested;2
2025-07-02T13:03:00+02:00;43657_G;25;3;48;heavy;1
2025-07-02T13:03:00+02:00;43659_D;30;5;0;unknown;0
2025-07-02T13:03:00+02:00;43659_G;16;9;100;heavy;3
2025-07-02T13:03:00+02:00;44039_D;50;2;0;unknown;0
2025-07-02T13:03:00+02:00;44039_G;50;2;0;unknown;0
2025-07-02T13:03:00+02:00;44040_D;50;9;0;unknown;0
2025-07-02T13:03:00+02:00;44040_G;50;9;0;unknown;0
2025-07-02T13:03:00+02:00;44041_D;50;9;0;unknown;0
2025-07-02T13:03:00+02:00;44041_G;50;9;0;unknown;0
2025-07-02T13:03:00+02:00;44042_D;50;10;0;unknown;0
2025-07-02T13:03:00+02:00;44042_G;50;9;0;unknown;0
2025-07-02T13:03:00+02:00;44071_D;30;9;0;unknown;0
2025-07-02T13:03:00+02:00;44071_G;18;17;12;heavy;1
2025-07-02T13:03:00+02:00;44080;34;4;60;heavy;1
2025-07-02T13:03:00+02:00;44113_D;34;8;60;heavy;1
2025-07-02T13:03:00+02:00;44113_G;23;13;60;heavy;1
2025-07-02T13:03:00+02:00;44114_D;38;7;60;freeFlow;1
2025-07-02T13:03:00+02:00;44114_G;31;8;60;heavy;1
2025-07-02T13:03:00+02:00;44115_D;41;8;60;freeFlow;1
2025-07-02T13:03:00+02:00;44115_G;31;11;60;heavy;1
2025-07-02T13:03:00+02:00;44117_D;41;7;60;freeFlow;1
2025-07-02T13:03:00+02:00;44117_G;35;7;60;heavy;1
2025-07-02T13:03:00+02:00;44118_D;41;5;60;freeFlow;1
2025-07-02T13:03:00+02:00;44118_G;26;8;60;heavy;1
2025-07-02T13:03:00+02:00;44125_D;50;3;0;unknown;0
2025-07-02T13:03:00+02:00;44125_G;23;6;60;heavy;1
2025-07-02T13:03:00+02:00;44127;50;6;0;unknown;0
2025-07-02T13:03:00+02:00;44128;50;7;0;unknown;0
2025-07-02T13:03:00+02:00;44170_D;50;3;0;unknown;0
2025-07-02T13:03:00+02:00;44170_G;35;5;60;heavy;1
2025-07-02T13:03:00+02:00;44713_D;32;1;75;heavy;2
2025-07-02T13:03:00+02:00;44713_G;25;1;45;heavy;1
2025-07-02T13:03:00+02:00;44930;50;4;55;freeFlow;1
2025-07-02T13:03:00+02:00;44931;64;10;60;freeFlow;1
2025-07-02T13:03:00+02:00;44934;86;23;100;freeFlow;6
2025-07-02T13:03:00+02:00;45486_G;34;6;27;heavy;1
2025-07-02T13:03:00+02:00;45487_G;31;8;27;heavy;1
2025-07-02T13:03:00+02:00;45488_D;35;19;12;freeFlow;1
2025-07-02T13:03:00+02:00;45488_G;36;19;27;freeFlow;1
2025-07-02T13:03:00+02:00;45489_D;39;7;12;freeFlow;1
2025-07-02T13:03:00+02:00;45489_G;41;6;25;freeFlow;1
2025-07-02T13:03:00+02:00;45490_D;41;4;12;freeFlow;1
2025-07-02T13:03:00+02:00;45490_G;36;4;25;freeFlow;1
2025-07-02T13:03:00+02:00;45503_D;28;5;60;heavy;1
2025-07-02T13:03:00+02:00;45503_G;19;7;12;heavy;1
2025-07-02T13:03:00+02:00;45504_D;22;7;75;heavy;2
2025-07-02T13:03:00+02:00;45504_G;36;4;10;freeFlow;1
2025-07-02T13:03:00+02:00;45505_D;25;13;73;heavy;2
2025-07-02T13:03:00+02:00;45505_G;37;9;10;freeFlow;1
2025-07-02T13:03:00+02:00;45530_D;50;1;0;unknown;0
2025-07-02T13:03:00+02:00;45530_G;28;3;60;freeFlow;1
2025-07-02T13:03:00+02:00;45531_D;41;1;60;freeFlow;1
2025-07-02T13:03:00+02:00;45531_G;14;4;57;heavy;1
2025-07-02T13:03:00+02:00;45532_D;26;8;17;freeFlow;1
2025-07-02T13:03:00+02:00;45532_G;26;8;57;freeFlow;1
2025-07-02T13:03:00+02:00;45565_D;48;7;48;freeFlow;1
2025-07-02T13:03:00+02:00;45565_G;50;6;0;unknown;0
2025-07-02T13:03:00+02:00;45566_D;42;6;48;freeFlow;1
2025-07-02T13:03:00+02:00;45566_G;50;5;0;unknown;0
2025-07-02T13:03:00+02:00;45567_D;28;10;55;heavy;1
2025-07-02T13:03:00+02:00;45567_G;50;6;0;unknown;0
2025-07-02T13:03:00+02:00;45568_D;13;33;48;congested;1
2025-07-02T13:03:00+02:00;45568_G;19;26;12;heavy;1
2025-07-02T13:03:00+02:00;45601_D;17;18;60;heavy;1
2025-07-02T13:03:00+02:00;45601_G;32;10;57;heavy;1
2025-07-02T13:03:00+02:00;45613_D;28;11;10;heavy;1
2025-07-02T13:03:00+02:00;45613_G;33;10;43;heavy;2
2025-07-02T13:03:00+02:00;45614_D;39;5;12;freeFlow;1
2025-07-02T13:03:00+02:00;45614_G;17;13;25;heavy;1
2025-07-02T13:03:00+02:00;45636;57;20;75;freeFlow;2
2025-07-02T13:03:00+02:00;45637;87;13;100;freeFlow;6
2025-07-02T13:03:00+02:00;45640;46;11;60;freeFlow;1
2025-07-02T13:03:00+02:00;45641;54;23;100;freeFlow;6
2025-07-02T13:03:00+02:00;45642;85;25;100;freeFlow;8
2025-07-02T13:03:00+02:00;45644_D;25;37;40;heavy;2
2025-07-02T13:03:00+02:00;45644_G;16;61;48;heavy;1
2025-07-02T13:03:00+02:00;45645_G;45;13;45;freeFlow;1
2025-07-02T13:03:00+02:00;45725;84;37;100;freeFlow;7
2025-07-02T13:03:00+02:00;45736_D;16;29;43;heavy;2
2025-07-02T13:03:00+02:00;45736_G;42;11;45;freeFlow;1
2025-07-02T13:03:00+02:00;45759_D;8;49;22;congested;1
2025-07-02T13:03:00+02:00;45759_G;10;37;52;congested;1
2025-07-02T13:03:00+02:00;45760_D;10;28;22;congested;1
2025-07-02T13:03:00+02:00;45760_G;28;10;50;heavy;1
2025-07-02T13:03:00+02:00;45761_G;35;9;50;heavy;1
2025-07-02T13:03:00+02:00;45762_D;30;8;22;heavy;1
2025-07-02T13:03:00+02:00;45762_G;36;7;50;freeFlow;1
2025-07-02T13:03:00+02:00;45849_D;50;2;0;unknown;0
2025-07-02T13:03:00+02:00;45849_G;10;9;20;congested;1
2025-07-02T13:03:00+02:00;45850_D;8;12;17;congested;1
2025-07-02T13:03:00+02:00;45850_G;50;2;0;unknown;0
2025-07-02T13:03:00+02:00;45865_G;55;7;60;freeFlow;1
2025-07-02T13:03:00+02:00;46027;31;2;70;heavy;2
2025-07-02T13:03:00+02:00;46028;11;64;60;congested;1
2025-07-02T13:03:00+02:00;46029;15;11;60;heavy;1
2025-07-02T13:03:00+02:00;46036_D;25;20;48;heavy;1
2025-07-02T13:03:00+02:00;46036_G;8;63;12;congested;1
2025-07-02T13:03:00+02:00;46053_G;24;16;52;heavy;1
2025-07-02T13:03:00+02:00;46054_D;39;5;60;freeFlow;1
2025-07-02T13:03:00+02:00;46054_G;33;6;52;heavy;1
2025-07-02T13:03:00+02:00;46055_D;38;7;60;freeFlow;1
2025-07-02T13:03:00+02:00;46055_G;45;5;52;freeFlow;1
2025-07-02T13:03:00+02:00;46056_G;48;2;52;freeFlow;1
2025-07-02T13:03:00+02:00;46057_D;39;5;60;freeFlow;1
2025-07-02T13:03:00+02:00;46057_G;49;4;52;freeFlow;1
2025-07-02T13:03:00+02:00;46058_D;43;8;60;freeFlow;1
2025-07-02T13:03:00+02:00;46058_G;31;11;52;heavy;1
2025-07-02T13:03:00+02:00;46059_D;31;20;60;heavy;1
2025-07-02T13:03:00+02:00;46059_G;46;13;52;freeFlow;1
2025-07-02T13:03:00+02:00;46079_D;42;7;60;freeFlow;1
2025-07-02T13:03:00+02:00;46079_G;39;8;52;freeFlow;1
2025-07-02T13:03:00+02:00;46080_D;27;18;60;heavy;1
2025-07-02T13:03:00+02:00;46080_G;46;10;52;freeFlow;1
2025-07-02T13:03:00+02:00;46081;30;8;48;heavy;1
2025-07-02T13:03:00+02:00;46135;50;7;0;unknown;0
2025-07-02T13:03:00+02:00;46136;50;6;0;unknown;0
2025-07-02T13:03:00+02:00;46137;43;11;60;freeFlow;1
2025-07-02T13:03:00+02:00;46163;8;40;57;congested;2
2025-07-02T13:03:00+02:00;46228;82;13;60;freeFlow;1
2025-07-02T13:03:00+02:00;46230;67;21;100;freeFlow;7
2025-07-02T13:03:00+02:00;46251_D;42;4;12;freeFlow;1
2025-07-02T13:03:00+02:00;46251_G;9;20;25;congested;1
2025-07-02T13:03:00+02:00;46264;70;23;15;freeFlow;1
2025-07-02T13:03:00+02:00;46265;87;8;100;freeFlow;5
2025-07-02T13:03:00+02:00;46266;75;3;100;freeFlow;7
2025-07-02T13:03:00+02:00;46267;82;10;100;freeFlow;6
2025-07-02T13:03:00+02:00;46268;82;18;100;freeFlow;5
2025-07-02T13:03:00+02:00;46270_D;32;7;48;heavy;1
2025-07-02T13:03:00+02:00;46270_G;29;8;60;heavy;1
2025-07-02T13:03:00+02:00;46271_D;35;7;48;freeFlow;1
2025-07-02T13:03:00+02:00;46271_G;29;9;75;heavy;2
2025-07-02T13:03:00+02:00;46374_D;31;40;30;heavy;1
2025-07-02T13:03:00+02:00;46374_G;50;25;0;unknown;0
2025-07-02T13:03:00+02:00;46375_D;33;14;32;heavy;1
2025-07-02T13:03:00+02:00;46375_G;50;10;0;unknown;0
2025-07-02T13:03:00+02:00;46376_D;33;21;32;heavy;1
2025-07-02T13:03:00+02:00;46376_G;50;14;0;unknown;0
2025-07-02T13:03:00+02:00;46377_D;34;12;35;heavy;1
2025-07-02T13:03:00+02:00;46377_G;50;8;0;unknown;0
2025-07-02T13:03:00+02:00;46427_D;32;12;30;heavy;1
2025-07-02T13:03:00+02:00;46427_G;50;7;0;unknown;0
2025-07-02T13:03:00+02:00;46559_D;45;1;38;freeFlow;1
2025-07-02T13:03:00+02:00;46559_G;50;1;0;unknown;0
2025-07-02T13:03:00+02:00;46560_D;38;10;40;freeFlow;1
2025-07-02T13:03:00+02:00;46560_G;50;8;0;unknown;0
2025-07-02T13:03:00+02:00;46561_D;35;7;40;heavy;1
2025-07-02T13:03:00+02:00;46561_G;50;5;0;unknown;0
2025-07-02T13:03:00+02:00;46562_D;35;3;40;heavy;1
2025-07-02T13:03:00+02:00;46562_G;50;2;0;unknown;0
2025-07-02T13:03:00+02:00;46563_D;43;10;40;freeFlow;1
2025-07-02T13:03:00+02:00;46563_G;50;9;0;unknown;0
2025-07-02T13:03:00+02:00;46564_D;26;8;40;heavy;1
2025-07-02T13:03:00+02:00;46564_G;13;16;0;unknown;0
2025-07-02T13:03:00+02:00;46565_D;24;7;40;heavy;1
2025-07-02T13:03:00+02:00;46565_G;50;4;0;unknown;0
2025-07-02T13:03:00+02:00;46566_D;40;6;40;freeFlow;1
2025-07-02T13:03:00+02:00;46566_G;50;5;0;unknown;0
2025-07-02T13:03:00+02:00;46567_G;50;2;0;unknown;0
2025-07-02T13:03:00+02:00;46568_D;29;2;35;heavy;1
2025-07-02T13:03:00+02:00;46568_G;18;4;57;heavy;1
2025-07-02T13:03:00+02:00;46569_D;10;50;38;congested;1
2025-07-02T13:03:00+02:00;46569_G;14;35;10;congested;1
2025-07-02T13:03:00+02:00;46627_D;23;23;38;heavy;1
2025-07-02T13:03:00+02:00;46627_G;50;11;0;unknown;0
2025-07-02T13:03:00+02:00;46628_D;39;10;40;freeFlow;1
2025-07-02T13:03:00+02:00;46628_G;50;8;0;unknown;0
2025-07-02T13:03:00+02:00;46640;27;28;60;heavy;1
2025-07-02T13:03:00+02:00;46641;23;17;52;heavy;1
2025-07-02T13:03:00+02:00;46643;17;10;0;unknown;0
2025-07-02T13:03:00+02:00;46649;18;22;50;heavy;1
2025-07-02T13:03:00+02:00;46653_D;45;14;42;freeFlow;1
2025-07-02T13:03:00+02:00;46653_G;50;12;0;unknown;0
2025-07-02T13:03:00+02:00;46654_D;13;40;42;congested;1
2025-07-02T13:03:00+02:00;46654_G;50;10;0;unknown;0
2025-07-02T13:03:00+02:00;46655_D;24;7;45;heavy;1
2025-07-02T13:03:00+02:00;46655_G;50;3;0;unknown;0
2025-07-02T13:03:00+02:00;46682;23;22;15;heavy;1
2025-07-02T13:03:00+02:00;46683;6;9;57;congested;1
2025-07-02T13:03:00+02:00;46684;49;10;45;freeFlow;1
2025-07-02T13:03:00+02:00;46685;54;19;100;freeFlow;3
2025-07-02T13:03:00+02:00;46686;107;12;25;freeFlow;1
2025-07-02T13:03:00+02:00;46688;97;12;38;freeFlow;2
2025-07-02T13:03:00+02:00;46716;95;1;100;freeFlow;4
2025-07-02T13:03:00+02:00;46717;87;43;100;freeFlow;8
2025-07-02T13:03:00+02:00;46718;93;11;100;freeFlow;4
2025-07-02T13:03:00+02:00;46719;74;10;43;freeFlow;2
2025-07-02T13:03:00+02:00;46720;39;5;17;heavy;1
2025-07-02T13:03:00+02:00;46728;81;4;100;freeFlow;3
2025-07-02T13:03:00+02:00;46745_D;49;12;0;unknown;0
2025-07-02T13:03:00+02:00;46745_G;23;26;22;heavy;1
2025-07-02T13:03:00+02:00;46746_D;22;39;53;heavy;2
2025-07-02T13:03:00+02:00;46746_G;18;50;64;heavy;2
2025-07-02T13:03:00+02:00;46975;50;3;0;unknown;0
2025-07-02T13:03:00+02:00;47024;19;9;60;heavy;1
2025-07-02T13:03:00+02:00;47025;29;13;75;heavy;2
2025-07-02T13:03:00+02:00;47030;18;18;65;heavy;2
2025-07-02T13:03:00+02:00;47057;86;10;100;freeFlow;8
2025-07-02T13:03:00+02:00;47058;85;22;100;freeFlow;8
2025-07-02T13:03:00+02:00;47059;85;15;100;freeFlow;3
2025-07-02T13:03:00+02:00;47060;92;10;100;freeFlow;4
2025-07-02T13:03:00+02:00;47062;47;18;48;freeFlow;1
2025-07-02T13:03:00+02:00;47064;51;2;60;freeFlow;1
2025-07-02T13:03:00+02:00;47066;56;2;100;freeFlow;3
2025-07-02T13:03:00+02:00;47068;35;19;60;heavy;1
2025-07-02T13:03:00+02:00;47070;46;6;100;freeFlow;4
2025-07-02T13:03:00+02:00;47071;68;13;75;freeFlow;2
2025-07-02T13:03:00+02:00;47074;121;4;63;freeFlow;3
2025-07-02T13:03:00+02:00;47075;108;2;60;freeFlow;1
2025-07-02T13:03:00+02:00;47078;76;32;100;freeFlow;4
2025-07-02T13:03:00+02:00;47101;14;28;60;congested;1
2025-07-02T13:03:00+02:00;47107;85;6;75;freeFlow;2
2025-07-02T13:03:00+02:00;47108;64;13;62;freeFlow;2
2025-07-02T13:03:00+02:00;47109;56;1;100;freeFlow;3
2025-07-02T13:03:00+02:00;47110;51;15;100;freeFlow;3
2025-07-02T13:03:00+02:00;47111;91;20;100;freeFlow;6
2025-07-02T13:03:00+02:00;47112;65;13;98;freeFlow;5
2025-07-02T13:03:00+02:00;47113;107;5;99;freeFlow;3
2025-07-02T13:03:00+02:00;47114;66;21;38;freeFlow;2
2025-07-02T13:03:00+02:00;47115;102;14;60;freeFlow;1
2025-07-02T13:03:00+02:00;47238;81;7;100;freeFlow;8
2025-07-02T13:03:00+02:00;47240;92;16;100;freeFlow;9
2025-07-02T13:03:00+02:00;47241;87;12;100;freeFlow;4
2025-07-02T13:03:00+02:00;47242;86;15;100;freeFlow;6
2025-07-02T13:03:00+02:00;47243;87;16;100;freeFlow;7
2025-07-02T13:03:00+02:00;47290;14;37;48;congested;1
2025-07-02T13:03:00+02:00;47293;79;7;100;freeFlow;6
2025-07-02T13:03:00+02:00;47299;40;9;100;heavy;3
2025-07-02T13:03:00+02:00;47300;66;18;60;freeFlow;1
2025-07-02T13:03:00+02:00;47306;90;22;100;freeFlow;9
2025-07-02T13:03:00+02:00;47316;57;5;75;freeFlow;2
2025-07-02T13:03:00+02:00;47428_D;50;5;0;unknown;0
2025-07-02T13:03:00+02:00;47428_G;50;5;0;unknown;0
2025-07-02T13:03:00+02:00;48769_D;13;11;40;congested;2
2025-07-02T13:03:00+02:00;48769_G;34;4;48;heavy;1
2025-07-02T13:03:00+02:00;48890;27;1;10;heavy;1
2025-07-02T13:03:00+02:00;48891;27;1;10;heavy;1
2025-07-02T13:03:00+02:00;48958_D;10;22;20;congested;1
2025-07-02T13:03:00+02:00;48958_G;13;17;42;congested;1
2025-07-02T13:03:00+02:00;489866_G;50;4;22;freeFlow;1
2025-07-02T13:03:00+02:00;49004;48;5;75;freeFlow;2
2025-07-02T13:03:00+02:00;490194_D;45;2;75;freeFlow;2
2025-07-02T13:03:00+02:00;490194_G;22;3;57;heavy;1
2025-07-02T13:03:00+02:00;49023;92;6;52;freeFlow;1
2025-07-02T13:03:00+02:00;49068;16;39;98;heavy;3
2025-07-02T13:03:00+02:00;49074;50;2;60;freeFlow;1
2025-07-02T13:03:00+02:00;49075;34;3;25;heavy;1
2025-07-02T13:03:00+02:00;49081;66;8;60;freeFlow;1
2025-07-02T13:03:00+02:00;49084;35;12;45;freeFlow;1
2025-07-02T13:03:00+02:00;49137_D;50;4;0;unknown;0
2025-07-02T13:03:00+02:00;49137_G;50;4;0;unknown;0
2025-07-02T13:03:00+02:00;49184;35;3;60;heavy;1
2025-07-02T13:03:00+02:00;492351_G;32;4;25;heavy;1
2025-07-02T13:03:00+02:00;492359_D;38;7;12;freeFlow;1
2025-07-02T13:03:00+02:00;492363_D;50;9;0;unknown;0
2025-07-02T13:03:00+02:00;492363_G;50;10;0;unknown;0
2025-07-02T13:03:00+02:00;492435;16;27;74;heavy;2
2025-07-02T13:03:00+02:00;492445_G;14;44;75;congested;2
2025-07-02T13:03:00+02:00;492450;30;17;60;heavy;1
2025-07-02T13:03:00+02:00;492452;51;10;75;freeFlow;2
2025-07-02T13:03:00+02:00;492459;29;2;30;freeFlow;1
2025-07-02T13:03:00+02:00;492474;4;43;27;congested;1
2025-07-02T13:03:00+02:00;492475;45;19;22;heavy;1
2025-07-02T13:03:00+02:00;492476;16;30;75;heavy;2
2025-07-02T13:03:00+02:00;492477;33;3;60;heavy;1
2025-07-02T13:03:00+02:00;492479;54;12;60;freeFlow;1
2025-07-02T13:03:00+02:00;492481;50;3;0;unknown;0
2025-07-02T13:03:00+02:00;492482;42;3;60;freeFlow;1
2025-07-02T13:03:00+02:00;492483;54;3;75;freeFlow;2
2025-07-02T13:03:00+02:00;492485;45;1;74;freeFlow;2
2025-07-02T13:03:00+02:00;492490;38;9;70;freeFlow;2
2025-07-02T13:03:00+02:00;492495;21;2;27;congested;1
2025-07-02T13:03:00+02:00;492498;88;5;60;freeFlow;1
2025-07-02T13:03:00+02:00;492506;17;13;60;heavy;1
2025-07-02T13:03:00+02:00;492512;50;2;0;unknown;0
2025-07-02T13:03:00+02:00;492514;42;1;60;freeFlow;1
2025-07-02T13:03:00+02:00;492519;39;13;60;freeFlow;1
2025-07-02T13:03:00+02:00;492574;54;3;75;freeFlow;2
2025-07-02T13:03:00+02:00;492576;88;0;60;freeFlow;1
2025-07-02T13:03:00+02:00;49328_D;50;2;0;unknown;0
2025-07-02T13:03:00+02:00;49328_G;31;4;60;heavy;1
2025-07-02T13:03:00+02:00;49686_D;50;3;0;unknown;0
2025-07-02T13:03:00+02:00;49686_G;50;3;0;unknown;0
2025-07-02T13:03:00+02:00;50079_D;30;8;0;unknown;0
2025-07-02T13:03:00+02:00;50079_G;18;13;57;heavy;1
2025-07-02T13:03:00+02:00;50191_D;33;16;60;heavy;1
2025-07-02T13:03:00+02:00;50191_G;35;15;57;freeFlow;1
2025-07-02T13:03:00+02:00;50308_G;50;6;22;freeFlow;1
2025-07-02T13:03:00+02:00;50355_D;38;8;12;freeFlow;1
2025-07-02T13:03:00+02:00;50355_G;34;8;22;heavy;1
2025-07-02T13:03:00+02:00;50416_D;40;3;15;freeFlow;1
2025-07-02T13:03:00+02:00;50416_G;46;3;22;freeFlow;1
2025-07-02T13:03:00+02:00;50475;44;9;60;freeFlow;1
2025-07-02T13:03:00+02:00;50509;44;10;57;freeFlow;1
2025-07-02T13:03:00+02:00;50573_D;30;8;0;unknown;0
2025-07-02T13:03:00+02:00;50573_G;17;12;10;heavy;1
2025-07-02T13:03:00+02:00;51008;29;5;0;unknown;0
2025-07-02T13:03:00+02:00;51017;23;6;17;heavy;1
2025-07-02T13:03:00+02:00;51159_D;21;31;32;heavy;1
2025-07-02T13:03:00+02:00;51159_G;50;13;0;unknown;0
2025-07-02T13:03:00+02:00;51254_D;35;8;35;heavy;1
2025-07-02T13:03:00+02:00;51254_G;50;6;0;unknown;0
2025-07-02T13:03:00+02:00;51323_D;36;4;60;freeFlow;1
2025-07-02T13:03:00+02:00;51323_G;29;7;57;heavy;1
2025-07-02T13:03:00+02:00;51437_D;48;3;48;freeFlow;1
2025-07-02T13:03:00+02:00;51437_G;50;3;0;unknown;0
2025-07-02T13:03:00+02:00;51455_D;11;25;48;congested;1
2025-07-02T13:03:00+02:00;51455_G;38;7;0;unknown;0
2025-07-02T13:03:00+02:00;51797;55;4;60;freeFlow;1
2025-07-02T13:03:00+02:00;52130;50;4;0;unknown;0
2025-07-02T13:03:00+02:00;53329_D;8;22;17;congested;1
2025-07-02T13:03:00+02:00;53329_G;8;20;17;congested;1
2025-07-02T13:03:00+02:00;53336_D;49;8;0;unknown;0
2025-07-02T13:03:00+02:00;53336_G;30;13;22;heavy;1
2025-07-02T13:03:00+02:00;53411_D;21;18;35;heavy;1
2025-07-02T13:03:00+02:00;53539_G;45;4;75;freeFlow;2
2025-07-02T13:03:00+02:00;53542;82;5;60;freeFlow;1
2025-07-02T13:03:00+02:00;53543;84;5;20;freeFlow;1
2025-07-02T13:03:00+02:00;53575_D;50;13;0;unknown;0
2025-07-02T13:03:00+02:00;53575_G;50;12;0;unknown;0
2025-07-02T13:03:00+02:00;53656;54;2;17;freeFlow;1
2025-07-02T13:03:00+02:00;53660;29;12;60;heavy;1
2025-07-02T13:03:00+02:00;53663;34;4;38;heavy;1
2025-07-02T13:03:00+02:00;53675;56;1;60;freeFlow;1
2025-07-02T13:03:00+02:00;53676;43;3;100;heavy;4
2025-07-02T13:03:00+02:00;53677;49;12;100;freeFlow;3
2025-07-02T13:03:00+02:00;53678;56;1;60;freeFlow;1
2025-07-02T13:03:00+02:00;53679;56;2;60;freeFlow;1
2025-07-02T13:03:00+02:00;53681;41;48;48;freeFlow;1
2025-07-02T13:03:00+02:00;53721;50;1;0;unknown;0
2025-07-02T13:03:00+02:00;53885_D;10;53;75;congested;2
2025-07-02T13:03:00+02:00;53885_G;26;20;59;heavy;1
2025-07-02T13:03:00+02:00;54211;24;27;60;heavy;1
2025-07-02T13:03:00+02:00;54334_D;23;2;17;heavy;1
2025-07-02T13:03:00+02:00;54334_G;18;2;12;heavy;1
2025-07-02T13:03:00+02:00;54337;16;50;55;heavy;1
2025-07-02T13:03:00+02:00;54361;20;10;57;heavy;2
2025-07-02T13:03:00+02:00;54580_G;18;32;72;heavy;2
2025-07-02T13:03:00+02:00;54707;54;8;75;freeFlow;2
2025-07-02T13:03:00+02:00;54709;34;1;25;heavy;1
2025-07-02T13:03:00+02:00;54710;57;4;75;freeFlow;2
2025-07-02T13:03:00+02:00;55397_D;12;6;27;congested;1
2025-07-02T13:03:00+02:00;55397_G;30;2;45;heavy;1
2025-07-02T13:03:00+02:00;55401;34;11;45;heavy;1
2025-07-02T13:03:00+02:00;55405;25;2;45;heavy;1
2025-07-02T13:03:00+02:00;55406;27;7;50;heavy;1
2025-07-02T13:03:00+02:00;55407;26;5;50;heavy;1
2025-07-02T13:03:00+02:00;55408;26;6;50;heavy;1
2025-07-02T13:03:00+02:00;55440_D;50;3;60;freeFlow;1
2025-07-02T13:03:00+02:00;55440_G;30;6;73;freeFlow;2
2025-07-02T13:03:00+02:00;55443_D;15;5;75;heavy;2
2025-07-02T13:03:00+02:00;55443_G;26;2;57;heavy;1
2025-07-02T13:03:00+02:00;55446;26;3;66;heavy;2
2025-07-02T13:03:00+02:00;55447;30;2;57;heavy;1
2025-07-02T13:03:00+02:00;55448;19;4;32;heavy;1
2025-07-02T13:03:00+02:00;55449;19;3;32;heavy;1
2025-07-02T13:03:00+02:00;55516;50;2;0;unknown;0
2025-07-02T13:03:00+02:00;55669;22;10;55;heavy;1
2025-07-02T13:03:00+02:00;55671;50;7;0;unknown;0
2025-07-02T13:03:00+02:00;55696;50;15;0;unknown;0
2025-07-02T13:03:00+02:00;55698;50;9;0;unknown;0
2025-07-02T13:03:00+02:00;55700;50;8;0;unknown;0
2025-07-02T13:03:00+02:00;55703;27;5;10;heavy;1
2025-07-02T13:03:00+02:00;55706;50;1;0;unknown;0
2025-07-02T13:03:00+02:00;55707;50;7;0;unknown;0
2025-07-02T13:03:00+02:00;55708;27;5;10;heavy;1
2025-07-02T13:03:00+02:00;55710;29;23;0;unknown;0
2025-07-02T13:03:00+02:00;55711;27;2;10;heavy;1
2025-07-02T13:03:00+02:00;55713;50;14;0;unknown;0
2025-07-02T13:03:00+02:00;55781_D;13;9;60;congested;1
2025-07-02T13:03:00+02:00;55781_G;33;4;50;heavy;1
2025-07-02T13:03:00+02:00;55800;32;10;60;heavy;1
2025-07-02T13:03:00+02:00;55801;42;4;48;freeFlow;1
2025-07-02T13:03:00+02:00;55805;38;6;60;freeFlow;1
2025-07-02T13:03:00+02:00;55806;32;16;60;heavy;1
2025-07-02T13:03:00+02:00;55811;31;11;60;heavy;1
2025-07-02T13:03:00+02:00;55814;31;4;60;heavy;1
2025-07-02T13:03:00+02:00;55815;25;1;45;heavy;1
2025-07-02T13:03:00+02:00;55820;50;1;0;unknown;0
2025-07-02T13:03:00+02:00;55821;25;5;66;heavy;3
2025-07-02T13:03:00+02:00;55822;35;3;48;heavy;1
2025-07-02T13:03:00+02:00;55823;50;1;0;unknown;0
2025-07-02T13:03:00+02:00;55824;32;2;60;heavy;1
2025-07-02T13:03:00+02:00;55827;43;2;100;heavy;4
2025-07-02T13:03:00+02:00;55830;40;2;100;heavy;3
2025-07-02T13:03:00+02:00;55841;29;16;57;heavy;1
2025-07-02T13:03:00+02:00;55843;50;1;0;unknown;0
2025-07-02T13:03:00+02:00;55879;42;2;100;freeFlow;3
2025-07-02T13:03:00+02:00;55883;43;2;100;freeFlow;3
2025-07-02T13:03:00+02:00;55887;42;13;48;freeFlow;1
2025-07-02T13:03:00+02:00;55888;53;11;75;freeFlow;2
2025-07-02T13:03:00+02:00;55889;27;3;65;heavy;2
2025-07-02T13:03:00+02:00;55890;40;2;75;freeFlow;2
2025-07-02T13:03:00+02:00;55894;19;4;60;heavy;1
2025-07-02T13:03:00+02:00;55896;23;3;68;heavy;2
2025-07-02T13:03:00+02:00;55898;39;15;60;freeFlow;1
2025-07-02T13:03:00+02:00;55899;55;6;60;freeFlow;1
2025-07-02T13:03:00+02:00;55926_D;35;6;50;freeFlow;1
2025-07-02T13:03:00+02:00;55926_G;28;8;75;heavy;2
2025-07-02T13:03:00+02:00;55932;29;2;75;heavy;2
2025-07-02T13:03:00+02:00;55933;42;3;50;freeFlow;1
2025-07-02T13:03:00+02:00;55958;30;2;60;heavy;1
2025-07-02T13:03:00+02:00;55959;35;2;60;heavy;1
2025-07-02T13:03:00+02:00;55974;55;1;60;freeFlow;1
2025-07-02T13:03:00+02:00;55975;57;2;100;freeFlow;3
2025-07-02T13:03:00+02:00;55977;49;3;60;freeFlow;1
2025-07-02T13:03:00+02:00;55978;56;2;60;freeFlow;1
2025-07-02T13:03:00+02:00;55980;32;8;75;heavy;2
2025-07-02T13:03:00+02:00;55981;43;6;57;freeFlow;1
2025-07-02T13:03:00+02:00;56019;31;2;60;heavy;1
2025-07-02T13:03:00+02:00;56020;29;2;75;heavy;2
2025-07-02T13:03:00+02:00;56113;50;5;0;unknown;0
2025-07-02T13:03:00+02:00;56115;50;4;0;unknown;0
2025-07-02T13:03:00+02:00;56117;5;52;15;congested;1
2025-07-02T13:03:00+02:00;56118;35;1;38;freeFlow;1
2025-07-02T13:03:00+02:00;56124;35;2;38;freeFlow;1
2025-07-02T13:03:00+02:00;56125;50;1;0;unknown;0
2025-07-02T13:03:00+02:00;56126;50;3;0;unknown;0
2025-07-02T13:03:00+02:00;56128;50;1;0;unknown;0
2025-07-02T13:03:00+02:00;56157_D;30;13;0;unknown;0
2025-07-02T13:03:00+02:00;56157_G;30;13;0;unknown;0
2025-07-02T13:03:00+02:00;56165_D;30;2;0;unknown;0
2025-07-02T13:03:00+02:00;56165_G;30;2;0;unknown;0
2025-07-02T13:03:00+02:00;56170;50;1;0;unknown;0
2025-07-02T13:03:00+02:00;56174;50;5;0;unknown;0
2025-07-02T13:03:00+02:00;56175;50;4;0;unknown;0
2025-07-02T13:03:00+02:00;56179;50;2;0;unknown;0
2025-07-02T13:03:00+02:00;56180;50;1;0;unknown;0
2025-07-02T13:03:00+02:00;56181;50;2;0;unknown;0
2025-07-02T13:03:00+02:00;56182;50;2;0;unknown;0
2025-07-02T13:03:00+02:00;56183;50;1;0;unknown;0
2025-07-02T13:03:00+02:00;56218_D;50;3;0;unknown;0
2025-07-02T13:03:00+02:00;56218_G;50;3;0;unknown;0
2025-07-02T13:03:00+02:00;56223;50;1;0;unknown;0
2025-07-02T13:03:00+02:00;56224;50;8;0;unknown;0
2025-07-02T13:03:00+02:00;56225;50;7;0;unknown;0
2025-07-02T13:03:00+02:00;56229;50;3;0;unknown;0
2025-07-02T13:03:00+02:00;56231;50;2;0;unknown;0
2025-07-02T13:03:00+02:00;56232;50;1;0;unknown;0
2025-07-02T13:03:00+02:00;56233;50;9;0;unknown;0
2025-07-02T13:03:00+02:00;56237;50;9;0;unknown;0
2025-07-02T13:03:00+02:00;56239;30;3;0;unknown;0
2025-07-02T13:03:00+02:00;56247;30;1;0;unknown;0
2025-07-02T13:03:00+02:00;56250;30;21;0;unknown;0
2025-07-02T13:03:00+02:00;56251;31;21;60;freeFlow;1
2025-07-02T13:03:00+02:00;56254;30;1;0;unknown;0
2025-07-02T13:03:00+02:00;56255;37;1;60;freeFlow;1
2025-07-02T13:03:00+02:00;56256;30;1;0;unknown;0
2025-07-02T13:03:00+02:00;56258;30;5;0;unknown;0
2025-07-02T13:03:00+02:00;56260;25;3;60;freeFlow;1
2025-07-02T13:03:00+02:00;56261;30;2;0;unknown;0
2025-07-02T13:03:00+02:00;56263;30;13;0;unknown;0
2025-07-02T13:03:00+02:00;56264;35;11;60;freeFlow;1
2025-07-02T13:03:00+02:00;56298;30;1;0;unknown;0
2025-07-02T13:03:00+02:00;56300;30;1;0;unknown;0
2025-07-02T13:03:00+02:00;56333;31;3;60;heavy;1
2025-07-02T13:03:00+02:00;565804_D;31;14;60;heavy;1
2025-07-02T13:03:00+02:00;565804_G;22;19;57;heavy;1
2025-07-02T13:03:00+02:00;565852;75;2;60;freeFlow;1
2025-07-02T13:03:00+02:00;565853;99;10;60;freeFlow;1
2025-07-02T13:03:00+02:00;566240;92;1;73;freeFlow;2
2025-07-02T13:03:00+02:00;566445_D;30;2;0;unknown;0
2025-07-02T13:03:00+02:00;566445_G;30;3;0;unknown;0
2025-07-02T13:03:00+02:00;566456_D;30;22;0;unknown;0
2025-07-02T13:03:00+02:00;566456_G;30;22;0;unknown;0
2025-07-02T13:03:00+02:00;566457;50;1;0;unknown;0
2025-07-02T13:03:00+02:00;566465_D;30;10;0;unknown;0
2025-07-02T13:03:00+02:00;566465_G;30;10;0;unknown;0
2025-07-02T13:03:00+02:00;56675_D;7;22;65;congested;3
2025-07-02T13:03:00+02:00;56675_G;34;5;48;heavy;1
2025-07-02T13:03:00+02:00;566941;28;3;65;heavy;2
2025-07-02T13:03:00+02:00;56871_D;50;3;0;unknown;0
2025-07-02T13:03:00+02:00;56871_G;50;3;0;unknown;0
2025-07-02T13:03:00+02:00;56908_D;50;8;0;unknown;0
2025-07-02T13:03:00+02:00;56908_G;53;7;60;freeFlow;1
2025-07-02T13:03:00+02:00;56925;87;40;100;freeFlow;7
2025-07-02T13:03:00+02:00;56944_D;50;6;0;unknown;0
2025-07-02T13:03:00+02:00;56944_G;29;10;60;freeFlow;1
2025-07-02T13:03:00+02:00;56945_D;41;6;60;freeFlow;1
2025-07-02T13:03:00+02:00;56945_G;30;7;60;freeFlow;1
2025-07-02T13:03:00+02:00;57082_G;0;637542733;0;unknown;0
2025-07-02T13:03:00+02:00;57083_D;30;14;0;unknown;0
2025-07-02T13:03:00+02:00;57083_G;30;16;0;unknown;0
2025-07-02T13:03:00+02:00;59724;34;4;38;heavy;1
2025-07-02T13:03:00+02:00;59750_D;40;6;15;freeFlow;1
2025-07-02T13:03:00+02:00;59750_G;46;5;22;freeFlow;1
2025-07-02T13:03:00+02:00;59835_D;50;4;0;unknown;0
2025-07-02T13:03:00+02:00;59835_G;35;6;38;freeFlow;1
2025-07-02T13:03:00+02:00;59836;50;2;0;unknown;0
2025-07-02T13:03:00+02:00;59837;35;2;38;freeFlow;1
2025-07-02T13:03:00+02:00;59838;35;4;38;freeFlow;1
2025-07-02T13:03:00+02:00;62559_D;19;16;60;heavy;1
2025-07-02T13:03:00+02:00;62559_G;42;7;52;freeFlow;1
2025-07-02T13:03:00+02:00;62560;35;7;60;heavy;1
2025-07-02T13:03:00+02:00;62565_D;27;3;60;heavy;1
2025-07-02T13:03:00+02:00;62565_G;46;1;52;freeFlow;1
2025-07-02T13:03:00+02:00;62831_D;30;1;22;heavy;1
2025-07-02T13:03:00+02:00;62831_G;37;1;48;freeFlow;1
2025-07-02T13:03:00+02:00;62832_D;30;2;22;heavy;1
2025-07-02T13:03:00+02:00;62832_G;37;2;48;freeFlow;1
2025-07-02T13:03:00+02:00;63045_D;25;6;0;unknown;0
2025-07-02T13:03:00+02:00;63045_G;22;7;75;freeFlow;2
2025-07-02T13:03:00+02:00;63053_D;41;5;60;freeFlow;1
2025-07-02T13:03:00+02:00;63053_G;15;15;60;congested;1
2025-07-02T13:03:00+02:00;63899;71;24;100;freeFlow;6
2025-07-02T13:03:00+02:00;63934;48;1;60;freeFlow;1
2025-07-02T13:03:00+02:00;63935;39;10;100;freeFlow;3
2025-07-02T13:03:00+02:00;63936;29;18;100;heavy;3
2025-07-02T13:03:00+02:00;63939;31;19;93;heavy;4
2025-07-02T13:03:00+02:00;63940;25;3;100;heavy;4
2025-07-02T13:03:00+02:00;63941;28;2;100;heavy;3
2025-07-02T13:03:00+02:00;63942;30;1;100;heavy;3
2025-07-02T13:03:00+02:00;63943;35;2;100;heavy;3
2025-07-02T13:03:00+02:00;63944;45;3;100;freeFlow;3
2025-07-02T13:03:00+02:00;63947;35;3;75;freeFlow;2
2025-07-02T13:03:00+02:00;63950;37;1;75;freeFlow;2
2025-07-02T13:03:00+02:00;63951;32;3;60;heavy;1
2025-07-02T13:03:00+02:00;63952;46;0;75;freeFlow;2
2025-07-02T13:03:00+02:00;63953;31;2;100;heavy;3
2025-07-02T13:03:00+02:00;63970;42;22;92;heavy;3
2025-07-02T13:03:00+02:00;63973;39;3;60;freeFlow;1
2025-07-02T13:03:00+02:00;64032;47;21;22;freeFlow;1
2025-07-02T13:03:00+02:00;64061_D;31;10;60;freeFlow;1
2025-07-02T13:03:00+02:00;64061_G;44;7;60;freeFlow;1
2025-07-02T13:03:00+02:00;64637_D;74;5;60;freeFlow;1
2025-07-02T13:03:00+02:00;64637_G;5;79;75;congested;2
2025-07-02T13:03:00+02:00;65310;50;6;0;unknown;0
2025-07-02T13:03:00+02:00;65313;50;6;0;unknown;0
2025-07-02T13:03:00+02:00;65682;44;26;60;freeFlow;1
2025-07-02T13:03:00+02:00;66421;50;2;0;unknown;0
2025-07-02T13:03:00+02:00;66442;50;4;0;unknown;0
2025-07-02T13:03:00+02:00;66782;28;13;52;heavy;1
2025-07-02T13:03:00+02:00;67066;28;11;60;heavy;1
2025-07-02T13:03:00+02:00;67097_D;30;11;0;unknown;0
2025-07-02T13:03:00+02:00;67097_G;30;12;0;unknown;0
2025-07-02T13:03:00+02:00;69381_D;27;10;38;heavy;2
2025-07-02T13:03:00+02:00;69381_G;37;8;48;freeFlow;1
2025-07-02T13:03:00+02:00;72487_G;80;31;0;unknown;0
2025-07-02T13:03:00+02:00;72614;50;2;0;unknown;0
2025-07-02T13:03:00+02:00;72621;10;36;60;congested;1
2025-07-02T13:03:00+02:00;72624;32;11;68;heavy;2
2025-07-02T13:03:00+02:00;72628;33;1;68;heavy;2
2025-07-02T13:03:00+02:00;74283_D;49;15;75;freeFlow;2
2025-07-02T13:03:00+02:00;74283_G;29;26;73;heavy;2
2025-07-02T13:03:00+02:00;75387;24;3;100;heavy;3
2025-07-02T13:03:00+02:00;75631;24;13;60;heavy;1
2025-07-02T13:03:00+02:00;75818_D;55;2;75;freeFlow;2
2025-07-02T13:03:00+02:00;75818_G;46;3;75;freeFlow;2
2025-07-02T13:03:00+02:00;75820;88;22;100;freeFlow;7
2025-07-02T13:03:00+02:00;75824;88;5;60;freeFlow;1
2025-07-02T13:03:00+02:00;75825;83;5;100;freeFlow;5
2025-07-02T13:03:00+02:00;75828;75;10;60;freeFlow;1
2025-07-02T13:03:00+02:00;75829;75;9;75;freeFlow;2
2025-07-02T13:03:00+02:00;75832;57;2;100;freeFlow;4
2025-07-02T13:03:00+02:00;75833;73;3;60;freeFlow;1
2025-07-02T13:03:00+02:00;75835;60;2;60;freeFlow;1
2025-07-02T13:03:00+02:00;75836;74;13;75;freeFlow;2
2025-07-02T13:03:00+02:00;75837;62;7;100;freeFlow;4
2025-07-02T13:03:00+02:00;75838;73;3;60;freeFlow;1
2025-07-02T13:03:00+02:00;75839;58;3;75;freeFlow;2
2025-07-02T13:03:00+02:00;75840;55;3;65;freeFlow;2
2025-07-02T13:03:00+02:00;75845;40;3;100;heavy;3
2025-07-02T13:03:00+02:00;75846;50;6;100;freeFlow;3
2025-07-02T13:03:00+02:00;75847;56;10;60;freeFlow;1
2025-07-02T13:03:00+02:00;75848;26;9;75;heavy;2
2025-07-02T13:03:00+02:00;75849;29;8;67;heavy;2
2025-07-02T13:03:00+02:00;75850;26;7;60;heavy;1
2025-07-02T13:03:00+02:00;75851;23;8;75;heavy;2
2025-07-02T13:03:00+02:00;75853;70;1;75;freeFlow;2
2025-07-02T13:03:00+02:00;75854;70;3;75;freeFlow;2
2025-07-02T13:03:00+02:00;75856;54;2;90;freeFlow;3
2025-07-02T13:03:00+02:00;75897;82;11;50;freeFlow;1
2025-07-02T13:03:00+02:00;9128;76;36;100;freeFlow;6
2025-07-02T13:03:00+02:00;9130;57;13;75;freeFlow;2
2025-07-02T13:03:00+02:00;9131;92;7;100;freeFlow;6
2025-07-02T13:03:00+02:00;9132;82;25;100;freeFlow;9
2025-07-02T13:03:00+02:00;9146;83;4;75;freeFlow;2
2025-07-02T13:03:00+02:00;9178;54;22;65;heavy;2
2025-07-02T13:03:00+02:00;9179;85;21;100;freeFlow;5
2025-07-02T13:03:00+02:00;9180;79;24;100;freeFlow;7
2025-07-02T13:03:00+02:00;9181;80;12;60;freeFlow;1
2025-07-02T13:03:00+02:00;9182;84;3;60;freeFlow;1
2025-07-02T13:03:00+02:00;9183;78;5;75;freeFlow;2
2025-07-02T13:03:00+02:00;9184;99;7;60;freeFlow;1
2025-07-02T13:03:00+02:00;9245;83;85;100;freeFlow;6
2025-07-02T13:03:00+02:00;9246;88;134;100;freeFlow;7
2025-07-02T13:03:00+02:00;9380_D;80;23;0;unknown;0
2025-07-02T13:03:00+02:00;9380_G;40;46;38;heavy;1
2025-07-02T13:03:00+02:00;9389;26;3;35;heavy;1
2025-07-02T13:03:00+02:00;9390;37;3;35;heavy;1
2025-07-02T13:03:00+02:00;9391;26;3;35;heavy;1
2025-07-02T13:03:00+02:00;9392;80;1;0;unknown;0
2025-07-02T13:03:00+02:00;1677832;13;25;55;congested;1
2025-07-02T13:03:00+02:00;1679085_D;22;5;60;heavy;1
2025-07-02T13:03:00+02:00;1679085_G;31;3;42;heavy;1
2025-07-02T13:03:00+02:00;1679794;37;2;40;freeFlow;1
2025-07-02T13:03:00+02:00;1679795_G;37;2;40;freeFlow;1
2025-07-02T13:03:00+02:00;1679796;33;1;42;heavy;1
2025-07-02T13:03:00+02:00;1679797_D;50;6;0;unknown;0
2025-07-02T13:03:00+02:00;1679797_G;50;6;0;unknown;0
2025-07-02T13:03:00+02:00;1679798;31;2;42;heavy;1
2025-07-02T13:03:00+02:00;1679800;27;3;60;heavy;1
2025-07-02T13:03:00+02:00;1680335;25;12;48;heavy;1
2025-07-02T13:03:00+02:00;1680340;21;5;55;heavy;1
2025-07-02T13:03:00+02:00;213972_D;58;5;38;freeFlow;1
2025-07-02T13:03:00+02:00;213972_G;50;5;0;unknown;0
2025-07-02T13:03:00+02:00;213973_D;34;11;38;heavy;1
2025-07-02T13:03:00+02:00;213973_G;50;8;0;unknown;0
2025-07-02T13:03:00+02:00;213974_D;60;3;38;freeFlow;1
2025-07-02T13:03:00+02:00;213974_G;50;4;0;unknown;0
2025-07-02T13:03:00+02:00;26521;92;59;75;freeFlow;2
2025-07-02T13:03:00+02:00;26522;109;31;60;freeFlow;1
2025-07-02T13:03:00+02:00;31304_G;53;21;20;freeFlow;1
2025-07-02T13:03:00+02:00;31328;85;11;75;freeFlow;2
2025-07-02T13:03:00+02:00;31441;87;39;68;freeFlow;2
2025-07-02T13:03:00+02:00;31535;68;11;100;freeFlow;3
2025-07-02T13:03:00+02:00;31552;89;8;100;freeFlow;5
2025-07-02T13:03:00+02:00;31555;80;10;75;freeFlow;2
2025-07-02T13:03:00+02:00;43014_D;18;12;75;heavy;2
2025-07-02T13:03:00+02:00;43014_G;21;9;75;heavy;2
2025-07-02T13:03:00+02:00;43105_D;3;79;48;congested;1
2025-07-02T13:03:00+02:00;43105_G;13;20;45;congested;1
2025-07-02T13:03:00+02:00;43118_D;30;19;60;heavy;1
2025-07-02T13:03:00+02:00;43118_G;37;15;100;freeFlow;3
2025-07-02T13:03:00+02:00;43124_D;9;45;75;congested;2
2025-07-02T13:03:00+02:00;43124_G;43;9;75;freeFlow;2
2025-07-02T13:03:00+02:00;43125_D;30;9;75;freeFlow;2
2025-07-02T13:03:00+02:00;43125_G;29;9;75;freeFlow;2
2025-07-02T13:03:00+02:00;43126_D;22;24;100;freeFlow;3
2025-07-02T13:03:00+02:00;43126_G;2;219;75;congested;2
2025-07-02T13:03:00+02:00;43147_D;28;10;75;freeFlow;2
2025-07-02T13:03:00+02:00;43147_G;23;12;75;freeFlow;2
2025-07-02T13:03:00+02:00;43336_D;36;8;57;freeFlow;1
2025-07-02T13:03:00+02:00;43336_G;50;6;0;unknown;0
2025-07-02T13:03:00+02:00;43337_D;15;29;60;congested;1
2025-07-02T13:03:00+02:00;43337_G;40;11;0;unknown;0
2025-07-02T13:03:00+02:00;43338_D;43;4;60;freeFlow;1
2025-07-02T13:03:00+02:00;43338_G;11;17;48;congested;1
2025-07-02T13:03:00+02:00;43339_D;31;7;60;heavy;1
2025-07-02T13:03:00+02:00;43339_G;19;12;60;heavy;1
2025-07-02T13:03:00+02:00;43340_D;32;2;60;heavy;1
2025-07-02T13:03:00+02:00;43340_G;34;1;60;heavy;1
2025-07-02T13:03:00+02:00;43341_D;46;4;60;freeFlow;1
2025-07-02T13:03:00+02:00;43341_G;36;5;60;freeFlow;1
2025-07-02T13:03:00+02:00;43342_D;56;2;60;freeFlow;1
2025-07-02T13:03:00+02:00;43342_G;50;2;0;unknown;0
2025-07-02T13:03:00+02:00;43343_D;56;6;60;freeFlow;1
2025-07-02T13:03:00+02:00;43343_G;50;7;0;unknown;0
2025-07-02T13:03:00+02:00;43345_D;30;10;52;freeFlow;1
2025-07-02T13:03:00+02:00;43345_G;28;11;0;unknown;0
2025-07-02T13:03:00+02:00;43347_D;34;4;55;freeFlow;1
2025-07-02T13:03:00+02:00;43347_G;27;5;0;unknown;0
2025-07-02T13:03:00+02:00;43352_D;30;16;0;unknown;0
2025-07-02T13:03:00+02:00;43353_D;30;10;0;unknown;0
2025-07-02T13:03:00+02:00;43353_G;37;8;10;freeFlow;1
2025-07-02T13:03:00+02:00;43377_D;33;15;59;freeFlow;1
2025-07-02T13:03:00+02:00;43377_G;30;16;0;unknown;0
2025-07-02T13:03:00+02:00;43379_D;32;7;55;freeFlow;1
2025-07-02T13:03:00+02:00;43379_G;26;8;0;unknown;0
2025-07-02T13:03:00+02:00;43413_D;30;6;52;freeFlow;1
2025-07-02T13:03:00+02:00;43413_G;29;6;0;unknown;0
2025-07-02T13:03:00+02:00;43474_D;41;3;60;freeFlow;1
2025-07-02T13:03:00+02:00;43474_G;36;4;42;freeFlow;1
2025-07-02T13:03:00+02:00;43615_D;41;1;60;freeFlow;1
2025-07-02T13:03:00+02:00;43615_G;25;2;53;freeFlow;2
2025-07-02T13:03:00+02:00;43743_D;23;56;45;heavy;1
2025-07-02T13:03:00+02:00;43746;41;5;45;freeFlow;1
2025-07-02T13:03:00+02:00;43747;37;11;45;freeFlow;1
2025-07-02T13:03:00+02:00;43751;22;27;73;freeFlow;2
2025-07-02T13:03:00+02:00;43774_D;18;11;60;heavy;1
2025-07-02T13:03:00+02:00;43774_G;29;7;100;heavy;3
2025-07-02T13:03:00+02:00;43775_D;26;15;49;heavy;2
2025-07-02T13:03:00+02:00;43775_G;35;11;60;freeFlow;1
2025-07-02T13:03:00+02:00;43826_D;31;9;60;heavy;1
2025-07-02T13:03:00+02:00;43826_G;14;19;75;congested;2
2025-07-02T13:03:00+02:00;43971;40;16;60;freeFlow;1
2025-07-02T13:03:00+02:00;43973;14;18;60;congested;1
2025-07-02T13:03:00+02:00;44003_G;21;20;63;heavy;2
2025-07-02T13:03:00+02:00;44004_D;9;121;100;congested;3
2025-07-02T13:03:00+02:00;44004_G;10;115;91;congested;3
2025-07-02T13:03:00+02:00;44017_G;37;4;40;freeFlow;1
2025-07-02T13:03:00+02:00;44018_G;37;16;40;freeFlow;1
2025-07-02T13:03:00+02:00;44037_D;36;5;60;freeFlow;1
2025-07-02T13:03:00+02:00;44037_G;31;5;42;heavy;1
2025-07-02T13:03:00+02:00;44851_D;14;39;63;congested;2
2025-07-02T13:03:00+02:00;44851_G;38;14;35;freeFlow;1
2025-07-02T13:03:00+02:00;44852_D;30;16;63;heavy;2
2025-07-02T13:03:00+02:00;44852_G;10;45;63;congested;2
2025-07-02T13:03:00+02:00;44854_D;19;4;48;heavy;1
2025-07-02T13:03:00+02:00;44854_G;34;2;32;heavy;1
2025-07-02T13:03:00+02:00;44855_D;20;18;48;heavy;1
2025-07-02T13:03:00+02:00;44855_G;30;12;32;heavy;1
2025-07-02T13:03:00+02:00;44879;79;17;100;freeFlow;3
2025-07-02T13:03:00+02:00;44897_D;19;12;48;heavy;1
2025-07-02T13:03:00+02:00;44897_G;14;16;32;congested;1
2025-07-02T13:03:00+02:00;44901;107;14;60;freeFlow;1
2025-07-02T13:03:00+02:00;44939;92;44;100;freeFlow;6
2025-07-02T13:03:00+02:00;45135_D;50;1;0;unknown;0
2025-07-02T13:03:00+02:00;45135_G;37;2;58;freeFlow;2
2025-07-02T13:03:00+02:00;45136_G;39;20;60;freeFlow;1
2025-07-02T13:03:00+02:00;45137_D;50;2;0;unknown;0
2025-07-02T13:03:00+02:00;45137_G;47;1;60;freeFlow;1
2025-07-02T13:03:00+02:00;45146;6;70;63;congested;2
2025-07-02T13:03:00+02:00;45147_D;43;1;75;freeFlow;2
2025-07-02T13:03:00+02:00;45147_G;28;1;60;heavy;1
2025-07-02T13:03:00+02:00;45153;24;16;75;heavy;2
2025-07-02T13:03:00+02:00;45155;29;26;30;heavy;1
2025-07-02T13:03:00+02:00;45213;18;26;87;heavy;4
2025-07-02T13:03:00+02:00;45214;99;3;75;freeFlow;2
2025-07-02T13:03:00+02:00;45232;78;21;25;freeFlow;1
2025-07-02T13:03:00+02:00;45233;7;18;80;congested;3
2025-07-02T13:03:00+02:00;45236_D;59;11;48;freeFlow;1
2025-07-02T13:03:00+02:00;45242;96;12;100;freeFlow;6
2025-07-02T13:03:00+02:00;45246;88;29;100;freeFlow;6
2025-07-02T13:03:00+02:00;45247;85;11;40;freeFlow;2
2025-07-02T13:03:00+02:00;47742_G;37;6;40;freeFlow;1
2025-07-02T13:03:00+02:00;47744;50;40;74;freeFlow;2
2025-07-02T13:03:00+02:00;48725;31;3;63;heavy;2
2025-07-02T13:03:00+02:00;48736;31;2;63;heavy;2
2025-07-02T13:03:00+02:00;48738;39;1;60;freeFlow;1
2025-07-02T13:03:00+02:00;48746;37;10;60;freeFlow;1
2025-07-02T13:03:00+02:00;48751;50;1;0;unknown;0
2025-07-02T13:03:00+02:00;48752;27;3;38;heavy;1
2025-07-02T13:03:00+02:00;48753;14;5;65;congested;2
2025-07-02T13:03:00+02:00;48754;13;5;38;congested;1
2025-07-02T13:03:00+02:00;48764;58;1;48;freeFlow;1
2025-07-02T13:03:00+02:00;48765;49;5;48;freeFlow;1
2025-07-02T13:03:00+02:00;48796;26;19;53;heavy;2
2025-07-02T13:03:00+02:00;48915_D;50;2;0;unknown;0
2025-07-02T13:03:00+02:00;48915_G;36;4;60;freeFlow;1
2025-07-02T13:03:00+02:00;48916;6;27;50;congested;1
2025-07-02T13:03:00+02:00;48953_D;45;25;20;freeFlow;1
2025-07-02T13:03:00+02:00;48953_G;47;25;75;freeFlow;2
2025-07-02T13:03:00+02:00;48993_D;56;6;60;freeFlow;1
2025-07-02T13:03:00+02:00;48993_G;34;11;0;unknown;0
2025-07-02T13:03:00+02:00;49042_D;19;3;48;heavy;1
2025-07-02T13:03:00+02:00;49042_G;34;2;32;heavy;1
2025-07-02T13:03:00+02:00;50035_D;39;2;60;freeFlow;1
2025-07-02T13:03:00+02:00;50035_G;36;2;42;freeFlow;1
2025-07-02T13:03:00+02:00;50087;36;7;48;freeFlow;1
2025-07-02T13:03:00+02:00;50107_D;50;11;0;unknown;0
2025-07-02T13:03:00+02:00;50107_G;38;14;60;freeFlow;1
2025-07-02T13:03:00+02:00;52835_G;63;2;75;freeFlow;2
2025-07-02T13:03:00+02:00;52850_D;21;7;75;heavy;2
2025-07-02T13:03:00+02:00;52850_G;58;3;75;freeFlow;2
2025-07-02T13:03:00+02:00;52878;32;5;60;freeFlow;1
2025-07-02T13:03:00+02:00;53020_G;37;3;40;freeFlow;1
2025-07-02T13:03:00+02:00;53130_D;18;15;45;heavy;1
2025-07-02T13:03:00+02:00;53130_G;23;11;62;heavy;2
2025-07-02T13:03:00+02:00;53375_D;30;3;0;unknown;0
2025-07-02T13:03:00+02:00;53375_G;29;4;0;unknown;0
2025-07-02T13:03:00+02:00;53427;87;50;100;freeFlow;11
2025-07-02T13:03:00+02:00;53988;40;6;100;freeFlow;4
2025-07-02T13:03:00+02:00;53989;19;4;40;heavy;1
2025-07-02T13:03:00+02:00;53992_D;52;8;20;freeFlow;1
2025-07-02T13:03:00+02:00;53992_G;39;10;75;freeFlow;2
2025-07-02T13:03:00+02:00;53995;39;2;75;freeFlow;2
2025-07-02T13:03:00+02:00;53997;10;6;35;congested;1
2025-07-02T13:03:00+02:00;53999;40;2;20;freeFlow;1
2025-07-02T13:03:00+02:00;54130;60;26;0;unknown;0
2025-07-02T13:03:00+02:00;54136;57;3;48;freeFlow;1
2025-07-02T13:03:00+02:00;54219;10;55;60;congested;1
2025-07-02T13:03:00+02:00;54222;50;12;0;unknown;0
2025-07-02T13:03:00+02:00;54235;9;53;60;congested;1
2025-07-02T13:03:00+02:00;54300;69;6;63;freeFlow;2
2025-07-02T13:03:00+02:00;54304_D;8;26;52;congested;1
2025-07-02T13:03:00+02:00;54304_G;13;15;64;congested;2
2025-07-02T13:03:00+02:00;54309;24;37;80;heavy;3
2025-07-02T13:03:00+02:00;54345;49;3;48;freeFlow;1
2025-07-02T13:03:00+02:00;54352;9;37;45;congested;1
2025-07-02T13:03:00+02:00;54353;9;17;0;unknown;0
2025-07-02T13:03:00+02:00;54356;45;19;100;freeFlow;3
2025-07-02T13:03:00+02:00;54357;40;6;100;freeFlow;3
2025-07-02T13:03:00+02:00;54370;50;4;0;unknown;0
2025-07-02T13:03:00+02:00;54373;53;3;27;freeFlow;1
2025-07-02T13:03:00+02:00;54374;94;2;60;freeFlow;1
2025-07-02T13:03:00+02:00;54377;94;12;60;freeFlow;1
2025-07-02T13:03:00+02:00;54396;47;5;75;freeFlow;2
2025-07-02T13:03:00+02:00;54397;47;12;100;freeFlow;3
2025-07-02T13:03:00+02:00;54468;97;1;75;freeFlow;2
2025-07-02T13:03:00+02:00;54470;33;8;100;heavy;3
2025-07-02T13:03:00+02:00;56022;39;3;45;freeFlow;1
2025-07-02T13:03:00+02:00;56598;39;1;75;freeFlow;2
2025-07-02T13:03:00+02:00;56676_D;20;11;60;heavy;1
2025-07-02T13:03:00+02:00;56868;30;6;60;heavy;1
2025-07-02T13:03:00+02:00;56869;40;4;60;freeFlow;1
2025-07-02T13:03:00+02:00;56894;25;8;75;heavy;2
2025-07-02T13:03:00+02:00;56895;24;49;75;heavy;2
2025-07-02T13:03:00+02:00;56896;102;2;60;freeFlow;1
2025-07-02T13:03:00+02:00;56901;82;27;100;freeFlow;4
2025-07-02T13:03:00+02:00;60284;97;13;60;freeFlow;1
2025-07-02T13:03:00+02:00;63409_D;22;5;60;heavy;1
2025-07-02T13:03:00+02:00;63409_G;34;3;0;unknown;0
2025-07-02T13:03:00+02:00;66896;45;7;48;freeFlow;1
2025-07-02T13:03:00+02:00;69440;42;6;45;freeFlow;1
2025-07-02T13:03:00+02:00;69442;28;15;45;heavy;1
2025-07-02T13:03:00+02:00;75868;89;8;100;freeFlow;6
2025-07-02T13:03:00+02:00;75908;27;38;97;heavy;3
2025-07-02T13:03:00+02:00;75909;31;33;0;unknown;0
2025-07-02T13:03:00+02:00;44943;60;10;100;freeFlow;3
2025-07-02T13:03:00+02:00;47063;36;17;30;freeFlow;1
2025-07-02T13:03:00+02:00;71455_G;50;3;0;unknown;0
2025-07-02T13:03:00+02:00;75831;90;10;75;freeFlow;2