datetime;predefinedLocationReference;averageVehicleSpeed;travelTime;travelTimeReliability;trafficStatus;vehicleProbeMeasurement
2025-07-02T19:03:00+02:00;10273_D;73;10;42;freeFlow;1
2025-07-02T19:03:00+02:00;10273_G;66;11;60;freeFlow;1
2025-07-02T19:03:00+02:00;10274_D;75;9;42;freeFlow;1
2025-07-02T19:03:00+02:00;10274_G;66;10;60;freeFlow;1
2025-07-02T19:03:00+02:00;10275_D;72;14;57;freeFlow;2
2025-07-02T19:03:00+02:00;10275_G;66;15;60;freeFlow;1
2025-07-02T19:03:00+02:00;10277_D;63;25;60;freeFlow;2
2025-07-02T19:03:00+02:00;10277_G;66;24;60;freeFlow;1
2025-07-02T19:03:00+02:00;10279_D;64;16;45;freeFlow;1
2025-07-02T19:03:00+02:00;10279_G;65;15;60;freeFlow;1
2025-07-02T19:03:00+02:00;10281_D;45;31;60;heavy;2
2025-07-02T19:03:00+02:00;10281_G;71;20;60;freeFlow;1
2025-07-02T19:03:00+02:00;10315_D;68;8;42;freeFlow;1
2025-07-02T19:03:00+02:00;10315_G;66;8;60;freeFlow;1
2025-07-02T19:03:00+02:00;11579_D;77;3;60;freeFlow;2
2025-07-02T19:03:00+02:00;11579_G;80;3;0;unknown;0
2025-07-02T19:03:00+02:00;11652;73;19;100;freeFlow;3
2025-07-02T19:03:00+02:00;11654;98;1;100;freeFlow;3
2025-07-02T19:03:00+02:00;11777_D;13;6;50;congested;1
2025-07-02T19:03:00+02:00;11777_G;44;1;60;heavy;1
2025-07-02T19:03:00+02:00;11781_D;23;4;57;freeFlow;2
2025-07-02T19:03:00+02:00;11781_G;35;2;60;freeFlow;1
2025-07-02T19:03:00+02:00;11784_D;17;3;60;heavy;2
2025-07-02T19:03:00+02:00;11784_G;47;1;60;freeFlow;1
2025-07-02T19:03:00+02:00;11785_D;45;1;42;freeFlow;1
2025-07-02T19:03:00+02:00;11785_G;30;1;0;unknown;0
2025-07-02T19:03:00+02:00;12060_D;73;10;42;freeFlow;1
2025-07-02T19:03:00+02:00;12060_G;66;11;60;freeFlow;1
2025-07-02T19:03:00+02:00;1242_D;55;2;60;freeFlow;1
2025-07-02T19:03:00+02:00;1242_G;24;5;63;heavy;2
2025-07-02T19:03:00+02:00;1285_D;63;1;60;freeFlow;1
2025-07-02T19:03:00+02:00;1285_G;62;1;45;freeFlow;1
2025-07-02T19:03:00+02:00;13514;32;6;75;heavy;2
2025-07-02T19:03:00+02:00;13515;39;3;96;heavy;4
2025-07-02T19:03:00+02:00;13516;30;4;52;heavy;1
2025-07-02T19:03:00+02:00;13549_D;58;6;59;freeFlow;1
2025-07-02T19:03:00+02:00;13549_G;59;6;75;freeFlow;2
2025-07-02T19:03:00+02:00;13557_D;44;8;57;heavy;1
2025-07-02T19:03:00+02:00;13557_G;44;9;75;heavy;2
2025-07-02T19:03:00+02:00;14364;116;18;100;freeFlow;5
2025-07-02T19:03:00+02:00;14365;103;20;100;freeFlow;6
2025-07-02T19:03:00+02:00;15029_D;66;37;100;freeFlow;3
2025-07-02T19:03:00+02:00;15029_G;78;31;57;freeFlow;1
2025-07-02T19:03:00+02:00;15062;64;2;57;freeFlow;1
2025-07-02T19:03:00+02:00;15063;37;4;100;heavy;3
2025-07-02T19:03:00+02:00;15064;38;4;75;heavy;2
2025-07-02T19:03:00+02:00;15065;64;3;57;freeFlow;1
2025-07-02T19:03:00+02:00;15066;33;4;99;heavy;4
2025-07-02T19:03:00+02:00;15067_D;80;53;0;unknown;0
2025-07-02T19:03:00+02:00;15067_G;38;111;74;heavy;2
2025-07-02T19:03:00+02:00;15104_D;80;49;0;unknown;0
2025-07-02T19:03:00+02:00;15104_G;75;53;98;freeFlow;3
2025-07-02T19:03:00+02:00;15111;105;3;100;freeFlow;6
2025-07-02T19:03:00+02:00;15113;40;5;57;heavy;1
2025-07-02T19:03:00+02:00;15114;44;3;57;heavy;1
2025-07-02T19:03:00+02:00;15117;30;5;57;heavy;1
2025-07-02T19:03:00+02:00;15118;32;3;57;heavy;1
2025-07-02T19:03:00+02:00;15119;32;5;55;heavy;1
2025-07-02T19:03:00+02:00;15120;35;6;70;heavy;2
2025-07-02T19:03:00+02:00;15121;35;3;70;heavy;2
2025-07-02T19:03:00+02:00;15122;46;4;55;heavy;1
2025-07-02T19:03:00+02:00;15124_D;30;28;57;heavy;1
2025-07-02T19:03:00+02:00;15124_G;48;18;55;heavy;1
2025-07-02T19:03:00+02:00;15549_D;39;1;60;freeFlow;1
2025-07-02T19:03:00+02:00;15549_G;41;1;60;freeFlow;1
2025-07-02T19:03:00+02:00;15550;37;1;100;heavy;6
2025-07-02T19:03:00+02:00;15551;91;125;100;freeFlow;6
2025-07-02T19:03:00+02:00;1601768;30;13;60;heavy;1
2025-07-02T19:03:00+02:00;1601771;19;13;75;heavy;3
2025-07-02T19:03:00+02:00;1601787;34;2;100;heavy;4
2025-07-02T19:03:00+02:00;1601792;34;1;100;freeFlow;3
2025-07-02T19:03:00+02:00;1601794_D;14;9;100;heavy;3
2025-07-02T19:03:00+02:00;1601794_G;21;5;45;heavy;1
2025-07-02T19:03:00+02:00;1601795;32;15;100;freeFlow;3
2025-07-02T19:03:00+02:00;1601797;25;20;60;freeFlow;2
2025-07-02T19:03:00+02:00;1601798;44;3;60;freeFlow;1
2025-07-02T19:03:00+02:00;1601799;11;7;40;heavy;1
2025-07-02T19:03:00+02:00;1601807;48;2;100;freeFlow;5
2025-07-02T19:03:00+02:00;1601808;54;18;75;freeFlow;2
2025-07-02T19:03:00+02:00;1601810;47;20;100;freeFlow;3
2025-07-02T19:03:00+02:00;1601812;55;3;91;freeFlow;3
2025-07-02T19:03:00+02:00;1601813_D;69;18;66;freeFlow;2
2025-07-02T19:03:00+02:00;1601813_G;46;27;99;freeFlow;4
2025-07-02T19:03:00+02:00;1601814;20;9;59;heavy;1
2025-07-02T19:03:00+02:00;1601815;55;3;100;freeFlow;3
2025-07-02T19:03:00+02:00;1601819;45;1;100;freeFlow;3
2025-07-02T19:03:00+02:00;1601824;54;3;75;freeFlow;2
2025-07-02T19:03:00+02:00;1601898;64;24;100;freeFlow;5
2025-07-02T19:03:00+02:00;1601931_D;50;5;0;unknown;0
2025-07-02T19:03:00+02:00;1601931_G;35;8;45;heavy;1
2025-07-02T19:03:00+02:00;1602158_D;50;1;0;unknown;0
2025-07-02T19:03:00+02:00;1602158_G;35;1;45;heavy;1
2025-07-02T19:03:00+02:00;1602398;32;1;75;heavy;2
2025-07-02T19:03:00+02:00;1626;45;54;100;heavy;5
2025-07-02T19:03:00+02:00;1627;50;4;100;freeFlow;3
2025-07-02T19:03:00+02:00;1628;41;3;22;freeFlow;1
2025-07-02T19:03:00+02:00;1629;34;4;100;heavy;3
2025-07-02T19:03:00+02:00;1630;45;2;100;freeFlow;4
2025-07-02T19:03:00+02:00;1631;107;1;60;freeFlow;1
2025-07-02T19:03:00+02:00;1632;37;51;100;heavy;3
2025-07-02T19:03:00+02:00;1633;70;11;0;unknown;0
2025-07-02T19:03:00+02:00;1639;30;10;100;heavy;3
2025-07-02T19:03:00+02:00;16647_D;84;54;75;freeFlow;2
2025-07-02T19:03:00+02:00;16647_G;61;74;100;freeFlow;4
2025-07-02T19:03:00+02:00;16648_D;92;8;75;freeFlow;2
2025-07-02T19:03:00+02:00;16648_G;48;15;100;heavy;3
2025-07-02T19:03:00+02:00;16695_D;71;40;75;freeFlow;2
2025-07-02T19:03:00+02:00;16695_G;77;37;60;freeFlow;1
2025-07-02T19:03:00+02:00;16701;38;3;12;freeFlow;1
2025-07-02T19:03:00+02:00;16702;36;3;12;freeFlow;1
2025-07-02T19:03:00+02:00;16707_D;45;1;10;freeFlow;1
2025-07-02T19:03:00+02:00;16707_G;50;1;0;unknown;0
2025-07-02T19:03:00+02:00;16744;47;3;100;heavy;3
2025-07-02T19:03:00+02:00;16745;40;3;100;heavy;4
2025-07-02T19:03:00+02:00;16746;28;4;100;heavy;3
2025-07-02T19:03:00+02:00;16747;58;3;75;freeFlow;2
2025-07-02T19:03:00+02:00;16748;39;3;75;heavy;2
2025-07-02T19:03:00+02:00;16749;40;3;75;heavy;2
2025-07-02T19:03:00+02:00;16752_D;63;6;12;freeFlow;1
2025-07-02T19:03:00+02:00;16752_G;60;7;0;unknown;0
2025-07-02T19:03:00+02:00;1675_D;40;7;22;freeFlow;1
2025-07-02T19:03:00+02:00;1675_G;107;2;60;freeFlow;1
2025-07-02T19:03:00+02:00;1676;64;7;100;freeFlow;3
2025-07-02T19:03:00+02:00;16761;36;3;12;freeFlow;1
2025-07-02T19:03:00+02:00;16762;36;3;12;freeFlow;1
2025-07-02T19:03:00+02:00;1677;36;14;100;heavy;3
2025-07-02T19:03:00+02:00;1677109;39;41;100;heavy;3
2025-07-02T19:03:00+02:00;1677110;70;1;0;unknown;0
2025-07-02T19:03:00+02:00;1677175_D;32;44;100;freeFlow;3
2025-07-02T19:03:00+02:00;1677175_G;15;97;42;heavy;1
2025-07-02T19:03:00+02:00;1677180_D;34;1;100;freeFlow;3
2025-07-02T19:03:00+02:00;1677180_G;35;1;42;freeFlow;1
2025-07-02T19:03:00+02:00;1677184_D;23;30;100;freeFlow;3
2025-07-02T19:03:00+02:00;1677184_G;31;22;45;freeFlow;1
2025-07-02T19:03:00+02:00;1677551_D;30;2;0;unknown;0
2025-07-02T19:03:00+02:00;1677551_G;38;1;60;freeFlow;1
2025-07-02T19:03:00+02:00;1677568_D;44;34;60;freeFlow;1
2025-07-02T19:03:00+02:00;1677568_G;48;31;98;freeFlow;3
2025-07-02T19:03:00+02:00;1677569;39;2;60;freeFlow;1
2025-07-02T19:03:00+02:00;1677687;44;1;60;freeFlow;1
2025-07-02T19:03:00+02:00;1677691;44;1;60;freeFlow;1
2025-07-02T19:03:00+02:00;1677693;35;2;60;heavy;1
2025-07-02T19:03:00+02:00;1677695_D;44;16;60;freeFlow;1
2025-07-02T19:03:00+02:00;1677695_G;22;31;60;heavy;1
2025-07-02T19:03:00+02:00;1677709_D;44;4;60;freeFlow;1
2025-07-02T19:03:00+02:00;1677709_G;44;4;60;freeFlow;1
2025-07-02T19:03:00+02:00;1677716_D;44;4;60;freeFlow;1
2025-07-02T19:03:00+02:00;1677716_G;46;3;60;freeFlow;1
2025-07-02T19:03:00+02:00;1677730_D;23;47;48;heavy;2
2025-07-02T19:03:00+02:00;1677730_G;19;56;75;heavy;2
2025-07-02T19:03:00+02:00;1677735_D;18;2;60;heavy;1
2025-07-02T19:03:00+02:00;1677735_G;18;2;60;heavy;1
2025-07-02T19:03:00+02:00;1677745_D;23;4;55;heavy;1
2025-07-02T19:03:00+02:00;1677745_G;42;1;63;freeFlow;2
2025-07-02T19:03:00+02:00;1677785_D;23;12;55;freeFlow;1
2025-07-02T19:03:00+02:00;1677785_G;36;8;63;freeFlow;2
2025-07-02T19:03:00+02:00;1677801_D;26;12;55;heavy;1
2025-07-02T19:03:00+02:00;1677801_G;42;7;63;freeFlow;2
2025-07-02T19:03:00+02:00;1677808_D;37;18;55;freeFlow;1
2025-07-02T19:03:00+02:00;1677808_G;52;13;63;freeFlow;2
2025-07-02T19:03:00+02:00;16783;41;2;60;freeFlow;1
2025-07-02T19:03:00+02:00;16784;41;2;60;freeFlow;1
2025-07-02T19:03:00+02:00;16785;39;2;60;freeFlow;1
2025-07-02T19:03:00+02:00;1678542;99;21;75;freeFlow;2
2025-07-02T19:03:00+02:00;1678698_D;12;68;60;congested;1
2025-07-02T19:03:00+02:00;1678698_G;51;15;60;freeFlow;1
2025-07-02T19:03:00+02:00;1678750;36;2;75;freeFlow;2
2025-07-02T19:03:00+02:00;1678763_D;45;4;10;freeFlow;1
2025-07-02T19:03:00+02:00;1678763_G;50;4;0;unknown;0
2025-07-02T19:03:00+02:00;1679092_D;32;7;75;heavy;2
2025-07-02T19:03:00+02:00;1679092_G;38;6;43;freeFlow;2
2025-07-02T19:03:00+02:00;1679681;46;18;60;heavy;1
2025-07-02T19:03:00+02:00;1679779;41;8;22;freeFlow;1
2025-07-02T19:03:00+02:00;1679795_D;24;3;75;heavy;2
2025-07-02T19:03:00+02:00;1679822;22;3;100;heavy;3
2025-07-02T19:03:00+02:00;1679825;29;2;60;heavy;1
2025-07-02T19:03:00+02:00;1679841;40;25;75;freeFlow;2
2025-07-02T19:03:00+02:00;1679843;29;1;60;heavy;1
2025-07-02T19:03:00+02:00;1679845;22;2;100;heavy;3
2025-07-02T19:03:00+02:00;1679847;29;2;60;heavy;1
2025-07-02T19:03:00+02:00;1679859_D;30;16;0;unknown;0
2025-07-02T19:03:00+02:00;1679859_G;12;39;50;heavy;1
2025-07-02T19:03:00+02:00;1680014;75;6;100;freeFlow;8
2025-07-02T19:03:00+02:00;1680016;107;11;100;freeFlow;4
2025-07-02T19:03:00+02:00;1680022;108;5;100;freeFlow;3
2025-07-02T19:03:00+02:00;1680024;82;10;100;freeFlow;7
2025-07-02T19:03:00+02:00;1680116;44;3;100;heavy;3
2025-07-02T19:03:00+02:00;1680119;35;5;100;heavy;3
2025-07-02T19:03:00+02:00;1680121;50;3;75;heavy;2
2025-07-02T19:03:00+02:00;1680122_D;55;34;75;heavy;2
2025-07-02T19:03:00+02:00;1680122_G;48;39;100;heavy;4
2025-07-02T19:03:00+02:00;1680123;31;5;100;heavy;5
2025-07-02T19:03:00+02:00;1680337;4;60;63;congested;2
2025-07-02T19:03:00+02:00;1680401_D;70;17;0;unknown;0
2025-07-02T19:03:00+02:00;1680401_G;42;29;48;heavy;1
2025-07-02T19:03:00+02:00;1680514_D;50;9;0;unknown;0
2025-07-02T19:03:00+02:00;1680514_G;41;11;70;freeFlow;2
2025-07-02T19:03:00+02:00;1680539;59;1;100;heavy;3
2025-07-02T19:03:00+02:00;1680541_D;26;16;60;freeFlow;1
2025-07-02T19:03:00+02:00;1680541_G;29;14;75;freeFlow;2
2025-07-02T19:03:00+02:00;1680549_D;2;393;60;congested;1
2025-07-02T19:03:00+02:00;1680549_G;6;104;100;congested;3
2025-07-02T19:03:00+02:00;1680551_D;22;1;75;freeFlow;2
2025-07-02T19:03:00+02:00;1680551_G;26;2;60;freeFlow;1
2025-07-02T19:03:00+02:00;1680557_D;50;0;0;unknown;0
2025-07-02T19:03:00+02:00;1680557_G;41;1;75;freeFlow;2
2025-07-02T19:03:00+02:00;1680561_D;50;1;0;unknown;0
2025-07-02T19:03:00+02:00;1680561_G;27;1;70;heavy;2
2025-07-02T19:03:00+02:00;1680567;26;3;60;heavy;1
2025-07-02T19:03:00+02:00;1680569;33;4;75;heavy;2
2025-07-02T19:03:00+02:00;1680573;32;2;100;heavy;4
2025-07-02T19:03:00+02:00;1680574;29;4;100;heavy;4
2025-07-02T19:03:00+02:00;1680575;26;12;75;heavy;2
2025-07-02T19:03:00+02:00;1680576;26;4;60;heavy;1
2025-07-02T19:03:00+02:00;16821_D;82;81;100;freeFlow;4
2025-07-02T19:03:00+02:00;16821_G;60;110;81;freeFlow;3
2025-07-02T19:03:00+02:00;16830_D;50;16;0;unknown;0
2025-07-02T19:03:00+02:00;16830_G;50;16;0;unknown;0
2025-07-02T19:03:00+02:00;16831_D;50;2;0;unknown;0
2025-07-02T19:03:00+02:00;16831_G;50;2;0;unknown;0
2025-07-02T19:03:00+02:00;16832;50;3;0;unknown;0
2025-07-02T19:03:00+02:00;16834;70;10;0;unknown;0
2025-07-02T19:03:00+02:00;16850_D;45;1;10;freeFlow;1
2025-07-02T19:03:00+02:00;16850_G;50;1;0;unknown;0
2025-07-02T19:03:00+02:00;16851_D;45;3;10;freeFlow;1
2025-07-02T19:03:00+02:00;16851_G;50;2;0;unknown;0
2025-07-02T19:03:00+02:00;16852_D;45;5;10;freeFlow;1
2025-07-02T19:03:00+02:00;16852_G;50;5;0;unknown;0
2025-07-02T19:03:00+02:00;16853_D;8;44;12;congested;1
2025-07-02T19:03:00+02:00;16853_G;50;7;0;unknown;0
2025-07-02T19:03:00+02:00;16854_D;8;27;12;congested;1
2025-07-02T19:03:00+02:00;16854_G;50;4;0;unknown;0
2025-07-02T19:03:00+02:00;16855_D;1;288;60;congested;1
2025-07-02T19:03:00+02:00;16855_G;50;4;0;unknown;0
2025-07-02T19:03:00+02:00;16856_D;50;7;0;unknown;0
2025-07-02T19:03:00+02:00;16856_G;50;7;0;unknown;0
2025-07-02T19:03:00+02:00;16858_D;50;30;0;unknown;0
2025-07-02T19:03:00+02:00;16858_G;50;30;0;unknown;0
2025-07-02T19:03:00+02:00;16859_D;50;3;0;unknown;0
2025-07-02T19:03:00+02:00;16859_G;50;3;0;unknown;0
2025-07-02T19:03:00+02:00;16860_D;50;7;0;unknown;0
2025-07-02T19:03:00+02:00;16860_G;50;7;0;unknown;0
2025-07-02T19:03:00+02:00;1690_D;6;46;30;congested;1
2025-07-02T19:03:00+02:00;1690_G;89;3;75;freeFlow;2
2025-07-02T19:03:00+02:00;16910_D;45;6;10;freeFlow;1
2025-07-02T19:03:00+02:00;16910_G;50;6;0;unknown;0
2025-07-02T19:03:00+02:00;16967;22;25;100;heavy;6
2025-07-02T19:03:00+02:00;16969;71;1;100;freeFlow;3
2025-07-02T19:03:00+02:00;16986;58;11;75;freeFlow;2
2025-07-02T19:03:00+02:00;16988;64;11;75;freeFlow;2
2025-07-02T19:03:00+02:00;16989;62;8;75;freeFlow;2
2025-07-02T19:03:00+02:00;16990;69;6;100;freeFlow;3
2025-07-02T19:03:00+02:00;16992;52;26;100;freeFlow;3
2025-07-02T19:03:00+02:00;16994;53;21;100;freeFlow;3
2025-07-02T19:03:00+02:00;17;51;4;100;heavy;4
2025-07-02T19:03:00+02:00;1721;95;1;100;freeFlow;3
2025-07-02T19:03:00+02:00;1722;43;3;100;freeFlow;3
2025-07-02T19:03:00+02:00;1723;21;7;60;heavy;1
2025-07-02T19:03:00+02:00;1724_D;49;11;25;heavy;1
2025-07-02T19:03:00+02:00;1724_G;107;5;60;freeFlow;1
2025-07-02T19:03:00+02:00;1732_D;107;1;60;freeFlow;1
2025-07-02T19:03:00+02:00;1732_G;23;3;75;heavy;2
2025-07-02T19:03:00+02:00;1733_D;107;0;60;freeFlow;1
2025-07-02T19:03:00+02:00;1733_G;22;2;60;heavy;1
2025-07-02T19:03:00+02:00;1734_D;72;5;75;freeFlow;2
2025-07-02T19:03:00+02:00;1734_G;15;24;60;congested;1
2025-07-02T19:03:00+02:00;18337;41;2;60;freeFlow;1
2025-07-02T19:03:00+02:00;18391_D;76;3;100;freeFlow;3
2025-07-02T19:03:00+02:00;18391_G;78;3;57;freeFlow;1
2025-07-02T19:03:00+02:00;1853;16;148;100;congested;18
2025-07-02T19:03:00+02:00;1855;86;6;100;freeFlow;7
2025-07-02T19:03:00+02:00;1856;89;10;100;freeFlow;8
2025-07-02T19:03:00+02:00;19040;58;1;98;freeFlow;4
2025-07-02T19:03:00+02:00;1910886;42;5;51;freeFlow;2
2025-07-02T19:03:00+02:00;1911185_D;42;27;74;heavy;2
2025-07-02T19:03:00+02:00;1911185_G;57;20;60;freeFlow;1
2025-07-02T19:03:00+02:00;1911398_D;31;2;60;freeFlow;1
2025-07-02T19:03:00+02:00;1911398_G;25;2;35;freeFlow;1
2025-07-02T19:03:00+02:00;1911404_D;34;3;60;freeFlow;1
2025-07-02T19:03:00+02:00;1911404_G;48;2;60;freeFlow;1
2025-07-02T19:03:00+02:00;1911418;73;3;100;freeFlow;3
2025-07-02T19:03:00+02:00;1911420;40;2;100;freeFlow;3
2025-07-02T19:03:00+02:00;1911448_D;67;29;75;freeFlow;2
2025-07-02T19:03:00+02:00;1911448_G;75;25;60;freeFlow;1
2025-07-02T19:03:00+02:00;1911623_D;42;4;60;freeFlow;1
2025-07-02T19:03:00+02:00;1911623_G;31;6;60;freeFlow;1
2025-07-02T19:03:00+02:00;19628;50;6;60;heavy;1
2025-07-02T19:03:00+02:00;19629;90;1;0;unknown;0
2025-07-02T19:03:00+02:00;19630;53;4;100;heavy;3
2025-07-02T19:03:00+02:00;19631;68;1;52;freeFlow;1
2025-07-02T19:03:00+02:00;19632;56;1;52;heavy;1
2025-07-02T19:03:00+02:00;19633;37;4;100;heavy;4
2025-07-02T19:03:00+02:00;19634;26;4;42;heavy;1
2025-07-02T19:03:00+02:00;19635;37;4;60;heavy;1
2025-07-02T19:03:00+02:00;19636;24;6;75;heavy;2
2025-07-02T19:03:00+02:00;19637;37;2;60;heavy;1
2025-07-02T19:03:00+02:00;19638;21;6;100;heavy;5
2025-07-02T19:03:00+02:00;19639;22;6;100;heavy;4
2025-07-02T19:03:00+02:00;19640;25;5;100;heavy;5
2025-07-02T19:03:00+02:00;19642;35;4;60;heavy;1
2025-07-02T19:03:00+02:00;19643;34;2;75;heavy;2
2025-07-02T19:03:00+02:00;19644;26;4;93;heavy;4
2025-07-02T19:03:00+02:00;19683;88;22;100;freeFlow;5
2025-07-02T19:03:00+02:00;19684;81;59;100;freeFlow;7
2025-07-02T19:03:00+02:00;19685;114;46;75;freeFlow;2
2025-07-02T19:03:00+02:00;19686;114;15;100;freeFlow;3
2025-07-02T19:03:00+02:00;198;60;76;83;heavy;3
2025-07-02T19:03:00+02:00;19825_D;72;45;88;freeFlow;3
2025-07-02T19:03:00+02:00;19825_G;54;60;75;heavy;2
2025-07-02T19:03:00+02:00;19828;45;3;75;freeFlow;2
2025-07-02T19:03:00+02:00;19830;45;2;100;freeFlow;3
2025-07-02T19:03:00+02:00;19832;51;3;100;freeFlow;3
2025-07-02T19:03:00+02:00;19833;25;4;75;heavy;2
2025-07-02T19:03:00+02:00;19841_D;50;29;100;heavy;3
2025-07-02T19:03:00+02:00;19841_G;70;21;75;freeFlow;2
2025-07-02T19:03:00+02:00;19842_D;58;7;100;freeFlow;3
2025-07-02T19:03:00+02:00;19842_G;60;6;60;freeFlow;1
2025-07-02T19:03:00+02:00;20525;40;4;75;heavy;2
2025-07-02T19:03:00+02:00;20526;40;3;75;heavy;2
2025-07-02T19:03:00+02:00;20527;39;5;100;heavy;5
2025-07-02T19:03:00+02:00;20528;46;3;100;heavy;4
2025-07-02T19:03:00+02:00;20590_D;76;107;79;freeFlow;3
2025-07-02T19:03:00+02:00;20590_G;69;118;100;freeFlow;5
2025-07-02T19:03:00+02:00;20760_D;45;33;100;freeFlow;4
2025-07-02T19:03:00+02:00;20760_G;56;27;100;freeFlow;3
2025-07-02T19:03:00+02:00;2216_D;60;51;100;freeFlow;4
2025-07-02T19:03:00+02:00;2216_G;64;48;49;freeFlow;1
2025-07-02T19:03:00+02:00;2218_D;75;29;100;freeFlow;4
2025-07-02T19:03:00+02:00;2218_G;63;35;50;freeFlow;1
2025-07-02T19:03:00+02:00;23984_D;28;2;75;heavy;2
2025-07-02T19:03:00+02:00;23984_G;41;1;60;heavy;1
2025-07-02T19:03:00+02:00;24143_D;54;7;100;heavy;3
2025-07-02T19:03:00+02:00;24143_G;20;19;60;congested;1
2025-07-02T19:03:00+02:00;24147_D;57;67;75;freeFlow;2
2025-07-02T19:03:00+02:00;24147_G;71;53;60;freeFlow;1
2025-07-02T19:03:00+02:00;24148;28;5;75;heavy;2
2025-07-02T19:03:00+02:00;24149;41;3;60;freeFlow;1
2025-07-02T19:03:00+02:00;24150;45;3;100;freeFlow;4
2025-07-02T19:03:00+02:00;24151;41;3;60;freeFlow;1
2025-07-02T19:03:00+02:00;24153_D;60;16;100;freeFlow;4
2025-07-02T19:03:00+02:00;24153_G;63;15;75;freeFlow;2
2025-07-02T19:03:00+02:00;24176;81;20;100;freeFlow;4
2025-07-02T19:03:00+02:00;24178;109;10;75;freeFlow;2
2025-07-02T19:03:00+02:00;24179;93;21;100;freeFlow;4
2025-07-02T19:03:00+02:00;24181_D;58;3;100;freeFlow;3
2025-07-02T19:03:00+02:00;24181_G;64;3;100;freeFlow;3
2025-07-02T19:03:00+02:00;24182;109;11;75;freeFlow;2
2025-07-02T19:03:00+02:00;24184_D;52;11;60;freeFlow;1
2025-07-02T19:03:00+02:00;24184_G;59;10;100;freeFlow;3
2025-07-02T19:03:00+02:00;24259;29;4;75;heavy;2
2025-07-02T19:03:00+02:00;24260;28;6;100;heavy;3
2025-07-02T19:03:00+02:00;24261;30;4;100;heavy;4
2025-07-02T19:03:00+02:00;24262;27;7;100;heavy;3
2025-07-02T19:03:00+02:00;24264_D;21;2;60;congested;1
2025-07-02T19:03:00+02:00;24264_G;53;1;100;heavy;3
2025-07-02T19:03:00+02:00;24265_D;29;2;100;heavy;3
2025-07-02T19:03:00+02:00;24265_G;39;1;100;freeFlow;3
2025-07-02T19:03:00+02:00;24274_D;43;11;100;freeFlow;3
2025-07-02T19:03:00+02:00;24274_G;48;10;100;freeFlow;3
2025-07-02T19:03:00+02:00;25687_D;23;9;57;freeFlow;1
2025-07-02T19:03:00+02:00;25687_G;30;7;0;unknown;0
2025-07-02T19:03:00+02:00;25929_D;52;16;60;heavy;1
2025-07-02T19:03:00+02:00;25929_G;80;11;0;unknown;0
2025-07-02T19:03:00+02:00;25930;27;6;75;heavy;2
2025-07-02T19:03:00+02:00;25931;46;4;60;heavy;1
2025-07-02T19:03:00+02:00;25932;51;3;100;heavy;4
2025-07-02T19:03:00+02:00;25933;33;4;100;heavy;3
2025-07-02T19:03:00+02:00;25934_D;52;5;60;heavy;1
2025-07-02T19:03:00+02:00;25934_G;80;3;0;unknown;0
2025-07-02T19:03:00+02:00;25944_D;54;5;100;heavy;3
2025-07-02T19:03:00+02:00;25944_G;33;8;57;heavy;1
2025-07-02T19:03:00+02:00;25946_D;56;15;75;freeFlow;2
2025-07-02T19:03:00+02:00;25946_G;61;14;100;freeFlow;3
2025-07-02T19:03:00+02:00;25947_D;60;32;75;freeFlow;2
2025-07-02T19:03:00+02:00;25947_G;58;33;100;freeFlow;3
2025-07-02T19:03:00+02:00;25988_D;29;11;57;freeFlow;1
2025-07-02T19:03:00+02:00;25988_G;30;10;0;unknown;0
2025-07-02T19:03:00+02:00;25989;35;3;58;freeFlow;1
2025-07-02T19:03:00+02:00;25990;52;2;60;freeFlow;1
2025-07-02T19:03:00+02:00;25991;52;2;60;freeFlow;1
2025-07-02T19:03:00+02:00;25992;33;3;57;heavy;1
2025-07-02T19:03:00+02:00;25993_D;33;3;57;freeFlow;1
2025-07-02T19:03:00+02:00;25993_G;30;3;0;unknown;0
2025-07-02T19:03:00+02:00;25994_D;52;4;60;freeFlow;1
2025-07-02T19:03:00+02:00;25994_G;50;4;0;unknown;0
2025-07-02T19:03:00+02:00;25995_D;52;1;60;freeFlow;1
2025-07-02T19:03:00+02:00;25995_G;50;1;0;unknown;0
2025-07-02T19:03:00+02:00;25996_D;52;4;60;freeFlow;1
2025-07-02T19:03:00+02:00;25996_G;50;4;0;unknown;0
2025-07-02T19:03:00+02:00;25997_D;52;1;60;freeFlow;1
2025-07-02T19:03:00+02:00;25997_G;50;1;0;unknown;0
2025-07-02T19:03:00+02:00;25998_D;52;10;60;freeFlow;1
2025-07-02T19:03:00+02:00;25998_G;50;11;0;unknown;0
2025-07-02T19:03:00+02:00;25999_D;52;8;60;freeFlow;1
2025-07-02T19:03:00+02:00;25999_G;50;8;0;unknown;0
2025-07-02T19:03:00+02:00;26000_D;52;8;60;heavy;1
2025-07-02T19:03:00+02:00;26000_G;80;5;0;unknown;0
2025-07-02T19:03:00+02:00;26001_D;52;1;60;heavy;1
2025-07-02T19:03:00+02:00;26001_G;80;1;0;unknown;0
2025-07-02T19:03:00+02:00;26002_D;52;8;60;heavy;1
2025-07-02T19:03:00+02:00;26002_G;80;5;0;unknown;0
2025-07-02T19:03:00+02:00;26023;78;3;100;freeFlow;6
2025-07-02T19:03:00+02:00;26024;112;41;56;freeFlow;2
2025-07-02T19:03:00+02:00;26025;106;61;75;freeFlow;2
2025-07-02T19:03:00+02:00;26041;14;24;100;congested;3
2025-07-02T19:03:00+02:00;26043;50;9;100;freeFlow;4
2025-07-02T19:03:00+02:00;26044;44;10;100;freeFlow;3
2025-07-02T19:03:00+02:00;26046;48;20;100;freeFlow;3
2025-07-02T19:03:00+02:00;26047;73;1;100;freeFlow;3
2025-07-02T19:03:00+02:00;26048;72;29;100;freeFlow;3
2025-07-02T19:03:00+02:00;26049;53;28;100;freeFlow;3
2025-07-02T19:03:00+02:00;26050;25;14;100;heavy;3
2025-07-02T19:03:00+02:00;26101_D;30;16;0;unknown;0
2025-07-02T19:03:00+02:00;26101_G;39;12;52;freeFlow;1
2025-07-02T19:03:00+02:00;26371_D;30;9;0;unknown;0
2025-07-02T19:03:00+02:00;26371_G;25;10;52;freeFlow;1
2025-07-02T19:03:00+02:00;26389_D;70;11;0;unknown;0
2025-07-02T19:03:00+02:00;26389_G;58;13;45;freeFlow;1
2025-07-02T19:03:00+02:00;26392_D;30;15;0;unknown;0
2025-07-02T19:03:00+02:00;26392_G;36;11;50;freeFlow;1
2025-07-02T19:03:00+02:00;26393;24;3;52;heavy;1
2025-07-02T19:03:00+02:00;26394;25;3;52;heavy;1
2025-07-02T19:03:00+02:00;26395;50;2;0;unknown;0
2025-07-02T19:03:00+02:00;26396;50;1;0;unknown;0
2025-07-02T19:03:00+02:00;26397_D;50;4;0;unknown;0
2025-07-02T19:03:00+02:00;26397_G;26;7;52;heavy;1
2025-07-02T19:03:00+02:00;26402_D;30;9;57;freeFlow;1
2025-07-02T19:03:00+02:00;26402_G;30;9;0;unknown;0
2025-07-02T19:03:00+02:00;26403_D;30;4;0;unknown;0
2025-07-02T19:03:00+02:00;26403_G;20;7;57;heavy;1
2025-07-02T19:03:00+02:00;26404_D;36;3;52;freeFlow;1
2025-07-02T19:03:00+02:00;26404_G;13;8;55;heavy;1
2025-07-02T19:03:00+02:00;26405_D;35;1;57;freeFlow;1
2025-07-02T19:03:00+02:00;26405_G;30;2;0;unknown;0
2025-07-02T19:03:00+02:00;26409_D;70;11;0;unknown;0
2025-07-02T19:03:00+02:00;26409_G;62;13;45;freeFlow;1
2025-07-02T19:03:00+02:00;26420_D;76;3;60;freeFlow;1
2025-07-02T19:03:00+02:00;26420_G;70;4;0;unknown;0
2025-07-02T19:03:00+02:00;26422_D;73;10;72;freeFlow;2
2025-07-02T19:03:00+02:00;26422_G;70;11;0;unknown;0
2025-07-02T19:03:00+02:00;26423_D;68;7;45;freeFlow;1
2025-07-02T19:03:00+02:00;26423_G;70;7;0;unknown;0
2025-07-02T19:03:00+02:00;26495_D;50;7;0;unknown;0
2025-07-02T19:03:00+02:00;26495_G;12;30;64;congested;2
2025-07-02T19:03:00+02:00;26497_D;30;16;0;unknown;0
2025-07-02T19:03:00+02:00;26497_G;40;12;50;freeFlow;1
2025-07-02T19:03:00+02:00;26501;121;19;100;freeFlow;3
2025-07-02T19:03:00+02:00;26573;93;15;100;freeFlow;7
2025-07-02T19:03:00+02:00;26603_D;35;1;57;freeFlow;1
2025-07-02T19:03:00+02:00;26603_G;30;2;0;unknown;0
2025-07-02T19:03:00+02:00;26611_D;30;4;0;unknown;0
2025-07-02T19:03:00+02:00;26611_G;15;8;52;heavy;1
2025-07-02T19:03:00+02:00;26619;44;2;100;freeFlow;3
2025-07-02T19:03:00+02:00;26654;59;8;100;freeFlow;3
2025-07-02T19:03:00+02:00;26656;49;10;100;freeFlow;3
2025-07-02T19:03:00+02:00;26897_D;30;15;0;unknown;0
2025-07-02T19:03:00+02:00;26897_G;38;12;50;freeFlow;1
2025-07-02T19:03:00+02:00;27837_D;72;4;100;freeFlow;3
2025-07-02T19:03:00+02:00;27837_G;57;5;50;freeFlow;1
2025-07-02T19:03:00+02:00;28032;18;9;73;congested;2
2025-07-02T19:03:00+02:00;28033;26;6;60;heavy;1
2025-07-02T19:03:00+02:00;282910_D;35;5;75;heavy;2
2025-07-02T19:03:00+02:00;282910_G;32;4;90;heavy;3
2025-07-02T19:03:00+02:00;28642_D;70;7;75;freeFlow;2
2025-07-02T19:03:00+02:00;28642_G;22;20;60;heavy;1
2025-07-02T19:03:00+02:00;28645_D;68;2;75;freeFlow;2
2025-07-02T19:03:00+02:00;28645_G;5;20;60;congested;1
2025-07-02T19:03:00+02:00;28646_D;76;40;75;freeFlow;2
2025-07-02T19:03:00+02:00;28646_G;17;177;79;congested;4
2025-07-02T19:03:00+02:00;28648_D;80;16;75;freeFlow;2
2025-07-02T19:03:00+02:00;28648_G;32;41;98;heavy;3
2025-07-02T19:03:00+02:00;28649_D;78;12;75;freeFlow;2
2025-07-02T19:03:00+02:00;28649_G;13;67;100;congested;3
2025-07-02T19:03:00+02:00;28650_D;75;13;75;freeFlow;2
2025-07-02T19:03:00+02:00;28650_G;23;43;98;congested;3
2025-07-02T19:03:00+02:00;28660_D;71;9;75;freeFlow;2
2025-07-02T19:03:00+02:00;28660_G;16;40;60;congested;1
2025-07-02T19:03:00+02:00;28665_D;77;18;75;freeFlow;2
2025-07-02T19:03:00+02:00;28665_G;27;51;60;heavy;1
2025-07-02T19:03:00+02:00;28666_D;74;9;75;freeFlow;2
2025-07-02T19:03:00+02:00;28666_G;22;30;60;heavy;1
2025-07-02T19:03:00+02:00;28669_D;69;5;0;unknown;0
2025-07-02T19:03:00+02:00;28669_G;51;7;60;freeFlow;1
2025-07-02T19:03:00+02:00;28675_D;70;6;0;unknown;0
2025-07-02T19:03:00+02:00;28675_G;51;8;60;freeFlow;1
2025-07-02T19:03:00+02:00;28676_D;69;3;0;unknown;0
2025-07-02T19:03:00+02:00;28676_G;51;4;68;freeFlow;2
2025-07-02T19:03:00+02:00;28677_D;69;16;0;unknown;0
2025-07-02T19:03:00+02:00;28677_G;62;18;27;freeFlow;1
2025-07-02T19:03:00+02:00;28693_D;67;14;100;freeFlow;3
2025-07-02T19:03:00+02:00;28693_G;22;43;60;congested;1
2025-07-02T19:03:00+02:00;28854;20;8;75;heavy;2
2025-07-02T19:03:00+02:00;28855;25;6;75;heavy;2
2025-07-02T19:03:00+02:00;28865_D;22;91;75;congested;2
2025-07-02T19:03:00+02:00;28865_G;65;31;100;freeFlow;3
2025-07-02T19:03:00+02:00;28866_D;18;40;75;congested;2
2025-07-02T19:03:00+02:00;28866_G;51;14;100;heavy;3
2025-07-02T19:03:00+02:00;28867;38;3;100;freeFlow;3
2025-07-02T19:03:00+02:00;28868;40;3;100;freeFlow;4
2025-07-02T19:03:00+02:00;29;61;23;100;heavy;3
2025-07-02T19:03:00+02:00;30;79;7;100;freeFlow;3
2025-07-02T19:03:00+02:00;30020_D;58;37;60;freeFlow;1
2025-07-02T19:03:00+02:00;30020_G;21;100;100;congested;3
2025-07-02T19:03:00+02:00;30022;41;7;100;heavy;7
2025-07-02T19:03:00+02:00;30023;32;156;100;heavy;10
2025-07-02T19:03:00+02:00;30118;29;3;100;heavy;5
2025-07-02T19:03:00+02:00;30351_D;19;3;60;heavy;1
2025-07-02T19:03:00+02:00;30351_G;35;1;50;freeFlow;2
2025-07-02T19:03:00+02:00;30355_D;26;20;60;heavy;1
2025-07-02T19:03:00+02:00;30355_G;50;10;48;freeFlow;2
2025-07-02T19:03:00+02:00;30359_D;32;19;60;heavy;1
2025-07-02T19:03:00+02:00;30359_G;37;17;59;heavy;1
2025-07-02T19:03:00+02:00;30405;19;4;60;heavy;1
2025-07-02T19:03:00+02:00;30406;39;6;35;freeFlow;1
2025-07-02T19:03:00+02:00;30407;19;6;60;heavy;1
2025-07-02T19:03:00+02:00;30408;19;4;60;heavy;1
2025-07-02T19:03:00+02:00;30409;23;5;60;heavy;1
2025-07-02T19:03:00+02:00;30410_D;39;1;35;freeFlow;1
2025-07-02T19:03:00+02:00;30410_G;19;2;60;heavy;1
2025-07-02T19:03:00+02:00;30411_D;5;56;35;congested;1
2025-07-02T19:03:00+02:00;30411_G;19;15;60;heavy;1
2025-07-02T19:03:00+02:00;30414_D;33;11;38;heavy;1
2025-07-02T19:03:00+02:00;30414_G;17;24;60;heavy;1
2025-07-02T19:03:00+02:00;30416_D;36;14;38;freeFlow;1
2025-07-02T19:03:00+02:00;30416_G;20;26;60;heavy;1
2025-07-02T19:03:00+02:00;30499_D;48;6;40;freeFlow;1
2025-07-02T19:03:00+02:00;30499_G;22;14;100;freeFlow;3
2025-07-02T19:03:00+02:00;30501_D;37;7;40;freeFlow;1
2025-07-02T19:03:00+02:00;30501_G;15;18;100;heavy;3
2025-07-02T19:03:00+02:00;30502_D;5;10;57;congested;1
2025-07-02T19:03:00+02:00;30502_G;18;3;60;heavy;1
2025-07-02T19:03:00+02:00;30504_D;14;2;55;heavy;1
2025-07-02T19:03:00+02:00;30504_G;18;2;60;heavy;1
2025-07-02T19:03:00+02:00;30508;18;7;60;heavy;1
2025-07-02T19:03:00+02:00;30521_D;29;14;38;heavy;1
2025-07-02T19:03:00+02:00;30521_G;20;22;60;heavy;1
2025-07-02T19:03:00+02:00;30522_D;30;4;38;heavy;1
2025-07-02T19:03:00+02:00;30522_G;20;5;60;heavy;1
2025-07-02T19:03:00+02:00;30606_D;9;59;75;congested;2
2025-07-02T19:03:00+02:00;30606_G;42;13;42;freeFlow;1
2025-07-02T19:03:00+02:00;30608_D;15;10;75;heavy;2
2025-07-02T19:03:00+02:00;30608_G;47;3;42;freeFlow;1
2025-07-02T19:03:00+02:00;30611_D;24;16;75;heavy;2
2025-07-02T19:03:00+02:00;30611_G;48;9;42;freeFlow;1
2025-07-02T19:03:00+02:00;31;84;5;100;freeFlow;3
2025-07-02T19:03:00+02:00;31286;20;7;60;heavy;1
2025-07-02T19:03:00+02:00;31287;37;2;50;freeFlow;1
2025-07-02T19:03:00+02:00;31288;31;6;57;heavy;1
2025-07-02T19:03:00+02:00;31289;26;4;60;heavy;1
2025-07-02T19:03:00+02:00;31300_D;48;1;60;freeFlow;1
2025-07-02T19:03:00+02:00;31300_G;4;11;100;congested;3
2025-07-02T19:03:00+02:00;31302_D;22;2;60;heavy;1
2025-07-02T19:03:00+02:00;31302_G;31;1;57;heavy;1
2025-07-02T19:03:00+02:00;31304_D;43;26;60;freeFlow;1
2025-07-02T19:03:00+02:00;31305_D;11;69;95;congested;3
2025-07-02T19:03:00+02:00;31305_G;4;202;100;congested;3
2025-07-02T19:03:00+02:00;31361_D;33;2;75;heavy;2
2025-07-02T19:03:00+02:00;31361_G;18;2;60;heavy;1
2025-07-02T19:03:00+02:00;31444_D;64;38;100;freeFlow;3
2025-07-02T19:03:00+02:00;31444_G;20;120;100;congested;4
2025-07-02T19:03:00+02:00;31448;18;6;100;congested;3
2025-07-02T19:03:00+02:00;31449;22;7;100;congested;6
2025-07-02T19:03:00+02:00;31450;43;3;75;heavy;2
2025-07-02T19:03:00+02:00;31451;50;2;100;heavy;3
2025-07-02T19:03:00+02:00;31453_D;55;29;60;heavy;1
2025-07-02T19:03:00+02:00;31453_G;16;99;100;congested;4
2025-07-02T19:03:00+02:00;31511;82;18;100;freeFlow;7
2025-07-02T19:03:00+02:00;31512;94;26;100;freeFlow;10
2025-07-02T19:03:00+02:00;31513;94;23;100;freeFlow;9
2025-07-02T19:03:00+02:00;31515;25;5;100;heavy;6
2025-07-02T19:03:00+02:00;31517;27;5;100;heavy;4
2025-07-02T19:03:00+02:00;31520;40;2;100;freeFlow;5
2025-07-02T19:03:00+02:00;31522;36;5;75;freeFlow;2
2025-07-02T19:03:00+02:00;31523_D;49;4;100;freeFlow;3
2025-07-02T19:03:00+02:00;31523_G;51;4;60;freeFlow;1
2025-07-02T19:03:00+02:00;31530_D;54;7;100;heavy;3
2025-07-02T19:03:00+02:00;31530_G;16;23;100;congested;4
2025-07-02T19:03:00+02:00;31532_D;49;3;100;heavy;4
2025-07-02T19:03:00+02:00;31532_G;21;8;100;congested;4
2025-07-02T19:03:00+02:00;31534;80;5;75;freeFlow;2
2025-07-02T19:03:00+02:00;31536;60;15;60;freeFlow;1
2025-07-02T19:03:00+02:00;31550;68;14;100;freeFlow;8
2025-07-02T19:03:00+02:00;31551;69;11;100;freeFlow;5
2025-07-02T19:03:00+02:00;31553;90;11;100;freeFlow;3
2025-07-02T19:03:00+02:00;31557;71;5;32;freeFlow;2
2025-07-02T19:03:00+02:00;31558_D;35;32;22;heavy;1
2025-07-02T19:03:00+02:00;31558_G;51;22;100;freeFlow;3
2025-07-02T19:03:00+02:00;31559;29;15;41;heavy;2
2025-07-02T19:03:00+02:00;31561;83;4;60;freeFlow;1
2025-07-02T19:03:00+02:00;31562;51;8;100;freeFlow;4
2025-07-02T19:03:00+02:00;31563;64;6;100;freeFlow;3
2025-07-02T19:03:00+02:00;31568;42;9;100;heavy;3
2025-07-02T19:03:00+02:00;31569;70;8;100;freeFlow;3
2025-07-02T19:03:00+02:00;31583_D;50;15;0;unknown;0
2025-07-02T19:03:00+02:00;31583_G;62;12;27;freeFlow;1
2025-07-02T19:03:00+02:00;31670_D;39;11;50;freeFlow;1
2025-07-02T19:03:00+02:00;31670_G;68;6;100;freeFlow;3
2025-07-02T19:03:00+02:00;31672_D;56;36;100;freeFlow;5
2025-07-02T19:03:00+02:00;31672_G;48;41;60;heavy;1
2025-07-02T19:03:00+02:00;31673;97;13;100;freeFlow;9
2025-07-02T19:03:00+02:00;31674;9;148;100;congested;4
2025-07-02T19:03:00+02:00;31708_D;16;11;12;heavy;1
2025-07-02T19:03:00+02:00;31708_G;16;11;32;heavy;1
2025-07-02T19:03:00+02:00;31709_D;2;160;0;unknown;0
2025-07-02T19:03:00+02:00;31709_G;16;23;32;heavy;1
2025-07-02T19:03:00+02:00;31716_D;30;7;0;unknown;0
2025-07-02T19:03:00+02:00;31716_G;25;8;35;freeFlow;1
2025-07-02T19:03:00+02:00;31717_D;31;16;60;freeFlow;1
2025-07-02T19:03:00+02:00;31717_G;25;21;35;freeFlow;1
2025-07-02T19:03:00+02:00;31720_D;31;4;60;freeFlow;1
2025-07-02T19:03:00+02:00;31720_G;42;3;60;freeFlow;1
2025-07-02T19:03:00+02:00;31722_D;42;6;60;freeFlow;1
2025-07-02T19:03:00+02:00;31722_G;31;9;60;freeFlow;1
2025-07-02T19:03:00+02:00;31723;48;4;100;freeFlow;4
2025-07-02T19:03:00+02:00;31724;47;4;95;freeFlow;6
2025-07-02T19:03:00+02:00;31725;47;4;70;freeFlow;2
2025-07-02T19:03:00+02:00;31726;42;5;100;freeFlow;4
2025-07-02T19:03:00+02:00;31727_D;29;12;60;freeFlow;1
2025-07-02T19:03:00+02:00;31727_G;41;8;60;freeFlow;1
2025-07-02T19:03:00+02:00;31878;13;13;73;congested;2
2025-07-02T19:03:00+02:00;31879;28;6;60;heavy;1
2025-07-02T19:03:00+02:00;31880;90;3;100;freeFlow;5
2025-07-02T19:03:00+02:00;31881;106;3;100;freeFlow;3
2025-07-02T19:03:00+02:00;31882;23;7;100;heavy;9
2025-07-02T19:03:00+02:00;32;64;19;100;freeFlow;3
2025-07-02T19:03:00+02:00;32118;11;7;100;congested;3
2025-07-02T19:03:00+02:00;32163_D;31;3;60;freeFlow;1
2025-07-02T19:03:00+02:00;32163_G;25;4;35;freeFlow;1
2025-07-02T19:03:00+02:00;32165_D;17;5;75;heavy;2
2025-07-02T19:03:00+02:00;32165_G;31;3;60;heavy;1
2025-07-02T19:03:00+02:00;32177_D;62;9;75;freeFlow;2
2025-07-02T19:03:00+02:00;32177_G;19;31;74;congested;2
2025-07-02T19:03:00+02:00;32784_D;26;3;75;heavy;2
2025-07-02T19:03:00+02:00;32784_G;35;2;60;heavy;1
2025-07-02T19:03:00+02:00;32785;29;2;75;heavy;2
2025-07-02T19:03:00+02:00;32786;37;2;50;freeFlow;1
2025-07-02T19:03:00+02:00;32788;18;5;100;heavy;3
2025-07-02T19:03:00+02:00;32790;22;3;75;heavy;2
2025-07-02T19:03:00+02:00;32791;26;3;75;heavy;2
2025-07-02T19:03:00+02:00;32794;18;4;60;heavy;1
2025-07-02T19:03:00+02:00;32796;29;2;60;heavy;1
2025-07-02T19:03:00+02:00;33;73;35;100;freeFlow;3
2025-07-02T19:03:00+02:00;34;92;29;75;freeFlow;2
2025-07-02T19:03:00+02:00;34744;95;34;100;freeFlow;7
2025-07-02T19:03:00+02:00;34745;72;45;100;freeFlow;11
2025-07-02T19:03:00+02:00;34757_D;50;2;0;unknown;0
2025-07-02T19:03:00+02:00;34757_G;47;2;60;freeFlow;1
2025-07-02T19:03:00+02:00;34758_D;50;16;0;unknown;0
2025-07-02T19:03:00+02:00;34758_G;45;18;60;freeFlow;1
2025-07-02T19:03:00+02:00;35;81;65;75;freeFlow;2
2025-07-02T19:03:00+02:00;35072;20;128;100;congested;17
2025-07-02T19:03:00+02:00;35077;96;43;100;freeFlow;7
2025-07-02T19:03:00+02:00;35086;81;50;100;freeFlow;14
2025-07-02T19:03:00+02:00;35092;35;7;98;heavy;4
2025-07-02T19:03:00+02:00;35096;48;35;100;heavy;11
2025-07-02T19:03:00+02:00;35098;87;43;100;freeFlow;7
2025-07-02T19:03:00+02:00;35103;68;12;60;freeFlow;1
2025-07-02T19:03:00+02:00;35869_D;50;1;0;unknown;0
2025-07-02T19:03:00+02:00;35869_G;35;2;60;heavy;1
2025-07-02T19:03:00+02:00;35870_D;50;11;0;unknown;0
2025-07-02T19:03:00+02:00;35870_G;40;14;60;freeFlow;1
2025-07-02T19:03:00+02:00;35940;22;14;30;freeFlow;1
2025-07-02T19:03:00+02:00;35942;37;2;25;freeFlow;1
2025-07-02T19:03:00+02:00;35943;37;2;25;freeFlow;1
2025-07-02T19:03:00+02:00;35944;35;2;27;freeFlow;1
2025-07-02T19:03:00+02:00;35945;35;2;27;freeFlow;1
2025-07-02T19:03:00+02:00;35946_D;37;1;25;freeFlow;1
2025-07-02T19:03:00+02:00;35946_G;35;1;27;freeFlow;1
2025-07-02T19:03:00+02:00;35947;35;8;27;freeFlow;1
2025-07-02T19:03:00+02:00;35948;35;6;27;freeFlow;1
2025-07-02T19:03:00+02:00;35949;35;6;27;freeFlow;1
2025-07-02T19:03:00+02:00;35950;37;10;25;freeFlow;1
2025-07-02T19:03:00+02:00;35951;37;4;25;freeFlow;1
2025-07-02T19:03:00+02:00;35952;37;9;25;freeFlow;1
2025-07-02T19:03:00+02:00;35953;37;3;25;freeFlow;1
2025-07-02T19:03:00+02:00;35954;35;2;60;heavy;1
2025-07-02T19:03:00+02:00;35955;35;3;27;freeFlow;1
2025-07-02T19:03:00+02:00;35956;35;1;27;freeFlow;1
2025-07-02T19:03:00+02:00;35957_D;37;1;25;freeFlow;1
2025-07-02T19:03:00+02:00;35957_G;35;1;27;freeFlow;1
2025-07-02T19:03:00+02:00;35959_D;37;2;25;freeFlow;1
2025-07-02T19:03:00+02:00;35959_G;35;1;27;freeFlow;1
2025-07-02T19:03:00+02:00;35960;35;9;27;freeFlow;1
2025-07-02T19:03:00+02:00;35961;35;14;27;freeFlow;1
2025-07-02T19:03:00+02:00;35962;35;10;27;freeFlow;1
2025-07-02T19:03:00+02:00;35963;37;5;25;freeFlow;1
2025-07-02T19:03:00+02:00;35964;37;5;25;freeFlow;1
2025-07-02T19:03:00+02:00;35965;37;17;25;freeFlow;1
2025-07-02T19:03:00+02:00;35971;37;17;25;freeFlow;1
2025-07-02T19:03:00+02:00;35972;29;12;27;freeFlow;1
2025-07-02T19:03:00+02:00;35973;35;7;27;freeFlow;1
2025-07-02T19:03:00+02:00;35985_D;32;2;60;heavy;1
2025-07-02T19:03:00+02:00;35985_G;44;2;60;freeFlow;1
2025-07-02T19:03:00+02:00;35986_D;35;20;75;heavy;2
2025-07-02T19:03:00+02:00;35986_G;10;72;60;congested;1
2025-07-02T19:03:00+02:00;35994_D;21;2;75;heavy;2
2025-07-02T19:03:00+02:00;35994_G;18;2;60;heavy;1
2025-07-02T19:03:00+02:00;35998;41;5;75;freeFlow;2
2025-07-02T19:03:00+02:00;35999;19;10;63;heavy;2
2025-07-02T19:03:00+02:00;36000;40;5;40;freeFlow;1
2025-07-02T19:03:00+02:00;36001;45;4;75;freeFlow;2
2025-07-02T19:03:00+02:00;36003_D;8;5;48;congested;1
2025-07-02T19:03:00+02:00;36003_G;41;2;75;freeFlow;2
2025-07-02T19:03:00+02:00;36004_D;24;88;65;heavy;2
2025-07-02T19:03:00+02:00;36004_G;57;37;60;freeFlow;1
2025-07-02T19:03:00+02:00;36005;37;2;25;freeFlow;1
2025-07-02T19:03:00+02:00;36006;24;3;27;freeFlow;1
2025-07-02T19:03:00+02:00;36007;37;2;25;freeFlow;1
2025-07-02T19:03:00+02:00;36010_D;28;1;25;freeFlow;1
2025-07-02T19:03:00+02:00;36010_G;30;1;27;freeFlow;1
2025-07-02T19:03:00+02:00;36011;26;12;22;freeFlow;1
2025-07-02T19:03:00+02:00;36012_D;37;2;25;freeFlow;1
2025-07-02T19:03:00+02:00;36012_G;21;3;27;freeFlow;1
2025-07-02T19:03:00+02:00;37200_D;28;9;45;freeFlow;1
2025-07-02T19:03:00+02:00;37200_G;33;8;60;freeFlow;1
2025-07-02T19:03:00+02:00;37201;30;7;75;heavy;2
2025-07-02T19:03:00+02:00;37202;39;8;98;freeFlow;3
2025-07-02T19:03:00+02:00;37203;46;12;73;freeFlow;2
2025-07-02T19:03:00+02:00;37204_D;46;2;60;freeFlow;1
2025-07-02T19:03:00+02:00;37204_G;48;2;60;freeFlow;1
2025-07-02T19:03:00+02:00;37205_D;16;13;60;heavy;1
2025-07-02T19:03:00+02:00;37205_G;47;4;60;freeFlow;1
2025-07-02T19:03:00+02:00;37206_D;42;12;60;freeFlow;1
2025-07-02T19:03:00+02:00;37206_G;48;10;60;freeFlow;1
2025-07-02T19:03:00+02:00;37207;29;2;60;heavy;1
2025-07-02T19:03:00+02:00;37208;49;3;60;freeFlow;1
2025-07-02T19:03:00+02:00;37209;57;1;60;freeFlow;1
2025-07-02T19:03:00+02:00;37210_D;57;1;60;freeFlow;1
2025-07-02T19:03:00+02:00;37210_G;49;1;60;freeFlow;1
2025-07-02T19:03:00+02:00;37211_D;57;47;60;freeFlow;1
2025-07-02T19:03:00+02:00;37211_G;59;45;60;freeFlow;1
2025-07-02T19:03:00+02:00;37239;37;5;60;freeFlow;1
2025-07-02T19:03:00+02:00;37240;12;13;70;heavy;2
2025-07-02T19:03:00+02:00;37241;16;11;70;heavy;2
2025-07-02T19:03:00+02:00;37242;30;7;60;freeFlow;1
2025-07-02T19:03:00+02:00;37243_D;19;5;70;heavy;2
2025-07-02T19:03:00+02:00;37243_G;45;3;98;freeFlow;3
2025-07-02T19:03:00+02:00;37244_D;35;2;22;freeFlow;1
2025-07-02T19:03:00+02:00;37244_G;13;5;30;heavy;1
2025-07-02T19:03:00+02:00;37246_D;17;5;45;heavy;1
2025-07-02T19:03:00+02:00;37246_G;31;3;60;freeFlow;1
2025-07-02T19:03:00+02:00;37422_D;50;19;0;unknown;0
2025-07-02T19:03:00+02:00;37422_G;45;22;60;freeFlow;1
2025-07-02T19:03:00+02:00;37467_D;50;8;0;unknown;0
2025-07-02T19:03:00+02:00;37467_G;43;9;88;freeFlow;3
2025-07-02T19:03:00+02:00;37508_D;25;43;88;heavy;3
2025-07-02T19:03:00+02:00;37508_G;38;28;100;freeFlow;3
2025-07-02T19:03:00+02:00;37509_D;15;5;40;heavy;1
2025-07-02T19:03:00+02:00;37509_G;38;1;75;freeFlow;2
2025-07-02T19:03:00+02:00;37564_D;69;22;75;freeFlow;2
2025-07-02T19:03:00+02:00;37564_G;69;22;60;freeFlow;1
2025-07-02T19:03:00+02:00;37565_D;28;29;75;heavy;2
2025-07-02T19:03:00+02:00;37565_G;20;40;75;congested;2
2025-07-02T19:03:00+02:00;37586_D;39;2;40;freeFlow;1
2025-07-02T19:03:00+02:00;37586_G;24;3;100;heavy;3
2025-07-02T19:03:00+02:00;37588_D;60;9;60;freeFlow;1
2025-07-02T19:03:00+02:00;37588_G;55;10;75;freeFlow;2
2025-07-02T19:03:00+02:00;37620_D;23;3;60;heavy;1
2025-07-02T19:03:00+02:00;37620_G;53;1;60;freeFlow;1
2025-07-02T19:03:00+02:00;37621;31;6;100;heavy;4
2025-07-02T19:03:00+02:00;37622;19;11;98;heavy;3
2025-07-02T19:03:00+02:00;37625_D;49;19;75;freeFlow;2
2025-07-02T19:03:00+02:00;37625_G;20;47;75;heavy;2
2025-07-02T19:03:00+02:00;37665_D;18;4;70;heavy;2
2025-07-02T19:03:00+02:00;37665_G;102;1;60;freeFlow;1
2025-07-02T19:03:00+02:00;37667;65;19;100;freeFlow;3
2025-07-02T19:03:00+02:00;37668;71;6;100;freeFlow;3
2025-07-02T19:03:00+02:00;37673;32;11;100;heavy;3
2025-07-02T19:03:00+02:00;37686_D;17;37;100;heavy;5
2025-07-02T19:03:00+02:00;37686_G;31;21;38;freeFlow;1
2025-07-02T19:03:00+02:00;37702_D;15;18;75;congested;2
2025-07-02T19:03:00+02:00;37702_G;50;5;0;unknown;0
2025-07-02T19:03:00+02:00;37706_D;5;11;12;congested;1
2025-07-02T19:03:00+02:00;37706_G;19;3;75;heavy;2
2025-07-02T19:03:00+02:00;37707_D;32;2;75;heavy;2
2025-07-02T19:03:00+02:00;37707_G;75;1;60;freeFlow;1
2025-07-02T19:03:00+02:00;37708_D;29;31;74;freeFlow;2
2025-07-02T19:03:00+02:00;37708_G;13;73;100;heavy;4
2025-07-02T19:03:00+02:00;37712_D;29;7;60;freeFlow;1
2025-07-02T19:03:00+02:00;37712_G;26;8;100;freeFlow;4
2025-07-02T19:03:00+02:00;37724;41;4;100;freeFlow;3
2025-07-02T19:03:00+02:00;37725;36;2;62;freeFlow;2
2025-07-02T19:03:00+02:00;37726;31;4;98;heavy;5
2025-07-02T19:03:00+02:00;37727;42;2;64;freeFlow;2
2025-07-02T19:03:00+02:00;37728;4;30;42;congested;1
2025-07-02T19:03:00+02:00;37729;16;345;100;congested;13
2025-07-02T19:03:00+02:00;37730;32;4;100;heavy;5
2025-07-02T19:03:00+02:00;37732;82;44;75;freeFlow;2
2025-07-02T19:03:00+02:00;37737;8;508;100;congested;13
2025-07-02T19:03:00+02:00;37738;38;2;100;heavy;9
2025-07-02T19:03:00+02:00;37739;39;4;100;heavy;10
2025-07-02T19:03:00+02:00;37740;40;4;100;heavy;9
2025-07-02T19:03:00+02:00;37741;23;2;100;heavy;10
2025-07-02T19:03:00+02:00;37742;43;3;100;heavy;10
2025-07-02T19:03:00+02:00;37743;40;3;100;heavy;10
2025-07-02T19:03:00+02:00;37744;39;4;100;heavy;10
2025-07-02T19:03:00+02:00;37745;38;2;100;heavy;7
2025-07-02T19:03:00+02:00;37749;85;45;100;freeFlow;11
2025-07-02T19:03:00+02:00;37750;5;556;100;congested;10
2025-07-02T19:03:00+02:00;37751;15;64;100;congested;3
2025-07-02T19:03:00+02:00;37752;102;6;100;freeFlow;3
2025-07-02T19:03:00+02:00;37753;90;29;100;freeFlow;10
2025-07-02T19:03:00+02:00;37784;37;2;75;freeFlow;2
2025-07-02T19:03:00+02:00;37785;27;3;99;heavy;3
2025-07-02T19:03:00+02:00;37786;42;2;100;freeFlow;4
2025-07-02T19:03:00+02:00;37787_D;45;33;75;heavy;2
2025-07-02T19:03:00+02:00;37787_G;64;24;60;freeFlow;1
2025-07-02T19:03:00+02:00;37818;25;181;83;congested;6
2025-07-02T19:03:00+02:00;37819;82;67;100;freeFlow;9
2025-07-02T19:03:00+02:00;37822;105;8;75;freeFlow;2
2025-07-02T19:03:00+02:00;37826;62;1;75;freeFlow;2
2025-07-02T19:03:00+02:00;37827;37;1;100;freeFlow;4
2025-07-02T19:03:00+02:00;37941;92;53;73;freeFlow;6
2025-07-02T19:03:00+02:00;37947;88;8;100;freeFlow;4
2025-07-02T19:03:00+02:00;37948;78;89;100;freeFlow;10
2025-07-02T19:03:00+02:00;37949;102;68;100;freeFlow;5
2025-07-02T19:03:00+02:00;37950;78;9;100;freeFlow;6
2025-07-02T19:03:00+02:00;37970;75;19;100;freeFlow;9
2025-07-02T19:03:00+02:00;38;79;18;100;freeFlow;3
2025-07-02T19:03:00+02:00;38067;79;14;100;freeFlow;9
2025-07-02T19:03:00+02:00;38068;56;4;100;freeFlow;3
2025-07-02T19:03:00+02:00;38069;21;15;71;congested;2
2025-07-02T19:03:00+02:00;38070;107;8;100;freeFlow;3
2025-07-02T19:03:00+02:00;38310;65;1;60;freeFlow;1
2025-07-02T19:03:00+02:00;38311;57;2;73;freeFlow;2
2025-07-02T19:03:00+02:00;38317;87;2;100;freeFlow;6
2025-07-02T19:03:00+02:00;38318;107;25;100;freeFlow;4
2025-07-02T19:03:00+02:00;38319;85;24;100;freeFlow;12
2025-07-02T19:03:00+02:00;38322;28;6;100;heavy;3
2025-07-02T19:03:00+02:00;38378_D;64;12;73;freeFlow;2
2025-07-02T19:03:00+02:00;38378_G;73;10;60;freeFlow;1
2025-07-02T19:03:00+02:00;38389_D;46;24;74;heavy;2
2025-07-02T19:03:00+02:00;38389_G;72;15;60;freeFlow;1
2025-07-02T19:03:00+02:00;39061;63;4;75;freeFlow;2
2025-07-02T19:03:00+02:00;39062;57;2;75;freeFlow;2
2025-07-02T19:03:00+02:00;39063;51;8;100;freeFlow;3
2025-07-02T19:03:00+02:00;39473;10;202;100;congested;9
2025-07-02T19:03:00+02:00;39618;90;3;100;freeFlow;11
2025-07-02T19:03:00+02:00;39619;89;3;100;freeFlow;11
2025-07-02T19:03:00+02:00;39720_D;11;117;95;congested;3
2025-07-02T19:03:00+02:00;39720_G;51;24;60;freeFlow;1
2025-07-02T19:03:00+02:00;39902_D;100;1;57;freeFlow;1
2025-07-02T19:03:00+02:00;39902_G;72;1;60;freeFlow;1
2025-07-02T19:03:00+02:00;39904_D;46;1;60;heavy;1
2025-07-02T19:03:00+02:00;39904_G;73;1;60;freeFlow;1
2025-07-02T19:03:00+02:00;39906_D;45;11;60;heavy;1
2025-07-02T19:03:00+02:00;39906_G;73;7;60;freeFlow;1
2025-07-02T19:03:00+02:00;40185_D;11;12;50;congested;1
2025-07-02T19:03:00+02:00;40185_G;44;1;60;heavy;1
2025-07-02T19:03:00+02:00;40201;11;2;60;congested;1
2025-07-02T19:03:00+02:00;40202;16;5;60;heavy;1
2025-07-02T19:03:00+02:00;40203;57;1;75;freeFlow;2
2025-07-02T19:03:00+02:00;40212_D;65;2;100;freeFlow;3
2025-07-02T19:03:00+02:00;40212_G;11;11;60;congested;1
2025-07-02T19:03:00+02:00;40213_D;68;1;75;freeFlow;2
2025-07-02T19:03:00+02:00;40213_G;9;5;60;congested;1
2025-07-02T19:03:00+02:00;41631_D;32;7;57;freeFlow;2
2025-07-02T19:03:00+02:00;41631_G;19;11;50;heavy;1
2025-07-02T19:03:00+02:00;41632_D;41;3;30;freeFlow;1
2025-07-02T19:03:00+02:00;41632_G;30;4;0;unknown;0
2025-07-02T19:03:00+02:00;41652_D;27;8;57;heavy;1
2025-07-02T19:03:00+02:00;41683_D;54;19;30;freeFlow;1
2025-07-02T19:03:00+02:00;41683_G;70;15;0;unknown;0
2025-07-02T19:03:00+02:00;41709_D;41;11;30;freeFlow;1
2025-07-02T19:03:00+02:00;41709_G;30;15;0;unknown;0
2025-07-02T19:03:00+02:00;41712_D;41;5;30;freeFlow;1
2025-07-02T19:03:00+02:00;41712_G;30;7;0;unknown;0
2025-07-02T19:03:00+02:00;41713_D;56;2;40;freeFlow;1
2025-07-02T19:03:00+02:00;41713_G;2;54;55;congested;1
2025-07-02T19:03:00+02:00;41729;45;2;60;freeFlow;1
2025-07-02T19:03:00+02:00;41730;50;1;0;unknown;0
2025-07-02T19:03:00+02:00;41731;50;1;0;unknown;0
2025-07-02T19:03:00+02:00;41753_D;37;5;40;freeFlow;1
2025-07-02T19:03:00+02:00;41753_G;33;6;52;freeFlow;1
2025-07-02T19:03:00+02:00;41764_D;41;1;30;freeFlow;1
2025-07-02T19:03:00+02:00;41764_G;30;2;0;unknown;0
2025-07-02T19:03:00+02:00;41781;46;1;60;freeFlow;1
2025-07-02T19:03:00+02:00;41782;29;3;60;heavy;1
2025-07-02T19:03:00+02:00;41783;43;2;75;freeFlow;2
2025-07-02T19:03:00+02:00;41784;43;2;75;freeFlow;2
2025-07-02T19:03:00+02:00;41809_D;38;6;40;freeFlow;1
2025-07-02T19:03:00+02:00;41809_G;38;6;50;freeFlow;1
2025-07-02T19:03:00+02:00;41810_D;43;2;40;freeFlow;1
2025-07-02T19:03:00+02:00;41810_G;40;1;50;freeFlow;1
2025-07-02T19:03:00+02:00;41811_D;43;6;40;freeFlow;1
2025-07-02T19:03:00+02:00;41811_G;44;6;50;freeFlow;1
2025-07-02T19:03:00+02:00;41812_D;43;4;40;freeFlow;1
2025-07-02T19:03:00+02:00;41812_G;44;4;50;freeFlow;1
2025-07-02T19:03:00+02:00;41813_D;43;3;40;freeFlow;1
2025-07-02T19:03:00+02:00;41813_G;44;3;50;freeFlow;1
2025-07-02T19:03:00+02:00;41814_D;43;5;40;freeFlow;1
2025-07-02T19:03:00+02:00;41814_G;44;5;50;freeFlow;1
2025-07-02T19:03:00+02:00;41815_D;38;5;40;freeFlow;1
2025-07-02T19:03:00+02:00;41815_G;36;6;50;freeFlow;1
2025-07-02T19:03:00+02:00;41817_D;32;6;42;freeFlow;1
2025-07-02T19:03:00+02:00;41817_G;28;7;50;freeFlow;1
2025-07-02T19:03:00+02:00;41818_D;30;3;55;freeFlow;2
2025-07-02T19:03:00+02:00;41818_G;29;2;50;freeFlow;1
2025-07-02T19:03:00+02:00;42028;56;9;60;freeFlow;1
2025-07-02T19:03:00+02:00;42029;44;34;100;freeFlow;3
2025-07-02T19:03:00+02:00;42030;43;35;60;freeFlow;1
2025-07-02T19:03:00+02:00;42031;49;31;75;freeFlow;2
2025-07-02T19:03:00+02:00;42047;70;5;0;unknown;0
2025-07-02T19:03:00+02:00;42049;50;2;0;unknown;0
2025-07-02T19:03:00+02:00;42050;43;2;96;heavy;3
2025-07-02T19:03:00+02:00;42051;99;5;75;freeFlow;2
2025-07-02T19:03:00+02:00;42125_D;49;23;60;freeFlow;1
2025-07-02T19:03:00+02:00;42125_G;46;25;60;freeFlow;1
2025-07-02T19:03:00+02:00;42134;73;32;100;freeFlow;3
2025-07-02T19:03:00+02:00;42135;69;40;100;freeFlow;4
2025-07-02T19:03:00+02:00;42206_D;31;30;0;unknown;0
2025-07-02T19:03:00+02:00;42238_D;106;3;57;freeFlow;1
2025-07-02T19:03:00+02:00;42257;90;6;0;unknown;0
2025-07-02T19:03:00+02:00;42273_D;41;5;30;freeFlow;1
2025-07-02T19:03:00+02:00;42273_G;30;6;0;unknown;0
2025-07-02T19:03:00+02:00;42293_D;42;1;40;freeFlow;1
2025-07-02T19:03:00+02:00;42293_G;26;2;52;freeFlow;1
2025-07-02T19:03:00+02:00;42307_D;50;15;0;unknown;0
2025-07-02T19:03:00+02:00;42307_G;86;9;15;freeFlow;1
2025-07-02T19:03:00+02:00;42359;22;30;100;congested;5
2025-07-02T19:03:00+02:00;42375;50;1;0;unknown;0
2025-07-02T19:03:00+02:00;42378_D;56;1;40;freeFlow;1
2025-07-02T19:03:00+02:00;42378_G;26;2;52;freeFlow;1
2025-07-02T19:03:00+02:00;42379;67;40;75;freeFlow;2
2025-07-02T19:03:00+02:00;42383;45;2;60;freeFlow;1
2025-07-02T19:03:00+02:00;42384;50;1;0;unknown;0
2025-07-02T19:03:00+02:00;42385;44;2;100;freeFlow;3
2025-07-02T19:03:00+02:00;42386;27;2;100;heavy;3
2025-07-02T19:03:00+02:00;42387;38;5;100;freeFlow;4
2025-07-02T19:03:00+02:00;42388;36;3;100;freeFlow;5
2025-07-02T19:03:00+02:00;42389;46;4;100;freeFlow;3
2025-07-02T19:03:00+02:00;42390;41;3;100;freeFlow;4
2025-07-02T19:03:00+02:00;42391;31;4;60;heavy;1
2025-07-02T19:03:00+02:00;42392;33;3;100;heavy;3
2025-07-02T19:03:00+02:00;42399;50;5;75;heavy;2
2025-07-02T19:03:00+02:00;42401_D;48;27;55;freeFlow;1
2025-07-02T19:03:00+02:00;42401_G;80;16;15;freeFlow;1
2025-07-02T19:03:00+02:00;42572;36;1;100;freeFlow;3
2025-07-02T19:03:00+02:00;42573;49;1;75;freeFlow;2
2025-07-02T19:03:00+02:00;42580;50;2;75;heavy;2
2025-07-02T19:03:00+02:00;42595_D;41;5;30;freeFlow;1
2025-07-02T19:03:00+02:00;42595_G;30;6;0;unknown;0
2025-07-02T19:03:00+02:00;42603;7;75;60;congested;1
2025-07-02T19:03:00+02:00;42663_D;71;3;30;freeFlow;1
2025-07-02T19:03:00+02:00;42663_G;50;5;0;unknown;0
2025-07-02T19:03:00+02:00;42681_D;64;14;30;freeFlow;1
2025-07-02T19:03:00+02:00;42681_G;70;13;0;unknown;0
2025-07-02T19:03:00+02:00;42684_D;44;1;55;freeFlow;1
2025-07-02T19:03:00+02:00;42684_G;30;2;0;unknown;0
2025-07-02T19:03:00+02:00;42685;57;46;100;heavy;3
2025-07-02T19:03:00+02:00;42709_D;41;23;57;freeFlow;1
2025-07-02T19:03:00+02:00;42709_G;50;18;0;unknown;0
2025-07-02T19:03:00+02:00;42777_D;50;3;0;unknown;0
2025-07-02T19:03:00+02:00;42777_G;5;32;17;congested;1
2025-07-02T19:03:00+02:00;42778_D;50;1;0;unknown;0
2025-07-02T19:03:00+02:00;42778_G;35;2;15;heavy;1
2025-07-02T19:03:00+02:00;42779;50;2;0;unknown;0
2025-07-02T19:03:00+02:00;42780_D;50;8;0;unknown;0
2025-07-02T19:03:00+02:00;42780_G;58;7;15;freeFlow;1
2025-07-02T19:03:00+02:00;42938_D;50;6;0;unknown;0
2025-07-02T19:03:00+02:00;42938_G;9;33;57;congested;1
2025-07-02T19:03:00+02:00;42939_D;50;4;0;unknown;0
2025-07-02T19:03:00+02:00;42939_G;26;8;55;heavy;1
2025-07-02T19:03:00+02:00;42940_D;58;7;57;freeFlow;1
2025-07-02T19:03:00+02:00;42940_G;48;9;73;freeFlow;2
2025-07-02T19:03:00+02:00;42941_D;50;3;0;unknown;0
2025-07-02T19:03:00+02:00;42941_G;7;19;57;congested;1
2025-07-02T19:03:00+02:00;42947_D;42;11;60;freeFlow;1
2025-07-02T19:03:00+02:00;42947_G;36;12;60;freeFlow;1
2025-07-02T19:03:00+02:00;42948_D;42;6;60;freeFlow;1
2025-07-02T19:03:00+02:00;42948_G;50;5;0;unknown;0
2025-07-02T19:03:00+02:00;42949_D;35;8;75;heavy;2
2025-07-02T19:03:00+02:00;42949_G;39;7;60;freeFlow;1
2025-07-02T19:03:00+02:00;42978_D;50;11;0;unknown;0
2025-07-02T19:03:00+02:00;42978_G;40;14;57;freeFlow;1
2025-07-02T19:03:00+02:00;42979_D;50;3;0;unknown;0
2025-07-02T19:03:00+02:00;42979_G;39;4;57;freeFlow;1
2025-07-02T19:03:00+02:00;42983_D;50;8;0;unknown;0
2025-07-02T19:03:00+02:00;42983_G;33;12;55;heavy;1
2025-07-02T19:03:00+02:00;42999_D;50;12;0;unknown;0
2025-07-02T19:03:00+02:00;42999_G;19;31;20;heavy;1
2025-07-02T19:03:00+02:00;43000_D;50;5;0;unknown;0
2025-07-02T19:03:00+02:00;43000_G;30;8;17;heavy;1
2025-07-02T19:03:00+02:00;43001_D;50;4;0;unknown;0
2025-07-02T19:03:00+02:00;43001_G;26;7;17;heavy;1
2025-07-02T19:03:00+02:00;43003_D;50;3;0;unknown;0
2025-07-02T19:03:00+02:00;43003_G;31;5;17;heavy;1
2025-07-02T19:03:00+02:00;43027_D;50;5;0;unknown;0
2025-07-02T19:03:00+02:00;43027_G;34;7;55;heavy;1
2025-07-02T19:03:00+02:00;43029_D;42;10;60;freeFlow;1
2025-07-02T19:03:00+02:00;43029_G;30;14;60;heavy;1
2025-07-02T19:03:00+02:00;43046_D;50;6;0;unknown;0
2025-07-02T19:03:00+02:00;43046_G;60;5;38;freeFlow;1
2025-07-02T19:03:00+02:00;43047_D;50;4;0;unknown;0
2025-07-02T19:03:00+02:00;43047_G;36;4;62;freeFlow;2
2025-07-02T19:03:00+02:00;43048_D;41;6;0;unknown;0
2025-07-02T19:03:00+02:00;43048_G;26;10;60;heavy;1
2025-07-02T19:03:00+02:00;43049_D;30;4;0;unknown;0
2025-07-02T19:03:00+02:00;43049_G;29;4;57;freeFlow;1
2025-07-02T19:03:00+02:00;43050_D;50;3;0;unknown;0
2025-07-02T19:03:00+02:00;43050_G;46;4;57;freeFlow;1
2025-07-02T19:03:00+02:00;43099;30;3;35;heavy;1
2025-07-02T19:03:00+02:00;43352_G;30;16;0;unknown;0
2025-07-02T19:03:00+02:00;43451_D;16;29;94;heavy;4
2025-07-02T19:03:00+02:00;43481;31;23;10;heavy;1
2025-07-02T19:03:00+02:00;43627;53;12;52;freeFlow;1
2025-07-02T19:03:00+02:00;43658_D;26;7;60;heavy;1
2025-07-02T19:03:00+02:00;43658_G;26;7;55;heavy;1
2025-07-02T19:03:00+02:00;43718_D;50;3;0;unknown;0
2025-07-02T19:03:00+02:00;43718_G;24;6;40;heavy;1
2025-07-02T19:03:00+02:00;43719_D;50;9;0;unknown;0
2025-07-02T19:03:00+02:00;43719_G;22;20;40;heavy;1
2025-07-02T19:03:00+02:00;43720_D;50;4;0;unknown;0
2025-07-02T19:03:00+02:00;43720_G;50;4;0;unknown;0
2025-07-02T19:03:00+02:00;43724_D;50;8;0;unknown;0
2025-07-02T19:03:00+02:00;43724_G;13;31;60;congested;1
2025-07-02T19:03:00+02:00;43733_D;50;4;0;unknown;0
2025-07-02T19:03:00+02:00;43733_G;27;7;17;heavy;1
2025-07-02T19:03:00+02:00;43736_D;50;4;0;unknown;0
2025-07-02T19:03:00+02:00;43736_G;50;4;0;unknown;0
2025-07-02T19:03:00+02:00;43739_D;42;7;0;unknown;0
2025-07-02T19:03:00+02:00;43739_G;50;7;0;unknown;0
2025-07-02T19:03:00+02:00;43740_D;22;13;10;heavy;1
2025-07-02T19:03:00+02:00;43740_G;50;6;0;unknown;0
2025-07-02T19:03:00+02:00;43741_D;22;2;10;heavy;1
2025-07-02T19:03:00+02:00;43741_G;50;0;0;unknown;0
2025-07-02T19:03:00+02:00;43742_D;50;7;0;unknown;0
2025-07-02T19:03:00+02:00;43742_G;7;46;52;congested;1
2025-07-02T19:03:00+02:00;43743_G;15;83;55;heavy;1
2025-07-02T19:03:00+02:00;43744_D;50;5;0;unknown;0
2025-07-02T19:03:00+02:00;43744_G;34;7;52;heavy;1
2025-07-02T19:03:00+02:00;43748;30;7;0;unknown;0
2025-07-02T19:03:00+02:00;43757;21;5;55;heavy;1
2025-07-02T19:03:00+02:00;43758;17;18;67;heavy;2
2025-07-02T19:03:00+02:00;43786_D;50;12;0;unknown;0
2025-07-02T19:03:00+02:00;43786_G;50;12;0;unknown;0
2025-07-02T19:03:00+02:00;43787_D;50;3;0;unknown;0
2025-07-02T19:03:00+02:00;43787_G;50;3;0;unknown;0
2025-07-02T19:03:00+02:00;43788_D;50;2;0;unknown;0
2025-07-02T19:03:00+02:00;43788_G;41;2;57;freeFlow;1
2025-07-02T19:03:00+02:00;43789_D;50;5;0;unknown;0
2025-07-02T19:03:00+02:00;43789_G;54;5;73;freeFlow;2
2025-07-02T19:03:00+02:00;43790_D;50;5;0;unknown;0
2025-07-02T19:03:00+02:00;43790_G;57;4;70;freeFlow;2
2025-07-02T19:03:00+02:00;43791_D;50;3;0;unknown;0
2025-07-02T19:03:00+02:00;43791_G;57;2;70;freeFlow;2
2025-07-02T19:03:00+02:00;43792_D;50;7;0;unknown;0
2025-07-02T19:03:00+02:00;43792_G;56;6;70;freeFlow;2
2025-07-02T19:03:00+02:00;43814_D;23;31;60;heavy;1
2025-07-02T19:03:00+02:00;43814_G;26;26;65;heavy;2
2025-07-02T19:03:00+02:00;43815_D;6;65;60;congested;1
2025-07-02T19:03:00+02:00;43815_G;37;10;60;freeFlow;1
2025-07-02T19:03:00+02:00;43817_D;50;14;0;unknown;0
2025-07-02T19:03:00+02:00;43817_G;50;14;0;unknown;0
2025-07-02T19:03:00+02:00;43819;10;47;65;heavy;2
2025-07-02T19:03:00+02:00;43821;21;13;55;heavy;1
2025-07-02T19:03:00+02:00;43828_D;3;225;0;unknown;0
2025-07-02T19:03:00+02:00;43828_G;5;108;73;congested;2
2025-07-02T19:03:00+02:00;43835_D;26;13;60;heavy;1
2025-07-02T19:03:00+02:00;43835_G;41;8;63;freeFlow;2
2025-07-02T19:03:00+02:00;43836;34;15;65;heavy;2
2025-07-02T19:03:00+02:00;43871_D;31;7;60;heavy;1
2025-07-02T19:03:00+02:00;43871_G;50;4;0;unknown;0
2025-07-02T19:03:00+02:00;43872_D;41;5;60;freeFlow;1
2025-07-02T19:03:00+02:00;43872_G;50;4;0;unknown;0
2025-07-02T19:03:00+02:00;43873_D;39;7;67;freeFlow;2
2025-07-02T19:03:00+02:00;43873_G;50;5;0;unknown;0
2025-07-02T19:03:00+02:00;43925_D;35;7;60;heavy;1
2025-07-02T19:03:00+02:00;43925_G;50;5;0;unknown;0
2025-07-02T19:03:00+02:00;43937_D;8;38;52;congested;1
2025-07-02T19:03:00+02:00;43937_G;22;14;77;heavy;3
2025-07-02T19:03:00+02:00;43938_D;47;21;52;freeFlow;1
2025-07-02T19:03:00+02:00;43938_G;56;17;63;freeFlow;2
2025-07-02T19:03:00+02:00;43972;32;11;50;heavy;1
2025-07-02T19:03:00+02:00;43974;20;25;60;heavy;2
2025-07-02T19:03:00+02:00;43975;56;4;35;freeFlow;1
2025-07-02T19:03:00+02:00;44002_D;28;16;75;heavy;2
2025-07-02T19:03:00+02:00;44002_G;21;21;42;heavy;1
2025-07-02T19:03:00+02:00;44003_D;32;13;60;heavy;1
2025-07-02T19:03:00+02:00;44012;29;23;27;heavy;1
2025-07-02T19:03:00+02:00;44017_D;22;7;75;heavy;2
2025-07-02T19:03:00+02:00;44018_D;33;18;75;heavy;2
2025-07-02T19:03:00+02:00;44028;26;11;52;heavy;1
2025-07-02T19:03:00+02:00;44036_D;23;5;75;heavy;2
2025-07-02T19:03:00+02:00;44036_G;38;3;27;freeFlow;1
2025-07-02T19:03:00+02:00;44066;10;20;22;congested;1
2025-07-02T19:03:00+02:00;44067;8;93;12;congested;1
2025-07-02T19:03:00+02:00;44069;33;6;0;unknown;0
2025-07-02T19:03:00+02:00;44084_D;30;9;40;heavy;1
2025-07-02T19:03:00+02:00;44084_G;38;7;52;freeFlow;1
2025-07-02T19:03:00+02:00;44089_D;50;6;0;unknown;0
2025-07-02T19:03:00+02:00;44089_G;35;9;32;freeFlow;2
2025-07-02T19:03:00+02:00;44090_D;50;5;0;unknown;0
2025-07-02T19:03:00+02:00;44090_G;34;7;32;heavy;2
2025-07-02T19:03:00+02:00;44131;39;16;60;freeFlow;1
2025-07-02T19:03:00+02:00;44134;32;13;32;heavy;2
2025-07-02T19:03:00+02:00;44165_D;46;5;0;unknown;0
2025-07-02T19:03:00+02:00;44165_G;14;17;40;congested;1
2025-07-02T19:03:00+02:00;44198_D;50;14;0;unknown;0
2025-07-02T19:03:00+02:00;44198_G;20;36;100;heavy;3
2025-07-02T19:03:00+02:00;44199_D;50;5;0;unknown;0
2025-07-02T19:03:00+02:00;44199_G;7;35;75;congested;2
2025-07-02T19:03:00+02:00;44231_D;31;8;40;heavy;1
2025-07-02T19:03:00+02:00;44231_G;49;5;60;freeFlow;1
2025-07-02T19:03:00+02:00;44232_D;22;9;75;heavy;2
2025-07-02T19:03:00+02:00;44232_G;38;6;60;freeFlow;1
2025-07-02T19:03:00+02:00;44234_D;16;21;70;heavy;2
2025-07-02T19:03:00+02:00;44234_G;74;5;60;freeFlow;1
2025-07-02T19:03:00+02:00;44259_D;50;2;0;unknown;0
2025-07-02T19:03:00+02:00;44259_G;14;8;60;congested;1
2025-07-02T19:03:00+02:00;44260;24;16;45;heavy;1
2025-07-02T19:03:00+02:00;44261_D;50;9;0;unknown;0
2025-07-02T19:03:00+02:00;44261_G;36;13;75;freeFlow;2
2025-07-02T19:03:00+02:00;44293;50;5;0;unknown;0
2025-07-02T19:03:00+02:00;44303_D;50;2;0;unknown;0
2025-07-02T19:03:00+02:00;44303_G;50;2;0;unknown;0
2025-07-02T19:03:00+02:00;44304_D;24;19;45;heavy;1
2025-07-02T19:03:00+02:00;44304_G;50;9;0;unknown;0
2025-07-02T19:03:00+02:00;44322_D;18;121;93;heavy;5
2025-07-02T19:03:00+02:00;44322_G;25;90;60;heavy;1
2025-07-02T19:03:00+02:00;44328;50;10;0;unknown;0
2025-07-02T19:03:00+02:00;44583_D;26;14;90;heavy;3
2025-07-02T19:03:00+02:00;44583_G;36;10;52;freeFlow;1
2025-07-02T19:03:00+02:00;44584_D;30;16;40;heavy;1
2025-07-02T19:03:00+02:00;44584_G;38;13;52;freeFlow;1
2025-07-02T19:03:00+02:00;44632_D;4;291;50;congested;1
2025-07-02T19:03:00+02:00;44632_G;32;32;68;heavy;2
2025-07-02T19:03:00+02:00;44694_D;28;22;45;heavy;1
2025-07-02T19:03:00+02:00;44694_G;14;42;40;congested;1
2025-07-02T19:03:00+02:00;44695_D;5;23;48;congested;1
2025-07-02T19:03:00+02:00;44695_G;6;16;38;congested;1
2025-07-02T19:03:00+02:00;44711_D;46;14;38;freeFlow;1
2025-07-02T19:03:00+02:00;44711_G;9;67;12;congested;1
2025-07-02T19:03:00+02:00;44712_D;46;5;38;freeFlow;1
2025-07-02T19:03:00+02:00;44712_G;11;22;10;congested;1
2025-07-02T19:03:00+02:00;44714_D;36;1;38;freeFlow;1
2025-07-02T19:03:00+02:00;44714_G;47;1;0;unknown;0
2025-07-02T19:03:00+02:00;44736_D;30;3;40;heavy;1
2025-07-02T19:03:00+02:00;44736_G;38;3;52;freeFlow;1
2025-07-02T19:03:00+02:00;44868;74;6;55;freeFlow;1
2025-07-02T19:03:00+02:00;44873;50;3;0;unknown;0
2025-07-02T19:03:00+02:00;44874;36;11;75;freeFlow;2
2025-07-02T19:03:00+02:00;44875;50;8;0;unknown;0
2025-07-02T19:03:00+02:00;44877;39;10;75;freeFlow;2
2025-07-02T19:03:00+02:00;44878;93;10;60;freeFlow;1
2025-07-02T19:03:00+02:00;44880;98;15;60;freeFlow;1
2025-07-02T19:03:00+02:00;44882;98;10;60;freeFlow;1
2025-07-02T19:03:00+02:00;44884;93;14;100;freeFlow;4
2025-07-02T19:03:00+02:00;44900;63;24;55;freeFlow;1
2025-07-02T19:03:00+02:00;44902_D;70;23;60;freeFlow;1
2025-07-02T19:03:00+02:00;44902_G;50;33;0;unknown;0
2025-07-02T19:03:00+02:00;44905;63;11;100;freeFlow;6
2025-07-02T19:03:00+02:00;44920;80;3;100;freeFlow;6
2025-07-02T19:03:00+02:00;44942;60;18;55;freeFlow;1
2025-07-02T19:03:00+02:00;44948;98;11;75;freeFlow;2
2025-07-02T19:03:00+02:00;44961;22;14;60;freeFlow;1
2025-07-02T19:03:00+02:00;44962;30;8;0;unknown;0
2025-07-02T19:03:00+02:00;44963;10;10;0;unknown;0
2025-07-02T19:03:00+02:00;44966;96;10;100;freeFlow;4
2025-07-02T19:03:00+02:00;44974;20;6;75;heavy;2
2025-07-02T19:03:00+02:00;45012_D;50;1;0;unknown;0
2025-07-02T19:03:00+02:00;45012_G;34;2;75;heavy;2
2025-07-02T19:03:00+02:00;45028_D;42;21;60;freeFlow;1
2025-07-02T19:03:00+02:00;45028_G;15;58;100;congested;3
2025-07-02T19:03:00+02:00;45029_D;50;7;0;unknown;0
2025-07-02T19:03:00+02:00;45029_G;57;6;75;freeFlow;2
2025-07-02T19:03:00+02:00;45106_D;42;3;60;freeFlow;1
2025-07-02T19:03:00+02:00;45106_G;10;15;100;congested;3
2025-07-02T19:03:00+02:00;45136_D;46;17;55;freeFlow;1
2025-07-02T19:03:00+02:00;45149;38;13;22;freeFlow;1
2025-07-02T19:03:00+02:00;45166;41;1;22;freeFlow;1
2025-07-02T19:03:00+02:00;45169;36;3;100;freeFlow;3
2025-07-02T19:03:00+02:00;45236_G;103;5;30;freeFlow;1
2025-07-02T19:03:00+02:00;45238;103;6;30;freeFlow;1
2025-07-02T19:03:00+02:00;45239;58;9;60;freeFlow;1
2025-07-02T19:03:00+02:00;45240;62;8;60;heavy;1
2025-07-02T19:03:00+02:00;45241;90;1;48;freeFlow;1
2025-07-02T19:03:00+02:00;45305;98;3;45;freeFlow;1
2025-07-02T19:03:00+02:00;45306;95;6;48;freeFlow;1
2025-07-02T19:03:00+02:00;45327;86;7;100;freeFlow;7
2025-07-02T19:03:00+02:00;45486_D;50;4;0;unknown;0
2025-07-02T19:03:00+02:00;45487_D;50;5;0;unknown;0
2025-07-02T19:03:00+02:00;45630;20;56;100;congested;10
2025-07-02T19:03:00+02:00;45645_D;41;13;48;freeFlow;1
2025-07-02T19:03:00+02:00;45651;44;4;52;freeFlow;1
2025-07-02T19:03:00+02:00;45761_D;52;6;45;freeFlow;1
2025-07-02T19:03:00+02:00;45865_D;17;22;60;heavy;1
2025-07-02T19:03:00+02:00;46053_D;30;12;45;heavy;1
2025-07-02T19:03:00+02:00;46056_D;32;3;45;heavy;1
2025-07-02T19:03:00+02:00;46061;36;6;40;freeFlow;1
2025-07-02T19:03:00+02:00;46567_D;7;12;10;congested;1
2025-07-02T19:03:00+02:00;46642;25;11;42;heavy;1
2025-07-02T19:03:00+02:00;46771;70;12;100;freeFlow;5
2025-07-02T19:03:00+02:00;46821_D;29;28;75;heavy;2
2025-07-02T19:03:00+02:00;46821_G;33;25;52;heavy;1
2025-07-02T19:03:00+02:00;46923_D;28;1;75;freeFlow;2
2025-07-02T19:03:00+02:00;46923_G;35;1;50;freeFlow;1
2025-07-02T19:03:00+02:00;46976;30;7;57;heavy;1
2025-07-02T19:03:00+02:00;47029;10;37;75;congested;2
2025-07-02T19:03:00+02:00;47061;40;45;100;heavy;12
2025-07-02T19:03:00+02:00;47239;57;10;100;heavy;12
2025-07-02T19:03:00+02:00;47410;5;249;100;congested;5
2025-07-02T19:03:00+02:00;47411;95;14;100;freeFlow;3
2025-07-02T19:03:00+02:00;47412;62;0;100;freeFlow;4
2025-07-02T19:03:00+02:00;47413;75;6;100;freeFlow;7
2025-07-02T19:03:00+02:00;47414;106;0;100;freeFlow;3
2025-07-02T19:03:00+02:00;47416;4;330;100;congested;3
2025-07-02T19:03:00+02:00;47418;90;17;100;freeFlow;8
2025-07-02T19:03:00+02:00;47420;17;56;100;congested;3
2025-07-02T19:03:00+02:00;47476;106;5;100;freeFlow;3
2025-07-02T19:03:00+02:00;47477;32;6;100;heavy;6
2025-07-02T19:03:00+02:00;47479;81;12;100;freeFlow;4
2025-07-02T19:03:00+02:00;47480;8;571;100;congested;7
2025-07-02T19:03:00+02:00;47481;92;50;100;freeFlow;11
2025-07-02T19:03:00+02:00;47537_D;50;6;0;unknown;0
2025-07-02T19:03:00+02:00;47537_G;32;10;73;heavy;2
2025-07-02T19:03:00+02:00;47742_D;18;13;75;heavy;2
2025-07-02T19:03:00+02:00;48758;55;2;100;freeFlow;3
2025-07-02T19:03:00+02:00;48759;54;1;100;freeFlow;3
2025-07-02T19:03:00+02:00;48920_D;15;16;74;heavy;2
2025-07-02T19:03:00+02:00;48920_G;41;6;57;freeFlow;1
2025-07-02T19:03:00+02:00;489866_D;50;3;0;unknown;0
2025-07-02T19:03:00+02:00;489970;25;38;100;heavy;6
2025-07-02T19:03:00+02:00;489971;59;2;100;freeFlow;4
2025-07-02T19:03:00+02:00;489972;6;69;100;congested;10
2025-07-02T19:03:00+02:00;490059_D;35;26;97;heavy;3
2025-07-02T19:03:00+02:00;490059_G;61;15;60;freeFlow;1
2025-07-02T19:03:00+02:00;490080_D;56;1;60;freeFlow;1
2025-07-02T19:03:00+02:00;490080_G;68;1;60;freeFlow;1
2025-07-02T19:03:00+02:00;49026;27;3;60;heavy;1
2025-07-02T19:03:00+02:00;49053;48;11;22;freeFlow;1
2025-07-02T19:03:00+02:00;490823;105;7;60;freeFlow;1
2025-07-02T19:03:00+02:00;490824;101;4;75;freeFlow;2
2025-07-02T19:03:00+02:00;490825;76;10;100;freeFlow;4
2025-07-02T19:03:00+02:00;490827;23;17;100;heavy;4
2025-07-02T19:03:00+02:00;490828_D;33;15;52;freeFlow;1
2025-07-02T19:03:00+02:00;490828_G;46;11;100;freeFlow;4
2025-07-02T19:03:00+02:00;491005_D;5;30;40;congested;1
2025-07-02T19:03:00+02:00;491005_G;53;3;60;freeFlow;1
2025-07-02T19:03:00+02:00;491126_D;5;89;95;congested;3
2025-07-02T19:03:00+02:00;491126_G;51;9;100;freeFlow;4
2025-07-02T19:03:00+02:00;491135;30;4;55;heavy;1
2025-07-02T19:03:00+02:00;491141;36;2;100;freeFlow;3
2025-07-02T19:03:00+02:00;491300_D;50;13;0;unknown;0
2025-07-02T19:03:00+02:00;491300_G;49;13;75;freeFlow;2
2025-07-02T19:03:00+02:00;491308;16;3;60;heavy;1
2025-07-02T19:03:00+02:00;491320_D;31;9;48;heavy;1
2025-07-02T19:03:00+02:00;491320_G;4;76;60;congested;1
2025-07-02T19:03:00+02:00;491326_D;18;31;64;heavy;2
2025-07-02T19:03:00+02:00;491326_G;4;134;75;congested;2
2025-07-02T19:03:00+02:00;491329_D;50;4;0;unknown;0
2025-07-02T19:03:00+02:00;491329_G;13;16;60;congested;1
2025-07-02T19:03:00+02:00;491490;3;76;98;congested;4
2025-07-02T19:03:00+02:00;491714_D;28;9;75;freeFlow;2
2025-07-02T19:03:00+02:00;491714_G;36;7;90;freeFlow;3
2025-07-02T19:03:00+02:00;491735_D;26;4;75;freeFlow;2
2025-07-02T19:03:00+02:00;491735_G;38;4;57;freeFlow;2
2025-07-02T19:03:00+02:00;491794_D;50;3;0;unknown;0
2025-07-02T19:03:00+02:00;491794_G;39;4;48;freeFlow;1
2025-07-02T19:03:00+02:00;491872;53;12;60;freeFlow;1
2025-07-02T19:03:00+02:00;491877;54;2;75;freeFlow;2
2025-07-02T19:03:00+02:00;491881;44;1;60;freeFlow;1
2025-07-02T19:03:00+02:00;491884;40;2;60;freeFlow;1
2025-07-02T19:03:00+02:00;491888;65;14;75;freeFlow;2
2025-07-02T19:03:00+02:00;491890;45;1;60;freeFlow;1
2025-07-02T19:03:00+02:00;491917;105;1;12;freeFlow;1
2025-07-02T19:03:00+02:00;49225_D;60;5;55;freeFlow;1
2025-07-02T19:03:00+02:00;49225_G;44;7;55;freeFlow;1
2025-07-02T19:03:00+02:00;492315_D;28;51;100;heavy;3
2025-07-02T19:03:00+02:00;492315_G;50;29;42;freeFlow;1
2025-07-02T19:03:00+02:00;492351_D;26;5;60;heavy;1
2025-07-02T19:03:00+02:00;492359_G;35;7;100;heavy;3
2025-07-02T19:03:00+02:00;492437;45;4;60;freeFlow;1
2025-07-02T19:03:00+02:00;492442;39;1;75;freeFlow;2
2025-07-02T19:03:00+02:00;492445_D;12;52;75;congested;2
2025-07-02T19:03:00+02:00;492478;41;4;100;freeFlow;3
2025-07-02T19:03:00+02:00;492492;39;8;57;heavy;1
2025-07-02T19:03:00+02:00;49315_D;1;136;0;unknown;0
2025-07-02T19:03:00+02:00;49315_G;13;15;55;congested;1
2025-07-02T19:03:00+02:00;49943_D;50;14;0;unknown;0
2025-07-02T19:03:00+02:00;49943_G;36;19;20;freeFlow;1
2025-07-02T19:03:00+02:00;49947;16;11;99;heavy;3
2025-07-02T19:03:00+02:00;49958_D;35;8;38;freeFlow;1
2025-07-02T19:03:00+02:00;49958_G;50;5;0;unknown;0
2025-07-02T19:03:00+02:00;50308_D;50;5;0;unknown;0
2025-07-02T19:03:00+02:00;50441;16;15;60;heavy;1
2025-07-02T19:03:00+02:00;50525;33;7;75;heavy;2
2025-07-02T19:03:00+02:00;50571;32;3;50;heavy;1
2025-07-02T19:03:00+02:00;50625;32;7;50;heavy;1
2025-07-02T19:03:00+02:00;5064_D;36;14;63;heavy;2
2025-07-02T19:03:00+02:00;5064_G;65;8;60;freeFlow;1
2025-07-02T19:03:00+02:00;51419;34;22;65;heavy;2
2025-07-02T19:03:00+02:00;51474_D;50;1;0;unknown;0
2025-07-02T19:03:00+02:00;51474_G;23;3;73;heavy;2
2025-07-02T19:03:00+02:00;51798;28;3;75;heavy;2
2025-07-02T19:03:00+02:00;52107_D;68;6;100;freeFlow;3
2025-07-02T19:03:00+02:00;52107_G;51;9;70;freeFlow;2
2025-07-02T19:03:00+02:00;52129;39;8;48;freeFlow;1
2025-07-02T19:03:00+02:00;52835_D;34;5;42;heavy;1
2025-07-02T19:03:00+02:00;53020_D;26;4;75;heavy;2
2025-07-02T19:03:00+02:00;53327_D;57;6;60;freeFlow;1
2025-07-02T19:03:00+02:00;53327_G;54;7;60;freeFlow;1
2025-07-02T19:03:00+02:00;53411_G;50;7;0;unknown;0
2025-07-02T19:03:00+02:00;53428;82;57;100;freeFlow;4
2025-07-02T19:03:00+02:00;53539_D;54;4;38;freeFlow;1
2025-07-02T19:03:00+02:00;53566;50;2;0;unknown;0
2025-07-02T19:03:00+02:00;53623;46;2;100;freeFlow;4
2025-07-02T19:03:00+02:00;53624;49;2;100;freeFlow;4
2025-07-02T19:03:00+02:00;53625;62;1;75;freeFlow;2
2025-07-02T19:03:00+02:00;53634_D;11;5;30;heavy;1
2025-07-02T19:03:00+02:00;53634_G;35;2;75;freeFlow;2
2025-07-02T19:03:00+02:00;53641_D;15;29;60;congested;1
2025-07-02T19:03:00+02:00;53641_G;41;10;60;freeFlow;1
2025-07-02T19:03:00+02:00;53652;16;46;60;heavy;1
2025-07-02T19:03:00+02:00;53659;32;6;95;heavy;3
2025-07-02T19:03:00+02:00;53702;50;8;100;heavy;6
2025-07-02T19:03:00+02:00;53892;48;1;100;freeFlow;3
2025-07-02T19:03:00+02:00;53893;38;16;100;freeFlow;3
2025-07-02T19:03:00+02:00;53895;23;14;75;heavy;2
2025-07-02T19:03:00+02:00;53896;40;10;60;freeFlow;1
2025-07-02T19:03:00+02:00;53898;29;20;75;heavy;2
2025-07-02T19:03:00+02:00;53900;22;27;75;heavy;2
2025-07-02T19:03:00+02:00;53901;18;15;75;heavy;2
2025-07-02T19:03:00+02:00;53903;28;7;75;heavy;2
2025-07-02T19:03:00+02:00;53904;39;4;60;freeFlow;1
2025-07-02T19:03:00+02:00;53905;30;13;75;heavy;2
2025-07-02T19:03:00+02:00;53908;13;9;75;congested;2
2025-07-02T19:03:00+02:00;53910;27;11;75;heavy;2
2025-07-02T19:03:00+02:00;53912;40;8;100;freeFlow;3
2025-07-02T19:03:00+02:00;53915;54;10;75;freeFlow;2
2025-07-02T19:03:00+02:00;53918;56;9;75;freeFlow;2
2025-07-02T19:03:00+02:00;53919;48;3;75;freeFlow;2
2025-07-02T19:03:00+02:00;53921;42;13;75;freeFlow;2
2025-07-02T19:03:00+02:00;53922;15;11;75;congested;2
2025-07-02T19:03:00+02:00;53923;43;12;100;freeFlow;4
2025-07-02T19:03:00+02:00;53925_D;70;4;60;freeFlow;1
2025-07-02T19:03:00+02:00;53925_G;70;4;0;unknown;0
2025-07-02T19:03:00+02:00;53936;62;14;95;freeFlow;3
2025-07-02T19:03:00+02:00;53938;81;4;93;freeFlow;4
2025-07-02T19:03:00+02:00;53939;84;17;75;freeFlow;2
2025-07-02T19:03:00+02:00;53941;104;5;75;freeFlow;2
2025-07-02T19:03:00+02:00;53942;87;3;100;freeFlow;3
2025-07-02T19:03:00+02:00;53944;54;1;75;freeFlow;2
2025-07-02T19:03:00+02:00;53945;42;11;60;heavy;1
2025-07-02T19:03:00+02:00;53946;58;1;75;freeFlow;2
2025-07-02T19:03:00+02:00;53947;53;1;100;freeFlow;3
2025-07-02T19:03:00+02:00;53948;86;3;75;freeFlow;2
2025-07-02T19:03:00+02:00;53949;68;3;100;freeFlow;3
2025-07-02T19:03:00+02:00;53950;80;47;100;freeFlow;7
2025-07-02T19:03:00+02:00;53952_D;27;5;10;heavy;1
2025-07-02T19:03:00+02:00;53952_G;46;3;75;freeFlow;2
2025-07-02T19:03:00+02:00;53959;92;39;52;freeFlow;1
2025-07-02T19:03:00+02:00;53961;93;61;70;freeFlow;2
2025-07-02T19:03:00+02:00;53987;83;1;60;freeFlow;1
2025-07-02T19:03:00+02:00;53990;49;6;100;freeFlow;4
2025-07-02T19:03:00+02:00;54067;3;304;100;congested;9
2025-07-02T19:03:00+02:00;54134;52;15;60;freeFlow;1
2025-07-02T19:03:00+02:00;54138;41;25;60;freeFlow;1
2025-07-02T19:03:00+02:00;54140;32;62;100;heavy;3
2025-07-02T19:03:00+02:00;54144;46;4;57;freeFlow;2
2025-07-02T19:03:00+02:00;54150;28;31;70;heavy;2
2025-07-02T19:03:00+02:00;54153;41;21;48;freeFlow;1
2025-07-02T19:03:00+02:00;54154;7;161;35;congested;1
2025-07-02T19:03:00+02:00;54155;10;114;97;congested;3
2025-07-02T19:03:00+02:00;54161;16;12;60;heavy;1
2025-07-02T19:03:00+02:00;54187_D;31;11;75;freeFlow;2
2025-07-02T19:03:00+02:00;54187_G;28;12;60;freeFlow;1
2025-07-02T19:03:00+02:00;54189_D;28;14;73;freeFlow;2
2025-07-02T19:03:00+02:00;54189_G;31;13;60;freeFlow;1
2025-07-02T19:03:00+02:00;54191_D;25;11;73;freeFlow;2
2025-07-02T19:03:00+02:00;54191_G;29;9;60;freeFlow;1
2025-07-02T19:03:00+02:00;54197;35;22;60;heavy;1
2025-07-02T19:03:00+02:00;54198;42;5;60;freeFlow;1
2025-07-02T19:03:00+02:00;54206;13;43;60;congested;1
2025-07-02T19:03:00+02:00;54208;25;2;60;freeFlow;1
2025-07-02T19:03:00+02:00;54212;29;56;78;heavy;3
2025-07-02T19:03:00+02:00;54223_D;30;2;0;unknown;0
2025-07-02T19:03:00+02:00;54223_G;24;3;57;freeFlow;1
2025-07-02T19:03:00+02:00;54227;96;10;100;freeFlow;3
2025-07-02T19:03:00+02:00;54234;83;0;60;freeFlow;1
2025-07-02T19:03:00+02:00;54239;87;1;60;freeFlow;1
2025-07-02T19:03:00+02:00;54240;27;12;20;heavy;1
2025-07-02T19:03:00+02:00;54241;28;2;75;heavy;2
2025-07-02T19:03:00+02:00;54243;17;34;71;heavy;2
2025-07-02T19:03:00+02:00;54297;13;63;79;congested;3
2025-07-02T19:03:00+02:00;54339;32;29;48;heavy;1
2025-07-02T19:03:00+02:00;54340;29;11;45;heavy;1
2025-07-02T19:03:00+02:00;54358_D;41;17;60;freeFlow;1
2025-07-02T19:03:00+02:00;54358_G;12;61;59;congested;2
2025-07-02T19:03:00+02:00;54363;27;17;38;heavy;1
2025-07-02T19:03:00+02:00;54365;35;8;38;freeFlow;1
2025-07-02T19:03:00+02:00;54367;35;11;38;freeFlow;1
2025-07-02T19:03:00+02:00;54368;24;4;57;heavy;1
2025-07-02T19:03:00+02:00;54369;35;34;98;freeFlow;7
2025-07-02T19:03:00+02:00;54372;50;1;0;unknown;0
2025-07-02T19:03:00+02:00;54375;38;18;60;freeFlow;1
2025-07-02T19:03:00+02:00;54376;13;16;75;congested;2
2025-07-02T19:03:00+02:00;54378;35;9;60;freeFlow;1
2025-07-02T19:03:00+02:00;54381;36;8;75;freeFlow;2
2025-07-02T19:03:00+02:00;54382;103;2;70;freeFlow;2
2025-07-02T19:03:00+02:00;54383;28;30;75;heavy;2
2025-07-02T19:03:00+02:00;54384;43;6;57;freeFlow;1
2025-07-02T19:03:00+02:00;54385;25;11;60;heavy;1
2025-07-02T19:03:00+02:00;54386;106;1;50;freeFlow;1
2025-07-02T19:03:00+02:00;54400;27;20;63;heavy;2
2025-07-02T19:03:00+02:00;54401;14;6;70;congested;2
2025-07-02T19:03:00+02:00;54406;27;95;60;heavy;1
2025-07-02T19:03:00+02:00;54428_D;50;12;0;unknown;0
2025-07-02T19:03:00+02:00;54428_G;34;17;55;heavy;2
2025-07-02T19:03:00+02:00;54429_D;15;44;60;heavy;1
2025-07-02T19:03:00+02:00;54429_G;31;21;27;heavy;1
2025-07-02T19:03:00+02:00;54438_D;71;1;0;unknown;0
2025-07-02T19:03:00+02:00;54438_G;50;1;0;unknown;0
2025-07-02T19:03:00+02:00;54440_D;71;4;0;unknown;0
2025-07-02T19:03:00+02:00;54440_G;11;25;0;unknown;0
2025-07-02T19:03:00+02:00;54444_D;71;1;0;unknown;0
2025-07-02T19:03:00+02:00;54444_G;11;4;0;unknown;0
2025-07-02T19:03:00+02:00;54447_D;71;7;0;unknown;0
2025-07-02T19:03:00+02:00;54447_G;50;11;0;unknown;0
2025-07-02T19:03:00+02:00;54448_D;72;2;0;unknown;0
2025-07-02T19:03:00+02:00;54448_G;50;3;0;unknown;0
2025-07-02T19:03:00+02:00;54449_D;50;10;0;unknown;0
2025-07-02T19:03:00+02:00;54449_G;39;13;48;freeFlow;1
2025-07-02T19:03:00+02:00;54453_D;50;3;0;unknown;0
2025-07-02T19:03:00+02:00;54453_G;39;4;48;freeFlow;1
2025-07-02T19:03:00+02:00;54455;39;2;48;freeFlow;1
2025-07-02T19:03:00+02:00;54457;39;11;48;freeFlow;1
2025-07-02T19:03:00+02:00;54460;39;7;48;freeFlow;1
2025-07-02T19:03:00+02:00;54463_D;50;6;0;unknown;0
2025-07-02T19:03:00+02:00;54463_G;39;8;48;freeFlow;1
2025-07-02T19:03:00+02:00;54466_D;50;15;0;unknown;0
2025-07-02T19:03:00+02:00;54466_G;35;24;45;heavy;1
2025-07-02T19:03:00+02:00;54469;46;3;60;freeFlow;1
2025-07-02T19:03:00+02:00;54471;16;26;60;heavy;1
2025-07-02T19:03:00+02:00;54472;25;17;60;heavy;1
2025-07-02T19:03:00+02:00;54473;24;1;60;freeFlow;1
2025-07-02T19:03:00+02:00;54483;37;41;60;freeFlow;1
2025-07-02T19:03:00+02:00;54489;38;1;27;freeFlow;1
2025-07-02T19:03:00+02:00;54490;34;5;60;heavy;1
2025-07-02T19:03:00+02:00;54492;26;6;60;heavy;1
2025-07-02T19:03:00+02:00;54505;50;15;0;unknown;0
2025-07-02T19:03:00+02:00;54509;24;12;0;unknown;0
2025-07-02T19:03:00+02:00;54518;50;3;0;unknown;0
2025-07-02T19:03:00+02:00;54522;50;2;0;unknown;0
2025-07-02T19:03:00+02:00;54523;30;3;0;unknown;0
2025-07-02T19:03:00+02:00;54524;30;1;0;unknown;0
2025-07-02T19:03:00+02:00;54580_D;21;26;42;heavy;1
2025-07-02T19:03:00+02:00;54877;14;53;60;congested;1
2025-07-02T19:03:00+02:00;54879;35;21;60;freeFlow;1
2025-07-02T19:03:00+02:00;54880_D;17;57;75;heavy;2
2025-07-02T19:03:00+02:00;54880_G;31;32;52;heavy;2
2025-07-02T19:03:00+02:00;54882;27;2;60;freeFlow;1
2025-07-02T19:03:00+02:00;54883;15;3;60;heavy;1
2025-07-02T19:03:00+02:00;54884;3;13;59;congested;1
2025-07-02T19:03:00+02:00;54885;14;2;60;heavy;1
2025-07-02T19:03:00+02:00;54886;17;5;75;heavy;2
2025-07-02T19:03:00+02:00;54887;11;6;75;heavy;3
2025-07-02T19:03:00+02:00;54888;30;1;0;unknown;0
2025-07-02T19:03:00+02:00;54889;30;1;0;unknown;0
2025-07-02T19:03:00+02:00;54988;35;3;75;heavy;2
2025-07-02T19:03:00+02:00;54989;19;90;65;congested;2
2025-07-02T19:03:00+02:00;54990;36;3;100;heavy;5
2025-07-02T19:03:00+02:00;54991;42;41;100;heavy;4
2025-07-02T19:03:00+02:00;55467_D;48;14;60;freeFlow;1
2025-07-02T19:03:00+02:00;55467_G;38;15;100;freeFlow;4
2025-07-02T19:03:00+02:00;55570_D;44;4;60;freeFlow;1
2025-07-02T19:03:00+02:00;55570_G;36;4;60;freeFlow;2
2025-07-02T19:03:00+02:00;55589_D;23;11;73;freeFlow;2
2025-07-02T19:03:00+02:00;55589_G;27;9;60;freeFlow;1
2025-07-02T19:03:00+02:00;55591;50;1;0;unknown;0
2025-07-02T19:03:00+02:00;55592;31;2;65;heavy;2
2025-07-02T19:03:00+02:00;55593;21;3;73;heavy;2
2025-07-02T19:03:00+02:00;55595;27;2;60;heavy;1
2025-07-02T19:03:00+02:00;55596;35;1;60;heavy;1
2025-07-02T19:03:00+02:00;55597;35;1;60;heavy;1
2025-07-02T19:03:00+02:00;55702;50;6;0;unknown;0
2025-07-02T19:03:00+02:00;55704;30;28;35;heavy;1
2025-07-02T19:03:00+02:00;5576_D;41;8;24;heavy;1
2025-07-02T19:03:00+02:00;5576_G;107;3;60;freeFlow;1
2025-07-02T19:03:00+02:00;55881;38;1;75;freeFlow;2
2025-07-02T19:03:00+02:00;55900;36;2;75;freeFlow;2
2025-07-02T19:03:00+02:00;55929_D;29;15;10;heavy;1
2025-07-02T19:03:00+02:00;55929_G;50;8;0;unknown;0
2025-07-02T19:03:00+02:00;55976;18;8;100;heavy;3
2025-07-02T19:03:00+02:00;56024;20;50;60;heavy;2
2025-07-02T19:03:00+02:00;56131;49;2;60;freeFlow;1
2025-07-02T19:03:00+02:00;56257;59;4;60;freeFlow;1
2025-07-02T19:03:00+02:00;563566;27;5;60;heavy;1
2025-07-02T19:03:00+02:00;563571;32;9;60;heavy;1
2025-07-02T19:03:00+02:00;563844_D;29;30;60;heavy;1
2025-07-02T19:03:00+02:00;563844_G;51;17;75;heavy;2
2025-07-02T19:03:00+02:00;563846;10;31;40;congested;1
2025-07-02T19:03:00+02:00;563903_D;50;34;0;unknown;0
2025-07-02T19:03:00+02:00;563903_G;47;36;60;freeFlow;1
2025-07-02T19:03:00+02:00;564067_D;72;17;75;freeFlow;2
2025-07-02T19:03:00+02:00;564067_G;63;21;100;freeFlow;3
2025-07-02T19:03:00+02:00;564195_D;107;4;60;freeFlow;1
2025-07-02T19:03:00+02:00;564195_G;5;95;60;congested;1
2025-07-02T19:03:00+02:00;56441;20;11;75;heavy;2
2025-07-02T19:03:00+02:00;5651;14;4;52;congested;1
2025-07-02T19:03:00+02:00;5652;49;1;100;freeFlow;4
2025-07-02T19:03:00+02:00;565232;35;3;27;freeFlow;1
2025-07-02T19:03:00+02:00;5653;79;1;75;freeFlow;2
2025-07-02T19:03:00+02:00;565374;43;48;60;freeFlow;1
2025-07-02T19:03:00+02:00;565376;44;47;100;freeFlow;3
2025-07-02T19:03:00+02:00;565393;72;66;100;freeFlow;5
2025-07-02T19:03:00+02:00;5654;44;1;100;freeFlow;5
2025-07-02T19:03:00+02:00;565682_D;44;21;40;heavy;1
2025-07-02T19:03:00+02:00;565682_G;57;16;60;freeFlow;1
2025-07-02T19:03:00+02:00;565731_D;35;3;52;freeFlow;1
2025-07-02T19:03:00+02:00;565731_G;54;1;100;freeFlow;4
2025-07-02T19:03:00+02:00;565732;70;1;100;freeFlow;4
2025-07-02T19:03:00+02:00;56584;21;11;100;heavy;3
2025-07-02T19:03:00+02:00;565854;56;18;100;freeFlow;3
2025-07-02T19:03:00+02:00;566176_D;80;14;0;unknown;0
2025-07-02T19:03:00+02:00;566176_G;60;19;12;freeFlow;1
2025-07-02T19:03:00+02:00;56619_D;23;18;65;heavy;2
2025-07-02T19:03:00+02:00;56619_G;41;10;60;freeFlow;1
2025-07-02T19:03:00+02:00;566287_D;37;13;0;unknown;0
2025-07-02T19:03:00+02:00;566287_G;37;13;50;freeFlow;1
2025-07-02T19:03:00+02:00;566302_D;36;1;12;freeFlow;1
2025-07-02T19:03:00+02:00;566302_G;50;1;0;unknown;0
2025-07-02T19:03:00+02:00;566303_D;45;16;10;freeFlow;1
2025-07-02T19:03:00+02:00;566303_G;50;15;0;unknown;0
2025-07-02T19:03:00+02:00;5663_D;46;56;100;heavy;3
2025-07-02T19:03:00+02:00;5663_G;61;43;57;freeFlow;1
2025-07-02T19:03:00+02:00;566407_D;28;3;60;freeFlow;1
2025-07-02T19:03:00+02:00;566407_G;28;3;60;freeFlow;1
2025-07-02T19:03:00+02:00;566417_D;28;5;60;freeFlow;1
2025-07-02T19:03:00+02:00;566417_G;28;5;60;freeFlow;1
2025-07-02T19:03:00+02:00;566419;21;2;48;heavy;1
2025-07-02T19:03:00+02:00;566481;50;1;0;unknown;0
2025-07-02T19:03:00+02:00;566482;50;1;0;unknown;0
2025-07-02T19:03:00+02:00;566483;98;115;100;freeFlow;7
2025-07-02T19:03:00+02:00;566484;50;0;0;unknown;0
2025-07-02T19:03:00+02:00;5664_D;78;2;57;freeFlow;1
2025-07-02T19:03:00+02:00;5664_G;75;2;100;freeFlow;3
2025-07-02T19:03:00+02:00;566573_D;33;3;50;heavy;1
2025-07-02T19:03:00+02:00;566573_G;37;3;60;freeFlow;1
2025-07-02T19:03:00+02:00;566599_D;32;1;100;freeFlow;4
2025-07-02T19:03:00+02:00;566599_G;44;0;38;freeFlow;1
2025-07-02T19:03:00+02:00;566706_D;28;6;0;unknown;0
2025-07-02T19:03:00+02:00;566706_G;27;7;66;heavy;2
2025-07-02T19:03:00+02:00;56676_G;26;8;43;heavy;2
2025-07-02T19:03:00+02:00;566850;32;4;100;heavy;4
2025-07-02T19:03:00+02:00;566924_D;50;6;0;unknown;0
2025-07-02T19:03:00+02:00;566924_G;37;8;48;freeFlow;1
2025-07-02T19:03:00+02:00;566942;30;1;75;heavy;2
2025-07-02T19:03:00+02:00;56872;94;22;100;freeFlow;5
2025-07-02T19:03:00+02:00;56874;20;25;100;congested;8
2025-07-02T19:03:00+02:00;56886;14;190;45;congested;1
2025-07-02T19:03:00+02:00;56914;26;6;73;heavy;2
2025-07-02T19:03:00+02:00;56926;84;3;100;freeFlow;8
2025-07-02T19:03:00+02:00;57009;28;13;100;heavy;8
2025-07-02T19:03:00+02:00;57011;101;6;100;freeFlow;4
2025-07-02T19:03:00+02:00;57012;47;8;60;freeFlow;1
2025-07-02T19:03:00+02:00;57082_D;53;5;20;freeFlow;1
2025-07-02T19:03:00+02:00;57360_D;30;5;0;unknown;0
2025-07-02T19:03:00+02:00;57360_G;16;11;32;heavy;1
2025-07-02T19:03:00+02:00;57362_D;4;26;15;congested;1
2025-07-02T19:03:00+02:00;57362_G;16;6;32;heavy;1
2025-07-02T19:03:00+02:00;57368_D;30;7;0;unknown;0
2025-07-02T19:03:00+02:00;57368_G;16;14;32;heavy;1
2025-07-02T19:03:00+02:00;57378_D;44;3;52;freeFlow;1
2025-07-02T19:03:00+02:00;57378_G;54;3;63;freeFlow;2
2025-07-02T19:03:00+02:00;62549;25;2;60;heavy;1
2025-07-02T19:03:00+02:00;62550;28;2;60;heavy;1
2025-07-02T19:03:00+02:00;62617_D;41;11;55;freeFlow;1
2025-07-02T19:03:00+02:00;62617_G;55;9;63;freeFlow;2
2025-07-02T19:03:00+02:00;62948_D;30;5;0;unknown;0
2025-07-02T19:03:00+02:00;62948_G;27;6;60;freeFlow;1
2025-07-02T19:03:00+02:00;63039;36;4;100;freeFlow;3
2025-07-02T19:03:00+02:00;63203_D;41;19;30;freeFlow;1
2025-07-02T19:03:00+02:00;63203_G;30;26;0;unknown;0
2025-07-02T19:03:00+02:00;63308;83;1;60;freeFlow;1
2025-07-02T19:03:00+02:00;63895_D;30;5;0;unknown;0
2025-07-02T19:03:00+02:00;63895_G;7;21;57;congested;1
2025-07-02T19:03:00+02:00;63903;10;14;100;congested;3
2025-07-02T19:03:00+02:00;63917;61;2;22;freeFlow;1
2025-07-02T19:03:00+02:00;63954_D;34;5;100;freeFlow;4
2025-07-02T19:03:00+02:00;63954_G;29;5;38;freeFlow;1
2025-07-02T19:03:00+02:00;63961_D;35;1;100;freeFlow;3
2025-07-02T19:03:00+02:00;63961_G;29;2;45;freeFlow;1
2025-07-02T19:03:00+02:00;63963_D;29;16;71;freeFlow;2
2025-07-02T19:03:00+02:00;63963_G;33;14;100;freeFlow;4
2025-07-02T19:03:00+02:00;63974;19;20;42;congested;1
2025-07-02T19:03:00+02:00;64028;50;2;0;unknown;0
2025-07-02T19:03:00+02:00;64029;41;3;60;heavy;1
2025-07-02T19:03:00+02:00;64033;49;3;75;freeFlow;2
2025-07-02T19:03:00+02:00;64034;39;3;75;freeFlow;2
2025-07-02T19:03:00+02:00;64035;36;3;60;freeFlow;1
2025-07-02T19:03:00+02:00;64104_D;50;2;0;unknown;0
2025-07-02T19:03:00+02:00;64104_G;50;2;0;unknown;0
2025-07-02T19:03:00+02:00;6421;106;22;98;freeFlow;5
2025-07-02T19:03:00+02:00;6422;86;7;60;freeFlow;1
2025-07-02T19:03:00+02:00;6423;101;14;100;freeFlow;3
2025-07-02T19:03:00+02:00;6424;85;35;75;freeFlow;2
2025-07-02T19:03:00+02:00;64792_D;45;15;10;freeFlow;1
2025-07-02T19:03:00+02:00;64792_G;50;13;0;unknown;0
2025-07-02T19:03:00+02:00;64862_D;10;49;10;congested;1
2025-07-02T19:03:00+02:00;64862_G;50;10;0;unknown;0
2025-07-02T19:03:00+02:00;65281;34;3;60;heavy;1
2025-07-02T19:03:00+02:00;65283;34;3;60;heavy;1
2025-07-02T19:03:00+02:00;65293;35;6;60;freeFlow;1
2025-07-02T19:03:00+02:00;65961_D;39;35;60;freeFlow;1
2025-07-02T19:03:00+02:00;65961_G;41;33;60;freeFlow;1
2025-07-02T19:03:00+02:00;65966_D;45;1;10;freeFlow;1
2025-07-02T19:03:00+02:00;65966_G;50;1;0;unknown;0
2025-07-02T19:03:00+02:00;66020;37;1;100;heavy;6
2025-07-02T19:03:00+02:00;6615_D;60;10;75;freeFlow;2
2025-07-02T19:03:00+02:00;6615_G;51;11;75;heavy;2
2025-07-02T19:03:00+02:00;6616;34;2;75;heavy;2
2025-07-02T19:03:00+02:00;6619;52;2;75;heavy;2
2025-07-02T19:03:00+02:00;6620;52;5;100;heavy;4
2025-07-02T19:03:00+02:00;6621;34;3;75;heavy;2
2025-07-02T19:03:00+02:00;6622;45;2;100;heavy;4
2025-07-02T19:03:00+02:00;6623;51;1;75;heavy;2
2025-07-02T19:03:00+02:00;6628_D;50;17;0;unknown;0
2025-07-02T19:03:00+02:00;6628_G;70;12;30;freeFlow;1
2025-07-02T19:03:00+02:00;6629_D;49;20;15;freeFlow;1
2025-07-02T19:03:00+02:00;6629_G;56;17;32;freeFlow;1
2025-07-02T19:03:00+02:00;6643;38;18;75;heavy;2
2025-07-02T19:03:00+02:00;6644;54;12;75;heavy;2
2025-07-02T19:03:00+02:00;6645;47;2;100;freeFlow;4
2025-07-02T19:03:00+02:00;6646;47;1;100;freeFlow;4
2025-07-02T19:03:00+02:00;6647;47;1;75;freeFlow;2
2025-07-02T19:03:00+02:00;6648;42;2;75;freeFlow;2
2025-07-02T19:03:00+02:00;6649;26;3;100;heavy;3
2025-07-02T19:03:00+02:00;6650;41;4;100;freeFlow;3
2025-07-02T19:03:00+02:00;6651;34;5;100;heavy;5
2025-07-02T19:03:00+02:00;6669_D;45;110;76;heavy;4
2025-07-02T19:03:00+02:00;6669_G;58;87;100;freeFlow;4
2025-07-02T19:03:00+02:00;67069;33;5;50;heavy;1
2025-07-02T19:03:00+02:00;67223_D;34;2;100;freeFlow;3
2025-07-02T19:03:00+02:00;67223_G;4;18;42;congested;1
2025-07-02T19:03:00+02:00;67229_D;46;9;70;freeFlow;2
2025-07-02T19:03:00+02:00;67229_G;39;10;100;freeFlow;3
2025-07-02T19:03:00+02:00;6723;83;10;60;freeFlow;1
2025-07-02T19:03:00+02:00;67324_D;63;16;100;freeFlow;4
2025-07-02T19:03:00+02:00;67324_G;20;49;100;congested;5
2025-07-02T19:03:00+02:00;67330;31;2;53;freeFlow;2
2025-07-02T19:03:00+02:00;67332;23;3;59;freeFlow;2
2025-07-02T19:03:00+02:00;67334;33;1;38;freeFlow;1
2025-07-02T19:03:00+02:00;67340;31;2;55;freeFlow;1
2025-07-02T19:03:00+02:00;67341;25;12;55;freeFlow;1
2025-07-02T19:03:00+02:00;67344;18;11;60;heavy;1
2025-07-02T19:03:00+02:00;67352_D;10;37;55;heavy;1
2025-07-02T19:03:00+02:00;67352_G;18;20;60;heavy;1
2025-07-02T19:03:00+02:00;67380_D;35;24;75;heavy;2
2025-07-02T19:03:00+02:00;67380_G;30;27;60;heavy;1
2025-07-02T19:03:00+02:00;67385;31;4;60;heavy;1
2025-07-02T19:03:00+02:00;67389_D;18;4;75;heavy;2
2025-07-02T19:03:00+02:00;67389_G;25;3;42;heavy;1
2025-07-02T19:03:00+02:00;67390;23;4;75;heavy;2
2025-07-02T19:03:00+02:00;67391;24;7;75;heavy;2
2025-07-02T19:03:00+02:00;67392;28;6;42;heavy;1
2025-07-02T19:03:00+02:00;67511_D;41;3;30;freeFlow;1
2025-07-02T19:03:00+02:00;67511_G;30;4;0;unknown;0
2025-07-02T19:03:00+02:00;67514_D;41;4;30;freeFlow;1
2025-07-02T19:03:00+02:00;67514_G;30;6;0;unknown;0
2025-07-02T19:03:00+02:00;67611;37;5;25;freeFlow;1
2025-07-02T19:03:00+02:00;67816;35;1;52;freeFlow;1
2025-07-02T19:03:00+02:00;67819_D;35;1;52;freeFlow;1
2025-07-02T19:03:00+02:00;67819_G;46;1;100;freeFlow;4
2025-07-02T19:03:00+02:00;67820;35;1;52;freeFlow;1
2025-07-02T19:03:00+02:00;67821;46;1;100;freeFlow;4
2025-07-02T19:03:00+02:00;67823;40;6;48;freeFlow;1
2025-07-02T19:03:00+02:00;67824;42;11;42;freeFlow;1
2025-07-02T19:03:00+02:00;67829;28;19;72;heavy;2
2025-07-02T19:03:00+02:00;67892_D;18;14;75;heavy;2
2025-07-02T19:03:00+02:00;67892_G;46;5;60;freeFlow;1
2025-07-02T19:03:00+02:00;68069;50;8;0;unknown;0
2025-07-02T19:03:00+02:00;68070;35;1;27;freeFlow;1
2025-07-02T19:03:00+02:00;68815;7;15;63;congested;2
2025-07-02T19:03:00+02:00;69060;23;4;55;freeFlow;1
2025-07-02T19:03:00+02:00;69061;29;4;95;freeFlow;3
2025-07-02T19:03:00+02:00;69062;26;2;57;freeFlow;1
2025-07-02T19:03:00+02:00;69063;36;1;60;freeFlow;2
2025-07-02T19:03:00+02:00;69064_D;23;2;55;freeFlow;1
2025-07-02T19:03:00+02:00;69064_G;30;1;60;freeFlow;2
2025-07-02T19:03:00+02:00;69270_D;20;6;60;heavy;1
2025-07-02T19:03:00+02:00;69270_G;50;1;0;unknown;0
2025-07-02T19:03:00+02:00;69277;36;2;60;freeFlow;2
2025-07-02T19:03:00+02:00;69464;36;1;60;freeFlow;2
2025-07-02T19:03:00+02:00;69467;44;1;60;freeFlow;1
2025-07-02T19:03:00+02:00;69493;56;11;60;freeFlow;1
2025-07-02T19:03:00+02:00;69495;56;7;60;freeFlow;1
2025-07-02T19:03:00+02:00;69591;42;7;60;freeFlow;1
2025-07-02T19:03:00+02:00;69673;25;14;75;heavy;2
2025-07-02T19:03:00+02:00;69878;48;17;75;freeFlow;2
2025-07-02T19:03:00+02:00;71197_D;11;105;30;congested;1
2025-07-02T19:03:00+02:00;71197_G;107;11;60;freeFlow;1
2025-07-02T19:03:00+02:00;71455_D;50;3;0;unknown;0
2025-07-02T19:03:00+02:00;71492_D;107;2;60;freeFlow;1
2025-07-02T19:03:00+02:00;71492_G;12;15;87;congested;5
2025-07-02T19:03:00+02:00;71493_D;40;8;100;freeFlow;3
2025-07-02T19:03:00+02:00;71493_G;19;17;52;heavy;1
2025-07-02T19:03:00+02:00;71494;39;4;100;freeFlow;4
2025-07-02T19:03:00+02:00;71496;28;9;55;heavy;1
2025-07-02T19:03:00+02:00;71497;36;2;100;freeFlow;3
2025-07-02T19:03:00+02:00;71504_D;11;3;100;congested;3
2025-07-02T19:03:00+02:00;71504_G;24;2;60;heavy;1
2025-07-02T19:03:00+02:00;71508_D;107;4;60;freeFlow;1
2025-07-02T19:03:00+02:00;71508_G;23;20;75;heavy;2
2025-07-02T19:03:00+02:00;71509_D;68;15;100;freeFlow;3
2025-07-02T19:03:00+02:00;71509_G;43;23;52;freeFlow;1
2025-07-02T19:03:00+02:00;71554_D;50;5;0;unknown;0
2025-07-02T19:03:00+02:00;71554_G;49;5;75;freeFlow;2
2025-07-02T19:03:00+02:00;71555_D;27;4;45;heavy;1
2025-07-02T19:03:00+02:00;71555_G;7;16;60;congested;1
2025-07-02T19:03:00+02:00;71661;33;8;58;heavy;1
2025-07-02T19:03:00+02:00;71668;70;9;60;freeFlow;1
2025-07-02T19:03:00+02:00;72425;94;13;100;freeFlow;8
2025-07-02T19:03:00+02:00;72487_D;34;73;52;heavy;1
2025-07-02T19:03:00+02:00;72842_D;0;3118;20;congested;1
2025-07-02T19:03:00+02:00;72842_G;18;63;30;heavy;1
2025-07-02T19:03:00+02:00;72940_D;46;26;60;freeFlow;1
2025-07-02T19:03:00+02:00;72940_G;47;25;60;freeFlow;1
2025-07-02T19:03:00+02:00;73636;6;29;90;congested;3
2025-07-02T19:03:00+02:00;74067;30;3;60;heavy;1
2025-07-02T19:03:00+02:00;74454;15;2;40;congested;1
2025-07-02T19:03:00+02:00;74457_D;38;26;55;heavy;2
2025-07-02T19:03:00+02:00;74457_G;62;16;60;freeFlow;1
2025-07-02T19:03:00+02:00;74459;23;1;40;heavy;1
2025-07-02T19:03:00+02:00;74460;29;1;60;heavy;1
2025-07-02T19:03:00+02:00;74461;29;1;60;heavy;1
2025-07-02T19:03:00+02:00;74688_D;44;21;55;freeFlow;1
2025-07-02T19:03:00+02:00;74688_G;31;30;12;heavy;1
2025-07-02T19:03:00+02:00;74748_D;52;6;60;heavy;1
2025-07-02T19:03:00+02:00;74748_G;80;4;0;unknown;0
2025-07-02T19:03:00+02:00;75340;43;1;60;freeFlow;1
2025-07-02T19:03:00+02:00;75343_D;30;12;0;unknown;0
2025-07-02T19:03:00+02:00;75343_G;42;8;60;freeFlow;1
2025-07-02T19:03:00+02:00;75344;34;2;76;heavy;3
2025-07-02T19:03:00+02:00;75346;50;1;0;unknown;0
2025-07-02T19:03:00+02:00;75347_D;43;2;60;freeFlow;1
2025-07-02T19:03:00+02:00;75347_G;50;1;0;unknown;0
2025-07-02T19:03:00+02:00;75348;41;1;60;freeFlow;1
2025-07-02T19:03:00+02:00;75353;29;1;60;heavy;1
2025-07-02T19:03:00+02:00;75356_D;50;10;0;unknown;0
2025-07-02T19:03:00+02:00;75356_G;36;14;60;freeFlow;1
2025-07-02T19:03:00+02:00;75358;29;2;60;heavy;1
2025-07-02T19:03:00+02:00;75359;50;1;0;unknown;0
2025-07-02T19:03:00+02:00;75385;53;1;75;freeFlow;2
2025-07-02T19:03:00+02:00;75533_D;57;1;60;freeFlow;1
2025-07-02T19:03:00+02:00;75533_G;62;1;75;freeFlow;2
2025-07-02T19:03:00+02:00;75630;77;20;60;freeFlow;1
2025-07-02T19:03:00+02:00;75810;61;13;22;freeFlow;1
2025-07-02T19:03:00+02:00;75811;71;6;100;freeFlow;3
2025-07-02T19:03:00+02:00;75812;98;4;100;freeFlow;4
2025-07-02T19:03:00+02:00;75813;43;5;100;heavy;8
2025-07-02T19:03:00+02:00;75814;98;2;100;freeFlow;4
2025-07-02T19:03:00+02:00;75815;47;28;100;heavy;9
2025-07-02T19:03:00+02:00;75816;33;7;68;heavy;2
2025-07-02T19:03:00+02:00;75819_D;45;4;40;freeFlow;1
2025-07-02T19:03:00+02:00;75819_G;36;6;52;freeFlow;1
2025-07-02T19:03:00+02:00;75821;36;8;100;heavy;8
2025-07-02T19:03:00+02:00;75823;42;10;100;heavy;8
2025-07-02T19:03:00+02:00;75841;53;7;100;freeFlow;3
2025-07-02T19:03:00+02:00;75842;18;21;75;heavy;2
2025-07-02T19:03:00+02:00;75855;31;3;100;heavy;3
2025-07-02T19:03:00+02:00;75858;60;1;100;freeFlow;6
2025-07-02T19:03:00+02:00;75859;45;4;100;heavy;7
2025-07-02T19:03:00+02:00;75860;37;5;100;heavy;8
2025-07-02T19:03:00+02:00;75861;37;2;100;heavy;8
2025-07-02T19:03:00+02:00;75862;106;2;100;freeFlow;3
2025-07-02T19:03:00+02:00;75863;106;1;100;freeFlow;3
2025-07-02T19:03:00+02:00;75864;62;1;100;freeFlow;4
2025-07-02T19:03:00+02:00;75865;60;2;100;freeFlow;4
2025-07-02T19:03:00+02:00;75866;90;10;100;freeFlow;3
2025-07-02T19:03:00+02:00;75867;76;15;100;freeFlow;5
2025-07-02T19:03:00+02:00;75869;55;95;100;heavy;8
2025-07-02T19:03:00+02:00;75873_D;58;10;60;freeFlow;1
2025-07-02T19:03:00+02:00;75873_G;103;5;30;freeFlow;1
2025-07-02T19:03:00+02:00;75874_D;58;7;60;freeFlow;1
2025-07-02T19:03:00+02:00;75874_G;103;4;30;freeFlow;1
2025-07-02T19:03:00+02:00;75875;31;9;75;heavy;2
2025-07-02T19:03:00+02:00;75876;43;11;75;freeFlow;2
2025-07-02T19:03:00+02:00;75877;50;17;0;unknown;0
2025-07-02T19:03:00+02:00;75878;61;13;22;freeFlow;1
2025-07-02T19:03:00+02:00;75879;86;3;75;freeFlow;2
2025-07-02T19:03:00+02:00;75880;81;11;52;freeFlow;1
2025-07-02T19:03:00+02:00;75882;90;11;100;freeFlow;6
2025-07-02T19:03:00+02:00;75883;100;4;100;freeFlow;5
2025-07-02T19:03:00+02:00;75884;20;21;100;congested;11
2025-07-02T19:03:00+02:00;75885;93;3;100;freeFlow;6
2025-07-02T19:03:00+02:00;75886;17;35;100;congested;9
2025-07-02T19:03:00+02:00;75911;27;10;70;heavy;2
2025-07-02T19:03:00+02:00;75912;22;13;56;heavy;2
2025-07-02T19:03:00+02:00;76094;36;16;100;freeFlow;3
2025-07-02T19:03:00+02:00;7864_D;77;46;75;freeFlow;2
2025-07-02T19:03:00+02:00;7864_G;74;49;100;freeFlow;4
2025-07-02T19:03:00+02:00;790_D;64;12;60;freeFlow;1
2025-07-02T19:03:00+02:00;790_G;36;22;63;heavy;2
2025-07-02T19:03:00+02:00;791_D;48;18;75;heavy;2
2025-07-02T19:03:00+02:00;791_G;5;174;95;congested;4
2025-07-02T19:03:00+02:00;7936;96;8;60;freeFlow;1
2025-07-02T19:03:00+02:00;7937;88;25;60;freeFlow;1
2025-07-02T19:03:00+02:00;7938;101;30;100;freeFlow;3
2025-07-02T19:03:00+02:00;7995_D;73;15;75;freeFlow;2
2025-07-02T19:03:00+02:00;7995_G;67;15;100;freeFlow;3
2025-07-02T19:03:00+02:00;862_D;64;17;63;freeFlow;2
2025-07-02T19:03:00+02:00;862_G;67;16;60;freeFlow;1
2025-07-02T19:03:00+02:00;863_D;65;11;48;freeFlow;1
2025-07-02T19:03:00+02:00;863_G;64;11;60;freeFlow;1
2025-07-02T19:03:00+02:00;8745;38;5;100;freeFlow;4
2025-07-02T19:03:00+02:00;8962;105;21;100;freeFlow;10
2025-07-02T19:03:00+02:00;8963_D;65;7;57;freeFlow;1
2025-07-02T19:03:00+02:00;8963_G;49;9;75;freeFlow;2
2025-07-02T19:03:00+02:00;8966;106;11;100;freeFlow;9
2025-07-02T19:03:00+02:00;8969;116;11;100;freeFlow;7
2025-07-02T19:03:00+02:00;8970;112;14;100;freeFlow;8
2025-07-02T19:03:00+02:00;8971;98;21;100;freeFlow;8
2025-07-02T19:03:00+02:00;8974_D;25;9;60;heavy;1
2025-07-02T19:03:00+02:00;8974_G;44;5;57;heavy;1
2025-07-02T19:03:00+02:00;8976_D;25;14;75;heavy;2
2025-07-02T19:03:00+02:00;8976_G;51;7;57;freeFlow;1
2025-07-02T19:03:00+02:00;8977_D;49;6;75;freeFlow;2
2025-07-02T19:03:00+02:00;8977_G;60;5;57;freeFlow;1
2025-07-02T19:03:00+02:00;8978;109;12;100;freeFlow;9
2025-07-02T19:03:00+02:00;9040;57;15;57;heavy;1
2025-07-02T19:03:00+02:00;9041;51;4;90;freeFlow;3
2025-07-02T19:03:00+02:00;9042;38;2;60;freeFlow;1
2025-07-02T19:03:00+02:00;9043;40;4;43;freeFlow;2
2025-07-02T19:03:00+02:00;9044;45;3;75;freeFlow;2
2025-07-02T19:03:00+02:00;9045;50;2;0;unknown;0
2025-07-02T19:03:00+02:00;9046;39;2;50;freeFlow;2
2025-07-02T19:03:00+02:00;9047;38;3;60;freeFlow;1
2025-07-02T19:03:00+02:00;9048;64;8;60;freeFlow;1
2025-07-02T19:03:00+02:00;9049;48;3;75;freeFlow;2
2025-07-02T19:03:00+02:00;9050;43;2;75;freeFlow;2
2025-07-02T19:03:00+02:00;9051;24;6;98;heavy;3
2025-07-02T19:03:00+02:00;9052;50;2;0;unknown;0
2025-07-02T19:03:00+02:00;9053;24;5;55;heavy;1
2025-07-02T19:03:00+02:00;9054;49;12;75;freeFlow;2
2025-07-02T19:03:00+02:00;9055;25;24;59;heavy;2
2025-07-02T19:03:00+02:00;9057_D;70;7;60;freeFlow;1
2025-07-02T19:03:00+02:00;9057_G;72;7;75;freeFlow;2
2025-07-02T19:03:00+02:00;9058_D;72;19;60;freeFlow;1
2025-07-02T19:03:00+02:00;9058_G;72;19;75;freeFlow;2
2025-07-02T19:03:00+02:00;9059_D;70;9;60;freeFlow;1
2025-07-02T19:03:00+02:00;9059_G;66;9;75;freeFlow;2
2025-07-02T19:03:00+02:00;9060;29;6;99;heavy;3
2025-07-02T19:03:00+02:00;9061;40;4;60;heavy;1
2025-07-02T19:03:00+02:00;9062;28;6;75;heavy;2
2025-07-02T19:03:00+02:00;9063;36;3;99;heavy;3
2025-07-02T19:03:00+02:00;9068_D;49;37;73;heavy;2
2025-07-02T19:03:00+02:00;9068_G;30;61;75;heavy;2
2025-07-02T19:03:00+02:00;9070_D;77;27;75;freeFlow;2
2025-07-02T19:03:00+02:00;9070_G;76;27;100;freeFlow;4
2025-07-02T19:03:00+02:00;9073;47;9;100;heavy;6
2025-07-02T19:03:00+02:00;9074;70;13;100;freeFlow;12
2025-07-02T19:03:00+02:00;9082_D;72;3;57;freeFlow;2
2025-07-02T19:03:00+02:00;9082_G;66;3;60;freeFlow;1
2025-07-02T19:03:00+02:00;9090_D;28;49;50;heavy;1
2025-07-02T19:03:00+02:00;9090_G;61;22;60;freeFlow;1
2025-07-02T19:03:00+02:00;9103;90;16;100;freeFlow;3
2025-07-02T19:03:00+02:00;9108;89;14;100;freeFlow;3
2025-07-02T19:03:00+02:00;9114;69;1;100;freeFlow;3
2025-07-02T19:03:00+02:00;9115;65;23;57;freeFlow;1
2025-07-02T19:03:00+02:00;9116;64;2;60;freeFlow;1
2025-07-02T19:03:00+02:00;9117;63;8;60;heavy;1
2025-07-02T19:03:00+02:00;9133;77;25;100;freeFlow;4
2025-07-02T19:03:00+02:00;9134;93;16;100;freeFlow;3
2025-07-02T19:03:00+02:00;9177;107;18;60;freeFlow;1
2025-07-02T19:03:00+02:00;9190;57;6;100;heavy;3
2025-07-02T19:03:00+02:00;9199;34;2;60;heavy;1
2025-07-02T19:03:00+02:00;9200;96;2;38;freeFlow;1
2025-07-02T19:03:00+02:00;9201;37;2;60;heavy;1
2025-07-02T19:03:00+02:00;9202;95;1;53;freeFlow;2
2025-07-02T19:03:00+02:00;9203;53;2;55;heavy;1
2025-07-02T19:03:00+02:00;9204;33;3;72;heavy;2
2025-07-02T19:03:00+02:00;9213;51;54;80;freeFlow;3
2025-07-02T19:03:00+02:00;9214_D;70;1;0;unknown;0
2025-07-02T19:03:00+02:00;9214_G;99;1;75;freeFlow;2
2025-07-02T19:03:00+02:00;9215;70;39;60;freeFlow;2
2025-07-02T19:03:00+02:00;9279;90;24;100;freeFlow;7
2025-07-02T19:03:00+02:00;9280;91;27;100;freeFlow;7
2025-07-02T19:03:00+02:00;9343_D;38;32;48;heavy;1
2025-07-02T19:03:00+02:00;9343_G;80;15;0;unknown;0
2025-07-02T19:03:00+02:00;9344_D;39;15;50;freeFlow;1
2025-07-02T19:03:00+02:00;9344_G;30;20;0;unknown;0
2025-07-02T19:03:00+02:00;9345_D;39;21;50;freeFlow;1
2025-07-02T19:03:00+02:00;9345_G;30;28;0;unknown;0
2025-07-02T19:03:00+02:00;9346_D;30;15;0;unknown;0
2025-07-02T19:03:00+02:00;9346_G;30;15;0;unknown;0
2025-07-02T19:03:00+02:00;9348_D;30;7;0;unknown;0
2025-07-02T19:03:00+02:00;9348_G;30;8;0;unknown;0
2025-07-02T19:03:00+02:00;9351_D;23;51;50;congested;1
2025-07-02T19:03:00+02:00;9351_G;80;14;0;unknown;0
2025-07-02T19:03:00+02:00;9370_D;32;26;48;heavy;1
2025-07-02T19:03:00+02:00;9370_G;80;11;0;unknown;0
2025-07-02T19:03:00+02:00;9371_D;80;8;0;unknown;0
2025-07-02T19:03:00+02:00;9371_G;80;8;0;unknown;0
2025-07-02T19:03:00+02:00;9378;58;20;100;heavy;7
2025-07-02T19:03:00+02:00;9379;59;19;100;heavy;12
2025-07-02T19:03:00+02:00;9414_D;58;5;57;freeFlow;2
2025-07-02T19:03:00+02:00;9414_G;7;37;60;congested;2
2025-07-02T19:03:00+02:00;9416_D;23;10;57;freeFlow;2
2025-07-02T19:03:00+02:00;9416_G;35;6;60;freeFlow;1
2025-07-02T19:03:00+02:00;9418_D;28;13;57;freeFlow;2
2025-07-02T19:03:00+02:00;9418_G;35;10;60;freeFlow;1
2025-07-02T19:03:00+02:00;9421;39;3;42;freeFlow;1
2025-07-02T19:03:00+02:00;9422;9;11;60;heavy;2
2025-07-02T19:03:00+02:00;9423;47;2;60;freeFlow;1
2025-07-02T19:03:00+02:00;9424;47;4;60;freeFlow;1
2025-07-02T19:03:00+02:00;9425_D;39;4;42;freeFlow;1
2025-07-02T19:03:00+02:00;9425_G;47;3;60;freeFlow;1
2025-07-02T19:03:00+02:00;9427_D;29;11;60;heavy;2
2025-07-02T19:03:00+02:00;9427_G;80;4;0;unknown;0
2025-07-02T19:03:00+02:00;9434_D;48;16;60;heavy;2
2025-07-02T19:03:00+02:00;9434_G;80;10;0;unknown;0
2025-07-02T19:03:00+02:00;9435_D;65;16;60;freeFlow;2
2025-07-02T19:03:00+02:00;9435_G;80;13;0;unknown;0
2025-07-02T19:03:00+02:00;9437_D;62;18;63;freeFlow;2
2025-07-02T19:03:00+02:00;9437_G;80;14;0;unknown;0
2025-07-02T19:03:00+02:00;9588_D;71;8;55;freeFlow;2
2025-07-02T19:03:00+02:00;9588_G;66;9;60;freeFlow;1
2025-07-02T19:03:00+02:00;9625_D;69;5;55;freeFlow;2
2025-07-02T19:03:00+02:00;9625_G;66;5;60;freeFlow;1
2025-07-02T19:03:00+02:00;9739;24;5;66;heavy;2
2025-07-02T19:03:00+02:00;9740;24;3;50;heavy;1
2025-07-02T19:03:00+02:00;9741;27;2;60;heavy;1
2025-07-02T19:03:00+02:00;9742;36;4;60;heavy;1
2025-07-02T19:03:00+02:00;9745_D;12;11;50;congested;1
2025-07-02T19:03:00+02:00;9745_G;51;5;60;freeFlow;1
2025-07-02T19:03:00+02:00;9757_D;29;4;53;heavy;2
2025-07-02T19:03:00+02:00;9757_G;29;4;72;heavy;2
2025-07-02T19:03:00+02:00;9758_D;46;7;55;heavy;2
2025-07-02T19:03:00+02:00;9758_G;54;6;60;freeFlow;1
2025-07-02T19:03:00+02:00;9834_D;73;27;48;freeFlow;1
2025-07-02T19:03:00+02:00;9834_G;67;30;60;freeFlow;1
2025-07-02T19:03:00+02:00;9912;25;7;75;heavy;2
2025-07-02T19:03:00+02:00;9913;47;2;57;heavy;1
2025-07-02T19:03:00+02:00;9914;42;2;57;heavy;1
2025-07-02T19:03:00+02:00;9915;21;6;57;heavy;1
2025-07-02T19:03:00+02:00;9916;25;6;60;heavy;1
2025-07-02T19:03:00+02:00;9917_D;25;6;60;heavy;1
2025-07-02T19:03:00+02:00;9917_G;37;4;57;heavy;1
2025-07-02T19:03:00+02:00;9921_D;53;28;48;freeFlow;1
2025-07-02T19:03:00+02:00;9921_G;25;61;74;heavy;2
2025-07-02T19:03:00+02:00;1601981;31;5;95;heavy;3
2025-07-02T19:03:00+02:00;1601982;23;40;74;heavy;2
2025-07-02T19:03:00+02:00;1634;38;15;75;heavy;2
2025-07-02T19:03:00+02:00;1635;75;2;20;freeFlow;1
2025-07-02T19:03:00+02:00;1636;54;3;60;freeFlow;1
2025-07-02T19:03:00+02:00;1637;37;3;100;heavy;6
2025-07-02T19:03:00+02:00;1640;30;3;100;heavy;5
2025-07-02T19:03:00+02:00;1641;23;7;75;heavy;2
2025-07-02T19:03:00+02:00;1642;35;2;100;heavy;3
2025-07-02T19:03:00+02:00;1678329;35;18;50;heavy;2
2025-07-02T19:03:00+02:00;1680500_D;41;6;40;freeFlow;1
2025-07-02T19:03:00+02:00;1680500_G;33;8;52;heavy;1
2025-07-02T19:03:00+02:00;1680501;40;21;80;freeFlow;7
2025-07-02T19:03:00+02:00;1680580;38;12;75;freeFlow;2
2025-07-02T19:03:00+02:00;1680586;27;6;62;heavy;2
2025-07-02T19:03:00+02:00;1680594;31;1;48;heavy;1
2025-07-02T19:03:00+02:00;1680595;55;1;17;freeFlow;1
2025-07-02T19:03:00+02:00;1680596;31;1;48;heavy;1
2025-07-02T19:03:00+02:00;1680597;27;1;20;heavy;1
2025-07-02T19:03:00+02:00;1680604;41;2;75;freeFlow;2
2025-07-02T19:03:00+02:00;1747_D;38;2;75;freeFlow;2
2025-07-02T19:03:00+02:00;1747_G;16;5;73;heavy;2
2025-07-02T19:03:00+02:00;1762;19;28;75;heavy;2
2025-07-02T19:03:00+02:00;1763;35;16;100;heavy;5
2025-07-02T19:03:00+02:00;1765_D;26;16;100;heavy;3
2025-07-02T19:03:00+02:00;1765_G;18;23;60;heavy;1
2025-07-02T19:03:00+02:00;1852;19;60;100;congested;14
2025-07-02T19:03:00+02:00;1857;81;26;100;freeFlow;8
2025-07-02T19:03:00+02:00;1858;18;50;100;congested;12
2025-07-02T19:03:00+02:00;1859;83;12;100;freeFlow;5
2025-07-02T19:03:00+02:00;1860;24;52;100;heavy;3
2025-07-02T19:03:00+02:00;1910718_D;29;4;75;heavy;2
2025-07-02T19:03:00+02:00;1910718_G;11;10;75;congested;2
2025-07-02T19:03:00+02:00;1910863_D;47;12;57;freeFlow;2
2025-07-02T19:03:00+02:00;1910863_G;10;56;60;congested;1
2025-07-02T19:03:00+02:00;1911250;32;7;75;heavy;2
2025-07-02T19:03:00+02:00;35088;21;10;100;heavy;4
2025-07-02T19:03:00+02:00;35089;23;10;100;heavy;4
2025-07-02T19:03:00+02:00;35090;30;2;75;heavy;2
2025-07-02T19:03:00+02:00;35091;54;2;60;freeFlow;1
2025-07-02T19:03:00+02:00;35093;48;6;100;heavy;3
2025-07-02T19:03:00+02:00;35094;54;5;60;freeFlow;1
2025-07-02T19:03:00+02:00;35099;34;3;60;heavy;1
2025-07-02T19:03:00+02:00;35101;21;4;100;congested;3
2025-07-02T19:03:00+02:00;35102;62;1;60;freeFlow;1
2025-07-02T19:03:00+02:00;35104;57;46;100;freeFlow;3
2025-07-02T19:03:00+02:00;35116;25;5;100;heavy;4
2025-07-02T19:03:00+02:00;35117;35;5;100;heavy;3
2025-07-02T19:03:00+02:00;35118;36;5;75;freeFlow;2
2025-07-02T19:03:00+02:00;35119;32;6;100;heavy;4
2025-07-02T19:03:00+02:00;35120_D;38;2;100;freeFlow;3
2025-07-02T19:03:00+02:00;35120_G;36;2;75;freeFlow;2
2025-07-02T19:03:00+02:00;35121_D;44;47;100;freeFlow;4
2025-07-02T19:03:00+02:00;35121_G;43;48;75;freeFlow;2
2025-07-02T19:03:00+02:00;40196;76;3;100;freeFlow;4
2025-07-02T19:03:00+02:00;40197;89;3;100;freeFlow;4
2025-07-02T19:03:00+02:00;41636_D;57;3;73;freeFlow;2
2025-07-02T19:03:00+02:00;41636_G;19;9;60;heavy;1
2025-07-02T19:03:00+02:00;41652_G;21;11;60;heavy;1
2025-07-02T19:03:00+02:00;41653_D;104;1;57;freeFlow;1
2025-07-02T19:03:00+02:00;41653_G;14;6;60;congested;1
2025-07-02T19:03:00+02:00;41667_D;106;1;57;freeFlow;1
2025-07-02T19:03:00+02:00;41667_G;14;9;60;congested;1
2025-07-02T19:03:00+02:00;41668_D;106;1;57;freeFlow;1
2025-07-02T19:03:00+02:00;41668_G;13;4;75;congested;2
2025-07-02T19:03:00+02:00;41721;21;48;100;congested;10
2025-07-02T19:03:00+02:00;41722;22;52;100;congested;11
2025-07-02T19:03:00+02:00;41758;81;16;100;freeFlow;7
2025-07-02T19:03:00+02:00;41759;93;15;100;freeFlow;6
2025-07-02T19:03:00+02:00;41760;63;21;100;heavy;12
2025-07-02T19:03:00+02:00;41949_D;27;10;75;heavy;2
2025-07-02T19:03:00+02:00;41949_G;12;22;75;congested;2
2025-07-02T19:03:00+02:00;41974_D;22;10;75;heavy;2
2025-07-02T19:03:00+02:00;41974_G;33;7;60;heavy;1
2025-07-02T19:03:00+02:00;41975_D;33;10;99;heavy;3
2025-07-02T19:03:00+02:00;41975_G;20;16;73;heavy;2
2025-07-02T19:03:00+02:00;41985_D;106;1;57;freeFlow;1
2025-07-02T19:03:00+02:00;41985_G;21;4;75;heavy;2
2025-07-02T19:03:00+02:00;42064_D;30;7;57;heavy;1
2025-07-02T19:03:00+02:00;42064_G;6;37;100;congested;3
2025-07-02T19:03:00+02:00;420870_D;50;5;0;unknown;0
2025-07-02T19:03:00+02:00;420870_G;34;7;100;heavy;3
2025-07-02T19:03:00+02:00;42206_G;50;19;0;unknown;0
2025-07-02T19:03:00+02:00;42238_G;7;48;75;congested;2
2025-07-02T19:03:00+02:00;42239_D;81;3;57;freeFlow;1
2025-07-02T19:03:00+02:00;42239_G;13;21;60;congested;1
2025-07-02T19:03:00+02:00;42240_D;106;7;57;freeFlow;1
2025-07-02T19:03:00+02:00;42240_G;7;107;60;congested;1
2025-07-02T19:03:00+02:00;42241_D;20;35;100;heavy;4
2025-07-02T19:03:00+02:00;42241_G;61;11;57;freeFlow;1
2025-07-02T19:03:00+02:00;42242_D;7;41;98;congested;3
2025-07-02T19:03:00+02:00;42242_G;106;3;57;freeFlow;1
2025-07-02T19:03:00+02:00;42683_D;17;20;60;heavy;1
2025-07-02T19:03:00+02:00;42683_G;28;12;27;heavy;1
2025-07-02T19:03:00+02:00;42714_D;28;7;75;heavy;2
2025-07-02T19:03:00+02:00;42714_G;33;6;57;heavy;1
2025-07-02T19:03:00+02:00;42716_D;27;3;75;heavy;2
2025-07-02T19:03:00+02:00;42716_G;33;2;60;heavy;1
2025-07-02T19:03:00+02:00;43449_D;15;15;63;heavy;2
2025-07-02T19:03:00+02:00;43449_G;6;35;35;congested;1
2025-07-02T19:03:00+02:00;43450_D;30;10;50;freeFlow;1
2025-07-02T19:03:00+02:00;43450_G;13;24;35;heavy;1
2025-07-02T19:03:00+02:00;43451_G;25;19;60;freeFlow;1
2025-07-02T19:03:00+02:00;43452_D;14;12;60;heavy;1
2025-07-02T19:03:00+02:00;43452_G;6;25;35;congested;1
2025-07-02T19:03:00+02:00;43475_D;50;4;0;unknown;0
2025-07-02T19:03:00+02:00;43475_G;50;4;0;unknown;0
2025-07-02T19:03:00+02:00;43622_D;44;2;0;unknown;0
2025-07-02T19:03:00+02:00;43622_G;37;3;60;freeFlow;1
2025-07-02T19:03:00+02:00;43623_D;50;4;0;unknown;0
2025-07-02T19:03:00+02:00;43623_G;28;7;60;heavy;1
2025-07-02T19:03:00+02:00;43624_D;50;5;0;unknown;0
2025-07-02T19:03:00+02:00;43624_G;11;22;60;congested;1
2025-07-02T19:03:00+02:00;43625_D;43;9;0;unknown;0
2025-07-02T19:03:00+02:00;43625_G;37;10;60;freeFlow;1
2025-07-02T19:03:00+02:00;43657_D;44;2;60;freeFlow;1
2025-07-02T19:03:00+02:00;43657_G;50;2;0;unknown;0
2025-07-02T19:03:00+02:00;43659_D;15;10;75;heavy;2
2025-07-02T19:03:00+02:00;43659_G;30;5;0;unknown;0
2025-07-02T19:03:00+02:00;44039_D;50;2;0;unknown;0
2025-07-02T19:03:00+02:00;44039_G;50;2;0;unknown;0
2025-07-02T19:03:00+02:00;44040_D;50;9;0;unknown;0
2025-07-02T19:03:00+02:00;44040_G;24;18;60;heavy;1
2025-07-02T19:03:00+02:00;44041_D;50;9;0;unknown;0
2025-07-02T19:03:00+02:00;44041_G;24;19;60;heavy;1
2025-07-02T19:03:00+02:00;44042_D;37;13;0;unknown;0
2025-07-02T19:03:00+02:00;44042_G;50;9;0;unknown;0
2025-07-02T19:03:00+02:00;44071_D;29;9;0;unknown;0
2025-07-02T19:03:00+02:00;44071_G;9;33;0;unknown;0
2025-07-02T19:03:00+02:00;44080;32;4;50;heavy;1
2025-07-02T19:03:00+02:00;44113_D;33;9;48;heavy;1
2025-07-02T19:03:00+02:00;44113_G;20;15;60;heavy;1
2025-07-02T19:03:00+02:00;44114_D;33;8;48;heavy;1
2025-07-02T19:03:00+02:00;44114_G;31;8;60;heavy;1
2025-07-02T19:03:00+02:00;44115_D;34;10;50;heavy;1
2025-07-02T19:03:00+02:00;44115_G;31;11;60;heavy;1
2025-07-02T19:03:00+02:00;44117_D;40;7;50;freeFlow;1
2025-07-02T19:03:00+02:00;44117_G;27;9;75;heavy;2
2025-07-02T19:03:00+02:00;44118_D;42;5;50;freeFlow;1
2025-07-02T19:03:00+02:00;44118_G;20;10;75;heavy;2
2025-07-02T19:03:00+02:00;44125_D;33;4;48;heavy;1
2025-07-02T19:03:00+02:00;44125_G;10;13;60;congested;1
2025-07-02T19:03:00+02:00;44127;34;8;60;heavy;1
2025-07-02T19:03:00+02:00;44128;51;6;60;freeFlow;1
2025-07-02T19:03:00+02:00;44170_D;34;5;50;heavy;1
2025-07-02T19:03:00+02:00;44170_G;33;6;75;heavy;2
2025-07-02T19:03:00+02:00;44713_D;17;2;55;heavy;2
2025-07-02T19:03:00+02:00;44713_G;33;1;48;heavy;1
2025-07-02T19:03:00+02:00;44930;23;8;42;heavy;1
2025-07-02T19:03:00+02:00;44931;52;13;75;freeFlow;2
2025-07-02T19:03:00+02:00;44934;70;29;100;freeFlow;8
2025-07-02T19:03:00+02:00;45486_G;26;8;100;heavy;3
2025-07-02T19:03:00+02:00;45487_G;19;13;100;heavy;3
2025-07-02T19:03:00+02:00;45488_D;50;14;0;unknown;0
2025-07-02T19:03:00+02:00;45488_G;31;22;100;heavy;3
2025-07-02T19:03:00+02:00;45489_D;50;5;0;unknown;0
2025-07-02T19:03:00+02:00;45489_G;14;18;100;congested;4
2025-07-02T19:03:00+02:00;45490_D;50;3;0;unknown;0
2025-07-02T19:03:00+02:00;45490_G;17;10;100;heavy;3
2025-07-02T19:03:00+02:00;45503_D;26;5;20;heavy;1
2025-07-02T19:03:00+02:00;45503_G;4;33;60;congested;1
2025-07-02T19:03:00+02:00;45504_D;9;17;42;congested;1
2025-07-02T19:03:00+02:00;45504_G;7;20;60;congested;1
2025-07-02T19:03:00+02:00;45505_D;12;27;45;congested;1
2025-07-02T19:03:00+02:00;45505_G;19;17;60;heavy;1
2025-07-02T19:03:00+02:00;45530_D;42;2;50;freeFlow;1
2025-07-02T19:03:00+02:00;45530_G;26;3;75;freeFlow;2
2025-07-02T19:03:00+02:00;45531_D;27;2;52;freeFlow;1
2025-07-02T19:03:00+02:00;45531_G;28;2;75;freeFlow;2
2025-07-02T19:03:00+02:00;45532_D;16;13;52;heavy;1
2025-07-02T19:03:00+02:00;45532_G;29;8;75;freeFlow;2
2025-07-02T19:03:00+02:00;45565_D;27;12;60;heavy;1
2025-07-02T19:03:00+02:00;45565_G;50;6;0;unknown;0
2025-07-02T19:03:00+02:00;45566_D;39;7;60;freeFlow;1
2025-07-02T19:03:00+02:00;45566_G;50;5;0;unknown;0
2025-07-02T19:03:00+02:00;45567_D;37;8;60;freeFlow;1
2025-07-02T19:03:00+02:00;45567_G;50;6;0;unknown;0
2025-07-02T19:03:00+02:00;45568_D;11;38;57;congested;1
2025-07-02T19:03:00+02:00;45568_G;8;61;0;unknown;0
2025-07-02T19:03:00+02:00;45601_D;50;6;0;unknown;0
2025-07-02T19:03:00+02:00;45601_G;33;10;75;heavy;2
2025-07-02T19:03:00+02:00;45613_D;50;6;0;unknown;0
2025-07-02T19:03:00+02:00;45613_G;16;19;100;heavy;4
2025-07-02T19:03:00+02:00;45614_D;26;8;60;heavy;1
2025-07-02T19:03:00+02:00;45614_G;31;7;75;heavy;2
2025-07-02T19:03:00+02:00;45636;37;31;52;heavy;1
2025-07-02T19:03:00+02:00;45637;97;11;100;freeFlow;6
2025-07-02T19:03:00+02:00;45640;52;9;75;freeFlow;2
2025-07-02T19:03:00+02:00;45641;21;60;83;congested;8
2025-07-02T19:03:00+02:00;45642;82;26;100;freeFlow;7
2025-07-02T19:03:00+02:00;45644_D;27;34;48;heavy;1
2025-07-02T19:03:00+02:00;45644_G;17;56;58;heavy;1
2025-07-02T19:03:00+02:00;45645_G;45;13;57;freeFlow;1
2025-07-02T19:03:00+02:00;45725;39;81;100;heavy;7
2025-07-02T19:03:00+02:00;45736_D;35;14;48;heavy;1
2025-07-02T19:03:00+02:00;45736_G;46;10;57;freeFlow;1
2025-07-02T19:03:00+02:00;45759_D;39;10;45;freeFlow;1
2025-07-02T19:03:00+02:00;45759_G;7;54;45;congested;1
2025-07-02T19:03:00+02:00;45760_D;48;6;45;freeFlow;1
2025-07-02T19:03:00+02:00;45760_G;6;52;60;congested;1
2025-07-02T19:03:00+02:00;45761_G;32;9;60;heavy;1
2025-07-02T19:03:00+02:00;45762_D;47;5;45;freeFlow;1
2025-07-02T19:03:00+02:00;45762_G;25;10;60;heavy;1
2025-07-02T19:03:00+02:00;45849_D;55;1;42;freeFlow;1
2025-07-02T19:03:00+02:00;45849_G;16;5;60;heavy;1
2025-07-02T19:03:00+02:00;45850_D;36;3;32;freeFlow;1
2025-07-02T19:03:00+02:00;45850_G;21;4;60;heavy;1
2025-07-02T19:03:00+02:00;45865_G;5;70;27;congested;1
2025-07-02T19:03:00+02:00;46027;18;3;60;heavy;1
2025-07-02T19:03:00+02:00;46028;50;14;0;unknown;0
2025-07-02T19:03:00+02:00;46029;19;9;86;heavy;3
2025-07-02T19:03:00+02:00;46036_D;50;10;0;unknown;0
2025-07-02T19:03:00+02:00;46036_G;50;10;0;unknown;0
2025-07-02T19:03:00+02:00;46053_G;15;26;60;congested;1
2025-07-02T19:03:00+02:00;46054_D;23;8;45;heavy;1
2025-07-02T19:03:00+02:00;46054_G;35;5;60;freeFlow;1
2025-07-02T19:03:00+02:00;46055_D;31;8;45;heavy;1
2025-07-02T19:03:00+02:00;46055_G;35;7;60;freeFlow;1
2025-07-02T19:03:00+02:00;46056_G;35;3;60;freeFlow;1
2025-07-02T19:03:00+02:00;46057_D;29;6;45;heavy;1
2025-07-02T19:03:00+02:00;46057_G;40;5;58;freeFlow;1
2025-07-02T19:03:00+02:00;46058_D;30;11;48;heavy;1
2025-07-02T19:03:00+02:00;46058_G;40;9;57;freeFlow;1
2025-07-02T19:03:00+02:00;46059_D;30;20;48;heavy;1
2025-07-02T19:03:00+02:00;46059_G;46;13;57;freeFlow;1
2025-07-02T19:03:00+02:00;46079_D;27;11;48;heavy;1
2025-07-02T19:03:00+02:00;46079_G;40;8;57;freeFlow;1
2025-07-02T19:03:00+02:00;46080_D;35;13;48;freeFlow;1
2025-07-02T19:03:00+02:00;46080_G;18;26;57;heavy;1
2025-07-02T19:03:00+02:00;46081;32;8;50;heavy;1
2025-07-02T19:03:00+02:00;46135;33;10;38;heavy;1
2025-07-02T19:03:00+02:00;46136;33;9;38;heavy;1
2025-07-02T19:03:00+02:00;46137;59;8;60;freeFlow;1
2025-07-02T19:03:00+02:00;46163;12;25;50;congested;1
2025-07-02T19:03:00+02:00;46228;97;11;75;freeFlow;2
2025-07-02T19:03:00+02:00;46230;96;15;100;freeFlow;4
2025-07-02T19:03:00+02:00;46251_D;50;3;0;unknown;0
2025-07-02T19:03:00+02:00;46251_G;13;14;100;congested;3
2025-07-02T19:03:00+02:00;46264;73;22;57;freeFlow;1
2025-07-02T19:03:00+02:00;46265;99;7;100;freeFlow;5
2025-07-02T19:03:00+02:00;46266;94;3;100;freeFlow;6
2025-07-02T19:03:00+02:00;46267;60;13;100;heavy;12
2025-07-02T19:03:00+02:00;46268;61;25;100;heavy;10
2025-07-02T19:03:00+02:00;46270_D;45;5;0;unknown;0
2025-07-02T19:03:00+02:00;46270_G;50;4;0;unknown;0
2025-07-02T19:03:00+02:00;46271_D;30;9;0;unknown;0
2025-07-02T19:03:00+02:00;46271_G;50;5;0;unknown;0
2025-07-02T19:03:00+02:00;46374_D;21;59;57;heavy;1
2025-07-02T19:03:00+02:00;46374_G;20;63;57;heavy;1
2025-07-02T19:03:00+02:00;46375_D;24;20;67;heavy;2
2025-07-02T19:03:00+02:00;46375_G;24;20;55;heavy;1
2025-07-02T19:03:00+02:00;46376_D;20;34;67;heavy;2
2025-07-02T19:03:00+02:00;46376_G;23;29;52;heavy;1
2025-07-02T19:03:00+02:00;46377_D;7;58;10;congested;1
2025-07-02T19:03:00+02:00;46377_G;23;18;52;heavy;1
2025-07-02T19:03:00+02:00;46427_D;27;13;68;heavy;2
2025-07-02T19:03:00+02:00;46427_G;25;15;55;heavy;1
2025-07-02T19:03:00+02:00;46559_D;22;3;35;heavy;1
2025-07-02T19:03:00+02:00;46559_G;57;1;12;freeFlow;1
2025-07-02T19:03:00+02:00;46560_D;15;27;57;congested;2
2025-07-02T19:03:00+02:00;46560_G;50;8;0;unknown;0
2025-07-02T19:03:00+02:00;46561_D;18;13;71;heavy;2
2025-07-02T19:03:00+02:00;46561_G;50;5;0;unknown;0
2025-07-02T19:03:00+02:00;46562_D;35;3;57;freeFlow;2
2025-07-02T19:03:00+02:00;46562_G;46;2;60;freeFlow;1
2025-07-02T19:03:00+02:00;46563_D;46;9;60;freeFlow;1
2025-07-02T19:03:00+02:00;46563_G;49;9;70;freeFlow;2
2025-07-02T19:03:00+02:00;46564_D;11;18;0;unknown;0
2025-07-02T19:03:00+02:00;46564_G;50;4;0;unknown;0
2025-07-02T19:03:00+02:00;46565_D;11;17;0;unknown;0
2025-07-02T19:03:00+02:00;46565_G;50;4;0;unknown;0
2025-07-02T19:03:00+02:00;46566_D;7;37;0;unknown;0
2025-07-02T19:03:00+02:00;46566_G;50;5;0;unknown;0
2025-07-02T19:03:00+02:00;46567_G;16;6;45;heavy;1
2025-07-02T19:03:00+02:00;46568_D;14;5;12;congested;1
2025-07-02T19:03:00+02:00;46568_G;22;3;55;heavy;1
2025-07-02T19:03:00+02:00;46569_D;2;277;30;congested;2
2025-07-02T19:03:00+02:00;46569_G;20;23;48;heavy;1
2025-07-02T19:03:00+02:00;46627_D;11;49;68;congested;2
2025-07-02T19:03:00+02:00;46627_G;50;11;0;unknown;0
2025-07-02T19:03:00+02:00;46628_D;5;80;0;unknown;0
2025-07-02T19:03:00+02:00;46628_G;50;8;0;unknown;0
2025-07-02T19:03:00+02:00;46640;24;32;45;heavy;1
2025-07-02T19:03:00+02:00;46641;25;15;42;heavy;1
2025-07-02T19:03:00+02:00;46643;36;5;40;freeFlow;1
2025-07-02T19:03:00+02:00;46649;32;13;42;heavy;1
2025-07-02T19:03:00+02:00;46653_D;7;88;0;unknown;0
2025-07-02T19:03:00+02:00;46653_G;50;12;0;unknown;0
2025-07-02T19:03:00+02:00;46654_D;15;35;0;unknown;0
2025-07-02T19:03:00+02:00;46654_G;50;10;0;unknown;0
2025-07-02T19:03:00+02:00;46655_D;50;3;0;unknown;0
2025-07-02T19:03:00+02:00;46655_G;41;4;0;unknown;0
2025-07-02T19:03:00+02:00;46682;19;26;60;heavy;1
2025-07-02T19:03:00+02:00;46683;26;2;60;heavy;1
2025-07-02T19:03:00+02:00;46684;32;15;48;heavy;1
2025-07-02T19:03:00+02:00;46685;17;61;75;congested;2
2025-07-02T19:03:00+02:00;46686;25;53;75;heavy;2
2025-07-02T19:03:00+02:00;46688;27;43;48;heavy;1
2025-07-02T19:03:00+02:00;46716;20;4;100;congested;8
2025-07-02T19:03:00+02:00;46717;75;50;100;freeFlow;12
2025-07-02T19:03:00+02:00;46718;15;68;100;congested;12
2025-07-02T19:03:00+02:00;46719;42;19;100;heavy;3
2025-07-02T19:03:00+02:00;46720;33;6;57;heavy;1
2025-07-02T19:03:00+02:00;46728;73;5;100;freeFlow;4
2025-07-02T19:03:00+02:00;46745_D;37;16;52;freeFlow;1
2025-07-02T19:03:00+02:00;46745_G;16;39;100;heavy;4
2025-07-02T19:03:00+02:00;46746_D;31;28;70;heavy;2
2025-07-02T19:03:00+02:00;46746_G;17;53;100;heavy;3
2025-07-02T19:03:00+02:00;46975;30;5;57;heavy;1
2025-07-02T19:03:00+02:00;47024;27;6;75;heavy;2
2025-07-02T19:03:00+02:00;47025;25;15;75;heavy;2
2025-07-02T19:03:00+02:00;47030;9;35;75;congested;2
2025-07-02T19:03:00+02:00;47057;63;13;100;freeFlow;4
2025-07-02T19:03:00+02:00;47058;64;30;100;freeFlow;7
2025-07-02T19:03:00+02:00;47059;25;50;100;congested;8
2025-07-02T19:03:00+02:00;47060;23;41;100;congested;7
2025-07-02T19:03:00+02:00;47062;52;16;60;freeFlow;1
2025-07-02T19:03:00+02:00;47064;38;2;100;freeFlow;4
2025-07-02T19:03:00+02:00;47066;39;3;100;freeFlow;5
2025-07-02T19:03:00+02:00;47068;18;38;98;congested;4
2025-07-02T19:03:00+02:00;47070;16;18;100;heavy;6
2025-07-02T19:03:00+02:00;47071;94;9;72;freeFlow;2
2025-07-02T19:03:00+02:00;47074;60;7;99;heavy;9
2025-07-02T19:03:00+02:00;47075;36;7;60;heavy;1
2025-07-02T19:03:00+02:00;47078;65;37;100;freeFlow;4
2025-07-02T19:03:00+02:00;47101;36;11;60;freeFlow;1
2025-07-02T19:03:00+02:00;47107;64;8;100;freeFlow;8
2025-07-02T19:03:00+02:00;47108;43;19;100;heavy;3
2025-07-02T19:03:00+02:00;47109;33;2;100;heavy;7
2025-07-02T19:03:00+02:00;47110;18;43;75;congested;2
2025-07-02T19:03:00+02:00;47111;77;23;100;freeFlow;5
2025-07-02T19:03:00+02:00;47112;12;69;99;congested;6
2025-07-02T19:03:00+02:00;47113;60;10;75;heavy;2
2025-07-02T19:03:00+02:00;47114;37;37;48;freeFlow;1
2025-07-02T19:03:00+02:00;47115;79;18;100;freeFlow;4
2025-07-02T19:03:00+02:00;47238;53;11;100;heavy;6
2025-07-02T19:03:00+02:00;47240;75;19;100;freeFlow;11
2025-07-02T19:03:00+02:00;47241;26;39;100;congested;11
2025-07-02T19:03:00+02:00;47242;26;48;100;congested;8
2025-07-02T19:03:00+02:00;47243;35;41;100;heavy;9
2025-07-02T19:03:00+02:00;47290;30;17;50;heavy;1
2025-07-02T19:03:00+02:00;47293;14;38;100;congested;8
2025-07-02T19:03:00+02:00;47299;29;12;100;heavy;3
2025-07-02T19:03:00+02:00;47300;70;17;60;freeFlow;1
2025-07-02T19:03:00+02:00;47306;77;26;100;freeFlow;11
2025-07-02T19:03:00+02:00;47316;33;9;100;heavy;3
2025-07-02T19:03:00+02:00;47428_D;50;5;0;unknown;0
2025-07-02T19:03:00+02:00;47428_G;50;5;0;unknown;0
2025-07-02T19:03:00+02:00;48769_D;34;4;45;heavy;1
2025-07-02T19:03:00+02:00;48769_G;27;5;60;heavy;1
2025-07-02T19:03:00+02:00;48890;36;1;40;freeFlow;1
2025-07-02T19:03:00+02:00;48891;23;2;53;heavy;2
2025-07-02T19:03:00+02:00;48958_D;42;5;45;freeFlow;1
2025-07-02T19:03:00+02:00;48958_G;7;31;60;congested;1
2025-07-02T19:03:00+02:00;489866_G;34;5;100;heavy;3
2025-07-02T19:03:00+02:00;49004;44;5;52;freeFlow;1
2025-07-02T19:03:00+02:00;490194_D;27;3;75;heavy;2
2025-07-02T19:03:00+02:00;490194_G;18;3;75;heavy;2
2025-07-02T19:03:00+02:00;49023;70;8;0;unknown;0
2025-07-02T19:03:00+02:00;49068;4;155;98;congested;3
2025-07-02T19:03:00+02:00;49074;105;1;12;freeFlow;1
2025-07-02T19:03:00+02:00;49075;23;5;42;heavy;1
2025-07-02T19:03:00+02:00;49081;62;9;60;freeFlow;1
2025-07-02T19:03:00+02:00;49084;20;21;48;heavy;1
2025-07-02T19:03:00+02:00;49137_D;50;4;0;unknown;0
2025-07-02T19:03:00+02:00;49137_G;50;4;0;unknown;0
2025-07-02T19:03:00+02:00;49184;24;5;75;heavy;2
2025-07-02T19:03:00+02:00;492351_G;29;4;100;heavy;3
2025-07-02T19:03:00+02:00;492359_D;26;10;60;heavy;1
2025-07-02T19:03:00+02:00;492363_D;50;9;0;unknown;0
2025-07-02T19:03:00+02:00;492363_G;10;45;42;congested;1
2025-07-02T19:03:00+02:00;492435;29;15;100;heavy;3
2025-07-02T19:03:00+02:00;492445_G;18;35;75;heavy;2
2025-07-02T19:03:00+02:00;492450;28;18;60;heavy;1
2025-07-02T19:03:00+02:00;492452;13;40;75;congested;2
2025-07-02T19:03:00+02:00;492459;37;2;57;freeFlow;1
2025-07-02T19:03:00+02:00;492474;107;2;60;freeFlow;1
2025-07-02T19:03:00+02:00;492475;107;8;60;freeFlow;1
2025-07-02T19:03:00+02:00;492476;40;12;100;freeFlow;3
2025-07-02T19:03:00+02:00;492477;5;20;60;congested;1
2025-07-02T19:03:00+02:00;492479;47;14;60;freeFlow;1
2025-07-02T19:03:00+02:00;492481;30;6;55;heavy;1
2025-07-02T19:03:00+02:00;492482;68;2;100;freeFlow;3
2025-07-02T19:03:00+02:00;492483;14;13;100;congested;3
2025-07-02T19:03:00+02:00;492485;78;1;100;freeFlow;3
2025-07-02T19:03:00+02:00;492490;36;9;58;freeFlow;2
2025-07-02T19:03:00+02:00;492495;107;0;60;freeFlow;1
2025-07-02T19:03:00+02:00;492498;92;5;75;freeFlow;2
2025-07-02T19:03:00+02:00;492506;21;10;75;heavy;2
2025-07-02T19:03:00+02:00;492512;30;3;55;heavy;1
2025-07-02T19:03:00+02:00;492514;75;1;100;freeFlow;3
2025-07-02T19:03:00+02:00;492519;30;17;75;heavy;2
2025-07-02T19:03:00+02:00;492574;16;10;75;heavy;2
2025-07-02T19:03:00+02:00;492576;58;1;75;freeFlow;2
2025-07-02T19:03:00+02:00;49328_D;34;4;50;heavy;1
2025-07-02T19:03:00+02:00;49328_G;30;4;75;heavy;2
2025-07-02T19:03:00+02:00;49686_D;50;3;0;unknown;0
2025-07-02T19:03:00+02:00;49686_G;50;3;0;unknown;0
2025-07-02T19:03:00+02:00;50079_D;14;16;48;heavy;1
2025-07-02T19:03:00+02:00;50079_G;26;9;35;freeFlow;1
2025-07-02T19:03:00+02:00;50191_D;50;10;0;unknown;0
2025-07-02T19:03:00+02:00;50191_G;29;18;75;heavy;2
2025-07-02T19:03:00+02:00;50308_G;34;8;100;heavy;3
2025-07-02T19:03:00+02:00;50355_D;50;6;0;unknown;0
2025-07-02T19:03:00+02:00;50355_G;24;11;100;heavy;3
2025-07-02T19:03:00+02:00;50416_D;50;3;0;unknown;0
2025-07-02T19:03:00+02:00;50416_G;24;5;100;heavy;3
2025-07-02T19:03:00+02:00;50475;28;14;75;heavy;2
2025-07-02T19:03:00+02:00;50509;34;13;75;heavy;2
2025-07-02T19:03:00+02:00;50573_D;30;8;0;unknown;0
2025-07-02T19:03:00+02:00;50573_G;12;16;0;unknown;0
2025-07-02T19:03:00+02:00;51008;36;4;40;freeFlow;1
2025-07-02T19:03:00+02:00;51017;19;7;60;heavy;1
2025-07-02T19:03:00+02:00;51159_D;23;29;70;heavy;2
2025-07-02T19:03:00+02:00;51159_G;25;26;55;heavy;1
2025-07-02T19:03:00+02:00;51254_D;3;102;12;congested;1
2025-07-02T19:03:00+02:00;51254_G;16;18;45;heavy;1
2025-07-02T19:03:00+02:00;51323_D;50;3;0;unknown;0
2025-07-02T19:03:00+02:00;51323_G;15;12;75;heavy;2
2025-07-02T19:03:00+02:00;51437_D;26;6;57;heavy;1
2025-07-02T19:03:00+02:00;51437_G;50;3;0;unknown;0
2025-07-02T19:03:00+02:00;51455_D;38;7;58;freeFlow;1
2025-07-02T19:03:00+02:00;51455_G;50;5;0;unknown;0
2025-07-02T19:03:00+02:00;51797;52;4;48;freeFlow;1
2025-07-02T19:03:00+02:00;52130;9;23;50;congested;1
2025-07-02T19:03:00+02:00;53329_D;36;5;32;freeFlow;1
2025-07-02T19:03:00+02:00;53329_G;18;9;60;heavy;1
2025-07-02T19:03:00+02:00;53336_D;4;87;52;congested;1
2025-07-02T19:03:00+02:00;53336_G;25;15;100;heavy;4
2025-07-02T19:03:00+02:00;53411_D;13;30;12;congested;1
2025-07-02T19:03:00+02:00;53539_G;44;4;52;freeFlow;1
2025-07-02T19:03:00+02:00;53542;107;4;60;freeFlow;1
2025-07-02T19:03:00+02:00;53543;94;5;60;freeFlow;1
2025-07-02T19:03:00+02:00;53575_D;12;56;22;congested;1
2025-07-02T19:03:00+02:00;53575_G;17;37;60;heavy;1
2025-07-02T19:03:00+02:00;53656;28;3;75;heavy;2
2025-07-02T19:03:00+02:00;53660;23;15;100;heavy;3
2025-07-02T19:03:00+02:00;53663;35;4;57;freeFlow;1
2025-07-02T19:03:00+02:00;53675;33;2;100;heavy;3
2025-07-02T19:03:00+02:00;53676;33;4;100;heavy;4
2025-07-02T19:03:00+02:00;53677;46;13;100;heavy;3
2025-07-02T19:03:00+02:00;53678;28;2;60;heavy;1
2025-07-02T19:03:00+02:00;53679;36;3;60;heavy;1
2025-07-02T19:03:00+02:00;53681;56;35;60;freeFlow;1
2025-07-02T19:03:00+02:00;53721;30;2;57;heavy;1
2025-07-02T19:03:00+02:00;53885_D;22;23;75;heavy;2
2025-07-02T19:03:00+02:00;53885_G;11;45;100;congested;3
2025-07-02T19:03:00+02:00;54211;16;41;88;heavy;4
2025-07-02T19:03:00+02:00;54334_D;32;1;50;heavy;1
2025-07-02T19:03:00+02:00;54334_G;50;1;0;unknown;0
2025-07-02T19:03:00+02:00;54337;11;72;42;congested;1
2025-07-02T19:03:00+02:00;54361;28;7;60;heavy;1
2025-07-02T19:03:00+02:00;54580_G;33;17;48;heavy;1
2025-07-02T19:03:00+02:00;54707;54;8;60;freeFlow;2
2025-07-02T19:03:00+02:00;54709;23;1;42;heavy;1
2025-07-02T19:03:00+02:00;54710;23;10;42;heavy;1
2025-07-02T19:03:00+02:00;55397_D;9;7;48;congested;1
2025-07-02T19:03:00+02:00;55397_G;43;2;57;freeFlow;1
2025-07-02T19:03:00+02:00;55401;28;13;57;heavy;1
2025-07-02T19:03:00+02:00;55405;27;2;57;heavy;1
2025-07-02T19:03:00+02:00;55406;19;9;95;heavy;3
2025-07-02T19:03:00+02:00;55407;20;6;63;heavy;2
2025-07-02T19:03:00+02:00;55408;8;20;95;congested;3
2025-07-02T19:03:00+02:00;55440_D;16;11;52;heavy;1
2025-07-02T19:03:00+02:00;55440_G;33;5;75;freeFlow;2
2025-07-02T19:03:00+02:00;55443_D;40;2;52;freeFlow;1
2025-07-02T19:03:00+02:00;55443_G;7;9;75;congested;2
2025-07-02T19:03:00+02:00;55446;20;4;98;heavy;3
2025-07-02T19:03:00+02:00;55447;32;2;75;heavy;2
2025-07-02T19:03:00+02:00;55448;16;4;66;heavy;2
2025-07-02T19:03:00+02:00;55449;40;2;52;freeFlow;1
2025-07-02T19:03:00+02:00;55516;50;2;0;unknown;0
2025-07-02T19:03:00+02:00;55669;16;13;60;heavy;1
2025-07-02T19:03:00+02:00;55671;50;7;0;unknown;0
2025-07-02T19:03:00+02:00;55696;50;15;0;unknown;0
2025-07-02T19:03:00+02:00;55698;50;9;0;unknown;0
2025-07-02T19:03:00+02:00;55700;50;8;0;unknown;0
2025-07-02T19:03:00+02:00;55703;29;4;38;heavy;1
2025-07-02T19:03:00+02:00;55706;29;2;38;heavy;1
2025-07-02T19:03:00+02:00;55707;36;9;40;freeFlow;1
2025-07-02T19:03:00+02:00;55708;36;4;40;freeFlow;1
2025-07-02T19:03:00+02:00;55710;36;19;40;freeFlow;1
2025-07-02T19:03:00+02:00;55711;50;1;0;unknown;0
2025-07-02T19:03:00+02:00;55713;49;14;38;freeFlow;1
2025-07-02T19:03:00+02:00;55781_D;42;3;50;freeFlow;1
2025-07-02T19:03:00+02:00;55781_G;31;4;50;heavy;1
2025-07-02T19:03:00+02:00;55800;45;7;50;freeFlow;1
2025-07-02T19:03:00+02:00;55801;33;4;50;heavy;1
2025-07-02T19:03:00+02:00;55805;33;7;60;heavy;1
2025-07-02T19:03:00+02:00;55806;25;20;60;heavy;1
2025-07-02T19:03:00+02:00;55811;30;11;75;heavy;2
2025-07-02T19:03:00+02:00;55814;33;4;75;heavy;2
2025-07-02T19:03:00+02:00;55815;20;1;48;heavy;1
2025-07-02T19:03:00+02:00;55820;24;2;15;heavy;1
2025-07-02T19:03:00+02:00;55821;20;6;48;heavy;1
2025-07-02T19:03:00+02:00;55822;26;4;48;heavy;1
2025-07-02T19:03:00+02:00;55823;50;1;0;unknown;0
2025-07-02T19:03:00+02:00;55824;19;4;60;heavy;1
2025-07-02T19:03:00+02:00;55827;20;4;100;congested;4
2025-07-02T19:03:00+02:00;55830;27;3;100;heavy;3
2025-07-02T19:03:00+02:00;55841;32;14;60;heavy;1
2025-07-02T19:03:00+02:00;55843;50;1;0;unknown;0
2025-07-02T19:03:00+02:00;55879;38;2;75;freeFlow;2
2025-07-02T19:03:00+02:00;55883;38;2;75;freeFlow;2
2025-07-02T19:03:00+02:00;55887;43;12;75;freeFlow;2
2025-07-02T19:03:00+02:00;55888;46;13;60;freeFlow;1
2025-07-02T19:03:00+02:00;55889;26;3;100;heavy;3
2025-07-02T19:03:00+02:00;55890;25;4;100;heavy;3
2025-07-02T19:03:00+02:00;55894;27;3;75;heavy;2
2025-07-02T19:03:00+02:00;55896;19;4;75;heavy;2
2025-07-02T19:03:00+02:00;55898;36;16;60;freeFlow;1
2025-07-02T19:03:00+02:00;55899;52;7;48;freeFlow;1
2025-07-02T19:03:00+02:00;55926_D;27;8;10;heavy;1
2025-07-02T19:03:00+02:00;55926_G;50;5;0;unknown;0
2025-07-02T19:03:00+02:00;55932;50;1;0;unknown;0
2025-07-02T19:03:00+02:00;55933;30;4;10;heavy;1
2025-07-02T19:03:00+02:00;55958;6;11;67;congested;2
2025-07-02T19:03:00+02:00;55959;36;2;75;freeFlow;2
2025-07-02T19:03:00+02:00;55974;34;1;75;heavy;2
2025-07-02T19:03:00+02:00;55975;30;3;100;heavy;6
2025-07-02T19:03:00+02:00;55977;26;6;100;heavy;3
2025-07-02T19:03:00+02:00;55978;37;3;50;freeFlow;1
2025-07-02T19:03:00+02:00;55980;13;21;100;congested;4
2025-07-02T19:03:00+02:00;55981;74;4;75;freeFlow;2
2025-07-02T19:03:00+02:00;56019;28;2;75;heavy;2
2025-07-02T19:03:00+02:00;56020;50;1;0;unknown;0
2025-07-02T19:03:00+02:00;56113;30;8;57;heavy;1
2025-07-02T19:03:00+02:00;56115;28;7;60;heavy;1
2025-07-02T19:03:00+02:00;56117;42;6;60;freeFlow;1
2025-07-02T19:03:00+02:00;56118;59;1;55;freeFlow;1
2025-07-02T19:03:00+02:00;56124;50;1;60;freeFlow;1
2025-07-02T19:03:00+02:00;56125;50;1;75;freeFlow;2
2025-07-02T19:03:00+02:00;56126;29;5;60;heavy;1
2025-07-02T19:03:00+02:00;56128;30;2;57;heavy;1
2025-07-02T19:03:00+02:00;56157_D;6;63;40;congested;1
2025-07-02T19:03:00+02:00;56157_G;30;13;0;unknown;0
2025-07-02T19:03:00+02:00;56165_D;30;2;0;unknown;0
2025-07-02T19:03:00+02:00;56165_G;30;2;0;unknown;0
2025-07-02T19:03:00+02:00;56170;50;1;38;freeFlow;1
2025-07-02T19:03:00+02:00;56174;50;5;0;unknown;0
2025-07-02T19:03:00+02:00;56175;33;7;38;heavy;1
2025-07-02T19:03:00+02:00;56179;50;2;38;freeFlow;1
2025-07-02T19:03:00+02:00;56180;50;1;38;freeFlow;1
2025-07-02T19:03:00+02:00;56181;36;3;40;freeFlow;1
2025-07-02T19:03:00+02:00;56182;36;2;40;freeFlow;1
2025-07-02T19:03:00+02:00;56183;50;1;0;unknown;0
2025-07-02T19:03:00+02:00;56218_D;50;3;0;unknown;0
2025-07-02T19:03:00+02:00;56218_G;29;6;40;heavy;1
2025-07-02T19:03:00+02:00;56223;21;3;40;heavy;1
2025-07-02T19:03:00+02:00;56224;17;22;60;heavy;1
2025-07-02T19:03:00+02:00;56225;7;50;57;congested;1
2025-07-02T19:03:00+02:00;56229;27;5;57;heavy;1
2025-07-02T19:03:00+02:00;56231;28;3;57;heavy;1
2025-07-02T19:03:00+02:00;56232;29;2;97;heavy;3
2025-07-02T19:03:00+02:00;56233;50;9;0;unknown;0
2025-07-02T19:03:00+02:00;56237;30;15;42;heavy;1
2025-07-02T19:03:00+02:00;56239;59;1;60;freeFlow;1
2025-07-02T19:03:00+02:00;56247;59;0;60;freeFlow;1
2025-07-02T19:03:00+02:00;56250;26;24;48;freeFlow;1
2025-07-02T19:03:00+02:00;56251;28;23;60;freeFlow;2
2025-07-02T19:03:00+02:00;56254;59;1;60;freeFlow;1
2025-07-02T19:03:00+02:00;56255;59;1;60;freeFlow;1
2025-07-02T19:03:00+02:00;56256;21;2;61;freeFlow;2
2025-07-02T19:03:00+02:00;56258;34;4;42;freeFlow;1
2025-07-02T19:03:00+02:00;56260;59;1;60;freeFlow;1
2025-07-02T19:03:00+02:00;56261;59;1;60;freeFlow;1
2025-07-02T19:03:00+02:00;56263;59;6;60;freeFlow;1
2025-07-02T19:03:00+02:00;56264;59;7;60;freeFlow;1
2025-07-02T19:03:00+02:00;56298;59;1;60;freeFlow;1
2025-07-02T19:03:00+02:00;56300;59;0;60;freeFlow;1
2025-07-02T19:03:00+02:00;56333;33;3;75;heavy;2
2025-07-02T19:03:00+02:00;565804_D;19;23;0;unknown;0
2025-07-02T19:03:00+02:00;565804_G;35;12;75;freeFlow;2
2025-07-02T19:03:00+02:00;565852;72;2;75;freeFlow;2
2025-07-02T19:03:00+02:00;565853;87;11;38;freeFlow;1
2025-07-02T19:03:00+02:00;566240;55;2;60;freeFlow;1
2025-07-02T19:03:00+02:00;566445_D;30;2;0;unknown;0
2025-07-02T19:03:00+02:00;566445_G;30;3;0;unknown;0
2025-07-02T19:03:00+02:00;566456_D;30;22;0;unknown;0
2025-07-02T19:03:00+02:00;566456_G;30;22;0;unknown;0
2025-07-02T19:03:00+02:00;566457;50;1;38;freeFlow;1
2025-07-02T19:03:00+02:00;566465_D;30;10;0;unknown;0
2025-07-02T19:03:00+02:00;566465_G;30;10;0;unknown;0
2025-07-02T19:03:00+02:00;56675_D;37;4;45;freeFlow;1
2025-07-02T19:03:00+02:00;56675_G;27;6;60;heavy;1
2025-07-02T19:03:00+02:00;566941;24;4;75;heavy;2
2025-07-02T19:03:00+02:00;56871_D;50;3;0;unknown;0
2025-07-02T19:03:00+02:00;56871_G;50;3;0;unknown;0
2025-07-02T19:03:00+02:00;56908_D;17;24;60;heavy;1
2025-07-02T19:03:00+02:00;56908_G;23;16;22;heavy;1
2025-07-02T19:03:00+02:00;56925;26;135;100;congested;15
2025-07-02T19:03:00+02:00;56944_D;42;7;50;freeFlow;1
2025-07-02T19:03:00+02:00;56944_G;29;10;75;freeFlow;2
2025-07-02T19:03:00+02:00;56945_D;29;8;50;freeFlow;1
2025-07-02T19:03:00+02:00;56945_G;34;6;75;freeFlow;2
2025-07-02T19:03:00+02:00;57082_G;17;16;60;heavy;1
2025-07-02T19:03:00+02:00;57083_D;52;8;22;freeFlow;1
2025-07-02T19:03:00+02:00;57083_G;17;29;60;heavy;1
2025-07-02T19:03:00+02:00;59724;20;8;98;heavy;3
2025-07-02T19:03:00+02:00;59750_D;50;5;0;unknown;0
2025-07-02T19:03:00+02:00;59750_G;26;8;100;heavy;3
2025-07-02T19:03:00+02:00;59835_D;10;20;60;congested;1
2025-07-02T19:03:00+02:00;59835_G;50;4;0;unknown;0
2025-07-02T19:03:00+02:00;59836;50;2;60;freeFlow;1
2025-07-02T19:03:00+02:00;59837;52;1;73;freeFlow;2
2025-07-02T19:03:00+02:00;59838;9;13;55;congested;1
2025-07-02T19:03:00+02:00;62559_D;27;11;49;heavy;1
2025-07-02T19:03:00+02:00;62559_G;29;11;55;heavy;1
2025-07-02T19:03:00+02:00;62560;43;6;42;freeFlow;1
2025-07-02T19:03:00+02:00;62565_D;35;2;48;freeFlow;1
2025-07-02T19:03:00+02:00;62565_G;29;2;55;heavy;1
2025-07-02T19:03:00+02:00;62831_D;45;1;45;freeFlow;1
2025-07-02T19:03:00+02:00;62831_G;18;2;60;heavy;1
2025-07-02T19:03:00+02:00;62832_D;45;1;45;freeFlow;1
2025-07-02T19:03:00+02:00;62832_G;18;3;60;heavy;1
2025-07-02T19:03:00+02:00;63045_D;18;8;60;heavy;1
2025-07-02T19:03:00+02:00;63045_G;30;5;0;unknown;0
2025-07-02T19:03:00+02:00;63053_D;42;5;50;freeFlow;1
2025-07-02T19:03:00+02:00;63053_G;27;8;75;heavy;2
2025-07-02T19:03:00+02:00;63899;75;23;100;freeFlow;9
2025-07-02T19:03:00+02:00;63934;41;2;60;freeFlow;1
2025-07-02T19:03:00+02:00;63935;46;9;75;freeFlow;2
2025-07-02T19:03:00+02:00;63936;20;25;55;heavy;1
2025-07-02T19:03:00+02:00;63939;8;76;95;congested;3
2025-07-02T19:03:00+02:00;63940;26;3;60;heavy;1
2025-07-02T19:03:00+02:00;63941;24;2;60;heavy;1
2025-07-02T19:03:00+02:00;63942;40;1;60;freeFlow;1
2025-07-02T19:03:00+02:00;63943;38;2;60;freeFlow;1
2025-07-02T19:03:00+02:00;63944;33;5;52;heavy;1
2025-07-02T19:03:00+02:00;63947;41;3;40;freeFlow;1
2025-07-02T19:03:00+02:00;63950;41;1;40;freeFlow;1
2025-07-02T19:03:00+02:00;63951;50;2;0;unknown;0
2025-07-02T19:03:00+02:00;63952;17;1;52;heavy;1
2025-07-02T19:03:00+02:00;63953;33;2;52;heavy;1
2025-07-02T19:03:00+02:00;63970;50;19;57;freeFlow;1
2025-07-02T19:03:00+02:00;63973;16;7;60;heavy;1
2025-07-02T19:03:00+02:00;64032;89;11;60;freeFlow;1
2025-07-02T19:03:00+02:00;64061_D;89;3;57;freeFlow;1
2025-07-02T19:03:00+02:00;64061_G;9;37;75;congested;2
2025-07-02T19:03:00+02:00;64637_D;38;11;75;freeFlow;2
2025-07-02T19:03:00+02:00;64637_G;2;179;100;congested;3
2025-07-02T19:03:00+02:00;65310;50;6;0;unknown;0
2025-07-02T19:03:00+02:00;65313;50;6;0;unknown;0
2025-07-02T19:03:00+02:00;65682;21;56;75;heavy;2
2025-07-02T19:03:00+02:00;66421;30;3;57;heavy;1
2025-07-02T19:03:00+02:00;66442;50;4;0;unknown;0
2025-07-02T19:03:00+02:00;66782;12;30;50;congested;1
2025-07-02T19:03:00+02:00;67066;40;8;50;freeFlow;1
2025-07-02T19:03:00+02:00;67097_D;53;6;20;freeFlow;1
2025-07-02T19:03:00+02:00;67097_G;17;21;60;heavy;1
2025-07-02T19:03:00+02:00;69381_D;35;8;45;heavy;1
2025-07-02T19:03:00+02:00;69381_G;21;15;60;heavy;1
2025-07-02T19:03:00+02:00;72487_G;80;31;0;unknown;0
2025-07-02T19:03:00+02:00;72614;50;2;0;unknown;0
2025-07-02T19:03:00+02:00;72621;7;54;75;congested;2
2025-07-02T19:03:00+02:00;72624;31;11;60;heavy;1
2025-07-02T19:03:00+02:00;72628;34;1;60;heavy;1
2025-07-02T19:03:00+02:00;74283_D;28;27;75;heavy;2
2025-07-02T19:03:00+02:00;74283_G;10;80;75;congested;2
2025-07-02T19:03:00+02:00;75387;49;1;75;freeFlow;2
2025-07-02T19:03:00+02:00;75631;49;6;98;freeFlow;3
2025-07-02T19:03:00+02:00;75818_D;41;3;40;freeFlow;1
2025-07-02T19:03:00+02:00;75818_G;33;3;52;heavy;1
2025-07-02T19:03:00+02:00;75820;89;22;100;freeFlow;6
2025-07-02T19:03:00+02:00;75824;94;5;75;freeFlow;2
2025-07-02T19:03:00+02:00;75825;49;9;100;heavy;8
2025-07-02T19:03:00+02:00;75828;72;10;75;freeFlow;2
2025-07-02T19:03:00+02:00;75829;24;28;75;heavy;2
2025-07-02T19:03:00+02:00;75832;46;3;100;freeFlow;6
2025-07-02T19:03:00+02:00;75833;55;4;100;freeFlow;4
2025-07-02T19:03:00+02:00;75835;65;2;100;freeFlow;3
2025-07-02T19:03:00+02:00;75836;72;14;100;freeFlow;5
2025-07-02T19:03:00+02:00;75837;62;7;100;freeFlow;7
2025-07-02T19:03:00+02:00;75838;75;3;100;freeFlow;4
2025-07-02T19:03:00+02:00;75839;42;4;60;freeFlow;1
2025-07-02T19:03:00+02:00;75840;51;4;75;freeFlow;2
2025-07-02T19:03:00+02:00;75845;31;4;100;heavy;3
2025-07-02T19:03:00+02:00;75846;38;8;100;heavy;3
2025-07-02T19:03:00+02:00;75847;33;18;100;heavy;3
2025-07-02T19:03:00+02:00;75848;22;10;75;heavy;2
2025-07-02T19:03:00+02:00;75849;32;7;73;heavy;2
2025-07-02T19:03:00+02:00;75850;34;5;73;heavy;2
2025-07-02T19:03:00+02:00;75851;11;17;75;congested;2
2025-07-02T19:03:00+02:00;75853;55;1;75;freeFlow;2
2025-07-02T19:03:00+02:00;75854;55;4;75;freeFlow;2
2025-07-02T19:03:00+02:00;75856;35;4;100;heavy;3
2025-07-02T19:03:00+02:00;75897;55;17;100;heavy;3
2025-07-02T19:03:00+02:00;9128;51;54;100;heavy;13
2025-07-02T19:03:00+02:00;9130;27;28;75;heavy;2
2025-07-02T19:03:00+02:00;9131;60;11;100;heavy;5
2025-07-02T19:03:00+02:00;9132;57;36;100;heavy;7
2025-07-02T19:03:00+02:00;9146;70;5;100;freeFlow;8
2025-07-02T19:03:00+02:00;9178;68;17;100;freeFlow;4
2025-07-02T19:03:00+02:00;9179;29;62;100;heavy;11
2025-07-02T19:03:00+02:00;9180;93;20;100;freeFlow;5
2025-07-02T19:03:00+02:00;9181;67;14;75;freeFlow;2
2025-07-02T19:03:00+02:00;9182;68;3;52;freeFlow;1
2025-07-02T19:03:00+02:00;9183;90;5;97;freeFlow;3
2025-07-02T19:03:00+02:00;9184;56;12;52;heavy;1
2025-07-02T19:03:00+02:00;9245;79;90;100;freeFlow;9
2025-07-02T19:03:00+02:00;9246;101;117;100;freeFlow;12
2025-07-02T19:03:00+02:00;9380_D;43;42;60;heavy;1
2025-07-02T19:03:00+02:00;9380_G;10;185;53;congested;1
2025-07-02T19:03:00+02:00;9389;35;3;12;heavy;1
2025-07-02T19:03:00+02:00;9390;80;1;0;unknown;0
2025-07-02T19:03:00+02:00;9391;35;2;12;heavy;1
2025-07-02T19:03:00+02:00;9392;35;3;12;heavy;1
2025-07-02T19:03:00+02:00;1677832;5;66;51;congested;2
2025-07-02T19:03:00+02:00;1679085_D;24;4;75;heavy;2
2025-07-02T19:03:00+02:00;1679085_G;29;3;30;heavy;1
2025-07-02T19:03:00+02:00;1679794;22;3;30;heavy;1
2025-07-02T19:03:00+02:00;1679795_G;15;5;30;heavy;1
2025-07-02T19:03:00+02:00;1679796;23;2;30;heavy;1
2025-07-02T19:03:00+02:00;1679797_D;50;6;0;unknown;0
2025-07-02T19:03:00+02:00;1679797_G;50;6;0;unknown;0
2025-07-02T19:03:00+02:00;1679798;29;2;30;heavy;1
2025-07-02T19:03:00+02:00;1679800;24;4;75;heavy;2
2025-07-02T19:03:00+02:00;1680335;13;23;57;congested;2
2025-07-02T19:03:00+02:00;1680340;18;6;45;heavy;1
2025-07-02T19:03:00+02:00;213972_D;44;6;75;freeFlow;2
2025-07-02T19:03:00+02:00;213972_G;50;5;0;unknown;0
2025-07-02T19:03:00+02:00;213973_D;39;10;75;freeFlow;2
2025-07-02T19:03:00+02:00;213973_G;37;10;0;unknown;0
2025-07-02T19:03:00+02:00;213974_D;46;4;60;freeFlow;1
2025-07-02T19:03:00+02:00;213974_G;50;4;0;unknown;0
2025-07-02T19:03:00+02:00;26521;87;63;60;freeFlow;1
2025-07-02T19:03:00+02:00;26522;84;40;100;freeFlow;7
2025-07-02T19:03:00+02:00;31304_G;40;28;57;freeFlow;1
2025-07-02T19:03:00+02:00;31328;77;12;60;freeFlow;1
2025-07-02T19:03:00+02:00;31441;106;32;100;freeFlow;3
2025-07-02T19:03:00+02:00;31535;62;12;60;freeFlow;1
2025-07-02T19:03:00+02:00;31552;90;8;100;freeFlow;4
2025-07-02T19:03:00+02:00;31555;74;11;60;freeFlow;1
2025-07-02T19:03:00+02:00;43014_D;7;31;42;congested;1
2025-07-02T19:03:00+02:00;43014_G;26;7;72;heavy;2
2025-07-02T19:03:00+02:00;43105_D;1;177;15;congested;1
2025-07-02T19:03:00+02:00;43105_G;4;61;27;congested;1
2025-07-02T19:03:00+02:00;43118_D;6;97;65;congested;2
2025-07-02T19:03:00+02:00;43118_G;9;60;70;congested;2
2025-07-02T19:03:00+02:00;43124_D;8;48;75;congested;3
2025-07-02T19:03:00+02:00;43124_G;27;14;52;freeFlow;1
2025-07-02T19:03:00+02:00;43125_D;8;31;68;congested;3
2025-07-02T19:03:00+02:00;43125_G;32;8;52;freeFlow;1
2025-07-02T19:03:00+02:00;43126_D;10;50;63;heavy;2
2025-07-02T19:03:00+02:00;43126_G;26;19;73;freeFlow;2
2025-07-02T19:03:00+02:00;43147_D;7;38;38;congested;1
2025-07-02T19:03:00+02:00;43147_G;32;8;52;freeFlow;1
2025-07-02T19:03:00+02:00;43336_D;50;6;0;unknown;0
2025-07-02T19:03:00+02:00;43336_G;50;6;0;unknown;0
2025-07-02T19:03:00+02:00;43337_D;5;92;35;congested;1
2025-07-02T19:03:00+02:00;43337_G;8;53;50;congested;1
2025-07-02T19:03:00+02:00;43338_D;50;4;0;unknown;0
2025-07-02T19:03:00+02:00;43338_G;50;4;0;unknown;0
2025-07-02T19:03:00+02:00;43339_D;50;5;0;unknown;0
2025-07-02T19:03:00+02:00;43339_G;50;5;0;unknown;0
2025-07-02T19:03:00+02:00;43340_D;50;1;0;unknown;0
2025-07-02T19:03:00+02:00;43340_G;50;1;0;unknown;0
2025-07-02T19:03:00+02:00;43341_D;50;4;0;unknown;0
2025-07-02T19:03:00+02:00;43341_G;50;4;0;unknown;0
2025-07-02T19:03:00+02:00;43342_D;50;2;0;unknown;0
2025-07-02T19:03:00+02:00;43342_G;50;2;0;unknown;0
2025-07-02T19:03:00+02:00;43343_D;50;7;0;unknown;0
2025-07-02T19:03:00+02:00;43343_G;50;7;0;unknown;0
2025-07-02T19:03:00+02:00;43345_D;35;8;55;freeFlow;1
2025-07-02T19:03:00+02:00;43345_G;26;11;0;unknown;0
2025-07-02T19:03:00+02:00;43347_D;33;4;55;freeFlow;1
2025-07-02T19:03:00+02:00;43347_G;30;5;0;unknown;0
2025-07-02T19:03:00+02:00;43352_D;23;21;38;freeFlow;1
2025-07-02T19:03:00+02:00;43353_D;2;127;45;congested;1
2025-07-02T19:03:00+02:00;43353_G;30;10;0;unknown;0
2025-07-02T19:03:00+02:00;43377_D;30;16;0;unknown;0
2025-07-02T19:03:00+02:00;43377_G;30;16;0;unknown;0
2025-07-02T19:03:00+02:00;43379_D;37;6;55;freeFlow;1
2025-07-02T19:03:00+02:00;43379_G;30;7;0;unknown;0
2025-07-02T19:03:00+02:00;43413_D;26;7;55;freeFlow;1
2025-07-02T19:03:00+02:00;43413_G;27;7;48;freeFlow;1
2025-07-02T19:03:00+02:00;43474_D;29;5;75;heavy;2
2025-07-02T19:03:00+02:00;43474_G;15;9;45;heavy;2
2025-07-02T19:03:00+02:00;43615_D;21;3;75;freeFlow;2
2025-07-02T19:03:00+02:00;43615_G;22;3;45;freeFlow;2
2025-07-02T19:03:00+02:00;43743_D;50;25;0;unknown;0
2025-07-02T19:03:00+02:00;43746;30;7;0;unknown;0
2025-07-02T19:03:00+02:00;43747;30;14;0;unknown;0
2025-07-02T19:03:00+02:00;43751;20;28;63;heavy;2
2025-07-02T19:03:00+02:00;43774_D;3;59;25;congested;2
2025-07-02T19:03:00+02:00;43774_G;7;27;70;congested;2
2025-07-02T19:03:00+02:00;43775_D;30;13;35;heavy;1
2025-07-02T19:03:00+02:00;43775_G;15;26;49;congested;2
2025-07-02T19:03:00+02:00;43826_D;28;10;40;heavy;1
2025-07-02T19:03:00+02:00;43826_G;3;79;55;congested;1
2025-07-02T19:03:00+02:00;43971;32;21;50;heavy;1
2025-07-02T19:03:00+02:00;43973;25;10;100;heavy;3
2025-07-02T19:03:00+02:00;44003_G;58;7;40;freeFlow;1
2025-07-02T19:03:00+02:00;44004_D;42;26;60;freeFlow;1
2025-07-02T19:03:00+02:00;44004_G;38;29;60;freeFlow;1
2025-07-02T19:03:00+02:00;44017_G;27;6;45;heavy;2
2025-07-02T19:03:00+02:00;44018_G;38;15;43;freeFlow;2
2025-07-02T19:03:00+02:00;44037_D;25;7;75;heavy;2
2025-07-02T19:03:00+02:00;44037_G;29;6;30;heavy;1
2025-07-02T19:03:00+02:00;44851_D;44;12;100;freeFlow;4
2025-07-02T19:03:00+02:00;44851_G;20;27;50;heavy;1
2025-07-02T19:03:00+02:00;44852_D;26;18;100;heavy;4
2025-07-02T19:03:00+02:00;44852_G;47;10;50;freeFlow;1
2025-07-02T19:03:00+02:00;44854_D;16;5;100;heavy;3
2025-07-02T19:03:00+02:00;44854_G;50;1;0;unknown;0
2025-07-02T19:03:00+02:00;44855_D;24;15;75;heavy;2
2025-07-02T19:03:00+02:00;44855_G;36;10;0;unknown;0
2025-07-02T19:03:00+02:00;44879;45;29;100;heavy;3
2025-07-02T19:03:00+02:00;44897_D;41;6;75;freeFlow;2
2025-07-02T19:03:00+02:00;44897_G;20;12;0;unknown;0
2025-07-02T19:03:00+02:00;44901;80;19;60;freeFlow;1
2025-07-02T19:03:00+02:00;44939;90;46;100;freeFlow;7
2025-07-02T19:03:00+02:00;45135_D;27;2;55;heavy;1
2025-07-02T19:03:00+02:00;45135_G;21;3;57;heavy;2
2025-07-02T19:03:00+02:00;45136_G;31;26;75;heavy;2
2025-07-02T19:03:00+02:00;45137_D;58;1;55;freeFlow;1
2025-07-02T19:03:00+02:00;45137_G;35;2;75;heavy;2
2025-07-02T19:03:00+02:00;45146;11;38;55;congested;1
2025-07-02T19:03:00+02:00;45147_D;18;3;60;heavy;1
2025-07-02T19:03:00+02:00;45147_G;27;1;60;heavy;1
2025-07-02T19:03:00+02:00;45153;18;22;75;heavy;2
2025-07-02T19:03:00+02:00;45155;16;48;66;heavy;2
2025-07-02T19:03:00+02:00;45213;12;40;98;congested;3
2025-07-02T19:03:00+02:00;45214;44;6;22;freeFlow;1
2025-07-02T19:03:00+02:00;45232;46;36;65;freeFlow;2
2025-07-02T19:03:00+02:00;45233;29;4;45;heavy;1
2025-07-02T19:03:00+02:00;45236_D;57;11;60;freeFlow;1
2025-07-02T19:03:00+02:00;45242;71;16;100;freeFlow;5
2025-07-02T19:03:00+02:00;45246;90;28;60;freeFlow;1
2025-07-02T19:03:00+02:00;45247;50;19;42;freeFlow;1
2025-07-02T19:03:00+02:00;47742_G;9;23;30;congested;1
2025-07-02T19:03:00+02:00;47744;50;41;60;freeFlow;1
2025-07-02T19:03:00+02:00;48725;56;1;27;freeFlow;1
2025-07-02T19:03:00+02:00;48736;57;1;30;freeFlow;1
2025-07-02T19:03:00+02:00;48738;29;2;35;heavy;1
2025-07-02T19:03:00+02:00;48746;54;7;35;freeFlow;1
2025-07-02T19:03:00+02:00;48751;37;2;0;unknown;0
2025-07-02T19:03:00+02:00;48752;37;2;0;unknown;0
2025-07-02T19:03:00+02:00;48753;25;3;75;heavy;2
2025-07-02T19:03:00+02:00;48754;26;3;75;heavy;2
2025-07-02T19:03:00+02:00;48764;22;3;75;heavy;2
2025-07-02T19:03:00+02:00;48765;37;6;60;freeFlow;1
2025-07-02T19:03:00+02:00;48796;19;27;58;heavy;2
2025-07-02T19:03:00+02:00;48915_D;50;2;0;unknown;0
2025-07-02T19:03:00+02:00;48915_G;40;3;57;freeFlow;1
2025-07-02T19:03:00+02:00;48916;31;6;35;heavy;1
2025-07-02T19:03:00+02:00;48953_D;45;25;55;freeFlow;1
2025-07-02T19:03:00+02:00;48953_G;21;56;60;heavy;1
2025-07-02T19:03:00+02:00;48993_D;24;15;55;heavy;1
2025-07-02T19:03:00+02:00;48993_G;50;7;0;unknown;0
2025-07-02T19:03:00+02:00;49042_D;41;1;75;freeFlow;2
2025-07-02T19:03:00+02:00;49042_G;50;1;0;unknown;0
2025-07-02T19:03:00+02:00;50035_D;29;3;75;heavy;2
2025-07-02T19:03:00+02:00;50035_G;29;3;30;heavy;1
2025-07-02T19:03:00+02:00;50087;19;14;55;heavy;1
2025-07-02T19:03:00+02:00;50107_D;50;11;0;unknown;0
2025-07-02T19:03:00+02:00;50107_G;32;16;56;heavy;2
2025-07-02T19:03:00+02:00;52835_G;38;4;60;freeFlow;1
2025-07-02T19:03:00+02:00;52850_D;25;5;42;heavy;1
2025-07-02T19:03:00+02:00;52850_G;22;7;60;heavy;1
2025-07-02T19:03:00+02:00;52878;53;3;52;freeFlow;1
2025-07-02T19:03:00+02:00;53020_G;34;3;43;heavy;2
2025-07-02T19:03:00+02:00;53130_D;50;5;0;unknown;0
2025-07-02T19:03:00+02:00;53130_G;26;10;25;heavy;1
2025-07-02T19:03:00+02:00;53375_D;4;24;48;congested;1
2025-07-02T19:03:00+02:00;53375_G;30;3;0;unknown;0
2025-07-02T19:03:00+02:00;53427;68;63;100;freeFlow;7
2025-07-02T19:03:00+02:00;53988;83;3;60;freeFlow;1
2025-07-02T19:03:00+02:00;53989;37;2;15;freeFlow;1
2025-07-02T19:03:00+02:00;53992_D;47;9;57;freeFlow;1
2025-07-02T19:03:00+02:00;53992_G;17;24;60;heavy;1
2025-07-02T19:03:00+02:00;53995;22;3;60;heavy;1
2025-07-02T19:03:00+02:00;53997;30;2;57;heavy;1
2025-07-02T19:03:00+02:00;53999;43;1;57;freeFlow;1
2025-07-02T19:03:00+02:00;54130;56;28;52;freeFlow;1
2025-07-02T19:03:00+02:00;54136;56;3;60;freeFlow;1
2025-07-02T19:03:00+02:00;54219;38;14;75;freeFlow;2
2025-07-02T19:03:00+02:00;54222;10;62;100;congested;3
2025-07-02T19:03:00+02:00;54235;53;9;75;freeFlow;2
2025-07-02T19:03:00+02:00;54300;20;19;100;heavy;3
2025-07-02T19:03:00+02:00;54304_D;34;6;55;heavy;1
2025-07-02T19:03:00+02:00;54304_G;5;40;88;congested;3
2025-07-02T19:03:00+02:00;54309;14;63;100;congested;3
2025-07-02T19:03:00+02:00;54345;25;5;75;heavy;2
2025-07-02T19:03:00+02:00;54352;24;14;100;heavy;3
2025-07-02T19:03:00+02:00;54353;29;5;100;heavy;3
2025-07-02T19:03:00+02:00;54356;44;19;60;freeFlow;1
2025-07-02T19:03:00+02:00;54357;20;13;92;heavy;3
2025-07-02T19:03:00+02:00;54370;50;4;0;unknown;0
2025-07-02T19:03:00+02:00;54373;20;9;57;heavy;1
2025-07-02T19:03:00+02:00;54374;28;7;57;heavy;1
2025-07-02T19:03:00+02:00;54377;105;10;40;freeFlow;1
2025-07-02T19:03:00+02:00;54396;20;12;71;heavy;2
2025-07-02T19:03:00+02:00;54397;27;22;73;heavy;2
2025-07-02T19:03:00+02:00;54468;50;3;22;freeFlow;1
2025-07-02T19:03:00+02:00;54470;46;6;60;freeFlow;1
2025-07-02T19:03:00+02:00;56022;34;4;60;heavy;1
2025-07-02T19:03:00+02:00;56598;36;1;60;freeFlow;1
2025-07-02T19:03:00+02:00;56676_D;20;11;75;heavy;2
2025-07-02T19:03:00+02:00;56868;23;8;52;heavy;1
2025-07-02T19:03:00+02:00;56869;34;4;45;heavy;1
2025-07-02T19:03:00+02:00;56894;46;5;60;freeFlow;1
2025-07-02T19:03:00+02:00;56895;39;29;60;freeFlow;1
2025-07-02T19:03:00+02:00;56896;39;4;75;freeFlow;2
2025-07-02T19:03:00+02:00;56901;66;33;52;freeFlow;1
2025-07-02T19:03:00+02:00;60284;27;45;100;heavy;3
2025-07-02T19:03:00+02:00;63409_D;23;5;55;heavy;1
2025-07-02T19:03:00+02:00;63409_G;50;2;0;unknown;0
2025-07-02T19:03:00+02:00;66896;21;15;75;heavy;2
2025-07-02T19:03:00+02:00;69440;38;6;60;freeFlow;1
2025-07-02T19:03:00+02:00;69442;27;15;60;heavy;1
2025-07-02T19:03:00+02:00;75868;92;8;100;freeFlow;7
2025-07-02T19:03:00+02:00;75908;21;49;58;heavy;2
2025-07-02T19:03:00+02:00;75909;6;170;73;congested;2
2025-07-02T19:03:00+02:00;44943;24;26;60;freeFlow;1
2025-07-02T19:03:00+02:00;47063;18;34;75;heavy;2
2025-07-02T19:03:00+02:00;71455_G;50;3;0;unknown;0
2025-07-02T19:03:00+02:00;75831;60;15;60;freeFlow;1