datetime;predefinedLocationReference;averageVehicleSpeed;travelTime;travelTimeReliability;trafficStatus;vehicleProbeMeasurement
2025-07-02T08:03:00+02:00;10273_D;66;11;100;freeFlow;3
2025-07-02T08:03:00+02:00;10273_G;79;9;32;freeFlow;1
2025-07-02T08:03:00+02:00;10274_D;48;13;100;heavy;3
2025-07-02T08:03:00+02:00;10274_G;84;8;30;freeFlow;1
2025-07-02T08:03:00+02:00;10275_D;55;18;75;freeFlow;2
2025-07-02T08:03:00+02:00;10275_G;82;12;30;freeFlow;1
2025-07-02T08:03:00+02:00;10277_D;71;22;75;freeFlow;2
2025-07-02T08:03:00+02:00;10277_G;77;20;30;freeFlow;1
2025-07-02T08:03:00+02:00;10279_D;71;14;75;freeFlow;2
2025-07-02T08:03:00+02:00;10279_G;78;13;30;freeFlow;1
2025-07-02T08:03:00+02:00;10281_D;72;19;100;freeFlow;3
2025-07-02T08:03:00+02:00;10281_G;78;18;30;freeFlow;1
2025-07-02T08:03:00+02:00;10315_D;66;8;100;freeFlow;3
2025-07-02T08:03:00+02:00;10315_G;80;7;32;freeFlow;1
2025-07-02T08:03:00+02:00;11579_D;65;4;75;freeFlow;2
2025-07-02T08:03:00+02:00;11579_G;80;3;0;unknown;0
2025-07-02T08:03:00+02:00;11652;73;19;100;freeFlow;5
2025-07-02T08:03:00+02:00;11654;58;2;100;freeFlow;6
2025-07-02T08:03:00+02:00;11777_D;54;1;75;freeFlow;2
2025-07-02T08:03:00+02:00;11777_G;21;3;60;congested;1
2025-07-02T08:03:00+02:00;11781_D;47;2;60;freeFlow;1
2025-07-02T08:03:00+02:00;11781_G;30;3;0;unknown;0
2025-07-02T08:03:00+02:00;11784_D;45;1;60;freeFlow;1
2025-07-02T08:03:00+02:00;11784_G;30;2;0;unknown;0
2025-07-02T08:03:00+02:00;11785_D;30;1;75;freeFlow;2
2025-07-02T08:03:00+02:00;11785_G;30;1;0;unknown;0
2025-07-02T08:03:00+02:00;12060_D;63;11;100;freeFlow;3
2025-07-02T08:03:00+02:00;12060_G;82;9;32;freeFlow;1
2025-07-02T08:03:00+02:00;1242_D;67;2;27;freeFlow;1
2025-07-02T08:03:00+02:00;1242_G;10;12;60;congested;1
2025-07-02T08:03:00+02:00;1285_D;79;1;27;freeFlow;1
2025-07-02T08:03:00+02:00;1285_G;26;2;60;heavy;1
2025-07-02T08:03:00+02:00;13514;47;4;60;heavy;1
2025-07-02T08:03:00+02:00;13515;37;4;73;heavy;2
2025-07-02T08:03:00+02:00;13516;95;1;38;freeFlow;1
2025-07-02T08:03:00+02:00;13549_D;47;8;60;heavy;1
2025-07-02T08:03:00+02:00;13549_G;74;5;60;freeFlow;1
2025-07-02T08:03:00+02:00;13557_D;38;10;70;heavy;2
2025-07-02T08:03:00+02:00;13557_G;53;7;60;heavy;1
2025-07-02T08:03:00+02:00;14364;105;20;100;freeFlow;4
2025-07-02T08:03:00+02:00;14365;111;18;100;freeFlow;4
2025-07-02T08:03:00+02:00;15029_D;26;95;100;heavy;3
2025-07-02T08:03:00+02:00;15029_G;71;34;75;freeFlow;2
2025-07-02T08:03:00+02:00;15062;29;5;75;heavy;2
2025-07-02T08:03:00+02:00;15063;22;7;100;congested;5
2025-07-02T08:03:00+02:00;15064;27;5;100;heavy;4
2025-07-02T08:03:00+02:00;15065;29;6;63;heavy;2
2025-07-02T08:03:00+02:00;15066;28;5;100;heavy;4
2025-07-02T08:03:00+02:00;15067_D;75;56;35;freeFlow;1
2025-07-02T08:03:00+02:00;15067_G;55;77;88;heavy;4
2025-07-02T08:03:00+02:00;15104_D;69;57;38;freeFlow;1
2025-07-02T08:03:00+02:00;15104_G;75;53;75;freeFlow;2
2025-07-02T08:03:00+02:00;15111;112;3;100;freeFlow;4
2025-07-02T08:03:00+02:00;15113;31;6;55;heavy;1
2025-07-02T08:03:00+02:00;15114;38;4;55;heavy;1
2025-07-02T08:03:00+02:00;15117;35;4;52;heavy;1
2025-07-02T08:03:00+02:00;15118;27;4;52;heavy;1
2025-07-02T08:03:00+02:00;15119;22;8;52;congested;1
2025-07-02T08:03:00+02:00;15120;44;4;98;heavy;3
2025-07-02T08:03:00+02:00;15121;12;9;75;congested;2
2025-07-02T08:03:00+02:00;15122;30;6;60;heavy;1
2025-07-02T08:03:00+02:00;15124_D;41;21;55;heavy;1
2025-07-02T08:03:00+02:00;15124_G;37;23;59;heavy;1
2025-07-02T08:03:00+02:00;15549_D;40;1;38;freeFlow;1
2025-07-02T08:03:00+02:00;15549_G;50;1;0;unknown;0
2025-07-02T08:03:00+02:00;15550;40;1;60;heavy;1
2025-07-02T08:03:00+02:00;15551;96;118;100;freeFlow;7
2025-07-02T08:03:00+02:00;1601768;33;12;53;heavy;2
2025-07-02T08:03:00+02:00;1601771;26;10;70;heavy;2
2025-07-02T08:03:00+02:00;1601787;30;3;66;heavy;2
2025-07-02T08:03:00+02:00;1601792;16;3;60;heavy;1
2025-07-02T08:03:00+02:00;1601794_D;32;4;60;freeFlow;1
2025-07-02T08:03:00+02:00;1601794_G;53;2;60;freeFlow;1
2025-07-02T08:03:00+02:00;1601795;29;17;60;freeFlow;1
2025-07-02T08:03:00+02:00;1601797;53;10;60;freeFlow;1
2025-07-02T08:03:00+02:00;1601798;53;2;71;freeFlow;2
2025-07-02T08:03:00+02:00;1601799;53;1;60;freeFlow;1
2025-07-02T08:03:00+02:00;1601807;41;3;100;freeFlow;8
2025-07-02T08:03:00+02:00;1601808;49;20;100;freeFlow;4
2025-07-02T08:03:00+02:00;1601810;34;28;100;heavy;6
2025-07-02T08:03:00+02:00;1601812;53;3;97;freeFlow;3
2025-07-02T08:03:00+02:00;1601813_D;56;23;60;freeFlow;1
2025-07-02T08:03:00+02:00;1601813_G;40;31;75;freeFlow;2
2025-07-02T08:03:00+02:00;1601814;56;3;60;freeFlow;1
2025-07-02T08:03:00+02:00;1601815;50;3;100;freeFlow;6
2025-07-02T08:03:00+02:00;1601819;35;2;100;freeFlow;4
2025-07-02T08:03:00+02:00;1601824;50;3;100;freeFlow;3
2025-07-02T08:03:00+02:00;1601898;84;18;100;freeFlow;5
2025-07-02T08:03:00+02:00;1601931_D;50;5;0;unknown;0
2025-07-02T08:03:00+02:00;1601931_G;45;6;60;freeFlow;1
2025-07-02T08:03:00+02:00;1602158_D;50;1;0;unknown;0
2025-07-02T08:03:00+02:00;1602158_G;18;2;60;heavy;1
2025-07-02T08:03:00+02:00;1602398;45;1;75;freeFlow;2
2025-07-02T08:03:00+02:00;1626;54;46;100;heavy;14
2025-07-02T08:03:00+02:00;1627;48;4;100;freeFlow;5
2025-07-02T08:03:00+02:00;1628;31;4;55;heavy;2
2025-07-02T08:03:00+02:00;1629;30;4;100;heavy;8
2025-07-02T08:03:00+02:00;1630;40;3;100;freeFlow;11
2025-07-02T08:03:00+02:00;1631;68;1;100;freeFlow;4
2025-07-02T08:03:00+02:00;1632;59;32;100;heavy;5
2025-07-02T08:03:00+02:00;1633;75;11;60;freeFlow;1
2025-07-02T08:03:00+02:00;1639;42;7;100;heavy;10
2025-07-02T08:03:00+02:00;16647_D;74;62;100;freeFlow;3
2025-07-02T08:03:00+02:00;16647_G;74;61;32;freeFlow;2
2025-07-02T08:03:00+02:00;16648_D;79;9;100;freeFlow;3
2025-07-02T08:03:00+02:00;16648_G;80;9;60;freeFlow;1
2025-07-02T08:03:00+02:00;16695_D;74;39;60;freeFlow;1
2025-07-02T08:03:00+02:00;16695_G;44;64;60;heavy;1
2025-07-02T08:03:00+02:00;16701;30;3;52;heavy;1
2025-07-02T08:03:00+02:00;16702;8;12;42;congested;1
2025-07-02T08:03:00+02:00;16707_D;11;3;42;congested;1
2025-07-02T08:03:00+02:00;16707_G;30;1;52;heavy;1
2025-07-02T08:03:00+02:00;16744;42;3;100;heavy;3
2025-07-02T08:03:00+02:00;16745;41;3;100;heavy;3
2025-07-02T08:03:00+02:00;16746;30;4;60;heavy;1
2025-07-02T08:03:00+02:00;16747;37;5;100;heavy;4
2025-07-02T08:03:00+02:00;16748;34;4;100;heavy;4
2025-07-02T08:03:00+02:00;16749;33;4;100;heavy;3
2025-07-02T08:03:00+02:00;16752_D;35;12;55;heavy;1
2025-07-02T08:03:00+02:00;16752_G;38;11;55;heavy;1
2025-07-02T08:03:00+02:00;1675_D;61;5;60;freeFlow;1
2025-07-02T08:03:00+02:00;1675_G;70;4;100;freeFlow;4
2025-07-02T08:03:00+02:00;1676;60;8;100;heavy;5
2025-07-02T08:03:00+02:00;16761;10;10;42;congested;1
2025-07-02T08:03:00+02:00;16762;30;3;68;heavy;2
2025-07-02T08:03:00+02:00;1677;41;12;100;heavy;8
2025-07-02T08:03:00+02:00;1677109;34;47;100;heavy;5
2025-07-02T08:03:00+02:00;1677110;32;2;42;heavy;1
2025-07-02T08:03:00+02:00;1677175_D;21;68;60;heavy;1
2025-07-02T08:03:00+02:00;1677175_G;7;195;54;congested;2
2025-07-02T08:03:00+02:00;1677180_D;20;2;75;heavy;2
2025-07-02T08:03:00+02:00;1677180_G;33;1;60;freeFlow;1
2025-07-02T08:03:00+02:00;1677184_D;6;123;75;congested;2
2025-07-02T08:03:00+02:00;1677184_G;38;18;60;freeFlow;1
2025-07-02T08:03:00+02:00;1677551_D;30;2;0;unknown;0
2025-07-02T08:03:00+02:00;1677551_G;35;1;60;freeFlow;1
2025-07-02T08:03:00+02:00;1677568_D;50;29;0;unknown;0
2025-07-02T08:03:00+02:00;1677568_G;13;118;30;congested;1
2025-07-02T08:03:00+02:00;1677569;49;2;30;freeFlow;1
2025-07-02T08:03:00+02:00;1677687;35;1;10;heavy;1
2025-07-02T08:03:00+02:00;1677691;50;1;0;unknown;0
2025-07-02T08:03:00+02:00;1677693;8;11;30;congested;1
2025-07-02T08:03:00+02:00;1677695_D;50;14;0;unknown;0
2025-07-02T08:03:00+02:00;1677695_G;13;53;30;congested;1
2025-07-02T08:03:00+02:00;1677709_D;50;3;0;unknown;0
2025-07-02T08:03:00+02:00;1677709_G;41;5;25;freeFlow;1
2025-07-02T08:03:00+02:00;1677716_D;50;3;0;unknown;0
2025-07-02T08:03:00+02:00;1677716_G;41;4;25;freeFlow;1
2025-07-02T08:03:00+02:00;1677730_D;50;22;0;unknown;0
2025-07-02T08:03:00+02:00;1677730_G;29;38;73;heavy;2
2025-07-02T08:03:00+02:00;1677735_D;50;1;0;unknown;0
2025-07-02T08:03:00+02:00;1677735_G;41;1;25;freeFlow;1
2025-07-02T08:03:00+02:00;1677745_D;50;2;0;unknown;0
2025-07-02T08:03:00+02:00;1677745_G;50;1;0;unknown;0
2025-07-02T08:03:00+02:00;1677785_D;30;9;0;unknown;0
2025-07-02T08:03:00+02:00;1677785_G;30;9;0;unknown;0
2025-07-02T08:03:00+02:00;1677801_D;50;6;0;unknown;0
2025-07-02T08:03:00+02:00;1677801_G;50;6;0;unknown;0
2025-07-02T08:03:00+02:00;1677808_D;50;13;0;unknown;0
2025-07-02T08:03:00+02:00;1677808_G;50;13;0;unknown;0
2025-07-02T08:03:00+02:00;16783;23;4;52;heavy;1
2025-07-02T08:03:00+02:00;16784;22;4;52;heavy;1
2025-07-02T08:03:00+02:00;16785;16;5;52;heavy;1
2025-07-02T08:03:00+02:00;1678542;104;20;100;freeFlow;4
2025-07-02T08:03:00+02:00;1678698_D;23;35;100;heavy;3
2025-07-02T08:03:00+02:00;1678698_G;25;31;82;heavy;3
2025-07-02T08:03:00+02:00;1678750;8;11;30;congested;1
2025-07-02T08:03:00+02:00;1678763_D;57;3;40;freeFlow;1
2025-07-02T08:03:00+02:00;1678763_G;50;4;0;unknown;0
2025-07-02T08:03:00+02:00;1679092_D;24;9;75;heavy;2
2025-07-02T08:03:00+02:00;1679092_G;27;8;75;heavy;2
2025-07-02T08:03:00+02:00;1679681;53;15;100;heavy;3
2025-07-02T08:03:00+02:00;1679779;41;8;60;freeFlow;1
2025-07-02T08:03:00+02:00;1679795_D;19;3;60;heavy;1
2025-07-02T08:03:00+02:00;1679822;29;3;75;heavy;2
2025-07-02T08:03:00+02:00;1679825;41;2;75;freeFlow;2
2025-07-02T08:03:00+02:00;1679841;34;29;75;heavy;2
2025-07-02T08:03:00+02:00;1679843;45;1;100;freeFlow;3
2025-07-02T08:03:00+02:00;1679845;19;2;60;heavy;1
2025-07-02T08:03:00+02:00;1679847;51;1;75;freeFlow;2
2025-07-02T08:03:00+02:00;1679859_D;30;16;0;unknown;0
2025-07-02T08:03:00+02:00;1679859_G;44;11;60;freeFlow;1
2025-07-02T08:03:00+02:00;1680014;80;6;100;freeFlow;5
2025-07-02T08:03:00+02:00;1680016;86;14;100;freeFlow;15
2025-07-02T08:03:00+02:00;1680022;88;6;100;freeFlow;13
2025-07-02T08:03:00+02:00;1680024;91;9;100;freeFlow;5
2025-07-02T08:03:00+02:00;1680116;58;2;100;freeFlow;3
2025-07-02T08:03:00+02:00;1680119;55;3;75;heavy;2
2025-07-02T08:03:00+02:00;1680121;35;4;100;heavy;3
2025-07-02T08:03:00+02:00;1680122_D;57;33;60;freeFlow;1
2025-07-02T08:03:00+02:00;1680122_G;42;44;75;heavy;2
2025-07-02T08:03:00+02:00;1680123;34;5;100;heavy;3
2025-07-02T08:03:00+02:00;1680337;21;11;50;heavy;1
2025-07-02T08:03:00+02:00;1680401_D;70;17;0;unknown;0
2025-07-02T08:03:00+02:00;1680401_G;70;18;0;unknown;0
2025-07-02T08:03:00+02:00;1680514_D;50;9;0;unknown;0
2025-07-02T08:03:00+02:00;1680514_G;38;12;20;freeFlow;1
2025-07-02T08:03:00+02:00;1680539;72;1;100;freeFlow;4
2025-07-02T08:03:00+02:00;1680541_D;34;12;17;freeFlow;1
2025-07-02T08:03:00+02:00;1680541_G;29;14;42;freeFlow;1
2025-07-02T08:03:00+02:00;1680549_D;39;16;0;unknown;0
2025-07-02T08:03:00+02:00;1680549_G;33;19;17;heavy;1
2025-07-02T08:03:00+02:00;1680551_D;11;3;42;heavy;1
2025-07-02T08:03:00+02:00;1680551_G;34;1;17;freeFlow;1
2025-07-02T08:03:00+02:00;1680557_D;50;0;0;unknown;0
2025-07-02T08:03:00+02:00;1680557_G;50;1;0;unknown;0
2025-07-02T08:03:00+02:00;1680561_D;50;1;0;unknown;0
2025-07-02T08:03:00+02:00;1680561_G;33;1;20;heavy;1
2025-07-02T08:03:00+02:00;1680567;33;2;20;heavy;1
2025-07-02T08:03:00+02:00;1680569;33;4;20;heavy;1
2025-07-02T08:03:00+02:00;1680573;19;4;42;heavy;1
2025-07-02T08:03:00+02:00;1680574;17;7;42;heavy;1
2025-07-02T08:03:00+02:00;1680575;14;22;42;congested;1
2025-07-02T08:03:00+02:00;1680576;34;3;17;heavy;1
2025-07-02T08:03:00+02:00;16821_D;73;91;100;freeFlow;3
2025-07-02T08:03:00+02:00;16821_G;80;83;71;freeFlow;2
2025-07-02T08:03:00+02:00;16830_D;54;15;42;freeFlow;1
2025-07-02T08:03:00+02:00;16830_G;55;15;60;freeFlow;1
2025-07-02T08:03:00+02:00;16831_D;54;2;42;freeFlow;1
2025-07-02T08:03:00+02:00;16831_G;60;2;60;freeFlow;1
2025-07-02T08:03:00+02:00;16832;38;4;42;freeFlow;1
2025-07-02T08:03:00+02:00;16834;56;12;60;freeFlow;1
2025-07-02T08:03:00+02:00;16850_D;57;1;40;freeFlow;1
2025-07-02T08:03:00+02:00;16850_G;50;1;0;unknown;0
2025-07-02T08:03:00+02:00;16851_D;57;3;40;freeFlow;1
2025-07-02T08:03:00+02:00;16851_G;50;2;0;unknown;0
2025-07-02T08:03:00+02:00;16852_D;57;4;40;freeFlow;1
2025-07-02T08:03:00+02:00;16852_G;50;5;0;unknown;0
2025-07-02T08:03:00+02:00;16853_D;57;6;40;freeFlow;1
2025-07-02T08:03:00+02:00;16853_G;50;7;0;unknown;0
2025-07-02T08:03:00+02:00;16854_D;57;4;40;freeFlow;1
2025-07-02T08:03:00+02:00;16854_G;50;4;0;unknown;0
2025-07-02T08:03:00+02:00;16855_D;57;4;40;freeFlow;1
2025-07-02T08:03:00+02:00;16855_G;50;4;0;unknown;0
2025-07-02T08:03:00+02:00;16856_D;57;6;40;freeFlow;1
2025-07-02T08:03:00+02:00;16856_G;50;7;0;unknown;0
2025-07-02T08:03:00+02:00;16858_D;48;31;42;freeFlow;1
2025-07-02T08:03:00+02:00;16858_G;34;44;60;heavy;1
2025-07-02T08:03:00+02:00;16859_D;29;5;42;heavy;1
2025-07-02T08:03:00+02:00;16859_G;55;3;60;freeFlow;1
2025-07-02T08:03:00+02:00;16860_D;41;9;42;freeFlow;1
2025-07-02T08:03:00+02:00;16860_G;55;7;60;freeFlow;1
2025-07-02T08:03:00+02:00;1690_D;41;7;38;freeFlow;1
2025-07-02T08:03:00+02:00;1690_G;105;3;100;freeFlow;3
2025-07-02T08:03:00+02:00;16910_D;57;5;40;freeFlow;1
2025-07-02T08:03:00+02:00;16910_G;50;6;0;unknown;0
2025-07-02T08:03:00+02:00;16967;24;23;100;heavy;3
2025-07-02T08:03:00+02:00;16969;33;1;100;heavy;4
2025-07-02T08:03:00+02:00;16986;41;16;100;heavy;5
2025-07-02T08:03:00+02:00;16988;43;17;100;heavy;5
2025-07-02T08:03:00+02:00;16989;41;11;100;heavy;5
2025-07-02T08:03:00+02:00;16990;45;10;100;heavy;3
2025-07-02T08:03:00+02:00;16992;34;40;100;heavy;3
2025-07-02T08:03:00+02:00;16994;40;28;100;heavy;3
2025-07-02T08:03:00+02:00;17;38;6;100;heavy;6
2025-07-02T08:03:00+02:00;1721;105;1;100;freeFlow;3
2025-07-02T08:03:00+02:00;1722;105;1;100;freeFlow;3
2025-07-02T08:03:00+02:00;1723;31;5;38;heavy;1
2025-07-02T08:03:00+02:00;1724_D;68;8;35;freeFlow;1
2025-07-02T08:03:00+02:00;1724_G;105;5;100;freeFlow;3
2025-07-02T08:03:00+02:00;1732_D;105;1;100;freeFlow;3
2025-07-02T08:03:00+02:00;1732_G;38;2;40;freeFlow;1
2025-07-02T08:03:00+02:00;1733_D;105;0;100;freeFlow;3
2025-07-02T08:03:00+02:00;1733_G;33;1;40;heavy;1
2025-07-02T08:03:00+02:00;1734_D;105;3;100;freeFlow;3
2025-07-02T08:03:00+02:00;1734_G;10;36;38;congested;1
2025-07-02T08:03:00+02:00;18337;16;6;52;heavy;1
2025-07-02T08:03:00+02:00;18391_D;12;20;75;congested;2
2025-07-02T08:03:00+02:00;18391_G;87;3;60;freeFlow;1
2025-07-02T08:03:00+02:00;1853;72;33;100;freeFlow;10
2025-07-02T08:03:00+02:00;1855;93;5;100;freeFlow;14
2025-07-02T08:03:00+02:00;1856;85;10;100;freeFlow;14
2025-07-02T08:03:00+02:00;19040;48;2;99;freeFlow;6
2025-07-02T08:03:00+02:00;1910886;33;7;75;heavy;2
2025-07-02T08:03:00+02:00;1911185_D;59;20;45;freeFlow;1
2025-07-02T08:03:00+02:00;1911185_G;50;23;60;freeFlow;1
2025-07-02T08:03:00+02:00;1911398_D;30;2;0;unknown;0
2025-07-02T08:03:00+02:00;1911398_G;30;1;0;unknown;0
2025-07-02T08:03:00+02:00;1911404_D;30;3;0;unknown;0
2025-07-02T08:03:00+02:00;1911404_G;37;3;60;freeFlow;1
2025-07-02T08:03:00+02:00;1911418;41;6;100;freeFlow;5
2025-07-02T08:03:00+02:00;1911420;25;3;100;heavy;6
2025-07-02T08:03:00+02:00;1911448_D;67;28;55;freeFlow;1
2025-07-02T08:03:00+02:00;1911448_G;72;26;50;freeFlow;1
2025-07-02T08:03:00+02:00;1911623_D;30;6;0;unknown;0
2025-07-02T08:03:00+02:00;1911623_G;38;5;60;freeFlow;1
2025-07-02T08:03:00+02:00;19628;61;5;100;heavy;4
2025-07-02T08:03:00+02:00;19629;90;1;0;unknown;0
2025-07-02T08:03:00+02:00;19630;74;3;100;freeFlow;4
2025-07-02T08:03:00+02:00;19631;106;1;75;freeFlow;2
2025-07-02T08:03:00+02:00;19632;74;1;100;freeFlow;4
2025-07-02T08:03:00+02:00;19633;23;7;100;heavy;9
2025-07-02T08:03:00+02:00;19634;35;3;22;heavy;1
2025-07-02T08:03:00+02:00;19635;70;2;100;freeFlow;6
2025-07-02T08:03:00+02:00;19636;68;2;100;freeFlow;4
2025-07-02T08:03:00+02:00;19637;106;1;25;freeFlow;1
2025-07-02T08:03:00+02:00;19638;35;4;100;heavy;6
2025-07-02T08:03:00+02:00;19639;27;5;100;heavy;3
2025-07-02T08:03:00+02:00;19640;33;4;100;heavy;4
2025-07-02T08:03:00+02:00;19642;39;3;100;heavy;6
2025-07-02T08:03:00+02:00;19643;41;1;100;heavy;6
2025-07-02T08:03:00+02:00;19644;29;3;100;heavy;3
2025-07-02T08:03:00+02:00;19683;96;20;100;freeFlow;7
2025-07-02T08:03:00+02:00;19684;97;49;100;freeFlow;7
2025-07-02T08:03:00+02:00;19685;110;48;100;freeFlow;9
2025-07-02T08:03:00+02:00;19686;106;16;100;freeFlow;10
2025-07-02T08:03:00+02:00;198;91;50;100;freeFlow;6
2025-07-02T08:03:00+02:00;19825_D;44;74;67;heavy;2
2025-07-02T08:03:00+02:00;19825_G;70;47;100;freeFlow;4
2025-07-02T08:03:00+02:00;19828;39;3;100;freeFlow;7
2025-07-02T08:03:00+02:00;19830;31;3;100;heavy;3
2025-07-02T08:03:00+02:00;19832;50;3;100;freeFlow;4
2025-07-02T08:03:00+02:00;19833;45;2;100;freeFlow;5
2025-07-02T08:03:00+02:00;19841_D;65;22;60;freeFlow;1
2025-07-02T08:03:00+02:00;19841_G;81;18;100;freeFlow;3
2025-07-02T08:03:00+02:00;19842_D;70;5;60;freeFlow;1
2025-07-02T08:03:00+02:00;19842_G;69;5;100;freeFlow;3
2025-07-02T08:03:00+02:00;20525;36;5;60;heavy;1
2025-07-02T08:03:00+02:00;20526;36;4;60;heavy;1
2025-07-02T08:03:00+02:00;20527;34;5;75;heavy;2
2025-07-02T08:03:00+02:00;20528;33;4;75;heavy;2
2025-07-02T08:03:00+02:00;20590_D;71;115;60;freeFlow;1
2025-07-02T08:03:00+02:00;20590_G;73;111;60;freeFlow;1
2025-07-02T08:03:00+02:00;20760_D;63;24;75;freeFlow;2
2025-07-02T08:03:00+02:00;20760_G;42;36;100;freeFlow;4
2025-07-02T08:03:00+02:00;2216_D;64;48;60;freeFlow;1
2025-07-02T08:03:00+02:00;2216_G;57;53;87;freeFlow;3
2025-07-02T08:03:00+02:00;2218_D;58;38;60;freeFlow;1
2025-07-02T08:03:00+02:00;2218_G;64;34;60;freeFlow;1
2025-07-02T08:03:00+02:00;23984_D;42;1;60;heavy;1
2025-07-02T08:03:00+02:00;23984_G;39;1;75;heavy;2
2025-07-02T08:03:00+02:00;24143_D;37;11;57;heavy;1
2025-07-02T08:03:00+02:00;24143_G;39;10;60;heavy;1
2025-07-02T08:03:00+02:00;24147_D;63;61;58;freeFlow;1
2025-07-02T08:03:00+02:00;24147_G;52;73;68;heavy;2
2025-07-02T08:03:00+02:00;24148;37;4;60;freeFlow;1
2025-07-02T08:03:00+02:00;24149;30;4;75;heavy;2
2025-07-02T08:03:00+02:00;24150;36;4;75;freeFlow;2
2025-07-02T08:03:00+02:00;24151;39;3;75;freeFlow;2
2025-07-02T08:03:00+02:00;24153_D;48;20;60;heavy;1
2025-07-02T08:03:00+02:00;24153_G;37;25;60;heavy;1
2025-07-02T08:03:00+02:00;24176;59;27;100;heavy;12
2025-07-02T08:03:00+02:00;24178;90;12;100;freeFlow;12
2025-07-02T08:03:00+02:00;24179;78;25;100;freeFlow;13
2025-07-02T08:03:00+02:00;24181_D;50;3;60;freeFlow;1
2025-07-02T08:03:00+02:00;24181_G;43;4;60;freeFlow;1
2025-07-02T08:03:00+02:00;24182;93;12;100;freeFlow;12
2025-07-02T08:03:00+02:00;24184_D;46;12;60;freeFlow;1
2025-07-02T08:03:00+02:00;24184_G;50;12;75;freeFlow;2
2025-07-02T08:03:00+02:00;24259;31;4;60;heavy;1
2025-07-02T08:03:00+02:00;24260;29;6;55;heavy;1
2025-07-02T08:03:00+02:00;24261;28;4;55;heavy;1
2025-07-02T08:03:00+02:00;24262;30;6;60;heavy;1
2025-07-02T08:03:00+02:00;24264_D;39;1;60;heavy;1
2025-07-02T08:03:00+02:00;24264_G;28;2;55;heavy;1
2025-07-02T08:03:00+02:00;24265_D;35;2;60;heavy;1
2025-07-02T08:03:00+02:00;24265_G;30;2;55;heavy;1
2025-07-02T08:03:00+02:00;24274_D;34;14;72;heavy;2
2025-07-02T08:03:00+02:00;24274_G;42;12;60;freeFlow;1
2025-07-02T08:03:00+02:00;25687_D;30;7;0;unknown;0
2025-07-02T08:03:00+02:00;25687_G;25;8;55;freeFlow;1
2025-07-02T08:03:00+02:00;25929_D;16;51;40;congested;1
2025-07-02T08:03:00+02:00;25929_G;60;14;52;freeFlow;1
2025-07-02T08:03:00+02:00;25930;44;4;97;heavy;3
2025-07-02T08:03:00+02:00;25931;51;4;97;heavy;3
2025-07-02T08:03:00+02:00;25932;29;5;71;heavy;2
2025-07-02T08:03:00+02:00;25933;34;4;70;heavy;2
2025-07-02T08:03:00+02:00;25934_D;16;15;40;congested;1
2025-07-02T08:03:00+02:00;25934_G;56;4;52;heavy;1
2025-07-02T08:03:00+02:00;25944_D;47;6;60;heavy;1
2025-07-02T08:03:00+02:00;25944_G;56;5;75;freeFlow;2
2025-07-02T08:03:00+02:00;25946_D;65;13;100;freeFlow;3
2025-07-02T08:03:00+02:00;25946_G;61;14;60;freeFlow;1
2025-07-02T08:03:00+02:00;25947_D;70;27;75;freeFlow;2
2025-07-02T08:03:00+02:00;25947_G;37;51;75;heavy;2
2025-07-02T08:03:00+02:00;25988_D;30;10;0;unknown;0
2025-07-02T08:03:00+02:00;25988_G;23;13;55;freeFlow;1
2025-07-02T08:03:00+02:00;25989;32;4;57;heavy;1
2025-07-02T08:03:00+02:00;25990;34;3;73;heavy;2
2025-07-02T08:03:00+02:00;25991;33;3;73;heavy;2
2025-07-02T08:03:00+02:00;25992;28;4;57;heavy;1
2025-07-02T08:03:00+02:00;25993_D;30;3;0;unknown;0
2025-07-02T08:03:00+02:00;25993_G;27;4;55;freeFlow;1
2025-07-02T08:03:00+02:00;25994_D;35;6;57;heavy;1
2025-07-02T08:03:00+02:00;25994_G;34;6;55;heavy;1
2025-07-02T08:03:00+02:00;25995_D;39;1;57;freeFlow;1
2025-07-02T08:03:00+02:00;25995_G;33;2;55;heavy;1
2025-07-02T08:03:00+02:00;25996_D;39;6;57;freeFlow;1
2025-07-02T08:03:00+02:00;25996_G;35;6;55;freeFlow;1
2025-07-02T08:03:00+02:00;25997_D;39;1;57;freeFlow;1
2025-07-02T08:03:00+02:00;25997_G;37;1;52;freeFlow;1
2025-07-02T08:03:00+02:00;25998_D;10;54;40;congested;1
2025-07-02T08:03:00+02:00;25998_G;40;13;52;freeFlow;1
2025-07-02T08:03:00+02:00;25999_D;50;8;0;unknown;0
2025-07-02T08:03:00+02:00;25999_G;49;9;52;freeFlow;1
2025-07-02T08:03:00+02:00;26000_D;17;24;40;congested;1
2025-07-02T08:03:00+02:00;26000_G;50;8;52;heavy;1
2025-07-02T08:03:00+02:00;26001_D;17;3;40;congested;1
2025-07-02T08:03:00+02:00;26001_G;46;1;52;heavy;1
2025-07-02T08:03:00+02:00;26002_D;17;26;40;congested;1
2025-07-02T08:03:00+02:00;26002_G;55;8;52;heavy;1
2025-07-02T08:03:00+02:00;26023;81;3;100;freeFlow;6
2025-07-02T08:03:00+02:00;26024;110;42;75;freeFlow;2
2025-07-02T08:03:00+02:00;26025;86;75;100;freeFlow;7
2025-07-02T08:03:00+02:00;26041;11;29;100;congested;5
2025-07-02T08:03:00+02:00;26043;37;12;100;freeFlow;6
2025-07-02T08:03:00+02:00;26044;36;12;100;freeFlow;5
2025-07-02T08:03:00+02:00;26046;20;48;100;heavy;7
2025-07-02T08:03:00+02:00;26047;42;2;100;freeFlow;5
2025-07-02T08:03:00+02:00;26048;63;34;100;freeFlow;5
2025-07-02T08:03:00+02:00;26049;33;44;100;heavy;6
2025-07-02T08:03:00+02:00;26050;21;16;100;heavy;6
2025-07-02T08:03:00+02:00;26101_D;30;16;0;unknown;0
2025-07-02T08:03:00+02:00;26101_G;30;16;0;unknown;0
2025-07-02T08:03:00+02:00;26371_D;21;12;57;heavy;1
2025-07-02T08:03:00+02:00;26371_G;30;9;0;unknown;0
2025-07-02T08:03:00+02:00;26389_D;70;11;0;unknown;0
2025-07-02T08:03:00+02:00;26389_G;70;11;0;unknown;0
2025-07-02T08:03:00+02:00;26392_D;30;15;0;unknown;0
2025-07-02T08:03:00+02:00;26392_G;30;14;0;unknown;0
2025-07-02T08:03:00+02:00;26393;50;1;0;unknown;0
2025-07-02T08:03:00+02:00;26394;50;1;0;unknown;0
2025-07-02T08:03:00+02:00;26395;32;3;57;heavy;1
2025-07-02T08:03:00+02:00;26396;50;1;0;unknown;0
2025-07-02T08:03:00+02:00;26397_D;50;4;0;unknown;0
2025-07-02T08:03:00+02:00;26397_G;50;4;0;unknown;0
2025-07-02T08:03:00+02:00;26402_D;30;9;0;unknown;0
2025-07-02T08:03:00+02:00;26402_G;14;20;57;heavy;1
2025-07-02T08:03:00+02:00;26403_D;26;5;57;freeFlow;1
2025-07-02T08:03:00+02:00;26403_G;30;4;0;unknown;0
2025-07-02T08:03:00+02:00;26404_D;26;4;57;freeFlow;1
2025-07-02T08:03:00+02:00;26404_G;30;3;0;unknown;0
2025-07-02T08:03:00+02:00;26405_D;30;2;0;unknown;0
2025-07-02T08:03:00+02:00;26405_G;15;4;55;heavy;1
2025-07-02T08:03:00+02:00;26409_D;70;11;0;unknown;0
2025-07-02T08:03:00+02:00;26409_G;70;11;0;unknown;0
2025-07-02T08:03:00+02:00;26420_D;70;4;0;unknown;0
2025-07-02T08:03:00+02:00;26420_G;70;4;0;unknown;0
2025-07-02T08:03:00+02:00;26422_D;70;11;0;unknown;0
2025-07-02T08:03:00+02:00;26422_G;70;11;0;unknown;0
2025-07-02T08:03:00+02:00;26423_D;70;7;0;unknown;0
2025-07-02T08:03:00+02:00;26423_G;70;7;0;unknown;0
2025-07-02T08:03:00+02:00;26495_D;50;7;0;unknown;0
2025-07-02T08:03:00+02:00;26495_G;50;7;0;unknown;0
2025-07-02T08:03:00+02:00;26497_D;30;16;0;unknown;0
2025-07-02T08:03:00+02:00;26497_G;30;16;0;unknown;0
2025-07-02T08:03:00+02:00;26501;107;21;100;freeFlow;10
2025-07-02T08:03:00+02:00;26573;100;14;100;freeFlow;8
2025-07-02T08:03:00+02:00;26603_D;30;2;0;unknown;0
2025-07-02T08:03:00+02:00;26603_G;11;5;55;heavy;1
2025-07-02T08:03:00+02:00;26611_D;30;4;57;freeFlow;1
2025-07-02T08:03:00+02:00;26611_G;30;4;0;unknown;0
2025-07-02T08:03:00+02:00;26619;32;2;100;heavy;6
2025-07-02T08:03:00+02:00;26654;17;29;100;heavy;5
2025-07-02T08:03:00+02:00;26656;13;40;100;congested;6
2025-07-02T08:03:00+02:00;26897_D;30;15;0;unknown;0
2025-07-02T08:03:00+02:00;26897_G;30;15;0;unknown;0
2025-07-02T08:03:00+02:00;27837_D;49;6;60;freeFlow;1
2025-07-02T08:03:00+02:00;27837_G;41;7;66;freeFlow;2
2025-07-02T08:03:00+02:00;28032;58;3;100;freeFlow;3
2025-07-02T08:03:00+02:00;28033;19;8;98;congested;3
2025-07-02T08:03:00+02:00;282910_D;29;6;60;heavy;1
2025-07-02T08:03:00+02:00;282910_G;6;18;27;congested;1
2025-07-02T08:03:00+02:00;28642_D;48;9;75;heavy;2
2025-07-02T08:03:00+02:00;28642_G;79;6;100;freeFlow;3
2025-07-02T08:03:00+02:00;28645_D;78;1;60;freeFlow;1
2025-07-02T08:03:00+02:00;28645_G;78;1;100;freeFlow;3
2025-07-02T08:03:00+02:00;28646_D;42;74;86;heavy;3
2025-07-02T08:03:00+02:00;28646_G;86;36;100;freeFlow;3
2025-07-02T08:03:00+02:00;28648_D;58;22;100;freeFlow;3
2025-07-02T08:03:00+02:00;28648_G;84;15;100;freeFlow;3
2025-07-02T08:03:00+02:00;28649_D;33;28;99;heavy;3
2025-07-02T08:03:00+02:00;28649_G;83;11;100;freeFlow;3
2025-07-02T08:03:00+02:00;28650_D;37;27;99;heavy;3
2025-07-02T08:03:00+02:00;28650_G;81;12;100;freeFlow;3
2025-07-02T08:03:00+02:00;28660_D;58;12;75;freeFlow;2
2025-07-02T08:03:00+02:00;28660_G;88;7;100;freeFlow;3
2025-07-02T08:03:00+02:00;28665_D;65;21;75;freeFlow;2
2025-07-02T08:03:00+02:00;28665_G;87;16;100;freeFlow;3
2025-07-02T08:03:00+02:00;28666_D;55;12;75;freeFlow;2
2025-07-02T08:03:00+02:00;28666_G;80;8;100;freeFlow;3
2025-07-02T08:03:00+02:00;28669_D;56;6;48;freeFlow;1
2025-07-02T08:03:00+02:00;28669_G;70;5;0;unknown;0
2025-07-02T08:03:00+02:00;28675_D;53;8;48;freeFlow;1
2025-07-02T08:03:00+02:00;28675_G;70;6;0;unknown;0
2025-07-02T08:03:00+02:00;28676_D;55;4;48;freeFlow;1
2025-07-02T08:03:00+02:00;28676_G;70;3;0;unknown;0
2025-07-02T08:03:00+02:00;28677_D;55;20;45;freeFlow;1
2025-07-02T08:03:00+02:00;28677_G;70;16;0;unknown;0
2025-07-02T08:03:00+02:00;28693_D;54;17;75;heavy;2
2025-07-02T08:03:00+02:00;28693_G;88;11;100;freeFlow;3
2025-07-02T08:03:00+02:00;28854;24;6;100;heavy;5
2025-07-02T08:03:00+02:00;28855;41;3;60;freeFlow;1
2025-07-02T08:03:00+02:00;28865_D;85;24;100;freeFlow;3
2025-07-02T08:03:00+02:00;28865_G;36;56;98;heavy;3
2025-07-02T08:03:00+02:00;28866_D;60;12;100;freeFlow;3
2025-07-02T08:03:00+02:00;28866_G;25;28;100;heavy;3
2025-07-02T08:03:00+02:00;28867;42;2;99;freeFlow;3
2025-07-02T08:03:00+02:00;28868;46;2;75;freeFlow;2
2025-07-02T08:03:00+02:00;29;69;21;100;freeFlow;8
2025-07-02T08:03:00+02:00;30;81;7;100;freeFlow;7
2025-07-02T08:03:00+02:00;30020_D;40;53;98;heavy;3
2025-07-02T08:03:00+02:00;30020_G;78;27;100;freeFlow;3
2025-07-02T08:03:00+02:00;30022;73;4;100;freeFlow;10
2025-07-02T08:03:00+02:00;30023;72;70;100;freeFlow;15
2025-07-02T08:03:00+02:00;30118;28;3;100;heavy;3
2025-07-02T08:03:00+02:00;30351_D;44;1;60;freeFlow;1
2025-07-02T08:03:00+02:00;30351_G;47;1;60;freeFlow;1
2025-07-02T08:03:00+02:00;30355_D;46;11;60;freeFlow;1
2025-07-02T08:03:00+02:00;30355_G;48;11;60;freeFlow;1
2025-07-02T08:03:00+02:00;30359_D;47;13;60;heavy;1
2025-07-02T08:03:00+02:00;30359_G;57;11;60;freeFlow;1
2025-07-02T08:03:00+02:00;30405;32;2;56;heavy;2
2025-07-02T08:03:00+02:00;30406;47;5;60;freeFlow;1
2025-07-02T08:03:00+02:00;30407;40;3;60;freeFlow;1
2025-07-02T08:03:00+02:00;30408;31;2;60;heavy;1
2025-07-02T08:03:00+02:00;30409;33;4;35;heavy;1
2025-07-02T08:03:00+02:00;30410_D;47;1;60;freeFlow;1
2025-07-02T08:03:00+02:00;30410_G;33;1;35;heavy;1
2025-07-02T08:03:00+02:00;30411_D;48;6;60;freeFlow;1
2025-07-02T08:03:00+02:00;30411_G;33;9;35;heavy;1
2025-07-02T08:03:00+02:00;30414_D;33;11;60;heavy;1
2025-07-02T08:03:00+02:00;30414_G;33;12;35;heavy;1
2025-07-02T08:03:00+02:00;30416_D;33;16;60;heavy;1
2025-07-02T08:03:00+02:00;30416_G;50;10;0;unknown;0
2025-07-02T08:03:00+02:00;30499_D;56;5;52;freeFlow;1
2025-07-02T08:03:00+02:00;30499_G;30;10;0;unknown;0
2025-07-02T08:03:00+02:00;30501_D;27;10;50;freeFlow;1
2025-07-02T08:03:00+02:00;30501_G;30;9;0;unknown;0
2025-07-02T08:03:00+02:00;30502_D;27;2;50;freeFlow;1
2025-07-02T08:03:00+02:00;30502_G;17;3;60;heavy;1
2025-07-02T08:03:00+02:00;30504_D;33;1;60;freeFlow;1
2025-07-02T08:03:00+02:00;30504_G;30;1;0;unknown;0
2025-07-02T08:03:00+02:00;30508;30;4;0;unknown;0
2025-07-02T08:03:00+02:00;30521_D;33;13;60;heavy;1
2025-07-02T08:03:00+02:00;30521_G;50;9;0;unknown;0
2025-07-02T08:03:00+02:00;30522_D;33;3;60;heavy;1
2025-07-02T08:03:00+02:00;30522_G;50;2;0;unknown;0
2025-07-02T08:03:00+02:00;30606_D;38;15;27;freeFlow;1
2025-07-02T08:03:00+02:00;30606_G;10;55;57;congested;1
2025-07-02T08:03:00+02:00;30608_D;6;25;27;congested;1
2025-07-02T08:03:00+02:00;30608_G;29;5;55;heavy;1
2025-07-02T08:03:00+02:00;30611_D;50;8;0;unknown;0
2025-07-02T08:03:00+02:00;30611_G;14;28;70;congested;2
2025-07-02T08:03:00+02:00;31;90;5;100;freeFlow;9
2025-07-02T08:03:00+02:00;31286;50;3;60;freeFlow;1
2025-07-02T08:03:00+02:00;31287;23;3;75;heavy;2
2025-07-02T08:03:00+02:00;31288;23;8;75;heavy;2
2025-07-02T08:03:00+02:00;31289;22;5;100;heavy;3
2025-07-02T08:03:00+02:00;31300_D;22;2;75;heavy;2
2025-07-02T08:03:00+02:00;31300_G;50;1;60;freeFlow;1
2025-07-02T08:03:00+02:00;31302_D;20;2;32;heavy;1
2025-07-02T08:03:00+02:00;31302_G;41;1;35;freeFlow;1
2025-07-02T08:03:00+02:00;31304_D;64;17;55;freeFlow;2
2025-07-02T08:03:00+02:00;31305_D;36;21;75;freeFlow;2
2025-07-02T08:03:00+02:00;31305_G;50;15;60;freeFlow;1
2025-07-02T08:03:00+02:00;31361_D;45;1;75;freeFlow;2
2025-07-02T08:03:00+02:00;31361_G;46;1;75;freeFlow;2
2025-07-02T08:03:00+02:00;31444_D;75;33;45;freeFlow;1
2025-07-02T08:03:00+02:00;31444_G;77;32;100;freeFlow;3
2025-07-02T08:03:00+02:00;31448;49;2;100;heavy;4
2025-07-02T08:03:00+02:00;31449;46;3;100;heavy;4
2025-07-02T08:03:00+02:00;31450;42;3;60;heavy;1
2025-07-02T08:03:00+02:00;31451;23;5;60;congested;1
2025-07-02T08:03:00+02:00;31453_D;36;44;98;heavy;3
2025-07-02T08:03:00+02:00;31453_G;67;24;100;freeFlow;3
2025-07-02T08:03:00+02:00;31511;80;19;100;freeFlow;3
2025-07-02T08:03:00+02:00;31512;97;25;100;freeFlow;9
2025-07-02T08:03:00+02:00;31513;105;21;100;freeFlow;11
2025-07-02T08:03:00+02:00;31515;34;3;100;heavy;6
2025-07-02T08:03:00+02:00;31517;46;3;75;freeFlow;2
2025-07-02T08:03:00+02:00;31520;33;2;60;heavy;1
2025-07-02T08:03:00+02:00;31522;33;5;60;heavy;1
2025-07-02T08:03:00+02:00;31523_D;46;4;75;freeFlow;2
2025-07-02T08:03:00+02:00;31523_G;33;6;60;heavy;1
2025-07-02T08:03:00+02:00;31530_D;60;6;42;freeFlow;1
2025-07-02T08:03:00+02:00;31530_G;51;8;100;heavy;3
2025-07-02T08:03:00+02:00;31532_D;60;3;42;freeFlow;1
2025-07-02T08:03:00+02:00;31532_G;67;2;100;freeFlow;3
2025-07-02T08:03:00+02:00;31534;29;13;93;heavy;7
2025-07-02T08:03:00+02:00;31536;50;19;100;freeFlow;5
2025-07-02T08:03:00+02:00;31550;82;11;100;freeFlow;7
2025-07-02T08:03:00+02:00;31551;89;8;100;freeFlow;5
2025-07-02T08:03:00+02:00;31553;76;13;100;freeFlow;9
2025-07-02T08:03:00+02:00;31557;42;9;60;heavy;1
2025-07-02T08:03:00+02:00;31558_D;30;38;59;heavy;2
2025-07-02T08:03:00+02:00;31558_G;72;16;60;freeFlow;1
2025-07-02T08:03:00+02:00;31559;52;9;57;freeFlow;2
2025-07-02T08:03:00+02:00;31561;36;10;75;freeFlow;2
2025-07-02T08:03:00+02:00;31562;47;9;75;freeFlow;2
2025-07-02T08:03:00+02:00;31563;44;9;60;freeFlow;1
2025-07-02T08:03:00+02:00;31568;74;5;60;freeFlow;1
2025-07-02T08:03:00+02:00;31569;89;6;60;freeFlow;1
2025-07-02T08:03:00+02:00;31583_D;57;14;45;freeFlow;1
2025-07-02T08:03:00+02:00;31583_G;50;15;0;unknown;0
2025-07-02T08:03:00+02:00;31670_D;42;11;25;freeFlow;1
2025-07-02T08:03:00+02:00;31670_G;36;12;60;freeFlow;1
2025-07-02T08:03:00+02:00;31672_D;52;39;60;freeFlow;1
2025-07-02T08:03:00+02:00;31672_G;43;46;75;heavy;2
2025-07-02T08:03:00+02:00;31673;95;13;100;freeFlow;10
2025-07-02T08:03:00+02:00;31674;77;17;100;freeFlow;15
2025-07-02T08:03:00+02:00;31708_D;34;5;42;freeFlow;1
2025-07-02T08:03:00+02:00;31708_G;30;6;0;unknown;0
2025-07-02T08:03:00+02:00;31709_D;39;9;45;freeFlow;1
2025-07-02T08:03:00+02:00;31709_G;30;12;0;unknown;0
2025-07-02T08:03:00+02:00;31716_D;30;7;0;unknown;0
2025-07-02T08:03:00+02:00;31716_G;30;7;0;unknown;0
2025-07-02T08:03:00+02:00;31717_D;30;17;0;unknown;0
2025-07-02T08:03:00+02:00;31717_G;30;17;0;unknown;0
2025-07-02T08:03:00+02:00;31720_D;21;6;60;heavy;1
2025-07-02T08:03:00+02:00;31720_G;30;4;0;unknown;0
2025-07-02T08:03:00+02:00;31722_D;30;9;0;unknown;0
2025-07-02T08:03:00+02:00;31722_G;28;9;60;freeFlow;1
2025-07-02T08:03:00+02:00;31723;34;6;75;heavy;2
2025-07-02T08:03:00+02:00;31724;33;6;60;heavy;1
2025-07-02T08:03:00+02:00;31725;22;8;60;heavy;1
2025-07-02T08:03:00+02:00;31726;30;7;75;heavy;2
2025-07-02T08:03:00+02:00;31727_D;30;12;0;unknown;0
2025-07-02T08:03:00+02:00;31727_G;37;9;60;freeFlow;1
2025-07-02T08:03:00+02:00;31878;57;3;100;freeFlow;3
2025-07-02T08:03:00+02:00;31879;16;9;70;congested;2
2025-07-02T08:03:00+02:00;31880;93;3;100;freeFlow;9
2025-07-02T08:03:00+02:00;31881;80;4;22;freeFlow;1
2025-07-02T08:03:00+02:00;31882;64;2;75;freeFlow;2
2025-07-02T08:03:00+02:00;32;80;16;100;freeFlow;8
2025-07-02T08:03:00+02:00;32118;87;1;100;freeFlow;12
2025-07-02T08:03:00+02:00;32163_D;30;3;0;unknown;0
2025-07-02T08:03:00+02:00;32163_G;30;3;0;unknown;0
2025-07-02T08:03:00+02:00;32165_D;37;2;75;freeFlow;2
2025-07-02T08:03:00+02:00;32165_G;34;2;60;heavy;1
2025-07-02T08:03:00+02:00;32177_D;23;25;98;congested;3
2025-07-02T08:03:00+02:00;32177_G;68;9;100;freeFlow;3
2025-07-02T08:03:00+02:00;32784_D;35;2;75;heavy;2
2025-07-02T08:03:00+02:00;32784_G;50;2;60;freeFlow;1
2025-07-02T08:03:00+02:00;32785;50;1;60;freeFlow;1
2025-07-02T08:03:00+02:00;32786;33;2;75;heavy;2
2025-07-02T08:03:00+02:00;32788;34;2;75;heavy;2
2025-07-02T08:03:00+02:00;32790;50;1;60;freeFlow;1
2025-07-02T08:03:00+02:00;32791;45;2;75;freeFlow;2
2025-07-02T08:03:00+02:00;32794;46;1;75;freeFlow;2
2025-07-02T08:03:00+02:00;32796;50;1;60;freeFlow;1
2025-07-02T08:03:00+02:00;33;85;30;100;freeFlow;9
2025-07-02T08:03:00+02:00;34;93;29;100;freeFlow;5
2025-07-02T08:03:00+02:00;34744;86;38;100;freeFlow;11
2025-07-02T08:03:00+02:00;34745;61;53;100;heavy;14
2025-07-02T08:03:00+02:00;34757_D;18;5;0;unknown;0
2025-07-02T08:03:00+02:00;34757_G;43;2;38;freeFlow;1
2025-07-02T08:03:00+02:00;34758_D;25;32;0;unknown;0
2025-07-02T08:03:00+02:00;34758_G;50;16;38;freeFlow;1
2025-07-02T08:03:00+02:00;35;89;60;100;freeFlow;6
2025-07-02T08:03:00+02:00;35072;75;34;100;freeFlow;12
2025-07-02T08:03:00+02:00;35077;90;46;100;freeFlow;11
2025-07-02T08:03:00+02:00;35086;70;58;100;freeFlow;13
2025-07-02T08:03:00+02:00;35092;35;8;100;heavy;5
2025-07-02T08:03:00+02:00;35096;74;22;100;freeFlow;10
2025-07-02T08:03:00+02:00;35098;90;41;100;freeFlow;11
2025-07-02T08:03:00+02:00;35103;53;15;57;freeFlow;1
2025-07-02T08:03:00+02:00;35869_D;50;1;0;unknown;0
2025-07-02T08:03:00+02:00;35869_G;50;1;0;unknown;0
2025-07-02T08:03:00+02:00;35870_D;34;16;0;unknown;0
2025-07-02T08:03:00+02:00;35870_G;50;11;0;unknown;0
2025-07-02T08:03:00+02:00;35940;36;9;50;freeFlow;1
2025-07-02T08:03:00+02:00;35942;30;2;0;unknown;0
2025-07-02T08:03:00+02:00;35943;30;2;0;unknown;0
2025-07-02T08:03:00+02:00;35944;36;2;50;freeFlow;1
2025-07-02T08:03:00+02:00;35945;36;2;50;freeFlow;1
2025-07-02T08:03:00+02:00;35946_D;30;2;0;unknown;0
2025-07-02T08:03:00+02:00;35946_G;36;1;50;freeFlow;1
2025-07-02T08:03:00+02:00;35947;36;8;50;freeFlow;1
2025-07-02T08:03:00+02:00;35948;36;6;50;freeFlow;1
2025-07-02T08:03:00+02:00;35949;36;6;50;freeFlow;1
2025-07-02T08:03:00+02:00;35950;30;12;0;unknown;0
2025-07-02T08:03:00+02:00;35951;30;5;0;unknown;0
2025-07-02T08:03:00+02:00;35952;30;11;0;unknown;0
2025-07-02T08:03:00+02:00;35953;41;3;52;freeFlow;1
2025-07-02T08:03:00+02:00;35954;41;2;52;freeFlow;1
2025-07-02T08:03:00+02:00;35955;32;4;60;heavy;1
2025-07-02T08:03:00+02:00;35956;30;1;60;heavy;1
2025-07-02T08:03:00+02:00;35957_D;30;2;0;unknown;0
2025-07-02T08:03:00+02:00;35957_G;36;1;50;freeFlow;1
2025-07-02T08:03:00+02:00;35959_D;30;2;0;unknown;0
2025-07-02T08:03:00+02:00;35959_G;32;1;60;freeFlow;1
2025-07-02T08:03:00+02:00;35960;34;10;70;freeFlow;2
2025-07-02T08:03:00+02:00;35961;36;14;50;freeFlow;1
2025-07-02T08:03:00+02:00;35962;36;10;50;freeFlow;1
2025-07-02T08:03:00+02:00;35963;30;6;0;unknown;0
2025-07-02T08:03:00+02:00;35964;30;6;0;unknown;0
2025-07-02T08:03:00+02:00;35965;30;20;0;unknown;0
2025-07-02T08:03:00+02:00;35971;30;20;0;unknown;0
2025-07-02T08:03:00+02:00;35972;36;9;50;freeFlow;1
2025-07-02T08:03:00+02:00;35973;36;7;50;freeFlow;1
2025-07-02T08:03:00+02:00;35985_D;50;1;0;unknown;0
2025-07-02T08:03:00+02:00;35985_G;49;2;30;freeFlow;1
2025-07-02T08:03:00+02:00;35986_D;26;27;32;heavy;1
2025-07-02T08:03:00+02:00;35986_G;34;22;35;heavy;1
2025-07-02T08:03:00+02:00;35994_D;15;3;32;heavy;1
2025-07-02T08:03:00+02:00;35994_G;30;1;0;unknown;0
2025-07-02T08:03:00+02:00;35998;30;7;69;heavy;2
2025-07-02T08:03:00+02:00;35999;53;3;60;freeFlow;1
2025-07-02T08:03:00+02:00;36000;52;4;70;freeFlow;2
2025-07-02T08:03:00+02:00;36001;30;6;57;heavy;1
2025-07-02T08:03:00+02:00;36003_D;53;1;60;freeFlow;1
2025-07-02T08:03:00+02:00;36003_G;16;4;57;heavy;1
2025-07-02T08:03:00+02:00;36004_D;46;46;75;freeFlow;2
2025-07-02T08:03:00+02:00;36004_G;46;46;73;freeFlow;2
2025-07-02T08:03:00+02:00;36005;30;2;0;unknown;0
2025-07-02T08:03:00+02:00;36006;36;2;50;freeFlow;1
2025-07-02T08:03:00+02:00;36007;30;2;0;unknown;0
2025-07-02T08:03:00+02:00;36010_D;30;1;0;unknown;0
2025-07-02T08:03:00+02:00;36010_G;36;1;50;freeFlow;1
2025-07-02T08:03:00+02:00;36011;30;10;0;unknown;0
2025-07-02T08:03:00+02:00;36012_D;30;2;0;unknown;0
2025-07-02T08:03:00+02:00;36012_G;36;2;50;freeFlow;1
2025-07-02T08:03:00+02:00;37200_D;37;7;60;freeFlow;1
2025-07-02T08:03:00+02:00;37200_G;12;21;97;heavy;3
2025-07-02T08:03:00+02:00;37201;23;9;100;heavy;3
2025-07-02T08:03:00+02:00;37202;41;7;75;freeFlow;2
2025-07-02T08:03:00+02:00;37203;50;11;60;freeFlow;1
2025-07-02T08:03:00+02:00;37204_D;33;3;60;heavy;1
2025-07-02T08:03:00+02:00;37204_G;8;11;35;congested;1
2025-07-02T08:03:00+02:00;37205_D;33;6;60;heavy;1
2025-07-02T08:03:00+02:00;37205_G;25;8;32;heavy;1
2025-07-02T08:03:00+02:00;37206_D;33;15;60;heavy;1
2025-07-02T08:03:00+02:00;37206_G;37;13;32;freeFlow;1
2025-07-02T08:03:00+02:00;37207;33;2;60;heavy;1
2025-07-02T08:03:00+02:00;37208;35;4;32;freeFlow;1
2025-07-02T08:03:00+02:00;37209;33;3;60;heavy;1
2025-07-02T08:03:00+02:00;37210_D;33;1;60;heavy;1
2025-07-02T08:03:00+02:00;37210_G;28;2;32;heavy;1
2025-07-02T08:03:00+02:00;37211_D;33;81;60;heavy;1
2025-07-02T08:03:00+02:00;37211_G;44;60;32;freeFlow;1
2025-07-02T08:03:00+02:00;37239;31;6;72;freeFlow;2
2025-07-02T08:03:00+02:00;37240;19;8;97;heavy;3
2025-07-02T08:03:00+02:00;37241;22;8;60;freeFlow;1
2025-07-02T08:03:00+02:00;37242;18;11;72;heavy;2
2025-07-02T08:03:00+02:00;37243_D;31;3;60;heavy;1
2025-07-02T08:03:00+02:00;37243_G;33;4;60;heavy;1
2025-07-02T08:03:00+02:00;37244_D;30;2;0;unknown;0
2025-07-02T08:03:00+02:00;37244_G;17;4;50;heavy;1
2025-07-02T08:03:00+02:00;37246_D;18;5;75;heavy;2
2025-07-02T08:03:00+02:00;37246_G;12;8;70;heavy;2
2025-07-02T08:03:00+02:00;37422_D;48;20;0;unknown;0
2025-07-02T08:03:00+02:00;37422_G;62;16;38;freeFlow;1
2025-07-02T08:03:00+02:00;37467_D;37;11;0;unknown;0
2025-07-02T08:03:00+02:00;37467_G;50;8;38;freeFlow;1
2025-07-02T08:03:00+02:00;37508_D;53;20;60;freeFlow;1
2025-07-02T08:03:00+02:00;37508_G;41;26;57;freeFlow;1
2025-07-02T08:03:00+02:00;37509_D;53;1;60;freeFlow;1
2025-07-02T08:03:00+02:00;37509_G;34;2;57;heavy;1
2025-07-02T08:03:00+02:00;37564_D;69;22;55;freeFlow;1
2025-07-02T08:03:00+02:00;37564_G;64;24;50;freeFlow;1
2025-07-02T08:03:00+02:00;37565_D;34;24;55;heavy;1
2025-07-02T08:03:00+02:00;37565_G;34;23;65;heavy;2
2025-07-02T08:03:00+02:00;37586_D;53;1;60;freeFlow;1
2025-07-02T08:03:00+02:00;37586_G;23;3;57;heavy;1
2025-07-02T08:03:00+02:00;37588_D;69;8;51;freeFlow;2
2025-07-02T08:03:00+02:00;37588_G;45;12;57;heavy;1
2025-07-02T08:03:00+02:00;37620_D;28;3;48;heavy;1
2025-07-02T08:03:00+02:00;37620_G;70;1;0;unknown;0
2025-07-02T08:03:00+02:00;37621;19;9;59;heavy;1
2025-07-02T08:03:00+02:00;37622;53;4;60;freeFlow;1
2025-07-02T08:03:00+02:00;37625_D;34;27;69;heavy;2
2025-07-02T08:03:00+02:00;37625_G;43;21;30;freeFlow;1
2025-07-02T08:03:00+02:00;37665_D;4;23;0;unknown;0
2025-07-02T08:03:00+02:00;37665_G;35;2;100;freeFlow;3
2025-07-02T08:03:00+02:00;37667;62;20;75;freeFlow;2
2025-07-02T08:03:00+02:00;37668;33;12;100;heavy;6
2025-07-02T08:03:00+02:00;37673;44;8;75;heavy;2
2025-07-02T08:03:00+02:00;37686_D;17;38;75;heavy;2
2025-07-02T08:03:00+02:00;37686_G;14;47;100;heavy;3
2025-07-02T08:03:00+02:00;37702_D;30;9;60;heavy;1
2025-07-02T08:03:00+02:00;37702_G;24;10;50;heavy;1
2025-07-02T08:03:00+02:00;37706_D;35;1;50;freeFlow;1
2025-07-02T08:03:00+02:00;37706_G;29;2;60;heavy;1
2025-07-02T08:03:00+02:00;37707_D;50;1;0;unknown;0
2025-07-02T08:03:00+02:00;37707_G;34;2;100;heavy;3
2025-07-02T08:03:00+02:00;37708_D;35;26;55;freeFlow;1
2025-07-02T08:03:00+02:00;37708_G;29;32;100;freeFlow;4
2025-07-02T08:03:00+02:00;37712_D;35;5;55;freeFlow;1
2025-07-02T08:03:00+02:00;37712_G;38;5;100;freeFlow;4
2025-07-02T08:03:00+02:00;37724;39;4;75;freeFlow;2
2025-07-02T08:03:00+02:00;37725;24;3;100;heavy;3
2025-07-02T08:03:00+02:00;37726;35;3;100;freeFlow;3
2025-07-02T08:03:00+02:00;37727;24;4;100;heavy;4
2025-07-02T08:03:00+02:00;37728;33;3;20;heavy;1
2025-07-02T08:03:00+02:00;37729;79;71;72;freeFlow;7
2025-07-02T08:03:00+02:00;37730;38;4;60;freeFlow;1
2025-07-02T08:03:00+02:00;37732;64;57;100;freeFlow;3
2025-07-02T08:03:00+02:00;37737;90;45;100;freeFlow;15
2025-07-02T08:03:00+02:00;37738;34;2;100;heavy;6
2025-07-02T08:03:00+02:00;37739;37;4;100;heavy;8
2025-07-02T08:03:00+02:00;37740;37;4;100;heavy;6
2025-07-02T08:03:00+02:00;37741;30;2;100;heavy;7
2025-07-02T08:03:00+02:00;37742;41;3;100;heavy;5
2025-07-02T08:03:00+02:00;37743;41;3;100;heavy;5
2025-07-02T08:03:00+02:00;37744;38;5;100;heavy;3
2025-07-02T08:03:00+02:00;37745;41;2;75;heavy;2
2025-07-02T08:03:00+02:00;37749;90;43;100;freeFlow;9
2025-07-02T08:03:00+02:00;37750;83;32;100;freeFlow;16
2025-07-02T08:03:00+02:00;37751;67;15;75;freeFlow;2
2025-07-02T08:03:00+02:00;37752;104;6;75;freeFlow;2
2025-07-02T08:03:00+02:00;37753;87;30;100;freeFlow;10
2025-07-02T08:03:00+02:00;37784;73;1;27;freeFlow;1
2025-07-02T08:03:00+02:00;37785;36;2;52;freeFlow;2
2025-07-02T08:03:00+02:00;37786;25;4;72;heavy;2
2025-07-02T08:03:00+02:00;37787_D;44;34;48;heavy;1
2025-07-02T08:03:00+02:00;37787_G;47;32;57;heavy;1
2025-07-02T08:03:00+02:00;37818;91;51;100;freeFlow;12
2025-07-02T08:03:00+02:00;37819;87;64;100;freeFlow;7
2025-07-02T08:03:00+02:00;37822;94;9;100;freeFlow;5
2025-07-02T08:03:00+02:00;37826;33;2;57;heavy;1
2025-07-02T08:03:00+02:00;37827;38;1;60;freeFlow;1
2025-07-02T08:03:00+02:00;37941;87;56;100;freeFlow;9
2025-07-02T08:03:00+02:00;37947;93;8;100;freeFlow;13
2025-07-02T08:03:00+02:00;37948;83;83;100;freeFlow;8
2025-07-02T08:03:00+02:00;37949;91;76;100;freeFlow;14
2025-07-02T08:03:00+02:00;37950;87;8;100;freeFlow;7
2025-07-02T08:03:00+02:00;37970;64;22;100;freeFlow;14
2025-07-02T08:03:00+02:00;38;81;17;100;freeFlow;8
2025-07-02T08:03:00+02:00;38067;90;12;100;freeFlow;5
2025-07-02T08:03:00+02:00;38068;48;5;100;heavy;3
2025-07-02T08:03:00+02:00;38069;90;3;60;freeFlow;1
2025-07-02T08:03:00+02:00;38070;86;10;100;freeFlow;13
2025-07-02T08:03:00+02:00;38310;25;2;57;heavy;1
2025-07-02T08:03:00+02:00;38311;25;3;57;heavy;1
2025-07-02T08:03:00+02:00;38317;92;2;100;freeFlow;3
2025-07-02T08:03:00+02:00;38318;89;30;100;freeFlow;17
2025-07-02T08:03:00+02:00;38319;81;25;100;freeFlow;5
2025-07-02T08:03:00+02:00;38322;90;2;75;freeFlow;2
2025-07-02T08:03:00+02:00;38378_D;93;8;45;freeFlow;1
2025-07-02T08:03:00+02:00;38378_G;72;10;60;freeFlow;1
2025-07-02T08:03:00+02:00;38389_D;98;11;48;freeFlow;1
2025-07-02T08:03:00+02:00;38389_G;62;17;58;freeFlow;1
2025-07-02T08:03:00+02:00;39061;46;5;100;heavy;3
2025-07-02T08:03:00+02:00;39062;55;2;75;freeFlow;2
2025-07-02T08:03:00+02:00;39063;35;12;100;heavy;4
2025-07-02T08:03:00+02:00;39473;30;66;100;heavy;8
2025-07-02T08:03:00+02:00;39618;90;3;100;freeFlow;5
2025-07-02T08:03:00+02:00;39619;89;3;100;freeFlow;5
2025-07-02T08:03:00+02:00;39720_D;49;25;75;freeFlow;2
2025-07-02T08:03:00+02:00;39720_G;46;27;98;freeFlow;3
2025-07-02T08:03:00+02:00;39902_D;97;1;45;freeFlow;1
2025-07-02T08:03:00+02:00;39902_G;72;1;60;freeFlow;1
2025-07-02T08:03:00+02:00;39904_D;91;0;45;freeFlow;1
2025-07-02T08:03:00+02:00;39904_G;72;1;60;freeFlow;1
2025-07-02T08:03:00+02:00;39906_D;85;6;45;freeFlow;1
2025-07-02T08:03:00+02:00;39906_G;64;8;60;freeFlow;1
2025-07-02T08:03:00+02:00;40185_D;47;3;100;heavy;4
2025-07-02T08:03:00+02:00;40185_G;21;1;60;congested;1
2025-07-02T08:03:00+02:00;40201;26;1;38;heavy;1
2025-07-02T08:03:00+02:00;40202;19;4;38;heavy;1
2025-07-02T08:03:00+02:00;40203;105;1;100;freeFlow;3
2025-07-02T08:03:00+02:00;40212_D;56;2;60;freeFlow;1
2025-07-02T08:03:00+02:00;40212_G;88;1;100;freeFlow;3
2025-07-02T08:03:00+02:00;40213_D;79;1;60;freeFlow;1
2025-07-02T08:03:00+02:00;40213_G;78;1;100;freeFlow;3
2025-07-02T08:03:00+02:00;41631_D;27;8;15;freeFlow;1
2025-07-02T08:03:00+02:00;41631_G;30;7;0;unknown;0
2025-07-02T08:03:00+02:00;41632_D;30;5;0;unknown;0
2025-07-02T08:03:00+02:00;41632_G;38;3;60;freeFlow;1
2025-07-02T08:03:00+02:00;41652_D;25;9;60;heavy;1
2025-07-02T08:03:00+02:00;41683_D;70;15;0;unknown;0
2025-07-02T08:03:00+02:00;41683_G;60;18;60;freeFlow;1
2025-07-02T08:03:00+02:00;41709_D;30;15;0;unknown;0
2025-07-02T08:03:00+02:00;41709_G;36;13;60;freeFlow;1
2025-07-02T08:03:00+02:00;41712_D;30;7;0;unknown;0
2025-07-02T08:03:00+02:00;41712_G;38;6;60;freeFlow;1
2025-07-02T08:03:00+02:00;41713_D;13;9;12;heavy;1
2025-07-02T08:03:00+02:00;41713_G;19;6;60;heavy;1
2025-07-02T08:03:00+02:00;41729;60;1;60;freeFlow;1
2025-07-02T08:03:00+02:00;41730;107;0;60;freeFlow;1
2025-07-02T08:03:00+02:00;41731;50;1;0;unknown;0
2025-07-02T08:03:00+02:00;41753_D;33;6;12;freeFlow;1
2025-07-02T08:03:00+02:00;41753_G;28;7;60;freeFlow;1
2025-07-02T08:03:00+02:00;41764_D;30;2;0;unknown;0
2025-07-02T08:03:00+02:00;41764_G;38;1;60;freeFlow;1
2025-07-02T08:03:00+02:00;41781;51;1;75;freeFlow;2
2025-07-02T08:03:00+02:00;41782;46;2;75;freeFlow;2
2025-07-02T08:03:00+02:00;41783;64;1;75;freeFlow;2
2025-07-02T08:03:00+02:00;41784;35;2;75;freeFlow;2
2025-07-02T08:03:00+02:00;41809_D;33;7;12;freeFlow;1
2025-07-02T08:03:00+02:00;41809_G;37;6;60;freeFlow;1
2025-07-02T08:03:00+02:00;41810_D;33;2;12;freeFlow;1
2025-07-02T08:03:00+02:00;41810_G;46;1;60;freeFlow;1
2025-07-02T08:03:00+02:00;41811_D;33;8;12;freeFlow;1
2025-07-02T08:03:00+02:00;41811_G;46;5;60;freeFlow;1
2025-07-02T08:03:00+02:00;41812_D;33;5;12;freeFlow;1
2025-07-02T08:03:00+02:00;41812_G;46;4;60;freeFlow;1
2025-07-02T08:03:00+02:00;41813_D;33;4;12;freeFlow;1
2025-07-02T08:03:00+02:00;41813_G;7;19;0;unknown;0
2025-07-02T08:03:00+02:00;41814_D;34;6;12;freeFlow;1
2025-07-02T08:03:00+02:00;41814_G;7;30;0;unknown;0
2025-07-02T08:03:00+02:00;41815_D;34;6;12;freeFlow;1
2025-07-02T08:03:00+02:00;41815_G;30;7;0;unknown;0
2025-07-02T08:03:00+02:00;41817_D;34;5;12;freeFlow;1
2025-07-02T08:03:00+02:00;41817_G;30;6;0;unknown;0
2025-07-02T08:03:00+02:00;41818_D;34;2;12;freeFlow;1
2025-07-02T08:03:00+02:00;41818_G;30;2;0;unknown;0
2025-07-02T08:03:00+02:00;42028;60;8;60;freeFlow;1
2025-07-02T08:03:00+02:00;42029;45;33;68;freeFlow;2
2025-07-02T08:03:00+02:00;42030;72;21;100;freeFlow;3
2025-07-02T08:03:00+02:00;42031;52;29;100;freeFlow;3
2025-07-02T08:03:00+02:00;42047;49;7;62;heavy;2
2025-07-02T08:03:00+02:00;42049;50;2;0;unknown;0
2025-07-02T08:03:00+02:00;42050;104;1;100;freeFlow;4
2025-07-02T08:03:00+02:00;42051;93;5;100;freeFlow;4
2025-07-02T08:03:00+02:00;42125_D;54;21;57;freeFlow;1
2025-07-02T08:03:00+02:00;42125_G;53;22;100;freeFlow;6
2025-07-02T08:03:00+02:00;42134;57;41;60;heavy;1
2025-07-02T08:03:00+02:00;42135;73;37;100;freeFlow;4
2025-07-02T08:03:00+02:00;42206_D;31;30;57;heavy;1
2025-07-02T08:03:00+02:00;42238_D;16;22;27;heavy;1
2025-07-02T08:03:00+02:00;42257;62;8;52;heavy;1
2025-07-02T08:03:00+02:00;42273_D;30;6;0;unknown;0
2025-07-02T08:03:00+02:00;42273_G;27;7;60;freeFlow;1
2025-07-02T08:03:00+02:00;42293_D;33;2;12;freeFlow;1
2025-07-02T08:03:00+02:00;42293_G;27;2;60;freeFlow;1
2025-07-02T08:03:00+02:00;42307_D;54;14;91;freeFlow;3
2025-07-02T08:03:00+02:00;42307_G;60;13;100;freeFlow;3
2025-07-02T08:03:00+02:00;42359;22;30;100;congested;3
2025-07-02T08:03:00+02:00;42375;50;1;0;unknown;0
2025-07-02T08:03:00+02:00;42378_D;33;1;12;freeFlow;1
2025-07-02T08:03:00+02:00;42378_G;27;2;60;freeFlow;1
2025-07-02T08:03:00+02:00;42379;95;28;60;freeFlow;1
2025-07-02T08:03:00+02:00;42383;60;1;60;freeFlow;1
2025-07-02T08:03:00+02:00;42384;50;1;0;unknown;0
2025-07-02T08:03:00+02:00;42385;42;2;60;freeFlow;1
2025-07-02T08:03:00+02:00;42386;42;1;60;freeFlow;1
2025-07-02T08:03:00+02:00;42387;26;8;100;heavy;5
2025-07-02T08:03:00+02:00;42388;39;3;100;freeFlow;5
2025-07-02T08:03:00+02:00;42389;32;5;100;heavy;4
2025-07-02T08:03:00+02:00;42390;28;4;100;heavy;9
2025-07-02T08:03:00+02:00;42391;32;3;100;heavy;4
2025-07-02T08:03:00+02:00;42392;56;2;100;freeFlow;4
2025-07-02T08:03:00+02:00;42399;54;5;60;heavy;1
2025-07-02T08:03:00+02:00;42401_D;72;18;52;freeFlow;1
2025-07-02T08:03:00+02:00;42401_G;66;19;100;freeFlow;3
2025-07-02T08:03:00+02:00;42572;71;1;100;freeFlow;4
2025-07-02T08:03:00+02:00;42573;57;1;100;freeFlow;3
2025-07-02T08:03:00+02:00;42580;68;2;60;freeFlow;1
2025-07-02T08:03:00+02:00;42595_D;30;6;0;unknown;0
2025-07-02T08:03:00+02:00;42595_G;29;6;60;freeFlow;1
2025-07-02T08:03:00+02:00;42603;36;15;100;freeFlow;3
2025-07-02T08:03:00+02:00;42663_D;50;5;0;unknown;0
2025-07-02T08:03:00+02:00;42663_G;64;4;60;freeFlow;1
2025-07-02T08:03:00+02:00;42681_D;70;13;0;unknown;0
2025-07-02T08:03:00+02:00;42681_G;62;15;60;freeFlow;1
2025-07-02T08:03:00+02:00;42684_D;53;1;60;freeFlow;1
2025-07-02T08:03:00+02:00;42684_G;30;2;0;unknown;0
2025-07-02T08:03:00+02:00;42685;53;50;100;heavy;6
2025-07-02T08:03:00+02:00;42709_D;30;31;57;heavy;1
2025-07-02T08:03:00+02:00;42709_G;50;19;100;freeFlow;3
2025-07-02T08:03:00+02:00;42777_D;38;4;35;freeFlow;1
2025-07-02T08:03:00+02:00;42777_G;19;9;100;heavy;3
2025-07-02T08:03:00+02:00;42778_D;50;1;35;freeFlow;1
2025-07-02T08:03:00+02:00;42778_G;31;2;75;heavy;2
2025-07-02T08:03:00+02:00;42779;50;2;0;unknown;0
2025-07-02T08:03:00+02:00;42780_D;40;10;50;freeFlow;2
2025-07-02T08:03:00+02:00;42780_G;43;10;100;freeFlow;3
2025-07-02T08:03:00+02:00;42938_D;17;18;48;heavy;1
2025-07-02T08:03:00+02:00;42938_G;29;10;75;heavy;2
2025-07-02T08:03:00+02:00;42939_D;50;4;0;unknown;0
2025-07-02T08:03:00+02:00;42939_G;29;8;75;heavy;2
2025-07-02T08:03:00+02:00;42940_D;50;9;0;unknown;0
2025-07-02T08:03:00+02:00;42940_G;35;13;60;heavy;1
2025-07-02T08:03:00+02:00;42941_D;50;3;0;unknown;0
2025-07-02T08:03:00+02:00;42941_G;35;4;60;heavy;1
2025-07-02T08:03:00+02:00;42947_D;50;9;0;unknown;0
2025-07-02T08:03:00+02:00;42947_G;50;9;0;unknown;0
2025-07-02T08:03:00+02:00;42948_D;50;5;0;unknown;0
2025-07-02T08:03:00+02:00;42948_G;50;5;0;unknown;0
2025-07-02T08:03:00+02:00;42949_D;50;5;0;unknown;0
2025-07-02T08:03:00+02:00;42949_G;50;5;0;unknown;0
2025-07-02T08:03:00+02:00;42978_D;50;11;0;unknown;0
2025-07-02T08:03:00+02:00;42978_G;33;17;60;heavy;1
2025-07-02T08:03:00+02:00;42979_D;50;3;0;unknown;0
2025-07-02T08:03:00+02:00;42979_G;33;5;60;heavy;1
2025-07-02T08:03:00+02:00;42983_D;50;8;0;unknown;0
2025-07-02T08:03:00+02:00;42983_G;29;13;75;heavy;2
2025-07-02T08:03:00+02:00;42999_D;50;12;0;unknown;0
2025-07-02T08:03:00+02:00;42999_G;26;23;42;heavy;1
2025-07-02T08:03:00+02:00;43000_D;50;5;0;unknown;0
2025-07-02T08:03:00+02:00;43000_G;38;6;40;freeFlow;1
2025-07-02T08:03:00+02:00;43001_D;50;4;0;unknown;0
2025-07-02T08:03:00+02:00;43001_G;28;7;40;heavy;1
2025-07-02T08:03:00+02:00;43003_D;50;3;0;unknown;0
2025-07-02T08:03:00+02:00;43003_G;38;4;40;freeFlow;1
2025-07-02T08:03:00+02:00;43027_D;50;5;0;unknown;0
2025-07-02T08:03:00+02:00;43027_G;29;9;75;heavy;2
2025-07-02T08:03:00+02:00;43029_D;50;8;0;unknown;0
2025-07-02T08:03:00+02:00;43029_G;50;8;0;unknown;0
2025-07-02T08:03:00+02:00;43046_D;28;11;45;heavy;1
2025-07-02T08:03:00+02:00;43046_G;57;5;57;freeFlow;1
2025-07-02T08:03:00+02:00;43047_D;28;6;45;heavy;1
2025-07-02T08:03:00+02:00;43047_G;57;3;57;freeFlow;1
2025-07-02T08:03:00+02:00;43048_D;17;16;48;heavy;1
2025-07-02T08:03:00+02:00;43048_G;33;8;60;heavy;1
2025-07-02T08:03:00+02:00;43049_D;30;4;0;unknown;0
2025-07-02T08:03:00+02:00;43049_G;33;3;60;freeFlow;1
2025-07-02T08:03:00+02:00;43050_D;50;3;0;unknown;0
2025-07-02T08:03:00+02:00;43050_G;33;5;60;heavy;1
2025-07-02T08:03:00+02:00;43099;28;3;50;heavy;1
2025-07-02T08:03:00+02:00;43352_G;22;21;12;freeFlow;1
2025-07-02T08:03:00+02:00;43451_D;24;19;48;freeFlow;1
2025-07-02T08:03:00+02:00;43481;20;35;100;heavy;3
2025-07-02T08:03:00+02:00;43627;22;29;75;heavy;2
2025-07-02T08:03:00+02:00;43658_D;25;7;55;heavy;1
2025-07-02T08:03:00+02:00;43658_G;35;5;17;freeFlow;1
2025-07-02T08:03:00+02:00;43718_D;50;3;0;unknown;0
2025-07-02T08:03:00+02:00;43718_G;50;3;0;unknown;0
2025-07-02T08:03:00+02:00;43719_D;50;9;0;unknown;0
2025-07-02T08:03:00+02:00;43719_G;50;9;0;unknown;0
2025-07-02T08:03:00+02:00;43720_D;50;4;0;unknown;0
2025-07-02T08:03:00+02:00;43720_G;50;4;0;unknown;0
2025-07-02T08:03:00+02:00;43724_D;26;15;48;heavy;1
2025-07-02T08:03:00+02:00;43724_G;33;12;60;heavy;1
2025-07-02T08:03:00+02:00;43733_D;50;4;0;unknown;0
2025-07-02T08:03:00+02:00;43733_G;38;5;40;freeFlow;1
2025-07-02T08:03:00+02:00;43736_D;50;4;0;unknown;0
2025-07-02T08:03:00+02:00;43736_G;50;4;0;unknown;0
2025-07-02T08:03:00+02:00;43739_D;50;6;0;unknown;0
2025-07-02T08:03:00+02:00;43739_G;50;7;0;unknown;0
2025-07-02T08:03:00+02:00;43740_D;50;6;0;unknown;0
2025-07-02T08:03:00+02:00;43740_G;50;6;0;unknown;0
2025-07-02T08:03:00+02:00;43741_D;50;1;0;unknown;0
2025-07-02T08:03:00+02:00;43741_G;50;0;0;unknown;0
2025-07-02T08:03:00+02:00;43742_D;50;7;0;unknown;0
2025-07-02T08:03:00+02:00;43742_G;50;7;0;unknown;0
2025-07-02T08:03:00+02:00;43743_G;50;25;0;unknown;0
2025-07-02T08:03:00+02:00;43744_D;50;5;0;unknown;0
2025-07-02T08:03:00+02:00;43744_G;50;5;0;unknown;0
2025-07-02T08:03:00+02:00;43748;22;9;60;freeFlow;1
2025-07-02T08:03:00+02:00;43757;22;5;60;heavy;1
2025-07-02T08:03:00+02:00;43758;25;12;75;heavy;2
2025-07-02T08:03:00+02:00;43786_D;14;45;0;unknown;0
2025-07-02T08:03:00+02:00;43786_G;8;75;0;unknown;0
2025-07-02T08:03:00+02:00;43787_D;50;3;0;unknown;0
2025-07-02T08:03:00+02:00;43787_G;50;3;0;unknown;0
2025-07-02T08:03:00+02:00;43788_D;50;2;0;unknown;0
2025-07-02T08:03:00+02:00;43788_G;50;2;0;unknown;0
2025-07-02T08:03:00+02:00;43789_D;50;5;0;unknown;0
2025-07-02T08:03:00+02:00;43789_G;50;6;0;unknown;0
2025-07-02T08:03:00+02:00;43790_D;50;5;0;unknown;0
2025-07-02T08:03:00+02:00;43790_G;50;5;0;unknown;0
2025-07-02T08:03:00+02:00;43791_D;50;3;0;unknown;0
2025-07-02T08:03:00+02:00;43791_G;50;3;0;unknown;0
2025-07-02T08:03:00+02:00;43792_D;50;7;0;unknown;0
2025-07-02T08:03:00+02:00;43792_G;33;10;20;heavy;1
2025-07-02T08:03:00+02:00;43814_D;20;35;60;heavy;1
2025-07-02T08:03:00+02:00;43814_G;30;23;60;heavy;1
2025-07-02T08:03:00+02:00;43815_D;50;7;0;unknown;0
2025-07-02T08:03:00+02:00;43815_G;32;12;25;heavy;1
2025-07-02T08:03:00+02:00;43817_D;50;14;0;unknown;0
2025-07-02T08:03:00+02:00;43817_G;50;14;0;unknown;0
2025-07-02T08:03:00+02:00;43819;24;19;52;freeFlow;1
2025-07-02T08:03:00+02:00;43821;22;12;60;heavy;1
2025-07-02T08:03:00+02:00;43828_D;50;11;0;unknown;0
2025-07-02T08:03:00+02:00;43828_G;50;11;0;unknown;0
2025-07-02T08:03:00+02:00;43835_D;50;7;0;unknown;0
2025-07-02T08:03:00+02:00;43835_G;27;13;60;heavy;1
2025-07-02T08:03:00+02:00;43836;23;21;40;heavy;1
2025-07-02T08:03:00+02:00;43871_D;50;4;0;unknown;0
2025-07-02T08:03:00+02:00;43871_G;50;4;0;unknown;0
2025-07-02T08:03:00+02:00;43872_D;50;4;0;unknown;0
2025-07-02T08:03:00+02:00;43872_G;50;4;0;unknown;0
2025-07-02T08:03:00+02:00;43873_D;50;5;0;unknown;0
2025-07-02T08:03:00+02:00;43873_G;16;17;0;unknown;0
2025-07-02T08:03:00+02:00;43925_D;50;5;0;unknown;0
2025-07-02T08:03:00+02:00;43925_G;50;5;0;unknown;0
2025-07-02T08:03:00+02:00;43937_D;50;6;0;unknown;0
2025-07-02T08:03:00+02:00;43937_G;50;6;0;unknown;0
2025-07-02T08:03:00+02:00;43938_D;50;20;0;unknown;0
2025-07-02T08:03:00+02:00;43938_G;50;20;0;unknown;0
2025-07-02T08:03:00+02:00;43972;19;18;60;heavy;1
2025-07-02T08:03:00+02:00;43974;18;27;60;heavy;1
2025-07-02T08:03:00+02:00;43975;18;12;60;heavy;1
2025-07-02T08:03:00+02:00;44002_D;23;18;97;heavy;3
2025-07-02T08:03:00+02:00;44002_G;18;23;73;heavy;2
2025-07-02T08:03:00+02:00;44003_D;52;8;35;freeFlow;1
2025-07-02T08:03:00+02:00;44012;22;30;48;heavy;1
2025-07-02T08:03:00+02:00;44017_D;19;7;60;heavy;1
2025-07-02T08:03:00+02:00;44018_D;25;23;60;heavy;1
2025-07-02T08:03:00+02:00;44028;17;16;60;heavy;1
2025-07-02T08:03:00+02:00;44036_D;14;8;60;congested;1
2025-07-02T08:03:00+02:00;44036_G;29;4;75;heavy;2
2025-07-02T08:03:00+02:00;44066;24;8;75;heavy;2
2025-07-02T08:03:00+02:00;44067;19;39;75;heavy;2
2025-07-02T08:03:00+02:00;44069;28;7;100;heavy;3
2025-07-02T08:03:00+02:00;44084_D;50;5;0;unknown;0
2025-07-02T08:03:00+02:00;44084_G;37;7;60;freeFlow;1
2025-07-02T08:03:00+02:00;44089_D;50;6;0;unknown;0
2025-07-02T08:03:00+02:00;44089_G;50;6;0;unknown;0
2025-07-02T08:03:00+02:00;44090_D;50;5;0;unknown;0
2025-07-02T08:03:00+02:00;44090_G;50;5;0;unknown;0
2025-07-02T08:03:00+02:00;44131;41;15;60;freeFlow;1
2025-07-02T08:03:00+02:00;44134;50;9;0;unknown;0
2025-07-02T08:03:00+02:00;44165_D;50;5;0;unknown;0
2025-07-02T08:03:00+02:00;44165_G;23;10;60;heavy;1
2025-07-02T08:03:00+02:00;44198_D;40;18;50;freeFlow;1
2025-07-02T08:03:00+02:00;44198_G;35;20;30;freeFlow;1
2025-07-02T08:03:00+02:00;44199_D;45;5;50;freeFlow;1
2025-07-02T08:03:00+02:00;44199_G;37;6;70;freeFlow;2
2025-07-02T08:03:00+02:00;44231_D;50;5;0;unknown;0
2025-07-02T08:03:00+02:00;44231_G;43;6;60;freeFlow;1
2025-07-02T08:03:00+02:00;44232_D;50;4;0;unknown;0
2025-07-02T08:03:00+02:00;44232_G;30;7;100;heavy;3
2025-07-02T08:03:00+02:00;44234_D;20;17;0;unknown;0
2025-07-02T08:03:00+02:00;44234_G;29;12;100;heavy;3
2025-07-02T08:03:00+02:00;44259_D;50;2;0;unknown;0
2025-07-02T08:03:00+02:00;44259_G;50;2;0;unknown;0
2025-07-02T08:03:00+02:00;44260;50;8;0;unknown;0
2025-07-02T08:03:00+02:00;44261_D;50;9;0;unknown;0
2025-07-02T08:03:00+02:00;44261_G;50;9;0;unknown;0
2025-07-02T08:03:00+02:00;44293;50;5;0;unknown;0
2025-07-02T08:03:00+02:00;44303_D;50;2;0;unknown;0
2025-07-02T08:03:00+02:00;44303_G;50;2;0;unknown;0
2025-07-02T08:03:00+02:00;44304_D;50;9;0;unknown;0
2025-07-02T08:03:00+02:00;44304_G;50;9;0;unknown;0
2025-07-02T08:03:00+02:00;44322_D;7;309;0;unknown;0
2025-07-02T08:03:00+02:00;44322_G;59;37;60;freeFlow;1
2025-07-02T08:03:00+02:00;44328;50;10;0;unknown;0
2025-07-02T08:03:00+02:00;44583_D;50;7;0;unknown;0
2025-07-02T08:03:00+02:00;44583_G;29;12;60;heavy;1
2025-07-02T08:03:00+02:00;44584_D;50;10;0;unknown;0
2025-07-02T08:03:00+02:00;44584_G;37;13;60;freeFlow;1
2025-07-02T08:03:00+02:00;44632_D;50;20;0;unknown;0
2025-07-02T08:03:00+02:00;44632_G;29;35;70;heavy;2
2025-07-02T08:03:00+02:00;44694_D;27;22;52;heavy;1
2025-07-02T08:03:00+02:00;44694_G;50;12;0;unknown;0
2025-07-02T08:03:00+02:00;44695_D;10;11;55;congested;1
2025-07-02T08:03:00+02:00;44695_G;50;2;0;unknown;0
2025-07-02T08:03:00+02:00;44711_D;25;25;55;heavy;1
2025-07-02T08:03:00+02:00;44711_G;35;18;60;heavy;2
2025-07-02T08:03:00+02:00;44712_D;50;5;0;unknown;0
2025-07-02T08:03:00+02:00;44712_G;33;7;60;heavy;2
2025-07-02T08:03:00+02:00;44714_D;25;2;55;heavy;1
2025-07-02T08:03:00+02:00;44714_G;35;2;60;freeFlow;2
2025-07-02T08:03:00+02:00;44736_D;50;2;0;unknown;0
2025-07-02T08:03:00+02:00;44736_G;37;3;60;freeFlow;1
2025-07-02T08:03:00+02:00;44868;92;5;42;freeFlow;1
2025-07-02T08:03:00+02:00;44873;50;3;0;unknown;0
2025-07-02T08:03:00+02:00;44874;68;6;100;freeFlow;4
2025-07-02T08:03:00+02:00;44875;74;6;12;freeFlow;1
2025-07-02T08:03:00+02:00;44877;64;6;100;freeFlow;4
2025-07-02T08:03:00+02:00;44878;70;13;0;unknown;0
2025-07-02T08:03:00+02:00;44880;75;20;100;freeFlow;10
2025-07-02T08:03:00+02:00;44882;78;12;100;freeFlow;11
2025-07-02T08:03:00+02:00;44884;92;15;100;freeFlow;6
2025-07-02T08:03:00+02:00;44900;69;22;42;freeFlow;1
2025-07-02T08:03:00+02:00;44902_D;50;33;0;unknown;0
2025-07-02T08:03:00+02:00;44902_G;50;33;0;unknown;0
2025-07-02T08:03:00+02:00;44905;67;10;100;freeFlow;6
2025-07-02T08:03:00+02:00;44920;78;3;100;freeFlow;10
2025-07-02T08:03:00+02:00;44942;50;22;100;freeFlow;4
2025-07-02T08:03:00+02:00;44948;73;14;100;freeFlow;12
2025-07-02T08:03:00+02:00;44961;13;25;100;heavy;3
2025-07-02T08:03:00+02:00;44962;20;13;75;heavy;2
2025-07-02T08:03:00+02:00;44963;28;3;100;heavy;3
2025-07-02T08:03:00+02:00;44966;79;12;100;freeFlow;12
2025-07-02T08:03:00+02:00;44974;20;7;100;heavy;5
2025-07-02T08:03:00+02:00;45012_D;35;2;0;unknown;0
2025-07-02T08:03:00+02:00;45012_G;17;4;17;heavy;1
2025-07-02T08:03:00+02:00;45028_D;50;17;0;unknown;0
2025-07-02T08:03:00+02:00;45028_G;44;20;17;freeFlow;1
2025-07-02T08:03:00+02:00;45029_D;50;7;0;unknown;0
2025-07-02T08:03:00+02:00;45029_G;42;8;17;freeFlow;1
2025-07-02T08:03:00+02:00;45106_D;46;3;0;unknown;0
2025-07-02T08:03:00+02:00;45106_G;42;3;17;freeFlow;1
2025-07-02T08:03:00+02:00;45136_D;50;16;0;unknown;0
2025-07-02T08:03:00+02:00;45149;41;12;60;freeFlow;1
2025-07-02T08:03:00+02:00;45166;41;1;60;freeFlow;1
2025-07-02T08:03:00+02:00;45169;38;3;75;freeFlow;2
2025-07-02T08:03:00+02:00;45236_G;25;20;57;heavy;1
2025-07-02T08:03:00+02:00;45238;48;13;55;freeFlow;1
2025-07-02T08:03:00+02:00;45239;56;9;75;freeFlow;2
2025-07-02T08:03:00+02:00;45240;58;9;75;heavy;2
2025-07-02T08:03:00+02:00;45241;73;2;75;freeFlow;2
2025-07-02T08:03:00+02:00;45305;68;4;60;freeFlow;1
2025-07-02T08:03:00+02:00;45306;78;8;59;freeFlow;2
2025-07-02T08:03:00+02:00;45327;88;7;100;freeFlow;8
2025-07-02T08:03:00+02:00;45486_D;32;6;52;heavy;1
2025-07-02T08:03:00+02:00;45487_D;27;9;52;heavy;1
2025-07-02T08:03:00+02:00;45630;76;15;100;freeFlow;14
2025-07-02T08:03:00+02:00;45645_D;31;18;60;heavy;1
2025-07-02T08:03:00+02:00;45651;57;3;75;freeFlow;2
2025-07-02T08:03:00+02:00;45761_D;31;10;60;heavy;1
2025-07-02T08:03:00+02:00;45865_D;42;9;60;freeFlow;1
2025-07-02T08:03:00+02:00;46053_D;50;8;0;unknown;0
2025-07-02T08:03:00+02:00;46056_D;50;2;0;unknown;0
2025-07-02T08:03:00+02:00;46061;50;4;0;unknown;0
2025-07-02T08:03:00+02:00;46567_D;17;5;40;heavy;1
2025-07-02T08:03:00+02:00;46642;50;5;0;unknown;0
2025-07-02T08:03:00+02:00;46771;86;10;100;freeFlow;11
2025-07-02T08:03:00+02:00;46821_D;38;21;60;freeFlow;1
2025-07-02T08:03:00+02:00;46821_G;15;54;28;heavy;1
2025-07-02T08:03:00+02:00;46923_D;37;1;60;freeFlow;1
2025-07-02T08:03:00+02:00;46923_G;38;1;0;unknown;0
2025-07-02T08:03:00+02:00;46976;24;9;60;heavy;1
2025-07-02T08:03:00+02:00;47029;29;13;75;heavy;2
2025-07-02T08:03:00+02:00;47061;40;45;100;heavy;9
2025-07-02T08:03:00+02:00;47239;69;8;100;freeFlow;8
2025-07-02T08:03:00+02:00;47410;75;18;100;freeFlow;15
2025-07-02T08:03:00+02:00;47411;93;14;100;freeFlow;10
2025-07-02T08:03:00+02:00;47412;107;0;60;freeFlow;1
2025-07-02T08:03:00+02:00;47413;40;11;71;heavy;2
2025-07-02T08:03:00+02:00;47414;11;5;22;congested;1
2025-07-02T08:03:00+02:00;47416;81;15;100;freeFlow;13
2025-07-02T08:03:00+02:00;47418;91;17;100;freeFlow;11
2025-07-02T08:03:00+02:00;47420;50;19;100;freeFlow;3
2025-07-02T08:03:00+02:00;47476;50;12;22;freeFlow;1
2025-07-02T08:03:00+02:00;47477;43;4;100;heavy;3
2025-07-02T08:03:00+02:00;47479;107;9;60;freeFlow;1
2025-07-02T08:03:00+02:00;47480;84;53;100;freeFlow;17
2025-07-02T08:03:00+02:00;47481;88;52;100;freeFlow;13
2025-07-02T08:03:00+02:00;47537_D;50;6;0;unknown;0
2025-07-02T08:03:00+02:00;47537_G;50;6;0;unknown;0
2025-07-02T08:03:00+02:00;47742_D;19;12;60;heavy;1
2025-07-02T08:03:00+02:00;48758;56;2;100;freeFlow;3
2025-07-02T08:03:00+02:00;48759;56;1;75;freeFlow;2
2025-07-02T08:03:00+02:00;48920_D;50;5;0;unknown;0
2025-07-02T08:03:00+02:00;48920_G;50;5;0;unknown;0
2025-07-02T08:03:00+02:00;489866_D;45;3;57;freeFlow;1
2025-07-02T08:03:00+02:00;489970;56;17;60;freeFlow;1
2025-07-02T08:03:00+02:00;489971;107;1;60;freeFlow;1
2025-07-02T08:03:00+02:00;489972;64;7;100;freeFlow;12
2025-07-02T08:03:00+02:00;490059_D;38;25;48;heavy;1
2025-07-02T08:03:00+02:00;490059_G;70;13;0;unknown;0
2025-07-02T08:03:00+02:00;490080_D;65;1;48;freeFlow;1
2025-07-02T08:03:00+02:00;490080_G;50;1;0;unknown;0
2025-07-02T08:03:00+02:00;49026;36;2;60;freeFlow;1
2025-07-02T08:03:00+02:00;49053;28;19;75;heavy;2
2025-07-02T08:03:00+02:00;490823;104;7;75;freeFlow;2
2025-07-02T08:03:00+02:00;490824;62;6;52;freeFlow;1
2025-07-02T08:03:00+02:00;490825;47;16;100;heavy;8
2025-07-02T08:03:00+02:00;490827;24;16;100;heavy;7
2025-07-02T08:03:00+02:00;490828_D;35;14;55;freeFlow;1
2025-07-02T08:03:00+02:00;490828_G;35;15;100;freeFlow;5
2025-07-02T08:03:00+02:00;491005_D;50;3;0;unknown;0
2025-07-02T08:03:00+02:00;491005_G;25;6;60;heavy;1
2025-07-02T08:03:00+02:00;491126_D;35;12;55;freeFlow;1
2025-07-02T08:03:00+02:00;491126_G;42;11;100;freeFlow;5
2025-07-02T08:03:00+02:00;491135;27;5;100;heavy;3
2025-07-02T08:03:00+02:00;491141;37;2;100;freeFlow;3
2025-07-02T08:03:00+02:00;491300_D;50;13;0;unknown;0
2025-07-02T08:03:00+02:00;491300_G;50;13;0;unknown;0
2025-07-02T08:03:00+02:00;491308;50;1;0;unknown;0
2025-07-02T08:03:00+02:00;491320_D;50;6;0;unknown;0
2025-07-02T08:03:00+02:00;491320_G;50;6;0;unknown;0
2025-07-02T08:03:00+02:00;491326_D;50;11;0;unknown;0
2025-07-02T08:03:00+02:00;491326_G;50;11;0;unknown;0
2025-07-02T08:03:00+02:00;491329_D;50;4;0;unknown;0
2025-07-02T08:03:00+02:00;491329_G;50;4;0;unknown;0
2025-07-02T08:03:00+02:00;491490;8;28;32;congested;1
2025-07-02T08:03:00+02:00;491714_D;37;7;60;freeFlow;1
2025-07-02T08:03:00+02:00;491714_G;19;13;27;heavy;1
2025-07-02T08:03:00+02:00;491735_D;28;4;60;freeFlow;1
2025-07-02T08:03:00+02:00;491735_G;6;24;27;congested;1
2025-07-02T08:03:00+02:00;491794_D;50;3;0;unknown;0
2025-07-02T08:03:00+02:00;491794_G;47;3;32;freeFlow;1
2025-07-02T08:03:00+02:00;491872;23;29;100;heavy;3
2025-07-02T08:03:00+02:00;491877;24;4;100;heavy;4
2025-07-02T08:03:00+02:00;491881;21;2;75;heavy;2
2025-07-02T08:03:00+02:00;491884;24;3;75;heavy;2
2025-07-02T08:03:00+02:00;491888;90;10;75;freeFlow;2
2025-07-02T08:03:00+02:00;491890;19;3;100;heavy;4
2025-07-02T08:03:00+02:00;491917;106;1;30;freeFlow;1
2025-07-02T08:03:00+02:00;49225_D;50;6;0;unknown;0
2025-07-02T08:03:00+02:00;49225_G;7;44;40;congested;1
2025-07-02T08:03:00+02:00;492315_D;50;29;0;unknown;0
2025-07-02T08:03:00+02:00;492315_G;34;43;52;heavy;1
2025-07-02T08:03:00+02:00;492351_D;45;3;55;freeFlow;1
2025-07-02T08:03:00+02:00;492359_G;42;6;60;freeFlow;1
2025-07-02T08:03:00+02:00;492437;87;2;45;freeFlow;1
2025-07-02T08:03:00+02:00;492442;32;1;75;heavy;2
2025-07-02T08:03:00+02:00;492445_D;21;29;37;heavy;1
2025-07-02T08:03:00+02:00;492478;72;2;64;freeFlow;2
2025-07-02T08:03:00+02:00;492492;87;4;45;freeFlow;1
2025-07-02T08:03:00+02:00;49315_D;50;4;0;unknown;0
2025-07-02T08:03:00+02:00;49315_G;35;5;60;heavy;1
2025-07-02T08:03:00+02:00;49943_D;50;14;0;unknown;0
2025-07-02T08:03:00+02:00;49943_G;50;14;0;unknown;0
2025-07-02T08:03:00+02:00;49947;4;42;75;congested;2
2025-07-02T08:03:00+02:00;49958_D;50;5;0;unknown;0
2025-07-02T08:03:00+02:00;49958_G;28;10;60;heavy;2
2025-07-02T08:03:00+02:00;50308_D;17;15;57;heavy;1
2025-07-02T08:03:00+02:00;50441;21;12;60;heavy;1
2025-07-02T08:03:00+02:00;50525;96;2;52;freeFlow;1
2025-07-02T08:03:00+02:00;50571;19;6;60;heavy;1
2025-07-02T08:03:00+02:00;50625;18;12;60;heavy;1
2025-07-02T08:03:00+02:00;5064_D;59;9;100;freeFlow;3
2025-07-02T08:03:00+02:00;5064_G;68;8;27;freeFlow;1
2025-07-02T08:03:00+02:00;51419;25;30;40;heavy;1
2025-07-02T08:03:00+02:00;51474_D;50;1;0;unknown;0
2025-07-02T08:03:00+02:00;51474_G;50;1;0;unknown;0
2025-07-02T08:03:00+02:00;51798;33;2;75;heavy;2
2025-07-02T08:03:00+02:00;52107_D;46;10;60;freeFlow;1
2025-07-02T08:03:00+02:00;52107_G;42;11;25;freeFlow;1
2025-07-02T08:03:00+02:00;52129;33;10;30;heavy;1
2025-07-02T08:03:00+02:00;52835_D;29;6;100;heavy;4
2025-07-02T08:03:00+02:00;53020_D;19;5;60;heavy;1
2025-07-02T08:03:00+02:00;53327_D;34;11;60;heavy;1
2025-07-02T08:03:00+02:00;53327_G;58;6;30;freeFlow;1
2025-07-02T08:03:00+02:00;53411_G;31;12;68;heavy;2
2025-07-02T08:03:00+02:00;53428;63;74;100;freeFlow;16
2025-07-02T08:03:00+02:00;53539_D;47;4;27;freeFlow;1
2025-07-02T08:03:00+02:00;53566;31;4;60;heavy;1
2025-07-02T08:03:00+02:00;53623;22;5;100;heavy;3
2025-07-02T08:03:00+02:00;53624;30;2;99;heavy;4
2025-07-02T08:03:00+02:00;53625;32;2;57;heavy;1
2025-07-02T08:03:00+02:00;53634_D;30;2;0;unknown;0
2025-07-02T08:03:00+02:00;53634_G;28;2;60;freeFlow;1
2025-07-02T08:03:00+02:00;53641_D;50;9;0;unknown;0
2025-07-02T08:03:00+02:00;53641_G;41;11;25;freeFlow;1
2025-07-02T08:03:00+02:00;53652;41;18;52;freeFlow;1
2025-07-02T08:03:00+02:00;53659;19;10;75;heavy;2
2025-07-02T08:03:00+02:00;53702;56;7;100;heavy;13
2025-07-02T08:03:00+02:00;53892;39;2;100;freeFlow;6
2025-07-02T08:03:00+02:00;53893;37;17;100;freeFlow;4
2025-07-02T08:03:00+02:00;53895;24;13;100;heavy;4
2025-07-02T08:03:00+02:00;53896;27;15;75;heavy;2
2025-07-02T08:03:00+02:00;53898;16;35;100;heavy;3
2025-07-02T08:03:00+02:00;53900;15;38;100;heavy;3
2025-07-02T08:03:00+02:00;53901;21;12;100;heavy;5
2025-07-02T08:03:00+02:00;53903;27;8;100;heavy;5
2025-07-02T08:03:00+02:00;53904;42;4;100;freeFlow;5
2025-07-02T08:03:00+02:00;53905;37;11;100;freeFlow;4
2025-07-02T08:03:00+02:00;53908;49;2;100;freeFlow;7
2025-07-02T08:03:00+02:00;53910;52;6;100;freeFlow;7
2025-07-02T08:03:00+02:00;53912;36;9;100;freeFlow;5
2025-07-02T08:03:00+02:00;53915;39;14;100;freeFlow;4
2025-07-02T08:03:00+02:00;53918;46;10;100;freeFlow;5
2025-07-02T08:03:00+02:00;53919;49;3;100;freeFlow;5
2025-07-02T08:03:00+02:00;53921;43;13;100;freeFlow;5
2025-07-02T08:03:00+02:00;53922;41;4;100;freeFlow;5
2025-07-02T08:03:00+02:00;53923;39;13;100;freeFlow;6
2025-07-02T08:03:00+02:00;53925_D;70;4;0;unknown;0
2025-07-02T08:03:00+02:00;53925_G;70;4;0;unknown;0
2025-07-02T08:03:00+02:00;53936;62;14;83;freeFlow;3
2025-07-02T08:03:00+02:00;53938;108;3;75;freeFlow;2
2025-07-02T08:03:00+02:00;53939;45;31;100;heavy;3
2025-07-02T08:03:00+02:00;53941;71;7;100;freeFlow;6
2025-07-02T08:03:00+02:00;53942;71;4;100;freeFlow;5
2025-07-02T08:03:00+02:00;53944;22;2;100;heavy;4
2025-07-02T08:03:00+02:00;53945;33;14;100;heavy;3
2025-07-02T08:03:00+02:00;53946;22;2;100;heavy;4
2025-07-02T08:03:00+02:00;53947;56;1;75;freeFlow;2
2025-07-02T08:03:00+02:00;53948;90;3;75;freeFlow;2
2025-07-02T08:03:00+02:00;53949;101;2;75;freeFlow;2
2025-07-02T08:03:00+02:00;53950;88;43;100;freeFlow;6
2025-07-02T08:03:00+02:00;53952_D;29;4;60;heavy;1
2025-07-02T08:03:00+02:00;53952_G;26;5;78;heavy;4
2025-07-02T08:03:00+02:00;53959;93;39;75;freeFlow;2
2025-07-02T08:03:00+02:00;53961;94;61;74;freeFlow;2
2025-07-02T08:03:00+02:00;53987;36;2;75;freeFlow;2
2025-07-02T08:03:00+02:00;53990;44;6;75;freeFlow;2
2025-07-02T08:03:00+02:00;54067;73;13;100;freeFlow;13
2025-07-02T08:03:00+02:00;54134;51;15;100;freeFlow;3
2025-07-02T08:03:00+02:00;54138;42;25;100;freeFlow;3
2025-07-02T08:03:00+02:00;54140;24;82;30;heavy;1
2025-07-02T08:03:00+02:00;54144;27;6;57;heavy;1
2025-07-02T08:03:00+02:00;54150;26;34;97;heavy;3
2025-07-02T08:03:00+02:00;54153;47;19;30;freeFlow;1
2025-07-02T08:03:00+02:00;54154;46;23;32;freeFlow;1
2025-07-02T08:03:00+02:00;54155;28;39;50;heavy;1
2025-07-02T08:03:00+02:00;54161;50;4;0;unknown;0
2025-07-02T08:03:00+02:00;54187_D;29;12;42;freeFlow;1
2025-07-02T08:03:00+02:00;54187_G;31;11;17;freeFlow;1
2025-07-02T08:03:00+02:00;54189_D;7;60;41;congested;1
2025-07-02T08:03:00+02:00;54189_G;17;24;20;heavy;1
2025-07-02T08:03:00+02:00;54191_D;25;12;40;freeFlow;1
2025-07-02T08:03:00+02:00;54191_G;26;11;20;freeFlow;1
2025-07-02T08:03:00+02:00;54197;34;22;38;heavy;1
2025-07-02T08:03:00+02:00;54198;12;19;40;congested;1
2025-07-02T08:03:00+02:00;54206;28;20;75;heavy;2
2025-07-02T08:03:00+02:00;54208;28;2;75;freeFlow;2
2025-07-02T08:03:00+02:00;54212;38;42;57;freeFlow;1
2025-07-02T08:03:00+02:00;54223_D;26;3;48;freeFlow;1
2025-07-02T08:03:00+02:00;54223_G;33;2;60;freeFlow;1
2025-07-02T08:03:00+02:00;54227;95;10;100;freeFlow;9
2025-07-02T08:03:00+02:00;54234;108;0;60;freeFlow;1
2025-07-02T08:03:00+02:00;54239;32;2;35;heavy;1
2025-07-02T08:03:00+02:00;54240;36;9;60;freeFlow;1
2025-07-02T08:03:00+02:00;54241;33;2;75;heavy;2
2025-07-02T08:03:00+02:00;54243;26;21;75;heavy;2
2025-07-02T08:03:00+02:00;54297;7;122;87;congested;3
2025-07-02T08:03:00+02:00;54339;50;19;0;unknown;0
2025-07-02T08:03:00+02:00;54340;8;36;40;congested;1
2025-07-02T08:03:00+02:00;54358_D;39;18;60;freeFlow;1
2025-07-02T08:03:00+02:00;54358_G;24;30;73;heavy;2
2025-07-02T08:03:00+02:00;54363;19;24;60;heavy;1
2025-07-02T08:03:00+02:00;54365;24;12;60;heavy;1
2025-07-02T08:03:00+02:00;54367;29;14;75;heavy;2
2025-07-02T08:03:00+02:00;54368;18;6;60;heavy;1
2025-07-02T08:03:00+02:00;54369;38;32;100;freeFlow;10
2025-07-02T08:03:00+02:00;54372;28;2;60;heavy;1
2025-07-02T08:03:00+02:00;54375;33;20;75;heavy;2
2025-07-02T08:03:00+02:00;54376;16;12;100;heavy;4
2025-07-02T08:03:00+02:00;54378;44;7;100;freeFlow;4
2025-07-02T08:03:00+02:00;54381;26;11;100;heavy;4
2025-07-02T08:03:00+02:00;54382;20;10;100;heavy;4
2025-07-02T08:03:00+02:00;54383;43;19;100;freeFlow;7
2025-07-02T08:03:00+02:00;54384;23;11;100;heavy;4
2025-07-02T08:03:00+02:00;54385;32;8;75;heavy;2
2025-07-02T08:03:00+02:00;54386;60;1;60;freeFlow;1
2025-07-02T08:03:00+02:00;54400;27;19;100;heavy;3
2025-07-02T08:03:00+02:00;54401;27;3;75;heavy;2
2025-07-02T08:03:00+02:00;54406;50;52;0;unknown;0
2025-07-02T08:03:00+02:00;54428_D;50;12;0;unknown;0
2025-07-02T08:03:00+02:00;54428_G;42;14;45;freeFlow;1
2025-07-02T08:03:00+02:00;54429_D;42;16;45;freeFlow;1
2025-07-02T08:03:00+02:00;54429_G;37;18;60;freeFlow;1
2025-07-02T08:03:00+02:00;54438_D;50;1;0;unknown;0
2025-07-02T08:03:00+02:00;54438_G;50;1;0;unknown;0
2025-07-02T08:03:00+02:00;54440_D;50;6;0;unknown;0
2025-07-02T08:03:00+02:00;54440_G;50;6;0;unknown;0
2025-07-02T08:03:00+02:00;54444_D;50;1;0;unknown;0
2025-07-02T08:03:00+02:00;54444_G;50;1;0;unknown;0
2025-07-02T08:03:00+02:00;54447_D;50;11;0;unknown;0
2025-07-02T08:03:00+02:00;54447_G;50;11;0;unknown;0
2025-07-02T08:03:00+02:00;54448_D;50;3;0;unknown;0
2025-07-02T08:03:00+02:00;54448_G;50;3;0;unknown;0
2025-07-02T08:03:00+02:00;54449_D;50;10;0;unknown;0
2025-07-02T08:03:00+02:00;54449_G;48;10;32;freeFlow;1
2025-07-02T08:03:00+02:00;54453_D;50;3;0;unknown;0
2025-07-02T08:03:00+02:00;54453_G;48;3;32;freeFlow;1
2025-07-02T08:03:00+02:00;54455;32;2;32;heavy;1
2025-07-02T08:03:00+02:00;54457;35;12;32;heavy;1
2025-07-02T08:03:00+02:00;54460;48;6;32;freeFlow;1
2025-07-02T08:03:00+02:00;54463_D;50;6;0;unknown;0
2025-07-02T08:03:00+02:00;54463_G;46;7;32;freeFlow;1
2025-07-02T08:03:00+02:00;54466_D;50;15;0;unknown;0
2025-07-02T08:03:00+02:00;54466_G;39;21;60;freeFlow;1
2025-07-02T08:03:00+02:00;54469;31;4;100;heavy;3
2025-07-02T08:03:00+02:00;54471;29;15;60;heavy;1
2025-07-02T08:03:00+02:00;54472;28;14;75;heavy;2
2025-07-02T08:03:00+02:00;54473;28;1;75;freeFlow;2
2025-07-02T08:03:00+02:00;54483;39;39;38;freeFlow;1
2025-07-02T08:03:00+02:00;54489;50;1;0;unknown;0
2025-07-02T08:03:00+02:00;54490;41;4;52;freeFlow;1
2025-07-02T08:03:00+02:00;54492;41;4;52;freeFlow;1
2025-07-02T08:03:00+02:00;54505;35;22;60;heavy;1
2025-07-02T08:03:00+02:00;54509;50;6;0;unknown;0
2025-07-02T08:03:00+02:00;54518;42;4;60;freeFlow;1
2025-07-02T08:03:00+02:00;54522;32;3;60;heavy;1
2025-07-02T08:03:00+02:00;54523;30;3;0;unknown;0
2025-07-02T08:03:00+02:00;54524;30;1;0;unknown;0
2025-07-02T08:03:00+02:00;54580_D;15;36;55;heavy;1
2025-07-02T08:03:00+02:00;54877;13;56;60;congested;1
2025-07-02T08:03:00+02:00;54879;27;27;75;heavy;2
2025-07-02T08:03:00+02:00;54880_D;21;46;73;heavy;2
2025-07-02T08:03:00+02:00;54880_G;38;26;67;freeFlow;2
2025-07-02T08:03:00+02:00;54882;26;2;60;freeFlow;1
2025-07-02T08:03:00+02:00;54883;26;2;60;freeFlow;1
2025-07-02T08:03:00+02:00;54884;30;1;0;unknown;0
2025-07-02T08:03:00+02:00;54885;30;1;0;unknown;0
2025-07-02T08:03:00+02:00;54886;32;3;60;freeFlow;1
2025-07-02T08:03:00+02:00;54887;26;3;60;freeFlow;1
2025-07-02T08:03:00+02:00;54888;26;1;60;freeFlow;1
2025-07-02T08:03:00+02:00;54889;26;2;60;freeFlow;1
2025-07-02T08:03:00+02:00;54988;48;2;100;heavy;5
2025-07-02T08:03:00+02:00;54989;71;24;100;freeFlow;4
2025-07-02T08:03:00+02:00;54990;30;3;70;heavy;5
2025-07-02T08:03:00+02:00;54991;28;62;100;heavy;7
2025-07-02T08:03:00+02:00;55467_D;24;27;70;heavy;2
2025-07-02T08:03:00+02:00;55467_G;39;15;100;freeFlow;10
2025-07-02T08:03:00+02:00;55570_D;50;3;0;unknown;0
2025-07-02T08:03:00+02:00;55570_G;40;4;12;freeFlow;1
2025-07-02T08:03:00+02:00;55589_D;25;10;40;freeFlow;1
2025-07-02T08:03:00+02:00;55589_G;17;14;20;heavy;1
2025-07-02T08:03:00+02:00;55591;50;1;0;unknown;0
2025-07-02T08:03:00+02:00;55592;25;2;40;heavy;1
2025-07-02T08:03:00+02:00;55593;25;2;40;heavy;1
2025-07-02T08:03:00+02:00;55595;21;2;38;heavy;1
2025-07-02T08:03:00+02:00;55596;21;2;38;heavy;1
2025-07-02T08:03:00+02:00;55597;28;2;38;heavy;1
2025-07-02T08:03:00+02:00;55702;50;6;0;unknown;0
2025-07-02T08:03:00+02:00;55704;50;17;0;unknown;0
2025-07-02T08:03:00+02:00;5576_D;55;6;35;heavy;1
2025-07-02T08:03:00+02:00;5576_G;93;4;100;freeFlow;4
2025-07-02T08:03:00+02:00;55881;22;2;75;heavy;2
2025-07-02T08:03:00+02:00;55900;31;3;75;heavy;2
2025-07-02T08:03:00+02:00;55929_D;31;13;60;heavy;1
2025-07-02T08:03:00+02:00;55929_G;26;16;40;heavy;1
2025-07-02T08:03:00+02:00;55976;32;4;48;heavy;1
2025-07-02T08:03:00+02:00;56024;20;49;59;heavy;1
2025-07-02T08:03:00+02:00;56131;20;6;10;heavy;1
2025-07-02T08:03:00+02:00;56257;28;7;55;freeFlow;1
2025-07-02T08:03:00+02:00;563566;41;3;52;freeFlow;1
2025-07-02T08:03:00+02:00;563571;41;7;52;freeFlow;1
2025-07-02T08:03:00+02:00;563844_D;40;22;100;heavy;5
2025-07-02T08:03:00+02:00;563844_G;50;17;75;heavy;2
2025-07-02T08:03:00+02:00;563846;27;11;60;heavy;1
2025-07-02T08:03:00+02:00;563903_D;50;34;0;unknown;0
2025-07-02T08:03:00+02:00;563903_G;45;38;60;freeFlow;1
2025-07-02T08:03:00+02:00;564067_D;52;24;60;heavy;1
2025-07-02T08:03:00+02:00;564067_G;64;20;75;freeFlow;2
2025-07-02T08:03:00+02:00;564195_D;105;4;100;freeFlow;3
2025-07-02T08:03:00+02:00;564195_G;18;25;40;heavy;1
2025-07-02T08:03:00+02:00;56441;45;5;60;freeFlow;1
2025-07-02T08:03:00+02:00;5651;36;2;60;freeFlow;1
2025-07-02T08:03:00+02:00;5652;48;1;75;freeFlow;2
2025-07-02T08:03:00+02:00;565232;36;3;50;freeFlow;1
2025-07-02T08:03:00+02:00;5653;46;1;60;freeFlow;1
2025-07-02T08:03:00+02:00;565374;59;35;75;freeFlow;2
2025-07-02T08:03:00+02:00;565376;22;94;60;heavy;1
2025-07-02T08:03:00+02:00;565393;72;66;100;freeFlow;8
2025-07-02T08:03:00+02:00;5654;48;1;75;freeFlow;2
2025-07-02T08:03:00+02:00;565682_D;37;25;100;heavy;3
2025-07-02T08:03:00+02:00;565682_G;38;25;35;heavy;1
2025-07-02T08:03:00+02:00;565731_D;35;3;55;freeFlow;1
2025-07-02T08:03:00+02:00;565731_G;37;2;100;freeFlow;5
2025-07-02T08:03:00+02:00;565732;40;2;100;heavy;6
2025-07-02T08:03:00+02:00;56584;32;7;48;heavy;1
2025-07-02T08:03:00+02:00;565854;75;13;100;freeFlow;3
2025-07-02T08:03:00+02:00;566176_D;46;24;55;heavy;1
2025-07-02T08:03:00+02:00;566176_G;32;35;40;heavy;1
2025-07-02T08:03:00+02:00;56619_D;41;10;60;freeFlow;1
2025-07-02T08:03:00+02:00;56619_G;27;15;96;heavy;3
2025-07-02T08:03:00+02:00;566287_D;30;16;0;unknown;0
2025-07-02T08:03:00+02:00;566287_G;30;16;0;unknown;0
2025-07-02T08:03:00+02:00;566302_D;15;2;40;congested;1
2025-07-02T08:03:00+02:00;566302_G;30;1;52;heavy;1
2025-07-02T08:03:00+02:00;566303_D;30;25;42;heavy;1
2025-07-02T08:03:00+02:00;566303_G;45;16;52;freeFlow;1
2025-07-02T08:03:00+02:00;5663_D;45;58;75;heavy;2
2025-07-02T08:03:00+02:00;5663_G;76;34;60;freeFlow;1
2025-07-02T08:03:00+02:00;566407_D;29;3;42;freeFlow;1
2025-07-02T08:03:00+02:00;566407_G;28;3;17;freeFlow;1
2025-07-02T08:03:00+02:00;566417_D;29;5;42;freeFlow;1
2025-07-02T08:03:00+02:00;566417_G;28;5;17;freeFlow;1
2025-07-02T08:03:00+02:00;566419;21;2;38;heavy;1
2025-07-02T08:03:00+02:00;566481;32;2;42;heavy;1
2025-07-02T08:03:00+02:00;566482;50;1;0;unknown;0
2025-07-02T08:03:00+02:00;566483;86;131;100;freeFlow;5
2025-07-02T08:03:00+02:00;566484;50;0;0;unknown;0
2025-07-02T08:03:00+02:00;5664_D;87;2;60;freeFlow;1
2025-07-02T08:03:00+02:00;5664_G;63;2;75;freeFlow;2
2025-07-02T08:03:00+02:00;566573_D;41;3;60;freeFlow;1
2025-07-02T08:03:00+02:00;566573_G;39;3;60;freeFlow;1
2025-07-02T08:03:00+02:00;566599_D;14;3;75;heavy;2
2025-07-02T08:03:00+02:00;566599_G;23;1;75;freeFlow;2
2025-07-02T08:03:00+02:00;566706_D;6;29;48;congested;1
2025-07-02T08:03:00+02:00;566706_G;57;3;57;freeFlow;1
2025-07-02T08:03:00+02:00;56676_G;24;9;75;heavy;2
2025-07-02T08:03:00+02:00;566850;33;4;72;heavy;2
2025-07-02T08:03:00+02:00;566924_D;16;20;32;heavy;1
2025-07-02T08:03:00+02:00;566924_G;10;31;63;congested;2
2025-07-02T08:03:00+02:00;566942;96;0;52;freeFlow;1
2025-07-02T08:03:00+02:00;56872;79;26;100;freeFlow;15
2025-07-02T08:03:00+02:00;56874;78;6;100;freeFlow;9
2025-07-02T08:03:00+02:00;56886;50;51;0;unknown;0
2025-07-02T08:03:00+02:00;56914;20;8;100;heavy;3
2025-07-02T08:03:00+02:00;56926;84;3;100;freeFlow;14
2025-07-02T08:03:00+02:00;57009;81;4;100;freeFlow;10
2025-07-02T08:03:00+02:00;57011;85;7;100;freeFlow;12
2025-07-02T08:03:00+02:00;57012;48;8;75;freeFlow;2
2025-07-02T08:03:00+02:00;57082_D;44;6;25;freeFlow;1
2025-07-02T08:03:00+02:00;57360_D;21;8;42;heavy;1
2025-07-02T08:03:00+02:00;57360_G;30;6;0;unknown;0
2025-07-02T08:03:00+02:00;57362_D;34;3;42;freeFlow;1
2025-07-02T08:03:00+02:00;57362_G;30;3;0;unknown;0
2025-07-02T08:03:00+02:00;57368_D;30;7;0;unknown;0
2025-07-02T08:03:00+02:00;57368_G;30;7;0;unknown;0
2025-07-02T08:03:00+02:00;57378_D;50;3;0;unknown;0
2025-07-02T08:03:00+02:00;57378_G;50;3;0;unknown;0
2025-07-02T08:03:00+02:00;62549;26;2;60;heavy;1
2025-07-02T08:03:00+02:00;62550;26;2;60;heavy;1
2025-07-02T08:03:00+02:00;62617_D;50;9;0;unknown;0
2025-07-02T08:03:00+02:00;62617_G;50;9;0;unknown;0
2025-07-02T08:03:00+02:00;62948_D;30;5;0;unknown;0
2025-07-02T08:03:00+02:00;62948_G;30;5;0;unknown;0
2025-07-02T08:03:00+02:00;63039;25;6;100;heavy;5
2025-07-02T08:03:00+02:00;63203_D;30;26;0;unknown;0
2025-07-02T08:03:00+02:00;63203_G;38;21;60;freeFlow;1
2025-07-02T08:03:00+02:00;63308;37;2;75;freeFlow;2
2025-07-02T08:03:00+02:00;63895_D;27;5;57;freeFlow;1
2025-07-02T08:03:00+02:00;63895_G;30;5;0;unknown;0
2025-07-02T08:03:00+02:00;63903;87;2;100;freeFlow;12
2025-07-02T08:03:00+02:00;63917;79;1;75;freeFlow;2
2025-07-02T08:03:00+02:00;63954_D;34;5;75;freeFlow;2
2025-07-02T08:03:00+02:00;63954_G;26;6;35;freeFlow;1
2025-07-02T08:03:00+02:00;63961_D;32;2;60;freeFlow;1
2025-07-02T08:03:00+02:00;63961_G;53;1;60;freeFlow;1
2025-07-02T08:03:00+02:00;63963_D;35;13;55;freeFlow;1
2025-07-02T08:03:00+02:00;63963_G;31;15;100;freeFlow;5
2025-07-02T08:03:00+02:00;63974;33;12;60;heavy;1
2025-07-02T08:03:00+02:00;64028;50;2;0;unknown;0
2025-07-02T08:03:00+02:00;64029;55;2;100;heavy;4
2025-07-02T08:03:00+02:00;64033;61;3;100;freeFlow;3
2025-07-02T08:03:00+02:00;64034;57;2;100;freeFlow;4
2025-07-02T08:03:00+02:00;64035;55;2;100;freeFlow;4
2025-07-02T08:03:00+02:00;64104_D;50;2;0;unknown;0
2025-07-02T08:03:00+02:00;64104_G;50;2;0;unknown;0
2025-07-02T08:03:00+02:00;6421;98;24;100;freeFlow;3
2025-07-02T08:03:00+02:00;6422;91;7;75;freeFlow;2
2025-07-02T08:03:00+02:00;6423;79;17;100;freeFlow;4
2025-07-02T08:03:00+02:00;6424;91;33;100;freeFlow;4
2025-07-02T08:03:00+02:00;64792_D;34;20;45;heavy;1
2025-07-02T08:03:00+02:00;64792_G;40;17;52;freeFlow;1
2025-07-02T08:03:00+02:00;64862_D;50;10;0;unknown;0
2025-07-02T08:03:00+02:00;64862_G;50;10;0;unknown;0
2025-07-02T08:03:00+02:00;65281;21;5;60;heavy;1
2025-07-02T08:03:00+02:00;65283;52;2;60;freeFlow;1
2025-07-02T08:03:00+02:00;65293;61;3;60;freeFlow;1
2025-07-02T08:03:00+02:00;65961_D;54;25;40;freeFlow;1
2025-07-02T08:03:00+02:00;65961_G;50;27;0;unknown;0
2025-07-02T08:03:00+02:00;65966_D;22;2;45;heavy;1
2025-07-02T08:03:00+02:00;65966_G;25;2;52;heavy;1
2025-07-02T08:03:00+02:00;66020;40;1;60;heavy;1
2025-07-02T08:03:00+02:00;6615_D;47;12;60;heavy;1
2025-07-02T08:03:00+02:00;6615_G;39;15;75;heavy;2
2025-07-02T08:03:00+02:00;6616;40;2;75;heavy;2
2025-07-02T08:03:00+02:00;6619;42;3;60;heavy;1
2025-07-02T08:03:00+02:00;6620;47;5;100;heavy;3
2025-07-02T08:03:00+02:00;6621;46;2;75;heavy;2
2025-07-02T08:03:00+02:00;6622;51;1;100;heavy;3
2025-07-02T08:03:00+02:00;6623;47;1;60;heavy;1
2025-07-02T08:03:00+02:00;6628_D;63;13;60;freeFlow;1
2025-07-02T08:03:00+02:00;6628_G;50;17;0;unknown;0
2025-07-02T08:03:00+02:00;6629_D;43;23;60;freeFlow;1
2025-07-02T08:03:00+02:00;6629_G;31;31;20;heavy;1
2025-07-02T08:03:00+02:00;6643;47;14;75;heavy;2
2025-07-02T08:03:00+02:00;6644;47;14;60;heavy;1
2025-07-02T08:03:00+02:00;6645;17;5;100;heavy;3
2025-07-02T08:03:00+02:00;6646;40;1;100;freeFlow;3
2025-07-02T08:03:00+02:00;6647;46;1;75;freeFlow;2
2025-07-02T08:03:00+02:00;6648;45;2;100;freeFlow;3
2025-07-02T08:03:00+02:00;6649;24;3;100;heavy;4
2025-07-02T08:03:00+02:00;6650;44;4;100;freeFlow;4
2025-07-02T08:03:00+02:00;6651;38;4;100;freeFlow;4
2025-07-02T08:03:00+02:00;6669_D;66;75;65;freeFlow;2
2025-07-02T08:03:00+02:00;6669_G;60;83;65;freeFlow;2
2025-07-02T08:03:00+02:00;67069;22;8;100;heavy;3
2025-07-02T08:03:00+02:00;67223_D;33;2;60;freeFlow;1
2025-07-02T08:03:00+02:00;67223_G;11;6;59;heavy;1
2025-07-02T08:03:00+02:00;67229_D;47;9;75;freeFlow;2
2025-07-02T08:03:00+02:00;67229_G;74;5;60;freeFlow;1
2025-07-02T08:03:00+02:00;6723;91;9;75;freeFlow;2
2025-07-02T08:03:00+02:00;67324_D;80;12;45;freeFlow;1
2025-07-02T08:03:00+02:00;67324_G;76;13;100;freeFlow;3
2025-07-02T08:03:00+02:00;67330;33;2;60;freeFlow;1
2025-07-02T08:03:00+02:00;67332;30;3;0;unknown;0
2025-07-02T08:03:00+02:00;67334;30;1;0;unknown;0
2025-07-02T08:03:00+02:00;67340;33;2;60;freeFlow;1
2025-07-02T08:03:00+02:00;67341;33;9;60;freeFlow;1
2025-07-02T08:03:00+02:00;67344;30;6;0;unknown;0
2025-07-02T08:03:00+02:00;67352_D;22;17;68;freeFlow;2
2025-07-02T08:03:00+02:00;67352_G;30;12;0;unknown;0
2025-07-02T08:03:00+02:00;67380_D;43;19;75;freeFlow;2
2025-07-02T08:03:00+02:00;67380_G;42;20;75;freeFlow;2
2025-07-02T08:03:00+02:00;67385;34;3;60;heavy;1
2025-07-02T08:03:00+02:00;67389_D;45;2;27;freeFlow;1
2025-07-02T08:03:00+02:00;67389_G;22;3;57;heavy;1
2025-07-02T08:03:00+02:00;67390;35;3;75;freeFlow;2
2025-07-02T08:03:00+02:00;67391;33;5;75;heavy;2
2025-07-02T08:03:00+02:00;67392;33;5;75;heavy;2
2025-07-02T08:03:00+02:00;67511_D;30;4;0;unknown;0
2025-07-02T08:03:00+02:00;67511_G;23;5;60;freeFlow;1
2025-07-02T08:03:00+02:00;67514_D;30;6;0;unknown;0
2025-07-02T08:03:00+02:00;67514_G;24;8;60;freeFlow;1
2025-07-02T08:03:00+02:00;67611;30;6;0;unknown;0
2025-07-02T08:03:00+02:00;67816;35;1;55;freeFlow;1
2025-07-02T08:03:00+02:00;67819_D;35;1;55;freeFlow;1
2025-07-02T08:03:00+02:00;67819_G;36;1;100;freeFlow;5
2025-07-02T08:03:00+02:00;67820;35;1;55;freeFlow;1
2025-07-02T08:03:00+02:00;67821;42;1;100;freeFlow;4
2025-07-02T08:03:00+02:00;67823;33;8;30;freeFlow;1
2025-07-02T08:03:00+02:00;67824;50;9;0;unknown;0
2025-07-02T08:03:00+02:00;67829;9;59;60;congested;1
2025-07-02T08:03:00+02:00;67892_D;39;6;75;freeFlow;2
2025-07-02T08:03:00+02:00;67892_G;34;7;60;heavy;1
2025-07-02T08:03:00+02:00;68069;40;10;60;freeFlow;1
2025-07-02T08:03:00+02:00;68070;30;1;60;heavy;1
2025-07-02T08:03:00+02:00;68815;28;4;50;heavy;1
2025-07-02T08:03:00+02:00;69060;30;3;0;unknown;0
2025-07-02T08:03:00+02:00;69061;38;3;12;freeFlow;1
2025-07-02T08:03:00+02:00;69062;30;2;0;unknown;0
2025-07-02T08:03:00+02:00;69063;36;1;12;freeFlow;1
2025-07-02T08:03:00+02:00;69064_D;30;1;0;unknown;0
2025-07-02T08:03:00+02:00;69064_G;36;1;12;freeFlow;1
2025-07-02T08:03:00+02:00;69270_D;37;3;60;freeFlow;1
2025-07-02T08:03:00+02:00;69270_G;39;2;50;freeFlow;1
2025-07-02T08:03:00+02:00;69277;36;2;12;freeFlow;1
2025-07-02T08:03:00+02:00;69464;30;1;0;unknown;0
2025-07-02T08:03:00+02:00;69467;30;2;0;unknown;0
2025-07-02T08:03:00+02:00;69493;60;11;60;freeFlow;1
2025-07-02T08:03:00+02:00;69495;26;15;60;heavy;1
2025-07-02T08:03:00+02:00;69591;30;9;38;heavy;1
2025-07-02T08:03:00+02:00;69673;37;9;75;freeFlow;2
2025-07-02T08:03:00+02:00;69878;47;18;100;freeFlow;4
2025-07-02T08:03:00+02:00;71197_D;66;17;53;freeFlow;2
2025-07-02T08:03:00+02:00;71197_G;105;11;100;freeFlow;3
2025-07-02T08:03:00+02:00;71455_D;50;3;0;unknown;0
2025-07-02T08:03:00+02:00;71492_D;105;2;100;freeFlow;3
2025-07-02T08:03:00+02:00;71492_G;30;6;55;heavy;2
2025-07-02T08:03:00+02:00;71493_D;50;6;60;freeFlow;1
2025-07-02T08:03:00+02:00;71493_G;22;14;75;heavy;2
2025-07-02T08:03:00+02:00;71494;55;3;100;freeFlow;4
2025-07-02T08:03:00+02:00;71496;27;9;60;heavy;1
2025-07-02T08:03:00+02:00;71497;29;3;60;heavy;1
2025-07-02T08:03:00+02:00;71504_D;56;1;100;freeFlow;4
2025-07-02T08:03:00+02:00;71504_G;34;1;60;heavy;1
2025-07-02T08:03:00+02:00;71508_D;105;5;100;freeFlow;3
2025-07-02T08:03:00+02:00;71508_G;38;13;40;freeFlow;1
2025-07-02T08:03:00+02:00;71509_D;30;34;75;heavy;2
2025-07-02T08:03:00+02:00;71509_G;24;42;92;heavy;3
2025-07-02T08:03:00+02:00;71554_D;50;5;0;unknown;0
2025-07-02T08:03:00+02:00;71554_G;50;5;0;unknown;0
2025-07-02T08:03:00+02:00;71555_D;50;2;0;unknown;0
2025-07-02T08:03:00+02:00;71555_G;50;2;0;unknown;0
2025-07-02T08:03:00+02:00;71661;41;7;100;heavy;3
2025-07-02T08:03:00+02:00;71668;66;10;100;freeFlow;3
2025-07-02T08:03:00+02:00;72425;98;13;100;freeFlow;5
2025-07-02T08:03:00+02:00;72487_D;20;125;75;congested;2
2025-07-02T08:03:00+02:00;72842_D;59;19;45;freeFlow;1
2025-07-02T08:03:00+02:00;72842_G;50;22;0;unknown;0
2025-07-02T08:03:00+02:00;72940_D;27;43;35;heavy;1
2025-07-02T08:03:00+02:00;72940_G;38;31;0;unknown;0
2025-07-02T08:03:00+02:00;73636;50;3;0;unknown;0
2025-07-02T08:03:00+02:00;74067;28;3;100;heavy;3
2025-07-02T08:03:00+02:00;74454;45;1;100;heavy;3
2025-07-02T08:03:00+02:00;74457_D;52;19;100;freeFlow;3
2025-07-02T08:03:00+02:00;74457_G;36;28;35;heavy;1
2025-07-02T08:03:00+02:00;74459;45;1;100;heavy;3
2025-07-02T08:03:00+02:00;74460;22;1;35;heavy;1
2025-07-02T08:03:00+02:00;74461;22;1;35;heavy;1
2025-07-02T08:03:00+02:00;74688_D;52;18;91;freeFlow;3
2025-07-02T08:03:00+02:00;74688_G;56;16;100;freeFlow;3
2025-07-02T08:03:00+02:00;74748_D;76;4;40;freeFlow;1
2025-07-02T08:03:00+02:00;74748_G;52;6;52;heavy;1
2025-07-02T08:03:00+02:00;75340;26;2;60;heavy;1
2025-07-02T08:03:00+02:00;75343_D;30;12;0;unknown;0
2025-07-02T08:03:00+02:00;75343_G;32;11;60;freeFlow;1
2025-07-02T08:03:00+02:00;75344;33;2;58;heavy;2
2025-07-02T08:03:00+02:00;75346;28;3;60;heavy;1
2025-07-02T08:03:00+02:00;75347_D;45;2;35;freeFlow;1
2025-07-02T08:03:00+02:00;75347_G;50;1;0;unknown;0
2025-07-02T08:03:00+02:00;75348;51;1;38;freeFlow;1
2025-07-02T08:03:00+02:00;75353;51;1;38;freeFlow;1
2025-07-02T08:03:00+02:00;75356_D;16;32;0;unknown;0
2025-07-02T08:03:00+02:00;75356_G;51;10;38;freeFlow;1
2025-07-02T08:03:00+02:00;75358;51;1;38;freeFlow;1
2025-07-02T08:03:00+02:00;75359;46;1;0;unknown;0
2025-07-02T08:03:00+02:00;75385;34;2;60;heavy;1
2025-07-02T08:03:00+02:00;75533_D;63;1;55;freeFlow;1
2025-07-02T08:03:00+02:00;75533_G;57;1;50;freeFlow;1
2025-07-02T08:03:00+02:00;75630;53;29;57;freeFlow;1
2025-07-02T08:03:00+02:00;75810;73;10;100;freeFlow;3
2025-07-02T08:03:00+02:00;75811;96;5;75;freeFlow;2
2025-07-02T08:03:00+02:00;75812;81;5;100;freeFlow;13
2025-07-02T08:03:00+02:00;75813;74;3;100;freeFlow;10
2025-07-02T08:03:00+02:00;75814;85;3;100;freeFlow;13
2025-07-02T08:03:00+02:00;75815;72;19;100;freeFlow;10
2025-07-02T08:03:00+02:00;75816;30;7;100;heavy;3
2025-07-02T08:03:00+02:00;75819_D;47;4;27;freeFlow;1
2025-07-02T08:03:00+02:00;75819_G;68;3;100;freeFlow;3
2025-07-02T08:03:00+02:00;75821;62;5;100;heavy;8
2025-07-02T08:03:00+02:00;75823;70;6;100;freeFlow;9
2025-07-02T08:03:00+02:00;75841;32;11;75;heavy;2
2025-07-02T08:03:00+02:00;75842;96;4;52;freeFlow;1
2025-07-02T08:03:00+02:00;75855;66;1;100;freeFlow;4
2025-07-02T08:03:00+02:00;75858;47;2;75;heavy;2
2025-07-02T08:03:00+02:00;75859;41;4;75;heavy;2
2025-07-02T08:03:00+02:00;75860;29;6;100;heavy;7
2025-07-02T08:03:00+02:00;75861;41;2;100;heavy;5
2025-07-02T08:03:00+02:00;75862;21;8;22;heavy;1
2025-07-02T08:03:00+02:00;75863;45;2;22;heavy;1
2025-07-02T08:03:00+02:00;75864;107;1;60;freeFlow;1
2025-07-02T08:03:00+02:00;75865;107;1;60;freeFlow;1
2025-07-02T08:03:00+02:00;75866;74;12;100;freeFlow;8
2025-07-02T08:03:00+02:00;75867;94;12;100;freeFlow;3
2025-07-02T08:03:00+02:00;75869;89;59;100;freeFlow;11
2025-07-02T08:03:00+02:00;75873_D;61;9;75;freeFlow;2
2025-07-02T08:03:00+02:00;75873_G;46;10;55;freeFlow;1
2025-07-02T08:03:00+02:00;75874_D;62;7;75;freeFlow;2
2025-07-02T08:03:00+02:00;75874_G;57;7;55;freeFlow;1
2025-07-02T08:03:00+02:00;75875;64;4;100;freeFlow;4
2025-07-02T08:03:00+02:00;75876;64;7;100;freeFlow;4
2025-07-02T08:03:00+02:00;75877;50;17;0;unknown;0
2025-07-02T08:03:00+02:00;75878;76;11;75;freeFlow;2
2025-07-02T08:03:00+02:00;75879;90;2;75;freeFlow;2
2025-07-02T08:03:00+02:00;75880;108;8;60;freeFlow;1
2025-07-02T08:03:00+02:00;75882;101;10;100;freeFlow;6
2025-07-02T08:03:00+02:00;75883;93;4;100;freeFlow;12
2025-07-02T08:03:00+02:00;75884;66;6;100;freeFlow;13
2025-07-02T08:03:00+02:00;75885;85;3;100;freeFlow;11
2025-07-02T08:03:00+02:00;75886;77;8;100;freeFlow;11
2025-07-02T08:03:00+02:00;75911;31;9;60;heavy;1
2025-07-02T08:03:00+02:00;75912;38;7;30;freeFlow;1
2025-07-02T08:03:00+02:00;76094;23;24;32;heavy;1
2025-07-02T08:03:00+02:00;7864_D;66;54;87;freeFlow;3
2025-07-02T08:03:00+02:00;7864_G;80;45;75;freeFlow;2
2025-07-02T08:03:00+02:00;790_D;54;15;27;freeFlow;1
2025-07-02T08:03:00+02:00;790_G;25;31;60;heavy;1
2025-07-02T08:03:00+02:00;791_D;47;18;65;heavy;5
2025-07-02T08:03:00+02:00;791_G;24;36;75;heavy;2
2025-07-02T08:03:00+02:00;7936;96;8;60;freeFlow;1
2025-07-02T08:03:00+02:00;7937;95;23;75;freeFlow;2
2025-07-02T08:03:00+02:00;7938;91;33;100;freeFlow;4
2025-07-02T08:03:00+02:00;7995_D;60;18;60;freeFlow;1
2025-07-02T08:03:00+02:00;7995_G;77;13;75;freeFlow;2
2025-07-02T08:03:00+02:00;862_D;55;20;60;freeFlow;1
2025-07-02T08:03:00+02:00;862_G;80;14;27;freeFlow;1
2025-07-02T08:03:00+02:00;863_D;57;12;60;freeFlow;1
2025-07-02T08:03:00+02:00;863_G;84;8;27;freeFlow;1
2025-07-02T08:03:00+02:00;8745;30;7;100;heavy;3
2025-07-02T08:03:00+02:00;8962;112;20;100;freeFlow;6
2025-07-02T08:03:00+02:00;8963_D;65;7;100;freeFlow;4
2025-07-02T08:03:00+02:00;8963_G;10;41;95;congested;3
2025-07-02T08:03:00+02:00;8966;109;11;100;freeFlow;6
2025-07-02T08:03:00+02:00;8969;93;14;100;freeFlow;5
2025-07-02T08:03:00+02:00;8970;90;17;100;freeFlow;5
2025-07-02T08:03:00+02:00;8971;87;24;100;freeFlow;5
2025-07-02T08:03:00+02:00;8974_D;11;21;90;congested;3
2025-07-02T08:03:00+02:00;8974_G;65;4;100;freeFlow;3
2025-07-02T08:03:00+02:00;8976_D;10;34;65;congested;2
2025-07-02T08:03:00+02:00;8976_G;65;5;100;freeFlow;3
2025-07-02T08:03:00+02:00;8977_D;17;17;65;congested;2
2025-07-02T08:03:00+02:00;8977_G;65;5;100;freeFlow;3
2025-07-02T08:03:00+02:00;8978;108;12;100;freeFlow;5
2025-07-02T08:03:00+02:00;9040;63;14;100;freeFlow;3
2025-07-02T08:03:00+02:00;9041;41;4;100;freeFlow;3
2025-07-02T08:03:00+02:00;9042;36;2;75;freeFlow;2
2025-07-02T08:03:00+02:00;9043;42;4;100;freeFlow;3
2025-07-02T08:03:00+02:00;9044;40;3;100;freeFlow;3
2025-07-02T08:03:00+02:00;9045;27;4;60;heavy;1
2025-07-02T08:03:00+02:00;9046;26;3;100;heavy;3
2025-07-02T08:03:00+02:00;9047;16;6;100;heavy;3
2025-07-02T08:03:00+02:00;9048;50;10;100;heavy;3
2025-07-02T08:03:00+02:00;9049;39;4;100;freeFlow;6
2025-07-02T08:03:00+02:00;9050;33;2;100;heavy;7
2025-07-02T08:03:00+02:00;9051;21;7;100;heavy;3
2025-07-02T08:03:00+02:00;9052;50;2;0;unknown;0
2025-07-02T08:03:00+02:00;9053;44;3;60;freeFlow;1
2025-07-02T08:03:00+02:00;9054;49;12;75;freeFlow;2
2025-07-02T08:03:00+02:00;9055;44;14;60;freeFlow;1
2025-07-02T08:03:00+02:00;9057_D;59;9;100;freeFlow;4
2025-07-02T08:03:00+02:00;9057_G;77;7;60;freeFlow;1
2025-07-02T08:03:00+02:00;9058_D;72;19;100;freeFlow;4
2025-07-02T08:03:00+02:00;9058_G;59;23;75;freeFlow;2
2025-07-02T08:03:00+02:00;9059_D;59;11;100;freeFlow;4
2025-07-02T08:03:00+02:00;9059_G;66;9;75;freeFlow;2
2025-07-02T08:03:00+02:00;9060;44;4;75;heavy;2
2025-07-02T08:03:00+02:00;9061;30;5;93;heavy;4
2025-07-02T08:03:00+02:00;9062;24;7;94;congested;3
2025-07-02T08:03:00+02:00;9063;37;3;100;heavy;4
2025-07-02T08:03:00+02:00;9068_D;41;44;100;heavy;4
2025-07-02T08:03:00+02:00;9068_G;21;88;75;congested;2
2025-07-02T08:03:00+02:00;9070_D;80;26;84;freeFlow;3
2025-07-02T08:03:00+02:00;9070_G;61;34;100;freeFlow;3
2025-07-02T08:03:00+02:00;9073;51;8;100;heavy;12
2025-07-02T08:03:00+02:00;9074;66;13;100;freeFlow;9
2025-07-02T08:03:00+02:00;9082_D;66;3;100;freeFlow;3
2025-07-02T08:03:00+02:00;9082_G;77;3;32;freeFlow;1
2025-07-02T08:03:00+02:00;9090_D;52;26;100;freeFlow;6
2025-07-02T08:03:00+02:00;9090_G;36;38;64;heavy;2
2025-07-02T08:03:00+02:00;9103;44;32;100;heavy;4
2025-07-02T08:03:00+02:00;9108;74;17;100;freeFlow;5
2025-07-02T08:03:00+02:00;9114;44;2;100;heavy;5
2025-07-02T08:03:00+02:00;9115;65;23;100;freeFlow;3
2025-07-02T08:03:00+02:00;9116;68;2;100;freeFlow;3
2025-07-02T08:03:00+02:00;9117;69;8;100;freeFlow;3
2025-07-02T08:03:00+02:00;9133;68;28;100;freeFlow;3
2025-07-02T08:03:00+02:00;9134;87;17;100;freeFlow;4
2025-07-02T08:03:00+02:00;9177;107;18;60;freeFlow;1
2025-07-02T08:03:00+02:00;9190;49;7;75;heavy;2
2025-07-02T08:03:00+02:00;9199;26;2;100;congested;3
2025-07-02T08:03:00+02:00;9200;35;4;65;heavy;2
2025-07-02T08:03:00+02:00;9201;29;2;100;heavy;3
2025-07-02T08:03:00+02:00;9202;45;3;100;heavy;5
2025-07-02T08:03:00+02:00;9203;31;3;100;heavy;5
2025-07-02T08:03:00+02:00;9204;38;3;100;heavy;4
2025-07-02T08:03:00+02:00;9213;38;73;88;heavy;6
2025-07-02T08:03:00+02:00;9214_D;33;2;35;heavy;1
2025-07-02T08:03:00+02:00;9214_G;56;1;100;freeFlow;4
2025-07-02T08:03:00+02:00;9215;54;51;100;heavy;4
2025-07-02T08:03:00+02:00;9279;81;26;100;freeFlow;6
2025-07-02T08:03:00+02:00;9280;81;30;100;freeFlow;5
2025-07-02T08:03:00+02:00;9343_D;54;23;75;heavy;2
2025-07-02T08:03:00+02:00;9343_G;80;15;0;unknown;0
2025-07-02T08:03:00+02:00;9344_D;45;13;60;freeFlow;1
2025-07-02T08:03:00+02:00;9344_G;30;20;0;unknown;0
2025-07-02T08:03:00+02:00;9345_D;44;19;60;freeFlow;1
2025-07-02T08:03:00+02:00;9345_G;30;28;0;unknown;0
2025-07-02T08:03:00+02:00;9346_D;41;11;60;freeFlow;1
2025-07-02T08:03:00+02:00;9346_G;30;15;0;unknown;0
2025-07-02T08:03:00+02:00;9348_D;50;4;60;freeFlow;1
2025-07-02T08:03:00+02:00;9348_G;30;8;0;unknown;0
2025-07-02T08:03:00+02:00;9351_D;59;20;60;freeFlow;1
2025-07-02T08:03:00+02:00;9351_G;80;14;0;unknown;0
2025-07-02T08:03:00+02:00;9370_D;49;17;75;heavy;2
2025-07-02T08:03:00+02:00;9370_G;80;11;0;unknown;0
2025-07-02T08:03:00+02:00;9371_D;49;13;75;heavy;2
2025-07-02T08:03:00+02:00;9371_G;80;8;0;unknown;0
2025-07-02T08:03:00+02:00;9378;67;17;100;freeFlow;13
2025-07-02T08:03:00+02:00;9379;63;18;100;heavy;9
2025-07-02T08:03:00+02:00;9414_D;48;5;60;freeFlow;1
2025-07-02T08:03:00+02:00;9414_G;61;4;17;freeFlow;1
2025-07-02T08:03:00+02:00;9416_D;45;5;60;freeFlow;1
2025-07-02T08:03:00+02:00;9416_G;30;7;0;unknown;0
2025-07-02T08:03:00+02:00;9418_D;45;8;60;freeFlow;1
2025-07-02T08:03:00+02:00;9418_G;30;12;0;unknown;0
2025-07-02T08:03:00+02:00;9421;33;3;75;freeFlow;2
2025-07-02T08:03:00+02:00;9422;45;2;60;freeFlow;1
2025-07-02T08:03:00+02:00;9423;30;3;0;unknown;0
2025-07-02T08:03:00+02:00;9424;30;6;0;unknown;0
2025-07-02T08:03:00+02:00;9425_D;45;3;60;freeFlow;1
2025-07-02T08:03:00+02:00;9425_G;30;4;0;unknown;0
2025-07-02T08:03:00+02:00;9427_D;43;8;75;heavy;2
2025-07-02T08:03:00+02:00;9427_G;80;4;0;unknown;0
2025-07-02T08:03:00+02:00;9434_D;67;12;75;freeFlow;2
2025-07-02T08:03:00+02:00;9434_G;80;10;0;unknown;0
2025-07-02T08:03:00+02:00;9435_D;68;15;75;freeFlow;2
2025-07-02T08:03:00+02:00;9435_G;80;13;0;unknown;0
2025-07-02T08:03:00+02:00;9437_D;59;19;75;freeFlow;2
2025-07-02T08:03:00+02:00;9437_G;80;14;0;unknown;0
2025-07-02T08:03:00+02:00;9588_D;64;9;100;freeFlow;3
2025-07-02T08:03:00+02:00;9588_G;74;8;32;freeFlow;1
2025-07-02T08:03:00+02:00;9625_D;60;6;100;freeFlow;3
2025-07-02T08:03:00+02:00;9625_G;58;6;32;freeFlow;1
2025-07-02T08:03:00+02:00;9739;25;5;100;heavy;5
2025-07-02T08:03:00+02:00;9740;46;1;100;heavy;4
2025-07-02T08:03:00+02:00;9741;25;3;75;heavy;2
2025-07-02T08:03:00+02:00;9742;21;7;60;congested;1
2025-07-02T08:03:00+02:00;9745_D;52;3;100;freeFlow;5
2025-07-02T08:03:00+02:00;9745_G;21;13;74;heavy;2
2025-07-02T08:03:00+02:00;9757_D;37;3;100;heavy;4
2025-07-02T08:03:00+02:00;9757_G;17;7;60;congested;2
2025-07-02T08:03:00+02:00;9758_D;37;8;100;heavy;3
2025-07-02T08:03:00+02:00;9758_G;9;36;38;congested;1
2025-07-02T08:03:00+02:00;9834_D;58;34;100;freeFlow;6
2025-07-02T08:03:00+02:00;9834_G;48;41;69;heavy;2
2025-07-02T08:03:00+02:00;9912;25;7;63;heavy;2
2025-07-02T08:03:00+02:00;9913;52;2;97;freeFlow;4
2025-07-02T08:03:00+02:00;9914;46;2;100;heavy;6
2025-07-02T08:03:00+02:00;9915;46;3;96;heavy;7
2025-07-02T08:03:00+02:00;9916;5;28;66;congested;2
2025-07-02T08:03:00+02:00;9917_D;23;6;60;heavy;1
2025-07-02T08:03:00+02:00;9917_G;65;2;100;freeFlow;3
2025-07-02T08:03:00+02:00;9921_D;57;26;100;freeFlow;6
2025-07-02T08:03:00+02:00;9921_G;44;34;65;heavy;2
2025-07-02T08:03:00+02:00;1601981;21;8;75;heavy;2
2025-07-02T08:03:00+02:00;1601982;50;18;100;freeFlow;3
2025-07-02T08:03:00+02:00;1634;85;7;50;freeFlow;1
2025-07-02T08:03:00+02:00;1635;57;3;60;freeFlow;1
2025-07-02T08:03:00+02:00;1636;39;4;100;freeFlow;4
2025-07-02T08:03:00+02:00;1637;41;3;100;heavy;10
2025-07-02T08:03:00+02:00;1640;63;2;100;freeFlow;9
2025-07-02T08:03:00+02:00;1641;70;2;60;freeFlow;1
2025-07-02T08:03:00+02:00;1642;38;2;100;heavy;5
2025-07-02T08:03:00+02:00;1678329;106;6;30;freeFlow;1
2025-07-02T08:03:00+02:00;1680500_D;47;6;27;freeFlow;1
2025-07-02T08:03:00+02:00;1680500_G;68;4;100;freeFlow;3
2025-07-02T08:03:00+02:00;1680501;52;16;70;freeFlow;12
2025-07-02T08:03:00+02:00;1680580;49;9;60;freeFlow;1
2025-07-02T08:03:00+02:00;1680586;35;4;75;heavy;2
2025-07-02T08:03:00+02:00;1680594;21;1;75;heavy;2
2025-07-02T08:03:00+02:00;1680595;50;1;0;unknown;0
2025-07-02T08:03:00+02:00;1680596;21;2;75;heavy;2
2025-07-02T08:03:00+02:00;1680597;23;2;60;heavy;1
2025-07-02T08:03:00+02:00;1680604;23;3;60;heavy;1
2025-07-02T08:03:00+02:00;1747_D;55;1;100;freeFlow;4
2025-07-02T08:03:00+02:00;1747_G;31;3;60;heavy;1
2025-07-02T08:03:00+02:00;1762;31;16;75;heavy;2
2025-07-02T08:03:00+02:00;1763;73;8;100;freeFlow;5
2025-07-02T08:03:00+02:00;1765_D;54;8;100;freeFlow;4
2025-07-02T08:03:00+02:00;1765_G;35;11;85;freeFlow;4
2025-07-02T08:03:00+02:00;1852;78;14;100;freeFlow;10
2025-07-02T08:03:00+02:00;1857;84;25;100;freeFlow;15
2025-07-02T08:03:00+02:00;1858;78;11;100;freeFlow;7
2025-07-02T08:03:00+02:00;1859;83;12;100;freeFlow;9
2025-07-02T08:03:00+02:00;1860;96;13;100;freeFlow;3
2025-07-02T08:03:00+02:00;1910718_D;34;4;75;heavy;2
2025-07-02T08:03:00+02:00;1910718_G;4;25;38;congested;1
2025-07-02T08:03:00+02:00;1910863_D;26;21;22;heavy;1
2025-07-02T08:03:00+02:00;1910863_G;50;11;0;unknown;0
2025-07-02T08:03:00+02:00;1911250;45;5;83;freeFlow;3
2025-07-02T08:03:00+02:00;35088;42;5;100;heavy;7
2025-07-02T08:03:00+02:00;35089;66;3;100;freeFlow;7
2025-07-02T08:03:00+02:00;35090;66;1;100;freeFlow;4
2025-07-02T08:03:00+02:00;35091;55;2;100;freeFlow;5
2025-07-02T08:03:00+02:00;35093;61;5;100;freeFlow;4
2025-07-02T08:03:00+02:00;35094;57;5;100;freeFlow;5
2025-07-02T08:03:00+02:00;35099;27;4;60;heavy;1
2025-07-02T08:03:00+02:00;35101;41;2;100;heavy;4
2025-07-02T08:03:00+02:00;35102;53;1;57;freeFlow;1
2025-07-02T08:03:00+02:00;35104;52;50;100;freeFlow;6
2025-07-02T08:03:00+02:00;35116;22;6;100;heavy;6
2025-07-02T08:03:00+02:00;35117;33;5;89;heavy;5
2025-07-02T08:03:00+02:00;35118;28;6;92;heavy;3
2025-07-02T08:03:00+02:00;35119;31;7;100;heavy;6
2025-07-02T08:03:00+02:00;35120_D;35;2;75;heavy;2
2025-07-02T08:03:00+02:00;35120_G;31;2;60;heavy;1
2025-07-02T08:03:00+02:00;35121_D;23;89;100;heavy;3
2025-07-02T08:03:00+02:00;35121_G;40;52;60;freeFlow;1
2025-07-02T08:03:00+02:00;40196;78;3;100;freeFlow;4
2025-07-02T08:03:00+02:00;40197;78;3;100;freeFlow;4
2025-07-02T08:03:00+02:00;41636_D;11;15;55;congested;2
2025-07-02T08:03:00+02:00;41636_G;20;8;45;heavy;1
2025-07-02T08:03:00+02:00;41652_G;19;12;57;heavy;1
2025-07-02T08:03:00+02:00;41653_D;28;3;66;heavy;2
2025-07-02T08:03:00+02:00;41653_G;14;6;60;congested;1
2025-07-02T08:03:00+02:00;41667_D;24;6;27;heavy;1
2025-07-02T08:03:00+02:00;41667_G;22;6;60;heavy;1
2025-07-02T08:03:00+02:00;41668_D;9;7;25;congested;1
2025-07-02T08:03:00+02:00;41668_G;8;6;60;congested;1
2025-07-02T08:03:00+02:00;41721;87;12;100;freeFlow;10
2025-07-02T08:03:00+02:00;41722;85;13;100;freeFlow;11
2025-07-02T08:03:00+02:00;41758;82;16;100;freeFlow;12
2025-07-02T08:03:00+02:00;41759;73;19;100;freeFlow;12
2025-07-02T08:03:00+02:00;41760;86;16;100;freeFlow;11
2025-07-02T08:03:00+02:00;41949_D;35;7;75;heavy;2
2025-07-02T08:03:00+02:00;41949_G;34;8;40;heavy;1
2025-07-02T08:03:00+02:00;41974_D;24;9;75;heavy;2
2025-07-02T08:03:00+02:00;41974_G;25;9;42;heavy;1
2025-07-02T08:03:00+02:00;41975_D;36;9;75;freeFlow;2
2025-07-02T08:03:00+02:00;41975_G;34;10;40;heavy;1
2025-07-02T08:03:00+02:00;41985_D;9;9;25;congested;1
2025-07-02T08:03:00+02:00;41985_G;23;3;60;heavy;1
2025-07-02T08:03:00+02:00;42064_D;24;9;27;heavy;1
2025-07-02T08:03:00+02:00;42064_G;23;9;60;heavy;1
2025-07-02T08:03:00+02:00;420870_D;49;5;55;freeFlow;1
2025-07-02T08:03:00+02:00;420870_G;42;6;60;freeFlow;1
2025-07-02T08:03:00+02:00;42206_G;24;39;42;heavy;1
2025-07-02T08:03:00+02:00;42238_G;23;15;60;heavy;1
2025-07-02T08:03:00+02:00;42239_D;30;9;60;heavy;1
2025-07-02T08:03:00+02:00;42239_G;10;28;59;congested;1
2025-07-02T08:03:00+02:00;42240_D;28;27;57;heavy;1
2025-07-02T08:03:00+02:00;42240_G;13;59;45;congested;1
2025-07-02T08:03:00+02:00;42241_D;26;26;99;heavy;3
2025-07-02T08:03:00+02:00;42241_G;13;52;17;congested;1
2025-07-02T08:03:00+02:00;42242_D;9;35;100;congested;3
2025-07-02T08:03:00+02:00;42242_G;13;22;15;congested;1
2025-07-02T08:03:00+02:00;42683_D;21;16;75;heavy;2
2025-07-02T08:03:00+02:00;42683_G;50;6;0;unknown;0
2025-07-02T08:03:00+02:00;42714_D;36;6;75;freeFlow;2
2025-07-02T08:03:00+02:00;42714_G;12;16;42;congested;1
2025-07-02T08:03:00+02:00;42716_D;33;3;75;heavy;2
2025-07-02T08:03:00+02:00;42716_G;39;2;40;freeFlow;1
2025-07-02T08:03:00+02:00;43449_D;18;12;48;heavy;1
2025-07-02T08:03:00+02:00;43449_G;11;20;17;heavy;1
2025-07-02T08:03:00+02:00;43450_D;6;52;52;congested;1
2025-07-02T08:03:00+02:00;43450_G;8;39;15;congested;1
2025-07-02T08:03:00+02:00;43451_G;35;13;17;freeFlow;1
2025-07-02T08:03:00+02:00;43452_D;20;8;48;heavy;1
2025-07-02T08:03:00+02:00;43452_G;15;11;17;heavy;1
2025-07-02T08:03:00+02:00;43475_D;50;4;0;unknown;0
2025-07-02T08:03:00+02:00;43475_G;50;4;0;unknown;0
2025-07-02T08:03:00+02:00;43622_D;16;6;20;heavy;1
2025-07-02T08:03:00+02:00;43622_G;34;3;50;heavy;1
2025-07-02T08:03:00+02:00;43623_D;16;12;20;heavy;1
2025-07-02T08:03:00+02:00;43623_G;15;14;50;congested;1
2025-07-02T08:03:00+02:00;43624_D;16;14;20;heavy;1
2025-07-02T08:03:00+02:00;43624_G;8;29;50;congested;1
2025-07-02T08:03:00+02:00;43625_D;35;11;17;freeFlow;1
2025-07-02T08:03:00+02:00;43625_G;34;11;50;heavy;1
2025-07-02T08:03:00+02:00;43657_D;34;2;50;heavy;1
2025-07-02T08:03:00+02:00;43657_G;35;2;17;freeFlow;1
2025-07-02T08:03:00+02:00;43659_D;30;5;48;freeFlow;1
2025-07-02T08:03:00+02:00;43659_G;35;4;17;freeFlow;1
2025-07-02T08:03:00+02:00;44039_D;50;2;0;unknown;0
2025-07-02T08:03:00+02:00;44039_G;50;2;0;unknown;0
2025-07-02T08:03:00+02:00;44040_D;50;9;0;unknown;0
2025-07-02T08:03:00+02:00;44040_G;50;9;0;unknown;0
2025-07-02T08:03:00+02:00;44041_D;50;9;0;unknown;0
2025-07-02T08:03:00+02:00;44041_G;50;9;0;unknown;0
2025-07-02T08:03:00+02:00;44042_D;50;10;0;unknown;0
2025-07-02T08:03:00+02:00;44042_G;50;9;0;unknown;0
2025-07-02T08:03:00+02:00;44071_D;5;54;48;congested;1
2025-07-02T08:03:00+02:00;44071_G;9;36;60;congested;1
2025-07-02T08:03:00+02:00;44080;8;14;75;congested;2
2025-07-02T08:03:00+02:00;44113_D;15;19;60;heavy;1
2025-07-02T08:03:00+02:00;44113_G;50;6;0;unknown;0
2025-07-02T08:03:00+02:00;44114_D;15;17;60;heavy;1
2025-07-02T08:03:00+02:00;44114_G;50;5;0;unknown;0
2025-07-02T08:03:00+02:00;44115_D;40;9;60;freeFlow;1
2025-07-02T08:03:00+02:00;44115_G;50;7;0;unknown;0
2025-07-02T08:03:00+02:00;44117_D;29;10;60;heavy;1
2025-07-02T08:03:00+02:00;44117_G;50;5;0;unknown;0
2025-07-02T08:03:00+02:00;44118_D;11;19;60;congested;1
2025-07-02T08:03:00+02:00;44118_G;50;4;0;unknown;0
2025-07-02T08:03:00+02:00;44125_D;15;9;60;heavy;1
2025-07-02T08:03:00+02:00;44125_G;11;12;52;congested;1
2025-07-02T08:03:00+02:00;44127;45;6;35;freeFlow;1
2025-07-02T08:03:00+02:00;44128;48;7;35;freeFlow;1
2025-07-02T08:03:00+02:00;44170_D;29;6;60;heavy;1
2025-07-02T08:03:00+02:00;44170_G;50;4;0;unknown;0
2025-07-02T08:03:00+02:00;44713_D;14;2;52;congested;1
2025-07-02T08:03:00+02:00;44713_G;20;1;48;heavy;1
2025-07-02T08:03:00+02:00;44930;104;2;60;freeFlow;1
2025-07-02T08:03:00+02:00;44931;65;10;75;freeFlow;2
2025-07-02T08:03:00+02:00;44934;77;26;100;freeFlow;11
2025-07-02T08:03:00+02:00;45486_G;42;5;60;freeFlow;1
2025-07-02T08:03:00+02:00;45487_G;42;6;60;freeFlow;1
2025-07-02T08:03:00+02:00;45488_D;26;26;55;heavy;1
2025-07-02T08:03:00+02:00;45488_G;42;16;60;freeFlow;1
2025-07-02T08:03:00+02:00;45489_D;39;7;55;freeFlow;1
2025-07-02T08:03:00+02:00;45489_G;42;6;60;freeFlow;1
2025-07-02T08:03:00+02:00;45490_D;33;5;55;heavy;1
2025-07-02T08:03:00+02:00;45490_G;42;4;60;freeFlow;1
2025-07-02T08:03:00+02:00;45503_D;50;3;0;unknown;0
2025-07-02T08:03:00+02:00;45503_G;16;8;75;heavy;2
2025-07-02T08:03:00+02:00;45504_D;50;3;0;unknown;0
2025-07-02T08:03:00+02:00;45504_G;20;7;75;heavy;2
2025-07-02T08:03:00+02:00;45505_D;50;7;0;unknown;0
2025-07-02T08:03:00+02:00;45505_G;31;11;75;heavy;2
2025-07-02T08:03:00+02:00;45530_D;33;2;60;freeFlow;1
2025-07-02T08:03:00+02:00;45530_G;30;2;0;unknown;0
2025-07-02T08:03:00+02:00;45531_D;18;3;75;heavy;2
2025-07-02T08:03:00+02:00;45531_G;30;2;0;unknown;0
2025-07-02T08:03:00+02:00;45532_D;27;8;75;freeFlow;2
2025-07-02T08:03:00+02:00;45532_G;2;93;48;congested;1
2025-07-02T08:03:00+02:00;45565_D;43;8;42;freeFlow;1
2025-07-02T08:03:00+02:00;45565_G;29;11;75;heavy;2
2025-07-02T08:03:00+02:00;45566_D;31;9;42;heavy;1
2025-07-02T08:03:00+02:00;45566_G;24;11;63;heavy;2
2025-07-02T08:03:00+02:00;45567_D;6;50;42;congested;1
2025-07-02T08:03:00+02:00;45567_G;15;19;64;congested;2
2025-07-02T08:03:00+02:00;45568_D;37;12;70;freeFlow;2
2025-07-02T08:03:00+02:00;45568_G;12;40;75;congested;2
2025-07-02T08:03:00+02:00;45601_D;36;9;71;freeFlow;2
2025-07-02T08:03:00+02:00;45601_G;28;11;45;heavy;1
2025-07-02T08:03:00+02:00;45613_D;18;17;52;heavy;1
2025-07-02T08:03:00+02:00;45613_G;42;8;75;freeFlow;2
2025-07-02T08:03:00+02:00;45614_D;30;7;55;heavy;1
2025-07-02T08:03:00+02:00;45614_G;42;5;60;freeFlow;1
2025-07-02T08:03:00+02:00;45636;106;11;75;freeFlow;2
2025-07-02T08:03:00+02:00;45637;71;16;100;freeFlow;10
2025-07-02T08:03:00+02:00;45640;40;12;60;freeFlow;1
2025-07-02T08:03:00+02:00;45641;105;12;70;freeFlow;11
2025-07-02T08:03:00+02:00;45642;86;25;100;freeFlow;11
2025-07-02T08:03:00+02:00;45644_D;27;35;75;heavy;2
2025-07-02T08:03:00+02:00;45644_G;11;83;65;congested;2
2025-07-02T08:03:00+02:00;45645_G;38;15;30;freeFlow;1
2025-07-02T08:03:00+02:00;45725;80;39;100;freeFlow;12
2025-07-02T08:03:00+02:00;45736_D;31;15;60;heavy;1
2025-07-02T08:03:00+02:00;45736_G;56;8;30;freeFlow;1
2025-07-02T08:03:00+02:00;45759_D;31;12;60;heavy;1
2025-07-02T08:03:00+02:00;45759_G;29;13;60;heavy;1
2025-07-02T08:03:00+02:00;45760_D;31;9;60;heavy;1
2025-07-02T08:03:00+02:00;45760_G;34;8;60;heavy;1
2025-07-02T08:03:00+02:00;45761_G;33;9;60;heavy;1
2025-07-02T08:03:00+02:00;45762_D;31;8;60;heavy;1
2025-07-02T08:03:00+02:00;45762_G;33;7;60;heavy;1
2025-07-02T08:03:00+02:00;45849_D;16;5;20;heavy;1
2025-07-02T08:03:00+02:00;45849_G;50;2;0;unknown;0
2025-07-02T08:03:00+02:00;45850_D;26;4;22;heavy;1
2025-07-02T08:03:00+02:00;45850_G;50;2;0;unknown;0
2025-07-02T08:03:00+02:00;45865_G;50;7;0;unknown;0
2025-07-02T08:03:00+02:00;46027;4;13;50;congested;1
2025-07-02T08:03:00+02:00;46028;42;17;60;freeFlow;1
2025-07-02T08:03:00+02:00;46029;19;9;55;heavy;1
2025-07-02T08:03:00+02:00;46036_D;21;24;52;heavy;1
2025-07-02T08:03:00+02:00;46036_G;28;18;75;heavy;2
2025-07-02T08:03:00+02:00;46053_G;11;36;75;congested;2
2025-07-02T08:03:00+02:00;46054_D;50;4;0;unknown;0
2025-07-02T08:03:00+02:00;46054_G;36;5;75;freeFlow;2
2025-07-02T08:03:00+02:00;46055_D;50;5;0;unknown;0
2025-07-02T08:03:00+02:00;46055_G;40;6;75;freeFlow;2
2025-07-02T08:03:00+02:00;46056_G;43;2;75;freeFlow;2
2025-07-02T08:03:00+02:00;46057_D;14;12;25;congested;1
2025-07-02T08:03:00+02:00;46057_G;31;6;75;heavy;2
2025-07-02T08:03:00+02:00;46058_D;30;11;25;heavy;1
2025-07-02T08:03:00+02:00;46058_G;22;16;100;heavy;3
2025-07-02T08:03:00+02:00;46059_D;21;29;43;heavy;2
2025-07-02T08:03:00+02:00;46059_G;31;19;100;heavy;3
2025-07-02T08:03:00+02:00;46079_D;14;20;25;congested;1
2025-07-02T08:03:00+02:00;46079_G;29;10;75;heavy;2
2025-07-02T08:03:00+02:00;46080_D;26;18;45;heavy;1
2025-07-02T08:03:00+02:00;46080_G;15;32;100;congested;3
2025-07-02T08:03:00+02:00;46081;17;15;100;heavy;3
2025-07-02T08:03:00+02:00;46135;42;8;55;freeFlow;1
2025-07-02T08:03:00+02:00;46136;42;7;55;freeFlow;1
2025-07-02T08:03:00+02:00;46137;33;14;55;heavy;1
2025-07-02T08:03:00+02:00;46163;13;24;100;congested;3
2025-07-02T08:03:00+02:00;46228;107;10;60;freeFlow;1
2025-07-02T08:03:00+02:00;46230;56;25;100;heavy;14
2025-07-02T08:03:00+02:00;46251_D;42;4;55;freeFlow;1
2025-07-02T08:03:00+02:00;46251_G;42;4;60;freeFlow;1
2025-07-02T08:03:00+02:00;46264;82;20;100;freeFlow;4
2025-07-02T08:03:00+02:00;46265;43;16;100;heavy;10
2025-07-02T08:03:00+02:00;46266;67;4;100;freeFlow;12
2025-07-02T08:03:00+02:00;46267;85;9;100;freeFlow;10
2025-07-02T08:03:00+02:00;46268;54;28;100;heavy;10
2025-07-02T08:03:00+02:00;46270_D;29;8;57;heavy;1
2025-07-02T08:03:00+02:00;46270_G;24;9;40;heavy;1
2025-07-02T08:03:00+02:00;46271_D;12;22;59;congested;1
2025-07-02T08:03:00+02:00;46271_G;13;20;40;congested;1
2025-07-02T08:03:00+02:00;46374_D;8;154;17;congested;1
2025-07-02T08:03:00+02:00;46374_G;25;49;75;heavy;2
2025-07-02T08:03:00+02:00;46375_D;36;13;38;freeFlow;1
2025-07-02T08:03:00+02:00;46375_G;27;18;98;heavy;3
2025-07-02T08:03:00+02:00;46376_D;25;28;60;heavy;2
2025-07-02T08:03:00+02:00;46376_G;22;31;95;heavy;3
2025-07-02T08:03:00+02:00;46377_D;17;24;40;heavy;1
2025-07-02T08:03:00+02:00;46377_G;35;12;52;heavy;1
2025-07-02T08:03:00+02:00;46427_D;36;10;38;freeFlow;1
2025-07-02T08:03:00+02:00;46427_G;36;10;60;freeFlow;1
2025-07-02T08:03:00+02:00;46559_D;43;2;48;freeFlow;1
2025-07-02T08:03:00+02:00;46559_G;36;2;75;freeFlow;2
2025-07-02T08:03:00+02:00;46560_D;25;16;67;heavy;2
2025-07-02T08:03:00+02:00;46560_G;19;21;75;heavy;2
2025-07-02T08:03:00+02:00;46561_D;29;8;48;heavy;1
2025-07-02T08:03:00+02:00;46561_G;30;9;75;heavy;2
2025-07-02T08:03:00+02:00;46562_D;35;3;48;heavy;1
2025-07-02T08:03:00+02:00;46562_G;27;4;75;heavy;2
2025-07-02T08:03:00+02:00;46563_D;28;15;48;heavy;1
2025-07-02T08:03:00+02:00;46563_G;23;18;75;heavy;2
2025-07-02T08:03:00+02:00;46564_D;14;15;50;congested;1
2025-07-02T08:03:00+02:00;46564_G;9;22;75;congested;2
2025-07-02T08:03:00+02:00;46565_D;25;7;50;heavy;1
2025-07-02T08:03:00+02:00;46565_G;7;26;75;congested;2
2025-07-02T08:03:00+02:00;46566_D;19;14;50;heavy;1
2025-07-02T08:03:00+02:00;46566_G;20;14;75;heavy;2
2025-07-02T08:03:00+02:00;46567_G;39;3;50;freeFlow;1
2025-07-02T08:03:00+02:00;46568_D;50;1;0;unknown;0
2025-07-02T08:03:00+02:00;46568_G;24;3;70;heavy;2
2025-07-02T08:03:00+02:00;46569_D;3;142;72;congested;2
2025-07-02T08:03:00+02:00;46569_G;18;26;100;heavy;3
2025-07-02T08:03:00+02:00;46627_D;37;14;48;freeFlow;1
2025-07-02T08:03:00+02:00;46627_G;25;21;75;heavy;2
2025-07-02T08:03:00+02:00;46628_D;23;17;50;heavy;1
2025-07-02T08:03:00+02:00;46628_G;23;17;75;heavy;2
2025-07-02T08:03:00+02:00;46640;50;15;0;unknown;0
2025-07-02T08:03:00+02:00;46641;50;8;0;unknown;0
2025-07-02T08:03:00+02:00;46643;50;3;0;unknown;0
2025-07-02T08:03:00+02:00;46649;50;8;0;unknown;0
2025-07-02T08:03:00+02:00;46653_D;43;14;50;freeFlow;1
2025-07-02T08:03:00+02:00;46653_G;24;25;75;heavy;2
2025-07-02T08:03:00+02:00;46654_D;13;39;52;congested;1
2025-07-02T08:03:00+02:00;46654_G;43;12;75;freeFlow;2
2025-07-02T08:03:00+02:00;46655_D;34;5;52;heavy;1
2025-07-02T08:03:00+02:00;46655_G;29;5;75;heavy;2
2025-07-02T08:03:00+02:00;46682;96;5;52;freeFlow;1
2025-07-02T08:03:00+02:00;46683;96;1;52;freeFlow;1
2025-07-02T08:03:00+02:00;46684;38;13;60;freeFlow;1
2025-07-02T08:03:00+02:00;46685;49;21;100;freeFlow;5
2025-07-02T08:03:00+02:00;46686;20;65;86;heavy;3
2025-07-02T08:03:00+02:00;46688;56;20;73;freeFlow;2
2025-07-02T08:03:00+02:00;46716;83;1;100;freeFlow;6
2025-07-02T08:03:00+02:00;46717;83;45;100;freeFlow;14
2025-07-02T08:03:00+02:00;46718;69;15;100;freeFlow;8
2025-07-02T08:03:00+02:00;46719;105;7;100;freeFlow;3
2025-07-02T08:03:00+02:00;46720;90;2;60;freeFlow;1
2025-07-02T08:03:00+02:00;46728;68;5;75;freeFlow;2
2025-07-02T08:03:00+02:00;46745_D;32;18;59;heavy;1
2025-07-02T08:03:00+02:00;46745_G;25;24;57;heavy;1
2025-07-02T08:03:00+02:00;46746_D;45;19;75;freeFlow;2
2025-07-02T08:03:00+02:00;46746_G;60;15;60;freeFlow;1
2025-07-02T08:03:00+02:00;46975;22;7;69;heavy;2
2025-07-02T08:03:00+02:00;47024;96;2;52;freeFlow;1
2025-07-02T08:03:00+02:00;47025;96;4;52;freeFlow;1
2025-07-02T08:03:00+02:00;47030;42;8;75;freeFlow;2
2025-07-02T08:03:00+02:00;47057;75;11;100;freeFlow;9
2025-07-02T08:03:00+02:00;47058;70;27;100;freeFlow;13
2025-07-02T08:03:00+02:00;47059;38;34;100;heavy;4
2025-07-02T08:03:00+02:00;47060;38;25;100;heavy;5
2025-07-02T08:03:00+02:00;47062;60;14;30;freeFlow;1
2025-07-02T08:03:00+02:00;47064;41;2;100;freeFlow;10
2025-07-02T08:03:00+02:00;47066;103;1;75;freeFlow;2
2025-07-02T08:03:00+02:00;47068;28;24;88;heavy;3
2025-07-02T08:03:00+02:00;47070;41;7;100;freeFlow;6
2025-07-02T08:03:00+02:00;47071;55;16;100;freeFlow;4
2025-07-02T08:03:00+02:00;47074;71;6;100;freeFlow;5
2025-07-02T08:03:00+02:00;47075;71;4;60;freeFlow;1
2025-07-02T08:03:00+02:00;47078;25;96;100;heavy;4
2025-07-02T08:03:00+02:00;47101;40;10;75;freeFlow;2
2025-07-02T08:03:00+02:00;47107;54;9;100;heavy;5
2025-07-02T08:03:00+02:00;47108;88;9;75;freeFlow;2
2025-07-02T08:03:00+02:00;47109;35;2;100;heavy;5
2025-07-02T08:03:00+02:00;47110;28;27;100;heavy;3
2025-07-02T08:03:00+02:00;47111;68;26;100;freeFlow;6
2025-07-02T08:03:00+02:00;47112;33;26;100;heavy;5
2025-07-02T08:03:00+02:00;47113;75;8;100;freeFlow;4
2025-07-02T08:03:00+02:00;47114;61;23;100;freeFlow;3
2025-07-02T08:03:00+02:00;47115;47;30;100;freeFlow;6
2025-07-02T08:03:00+02:00;47238;69;8;100;freeFlow;12
2025-07-02T08:03:00+02:00;47240;73;20;100;freeFlow;10
2025-07-02T08:03:00+02:00;47241;69;15;100;freeFlow;8
2025-07-02T08:03:00+02:00;47242;72;18;100;freeFlow;10
2025-07-02T08:03:00+02:00;47243;59;24;100;heavy;13
2025-07-02T08:03:00+02:00;47290;23;22;100;heavy;3
2025-07-02T08:03:00+02:00;47293;43;12;100;heavy;11
2025-07-02T08:03:00+02:00;47299;38;9;100;heavy;6
2025-07-02T08:03:00+02:00;47300;88;14;75;freeFlow;2
2025-07-02T08:03:00+02:00;47306;84;24;100;freeFlow;11
2025-07-02T08:03:00+02:00;47316;48;6;75;heavy;2
2025-07-02T08:03:00+02:00;47428_D;50;5;0;unknown;0
2025-07-02T08:03:00+02:00;47428_G;50;5;0;unknown;0
2025-07-02T08:03:00+02:00;48769_D;19;7;75;heavy;2
2025-07-02T08:03:00+02:00;48769_G;37;4;60;freeFlow;1
2025-07-02T08:03:00+02:00;48890;34;1;57;heavy;1
2025-07-02T08:03:00+02:00;48891;50;1;0;unknown;0
2025-07-02T08:03:00+02:00;48958_D;20;11;60;heavy;1
2025-07-02T08:03:00+02:00;48958_G;35;6;48;heavy;1
2025-07-02T08:03:00+02:00;489866_G;26;7;73;heavy;2
2025-07-02T08:03:00+02:00;49004;54;4;75;freeFlow;2
2025-07-02T08:03:00+02:00;490194_D;38;2;75;freeFlow;2
2025-07-02T08:03:00+02:00;490194_G;32;2;40;heavy;1
2025-07-02T08:03:00+02:00;49023;75;8;60;freeFlow;1
2025-07-02T08:03:00+02:00;49068;4;173;70;congested;2
2025-07-02T08:03:00+02:00;49074;106;1;30;freeFlow;1
2025-07-02T08:03:00+02:00;49075;70;2;0;unknown;0
2025-07-02T08:03:00+02:00;49081;105;5;60;freeFlow;1
2025-07-02T08:03:00+02:00;49084;22;19;98;heavy;3
2025-07-02T08:03:00+02:00;49137_D;50;4;0;unknown;0
2025-07-02T08:03:00+02:00;49137_G;50;4;0;unknown;0
2025-07-02T08:03:00+02:00;49184;32;3;48;heavy;1
2025-07-02T08:03:00+02:00;492351_G;42;3;60;freeFlow;1
2025-07-02T08:03:00+02:00;492359_D;36;7;55;freeFlow;1
2025-07-02T08:03:00+02:00;492363_D;50;9;0;unknown;0
2025-07-02T08:03:00+02:00;492363_G;42;11;60;freeFlow;1
2025-07-02T08:03:00+02:00;492435;60;7;60;freeFlow;1
2025-07-02T08:03:00+02:00;492445_G;16;40;75;heavy;2
2025-07-02T08:03:00+02:00;492450;50;10;100;freeFlow;3
2025-07-02T08:03:00+02:00;492452;35;14;75;freeFlow;2
2025-07-02T08:03:00+02:00;492459;87;1;45;freeFlow;1
2025-07-02T08:03:00+02:00;492474;107;2;75;freeFlow;2
2025-07-02T08:03:00+02:00;492475;107;8;75;freeFlow;2
2025-07-02T08:03:00+02:00;492476;56;8;100;freeFlow;4
2025-07-02T08:03:00+02:00;492477;82;1;32;freeFlow;1
2025-07-02T08:03:00+02:00;492479;46;14;60;freeFlow;1
2025-07-02T08:03:00+02:00;492481;46;4;60;freeFlow;1
2025-07-02T08:03:00+02:00;492482;82;2;73;freeFlow;4
2025-07-02T08:03:00+02:00;492483;51;3;100;freeFlow;4
2025-07-02T08:03:00+02:00;492485;106;1;75;freeFlow;2
2025-07-02T08:03:00+02:00;492490;27;12;100;freeFlow;3
2025-07-02T08:03:00+02:00;492495;107;0;75;freeFlow;2
2025-07-02T08:03:00+02:00;492498;107;4;60;freeFlow;1
2025-07-02T08:03:00+02:00;492506;48;5;75;freeFlow;2
2025-07-02T08:03:00+02:00;492512;46;2;60;freeFlow;1
2025-07-02T08:03:00+02:00;492514;76;1;100;freeFlow;3
2025-07-02T08:03:00+02:00;492519;66;8;86;freeFlow;3
2025-07-02T08:03:00+02:00;492574;22;7;75;heavy;2
2025-07-02T08:03:00+02:00;492576;107;0;60;freeFlow;1
2025-07-02T08:03:00+02:00;49328_D;33;4;60;heavy;1
2025-07-02T08:03:00+02:00;49328_G;50;2;0;unknown;0
2025-07-02T08:03:00+02:00;49686_D;50;3;0;unknown;0
2025-07-02T08:03:00+02:00;49686_G;50;3;0;unknown;0
2025-07-02T08:03:00+02:00;50079_D;27;8;63;freeFlow;2
2025-07-02T08:03:00+02:00;50079_G;15;15;15;heavy;1
2025-07-02T08:03:00+02:00;50191_D;38;13;60;freeFlow;1
2025-07-02T08:03:00+02:00;50191_G;33;16;45;heavy;1
2025-07-02T08:03:00+02:00;50308_G;28;10;57;heavy;1
2025-07-02T08:03:00+02:00;50355_D;47;6;55;freeFlow;1
2025-07-02T08:03:00+02:00;50355_G;42;7;60;freeFlow;1
2025-07-02T08:03:00+02:00;50416_D;53;2;55;freeFlow;1
2025-07-02T08:03:00+02:00;50416_G;42;3;60;freeFlow;1
2025-07-02T08:03:00+02:00;50475;96;4;52;freeFlow;1
2025-07-02T08:03:00+02:00;50509;96;5;52;freeFlow;1
2025-07-02T08:03:00+02:00;50573_D;22;10;48;freeFlow;1
2025-07-02T08:03:00+02:00;50573_G;29;7;12;freeFlow;1
2025-07-02T08:03:00+02:00;51008;50;3;0;unknown;0
2025-07-02T08:03:00+02:00;51017;96;1;52;freeFlow;1
2025-07-02T08:03:00+02:00;51159_D;36;18;38;freeFlow;1
2025-07-02T08:03:00+02:00;51159_G;24;28;93;heavy;3
2025-07-02T08:03:00+02:00;51254_D;18;16;42;heavy;1
2025-07-02T08:03:00+02:00;51254_G;33;9;65;heavy;2
2025-07-02T08:03:00+02:00;51323_D;39;4;60;freeFlow;1
2025-07-02T08:03:00+02:00;51323_G;17;11;48;heavy;1
2025-07-02T08:03:00+02:00;51437_D;43;4;40;freeFlow;1
2025-07-02T08:03:00+02:00;51437_G;42;3;60;freeFlow;1
2025-07-02T08:03:00+02:00;51455_D;39;7;40;freeFlow;1
2025-07-02T08:03:00+02:00;51455_G;40;7;75;freeFlow;2
2025-07-02T08:03:00+02:00;51797;105;2;60;freeFlow;1
2025-07-02T08:03:00+02:00;52130;14;15;32;congested;1
2025-07-02T08:03:00+02:00;53329_D;30;6;25;freeFlow;1
2025-07-02T08:03:00+02:00;53329_G;30;6;0;unknown;0
2025-07-02T08:03:00+02:00;53336_D;10;38;60;congested;1
2025-07-02T08:03:00+02:00;53336_G;24;16;57;heavy;1
2025-07-02T08:03:00+02:00;53411_D;33;11;42;heavy;1
2025-07-02T08:03:00+02:00;53539_G;68;3;100;freeFlow;3
2025-07-02T08:03:00+02:00;53542;107;4;60;freeFlow;1
2025-07-02T08:03:00+02:00;53543;90;5;0;unknown;0
2025-07-02T08:03:00+02:00;53575_D;44;15;25;freeFlow;1
2025-07-02T08:03:00+02:00;53575_G;50;12;0;unknown;0
2025-07-02T08:03:00+02:00;53656;65;1;60;freeFlow;1
2025-07-02T08:03:00+02:00;53660;74;5;60;freeFlow;1
2025-07-02T08:03:00+02:00;53663;4;29;75;congested;2
2025-07-02T08:03:00+02:00;53675;37;2;100;heavy;4
2025-07-02T08:03:00+02:00;53676;27;4;100;heavy;7
2025-07-02T08:03:00+02:00;53677;41;14;100;heavy;6
2025-07-02T08:03:00+02:00;53678;44;1;60;heavy;1
2025-07-02T08:03:00+02:00;53679;46;2;60;heavy;1
2025-07-02T08:03:00+02:00;53681;47;42;100;freeFlow;4
2025-07-02T08:03:00+02:00;53721;27;2;60;heavy;1
2025-07-02T08:03:00+02:00;53885_D;12;44;75;congested;2
2025-07-02T08:03:00+02:00;53885_G;38;13;40;freeFlow;1
2025-07-02T08:03:00+02:00;54211;20;32;58;heavy;1
2025-07-02T08:03:00+02:00;54334_D;15;3;68;congested;2
2025-07-02T08:03:00+02:00;54334_G;8;5;60;congested;1
2025-07-02T08:03:00+02:00;54337;50;16;0;unknown;0
2025-07-02T08:03:00+02:00;54361;24;8;60;heavy;1
2025-07-02T08:03:00+02:00;54580_G;18;31;63;heavy;2
2025-07-02T08:03:00+02:00;54707;51;9;27;freeFlow;1
2025-07-02T08:03:00+02:00;54709;50;1;0;unknown;0
2025-07-02T08:03:00+02:00;54710;47;5;27;freeFlow;1
2025-07-02T08:03:00+02:00;55397_D;31;2;60;heavy;1
2025-07-02T08:03:00+02:00;55397_G;106;1;30;freeFlow;1
2025-07-02T08:03:00+02:00;55401;106;4;30;freeFlow;1
2025-07-02T08:03:00+02:00;55405;106;1;30;freeFlow;1
2025-07-02T08:03:00+02:00;55406;106;2;30;freeFlow;1
2025-07-02T08:03:00+02:00;55407;31;4;60;heavy;1
2025-07-02T08:03:00+02:00;55408;31;5;60;heavy;1
2025-07-02T08:03:00+02:00;55440_D;16;11;75;heavy;2
2025-07-02T08:03:00+02:00;55440_G;18;10;48;heavy;1
2025-07-02T08:03:00+02:00;55443_D;30;3;60;heavy;1
2025-07-02T08:03:00+02:00;55443_G;17;3;48;heavy;1
2025-07-02T08:03:00+02:00;55446;17;5;48;heavy;1
2025-07-02T08:03:00+02:00;55447;18;3;60;heavy;1
2025-07-02T08:03:00+02:00;55448;24;3;100;heavy;3
2025-07-02T08:03:00+02:00;55449;24;3;60;heavy;1
2025-07-02T08:03:00+02:00;55516;50;2;0;unknown;0
2025-07-02T08:03:00+02:00;55669;6;35;71;congested;2
2025-07-02T08:03:00+02:00;55671;50;7;0;unknown;0
2025-07-02T08:03:00+02:00;55696;50;15;0;unknown;0
2025-07-02T08:03:00+02:00;55698;50;9;0;unknown;0
2025-07-02T08:03:00+02:00;55700;50;8;0;unknown;0
2025-07-02T08:03:00+02:00;55703;50;3;0;unknown;0
2025-07-02T08:03:00+02:00;55706;50;1;0;unknown;0
2025-07-02T08:03:00+02:00;55707;50;7;0;unknown;0
2025-07-02T08:03:00+02:00;55708;34;4;57;heavy;1
2025-07-02T08:03:00+02:00;55710;45;15;57;freeFlow;1
2025-07-02T08:03:00+02:00;55711;50;1;0;unknown;0
2025-07-02T08:03:00+02:00;55713;50;14;0;unknown;0
2025-07-02T08:03:00+02:00;55781_D;33;4;45;heavy;1
2025-07-02T08:03:00+02:00;55781_G;27;4;100;heavy;3
2025-07-02T08:03:00+02:00;55800;34;9;48;heavy;1
2025-07-02T08:03:00+02:00;55801;26;6;100;heavy;3
2025-07-02T08:03:00+02:00;55805;45;5;48;freeFlow;1
2025-07-02T08:03:00+02:00;55806;19;26;68;heavy;2
2025-07-02T08:03:00+02:00;55811;40;8;50;freeFlow;1
2025-07-02T08:03:00+02:00;55814;35;3;48;freeFlow;1
2025-07-02T08:03:00+02:00;55815;24;1;73;heavy;2
2025-07-02T08:03:00+02:00;55820;50;1;0;unknown;0
2025-07-02T08:03:00+02:00;55821;15;8;99;congested;3
2025-07-02T08:03:00+02:00;55822;28;4;60;heavy;1
2025-07-02T08:03:00+02:00;55823;48;1;0;unknown;0
2025-07-02T08:03:00+02:00;55824;35;2;48;freeFlow;1
2025-07-02T08:03:00+02:00;55827;38;2;100;heavy;6
2025-07-02T08:03:00+02:00;55830;39;2;100;heavy;5
2025-07-02T08:03:00+02:00;55841;96;5;52;freeFlow;1
2025-07-02T08:03:00+02:00;55843;50;1;0;unknown;0
2025-07-02T08:03:00+02:00;55879;96;1;52;freeFlow;1
2025-07-02T08:03:00+02:00;55883;82;1;68;freeFlow;2
2025-07-02T08:03:00+02:00;55887;28;19;75;heavy;2
2025-07-02T08:03:00+02:00;55888;96;6;52;freeFlow;1
2025-07-02T08:03:00+02:00;55889;37;2;75;freeFlow;2
2025-07-02T08:03:00+02:00;55890;96;1;52;freeFlow;1
2025-07-02T08:03:00+02:00;55894;96;1;52;freeFlow;1
2025-07-02T08:03:00+02:00;55896;71;1;60;freeFlow;1
2025-07-02T08:03:00+02:00;55898;32;18;48;heavy;1
2025-07-02T08:03:00+02:00;55899;105;3;60;freeFlow;1
2025-07-02T08:03:00+02:00;55926_D;12;18;60;congested;1
2025-07-02T08:03:00+02:00;55926_G;31;8;40;heavy;1
2025-07-02T08:03:00+02:00;55932;25;3;40;heavy;1
2025-07-02T08:03:00+02:00;55933;33;3;60;heavy;1
2025-07-02T08:03:00+02:00;55958;48;1;75;freeFlow;2
2025-07-02T08:03:00+02:00;55959;32;2;48;heavy;1
2025-07-02T08:03:00+02:00;55974;50;1;75;freeFlow;2
2025-07-02T08:03:00+02:00;55975;57;2;100;freeFlow;6
2025-07-02T08:03:00+02:00;55977;55;3;100;freeFlow;6
2025-07-02T08:03:00+02:00;55978;54;2;75;freeFlow;2
2025-07-02T08:03:00+02:00;55980;96;3;52;freeFlow;1
2025-07-02T08:03:00+02:00;55981;33;8;100;heavy;4
2025-07-02T08:03:00+02:00;56019;35;2;48;freeFlow;1
2025-07-02T08:03:00+02:00;56020;25;2;40;heavy;1
2025-07-02T08:03:00+02:00;56113;22;10;32;heavy;1
2025-07-02T08:03:00+02:00;56115;50;4;0;unknown;0
2025-07-02T08:03:00+02:00;56117;47;6;10;freeFlow;1
2025-07-02T08:03:00+02:00;56118;26;2;60;heavy;1
2025-07-02T08:03:00+02:00;56124;35;2;43;heavy;2
2025-07-02T08:03:00+02:00;56125;47;1;10;freeFlow;1
2025-07-02T08:03:00+02:00;56126;50;3;0;unknown;0
2025-07-02T08:03:00+02:00;56128;24;3;63;heavy;2
2025-07-02T08:03:00+02:00;56157_D;30;13;0;unknown;0
2025-07-02T08:03:00+02:00;56157_G;25;16;60;freeFlow;1
2025-07-02T08:03:00+02:00;56165_D;30;2;0;unknown;0
2025-07-02T08:03:00+02:00;56165_G;30;2;0;unknown;0
2025-07-02T08:03:00+02:00;56170;50;1;0;unknown;0
2025-07-02T08:03:00+02:00;56174;50;5;0;unknown;0
2025-07-02T08:03:00+02:00;56175;42;5;55;freeFlow;1
2025-07-02T08:03:00+02:00;56179;50;2;0;unknown;0
2025-07-02T08:03:00+02:00;56180;50;1;0;unknown;0
2025-07-02T08:03:00+02:00;56181;46;2;55;freeFlow;1
2025-07-02T08:03:00+02:00;56182;46;2;55;freeFlow;1
2025-07-02T08:03:00+02:00;56183;50;1;0;unknown;0
2025-07-02T08:03:00+02:00;56218_D;50;3;0;unknown;0
2025-07-02T08:03:00+02:00;56218_G;50;3;0;unknown;0
2025-07-02T08:03:00+02:00;56223;50;1;0;unknown;0
2025-07-02T08:03:00+02:00;56224;50;8;0;unknown;0
2025-07-02T08:03:00+02:00;56225;18;19;35;heavy;1
2025-07-02T08:03:00+02:00;56229;10;14;35;congested;1
2025-07-02T08:03:00+02:00;56231;15;6;35;heavy;1
2025-07-02T08:03:00+02:00;56232;29;2;35;heavy;1
2025-07-02T08:03:00+02:00;56233;50;9;0;unknown;0
2025-07-02T08:03:00+02:00;56237;50;9;0;unknown;0
2025-07-02T08:03:00+02:00;56239;30;3;0;unknown;0
2025-07-02T08:03:00+02:00;56247;30;1;0;unknown;0
2025-07-02T08:03:00+02:00;56250;33;19;30;freeFlow;1
2025-07-02T08:03:00+02:00;56251;30;21;0;unknown;0
2025-07-02T08:03:00+02:00;56254;28;2;55;freeFlow;1
2025-07-02T08:03:00+02:00;56255;28;2;55;freeFlow;1
2025-07-02T08:03:00+02:00;56256;30;1;0;unknown;0
2025-07-02T08:03:00+02:00;56258;30;5;0;unknown;0
2025-07-02T08:03:00+02:00;56260;28;2;55;freeFlow;1
2025-07-02T08:03:00+02:00;56261;30;2;0;unknown;0
2025-07-02T08:03:00+02:00;56263;30;13;0;unknown;0
2025-07-02T08:03:00+02:00;56264;28;14;55;freeFlow;1
2025-07-02T08:03:00+02:00;56298;30;1;0;unknown;0
2025-07-02T08:03:00+02:00;56300;28;1;55;freeFlow;1
2025-07-02T08:03:00+02:00;56333;35;3;48;freeFlow;1
2025-07-02T08:03:00+02:00;565804_D;7;63;93;congested;3
2025-07-02T08:03:00+02:00;565804_G;18;24;45;heavy;1
2025-07-02T08:03:00+02:00;565852;87;2;100;freeFlow;3
2025-07-02T08:03:00+02:00;565853;90;11;0;unknown;0
2025-07-02T08:03:00+02:00;566240;104;1;52;freeFlow;1
2025-07-02T08:03:00+02:00;566445_D;30;2;0;unknown;0
2025-07-02T08:03:00+02:00;566445_G;25;3;60;freeFlow;1
2025-07-02T08:03:00+02:00;566456_D;30;22;0;unknown;0
2025-07-02T08:03:00+02:00;566456_G;30;22;0;unknown;0
2025-07-02T08:03:00+02:00;566457;50;1;0;unknown;0
2025-07-02T08:03:00+02:00;566465_D;30;10;0;unknown;0
2025-07-02T08:03:00+02:00;566465_G;30;10;0;unknown;0
2025-07-02T08:03:00+02:00;56675_D;23;7;75;heavy;2
2025-07-02T08:03:00+02:00;56675_G;32;5;60;heavy;1
2025-07-02T08:03:00+02:00;566941;37;3;75;freeFlow;2
2025-07-02T08:03:00+02:00;56871_D;50;3;0;unknown;0
2025-07-02T08:03:00+02:00;56871_G;50;3;0;unknown;0
2025-07-02T08:03:00+02:00;56908_D;42;9;60;freeFlow;1
2025-07-02T08:03:00+02:00;56908_G;44;9;25;freeFlow;1
2025-07-02T08:03:00+02:00;56925;66;53;100;freeFlow;13
2025-07-02T08:03:00+02:00;56944_D;35;9;60;freeFlow;1
2025-07-02T08:03:00+02:00;56944_G;30;10;0;unknown;0
2025-07-02T08:03:00+02:00;56945_D;34;7;60;freeFlow;1
2025-07-02T08:03:00+02:00;56945_G;30;7;0;unknown;0
2025-07-02T08:03:00+02:00;57082_G;0;7.542463245815029e+37;0;unknown;0
2025-07-02T08:03:00+02:00;57083_D;44;10;25;freeFlow;1
2025-07-02T08:03:00+02:00;57083_G;30;16;0;unknown;0
2025-07-02T08:03:00+02:00;59724;36;4;75;freeFlow;2
2025-07-02T08:03:00+02:00;59750_D;6;36;65;congested;2
2025-07-02T08:03:00+02:00;59750_G;28;7;57;heavy;1
2025-07-02T08:03:00+02:00;59835_D;47;4;10;freeFlow;1
2025-07-02T08:03:00+02:00;59835_G;31;7;60;heavy;1
2025-07-02T08:03:00+02:00;59836;47;3;10;freeFlow;1
2025-07-02T08:03:00+02:00;59837;26;2;60;heavy;1
2025-07-02T08:03:00+02:00;59838;19;7;60;heavy;1
2025-07-02T08:03:00+02:00;62559_D;10;32;45;congested;1
2025-07-02T08:03:00+02:00;62559_G;28;11;100;heavy;3
2025-07-02T08:03:00+02:00;62560;50;5;0;unknown;0
2025-07-02T08:03:00+02:00;62565_D;25;3;45;heavy;1
2025-07-02T08:03:00+02:00;62565_G;30;2;100;heavy;3
2025-07-02T08:03:00+02:00;62831_D;31;1;60;heavy;1
2025-07-02T08:03:00+02:00;62831_G;33;1;60;heavy;1
2025-07-02T08:03:00+02:00;62832_D;31;2;60;heavy;1
2025-07-02T08:03:00+02:00;62832_G;33;2;60;heavy;1
2025-07-02T08:03:00+02:00;63045_D;22;7;48;freeFlow;1
2025-07-02T08:03:00+02:00;63045_G;35;4;17;freeFlow;1
2025-07-02T08:03:00+02:00;63053_D;26;8;60;heavy;1
2025-07-02T08:03:00+02:00;63053_G;50;4;0;unknown;0
2025-07-02T08:03:00+02:00;63899;72;24;100;freeFlow;5
2025-07-02T08:03:00+02:00;63934;50;1;0;unknown;0
2025-07-02T08:03:00+02:00;63935;38;11;60;freeFlow;1
2025-07-02T08:03:00+02:00;63936;74;7;75;freeFlow;2
2025-07-02T08:03:00+02:00;63939;22;27;61;heavy;2
2025-07-02T08:03:00+02:00;63940;74;1;75;freeFlow;2
2025-07-02T08:03:00+02:00;63941;106;0;30;freeFlow;1
2025-07-02T08:03:00+02:00;63942;50;1;0;unknown;0
2025-07-02T08:03:00+02:00;63943;34;3;60;heavy;1
2025-07-02T08:03:00+02:00;63944;68;2;100;freeFlow;3
2025-07-02T08:03:00+02:00;63947;46;3;43;freeFlow;2
2025-07-02T08:03:00+02:00;63950;46;1;43;freeFlow;2
2025-07-02T08:03:00+02:00;63951;50;2;0;unknown;0
2025-07-02T08:03:00+02:00;63952;106;0;75;freeFlow;2
2025-07-02T08:03:00+02:00;63953;106;1;75;freeFlow;2
2025-07-02T08:03:00+02:00;63970;63;15;60;freeFlow;1
2025-07-02T08:03:00+02:00;63973;42;3;100;freeFlow;3
2025-07-02T08:03:00+02:00;64032;50;20;50;freeFlow;1
2025-07-02T08:03:00+02:00;64061_D;24;13;27;freeFlow;1
2025-07-02T08:03:00+02:00;64061_G;23;14;60;freeFlow;1
2025-07-02T08:03:00+02:00;64637_D;79;5;100;freeFlow;4
2025-07-02T08:03:00+02:00;64637_G;13;31;64;congested;2
2025-07-02T08:03:00+02:00;65310;50;6;0;unknown;0
2025-07-02T08:03:00+02:00;65313;50;6;0;unknown;0
2025-07-02T08:03:00+02:00;65682;54;21;75;freeFlow;2
2025-07-02T08:03:00+02:00;66421;22;3;32;heavy;1
2025-07-02T08:03:00+02:00;66442;50;4;0;unknown;0
2025-07-02T08:03:00+02:00;66782;25;15;60;heavy;1
2025-07-02T08:03:00+02:00;67066;14;22;48;congested;1
2025-07-02T08:03:00+02:00;67097_D;44;8;25;freeFlow;1
2025-07-02T08:03:00+02:00;67097_G;30;12;0;unknown;0
2025-07-02T08:03:00+02:00;69381_D;31;9;60;heavy;1
2025-07-02T08:03:00+02:00;69381_G;34;9;60;heavy;1
2025-07-02T08:03:00+02:00;72487_G;80;31;0;unknown;0
2025-07-02T08:03:00+02:00;72614;50;2;0;unknown;0
2025-07-02T08:03:00+02:00;72621;96;4;52;freeFlow;1
2025-07-02T08:03:00+02:00;72624;61;6;60;freeFlow;1
2025-07-02T08:03:00+02:00;72628;21;1;60;heavy;1
2025-07-02T08:03:00+02:00;74283_D;36;21;75;freeFlow;2
2025-07-02T08:03:00+02:00;74283_G;30;26;40;heavy;1
2025-07-02T08:03:00+02:00;75387;34;2;60;heavy;1
2025-07-02T08:03:00+02:00;75631;59;5;60;freeFlow;1
2025-07-02T08:03:00+02:00;75818_D;47;3;27;freeFlow;1
2025-07-02T08:03:00+02:00;75818_G;68;2;100;freeFlow;3
2025-07-02T08:03:00+02:00;75820;83;23;100;freeFlow;11
2025-07-02T08:03:00+02:00;75824;107;4;60;freeFlow;1
2025-07-02T08:03:00+02:00;75825;68;7;100;freeFlow;10
2025-07-02T08:03:00+02:00;75828;87;8;100;freeFlow;3
2025-07-02T08:03:00+02:00;75829;17;40;100;congested;3
2025-07-02T08:03:00+02:00;75832;40;3;100;freeFlow;5
2025-07-02T08:03:00+02:00;75833;46;4;100;freeFlow;8
2025-07-02T08:03:00+02:00;75835;46;3;100;freeFlow;9
2025-07-02T08:03:00+02:00;75836;70;14;100;freeFlow;3
2025-07-02T08:03:00+02:00;75837;60;7;100;freeFlow;4
2025-07-02T08:03:00+02:00;75838;49;5;100;freeFlow;9
2025-07-02T08:03:00+02:00;75839;96;2;52;freeFlow;1
2025-07-02T08:03:00+02:00;75840;14;13;75;congested;2
2025-07-02T08:03:00+02:00;75845;37;3;100;heavy;6
2025-07-02T08:03:00+02:00;75846;43;7;100;heavy;5
2025-07-02T08:03:00+02:00;75847;35;17;60;heavy;1
2025-07-02T08:03:00+02:00;75848;12;19;99;congested;3
2025-07-02T08:03:00+02:00;75849;26;9;100;heavy;4
2025-07-02T08:03:00+02:00;75850;41;4;75;freeFlow;2
2025-07-02T08:03:00+02:00;75851;12;15;68;congested;2
2025-07-02T08:03:00+02:00;75853;49;2;100;heavy;5
2025-07-02T08:03:00+02:00;75854;34;7;100;heavy;5
2025-07-02T08:03:00+02:00;75856;63;2;100;freeFlow;4
2025-07-02T08:03:00+02:00;75897;67;14;100;freeFlow;4
2025-07-02T08:03:00+02:00;9128;45;61;100;heavy;9
2025-07-02T08:03:00+02:00;9130;57;13;75;freeFlow;2
2025-07-02T08:03:00+02:00;9131;46;14;100;heavy;5
2025-07-02T08:03:00+02:00;9132;56;37;100;heavy;9
2025-07-02T08:03:00+02:00;9146;44;8;100;heavy;5
2025-07-02T08:03:00+02:00;9178;68;17;100;freeFlow;4
2025-07-02T08:03:00+02:00;9179;24;76;100;congested;10
2025-07-02T08:03:00+02:00;9180;57;33;100;heavy;10
2025-07-02T08:03:00+02:00;9181;72;13;100;freeFlow;3
2025-07-02T08:03:00+02:00;9182;37;6;32;heavy;1
2025-07-02T08:03:00+02:00;9183;26;16;88;heavy;4
2025-07-02T08:03:00+02:00;9184;83;8;100;freeFlow;4
2025-07-02T08:03:00+02:00;9245;44;163;100;heavy;11
2025-07-02T08:03:00+02:00;9246;111;107;100;freeFlow;7
2025-07-02T08:03:00+02:00;9380_D;47;39;12;heavy;1
2025-07-02T08:03:00+02:00;9380_G;41;44;60;heavy;1
2025-07-02T08:03:00+02:00;9389;10;9;60;congested;1
2025-07-02T08:03:00+02:00;9390;17;6;75;congested;2
2025-07-02T08:03:00+02:00;9391;17;5;75;congested;2
2025-07-02T08:03:00+02:00;9392;11;9;60;congested;1
2025-07-02T08:03:00+02:00;1677832;18;18;50;heavy;1
2025-07-02T08:03:00+02:00;1679085_D;8;12;55;congested;1
2025-07-02T08:03:00+02:00;1679085_G;29;4;60;heavy;1
2025-07-02T08:03:00+02:00;1679794;32;2;75;heavy;2
2025-07-02T08:03:00+02:00;1679795_G;32;2;75;heavy;2
2025-07-02T08:03:00+02:00;1679796;27;1;75;heavy;2
2025-07-02T08:03:00+02:00;1679797_D;50;6;0;unknown;0
2025-07-02T08:03:00+02:00;1679797_G;50;6;0;unknown;0
2025-07-02T08:03:00+02:00;1679798;22;3;75;heavy;2
2025-07-02T08:03:00+02:00;1679800;18;5;60;heavy;1
2025-07-02T08:03:00+02:00;1680335;17;17;75;heavy;2
2025-07-02T08:03:00+02:00;1680340;18;6;50;heavy;1
2025-07-02T08:03:00+02:00;213972_D;50;6;0;unknown;0
2025-07-02T08:03:00+02:00;213972_G;33;8;0;unknown;0
2025-07-02T08:03:00+02:00;213973_D;50;8;0;unknown;0
2025-07-02T08:03:00+02:00;213973_G;33;11;0;unknown;0
2025-07-02T08:03:00+02:00;213974_D;50;4;0;unknown;0
2025-07-02T08:03:00+02:00;213974_G;50;4;0;unknown;0
2025-07-02T08:03:00+02:00;26521;97;56;75;freeFlow;2
2025-07-02T08:03:00+02:00;26522;95;35;100;freeFlow;6
2025-07-02T08:03:00+02:00;31304_G;41;27;35;freeFlow;1
2025-07-02T08:03:00+02:00;31328;25;36;50;congested;1
2025-07-02T08:03:00+02:00;31441;71;48;100;freeFlow;4
2025-07-02T08:03:00+02:00;31535;37;20;100;heavy;6
2025-07-02T08:03:00+02:00;31552;71;10;100;freeFlow;8
2025-07-02T08:03:00+02:00;31555;66;13;75;freeFlow;2
2025-07-02T08:03:00+02:00;43014_D;20;10;100;heavy;4
2025-07-02T08:03:00+02:00;43014_G;16;12;63;heavy;2
2025-07-02T08:03:00+02:00;43105_D;50;5;0;unknown;0
2025-07-02T08:03:00+02:00;43105_G;13;20;50;congested;1
2025-07-02T08:03:00+02:00;43118_D;22;25;75;heavy;2
2025-07-02T08:03:00+02:00;43118_G;28;20;60;heavy;1
2025-07-02T08:03:00+02:00;43124_D;18;21;75;heavy;2
2025-07-02T08:03:00+02:00;43124_G;29;13;72;freeFlow;2
2025-07-02T08:03:00+02:00;43125_D;21;12;100;freeFlow;4
2025-07-02T08:03:00+02:00;43125_G;28;9;50;freeFlow;1
2025-07-02T08:03:00+02:00;43126_D;27;19;100;freeFlow;4
2025-07-02T08:03:00+02:00;43126_G;14;37;65;heavy;2
2025-07-02T08:03:00+02:00;43147_D;23;11;100;freeFlow;4
2025-07-02T08:03:00+02:00;43147_G;34;8;50;freeFlow;1
2025-07-02T08:03:00+02:00;43336_D;38;8;60;freeFlow;1
2025-07-02T08:03:00+02:00;43336_G;50;6;0;unknown;0
2025-07-02T08:03:00+02:00;43337_D;26;17;75;heavy;2
2025-07-02T08:03:00+02:00;43337_G;50;8;0;unknown;0
2025-07-02T08:03:00+02:00;43338_D;34;5;60;heavy;1
2025-07-02T08:03:00+02:00;43338_G;50;4;0;unknown;0
2025-07-02T08:03:00+02:00;43339_D;43;5;60;freeFlow;1
2025-07-02T08:03:00+02:00;43339_G;50;5;0;unknown;0
2025-07-02T08:03:00+02:00;43340_D;43;1;60;freeFlow;1
2025-07-02T08:03:00+02:00;43340_G;50;1;0;unknown;0
2025-07-02T08:03:00+02:00;43341_D;43;4;60;freeFlow;1
2025-07-02T08:03:00+02:00;43341_G;50;4;0;unknown;0
2025-07-02T08:03:00+02:00;43342_D;43;2;60;freeFlow;1
2025-07-02T08:03:00+02:00;43342_G;50;2;0;unknown;0
2025-07-02T08:03:00+02:00;43343_D;39;9;60;freeFlow;1
2025-07-02T08:03:00+02:00;43343_G;50;7;0;unknown;0
2025-07-02T08:03:00+02:00;43345_D;58;5;52;freeFlow;1
2025-07-02T08:03:00+02:00;43345_G;16;19;12;heavy;1
2025-07-02T08:03:00+02:00;43347_D;58;2;52;freeFlow;1
2025-07-02T08:03:00+02:00;43347_G;35;4;10;freeFlow;1
2025-07-02T08:03:00+02:00;43352_D;27;18;50;freeFlow;1
2025-07-02T08:03:00+02:00;43353_D;21;14;50;freeFlow;1
2025-07-02T08:03:00+02:00;43353_G;16;18;12;heavy;1
2025-07-02T08:03:00+02:00;43377_D;23;21;75;freeFlow;2
2025-07-02T08:03:00+02:00;43377_G;30;16;0;unknown;0
2025-07-02T08:03:00+02:00;43379_D;58;4;52;freeFlow;1
2025-07-02T08:03:00+02:00;43379_G;35;6;10;freeFlow;1
2025-07-02T08:03:00+02:00;43413_D;58;3;52;freeFlow;1
2025-07-02T08:03:00+02:00;43413_G;16;11;12;heavy;1
2025-07-02T08:03:00+02:00;43474_D;15;9;55;congested;1
2025-07-02T08:03:00+02:00;43474_G;17;8;57;heavy;1
2025-07-02T08:03:00+02:00;43615_D;15;4;55;heavy;1
2025-07-02T08:03:00+02:00;43615_G;18;3;58;heavy;1
2025-07-02T08:03:00+02:00;43743_D;50;25;0;unknown;0
2025-07-02T08:03:00+02:00;43746;22;10;60;freeFlow;1
2025-07-02T08:03:00+02:00;43747;22;19;60;freeFlow;1
2025-07-02T08:03:00+02:00;43751;26;22;52;freeFlow;1
2025-07-02T08:03:00+02:00;43774_D;29;6;75;heavy;2
2025-07-02T08:03:00+02:00;43774_G;34;6;67;heavy;2
2025-07-02T08:03:00+02:00;43775_D;18;22;42;heavy;1
2025-07-02T08:03:00+02:00;43775_G;28;14;52;heavy;1
2025-07-02T08:03:00+02:00;43826_D;29;10;75;heavy;2
2025-07-02T08:03:00+02:00;43826_G;24;11;52;heavy;1
2025-07-02T08:03:00+02:00;43971;17;38;60;heavy;1
2025-07-02T08:03:00+02:00;43973;33;8;75;heavy;2
2025-07-02T08:03:00+02:00;44003_G;21;19;73;heavy;2
2025-07-02T08:03:00+02:00;44004_D;24;46;68;heavy;2
2025-07-02T08:03:00+02:00;44004_G;21;53;72;heavy;2
2025-07-02T08:03:00+02:00;44017_G;24;6;75;heavy;2
2025-07-02T08:03:00+02:00;44018_G;31;18;75;heavy;2
2025-07-02T08:03:00+02:00;44037_D;11;15;55;congested;1
2025-07-02T08:03:00+02:00;44037_G;29;6;60;heavy;1
2025-07-02T08:03:00+02:00;44851_D;43;13;60;freeFlow;1
2025-07-02T08:03:00+02:00;44851_G;28;19;22;heavy;1
2025-07-02T08:03:00+02:00;44852_D;11;43;60;congested;1
2025-07-02T08:03:00+02:00;44852_G;31;15;20;heavy;1
2025-07-02T08:03:00+02:00;44854_D;7;10;60;congested;1
2025-07-02T08:03:00+02:00;44854_G;23;3;20;heavy;1
2025-07-02T08:03:00+02:00;44855_D;42;9;60;freeFlow;1
2025-07-02T08:03:00+02:00;44855_G;33;11;0;unknown;0
2025-07-02T08:03:00+02:00;44879;69;19;100;freeFlow;5
2025-07-02T08:03:00+02:00;44897_D;42;6;60;freeFlow;1
2025-07-02T08:03:00+02:00;44897_G;3;82;10;congested;1
2025-07-02T08:03:00+02:00;44901;53;29;60;freeFlow;1
2025-07-02T08:03:00+02:00;44939;87;47;100;freeFlow;7
2025-07-02T08:03:00+02:00;45135_D;50;1;0;unknown;0
2025-07-02T08:03:00+02:00;45135_G;42;2;38;freeFlow;1
2025-07-02T08:03:00+02:00;45136_G;43;19;38;freeFlow;1
2025-07-02T08:03:00+02:00;45137_D;50;2;0;unknown;0
2025-07-02T08:03:00+02:00;45137_G;38;2;38;freeFlow;1
2025-07-02T08:03:00+02:00;45146;9;44;27;congested;1
2025-07-02T08:03:00+02:00;45147_D;32;2;100;heavy;4
2025-07-02T08:03:00+02:00;45147_G;28;1;48;heavy;1
2025-07-02T08:03:00+02:00;45153;17;24;60;heavy;2
2025-07-02T08:03:00+02:00;45155;30;26;75;heavy;3
2025-07-02T08:03:00+02:00;45213;46;10;27;freeFlow;1
2025-07-02T08:03:00+02:00;45214;17;15;60;heavy;2
2025-07-02T08:03:00+02:00;45232;33;51;78;heavy;3
2025-07-02T08:03:00+02:00;45233;33;4;60;heavy;1
2025-07-02T08:03:00+02:00;45236_D;55;12;100;freeFlow;3
2025-07-02T08:03:00+02:00;45242;88;13;100;freeFlow;7
2025-07-02T08:03:00+02:00;45246;73;35;100;freeFlow;15
2025-07-02T08:03:00+02:00;45247;97;10;35;freeFlow;1
2025-07-02T08:03:00+02:00;47742_G;24;9;75;heavy;2
2025-07-02T08:03:00+02:00;47744;34;59;80;heavy;3
2025-07-02T08:03:00+02:00;48725;20;4;48;heavy;1
2025-07-02T08:03:00+02:00;48736;20;3;48;heavy;1
2025-07-02T08:03:00+02:00;48738;18;3;60;heavy;1
2025-07-02T08:03:00+02:00;48746;18;20;60;heavy;1
2025-07-02T08:03:00+02:00;48751;33;2;0;unknown;0
2025-07-02T08:03:00+02:00;48752;33;2;0;unknown;0
2025-07-02T08:03:00+02:00;48753;50;2;0;unknown;0
2025-07-02T08:03:00+02:00;48754;50;1;0;unknown;0
2025-07-02T08:03:00+02:00;48764;18;4;75;heavy;2
2025-07-02T08:03:00+02:00;48765;29;8;60;heavy;1
2025-07-02T08:03:00+02:00;48796;10;50;22;congested;1
2025-07-02T08:03:00+02:00;48915_D;50;2;0;unknown;0
2025-07-02T08:03:00+02:00;48915_G;40;3;48;freeFlow;1
2025-07-02T08:03:00+02:00;48916;16;11;75;heavy;2
2025-07-02T08:03:00+02:00;48953_D;43;26;10;freeFlow;1
2025-07-02T08:03:00+02:00;48953_G;34;34;38;heavy;1
2025-07-02T08:03:00+02:00;48993_D;28;13;60;heavy;1
2025-07-02T08:03:00+02:00;48993_G;1;483;0;unknown;0
2025-07-02T08:03:00+02:00;49042_D;42;1;60;freeFlow;1
2025-07-02T08:03:00+02:00;49042_G;48;1;10;freeFlow;1
2025-07-02T08:03:00+02:00;50035_D;15;6;55;congested;1
2025-07-02T08:03:00+02:00;50035_G;23;3;74;heavy;2
2025-07-02T08:03:00+02:00;50087;25;11;75;heavy;2
2025-07-02T08:03:00+02:00;50107_D;6;94;0;unknown;0
2025-07-02T08:03:00+02:00;50107_G;40;13;48;freeFlow;1
2025-07-02T08:03:00+02:00;52835_G;28;5;48;heavy;1
2025-07-02T08:03:00+02:00;52850_D;17;8;100;heavy;4
2025-07-02T08:03:00+02:00;52850_G;24;6;63;heavy;2
2025-07-02T08:03:00+02:00;52878;19;8;75;heavy;2
2025-07-02T08:03:00+02:00;53020_G;24;4;75;heavy;2
2025-07-02T08:03:00+02:00;53130_D;50;5;0;unknown;0
2025-07-02T08:03:00+02:00;53130_G;15;18;48;congested;1
2025-07-02T08:03:00+02:00;53375_D;21;5;50;freeFlow;1
2025-07-02T08:03:00+02:00;53375_G;16;7;12;heavy;1
2025-07-02T08:03:00+02:00;53427;80;54;100;freeFlow;9
2025-07-02T08:03:00+02:00;53988;36;7;75;freeFlow;2
2025-07-02T08:03:00+02:00;53989;30;3;35;heavy;1
2025-07-02T08:03:00+02:00;53992_D;41;10;35;freeFlow;1
2025-07-02T08:03:00+02:00;53992_G;107;4;40;freeFlow;1
2025-07-02T08:03:00+02:00;53995;22;3;40;heavy;1
2025-07-02T08:03:00+02:00;53997;24;3;40;heavy;1
2025-07-02T08:03:00+02:00;53999;43;1;35;freeFlow;1
2025-07-02T08:03:00+02:00;54130;50;31;0;unknown;0
2025-07-02T08:03:00+02:00;54136;54;3;100;freeFlow;3
2025-07-02T08:03:00+02:00;54219;37;15;75;freeFlow;2
2025-07-02T08:03:00+02:00;54222;33;18;75;heavy;2
2025-07-02T08:03:00+02:00;54235;13;37;100;congested;3
2025-07-02T08:03:00+02:00;54300;59;7;25;freeFlow;1
2025-07-02T08:03:00+02:00;54304_D;50;4;0;unknown;0
2025-07-02T08:03:00+02:00;54304_G;42;5;38;freeFlow;1
2025-07-02T08:03:00+02:00;54309;48;18;52;freeFlow;1
2025-07-02T08:03:00+02:00;54345;29;5;60;heavy;1
2025-07-02T08:03:00+02:00;54352;28;12;75;heavy;2
2025-07-02T08:03:00+02:00;54353;97;2;35;freeFlow;1
2025-07-02T08:03:00+02:00;54356;38;22;75;freeFlow;2
2025-07-02T08:03:00+02:00;54357;43;6;84;freeFlow;3
2025-07-02T08:03:00+02:00;54370;58;3;25;freeFlow;1
2025-07-02T08:03:00+02:00;54373;20;9;60;heavy;1
2025-07-02T08:03:00+02:00;54374;22;9;75;heavy;2
2025-07-02T08:03:00+02:00;54377;23;48;67;freeFlow;2
2025-07-02T08:03:00+02:00;54396;33;7;100;heavy;4
2025-07-02T08:03:00+02:00;54397;36;17;100;freeFlow;3
2025-07-02T08:03:00+02:00;54468;10;13;72;congested;2
2025-07-02T08:03:00+02:00;54470;29;9;100;heavy;3
2025-07-02T08:03:00+02:00;56022;43;3;100;freeFlow;3
2025-07-02T08:03:00+02:00;56598;25;2;40;heavy;1
2025-07-02T08:03:00+02:00;56676_D;22;10;75;heavy;2
2025-07-02T08:03:00+02:00;56868;10;18;60;congested;1
2025-07-02T08:03:00+02:00;56869;50;3;0;unknown;0
2025-07-02T08:03:00+02:00;56894;37;6;55;freeFlow;2
2025-07-02T08:03:00+02:00;56895;39;30;55;freeFlow;2
2025-07-02T08:03:00+02:00;56896;59;3;25;freeFlow;1
2025-07-02T08:03:00+02:00;56901;91;24;75;freeFlow;2
2025-07-02T08:03:00+02:00;60284;20;60;27;heavy;1
2025-07-02T08:03:00+02:00;63409_D;34;3;60;heavy;1
2025-07-02T08:03:00+02:00;63409_G;1;135;0;unknown;0
2025-07-02T08:03:00+02:00;66896;39;8;75;freeFlow;2
2025-07-02T08:03:00+02:00;69440;44;5;100;freeFlow;3
2025-07-02T08:03:00+02:00;69442;17;24;100;heavy;3
2025-07-02T08:03:00+02:00;75868;77;9;100;freeFlow;12
2025-07-02T08:03:00+02:00;75908;39;26;30;freeFlow;1
2025-07-02T08:03:00+02:00;75909;28;37;75;heavy;2
2025-07-02T08:03:00+02:00;44943;41;15;100;freeFlow;4
2025-07-02T08:03:00+02:00;47063;105;6;60;freeFlow;1
2025-07-02T08:03:00+02:00;71455_G;50;3;0;unknown;0
2025-07-02T08:03:00+02:00;75831;77;12;60;freeFlow;1