datetime;predefinedLocationReference;averageVehicleSpeed;travelTime;travelTimeReliability;trafficStatus;vehicleProbeMeasurement
2025-07-02T22:43:00+02:00;10273_D;67;11;60;freeFlow;1
2025-07-02T22:43:00+02:00;10273_G;70;10;0;unknown;0
2025-07-02T22:43:00+02:00;10274_D;70;9;0;unknown;0
2025-07-02T22:43:00+02:00;10274_G;70;9;0;unknown;0
2025-07-02T22:43:00+02:00;10275_D;70;15;0;unknown;0
2025-07-02T22:43:00+02:00;10275_G;70;14;0;unknown;0
2025-07-02T22:43:00+02:00;10277_D;70;22;0;unknown;0
2025-07-02T22:43:00+02:00;10277_G;70;22;0;unknown;0
2025-07-02T22:43:00+02:00;10279_D;70;14;0;unknown;0
2025-07-02T22:43:00+02:00;10279_G;70;14;0;unknown;0
2025-07-02T22:43:00+02:00;10281_D;70;20;0;unknown;0
2025-07-02T22:43:00+02:00;10281_G;70;20;0;unknown;0
2025-07-02T22:43:00+02:00;10315_D;70;8;0;unknown;0
2025-07-02T22:43:00+02:00;10315_G;70;8;0;unknown;0
2025-07-02T22:43:00+02:00;11579_D;80;3;0;unknown;0
2025-07-02T22:43:00+02:00;11579_G;80;3;0;unknown;0
2025-07-02T22:43:00+02:00;11652;74;18;48;freeFlow;1
2025-07-02T22:43:00+02:00;11654;26;5;48;heavy;1
2025-07-02T22:43:00+02:00;11777_D;67;1;60;freeFlow;1
2025-07-02T22:43:00+02:00;11777_G;70;1;0;unknown;0
2025-07-02T22:43:00+02:00;11781_D;30;3;0;unknown;0
2025-07-02T22:43:00+02:00;11781_G;30;3;0;unknown;0
2025-07-02T22:43:00+02:00;11784_D;30;2;0;unknown;0
2025-07-02T22:43:00+02:00;11784_G;30;2;0;unknown;0
2025-07-02T22:43:00+02:00;11785_D;30;1;0;unknown;0
2025-07-02T22:43:00+02:00;11785_G;30;1;0;unknown;0
2025-07-02T22:43:00+02:00;12060_D;70;10;0;unknown;0
2025-07-02T22:43:00+02:00;12060_G;70;10;0;unknown;0
2025-07-02T22:43:00+02:00;1242_D;70;2;0;unknown;0
2025-07-02T22:43:00+02:00;1242_G;70;2;0;unknown;0
2025-07-02T22:43:00+02:00;1285_D;70;1;0;unknown;0
2025-07-02T22:43:00+02:00;1285_G;70;1;0;unknown;0
2025-07-02T22:43:00+02:00;13514;80;3;0;unknown;0
2025-07-02T22:43:00+02:00;13515;80;2;0;unknown;0
2025-07-02T22:43:00+02:00;13516;80;1;0;unknown;0
2025-07-02T22:43:00+02:00;13549_D;80;4;0;unknown;0
2025-07-02T22:43:00+02:00;13549_G;100;4;60;freeFlow;1
2025-07-02T22:43:00+02:00;13557_D;80;5;0;unknown;0
2025-07-02T22:43:00+02:00;13557_G;100;4;60;freeFlow;1
2025-07-02T22:43:00+02:00;14364;124;17;42;freeFlow;1
2025-07-02T22:43:00+02:00;14365;128;16;60;freeFlow;1
2025-07-02T22:43:00+02:00;15029_D;77;32;45;freeFlow;1
2025-07-02T22:43:00+02:00;15029_G;80;31;0;unknown;0
2025-07-02T22:43:00+02:00;15062;80;2;0;unknown;0
2025-07-02T22:43:00+02:00;15063;37;4;42;heavy;1
2025-07-02T22:43:00+02:00;15064;37;4;42;heavy;1
2025-07-02T22:43:00+02:00;15065;80;2;0;unknown;0
2025-07-02T22:43:00+02:00;15066;80;2;0;unknown;0
2025-07-02T22:43:00+02:00;15067_D;80;53;0;unknown;0
2025-07-02T22:43:00+02:00;15067_G;80;53;0;unknown;0
2025-07-02T22:43:00+02:00;15104_D;80;49;0;unknown;0
2025-07-02T22:43:00+02:00;15104_G;80;49;0;unknown;0
2025-07-02T22:43:00+02:00;15111;110;3;0;unknown;0
2025-07-02T22:43:00+02:00;15113;80;2;0;unknown;0
2025-07-02T22:43:00+02:00;15114;80;2;0;unknown;0
2025-07-02T22:43:00+02:00;15117;80;2;0;unknown;0
2025-07-02T22:43:00+02:00;15118;80;1;0;unknown;0
2025-07-02T22:43:00+02:00;15119;80;2;0;unknown;0
2025-07-02T22:43:00+02:00;15120;80;2;0;unknown;0
2025-07-02T22:43:00+02:00;15121;80;1;0;unknown;0
2025-07-02T22:43:00+02:00;15122;80;2;0;unknown;0
2025-07-02T22:43:00+02:00;15124_D;80;11;0;unknown;0
2025-07-02T22:43:00+02:00;15124_G;80;10;0;unknown;0
2025-07-02T22:43:00+02:00;15549_D;50;1;0;unknown;0
2025-07-02T22:43:00+02:00;15549_G;50;1;0;unknown;0
2025-07-02T22:43:00+02:00;15550;61;0;60;freeFlow;1
2025-07-02T22:43:00+02:00;15551;93;123;57;freeFlow;1
2025-07-02T22:43:00+02:00;1601768;50;8;0;unknown;0
2025-07-02T22:43:00+02:00;1601771;35;7;22;freeFlow;1
2025-07-02T22:43:00+02:00;1601787;38;2;35;freeFlow;1
2025-07-02T22:43:00+02:00;1601792;30;2;0;unknown;0
2025-07-02T22:43:00+02:00;1601794_D;30;4;0;unknown;0
2025-07-02T22:43:00+02:00;1601794_G;32;3;50;freeFlow;2
2025-07-02T22:43:00+02:00;1601795;30;16;0;unknown;0
2025-07-02T22:43:00+02:00;1601797;33;16;50;freeFlow;2
2025-07-02T22:43:00+02:00;1601798;37;3;75;freeFlow;3
2025-07-02T22:43:00+02:00;1601799;34;2;50;freeFlow;2
2025-07-02T22:43:00+02:00;1601807;41;3;75;freeFlow;2
2025-07-02T22:43:00+02:00;1601808;50;19;0;unknown;0
2025-07-02T22:43:00+02:00;1601810;54;17;75;freeFlow;2
2025-07-02T22:43:00+02:00;1601812;79;2;57;freeFlow;1
2025-07-02T22:43:00+02:00;1601813_D;50;25;0;unknown;0
2025-07-02T22:43:00+02:00;1601813_G;50;25;0;unknown;0
2025-07-02T22:43:00+02:00;1601814;77;2;57;freeFlow;1
2025-07-02T22:43:00+02:00;1601815;62;3;100;freeFlow;3
2025-07-02T22:43:00+02:00;1601819;41;1;75;freeFlow;2
2025-07-02T22:43:00+02:00;1601824;79;2;57;freeFlow;1
2025-07-02T22:43:00+02:00;1601898;86;18;45;freeFlow;1
2025-07-02T22:43:00+02:00;1601931_D;50;5;0;unknown;0
2025-07-02T22:43:00+02:00;1601931_G;50;5;0;unknown;0
2025-07-02T22:43:00+02:00;1602158_D;50;1;0;unknown;0
2025-07-02T22:43:00+02:00;1602158_G;50;1;0;unknown;0
2025-07-02T22:43:00+02:00;1602398;50;1;0;unknown;0
2025-07-02T22:43:00+02:00;1626;68;36;57;freeFlow;1
2025-07-02T22:43:00+02:00;1627;32;6;55;heavy;1
2025-07-02T22:43:00+02:00;1628;42;3;25;freeFlow;1
2025-07-02T22:43:00+02:00;1629;46;3;57;freeFlow;1
2025-07-02T22:43:00+02:00;1630;43;2;57;freeFlow;1
2025-07-02T22:43:00+02:00;1631;108;1;52;freeFlow;1
2025-07-02T22:43:00+02:00;1632;36;52;95;heavy;3
2025-07-02T22:43:00+02:00;1633;67;12;42;freeFlow;1
2025-07-02T22:43:00+02:00;1639;39;8;57;heavy;1
2025-07-02T22:43:00+02:00;16647_D;80;57;0;unknown;0
2025-07-02T22:43:00+02:00;16647_G;100;45;60;freeFlow;1
2025-07-02T22:43:00+02:00;16648_D;80;9;0;unknown;0
2025-07-02T22:43:00+02:00;16648_G;100;7;60;freeFlow;1
2025-07-02T22:43:00+02:00;16695_D;100;28;60;freeFlow;1
2025-07-02T22:43:00+02:00;16695_G;80;36;0;unknown;0
2025-07-02T22:43:00+02:00;16701;50;2;0;unknown;0
2025-07-02T22:43:00+02:00;16702;50;2;0;unknown;0
2025-07-02T22:43:00+02:00;16707_D;50;1;0;unknown;0
2025-07-02T22:43:00+02:00;16707_G;50;1;0;unknown;0
2025-07-02T22:43:00+02:00;16744;100;1;60;freeFlow;1
2025-07-02T22:43:00+02:00;16745;100;1;60;freeFlow;1
2025-07-02T22:43:00+02:00;16746;100;1;60;freeFlow;1
2025-07-02T22:43:00+02:00;16747;80;2;0;unknown;0
2025-07-02T22:43:00+02:00;16748;80;2;0;unknown;0
2025-07-02T22:43:00+02:00;16749;80;2;0;unknown;0
2025-07-02T22:43:00+02:00;16752_D;80;5;0;unknown;0
2025-07-02T22:43:00+02:00;16752_G;80;5;0;unknown;0
2025-07-02T22:43:00+02:00;1675_D;45;6;25;freeFlow;1
2025-07-02T22:43:00+02:00;1675_G;108;2;52;freeFlow;1
2025-07-02T22:43:00+02:00;1676;53;9;55;heavy;1
2025-07-02T22:43:00+02:00;16761;50;2;0;unknown;0
2025-07-02T22:43:00+02:00;16762;50;2;0;unknown;0
2025-07-02T22:43:00+02:00;1677;77;7;55;freeFlow;1
2025-07-02T22:43:00+02:00;1677109;49;33;60;heavy;1
2025-07-02T22:43:00+02:00;1677110;70;1;0;unknown;0
2025-07-02T22:43:00+02:00;1677175_D;30;48;0;unknown;0
2025-07-02T22:43:00+02:00;1677175_G;24;61;50;freeFlow;2
2025-07-02T22:43:00+02:00;1677180_D;30;1;0;unknown;0
2025-07-02T22:43:00+02:00;1677180_G;32;2;35;freeFlow;1
2025-07-02T22:43:00+02:00;1677184_D;30;23;0;unknown;0
2025-07-02T22:43:00+02:00;1677184_G;19;37;50;heavy;2
2025-07-02T22:43:00+02:00;1677551_D;30;2;0;unknown;0
2025-07-02T22:43:00+02:00;1677551_G;30;2;0;unknown;0
2025-07-02T22:43:00+02:00;1677568_D;50;29;0;unknown;0
2025-07-02T22:43:00+02:00;1677568_G;57;26;55;freeFlow;2
2025-07-02T22:43:00+02:00;1677569;38;2;35;freeFlow;1
2025-07-02T22:43:00+02:00;1677687;50;1;0;unknown;0
2025-07-02T22:43:00+02:00;1677691;50;1;0;unknown;0
2025-07-02T22:43:00+02:00;1677693;57;1;55;freeFlow;2
2025-07-02T22:43:00+02:00;1677695_D;50;14;0;unknown;0
2025-07-02T22:43:00+02:00;1677695_G;58;11;55;freeFlow;2
2025-07-02T22:43:00+02:00;1677709_D;50;3;0;unknown;0
2025-07-02T22:43:00+02:00;1677709_G;58;3;40;freeFlow;1
2025-07-02T22:43:00+02:00;1677716_D;50;3;0;unknown;0
2025-07-02T22:43:00+02:00;1677716_G;58;3;40;freeFlow;1
2025-07-02T22:43:00+02:00;1677730_D;50;22;0;unknown;0
2025-07-02T22:43:00+02:00;1677730_G;50;22;0;unknown;0
2025-07-02T22:43:00+02:00;1677735_D;50;1;0;unknown;0
2025-07-02T22:43:00+02:00;1677735_G;31;1;53;heavy;2
2025-07-02T22:43:00+02:00;1677745_D;34;2;25;heavy;1
2025-07-02T22:43:00+02:00;1677745_G;49;1;55;freeFlow;2
2025-07-02T22:43:00+02:00;1677785_D;34;8;25;freeFlow;1
2025-07-02T22:43:00+02:00;1677785_G;50;5;55;freeFlow;2
2025-07-02T22:43:00+02:00;1677801_D;46;7;25;freeFlow;1
2025-07-02T22:43:00+02:00;1677801_G;52;6;57;freeFlow;2
2025-07-02T22:43:00+02:00;1677808_D;49;14;25;freeFlow;1
2025-07-02T22:43:00+02:00;1677808_G;56;12;57;freeFlow;2
2025-07-02T22:43:00+02:00;16783;50;2;0;unknown;0
2025-07-02T22:43:00+02:00;16784;50;2;0;unknown;0
2025-07-02T22:43:00+02:00;16785;50;2;0;unknown;0
2025-07-02T22:43:00+02:00;1678542;53;40;63;heavy;2
2025-07-02T22:43:00+02:00;1678698_D;17;47;60;heavy;1
2025-07-02T22:43:00+02:00;1678698_G;50;16;0;unknown;0
2025-07-02T22:43:00+02:00;1678750;57;1;55;freeFlow;2
2025-07-02T22:43:00+02:00;1678763_D;50;4;0;unknown;0
2025-07-02T22:43:00+02:00;1678763_G;50;4;0;unknown;0
2025-07-02T22:43:00+02:00;1679092_D;44;5;55;freeFlow;1
2025-07-02T22:43:00+02:00;1679092_G;50;4;0;unknown;0
2025-07-02T22:43:00+02:00;1679681;64;13;42;freeFlow;1
2025-07-02T22:43:00+02:00;1679779;50;6;0;unknown;0
2025-07-02T22:43:00+02:00;1679795_D;30;2;52;heavy;1
2025-07-02T22:43:00+02:00;1679822;101;1;27;freeFlow;1
2025-07-02T22:43:00+02:00;1679825;38;2;52;freeFlow;1
2025-07-02T22:43:00+02:00;1679841;50;20;0;unknown;0
2025-07-02T22:43:00+02:00;1679843;38;1;52;freeFlow;1
2025-07-02T22:43:00+02:00;1679845;50;1;0;unknown;0
2025-07-02T22:43:00+02:00;1679847;38;1;52;freeFlow;1
2025-07-02T22:43:00+02:00;1679859_D;30;16;0;unknown;0
2025-07-02T22:43:00+02:00;1679859_G;30;16;0;unknown;0
2025-07-02T22:43:00+02:00;1680014;88;6;60;freeFlow;1
2025-07-02T22:43:00+02:00;1680016;103;12;30;freeFlow;1
2025-07-02T22:43:00+02:00;1680022;103;5;30;freeFlow;1
2025-07-02T22:43:00+02:00;1680024;88;9;60;freeFlow;1
2025-07-02T22:43:00+02:00;1680116;80;2;0;unknown;0
2025-07-02T22:43:00+02:00;1680119;80;2;0;unknown;0
2025-07-02T22:43:00+02:00;1680121;80;2;0;unknown;0
2025-07-02T22:43:00+02:00;1680122_D;57;32;27;freeFlow;1
2025-07-02T22:43:00+02:00;1680122_G;80;23;0;unknown;0
2025-07-02T22:43:00+02:00;1680123;80;2;0;unknown;0
2025-07-02T22:43:00+02:00;1680337;50;4;10;freeFlow;1
2025-07-02T22:43:00+02:00;1680401_D;70;17;0;unknown;0
2025-07-02T22:43:00+02:00;1680401_G;70;18;0;unknown;0
2025-07-02T22:43:00+02:00;1680514_D;50;9;0;unknown;0
2025-07-02T22:43:00+02:00;1680514_G;50;9;0;unknown;0
2025-07-02T22:43:00+02:00;1680539;73;1;48;freeFlow;1
2025-07-02T22:43:00+02:00;1680541_D;30;14;0;unknown;0
2025-07-02T22:43:00+02:00;1680541_G;30;14;0;unknown;0
2025-07-02T22:43:00+02:00;1680549_D;50;12;0;unknown;0
2025-07-02T22:43:00+02:00;1680549_G;50;13;0;unknown;0
2025-07-02T22:43:00+02:00;1680551_D;30;1;0;unknown;0
2025-07-02T22:43:00+02:00;1680551_G;30;1;0;unknown;0
2025-07-02T22:43:00+02:00;1680557_D;50;0;0;unknown;0
2025-07-02T22:43:00+02:00;1680557_G;50;1;0;unknown;0
2025-07-02T22:43:00+02:00;1680561_D;50;1;0;unknown;0
2025-07-02T22:43:00+02:00;1680561_G;50;1;0;unknown;0
2025-07-02T22:43:00+02:00;1680567;50;2;0;unknown;0
2025-07-02T22:43:00+02:00;1680569;50;3;0;unknown;0
2025-07-02T22:43:00+02:00;1680573;42;2;0;unknown;0
2025-07-02T22:43:00+02:00;1680574;42;3;0;unknown;0
2025-07-02T22:43:00+02:00;1680575;50;6;0;unknown;0
2025-07-02T22:43:00+02:00;1680576;50;2;0;unknown;0
2025-07-02T22:43:00+02:00;16821_D;80;83;0;unknown;0
2025-07-02T22:43:00+02:00;16821_G;60;110;60;freeFlow;1
2025-07-02T22:43:00+02:00;16830_D;50;16;0;unknown;0
2025-07-02T22:43:00+02:00;16830_G;50;16;0;unknown;0
2025-07-02T22:43:00+02:00;16831_D;50;2;0;unknown;0
2025-07-02T22:43:00+02:00;16831_G;50;2;0;unknown;0
2025-07-02T22:43:00+02:00;16832;50;3;0;unknown;0
2025-07-02T22:43:00+02:00;16834;70;10;0;unknown;0
2025-07-02T22:43:00+02:00;16850_D;50;1;0;unknown;0
2025-07-02T22:43:00+02:00;16850_G;50;1;0;unknown;0
2025-07-02T22:43:00+02:00;16851_D;50;3;0;unknown;0
2025-07-02T22:43:00+02:00;16851_G;50;2;0;unknown;0
2025-07-02T22:43:00+02:00;16852_D;50;5;0;unknown;0
2025-07-02T22:43:00+02:00;16852_G;50;5;0;unknown;0
2025-07-02T22:43:00+02:00;16853_D;50;7;0;unknown;0
2025-07-02T22:43:00+02:00;16853_G;50;7;0;unknown;0
2025-07-02T22:43:00+02:00;16854_D;50;4;0;unknown;0
2025-07-02T22:43:00+02:00;16854_G;50;4;0;unknown;0
2025-07-02T22:43:00+02:00;16855_D;50;4;0;unknown;0
2025-07-02T22:43:00+02:00;16855_G;50;4;0;unknown;0
2025-07-02T22:43:00+02:00;16856_D;50;7;0;unknown;0
2025-07-02T22:43:00+02:00;16856_G;50;7;0;unknown;0
2025-07-02T22:43:00+02:00;16858_D;50;30;0;unknown;0
2025-07-02T22:43:00+02:00;16858_G;50;30;0;unknown;0
2025-07-02T22:43:00+02:00;16859_D;50;3;0;unknown;0
2025-07-02T22:43:00+02:00;16859_G;50;3;0;unknown;0
2025-07-02T22:43:00+02:00;16860_D;50;7;0;unknown;0
2025-07-02T22:43:00+02:00;16860_G;50;7;0;unknown;0
2025-07-02T22:43:00+02:00;1690_D;57;5;25;freeFlow;1
2025-07-02T22:43:00+02:00;1690_G;108;3;52;freeFlow;1
2025-07-02T22:43:00+02:00;16910_D;50;6;0;unknown;0
2025-07-02T22:43:00+02:00;16910_G;50;6;0;unknown;0
2025-07-02T22:43:00+02:00;16967;46;12;60;heavy;1
2025-07-02T22:43:00+02:00;16969;41;1;60;heavy;1
2025-07-02T22:43:00+02:00;16986;63;10;60;freeFlow;1
2025-07-02T22:43:00+02:00;16988;61;12;60;freeFlow;1
2025-07-02T22:43:00+02:00;16989;64;7;60;freeFlow;1
2025-07-02T22:43:00+02:00;16990;75;6;50;freeFlow;2
2025-07-02T22:43:00+02:00;16992;75;18;78;freeFlow;3
2025-07-02T22:43:00+02:00;16994;57;20;60;freeFlow;1
2025-07-02T22:43:00+02:00;17;54;4;50;heavy;1
2025-07-02T22:43:00+02:00;1721;108;1;52;freeFlow;1
2025-07-02T22:43:00+02:00;1722;108;1;52;freeFlow;1
2025-07-02T22:43:00+02:00;1723;46;3;27;freeFlow;1
2025-07-02T22:43:00+02:00;1724_D;63;8;25;freeFlow;1
2025-07-02T22:43:00+02:00;1724_G;108;5;52;freeFlow;1
2025-07-02T22:43:00+02:00;1732_D;108;1;52;freeFlow;1
2025-07-02T22:43:00+02:00;1732_G;103;1;15;freeFlow;1
2025-07-02T22:43:00+02:00;1733_D;108;0;52;freeFlow;1
2025-07-02T22:43:00+02:00;1733_G;103;0;15;freeFlow;1
2025-07-02T22:43:00+02:00;1734_D;108;3;52;freeFlow;1
2025-07-02T22:43:00+02:00;1734_G;37;10;27;freeFlow;1
2025-07-02T22:43:00+02:00;18337;50;2;0;unknown;0
2025-07-02T22:43:00+02:00;18391_D;87;3;45;freeFlow;1
2025-07-02T22:43:00+02:00;18391_G;80;3;0;unknown;0
2025-07-02T22:43:00+02:00;1853;87;28;75;freeFlow;2
2025-07-02T22:43:00+02:00;1855;105;5;75;freeFlow;2
2025-07-02T22:43:00+02:00;1856;87;10;60;freeFlow;1
2025-07-02T22:43:00+02:00;19040;33;3;69;heavy;2
2025-07-02T22:43:00+02:00;1910886;50;5;0;unknown;0
2025-07-02T22:43:00+02:00;1911185_D;70;16;0;unknown;0
2025-07-02T22:43:00+02:00;1911185_G;69;17;15;freeFlow;1
2025-07-02T22:43:00+02:00;1911398_D;30;2;0;unknown;0
2025-07-02T22:43:00+02:00;1911398_G;32;1;60;freeFlow;1
2025-07-02T22:43:00+02:00;1911404_D;37;2;60;freeFlow;1
2025-07-02T22:43:00+02:00;1911404_G;49;2;50;freeFlow;1
2025-07-02T22:43:00+02:00;1911418;82;3;35;freeFlow;1
2025-07-02T22:43:00+02:00;1911420;59;1;60;freeFlow;1
2025-07-02T22:43:00+02:00;1911448_D;70;27;0;unknown;0
2025-07-02T22:43:00+02:00;1911448_G;70;27;0;unknown;0
2025-07-02T22:43:00+02:00;1911623_D;37;5;60;freeFlow;1
2025-07-02T22:43:00+02:00;1911623_G;49;4;50;freeFlow;1
2025-07-02T22:43:00+02:00;19628;34;8;20;heavy;1
2025-07-02T22:43:00+02:00;19629;90;1;0;unknown;0
2025-07-02T22:43:00+02:00;19630;36;5;45;heavy;1
2025-07-02T22:43:00+02:00;19631;90;1;0;unknown;0
2025-07-02T22:43:00+02:00;19632;33;2;20;heavy;1
2025-07-02T22:43:00+02:00;19633;42;4;68;heavy;2
2025-07-02T22:43:00+02:00;19634;70;1;0;unknown;0
2025-07-02T22:43:00+02:00;19635;41;3;60;heavy;1
2025-07-02T22:43:00+02:00;19636;54;3;60;freeFlow;1
2025-07-02T22:43:00+02:00;19637;36;2;52;heavy;1
2025-07-02T22:43:00+02:00;19638;52;3;50;freeFlow;1
2025-07-02T22:43:00+02:00;19639;34;4;57;heavy;1
2025-07-02T22:43:00+02:00;19640;28;5;57;heavy;1
2025-07-02T22:43:00+02:00;19642;42;3;98;heavy;3
2025-07-02T22:43:00+02:00;19643;31;2;68;heavy;2
2025-07-02T22:43:00+02:00;19644;32;3;73;heavy;2
2025-07-02T22:43:00+02:00;19683;102;19;75;freeFlow;2
2025-07-02T22:43:00+02:00;19684;93;51;100;freeFlow;3
2025-07-02T22:43:00+02:00;19685;106;49;60;freeFlow;1
2025-07-02T22:43:00+02:00;19686;96;18;94;freeFlow;3
2025-07-02T22:43:00+02:00;198;73;62;85;freeFlow;3
2025-07-02T22:43:00+02:00;19825_D;80;40;0;unknown;0
2025-07-02T22:43:00+02:00;19825_G;67;49;60;freeFlow;1
2025-07-02T22:43:00+02:00;19828;52;2;60;freeFlow;1
2025-07-02T22:43:00+02:00;19830;39;3;60;freeFlow;1
2025-07-02T22:43:00+02:00;19832;50;3;0;unknown;0
2025-07-02T22:43:00+02:00;19833;50;2;0;unknown;0
2025-07-02T22:43:00+02:00;19841_D;80;18;0;unknown;0
2025-07-02T22:43:00+02:00;19841_G;79;19;75;freeFlow;2
2025-07-02T22:43:00+02:00;19842_D;80;5;0;unknown;0
2025-07-02T22:43:00+02:00;19842_G;68;5;75;freeFlow;2
2025-07-02T22:43:00+02:00;20525;60;3;27;freeFlow;1
2025-07-02T22:43:00+02:00;20526;62;2;27;freeFlow;1
2025-07-02T22:43:00+02:00;20527;80;2;0;unknown;0
2025-07-02T22:43:00+02:00;20528;80;1;0;unknown;0
2025-07-02T22:43:00+02:00;20590_D;82;100;30;freeFlow;1
2025-07-02T22:43:00+02:00;20590_G;80;102;0;unknown;0
2025-07-02T22:43:00+02:00;20760_D;50;30;0;unknown;0
2025-07-02T22:43:00+02:00;20760_G;50;30;0;unknown;0
2025-07-02T22:43:00+02:00;2216_D;103;30;15;freeFlow;1
2025-07-02T22:43:00+02:00;2216_G;80;38;0;unknown;0
2025-07-02T22:43:00+02:00;2218_D;103;21;15;freeFlow;1
2025-07-02T22:43:00+02:00;2218_G;80;27;0;unknown;0
2025-07-02T22:43:00+02:00;23984_D;80;1;0;unknown;0
2025-07-02T22:43:00+02:00;23984_G;56;1;32;freeFlow;1
2025-07-02T22:43:00+02:00;24143_D;80;5;0;unknown;0
2025-07-02T22:43:00+02:00;24143_G;43;9;35;heavy;1
2025-07-02T22:43:00+02:00;24147_D;80;48;0;unknown;0
2025-07-02T22:43:00+02:00;24147_G;65;59;34;freeFlow;1
2025-07-02T22:43:00+02:00;24148;50;3;0;unknown;0
2025-07-02T22:43:00+02:00;24149;56;2;32;freeFlow;1
2025-07-02T22:43:00+02:00;24150;50;3;0;unknown;0
2025-07-02T22:43:00+02:00;24151;56;2;32;freeFlow;1
2025-07-02T22:43:00+02:00;24153_D;80;12;0;unknown;0
2025-07-02T22:43:00+02:00;24153_G;69;13;32;freeFlow;1
2025-07-02T22:43:00+02:00;24176;67;24;60;freeFlow;1
2025-07-02T22:43:00+02:00;24178;46;24;73;heavy;2
2025-07-02T22:43:00+02:00;24179;81;24;60;freeFlow;1
2025-07-02T22:43:00+02:00;24181_D;64;3;50;freeFlow;1
2025-07-02T22:43:00+02:00;24181_G;50;3;0;unknown;0
2025-07-02T22:43:00+02:00;24182;18;63;17;congested;1
2025-07-02T22:43:00+02:00;24184_D;53;11;50;freeFlow;1
2025-07-02T22:43:00+02:00;24184_G;61;10;56;freeFlow;2
2025-07-02T22:43:00+02:00;24259;40;3;35;freeFlow;1
2025-07-02T22:43:00+02:00;24260;50;3;0;unknown;0
2025-07-02T22:43:00+02:00;24261;43;3;25;freeFlow;1
2025-07-02T22:43:00+02:00;24262;59;3;50;freeFlow;1
2025-07-02T22:43:00+02:00;24264_D;40;1;35;heavy;1
2025-07-02T22:43:00+02:00;24264_G;80;1;0;unknown;0
2025-07-02T22:43:00+02:00;24265_D;59;1;50;freeFlow;1
2025-07-02T22:43:00+02:00;24265_G;50;1;0;unknown;0
2025-07-02T22:43:00+02:00;24274_D;50;10;0;unknown;0
2025-07-02T22:43:00+02:00;24274_G;62;8;50;freeFlow;1
2025-07-02T22:43:00+02:00;25687_D;30;7;0;unknown;0
2025-07-02T22:43:00+02:00;25687_G;30;7;0;unknown;0
2025-07-02T22:43:00+02:00;25929_D;80;10;0;unknown;0
2025-07-02T22:43:00+02:00;25929_G;67;13;60;freeFlow;1
2025-07-02T22:43:00+02:00;25930;46;3;75;heavy;2
2025-07-02T22:43:00+02:00;25931;46;4;75;heavy;2
2025-07-02T22:43:00+02:00;25932;80;2;0;unknown;0
2025-07-02T22:43:00+02:00;25933;67;2;60;freeFlow;1
2025-07-02T22:43:00+02:00;25934_D;80;3;0;unknown;0
2025-07-02T22:43:00+02:00;25934_G;67;4;60;freeFlow;1
2025-07-02T22:43:00+02:00;25944_D;80;4;0;unknown;0
2025-07-02T22:43:00+02:00;25944_G;49;6;75;heavy;2
2025-07-02T22:43:00+02:00;25946_D;66;13;75;freeFlow;2
2025-07-02T22:43:00+02:00;25946_G;80;10;0;unknown;0
2025-07-02T22:43:00+02:00;25947_D;57;33;60;freeFlow;1
2025-07-02T22:43:00+02:00;25947_G;67;29;60;freeFlow;1
2025-07-02T22:43:00+02:00;25988_D;30;10;0;unknown;0
2025-07-02T22:43:00+02:00;25988_G;30;10;0;unknown;0
2025-07-02T22:43:00+02:00;25989;50;2;0;unknown;0
2025-07-02T22:43:00+02:00;25990;50;2;0;unknown;0
2025-07-02T22:43:00+02:00;25991;50;2;0;unknown;0
2025-07-02T22:43:00+02:00;25992;50;2;0;unknown;0
2025-07-02T22:43:00+02:00;25993_D;30;3;0;unknown;0
2025-07-02T22:43:00+02:00;25993_G;30;3;0;unknown;0
2025-07-02T22:43:00+02:00;25994_D;50;4;0;unknown;0
2025-07-02T22:43:00+02:00;25994_G;50;4;0;unknown;0
2025-07-02T22:43:00+02:00;25995_D;50;1;0;unknown;0
2025-07-02T22:43:00+02:00;25995_G;50;1;0;unknown;0
2025-07-02T22:43:00+02:00;25996_D;50;5;0;unknown;0
2025-07-02T22:43:00+02:00;25996_G;50;4;0;unknown;0
2025-07-02T22:43:00+02:00;25997_D;50;1;0;unknown;0
2025-07-02T22:43:00+02:00;25997_G;50;1;0;unknown;0
2025-07-02T22:43:00+02:00;25998_D;50;11;0;unknown;0
2025-07-02T22:43:00+02:00;25998_G;50;11;0;unknown;0
2025-07-02T22:43:00+02:00;25999_D;50;8;0;unknown;0
2025-07-02T22:43:00+02:00;25999_G;50;8;0;unknown;0
2025-07-02T22:43:00+02:00;26000_D;80;5;0;unknown;0
2025-07-02T22:43:00+02:00;26000_G;80;5;0;unknown;0
2025-07-02T22:43:00+02:00;26001_D;80;1;0;unknown;0
2025-07-02T22:43:00+02:00;26001_G;80;1;0;unknown;0
2025-07-02T22:43:00+02:00;26002_D;80;5;0;unknown;0
2025-07-02T22:43:00+02:00;26002_G;80;5;0;unknown;0
2025-07-02T22:43:00+02:00;26023;85;3;60;freeFlow;1
2025-07-02T22:43:00+02:00;26024;107;43;60;freeFlow;1
2025-07-02T22:43:00+02:00;26025;93;70;71;freeFlow;2
2025-07-02T22:43:00+02:00;26041;57;6;60;freeFlow;1
2025-07-02T22:43:00+02:00;26043;33;13;12;heavy;1
2025-07-02T22:43:00+02:00;26044;68;6;60;freeFlow;1
2025-07-02T22:43:00+02:00;26046;10;90;60;congested;1
2025-07-02T22:43:00+02:00;26047;82;1;35;freeFlow;1
2025-07-02T22:43:00+02:00;26048;82;26;35;freeFlow;1
2025-07-02T22:43:00+02:00;26049;69;21;60;freeFlow;1
2025-07-02T22:43:00+02:00;26050;59;6;60;freeFlow;1
2025-07-02T22:43:00+02:00;26101_D;30;16;0;unknown;0
2025-07-02T22:43:00+02:00;26101_G;30;16;0;unknown;0
2025-07-02T22:43:00+02:00;26371_D;30;9;0;unknown;0
2025-07-02T22:43:00+02:00;26371_G;30;9;0;unknown;0
2025-07-02T22:43:00+02:00;26389_D;70;11;0;unknown;0
2025-07-02T22:43:00+02:00;26389_G;70;11;0;unknown;0
2025-07-02T22:43:00+02:00;26392_D;30;15;0;unknown;0
2025-07-02T22:43:00+02:00;26392_G;30;14;0;unknown;0
2025-07-02T22:43:00+02:00;26393;50;1;0;unknown;0
2025-07-02T22:43:00+02:00;26394;50;1;0;unknown;0
2025-07-02T22:43:00+02:00;26395;50;2;0;unknown;0
2025-07-02T22:43:00+02:00;26396;50;1;0;unknown;0
2025-07-02T22:43:00+02:00;26397_D;50;4;0;unknown;0
2025-07-02T22:43:00+02:00;26397_G;50;4;0;unknown;0
2025-07-02T22:43:00+02:00;26402_D;30;9;0;unknown;0
2025-07-02T22:43:00+02:00;26402_G;30;9;0;unknown;0
2025-07-02T22:43:00+02:00;26403_D;30;4;0;unknown;0
2025-07-02T22:43:00+02:00;26403_G;30;4;0;unknown;0
2025-07-02T22:43:00+02:00;26404_D;30;3;0;unknown;0
2025-07-02T22:43:00+02:00;26404_G;30;3;0;unknown;0
2025-07-02T22:43:00+02:00;26405_D;30;2;0;unknown;0
2025-07-02T22:43:00+02:00;26405_G;30;2;0;unknown;0
2025-07-02T22:43:00+02:00;26409_D;70;11;0;unknown;0
2025-07-02T22:43:00+02:00;26409_G;70;11;0;unknown;0
2025-07-02T22:43:00+02:00;26420_D;70;4;0;unknown;0
2025-07-02T22:43:00+02:00;26420_G;70;4;0;unknown;0
2025-07-02T22:43:00+02:00;26422_D;70;11;0;unknown;0
2025-07-02T22:43:00+02:00;26422_G;70;11;0;unknown;0
2025-07-02T22:43:00+02:00;26423_D;70;7;0;unknown;0
2025-07-02T22:43:00+02:00;26423_G;70;7;0;unknown;0
2025-07-02T22:43:00+02:00;26495_D;50;7;0;unknown;0
2025-07-02T22:43:00+02:00;26495_G;50;7;0;unknown;0
2025-07-02T22:43:00+02:00;26497_D;30;16;0;unknown;0
2025-07-02T22:43:00+02:00;26497_G;30;16;0;unknown;0
2025-07-02T22:43:00+02:00;26501;107;21;60;freeFlow;1
2025-07-02T22:43:00+02:00;26573;95;14;100;freeFlow;3
2025-07-02T22:43:00+02:00;26603_D;30;2;0;unknown;0
2025-07-02T22:43:00+02:00;26603_G;30;2;0;unknown;0
2025-07-02T22:43:00+02:00;26611_D;30;4;0;unknown;0
2025-07-02T22:43:00+02:00;26611_G;30;4;0;unknown;0
2025-07-02T22:43:00+02:00;26619;31;2;60;heavy;1
2025-07-02T22:43:00+02:00;26654;79;6;51;freeFlow;2
2025-07-02T22:43:00+02:00;26656;59;9;60;freeFlow;1
2025-07-02T22:43:00+02:00;26897_D;30;15;0;unknown;0
2025-07-02T22:43:00+02:00;26897_G;30;15;0;unknown;0
2025-07-02T22:43:00+02:00;27837_D;103;3;15;freeFlow;1
2025-07-02T22:43:00+02:00;27837_G;50;6;0;unknown;0
2025-07-02T22:43:00+02:00;28032;35;5;57;heavy;1
2025-07-02T22:43:00+02:00;28033;35;4;57;heavy;1
2025-07-02T22:43:00+02:00;282910_D;11;16;98;congested;3
2025-07-02T22:43:00+02:00;282910_G;50;2;0;unknown;0
2025-07-02T22:43:00+02:00;28642_D;53;9;30;freeFlow;1
2025-07-02T22:43:00+02:00;28642_G;43;11;60;heavy;1
2025-07-02T22:43:00+02:00;28645_D;70;2;0;unknown;0
2025-07-02T22:43:00+02:00;28645_G;70;2;0;unknown;0
2025-07-02T22:43:00+02:00;28646_D;80;39;0;unknown;0
2025-07-02T22:43:00+02:00;28646_G;80;39;0;unknown;0
2025-07-02T22:43:00+02:00;28648_D;80;16;0;unknown;0
2025-07-02T22:43:00+02:00;28648_G;80;16;0;unknown;0
2025-07-02T22:43:00+02:00;28649_D;80;11;0;unknown;0
2025-07-02T22:43:00+02:00;28649_G;80;11;0;unknown;0
2025-07-02T22:43:00+02:00;28650_D;80;13;0;unknown;0
2025-07-02T22:43:00+02:00;28650_G;80;13;0;unknown;0
2025-07-02T22:43:00+02:00;28660_D;93;7;32;freeFlow;1
2025-07-02T22:43:00+02:00;28660_G;81;8;60;freeFlow;1
2025-07-02T22:43:00+02:00;28665_D;90;15;32;freeFlow;1
2025-07-02T22:43:00+02:00;28665_G;80;17;60;freeFlow;1
2025-07-02T22:43:00+02:00;28666_D;77;9;30;freeFlow;1
2025-07-02T22:43:00+02:00;28666_G;63;11;60;freeFlow;1
2025-07-02T22:43:00+02:00;28669_D;59;6;30;freeFlow;1
2025-07-02T22:43:00+02:00;28669_G;44;8;60;heavy;1
2025-07-02T22:43:00+02:00;28675_D;70;6;0;unknown;0
2025-07-02T22:43:00+02:00;28675_G;35;11;60;heavy;1
2025-07-02T22:43:00+02:00;28676_D;70;3;0;unknown;0
2025-07-02T22:43:00+02:00;28676_G;44;5;60;heavy;1
2025-07-02T22:43:00+02:00;28677_D;70;16;0;unknown;0
2025-07-02T22:43:00+02:00;28677_G;63;18;60;freeFlow;1
2025-07-02T22:43:00+02:00;28693_D;100;9;32;freeFlow;1
2025-07-02T22:43:00+02:00;28693_G;81;12;60;freeFlow;1
2025-07-02T22:43:00+02:00;28854;43;4;75;freeFlow;2
2025-07-02T22:43:00+02:00;28855;34;4;60;heavy;1
2025-07-02T22:43:00+02:00;28865_D;72;28;60;freeFlow;1
2025-07-02T22:43:00+02:00;28865_G;89;23;32;freeFlow;1
2025-07-02T22:43:00+02:00;28866_D;45;16;60;heavy;1
2025-07-02T22:43:00+02:00;28866_G;54;13;35;heavy;1
2025-07-02T22:43:00+02:00;28867;31;3;60;heavy;1
2025-07-02T22:43:00+02:00;28868;29;4;60;heavy;1
2025-07-02T22:43:00+02:00;29;107;13;55;freeFlow;1
2025-07-02T22:43:00+02:00;30;103;5;55;freeFlow;1
2025-07-02T22:43:00+02:00;30020_D;60;35;55;freeFlow;1
2025-07-02T22:43:00+02:00;30020_G;80;27;0;unknown;0
2025-07-02T22:43:00+02:00;30022;107;3;60;freeFlow;1
2025-07-02T22:43:00+02:00;30023;64;79;70;freeFlow;2
2025-07-02T22:43:00+02:00;30118;39;2;65;freeFlow;2
2025-07-02T22:43:00+02:00;30351_D;50;1;0;unknown;0
2025-07-02T22:43:00+02:00;30351_G;50;1;0;unknown;0
2025-07-02T22:43:00+02:00;30355_D;50;10;0;unknown;0
2025-07-02T22:43:00+02:00;30355_G;50;10;0;unknown;0
2025-07-02T22:43:00+02:00;30359_D;80;8;0;unknown;0
2025-07-02T22:43:00+02:00;30359_G;80;8;0;unknown;0
2025-07-02T22:43:00+02:00;30405;50;2;0;unknown;0
2025-07-02T22:43:00+02:00;30406;50;4;0;unknown;0
2025-07-02T22:43:00+02:00;30407;50;2;0;unknown;0
2025-07-02T22:43:00+02:00;30408;50;1;0;unknown;0
2025-07-02T22:43:00+02:00;30409;50;2;0;unknown;0
2025-07-02T22:43:00+02:00;30410_D;50;1;0;unknown;0
2025-07-02T22:43:00+02:00;30410_G;50;1;0;unknown;0
2025-07-02T22:43:00+02:00;30411_D;50;6;0;unknown;0
2025-07-02T22:43:00+02:00;30411_G;50;6;0;unknown;0
2025-07-02T22:43:00+02:00;30414_D;50;7;0;unknown;0
2025-07-02T22:43:00+02:00;30414_G;50;8;0;unknown;0
2025-07-02T22:43:00+02:00;30416_D;50;10;0;unknown;0
2025-07-02T22:43:00+02:00;30416_G;50;10;0;unknown;0
2025-07-02T22:43:00+02:00;30499_D;30;9;0;unknown;0
2025-07-02T22:43:00+02:00;30499_G;30;10;0;unknown;0
2025-07-02T22:43:00+02:00;30501_D;30;9;0;unknown;0
2025-07-02T22:43:00+02:00;30501_G;30;9;0;unknown;0
2025-07-02T22:43:00+02:00;30502_D;67;1;48;freeFlow;1
2025-07-02T22:43:00+02:00;30502_G;30;2;0;unknown;0
2025-07-02T22:43:00+02:00;30504_D;30;1;0;unknown;0
2025-07-02T22:43:00+02:00;30504_G;30;1;0;unknown;0
2025-07-02T22:43:00+02:00;30508;30;4;0;unknown;0
2025-07-02T22:43:00+02:00;30521_D;50;8;0;unknown;0
2025-07-02T22:43:00+02:00;30521_G;50;9;0;unknown;0
2025-07-02T22:43:00+02:00;30522_D;50;2;0;unknown;0
2025-07-02T22:43:00+02:00;30522_G;50;2;0;unknown;0
2025-07-02T22:43:00+02:00;30606_D;50;11;0;unknown;0
2025-07-02T22:43:00+02:00;30606_G;50;11;0;unknown;0
2025-07-02T22:43:00+02:00;30608_D;50;3;0;unknown;0
2025-07-02T22:43:00+02:00;30608_G;50;3;0;unknown;0
2025-07-02T22:43:00+02:00;30611_D;44;9;55;freeFlow;1
2025-07-02T22:43:00+02:00;30611_G;50;8;0;unknown;0
2025-07-02T22:43:00+02:00;31;103;4;55;freeFlow;1
2025-07-02T22:43:00+02:00;31286;50;3;0;unknown;0
2025-07-02T22:43:00+02:00;31287;50;1;0;unknown;0
2025-07-02T22:43:00+02:00;31288;50;4;0;unknown;0
2025-07-02T22:43:00+02:00;31289;50;2;0;unknown;0
2025-07-02T22:43:00+02:00;31300_D;50;1;0;unknown;0
2025-07-02T22:43:00+02:00;31300_G;50;1;0;unknown;0
2025-07-02T22:43:00+02:00;31302_D;50;1;0;unknown;0
2025-07-02T22:43:00+02:00;31302_G;50;1;0;unknown;0
2025-07-02T22:43:00+02:00;31304_D;50;22;0;unknown;0
2025-07-02T22:43:00+02:00;31305_D;50;15;0;unknown;0
2025-07-02T22:43:00+02:00;31305_G;50;15;0;unknown;0
2025-07-02T22:43:00+02:00;31361_D;50;1;0;unknown;0
2025-07-02T22:43:00+02:00;31361_G;50;1;0;unknown;0
2025-07-02T22:43:00+02:00;31444_D;66;37;52;freeFlow;1
2025-07-02T22:43:00+02:00;31444_G;80;31;0;unknown;0
2025-07-02T22:43:00+02:00;31448;80;1;0;unknown;0
2025-07-02T22:43:00+02:00;31449;80;2;0;unknown;0
2025-07-02T22:43:00+02:00;31450;47;3;52;heavy;1
2025-07-02T22:43:00+02:00;31451;47;3;52;heavy;1
2025-07-02T22:43:00+02:00;31453_D;63;26;55;freeFlow;1
2025-07-02T22:43:00+02:00;31453_G;80;20;0;unknown;0
2025-07-02T22:43:00+02:00;31511;68;22;30;freeFlow;1
2025-07-02T22:43:00+02:00;31512;99;24;32;freeFlow;1
2025-07-02T22:43:00+02:00;31513;96;23;53;freeFlow;2
2025-07-02T22:43:00+02:00;31515;19;6;53;heavy;2
2025-07-02T22:43:00+02:00;31517;14;9;38;congested;1
2025-07-02T22:43:00+02:00;31520;38;2;50;freeFlow;1
2025-07-02T22:43:00+02:00;31522;37;5;50;freeFlow;1
2025-07-02T22:43:00+02:00;31523_D;25;8;40;heavy;1
2025-07-02T22:43:00+02:00;31523_G;36;5;50;freeFlow;1
2025-07-02T22:43:00+02:00;31530_D;50;8;50;heavy;1
2025-07-02T22:43:00+02:00;31530_G;25;16;38;heavy;1
2025-07-02T22:43:00+02:00;31532_D;63;3;50;freeFlow;1
2025-07-02T22:43:00+02:00;31532_G;80;2;0;unknown;0
2025-07-02T22:43:00+02:00;31534;66;6;60;freeFlow;1
2025-07-02T22:43:00+02:00;31536;60;16;60;freeFlow;1
2025-07-02T22:43:00+02:00;31550;108;9;75;freeFlow;2
2025-07-02T22:43:00+02:00;31551;108;7;60;freeFlow;1
2025-07-02T22:43:00+02:00;31553;102;10;60;freeFlow;1
2025-07-02T22:43:00+02:00;31557;70;5;0;unknown;0
2025-07-02T22:43:00+02:00;31558_D;50;23;0;unknown;0
2025-07-02T22:43:00+02:00;31558_G;50;23;0;unknown;0
2025-07-02T22:43:00+02:00;31559;50;9;0;unknown;0
2025-07-02T22:43:00+02:00;31561;50;7;0;unknown;0
2025-07-02T22:43:00+02:00;31562;46;9;22;freeFlow;1
2025-07-02T22:43:00+02:00;31563;50;8;0;unknown;0
2025-07-02T22:43:00+02:00;31568;70;5;0;unknown;0
2025-07-02T22:43:00+02:00;31569;70;8;0;unknown;0
2025-07-02T22:43:00+02:00;31583_D;50;15;0;unknown;0
2025-07-02T22:43:00+02:00;31583_G;66;11;60;freeFlow;1
2025-07-02T22:43:00+02:00;31670_D;50;9;0;unknown;0
2025-07-02T22:43:00+02:00;31670_G;51;9;57;freeFlow;1
2025-07-02T22:43:00+02:00;31672_D;53;38;98;freeFlow;3
2025-07-02T22:43:00+02:00;31672_G;70;28;0;unknown;0
2025-07-02T22:43:00+02:00;31673;91;14;12;freeFlow;1
2025-07-02T22:43:00+02:00;31674;90;15;0;unknown;0
2025-07-02T22:43:00+02:00;31708_D;30;6;0;unknown;0
2025-07-02T22:43:00+02:00;31708_G;27;6;60;freeFlow;1
2025-07-02T22:43:00+02:00;31709_D;30;12;0;unknown;0
2025-07-02T22:43:00+02:00;31709_G;36;10;60;freeFlow;1
2025-07-02T22:43:00+02:00;31716_D;30;7;0;unknown;0
2025-07-02T22:43:00+02:00;31716_G;29;7;60;freeFlow;1
2025-07-02T22:43:00+02:00;31717_D;30;17;0;unknown;0
2025-07-02T22:43:00+02:00;31717_G;32;16;60;freeFlow;1
2025-07-02T22:43:00+02:00;31720_D;49;2;50;freeFlow;1
2025-07-02T22:43:00+02:00;31720_G;25;5;60;freeFlow;1
2025-07-02T22:43:00+02:00;31722_D;30;9;60;freeFlow;1
2025-07-02T22:43:00+02:00;31722_G;49;5;50;freeFlow;1
2025-07-02T22:43:00+02:00;31723;47;4;73;freeFlow;2
2025-07-02T22:43:00+02:00;31724;37;5;60;freeFlow;1
2025-07-02T22:43:00+02:00;31725;50;4;0;unknown;0
2025-07-02T22:43:00+02:00;31726;46;5;57;freeFlow;1
2025-07-02T22:43:00+02:00;31727_D;37;9;60;freeFlow;1
2025-07-02T22:43:00+02:00;31727_G;49;7;50;freeFlow;1
2025-07-02T22:43:00+02:00;31878;80;2;0;unknown;0
2025-07-02T22:43:00+02:00;31879;27;6;55;heavy;1
2025-07-02T22:43:00+02:00;31880;90;3;12;freeFlow;1
2025-07-02T22:43:00+02:00;31881;70;4;0;unknown;0
2025-07-02T22:43:00+02:00;31882;45;4;50;heavy;1
2025-07-02T22:43:00+02:00;32;105;12;55;freeFlow;1
2025-07-02T22:43:00+02:00;32118;90;1;0;unknown;0
2025-07-02T22:43:00+02:00;32163_D;30;3;0;unknown;0
2025-07-02T22:43:00+02:00;32163_G;28;3;60;freeFlow;1
2025-07-02T22:43:00+02:00;32165_D;50;2;0;unknown;0
2025-07-02T22:43:00+02:00;32165_G;50;2;0;unknown;0
2025-07-02T22:43:00+02:00;32177_D;80;7;0;unknown;0
2025-07-02T22:43:00+02:00;32177_G;80;7;0;unknown;0
2025-07-02T22:43:00+02:00;32784_D;50;2;0;unknown;0
2025-07-02T22:43:00+02:00;32784_G;50;2;0;unknown;0
2025-07-02T22:43:00+02:00;32785;50;1;0;unknown;0
2025-07-02T22:43:00+02:00;32786;50;2;0;unknown;0
2025-07-02T22:43:00+02:00;32788;50;2;0;unknown;0
2025-07-02T22:43:00+02:00;32790;50;1;0;unknown;0
2025-07-02T22:43:00+02:00;32791;50;2;0;unknown;0
2025-07-02T22:43:00+02:00;32794;50;1;0;unknown;0
2025-07-02T22:43:00+02:00;32796;50;1;0;unknown;0
2025-07-02T22:43:00+02:00;33;105;24;55;freeFlow;1
2025-07-02T22:43:00+02:00;34;77;34;57;freeFlow;1
2025-07-02T22:43:00+02:00;34744;108;30;68;freeFlow;2
2025-07-02T22:43:00+02:00;34745;99;33;80;freeFlow;3
2025-07-02T22:43:00+02:00;34757_D;50;2;0;unknown;0
2025-07-02T22:43:00+02:00;34757_G;50;2;0;unknown;0
2025-07-02T22:43:00+02:00;34758_D;50;16;0;unknown;0
2025-07-02T22:43:00+02:00;34758_G;50;16;0;unknown;0
2025-07-02T22:43:00+02:00;35;90;59;83;freeFlow;3
2025-07-02T22:43:00+02:00;35072;89;29;75;freeFlow;2
2025-07-02T22:43:00+02:00;35077;107;39;75;freeFlow;2
2025-07-02T22:43:00+02:00;35086;91;45;100;freeFlow;3
2025-07-02T22:43:00+02:00;35092;34;8;60;heavy;1
2025-07-02T22:43:00+02:00;35096;88;19;75;freeFlow;2
2025-07-02T22:43:00+02:00;35098;107;35;75;freeFlow;2
2025-07-02T22:43:00+02:00;35103;81;10;42;freeFlow;1
2025-07-02T22:43:00+02:00;35869_D;50;1;0;unknown;0
2025-07-02T22:43:00+02:00;35869_G;50;1;0;unknown;0
2025-07-02T22:43:00+02:00;35870_D;50;11;0;unknown;0
2025-07-02T22:43:00+02:00;35870_G;50;11;0;unknown;0
2025-07-02T22:43:00+02:00;35940;30;10;0;unknown;0
2025-07-02T22:43:00+02:00;35942;30;2;0;unknown;0
2025-07-02T22:43:00+02:00;35943;30;2;0;unknown;0
2025-07-02T22:43:00+02:00;35944;30;3;0;unknown;0
2025-07-02T22:43:00+02:00;35945;30;3;0;unknown;0
2025-07-02T22:43:00+02:00;35946_D;30;2;0;unknown;0
2025-07-02T22:43:00+02:00;35946_G;30;2;0;unknown;0
2025-07-02T22:43:00+02:00;35947;30;10;0;unknown;0
2025-07-02T22:43:00+02:00;35948;30;8;0;unknown;0
2025-07-02T22:43:00+02:00;35949;30;7;0;unknown;0
2025-07-02T22:43:00+02:00;35950;30;12;0;unknown;0
2025-07-02T22:43:00+02:00;35951;30;5;0;unknown;0
2025-07-02T22:43:00+02:00;35952;30;11;0;unknown;0
2025-07-02T22:43:00+02:00;35953;50;2;0;unknown;0
2025-07-02T22:43:00+02:00;35954;50;2;0;unknown;0
2025-07-02T22:43:00+02:00;35955;50;2;0;unknown;0
2025-07-02T22:43:00+02:00;35956;50;1;0;unknown;0
2025-07-02T22:43:00+02:00;35957_D;30;2;0;unknown;0
2025-07-02T22:43:00+02:00;35957_G;30;2;0;unknown;0
2025-07-02T22:43:00+02:00;35959_D;30;2;0;unknown;0
2025-07-02T22:43:00+02:00;35959_G;30;1;0;unknown;0
2025-07-02T22:43:00+02:00;35960;30;11;0;unknown;0
2025-07-02T22:43:00+02:00;35961;30;16;0;unknown;0
2025-07-02T22:43:00+02:00;35962;30;12;0;unknown;0
2025-07-02T22:43:00+02:00;35963;30;6;0;unknown;0
2025-07-02T22:43:00+02:00;35964;30;6;0;unknown;0
2025-07-02T22:43:00+02:00;35965;30;20;0;unknown;0
2025-07-02T22:43:00+02:00;35971;30;20;0;unknown;0
2025-07-02T22:43:00+02:00;35972;30;11;0;unknown;0
2025-07-02T22:43:00+02:00;35973;30;8;0;unknown;0
2025-07-02T22:43:00+02:00;35985_D;50;1;0;unknown;0
2025-07-02T22:43:00+02:00;35985_G;35;3;50;freeFlow;2
2025-07-02T22:43:00+02:00;35986_D;50;14;0;unknown;0
2025-07-02T22:43:00+02:00;35986_G;30;25;53;heavy;2
2025-07-02T22:43:00+02:00;35994_D;30;1;0;unknown;0
2025-07-02T22:43:00+02:00;35994_G;31;1;53;freeFlow;2
2025-07-02T22:43:00+02:00;35998;50;4;0;unknown;0
2025-07-02T22:43:00+02:00;35999;50;4;0;unknown;0
2025-07-02T22:43:00+02:00;36000;33;6;35;heavy;1
2025-07-02T22:43:00+02:00;36001;50;4;0;unknown;0
2025-07-02T22:43:00+02:00;36003_D;50;1;0;unknown;0
2025-07-02T22:43:00+02:00;36003_G;50;1;0;unknown;0
2025-07-02T22:43:00+02:00;36004_D;42;50;38;freeFlow;1
2025-07-02T22:43:00+02:00;36004_G;50;42;0;unknown;0
2025-07-02T22:43:00+02:00;36005;30;2;0;unknown;0
2025-07-02T22:43:00+02:00;36006;30;3;0;unknown;0
2025-07-02T22:43:00+02:00;36007;30;2;0;unknown;0
2025-07-02T22:43:00+02:00;36010_D;30;1;0;unknown;0
2025-07-02T22:43:00+02:00;36010_G;30;1;0;unknown;0
2025-07-02T22:43:00+02:00;36011;30;10;0;unknown;0
2025-07-02T22:43:00+02:00;36012_D;30;2;0;unknown;0
2025-07-02T22:43:00+02:00;36012_G;30;2;0;unknown;0
2025-07-02T22:43:00+02:00;37200_D;30;8;0;unknown;0
2025-07-02T22:43:00+02:00;37200_G;107;2;60;freeFlow;1
2025-07-02T22:43:00+02:00;37201;107;2;60;freeFlow;1
2025-07-02T22:43:00+02:00;37202;44;7;40;freeFlow;1
2025-07-02T22:43:00+02:00;37203;44;12;40;freeFlow;1
2025-07-02T22:43:00+02:00;37204_D;40;2;15;freeFlow;1
2025-07-02T22:43:00+02:00;37204_G;50;2;0;unknown;0
2025-07-02T22:43:00+02:00;37205_D;40;5;15;freeFlow;1
2025-07-02T22:43:00+02:00;37205_G;50;4;0;unknown;0
2025-07-02T22:43:00+02:00;37206_D;36;14;15;freeFlow;1
2025-07-02T22:43:00+02:00;37206_G;50;10;0;unknown;0
2025-07-02T22:43:00+02:00;37207;35;2;15;freeFlow;1
2025-07-02T22:43:00+02:00;37208;50;3;0;unknown;0
2025-07-02T22:43:00+02:00;37209;35;2;15;freeFlow;1
2025-07-02T22:43:00+02:00;37210_D;35;1;15;freeFlow;1
2025-07-02T22:43:00+02:00;37210_G;50;1;0;unknown;0
2025-07-02T22:43:00+02:00;37211_D;49;54;17;freeFlow;1
2025-07-02T22:43:00+02:00;37211_G;50;53;0;unknown;0
2025-07-02T22:43:00+02:00;37239;30;6;0;unknown;0
2025-07-02T22:43:00+02:00;37240;34;5;40;freeFlow;1
2025-07-02T22:43:00+02:00;37241;34;5;40;freeFlow;1
2025-07-02T22:43:00+02:00;37242;107;2;60;freeFlow;1
2025-07-02T22:43:00+02:00;37243_D;40;2;38;freeFlow;1
2025-07-02T22:43:00+02:00;37243_G;50;2;0;unknown;0
2025-07-02T22:43:00+02:00;37244_D;30;2;0;unknown;0
2025-07-02T22:43:00+02:00;37244_G;30;2;0;unknown;0
2025-07-02T22:43:00+02:00;37246_D;30;3;0;unknown;0
2025-07-02T22:43:00+02:00;37246_G;107;1;60;freeFlow;1
2025-07-02T22:43:00+02:00;37422_D;50;19;0;unknown;0
2025-07-02T22:43:00+02:00;37422_G;50;19;0;unknown;0
2025-07-02T22:43:00+02:00;37467_D;50;8;0;unknown;0
2025-07-02T22:43:00+02:00;37467_G;50;8;0;unknown;0
2025-07-02T22:43:00+02:00;37508_D;34;31;35;heavy;1
2025-07-02T22:43:00+02:00;37508_G;50;21;0;unknown;0
2025-07-02T22:43:00+02:00;37509_D;32;2;35;heavy;1
2025-07-02T22:43:00+02:00;37509_G;50;1;0;unknown;0
2025-07-02T22:43:00+02:00;37564_D;70;22;0;unknown;0
2025-07-02T22:43:00+02:00;37564_G;70;22;0;unknown;0
2025-07-02T22:43:00+02:00;37565_D;70;12;0;unknown;0
2025-07-02T22:43:00+02:00;37565_G;70;12;0;unknown;0
2025-07-02T22:43:00+02:00;37586_D;50;1;0;unknown;0
2025-07-02T22:43:00+02:00;37586_G;50;1;0;unknown;0
2025-07-02T22:43:00+02:00;37588_D;70;8;0;unknown;0
2025-07-02T22:43:00+02:00;37588_G;70;8;0;unknown;0
2025-07-02T22:43:00+02:00;37620_D;38;2;35;heavy;1
2025-07-02T22:43:00+02:00;37620_G;70;1;0;unknown;0
2025-07-02T22:43:00+02:00;37621;50;4;0;unknown;0
2025-07-02T22:43:00+02:00;37622;38;5;35;freeFlow;1
2025-07-02T22:43:00+02:00;37625_D;32;29;32;heavy;1
2025-07-02T22:43:00+02:00;37625_G;50;18;0;unknown;0
2025-07-02T22:43:00+02:00;37665_D;50;2;0;unknown;0
2025-07-02T22:43:00+02:00;37665_G;39;2;42;freeFlow;1
2025-07-02T22:43:00+02:00;37667;51;25;57;freeFlow;1
2025-07-02T22:43:00+02:00;37668;49;8;75;heavy;2
2025-07-02T22:43:00+02:00;37673;40;9;57;heavy;1
2025-07-02T22:43:00+02:00;37686_D;30;21;0;unknown;0
2025-07-02T22:43:00+02:00;37686_G;30;21;0;unknown;0
2025-07-02T22:43:00+02:00;37702_D;50;5;0;unknown;0
2025-07-02T22:43:00+02:00;37702_G;50;5;0;unknown;0
2025-07-02T22:43:00+02:00;37706_D;50;1;0;unknown;0
2025-07-02T22:43:00+02:00;37706_G;50;1;0;unknown;0
2025-07-02T22:43:00+02:00;37707_D;50;1;0;unknown;0
2025-07-02T22:43:00+02:00;37707_G;39;2;42;freeFlow;1
2025-07-02T22:43:00+02:00;37708_D;30;31;0;unknown;0
2025-07-02T22:43:00+02:00;37708_G;39;24;42;freeFlow;1
2025-07-02T22:43:00+02:00;37712_D;30;6;0;unknown;0
2025-07-02T22:43:00+02:00;37712_G;39;5;42;freeFlow;1
2025-07-02T22:43:00+02:00;37724;24;6;55;heavy;1
2025-07-02T22:43:00+02:00;37725;26;3;55;heavy;1
2025-07-02T22:43:00+02:00;37726;25;4;55;heavy;1
2025-07-02T22:43:00+02:00;37727;18;6;72;heavy;2
2025-07-02T22:43:00+02:00;37728;50;2;0;unknown;0
2025-07-02T22:43:00+02:00;37729;72;78;65;freeFlow;2
2025-07-02T22:43:00+02:00;37730;31;5;60;heavy;1
2025-07-02T22:43:00+02:00;37732;61;60;60;heavy;1
2025-07-02T22:43:00+02:00;37737;106;38;60;freeFlow;1
2025-07-02T22:43:00+02:00;37738;37;2;60;heavy;1
2025-07-02T22:43:00+02:00;37739;38;4;75;heavy;2
2025-07-02T22:43:00+02:00;37740;41;4;75;heavy;2
2025-07-02T22:43:00+02:00;37741;40;1;75;heavy;2
2025-07-02T22:43:00+02:00;37742;40;4;75;heavy;2
2025-07-02T22:43:00+02:00;37743;36;4;90;heavy;3
2025-07-02T22:43:00+02:00;37744;35;5;57;heavy;1
2025-07-02T22:43:00+02:00;37745;35;2;57;heavy;1
2025-07-02T22:43:00+02:00;37749;93;42;20;freeFlow;1
2025-07-02T22:43:00+02:00;37750;81;33;60;freeFlow;1
2025-07-02T22:43:00+02:00;37751;70;14;0;unknown;0
2025-07-02T22:43:00+02:00;37752;70;9;0;unknown;0
2025-07-02T22:43:00+02:00;37753;90;29;17;freeFlow;1
2025-07-02T22:43:00+02:00;37784;7;12;12;congested;1
2025-07-02T22:43:00+02:00;37785;50;2;0;unknown;0
2025-07-02T22:43:00+02:00;37786;7;12;12;congested;1
2025-07-02T22:43:00+02:00;37787_D;70;21;0;unknown;0
2025-07-02T22:43:00+02:00;37787_G;36;42;12;heavy;1
2025-07-02T22:43:00+02:00;37818;106;44;41;freeFlow;2
2025-07-02T22:43:00+02:00;37819;72;77;22;freeFlow;1
2025-07-02T22:43:00+02:00;37822;106;8;35;freeFlow;1
2025-07-02T22:43:00+02:00;37826;50;1;0;unknown;0
2025-07-02T22:43:00+02:00;37827;29;1;60;heavy;1
2025-07-02T22:43:00+02:00;37941;108;46;60;freeFlow;1
2025-07-02T22:43:00+02:00;37947;108;7;60;freeFlow;1
2025-07-02T22:43:00+02:00;37948;93;75;60;freeFlow;1
2025-07-02T22:43:00+02:00;37949;108;64;60;freeFlow;1
2025-07-02T22:43:00+02:00;37950;91;8;67;freeFlow;2
2025-07-02T22:43:00+02:00;37970;106;13;63;freeFlow;2
2025-07-02T22:43:00+02:00;38;103;14;55;freeFlow;1
2025-07-02T22:43:00+02:00;38067;88;12;60;freeFlow;1
2025-07-02T22:43:00+02:00;38068;10;22;15;congested;1
2025-07-02T22:43:00+02:00;38069;50;6;12;freeFlow;1
2025-07-02T22:43:00+02:00;38070;103;8;30;freeFlow;1
2025-07-02T22:43:00+02:00;38310;50;1;0;unknown;0
2025-07-02T22:43:00+02:00;38311;50;2;0;unknown;0
2025-07-02T22:43:00+02:00;38317;32;5;22;heavy;1
2025-07-02T22:43:00+02:00;38318;104;25;35;freeFlow;1
2025-07-02T22:43:00+02:00;38319;74;28;71;freeFlow;2
2025-07-02T22:43:00+02:00;38322;69;2;12;freeFlow;1
2025-07-02T22:43:00+02:00;38378_D;70;10;0;unknown;0
2025-07-02T22:43:00+02:00;38378_G;69;10;15;freeFlow;1
2025-07-02T22:43:00+02:00;38389_D;70;16;0;unknown;0
2025-07-02T22:43:00+02:00;38389_G;38;29;15;heavy;1
2025-07-02T22:43:00+02:00;39061;50;5;12;freeFlow;1
2025-07-02T22:43:00+02:00;39062;68;2;60;freeFlow;1
2025-07-02T22:43:00+02:00;39063;44;9;60;heavy;1
2025-07-02T22:43:00+02:00;39473;60;33;75;heavy;2
2025-07-02T22:43:00+02:00;39618;87;3;60;freeFlow;1
2025-07-02T22:43:00+02:00;39619;88;3;60;freeFlow;1
2025-07-02T22:43:00+02:00;39720_D;51;24;38;freeFlow;1
2025-07-02T22:43:00+02:00;39720_G;50;25;0;unknown;0
2025-07-02T22:43:00+02:00;39902_D;70;1;0;unknown;0
2025-07-02T22:43:00+02:00;39902_G;69;1;15;freeFlow;1
2025-07-02T22:43:00+02:00;39904_D;70;1;0;unknown;0
2025-07-02T22:43:00+02:00;39904_G;69;1;15;freeFlow;1
2025-07-02T22:43:00+02:00;39906_D;70;7;0;unknown;0
2025-07-02T22:43:00+02:00;39906_G;69;7;15;freeFlow;1
2025-07-02T22:43:00+02:00;40185_D;67;2;60;freeFlow;1
2025-07-02T22:43:00+02:00;40185_G;70;0;0;unknown;0
2025-07-02T22:43:00+02:00;40201;25;1;27;heavy;1
2025-07-02T22:43:00+02:00;40202;29;3;27;heavy;1
2025-07-02T22:43:00+02:00;40203;108;1;52;freeFlow;1
2025-07-02T22:43:00+02:00;40212_D;99;1;32;freeFlow;1
2025-07-02T22:43:00+02:00;40212_G;81;1;60;freeFlow;1
2025-07-02T22:43:00+02:00;40213_D;70;1;0;unknown;0
2025-07-02T22:43:00+02:00;40213_G;70;1;0;unknown;0
2025-07-02T22:43:00+02:00;41631_D;31;7;60;freeFlow;1
2025-07-02T22:43:00+02:00;41631_G;30;7;0;unknown;0
2025-07-02T22:43:00+02:00;41632_D;30;5;0;unknown;0
2025-07-02T22:43:00+02:00;41632_G;30;4;0;unknown;0
2025-07-02T22:43:00+02:00;41652_D;50;4;0;unknown;0
2025-07-02T22:43:00+02:00;41683_D;70;15;0;unknown;0
2025-07-02T22:43:00+02:00;41683_G;70;15;0;unknown;0
2025-07-02T22:43:00+02:00;41709_D;30;15;0;unknown;0
2025-07-02T22:43:00+02:00;41709_G;30;15;0;unknown;0
2025-07-02T22:43:00+02:00;41712_D;30;7;0;unknown;0
2025-07-02T22:43:00+02:00;41712_G;30;7;0;unknown;0
2025-07-02T22:43:00+02:00;41713_D;27;4;60;freeFlow;1
2025-07-02T22:43:00+02:00;41713_G;30;4;0;unknown;0
2025-07-02T22:43:00+02:00;41729;38;2;55;freeFlow;1
2025-07-02T22:43:00+02:00;41730;50;1;0;unknown;0
2025-07-02T22:43:00+02:00;41731;50;1;0;unknown;0
2025-07-02T22:43:00+02:00;41753_D;27;7;60;freeFlow;1
2025-07-02T22:43:00+02:00;41753_G;30;6;0;unknown;0
2025-07-02T22:43:00+02:00;41764_D;30;2;0;unknown;0
2025-07-02T22:43:00+02:00;41764_G;30;2;0;unknown;0
2025-07-02T22:43:00+02:00;41781;38;2;57;freeFlow;1
2025-07-02T22:43:00+02:00;41782;28;3;57;heavy;1
2025-07-02T22:43:00+02:00;41783;50;1;0;unknown;0
2025-07-02T22:43:00+02:00;41784;50;1;0;unknown;0
2025-07-02T22:43:00+02:00;41809_D;28;9;60;freeFlow;1
2025-07-02T22:43:00+02:00;41809_G;30;8;0;unknown;0
2025-07-02T22:43:00+02:00;41810_D;35;2;60;freeFlow;1
2025-07-02T22:43:00+02:00;41810_G;30;2;0;unknown;0
2025-07-02T22:43:00+02:00;41811_D;35;7;60;freeFlow;1
2025-07-02T22:43:00+02:00;41811_G;30;8;0;unknown;0
2025-07-02T22:43:00+02:00;41812_D;35;5;60;freeFlow;1
2025-07-02T22:43:00+02:00;41812_G;30;6;0;unknown;0
2025-07-02T22:43:00+02:00;41813_D;40;4;75;freeFlow;2
2025-07-02T22:43:00+02:00;41813_G;45;3;60;freeFlow;1
2025-07-02T22:43:00+02:00;41814_D;17;13;75;heavy;2
2025-07-02T22:43:00+02:00;41814_G;17;13;58;heavy;1
2025-07-02T22:43:00+02:00;41815_D;26;7;60;freeFlow;1
2025-07-02T22:43:00+02:00;41815_G;30;7;0;unknown;0
2025-07-02T22:43:00+02:00;41817_D;27;7;60;freeFlow;1
2025-07-02T22:43:00+02:00;41817_G;30;6;0;unknown;0
2025-07-02T22:43:00+02:00;41818_D;26;3;60;freeFlow;1
2025-07-02T22:43:00+02:00;41818_G;30;2;0;unknown;0
2025-07-02T22:43:00+02:00;42028;38;13;55;freeFlow;1
2025-07-02T22:43:00+02:00;42029;50;30;0;unknown;0
2025-07-02T22:43:00+02:00;42030;42;36;57;freeFlow;1
2025-07-02T22:43:00+02:00;42031;50;30;0;unknown;0
2025-07-02T22:43:00+02:00;42047;70;5;0;unknown;0
2025-07-02T22:43:00+02:00;42049;50;2;0;unknown;0
2025-07-02T22:43:00+02:00;42050;63;1;48;freeFlow;1
2025-07-02T22:43:00+02:00;42051;54;9;63;heavy;2
2025-07-02T22:43:00+02:00;42125_D;50;23;0;unknown;0
2025-07-02T22:43:00+02:00;42125_G;50;23;0;unknown;0
2025-07-02T22:43:00+02:00;42134;59;40;60;heavy;1
2025-07-02T22:43:00+02:00;42135;90;30;0;unknown;0
2025-07-02T22:43:00+02:00;42206_D;50;19;0;unknown;0
2025-07-02T22:43:00+02:00;42238_D;50;7;0;unknown;0
2025-07-02T22:43:00+02:00;42257;90;6;0;unknown;0
2025-07-02T22:43:00+02:00;42273_D;30;6;0;unknown;0
2025-07-02T22:43:00+02:00;42273_G;30;6;0;unknown;0
2025-07-02T22:43:00+02:00;42293_D;27;2;60;freeFlow;1
2025-07-02T22:43:00+02:00;42293_G;30;2;0;unknown;0
2025-07-02T22:43:00+02:00;42307_D;50;15;0;unknown;0
2025-07-02T22:43:00+02:00;42307_G;50;15;0;unknown;0
2025-07-02T22:43:00+02:00;42359;61;11;48;heavy;1
2025-07-02T22:43:00+02:00;42375;50;1;0;unknown;0
2025-07-02T22:43:00+02:00;42378_D;27;1;60;freeFlow;1
2025-07-02T22:43:00+02:00;42378_G;30;2;0;unknown;0
2025-07-02T22:43:00+02:00;42379;90;30;0;unknown;0
2025-07-02T22:43:00+02:00;42383;38;2;55;freeFlow;1
2025-07-02T22:43:00+02:00;42384;50;1;0;unknown;0
2025-07-02T22:43:00+02:00;42385;50;2;0;unknown;0
2025-07-02T22:43:00+02:00;42386;50;1;0;unknown;0
2025-07-02T22:43:00+02:00;42387;29;7;57;heavy;1
2025-07-02T22:43:00+02:00;42388;29;4;57;heavy;1
2025-07-02T22:43:00+02:00;42389;50;3;0;unknown;0
2025-07-02T22:43:00+02:00;42390;50;2;0;unknown;0
2025-07-02T22:43:00+02:00;42391;50;2;0;unknown;0
2025-07-02T22:43:00+02:00;42392;29;3;57;heavy;1
2025-07-02T22:43:00+02:00;42399;60;5;60;heavy;1
2025-07-02T22:43:00+02:00;42401_D;50;26;0;unknown;0
2025-07-02T22:43:00+02:00;42401_G;50;26;0;unknown;0
2025-07-02T22:43:00+02:00;42572;47;1;57;freeFlow;1
2025-07-02T22:43:00+02:00;42573;50;1;0;unknown;0
2025-07-02T22:43:00+02:00;42580;90;1;0;unknown;0
2025-07-02T22:43:00+02:00;42595_D;30;6;0;unknown;0
2025-07-02T22:43:00+02:00;42595_G;30;6;0;unknown;0
2025-07-02T22:43:00+02:00;42603;38;14;52;freeFlow;1
2025-07-02T22:43:00+02:00;42663_D;50;5;0;unknown;0
2025-07-02T22:43:00+02:00;42663_G;50;5;0;unknown;0
2025-07-02T22:43:00+02:00;42681_D;70;13;0;unknown;0
2025-07-02T22:43:00+02:00;42681_G;70;13;0;unknown;0
2025-07-02T22:43:00+02:00;42684_D;30;2;0;unknown;0
2025-07-02T22:43:00+02:00;42684_G;30;2;0;unknown;0
2025-07-02T22:43:00+02:00;42685;90;29;0;unknown;0
2025-07-02T22:43:00+02:00;42709_D;50;19;0;unknown;0
2025-07-02T22:43:00+02:00;42709_G;50;18;0;unknown;0
2025-07-02T22:43:00+02:00;42777_D;50;3;0;unknown;0
2025-07-02T22:43:00+02:00;42777_G;50;3;0;unknown;0
2025-07-02T22:43:00+02:00;42778_D;50;1;0;unknown;0
2025-07-02T22:43:00+02:00;42778_G;50;1;0;unknown;0
2025-07-02T22:43:00+02:00;42779;50;2;0;unknown;0
2025-07-02T22:43:00+02:00;42780_D;50;8;0;unknown;0
2025-07-02T22:43:00+02:00;42780_G;50;8;0;unknown;0
2025-07-02T22:43:00+02:00;42938_D;50;6;0;unknown;0
2025-07-02T22:43:00+02:00;42938_G;50;6;0;unknown;0
2025-07-02T22:43:00+02:00;42939_D;50;4;0;unknown;0
2025-07-02T22:43:00+02:00;42939_G;50;4;0;unknown;0
2025-07-02T22:43:00+02:00;42940_D;50;9;0;unknown;0
2025-07-02T22:43:00+02:00;42940_G;50;9;0;unknown;0
2025-07-02T22:43:00+02:00;42941_D;50;3;0;unknown;0
2025-07-02T22:43:00+02:00;42941_G;50;3;0;unknown;0
2025-07-02T22:43:00+02:00;42947_D;50;9;0;unknown;0
2025-07-02T22:43:00+02:00;42947_G;39;11;60;freeFlow;1
2025-07-02T22:43:00+02:00;42948_D;50;5;0;unknown;0
2025-07-02T22:43:00+02:00;42948_G;17;14;60;heavy;1
2025-07-02T22:43:00+02:00;42949_D;50;5;0;unknown;0
2025-07-02T22:43:00+02:00;42949_G;28;9;60;heavy;1
2025-07-02T22:43:00+02:00;42978_D;50;11;0;unknown;0
2025-07-02T22:43:00+02:00;42978_G;14;41;22;congested;1
2025-07-02T22:43:00+02:00;42979_D;50;3;0;unknown;0
2025-07-02T22:43:00+02:00;42979_G;24;6;22;heavy;1
2025-07-02T22:43:00+02:00;42983_D;50;8;0;unknown;0
2025-07-02T22:43:00+02:00;42983_G;50;8;0;unknown;0
2025-07-02T22:43:00+02:00;42999_D;38;16;57;freeFlow;1
2025-07-02T22:43:00+02:00;42999_G;50;12;0;unknown;0
2025-07-02T22:43:00+02:00;43000_D;39;6;57;freeFlow;1
2025-07-02T22:43:00+02:00;43000_G;50;5;0;unknown;0
2025-07-02T22:43:00+02:00;43001_D;31;6;57;heavy;1
2025-07-02T22:43:00+02:00;43001_G;50;4;0;unknown;0
2025-07-02T22:43:00+02:00;43003_D;34;4;57;heavy;1
2025-07-02T22:43:00+02:00;43003_G;50;3;0;unknown;0
2025-07-02T22:43:00+02:00;43027_D;50;5;0;unknown;0
2025-07-02T22:43:00+02:00;43027_G;50;5;0;unknown;0
2025-07-02T22:43:00+02:00;43029_D;50;8;0;unknown;0
2025-07-02T22:43:00+02:00;43029_G;33;12;60;heavy;1
2025-07-02T22:43:00+02:00;43046_D;50;6;0;unknown;0
2025-07-02T22:43:00+02:00;43046_G;50;6;0;unknown;0
2025-07-02T22:43:00+02:00;43047_D;50;4;0;unknown;0
2025-07-02T22:43:00+02:00;43047_G;50;3;0;unknown;0
2025-07-02T22:43:00+02:00;43048_D;50;5;0;unknown;0
2025-07-02T22:43:00+02:00;43048_G;30;9;25;heavy;1
2025-07-02T22:43:00+02:00;43049_D;30;4;0;unknown;0
2025-07-02T22:43:00+02:00;43049_G;30;4;0;unknown;0
2025-07-02T22:43:00+02:00;43050_D;50;3;0;unknown;0
2025-07-02T22:43:00+02:00;43050_G;27;6;22;heavy;1
2025-07-02T22:43:00+02:00;43099;33;2;10;heavy;1
2025-07-02T22:43:00+02:00;43352_G;31;15;45;freeFlow;1
2025-07-02T22:43:00+02:00;43451_D;30;15;0;unknown;0
2025-07-02T22:43:00+02:00;43481;50;14;0;unknown;0
2025-07-02T22:43:00+02:00;43627;50;13;0;unknown;0
2025-07-02T22:43:00+02:00;43658_D;50;4;0;unknown;0
2025-07-02T22:43:00+02:00;43658_G;36;5;50;freeFlow;1
2025-07-02T22:43:00+02:00;43718_D;50;3;0;unknown;0
2025-07-02T22:43:00+02:00;43718_G;50;3;0;unknown;0
2025-07-02T22:43:00+02:00;43719_D;50;9;0;unknown;0
2025-07-02T22:43:00+02:00;43719_G;50;9;0;unknown;0
2025-07-02T22:43:00+02:00;43720_D;50;4;0;unknown;0
2025-07-02T22:43:00+02:00;43720_G;50;4;0;unknown;0
2025-07-02T22:43:00+02:00;43724_D;59;7;17;freeFlow;1
2025-07-02T22:43:00+02:00;43724_G;9;45;25;congested;1
2025-07-02T22:43:00+02:00;43733_D;31;6;57;heavy;1
2025-07-02T22:43:00+02:00;43733_G;50;4;0;unknown;0
2025-07-02T22:43:00+02:00;43736_D;50;4;0;unknown;0
2025-07-02T22:43:00+02:00;43736_G;50;4;0;unknown;0
2025-07-02T22:43:00+02:00;43739_D;50;6;0;unknown;0
2025-07-02T22:43:00+02:00;43739_G;50;7;0;unknown;0
2025-07-02T22:43:00+02:00;43740_D;50;6;0;unknown;0
2025-07-02T22:43:00+02:00;43740_G;50;6;0;unknown;0
2025-07-02T22:43:00+02:00;43741_D;50;1;0;unknown;0
2025-07-02T22:43:00+02:00;43741_G;50;0;0;unknown;0
2025-07-02T22:43:00+02:00;43742_D;50;7;0;unknown;0
2025-07-02T22:43:00+02:00;43742_G;50;7;0;unknown;0
2025-07-02T22:43:00+02:00;43743_G;50;25;0;unknown;0
2025-07-02T22:43:00+02:00;43744_D;59;4;17;freeFlow;1
2025-07-02T22:43:00+02:00;43744_G;50;5;0;unknown;0
2025-07-02T22:43:00+02:00;43748;31;7;25;freeFlow;1
2025-07-02T22:43:00+02:00;43757;50;2;0;unknown;0
2025-07-02T22:43:00+02:00;43758;12;25;26;congested;1
2025-07-02T22:43:00+02:00;43786_D;50;12;0;unknown;0
2025-07-02T22:43:00+02:00;43786_G;50;12;0;unknown;0
2025-07-02T22:43:00+02:00;43787_D;50;3;0;unknown;0
2025-07-02T22:43:00+02:00;43787_G;50;3;0;unknown;0
2025-07-02T22:43:00+02:00;43788_D;50;2;0;unknown;0
2025-07-02T22:43:00+02:00;43788_G;50;2;0;unknown;0
2025-07-02T22:43:00+02:00;43789_D;50;5;0;unknown;0
2025-07-02T22:43:00+02:00;43789_G;50;6;0;unknown;0
2025-07-02T22:43:00+02:00;43790_D;50;5;0;unknown;0
2025-07-02T22:43:00+02:00;43790_G;50;5;0;unknown;0
2025-07-02T22:43:00+02:00;43791_D;50;3;0;unknown;0
2025-07-02T22:43:00+02:00;43791_G;50;3;0;unknown;0
2025-07-02T22:43:00+02:00;43792_D;50;7;0;unknown;0
2025-07-02T22:43:00+02:00;43792_G;50;6;0;unknown;0
2025-07-02T22:43:00+02:00;43814_D;50;14;0;unknown;0
2025-07-02T22:43:00+02:00;43814_G;56;12;60;freeFlow;2
2025-07-02T22:43:00+02:00;43815_D;50;7;0;unknown;0
2025-07-02T22:43:00+02:00;43815_G;40;9;60;freeFlow;2
2025-07-02T22:43:00+02:00;43817_D;50;14;0;unknown;0
2025-07-02T22:43:00+02:00;43817_G;50;14;0;unknown;0
2025-07-02T22:43:00+02:00;43819;30;15;0;unknown;0
2025-07-02T22:43:00+02:00;43821;50;5;0;unknown;0
2025-07-02T22:43:00+02:00;43828_D;50;11;0;unknown;0
2025-07-02T22:43:00+02:00;43828_G;50;11;0;unknown;0
2025-07-02T22:43:00+02:00;43835_D;50;7;0;unknown;0
2025-07-02T22:43:00+02:00;43835_G;56;6;60;freeFlow;2
2025-07-02T22:43:00+02:00;43836;50;10;0;unknown;0
2025-07-02T22:43:00+02:00;43871_D;50;4;0;unknown;0
2025-07-02T22:43:00+02:00;43871_G;28;7;60;heavy;1
2025-07-02T22:43:00+02:00;43872_D;50;4;0;unknown;0
2025-07-02T22:43:00+02:00;43872_G;30;7;60;heavy;1
2025-07-02T22:43:00+02:00;43873_D;50;5;0;unknown;0
2025-07-02T22:43:00+02:00;43873_G;30;9;60;heavy;1
2025-07-02T22:43:00+02:00;43925_D;50;5;0;unknown;0
2025-07-02T22:43:00+02:00;43925_G;20;13;60;heavy;1
2025-07-02T22:43:00+02:00;43937_D;47;6;25;freeFlow;1
2025-07-02T22:43:00+02:00;43937_G;10;30;60;congested;2
2025-07-02T22:43:00+02:00;43938_D;58;17;25;freeFlow;1
2025-07-02T22:43:00+02:00;43938_G;55;18;57;freeFlow;2
2025-07-02T22:43:00+02:00;43972;50;7;0;unknown;0
2025-07-02T22:43:00+02:00;43974;35;14;60;heavy;1
2025-07-02T22:43:00+02:00;43975;35;6;60;heavy;1
2025-07-02T22:43:00+02:00;44002_D;46;9;55;freeFlow;1
2025-07-02T22:43:00+02:00;44002_G;50;9;0;unknown;0
2025-07-02T22:43:00+02:00;44003_D;59;7;55;freeFlow;1
2025-07-02T22:43:00+02:00;44012;50;13;0;unknown;0
2025-07-02T22:43:00+02:00;44017_D;37;4;52;freeFlow;1
2025-07-02T22:43:00+02:00;44018_D;48;12;55;freeFlow;1
2025-07-02T22:43:00+02:00;44028;50;5;0;unknown;0
2025-07-02T22:43:00+02:00;44036_D;41;3;55;freeFlow;1
2025-07-02T22:43:00+02:00;44036_G;50;2;0;unknown;0
2025-07-02T22:43:00+02:00;44066;50;4;0;unknown;0
2025-07-02T22:43:00+02:00;44067;50;15;0;unknown;0
2025-07-02T22:43:00+02:00;44069;50;4;0;unknown;0
2025-07-02T22:43:00+02:00;44084_D;38;7;38;freeFlow;1
2025-07-02T22:43:00+02:00;44084_G;50;5;0;unknown;0
2025-07-02T22:43:00+02:00;44089_D;50;6;0;unknown;0
2025-07-02T22:43:00+02:00;44089_G;50;6;0;unknown;0
2025-07-02T22:43:00+02:00;44090_D;50;5;0;unknown;0
2025-07-02T22:43:00+02:00;44090_G;50;5;0;unknown;0
2025-07-02T22:43:00+02:00;44131;50;12;0;unknown;0
2025-07-02T22:43:00+02:00;44134;50;9;0;unknown;0
2025-07-02T22:43:00+02:00;44165_D;6;36;40;congested;1
2025-07-02T22:43:00+02:00;44165_G;50;5;0;unknown;0
2025-07-02T22:43:00+02:00;44198_D;50;14;0;unknown;0
2025-07-02T22:43:00+02:00;44198_G;50;14;0;unknown;0
2025-07-02T22:43:00+02:00;44199_D;50;5;0;unknown;0
2025-07-02T22:43:00+02:00;44199_G;50;5;0;unknown;0
2025-07-02T22:43:00+02:00;44231_D;50;5;0;unknown;0
2025-07-02T22:43:00+02:00;44231_G;50;5;0;unknown;0
2025-07-02T22:43:00+02:00;44232_D;50;4;0;unknown;0
2025-07-02T22:43:00+02:00;44232_G;5;40;45;congested;1
2025-07-02T22:43:00+02:00;44234_D;50;7;0;unknown;0
2025-07-02T22:43:00+02:00;44234_G;39;9;42;freeFlow;1
2025-07-02T22:43:00+02:00;44259_D;50;2;0;unknown;0
2025-07-02T22:43:00+02:00;44259_G;50;2;0;unknown;0
2025-07-02T22:43:00+02:00;44260;50;8;0;unknown;0
2025-07-02T22:43:00+02:00;44261_D;50;9;0;unknown;0
2025-07-02T22:43:00+02:00;44261_G;50;9;0;unknown;0
2025-07-02T22:43:00+02:00;44293;50;5;0;unknown;0
2025-07-02T22:43:00+02:00;44303_D;50;2;0;unknown;0
2025-07-02T22:43:00+02:00;44303_G;50;2;0;unknown;0
2025-07-02T22:43:00+02:00;44304_D;50;9;0;unknown;0
2025-07-02T22:43:00+02:00;44304_G;50;9;0;unknown;0
2025-07-02T22:43:00+02:00;44322_D;50;44;0;unknown;0
2025-07-02T22:43:00+02:00;44322_G;33;68;45;heavy;1
2025-07-02T22:43:00+02:00;44328;50;10;0;unknown;0
2025-07-02T22:43:00+02:00;44583_D;31;12;38;heavy;1
2025-07-02T22:43:00+02:00;44583_G;50;7;0;unknown;0
2025-07-02T22:43:00+02:00;44584_D;42;11;38;freeFlow;1
2025-07-02T22:43:00+02:00;44584_G;50;10;0;unknown;0
2025-07-02T22:43:00+02:00;44632_D;24;43;40;heavy;1
2025-07-02T22:43:00+02:00;44632_G;50;20;0;unknown;0
2025-07-02T22:43:00+02:00;44694_D;36;17;15;freeFlow;1
2025-07-02T22:43:00+02:00;44694_G;14;42;12;congested;1
2025-07-02T22:43:00+02:00;44695_D;8;13;15;congested;1
2025-07-02T22:43:00+02:00;44695_G;26;4;60;heavy;1
2025-07-02T22:43:00+02:00;44711_D;12;52;12;congested;1
2025-07-02T22:43:00+02:00;44711_G;21;30;15;heavy;1
2025-07-02T22:43:00+02:00;44712_D;42;6;12;freeFlow;1
2025-07-02T22:43:00+02:00;44712_G;10;24;12;congested;1
2025-07-02T22:43:00+02:00;44714_D;50;1;0;unknown;0
2025-07-02T22:43:00+02:00;44714_G;22;2;15;heavy;1
2025-07-02T22:43:00+02:00;44736_D;43;2;38;freeFlow;1
2025-07-02T22:43:00+02:00;44736_G;50;2;0;unknown;0
2025-07-02T22:43:00+02:00;44868;70;6;0;unknown;0
2025-07-02T22:43:00+02:00;44873;50;3;0;unknown;0
2025-07-02T22:43:00+02:00;44874;66;6;60;freeFlow;1
2025-07-02T22:43:00+02:00;44875;50;8;0;unknown;0
2025-07-02T22:43:00+02:00;44877;58;7;60;freeFlow;1
2025-07-02T22:43:00+02:00;44878;35;27;48;heavy;1
2025-07-02T22:43:00+02:00;44880;90;17;63;freeFlow;2
2025-07-02T22:43:00+02:00;44882;63;15;60;freeFlow;1
2025-07-02T22:43:00+02:00;44884;107;12;60;freeFlow;1
2025-07-02T22:43:00+02:00;44900;70;22;0;unknown;0
2025-07-02T22:43:00+02:00;44902_D;50;33;0;unknown;0
2025-07-02T22:43:00+02:00;44902_G;50;33;0;unknown;0
2025-07-02T22:43:00+02:00;44905;69;10;60;freeFlow;1
2025-07-02T22:43:00+02:00;44920;90;2;100;freeFlow;3
2025-07-02T22:43:00+02:00;44942;100;11;30;freeFlow;1
2025-07-02T22:43:00+02:00;44948;101;10;60;freeFlow;1
2025-07-02T22:43:00+02:00;44961;14;23;100;heavy;3
2025-07-02T22:43:00+02:00;44962;30;8;0;unknown;0
2025-07-02T22:43:00+02:00;44963;50;2;0;unknown;0
2025-07-02T22:43:00+02:00;44966;82;12;100;freeFlow;3
2025-07-02T22:43:00+02:00;44974;28;5;100;heavy;3
2025-07-02T22:43:00+02:00;45012_D;50;1;0;unknown;0
2025-07-02T22:43:00+02:00;45012_G;42;1;0;unknown;0
2025-07-02T22:43:00+02:00;45028_D;50;17;0;unknown;0
2025-07-02T22:43:00+02:00;45028_G;50;17;0;unknown;0
2025-07-02T22:43:00+02:00;45029_D;50;7;0;unknown;0
2025-07-02T22:43:00+02:00;45029_G;50;7;0;unknown;0
2025-07-02T22:43:00+02:00;45106_D;50;3;0;unknown;0
2025-07-02T22:43:00+02:00;45106_G;50;3;0;unknown;0
2025-07-02T22:43:00+02:00;45136_D;50;16;0;unknown;0
2025-07-02T22:43:00+02:00;45149;50;10;0;unknown;0
2025-07-02T22:43:00+02:00;45166;50;1;0;unknown;0
2025-07-02T22:43:00+02:00;45169;46;2;22;freeFlow;1
2025-07-02T22:43:00+02:00;45236_G;50;10;0;unknown;0
2025-07-02T22:43:00+02:00;45238;50;12;0;unknown;0
2025-07-02T22:43:00+02:00;45239;50;10;45;freeFlow;2
2025-07-02T22:43:00+02:00;45240;38;13;58;heavy;2
2025-07-02T22:43:00+02:00;45241;90;1;27;freeFlow;1
2025-07-02T22:43:00+02:00;45305;90;3;0;unknown;0
2025-07-02T22:43:00+02:00;45306;90;7;0;unknown;0
2025-07-02T22:43:00+02:00;45327;108;6;75;freeFlow;2
2025-07-02T22:43:00+02:00;45486_D;43;5;60;freeFlow;1
2025-07-02T22:43:00+02:00;45487_D;34;7;60;heavy;1
2025-07-02T22:43:00+02:00;45630;90;13;100;freeFlow;6
2025-07-02T22:43:00+02:00;45645_D;30;18;57;heavy;1
2025-07-02T22:43:00+02:00;45651;50;3;0;unknown;0
2025-07-02T22:43:00+02:00;45761_D;10;30;68;congested;2
2025-07-02T22:43:00+02:00;45865_D;50;7;0;unknown;0
2025-07-02T22:43:00+02:00;46053_D;29;13;30;heavy;2
2025-07-02T22:43:00+02:00;46056_D;40;3;30;freeFlow;2
2025-07-02T22:43:00+02:00;46061;50;4;0;unknown;0
2025-07-02T22:43:00+02:00;46567_D;50;2;0;unknown;0
2025-07-02T22:43:00+02:00;46642;50;5;0;unknown;0
2025-07-02T22:43:00+02:00;46771;103;8;57;freeFlow;1
2025-07-02T22:43:00+02:00;46821_D;20;41;73;heavy;2
2025-07-02T22:43:00+02:00;46821_G;50;16;0;unknown;0
2025-07-02T22:43:00+02:00;46923_D;38;1;45;freeFlow;1
2025-07-02T22:43:00+02:00;46923_G;30;1;0;unknown;0
2025-07-02T22:43:00+02:00;46976;50;4;0;unknown;0
2025-07-02T22:43:00+02:00;47029;43;9;100;freeFlow;3
2025-07-02T22:43:00+02:00;47061;106;17;55;freeFlow;1
2025-07-02T22:43:00+02:00;47239;107;5;55;freeFlow;1
2025-07-02T22:43:00+02:00;47410;90;15;0;unknown;0
2025-07-02T22:43:00+02:00;47411;90;14;12;freeFlow;1
2025-07-02T22:43:00+02:00;47412;70;0;0;unknown;0
2025-07-02T22:43:00+02:00;47413;70;7;0;unknown;0
2025-07-02T22:43:00+02:00;47414;70;1;0;unknown;0
2025-07-02T22:43:00+02:00;47416;90;13;0;unknown;0
2025-07-02T22:43:00+02:00;47418;91;17;12;freeFlow;1
2025-07-02T22:43:00+02:00;47420;70;13;0;unknown;0
2025-07-02T22:43:00+02:00;47476;70;8;0;unknown;0
2025-07-02T22:43:00+02:00;47477;70;3;0;unknown;0
2025-07-02T22:43:00+02:00;47479;70;14;0;unknown;0
2025-07-02T22:43:00+02:00;47480;90;50;0;unknown;0
2025-07-02T22:43:00+02:00;47481;77;60;15;freeFlow;1
2025-07-02T22:43:00+02:00;47537_D;50;6;0;unknown;0
2025-07-02T22:43:00+02:00;47537_G;50;6;0;unknown;0
2025-07-02T22:43:00+02:00;47742_D;31;7;52;heavy;1
2025-07-02T22:43:00+02:00;48758;41;2;60;freeFlow;1
2025-07-02T22:43:00+02:00;48759;41;2;60;freeFlow;1
2025-07-02T22:43:00+02:00;48920_D;43;6;0;unknown;0
2025-07-02T22:43:00+02:00;48920_G;19;13;60;heavy;1
2025-07-02T22:43:00+02:00;489866_D;40;4;60;freeFlow;1
2025-07-02T22:43:00+02:00;489970;32;29;67;heavy;2
2025-07-02T22:43:00+02:00;489971;70;2;0;unknown;0
2025-07-02T22:43:00+02:00;489972;87;5;50;freeFlow;1
2025-07-02T22:43:00+02:00;490059_D;52;18;33;freeFlow;1
2025-07-02T22:43:00+02:00;490059_G;70;13;0;unknown;0
2025-07-02T22:43:00+02:00;490080_D;37;1;32;freeFlow;1
2025-07-02T22:43:00+02:00;490080_G;50;1;0;unknown;0
2025-07-02T22:43:00+02:00;49026;50;1;0;unknown;0
2025-07-02T22:43:00+02:00;49053;50;11;0;unknown;0
2025-07-02T22:43:00+02:00;490823;70;11;0;unknown;0
2025-07-02T22:43:00+02:00;490824;70;5;0;unknown;0
2025-07-02T22:43:00+02:00;490825;58;13;75;freeFlow;2
2025-07-02T22:43:00+02:00;490827;33;12;60;heavy;1
2025-07-02T22:43:00+02:00;490828_D;28;18;52;freeFlow;1
2025-07-02T22:43:00+02:00;490828_G;30;17;65;freeFlow;2
2025-07-02T22:43:00+02:00;491005_D;50;3;0;unknown;0
2025-07-02T22:43:00+02:00;491005_G;50;3;0;unknown;0
2025-07-02T22:43:00+02:00;491126_D;11;39;55;heavy;1
2025-07-02T22:43:00+02:00;491126_G;27;17;50;freeFlow;1
2025-07-02T22:43:00+02:00;491135;26;5;55;heavy;1
2025-07-02T22:43:00+02:00;491141;23;4;55;heavy;1
2025-07-02T22:43:00+02:00;491300_D;50;13;0;unknown;0
2025-07-02T22:43:00+02:00;491300_G;50;13;0;unknown;0
2025-07-02T22:43:00+02:00;491308;25;2;10;heavy;1
2025-07-02T22:43:00+02:00;491320_D;50;6;0;unknown;0
2025-07-02T22:43:00+02:00;491320_G;25;11;10;heavy;1
2025-07-02T22:43:00+02:00;491326_D;50;11;0;unknown;0
2025-07-02T22:43:00+02:00;491326_G;50;11;0;unknown;0
2025-07-02T22:43:00+02:00;491329_D;50;4;0;unknown;0
2025-07-02T22:43:00+02:00;491329_G;50;4;0;unknown;0
2025-07-02T22:43:00+02:00;491490;9;25;42;congested;1
2025-07-02T22:43:00+02:00;491714_D;37;7;45;freeFlow;1
2025-07-02T22:43:00+02:00;491714_G;30;8;0;unknown;0
2025-07-02T22:43:00+02:00;491735_D;32;3;60;freeFlow;2
2025-07-02T22:43:00+02:00;491735_G;30;5;0;unknown;0
2025-07-02T22:43:00+02:00;491794_D;50;3;0;unknown;0
2025-07-02T22:43:00+02:00;491794_G;50;3;0;unknown;0
2025-07-02T22:43:00+02:00;491872;50;13;0;unknown;0
2025-07-02T22:43:00+02:00;491877;50;2;0;unknown;0
2025-07-02T22:43:00+02:00;491881;50;1;0;unknown;0
2025-07-02T22:43:00+02:00;491884;17;4;60;heavy;1
2025-07-02T22:43:00+02:00;491888;62;14;60;freeFlow;1
2025-07-02T22:43:00+02:00;491890;50;1;0;unknown;0
2025-07-02T22:43:00+02:00;491917;70;2;0;unknown;0
2025-07-02T22:43:00+02:00;49225_D;14;23;60;congested;1
2025-07-02T22:43:00+02:00;49225_G;50;6;0;unknown;0
2025-07-02T22:43:00+02:00;492315_D;48;30;55;freeFlow;1
2025-07-02T22:43:00+02:00;492315_G;50;29;0;unknown;0
2025-07-02T22:43:00+02:00;492351_D;24;5;60;heavy;1
2025-07-02T22:43:00+02:00;492359_G;39;6;35;freeFlow;1
2025-07-02T22:43:00+02:00;492437;32;6;60;heavy;1
2025-07-02T22:43:00+02:00;492442;50;1;0;unknown;0
2025-07-02T22:43:00+02:00;492445_D;39;15;60;freeFlow;1
2025-07-02T22:43:00+02:00;492478;32;5;60;heavy;1
2025-07-02T22:43:00+02:00;492492;10;32;60;congested;1
2025-07-02T22:43:00+02:00;49315_D;50;4;0;unknown;0
2025-07-02T22:43:00+02:00;49315_G;50;4;0;unknown;0
2025-07-02T22:43:00+02:00;49943_D;50;14;0;unknown;0
2025-07-02T22:43:00+02:00;49943_G;50;14;0;unknown;0
2025-07-02T22:43:00+02:00;49947;50;4;0;unknown;0
2025-07-02T22:43:00+02:00;49958_D;6;49;15;congested;1
2025-07-02T22:43:00+02:00;49958_G;11;24;12;congested;1
2025-07-02T22:43:00+02:00;50308_D;34;8;60;heavy;1
2025-07-02T22:43:00+02:00;50441;54;4;100;freeFlow;3
2025-07-02T22:43:00+02:00;50525;50;4;0;unknown;0
2025-07-02T22:43:00+02:00;50571;50;2;0;unknown;0
2025-07-02T22:43:00+02:00;50625;50;4;0;unknown;0
2025-07-02T22:43:00+02:00;5064_D;70;7;0;unknown;0
2025-07-02T22:43:00+02:00;5064_G;70;7;0;unknown;0
2025-07-02T22:43:00+02:00;51419;50;15;0;unknown;0
2025-07-02T22:43:00+02:00;51474_D;50;1;0;unknown;0
2025-07-02T22:43:00+02:00;51474_G;50;1;0;unknown;0
2025-07-02T22:43:00+02:00;51798;36;2;100;freeFlow;3
2025-07-02T22:43:00+02:00;52107_D;44;10;57;freeFlow;1
2025-07-02T22:43:00+02:00;52107_G;50;10;0;unknown;0
2025-07-02T22:43:00+02:00;52129;50;6;0;unknown;0
2025-07-02T22:43:00+02:00;52835_D;2;75;35;congested;1
2025-07-02T22:43:00+02:00;53020_D;41;2;52;freeFlow;1
2025-07-02T22:43:00+02:00;53327_D;50;7;17;freeFlow;1
2025-07-02T22:43:00+02:00;53327_G;50;7;0;unknown;0
2025-07-02T22:43:00+02:00;53411_G;20;18;71;heavy;2
2025-07-02T22:43:00+02:00;53428;64;73;75;freeFlow;2
2025-07-02T22:43:00+02:00;53539_D;50;4;0;unknown;0
2025-07-02T22:43:00+02:00;53566;50;2;0;unknown;0
2025-07-02T22:43:00+02:00;53623;51;2;60;freeFlow;1
2025-07-02T22:43:00+02:00;53624;51;1;60;freeFlow;1
2025-07-02T22:43:00+02:00;53625;50;1;0;unknown;0
2025-07-02T22:43:00+02:00;53634_D;30;2;0;unknown;0
2025-07-02T22:43:00+02:00;53634_G;30;2;0;unknown;0
2025-07-02T22:43:00+02:00;53641_D;50;9;0;unknown;0
2025-07-02T22:43:00+02:00;53641_G;53;8;55;freeFlow;2
2025-07-02T22:43:00+02:00;53652;50;15;0;unknown;0
2025-07-02T22:43:00+02:00;53659;58;3;60;freeFlow;1
2025-07-02T22:43:00+02:00;53702;84;5;100;freeFlow;6
2025-07-02T22:43:00+02:00;53892;46;1;12;freeFlow;1
2025-07-02T22:43:00+02:00;53893;53;12;12;freeFlow;1
2025-07-02T22:43:00+02:00;53895;53;6;12;freeFlow;1
2025-07-02T22:43:00+02:00;53896;59;7;15;freeFlow;1
2025-07-02T22:43:00+02:00;53898;50;11;15;freeFlow;1
2025-07-02T22:43:00+02:00;53900;19;30;15;heavy;1
2025-07-02T22:43:00+02:00;53901;36;7;15;freeFlow;1
2025-07-02T22:43:00+02:00;53903;41;5;15;freeFlow;1
2025-07-02T22:43:00+02:00;53904;47;3;60;freeFlow;1
2025-07-02T22:43:00+02:00;53905;26;15;17;heavy;1
2025-07-02T22:43:00+02:00;53908;58;2;60;freeFlow;1
2025-07-02T22:43:00+02:00;53910;58;5;60;freeFlow;1
2025-07-02T22:43:00+02:00;53912;58;5;60;freeFlow;1
2025-07-02T22:43:00+02:00;53915;58;9;60;freeFlow;1
2025-07-02T22:43:00+02:00;53918;58;8;60;freeFlow;1
2025-07-02T22:43:00+02:00;53919;58;3;60;freeFlow;1
2025-07-02T22:43:00+02:00;53921;58;9;60;freeFlow;1
2025-07-02T22:43:00+02:00;53922;58;3;60;freeFlow;1
2025-07-02T22:43:00+02:00;53923;44;12;12;freeFlow;1
2025-07-02T22:43:00+02:00;53925_D;70;4;0;unknown;0
2025-07-02T22:43:00+02:00;53925_G;70;4;0;unknown;0
2025-07-02T22:43:00+02:00;53936;73;12;60;freeFlow;1
2025-07-02T22:43:00+02:00;53938;50;6;0;unknown;0
2025-07-02T22:43:00+02:00;53939;72;20;73;freeFlow;2
2025-07-02T22:43:00+02:00;53941;77;7;73;freeFlow;2
2025-07-02T22:43:00+02:00;53942;71;4;73;freeFlow;2
2025-07-02T22:43:00+02:00;53944;50;1;0;unknown;0
2025-07-02T22:43:00+02:00;53945;70;7;0;unknown;0
2025-07-02T22:43:00+02:00;53946;50;1;0;unknown;0
2025-07-02T22:43:00+02:00;53947;41;1;60;freeFlow;1
2025-07-02T22:43:00+02:00;53948;73;4;60;freeFlow;1
2025-07-02T22:43:00+02:00;53949;90;2;0;unknown;0
2025-07-02T22:43:00+02:00;53950;71;53;60;freeFlow;1
2025-07-02T22:43:00+02:00;53952_D;50;2;0;unknown;0
2025-07-02T22:43:00+02:00;53952_G;41;3;57;freeFlow;2
2025-07-02T22:43:00+02:00;53959;88;41;60;freeFlow;1
2025-07-02T22:43:00+02:00;53961;66;86;74;freeFlow;2
2025-07-02T22:43:00+02:00;53987;50;1;0;unknown;0
2025-07-02T22:43:00+02:00;53990;46;6;22;freeFlow;1
2025-07-02T22:43:00+02:00;54067;90;11;0;unknown;0
2025-07-02T22:43:00+02:00;54134;37;21;51;freeFlow;2
2025-07-02T22:43:00+02:00;54138;24;42;46;heavy;2
2025-07-02T22:43:00+02:00;54140;31;65;40;heavy;1
2025-07-02T22:43:00+02:00;54144;50;3;0;unknown;0
2025-07-02T22:43:00+02:00;54150;51;17;17;freeFlow;1
2025-07-02T22:43:00+02:00;54153;50;18;0;unknown;0
2025-07-02T22:43:00+02:00;54154;50;21;0;unknown;0
2025-07-02T22:43:00+02:00;54155;49;22;17;freeFlow;1
2025-07-02T22:43:00+02:00;54161;18;11;12;heavy;1
2025-07-02T22:43:00+02:00;54187_D;30;11;0;unknown;0
2025-07-02T22:43:00+02:00;54187_G;30;12;0;unknown;0
2025-07-02T22:43:00+02:00;54189_D;30;13;0;unknown;0
2025-07-02T22:43:00+02:00;54189_G;30;14;0;unknown;0
2025-07-02T22:43:00+02:00;54191_D;30;10;0;unknown;0
2025-07-02T22:43:00+02:00;54191_G;30;9;0;unknown;0
2025-07-02T22:43:00+02:00;54197;50;15;0;unknown;0
2025-07-02T22:43:00+02:00;54198;50;4;0;unknown;0
2025-07-02T22:43:00+02:00;54206;38;15;20;freeFlow;1
2025-07-02T22:43:00+02:00;54208;37;1;20;freeFlow;1
2025-07-02T22:43:00+02:00;54212;41;39;25;freeFlow;1
2025-07-02T22:43:00+02:00;54223_D;30;2;0;unknown;0
2025-07-02T22:43:00+02:00;54223_G;30;2;0;unknown;0
2025-07-02T22:43:00+02:00;54227;90;10;12;freeFlow;1
2025-07-02T22:43:00+02:00;54234;50;1;0;unknown;0
2025-07-02T22:43:00+02:00;54239;50;1;0;unknown;0
2025-07-02T22:43:00+02:00;54240;50;7;0;unknown;0
2025-07-02T22:43:00+02:00;54241;46;1;22;freeFlow;1
2025-07-02T22:43:00+02:00;54243;46;12;22;freeFlow;1
2025-07-02T22:43:00+02:00;54297;50;17;0;unknown;0
2025-07-02T22:43:00+02:00;54339;42;23;60;freeFlow;1
2025-07-02T22:43:00+02:00;54340;42;7;60;freeFlow;1
2025-07-02T22:43:00+02:00;54358_D;59;12;55;freeFlow;1
2025-07-02T22:43:00+02:00;54358_G;50;14;0;unknown;0
2025-07-02T22:43:00+02:00;54363;50;9;0;unknown;0
2025-07-02T22:43:00+02:00;54365;50;6;0;unknown;0
2025-07-02T22:43:00+02:00;54367;50;8;0;unknown;0
2025-07-02T22:43:00+02:00;54368;50;2;0;unknown;0
2025-07-02T22:43:00+02:00;54369;89;14;100;freeFlow;3
2025-07-02T22:43:00+02:00;54372;50;1;0;unknown;0
2025-07-02T22:43:00+02:00;54375;43;16;17;freeFlow;1
2025-07-02T22:43:00+02:00;54376;50;4;0;unknown;0
2025-07-02T22:43:00+02:00;54378;30;10;100;heavy;3
2025-07-02T22:43:00+02:00;54381;44;7;17;freeFlow;1
2025-07-02T22:43:00+02:00;54382;100;2;30;freeFlow;1
2025-07-02T22:43:00+02:00;54383;58;14;60;freeFlow;1
2025-07-02T22:43:00+02:00;54384;60;4;30;freeFlow;1
2025-07-02T22:43:00+02:00;54385;50;5;0;unknown;0
2025-07-02T22:43:00+02:00;54386;50;1;0;unknown;0
2025-07-02T22:43:00+02:00;54400;46;11;22;freeFlow;1
2025-07-02T22:43:00+02:00;54401;46;2;22;freeFlow;1
2025-07-02T22:43:00+02:00;54406;56;46;15;freeFlow;1
2025-07-02T22:43:00+02:00;54428_D;50;12;0;unknown;0
2025-07-02T22:43:00+02:00;54428_G;19;31;42;heavy;1
2025-07-02T22:43:00+02:00;54429_D;26;26;42;heavy;1
2025-07-02T22:43:00+02:00;54429_G;50;13;0;unknown;0
2025-07-02T22:43:00+02:00;54438_D;50;1;0;unknown;0
2025-07-02T22:43:00+02:00;54438_G;50;1;0;unknown;0
2025-07-02T22:43:00+02:00;54440_D;50;6;0;unknown;0
2025-07-02T22:43:00+02:00;54440_G;50;6;0;unknown;0
2025-07-02T22:43:00+02:00;54444_D;50;1;0;unknown;0
2025-07-02T22:43:00+02:00;54444_G;50;1;0;unknown;0
2025-07-02T22:43:00+02:00;54447_D;50;11;0;unknown;0
2025-07-02T22:43:00+02:00;54447_G;50;11;0;unknown;0
2025-07-02T22:43:00+02:00;54448_D;50;3;0;unknown;0
2025-07-02T22:43:00+02:00;54448_G;50;3;0;unknown;0
2025-07-02T22:43:00+02:00;54449_D;50;10;0;unknown;0
2025-07-02T22:43:00+02:00;54449_G;50;10;0;unknown;0
2025-07-02T22:43:00+02:00;54453_D;50;3;0;unknown;0
2025-07-02T22:43:00+02:00;54453_G;50;3;0;unknown;0
2025-07-02T22:43:00+02:00;54455;50;2;0;unknown;0
2025-07-02T22:43:00+02:00;54457;50;8;0;unknown;0
2025-07-02T22:43:00+02:00;54460;50;5;0;unknown;0
2025-07-02T22:43:00+02:00;54463_D;50;6;0;unknown;0
2025-07-02T22:43:00+02:00;54463_G;50;6;0;unknown;0
2025-07-02T22:43:00+02:00;54466_D;50;15;0;unknown;0
2025-07-02T22:43:00+02:00;54466_G;50;16;0;unknown;0
2025-07-02T22:43:00+02:00;54469;46;3;22;freeFlow;1
2025-07-02T22:43:00+02:00;54471;50;9;0;unknown;0
2025-07-02T22:43:00+02:00;54472;35;12;20;freeFlow;1
2025-07-02T22:43:00+02:00;54473;37;1;20;freeFlow;1
2025-07-02T22:43:00+02:00;54483;50;30;0;unknown;0
2025-07-02T22:43:00+02:00;54489;50;1;0;unknown;0
2025-07-02T22:43:00+02:00;54490;50;4;0;unknown;0
2025-07-02T22:43:00+02:00;54492;50;3;0;unknown;0
2025-07-02T22:43:00+02:00;54505;50;15;0;unknown;0
2025-07-02T22:43:00+02:00;54509;50;6;0;unknown;0
2025-07-02T22:43:00+02:00;54518;50;3;0;unknown;0
2025-07-02T22:43:00+02:00;54522;50;2;0;unknown;0
2025-07-02T22:43:00+02:00;54523;30;3;0;unknown;0
2025-07-02T22:43:00+02:00;54524;30;1;0;unknown;0
2025-07-02T22:43:00+02:00;54580_D;11;52;60;congested;1
2025-07-02T22:43:00+02:00;54877;50;15;0;unknown;0
2025-07-02T22:43:00+02:00;54879;33;22;22;heavy;1
2025-07-02T22:43:00+02:00;54880_D;50;20;0;unknown;0
2025-07-02T22:43:00+02:00;54880_G;50;20;0;unknown;0
2025-07-02T22:43:00+02:00;54882;30;2;0;unknown;0
2025-07-02T22:43:00+02:00;54883;30;2;0;unknown;0
2025-07-02T22:43:00+02:00;54884;30;1;0;unknown;0
2025-07-02T22:43:00+02:00;54885;30;1;0;unknown;0
2025-07-02T22:43:00+02:00;54886;27;3;22;freeFlow;1
2025-07-02T22:43:00+02:00;54887;31;2;22;freeFlow;1
2025-07-02T22:43:00+02:00;54888;30;1;0;unknown;0
2025-07-02T22:43:00+02:00;54889;30;1;0;unknown;0
2025-07-02T22:43:00+02:00;54988;50;2;75;freeFlow;2
2025-07-02T22:43:00+02:00;54989;63;28;60;freeFlow;1
2025-07-02T22:43:00+02:00;54990;28;4;57;heavy;1
2025-07-02T22:43:00+02:00;54991;58;30;50;freeFlow;1
2025-07-02T22:43:00+02:00;55467_D;50;13;0;unknown;0
2025-07-02T22:43:00+02:00;55467_G;50;12;0;unknown;0
2025-07-02T22:43:00+02:00;55570_D;50;3;0;unknown;0
2025-07-02T22:43:00+02:00;55570_G;57;3;55;freeFlow;2
2025-07-02T22:43:00+02:00;55589_D;30;8;0;unknown;0
2025-07-02T22:43:00+02:00;55589_G;30;8;0;unknown;0
2025-07-02T22:43:00+02:00;55591;50;1;0;unknown;0
2025-07-02T22:43:00+02:00;55592;50;1;0;unknown;0
2025-07-02T22:43:00+02:00;55593;50;1;0;unknown;0
2025-07-02T22:43:00+02:00;55595;50;1;0;unknown;0
2025-07-02T22:43:00+02:00;55596;50;1;0;unknown;0
2025-07-02T22:43:00+02:00;55597;50;1;0;unknown;0
2025-07-02T22:43:00+02:00;55702;50;6;0;unknown;0
2025-07-02T22:43:00+02:00;55704;50;17;0;unknown;0
2025-07-02T22:43:00+02:00;5576_D;52;6;25;heavy;1
2025-07-02T22:43:00+02:00;5576_G;108;3;52;freeFlow;1
2025-07-02T22:43:00+02:00;55881;36;1;100;freeFlow;3
2025-07-02T22:43:00+02:00;55900;36;3;100;freeFlow;3
2025-07-02T22:43:00+02:00;55929_D;50;8;0;unknown;0
2025-07-02T22:43:00+02:00;55929_G;38;11;38;freeFlow;1
2025-07-02T22:43:00+02:00;55976;97;1;20;freeFlow;1
2025-07-02T22:43:00+02:00;56024;50;20;0;unknown;0
2025-07-02T22:43:00+02:00;56131;50;2;0;unknown;0
2025-07-02T22:43:00+02:00;56257;30;7;0;unknown;0
2025-07-02T22:43:00+02:00;563566;50;3;0;unknown;0
2025-07-02T22:43:00+02:00;563571;50;6;0;unknown;0
2025-07-02T22:43:00+02:00;563844_D;56;16;57;freeFlow;1
2025-07-02T22:43:00+02:00;563844_G;63;14;45;freeFlow;1
2025-07-02T22:43:00+02:00;563846;50;6;0;unknown;0
2025-07-02T22:43:00+02:00;563903_D;50;34;0;unknown;0
2025-07-02T22:43:00+02:00;563903_G;50;34;0;unknown;0
2025-07-02T22:43:00+02:00;564067_D;72;17;52;freeFlow;1
2025-07-02T22:43:00+02:00;564067_G;58;23;50;freeFlow;1
2025-07-02T22:43:00+02:00;564195_D;108;4;52;freeFlow;1
2025-07-02T22:43:00+02:00;564195_G;17;28;27;heavy;1
2025-07-02T22:43:00+02:00;56441;23;10;22;heavy;1
2025-07-02T22:43:00+02:00;5651;50;1;0;unknown;0
2025-07-02T22:43:00+02:00;5652;52;1;48;freeFlow;1
2025-07-02T22:43:00+02:00;565232;30;4;0;unknown;0
2025-07-02T22:43:00+02:00;5653;50;1;0;unknown;0
2025-07-02T22:43:00+02:00;565374;47;44;55;freeFlow;1
2025-07-02T22:43:00+02:00;565376;50;42;0;unknown;0
2025-07-02T22:43:00+02:00;565393;88;54;52;freeFlow;1
2025-07-02T22:43:00+02:00;5654;52;1;48;freeFlow;1
2025-07-02T22:43:00+02:00;565682_D;67;14;60;freeFlow;1
2025-07-02T22:43:00+02:00;565682_G;70;13;0;unknown;0
2025-07-02T22:43:00+02:00;565731_D;27;4;52;freeFlow;1
2025-07-02T22:43:00+02:00;565731_G;27;3;50;freeFlow;1
2025-07-02T22:43:00+02:00;565732;62;1;60;freeFlow;1
2025-07-02T22:43:00+02:00;56584;97;2;20;freeFlow;1
2025-07-02T22:43:00+02:00;565854;54;19;42;freeFlow;1
2025-07-02T22:43:00+02:00;566176_D;80;14;0;unknown;0
2025-07-02T22:43:00+02:00;566176_G;80;14;0;unknown;0
2025-07-02T22:43:00+02:00;56619_D;23;17;40;heavy;1
2025-07-02T22:43:00+02:00;56619_G;107;4;60;freeFlow;1
2025-07-02T22:43:00+02:00;566287_D;30;16;0;unknown;0
2025-07-02T22:43:00+02:00;566287_G;30;16;0;unknown;0
2025-07-02T22:43:00+02:00;566302_D;50;1;0;unknown;0
2025-07-02T22:43:00+02:00;566302_G;50;1;0;unknown;0
2025-07-02T22:43:00+02:00;566303_D;50;15;0;unknown;0
2025-07-02T22:43:00+02:00;566303_G;50;15;0;unknown;0
2025-07-02T22:43:00+02:00;5663_D;83;32;48;freeFlow;1
2025-07-02T22:43:00+02:00;5663_G;80;33;0;unknown;0
2025-07-02T22:43:00+02:00;566407_D;30;3;0;unknown;0
2025-07-02T22:43:00+02:00;566407_G;30;3;0;unknown;0
2025-07-02T22:43:00+02:00;566417_D;30;5;0;unknown;0
2025-07-02T22:43:00+02:00;566417_G;30;5;0;unknown;0
2025-07-02T22:43:00+02:00;566419;50;1;0;unknown;0
2025-07-02T22:43:00+02:00;566481;50;1;0;unknown;0
2025-07-02T22:43:00+02:00;566482;50;1;0;unknown;0
2025-07-02T22:43:00+02:00;566483;115;98;59;freeFlow;2
2025-07-02T22:43:00+02:00;566484;50;0;0;unknown;0
2025-07-02T22:43:00+02:00;5664_D;80;2;0;unknown;0
2025-07-02T22:43:00+02:00;5664_G;87;2;45;freeFlow;1
2025-07-02T22:43:00+02:00;566573_D;44;2;40;freeFlow;1
2025-07-02T22:43:00+02:00;566573_G;107;1;60;freeFlow;1
2025-07-02T22:43:00+02:00;566599_D;30;1;0;unknown;0
2025-07-02T22:43:00+02:00;566599_G;30;1;0;unknown;0
2025-07-02T22:43:00+02:00;566706_D;50;3;0;unknown;0
2025-07-02T22:43:00+02:00;566706_G;50;4;0;unknown;0
2025-07-02T22:43:00+02:00;56676_G;50;4;0;unknown;0
2025-07-02T22:43:00+02:00;566850;38;4;35;freeFlow;1
2025-07-02T22:43:00+02:00;566924_D;50;6;0;unknown;0
2025-07-02T22:43:00+02:00;566924_G;50;6;0;unknown;0
2025-07-02T22:43:00+02:00;566942;50;1;0;unknown;0
2025-07-02T22:43:00+02:00;56872;86;24;100;freeFlow;3
2025-07-02T22:43:00+02:00;56874;89;6;100;freeFlow;3
2025-07-02T22:43:00+02:00;56886;50;51;0;unknown;0
2025-07-02T22:43:00+02:00;56914;50;3;0;unknown;0
2025-07-02T22:43:00+02:00;56926;107;3;55;freeFlow;1
2025-07-02T22:43:00+02:00;57009;89;4;100;freeFlow;6
2025-07-02T22:43:00+02:00;57011;82;8;100;freeFlow;3
2025-07-02T22:43:00+02:00;57012;53;7;17;freeFlow;1
2025-07-02T22:43:00+02:00;57082_D;30;9;0;unknown;0
2025-07-02T22:43:00+02:00;57360_D;30;5;0;unknown;0
2025-07-02T22:43:00+02:00;57360_G;26;7;60;freeFlow;1
2025-07-02T22:43:00+02:00;57362_D;30;4;0;unknown;0
2025-07-02T22:43:00+02:00;57362_G;27;3;60;freeFlow;1
2025-07-02T22:43:00+02:00;57368_D;30;7;0;unknown;0
2025-07-02T22:43:00+02:00;57368_G;27;8;60;freeFlow;1
2025-07-02T22:43:00+02:00;57378_D;58;2;25;freeFlow;1
2025-07-02T22:43:00+02:00;57378_G;55;2;57;freeFlow;2
2025-07-02T22:43:00+02:00;62549;50;1;0;unknown;0
2025-07-02T22:43:00+02:00;62550;50;1;0;unknown;0
2025-07-02T22:43:00+02:00;62617_D;56;8;25;freeFlow;1
2025-07-02T22:43:00+02:00;62617_G;55;8;57;freeFlow;2
2025-07-02T22:43:00+02:00;62948_D;30;5;0;unknown;0
2025-07-02T22:43:00+02:00;62948_G;38;4;0;unknown;0
2025-07-02T22:43:00+02:00;63039;58;3;60;freeFlow;1
2025-07-02T22:43:00+02:00;63203_D;30;26;0;unknown;0
2025-07-02T22:43:00+02:00;63203_G;30;26;0;unknown;0
2025-07-02T22:43:00+02:00;63308;50;2;0;unknown;0
2025-07-02T22:43:00+02:00;63895_D;30;5;0;unknown;0
2025-07-02T22:43:00+02:00;63895_G;30;5;0;unknown;0
2025-07-02T22:43:00+02:00;63903;90;2;0;unknown;0
2025-07-02T22:43:00+02:00;63917;70;2;0;unknown;0
2025-07-02T22:43:00+02:00;63954_D;30;6;0;unknown;0
2025-07-02T22:43:00+02:00;63954_G;30;5;0;unknown;0
2025-07-02T22:43:00+02:00;63961_D;30;2;0;unknown;0
2025-07-02T22:43:00+02:00;63961_G;32;2;50;freeFlow;2
2025-07-02T22:43:00+02:00;63963_D;30;15;0;unknown;0
2025-07-02T22:43:00+02:00;63963_G;39;12;42;freeFlow;1
2025-07-02T22:43:00+02:00;63974;70;6;0;unknown;0
2025-07-02T22:43:00+02:00;64028;50;2;0;unknown;0
2025-07-02T22:43:00+02:00;64029;41;3;42;heavy;1
2025-07-02T22:43:00+02:00;64033;25;6;42;heavy;1
2025-07-02T22:43:00+02:00;64034;27;4;42;heavy;1
2025-07-02T22:43:00+02:00;64035;32;3;42;heavy;1
2025-07-02T22:43:00+02:00;64104_D;50;2;0;unknown;0
2025-07-02T22:43:00+02:00;64104_G;50;2;0;unknown;0
2025-07-02T22:43:00+02:00;6421;43;55;52;heavy;1
2025-07-02T22:43:00+02:00;6422;110;6;0;unknown;0
2025-07-02T22:43:00+02:00;6423;110;12;0;unknown;0
2025-07-02T22:43:00+02:00;6424;110;27;0;unknown;0
2025-07-02T22:43:00+02:00;64792_D;50;13;0;unknown;0
2025-07-02T22:43:00+02:00;64792_G;50;13;0;unknown;0
2025-07-02T22:43:00+02:00;64862_D;50;10;0;unknown;0
2025-07-02T22:43:00+02:00;64862_G;50;10;0;unknown;0
2025-07-02T22:43:00+02:00;65281;52;2;100;freeFlow;3
2025-07-02T22:43:00+02:00;65283;52;2;100;freeFlow;3
2025-07-02T22:43:00+02:00;65293;52;4;100;freeFlow;3
2025-07-02T22:43:00+02:00;65961_D;50;27;0;unknown;0
2025-07-02T22:43:00+02:00;65961_G;50;27;0;unknown;0
2025-07-02T22:43:00+02:00;65966_D;50;1;0;unknown;0
2025-07-02T22:43:00+02:00;65966_G;50;1;0;unknown;0
2025-07-02T22:43:00+02:00;66020;61;0;60;freeFlow;1
2025-07-02T22:43:00+02:00;6615_D;51;11;52;heavy;1
2025-07-02T22:43:00+02:00;6615_G;56;10;50;heavy;1
2025-07-02T22:43:00+02:00;6616;38;2;50;heavy;1
2025-07-02T22:43:00+02:00;6619;51;2;52;heavy;1
2025-07-02T22:43:00+02:00;6620;51;5;68;heavy;2
2025-07-02T22:43:00+02:00;6621;38;3;50;heavy;1
2025-07-02T22:43:00+02:00;6622;42;2;65;heavy;2
2025-07-02T22:43:00+02:00;6623;44;1;50;heavy;1
2025-07-02T22:43:00+02:00;6628_D;50;17;0;unknown;0
2025-07-02T22:43:00+02:00;6628_G;50;17;0;unknown;0
2025-07-02T22:43:00+02:00;6629_D;50;20;0;unknown;0
2025-07-02T22:43:00+02:00;6629_G;50;19;0;unknown;0
2025-07-02T22:43:00+02:00;6643;38;18;50;heavy;1
2025-07-02T22:43:00+02:00;6644;44;15;50;heavy;1
2025-07-02T22:43:00+02:00;6645;43;2;52;freeFlow;1
2025-07-02T22:43:00+02:00;6646;44;1;68;freeFlow;2
2025-07-02T22:43:00+02:00;6647;44;1;50;freeFlow;1
2025-07-02T22:43:00+02:00;6648;39;2;52;freeFlow;1
2025-07-02T22:43:00+02:00;6649;43;2;52;freeFlow;1
2025-07-02T22:43:00+02:00;6650;43;4;52;freeFlow;1
2025-07-02T22:43:00+02:00;6651;42;4;68;freeFlow;2
2025-07-02T22:43:00+02:00;6669_D;80;62;0;unknown;0
2025-07-02T22:43:00+02:00;6669_G;66;75;48;freeFlow;1
2025-07-02T22:43:00+02:00;67069;50;3;0;unknown;0
2025-07-02T22:43:00+02:00;67223_D;30;2;0;unknown;0
2025-07-02T22:43:00+02:00;67223_G;32;2;35;freeFlow;1
2025-07-02T22:43:00+02:00;67229_D;58;7;60;freeFlow;1
2025-07-02T22:43:00+02:00;67229_G;45;9;27;freeFlow;1
2025-07-02T22:43:00+02:00;6723;110;7;0;unknown;0
2025-07-02T22:43:00+02:00;67324_D;76;13;52;freeFlow;1
2025-07-02T22:43:00+02:00;67324_G;80;12;0;unknown;0
2025-07-02T22:43:00+02:00;67330;30;2;0;unknown;0
2025-07-02T22:43:00+02:00;67332;30;3;0;unknown;0
2025-07-02T22:43:00+02:00;67334;30;1;0;unknown;0
2025-07-02T22:43:00+02:00;67340;30;2;0;unknown;0
2025-07-02T22:43:00+02:00;67341;30;10;0;unknown;0
2025-07-02T22:43:00+02:00;67344;30;6;0;unknown;0
2025-07-02T22:43:00+02:00;67352_D;30;13;0;unknown;0
2025-07-02T22:43:00+02:00;67352_G;30;12;0;unknown;0
2025-07-02T22:43:00+02:00;67380_D;50;16;0;unknown;0
2025-07-02T22:43:00+02:00;67380_G;50;16;0;unknown;0
2025-07-02T22:43:00+02:00;67385;50;2;0;unknown;0
2025-07-02T22:43:00+02:00;67389_D;50;1;0;unknown;0
2025-07-02T22:43:00+02:00;67389_G;50;1;0;unknown;0
2025-07-02T22:43:00+02:00;67390;50;2;0;unknown;0
2025-07-02T22:43:00+02:00;67391;50;3;0;unknown;0
2025-07-02T22:43:00+02:00;67392;50;3;0;unknown;0
2025-07-02T22:43:00+02:00;67511_D;30;4;0;unknown;0
2025-07-02T22:43:00+02:00;67511_G;30;4;0;unknown;0
2025-07-02T22:43:00+02:00;67514_D;30;6;0;unknown;0
2025-07-02T22:43:00+02:00;67514_G;30;6;0;unknown;0
2025-07-02T22:43:00+02:00;67611;30;6;0;unknown;0
2025-07-02T22:43:00+02:00;67816;30;1;0;unknown;0
2025-07-02T22:43:00+02:00;67819_D;30;1;0;unknown;0
2025-07-02T22:43:00+02:00;67819_G;39;1;42;freeFlow;1
2025-07-02T22:43:00+02:00;67820;30;1;0;unknown;0
2025-07-02T22:43:00+02:00;67821;39;2;42;freeFlow;1
2025-07-02T22:43:00+02:00;67823;30;8;0;unknown;0
2025-07-02T22:43:00+02:00;67824;50;9;0;unknown;0
2025-07-02T22:43:00+02:00;67829;50;10;0;unknown;0
2025-07-02T22:43:00+02:00;67892_D;50;5;0;unknown;0
2025-07-02T22:43:00+02:00;67892_G;50;5;0;unknown;0
2025-07-02T22:43:00+02:00;68069;50;8;0;unknown;0
2025-07-02T22:43:00+02:00;68070;50;1;0;unknown;0
2025-07-02T22:43:00+02:00;68815;41;3;10;freeFlow;1
2025-07-02T22:43:00+02:00;69060;30;3;0;unknown;0
2025-07-02T22:43:00+02:00;69061;57;2;55;freeFlow;2
2025-07-02T22:43:00+02:00;69062;30;2;0;unknown;0
2025-07-02T22:43:00+02:00;69063;57;0;55;freeFlow;2
2025-07-02T22:43:00+02:00;69064_D;30;1;0;unknown;0
2025-07-02T22:43:00+02:00;69064_G;57;1;55;freeFlow;2
2025-07-02T22:43:00+02:00;69270_D;50;2;0;unknown;0
2025-07-02T22:43:00+02:00;69270_G;50;1;0;unknown;0
2025-07-02T22:43:00+02:00;69277;57;1;55;freeFlow;2
2025-07-02T22:43:00+02:00;69464;57;1;55;freeFlow;2
2025-07-02T22:43:00+02:00;69467;30;2;0;unknown;0
2025-07-02T22:43:00+02:00;69493;39;16;55;freeFlow;1
2025-07-02T22:43:00+02:00;69495;40;10;55;freeFlow;1
2025-07-02T22:43:00+02:00;69591;50;6;0;unknown;0
2025-07-02T22:43:00+02:00;69673;43;8;100;freeFlow;3
2025-07-02T22:43:00+02:00;69878;58;14;60;freeFlow;1
2025-07-02T22:43:00+02:00;71197_D;67;17;25;freeFlow;1
2025-07-02T22:43:00+02:00;71197_G;108;11;52;freeFlow;1
2025-07-02T22:43:00+02:00;71455_D;50;3;0;unknown;0
2025-07-02T22:43:00+02:00;71492_D;108;2;52;freeFlow;1
2025-07-02T22:43:00+02:00;71492_G;103;2;15;freeFlow;1
2025-07-02T22:43:00+02:00;71493_D;103;3;15;freeFlow;1
2025-07-02T22:43:00+02:00;71493_G;50;6;0;unknown;0
2025-07-02T22:43:00+02:00;71494;108;1;52;freeFlow;1
2025-07-02T22:43:00+02:00;71496;50;5;0;unknown;0
2025-07-02T22:43:00+02:00;71497;42;2;0;unknown;0
2025-07-02T22:43:00+02:00;71504_D;108;0;52;freeFlow;1
2025-07-02T22:43:00+02:00;71504_G;50;1;0;unknown;0
2025-07-02T22:43:00+02:00;71508_D;108;4;52;freeFlow;1
2025-07-02T22:43:00+02:00;71508_G;103;5;15;freeFlow;1
2025-07-02T22:43:00+02:00;71509_D;103;10;15;freeFlow;1
2025-07-02T22:43:00+02:00;71509_G;50;20;0;unknown;0
2025-07-02T22:43:00+02:00;71554_D;50;5;0;unknown;0
2025-07-02T22:43:00+02:00;71554_G;50;5;0;unknown;0
2025-07-02T22:43:00+02:00;71555_D;50;2;0;unknown;0
2025-07-02T22:43:00+02:00;71555_G;25;5;10;heavy;1
2025-07-02T22:43:00+02:00;71661;26;11;68;congested;2
2025-07-02T22:43:00+02:00;71668;71;9;42;freeFlow;1
2025-07-02T22:43:00+02:00;72425;92;13;32;freeFlow;1
2025-07-02T22:43:00+02:00;72487_D;80;31;0;unknown;0
2025-07-02T22:43:00+02:00;72842_D;50;22;0;unknown;0
2025-07-02T22:43:00+02:00;72842_G;57;20;60;freeFlow;1
2025-07-02T22:43:00+02:00;72940_D;50;24;0;unknown;0
2025-07-02T22:43:00+02:00;72940_G;52;22;53;freeFlow;2
2025-07-02T22:43:00+02:00;73636;25;7;10;heavy;1
2025-07-02T22:43:00+02:00;74067;48;2;42;heavy;1
2025-07-02T22:43:00+02:00;74454;67;0;60;freeFlow;1
2025-07-02T22:43:00+02:00;74457_D;67;15;60;freeFlow;1
2025-07-02T22:43:00+02:00;74457_G;70;14;0;unknown;0
2025-07-02T22:43:00+02:00;74459;67;0;60;freeFlow;1
2025-07-02T22:43:00+02:00;74460;70;0;0;unknown;0
2025-07-02T22:43:00+02:00;74461;70;0;0;unknown;0
2025-07-02T22:43:00+02:00;74688_D;50;18;0;unknown;0
2025-07-02T22:43:00+02:00;74688_G;50;18;0;unknown;0
2025-07-02T22:43:00+02:00;74748_D;80;4;0;unknown;0
2025-07-02T22:43:00+02:00;74748_G;67;5;60;freeFlow;1
2025-07-02T22:43:00+02:00;75340;50;1;0;unknown;0
2025-07-02T22:43:00+02:00;75343_D;30;12;0;unknown;0
2025-07-02T22:43:00+02:00;75343_G;30;12;0;unknown;0
2025-07-02T22:43:00+02:00;75344;50;1;0;unknown;0
2025-07-02T22:43:00+02:00;75346;50;1;0;unknown;0
2025-07-02T22:43:00+02:00;75347_D;50;1;0;unknown;0
2025-07-02T22:43:00+02:00;75347_G;50;1;0;unknown;0
2025-07-02T22:43:00+02:00;75348;50;1;0;unknown;0
2025-07-02T22:43:00+02:00;75353;25;1;60;heavy;1
2025-07-02T22:43:00+02:00;75356_D;50;10;0;unknown;0
2025-07-02T22:43:00+02:00;75356_G;50;10;0;unknown;0
2025-07-02T22:43:00+02:00;75358;50;1;0;unknown;0
2025-07-02T22:43:00+02:00;75359;50;1;0;unknown;0
2025-07-02T22:43:00+02:00;75385;18;4;57;heavy;1
2025-07-02T22:43:00+02:00;75533_D;70;0;0;unknown;0
2025-07-02T22:43:00+02:00;75533_G;70;0;0;unknown;0
2025-07-02T22:43:00+02:00;75630;83;19;42;freeFlow;1
2025-07-02T22:43:00+02:00;75810;70;11;0;unknown;0
2025-07-02T22:43:00+02:00;75811;90;5;0;unknown;0
2025-07-02T22:43:00+02:00;75812;84;5;100;freeFlow;3
2025-07-02T22:43:00+02:00;75813;88;3;100;freeFlow;3
2025-07-02T22:43:00+02:00;75814;84;3;100;freeFlow;3
2025-07-02T22:43:00+02:00;75815;85;16;100;freeFlow;3
2025-07-02T22:43:00+02:00;75816;50;4;0;unknown;0
2025-07-02T22:43:00+02:00;75819_D;17;11;60;heavy;1
2025-07-02T22:43:00+02:00;75819_G;50;4;0;unknown;0
2025-07-02T22:43:00+02:00;75821;83;4;75;freeFlow;2
2025-07-02T22:43:00+02:00;75823;83;5;75;freeFlow;2
2025-07-02T22:43:00+02:00;75841;30;12;57;heavy;1
2025-07-02T22:43:00+02:00;75842;50;8;0;unknown;0
2025-07-02T22:43:00+02:00;75855;38;2;60;heavy;2
2025-07-02T22:43:00+02:00;75858;41;2;57;heavy;1
2025-07-02T22:43:00+02:00;75859;39;5;57;heavy;1
2025-07-02T22:43:00+02:00;75860;40;5;75;heavy;2
2025-07-02T22:43:00+02:00;75861;40;2;75;heavy;2
2025-07-02T22:43:00+02:00;75862;70;2;0;unknown;0
2025-07-02T22:43:00+02:00;75863;70;1;0;unknown;0
2025-07-02T22:43:00+02:00;75864;70;1;0;unknown;0
2025-07-02T22:43:00+02:00;75865;70;2;0;unknown;0
2025-07-02T22:43:00+02:00;75866;102;9;60;freeFlow;1
2025-07-02T22:43:00+02:00;75867;108;11;60;freeFlow;1
2025-07-02T22:43:00+02:00;75869;101;52;43;freeFlow;2
2025-07-02T22:43:00+02:00;75873_D;31;18;45;freeFlow;1
2025-07-02T22:43:00+02:00;75873_G;30;16;0;unknown;0
2025-07-02T22:43:00+02:00;75874_D;31;13;59;heavy;2
2025-07-02T22:43:00+02:00;75874_G;50;8;0;unknown;0
2025-07-02T22:43:00+02:00;75875;59;5;60;freeFlow;1
2025-07-02T22:43:00+02:00;75876;61;8;60;freeFlow;1
2025-07-02T22:43:00+02:00;75877;50;17;0;unknown;0
2025-07-02T22:43:00+02:00;75878;70;12;0;unknown;0
2025-07-02T22:43:00+02:00;75879;90;2;0;unknown;0
2025-07-02T22:43:00+02:00;75880;50;17;0;unknown;0
2025-07-02T22:43:00+02:00;75882;85;11;60;freeFlow;1
2025-07-02T22:43:00+02:00;75883;88;4;100;freeFlow;3
2025-07-02T22:43:00+02:00;75884;79;5;100;freeFlow;6
2025-07-02T22:43:00+02:00;75885;90;3;100;freeFlow;3
2025-07-02T22:43:00+02:00;75886;78;8;100;freeFlow;6
2025-07-02T22:43:00+02:00;75911;56;5;17;freeFlow;1
2025-07-02T22:43:00+02:00;75912;50;6;0;unknown;0
2025-07-02T22:43:00+02:00;76094;43;13;42;freeFlow;1
2025-07-02T22:43:00+02:00;7864_D;81;45;55;freeFlow;1
2025-07-02T22:43:00+02:00;7864_G;68;53;49;freeFlow;1
2025-07-02T22:43:00+02:00;790_D;70;11;0;unknown;0
2025-07-02T22:43:00+02:00;790_G;70;11;0;unknown;0
2025-07-02T22:43:00+02:00;791_D;50;17;60;freeFlow;1
2025-07-02T22:43:00+02:00;791_G;70;12;0;unknown;0
2025-07-02T22:43:00+02:00;7936;90;8;0;unknown;0
2025-07-02T22:43:00+02:00;7937;90;24;0;unknown;0
2025-07-02T22:43:00+02:00;7938;90;34;0;unknown;0
2025-07-02T22:43:00+02:00;7995_D;77;14;52;freeFlow;1
2025-07-02T22:43:00+02:00;7995_G;58;17;50;freeFlow;1
2025-07-02T22:43:00+02:00;862_D;70;15;0;unknown;0
2025-07-02T22:43:00+02:00;862_G;70;16;0;unknown;0
2025-07-02T22:43:00+02:00;863_D;70;10;0;unknown;0
2025-07-02T22:43:00+02:00;863_G;70;10;0;unknown;0
2025-07-02T22:43:00+02:00;8745;41;5;50;freeFlow;1
2025-07-02T22:43:00+02:00;8962;92;24;100;freeFlow;4
2025-07-02T22:43:00+02:00;8963_D;68;6;60;freeFlow;1
2025-07-02T22:43:00+02:00;8963_G;66;6;40;freeFlow;1
2025-07-02T22:43:00+02:00;8966;95;13;100;freeFlow;3
2025-07-02T22:43:00+02:00;8969;68;19;60;heavy;1
2025-07-02T22:43:00+02:00;8970;55;28;75;heavy;2
2025-07-02T22:43:00+02:00;8971;29;70;71;congested;2
2025-07-02T22:43:00+02:00;8974_D;61;4;0;unknown;0
2025-07-02T22:43:00+02:00;8974_G;70;3;0;unknown;0
2025-07-02T22:43:00+02:00;8976_D;70;5;0;unknown;0
2025-07-02T22:43:00+02:00;8976_G;70;5;0;unknown;0
2025-07-02T22:43:00+02:00;8977_D;70;4;0;unknown;0
2025-07-02T22:43:00+02:00;8977_G;70;4;0;unknown;0
2025-07-02T22:43:00+02:00;8978;94;14;100;freeFlow;4
2025-07-02T22:43:00+02:00;9040;64;14;68;freeFlow;2
2025-07-02T22:43:00+02:00;9041;46;4;42;freeFlow;1
2025-07-02T22:43:00+02:00;9042;34;2;52;heavy;1
2025-07-02T22:43:00+02:00;9043;46;4;42;freeFlow;1
2025-07-02T22:43:00+02:00;9044;46;3;42;freeFlow;1
2025-07-02T22:43:00+02:00;9045;39;3;40;freeFlow;1
2025-07-02T22:43:00+02:00;9046;39;2;52;freeFlow;1
2025-07-02T22:43:00+02:00;9047;33;3;52;heavy;1
2025-07-02T22:43:00+02:00;9048;61;9;42;heavy;1
2025-07-02T22:43:00+02:00;9049;50;3;0;unknown;0
2025-07-02T22:43:00+02:00;9050;41;2;50;freeFlow;1
2025-07-02T22:43:00+02:00;9051;41;3;50;freeFlow;1
2025-07-02T22:43:00+02:00;9052;50;2;0;unknown;0
2025-07-02T22:43:00+02:00;9053;43;3;50;freeFlow;1
2025-07-02T22:43:00+02:00;9054;50;12;0;unknown;0
2025-07-02T22:43:00+02:00;9055;42;14;68;freeFlow;2
2025-07-02T22:43:00+02:00;9057_D;83;6;55;freeFlow;1
2025-07-02T22:43:00+02:00;9057_G;63;9;45;freeFlow;1
2025-07-02T22:43:00+02:00;9058_D;82;17;57;freeFlow;1
2025-07-02T22:43:00+02:00;9058_G;63;22;45;freeFlow;1
2025-07-02T22:43:00+02:00;9059_D;79;8;57;freeFlow;1
2025-07-02T22:43:00+02:00;9059_G;63;10;45;freeFlow;1
2025-07-02T22:43:00+02:00;9060;63;3;45;freeFlow;1
2025-07-02T22:43:00+02:00;9061;49;3;57;heavy;1
2025-07-02T22:43:00+02:00;9062;49;4;45;heavy;1
2025-07-02T22:43:00+02:00;9063;40;3;57;heavy;1
2025-07-02T22:43:00+02:00;9068_D;63;29;58;freeFlow;1
2025-07-02T22:43:00+02:00;9068_G;58;31;42;freeFlow;1
2025-07-02T22:43:00+02:00;9070_D;83;25;55;freeFlow;1
2025-07-02T22:43:00+02:00;9070_G;67;31;48;freeFlow;1
2025-07-02T22:43:00+02:00;9073;90;5;100;freeFlow;6
2025-07-02T22:43:00+02:00;9074;107;8;55;freeFlow;1
2025-07-02T22:43:00+02:00;9082_D;67;3;60;freeFlow;1
2025-07-02T22:43:00+02:00;9082_G;70;3;0;unknown;0
2025-07-02T22:43:00+02:00;9090_D;67;20;60;freeFlow;1
2025-07-02T22:43:00+02:00;9090_G;70;19;0;unknown;0
2025-07-02T22:43:00+02:00;9103;74;19;48;freeFlow;1
2025-07-02T22:43:00+02:00;9108;72;17;45;freeFlow;1
2025-07-02T22:43:00+02:00;9114;63;2;45;freeFlow;1
2025-07-02T22:43:00+02:00;9115;43;34;68;heavy;2
2025-07-02T22:43:00+02:00;9116;77;2;42;freeFlow;1
2025-07-02T22:43:00+02:00;9117;76;7;42;freeFlow;1
2025-07-02T22:43:00+02:00;9133;39;49;63;heavy;2
2025-07-02T22:43:00+02:00;9134;77;19;48;freeFlow;1
2025-07-02T22:43:00+02:00;9177;93;21;42;freeFlow;1
2025-07-02T22:43:00+02:00;9190;39;9;45;heavy;1
2025-07-02T22:43:00+02:00;9199;48;1;42;heavy;1
2025-07-02T22:43:00+02:00;9200;90;2;0;unknown;0
2025-07-02T22:43:00+02:00;9201;48;1;42;heavy;1
2025-07-02T22:43:00+02:00;9202;90;1;0;unknown;0
2025-07-02T22:43:00+02:00;9203;42;3;45;heavy;1
2025-07-02T22:43:00+02:00;9204;42;3;45;heavy;1
2025-07-02T22:43:00+02:00;9213;68;41;45;freeFlow;1
2025-07-02T22:43:00+02:00;9214_D;70;1;0;unknown;0
2025-07-02T22:43:00+02:00;9214_G;70;1;0;unknown;0
2025-07-02T22:43:00+02:00;9215;37;75;56;heavy;2
2025-07-02T22:43:00+02:00;9279;55;39;52;heavy;1
2025-07-02T22:43:00+02:00;9280;34;70;73;heavy;2
2025-07-02T22:43:00+02:00;9343_D;80;15;0;unknown;0
2025-07-02T22:43:00+02:00;9343_G;80;15;0;unknown;0
2025-07-02T22:43:00+02:00;9344_D;30;20;0;unknown;0
2025-07-02T22:43:00+02:00;9344_G;30;20;0;unknown;0
2025-07-02T22:43:00+02:00;9345_D;30;27;0;unknown;0
2025-07-02T22:43:00+02:00;9345_G;30;28;0;unknown;0
2025-07-02T22:43:00+02:00;9346_D;30;15;0;unknown;0
2025-07-02T22:43:00+02:00;9346_G;30;15;0;unknown;0
2025-07-02T22:43:00+02:00;9348_D;30;7;0;unknown;0
2025-07-02T22:43:00+02:00;9348_G;30;8;0;unknown;0
2025-07-02T22:43:00+02:00;9351_D;80;15;0;unknown;0
2025-07-02T22:43:00+02:00;9351_G;80;14;0;unknown;0
2025-07-02T22:43:00+02:00;9370_D;80;10;0;unknown;0
2025-07-02T22:43:00+02:00;9370_G;80;11;0;unknown;0
2025-07-02T22:43:00+02:00;9371_D;80;8;0;unknown;0
2025-07-02T22:43:00+02:00;9371_G;80;8;0;unknown;0
2025-07-02T22:43:00+02:00;9378;80;14;100;freeFlow;6
2025-07-02T22:43:00+02:00;9379;107;10;55;freeFlow;1
2025-07-02T22:43:00+02:00;9414_D;30;9;0;unknown;0
2025-07-02T22:43:00+02:00;9414_G;30;9;0;unknown;0
2025-07-02T22:43:00+02:00;9416_D;30;7;0;unknown;0
2025-07-02T22:43:00+02:00;9416_G;30;7;0;unknown;0
2025-07-02T22:43:00+02:00;9418_D;30;12;0;unknown;0
2025-07-02T22:43:00+02:00;9418_G;30;12;0;unknown;0
2025-07-02T22:43:00+02:00;9421;30;4;0;unknown;0
2025-07-02T22:43:00+02:00;9422;30;3;0;unknown;0
2025-07-02T22:43:00+02:00;9423;30;3;0;unknown;0
2025-07-02T22:43:00+02:00;9424;30;6;0;unknown;0
2025-07-02T22:43:00+02:00;9425_D;30;5;0;unknown;0
2025-07-02T22:43:00+02:00;9425_G;30;4;0;unknown;0
2025-07-02T22:43:00+02:00;9427_D;80;4;0;unknown;0
2025-07-02T22:43:00+02:00;9427_G;80;4;0;unknown;0
2025-07-02T22:43:00+02:00;9434_D;80;10;0;unknown;0
2025-07-02T22:43:00+02:00;9434_G;80;10;0;unknown;0
2025-07-02T22:43:00+02:00;9435_D;80;13;0;unknown;0
2025-07-02T22:43:00+02:00;9435_G;80;13;0;unknown;0
2025-07-02T22:43:00+02:00;9437_D;80;14;0;unknown;0
2025-07-02T22:43:00+02:00;9437_G;80;14;0;unknown;0
2025-07-02T22:43:00+02:00;9588_D;67;9;60;freeFlow;1
2025-07-02T22:43:00+02:00;9588_G;70;9;0;unknown;0
2025-07-02T22:43:00+02:00;9625_D;67;5;60;freeFlow;1
2025-07-02T22:43:00+02:00;9625_G;70;5;0;unknown;0
2025-07-02T22:43:00+02:00;9739;67;2;60;freeFlow;1
2025-07-02T22:43:00+02:00;9740;67;1;60;freeFlow;1
2025-07-02T22:43:00+02:00;9741;70;1;0;unknown;0
2025-07-02T22:43:00+02:00;9742;70;2;0;unknown;0
2025-07-02T22:43:00+02:00;9745_D;67;2;60;freeFlow;1
2025-07-02T22:43:00+02:00;9745_G;70;4;0;unknown;0
2025-07-02T22:43:00+02:00;9757_D;67;2;60;freeFlow;1
2025-07-02T22:43:00+02:00;9757_G;70;2;0;unknown;0
2025-07-02T22:43:00+02:00;9758_D;67;5;60;freeFlow;1
2025-07-02T22:43:00+02:00;9758_G;70;4;0;unknown;0
2025-07-02T22:43:00+02:00;9834_D;67;29;60;freeFlow;1
2025-07-02T22:43:00+02:00;9834_G;70;28;0;unknown;0
2025-07-02T22:43:00+02:00;9912;48;3;0;unknown;0
2025-07-02T22:43:00+02:00;9913;70;1;0;unknown;0
2025-07-02T22:43:00+02:00;9914;67;1;60;freeFlow;1
2025-07-02T22:43:00+02:00;9915;67;2;60;freeFlow;1
2025-07-02T22:43:00+02:00;9916;48;3;0;unknown;0
2025-07-02T22:43:00+02:00;9917_D;48;3;0;unknown;0
2025-07-02T22:43:00+02:00;9917_G;70;2;0;unknown;0
2025-07-02T22:43:00+02:00;9921_D;67;22;60;freeFlow;1
2025-07-02T22:43:00+02:00;9921_G;70;21;0;unknown;0
2025-07-02T22:43:00+02:00;1601981;58;3;60;freeFlow;1
2025-07-02T22:43:00+02:00;1601982;103;9;15;freeFlow;1
2025-07-02T22:43:00+02:00;1634;88;6;45;freeFlow;1
2025-07-02T22:43:00+02:00;1635;70;2;0;unknown;0
2025-07-02T22:43:00+02:00;1636;44;4;48;freeFlow;1
2025-07-02T22:43:00+02:00;1637;53;2;73;freeFlow;2
2025-07-02T22:43:00+02:00;1640;42;2;64;heavy;2
2025-07-02T22:43:00+02:00;1641;31;5;68;heavy;2
2025-07-02T22:43:00+02:00;1642;15;6;52;congested;1
2025-07-02T22:43:00+02:00;1678329;50;12;0;unknown;0
2025-07-02T22:43:00+02:00;1680500_D;26;10;60;heavy;1
2025-07-02T22:43:00+02:00;1680500_G;50;6;0;unknown;0
2025-07-02T22:43:00+02:00;1680501;83;10;100;freeFlow;3
2025-07-02T22:43:00+02:00;1680580;43;10;35;freeFlow;2
2025-07-02T22:43:00+02:00;1680586;50;3;0;unknown;0
2025-07-02T22:43:00+02:00;1680594;50;0;0;unknown;0
2025-07-02T22:43:00+02:00;1680595;50;1;0;unknown;0
2025-07-02T22:43:00+02:00;1680596;50;1;0;unknown;0
2025-07-02T22:43:00+02:00;1680597;50;1;0;unknown;0
2025-07-02T22:43:00+02:00;1680604;43;2;35;freeFlow;2
2025-07-02T22:43:00+02:00;1747_D;108;1;52;freeFlow;1
2025-07-02T22:43:00+02:00;1747_G;50;2;0;unknown;0
2025-07-02T22:43:00+02:00;1762;50;10;0;unknown;0
2025-07-02T22:43:00+02:00;1763;108;5;52;freeFlow;1
2025-07-02T22:43:00+02:00;1765_D;108;4;52;freeFlow;1
2025-07-02T22:43:00+02:00;1765_G;50;8;0;unknown;0
2025-07-02T22:43:00+02:00;1852;87;13;75;freeFlow;2
2025-07-02T22:43:00+02:00;1857;87;25;98;freeFlow;4
2025-07-02T22:43:00+02:00;1858;87;10;75;freeFlow;2
2025-07-02T22:43:00+02:00;1859;102;10;57;freeFlow;1
2025-07-02T22:43:00+02:00;1860;54;23;27;freeFlow;1
2025-07-02T22:43:00+02:00;1910718_D;50;2;0;unknown;0
2025-07-02T22:43:00+02:00;1910718_G;35;3;60;heavy;1
2025-07-02T22:43:00+02:00;1910863_D;50;11;0;unknown;0
2025-07-02T22:43:00+02:00;1910863_G;50;11;0;unknown;0
2025-07-02T22:43:00+02:00;1911250;45;5;27;freeFlow;1
2025-07-02T22:43:00+02:00;35088;58;4;75;freeFlow;2
2025-07-02T22:43:00+02:00;35089;73;3;87;freeFlow;3
2025-07-02T22:43:00+02:00;35090;105;1;42;freeFlow;1
2025-07-02T22:43:00+02:00;35091;45;3;60;heavy;1
2025-07-02T22:43:00+02:00;35093;27;10;45;heavy;1
2025-07-02T22:43:00+02:00;35094;43;6;60;heavy;1
2025-07-02T22:43:00+02:00;35099;50;2;0;unknown;0
2025-07-02T22:43:00+02:00;35101;95;1;100;freeFlow;3
2025-07-02T22:43:00+02:00;35102;50;1;42;freeFlow;1
2025-07-02T22:43:00+02:00;35104;66;40;100;freeFlow;3
2025-07-02T22:43:00+02:00;35116;36;4;100;freeFlow;3
2025-07-02T22:43:00+02:00;35117;35;5;92;freeFlow;3
2025-07-02T22:43:00+02:00;35118;50;3;42;freeFlow;1
2025-07-02T22:43:00+02:00;35119;34;6;100;heavy;3
2025-07-02T22:43:00+02:00;35120_D;107;1;60;freeFlow;1
2025-07-02T22:43:00+02:00;35120_G;47;2;42;freeFlow;1
2025-07-02T22:43:00+02:00;35121_D;107;19;60;freeFlow;1
2025-07-02T22:43:00+02:00;35121_G;24;88;42;heavy;1
2025-07-02T22:43:00+02:00;40196;74;3;42;freeFlow;1
2025-07-02T22:43:00+02:00;40197;90;3;0;unknown;0
2025-07-02T22:43:00+02:00;41636_D;50;3;0;unknown;0
2025-07-02T22:43:00+02:00;41636_G;28;6;40;heavy;1
2025-07-02T22:43:00+02:00;41652_G;30;8;42;heavy;1
2025-07-02T22:43:00+02:00;41653_D;50;2;0;unknown;0
2025-07-02T22:43:00+02:00;41653_G;30;3;42;heavy;1
2025-07-02T22:43:00+02:00;41667_D;50;3;0;unknown;0
2025-07-02T22:43:00+02:00;41667_G;30;4;42;heavy;1
2025-07-02T22:43:00+02:00;41668_D;50;1;0;unknown;0
2025-07-02T22:43:00+02:00;41668_G;10;5;42;congested;1
2025-07-02T22:43:00+02:00;41721;81;13;75;freeFlow;2
2025-07-02T22:43:00+02:00;41722;78;14;100;freeFlow;3
2025-07-02T22:43:00+02:00;41758;98;14;100;freeFlow;6
2025-07-02T22:43:00+02:00;41759;98;14;100;freeFlow;6
2025-07-02T22:43:00+02:00;41760;91;15;60;freeFlow;1
2025-07-02T22:43:00+02:00;41949_D;50;5;0;unknown;0
2025-07-02T22:43:00+02:00;41949_G;35;8;60;heavy;1
2025-07-02T22:43:00+02:00;41974_D;50;5;0;unknown;0
2025-07-02T22:43:00+02:00;41974_G;52;4;75;freeFlow;2
2025-07-02T22:43:00+02:00;41975_D;50;7;0;unknown;0
2025-07-02T22:43:00+02:00;41975_G;36;9;60;freeFlow;1
2025-07-02T22:43:00+02:00;41985_D;50;2;0;unknown;0
2025-07-02T22:43:00+02:00;41985_G;5;17;45;congested;1
2025-07-02T22:43:00+02:00;42064_D;50;4;0;unknown;0
2025-07-02T22:43:00+02:00;42064_G;33;6;42;heavy;1
2025-07-02T22:43:00+02:00;420870_D;38;6;60;freeFlow;1
2025-07-02T22:43:00+02:00;420870_G;52;5;32;freeFlow;1
2025-07-02T22:43:00+02:00;42206_G;32;29;40;heavy;1
2025-07-02T22:43:00+02:00;42238_G;26;13;42;heavy;1
2025-07-02T22:43:00+02:00;42239_D;50;6;0;unknown;0
2025-07-02T22:43:00+02:00;42239_G;32;9;42;heavy;1
2025-07-02T22:43:00+02:00;42240_D;50;15;0;unknown;0
2025-07-02T22:43:00+02:00;42240_G;23;33;40;heavy;1
2025-07-02T22:43:00+02:00;42241_D;51;14;75;freeFlow;2
2025-07-02T22:43:00+02:00;42241_G;50;14;0;unknown;0
2025-07-02T22:43:00+02:00;42242_D;78;4;60;freeFlow;1
2025-07-02T22:43:00+02:00;42242_G;50;6;0;unknown;0
2025-07-02T22:43:00+02:00;42683_D;50;7;0;unknown;0
2025-07-02T22:43:00+02:00;42683_G;50;6;0;unknown;0
2025-07-02T22:43:00+02:00;42714_D;50;4;0;unknown;0
2025-07-02T22:43:00+02:00;42714_G;35;6;60;heavy;1
2025-07-02T22:43:00+02:00;42716_D;50;2;0;unknown;0
2025-07-02T22:43:00+02:00;42716_G;35;2;60;heavy;1
2025-07-02T22:43:00+02:00;43449_D;5;48;60;congested;1
2025-07-02T22:43:00+02:00;43449_G;26;9;48;freeFlow;1
2025-07-02T22:43:00+02:00;43450_D;30;10;0;unknown;0
2025-07-02T22:43:00+02:00;43450_G;32;10;48;freeFlow;1
2025-07-02T22:43:00+02:00;43451_G;14;34;48;heavy;1
2025-07-02T22:43:00+02:00;43452_D;30;5;0;unknown;0
2025-07-02T22:43:00+02:00;43452_G;4;39;48;congested;1
2025-07-02T22:43:00+02:00;43475_D;50;4;0;unknown;0
2025-07-02T22:43:00+02:00;43475_G;50;4;0;unknown;0
2025-07-02T22:43:00+02:00;43622_D;50;2;0;unknown;0
2025-07-02T22:43:00+02:00;43622_G;50;2;0;unknown;0
2025-07-02T22:43:00+02:00;43623_D;8;25;50;congested;1
2025-07-02T22:43:00+02:00;43623_G;8;25;50;congested;1
2025-07-02T22:43:00+02:00;43624_D;50;5;0;unknown;0
2025-07-02T22:43:00+02:00;43624_G;50;5;0;unknown;0
2025-07-02T22:43:00+02:00;43625_D;36;10;50;freeFlow;1
2025-07-02T22:43:00+02:00;43625_G;50;7;0;unknown;0
2025-07-02T22:43:00+02:00;43657_D;50;2;0;unknown;0
2025-07-02T22:43:00+02:00;43657_G;36;2;50;freeFlow;1
2025-07-02T22:43:00+02:00;43659_D;30;5;0;unknown;0
2025-07-02T22:43:00+02:00;43659_G;19;7;50;heavy;1
2025-07-02T22:43:00+02:00;44039_D;50;2;0;unknown;0
2025-07-02T22:43:00+02:00;44039_G;50;2;0;unknown;0
2025-07-02T22:43:00+02:00;44040_D;50;9;0;unknown;0
2025-07-02T22:43:00+02:00;44040_G;50;9;0;unknown;0
2025-07-02T22:43:00+02:00;44041_D;50;9;0;unknown;0
2025-07-02T22:43:00+02:00;44041_G;50;9;0;unknown;0
2025-07-02T22:43:00+02:00;44042_D;50;10;0;unknown;0
2025-07-02T22:43:00+02:00;44042_G;50;9;0;unknown;0
2025-07-02T22:43:00+02:00;44071_D;57;5;45;freeFlow;1
2025-07-02T22:43:00+02:00;44071_G;23;14;45;freeFlow;1
2025-07-02T22:43:00+02:00;44080;50;2;0;unknown;0
2025-07-02T22:43:00+02:00;44113_D;33;9;15;heavy;1
2025-07-02T22:43:00+02:00;44113_G;41;7;22;freeFlow;1
2025-07-02T22:43:00+02:00;44114_D;34;7;15;heavy;1
2025-07-02T22:43:00+02:00;44114_G;41;6;22;freeFlow;1
2025-07-02T22:43:00+02:00;44115_D;17;20;17;heavy;1
2025-07-02T22:43:00+02:00;44115_G;40;9;22;freeFlow;1
2025-07-02T22:43:00+02:00;44117_D;39;7;17;freeFlow;1
2025-07-02T22:43:00+02:00;44117_G;35;7;22;freeFlow;1
2025-07-02T22:43:00+02:00;44118_D;50;4;0;unknown;0
2025-07-02T22:43:00+02:00;44118_G;31;6;22;heavy;1
2025-07-02T22:43:00+02:00;44125_D;26;5;15;heavy;1
2025-07-02T22:43:00+02:00;44125_G;10;13;22;congested;1
2025-07-02T22:43:00+02:00;44127;50;6;0;unknown;0
2025-07-02T22:43:00+02:00;44128;50;7;0;unknown;0
2025-07-02T22:43:00+02:00;44170_D;40;4;17;freeFlow;1
2025-07-02T22:43:00+02:00;44170_G;35;5;22;freeFlow;1
2025-07-02T22:43:00+02:00;44713_D;23;1;22;heavy;1
2025-07-02T22:43:00+02:00;44713_G;28;1;60;heavy;1
2025-07-02T22:43:00+02:00;44930;50;4;0;unknown;0
2025-07-02T22:43:00+02:00;44931;50;13;0;unknown;0
2025-07-02T22:43:00+02:00;44934;92;22;100;freeFlow;6
2025-07-02T22:43:00+02:00;45486_G;33;6;38;heavy;1
2025-07-02T22:43:00+02:00;45487_G;32;8;38;heavy;1
2025-07-02T22:43:00+02:00;45488_D;38;18;60;freeFlow;1
2025-07-02T22:43:00+02:00;45488_G;40;17;38;freeFlow;1
2025-07-02T22:43:00+02:00;45489_D;39;7;60;freeFlow;1
2025-07-02T22:43:00+02:00;45489_G;43;6;35;freeFlow;1
2025-07-02T22:43:00+02:00;45490_D;42;4;60;freeFlow;1
2025-07-02T22:43:00+02:00;45490_G;44;4;35;freeFlow;1
2025-07-02T22:43:00+02:00;45503_D;36;4;12;freeFlow;1
2025-07-02T22:43:00+02:00;45503_G;50;3;0;unknown;0
2025-07-02T22:43:00+02:00;45504_D;36;4;30;freeFlow;2
2025-07-02T22:43:00+02:00;45504_G;50;3;0;unknown;0
2025-07-02T22:43:00+02:00;45505_D;38;9;15;freeFlow;1
2025-07-02T22:43:00+02:00;45505_G;50;7;0;unknown;0
2025-07-02T22:43:00+02:00;45530_D;30;2;0;unknown;0
2025-07-02T22:43:00+02:00;45530_G;34;2;20;freeFlow;1
2025-07-02T22:43:00+02:00;45531_D;27;2;20;freeFlow;1
2025-07-02T22:43:00+02:00;45531_G;35;1;20;freeFlow;1
2025-07-02T22:43:00+02:00;45532_D;27;8;20;freeFlow;1
2025-07-02T22:43:00+02:00;45532_G;33;7;20;freeFlow;1
2025-07-02T22:43:00+02:00;45565_D;30;11;60;heavy;1
2025-07-02T22:43:00+02:00;45565_G;50;6;0;unknown;0
2025-07-02T22:43:00+02:00;45566_D;30;9;60;heavy;1
2025-07-02T22:43:00+02:00;45566_G;50;5;0;unknown;0
2025-07-02T22:43:00+02:00;45567_D;20;14;60;heavy;1
2025-07-02T22:43:00+02:00;45567_G;50;6;0;unknown;0
2025-07-02T22:43:00+02:00;45568_D;38;12;60;freeFlow;1
2025-07-02T22:43:00+02:00;45568_G;5;93;0;unknown;0
2025-07-02T22:43:00+02:00;45601_D;50;6;0;unknown;0
2025-07-02T22:43:00+02:00;45601_G;31;10;17;heavy;1
2025-07-02T22:43:00+02:00;45613_D;38;8;60;freeFlow;1
2025-07-02T22:43:00+02:00;45613_G;8;38;40;congested;1
2025-07-02T22:43:00+02:00;45614_D;43;5;60;freeFlow;1
2025-07-02T22:43:00+02:00;45614_G;43;5;35;freeFlow;1
2025-07-02T22:43:00+02:00;45636;70;16;0;unknown;0
2025-07-02T22:43:00+02:00;45637;89;13;100;freeFlow;3
2025-07-02T22:43:00+02:00;45640;50;10;0;unknown;0
2025-07-02T22:43:00+02:00;45641;82;15;100;freeFlow;6
2025-07-02T22:43:00+02:00;45642;88;24;100;freeFlow;6
2025-07-02T22:43:00+02:00;45644_D;32;29;55;heavy;1
2025-07-02T22:43:00+02:00;45644_G;50;19;0;unknown;0
2025-07-02T22:43:00+02:00;45645_G;50;11;0;unknown;0
2025-07-02T22:43:00+02:00;45725;87;36;100;freeFlow;3
2025-07-02T22:43:00+02:00;45736_D;30;16;57;heavy;1
2025-07-02T22:43:00+02:00;45736_G;50;9;0;unknown;0
2025-07-02T22:43:00+02:00;45759_D;30;12;52;heavy;1
2025-07-02T22:43:00+02:00;45759_G;50;7;0;unknown;0
2025-07-02T22:43:00+02:00;45760_D;10;30;52;congested;1
2025-07-02T22:43:00+02:00;45760_G;50;6;0;unknown;0
2025-07-02T22:43:00+02:00;45761_G;50;6;0;unknown;0
2025-07-02T22:43:00+02:00;45762_D;24;10;55;heavy;1
2025-07-02T22:43:00+02:00;45762_G;50;5;0;unknown;0
2025-07-02T22:43:00+02:00;45849_D;50;2;0;unknown;0
2025-07-02T22:43:00+02:00;45849_G;50;2;0;unknown;0
2025-07-02T22:43:00+02:00;45850_D;50;2;0;unknown;0
2025-07-02T22:43:00+02:00;45850_G;50;2;0;unknown;0
2025-07-02T22:43:00+02:00;45865_G;50;7;0;unknown;0
2025-07-02T22:43:00+02:00;46027;52;1;100;freeFlow;3
2025-07-02T22:43:00+02:00;46028;50;14;0;unknown;0
2025-07-02T22:43:00+02:00;46029;52;3;100;freeFlow;4
2025-07-02T22:43:00+02:00;46036_D;14;36;60;congested;1
2025-07-02T22:43:00+02:00;46036_G;39;13;0;unknown;0
2025-07-02T22:43:00+02:00;46053_G;50;8;0;unknown;0
2025-07-02T22:43:00+02:00;46054_D;36;5;30;freeFlow;2
2025-07-02T22:43:00+02:00;46054_G;50;4;0;unknown;0
2025-07-02T22:43:00+02:00;46055_D;39;6;30;freeFlow;2
2025-07-02T22:43:00+02:00;46055_G;50;5;0;unknown;0
2025-07-02T22:43:00+02:00;46056_G;50;2;0;unknown;0
2025-07-02T22:43:00+02:00;46057_D;38;5;30;freeFlow;2
2025-07-02T22:43:00+02:00;46057_G;50;4;0;unknown;0
2025-07-02T22:43:00+02:00;46058_D;42;8;32;freeFlow;2
2025-07-02T22:43:00+02:00;46058_G;50;7;0;unknown;0
2025-07-02T22:43:00+02:00;46059_D;52;12;17;freeFlow;1
2025-07-02T22:43:00+02:00;46059_G;50;12;0;unknown;0
2025-07-02T22:43:00+02:00;46079_D;39;8;30;freeFlow;2
2025-07-02T22:43:00+02:00;46079_G;50;6;0;unknown;0
2025-07-02T22:43:00+02:00;46080_D;40;12;32;freeFlow;2
2025-07-02T22:43:00+02:00;46080_G;50;9;0;unknown;0
2025-07-02T22:43:00+02:00;46081;50;5;0;unknown;0
2025-07-02T22:43:00+02:00;46135;50;7;0;unknown;0
2025-07-02T22:43:00+02:00;46136;50;6;0;unknown;0
2025-07-02T22:43:00+02:00;46137;50;9;0;unknown;0
2025-07-02T22:43:00+02:00;46163;50;6;0;unknown;0
2025-07-02T22:43:00+02:00;46228;95;11;42;freeFlow;1
2025-07-02T22:43:00+02:00;46230;92;15;100;freeFlow;5
2025-07-02T22:43:00+02:00;46251_D;29;6;60;heavy;1
2025-07-02T22:43:00+02:00;46251_G;9;20;35;congested;1
2025-07-02T22:43:00+02:00;46264;74;22;27;freeFlow;1
2025-07-02T22:43:00+02:00;46265;73;9;100;freeFlow;5
2025-07-02T22:43:00+02:00;46266;99;3;100;freeFlow;5
2025-07-02T22:43:00+02:00;46267;91;9;60;freeFlow;1
2025-07-02T22:43:00+02:00;46268;91;16;60;freeFlow;1
2025-07-02T22:43:00+02:00;46270_D;50;4;0;unknown;0
2025-07-02T22:43:00+02:00;46270_G;24;9;38;heavy;1
2025-07-02T22:43:00+02:00;46271_D;50;5;0;unknown;0
2025-07-02T22:43:00+02:00;46271_G;10;26;38;congested;1
2025-07-02T22:43:00+02:00;46374_D;50;25;0;unknown;0
2025-07-02T22:43:00+02:00;46374_G;43;29;75;freeFlow;2
2025-07-02T22:43:00+02:00;46375_D;50;10;0;unknown;0
2025-07-02T22:43:00+02:00;46375_G;32;15;75;heavy;2
2025-07-02T22:43:00+02:00;46376_D;50;14;0;unknown;0
2025-07-02T22:43:00+02:00;46376_G;27;25;75;heavy;2
2025-07-02T22:43:00+02:00;46377_D;50;8;0;unknown;0
2025-07-02T22:43:00+02:00;46377_G;70;6;60;freeFlow;1
2025-07-02T22:43:00+02:00;46427_D;50;7;0;unknown;0
2025-07-02T22:43:00+02:00;46427_G;46;8;75;freeFlow;2
2025-07-02T22:43:00+02:00;46559_D;50;1;0;unknown;0
2025-07-02T22:43:00+02:00;46559_G;44;2;42;freeFlow;1
2025-07-02T22:43:00+02:00;46560_D;50;8;0;unknown;0
2025-07-02T22:43:00+02:00;46560_G;30;13;42;heavy;1
2025-07-02T22:43:00+02:00;46561_D;32;7;55;heavy;1
2025-07-02T22:43:00+02:00;46561_G;27;10;12;heavy;1
2025-07-02T22:43:00+02:00;46562_D;42;3;55;freeFlow;1
2025-07-02T22:43:00+02:00;46562_G;34;3;12;heavy;1
2025-07-02T22:43:00+02:00;46563_D;45;9;55;freeFlow;1
2025-07-02T22:43:00+02:00;46563_G;37;11;12;freeFlow;1
2025-07-02T22:43:00+02:00;46564_D;34;6;57;heavy;1
2025-07-02T22:43:00+02:00;46564_G;35;6;10;freeFlow;1
2025-07-02T22:43:00+02:00;46565_D;43;4;57;freeFlow;1
2025-07-02T22:43:00+02:00;46565_G;37;5;10;freeFlow;1
2025-07-02T22:43:00+02:00;46566_D;45;6;57;freeFlow;1
2025-07-02T22:43:00+02:00;46566_G;35;8;10;heavy;1
2025-07-02T22:43:00+02:00;46567_G;26;4;75;heavy;2
2025-07-02T22:43:00+02:00;46568_D;50;1;0;unknown;0
2025-07-02T22:43:00+02:00;46568_G;21;3;75;heavy;2
2025-07-02T22:43:00+02:00;46569_D;50;10;0;unknown;0
2025-07-02T22:43:00+02:00;46569_G;16;30;45;heavy;1
2025-07-02T22:43:00+02:00;46627_D;50;11;0;unknown;0
2025-07-02T22:43:00+02:00;46627_G;24;22;45;heavy;1
2025-07-02T22:43:00+02:00;46628_D;18;22;57;heavy;1
2025-07-02T22:43:00+02:00;46628_G;37;11;10;freeFlow;1
2025-07-02T22:43:00+02:00;46640;50;15;0;unknown;0
2025-07-02T22:43:00+02:00;46641;50;8;0;unknown;0
2025-07-02T22:43:00+02:00;46643;50;3;0;unknown;0
2025-07-02T22:43:00+02:00;46649;50;8;0;unknown;0
2025-07-02T22:43:00+02:00;46653_D;44;14;57;freeFlow;1
2025-07-02T22:43:00+02:00;46653_G;9;68;10;congested;1
2025-07-02T22:43:00+02:00;46654_D;41;13;57;freeFlow;1
2025-07-02T22:43:00+02:00;46654_G;50;10;0;unknown;0
2025-07-02T22:43:00+02:00;46655_D;38;4;59;freeFlow;1
2025-07-02T22:43:00+02:00;46655_G;43;4;0;unknown;0
2025-07-02T22:43:00+02:00;46682;35;14;60;heavy;1
2025-07-02T22:43:00+02:00;46683;50;1;0;unknown;0
2025-07-02T22:43:00+02:00;46684;50;10;0;unknown;0
2025-07-02T22:43:00+02:00;46685;43;24;60;heavy;1
2025-07-02T22:43:00+02:00;46686;92;14;68;freeFlow;2
2025-07-02T22:43:00+02:00;46688;70;16;0;unknown;0
2025-07-02T22:43:00+02:00;46716;89;1;75;freeFlow;2
2025-07-02T22:43:00+02:00;46717;103;36;55;freeFlow;1
2025-07-02T22:43:00+02:00;46718;87;12;75;freeFlow;2
2025-07-02T22:43:00+02:00;46719;108;7;52;freeFlow;1
2025-07-02T22:43:00+02:00;46720;12;17;27;congested;1
2025-07-02T22:43:00+02:00;46728;81;4;57;freeFlow;1
2025-07-02T22:43:00+02:00;46745_D;44;14;60;freeFlow;1
2025-07-02T22:43:00+02:00;46745_G;15;41;32;congested;1
2025-07-02T22:43:00+02:00;46746_D;58;15;60;freeFlow;1
2025-07-02T22:43:00+02:00;46746_G;20;43;30;heavy;1
2025-07-02T22:43:00+02:00;46975;50;3;0;unknown;0
2025-07-02T22:43:00+02:00;47024;50;3;0;unknown;0
2025-07-02T22:43:00+02:00;47025;27;14;0;unknown;0
2025-07-02T22:43:00+02:00;47030;36;9;100;freeFlow;3
2025-07-02T22:43:00+02:00;47057;88;10;100;freeFlow;8
2025-07-02T22:43:00+02:00;47058;88;21;100;freeFlow;8
2025-07-02T22:43:00+02:00;47059;107;12;50;freeFlow;1
2025-07-02T22:43:00+02:00;47060;107;9;52;freeFlow;1
2025-07-02T22:43:00+02:00;47062;50;17;0;unknown;0
2025-07-02T22:43:00+02:00;47064;37;2;75;freeFlow;2
2025-07-02T22:43:00+02:00;47066;28;4;52;heavy;1
2025-07-02T22:43:00+02:00;47068;97;7;20;freeFlow;1
2025-07-02T22:43:00+02:00;47070;38;8;52;freeFlow;1
2025-07-02T22:43:00+02:00;47071;64;14;100;freeFlow;3
2025-07-02T22:43:00+02:00;47074;91;5;60;freeFlow;1
2025-07-02T22:43:00+02:00;47075;90;3;0;unknown;0
2025-07-02T22:43:00+02:00;47078;70;35;0;unknown;0
2025-07-02T22:43:00+02:00;47101;91;4;60;freeFlow;1
2025-07-02T22:43:00+02:00;47107;91;5;60;freeFlow;1
2025-07-02T22:43:00+02:00;47108;108;8;52;freeFlow;1
2025-07-02T22:43:00+02:00;47109;34;2;75;heavy;2
2025-07-02T22:43:00+02:00;47110;70;11;0;unknown;0
2025-07-02T22:43:00+02:00;47111;91;20;100;freeFlow;7
2025-07-02T22:43:00+02:00;47112;35;25;75;heavy;2
2025-07-02T22:43:00+02:00;47113;91;6;60;freeFlow;1
2025-07-02T22:43:00+02:00;47114;91;15;60;freeFlow;1
2025-07-02T22:43:00+02:00;47115;80;18;57;freeFlow;1
2025-07-02T22:43:00+02:00;47238;76;8;100;freeFlow;6
2025-07-02T22:43:00+02:00;47240;107;14;55;freeFlow;1
2025-07-02T22:43:00+02:00;47241;75;14;100;freeFlow;5
2025-07-02T22:43:00+02:00;47242;86;15;100;freeFlow;6
2025-07-02T22:43:00+02:00;47243;68;21;100;freeFlow;6
2025-07-02T22:43:00+02:00;47290;50;10;0;unknown;0
2025-07-02T22:43:00+02:00;47293;53;10;100;freeFlow;5
2025-07-02T22:43:00+02:00;47299;39;9;74;heavy;2
2025-07-02T22:43:00+02:00;47300;42;29;42;heavy;1
2025-07-02T22:43:00+02:00;47306;103;19;55;freeFlow;1
2025-07-02T22:43:00+02:00;47316;48;6;68;heavy;2
2025-07-02T22:43:00+02:00;47428_D;50;5;0;unknown;0
2025-07-02T22:43:00+02:00;47428_G;50;5;0;unknown;0
2025-07-02T22:43:00+02:00;48769_D;22;6;55;heavy;1
2025-07-02T22:43:00+02:00;48769_G;50;3;0;unknown;0
2025-07-02T22:43:00+02:00;48890;50;1;0;unknown;0
2025-07-02T22:43:00+02:00;48891;50;1;0;unknown;0
2025-07-02T22:43:00+02:00;48958_D;9;23;52;congested;1
2025-07-02T22:43:00+02:00;48958_G;50;4;0;unknown;0
2025-07-02T22:43:00+02:00;489866_G;52;3;32;freeFlow;1
2025-07-02T22:43:00+02:00;49004;50;4;0;unknown;0
2025-07-02T22:43:00+02:00;490194_D;50;1;0;unknown;0
2025-07-02T22:43:00+02:00;490194_G;35;2;60;heavy;1
2025-07-02T22:43:00+02:00;49023;34;17;42;heavy;1
2025-07-02T22:43:00+02:00;49068;52;12;100;freeFlow;3
2025-07-02T22:43:00+02:00;49074;70;1;0;unknown;0
2025-07-02T22:43:00+02:00;49075;70;2;0;unknown;0
2025-07-02T22:43:00+02:00;49081;70;8;0;unknown;0
2025-07-02T22:43:00+02:00;49084;50;9;0;unknown;0
2025-07-02T22:43:00+02:00;49137_D;50;4;0;unknown;0
2025-07-02T22:43:00+02:00;49137_G;50;4;0;unknown;0
2025-07-02T22:43:00+02:00;49184;97;1;20;freeFlow;1
2025-07-02T22:43:00+02:00;492351_G;29;4;35;heavy;1
2025-07-02T22:43:00+02:00;492359_D;29;9;60;heavy;1
2025-07-02T22:43:00+02:00;492363_D;50;9;0;unknown;0
2025-07-02T22:43:00+02:00;492363_G;50;10;0;unknown;0
2025-07-02T22:43:00+02:00;492435;24;18;60;heavy;1
2025-07-02T22:43:00+02:00;492445_G;50;13;0;unknown;0
2025-07-02T22:43:00+02:00;492450;19;26;52;heavy;1
2025-07-02T22:43:00+02:00;492452;50;10;0;unknown;0
2025-07-02T22:43:00+02:00;492459;12;5;60;heavy;1
2025-07-02T22:43:00+02:00;492474;14;13;50;congested;1
2025-07-02T22:43:00+02:00;492475;36;24;48;heavy;1
2025-07-02T22:43:00+02:00;492476;18;26;50;heavy;1
2025-07-02T22:43:00+02:00;492477;50;2;0;unknown;0
2025-07-02T22:43:00+02:00;492479;50;13;0;unknown;0
2025-07-02T22:43:00+02:00;492481;50;3;0;unknown;0
2025-07-02T22:43:00+02:00;492482;18;8;50;heavy;1
2025-07-02T22:43:00+02:00;492483;18;10;50;heavy;1
2025-07-02T22:43:00+02:00;492485;12;5;60;congested;1
2025-07-02T22:43:00+02:00;492490;20;16;52;heavy;1
2025-07-02T22:43:00+02:00;492495;14;3;50;congested;1
2025-07-02T22:43:00+02:00;492498;108;4;27;freeFlow;1
2025-07-02T22:43:00+02:00;492506;50;4;0;unknown;0
2025-07-02T22:43:00+02:00;492512;50;2;0;unknown;0
2025-07-02T22:43:00+02:00;492514;18;3;50;heavy;1
2025-07-02T22:43:00+02:00;492519;35;15;60;freeFlow;1
2025-07-02T22:43:00+02:00;492574;50;3;0;unknown;0
2025-07-02T22:43:00+02:00;492576;108;0;27;freeFlow;1
2025-07-02T22:43:00+02:00;49328_D;39;3;17;freeFlow;1
2025-07-02T22:43:00+02:00;49328_G;35;3;22;freeFlow;1
2025-07-02T22:43:00+02:00;49686_D;50;3;0;unknown;0
2025-07-02T22:43:00+02:00;49686_G;50;3;0;unknown;0
2025-07-02T22:43:00+02:00;50079_D;30;8;0;unknown;0
2025-07-02T22:43:00+02:00;50079_G;32;7;48;freeFlow;1
2025-07-02T22:43:00+02:00;50191_D;50;10;0;unknown;0
2025-07-02T22:43:00+02:00;50191_G;31;17;17;heavy;1
2025-07-02T22:43:00+02:00;50308_G;50;6;32;freeFlow;1
2025-07-02T22:43:00+02:00;50355_D;33;9;60;heavy;1
2025-07-02T22:43:00+02:00;50355_G;36;8;35;freeFlow;1
2025-07-02T22:43:00+02:00;50416_D;33;4;60;heavy;1
2025-07-02T22:43:00+02:00;50416_G;51;3;35;freeFlow;1
2025-07-02T22:43:00+02:00;50475;50;8;0;unknown;0
2025-07-02T22:43:00+02:00;50509;50;9;0;unknown;0
2025-07-02T22:43:00+02:00;50573_D;57;4;45;freeFlow;1
2025-07-02T22:43:00+02:00;50573_G;6;34;45;congested;1
2025-07-02T22:43:00+02:00;51008;50;3;0;unknown;0
2025-07-02T22:43:00+02:00;51017;35;4;60;heavy;1
2025-07-02T22:43:00+02:00;51159_D;50;13;0;unknown;0
2025-07-02T22:43:00+02:00;51159_G;71;9;60;freeFlow;1
2025-07-02T22:43:00+02:00;51254_D;50;6;0;unknown;0
2025-07-02T22:43:00+02:00;51254_G;19;15;75;heavy;2
2025-07-02T22:43:00+02:00;51323_D;50;3;0;unknown;0
2025-07-02T22:43:00+02:00;51323_G;28;7;17;heavy;1
2025-07-02T22:43:00+02:00;51437_D;38;4;60;freeFlow;1
2025-07-02T22:43:00+02:00;51437_G;50;3;0;unknown;0
2025-07-02T22:43:00+02:00;51455_D;30;9;60;heavy;1
2025-07-02T22:43:00+02:00;51455_G;50;5;0;unknown;0
2025-07-02T22:43:00+02:00;51797;91;2;60;freeFlow;1
2025-07-02T22:43:00+02:00;52130;50;4;0;unknown;0
2025-07-02T22:43:00+02:00;53329_D;30;6;0;unknown;0
2025-07-02T22:43:00+02:00;53329_G;30;6;0;unknown;0
2025-07-02T22:43:00+02:00;53336_D;58;7;60;freeFlow;1
2025-07-02T22:43:00+02:00;53336_G;42;9;30;freeFlow;1
2025-07-02T22:43:00+02:00;53411_D;50;7;0;unknown;0
2025-07-02T22:43:00+02:00;53539_G;50;4;0;unknown;0
2025-07-02T22:43:00+02:00;53542;93;5;42;freeFlow;1
2025-07-02T22:43:00+02:00;53543;90;5;0;unknown;0
2025-07-02T22:43:00+02:00;53575_D;50;13;0;unknown;0
2025-07-02T22:43:00+02:00;53575_G;50;12;0;unknown;0
2025-07-02T22:43:00+02:00;53656;50;2;0;unknown;0
2025-07-02T22:43:00+02:00;53660;51;7;27;freeFlow;1
2025-07-02T22:43:00+02:00;53663;48;3;60;freeFlow;1
2025-07-02T22:43:00+02:00;53675;26;3;68;heavy;2
2025-07-02T22:43:00+02:00;53676;41;3;57;heavy;2
2025-07-02T22:43:00+02:00;53677;48;12;58;heavy;1
2025-07-02T22:43:00+02:00;53678;37;1;22;heavy;1
2025-07-02T22:43:00+02:00;53679;37;3;22;heavy;1
2025-07-02T22:43:00+02:00;53681;58;34;48;freeFlow;1
2025-07-02T22:43:00+02:00;53721;50;1;0;unknown;0
2025-07-02T22:43:00+02:00;53885_D;50;10;0;unknown;0
2025-07-02T22:43:00+02:00;53885_G;35;15;60;heavy;1
2025-07-02T22:43:00+02:00;54211;47;14;25;freeFlow;1
2025-07-02T22:43:00+02:00;54334_D;57;1;45;freeFlow;1
2025-07-02T22:43:00+02:00;54334_G;32;1;45;heavy;1
2025-07-02T22:43:00+02:00;54337;42;19;60;freeFlow;1
2025-07-02T22:43:00+02:00;54361;50;4;0;unknown;0
2025-07-02T22:43:00+02:00;54580_G;23;25;60;heavy;1
2025-07-02T22:43:00+02:00;54707;57;8;60;freeFlow;1
2025-07-02T22:43:00+02:00;54709;50;1;0;unknown;0
2025-07-02T22:43:00+02:00;54710;50;4;0;unknown;0
2025-07-02T22:43:00+02:00;55397_D;30;2;57;heavy;1
2025-07-02T22:43:00+02:00;55397_G;50;1;0;unknown;0
2025-07-02T22:43:00+02:00;55401;50;8;0;unknown;0
2025-07-02T22:43:00+02:00;55405;50;1;0;unknown;0
2025-07-02T22:43:00+02:00;55406;50;4;0;unknown;0
2025-07-02T22:43:00+02:00;55407;30;4;57;heavy;1
2025-07-02T22:43:00+02:00;55408;30;6;57;heavy;1
2025-07-02T22:43:00+02:00;55440_D;27;7;20;freeFlow;1
2025-07-02T22:43:00+02:00;55440_G;31;6;20;freeFlow;1
2025-07-02T22:43:00+02:00;55443_D;50;2;0;unknown;0
2025-07-02T22:43:00+02:00;55443_G;20;3;17;heavy;1
2025-07-02T22:43:00+02:00;55446;31;3;20;heavy;1
2025-07-02T22:43:00+02:00;55447;22;3;60;heavy;1
2025-07-02T22:43:00+02:00;55448;18;4;60;heavy;1
2025-07-02T22:43:00+02:00;55449;27;2;20;heavy;1
2025-07-02T22:43:00+02:00;55516;50;2;0;unknown;0
2025-07-02T22:43:00+02:00;55669;52;4;100;freeFlow;3
2025-07-02T22:43:00+02:00;55671;50;7;0;unknown;0
2025-07-02T22:43:00+02:00;55696;50;15;0;unknown;0
2025-07-02T22:43:00+02:00;55698;50;9;0;unknown;0
2025-07-02T22:43:00+02:00;55700;50;8;0;unknown;0
2025-07-02T22:43:00+02:00;55703;50;3;0;unknown;0
2025-07-02T22:43:00+02:00;55706;50;1;0;unknown;0
2025-07-02T22:43:00+02:00;55707;50;7;0;unknown;0
2025-07-02T22:43:00+02:00;55708;50;3;0;unknown;0
2025-07-02T22:43:00+02:00;55710;50;14;0;unknown;0
2025-07-02T22:43:00+02:00;55711;50;1;0;unknown;0
2025-07-02T22:43:00+02:00;55713;50;14;0;unknown;0
2025-07-02T22:43:00+02:00;55781_D;42;3;32;freeFlow;2
2025-07-02T22:43:00+02:00;55781_G;50;2;0;unknown;0
2025-07-02T22:43:00+02:00;55800;36;9;32;freeFlow;2
2025-07-02T22:43:00+02:00;55801;50;3;0;unknown;0
2025-07-02T22:43:00+02:00;55805;34;7;20;heavy;1
2025-07-02T22:43:00+02:00;55806;30;17;35;heavy;2
2025-07-02T22:43:00+02:00;55811;41;8;35;freeFlow;2
2025-07-02T22:43:00+02:00;55814;32;4;35;heavy;2
2025-07-02T22:43:00+02:00;55815;50;0;0;unknown;0
2025-07-02T22:43:00+02:00;55820;50;1;0;unknown;0
2025-07-02T22:43:00+02:00;55821;50;2;0;unknown;0
2025-07-02T22:43:00+02:00;55822;50;2;0;unknown;0
2025-07-02T22:43:00+02:00;55823;50;1;0;unknown;0
2025-07-02T22:43:00+02:00;55824;27;3;35;heavy;2
2025-07-02T22:43:00+02:00;55827;38;2;60;heavy;1
2025-07-02T22:43:00+02:00;55830;38;2;60;heavy;1
2025-07-02T22:43:00+02:00;55841;50;9;0;unknown;0
2025-07-02T22:43:00+02:00;55843;50;1;0;unknown;0
2025-07-02T22:43:00+02:00;55879;16;4;0;unknown;0
2025-07-02T22:43:00+02:00;55883;50;1;0;unknown;0
2025-07-02T22:43:00+02:00;55887;30;18;57;heavy;1
2025-07-02T22:43:00+02:00;55888;50;12;0;unknown;0
2025-07-02T22:43:00+02:00;55889;55;2;75;freeFlow;2
2025-07-02T22:43:00+02:00;55890;50;2;0;unknown;0
2025-07-02T22:43:00+02:00;55894;50;1;0;unknown;0
2025-07-02T22:43:00+02:00;55896;43;2;100;freeFlow;3
2025-07-02T22:43:00+02:00;55898;50;12;0;unknown;0
2025-07-02T22:43:00+02:00;55899;77;5;75;freeFlow;2
2025-07-02T22:43:00+02:00;55926_D;50;5;0;unknown;0
2025-07-02T22:43:00+02:00;55926_G;27;9;38;heavy;1
2025-07-02T22:43:00+02:00;55932;34;2;38;heavy;1
2025-07-02T22:43:00+02:00;55933;50;2;0;unknown;0
2025-07-02T22:43:00+02:00;55958;91;1;60;freeFlow;1
2025-07-02T22:43:00+02:00;55959;50;2;0;unknown;0
2025-07-02T22:43:00+02:00;55974;30;1;100;heavy;3
2025-07-02T22:43:00+02:00;55975;38;2;52;freeFlow;1
2025-07-02T22:43:00+02:00;55977;26;6;52;heavy;1
2025-07-02T22:43:00+02:00;55978;91;1;60;freeFlow;1
2025-07-02T22:43:00+02:00;55980;97;3;20;freeFlow;1
2025-07-02T22:43:00+02:00;55981;52;5;60;freeFlow;1
2025-07-02T22:43:00+02:00;56019;28;2;35;heavy;2
2025-07-02T22:43:00+02:00;56020;34;1;38;heavy;1
2025-07-02T22:43:00+02:00;56113;50;5;0;unknown;0
2025-07-02T22:43:00+02:00;56115;50;4;0;unknown;0
2025-07-02T22:43:00+02:00;56117;50;5;0;unknown;0
2025-07-02T22:43:00+02:00;56118;50;1;0;unknown;0
2025-07-02T22:43:00+02:00;56124;50;1;0;unknown;0
2025-07-02T22:43:00+02:00;56125;50;1;0;unknown;0
2025-07-02T22:43:00+02:00;56126;50;3;0;unknown;0
2025-07-02T22:43:00+02:00;56128;50;1;0;unknown;0
2025-07-02T22:43:00+02:00;56157_D;30;13;0;unknown;0
2025-07-02T22:43:00+02:00;56157_G;30;13;0;unknown;0
2025-07-02T22:43:00+02:00;56165_D;30;2;0;unknown;0
2025-07-02T22:43:00+02:00;56165_G;30;2;0;unknown;0
2025-07-02T22:43:00+02:00;56170;50;1;0;unknown;0
2025-07-02T22:43:00+02:00;56174;50;5;0;unknown;0
2025-07-02T22:43:00+02:00;56175;50;4;0;unknown;0
2025-07-02T22:43:00+02:00;56179;50;2;0;unknown;0
2025-07-02T22:43:00+02:00;56180;50;1;0;unknown;0
2025-07-02T22:43:00+02:00;56181;50;2;0;unknown;0
2025-07-02T22:43:00+02:00;56182;50;2;0;unknown;0
2025-07-02T22:43:00+02:00;56183;50;1;0;unknown;0
2025-07-02T22:43:00+02:00;56218_D;50;3;0;unknown;0
2025-07-02T22:43:00+02:00;56218_G;50;3;0;unknown;0
2025-07-02T22:43:00+02:00;56223;50;1;0;unknown;0
2025-07-02T22:43:00+02:00;56224;50;8;0;unknown;0
2025-07-02T22:43:00+02:00;56225;50;7;0;unknown;0
2025-07-02T22:43:00+02:00;56229;50;3;0;unknown;0
2025-07-02T22:43:00+02:00;56231;50;2;0;unknown;0
2025-07-02T22:43:00+02:00;56232;50;1;0;unknown;0
2025-07-02T22:43:00+02:00;56233;50;9;0;unknown;0
2025-07-02T22:43:00+02:00;56237;50;9;0;unknown;0
2025-07-02T22:43:00+02:00;56239;30;3;0;unknown;0
2025-07-02T22:43:00+02:00;56247;30;1;0;unknown;0
2025-07-02T22:43:00+02:00;56250;30;21;0;unknown;0
2025-07-02T22:43:00+02:00;56251;30;21;0;unknown;0
2025-07-02T22:43:00+02:00;56254;30;1;0;unknown;0
2025-07-02T22:43:00+02:00;56255;30;2;0;unknown;0
2025-07-02T22:43:00+02:00;56256;30;1;0;unknown;0
2025-07-02T22:43:00+02:00;56258;30;5;0;unknown;0
2025-07-02T22:43:00+02:00;56260;30;2;0;unknown;0
2025-07-02T22:43:00+02:00;56261;30;2;0;unknown;0
2025-07-02T22:43:00+02:00;56263;30;13;0;unknown;0
2025-07-02T22:43:00+02:00;56264;30;13;0;unknown;0
2025-07-02T22:43:00+02:00;56298;30;1;0;unknown;0
2025-07-02T22:43:00+02:00;56300;30;1;0;unknown;0
2025-07-02T22:43:00+02:00;56333;31;3;35;heavy;2
2025-07-02T22:43:00+02:00;565804_D;50;9;0;unknown;0
2025-07-02T22:43:00+02:00;565804_G;41;10;17;freeFlow;1
2025-07-02T22:43:00+02:00;565852;75;2;42;freeFlow;1
2025-07-02T22:43:00+02:00;565853;90;11;0;unknown;0
2025-07-02T22:43:00+02:00;566240;50;2;0;unknown;0
2025-07-02T22:43:00+02:00;566445_D;30;2;0;unknown;0
2025-07-02T22:43:00+02:00;566445_G;30;3;0;unknown;0
2025-07-02T22:43:00+02:00;566456_D;30;22;0;unknown;0
2025-07-02T22:43:00+02:00;566456_G;30;22;0;unknown;0
2025-07-02T22:43:00+02:00;566457;50;1;0;unknown;0
2025-07-02T22:43:00+02:00;566465_D;30;10;0;unknown;0
2025-07-02T22:43:00+02:00;566465_G;30;10;0;unknown;0
2025-07-02T22:43:00+02:00;56675_D;25;6;55;heavy;1
2025-07-02T22:43:00+02:00;56675_G;50;3;0;unknown;0
2025-07-02T22:43:00+02:00;566941;55;2;75;freeFlow;2
2025-07-02T22:43:00+02:00;56871_D;50;3;0;unknown;0
2025-07-02T22:43:00+02:00;56871_G;50;3;0;unknown;0
2025-07-02T22:43:00+02:00;56908_D;50;8;0;unknown;0
2025-07-02T22:43:00+02:00;56908_G;50;8;0;unknown;0
2025-07-02T22:43:00+02:00;56925;89;39;100;freeFlow;5
2025-07-02T22:43:00+02:00;56944_D;10;30;17;heavy;1
2025-07-02T22:43:00+02:00;56944_G;35;9;20;freeFlow;1
2025-07-02T22:43:00+02:00;56945_D;36;7;17;freeFlow;1
2025-07-02T22:43:00+02:00;56945_G;35;6;20;freeFlow;1
2025-07-02T22:43:00+02:00;57082_G;30;9;0;unknown;0
2025-07-02T22:43:00+02:00;57083_D;30;14;0;unknown;0
2025-07-02T22:43:00+02:00;57083_G;30;16;0;unknown;0
2025-07-02T22:43:00+02:00;59724;58;3;60;freeFlow;1
2025-07-02T22:43:00+02:00;59750_D;29;8;60;heavy;1
2025-07-02T22:43:00+02:00;59750_G;38;6;32;freeFlow;1
2025-07-02T22:43:00+02:00;59835_D;40;5;0;unknown;0
2025-07-02T22:43:00+02:00;59835_G;50;4;0;unknown;0
2025-07-02T22:43:00+02:00;59836;40;3;0;unknown;0
2025-07-02T22:43:00+02:00;59837;50;1;0;unknown;0
2025-07-02T22:43:00+02:00;59838;50;3;0;unknown;0
2025-07-02T22:43:00+02:00;62559_D;40;8;32;freeFlow;2
2025-07-02T22:43:00+02:00;62559_G;50;6;0;unknown;0
2025-07-02T22:43:00+02:00;62560;50;5;0;unknown;0
2025-07-02T22:43:00+02:00;62565_D;40;2;32;freeFlow;2
2025-07-02T22:43:00+02:00;62565_G;50;1;0;unknown;0
2025-07-02T22:43:00+02:00;62831_D;50;1;0;unknown;0
2025-07-02T22:43:00+02:00;62831_G;50;1;0;unknown;0
2025-07-02T22:43:00+02:00;62832_D;38;2;55;freeFlow;1
2025-07-02T22:43:00+02:00;62832_G;50;1;0;unknown;0
2025-07-02T22:43:00+02:00;63045_D;30;5;0;unknown;0
2025-07-02T22:43:00+02:00;63045_G;30;5;0;unknown;0
2025-07-02T22:43:00+02:00;63053_D;50;4;0;unknown;0
2025-07-02T22:43:00+02:00;63053_G;12;19;20;congested;1
2025-07-02T22:43:00+02:00;63899;81;21;98;freeFlow;3
2025-07-02T22:43:00+02:00;63934;50;1;0;unknown;0
2025-07-02T22:43:00+02:00;63935;24;17;57;heavy;1
2025-07-02T22:43:00+02:00;63936;50;10;0;unknown;0
2025-07-02T22:43:00+02:00;63939;20;30;57;heavy;1
2025-07-02T22:43:00+02:00;63940;50;2;0;unknown;0
2025-07-02T22:43:00+02:00;63941;50;1;0;unknown;0
2025-07-02T22:43:00+02:00;63942;50;1;0;unknown;0
2025-07-02T22:43:00+02:00;63943;18;5;57;heavy;1
2025-07-02T22:43:00+02:00;63944;50;3;0;unknown;0
2025-07-02T22:43:00+02:00;63947;26;4;60;heavy;1
2025-07-02T22:43:00+02:00;63950;26;2;60;heavy;1
2025-07-02T22:43:00+02:00;63951;32;3;60;heavy;1
2025-07-02T22:43:00+02:00;63952;34;1;60;heavy;1
2025-07-02T22:43:00+02:00;63953;43;1;60;freeFlow;1
2025-07-02T22:43:00+02:00;63970;39;24;60;heavy;1
2025-07-02T22:43:00+02:00;63973;28;4;52;heavy;1
2025-07-02T22:43:00+02:00;64032;50;20;0;unknown;0
2025-07-02T22:43:00+02:00;64061_D;30;10;0;unknown;0
2025-07-02T22:43:00+02:00;64061_G;35;9;42;freeFlow;1
2025-07-02T22:43:00+02:00;64637_D;108;4;52;freeFlow;1
2025-07-02T22:43:00+02:00;64637_G;50;8;0;unknown;0
2025-07-02T22:43:00+02:00;65310;50;6;0;unknown;0
2025-07-02T22:43:00+02:00;65313;50;6;0;unknown;0
2025-07-02T22:43:00+02:00;65682;50;23;0;unknown;0
2025-07-02T22:43:00+02:00;66421;50;2;0;unknown;0
2025-07-02T22:43:00+02:00;66442;50;4;0;unknown;0
2025-07-02T22:43:00+02:00;66782;30;12;57;heavy;1
2025-07-02T22:43:00+02:00;67066;19;17;20;heavy;1
2025-07-02T22:43:00+02:00;67097_D;30;11;0;unknown;0
2025-07-02T22:43:00+02:00;67097_G;30;12;0;unknown;0
2025-07-02T22:43:00+02:00;69381_D;22;13;55;heavy;1
2025-07-02T22:43:00+02:00;69381_G;50;6;0;unknown;0
2025-07-02T22:43:00+02:00;72487_G;80;31;0;unknown;0
2025-07-02T22:43:00+02:00;72614;50;2;0;unknown;0
2025-07-02T22:43:00+02:00;72621;50;7;0;unknown;0
2025-07-02T22:43:00+02:00;72624;49;7;100;freeFlow;3
2025-07-02T22:43:00+02:00;72628;52;0;100;freeFlow;3
2025-07-02T22:43:00+02:00;74283_D;50;15;0;unknown;0
2025-07-02T22:43:00+02:00;74283_G;35;22;60;heavy;1
2025-07-02T22:43:00+02:00;75387;15;5;57;congested;1
2025-07-02T22:43:00+02:00;75631;90;3;57;freeFlow;2
2025-07-02T22:43:00+02:00;75818_D;17;8;60;heavy;1
2025-07-02T22:43:00+02:00;75818_G;50;2;0;unknown;0
2025-07-02T22:43:00+02:00;75820;95;20;100;freeFlow;6
2025-07-02T22:43:00+02:00;75824;108;4;27;freeFlow;1
2025-07-02T22:43:00+02:00;75825;84;5;75;freeFlow;2
2025-07-02T22:43:00+02:00;75828;76;10;42;freeFlow;1
2025-07-02T22:43:00+02:00;75829;82;8;50;freeFlow;1
2025-07-02T22:43:00+02:00;75832;37;3;75;freeFlow;2
2025-07-02T22:43:00+02:00;75833;91;2;60;freeFlow;1
2025-07-02T22:43:00+02:00;75835;91;1;60;freeFlow;1
2025-07-02T22:43:00+02:00;75836;73;13;75;freeFlow;2
2025-07-02T22:43:00+02:00;75837;61;7;75;freeFlow;2
2025-07-02T22:43:00+02:00;75838;45;6;60;freeFlow;1
2025-07-02T22:43:00+02:00;75839;50;4;0;unknown;0
2025-07-02T22:43:00+02:00;75840;30;6;57;heavy;1
2025-07-02T22:43:00+02:00;75845;32;4;60;heavy;1
2025-07-02T22:43:00+02:00;75846;44;7;60;heavy;1
2025-07-02T22:43:00+02:00;75847;33;18;68;heavy;2
2025-07-02T22:43:00+02:00;75848;50;5;0;unknown;0
2025-07-02T22:43:00+02:00;75849;42;6;60;freeFlow;1
2025-07-02T22:43:00+02:00;75850;42;4;60;freeFlow;1
2025-07-02T22:43:00+02:00;75851;50;4;0;unknown;0
2025-07-02T22:43:00+02:00;75853;46;2;60;heavy;1
2025-07-02T22:43:00+02:00;75854;46;5;60;heavy;1
2025-07-02T22:43:00+02:00;75856;26;5;60;heavy;1
2025-07-02T22:43:00+02:00;75897;53;18;42;heavy;1
2025-07-02T22:43:00+02:00;9128;91;30;60;freeFlow;1
2025-07-02T22:43:00+02:00;9130;70;11;0;unknown;0
2025-07-02T22:43:00+02:00;9131;97;7;100;freeFlow;6
2025-07-02T22:43:00+02:00;9132;90;23;100;freeFlow;5
2025-07-02T22:43:00+02:00;9146;91;4;60;freeFlow;1
2025-07-02T22:43:00+02:00;9178;52;23;45;heavy;1
2025-07-02T22:43:00+02:00;9179;91;20;60;freeFlow;1
2025-07-02T22:43:00+02:00;9180;95;20;100;freeFlow;5
2025-07-02T22:43:00+02:00;9181;40;24;55;heavy;2
2025-07-02T22:43:00+02:00;9182;70;3;0;unknown;0
2025-07-02T22:43:00+02:00;9183;68;6;50;freeFlow;1
2025-07-02T22:43:00+02:00;9184;44;15;22;heavy;1
2025-07-02T22:43:00+02:00;9245;34;208;55;heavy;1
2025-07-02T22:43:00+02:00;9246;89;134;100;freeFlow;4
2025-07-02T22:43:00+02:00;9380_D;72;25;0;unknown;0
2025-07-02T22:43:00+02:00;9380_G;80;23;0;unknown;0
2025-07-02T22:43:00+02:00;9389;80;1;0;unknown;0
2025-07-02T22:43:00+02:00;9390;80;1;0;unknown;0
2025-07-02T22:43:00+02:00;9391;80;1;0;unknown;0
2025-07-02T22:43:00+02:00;9392;80;1;0;unknown;0
2025-07-02T22:43:00+02:00;1677832;24;13;10;heavy;1
2025-07-02T22:43:00+02:00;1679085_D;39;3;52;freeFlow;1
2025-07-02T22:43:00+02:00;1679085_G;50;2;0;unknown;0
2025-07-02T22:43:00+02:00;1679794;50;1;0;unknown;0
2025-07-02T22:43:00+02:00;1679795_G;50;2;0;unknown;0
2025-07-02T22:43:00+02:00;1679796;50;1;0;unknown;0
2025-07-02T22:43:00+02:00;1679797_D;50;6;0;unknown;0
2025-07-02T22:43:00+02:00;1679797_G;50;6;0;unknown;0
2025-07-02T22:43:00+02:00;1679798;50;1;0;unknown;0
2025-07-02T22:43:00+02:00;1679800;37;2;52;freeFlow;1
2025-07-02T22:43:00+02:00;1680335;17;17;27;heavy;1
2025-07-02T22:43:00+02:00;1680340;60;2;10;freeFlow;1
2025-07-02T22:43:00+02:00;213972_D;50;6;0;unknown;0
2025-07-02T22:43:00+02:00;213972_G;50;5;0;unknown;0
2025-07-02T22:43:00+02:00;213973_D;50;8;0;unknown;0
2025-07-02T22:43:00+02:00;213973_G;50;8;0;unknown;0
2025-07-02T22:43:00+02:00;213974_D;50;4;0;unknown;0
2025-07-02T22:43:00+02:00;213974_G;50;4;0;unknown;0
2025-07-02T22:43:00+02:00;26521;79;69;75;freeFlow;2
2025-07-02T22:43:00+02:00;26522;72;46;60;freeFlow;1
2025-07-02T22:43:00+02:00;31304_G;50;22;0;unknown;0
2025-07-02T22:43:00+02:00;31328;90;10;0;unknown;0
2025-07-02T22:43:00+02:00;31441;70;49;0;unknown;0
2025-07-02T22:43:00+02:00;31535;64;12;60;freeFlow;1
2025-07-02T22:43:00+02:00;31552;75;9;60;freeFlow;1
2025-07-02T22:43:00+02:00;31555;70;12;0;unknown;0
2025-07-02T22:43:00+02:00;43014_D;50;4;0;unknown;0
2025-07-02T22:43:00+02:00;43014_G;50;4;0;unknown;0
2025-07-02T22:43:00+02:00;43105_D;50;5;0;unknown;0
2025-07-02T22:43:00+02:00;43105_G;2;102;10;congested;1
2025-07-02T22:43:00+02:00;43118_D;18;31;32;heavy;1
2025-07-02T22:43:00+02:00;43118_G;50;11;0;unknown;0
2025-07-02T22:43:00+02:00;43124_D;8;48;32;congested;1
2025-07-02T22:43:00+02:00;43124_G;30;13;0;unknown;0
2025-07-02T22:43:00+02:00;43125_D;29;9;35;freeFlow;1
2025-07-02T22:43:00+02:00;43125_G;30;9;0;unknown;0
2025-07-02T22:43:00+02:00;43126_D;23;22;35;freeFlow;1
2025-07-02T22:43:00+02:00;43126_G;30;17;0;unknown;0
2025-07-02T22:43:00+02:00;43147_D;27;10;32;freeFlow;1
2025-07-02T22:43:00+02:00;43147_G;30;9;0;unknown;0
2025-07-02T22:43:00+02:00;43336_D;50;6;0;unknown;0
2025-07-02T22:43:00+02:00;43336_G;50;6;0;unknown;0
2025-07-02T22:43:00+02:00;43337_D;50;8;0;unknown;0
2025-07-02T22:43:00+02:00;43337_G;50;8;0;unknown;0
2025-07-02T22:43:00+02:00;43338_D;50;4;0;unknown;0
2025-07-02T22:43:00+02:00;43338_G;50;4;0;unknown;0
2025-07-02T22:43:00+02:00;43339_D;50;5;0;unknown;0
2025-07-02T22:43:00+02:00;43339_G;50;5;0;unknown;0
2025-07-02T22:43:00+02:00;43340_D;50;1;0;unknown;0
2025-07-02T22:43:00+02:00;43340_G;50;1;0;unknown;0
2025-07-02T22:43:00+02:00;43341_D;50;4;0;unknown;0
2025-07-02T22:43:00+02:00;43341_G;50;4;0;unknown;0
2025-07-02T22:43:00+02:00;43342_D;50;2;0;unknown;0
2025-07-02T22:43:00+02:00;43342_G;50;2;0;unknown;0
2025-07-02T22:43:00+02:00;43343_D;50;7;0;unknown;0
2025-07-02T22:43:00+02:00;43343_G;50;7;0;unknown;0
2025-07-02T22:43:00+02:00;43345_D;30;10;0;unknown;0
2025-07-02T22:43:00+02:00;43345_G;30;10;0;unknown;0
2025-07-02T22:43:00+02:00;43347_D;30;5;0;unknown;0
2025-07-02T22:43:00+02:00;43347_G;30;5;0;unknown;0
2025-07-02T22:43:00+02:00;43352_D;57;8;45;freeFlow;1
2025-07-02T22:43:00+02:00;43353_D;57;5;45;freeFlow;1
2025-07-02T22:43:00+02:00;43353_G;34;9;45;freeFlow;1
2025-07-02T22:43:00+02:00;43377_D;30;16;0;unknown;0
2025-07-02T22:43:00+02:00;43377_G;30;16;0;unknown;0
2025-07-02T22:43:00+02:00;43379_D;30;7;0;unknown;0
2025-07-02T22:43:00+02:00;43379_G;30;7;0;unknown;0
2025-07-02T22:43:00+02:00;43413_D;30;6;0;unknown;0
2025-07-02T22:43:00+02:00;43413_G;30;6;0;unknown;0
2025-07-02T22:43:00+02:00;43474_D;50;3;52;freeFlow;1
2025-07-02T22:43:00+02:00;43474_G;50;3;0;unknown;0
2025-07-02T22:43:00+02:00;43615_D;49;1;52;freeFlow;1
2025-07-02T22:43:00+02:00;43615_G;30;2;0;unknown;0
2025-07-02T22:43:00+02:00;43743_D;59;21;17;freeFlow;1
2025-07-02T22:43:00+02:00;43746;31;7;25;freeFlow;1
2025-07-02T22:43:00+02:00;43747;34;12;25;freeFlow;1
2025-07-02T22:43:00+02:00;43751;25;23;12;freeFlow;1
2025-07-02T22:43:00+02:00;43774_D;50;4;0;unknown;0
2025-07-02T22:43:00+02:00;43774_G;50;4;0;unknown;0
2025-07-02T22:43:00+02:00;43775_D;5;88;30;congested;1
2025-07-02T22:43:00+02:00;43775_G;21;18;0;unknown;0
2025-07-02T22:43:00+02:00;43826_D;9;32;45;congested;2
2025-07-02T22:43:00+02:00;43826_G;50;5;0;unknown;0
2025-07-02T22:43:00+02:00;43971;50;13;0;unknown;0
2025-07-02T22:43:00+02:00;43973;50;5;0;unknown;0
2025-07-02T22:43:00+02:00;44003_G;50;8;0;unknown;0
2025-07-02T22:43:00+02:00;44004_D;19;59;57;heavy;1
2025-07-02T22:43:00+02:00;44004_G;50;22;0;unknown;0
2025-07-02T22:43:00+02:00;44017_G;50;3;0;unknown;0
2025-07-02T22:43:00+02:00;44018_G;50;12;0;unknown;0
2025-07-02T22:43:00+02:00;44037_D;57;3;52;freeFlow;1
2025-07-02T22:43:00+02:00;44037_G;50;3;0;unknown;0
2025-07-02T22:43:00+02:00;44851_D;50;11;0;unknown;0
2025-07-02T22:43:00+02:00;44851_G;50;11;0;unknown;0
2025-07-02T22:43:00+02:00;44852_D;50;9;0;unknown;0
2025-07-02T22:43:00+02:00;44852_G;50;9;0;unknown;0
2025-07-02T22:43:00+02:00;44854_D;50;1;0;unknown;0
2025-07-02T22:43:00+02:00;44854_G;50;1;0;unknown;0
2025-07-02T22:43:00+02:00;44855_D;50;7;0;unknown;0
2025-07-02T22:43:00+02:00;44855_G;50;7;0;unknown;0
2025-07-02T22:43:00+02:00;44879;75;18;60;freeFlow;1
2025-07-02T22:43:00+02:00;44897_D;50;5;0;unknown;0
2025-07-02T22:43:00+02:00;44897_G;50;5;0;unknown;0
2025-07-02T22:43:00+02:00;44901;70;22;0;unknown;0
2025-07-02T22:43:00+02:00;44939;103;40;68;freeFlow;2
2025-07-02T22:43:00+02:00;45135_D;50;1;0;unknown;0
2025-07-02T22:43:00+02:00;45135_G;50;1;0;unknown;0
2025-07-02T22:43:00+02:00;45136_G;50;16;0;unknown;0
2025-07-02T22:43:00+02:00;45137_D;50;2;0;unknown;0
2025-07-02T22:43:00+02:00;45137_G;50;1;0;unknown;0
2025-07-02T22:43:00+02:00;45146;50;8;0;unknown;0
2025-07-02T22:43:00+02:00;45147_D;43;1;20;freeFlow;1
2025-07-02T22:43:00+02:00;45147_G;50;1;0;unknown;0
2025-07-02T22:43:00+02:00;45153;50;8;0;unknown;0
2025-07-02T22:43:00+02:00;45155;50;16;0;unknown;0
2025-07-02T22:43:00+02:00;45213;50;9;0;unknown;0
2025-07-02T22:43:00+02:00;45214;50;5;0;unknown;0
2025-07-02T22:43:00+02:00;45232;50;33;0;unknown;0
2025-07-02T22:43:00+02:00;45233;50;2;0;unknown;0
2025-07-02T22:43:00+02:00;45236_D;66;10;27;freeFlow;1
2025-07-02T22:43:00+02:00;45242;107;11;60;freeFlow;1
2025-07-02T22:43:00+02:00;45246;77;33;60;freeFlow;1
2025-07-02T22:43:00+02:00;45247;70;14;0;unknown;0
2025-07-02T22:43:00+02:00;47742_G;50;4;0;unknown;0
2025-07-02T22:43:00+02:00;47744;50;40;0;unknown;0
2025-07-02T22:43:00+02:00;48725;50;2;0;unknown;0
2025-07-02T22:43:00+02:00;48736;50;1;0;unknown;0
2025-07-02T22:43:00+02:00;48738;35;1;60;heavy;1
2025-07-02T22:43:00+02:00;48746;35;11;60;heavy;1
2025-07-02T22:43:00+02:00;48751;50;1;0;unknown;0
2025-07-02T22:43:00+02:00;48752;50;1;0;unknown;0
2025-07-02T22:43:00+02:00;48753;50;2;0;unknown;0
2025-07-02T22:43:00+02:00;48754;50;1;0;unknown;0
2025-07-02T22:43:00+02:00;48764;50;1;0;unknown;0
2025-07-02T22:43:00+02:00;48765;50;5;0;unknown;0
2025-07-02T22:43:00+02:00;48796;50;10;0;unknown;0
2025-07-02T22:43:00+02:00;48915_D;50;2;0;unknown;0
2025-07-02T22:43:00+02:00;48915_G;40;3;0;unknown;0
2025-07-02T22:43:00+02:00;48916;8;20;27;congested;1
2025-07-02T22:43:00+02:00;48953_D;50;23;0;unknown;0
2025-07-02T22:43:00+02:00;48953_G;50;23;0;unknown;0
2025-07-02T22:43:00+02:00;48993_D;50;7;0;unknown;0
2025-07-02T22:43:00+02:00;48993_G;50;7;0;unknown;0
2025-07-02T22:43:00+02:00;49042_D;50;1;0;unknown;0
2025-07-02T22:43:00+02:00;49042_G;50;1;0;unknown;0
2025-07-02T22:43:00+02:00;50035_D;57;2;52;freeFlow;1
2025-07-02T22:43:00+02:00;50035_G;50;2;0;unknown;0
2025-07-02T22:43:00+02:00;50087;27;10;27;heavy;1
2025-07-02T22:43:00+02:00;50107_D;50;11;0;unknown;0
2025-07-02T22:43:00+02:00;50107_G;50;11;0;unknown;0
2025-07-02T22:43:00+02:00;52835_G;50;3;0;unknown;0
2025-07-02T22:43:00+02:00;52850_D;50;3;0;unknown;0
2025-07-02T22:43:00+02:00;52850_G;50;3;0;unknown;0
2025-07-02T22:43:00+02:00;52878;30;5;0;unknown;0
2025-07-02T22:43:00+02:00;53020_G;50;2;0;unknown;0
2025-07-02T22:43:00+02:00;53130_D;50;5;0;unknown;0
2025-07-02T22:43:00+02:00;53130_G;36;7;0;unknown;0
2025-07-02T22:43:00+02:00;53375_D;57;2;45;freeFlow;1
2025-07-02T22:43:00+02:00;53375_G;38;3;45;freeFlow;1
2025-07-02T22:43:00+02:00;53427;104;41;75;freeFlow;2
2025-07-02T22:43:00+02:00;53988;50;5;0;unknown;0
2025-07-02T22:43:00+02:00;53989;50;2;0;unknown;0
2025-07-02T22:43:00+02:00;53992_D;50;8;0;unknown;0
2025-07-02T22:43:00+02:00;53992_G;50;8;0;unknown;0
2025-07-02T22:43:00+02:00;53995;50;1;0;unknown;0
2025-07-02T22:43:00+02:00;53997;50;1;0;unknown;0
2025-07-02T22:43:00+02:00;53999;50;1;0;unknown;0
2025-07-02T22:43:00+02:00;54130;50;31;0;unknown;0
2025-07-02T22:43:00+02:00;54136;66;3;27;freeFlow;1
2025-07-02T22:43:00+02:00;54219;50;11;0;unknown;0
2025-07-02T22:43:00+02:00;54222;50;12;0;unknown;0
2025-07-02T22:43:00+02:00;54235;50;10;0;unknown;0
2025-07-02T22:43:00+02:00;54300;22;18;35;heavy;1
2025-07-02T22:43:00+02:00;54304_D;50;4;0;unknown;0
2025-07-02T22:43:00+02:00;54304_G;50;4;0;unknown;0
2025-07-02T22:43:00+02:00;54309;21;42;35;heavy;2
2025-07-02T22:43:00+02:00;54345;50;3;0;unknown;0
2025-07-02T22:43:00+02:00;54352;50;7;0;unknown;0
2025-07-02T22:43:00+02:00;54353;50;3;0;unknown;0
2025-07-02T22:43:00+02:00;54356;38;22;60;freeFlow;1
2025-07-02T22:43:00+02:00;54357;45;6;57;freeFlow;1
2025-07-02T22:43:00+02:00;54370;50;4;0;unknown;0
2025-07-02T22:43:00+02:00;54373;50;4;0;unknown;0
2025-07-02T22:43:00+02:00;54374;50;4;0;unknown;0
2025-07-02T22:43:00+02:00;54377;30;36;0;unknown;0
2025-07-02T22:43:00+02:00;54396;43;6;20;freeFlow;1
2025-07-02T22:43:00+02:00;54397;43;14;20;freeFlow;1
2025-07-02T22:43:00+02:00;54468;50;3;0;unknown;0
2025-07-02T22:43:00+02:00;54470;46;6;22;freeFlow;1
2025-07-02T22:43:00+02:00;56022;53;3;55;freeFlow;2
2025-07-02T22:43:00+02:00;56598;50;1;0;unknown;0
2025-07-02T22:43:00+02:00;56676_D;25;9;55;heavy;1
2025-07-02T22:43:00+02:00;56868;50;4;0;unknown;0
2025-07-02T22:43:00+02:00;56869;42;4;60;freeFlow;1
2025-07-02T22:43:00+02:00;56894;50;4;0;unknown;0
2025-07-02T22:43:00+02:00;56895;50;23;0;unknown;0
2025-07-02T22:43:00+02:00;56896;13;13;38;congested;1
2025-07-02T22:43:00+02:00;56901;75;29;60;freeFlow;1
2025-07-02T22:43:00+02:00;60284;18;68;38;heavy;1
2025-07-02T22:43:00+02:00;63409_D;50;2;0;unknown;0
2025-07-02T22:43:00+02:00;63409_G;50;2;0;unknown;0
2025-07-02T22:43:00+02:00;66896;50;6;0;unknown;0
2025-07-02T22:43:00+02:00;69440;53;4;45;freeFlow;1
2025-07-02T22:43:00+02:00;69442;52;8;45;freeFlow;1
2025-07-02T22:43:00+02:00;75868;43;17;72;heavy;2
2025-07-02T22:43:00+02:00;75908;50;21;0;unknown;0
2025-07-02T22:43:00+02:00;75909;30;34;32;heavy;2
2025-07-02T22:43:00+02:00;44943;42;15;100;freeFlow;3
2025-07-02T22:43:00+02:00;47063;40;15;52;freeFlow;1
2025-07-02T22:43:00+02:00;71455_G;50;3;0;unknown;0
2025-07-02T22:43:00+02:00;75831;50;18;0;unknown;0