datetime;predefinedLocationReference;averageVehicleSpeed;travelTime;travelTimeReliability;trafficStatus;vehicleProbeMeasurement
2025-07-02T10:03:00+02:00;10273_D;68;11;60;freeFlow;1
2025-07-02T10:03:00+02:00;10273_G;70;10;0;unknown;0
2025-07-02T10:03:00+02:00;10274_D;77;8;60;freeFlow;1
2025-07-02T10:03:00+02:00;10274_G;78;8;10;freeFlow;1
2025-07-02T10:03:00+02:00;10275_D;72;14;60;freeFlow;1
2025-07-02T10:03:00+02:00;10275_G;52;19;10;freeFlow;1
2025-07-02T10:03:00+02:00;10277_D;72;21;72;freeFlow;2
2025-07-02T10:03:00+02:00;10277_G;22;71;10;heavy;1
2025-07-02T10:03:00+02:00;10279_D;69;15;55;freeFlow;1
2025-07-02T10:03:00+02:00;10279_G;31;33;60;heavy;2
2025-07-02T10:03:00+02:00;10281_D;75;19;73;freeFlow;2
2025-07-02T10:03:00+02:00;10281_G;24;59;60;heavy;1
2025-07-02T10:03:00+02:00;10315_D;70;8;60;freeFlow;1
2025-07-02T10:03:00+02:00;10315_G;71;8;10;freeFlow;1
2025-07-02T10:03:00+02:00;11579_D;14;19;45;congested;1
2025-07-02T10:03:00+02:00;11579_G;88;3;60;freeFlow;1
2025-07-02T10:03:00+02:00;11652;48;29;100;heavy;3
2025-07-02T10:03:00+02:00;11654;102;1;75;freeFlow;2
2025-07-02T10:03:00+02:00;11777_D;36;2;60;heavy;1
2025-07-02T10:03:00+02:00;11777_G;19;3;32;congested;2
2025-07-02T10:03:00+02:00;11781_D;25;3;60;freeFlow;1
2025-07-02T10:03:00+02:00;11781_G;56;1;75;freeFlow;2
2025-07-02T10:03:00+02:00;11784_D;30;2;0;unknown;0
2025-07-02T10:03:00+02:00;11784_G;27;2;75;freeFlow;2
2025-07-02T10:03:00+02:00;11785_D;30;1;0;unknown;0
2025-07-02T10:03:00+02:00;11785_G;18;2;75;heavy;2
2025-07-02T10:03:00+02:00;12060_D;72;10;60;freeFlow;1
2025-07-02T10:03:00+02:00;12060_G;71;10;10;freeFlow;1
2025-07-02T10:03:00+02:00;1242_D;48;2;75;heavy;2
2025-07-02T10:03:00+02:00;1242_G;55;2;57;freeFlow;1
2025-07-02T10:03:00+02:00;1285_D;60;1;60;freeFlow;1
2025-07-02T10:03:00+02:00;1285_G;61;1;57;freeFlow;1
2025-07-02T10:03:00+02:00;13514;33;6;100;heavy;3
2025-07-02T10:03:00+02:00;13515;29;5;100;heavy;3
2025-07-02T10:03:00+02:00;13516;32;3;0;unknown;0
2025-07-02T10:03:00+02:00;13549_D;44;8;100;heavy;3
2025-07-02T10:03:00+02:00;13549_G;63;6;75;freeFlow;2
2025-07-02T10:03:00+02:00;13557_D;45;8;100;heavy;3
2025-07-02T10:03:00+02:00;13557_G;48;8;75;heavy;2
2025-07-02T10:03:00+02:00;14364;85;24;100;freeFlow;4
2025-07-02T10:03:00+02:00;14365;63;32;100;heavy;3
2025-07-02T10:03:00+02:00;15029_D;60;41;100;freeFlow;6
2025-07-02T10:03:00+02:00;15029_G;27;89;81;heavy;3
2025-07-02T10:03:00+02:00;15062;19;8;55;congested;1
2025-07-02T10:03:00+02:00;15063;36;4;100;heavy;5
2025-07-02T10:03:00+02:00;15064;38;4;100;heavy;5
2025-07-02T10:03:00+02:00;15065;24;8;70;heavy;2
2025-07-02T10:03:00+02:00;15066;33;4;75;heavy;2
2025-07-02T10:03:00+02:00;15067_D;40;106;82;heavy;3
2025-07-02T10:03:00+02:00;15067_G;65;65;75;freeFlow;2
2025-07-02T10:03:00+02:00;15104_D;26;150;92;heavy;3
2025-07-02T10:03:00+02:00;15104_G;68;58;75;freeFlow;2
2025-07-02T10:03:00+02:00;15111;44;7;75;heavy;2
2025-07-02T10:03:00+02:00;15113;22;8;75;congested;2
2025-07-02T10:03:00+02:00;15114;37;4;75;heavy;2
2025-07-02T10:03:00+02:00;15117;27;6;75;heavy;2
2025-07-02T10:03:00+02:00;15118;28;4;75;heavy;2
2025-07-02T10:03:00+02:00;15119;39;4;60;heavy;1
2025-07-02T10:03:00+02:00;15120;36;5;100;heavy;3
2025-07-02T10:03:00+02:00;15121;35;3;100;heavy;3
2025-07-02T10:03:00+02:00;15122;32;5;60;heavy;1
2025-07-02T10:03:00+02:00;15124_D;22;39;75;congested;2
2025-07-02T10:03:00+02:00;15124_G;31;27;75;heavy;2
2025-07-02T10:03:00+02:00;15549_D;50;1;0;unknown;0
2025-07-02T10:03:00+02:00;15549_G;41;1;45;freeFlow;1
2025-07-02T10:03:00+02:00;15550;44;1;100;heavy;3
2025-07-02T10:03:00+02:00;15551;17;680;87;congested;7
2025-07-02T10:03:00+02:00;1601768;24;17;60;heavy;1
2025-07-02T10:03:00+02:00;1601771;37;7;100;freeFlow;3
2025-07-02T10:03:00+02:00;1601787;33;2;100;heavy;5
2025-07-02T10:03:00+02:00;1601792;37;1;100;freeFlow;3
2025-07-02T10:03:00+02:00;1601794_D;37;4;100;freeFlow;3
2025-07-02T10:03:00+02:00;1601794_G;20;5;75;heavy;2
2025-07-02T10:03:00+02:00;1601795;37;13;100;freeFlow;3
2025-07-02T10:03:00+02:00;1601797;32;16;75;freeFlow;2
2025-07-02T10:03:00+02:00;1601798;32;3;100;heavy;4
2025-07-02T10:03:00+02:00;1601799;32;2;75;freeFlow;2
2025-07-02T10:03:00+02:00;1601807;43;3;100;freeFlow;6
2025-07-02T10:03:00+02:00;1601808;44;22;100;freeFlow;4
2025-07-02T10:03:00+02:00;1601810;56;17;75;freeFlow;2
2025-07-02T10:03:00+02:00;1601812;53;3;100;freeFlow;4
2025-07-02T10:03:00+02:00;1601813_D;56;23;73;freeFlow;2
2025-07-02T10:03:00+02:00;1601813_G;60;21;60;freeFlow;1
2025-07-02T10:03:00+02:00;1601814;49;4;60;freeFlow;1
2025-07-02T10:03:00+02:00;1601815;54;3;75;freeFlow;2
2025-07-02T10:03:00+02:00;1601819;44;1;100;freeFlow;4
2025-07-02T10:03:00+02:00;1601824;53;3;100;freeFlow;4
2025-07-02T10:03:00+02:00;1601898;94;16;100;freeFlow;3
2025-07-02T10:03:00+02:00;1601931_D;60;5;60;freeFlow;1
2025-07-02T10:03:00+02:00;1601931_G;50;5;0;unknown;0
2025-07-02T10:03:00+02:00;1602158_D;36;1;60;freeFlow;1
2025-07-02T10:03:00+02:00;1602158_G;50;1;0;unknown;0
2025-07-02T10:03:00+02:00;1602398;16;3;60;heavy;1
2025-07-02T10:03:00+02:00;1626;24;104;100;congested;5
2025-07-02T10:03:00+02:00;1627;30;6;100;heavy;4
2025-07-02T10:03:00+02:00;1628;24;5;60;heavy;1
2025-07-02T10:03:00+02:00;1629;44;3;100;freeFlow;5
2025-07-02T10:03:00+02:00;1630;30;4;100;heavy;4
2025-07-02T10:03:00+02:00;1631;21;5;57;heavy;1
2025-07-02T10:03:00+02:00;1632;52;36;100;heavy;3
2025-07-02T10:03:00+02:00;1633;69;12;75;freeFlow;2
2025-07-02T10:03:00+02:00;1639;28;11;100;heavy;3
2025-07-02T10:03:00+02:00;16647_D;54;85;75;heavy;2
2025-07-02T10:03:00+02:00;16647_G;68;67;75;freeFlow;2
2025-07-02T10:03:00+02:00;16648_D;51;15;75;heavy;2
2025-07-02T10:03:00+02:00;16648_G;59;12;100;freeFlow;3
2025-07-02T10:03:00+02:00;16695_D;68;42;100;freeFlow;3
2025-07-02T10:03:00+02:00;16695_G;47;60;100;heavy;3
2025-07-02T10:03:00+02:00;16701;34;3;60;heavy;1
2025-07-02T10:03:00+02:00;16702;31;3;48;heavy;1
2025-07-02T10:03:00+02:00;16707_D;50;1;0;unknown;0
2025-07-02T10:03:00+02:00;16707_G;50;1;0;unknown;0
2025-07-02T10:03:00+02:00;16744;51;3;97;heavy;4
2025-07-02T10:03:00+02:00;16745;34;3;100;heavy;4
2025-07-02T10:03:00+02:00;16746;28;4;100;heavy;3
2025-07-02T10:03:00+02:00;16747;29;6;100;heavy;3
2025-07-02T10:03:00+02:00;16748;39;3;75;heavy;2
2025-07-02T10:03:00+02:00;16749;39;4;95;heavy;3
2025-07-02T10:03:00+02:00;16752_D;31;13;48;heavy;1
2025-07-02T10:03:00+02:00;16752_G;31;13;60;heavy;1
2025-07-02T10:03:00+02:00;1675_D;34;8;75;freeFlow;2
2025-07-02T10:03:00+02:00;1675_G;22;12;60;freeFlow;1
2025-07-02T10:03:00+02:00;1676;43;11;100;heavy;4
2025-07-02T10:03:00+02:00;16761;32;3;73;heavy;2
2025-07-02T10:03:00+02:00;16762;34;3;75;heavy;2
2025-07-02T10:03:00+02:00;1677;31;17;100;heavy;5
2025-07-02T10:03:00+02:00;1677109;15;107;100;congested;5
2025-07-02T10:03:00+02:00;1677110;31;2;60;heavy;1
2025-07-02T10:03:00+02:00;1677175_D;6;251;75;congested;2
2025-07-02T10:03:00+02:00;1677175_G;10;148;75;heavy;2
2025-07-02T10:03:00+02:00;1677180_D;35;1;75;freeFlow;2
2025-07-02T10:03:00+02:00;1677180_G;29;2;75;freeFlow;2
2025-07-02T10:03:00+02:00;1677184_D;15;47;100;heavy;4
2025-07-02T10:03:00+02:00;1677184_G;29;24;75;freeFlow;2
2025-07-02T10:03:00+02:00;1677551_D;30;2;0;unknown;0
2025-07-02T10:03:00+02:00;1677551_G;50;1;52;freeFlow;1
2025-07-02T10:03:00+02:00;1677568_D;50;29;0;unknown;0
2025-07-02T10:03:00+02:00;1677568_G;50;30;0;unknown;0
2025-07-02T10:03:00+02:00;1677569;33;3;75;heavy;2
2025-07-02T10:03:00+02:00;1677687;50;1;0;unknown;0
2025-07-02T10:03:00+02:00;1677691;50;1;0;unknown;0
2025-07-02T10:03:00+02:00;1677693;50;2;0;unknown;0
2025-07-02T10:03:00+02:00;1677695_D;50;14;0;unknown;0
2025-07-02T10:03:00+02:00;1677695_G;50;13;0;unknown;0
2025-07-02T10:03:00+02:00;1677709_D;50;3;0;unknown;0
2025-07-02T10:03:00+02:00;1677709_G;50;4;0;unknown;0
2025-07-02T10:03:00+02:00;1677716_D;50;3;0;unknown;0
2025-07-02T10:03:00+02:00;1677716_G;50;3;0;unknown;0
2025-07-02T10:03:00+02:00;1677730_D;40;27;75;freeFlow;2
2025-07-02T10:03:00+02:00;1677730_G;44;25;52;freeFlow;1
2025-07-02T10:03:00+02:00;1677735_D;50;1;0;unknown;0
2025-07-02T10:03:00+02:00;1677735_G;50;1;0;unknown;0
2025-07-02T10:03:00+02:00;1677745_D;50;2;0;unknown;0
2025-07-02T10:03:00+02:00;1677745_G;50;1;0;unknown;0
2025-07-02T10:03:00+02:00;1677785_D;30;9;0;unknown;0
2025-07-02T10:03:00+02:00;1677785_G;30;9;0;unknown;0
2025-07-02T10:03:00+02:00;1677801_D;50;6;0;unknown;0
2025-07-02T10:03:00+02:00;1677801_G;50;6;0;unknown;0
2025-07-02T10:03:00+02:00;1677808_D;50;13;0;unknown;0
2025-07-02T10:03:00+02:00;1677808_G;50;13;0;unknown;0
2025-07-02T10:03:00+02:00;16783;32;3;62;heavy;2
2025-07-02T10:03:00+02:00;16784;42;2;60;freeFlow;1
2025-07-02T10:03:00+02:00;16785;28;3;45;heavy;1
2025-07-02T10:03:00+02:00;1678542;102;21;75;freeFlow;2
2025-07-02T10:03:00+02:00;1678698_D;32;25;57;heavy;1
2025-07-02T10:03:00+02:00;1678698_G;55;14;30;freeFlow;1
2025-07-02T10:03:00+02:00;1678750;50;2;0;unknown;0
2025-07-02T10:03:00+02:00;1678763_D;54;3;40;freeFlow;1
2025-07-02T10:03:00+02:00;1678763_G;50;4;0;unknown;0
2025-07-02T10:03:00+02:00;1679092_D;51;4;42;freeFlow;1
2025-07-02T10:03:00+02:00;1679092_G;38;6;52;freeFlow;1
2025-07-02T10:03:00+02:00;1679681;61;13;58;heavy;1
2025-07-02T10:03:00+02:00;1679779;17;19;60;heavy;1
2025-07-02T10:03:00+02:00;1679795_D;51;1;42;freeFlow;1
2025-07-02T10:03:00+02:00;1679822;23;3;60;heavy;1
2025-07-02T10:03:00+02:00;1679825;13;5;100;congested;5
2025-07-02T10:03:00+02:00;1679841;20;50;75;heavy;2
2025-07-02T10:03:00+02:00;1679843;18;2;100;heavy;4
2025-07-02T10:03:00+02:00;1679845;24;2;60;heavy;1
2025-07-02T10:03:00+02:00;1679847;21;3;100;heavy;5
2025-07-02T10:03:00+02:00;1679859_D;24;20;60;freeFlow;1
2025-07-02T10:03:00+02:00;1679859_G;38;13;60;freeFlow;1
2025-07-02T10:03:00+02:00;1680014;96;5;100;freeFlow;9
2025-07-02T10:03:00+02:00;1680016;84;14;100;freeFlow;8
2025-07-02T10:03:00+02:00;1680022;84;6;100;freeFlow;8
2025-07-02T10:03:00+02:00;1680024;95;8;100;freeFlow;10
2025-07-02T10:03:00+02:00;1680116;64;2;100;freeFlow;3
2025-07-02T10:03:00+02:00;1680119;64;3;100;freeFlow;3
2025-07-02T10:03:00+02:00;1680121;21;7;60;congested;1
2025-07-02T10:03:00+02:00;1680122_D;52;36;100;heavy;3
2025-07-02T10:03:00+02:00;1680122_G;56;33;57;heavy;2
2025-07-02T10:03:00+02:00;1680123;64;2;60;freeFlow;1
2025-07-02T10:03:00+02:00;1680337;12;19;48;congested;1
2025-07-02T10:03:00+02:00;1680401_D;69;18;60;freeFlow;1
2025-07-02T10:03:00+02:00;1680401_G;45;27;35;heavy;1
2025-07-02T10:03:00+02:00;1680514_D;29;15;50;heavy;1
2025-07-02T10:03:00+02:00;1680514_G;50;9;0;unknown;0
2025-07-02T10:03:00+02:00;1680539;17;4;75;congested;2
2025-07-02T10:03:00+02:00;1680541_D;27;15;17;freeFlow;1
2025-07-02T10:03:00+02:00;1680541_G;25;16;12;freeFlow;1
2025-07-02T10:03:00+02:00;1680549_D;34;19;52;heavy;1
2025-07-02T10:03:00+02:00;1680549_G;29;21;60;heavy;1
2025-07-02T10:03:00+02:00;1680551_D;25;1;12;freeFlow;1
2025-07-02T10:03:00+02:00;1680551_G;24;2;17;freeFlow;1
2025-07-02T10:03:00+02:00;1680557_D;50;0;0;unknown;0
2025-07-02T10:03:00+02:00;1680557_G;27;1;60;heavy;1
2025-07-02T10:03:00+02:00;1680561_D;25;1;50;heavy;1
2025-07-02T10:03:00+02:00;1680561_G;50;1;0;unknown;0
2025-07-02T10:03:00+02:00;1680567;24;3;17;heavy;1
2025-07-02T10:03:00+02:00;1680569;27;5;60;heavy;1
2025-07-02T10:03:00+02:00;1680573;27;3;60;heavy;1
2025-07-02T10:03:00+02:00;1680574;27;4;70;heavy;2
2025-07-02T10:03:00+02:00;1680575;26;12;68;heavy;2
2025-07-02T10:03:00+02:00;1680576;27;4;50;heavy;1
2025-07-02T10:03:00+02:00;16821_D;69;96;100;freeFlow;4
2025-07-02T10:03:00+02:00;16821_G;61;108;100;freeFlow;3
2025-07-02T10:03:00+02:00;16830_D;49;17;45;freeFlow;1
2025-07-02T10:03:00+02:00;16830_G;127;6;20;freeFlow;1
2025-07-02T10:03:00+02:00;16831_D;48;2;45;freeFlow;1
2025-07-02T10:03:00+02:00;16831_G;127;1;20;freeFlow;1
2025-07-02T10:03:00+02:00;16832;48;3;45;freeFlow;1
2025-07-02T10:03:00+02:00;16834;127;6;20;freeFlow;1
2025-07-02T10:03:00+02:00;16850_D;45;1;40;freeFlow;1
2025-07-02T10:03:00+02:00;16850_G;50;1;0;unknown;0
2025-07-02T10:03:00+02:00;16851_D;52;3;40;freeFlow;1
2025-07-02T10:03:00+02:00;16851_G;50;2;0;unknown;0
2025-07-02T10:03:00+02:00;16852_D;56;4;40;freeFlow;1
2025-07-02T10:03:00+02:00;16852_G;50;5;0;unknown;0
2025-07-02T10:03:00+02:00;16853_D;51;7;40;freeFlow;1
2025-07-02T10:03:00+02:00;16853_G;50;7;0;unknown;0
2025-07-02T10:03:00+02:00;16854_D;44;5;40;freeFlow;1
2025-07-02T10:03:00+02:00;16854_G;50;4;0;unknown;0
2025-07-02T10:03:00+02:00;16855_D;36;6;40;freeFlow;1
2025-07-02T10:03:00+02:00;16855_G;50;4;0;unknown;0
2025-07-02T10:03:00+02:00;16856_D;12;29;40;congested;1
2025-07-02T10:03:00+02:00;16856_G;50;7;0;unknown;0
2025-07-02T10:03:00+02:00;16858_D;31;47;42;heavy;1
2025-07-02T10:03:00+02:00;16858_G;127;12;20;freeFlow;1
2025-07-02T10:03:00+02:00;16859_D;29;5;42;heavy;1
2025-07-02T10:03:00+02:00;16859_G;127;1;20;freeFlow;1
2025-07-02T10:03:00+02:00;16860_D;44;8;42;freeFlow;1
2025-07-02T10:03:00+02:00;16860_G;127;3;20;freeFlow;1
2025-07-02T10:03:00+02:00;1690_D;30;9;50;heavy;2
2025-07-02T10:03:00+02:00;1690_G;107;3;40;freeFlow;1
2025-07-02T10:03:00+02:00;16910_D;46;6;38;freeFlow;1
2025-07-02T10:03:00+02:00;16910_G;50;6;0;unknown;0
2025-07-02T10:03:00+02:00;16967;41;14;100;heavy;5
2025-07-02T10:03:00+02:00;16969;14;3;100;congested;4
2025-07-02T10:03:00+02:00;16986;49;13;100;heavy;5
2025-07-02T10:03:00+02:00;16988;49;15;100;freeFlow;5
2025-07-02T10:03:00+02:00;16989;53;9;100;freeFlow;5
2025-07-02T10:03:00+02:00;16990;67;7;100;freeFlow;3
2025-07-02T10:03:00+02:00;16992;45;30;100;heavy;4
2025-07-02T10:03:00+02:00;16994;37;30;100;heavy;5
2025-07-02T10:03:00+02:00;17;41;5;100;heavy;7
2025-07-02T10:03:00+02:00;1721;19;6;75;heavy;2
2025-07-02T10:03:00+02:00;1722;57;2;55;freeFlow;2
2025-07-02T10:03:00+02:00;1723;38;4;60;freeFlow;1
2025-07-02T10:03:00+02:00;1724_D;51;10;60;heavy;1
2025-07-02T10:03:00+02:00;1724_G;44;12;60;heavy;1
2025-07-02T10:03:00+02:00;1732_D;22;4;60;heavy;1
2025-07-02T10:03:00+02:00;1732_G;22;4;60;heavy;1
2025-07-02T10:03:00+02:00;1733_D;28;2;75;heavy;2
2025-07-02T10:03:00+02:00;1733_G;25;2;60;heavy;1
2025-07-02T10:03:00+02:00;1734_D;32;11;60;heavy;1
2025-07-02T10:03:00+02:00;1734_G;33;11;60;heavy;1
2025-07-02T10:03:00+02:00;18337;42;2;68;freeFlow;2
2025-07-02T10:03:00+02:00;18391_D;70;3;100;freeFlow;5
2025-07-02T10:03:00+02:00;18391_G;76;3;35;freeFlow;1
2025-07-02T10:03:00+02:00;1853;86;28;100;freeFlow;8
2025-07-02T10:03:00+02:00;1855;90;5;100;freeFlow;14
2025-07-02T10:03:00+02:00;1856;86;10;100;freeFlow;14
2025-07-02T10:03:00+02:00;19040;27;3;100;heavy;4
2025-07-02T10:03:00+02:00;1910886;26;9;55;heavy;1
2025-07-02T10:03:00+02:00;1911185_D;46;25;38;heavy;1
2025-07-02T10:03:00+02:00;1911185_G;70;16;0;unknown;0
2025-07-02T10:03:00+02:00;1911398_D;30;2;0;unknown;0
2025-07-02T10:03:00+02:00;1911398_G;43;1;17;freeFlow;1
2025-07-02T10:03:00+02:00;1911404_D;31;3;17;freeFlow;1
2025-07-02T10:03:00+02:00;1911404_G;30;3;0;unknown;0
2025-07-02T10:03:00+02:00;1911418;41;6;100;freeFlow;3
2025-07-02T10:03:00+02:00;1911420;20;4;100;heavy;7
2025-07-02T10:03:00+02:00;1911448_D;70;27;0;unknown;0
2025-07-02T10:03:00+02:00;1911448_G;50;38;42;freeFlow;1
2025-07-02T10:03:00+02:00;1911623_D;43;4;17;freeFlow;1
2025-07-02T10:03:00+02:00;1911623_G;30;6;0;unknown;0
2025-07-02T10:03:00+02:00;19628;47;6;52;heavy;1
2025-07-02T10:03:00+02:00;19629;90;1;0;unknown;0
2025-07-02T10:03:00+02:00;19630;33;6;75;heavy;2
2025-07-02T10:03:00+02:00;19631;43;2;15;heavy;1
2025-07-02T10:03:00+02:00;19632;47;2;52;heavy;1
2025-07-02T10:03:00+02:00;19633;24;7;100;heavy;4
2025-07-02T10:03:00+02:00;19634;26;3;100;heavy;3
2025-07-02T10:03:00+02:00;19635;30;5;100;heavy;3
2025-07-02T10:03:00+02:00;19636;38;4;100;heavy;3
2025-07-02T10:03:00+02:00;19637;42;2;57;heavy;1
2025-07-02T10:03:00+02:00;19638;25;5;100;heavy;7
2025-07-02T10:03:00+02:00;19639;22;7;100;heavy;4
2025-07-02T10:03:00+02:00;19640;24;6;100;heavy;4
2025-07-02T10:03:00+02:00;19642;33;4;100;heavy;4
2025-07-02T10:03:00+02:00;19643;46;1;100;heavy;4
2025-07-02T10:03:00+02:00;19644;21;4;100;congested;4
2025-07-02T10:03:00+02:00;19683;109;18;100;freeFlow;3
2025-07-02T10:03:00+02:00;19684;94;50;100;freeFlow;5
2025-07-02T10:03:00+02:00;19685;91;57;100;freeFlow;8
2025-07-02T10:03:00+02:00;19686;84;20;100;freeFlow;8
2025-07-02T10:03:00+02:00;198;77;59;57;freeFlow;1
2025-07-02T10:03:00+02:00;19825_D;41;79;100;heavy;4
2025-07-02T10:03:00+02:00;19825_G;58;56;68;freeFlow;2
2025-07-02T10:03:00+02:00;19828;32;4;100;heavy;3
2025-07-02T10:03:00+02:00;19830;41;3;75;freeFlow;2
2025-07-02T10:03:00+02:00;19832;41;3;100;freeFlow;4
2025-07-02T10:03:00+02:00;19833;32;3;100;heavy;4
2025-07-02T10:03:00+02:00;19841_D;76;19;100;freeFlow;3
2025-07-02T10:03:00+02:00;19841_G;82;18;75;freeFlow;2
2025-07-02T10:03:00+02:00;19842_D;39;10;75;heavy;2
2025-07-02T10:03:00+02:00;19842_G;72;5;75;freeFlow;2
2025-07-02T10:03:00+02:00;20525;46;4;100;heavy;4
2025-07-02T10:03:00+02:00;20526;44;3;100;heavy;4
2025-07-02T10:03:00+02:00;20527;32;5;55;heavy;2
2025-07-02T10:03:00+02:00;20528;40;3;69;heavy;2
2025-07-02T10:03:00+02:00;20590_D;75;108;100;freeFlow;4
2025-07-02T10:03:00+02:00;20590_G;69;118;53;freeFlow;2
2025-07-02T10:03:00+02:00;20760_D;64;24;100;freeFlow;3
2025-07-02T10:03:00+02:00;20760_G;57;26;60;freeFlow;1
2025-07-02T10:03:00+02:00;2216_D;37;82;15;heavy;1
2025-07-02T10:03:00+02:00;2216_G;67;45;60;freeFlow;1
2025-07-02T10:03:00+02:00;2218_D;54;40;15;heavy;1
2025-07-02T10:03:00+02:00;2218_G;62;35;60;freeFlow;1
2025-07-02T10:03:00+02:00;23984_D;37;2;45;heavy;1
2025-07-02T10:03:00+02:00;23984_G;33;2;100;heavy;3
2025-07-02T10:03:00+02:00;24143_D;38;10;57;heavy;1
2025-07-02T10:03:00+02:00;24143_G;40;10;100;heavy;3
2025-07-02T10:03:00+02:00;24147_D;58;66;44;freeFlow;1
2025-07-02T10:03:00+02:00;24147_G;63;61;100;freeFlow;4
2025-07-02T10:03:00+02:00;24148;36;4;45;freeFlow;1
2025-07-02T10:03:00+02:00;24149;41;3;100;freeFlow;3
2025-07-02T10:03:00+02:00;24150;39;4;50;freeFlow;2
2025-07-02T10:03:00+02:00;24151;33;4;100;heavy;3
2025-07-02T10:03:00+02:00;24153_D;49;19;50;heavy;2
2025-07-02T10:03:00+02:00;24153_G;59;16;100;freeFlow;3
2025-07-02T10:03:00+02:00;24176;78;20;100;freeFlow;10
2025-07-02T10:03:00+02:00;24178;91;12;100;freeFlow;9
2025-07-02T10:03:00+02:00;24179;78;25;100;freeFlow;11
2025-07-02T10:03:00+02:00;24181_D;50;3;100;freeFlow;4
2025-07-02T10:03:00+02:00;24181_G;42;4;42;freeFlow;1
2025-07-02T10:03:00+02:00;24182;81;14;100;freeFlow;9
2025-07-02T10:03:00+02:00;24184_D;39;15;100;freeFlow;4
2025-07-02T10:03:00+02:00;24184_G;40;15;87;freeFlow;7
2025-07-02T10:03:00+02:00;24259;28;5;100;heavy;5
2025-07-02T10:03:00+02:00;24260;35;5;55;freeFlow;1
2025-07-02T10:03:00+02:00;24261;23;5;75;heavy;2
2025-07-02T10:03:00+02:00;24262;32;6;99;heavy;6
2025-07-02T10:03:00+02:00;24264_D;27;2;100;heavy;3
2025-07-02T10:03:00+02:00;24264_G;36;1;55;heavy;1
2025-07-02T10:03:00+02:00;24265_D;35;2;100;freeFlow;5
2025-07-02T10:03:00+02:00;24265_G;30;2;57;heavy;2
2025-07-02T10:03:00+02:00;24274_D;44;11;57;freeFlow;2
2025-07-02T10:03:00+02:00;24274_G;46;11;100;freeFlow;5
2025-07-02T10:03:00+02:00;25687_D;30;7;42;freeFlow;1
2025-07-02T10:03:00+02:00;25687_G;31;7;60;freeFlow;1
2025-07-02T10:03:00+02:00;25929_D;36;23;48;heavy;1
2025-07-02T10:03:00+02:00;25929_G;32;26;60;heavy;1
2025-07-02T10:03:00+02:00;25930;47;3;100;heavy;3
2025-07-02T10:03:00+02:00;25931;40;5;98;heavy;4
2025-07-02T10:03:00+02:00;25932;36;4;100;heavy;3
2025-07-02T10:03:00+02:00;25933;26;5;97;heavy;3
2025-07-02T10:03:00+02:00;25934_D;50;5;20;heavy;1
2025-07-02T10:03:00+02:00;25934_G;80;3;0;unknown;0
2025-07-02T10:03:00+02:00;25944_D;45;7;100;heavy;3
2025-07-02T10:03:00+02:00;25944_G;45;6;100;heavy;3
2025-07-02T10:03:00+02:00;25946_D;71;12;100;freeFlow;3
2025-07-02T10:03:00+02:00;25946_G;66;13;75;freeFlow;2
2025-07-02T10:03:00+02:00;25947_D;65;29;100;freeFlow;3
2025-07-02T10:03:00+02:00;25947_G;45;42;100;heavy;5
2025-07-02T10:03:00+02:00;25988_D;28;11;42;freeFlow;1
2025-07-02T10:03:00+02:00;25988_G;34;9;60;freeFlow;1
2025-07-02T10:03:00+02:00;25989;33;4;42;heavy;1
2025-07-02T10:03:00+02:00;25990;33;3;44;heavy;1
2025-07-02T10:03:00+02:00;25991;38;2;60;freeFlow;1
2025-07-02T10:03:00+02:00;25992;38;3;58;freeFlow;1
2025-07-02T10:03:00+02:00;25993_D;33;3;42;freeFlow;1
2025-07-02T10:03:00+02:00;25993_G;38;3;60;freeFlow;1
2025-07-02T10:03:00+02:00;25994_D;36;6;42;freeFlow;1
2025-07-02T10:03:00+02:00;25994_G;38;6;60;freeFlow;1
2025-07-02T10:03:00+02:00;25995_D;36;2;42;freeFlow;1
2025-07-02T10:03:00+02:00;25995_G;38;1;60;freeFlow;1
2025-07-02T10:03:00+02:00;25996_D;35;7;45;heavy;1
2025-07-02T10:03:00+02:00;25996_G;41;5;60;freeFlow;1
2025-07-02T10:03:00+02:00;25997_D;29;1;45;heavy;1
2025-07-02T10:03:00+02:00;25997_G;54;1;60;freeFlow;1
2025-07-02T10:03:00+02:00;25998_D;25;21;45;heavy;1
2025-07-02T10:03:00+02:00;25998_G;54;10;60;freeFlow;1
2025-07-02T10:03:00+02:00;25999_D;23;17;45;heavy;1
2025-07-02T10:03:00+02:00;25999_G;50;8;60;freeFlow;1
2025-07-02T10:03:00+02:00;26000_D;31;13;45;heavy;1
2025-07-02T10:03:00+02:00;26000_G;52;8;60;heavy;1
2025-07-02T10:03:00+02:00;26001_D;44;1;45;heavy;1
2025-07-02T10:03:00+02:00;26001_G;52;1;60;heavy;1
2025-07-02T10:03:00+02:00;26002_D;37;12;48;heavy;1
2025-07-02T10:03:00+02:00;26002_G;48;9;60;heavy;1
2025-07-02T10:03:00+02:00;26023;79;3;100;freeFlow;6
2025-07-02T10:03:00+02:00;26024;87;53;100;freeFlow;6
2025-07-02T10:03:00+02:00;26025;90;72;68;freeFlow;2
2025-07-02T10:03:00+02:00;26041;8;41;100;congested;4
2025-07-02T10:03:00+02:00;26043;43;10;100;freeFlow;7
2025-07-02T10:03:00+02:00;26044;26;17;75;heavy;2
2025-07-02T10:03:00+02:00;26046;23;41;100;heavy;7
2025-07-02T10:03:00+02:00;26047;27;3;100;heavy;3
2025-07-02T10:03:00+02:00;26048;53;40;100;freeFlow;3
2025-07-02T10:03:00+02:00;26049;57;26;100;freeFlow;6
2025-07-02T10:03:00+02:00;26050;24;14;100;heavy;5
2025-07-02T10:03:00+02:00;26101_D;16;29;60;heavy;1
2025-07-02T10:03:00+02:00;26101_G;40;12;38;freeFlow;1
2025-07-02T10:03:00+02:00;26371_D;6;41;60;congested;1
2025-07-02T10:03:00+02:00;26371_G;2;122;55;congested;2
2025-07-02T10:03:00+02:00;26389_D;73;11;60;freeFlow;1
2025-07-02T10:03:00+02:00;26389_G;51;15;35;freeFlow;1
2025-07-02T10:03:00+02:00;26392_D;13;34;60;heavy;1
2025-07-02T10:03:00+02:00;26392_G;36;11;38;freeFlow;1
2025-07-02T10:03:00+02:00;26393;28;2;40;heavy;1
2025-07-02T10:03:00+02:00;26394;28;2;40;heavy;1
2025-07-02T10:03:00+02:00;26395;19;4;60;heavy;1
2025-07-02T10:03:00+02:00;26396;16;3;60;heavy;1
2025-07-02T10:03:00+02:00;26397_D;16;11;60;heavy;1
2025-07-02T10:03:00+02:00;26397_G;31;6;40;heavy;1
2025-07-02T10:03:00+02:00;26402_D;29;9;42;freeFlow;1
2025-07-02T10:03:00+02:00;26402_G;14;18;60;heavy;1
2025-07-02T10:03:00+02:00;26403_D;28;4;60;freeFlow;1
2025-07-02T10:03:00+02:00;26403_G;13;10;40;heavy;1
2025-07-02T10:03:00+02:00;26404_D;33;3;60;freeFlow;1
2025-07-02T10:03:00+02:00;26404_G;22;4;40;freeFlow;1
2025-07-02T10:03:00+02:00;26405_D;30;2;42;freeFlow;1
2025-07-02T10:03:00+02:00;26405_G;27;2;60;freeFlow;1
2025-07-02T10:03:00+02:00;26409_D;74;11;60;freeFlow;1
2025-07-02T10:03:00+02:00;26409_G;52;15;32;freeFlow;1
2025-07-02T10:03:00+02:00;26420_D;50;5;30;freeFlow;1
2025-07-02T10:03:00+02:00;26420_G;49;6;32;freeFlow;2
2025-07-02T10:03:00+02:00;26422_D;51;15;32;freeFlow;1
2025-07-02T10:03:00+02:00;26422_G;51;15;32;freeFlow;2
2025-07-02T10:03:00+02:00;26423_D;51;9;32;freeFlow;1
2025-07-02T10:03:00+02:00;26423_G;54;9;32;freeFlow;2
2025-07-02T10:03:00+02:00;26495_D;41;8;60;freeFlow;1
2025-07-02T10:03:00+02:00;26495_G;33;10;35;heavy;1
2025-07-02T10:03:00+02:00;26497_D;51;9;60;freeFlow;1
2025-07-02T10:03:00+02:00;26497_G;39;12;38;freeFlow;1
2025-07-02T10:03:00+02:00;26501;95;24;100;freeFlow;6
2025-07-02T10:03:00+02:00;26573;95;15;100;freeFlow;6
2025-07-02T10:03:00+02:00;26603_D;30;2;42;freeFlow;1
2025-07-02T10:03:00+02:00;26603_G;27;2;60;freeFlow;1
2025-07-02T10:03:00+02:00;26611_D;33;4;60;freeFlow;1
2025-07-02T10:03:00+02:00;26611_G;30;4;40;freeFlow;1
2025-07-02T10:03:00+02:00;26619;34;2;100;heavy;3
2025-07-02T10:03:00+02:00;26654;21;24;75;heavy;2
2025-07-02T10:03:00+02:00;26656;54;9;100;freeFlow;5
2025-07-02T10:03:00+02:00;26897_D;3;130;60;congested;1
2025-07-02T10:03:00+02:00;26897_G;12;36;38;heavy;1
2025-07-02T10:03:00+02:00;27837_D;26;10;12;heavy;1
2025-07-02T10:03:00+02:00;27837_G;56;5;60;freeFlow;1
2025-07-02T10:03:00+02:00;28032;58;3;53;freeFlow;2
2025-07-02T10:03:00+02:00;28033;98;2;57;freeFlow;2
2025-07-02T10:03:00+02:00;282910_D;29;6;52;heavy;1
2025-07-02T10:03:00+02:00;282910_G;107;1;20;freeFlow;1
2025-07-02T10:03:00+02:00;28642_D;96;5;42;freeFlow;1
2025-07-02T10:03:00+02:00;28642_G;56;8;60;freeFlow;1
2025-07-02T10:03:00+02:00;28645_D;96;1;42;freeFlow;1
2025-07-02T10:03:00+02:00;28645_G;69;2;60;freeFlow;1
2025-07-02T10:03:00+02:00;28646_D;96;32;42;freeFlow;1
2025-07-02T10:03:00+02:00;28646_G;69;45;40;freeFlow;2
2025-07-02T10:03:00+02:00;28648_D;96;14;42;freeFlow;1
2025-07-02T10:03:00+02:00;28648_G;69;19;30;freeFlow;1
2025-07-02T10:03:00+02:00;28649_D;96;9;42;freeFlow;1
2025-07-02T10:03:00+02:00;28649_G;71;13;30;freeFlow;1
2025-07-02T10:03:00+02:00;28650_D;96;10;42;freeFlow;1
2025-07-02T10:03:00+02:00;28650_G;72;14;32;freeFlow;1
2025-07-02T10:03:00+02:00;28660_D;73;9;45;freeFlow;1
2025-07-02T10:03:00+02:00;28660_G;70;9;60;freeFlow;1
2025-07-02T10:03:00+02:00;28665_D;82;16;45;freeFlow;1
2025-07-02T10:03:00+02:00;28665_G;71;19;60;freeFlow;1
2025-07-02T10:03:00+02:00;28666_D;96;7;42;freeFlow;1
2025-07-02T10:03:00+02:00;28666_G;63;11;60;freeFlow;1
2025-07-02T10:03:00+02:00;28669_D;70;5;0;unknown;0
2025-07-02T10:03:00+02:00;28669_G;63;6;12;freeFlow;1
2025-07-02T10:03:00+02:00;28675_D;70;6;0;unknown;0
2025-07-02T10:03:00+02:00;28675_G;56;7;12;freeFlow;1
2025-07-02T10:03:00+02:00;28676_D;70;3;0;unknown;0
2025-07-02T10:03:00+02:00;28676_G;58;4;12;freeFlow;1
2025-07-02T10:03:00+02:00;28677_D;70;16;0;unknown;0
2025-07-02T10:03:00+02:00;28677_G;71;16;12;freeFlow;1
2025-07-02T10:03:00+02:00;28693_D;73;13;45;freeFlow;1
2025-07-02T10:03:00+02:00;28693_G;70;13;75;freeFlow;2
2025-07-02T10:03:00+02:00;28854;46;3;75;freeFlow;2
2025-07-02T10:03:00+02:00;28855;47;3;60;freeFlow;1
2025-07-02T10:03:00+02:00;28865_D;55;36;96;heavy;3
2025-07-02T10:03:00+02:00;28865_G;44;45;22;heavy;1
2025-07-02T10:03:00+02:00;28866_D;59;12;75;freeFlow;2
2025-07-02T10:03:00+02:00;28866_G;13;55;22;congested;1
2025-07-02T10:03:00+02:00;28867;47;2;60;freeFlow;1
2025-07-02T10:03:00+02:00;28868;47;2;60;freeFlow;1
2025-07-02T10:03:00+02:00;29;59;24;100;heavy;5
2025-07-02T10:03:00+02:00;30;81;7;100;freeFlow;5
2025-07-02T10:03:00+02:00;30020_D;63;34;55;freeFlow;2
2025-07-02T10:03:00+02:00;30020_G;47;45;75;heavy;2
2025-07-02T10:03:00+02:00;30022;84;3;100;freeFlow;15
2025-07-02T10:03:00+02:00;30023;93;55;100;freeFlow;8
2025-07-02T10:03:00+02:00;30118;37;3;100;freeFlow;4
2025-07-02T10:03:00+02:00;30351_D;34;1;75;heavy;2
2025-07-02T10:03:00+02:00;30351_G;42;1;57;freeFlow;1
2025-07-02T10:03:00+02:00;30355_D;31;17;75;heavy;2
2025-07-02T10:03:00+02:00;30355_G;22;23;55;heavy;1
2025-07-02T10:03:00+02:00;30359_D;36;17;75;heavy;2
2025-07-02T10:03:00+02:00;30359_G;35;18;55;heavy;1
2025-07-02T10:03:00+02:00;30405;34;2;75;heavy;2
2025-07-02T10:03:00+02:00;30406;23;10;60;heavy;1
2025-07-02T10:03:00+02:00;30407;16;7;100;heavy;3
2025-07-02T10:03:00+02:00;30408;34;2;75;heavy;2
2025-07-02T10:03:00+02:00;30409;33;4;75;heavy;2
2025-07-02T10:03:00+02:00;30410_D;32;1;60;heavy;1
2025-07-02T10:03:00+02:00;30410_G;28;2;75;heavy;2
2025-07-02T10:03:00+02:00;30411_D;33;9;60;heavy;1
2025-07-02T10:03:00+02:00;30411_G;26;11;75;heavy;2
2025-07-02T10:03:00+02:00;30414_D;40;9;60;freeFlow;1
2025-07-02T10:03:00+02:00;30414_G;24;16;75;heavy;2
2025-07-02T10:03:00+02:00;30416_D;40;13;60;freeFlow;1
2025-07-02T10:03:00+02:00;30416_G;26;20;60;heavy;1
2025-07-02T10:03:00+02:00;30499_D;43;6;60;freeFlow;1
2025-07-02T10:03:00+02:00;30499_G;20;15;0;unknown;0
2025-07-02T10:03:00+02:00;30501_D;35;7;60;freeFlow;1
2025-07-02T10:03:00+02:00;30501_G;5;51;10;congested;1
2025-07-02T10:03:00+02:00;30502_D;34;2;60;freeFlow;1
2025-07-02T10:03:00+02:00;30502_G;30;2;10;freeFlow;1
2025-07-02T10:03:00+02:00;30504_D;11;2;60;heavy;1
2025-07-02T10:03:00+02:00;30504_G;14;2;60;heavy;1
2025-07-02T10:03:00+02:00;30508;20;6;15;heavy;1
2025-07-02T10:03:00+02:00;30521_D;33;12;73;heavy;2
2025-07-02T10:03:00+02:00;30521_G;42;10;12;freeFlow;1
2025-07-02T10:03:00+02:00;30522_D;39;3;60;freeFlow;1
2025-07-02T10:03:00+02:00;30522_G;50;2;0;unknown;0
2025-07-02T10:03:00+02:00;30606_D;45;12;0;unknown;0
2025-07-02T10:03:00+02:00;30606_G;23;24;100;heavy;3
2025-07-02T10:03:00+02:00;30608_D;50;3;0;unknown;0
2025-07-02T10:03:00+02:00;30608_G;29;5;100;heavy;3
2025-07-02T10:03:00+02:00;30611_D;48;8;0;unknown;0
2025-07-02T10:03:00+02:00;30611_G;34;12;60;heavy;1
2025-07-02T10:03:00+02:00;31;85;5;100;freeFlow;6
2025-07-02T10:03:00+02:00;31286;29;5;100;heavy;5
2025-07-02T10:03:00+02:00;31287;22;3;60;heavy;1
2025-07-02T10:03:00+02:00;31288;26;7;60;heavy;1
2025-07-02T10:03:00+02:00;31289;24;4;100;heavy;6
2025-07-02T10:03:00+02:00;31300_D;25;1;52;heavy;1
2025-07-02T10:03:00+02:00;31300_G;35;1;100;heavy;3
2025-07-02T10:03:00+02:00;31302_D;47;1;75;freeFlow;2
2025-07-02T10:03:00+02:00;31302_G;30;1;52;heavy;1
2025-07-02T10:03:00+02:00;31304_D;45;25;75;freeFlow;2
2025-07-02T10:03:00+02:00;31305_D;29;26;55;heavy;1
2025-07-02T10:03:00+02:00;31305_G;24;31;100;heavy;4
2025-07-02T10:03:00+02:00;31361_D;58;1;38;freeFlow;1
2025-07-02T10:03:00+02:00;31361_G;26;1;75;heavy;2
2025-07-02T10:03:00+02:00;31444_D;65;38;60;freeFlow;1
2025-07-02T10:03:00+02:00;31444_G;56;44;100;freeFlow;4
2025-07-02T10:03:00+02:00;31448;25;4;100;heavy;4
2025-07-02T10:03:00+02:00;31449;32;5;100;heavy;4
2025-07-02T10:03:00+02:00;31450;46;3;60;heavy;1
2025-07-02T10:03:00+02:00;31451;31;4;100;heavy;3
2025-07-02T10:03:00+02:00;31453_D;42;38;60;heavy;1
2025-07-02T10:03:00+02:00;31453_G;58;28;75;freeFlow;2
2025-07-02T10:03:00+02:00;31511;109;14;75;freeFlow;2
2025-07-02T10:03:00+02:00;31512;79;31;100;freeFlow;4
2025-07-02T10:03:00+02:00;31513;92;24;100;freeFlow;7
2025-07-02T10:03:00+02:00;31515;31;4;100;heavy;7
2025-07-02T10:03:00+02:00;31517;31;4;100;heavy;3
2025-07-02T10:03:00+02:00;31520;42;2;100;freeFlow;3
2025-07-02T10:03:00+02:00;31522;38;5;100;freeFlow;3
2025-07-02T10:03:00+02:00;31523_D;37;5;100;freeFlow;3
2025-07-02T10:03:00+02:00;31523_G;32;6;100;heavy;3
2025-07-02T10:03:00+02:00;31530_D;48;8;60;heavy;1
2025-07-02T10:03:00+02:00;31530_G;21;18;100;congested;4
2025-07-02T10:03:00+02:00;31532_D;77;2;60;freeFlow;1
2025-07-02T10:03:00+02:00;31532_G;41;4;100;heavy;4
2025-07-02T10:03:00+02:00;31534;85;4;100;freeFlow;4
2025-07-02T10:03:00+02:00;31536;62;15;75;freeFlow;2
2025-07-02T10:03:00+02:00;31550;92;10;100;freeFlow;10
2025-07-02T10:03:00+02:00;31551;90;8;100;freeFlow;9
2025-07-02T10:03:00+02:00;31553;89;11;100;freeFlow;6
2025-07-02T10:03:00+02:00;31557;60;6;75;freeFlow;2
2025-07-02T10:03:00+02:00;31558_D;60;19;86;freeFlow;3
2025-07-02T10:03:00+02:00;31558_G;70;16;75;freeFlow;2
2025-07-02T10:03:00+02:00;31559;59;8;75;freeFlow;2
2025-07-02T10:03:00+02:00;31561;55;7;75;freeFlow;2
2025-07-02T10:03:00+02:00;31562;42;10;75;freeFlow;2
2025-07-02T10:03:00+02:00;31563;55;7;60;freeFlow;1
2025-07-02T10:03:00+02:00;31568;84;5;60;freeFlow;1
2025-07-02T10:03:00+02:00;31569;84;7;60;freeFlow;1
2025-07-02T10:03:00+02:00;31583_D;50;15;0;unknown;0
2025-07-02T10:03:00+02:00;31583_G;79;10;12;freeFlow;1
2025-07-02T10:03:00+02:00;31670_D;107;4;20;freeFlow;1
2025-07-02T10:03:00+02:00;31670_G;33;13;52;heavy;1
2025-07-02T10:03:00+02:00;31672_D;48;42;55;heavy;1
2025-07-02T10:03:00+02:00;31672_G;107;18;20;freeFlow;1
2025-07-02T10:03:00+02:00;31673;96;13;100;freeFlow;15
2025-07-02T10:03:00+02:00;31674;94;14;100;freeFlow;6
2025-07-02T10:03:00+02:00;31708_D;30;6;0;unknown;0
2025-07-02T10:03:00+02:00;31708_G;36;5;15;freeFlow;1
2025-07-02T10:03:00+02:00;31709_D;30;12;0;unknown;0
2025-07-02T10:03:00+02:00;31709_G;44;8;15;freeFlow;1
2025-07-02T10:03:00+02:00;31716_D;30;7;0;unknown;0
2025-07-02T10:03:00+02:00;31716_G;43;5;17;freeFlow;1
2025-07-02T10:03:00+02:00;31717_D;30;17;0;unknown;0
2025-07-02T10:03:00+02:00;31717_G;43;12;17;freeFlow;1
2025-07-02T10:03:00+02:00;31720_D;30;4;0;unknown;0
2025-07-02T10:03:00+02:00;31720_G;43;3;17;freeFlow;1
2025-07-02T10:03:00+02:00;31722_D;43;6;17;freeFlow;1
2025-07-02T10:03:00+02:00;31722_G;30;9;0;unknown;0
2025-07-02T10:03:00+02:00;31723;34;6;55;heavy;1
2025-07-02T10:03:00+02:00;31724;40;5;55;freeFlow;1
2025-07-02T10:03:00+02:00;31725;107;2;20;freeFlow;1
2025-07-02T10:03:00+02:00;31726;29;8;52;heavy;1
2025-07-02T10:03:00+02:00;31727_D;43;8;17;freeFlow;1
2025-07-02T10:03:00+02:00;31727_G;30;12;0;unknown;0
2025-07-02T10:03:00+02:00;31878;19;9;75;congested;2
2025-07-02T10:03:00+02:00;31879;38;4;42;heavy;1
2025-07-02T10:03:00+02:00;31880;97;3;100;freeFlow;13
2025-07-02T10:03:00+02:00;31881;108;3;38;freeFlow;1
2025-07-02T10:03:00+02:00;31882;40;4;62;heavy;2
2025-07-02T10:03:00+02:00;32;87;14;100;freeFlow;6
2025-07-02T10:03:00+02:00;32118;97;1;100;freeFlow;7
2025-07-02T10:03:00+02:00;32163_D;30;3;0;unknown;0
2025-07-02T10:03:00+02:00;32163_G;43;2;17;freeFlow;1
2025-07-02T10:03:00+02:00;32165_D;49;2;40;freeFlow;1
2025-07-02T10:03:00+02:00;32165_G;44;2;100;freeFlow;3
2025-07-02T10:03:00+02:00;32177_D;96;6;42;freeFlow;1
2025-07-02T10:03:00+02:00;32177_G;41;15;32;heavy;1
2025-07-02T10:03:00+02:00;32784_D;58;1;38;freeFlow;1
2025-07-02T10:03:00+02:00;32784_G;14;6;100;congested;4
2025-07-02T10:03:00+02:00;32785;14;5;100;congested;4
2025-07-02T10:03:00+02:00;32786;29;3;55;heavy;1
2025-07-02T10:03:00+02:00;32788;39;2;38;freeFlow;1
2025-07-02T10:03:00+02:00;32790;12;4;100;congested;4
2025-07-02T10:03:00+02:00;32791;58;2;38;freeFlow;1
2025-07-02T10:03:00+02:00;32794;9;7;100;congested;4
2025-07-02T10:03:00+02:00;32796;11;6;100;congested;4
2025-07-02T10:03:00+02:00;33;92;27;100;freeFlow;6
2025-07-02T10:03:00+02:00;34;96;28;70;freeFlow;2
2025-07-02T10:03:00+02:00;34744;93;35;100;freeFlow;11
2025-07-02T10:03:00+02:00;34745;107;30;100;freeFlow;10
2025-07-02T10:03:00+02:00;34757_D;50;2;0;unknown;0
2025-07-02T10:03:00+02:00;34757_G;32;3;60;heavy;1
2025-07-02T10:03:00+02:00;34758_D;50;16;0;unknown;0
2025-07-02T10:03:00+02:00;34758_G;50;16;0;unknown;0
2025-07-02T10:03:00+02:00;35;85;63;91;freeFlow;4
2025-07-02T10:03:00+02:00;35072;94;27;100;freeFlow;8
2025-07-02T10:03:00+02:00;35077;99;42;100;freeFlow;10
2025-07-02T10:03:00+02:00;35086;102;40;100;freeFlow;9
2025-07-02T10:03:00+02:00;35092;44;6;100;heavy;7
2025-07-02T10:03:00+02:00;35096;101;16;100;freeFlow;7
2025-07-02T10:03:00+02:00;35098;95;39;100;freeFlow;12
2025-07-02T10:03:00+02:00;35103;57;14;45;freeFlow;1
2025-07-02T10:03:00+02:00;35869_D;50;1;0;unknown;0
2025-07-02T10:03:00+02:00;35869_G;30;2;60;heavy;1
2025-07-02T10:03:00+02:00;35870_D;50;11;0;unknown;0
2025-07-02T10:03:00+02:00;35870_G;38;14;60;freeFlow;1
2025-07-02T10:03:00+02:00;35940;21;15;60;heavy;1
2025-07-02T10:03:00+02:00;35942;44;1;42;freeFlow;1
2025-07-02T10:03:00+02:00;35943;44;1;42;freeFlow;1
2025-07-02T10:03:00+02:00;35944;31;3;60;freeFlow;1
2025-07-02T10:03:00+02:00;35945;31;2;60;freeFlow;1
2025-07-02T10:03:00+02:00;35946_D;44;1;42;freeFlow;1
2025-07-02T10:03:00+02:00;35946_G;31;2;60;freeFlow;1
2025-07-02T10:03:00+02:00;35947;31;9;60;freeFlow;1
2025-07-02T10:03:00+02:00;35948;31;7;60;freeFlow;1
2025-07-02T10:03:00+02:00;35949;21;11;60;heavy;1
2025-07-02T10:03:00+02:00;35950;44;8;42;freeFlow;1
2025-07-02T10:03:00+02:00;35951;44;4;42;freeFlow;1
2025-07-02T10:03:00+02:00;35952;44;7;42;freeFlow;1
2025-07-02T10:03:00+02:00;35953;44;2;42;freeFlow;1
2025-07-02T10:03:00+02:00;35954;30;3;60;heavy;1
2025-07-02T10:03:00+02:00;35955;31;4;60;heavy;1
2025-07-02T10:03:00+02:00;35956;31;1;60;heavy;1
2025-07-02T10:03:00+02:00;35957_D;44;1;42;freeFlow;1
2025-07-02T10:03:00+02:00;35957_G;31;2;60;freeFlow;1
2025-07-02T10:03:00+02:00;35959_D;44;1;42;freeFlow;1
2025-07-02T10:03:00+02:00;35959_G;31;1;60;freeFlow;1
2025-07-02T10:03:00+02:00;35960;31;10;60;freeFlow;1
2025-07-02T10:03:00+02:00;35961;31;16;60;freeFlow;1
2025-07-02T10:03:00+02:00;35962;31;11;60;freeFlow;1
2025-07-02T10:03:00+02:00;35963;44;4;42;freeFlow;1
2025-07-02T10:03:00+02:00;35964;44;4;42;freeFlow;1
2025-07-02T10:03:00+02:00;35965;44;14;42;freeFlow;1
2025-07-02T10:03:00+02:00;35971;44;14;42;freeFlow;1
2025-07-02T10:03:00+02:00;35972;21;16;60;heavy;1
2025-07-02T10:03:00+02:00;35973;28;9;60;freeFlow;1
2025-07-02T10:03:00+02:00;35985_D;50;1;0;unknown;0
2025-07-02T10:03:00+02:00;35985_G;35;3;75;heavy;2
2025-07-02T10:03:00+02:00;35986_D;50;14;0;unknown;0
2025-07-02T10:03:00+02:00;35986_G;9;85;75;congested;2
2025-07-02T10:03:00+02:00;35994_D;30;1;0;unknown;0
2025-07-02T10:03:00+02:00;35994_G;28;1;75;freeFlow;2
2025-07-02T10:03:00+02:00;35998;34;6;100;heavy;5
2025-07-02T10:03:00+02:00;35999;34;5;60;heavy;1
2025-07-02T10:03:00+02:00;36000;42;5;75;freeFlow;2
2025-07-02T10:03:00+02:00;36001;34;5;100;heavy;5
2025-07-02T10:03:00+02:00;36003_D;45;1;60;freeFlow;1
2025-07-02T10:03:00+02:00;36003_G;34;2;100;heavy;5
2025-07-02T10:03:00+02:00;36004_D;54;39;75;freeFlow;2
2025-07-02T10:03:00+02:00;36004_G;52;41;100;freeFlow;5
2025-07-02T10:03:00+02:00;36005;35;2;42;freeFlow;1
2025-07-02T10:03:00+02:00;36006;21;4;60;heavy;1
2025-07-02T10:03:00+02:00;36007;44;1;42;freeFlow;1
2025-07-02T10:03:00+02:00;36010_D;33;1;38;freeFlow;1
2025-07-02T10:03:00+02:00;36010_G;21;1;60;heavy;1
2025-07-02T10:03:00+02:00;36011;34;9;38;freeFlow;1
2025-07-02T10:03:00+02:00;36012_D;44;1;42;freeFlow;1
2025-07-02T10:03:00+02:00;36012_G;21;3;60;heavy;1
2025-07-02T10:03:00+02:00;37200_D;32;8;60;freeFlow;1
2025-07-02T10:03:00+02:00;37200_G;22;11;100;freeFlow;3
2025-07-02T10:03:00+02:00;37201;43;5;97;freeFlow;4
2025-07-02T10:03:00+02:00;37202;41;7;97;freeFlow;3
2025-07-02T10:03:00+02:00;37203;42;13;60;freeFlow;1
2025-07-02T10:03:00+02:00;37204_D;41;2;68;freeFlow;2
2025-07-02T10:03:00+02:00;37204_G;50;2;0;unknown;0
2025-07-02T10:03:00+02:00;37205_D;41;5;68;freeFlow;2
2025-07-02T10:03:00+02:00;37205_G;27;7;30;heavy;1
2025-07-02T10:03:00+02:00;37206_D;34;14;70;heavy;2
2025-07-02T10:03:00+02:00;37206_G;59;8;30;freeFlow;1
2025-07-02T10:03:00+02:00;37207;36;2;55;freeFlow;1
2025-07-02T10:03:00+02:00;37208;59;2;30;freeFlow;1
2025-07-02T10:03:00+02:00;37209;40;2;55;freeFlow;1
2025-07-02T10:03:00+02:00;37210_D;40;1;55;freeFlow;1
2025-07-02T10:03:00+02:00;37210_G;59;1;30;freeFlow;1
2025-07-02T10:03:00+02:00;37211_D;44;61;57;freeFlow;1
2025-07-02T10:03:00+02:00;37211_G;59;45;30;freeFlow;1
2025-07-02T10:03:00+02:00;37239;36;5;95;freeFlow;5
2025-07-02T10:03:00+02:00;37240;25;7;100;freeFlow;3
2025-07-02T10:03:00+02:00;37241;24;7;75;freeFlow;2
2025-07-02T10:03:00+02:00;37242;26;8;100;freeFlow;5
2025-07-02T10:03:00+02:00;37243_D;17;5;75;heavy;2
2025-07-02T10:03:00+02:00;37243_G;24;5;100;heavy;4
2025-07-02T10:03:00+02:00;37244_D;35;2;38;freeFlow;1
2025-07-02T10:03:00+02:00;37244_G;21;3;60;heavy;1
2025-07-02T10:03:00+02:00;37246_D;31;3;60;freeFlow;1
2025-07-02T10:03:00+02:00;37246_G;26;4;100;freeFlow;3
2025-07-02T10:03:00+02:00;37422_D;50;19;0;unknown;0
2025-07-02T10:03:00+02:00;37422_G;50;19;0;unknown;0
2025-07-02T10:03:00+02:00;37467_D;50;8;0;unknown;0
2025-07-02T10:03:00+02:00;37467_G;34;12;52;heavy;1
2025-07-02T10:03:00+02:00;37508_D;34;31;75;heavy;2
2025-07-02T10:03:00+02:00;37508_G;37;29;100;freeFlow;5
2025-07-02T10:03:00+02:00;37509_D;34;2;75;heavy;2
2025-07-02T10:03:00+02:00;37509_G;34;2;100;heavy;5
2025-07-02T10:03:00+02:00;37564_D;70;22;0;unknown;0
2025-07-02T10:03:00+02:00;37564_G;50;30;45;freeFlow;1
2025-07-02T10:03:00+02:00;37565_D;38;21;38;heavy;1
2025-07-02T10:03:00+02:00;37565_G;42;19;45;heavy;1
2025-07-02T10:03:00+02:00;37586_D;33;2;75;heavy;2
2025-07-02T10:03:00+02:00;37586_G;35;2;100;heavy;5
2025-07-02T10:03:00+02:00;37588_D;46;12;42;heavy;1
2025-07-02T10:03:00+02:00;37588_G;70;8;0;unknown;0
2025-07-02T10:03:00+02:00;37620_D;16;5;48;congested;1
2025-07-02T10:03:00+02:00;37620_G;70;1;0;unknown;0
2025-07-02T10:03:00+02:00;37621;32;5;100;heavy;5
2025-07-02T10:03:00+02:00;37622;32;6;75;heavy;2
2025-07-02T10:03:00+02:00;37625_D;61;15;45;freeFlow;1
2025-07-02T10:03:00+02:00;37625_G;50;18;0;unknown;0
2025-07-02T10:03:00+02:00;37665_D;9;9;60;congested;1
2025-07-02T10:03:00+02:00;37665_G;43;2;60;freeFlow;1
2025-07-02T10:03:00+02:00;37667;61;21;75;freeFlow;2
2025-07-02T10:03:00+02:00;37668;52;8;68;freeFlow;2
2025-07-02T10:03:00+02:00;37673;63;6;75;freeFlow;2
2025-07-02T10:03:00+02:00;37686_D;79;8;60;freeFlow;1
2025-07-02T10:03:00+02:00;37686_G;22;30;60;freeFlow;1
2025-07-02T10:03:00+02:00;37702_D;28;10;52;heavy;1
2025-07-02T10:03:00+02:00;37702_G;48;5;0;unknown;0
2025-07-02T10:03:00+02:00;37706_D;44;1;0;unknown;0
2025-07-02T10:03:00+02:00;37706_G;28;2;52;heavy;1
2025-07-02T10:03:00+02:00;37707_D;35;2;60;freeFlow;1
2025-07-02T10:03:00+02:00;37707_G;43;2;60;freeFlow;1
2025-07-02T10:03:00+02:00;37708_D;36;26;60;freeFlow;1
2025-07-02T10:03:00+02:00;37708_G;54;17;60;freeFlow;1
2025-07-02T10:03:00+02:00;37712_D;36;5;60;freeFlow;1
2025-07-02T10:03:00+02:00;37712_G;54;4;60;freeFlow;1
2025-07-02T10:03:00+02:00;37724;35;4;75;freeFlow;2
2025-07-02T10:03:00+02:00;37725;25;3;60;heavy;1
2025-07-02T10:03:00+02:00;37726;34;3;75;heavy;2
2025-07-02T10:03:00+02:00;37727;30;4;75;heavy;2
2025-07-02T10:03:00+02:00;37728;34;3;57;heavy;1
2025-07-02T10:03:00+02:00;37729;86;65;64;freeFlow;2
2025-07-02T10:03:00+02:00;37730;43;3;60;freeFlow;1
2025-07-02T10:03:00+02:00;37732;71;51;61;freeFlow;2
2025-07-02T10:03:00+02:00;37737;89;46;100;freeFlow;6
2025-07-02T10:03:00+02:00;37738;30;3;60;heavy;1
2025-07-02T10:03:00+02:00;37739;30;5;69;heavy;2
2025-07-02T10:03:00+02:00;37740;30;5;52;heavy;1
2025-07-02T10:03:00+02:00;37741;30;2;52;heavy;1
2025-07-02T10:03:00+02:00;37742;41;3;68;heavy;2
2025-07-02T10:03:00+02:00;37743;57;2;93;freeFlow;3
2025-07-02T10:03:00+02:00;37744;63;3;45;freeFlow;1
2025-07-02T10:03:00+02:00;37745;48;1;40;heavy;1
2025-07-02T10:03:00+02:00;37749;91;43;100;freeFlow;16
2025-07-02T10:03:00+02:00;37750;91;29;100;freeFlow;7
2025-07-02T10:03:00+02:00;37751;46;22;30;heavy;1
2025-07-02T10:03:00+02:00;37752;89;7;60;freeFlow;1
2025-07-02T10:03:00+02:00;37753;93;28;100;freeFlow;17
2025-07-02T10:03:00+02:00;37784;19;5;42;heavy;1
2025-07-02T10:03:00+02:00;37785;13;7;40;congested;1
2025-07-02T10:03:00+02:00;37786;23;4;57;heavy;2
2025-07-02T10:03:00+02:00;37787_D;46;32;40;heavy;1
2025-07-02T10:03:00+02:00;37787_G;70;22;0;unknown;0
2025-07-02T10:03:00+02:00;37818;90;51;100;freeFlow;7
2025-07-02T10:03:00+02:00;37819;93;60;100;freeFlow;9
2025-07-02T10:03:00+02:00;37822;95;9;100;freeFlow;3
2025-07-02T10:03:00+02:00;37826;32;2;22;heavy;1
2025-07-02T10:03:00+02:00;37827;47;1;60;freeFlow;1
2025-07-02T10:03:00+02:00;37941;95;52;100;freeFlow;8
2025-07-02T10:03:00+02:00;37947;96;7;100;freeFlow;6
2025-07-02T10:03:00+02:00;37948;93;74;100;freeFlow;9
2025-07-02T10:03:00+02:00;37949;97;71;100;freeFlow;7
2025-07-02T10:03:00+02:00;37950;96;8;100;freeFlow;8
2025-07-02T10:03:00+02:00;37970;103;14;100;freeFlow;8
2025-07-02T10:03:00+02:00;38;82;17;100;freeFlow;5
2025-07-02T10:03:00+02:00;38067;94;12;100;freeFlow;9
2025-07-02T10:03:00+02:00;38068;80;3;38;freeFlow;1
2025-07-02T10:03:00+02:00;38069;80;4;38;freeFlow;1
2025-07-02T10:03:00+02:00;38070;88;10;100;freeFlow;8
2025-07-02T10:03:00+02:00;38310;50;1;0;unknown;0
2025-07-02T10:03:00+02:00;38311;9;9;0;unknown;0
2025-07-02T10:03:00+02:00;38317;91;2;100;freeFlow;9
2025-07-02T10:03:00+02:00;38318;86;30;100;freeFlow;8
2025-07-02T10:03:00+02:00;38319;94;22;100;freeFlow;11
2025-07-02T10:03:00+02:00;38322;64;2;64;freeFlow;2
2025-07-02T10:03:00+02:00;38378_D;68;11;40;freeFlow;1
2025-07-02T10:03:00+02:00;38378_G;70;10;0;unknown;0
2025-07-02T10:03:00+02:00;38389_D;77;14;40;freeFlow;1
2025-07-02T10:03:00+02:00;38389_G;70;15;0;unknown;0
2025-07-02T10:03:00+02:00;39061;31;8;45;heavy;1
2025-07-02T10:03:00+02:00;39062;28;4;0;unknown;0
2025-07-02T10:03:00+02:00;39063;80;5;38;freeFlow;1
2025-07-02T10:03:00+02:00;39473;63;32;68;freeFlow;2
2025-07-02T10:03:00+02:00;39618;93;3;100;freeFlow;10
2025-07-02T10:03:00+02:00;39619;93;3;100;freeFlow;10
2025-07-02T10:03:00+02:00;39720_D;36;34;75;freeFlow;2
2025-07-02T10:03:00+02:00;39720_G;44;28;100;freeFlow;5
2025-07-02T10:03:00+02:00;39902_D;72;1;40;freeFlow;1
2025-07-02T10:03:00+02:00;39902_G;70;1;0;unknown;0
2025-07-02T10:03:00+02:00;39904_D;67;1;38;freeFlow;1
2025-07-02T10:03:00+02:00;39904_G;70;1;0;unknown;0
2025-07-02T10:03:00+02:00;39906_D;64;8;38;freeFlow;1
2025-07-02T10:03:00+02:00;39906_G;70;7;0;unknown;0
2025-07-02T10:03:00+02:00;40185_D;46;3;60;heavy;1
2025-07-02T10:03:00+02:00;40185_G;19;1;32;congested;2
2025-07-02T10:03:00+02:00;40201;19;1;60;heavy;1
2025-07-02T10:03:00+02:00;40202;25;3;60;heavy;1
2025-07-02T10:03:00+02:00;40203;26;3;75;heavy;2
2025-07-02T10:03:00+02:00;40212_D;73;2;45;freeFlow;1
2025-07-02T10:03:00+02:00;40212_G;67;2;60;freeFlow;1
2025-07-02T10:03:00+02:00;40213_D;96;1;42;freeFlow;1
2025-07-02T10:03:00+02:00;40213_G;55;1;60;freeFlow;1
2025-07-02T10:03:00+02:00;41631_D;36;6;22;freeFlow;1
2025-07-02T10:03:00+02:00;41631_G;30;7;0;unknown;0
2025-07-02T10:03:00+02:00;41632_D;31;4;40;freeFlow;1
2025-07-02T10:03:00+02:00;41632_G;30;4;0;unknown;0
2025-07-02T10:03:00+02:00;41652_D;33;7;40;heavy;1
2025-07-02T10:03:00+02:00;41683_D;46;23;42;heavy;1
2025-07-02T10:03:00+02:00;41683_G;11;94;0;unknown;0
2025-07-02T10:03:00+02:00;41709_D;12;37;55;heavy;2
2025-07-02T10:03:00+02:00;41709_G;30;15;0;unknown;0
2025-07-02T10:03:00+02:00;41712_D;31;7;55;freeFlow;2
2025-07-02T10:03:00+02:00;41712_G;30;7;0;unknown;0
2025-07-02T10:03:00+02:00;41713_D;40;3;39;freeFlow;2
2025-07-02T10:03:00+02:00;41713_G;30;4;0;unknown;0
2025-07-02T10:03:00+02:00;41729;32;3;100;heavy;4
2025-07-02T10:03:00+02:00;41730;47;1;0;unknown;0
2025-07-02T10:03:00+02:00;41731;50;1;0;unknown;0
2025-07-02T10:03:00+02:00;41753_D;28;7;60;freeFlow;1
2025-07-02T10:03:00+02:00;41753_G;30;6;0;unknown;0
2025-07-02T10:03:00+02:00;41764_D;31;1;40;freeFlow;1
2025-07-02T10:03:00+02:00;41764_G;30;2;0;unknown;0
2025-07-02T10:03:00+02:00;41781;40;2;100;freeFlow;3
2025-07-02T10:03:00+02:00;41782;28;3;100;heavy;3
2025-07-02T10:03:00+02:00;41783;34;2;55;heavy;1
2025-07-02T10:03:00+02:00;41784;22;3;55;heavy;1
2025-07-02T10:03:00+02:00;41809_D;29;8;60;freeFlow;1
2025-07-02T10:03:00+02:00;41809_G;30;8;0;unknown;0
2025-07-02T10:03:00+02:00;41810_D;35;2;60;freeFlow;1
2025-07-02T10:03:00+02:00;41810_G;30;2;0;unknown;0
2025-07-02T10:03:00+02:00;41811_D;35;7;60;freeFlow;1
2025-07-02T10:03:00+02:00;41811_G;30;8;0;unknown;0
2025-07-02T10:03:00+02:00;41812_D;35;5;60;freeFlow;1
2025-07-02T10:03:00+02:00;41812_G;30;6;0;unknown;0
2025-07-02T10:03:00+02:00;41813_D;36;4;42;freeFlow;2
2025-07-02T10:03:00+02:00;41813_G;30;5;0;unknown;0
2025-07-02T10:03:00+02:00;41814_D;36;6;22;freeFlow;1
2025-07-02T10:03:00+02:00;41814_G;30;7;0;unknown;0
2025-07-02T10:03:00+02:00;41815_D;36;5;22;freeFlow;1
2025-07-02T10:03:00+02:00;41815_G;30;7;0;unknown;0
2025-07-02T10:03:00+02:00;41817_D;36;5;22;freeFlow;1
2025-07-02T10:03:00+02:00;41817_G;30;6;0;unknown;0
2025-07-02T10:03:00+02:00;41818_D;36;2;22;freeFlow;1
2025-07-02T10:03:00+02:00;41818_G;30;2;0;unknown;0
2025-07-02T10:03:00+02:00;42028;40;12;100;freeFlow;4
2025-07-02T10:03:00+02:00;42029;38;40;55;freeFlow;1
2025-07-02T10:03:00+02:00;42030;36;42;100;freeFlow;3
2025-07-02T10:03:00+02:00;42031;41;37;55;freeFlow;1
2025-07-02T10:03:00+02:00;42047;70;5;0;unknown;0
2025-07-02T10:03:00+02:00;42049;50;2;0;unknown;0
2025-07-02T10:03:00+02:00;42050;55;1;60;heavy;1
2025-07-02T10:03:00+02:00;42051;103;5;60;freeFlow;1
2025-07-02T10:03:00+02:00;42125_D;77;15;57;freeFlow;1
2025-07-02T10:03:00+02:00;42125_G;73;16;60;freeFlow;1
2025-07-02T10:03:00+02:00;42134;75;31;100;freeFlow;4
2025-07-02T10:03:00+02:00;42135;78;35;68;freeFlow;2
2025-07-02T10:03:00+02:00;42206_D;15;64;42;congested;1
2025-07-02T10:03:00+02:00;42238_D;33;11;60;heavy;1
2025-07-02T10:03:00+02:00;42257;90;6;0;unknown;0
2025-07-02T10:03:00+02:00;42273_D;16;12;45;heavy;2
2025-07-02T10:03:00+02:00;42273_G;25;8;27;freeFlow;1
2025-07-02T10:03:00+02:00;42293_D;31;2;60;freeFlow;1
2025-07-02T10:03:00+02:00;42293_G;30;2;0;unknown;0
2025-07-02T10:03:00+02:00;42307_D;50;15;0;unknown;0
2025-07-02T10:03:00+02:00;42307_G;61;13;60;freeFlow;1
2025-07-02T10:03:00+02:00;42359;33;20;60;heavy;1
2025-07-02T10:03:00+02:00;42375;50;1;0;unknown;0
2025-07-02T10:03:00+02:00;42378_D;31;1;60;freeFlow;1
2025-07-02T10:03:00+02:00;42378_G;30;2;0;unknown;0
2025-07-02T10:03:00+02:00;42379;88;30;100;freeFlow;3
2025-07-02T10:03:00+02:00;42383;26;3;100;heavy;4
2025-07-02T10:03:00+02:00;42384;50;1;0;unknown;0
2025-07-02T10:03:00+02:00;42385;32;3;55;heavy;1
2025-07-02T10:03:00+02:00;42386;32;2;55;heavy;1
2025-07-02T10:03:00+02:00;42387;33;6;100;heavy;3
2025-07-02T10:03:00+02:00;42388;26;4;100;heavy;4
2025-07-02T10:03:00+02:00;42389;18;9;60;heavy;1
2025-07-02T10:03:00+02:00;42390;12;10;75;congested;2
2025-07-02T10:03:00+02:00;42391;29;4;60;heavy;1
2025-07-02T10:03:00+02:00;42392;21;4;100;heavy;4
2025-07-02T10:03:00+02:00;42399;72;4;100;freeFlow;4
2025-07-02T10:03:00+02:00;42401_D;67;19;17;freeFlow;1
2025-07-02T10:03:00+02:00;42401_G;63;20;60;freeFlow;1
2025-07-02T10:03:00+02:00;42572;35;1;100;heavy;4
2025-07-02T10:03:00+02:00;42573;42;1;52;freeFlow;1
2025-07-02T10:03:00+02:00;42580;85;1;100;freeFlow;3
2025-07-02T10:03:00+02:00;42595_D;11;18;42;heavy;1
2025-07-02T10:03:00+02:00;42595_G;30;6;0;unknown;0
2025-07-02T10:03:00+02:00;42603;8;73;100;congested;5
2025-07-02T10:03:00+02:00;42663_D;10;22;45;congested;1
2025-07-02T10:03:00+02:00;42663_G;50;5;0;unknown;0
2025-07-02T10:03:00+02:00;42681_D;52;18;42;freeFlow;1
2025-07-02T10:03:00+02:00;42681_G;70;13;0;unknown;0
2025-07-02T10:03:00+02:00;42684_D;30;2;0;unknown;0
2025-07-02T10:03:00+02:00;42684_G;20;3;42;heavy;1
2025-07-02T10:03:00+02:00;42685;49;54;60;heavy;1
2025-07-02T10:03:00+02:00;42709_D;58;16;20;freeFlow;1
2025-07-02T10:03:00+02:00;42709_G;46;20;60;freeFlow;1
2025-07-02T10:03:00+02:00;42777_D;50;3;0;unknown;0
2025-07-02T10:03:00+02:00;42777_G;5;34;55;congested;1
2025-07-02T10:03:00+02:00;42778_D;50;1;0;unknown;0
2025-07-02T10:03:00+02:00;42778_G;11;6;50;congested;1
2025-07-02T10:03:00+02:00;42779;50;2;0;unknown;0
2025-07-02T10:03:00+02:00;42780_D;50;8;0;unknown;0
2025-07-02T10:03:00+02:00;42780_G;41;10;74;freeFlow;2
2025-07-02T10:03:00+02:00;42938_D;32;9;42;heavy;1
2025-07-02T10:03:00+02:00;42938_G;50;6;0;unknown;0
2025-07-02T10:03:00+02:00;42939_D;26;8;45;heavy;1
2025-07-02T10:03:00+02:00;42939_G;50;4;0;unknown;0
2025-07-02T10:03:00+02:00;42940_D;23;19;45;heavy;1
2025-07-02T10:03:00+02:00;42940_G;50;9;0;unknown;0
2025-07-02T10:03:00+02:00;42941_D;20;6;48;heavy;1
2025-07-02T10:03:00+02:00;42941_G;19;7;17;heavy;1
2025-07-02T10:03:00+02:00;42947_D;50;9;0;unknown;0
2025-07-02T10:03:00+02:00;42947_G;19;24;17;heavy;1
2025-07-02T10:03:00+02:00;42948_D;50;5;0;unknown;0
2025-07-02T10:03:00+02:00;42948_G;28;8;20;heavy;1
2025-07-02T10:03:00+02:00;42949_D;50;5;0;unknown;0
2025-07-02T10:03:00+02:00;42949_G;18;15;17;heavy;1
2025-07-02T10:03:00+02:00;42978_D;54;10;10;freeFlow;1
2025-07-02T10:03:00+02:00;42978_G;33;17;63;heavy;2
2025-07-02T10:03:00+02:00;42979_D;54;3;10;freeFlow;1
2025-07-02T10:03:00+02:00;42979_G;28;5;35;heavy;1
2025-07-02T10:03:00+02:00;42983_D;30;13;45;heavy;1
2025-07-02T10:03:00+02:00;42983_G;50;8;0;unknown;0
2025-07-02T10:03:00+02:00;42999_D;50;12;0;unknown;0
2025-07-02T10:03:00+02:00;42999_G;50;12;0;unknown;0
2025-07-02T10:03:00+02:00;43000_D;50;5;0;unknown;0
2025-07-02T10:03:00+02:00;43000_G;50;5;0;unknown;0
2025-07-02T10:03:00+02:00;43001_D;50;4;0;unknown;0
2025-07-02T10:03:00+02:00;43001_G;50;4;0;unknown;0
2025-07-02T10:03:00+02:00;43003_D;50;3;0;unknown;0
2025-07-02T10:03:00+02:00;43003_G;50;3;0;unknown;0
2025-07-02T10:03:00+02:00;43027_D;30;9;45;heavy;1
2025-07-02T10:03:00+02:00;43027_G;50;5;0;unknown;0
2025-07-02T10:03:00+02:00;43029_D;50;8;0;unknown;0
2025-07-02T10:03:00+02:00;43029_G;19;22;17;heavy;1
2025-07-02T10:03:00+02:00;43046_D;50;6;0;unknown;0
2025-07-02T10:03:00+02:00;43046_G;36;8;40;freeFlow;1
2025-07-02T10:03:00+02:00;43047_D;50;4;0;unknown;0
2025-07-02T10:03:00+02:00;43047_G;36;4;40;freeFlow;1
2025-07-02T10:03:00+02:00;43048_D;50;5;0;unknown;0
2025-07-02T10:03:00+02:00;43048_G;10;26;50;congested;1
2025-07-02T10:03:00+02:00;43049_D;54;2;10;freeFlow;1
2025-07-02T10:03:00+02:00;43049_G;12;10;48;heavy;1
2025-07-02T10:03:00+02:00;43050_D;54;3;10;freeFlow;1
2025-07-02T10:03:00+02:00;43050_G;34;5;35;heavy;1
2025-07-02T10:03:00+02:00;43099;9;10;50;congested;1
2025-07-02T10:03:00+02:00;43352_G;30;16;0;unknown;0
2025-07-02T10:03:00+02:00;43451_D;57;8;17;freeFlow;1
2025-07-02T10:03:00+02:00;43481;34;21;60;heavy;1
2025-07-02T10:03:00+02:00;43627;16;40;86;heavy;4
2025-07-02T10:03:00+02:00;43658_D;33;5;60;heavy;1
2025-07-02T10:03:00+02:00;43658_G;13;14;50;congested;1
2025-07-02T10:03:00+02:00;43718_D;50;3;0;unknown;0
2025-07-02T10:03:00+02:00;43718_G;50;3;0;unknown;0
2025-07-02T10:03:00+02:00;43719_D;50;9;0;unknown;0
2025-07-02T10:03:00+02:00;43719_G;50;9;0;unknown;0
2025-07-02T10:03:00+02:00;43720_D;50;4;0;unknown;0
2025-07-02T10:03:00+02:00;43720_G;50;4;0;unknown;0
2025-07-02T10:03:00+02:00;43724_D;29;14;35;heavy;1
2025-07-02T10:03:00+02:00;43724_G;38;11;48;freeFlow;1
2025-07-02T10:03:00+02:00;43733_D;50;4;0;unknown;0
2025-07-02T10:03:00+02:00;43733_G;50;4;0;unknown;0
2025-07-02T10:03:00+02:00;43736_D;50;4;0;unknown;0
2025-07-02T10:03:00+02:00;43736_G;50;4;0;unknown;0
2025-07-02T10:03:00+02:00;43739_D;29;11;60;heavy;1
2025-07-02T10:03:00+02:00;43739_G;55;6;35;freeFlow;1
2025-07-02T10:03:00+02:00;43740_D;30;9;60;heavy;1
2025-07-02T10:03:00+02:00;43740_G;55;5;35;freeFlow;1
2025-07-02T10:03:00+02:00;43741_D;35;1;60;heavy;1
2025-07-02T10:03:00+02:00;43741_G;55;0;35;freeFlow;1
2025-07-02T10:03:00+02:00;43742_D;24;14;60;heavy;1
2025-07-02T10:03:00+02:00;43742_G;42;8;38;freeFlow;1
2025-07-02T10:03:00+02:00;43743_G;20;63;10;heavy;1
2025-07-02T10:03:00+02:00;43744_D;24;10;60;heavy;1
2025-07-02T10:03:00+02:00;43744_G;50;5;0;unknown;0
2025-07-02T10:03:00+02:00;43748;34;6;50;freeFlow;1
2025-07-02T10:03:00+02:00;43757;34;3;52;heavy;1
2025-07-02T10:03:00+02:00;43758;26;11;52;heavy;1
2025-07-02T10:03:00+02:00;43786_D;12;51;48;congested;1
2025-07-02T10:03:00+02:00;43786_G;19;34;17;heavy;1
2025-07-02T10:03:00+02:00;43787_D;38;3;48;freeFlow;1
2025-07-02T10:03:00+02:00;43787_G;50;3;0;unknown;0
2025-07-02T10:03:00+02:00;43788_D;47;2;50;freeFlow;1
2025-07-02T10:03:00+02:00;43788_G;50;2;0;unknown;0
2025-07-02T10:03:00+02:00;43789_D;46;6;50;freeFlow;1
2025-07-02T10:03:00+02:00;43789_G;50;6;0;unknown;0
2025-07-02T10:03:00+02:00;43790_D;45;5;50;freeFlow;1
2025-07-02T10:03:00+02:00;43790_G;50;5;0;unknown;0
2025-07-02T10:03:00+02:00;43791_D;45;3;50;freeFlow;1
2025-07-02T10:03:00+02:00;43791_G;50;3;0;unknown;0
2025-07-02T10:03:00+02:00;43792_D;48;7;50;freeFlow;1
2025-07-02T10:03:00+02:00;43792_G;50;6;0;unknown;0
2025-07-02T10:03:00+02:00;43814_D;49;14;48;freeFlow;1
2025-07-02T10:03:00+02:00;43814_G;42;17;60;freeFlow;1
2025-07-02T10:03:00+02:00;43815_D;15;25;48;congested;1
2025-07-02T10:03:00+02:00;43815_G;42;9;60;freeFlow;1
2025-07-02T10:03:00+02:00;43817_D;24;28;60;heavy;1
2025-07-02T10:03:00+02:00;43817_G;22;31;38;heavy;1
2025-07-02T10:03:00+02:00;43819;21;22;60;heavy;1
2025-07-02T10:03:00+02:00;43821;36;7;52;freeFlow;1
2025-07-02T10:03:00+02:00;43828_D;40;14;50;freeFlow;1
2025-07-02T10:03:00+02:00;43828_G;50;11;0;unknown;0
2025-07-02T10:03:00+02:00;43835_D;51;7;48;freeFlow;1
2025-07-02T10:03:00+02:00;43835_G;42;8;60;freeFlow;1
2025-07-02T10:03:00+02:00;43836;58;9;50;freeFlow;1
2025-07-02T10:03:00+02:00;43871_D;50;4;0;unknown;0
2025-07-02T10:03:00+02:00;43871_G;18;11;20;heavy;1
2025-07-02T10:03:00+02:00;43872_D;50;4;0;unknown;0
2025-07-02T10:03:00+02:00;43872_G;22;9;20;heavy;1
2025-07-02T10:03:00+02:00;43873_D;50;5;0;unknown;0
2025-07-02T10:03:00+02:00;43873_G;27;10;20;heavy;1
2025-07-02T10:03:00+02:00;43925_D;50;5;0;unknown;0
2025-07-02T10:03:00+02:00;43925_G;28;9;20;heavy;1
2025-07-02T10:03:00+02:00;43937_D;50;6;0;unknown;0
2025-07-02T10:03:00+02:00;43937_G;50;6;0;unknown;0
2025-07-02T10:03:00+02:00;43938_D;50;20;0;unknown;0
2025-07-02T10:03:00+02:00;43938_G;50;20;0;unknown;0
2025-07-02T10:03:00+02:00;43972;32;10;22;heavy;1
2025-07-02T10:03:00+02:00;43974;9;55;100;congested;3
2025-07-02T10:03:00+02:00;43975;41;5;95;freeFlow;3
2025-07-02T10:03:00+02:00;44002_D;51;8;42;freeFlow;1
2025-07-02T10:03:00+02:00;44002_G;52;8;60;freeFlow;1
2025-07-02T10:03:00+02:00;44003_D;51;8;42;freeFlow;1
2025-07-02T10:03:00+02:00;44012;17;38;68;heavy;2
2025-07-02T10:03:00+02:00;44017_D;51;3;42;freeFlow;1
2025-07-02T10:03:00+02:00;44018_D;51;11;42;freeFlow;1
2025-07-02T10:03:00+02:00;44028;34;8;25;heavy;1
2025-07-02T10:03:00+02:00;44036_D;51;2;42;freeFlow;1
2025-07-02T10:03:00+02:00;44036_G;38;3;52;freeFlow;1
2025-07-02T10:03:00+02:00;44066;24;8;10;heavy;1
2025-07-02T10:03:00+02:00;44067;31;24;60;heavy;1
2025-07-02T10:03:00+02:00;44069;7;28;60;congested;1
2025-07-02T10:03:00+02:00;44084_D;50;5;0;unknown;0
2025-07-02T10:03:00+02:00;44084_G;50;5;55;freeFlow;1
2025-07-02T10:03:00+02:00;44089_D;50;6;0;unknown;0
2025-07-02T10:03:00+02:00;44089_G;38;8;45;freeFlow;1
2025-07-02T10:03:00+02:00;44090_D;50;5;0;unknown;0
2025-07-02T10:03:00+02:00;44090_G;45;5;45;freeFlow;1
2025-07-02T10:03:00+02:00;44131;43;14;25;freeFlow;1
2025-07-02T10:03:00+02:00;44134;13;34;60;congested;1
2025-07-02T10:03:00+02:00;44165_D;39;6;60;freeFlow;1
2025-07-02T10:03:00+02:00;44165_G;36;7;52;freeFlow;1
2025-07-02T10:03:00+02:00;44198_D;50;14;0;unknown;0
2025-07-02T10:03:00+02:00;44198_G;30;24;68;heavy;2
2025-07-02T10:03:00+02:00;44199_D;50;5;0;unknown;0
2025-07-02T10:03:00+02:00;44199_G;28;8;52;heavy;1
2025-07-02T10:03:00+02:00;44231_D;37;7;55;freeFlow;1
2025-07-02T10:03:00+02:00;44231_G;35;7;60;freeFlow;1
2025-07-02T10:03:00+02:00;44232_D;27;8;60;heavy;1
2025-07-02T10:03:00+02:00;44232_G;8;27;60;congested;1
2025-07-02T10:03:00+02:00;44234_D;22;16;75;heavy;2
2025-07-02T10:03:00+02:00;44234_G;22;15;60;heavy;1
2025-07-02T10:03:00+02:00;44259_D;32;3;10;heavy;1
2025-07-02T10:03:00+02:00;44259_G;26;4;60;heavy;1
2025-07-02T10:03:00+02:00;44260;44;9;0;unknown;0
2025-07-02T10:03:00+02:00;44261_D;50;9;0;unknown;0
2025-07-02T10:03:00+02:00;44261_G;23;20;60;heavy;1
2025-07-02T10:03:00+02:00;44293;1;183;38;congested;1
2025-07-02T10:03:00+02:00;44303_D;50;2;0;unknown;0
2025-07-02T10:03:00+02:00;44303_G;50;2;0;unknown;0
2025-07-02T10:03:00+02:00;44304_D;47;10;0;unknown;0
2025-07-02T10:03:00+02:00;44304_G;50;9;0;unknown;0
2025-07-02T10:03:00+02:00;44322_D;30;75;97;heavy;4
2025-07-02T10:03:00+02:00;44322_G;28;80;75;heavy;2
2025-07-02T10:03:00+02:00;44328;31;16;35;heavy;1
2025-07-02T10:03:00+02:00;44583_D;35;10;60;freeFlow;1
2025-07-02T10:03:00+02:00;44583_G;50;7;0;unknown;0
2025-07-02T10:03:00+02:00;44584_D;50;10;0;unknown;0
2025-07-02T10:03:00+02:00;44584_G;46;10;55;freeFlow;1
2025-07-02T10:03:00+02:00;44632_D;38;27;60;freeFlow;1
2025-07-02T10:03:00+02:00;44632_G;49;21;55;freeFlow;1
2025-07-02T10:03:00+02:00;44694_D;12;48;60;congested;1
2025-07-02T10:03:00+02:00;44694_G;9;67;22;congested;1
2025-07-02T10:03:00+02:00;44695_D;26;4;60;heavy;1
2025-07-02T10:03:00+02:00;44695_G;33;3;20;heavy;1
2025-07-02T10:03:00+02:00;44711_D;44;14;60;freeFlow;1
2025-07-02T10:03:00+02:00;44711_G;50;13;0;unknown;0
2025-07-02T10:03:00+02:00;44712_D;17;14;60;heavy;1
2025-07-02T10:03:00+02:00;44712_G;50;5;0;unknown;0
2025-07-02T10:03:00+02:00;44714_D;49;1;60;freeFlow;1
2025-07-02T10:03:00+02:00;44714_G;50;1;0;unknown;0
2025-07-02T10:03:00+02:00;44736_D;50;2;0;unknown;0
2025-07-02T10:03:00+02:00;44736_G;50;2;55;freeFlow;1
2025-07-02T10:03:00+02:00;44868;70;6;73;freeFlow;2
2025-07-02T10:03:00+02:00;44873;50;3;22;freeFlow;1
2025-07-02T10:03:00+02:00;44874;49;8;100;freeFlow;4
2025-07-02T10:03:00+02:00;44875;66;6;15;freeFlow;1
2025-07-02T10:03:00+02:00;44877;49;8;100;freeFlow;3
2025-07-02T10:03:00+02:00;44878;64;15;60;freeFlow;1
2025-07-02T10:03:00+02:00;44880;87;17;100;freeFlow;7
2025-07-02T10:03:00+02:00;44882;89;11;100;freeFlow;7
2025-07-02T10:03:00+02:00;44884;93;14;100;freeFlow;8
2025-07-02T10:03:00+02:00;44900;76;20;100;freeFlow;3
2025-07-02T10:03:00+02:00;44902_D;44;37;30;freeFlow;1
2025-07-02T10:03:00+02:00;44902_G;44;38;35;freeFlow;2
2025-07-02T10:03:00+02:00;44905;65;11;100;freeFlow;5
2025-07-02T10:03:00+02:00;44920;77;3;100;freeFlow;10
2025-07-02T10:03:00+02:00;44942;60;18;100;freeFlow;5
2025-07-02T10:03:00+02:00;44948;86;12;100;freeFlow;9
2025-07-02T10:03:00+02:00;44961;8;39;60;congested;1
2025-07-02T10:03:00+02:00;44962;9;28;60;congested;1
2025-07-02T10:03:00+02:00;44963;28;3;60;heavy;1
2025-07-02T10:03:00+02:00;44966;88;11;100;freeFlow;7
2025-07-02T10:03:00+02:00;44974;30;4;100;heavy;4
2025-07-02T10:03:00+02:00;45012_D;25;2;52;heavy;1
2025-07-02T10:03:00+02:00;45012_G;27;2;60;heavy;1
2025-07-02T10:03:00+02:00;45028_D;32;27;55;heavy;1
2025-07-02T10:03:00+02:00;45028_G;30;29;60;heavy;1
2025-07-02T10:03:00+02:00;45029_D;37;9;55;freeFlow;1
2025-07-02T10:03:00+02:00;45029_G;30;11;60;heavy;1
2025-07-02T10:03:00+02:00;45106_D;25;6;52;heavy;1
2025-07-02T10:03:00+02:00;45106_G;30;5;60;heavy;1
2025-07-02T10:03:00+02:00;45136_D;28;28;50;heavy;1
2025-07-02T10:03:00+02:00;45149;14;36;60;congested;1
2025-07-02T10:03:00+02:00;45166;17;2;60;heavy;1
2025-07-02T10:03:00+02:00;45169;34;3;75;heavy;2
2025-07-02T10:03:00+02:00;45236_G;55;9;32;freeFlow;1
2025-07-02T10:03:00+02:00;45238;55;11;32;freeFlow;1
2025-07-02T10:03:00+02:00;45239;55;9;75;freeFlow;2
2025-07-02T10:03:00+02:00;45240;71;7;75;freeFlow;2
2025-07-02T10:03:00+02:00;45241;122;1;60;freeFlow;1
2025-07-02T10:03:00+02:00;45305;82;4;42;freeFlow;1
2025-07-02T10:03:00+02:00;45306;82;7;42;freeFlow;1
2025-07-02T10:03:00+02:00;45327;92;6;100;freeFlow;9
2025-07-02T10:03:00+02:00;45486_D;29;7;48;heavy;2
2025-07-02T10:03:00+02:00;45487_D;27;9;32;heavy;1
2025-07-02T10:03:00+02:00;45630;82;14;100;freeFlow;12
2025-07-02T10:03:00+02:00;45645_D;45;12;57;freeFlow;1
2025-07-02T10:03:00+02:00;45651;49;3;22;freeFlow;1
2025-07-02T10:03:00+02:00;45761_D;40;7;55;freeFlow;1
2025-07-02T10:03:00+02:00;45865_D;50;7;0;unknown;0
2025-07-02T10:03:00+02:00;46053_D;50;8;0;unknown;0
2025-07-02T10:03:00+02:00;46056_D;50;2;0;unknown;0
2025-07-02T10:03:00+02:00;46061;14;16;17;congested;1
2025-07-02T10:03:00+02:00;46567_D;38;2;35;freeFlow;1
2025-07-02T10:03:00+02:00;46642;50;5;0;unknown;0
2025-07-02T10:03:00+02:00;46771;86;10;100;freeFlow;12
2025-07-02T10:03:00+02:00;46821_D;40;20;60;freeFlow;1
2025-07-02T10:03:00+02:00;46821_G;9;90;40;congested;1
2025-07-02T10:03:00+02:00;46923_D;39;1;60;freeFlow;1
2025-07-02T10:03:00+02:00;46923_G;107;0;20;freeFlow;1
2025-07-02T10:03:00+02:00;46976;50;4;0;unknown;0
2025-07-02T10:03:00+02:00;47029;10;39;60;congested;1
2025-07-02T10:03:00+02:00;47061;79;23;100;freeFlow;11
2025-07-02T10:03:00+02:00;47239;78;7;100;freeFlow;10
2025-07-02T10:03:00+02:00;47410;97;14;100;freeFlow;6
2025-07-02T10:03:00+02:00;47411;93;14;100;freeFlow;13
2025-07-02T10:03:00+02:00;47412;44;1;22;heavy;1
2025-07-02T10:03:00+02:00;47413;104;4;52;freeFlow;2
2025-07-02T10:03:00+02:00;47414;108;0;38;freeFlow;1
2025-07-02T10:03:00+02:00;47416;95;13;100;freeFlow;6
2025-07-02T10:03:00+02:00;47418;94;16;100;freeFlow;15
2025-07-02T10:03:00+02:00;47420;107;9;20;freeFlow;1
2025-07-02T10:03:00+02:00;47476;108;5;38;freeFlow;1
2025-07-02T10:03:00+02:00;47477;108;2;38;freeFlow;1
2025-07-02T10:03:00+02:00;47479;64;16;22;freeFlow;1
2025-07-02T10:03:00+02:00;47480;91;49;100;freeFlow;6
2025-07-02T10:03:00+02:00;47481;96;48;100;freeFlow;18
2025-07-02T10:03:00+02:00;47537_D;46;7;50;freeFlow;1
2025-07-02T10:03:00+02:00;47537_G;50;6;0;unknown;0
2025-07-02T10:03:00+02:00;47742_D;51;5;42;freeFlow;1
2025-07-02T10:03:00+02:00;48758;25;4;100;heavy;3
2025-07-02T10:03:00+02:00;48759;38;2;100;freeFlow;3
2025-07-02T10:03:00+02:00;48920_D;19;13;0;unknown;0
2025-07-02T10:03:00+02:00;48920_G;19;13;17;heavy;1
2025-07-02T10:03:00+02:00;489866_D;49;3;30;freeFlow;1
2025-07-02T10:03:00+02:00;489970;60;16;57;freeFlow;1
2025-07-02T10:03:00+02:00;489971;44;3;22;heavy;1
2025-07-02T10:03:00+02:00;489972;95;5;100;freeFlow;6
2025-07-02T10:03:00+02:00;490059_D;21;44;48;heavy;1
2025-07-02T10:03:00+02:00;490059_G;70;13;0;unknown;0
2025-07-02T10:03:00+02:00;490080_D;66;1;45;freeFlow;1
2025-07-02T10:03:00+02:00;490080_G;50;1;0;unknown;0
2025-07-02T10:03:00+02:00;49026;18;4;75;heavy;2
2025-07-02T10:03:00+02:00;49053;15;35;60;heavy;1
2025-07-02T10:03:00+02:00;490823;77;10;60;freeFlow;1
2025-07-02T10:03:00+02:00;490824;66;6;52;freeFlow;1
2025-07-02T10:03:00+02:00;490825;60;13;96;freeFlow;3
2025-07-02T10:03:00+02:00;490827;11;36;85;congested;4
2025-07-02T10:03:00+02:00;490828_D;34;15;60;freeFlow;1
2025-07-02T10:03:00+02:00;490828_G;54;9;60;freeFlow;1
2025-07-02T10:03:00+02:00;491005_D;37;4;55;freeFlow;1
2025-07-02T10:03:00+02:00;491005_G;35;4;60;freeFlow;1
2025-07-02T10:03:00+02:00;491126_D;32;13;59;freeFlow;2
2025-07-02T10:03:00+02:00;491126_G;52;9;75;freeFlow;2
2025-07-02T10:03:00+02:00;491135;7;19;75;congested;2
2025-07-02T10:03:00+02:00;491141;37;2;75;freeFlow;2
2025-07-02T10:03:00+02:00;491300_D;50;13;0;unknown;0
2025-07-02T10:03:00+02:00;491300_G;27;23;60;heavy;1
2025-07-02T10:03:00+02:00;491308;20;2;60;heavy;1
2025-07-02T10:03:00+02:00;491320_D;33;8;0;unknown;0
2025-07-02T10:03:00+02:00;491320_G;41;7;60;freeFlow;1
2025-07-02T10:03:00+02:00;491326_D;21;26;10;heavy;1
2025-07-02T10:03:00+02:00;491326_G;34;16;60;heavy;1
2025-07-02T10:03:00+02:00;491329_D;50;4;0;unknown;0
2025-07-02T10:03:00+02:00;491329_G;22;9;60;heavy;1
2025-07-02T10:03:00+02:00;491490;102;2;50;freeFlow;1
2025-07-02T10:03:00+02:00;491714_D;32;8;68;freeFlow;2
2025-07-02T10:03:00+02:00;491714_G;107;2;20;freeFlow;1
2025-07-02T10:03:00+02:00;491735_D;30;4;52;freeFlow;1
2025-07-02T10:03:00+02:00;491735_G;107;1;20;freeFlow;1
2025-07-02T10:03:00+02:00;491794_D;36;4;35;freeFlow;1
2025-07-02T10:03:00+02:00;491794_G;50;3;0;unknown;0
2025-07-02T10:03:00+02:00;491872;62;10;75;freeFlow;2
2025-07-02T10:03:00+02:00;491877;57;2;100;freeFlow;3
2025-07-02T10:03:00+02:00;491881;51;1;75;freeFlow;2
2025-07-02T10:03:00+02:00;491884;15;4;75;heavy;2
2025-07-02T10:03:00+02:00;491888;57;16;100;freeFlow;3
2025-07-02T10:03:00+02:00;491890;57;1;100;freeFlow;3
2025-07-02T10:03:00+02:00;491917;79;1;75;freeFlow;2
2025-07-02T10:03:00+02:00;49225_D;50;6;0;unknown;0
2025-07-02T10:03:00+02:00;49225_G;50;6;0;unknown;0
2025-07-02T10:03:00+02:00;492315_D;30;49;0;unknown;0
2025-07-02T10:03:00+02:00;492315_G;42;35;72;freeFlow;2
2025-07-02T10:03:00+02:00;492351_D;29;4;58;heavy;2
2025-07-02T10:03:00+02:00;492359_G;33;8;69;heavy;2
2025-07-02T10:03:00+02:00;492437;13;15;35;congested;1
2025-07-02T10:03:00+02:00;492442;22;2;75;heavy;2
2025-07-02T10:03:00+02:00;492445_D;14;44;51;congested;2
2025-07-02T10:03:00+02:00;492478;14;11;84;congested;3
2025-07-02T10:03:00+02:00;492492;73;4;60;freeFlow;1
2025-07-02T10:03:00+02:00;49315_D;22;8;48;heavy;1
2025-07-02T10:03:00+02:00;49315_G;19;10;17;heavy;1
2025-07-02T10:03:00+02:00;49943_D;50;14;0;unknown;0
2025-07-02T10:03:00+02:00;49943_G;49;14;45;freeFlow;1
2025-07-02T10:03:00+02:00;49947;10;19;73;congested;2
2025-07-02T10:03:00+02:00;49958_D;18;15;60;heavy;1
2025-07-02T10:03:00+02:00;49958_G;50;5;0;unknown;0
2025-07-02T10:03:00+02:00;50308_D;55;5;30;freeFlow;1
2025-07-02T10:03:00+02:00;50441;42;6;60;freeFlow;1
2025-07-02T10:03:00+02:00;50525;31;7;48;heavy;1
2025-07-02T10:03:00+02:00;50571;36;3;22;freeFlow;1
2025-07-02T10:03:00+02:00;50625;33;7;22;heavy;1
2025-07-02T10:03:00+02:00;5064_D;70;7;57;freeFlow;1
2025-07-02T10:03:00+02:00;5064_G;27;19;60;heavy;1
2025-07-02T10:03:00+02:00;51419;23;32;10;heavy;1
2025-07-02T10:03:00+02:00;51474_D;45;1;50;freeFlow;1
2025-07-02T10:03:00+02:00;51474_G;50;1;0;unknown;0
2025-07-02T10:03:00+02:00;51798;23;3;100;heavy;3
2025-07-02T10:03:00+02:00;52107_D;46;10;52;freeFlow;1
2025-07-02T10:03:00+02:00;52107_G;107;4;20;freeFlow;1
2025-07-02T10:03:00+02:00;52129;98;3;50;freeFlow;1
2025-07-02T10:03:00+02:00;52835_D;20;8;75;heavy;2
2025-07-02T10:03:00+02:00;53020_D;51;2;42;freeFlow;1
2025-07-02T10:03:00+02:00;53327_D;40;9;57;freeFlow;1
2025-07-02T10:03:00+02:00;53327_G;59;6;30;freeFlow;1
2025-07-02T10:03:00+02:00;53411_G;18;21;38;heavy;1
2025-07-02T10:03:00+02:00;53428;83;56;100;freeFlow;8
2025-07-02T10:03:00+02:00;53539_D;57;4;60;freeFlow;1
2025-07-02T10:03:00+02:00;53566;31;4;60;heavy;1
2025-07-02T10:03:00+02:00;53623;67;2;60;freeFlow;1
2025-07-02T10:03:00+02:00;53624;40;2;64;freeFlow;2
2025-07-02T10:03:00+02:00;53625;32;2;22;heavy;1
2025-07-02T10:03:00+02:00;53634_D;28;2;75;freeFlow;2
2025-07-02T10:03:00+02:00;53634_G;50;1;52;freeFlow;1
2025-07-02T10:03:00+02:00;53641_D;50;9;0;unknown;0
2025-07-02T10:03:00+02:00;53641_G;50;9;0;unknown;0
2025-07-02T10:03:00+02:00;53652;15;52;75;congested;2
2025-07-02T10:03:00+02:00;53659;82;2;60;freeFlow;1
2025-07-02T10:03:00+02:00;53702;81;5;100;freeFlow;7
2025-07-02T10:03:00+02:00;53892;46;1;100;freeFlow;6
2025-07-02T10:03:00+02:00;53893;54;11;100;freeFlow;5
2025-07-02T10:03:00+02:00;53895;53;6;100;freeFlow;5
2025-07-02T10:03:00+02:00;53896;33;12;100;heavy;6
2025-07-02T10:03:00+02:00;53898;40;14;100;freeFlow;6
2025-07-02T10:03:00+02:00;53900;19;30;100;heavy;6
2025-07-02T10:03:00+02:00;53901;33;8;100;heavy;3
2025-07-02T10:03:00+02:00;53903;36;6;100;freeFlow;3
2025-07-02T10:03:00+02:00;53904;24;6;100;heavy;3
2025-07-02T10:03:00+02:00;53905;38;10;100;freeFlow;3
2025-07-02T10:03:00+02:00;53908;46;2;100;freeFlow;6
2025-07-02T10:03:00+02:00;53910;9;35;100;congested;8
2025-07-02T10:03:00+02:00;53912;32;10;100;heavy;6
2025-07-02T10:03:00+02:00;53915;25;22;100;heavy;5
2025-07-02T10:03:00+02:00;53918;34;14;100;heavy;5
2025-07-02T10:03:00+02:00;53919;43;3;100;freeFlow;5
2025-07-02T10:03:00+02:00;53921;42;13;100;freeFlow;4
2025-07-02T10:03:00+02:00;53922;28;6;100;heavy;3
2025-07-02T10:03:00+02:00;53923;52;10;100;freeFlow;5
2025-07-02T10:03:00+02:00;53925_D;50;5;30;freeFlow;1
2025-07-02T10:03:00+02:00;53925_G;48;6;32;heavy;2
2025-07-02T10:03:00+02:00;53936;74;12;100;freeFlow;3
2025-07-02T10:03:00+02:00;53938;72;4;100;freeFlow;3
2025-07-02T10:03:00+02:00;53939;66;22;75;freeFlow;2
2025-07-02T10:03:00+02:00;53941;69;8;75;freeFlow;2
2025-07-02T10:03:00+02:00;53942;63;4;100;freeFlow;3
2025-07-02T10:03:00+02:00;53944;57;1;100;freeFlow;3
2025-07-02T10:03:00+02:00;53945;66;7;100;freeFlow;3
2025-07-02T10:03:00+02:00;53946;57;1;100;freeFlow;3
2025-07-02T10:03:00+02:00;53947;38;1;100;freeFlow;3
2025-07-02T10:03:00+02:00;53948;83;3;75;freeFlow;2
2025-07-02T10:03:00+02:00;53949;85;2;75;freeFlow;2
2025-07-02T10:03:00+02:00;53950;84;45;100;freeFlow;6
2025-07-02T10:03:00+02:00;53952_D;98;1;52;freeFlow;1
2025-07-02T10:03:00+02:00;53952_G;81;2;52;freeFlow;1
2025-07-02T10:03:00+02:00;53959;30;121;100;heavy;7
2025-07-02T10:03:00+02:00;53961;111;52;50;freeFlow;2
2025-07-02T10:03:00+02:00;53987;38;2;75;freeFlow;2
2025-07-02T10:03:00+02:00;53990;39;7;75;freeFlow;2
2025-07-02T10:03:00+02:00;54067;95;10;100;freeFlow;6
2025-07-02T10:03:00+02:00;54134;55;14;60;freeFlow;1
2025-07-02T10:03:00+02:00;54138;17;61;73;heavy;2
2025-07-02T10:03:00+02:00;54140;106;19;50;freeFlow;1
2025-07-02T10:03:00+02:00;54144;85;2;100;freeFlow;3
2025-07-02T10:03:00+02:00;54150;41;22;60;freeFlow;1
2025-07-02T10:03:00+02:00;54153;50;18;0;unknown;0
2025-07-02T10:03:00+02:00;54154;29;37;0;unknown;0
2025-07-02T10:03:00+02:00;54155;36;30;60;freeFlow;1
2025-07-02T10:03:00+02:00;54161;6;32;60;congested;1
2025-07-02T10:03:00+02:00;54187_D;25;14;12;freeFlow;1
2025-07-02T10:03:00+02:00;54187_G;28;13;17;freeFlow;1
2025-07-02T10:03:00+02:00;54189_D;25;16;12;freeFlow;1
2025-07-02T10:03:00+02:00;54189_G;17;25;17;heavy;1
2025-07-02T10:03:00+02:00;54191_D;26;11;10;freeFlow;1
2025-07-02T10:03:00+02:00;54191_G;25;11;20;freeFlow;1
2025-07-02T10:03:00+02:00;54197;39;19;60;freeFlow;1
2025-07-02T10:03:00+02:00;54198;50;4;0;unknown;0
2025-07-02T10:03:00+02:00;54206;15;38;75;heavy;2
2025-07-02T10:03:00+02:00;54208;25;2;75;freeFlow;2
2025-07-02T10:03:00+02:00;54212;41;40;75;freeFlow;2
2025-07-02T10:03:00+02:00;54223_D;30;2;0;unknown;0
2025-07-02T10:03:00+02:00;54223_G;13;6;48;heavy;1
2025-07-02T10:03:00+02:00;54227;95;10;100;freeFlow;13
2025-07-02T10:03:00+02:00;54234;95;0;60;freeFlow;1
2025-07-02T10:03:00+02:00;54239;18;4;40;heavy;1
2025-07-02T10:03:00+02:00;54240;18;19;60;heavy;1
2025-07-02T10:03:00+02:00;54241;27;2;75;heavy;2
2025-07-02T10:03:00+02:00;54243;31;18;75;heavy;2
2025-07-02T10:03:00+02:00;54297;17;49;75;heavy;2
2025-07-02T10:03:00+02:00;54339;35;27;59;heavy;2
2025-07-02T10:03:00+02:00;54340;14;21;98;congested;3
2025-07-02T10:03:00+02:00;54358_D;20;35;60;heavy;2
2025-07-02T10:03:00+02:00;54358_G;107;7;60;freeFlow;1
2025-07-02T10:03:00+02:00;54363;107;4;60;freeFlow;1
2025-07-02T10:03:00+02:00;54365;107;3;60;freeFlow;1
2025-07-02T10:03:00+02:00;54367;107;4;60;freeFlow;1
2025-07-02T10:03:00+02:00;54368;107;1;60;freeFlow;1
2025-07-02T10:03:00+02:00;54369;69;17;100;freeFlow;9
2025-07-02T10:03:00+02:00;54372;34;1;60;heavy;1
2025-07-02T10:03:00+02:00;54375;42;16;75;freeFlow;2
2025-07-02T10:03:00+02:00;54376;11;18;100;congested;3
2025-07-02T10:03:00+02:00;54378;8;39;100;congested;3
2025-07-02T10:03:00+02:00;54381;39;8;100;freeFlow;3
2025-07-02T10:03:00+02:00;54382;78;3;100;freeFlow;4
2025-07-02T10:03:00+02:00;54383;36;23;100;freeFlow;7
2025-07-02T10:03:00+02:00;54384;45;6;100;freeFlow;5
2025-07-02T10:03:00+02:00;54385;15;17;75;heavy;2
2025-07-02T10:03:00+02:00;54386;122;0;60;freeFlow;1
2025-07-02T10:03:00+02:00;54400;37;14;75;freeFlow;2
2025-07-02T10:03:00+02:00;54401;24;4;75;heavy;2
2025-07-02T10:03:00+02:00;54406;25;105;60;heavy;1
2025-07-02T10:03:00+02:00;54428_D;50;12;0;unknown;0
2025-07-02T10:03:00+02:00;54428_G;55;11;45;freeFlow;1
2025-07-02T10:03:00+02:00;54429_D;42;16;48;freeFlow;1
2025-07-02T10:03:00+02:00;54429_G;25;27;60;heavy;1
2025-07-02T10:03:00+02:00;54438_D;34;2;0;unknown;0
2025-07-02T10:03:00+02:00;54438_G;50;1;0;unknown;0
2025-07-02T10:03:00+02:00;54440_D;34;8;0;unknown;0
2025-07-02T10:03:00+02:00;54440_G;50;6;0;unknown;0
2025-07-02T10:03:00+02:00;54444_D;34;1;0;unknown;0
2025-07-02T10:03:00+02:00;54444_G;50;1;0;unknown;0
2025-07-02T10:03:00+02:00;54447_D;12;46;10;congested;1
2025-07-02T10:03:00+02:00;54447_G;50;11;0;unknown;0
2025-07-02T10:03:00+02:00;54448_D;23;7;10;heavy;1
2025-07-02T10:03:00+02:00;54448_G;50;3;0;unknown;0
2025-07-02T10:03:00+02:00;54449_D;50;10;0;unknown;0
2025-07-02T10:03:00+02:00;54449_G;50;10;0;unknown;0
2025-07-02T10:03:00+02:00;54453_D;24;6;35;heavy;1
2025-07-02T10:03:00+02:00;54453_G;50;3;0;unknown;0
2025-07-02T10:03:00+02:00;54455;50;2;0;unknown;0
2025-07-02T10:03:00+02:00;54457;50;8;0;unknown;0
2025-07-02T10:03:00+02:00;54460;50;5;0;unknown;0
2025-07-02T10:03:00+02:00;54463_D;15;22;40;congested;1
2025-07-02T10:03:00+02:00;54463_G;50;6;0;unknown;0
2025-07-02T10:03:00+02:00;54466_D;43;17;60;freeFlow;1
2025-07-02T10:03:00+02:00;54466_G;50;16;0;unknown;0
2025-07-02T10:03:00+02:00;54469;21;6;75;heavy;2
2025-07-02T10:03:00+02:00;54471;48;9;25;freeFlow;1
2025-07-02T10:03:00+02:00;54472;21;19;75;heavy;2
2025-07-02T10:03:00+02:00;54473;25;1;75;freeFlow;2
2025-07-02T10:03:00+02:00;54483;18;86;15;heavy;1
2025-07-02T10:03:00+02:00;54489;50;1;0;unknown;0
2025-07-02T10:03:00+02:00;54490;30;6;60;heavy;1
2025-07-02T10:03:00+02:00;54492;12;13;60;congested;1
2025-07-02T10:03:00+02:00;54505;19;40;60;heavy;1
2025-07-02T10:03:00+02:00;54509;37;8;60;freeFlow;1
2025-07-02T10:03:00+02:00;54518;31;5;60;heavy;1
2025-07-02T10:03:00+02:00;54522;31;3;60;heavy;1
2025-07-02T10:03:00+02:00;54523;37;3;60;freeFlow;1
2025-07-02T10:03:00+02:00;54524;37;1;60;freeFlow;1
2025-07-02T10:03:00+02:00;54580_D;31;18;60;heavy;1
2025-07-02T10:03:00+02:00;54877;18;41;43;heavy;2
2025-07-02T10:03:00+02:00;54879;33;22;75;heavy;2
2025-07-02T10:03:00+02:00;54880_D;12;86;52;congested;1
2025-07-02T10:03:00+02:00;54880_G;23;42;60;heavy;1
2025-07-02T10:03:00+02:00;54882;28;2;60;freeFlow;1
2025-07-02T10:03:00+02:00;54883;28;2;60;freeFlow;1
2025-07-02T10:03:00+02:00;54884;30;1;0;unknown;0
2025-07-02T10:03:00+02:00;54885;30;1;0;unknown;0
2025-07-02T10:03:00+02:00;54886;35;2;75;freeFlow;2
2025-07-02T10:03:00+02:00;54887;36;2;100;freeFlow;3
2025-07-02T10:03:00+02:00;54888;27;1;60;freeFlow;1
2025-07-02T10:03:00+02:00;54889;28;2;60;freeFlow;1
2025-07-02T10:03:00+02:00;54988;40;3;100;heavy;5
2025-07-02T10:03:00+02:00;54989;54;32;100;freeFlow;4
2025-07-02T10:03:00+02:00;54990;21;5;100;congested;4
2025-07-02T10:03:00+02:00;54991;49;35;100;heavy;3
2025-07-02T10:03:00+02:00;55467_D;77;9;57;freeFlow;1
2025-07-02T10:03:00+02:00;55467_G;60;10;75;freeFlow;2
2025-07-02T10:03:00+02:00;55570_D;50;3;0;unknown;0
2025-07-02T10:03:00+02:00;55570_G;50;3;0;unknown;0
2025-07-02T10:03:00+02:00;55589_D;24;10;10;freeFlow;1
2025-07-02T10:03:00+02:00;55589_G;10;24;20;heavy;1
2025-07-02T10:03:00+02:00;55591;50;1;0;unknown;0
2025-07-02T10:03:00+02:00;55592;23;2;10;heavy;1
2025-07-02T10:03:00+02:00;55593;27;2;60;heavy;1
2025-07-02T10:03:00+02:00;55595;12;4;60;congested;1
2025-07-02T10:03:00+02:00;55596;26;1;60;heavy;1
2025-07-02T10:03:00+02:00;55597;27;2;60;heavy;1
2025-07-02T10:03:00+02:00;55702;50;6;0;unknown;0
2025-07-02T10:03:00+02:00;55704;50;17;0;unknown;0
2025-07-02T10:03:00+02:00;5576_D;41;8;60;heavy;1
2025-07-02T10:03:00+02:00;5576_G;43;8;60;heavy;1
2025-07-02T10:03:00+02:00;55881;23;1;100;heavy;3
2025-07-02T10:03:00+02:00;55900;22;4;100;heavy;3
2025-07-02T10:03:00+02:00;55929_D;98;4;52;freeFlow;1
2025-07-02T10:03:00+02:00;55929_G;98;4;52;freeFlow;1
2025-07-02T10:03:00+02:00;55976;62;2;45;freeFlow;1
2025-07-02T10:03:00+02:00;56024;30;33;75;heavy;2
2025-07-02T10:03:00+02:00;56131;4;29;30;congested;1
2025-07-02T10:03:00+02:00;56257;30;7;0;unknown;0
2025-07-02T10:03:00+02:00;563566;12;11;60;congested;1
2025-07-02T10:03:00+02:00;563571;27;10;60;heavy;1
2025-07-02T10:03:00+02:00;563844_D;61;14;60;freeFlow;1
2025-07-02T10:03:00+02:00;563844_G;56;15;60;freeFlow;1
2025-07-02T10:03:00+02:00;563846;107;3;60;freeFlow;1
2025-07-02T10:03:00+02:00;563903_D;50;34;0;unknown;0
2025-07-02T10:03:00+02:00;563903_G;52;33;68;freeFlow;2
2025-07-02T10:03:00+02:00;564067_D;48;26;100;heavy;4
2025-07-02T10:03:00+02:00;564067_G;63;21;100;freeFlow;3
2025-07-02T10:03:00+02:00;564195_D;28;16;75;heavy;2
2025-07-02T10:03:00+02:00;564195_G;25;18;57;heavy;2
2025-07-02T10:03:00+02:00;56441;28;8;60;heavy;1
2025-07-02T10:03:00+02:00;5651;35;2;60;heavy;1
2025-07-02T10:03:00+02:00;5652;40;1;100;freeFlow;4
2025-07-02T10:03:00+02:00;565232;21;6;60;heavy;1
2025-07-02T10:03:00+02:00;5653;35;1;60;heavy;1
2025-07-02T10:03:00+02:00;565374;37;56;100;freeFlow;5
2025-07-02T10:03:00+02:00;565376;24;85;58;heavy;1
2025-07-02T10:03:00+02:00;565393;80;59;100;freeFlow;6
2025-07-02T10:03:00+02:00;5654;38;1;100;freeFlow;4
2025-07-02T10:03:00+02:00;565682_D;44;21;72;heavy;2
2025-07-02T10:03:00+02:00;565682_G;28;33;12;heavy;1
2025-07-02T10:03:00+02:00;565731_D;28;4;60;freeFlow;1
2025-07-02T10:03:00+02:00;565731_G;54;1;60;freeFlow;1
2025-07-02T10:03:00+02:00;565732;48;2;68;heavy;2
2025-07-02T10:03:00+02:00;56584;62;4;45;freeFlow;1
2025-07-02T10:03:00+02:00;565854;39;25;95;heavy;3
2025-07-02T10:03:00+02:00;566176_D;54;21;60;heavy;1
2025-07-02T10:03:00+02:00;566176_G;47;24;48;heavy;1
2025-07-02T10:03:00+02:00;56619_D;43;9;71;freeFlow;2
2025-07-02T10:03:00+02:00;56619_G;47;9;100;freeFlow;3
2025-07-02T10:03:00+02:00;566287_D;37;13;60;freeFlow;1
2025-07-02T10:03:00+02:00;566287_G;38;13;35;freeFlow;1
2025-07-02T10:03:00+02:00;566302_D;31;1;48;heavy;1
2025-07-02T10:03:00+02:00;566302_G;34;1;60;heavy;1
2025-07-02T10:03:00+02:00;566303_D;50;15;0;unknown;0
2025-07-02T10:03:00+02:00;566303_G;50;15;0;unknown;0
2025-07-02T10:03:00+02:00;5663_D;60;43;100;freeFlow;5
2025-07-02T10:03:00+02:00;5663_G;33;79;93;heavy;4
2025-07-02T10:03:00+02:00;566407_D;25;3;12;freeFlow;1
2025-07-02T10:03:00+02:00;566407_G;27;3;17;freeFlow;1
2025-07-02T10:03:00+02:00;566417_D;25;6;12;freeFlow;1
2025-07-02T10:03:00+02:00;566417_G;25;6;17;freeFlow;1
2025-07-02T10:03:00+02:00;566419;35;1;60;heavy;1
2025-07-02T10:03:00+02:00;566481;5;13;60;congested;2
2025-07-02T10:03:00+02:00;566482;50;1;0;unknown;0
2025-07-02T10:03:00+02:00;566483;81;140;100;freeFlow;5
2025-07-02T10:03:00+02:00;566484;50;0;0;unknown;0
2025-07-02T10:03:00+02:00;5664_D;78;2;53;freeFlow;2
2025-07-02T10:03:00+02:00;5664_G;71;2;100;freeFlow;5
2025-07-02T10:03:00+02:00;566573_D;44;2;52;freeFlow;1
2025-07-02T10:03:00+02:00;566573_G;52;2;100;freeFlow;3
2025-07-02T10:03:00+02:00;566599_D;108;0;60;freeFlow;1
2025-07-02T10:03:00+02:00;566599_G;21;1;60;heavy;1
2025-07-02T10:03:00+02:00;566706_D;50;3;0;unknown;0
2025-07-02T10:03:00+02:00;566706_G;6;33;40;congested;1
2025-07-02T10:03:00+02:00;56676_G;15;14;52;heavy;1
2025-07-02T10:03:00+02:00;566850;31;4;100;heavy;5
2025-07-02T10:03:00+02:00;566924_D;60;5;60;freeFlow;1
2025-07-02T10:03:00+02:00;566924_G;50;6;0;unknown;0
2025-07-02T10:03:00+02:00;566942;31;1;48;heavy;1
2025-07-02T10:03:00+02:00;56872;83;25;100;freeFlow;11
2025-07-02T10:03:00+02:00;56874;93;5;100;freeFlow;9
2025-07-02T10:03:00+02:00;56886;46;56;0;unknown;0
2025-07-02T10:03:00+02:00;56914;38;4;75;freeFlow;2
2025-07-02T10:03:00+02:00;56926;84;3;100;freeFlow;11
2025-07-02T10:03:00+02:00;57009;82;4;100;freeFlow;10
2025-07-02T10:03:00+02:00;57011;93;7;100;freeFlow;8
2025-07-02T10:03:00+02:00;57012;45;9;75;freeFlow;2
2025-07-02T10:03:00+02:00;57082_D;53;5;60;freeFlow;1
2025-07-02T10:03:00+02:00;57360_D;30;5;0;unknown;0
2025-07-02T10:03:00+02:00;57360_G;36;5;15;freeFlow;1
2025-07-02T10:03:00+02:00;57362_D;30;4;0;unknown;0
2025-07-02T10:03:00+02:00;57362_G;36;2;15;freeFlow;1
2025-07-02T10:03:00+02:00;57368_D;30;7;0;unknown;0
2025-07-02T10:03:00+02:00;57368_G;36;6;15;freeFlow;1
2025-07-02T10:03:00+02:00;57378_D;50;3;0;unknown;0
2025-07-02T10:03:00+02:00;57378_G;50;3;0;unknown;0
2025-07-02T10:03:00+02:00;62549;43;1;75;freeFlow;2
2025-07-02T10:03:00+02:00;62550;43;1;75;freeFlow;2
2025-07-02T10:03:00+02:00;62617_D;50;9;0;unknown;0
2025-07-02T10:03:00+02:00;62617_G;50;9;0;unknown;0
2025-07-02T10:03:00+02:00;62948_D;22;7;0;unknown;0
2025-07-02T10:03:00+02:00;62948_G;15;11;60;heavy;1
2025-07-02T10:03:00+02:00;63039;52;3;100;freeFlow;4
2025-07-02T10:03:00+02:00;63203_D;31;25;40;freeFlow;1
2025-07-02T10:03:00+02:00;63203_G;30;26;0;unknown;0
2025-07-02T10:03:00+02:00;63308;18;5;75;heavy;2
2025-07-02T10:03:00+02:00;63895_D;30;5;60;freeFlow;1
2025-07-02T10:03:00+02:00;63895_G;16;9;40;heavy;1
2025-07-02T10:03:00+02:00;63903;99;1;100;freeFlow;6
2025-07-02T10:03:00+02:00;63917;107;1;60;freeFlow;1
2025-07-02T10:03:00+02:00;63954_D;108;2;60;freeFlow;1
2025-07-02T10:03:00+02:00;63954_G;34;4;60;freeFlow;1
2025-07-02T10:03:00+02:00;63961_D;34;1;100;freeFlow;4
2025-07-02T10:03:00+02:00;63961_G;22;2;75;freeFlow;2
2025-07-02T10:03:00+02:00;63963_D;36;13;60;freeFlow;1
2025-07-02T10:03:00+02:00;63963_G;54;8;60;freeFlow;1
2025-07-02T10:03:00+02:00;63974;40;10;75;heavy;2
2025-07-02T10:03:00+02:00;64028;50;2;0;unknown;0
2025-07-02T10:03:00+02:00;64029;98;1;52;freeFlow;1
2025-07-02T10:03:00+02:00;64033;34;5;68;heavy;2
2025-07-02T10:03:00+02:00;64034;99;1;68;freeFlow;2
2025-07-02T10:03:00+02:00;64035;98;1;52;freeFlow;1
2025-07-02T10:03:00+02:00;64104_D;50;2;0;unknown;0
2025-07-02T10:03:00+02:00;64104_G;50;2;0;unknown;0
2025-07-02T10:03:00+02:00;6421;100;23;100;freeFlow;5
2025-07-02T10:03:00+02:00;6422;89;7;100;freeFlow;3
2025-07-02T10:03:00+02:00;6423;89;15;75;freeFlow;2
2025-07-02T10:03:00+02:00;6424;95;31;75;freeFlow;3
2025-07-02T10:03:00+02:00;64792_D;50;13;0;unknown;0
2025-07-02T10:03:00+02:00;64792_G;50;13;0;unknown;0
2025-07-02T10:03:00+02:00;64862_D;35;14;60;heavy;1
2025-07-02T10:03:00+02:00;64862_G;55;9;35;freeFlow;1
2025-07-02T10:03:00+02:00;65281;42;2;60;freeFlow;1
2025-07-02T10:03:00+02:00;65283;42;3;60;freeFlow;1
2025-07-02T10:03:00+02:00;65293;29;7;60;heavy;1
2025-07-02T10:03:00+02:00;65961_D;57;24;38;freeFlow;1
2025-07-02T10:03:00+02:00;65961_G;41;33;45;freeFlow;1
2025-07-02T10:03:00+02:00;65966_D;50;1;0;unknown;0
2025-07-02T10:03:00+02:00;65966_G;50;1;0;unknown;0
2025-07-02T10:03:00+02:00;66020;44;1;100;heavy;3
2025-07-02T10:03:00+02:00;6615_D;45;13;100;heavy;4
2025-07-02T10:03:00+02:00;6615_G;42;14;100;heavy;3
2025-07-02T10:03:00+02:00;6616;26;3;100;heavy;4
2025-07-02T10:03:00+02:00;6619;44;3;100;heavy;4
2025-07-02T10:03:00+02:00;6620;26;9;100;heavy;8
2025-07-02T10:03:00+02:00;6621;34;3;100;heavy;4
2025-07-02T10:03:00+02:00;6622;41;2;100;heavy;6
2025-07-02T10:03:00+02:00;6623;45;1;100;heavy;3
2025-07-02T10:03:00+02:00;6628_D;50;17;0;unknown;0
2025-07-02T10:03:00+02:00;6628_G;44;19;45;freeFlow;1
2025-07-02T10:03:00+02:00;6629_D;50;20;0;unknown;0
2025-07-02T10:03:00+02:00;6629_G;11;88;60;congested;2
2025-07-02T10:03:00+02:00;6643;40;17;100;heavy;3
2025-07-02T10:03:00+02:00;6644;45;15;100;heavy;4
2025-07-02T10:03:00+02:00;6645;29;3;100;heavy;6
2025-07-02T10:03:00+02:00;6646;32;2;100;heavy;6
2025-07-02T10:03:00+02:00;6647;39;1;100;freeFlow;4
2025-07-02T10:03:00+02:00;6648;37;2;100;freeFlow;3
2025-07-02T10:03:00+02:00;6649;38;2;100;freeFlow;4
2025-07-02T10:03:00+02:00;6650;37;5;100;freeFlow;4
2025-07-02T10:03:00+02:00;6651;27;6;100;heavy;6
2025-07-02T10:03:00+02:00;6669_D;54;93;75;heavy;2
2025-07-02T10:03:00+02:00;6669_G;52;96;100;heavy;4
2025-07-02T10:03:00+02:00;67069;50;3;0;unknown;0
2025-07-02T10:03:00+02:00;67223_D;108;1;60;freeFlow;1
2025-07-02T10:03:00+02:00;67223_G;29;2;75;freeFlow;2
2025-07-02T10:03:00+02:00;67229_D;68;6;60;freeFlow;1
2025-07-02T10:03:00+02:00;67229_G;23;18;60;freeFlow;1
2025-07-02T10:03:00+02:00;6723;92;9;100;freeFlow;3
2025-07-02T10:03:00+02:00;67324_D;77;13;60;freeFlow;1
2025-07-02T10:03:00+02:00;67324_G;52;19;100;heavy;4
2025-07-02T10:03:00+02:00;67330;27;2;60;freeFlow;1
2025-07-02T10:03:00+02:00;67332;21;4;15;heavy;1
2025-07-02T10:03:00+02:00;67334;21;2;15;heavy;1
2025-07-02T10:03:00+02:00;67340;28;2;60;freeFlow;1
2025-07-02T10:03:00+02:00;67341;21;15;45;heavy;2
2025-07-02T10:03:00+02:00;67344;13;15;15;heavy;1
2025-07-02T10:03:00+02:00;67352_D;13;30;54;heavy;2
2025-07-02T10:03:00+02:00;67352_G;11;34;60;heavy;1
2025-07-02T10:03:00+02:00;67380_D;49;17;55;freeFlow;2
2025-07-02T10:03:00+02:00;67380_G;33;25;100;heavy;3
2025-07-02T10:03:00+02:00;67385;38;3;100;freeFlow;3
2025-07-02T10:03:00+02:00;67389_D;45;2;0;unknown;0
2025-07-02T10:03:00+02:00;67389_G;32;2;100;heavy;3
2025-07-02T10:03:00+02:00;67390;49;2;40;freeFlow;1
2025-07-02T10:03:00+02:00;67391;36;5;40;freeFlow;1
2025-07-02T10:03:00+02:00;67392;33;5;100;heavy;3
2025-07-02T10:03:00+02:00;67511_D;9;14;51;heavy;2
2025-07-02T10:03:00+02:00;67511_G;30;4;0;unknown;0
2025-07-02T10:03:00+02:00;67514_D;21;8;27;heavy;1
2025-07-02T10:03:00+02:00;67514_G;30;6;0;unknown;0
2025-07-02T10:03:00+02:00;67611;44;4;42;freeFlow;1
2025-07-02T10:03:00+02:00;67816;36;1;60;freeFlow;1
2025-07-02T10:03:00+02:00;67819_D;36;1;60;freeFlow;1
2025-07-02T10:03:00+02:00;67819_G;54;1;60;freeFlow;1
2025-07-02T10:03:00+02:00;67820;36;1;60;freeFlow;1
2025-07-02T10:03:00+02:00;67821;54;1;60;freeFlow;1
2025-07-02T10:03:00+02:00;67823;98;3;50;freeFlow;1
2025-07-02T10:03:00+02:00;67824;50;9;0;unknown;0
2025-07-02T10:03:00+02:00;67829;107;5;60;freeFlow;1
2025-07-02T10:03:00+02:00;67892_D;49;5;40;freeFlow;1
2025-07-02T10:03:00+02:00;67892_G;41;6;100;freeFlow;3
2025-07-02T10:03:00+02:00;68069;31;13;60;heavy;1
2025-07-02T10:03:00+02:00;68070;31;1;60;heavy;1
2025-07-02T10:03:00+02:00;68815;3;31;63;congested;2
2025-07-02T10:03:00+02:00;69060;30;3;0;unknown;0
2025-07-02T10:03:00+02:00;69061;30;4;0;unknown;0
2025-07-02T10:03:00+02:00;69062;30;2;0;unknown;0
2025-07-02T10:03:00+02:00;69063;30;1;0;unknown;0
2025-07-02T10:03:00+02:00;69064_D;30;1;0;unknown;0
2025-07-02T10:03:00+02:00;69064_G;30;1;0;unknown;0
2025-07-02T10:03:00+02:00;69270_D;28;4;52;heavy;1
2025-07-02T10:03:00+02:00;69270_G;50;1;0;unknown;0
2025-07-02T10:03:00+02:00;69277;30;3;0;unknown;0
2025-07-02T10:03:00+02:00;69464;30;1;0;unknown;0
2025-07-02T10:03:00+02:00;69467;30;2;0;unknown;0
2025-07-02T10:03:00+02:00;69493;40;16;100;freeFlow;3
2025-07-02T10:03:00+02:00;69495;40;10;100;freeFlow;3
2025-07-02T10:03:00+02:00;69591;48;6;72;freeFlow;2
2025-07-02T10:03:00+02:00;69673;3;114;75;congested;2
2025-07-02T10:03:00+02:00;69878;46;18;100;freeFlow;5
2025-07-02T10:03:00+02:00;71197_D;48;24;60;heavy;1
2025-07-02T10:03:00+02:00;71197_G;49;23;60;heavy;1
2025-07-02T10:03:00+02:00;71455_D;50;3;0;unknown;0
2025-07-02T10:03:00+02:00;71492_D;17;10;60;heavy;1
2025-07-02T10:03:00+02:00;71492_G;22;8;60;heavy;1
2025-07-02T10:03:00+02:00;71493_D;29;11;12;heavy;1
2025-07-02T10:03:00+02:00;71493_G;56;6;60;freeFlow;1
2025-07-02T10:03:00+02:00;71494;18;8;74;heavy;2
2025-07-02T10:03:00+02:00;71496;20;13;75;heavy;2
2025-07-02T10:03:00+02:00;71497;20;4;60;heavy;1
2025-07-02T10:03:00+02:00;71504_D;18;2;57;heavy;1
2025-07-02T10:03:00+02:00;71504_G;18;2;75;heavy;2
2025-07-02T10:03:00+02:00;71508_D;24;19;75;heavy;2
2025-07-02T10:03:00+02:00;71508_G;20;23;60;heavy;1
2025-07-02T10:03:00+02:00;71509_D;33;31;12;heavy;1
2025-07-02T10:03:00+02:00;71509_G;56;18;60;freeFlow;1
2025-07-02T10:03:00+02:00;71554_D;50;5;0;unknown;0
2025-07-02T10:03:00+02:00;71554_G;27;8;60;heavy;1
2025-07-02T10:03:00+02:00;71555_D;36;3;0;unknown;0
2025-07-02T10:03:00+02:00;71555_G;33;4;60;heavy;1
2025-07-02T10:03:00+02:00;71661;73;4;60;freeFlow;1
2025-07-02T10:03:00+02:00;71668;82;8;74;freeFlow;2
2025-07-02T10:03:00+02:00;72425;91;14;100;freeFlow;3
2025-07-02T10:03:00+02:00;72487_D;57;44;45;freeFlow;2
2025-07-02T10:03:00+02:00;72842_D;50;22;0;unknown;0
2025-07-02T10:03:00+02:00;72842_G;61;18;15;freeFlow;1
2025-07-02T10:03:00+02:00;72940_D;50;24;0;unknown;0
2025-07-02T10:03:00+02:00;72940_G;47;25;75;freeFlow;2
2025-07-02T10:03:00+02:00;73636;32;5;60;heavy;1
2025-07-02T10:03:00+02:00;74067;33;2;60;heavy;1
2025-07-02T10:03:00+02:00;74454;34;1;60;heavy;1
2025-07-02T10:03:00+02:00;74457_D;53;19;60;freeFlow;1
2025-07-02T10:03:00+02:00;74457_G;27;37;12;heavy;1
2025-07-02T10:03:00+02:00;74459;34;1;60;heavy;1
2025-07-02T10:03:00+02:00;74460;70;0;0;unknown;0
2025-07-02T10:03:00+02:00;74461;70;0;0;unknown;0
2025-07-02T10:03:00+02:00;74688_D;58;16;17;freeFlow;1
2025-07-02T10:03:00+02:00;74688_G;58;16;60;freeFlow;1
2025-07-02T10:03:00+02:00;74748_D;22;14;20;congested;1
2025-07-02T10:03:00+02:00;74748_G;80;4;0;unknown;0
2025-07-02T10:03:00+02:00;75340;28;2;55;heavy;1
2025-07-02T10:03:00+02:00;75343_D;30;12;0;unknown;0
2025-07-02T10:03:00+02:00;75343_G;32;11;55;freeFlow;1
2025-07-02T10:03:00+02:00;75344;30;2;70;heavy;2
2025-07-02T10:03:00+02:00;75346;31;2;55;heavy;1
2025-07-02T10:03:00+02:00;75347_D;18;4;52;heavy;1
2025-07-02T10:03:00+02:00;75347_G;50;1;0;unknown;0
2025-07-02T10:03:00+02:00;75348;50;1;0;unknown;0
2025-07-02T10:03:00+02:00;75353;28;1;52;heavy;1
2025-07-02T10:03:00+02:00;75356_D;50;10;0;unknown;0
2025-07-02T10:03:00+02:00;75356_G;38;14;52;freeFlow;1
2025-07-02T10:03:00+02:00;75358;28;2;52;heavy;1
2025-07-02T10:03:00+02:00;75359;50;1;0;unknown;0
2025-07-02T10:03:00+02:00;75385;17;4;95;heavy;3
2025-07-02T10:03:00+02:00;75533_D;70;0;0;unknown;0
2025-07-02T10:03:00+02:00;75533_G;50;1;45;freeFlow;1
2025-07-02T10:03:00+02:00;75630;60;26;75;freeFlow;2
2025-07-02T10:03:00+02:00;75810;102;8;60;freeFlow;1
2025-07-02T10:03:00+02:00;75811;83;5;75;freeFlow;2
2025-07-02T10:03:00+02:00;75812;87;5;100;freeFlow;11
2025-07-02T10:03:00+02:00;75813;86;3;100;freeFlow;10
2025-07-02T10:03:00+02:00;75814;86;3;100;freeFlow;11
2025-07-02T10:03:00+02:00;75815;82;16;100;freeFlow;10
2025-07-02T10:03:00+02:00;75816;36;6;75;freeFlow;2
2025-07-02T10:03:00+02:00;75819_D;53;3;60;freeFlow;1
2025-07-02T10:03:00+02:00;75819_G;39;5;60;freeFlow;1
2025-07-02T10:03:00+02:00;75821;83;4;100;freeFlow;8
2025-07-02T10:03:00+02:00;75823;79;5;100;freeFlow;8
2025-07-02T10:03:00+02:00;75841;30;12;52;heavy;1
2025-07-02T10:03:00+02:00;75842;45;9;68;freeFlow;2
2025-07-02T10:03:00+02:00;75855;40;2;75;heavy;2
2025-07-02T10:03:00+02:00;75858;50;2;40;freeFlow;1
2025-07-02T10:03:00+02:00;75859;50;4;40;freeFlow;1
2025-07-02T10:03:00+02:00;75860;30;6;52;heavy;1
2025-07-02T10:03:00+02:00;75861;30;3;52;heavy;1
2025-07-02T10:03:00+02:00;75862;108;2;38;freeFlow;1
2025-07-02T10:03:00+02:00;75863;108;1;38;freeFlow;1
2025-07-02T10:03:00+02:00;75864;44;1;22;heavy;1
2025-07-02T10:03:00+02:00;75865;44;3;22;heavy;1
2025-07-02T10:03:00+02:00;75866;86;10;100;freeFlow;6
2025-07-02T10:03:00+02:00;75867;89;13;100;freeFlow;8
2025-07-02T10:03:00+02:00;75869;91;58;100;freeFlow;15
2025-07-02T10:03:00+02:00;75873_D;71;8;75;freeFlow;2
2025-07-02T10:03:00+02:00;75873_G;55;9;32;freeFlow;1
2025-07-02T10:03:00+02:00;75874_D;71;6;75;freeFlow;2
2025-07-02T10:03:00+02:00;75874_G;55;7;32;freeFlow;1
2025-07-02T10:03:00+02:00;75875;54;5;75;freeFlow;2
2025-07-02T10:03:00+02:00;75876;49;10;100;freeFlow;3
2025-07-02T10:03:00+02:00;75877;50;17;22;freeFlow;1
2025-07-02T10:03:00+02:00;75878;107;8;60;freeFlow;1
2025-07-02T10:03:00+02:00;75879;83;3;75;freeFlow;2
2025-07-02T10:03:00+02:00;75880;60;14;75;freeFlow;2
2025-07-02T10:03:00+02:00;75882;82;12;100;freeFlow;5
2025-07-02T10:03:00+02:00;75883;93;4;100;freeFlow;10
2025-07-02T10:03:00+02:00;75884;67;6;100;freeFlow;9
2025-07-02T10:03:00+02:00;75885;90;3;100;freeFlow;11
2025-07-02T10:03:00+02:00;75886;83;7;100;freeFlow;9
2025-07-02T10:03:00+02:00;75911;42;7;60;freeFlow;1
2025-07-02T10:03:00+02:00;75912;50;6;0;unknown;0
2025-07-02T10:03:00+02:00;76094;106;5;50;freeFlow;1
2025-07-02T10:03:00+02:00;7864_D;74;48;100;freeFlow;5
2025-07-02T10:03:00+02:00;7864_G;68;52;100;freeFlow;3
2025-07-02T10:03:00+02:00;790_D;62;13;75;freeFlow;2
2025-07-02T10:03:00+02:00;790_G;58;14;57;freeFlow;1
2025-07-02T10:03:00+02:00;791_D;43;20;100;heavy;5
2025-07-02T10:03:00+02:00;791_G;14;59;58;congested;1
2025-07-02T10:03:00+02:00;7936;93;8;100;freeFlow;3
2025-07-02T10:03:00+02:00;7937;91;24;100;freeFlow;3
2025-07-02T10:03:00+02:00;7938;87;35;75;freeFlow;2
2025-07-02T10:03:00+02:00;7995_D;57;19;100;freeFlow;4
2025-07-02T10:03:00+02:00;7995_G;67;15;100;freeFlow;3
2025-07-02T10:03:00+02:00;862_D;65;17;57;freeFlow;1
2025-07-02T10:03:00+02:00;862_G;59;19;60;freeFlow;1
2025-07-02T10:03:00+02:00;863_D;69;10;57;freeFlow;1
2025-07-02T10:03:00+02:00;863_G;59;12;60;freeFlow;1
2025-07-02T10:03:00+02:00;8745;34;6;75;heavy;2
2025-07-02T10:03:00+02:00;8962;100;22;100;freeFlow;4
2025-07-02T10:03:00+02:00;8963_D;63;7;60;freeFlow;1
2025-07-02T10:03:00+02:00;8963_G;39;11;60;heavy;1
2025-07-02T10:03:00+02:00;8966;97;12;100;freeFlow;4
2025-07-02T10:03:00+02:00;8969;94;14;100;freeFlow;4
2025-07-02T10:03:00+02:00;8970;89;17;100;freeFlow;7
2025-07-02T10:03:00+02:00;8971;88;23;100;freeFlow;7
2025-07-02T10:03:00+02:00;8974_D;60;4;65;freeFlow;2
2025-07-02T10:03:00+02:00;8974_G;50;5;60;freeFlow;1
2025-07-02T10:03:00+02:00;8976_D;58;6;50;freeFlow;1
2025-07-02T10:03:00+02:00;8976_G;54;7;60;freeFlow;1
2025-07-02T10:03:00+02:00;8977_D;50;6;98;freeFlow;3
2025-07-02T10:03:00+02:00;8977_G;60;5;60;freeFlow;1
2025-07-02T10:03:00+02:00;8978;99;14;100;freeFlow;4
2025-07-02T10:03:00+02:00;9040;73;12;60;freeFlow;1
2025-07-02T10:03:00+02:00;9041;47;4;75;freeFlow;2
2025-07-02T10:03:00+02:00;9042;51;2;60;freeFlow;1
2025-07-02T10:03:00+02:00;9043;32;5;73;heavy;2
2025-07-02T10:03:00+02:00;9044;44;3;75;freeFlow;2
2025-07-02T10:03:00+02:00;9045;39;3;40;freeFlow;1
2025-07-02T10:03:00+02:00;9046;51;2;60;freeFlow;1
2025-07-02T10:03:00+02:00;9047;51;2;60;freeFlow;1
2025-07-02T10:03:00+02:00;9048;51;10;60;heavy;1
2025-07-02T10:03:00+02:00;9049;40;4;75;freeFlow;2
2025-07-02T10:03:00+02:00;9050;40;2;75;freeFlow;2
2025-07-02T10:03:00+02:00;9051;37;4;100;freeFlow;3
2025-07-02T10:03:00+02:00;9052;50;2;0;unknown;0
2025-07-02T10:03:00+02:00;9053;55;2;75;freeFlow;2
2025-07-02T10:03:00+02:00;9054;42;14;75;freeFlow;2
2025-07-02T10:03:00+02:00;9055;65;9;75;freeFlow;2
2025-07-02T10:03:00+02:00;9057_D;84;6;75;freeFlow;2
2025-07-02T10:03:00+02:00;9057_G;64;8;60;freeFlow;1
2025-07-02T10:03:00+02:00;9058_D;86;16;60;freeFlow;1
2025-07-02T10:03:00+02:00;9058_G;64;21;60;freeFlow;1
2025-07-02T10:03:00+02:00;9059_D;83;7;60;freeFlow;1
2025-07-02T10:03:00+02:00;9059_G;64;10;60;freeFlow;1
2025-07-02T10:03:00+02:00;9060;21;9;97;congested;3
2025-07-02T10:03:00+02:00;9061;47;3;60;heavy;1
2025-07-02T10:03:00+02:00;9062;34;5;60;heavy;1
2025-07-02T10:03:00+02:00;9063;22;5;73;congested;2
2025-07-02T10:03:00+02:00;9068_D;65;28;60;freeFlow;1
2025-07-02T10:03:00+02:00;9068_G;46;39;60;heavy;1
2025-07-02T10:03:00+02:00;9070_D;78;26;100;freeFlow;3
2025-07-02T10:03:00+02:00;9070_G;65;32;75;freeFlow;2
2025-07-02T10:03:00+02:00;9073;86;5;100;freeFlow;7
2025-07-02T10:03:00+02:00;9074;80;11;100;freeFlow;10
2025-07-02T10:03:00+02:00;9082_D;67;3;60;freeFlow;1
2025-07-02T10:03:00+02:00;9082_G;42;5;12;heavy;1
2025-07-02T10:03:00+02:00;9090_D;69;19;60;freeFlow;1
2025-07-02T10:03:00+02:00;9090_G;62;22;32;freeFlow;2
2025-07-02T10:03:00+02:00;9103;51;28;75;heavy;2
2025-07-02T10:03:00+02:00;9108;103;12;60;freeFlow;1
2025-07-02T10:03:00+02:00;9114;103;1;60;freeFlow;1
2025-07-02T10:03:00+02:00;9115;73;20;60;freeFlow;1
2025-07-02T10:03:00+02:00;9116;77;2;57;freeFlow;1
2025-07-02T10:03:00+02:00;9117;75;7;57;freeFlow;1
2025-07-02T10:03:00+02:00;9133;62;31;100;heavy;3
2025-07-02T10:03:00+02:00;9134;66;22;75;freeFlow;2
2025-07-02T10:03:00+02:00;9177;77;25;57;freeFlow;1
2025-07-02T10:03:00+02:00;9190;43;8;75;heavy;2
2025-07-02T10:03:00+02:00;9199;33;2;60;heavy;1
2025-07-02T10:03:00+02:00;9200;32;5;38;heavy;1
2025-07-02T10:03:00+02:00;9201;33;2;60;heavy;1
2025-07-02T10:03:00+02:00;9202;33;4;75;heavy;2
2025-07-02T10:03:00+02:00;9203;37;3;75;heavy;2
2025-07-02T10:03:00+02:00;9204;72;2;75;freeFlow;2
2025-07-02T10:03:00+02:00;9213;56;50;60;freeFlow;2
2025-07-02T10:03:00+02:00;9214_D;70;1;0;unknown;0
2025-07-02T10:03:00+02:00;9214_G;103;1;60;freeFlow;1
2025-07-02T10:03:00+02:00;9215;74;37;55;freeFlow;1
2025-07-02T10:03:00+02:00;9279;85;25;100;freeFlow;7
2025-07-02T10:03:00+02:00;9280;79;30;100;freeFlow;7
2025-07-02T10:03:00+02:00;9343_D;25;49;60;heavy;1
2025-07-02T10:03:00+02:00;9343_G;76;16;75;freeFlow;2
2025-07-02T10:03:00+02:00;9344_D;9;66;60;heavy;1
2025-07-02T10:03:00+02:00;9344_G;19;31;60;heavy;1
2025-07-02T10:03:00+02:00;9345_D;38;22;60;freeFlow;1
2025-07-02T10:03:00+02:00;9345_G;53;16;60;freeFlow;1
2025-07-02T10:03:00+02:00;9346_D;37;12;60;freeFlow;1
2025-07-02T10:03:00+02:00;9346_G;53;9;60;freeFlow;1
2025-07-02T10:03:00+02:00;9348_D;42;5;60;freeFlow;1
2025-07-02T10:03:00+02:00;9348_G;21;11;60;heavy;1
2025-07-02T10:03:00+02:00;9351_D;50;24;46;heavy;2
2025-07-02T10:03:00+02:00;9351_G;44;26;60;heavy;1
2025-07-02T10:03:00+02:00;9370_D;41;20;60;heavy;1
2025-07-02T10:03:00+02:00;9370_G;48;18;75;heavy;2
2025-07-02T10:03:00+02:00;9371_D;85;8;60;freeFlow;1
2025-07-02T10:03:00+02:00;9371_G;19;35;60;congested;1
2025-07-02T10:03:00+02:00;9378;84;14;100;freeFlow;8
2025-07-02T10:03:00+02:00;9379;77;15;100;freeFlow;11
2025-07-02T10:03:00+02:00;9414_D;26;10;60;freeFlow;1
2025-07-02T10:03:00+02:00;9414_G;25;10;75;freeFlow;2
2025-07-02T10:03:00+02:00;9416_D;25;9;60;freeFlow;1
2025-07-02T10:03:00+02:00;9416_G;56;4;75;freeFlow;2
2025-07-02T10:03:00+02:00;9418_D;25;15;60;freeFlow;1
2025-07-02T10:03:00+02:00;9418_G;56;6;75;freeFlow;2
2025-07-02T10:03:00+02:00;9421;30;4;0;unknown;0
2025-07-02T10:03:00+02:00;9422;30;3;0;unknown;0
2025-07-02T10:03:00+02:00;9423;21;5;75;heavy;2
2025-07-02T10:03:00+02:00;9424;27;6;75;freeFlow;2
2025-07-02T10:03:00+02:00;9425_D;30;5;0;unknown;0
2025-07-02T10:03:00+02:00;9425_G;56;2;75;freeFlow;2
2025-07-02T10:03:00+02:00;9427_D;80;4;0;unknown;0
2025-07-02T10:03:00+02:00;9427_G;46;7;75;heavy;2
2025-07-02T10:03:00+02:00;9434_D;80;10;0;unknown;0
2025-07-02T10:03:00+02:00;9434_G;59;13;75;freeFlow;2
2025-07-02T10:03:00+02:00;9435_D;12;85;45;congested;1
2025-07-02T10:03:00+02:00;9435_G;46;22;75;heavy;2
2025-07-02T10:03:00+02:00;9437_D;35;32;45;heavy;1
2025-07-02T10:03:00+02:00;9437_G;25;45;75;heavy;2
2025-07-02T10:03:00+02:00;9588_D;64;9;60;freeFlow;1
2025-07-02T10:03:00+02:00;9588_G;42;14;12;heavy;1
2025-07-02T10:03:00+02:00;9625_D;61;6;60;freeFlow;1
2025-07-02T10:03:00+02:00;9625_G;42;9;12;heavy;1
2025-07-02T10:03:00+02:00;9739;40;3;75;heavy;2
2025-07-02T10:03:00+02:00;9740;40;2;75;heavy;2
2025-07-02T10:03:00+02:00;9741;20;3;60;congested;1
2025-07-02T10:03:00+02:00;9742;11;13;60;congested;1
2025-07-02T10:03:00+02:00;9745_D;50;3;60;freeFlow;1
2025-07-02T10:03:00+02:00;9745_G;50;6;17;freeFlow;1
2025-07-02T10:03:00+02:00;9757_D;40;3;60;heavy;1
2025-07-02T10:03:00+02:00;9757_G;16;7;15;congested;1
2025-07-02T10:03:00+02:00;9758_D;40;8;60;heavy;1
2025-07-02T10:03:00+02:00;9758_G;53;6;12;freeFlow;1
2025-07-02T10:03:00+02:00;9834_D;80;25;60;freeFlow;1
2025-07-02T10:03:00+02:00;9834_G;68;29;32;freeFlow;2
2025-07-02T10:03:00+02:00;9912;23;7;60;heavy;1
2025-07-02T10:03:00+02:00;9913;32;3;60;heavy;1
2025-07-02T10:03:00+02:00;9914;38;2;60;heavy;1
2025-07-02T10:03:00+02:00;9915;37;3;75;heavy;2
2025-07-02T10:03:00+02:00;9916;24;6;92;heavy;3
2025-07-02T10:03:00+02:00;9917_D;48;3;65;heavy;2
2025-07-02T10:03:00+02:00;9917_G;32;4;60;heavy;1
2025-07-02T10:03:00+02:00;9921_D;66;23;60;freeFlow;1
2025-07-02T10:03:00+02:00;9921_G;29;51;20;heavy;1
2025-07-02T10:03:00+02:00;1601981;82;2;60;freeFlow;1
2025-07-02T10:03:00+02:00;1601982;26;35;60;heavy;1
2025-07-02T10:03:00+02:00;1634;70;8;60;freeFlow;1
2025-07-02T10:03:00+02:00;1635;70;2;60;freeFlow;1
2025-07-02T10:03:00+02:00;1636;41;4;75;freeFlow;2
2025-07-02T10:03:00+02:00;1637;37;3;100;heavy;4
2025-07-02T10:03:00+02:00;1640;28;4;94;heavy;5
2025-07-02T10:03:00+02:00;1641;70;2;60;freeFlow;1
2025-07-02T10:03:00+02:00;1642;41;2;100;heavy;3
2025-07-02T10:03:00+02:00;1678329;75;8;75;freeFlow;2
2025-07-02T10:03:00+02:00;1680500_D;40;7;60;freeFlow;1
2025-07-02T10:03:00+02:00;1680500_G;39;7;60;freeFlow;1
2025-07-02T10:03:00+02:00;1680501;53;16;88;freeFlow;12
2025-07-02T10:03:00+02:00;1680580;54;8;60;freeFlow;1
2025-07-02T10:03:00+02:00;1680586;31;5;57;heavy;1
2025-07-02T10:03:00+02:00;1680594;31;1;57;heavy;1
2025-07-02T10:03:00+02:00;1680595;50;1;0;unknown;0
2025-07-02T10:03:00+02:00;1680596;31;1;57;heavy;1
2025-07-02T10:03:00+02:00;1680597;50;1;0;unknown;0
2025-07-02T10:03:00+02:00;1680604;49;2;60;freeFlow;1
2025-07-02T10:03:00+02:00;1747_D;43;2;57;freeFlow;1
2025-07-02T10:03:00+02:00;1747_G;20;4;60;heavy;1
2025-07-02T10:03:00+02:00;1762;21;24;60;heavy;1
2025-07-02T10:03:00+02:00;1763;38;14;74;freeFlow;2
2025-07-02T10:03:00+02:00;1765_D;25;16;57;heavy;1
2025-07-02T10:03:00+02:00;1765_G;18;22;75;heavy;2
2025-07-02T10:03:00+02:00;1852;86;13;100;freeFlow;8
2025-07-02T10:03:00+02:00;1857;85;25;100;freeFlow;15
2025-07-02T10:03:00+02:00;1858;88;10;100;freeFlow;6
2025-07-02T10:03:00+02:00;1859;88;11;100;freeFlow;12
2025-07-02T10:03:00+02:00;1860;27;45;98;heavy;4
2025-07-02T10:03:00+02:00;1910718_D;39;3;50;freeFlow;1
2025-07-02T10:03:00+02:00;1910718_G;3;32;48;congested;2
2025-07-02T10:03:00+02:00;1910863_D;35;16;60;heavy;1
2025-07-02T10:03:00+02:00;1910863_G;50;11;0;unknown;0
2025-07-02T10:03:00+02:00;1911250;14;17;100;congested;3
2025-07-02T10:03:00+02:00;35088;42;5;100;heavy;8
2025-07-02T10:03:00+02:00;35089;35;6;100;heavy;9
2025-07-02T10:03:00+02:00;35090;40;2;75;heavy;2
2025-07-02T10:03:00+02:00;35091;44;3;100;heavy;7
2025-07-02T10:03:00+02:00;35093;52;5;83;freeFlow;3
2025-07-02T10:03:00+02:00;35094;48;6;100;heavy;8
2025-07-02T10:03:00+02:00;35099;34;3;75;heavy;2
2025-07-02T10:03:00+02:00;35101;25;3;100;heavy;7
2025-07-02T10:03:00+02:00;35102;56;1;45;freeFlow;1
2025-07-02T10:03:00+02:00;35104;57;46;100;freeFlow;7
2025-07-02T10:03:00+02:00;35116;26;5;100;heavy;8
2025-07-02T10:03:00+02:00;35117;32;5;100;heavy;4
2025-07-02T10:03:00+02:00;35118;34;5;75;heavy;2
2025-07-02T10:03:00+02:00;35119;35;6;100;freeFlow;6
2025-07-02T10:03:00+02:00;35120_D;53;1;100;freeFlow;3
2025-07-02T10:03:00+02:00;35120_G;20;4;60;heavy;1
2025-07-02T10:03:00+02:00;35121_D;47;44;100;freeFlow;4
2025-07-02T10:03:00+02:00;35121_G;41;50;73;freeFlow;2
2025-07-02T10:03:00+02:00;40196;85;3;69;freeFlow;2
2025-07-02T10:03:00+02:00;40197;106;2;60;freeFlow;1
2025-07-02T10:03:00+02:00;41636_D;28;6;40;heavy;1
2025-07-02T10:03:00+02:00;41636_G;25;6;38;heavy;1
2025-07-02T10:03:00+02:00;41652_G;25;9;38;heavy;1
2025-07-02T10:03:00+02:00;41653_D;29;3;40;heavy;1
2025-07-02T10:03:00+02:00;41653_G;20;5;38;heavy;1
2025-07-02T10:03:00+02:00;41667_D;27;6;59;heavy;2
2025-07-02T10:03:00+02:00;41667_G;19;7;38;heavy;1
2025-07-02T10:03:00+02:00;41668_D;39;1;60;freeFlow;1
2025-07-02T10:03:00+02:00;41668_G;21;2;40;heavy;1
2025-07-02T10:03:00+02:00;41721;84;12;100;freeFlow;8
2025-07-02T10:03:00+02:00;41722;87;13;100;freeFlow;12
2025-07-02T10:03:00+02:00;41758;83;16;100;freeFlow;11
2025-07-02T10:03:00+02:00;41759;86;16;100;freeFlow;8
2025-07-02T10:03:00+02:00;41760;85;16;100;freeFlow;9
2025-07-02T10:03:00+02:00;41949_D;34;8;60;heavy;1
2025-07-02T10:03:00+02:00;41949_G;10;27;50;congested;2
2025-07-02T10:03:00+02:00;41974_D;39;6;57;freeFlow;1
2025-07-02T10:03:00+02:00;41974_G;33;7;27;heavy;1
2025-07-02T10:03:00+02:00;41975_D;43;8;73;freeFlow;2
2025-07-02T10:03:00+02:00;41975_G;8;43;43;congested;2
2025-07-02T10:03:00+02:00;41985_D;37;2;60;freeFlow;1
2025-07-02T10:03:00+02:00;41985_G;28;3;40;heavy;1
2025-07-02T10:03:00+02:00;42064_D;27;8;60;heavy;1
2025-07-02T10:03:00+02:00;42064_G;18;12;38;heavy;1
2025-07-02T10:03:00+02:00;420870_D;49;5;30;freeFlow;1
2025-07-02T10:03:00+02:00;420870_G;36;7;50;freeFlow;1
2025-07-02T10:03:00+02:00;42206_G;106;9;35;freeFlow;1
2025-07-02T10:03:00+02:00;42238_G;9;37;40;congested;1
2025-07-02T10:03:00+02:00;42239_D;29;10;40;heavy;1
2025-07-02T10:03:00+02:00;42239_G;23;12;38;heavy;1
2025-07-02T10:03:00+02:00;42240_D;28;27;40;heavy;1
2025-07-02T10:03:00+02:00;42240_G;38;20;35;freeFlow;1
2025-07-02T10:03:00+02:00;42241_D;34;21;40;heavy;1
2025-07-02T10:03:00+02:00;42241_G;42;17;60;freeFlow;1
2025-07-02T10:03:00+02:00;42242_D;21;14;27;heavy;1
2025-07-02T10:03:00+02:00;42242_G;22;13;60;heavy;1
2025-07-02T10:03:00+02:00;42683_D;21;15;27;heavy;1
2025-07-02T10:03:00+02:00;42683_G;15;21;60;heavy;1
2025-07-02T10:03:00+02:00;42714_D;43;5;73;freeFlow;2
2025-07-02T10:03:00+02:00;42714_G;35;6;25;freeFlow;1
2025-07-02T10:03:00+02:00;42716_D;26;3;60;heavy;1
2025-07-02T10:03:00+02:00;42716_G;26;3;60;heavy;1
2025-07-02T10:03:00+02:00;43449_D;25;9;20;freeFlow;1
2025-07-02T10:03:00+02:00;43449_G;35;6;32;freeFlow;1
2025-07-02T10:03:00+02:00;43450_D;24;13;22;freeFlow;1
2025-07-02T10:03:00+02:00;43450_G;14;22;32;heavy;1
2025-07-02T10:03:00+02:00;43451_G;33;14;32;freeFlow;1
2025-07-02T10:03:00+02:00;43452_D;21;8;20;heavy;1
2025-07-02T10:03:00+02:00;43452_G;33;5;32;freeFlow;1
2025-07-02T10:03:00+02:00;43475_D;50;4;0;unknown;0
2025-07-02T10:03:00+02:00;43475_G;51;4;42;freeFlow;1
2025-07-02T10:03:00+02:00;43622_D;20;5;50;heavy;1
2025-07-02T10:03:00+02:00;43622_G;33;3;60;heavy;1
2025-07-02T10:03:00+02:00;43623_D;5;37;52;congested;1
2025-07-02T10:03:00+02:00;43623_G;33;6;60;heavy;1
2025-07-02T10:03:00+02:00;43624_D;19;12;52;heavy;1
2025-07-02T10:03:00+02:00;43624_G;20;11;60;heavy;1
2025-07-02T10:03:00+02:00;43625_D;28;13;50;heavy;1
2025-07-02T10:03:00+02:00;43625_G;33;11;60;heavy;1
2025-07-02T10:03:00+02:00;43657_D;33;3;60;heavy;1
2025-07-02T10:03:00+02:00;43657_G;28;3;50;heavy;1
2025-07-02T10:03:00+02:00;43659_D;5;29;35;congested;1
2025-07-02T10:03:00+02:00;43659_G;10;13;35;heavy;1
2025-07-02T10:03:00+02:00;44039_D;50;2;0;unknown;0
2025-07-02T10:03:00+02:00;44039_G;51;2;42;freeFlow;1
2025-07-02T10:03:00+02:00;44040_D;50;9;0;unknown;0
2025-07-02T10:03:00+02:00;44040_G;50;9;0;unknown;0
2025-07-02T10:03:00+02:00;44041_D;50;9;0;unknown;0
2025-07-02T10:03:00+02:00;44041_G;50;9;0;unknown;0
2025-07-02T10:03:00+02:00;44042_D;50;10;0;unknown;0
2025-07-02T10:03:00+02:00;44042_G;50;9;0;unknown;0
2025-07-02T10:03:00+02:00;44071_D;19;14;12;heavy;1
2025-07-02T10:03:00+02:00;44071_G;27;11;0;unknown;0
2025-07-02T10:03:00+02:00;44080;32;4;22;heavy;1
2025-07-02T10:03:00+02:00;44113_D;50;6;0;unknown;0
2025-07-02T10:03:00+02:00;44113_G;36;8;60;freeFlow;1
2025-07-02T10:03:00+02:00;44114_D;50;5;0;unknown;0
2025-07-02T10:03:00+02:00;44114_G;36;7;60;freeFlow;1
2025-07-02T10:03:00+02:00;44115_D;50;7;0;unknown;0
2025-07-02T10:03:00+02:00;44115_G;36;10;60;freeFlow;1
2025-07-02T10:03:00+02:00;44117_D;50;6;0;unknown;0
2025-07-02T10:03:00+02:00;44117_G;36;7;60;freeFlow;1
2025-07-02T10:03:00+02:00;44118_D;50;4;0;unknown;0
2025-07-02T10:03:00+02:00;44118_G;17;12;60;heavy;1
2025-07-02T10:03:00+02:00;44125_D;50;3;0;unknown;0
2025-07-02T10:03:00+02:00;44125_G;15;9;58;heavy;2
2025-07-02T10:03:00+02:00;44127;25;12;12;heavy;1
2025-07-02T10:03:00+02:00;44128;50;7;0;unknown;0
2025-07-02T10:03:00+02:00;44170_D;50;3;0;unknown;0
2025-07-02T10:03:00+02:00;44170_G;33;6;60;heavy;1
2025-07-02T10:03:00+02:00;44713_D;31;1;60;heavy;1
2025-07-02T10:03:00+02:00;44713_G;50;0;0;unknown;0
2025-07-02T10:03:00+02:00;44930;36;5;60;freeFlow;1
2025-07-02T10:03:00+02:00;44931;51;13;60;freeFlow;1
2025-07-02T10:03:00+02:00;44934;87;23;100;freeFlow;10
2025-07-02T10:03:00+02:00;45486_G;33;6;55;heavy;1
2025-07-02T10:03:00+02:00;45487_G;33;8;55;heavy;1
2025-07-02T10:03:00+02:00;45488_D;18;37;82;heavy;3
2025-07-02T10:03:00+02:00;45488_G;14;50;70;congested;2
2025-07-02T10:03:00+02:00;45489_D;39;7;27;freeFlow;1
2025-07-02T10:03:00+02:00;45489_G;31;8;52;heavy;1
2025-07-02T10:03:00+02:00;45490_D;16;10;60;heavy;2
2025-07-02T10:03:00+02:00;45490_G;32;5;52;heavy;1
2025-07-02T10:03:00+02:00;45503_D;50;3;0;unknown;0
2025-07-02T10:03:00+02:00;45503_G;1;94;27;congested;1
2025-07-02T10:03:00+02:00;45504_D;50;3;0;unknown;0
2025-07-02T10:03:00+02:00;45504_G;17;9;27;heavy;1
2025-07-02T10:03:00+02:00;45505_D;50;7;0;unknown;0
2025-07-02T10:03:00+02:00;45505_G;10;32;26;congested;1
2025-07-02T10:03:00+02:00;45530_D;30;2;0;unknown;0
2025-07-02T10:03:00+02:00;45530_G;36;2;60;freeFlow;1
2025-07-02T10:03:00+02:00;45531_D;30;2;0;unknown;0
2025-07-02T10:03:00+02:00;45531_G;35;1;60;freeFlow;1
2025-07-02T10:03:00+02:00;45532_D;30;7;0;unknown;0
2025-07-02T10:03:00+02:00;45532_G;35;6;60;freeFlow;1
2025-07-02T10:03:00+02:00;45565_D;50;7;0;unknown;0
2025-07-02T10:03:00+02:00;45565_G;35;9;55;freeFlow;1
2025-07-02T10:03:00+02:00;45566_D;50;5;0;unknown;0
2025-07-02T10:03:00+02:00;45566_G;36;8;55;freeFlow;1
2025-07-02T10:03:00+02:00;45567_D;41;7;0;unknown;0
2025-07-02T10:03:00+02:00;45567_G;37;8;55;freeFlow;1
2025-07-02T10:03:00+02:00;45568_D;39;11;0;unknown;0
2025-07-02T10:03:00+02:00;45568_G;14;34;57;congested;1
2025-07-02T10:03:00+02:00;45601_D;50;6;0;unknown;0
2025-07-02T10:03:00+02:00;45601_G;50;6;0;unknown;0
2025-07-02T10:03:00+02:00;45613_D;16;19;48;heavy;2
2025-07-02T10:03:00+02:00;45613_G;37;9;55;freeFlow;1
2025-07-02T10:03:00+02:00;45614_D;20;10;60;heavy;1
2025-07-02T10:03:00+02:00;45614_G;32;7;52;heavy;1
2025-07-02T10:03:00+02:00;45636;44;26;60;heavy;1
2025-07-02T10:03:00+02:00;45637;94;12;100;freeFlow;11
2025-07-02T10:03:00+02:00;45640;44;11;48;freeFlow;1
2025-07-02T10:03:00+02:00;45641;106;12;100;freeFlow;10
2025-07-02T10:03:00+02:00;45642;86;25;100;freeFlow;10
2025-07-02T10:03:00+02:00;45644_D;39;24;55;freeFlow;1
2025-07-02T10:03:00+02:00;45644_G;27;34;52;heavy;1
2025-07-02T10:03:00+02:00;45645_G;44;13;50;freeFlow;1
2025-07-02T10:03:00+02:00;45725;92;34;100;freeFlow;12
2025-07-02T10:03:00+02:00;45736_D;34;14;57;heavy;1
2025-07-02T10:03:00+02:00;45736_G;95;5;74;freeFlow;2
2025-07-02T10:03:00+02:00;45759_D;22;17;85;heavy;3
2025-07-02T10:03:00+02:00;45759_G;15;25;59;congested;1
2025-07-02T10:03:00+02:00;45760_D;39;7;52;freeFlow;1
2025-07-02T10:03:00+02:00;45760_G;42;7;57;freeFlow;1
2025-07-02T10:03:00+02:00;45761_G;50;6;0;unknown;0
2025-07-02T10:03:00+02:00;45762_D;41;6;55;freeFlow;1
2025-07-02T10:03:00+02:00;45762_G;10;24;22;congested;1
2025-07-02T10:03:00+02:00;45849_D;17;5;60;heavy;1
2025-07-02T10:03:00+02:00;45849_G;28;3;38;heavy;1
2025-07-02T10:03:00+02:00;45850_D;53;2;60;freeFlow;1
2025-07-02T10:03:00+02:00;45850_G;50;2;0;unknown;0
2025-07-02T10:03:00+02:00;45865_G;30;12;60;heavy;1
2025-07-02T10:03:00+02:00;46027;42;1;60;freeFlow;1
2025-07-02T10:03:00+02:00;46028;22;32;55;heavy;1
2025-07-02T10:03:00+02:00;46029;17;10;71;heavy;2
2025-07-02T10:03:00+02:00;46036_D;50;10;0;unknown;0
2025-07-02T10:03:00+02:00;46036_G;50;10;0;unknown;0
2025-07-02T10:03:00+02:00;46053_G;4;103;65;congested;2
2025-07-02T10:03:00+02:00;46054_D;50;4;0;unknown;0
2025-07-02T10:03:00+02:00;46054_G;5;35;60;congested;1
2025-07-02T10:03:00+02:00;46055_D;50;5;0;unknown;0
2025-07-02T10:03:00+02:00;46055_G;42;6;60;freeFlow;1
2025-07-02T10:03:00+02:00;46056_G;7;13;60;congested;1
2025-07-02T10:03:00+02:00;46057_D;50;4;0;unknown;0
2025-07-02T10:03:00+02:00;46057_G;7;26;60;congested;1
2025-07-02T10:03:00+02:00;46058_D;50;7;0;unknown;0
2025-07-02T10:03:00+02:00;46058_G;8;45;22;congested;1
2025-07-02T10:03:00+02:00;46059_D;50;12;0;unknown;0
2025-07-02T10:03:00+02:00;46059_G;7;81;22;congested;1
2025-07-02T10:03:00+02:00;46079_D;50;6;0;unknown;0
2025-07-02T10:03:00+02:00;46079_G;42;7;60;freeFlow;1
2025-07-02T10:03:00+02:00;46080_D;50;9;0;unknown;0
2025-07-02T10:03:00+02:00;46080_G;7;69;22;congested;1
2025-07-02T10:03:00+02:00;46081;21;12;20;heavy;1
2025-07-02T10:03:00+02:00;46135;50;7;0;unknown;0
2025-07-02T10:03:00+02:00;46136;50;6;0;unknown;0
2025-07-02T10:03:00+02:00;46137;50;9;0;unknown;0
2025-07-02T10:03:00+02:00;46163;29;11;20;heavy;1
2025-07-02T10:03:00+02:00;46228;106;10;60;freeFlow;1
2025-07-02T10:03:00+02:00;46230;87;16;100;freeFlow;8
2025-07-02T10:03:00+02:00;46251_D;35;5;30;freeFlow;1
2025-07-02T10:03:00+02:00;46251_G;22;8;52;heavy;1
2025-07-02T10:03:00+02:00;46264;58;28;52;heavy;1
2025-07-02T10:03:00+02:00;46265;88;8;100;freeFlow;8
2025-07-02T10:03:00+02:00;46266;86;3;100;freeFlow;8
2025-07-02T10:03:00+02:00;46267;82;10;100;freeFlow;9
2025-07-02T10:03:00+02:00;46268;62;24;100;heavy;9
2025-07-02T10:03:00+02:00;46270_D;6;40;45;congested;1
2025-07-02T10:03:00+02:00;46270_G;106;2;35;freeFlow;1
2025-07-02T10:03:00+02:00;46271_D;37;7;45;freeFlow;1
2025-07-02T10:03:00+02:00;46271_G;29;9;48;heavy;1
2025-07-02T10:03:00+02:00;46374_D;15;80;60;heavy;1
2025-07-02T10:03:00+02:00;46374_G;50;25;0;unknown;0
2025-07-02T10:03:00+02:00;46375_D;41;12;32;freeFlow;1
2025-07-02T10:03:00+02:00;46375_G;50;10;0;unknown;0
2025-07-02T10:03:00+02:00;46376_D;38;18;35;freeFlow;1
2025-07-02T10:03:00+02:00;46376_G;50;14;0;unknown;0
2025-07-02T10:03:00+02:00;46377_D;38;11;35;freeFlow;1
2025-07-02T10:03:00+02:00;46377_G;42;10;60;freeFlow;1
2025-07-02T10:03:00+02:00;46427_D;14;27;32;congested;1
2025-07-02T10:03:00+02:00;46427_G;50;7;0;unknown;0
2025-07-02T10:03:00+02:00;46559_D;19;4;40;heavy;1
2025-07-02T10:03:00+02:00;46559_G;50;1;0;unknown;0
2025-07-02T10:03:00+02:00;46560_D;21;18;40;heavy;1
2025-07-02T10:03:00+02:00;46560_G;50;8;0;unknown;0
2025-07-02T10:03:00+02:00;46561_D;30;8;40;heavy;1
2025-07-02T10:03:00+02:00;46561_G;50;5;0;unknown;0
2025-07-02T10:03:00+02:00;46562_D;34;3;40;heavy;1
2025-07-02T10:03:00+02:00;46562_G;50;2;0;unknown;0
2025-07-02T10:03:00+02:00;46563_D;24;17;40;heavy;1
2025-07-02T10:03:00+02:00;46563_G;50;9;0;unknown;0
2025-07-02T10:03:00+02:00;46564_D;16;12;42;heavy;1
2025-07-02T10:03:00+02:00;46564_G;50;4;0;unknown;0
2025-07-02T10:03:00+02:00;46565_D;20;9;42;heavy;1
2025-07-02T10:03:00+02:00;46565_G;50;4;0;unknown;0
2025-07-02T10:03:00+02:00;46566_D;33;8;42;heavy;1
2025-07-02T10:03:00+02:00;46566_G;50;5;0;unknown;0
2025-07-02T10:03:00+02:00;46567_G;42;2;60;freeFlow;1
2025-07-02T10:03:00+02:00;46568_D;40;2;35;freeFlow;1
2025-07-02T10:03:00+02:00;46568_G;42;2;60;freeFlow;1
2025-07-02T10:03:00+02:00;46569_D;13;37;57;congested;2
2025-07-02T10:03:00+02:00;46569_G;50;9;0;unknown;0
2025-07-02T10:03:00+02:00;46627_D;26;20;40;heavy;1
2025-07-02T10:03:00+02:00;46627_G;50;11;0;unknown;0
2025-07-02T10:03:00+02:00;46628_D;17;23;42;heavy;1
2025-07-02T10:03:00+02:00;46628_G;50;8;0;unknown;0
2025-07-02T10:03:00+02:00;46640;20;37;50;heavy;1
2025-07-02T10:03:00+02:00;46641;16;25;50;heavy;1
2025-07-02T10:03:00+02:00;46643;14;12;17;congested;1
2025-07-02T10:03:00+02:00;46649;50;8;0;unknown;0
2025-07-02T10:03:00+02:00;46653_D;50;12;0;unknown;0
2025-07-02T10:03:00+02:00;46653_G;50;12;0;unknown;0
2025-07-02T10:03:00+02:00;46654_D;50;10;0;unknown;0
2025-07-02T10:03:00+02:00;46654_G;50;10;0;unknown;0
2025-07-02T10:03:00+02:00;46655_D;50;3;0;unknown;0
2025-07-02T10:03:00+02:00;46655_G;50;3;0;unknown;0
2025-07-02T10:03:00+02:00;46682;50;10;0;unknown;0
2025-07-02T10:03:00+02:00;46683;27;2;45;heavy;1
2025-07-02T10:03:00+02:00;46684;34;14;20;heavy;1
2025-07-02T10:03:00+02:00;46685;48;22;100;heavy;3
2025-07-02T10:03:00+02:00;46686;67;20;92;freeFlow;4
2025-07-02T10:03:00+02:00;46688;50;23;57;freeFlow;1
2025-07-02T10:03:00+02:00;46716;87;1;100;freeFlow;6
2025-07-02T10:03:00+02:00;46717;84;44;100;freeFlow;11
2025-07-02T10:03:00+02:00;46718;87;12;100;freeFlow;6
2025-07-02T10:03:00+02:00;46719;44;17;52;heavy;1
2025-07-02T10:03:00+02:00;46720;13;16;75;congested;2
2025-07-02T10:03:00+02:00;46728;61;6;100;freeFlow;5
2025-07-02T10:03:00+02:00;46745_D;57;11;60;freeFlow;1
2025-07-02T10:03:00+02:00;46745_G;20;31;65;heavy;2
2025-07-02T10:03:00+02:00;46746_D;68;13;60;freeFlow;1
2025-07-02T10:03:00+02:00;46746_G;23;38;60;heavy;1
2025-07-02T10:03:00+02:00;46975;50;3;0;unknown;0
2025-07-02T10:03:00+02:00;47024;23;7;48;heavy;1
2025-07-02T10:03:00+02:00;47025;45;8;50;freeFlow;1
2025-07-02T10:03:00+02:00;47030;8;43;100;congested;4
2025-07-02T10:03:00+02:00;47057;93;9;100;freeFlow;7
2025-07-02T10:03:00+02:00;47058;85;22;100;freeFlow;9
2025-07-02T10:03:00+02:00;47059;77;16;100;freeFlow;7
2025-07-02T10:03:00+02:00;47060;77;13;100;freeFlow;8
2025-07-02T10:03:00+02:00;47062;46;19;75;freeFlow;2
2025-07-02T10:03:00+02:00;47064;29;3;100;heavy;6
2025-07-02T10:03:00+02:00;47066;45;3;55;freeFlow;1
2025-07-02T10:03:00+02:00;47068;62;11;45;freeFlow;1
2025-07-02T10:03:00+02:00;47070;46;6;100;freeFlow;6
2025-07-02T10:03:00+02:00;47071;57;15;95;freeFlow;3
2025-07-02T10:03:00+02:00;47074;116;4;93;freeFlow;7
2025-07-02T10:03:00+02:00;47075;76;3;52;freeFlow;1
2025-07-02T10:03:00+02:00;47078;75;33;75;freeFlow;2
2025-07-02T10:03:00+02:00;47101;8;48;75;congested;2
2025-07-02T10:03:00+02:00;47107;79;6;100;freeFlow;6
2025-07-02T10:03:00+02:00;47108;65;12;75;freeFlow;2
2025-07-02T10:03:00+02:00;47109;30;2;95;heavy;3
2025-07-02T10:03:00+02:00;47110;54;14;100;freeFlow;6
2025-07-02T10:03:00+02:00;47111;92;19;100;freeFlow;6
2025-07-02T10:03:00+02:00;47112;30;29;95;heavy;3
2025-07-02T10:03:00+02:00;47113;82;7;68;freeFlow;2
2025-07-02T10:03:00+02:00;47114;119;12;52;freeFlow;1
2025-07-02T10:03:00+02:00;47115;63;22;100;freeFlow;6
2025-07-02T10:03:00+02:00;47238;74;8;100;freeFlow;8
2025-07-02T10:03:00+02:00;47240;83;17;100;freeFlow;10
2025-07-02T10:03:00+02:00;47241;92;11;100;freeFlow;8
2025-07-02T10:03:00+02:00;47242;93;14;100;freeFlow;9
2025-07-02T10:03:00+02:00;47243;78;18;100;freeFlow;7
2025-07-02T10:03:00+02:00;47290;20;25;58;heavy;1
2025-07-02T10:03:00+02:00;47293;56;9;100;freeFlow;7
2025-07-02T10:03:00+02:00;47299;38;9;100;heavy;3
2025-07-02T10:03:00+02:00;47300;69;18;75;freeFlow;2
2025-07-02T10:03:00+02:00;47306;89;23;100;freeFlow;7
2025-07-02T10:03:00+02:00;47316;35;8;48;heavy;1
2025-07-02T10:03:00+02:00;47428_D;50;5;0;unknown;0
2025-07-02T10:03:00+02:00;47428_G;51;5;42;freeFlow;1
2025-07-02T10:03:00+02:00;48769_D;38;4;55;freeFlow;1
2025-07-02T10:03:00+02:00;48769_G;31;4;52;heavy;1
2025-07-02T10:03:00+02:00;48890;28;1;10;heavy;1
2025-07-02T10:03:00+02:00;48891;50;1;0;unknown;0
2025-07-02T10:03:00+02:00;48958_D;23;9;52;heavy;1
2025-07-02T10:03:00+02:00;48958_G;6;34;60;congested;1
2025-07-02T10:03:00+02:00;489866_G;40;4;50;freeFlow;1
2025-07-02T10:03:00+02:00;49004;46;5;22;freeFlow;1
2025-07-02T10:03:00+02:00;490194_D;37;2;60;freeFlow;1
2025-07-02T10:03:00+02:00;490194_G;13;4;22;congested;1
2025-07-02T10:03:00+02:00;49023;70;8;75;freeFlow;2
2025-07-02T10:03:00+02:00;49068;17;38;60;heavy;1
2025-07-02T10:03:00+02:00;49074;106;1;60;freeFlow;1
2025-07-02T10:03:00+02:00;49075;70;2;0;unknown;0
2025-07-02T10:03:00+02:00;49081;66;8;60;freeFlow;1
2025-07-02T10:03:00+02:00;49084;21;20;57;heavy;1
2025-07-02T10:03:00+02:00;49137_D;50;4;0;unknown;0
2025-07-02T10:03:00+02:00;49137_G;50;4;0;unknown;0
2025-07-02T10:03:00+02:00;49184;26;4;60;heavy;2
2025-07-02T10:03:00+02:00;492351_G;28;4;70;heavy;2
2025-07-02T10:03:00+02:00;492359_D;23;11;60;heavy;1
2025-07-02T10:03:00+02:00;492363_D;50;9;0;unknown;0
2025-07-02T10:03:00+02:00;492363_G;50;10;0;unknown;0
2025-07-02T10:03:00+02:00;492435;48;9;100;freeFlow;3
2025-07-02T10:03:00+02:00;492445_G;9;67;72;congested;2
2025-07-02T10:03:00+02:00;492450;25;20;94;heavy;5
2025-07-02T10:03:00+02:00;492452;26;20;75;heavy;2
2025-07-02T10:03:00+02:00;492459;106;1;60;freeFlow;1
2025-07-02T10:03:00+02:00;492474;51;3;60;freeFlow;1
2025-07-02T10:03:00+02:00;492475;106;8;60;freeFlow;1
2025-07-02T10:03:00+02:00;492476;32;15;75;heavy;2
2025-07-02T10:03:00+02:00;492477;59;2;75;freeFlow;2
2025-07-02T10:03:00+02:00;492479;72;9;100;freeFlow;4
2025-07-02T10:03:00+02:00;492481;42;4;60;freeFlow;1
2025-07-02T10:03:00+02:00;492482;59;2;100;freeFlow;3
2025-07-02T10:03:00+02:00;492483;28;6;75;heavy;2
2025-07-02T10:03:00+02:00;492485;106;1;75;freeFlow;2
2025-07-02T10:03:00+02:00;492490;46;7;100;freeFlow;3
2025-07-02T10:03:00+02:00;492495;58;1;60;freeFlow;1
2025-07-02T10:03:00+02:00;492498;95;5;60;freeFlow;1
2025-07-02T10:03:00+02:00;492506;26;9;75;heavy;2
2025-07-02T10:03:00+02:00;492512;31;3;60;heavy;1
2025-07-02T10:03:00+02:00;492514;69;1;100;freeFlow;3
2025-07-02T10:03:00+02:00;492519;5;111;50;congested;2
2025-07-02T10:03:00+02:00;492574;26;6;75;heavy;2
2025-07-02T10:03:00+02:00;492576;68;1;60;freeFlow;1
2025-07-02T10:03:00+02:00;49328_D;50;2;0;unknown;0
2025-07-02T10:03:00+02:00;49328_G;36;3;60;freeFlow;1
2025-07-02T10:03:00+02:00;49686_D;50;3;0;unknown;0
2025-07-02T10:03:00+02:00;49686_G;51;3;42;freeFlow;1
2025-07-02T10:03:00+02:00;50079_D;21;11;20;heavy;1
2025-07-02T10:03:00+02:00;50079_G;28;8;32;freeFlow;1
2025-07-02T10:03:00+02:00;50191_D;50;10;0;unknown;0
2025-07-02T10:03:00+02:00;50191_G;18;30;52;heavy;1
2025-07-02T10:03:00+02:00;50308_G;37;7;50;freeFlow;1
2025-07-02T10:03:00+02:00;50355_D;36;8;30;freeFlow;1
2025-07-02T10:03:00+02:00;50355_G;19;14;52;heavy;1
2025-07-02T10:03:00+02:00;50416_D;41;3;30;freeFlow;1
2025-07-02T10:03:00+02:00;50416_G;30;4;50;heavy;1
2025-07-02T10:03:00+02:00;50475;32;12;50;heavy;1
2025-07-02T10:03:00+02:00;50509;39;11;48;freeFlow;1
2025-07-02T10:03:00+02:00;50573_D;19;12;12;heavy;1
2025-07-02T10:03:00+02:00;50573_G;30;6;0;unknown;0
2025-07-02T10:03:00+02:00;51008;17;9;12;heavy;1
2025-07-02T10:03:00+02:00;51017;19;7;0;unknown;0
2025-07-02T10:03:00+02:00;51159_D;37;18;32;freeFlow;1
2025-07-02T10:03:00+02:00;51159_G;50;13;0;unknown;0
2025-07-02T10:03:00+02:00;51254_D;40;7;35;freeFlow;1
2025-07-02T10:03:00+02:00;51254_G;42;7;60;freeFlow;1
2025-07-02T10:03:00+02:00;51323_D;50;3;0;unknown;0
2025-07-02T10:03:00+02:00;51323_G;17;11;52;heavy;1
2025-07-02T10:03:00+02:00;51437_D;50;3;0;unknown;0
2025-07-02T10:03:00+02:00;51437_G;50;3;0;unknown;0
2025-07-02T10:03:00+02:00;51455_D;50;6;0;unknown;0
2025-07-02T10:03:00+02:00;51455_G;48;6;57;freeFlow;1
2025-07-02T10:03:00+02:00;51797;19;11;100;heavy;3
2025-07-02T10:03:00+02:00;52130;98;2;50;freeFlow;1
2025-07-02T10:03:00+02:00;53329_D;53;3;60;freeFlow;1
2025-07-02T10:03:00+02:00;53329_G;30;6;0;unknown;0
2025-07-02T10:03:00+02:00;53336_D;68;6;60;freeFlow;1
2025-07-02T10:03:00+02:00;53336_G;49;8;63;freeFlow;2
2025-07-02T10:03:00+02:00;53411_D;28;13;35;heavy;1
2025-07-02T10:03:00+02:00;53539_G;35;5;60;freeFlow;1
2025-07-02T10:03:00+02:00;53542;77;6;57;freeFlow;1
2025-07-02T10:03:00+02:00;53543;106;4;60;freeFlow;1
2025-07-02T10:03:00+02:00;53575_D;19;35;60;heavy;1
2025-07-02T10:03:00+02:00;53575_G;50;12;0;unknown;0
2025-07-02T10:03:00+02:00;53656;36;2;42;freeFlow;1
2025-07-02T10:03:00+02:00;53660;17;22;75;heavy;2
2025-07-02T10:03:00+02:00;53663;82;2;60;freeFlow;1
2025-07-02T10:03:00+02:00;53675;38;2;75;heavy;2
2025-07-02T10:03:00+02:00;53676;40;3;100;heavy;4
2025-07-02T10:03:00+02:00;53677;38;15;100;heavy;3
2025-07-02T10:03:00+02:00;53678;52;1;60;freeFlow;1
2025-07-02T10:03:00+02:00;53679;52;2;60;freeFlow;1
2025-07-02T10:03:00+02:00;53681;55;36;75;freeFlow;2
2025-07-02T10:03:00+02:00;53721;50;1;0;unknown;0
2025-07-02T10:03:00+02:00;53885_D;8;65;72;congested;2
2025-07-02T10:03:00+02:00;53885_G;15;35;74;congested;3
2025-07-02T10:03:00+02:00;54211;17;38;75;heavy;2
2025-07-02T10:03:00+02:00;54334_D;32;1;22;heavy;1
2025-07-02T10:03:00+02:00;54334_G;50;1;0;unknown;0
2025-07-02T10:03:00+02:00;54337;7;115;64;congested;2
2025-07-02T10:03:00+02:00;54361;107;2;60;freeFlow;1
2025-07-02T10:03:00+02:00;54580_G;50;11;0;unknown;0
2025-07-02T10:03:00+02:00;54707;52;9;60;freeFlow;1
2025-07-02T10:03:00+02:00;54709;50;1;0;unknown;0
2025-07-02T10:03:00+02:00;54710;58;4;60;freeFlow;1
2025-07-02T10:03:00+02:00;55397_D;34;2;57;heavy;1
2025-07-02T10:03:00+02:00;55397_G;106;1;60;freeFlow;1
2025-07-02T10:03:00+02:00;55401;106;4;60;freeFlow;1
2025-07-02T10:03:00+02:00;55405;79;1;60;freeFlow;1
2025-07-02T10:03:00+02:00;55406;62;3;71;freeFlow;2
2025-07-02T10:03:00+02:00;55407;32;4;73;heavy;2
2025-07-02T10:03:00+02:00;55408;33;5;73;heavy;2
2025-07-02T10:03:00+02:00;55440_D;30;6;0;unknown;0
2025-07-02T10:03:00+02:00;55440_G;32;6;60;freeFlow;1
2025-07-02T10:03:00+02:00;55443_D;30;3;0;unknown;0
2025-07-02T10:03:00+02:00;55443_G;14;4;52;congested;1
2025-07-02T10:03:00+02:00;55446;10;8;55;congested;1
2025-07-02T10:03:00+02:00;55447;31;2;60;heavy;1
2025-07-02T10:03:00+02:00;55448;30;2;0;unknown;0
2025-07-02T10:03:00+02:00;55449;30;2;0;unknown;0
2025-07-02T10:03:00+02:00;55516;34;3;57;heavy;1
2025-07-02T10:03:00+02:00;55669;42;5;60;freeFlow;1
2025-07-02T10:03:00+02:00;55671;50;7;0;unknown;0
2025-07-02T10:03:00+02:00;55696;50;15;0;unknown;0
2025-07-02T10:03:00+02:00;55698;50;9;0;unknown;0
2025-07-02T10:03:00+02:00;55700;50;8;0;unknown;0
2025-07-02T10:03:00+02:00;55703;50;3;0;unknown;0
2025-07-02T10:03:00+02:00;55706;50;1;0;unknown;0
2025-07-02T10:03:00+02:00;55707;28;12;10;heavy;1
2025-07-02T10:03:00+02:00;55708;28;5;10;heavy;1
2025-07-02T10:03:00+02:00;55710;27;26;10;heavy;1
2025-07-02T10:03:00+02:00;55711;50;1;0;unknown;0
2025-07-02T10:03:00+02:00;55713;50;14;0;unknown;0
2025-07-02T10:03:00+02:00;55781_D;50;2;0;unknown;0
2025-07-02T10:03:00+02:00;55781_G;29;4;20;heavy;1
2025-07-02T10:03:00+02:00;55800;50;6;0;unknown;0
2025-07-02T10:03:00+02:00;55801;9;16;20;congested;1
2025-07-02T10:03:00+02:00;55805;17;13;60;heavy;1
2025-07-02T10:03:00+02:00;55806;25;20;60;heavy;1
2025-07-02T10:03:00+02:00;55811;50;7;60;freeFlow;1
2025-07-02T10:03:00+02:00;55814;47;3;60;freeFlow;1
2025-07-02T10:03:00+02:00;55815;22;1;57;heavy;1
2025-07-02T10:03:00+02:00;55820;50;1;0;unknown;0
2025-07-02T10:03:00+02:00;55821;22;5;57;heavy;1
2025-07-02T10:03:00+02:00;55822;28;4;57;heavy;1
2025-07-02T10:03:00+02:00;55823;33;2;22;heavy;1
2025-07-02T10:03:00+02:00;55824;23;3;60;heavy;1
2025-07-02T10:03:00+02:00;55827;40;2;100;heavy;4
2025-07-02T10:03:00+02:00;55830;37;2;100;heavy;3
2025-07-02T10:03:00+02:00;55841;29;15;48;heavy;1
2025-07-02T10:03:00+02:00;55843;50;1;0;unknown;0
2025-07-02T10:03:00+02:00;55879;45;1;50;freeFlow;1
2025-07-02T10:03:00+02:00;55883;45;1;50;freeFlow;1
2025-07-02T10:03:00+02:00;55887;50;11;0;unknown;0
2025-07-02T10:03:00+02:00;55888;50;12;50;freeFlow;1
2025-07-02T10:03:00+02:00;55889;12;7;100;congested;4
2025-07-02T10:03:00+02:00;55890;45;2;50;freeFlow;1
2025-07-02T10:03:00+02:00;55894;21;3;48;heavy;1
2025-07-02T10:03:00+02:00;55896;21;3;60;heavy;1
2025-07-02T10:03:00+02:00;55898;53;11;10;freeFlow;1
2025-07-02T10:03:00+02:00;55899;14;25;100;congested;3
2025-07-02T10:03:00+02:00;55926_D;50;5;45;freeFlow;1
2025-07-02T10:03:00+02:00;55926_G;34;7;48;heavy;1
2025-07-02T10:03:00+02:00;55932;98;1;52;freeFlow;1
2025-07-02T10:03:00+02:00;55933;98;1;52;freeFlow;1
2025-07-02T10:03:00+02:00;55958;26;3;100;heavy;3
2025-07-02T10:03:00+02:00;55959;20;4;42;heavy;1
2025-07-02T10:03:00+02:00;55974;21;2;100;heavy;3
2025-07-02T10:03:00+02:00;55975;38;2;100;freeFlow;6
2025-07-02T10:03:00+02:00;55977;28;6;100;heavy;4
2025-07-02T10:03:00+02:00;55978;30;4;52;heavy;1
2025-07-02T10:03:00+02:00;55980;61;4;75;freeFlow;2
2025-07-02T10:03:00+02:00;55981;56;5;75;freeFlow;2
2025-07-02T10:03:00+02:00;56019;32;2;60;heavy;1
2025-07-02T10:03:00+02:00;56020;98;1;52;freeFlow;1
2025-07-02T10:03:00+02:00;56113;50;5;0;unknown;0
2025-07-02T10:03:00+02:00;56115;50;4;0;unknown;0
2025-07-02T10:03:00+02:00;56117;15;18;32;heavy;1
2025-07-02T10:03:00+02:00;56118;50;1;0;unknown;0
2025-07-02T10:03:00+02:00;56124;21;3;32;heavy;1
2025-07-02T10:03:00+02:00;56125;21;3;32;heavy;1
2025-07-02T10:03:00+02:00;56126;4;34;30;congested;1
2025-07-02T10:03:00+02:00;56128;50;1;0;unknown;0
2025-07-02T10:03:00+02:00;56157_D;30;13;0;unknown;0
2025-07-02T10:03:00+02:00;56157_G;22;18;50;freeFlow;1
2025-07-02T10:03:00+02:00;56165_D;30;2;0;unknown;0
2025-07-02T10:03:00+02:00;56165_G;98;1;50;freeFlow;1
2025-07-02T10:03:00+02:00;56170;50;1;0;unknown;0
2025-07-02T10:03:00+02:00;56174;98;2;50;freeFlow;1
2025-07-02T10:03:00+02:00;56175;50;4;0;unknown;0
2025-07-02T10:03:00+02:00;56179;50;2;0;unknown;0
2025-07-02T10:03:00+02:00;56180;50;1;0;unknown;0
2025-07-02T10:03:00+02:00;56181;50;2;0;unknown;0
2025-07-02T10:03:00+02:00;56182;16;5;10;heavy;1
2025-07-02T10:03:00+02:00;56183;50;1;0;unknown;0
2025-07-02T10:03:00+02:00;56218_D;50;3;0;unknown;0
2025-07-02T10:03:00+02:00;56218_G;50;3;0;unknown;0
2025-07-02T10:03:00+02:00;56223;50;1;0;unknown;0
2025-07-02T10:03:00+02:00;56224;50;8;0;unknown;0
2025-07-02T10:03:00+02:00;56225;50;7;0;unknown;0
2025-07-02T10:03:00+02:00;56229;50;3;0;unknown;0
2025-07-02T10:03:00+02:00;56231;50;2;0;unknown;0
2025-07-02T10:03:00+02:00;56232;50;1;0;unknown;0
2025-07-02T10:03:00+02:00;56233;98;4;50;freeFlow;1
2025-07-02T10:03:00+02:00;56237;98;5;50;freeFlow;1
2025-07-02T10:03:00+02:00;56239;98;1;50;freeFlow;1
2025-07-02T10:03:00+02:00;56247;98;0;50;freeFlow;1
2025-07-02T10:03:00+02:00;56250;98;6;50;freeFlow;1
2025-07-02T10:03:00+02:00;56251;30;21;0;unknown;0
2025-07-02T10:03:00+02:00;56254;30;1;0;unknown;0
2025-07-02T10:03:00+02:00;56255;30;2;0;unknown;0
2025-07-02T10:03:00+02:00;56256;98;0;50;freeFlow;1
2025-07-02T10:03:00+02:00;56258;98;1;50;freeFlow;1
2025-07-02T10:03:00+02:00;56260;30;2;0;unknown;0
2025-07-02T10:03:00+02:00;56261;98;1;50;freeFlow;1
2025-07-02T10:03:00+02:00;56263;98;4;50;freeFlow;1
2025-07-02T10:03:00+02:00;56264;30;13;0;unknown;0
2025-07-02T10:03:00+02:00;56298;98;0;50;freeFlow;1
2025-07-02T10:03:00+02:00;56300;98;0;50;freeFlow;1
2025-07-02T10:03:00+02:00;56333;46;2;60;freeFlow;1
2025-07-02T10:03:00+02:00;565804_D;50;9;0;unknown;0
2025-07-02T10:03:00+02:00;565804_G;50;9;0;unknown;0
2025-07-02T10:03:00+02:00;565852;55;2;60;freeFlow;1
2025-07-02T10:03:00+02:00;565853;106;9;48;freeFlow;1
2025-07-02T10:03:00+02:00;566240;41;2;45;freeFlow;1
2025-07-02T10:03:00+02:00;566445_D;30;2;0;unknown;0
2025-07-02T10:03:00+02:00;566445_G;30;3;0;unknown;0
2025-07-02T10:03:00+02:00;566456_D;30;22;0;unknown;0
2025-07-02T10:03:00+02:00;566456_G;98;7;50;freeFlow;1
2025-07-02T10:03:00+02:00;566457;98;1;50;freeFlow;1
2025-07-02T10:03:00+02:00;566465_D;30;10;0;unknown;0
2025-07-02T10:03:00+02:00;566465_G;98;3;50;freeFlow;1
2025-07-02T10:03:00+02:00;56675_D;34;5;55;heavy;1
2025-07-02T10:03:00+02:00;56675_G;31;5;52;heavy;1
2025-07-02T10:03:00+02:00;566941;11;9;75;congested;2
2025-07-02T10:03:00+02:00;56871_D;50;3;0;unknown;0
2025-07-02T10:03:00+02:00;56871_G;51;3;42;freeFlow;1
2025-07-02T10:03:00+02:00;56908_D;50;8;0;unknown;0
2025-07-02T10:03:00+02:00;56908_G;24;16;60;heavy;1
2025-07-02T10:03:00+02:00;56925;89;39;100;freeFlow;9
2025-07-02T10:03:00+02:00;56944_D;30;10;0;unknown;0
2025-07-02T10:03:00+02:00;56944_G;36;8;60;freeFlow;1
2025-07-02T10:03:00+02:00;56945_D;30;8;0;unknown;0
2025-07-02T10:03:00+02:00;56945_G;34;6;52;freeFlow;2
2025-07-02T10:03:00+02:00;57082_G;0;1.771379611180325e+26;0;unknown;0
2025-07-02T10:03:00+02:00;57083_D;53;8;60;freeFlow;1
2025-07-02T10:03:00+02:00;57083_G;30;16;0;unknown;0
2025-07-02T10:03:00+02:00;59724;82;2;60;freeFlow;1
2025-07-02T10:03:00+02:00;59750_D;40;6;52;freeFlow;2
2025-07-02T10:03:00+02:00;59750_G;35;6;50;heavy;1
2025-07-02T10:03:00+02:00;59835_D;38;6;60;freeFlow;1
2025-07-02T10:03:00+02:00;59835_G;50;4;0;unknown;0
2025-07-02T10:03:00+02:00;59836;38;3;60;freeFlow;1
2025-07-02T10:03:00+02:00;59837;50;1;0;unknown;0
2025-07-02T10:03:00+02:00;59838;50;3;0;unknown;0
2025-07-02T10:03:00+02:00;62559_D;50;6;0;unknown;0
2025-07-02T10:03:00+02:00;62559_G;10;31;22;congested;1
2025-07-02T10:03:00+02:00;62560;50;5;0;unknown;0
2025-07-02T10:03:00+02:00;62565_D;50;2;0;unknown;0
2025-07-02T10:03:00+02:00;62565_G;10;6;22;congested;1
2025-07-02T10:03:00+02:00;62831_D;41;1;55;freeFlow;1
2025-07-02T10:03:00+02:00;62831_G;14;2;52;congested;1
2025-07-02T10:03:00+02:00;62832_D;41;1;55;freeFlow;1
2025-07-02T10:03:00+02:00;62832_G;14;4;52;congested;1
2025-07-02T10:03:00+02:00;63045_D;57;3;17;freeFlow;1
2025-07-02T10:03:00+02:00;63045_G;35;4;32;freeFlow;1
2025-07-02T10:03:00+02:00;63053_D;50;4;0;unknown;0
2025-07-02T10:03:00+02:00;63053_G;36;6;60;freeFlow;1
2025-07-02T10:03:00+02:00;63899;75;23;100;freeFlow;5
2025-07-02T10:03:00+02:00;63934;33;2;15;heavy;1
2025-07-02T10:03:00+02:00;63935;38;11;70;freeFlow;2
2025-07-02T10:03:00+02:00;63936;35;15;75;freeFlow;2
2025-07-02T10:03:00+02:00;63939;23;26;100;heavy;3
2025-07-02T10:03:00+02:00;63940;44;2;75;freeFlow;2
2025-07-02T10:03:00+02:00;63941;44;1;75;freeFlow;2
2025-07-02T10:03:00+02:00;63942;50;1;0;unknown;0
2025-07-02T10:03:00+02:00;63943;26;3;75;heavy;2
2025-07-02T10:03:00+02:00;63944;39;4;60;freeFlow;1
2025-07-02T10:03:00+02:00;63947;40;3;63;freeFlow;2
2025-07-02T10:03:00+02:00;63950;38;1;60;freeFlow;1
2025-07-02T10:03:00+02:00;63951;36;2;60;freeFlow;1
2025-07-02T10:03:00+02:00;63952;36;1;75;freeFlow;2
2025-07-02T10:03:00+02:00;63953;36;2;75;freeFlow;2
2025-07-02T10:03:00+02:00;63970;79;12;100;freeFlow;3
2025-07-02T10:03:00+02:00;63973;39;3;100;freeFlow;3
2025-07-02T10:03:00+02:00;64032;72;14;17;freeFlow;1
2025-07-02T10:03:00+02:00;64061_D;27;11;60;freeFlow;1
2025-07-02T10:03:00+02:00;64061_G;33;10;40;freeFlow;1
2025-07-02T10:03:00+02:00;64637_D;43;9;57;freeFlow;1
2025-07-02T10:03:00+02:00;64637_G;18;24;75;heavy;2
2025-07-02T10:03:00+02:00;65310;50;6;0;unknown;0
2025-07-02T10:03:00+02:00;65313;50;6;0;unknown;0
2025-07-02T10:03:00+02:00;65682;52;22;65;freeFlow;2
2025-07-02T10:03:00+02:00;66421;50;2;0;unknown;0
2025-07-02T10:03:00+02:00;66442;98;2;50;freeFlow;1
2025-07-02T10:03:00+02:00;66782;28;13;45;heavy;1
2025-07-02T10:03:00+02:00;67066;50;6;0;unknown;0
2025-07-02T10:03:00+02:00;67097_D;53;6;60;freeFlow;1
2025-07-02T10:03:00+02:00;67097_G;30;12;0;unknown;0
2025-07-02T10:03:00+02:00;69381_D;41;7;55;freeFlow;1
2025-07-02T10:03:00+02:00;69381_G;31;10;52;heavy;1
2025-07-02T10:03:00+02:00;72487_G;74;34;60;freeFlow;1
2025-07-02T10:03:00+02:00;72614;50;2;0;unknown;0
2025-07-02T10:03:00+02:00;72621;23;16;48;heavy;1
2025-07-02T10:03:00+02:00;72624;26;13;60;heavy;1
2025-07-02T10:03:00+02:00;72628;42;0;60;freeFlow;1
2025-07-02T10:03:00+02:00;74283_D;42;18;72;freeFlow;2
2025-07-02T10:03:00+02:00;74283_G;8;95;45;congested;2
2025-07-02T10:03:00+02:00;75387;28;3;60;heavy;1
2025-07-02T10:03:00+02:00;75631;59;5;60;freeFlow;1
2025-07-02T10:03:00+02:00;75818_D;49;3;60;freeFlow;1
2025-07-02T10:03:00+02:00;75818_G;39;3;60;freeFlow;1
2025-07-02T10:03:00+02:00;75820;87;22;100;freeFlow;8
2025-07-02T10:03:00+02:00;75824;106;4;60;freeFlow;1
2025-07-02T10:03:00+02:00;75825;89;5;100;freeFlow;8
2025-07-02T10:03:00+02:00;75828;61;12;60;freeFlow;1
2025-07-02T10:03:00+02:00;75829;30;23;75;heavy;2
2025-07-02T10:03:00+02:00;75832;30;4;95;heavy;3
2025-07-02T10:03:00+02:00;75833;36;6;100;freeFlow;5
2025-07-02T10:03:00+02:00;75835;33;4;100;heavy;6
2025-07-02T10:03:00+02:00;75836;75;13;98;freeFlow;3
2025-07-02T10:03:00+02:00;75837;48;9;98;freeFlow;3
2025-07-02T10:03:00+02:00;75838;35;7;100;freeFlow;6
2025-07-02T10:03:00+02:00;75839;52;4;50;freeFlow;1
2025-07-02T10:03:00+02:00;75840;5;39;27;congested;1
2025-07-02T10:03:00+02:00;75845;38;3;100;heavy;3
2025-07-02T10:03:00+02:00;75846;38;8;100;heavy;3
2025-07-02T10:03:00+02:00;75847;29;20;72;heavy;2
2025-07-02T10:03:00+02:00;75848;7;33;70;congested;2
2025-07-02T10:03:00+02:00;75849;29;8;75;heavy;2
2025-07-02T10:03:00+02:00;75850;42;4;60;freeFlow;1
2025-07-02T10:03:00+02:00;75851;15;12;60;heavy;1
2025-07-02T10:03:00+02:00;75853;42;2;100;heavy;5
2025-07-02T10:03:00+02:00;75854;42;6;100;heavy;5
2025-07-02T10:03:00+02:00;75856;39;3;85;heavy;8
2025-07-02T10:03:00+02:00;75897;83;11;52;freeFlow;1
2025-07-02T10:03:00+02:00;9128;48;58;100;heavy;14
2025-07-02T10:03:00+02:00;9130;70;11;100;freeFlow;6
2025-07-02T10:03:00+02:00;9131;95;7;100;freeFlow;5
2025-07-02T10:03:00+02:00;9132;85;25;100;freeFlow;11
2025-07-02T10:03:00+02:00;9146;73;5;100;freeFlow;6
2025-07-02T10:03:00+02:00;9178;106;11;60;freeFlow;1
2025-07-02T10:03:00+02:00;9179;33;55;100;heavy;10
2025-07-02T10:03:00+02:00;9180;88;21;100;freeFlow;8
2025-07-02T10:03:00+02:00;9181;74;13;60;freeFlow;1
2025-07-02T10:03:00+02:00;9182;73;3;38;freeFlow;1
2025-07-02T10:03:00+02:00;9183;58;7;65;freeFlow;2
2025-07-02T10:03:00+02:00;9184;47;14;52;heavy;1
2025-07-02T10:03:00+02:00;9245;81;88;100;freeFlow;9
2025-07-02T10:03:00+02:00;9246;99;120;100;freeFlow;9
2025-07-02T10:03:00+02:00;9380_D;27;68;72;heavy;2
2025-07-02T10:03:00+02:00;9380_G;80;23;0;unknown;0
2025-07-02T10:03:00+02:00;9389;39;2;60;heavy;1
2025-07-02T10:03:00+02:00;9390;65;2;60;freeFlow;1
2025-07-02T10:03:00+02:00;9391;39;2;48;heavy;2
2025-07-02T10:03:00+02:00;9392;51;2;75;heavy;2
2025-07-02T10:03:00+02:00;1677832;29;11;48;heavy;1
2025-07-02T10:03:00+02:00;1679085_D;29;3;20;heavy;1
2025-07-02T10:03:00+02:00;1679085_G;31;3;52;heavy;1
2025-07-02T10:03:00+02:00;1679794;31;2;52;heavy;1
2025-07-02T10:03:00+02:00;1679795_G;32;2;52;heavy;1
2025-07-02T10:03:00+02:00;1679796;31;1;52;heavy;1
2025-07-02T10:03:00+02:00;1679797_D;50;6;0;unknown;0
2025-07-02T10:03:00+02:00;1679797_G;51;6;42;freeFlow;1
2025-07-02T10:03:00+02:00;1679798;31;2;52;heavy;1
2025-07-02T10:03:00+02:00;1679800;51;2;42;freeFlow;1
2025-07-02T10:03:00+02:00;1680335;16;18;55;heavy;1
2025-07-02T10:03:00+02:00;1680340;29;4;48;heavy;1
2025-07-02T10:03:00+02:00;213972_D;46;6;30;freeFlow;1
2025-07-02T10:03:00+02:00;213972_G;47;6;35;freeFlow;2
2025-07-02T10:03:00+02:00;213973_D;37;10;30;freeFlow;1
2025-07-02T10:03:00+02:00;213973_G;42;9;35;freeFlow;2
2025-07-02T10:03:00+02:00;213974_D;45;4;30;freeFlow;1
2025-07-02T10:03:00+02:00;213974_G;46;4;35;freeFlow;2
2025-07-02T10:03:00+02:00;26521;96;57;68;freeFlow;3
2025-07-02T10:03:00+02:00;26522;92;36;100;freeFlow;5
2025-07-02T10:03:00+02:00;31304_G;31;36;68;heavy;2
2025-07-02T10:03:00+02:00;31328;82;11;100;freeFlow;3
2025-07-02T10:03:00+02:00;31441;41;83;73;heavy;2
2025-07-02T10:03:00+02:00;31535;64;12;75;freeFlow;2
2025-07-02T10:03:00+02:00;31552;90;8;100;freeFlow;6
2025-07-02T10:03:00+02:00;31555;65;13;100;freeFlow;3
2025-07-02T10:03:00+02:00;43014_D;19;11;75;heavy;2
2025-07-02T10:03:00+02:00;43014_G;36;5;35;freeFlow;1
2025-07-02T10:03:00+02:00;43105_D;50;5;0;unknown;0
2025-07-02T10:03:00+02:00;43105_G;15;17;48;congested;1
2025-07-02T10:03:00+02:00;43118_D;17;32;98;heavy;3
2025-07-02T10:03:00+02:00;43118_G;23;24;40;heavy;1
2025-07-02T10:03:00+02:00;43124_D;15;26;75;heavy;2
2025-07-02T10:03:00+02:00;43124_G;23;16;40;freeFlow;1
2025-07-02T10:03:00+02:00;43125_D;30;8;75;freeFlow;2
2025-07-02T10:03:00+02:00;43125_G;26;10;38;freeFlow;1
2025-07-02T10:03:00+02:00;43126_D;24;22;75;freeFlow;2
2025-07-02T10:03:00+02:00;43126_G;14;37;38;heavy;1
2025-07-02T10:03:00+02:00;43147_D;22;12;75;freeFlow;2
2025-07-02T10:03:00+02:00;43147_G;7;36;40;congested;1
2025-07-02T10:03:00+02:00;43336_D;13;23;47;congested;2
2025-07-02T10:03:00+02:00;43336_G;25;11;20;heavy;1
2025-07-02T10:03:00+02:00;43337_D;27;16;59;heavy;2
2025-07-02T10:03:00+02:00;43337_G;23;18;35;heavy;1
2025-07-02T10:03:00+02:00;43338_D;33;5;40;heavy;1
2025-07-02T10:03:00+02:00;43338_G;6;32;0;unknown;0
2025-07-02T10:03:00+02:00;43339_D;103;2;25;freeFlow;1
2025-07-02T10:03:00+02:00;43339_G;25;9;20;heavy;1
2025-07-02T10:03:00+02:00;43340_D;103;0;25;freeFlow;1
2025-07-02T10:03:00+02:00;43340_G;50;1;0;unknown;0
2025-07-02T10:03:00+02:00;43341_D;103;2;25;freeFlow;1
2025-07-02T10:03:00+02:00;43341_G;50;4;0;unknown;0
2025-07-02T10:03:00+02:00;43342_D;43;2;56;freeFlow;2
2025-07-02T10:03:00+02:00;43342_G;19;5;0;unknown;0
2025-07-02T10:03:00+02:00;43343_D;40;9;42;freeFlow;1
2025-07-02T10:03:00+02:00;43343_G;50;7;0;unknown;0
2025-07-02T10:03:00+02:00;43345_D;36;8;40;freeFlow;1
2025-07-02T10:03:00+02:00;43345_G;30;10;0;unknown;0
2025-07-02T10:03:00+02:00;43347_D;35;4;40;freeFlow;1
2025-07-02T10:03:00+02:00;43347_G;30;5;0;unknown;0
2025-07-02T10:03:00+02:00;43352_D;19;25;12;heavy;1
2025-07-02T10:03:00+02:00;43353_D;14;20;15;heavy;1
2025-07-02T10:03:00+02:00;43353_G;30;10;0;unknown;0
2025-07-02T10:03:00+02:00;43377_D;28;17;54;freeFlow;2
2025-07-02T10:03:00+02:00;43377_G;25;19;20;freeFlow;1
2025-07-02T10:03:00+02:00;43379_D;37;6;40;freeFlow;1
2025-07-02T10:03:00+02:00;43379_G;30;7;0;unknown;0
2025-07-02T10:03:00+02:00;43413_D;27;6;40;freeFlow;1
2025-07-02T10:03:00+02:00;43413_G;30;6;0;unknown;0
2025-07-02T10:03:00+02:00;43474_D;38;4;20;freeFlow;1
2025-07-02T10:03:00+02:00;43474_G;31;4;55;heavy;1
2025-07-02T10:03:00+02:00;43615_D;38;2;20;freeFlow;1
2025-07-02T10:03:00+02:00;43615_G;29;2;55;freeFlow;1
2025-07-02T10:03:00+02:00;43743_D;50;25;0;unknown;0
2025-07-02T10:03:00+02:00;43746;9;23;52;heavy;1
2025-07-02T10:03:00+02:00;43747;38;11;50;freeFlow;1
2025-07-02T10:03:00+02:00;43751;24;24;60;freeFlow;1
2025-07-02T10:03:00+02:00;43774_D;11;18;97;congested;3
2025-07-02T10:03:00+02:00;43774_G;23;9;40;heavy;1
2025-07-02T10:03:00+02:00;43775_D;13;30;97;congested;4
2025-07-02T10:03:00+02:00;43775_G;17;22;60;heavy;2
2025-07-02T10:03:00+02:00;43826_D;26;11;73;heavy;2
2025-07-02T10:03:00+02:00;43826_G;21;13;42;heavy;1
2025-07-02T10:03:00+02:00;43971;48;14;22;freeFlow;1
2025-07-02T10:03:00+02:00;43973;31;8;55;heavy;1
2025-07-02T10:03:00+02:00;44003_G;87;5;60;freeFlow;1
2025-07-02T10:03:00+02:00;44004_D;42;27;42;freeFlow;1
2025-07-02T10:03:00+02:00;44004_G;101;11;75;freeFlow;2
2025-07-02T10:03:00+02:00;44017_G;33;5;52;heavy;1
2025-07-02T10:03:00+02:00;44018_G;37;16;52;freeFlow;1
2025-07-02T10:03:00+02:00;44037_D;33;5;20;heavy;1
2025-07-02T10:03:00+02:00;44037_G;31;5;52;heavy;1
2025-07-02T10:03:00+02:00;44851_D;46;12;60;freeFlow;1
2025-07-02T10:03:00+02:00;44851_G;11;49;30;congested;1
2025-07-02T10:03:00+02:00;44852_D;28;17;60;heavy;2
2025-07-02T10:03:00+02:00;44852_G;32;15;27;heavy;1
2025-07-02T10:03:00+02:00;44854_D;38;2;27;freeFlow;1
2025-07-02T10:03:00+02:00;44854_G;41;2;27;freeFlow;1
2025-07-02T10:03:00+02:00;44855_D;24;15;27;heavy;1
2025-07-02T10:03:00+02:00;44855_G;31;12;27;heavy;1
2025-07-02T10:03:00+02:00;44879;58;23;100;freeFlow;4
2025-07-02T10:03:00+02:00;44897_D;38;6;27;freeFlow;1
2025-07-02T10:03:00+02:00;44897_G;38;6;27;freeFlow;1
2025-07-02T10:03:00+02:00;44901;76;20;75;freeFlow;2
2025-07-02T10:03:00+02:00;44939;93;44;100;freeFlow;9
2025-07-02T10:03:00+02:00;45135_D;30;2;48;heavy;1
2025-07-02T10:03:00+02:00;45135_G;17;4;30;heavy;1
2025-07-02T10:03:00+02:00;45136_G;38;21;27;freeFlow;1
2025-07-02T10:03:00+02:00;45137_D;31;2;58;heavy;2
2025-07-02T10:03:00+02:00;45137_G;40;2;27;freeFlow;1
2025-07-02T10:03:00+02:00;45146;20;21;60;heavy;1
2025-07-02T10:03:00+02:00;45147_D;44;1;75;freeFlow;2
2025-07-02T10:03:00+02:00;45147_G;20;2;60;heavy;1
2025-07-02T10:03:00+02:00;45153;50;8;0;unknown;0
2025-07-02T10:03:00+02:00;45155;18;43;30;heavy;1
2025-07-02T10:03:00+02:00;45213;20;23;60;heavy;1
2025-07-02T10:03:00+02:00;45214;22;12;58;heavy;1
2025-07-02T10:03:00+02:00;45232;16;104;20;heavy;1
2025-07-02T10:03:00+02:00;45233;26;5;75;heavy;2
2025-07-02T10:03:00+02:00;45236_D;67;10;75;freeFlow;2
2025-07-02T10:03:00+02:00;45242;95;12;100;freeFlow;7
2025-07-02T10:03:00+02:00;45246;93;27;100;freeFlow;7
2025-07-02T10:03:00+02:00;45247;96;10;75;freeFlow;2
2025-07-02T10:03:00+02:00;47742_G;33;6;52;heavy;1
2025-07-02T10:03:00+02:00;47744;50;40;0;unknown;0
2025-07-02T10:03:00+02:00;48725;28;3;68;heavy;2
2025-07-02T10:03:00+02:00;48736;35;2;68;heavy;2
2025-07-02T10:03:00+02:00;48738;36;1;60;freeFlow;1
2025-07-02T10:03:00+02:00;48746;46;8;60;freeFlow;1
2025-07-02T10:03:00+02:00;48751;35;2;35;heavy;2
2025-07-02T10:03:00+02:00;48752;27;3;27;heavy;1
2025-07-02T10:03:00+02:00;48753;14;5;27;congested;1
2025-07-02T10:03:00+02:00;48754;36;2;27;freeFlow;1
2025-07-02T10:03:00+02:00;48764;22;3;75;heavy;2
2025-07-02T10:03:00+02:00;48765;32;7;57;heavy;1
2025-07-02T10:03:00+02:00;48796;17;30;60;heavy;1
2025-07-02T10:03:00+02:00;48915_D;50;2;0;unknown;0
2025-07-02T10:03:00+02:00;48915_G;16;8;45;heavy;1
2025-07-02T10:03:00+02:00;48916;30;6;55;heavy;1
2025-07-02T10:03:00+02:00;48953_D;32;36;90;heavy;3
2025-07-02T10:03:00+02:00;48953_G;49;23;45;freeFlow;2
2025-07-02T10:03:00+02:00;48993_D;16;22;40;heavy;1
2025-07-02T10:03:00+02:00;48993_G;50;7;0;unknown;0
2025-07-02T10:03:00+02:00;49042_D;38;1;27;freeFlow;1
2025-07-02T10:03:00+02:00;49042_G;41;1;27;freeFlow;1
2025-07-02T10:03:00+02:00;50035_D;38;2;20;freeFlow;1
2025-07-02T10:03:00+02:00;50035_G;31;2;52;heavy;1
2025-07-02T10:03:00+02:00;50087;28;10;52;heavy;1
2025-07-02T10:03:00+02:00;50107_D;50;11;0;unknown;0
2025-07-02T10:03:00+02:00;50107_G;27;20;45;heavy;1
2025-07-02T10:03:00+02:00;52835_G;19;8;35;heavy;1
2025-07-02T10:03:00+02:00;52850_D;7;20;75;congested;2
2025-07-02T10:03:00+02:00;52850_G;36;4;35;freeFlow;1
2025-07-02T10:03:00+02:00;52878;29;5;55;freeFlow;1
2025-07-02T10:03:00+02:00;53020_G;33;3;52;heavy;1
2025-07-02T10:03:00+02:00;53130_D;50;5;0;unknown;0
2025-07-02T10:03:00+02:00;53130_G;23;12;45;heavy;1
2025-07-02T10:03:00+02:00;53375_D;14;7;15;heavy;1
2025-07-02T10:03:00+02:00;53375_G;30;3;0;unknown;0
2025-07-02T10:03:00+02:00;53427;87;49;100;freeFlow;10
2025-07-02T10:03:00+02:00;53988;53;5;75;freeFlow;2
2025-07-02T10:03:00+02:00;53989;50;2;0;unknown;0
2025-07-02T10:03:00+02:00;53992_D;22;19;68;heavy;2
2025-07-02T10:03:00+02:00;53992_G;45;9;60;freeFlow;1
2025-07-02T10:03:00+02:00;53995;45;2;60;freeFlow;1
2025-07-02T10:03:00+02:00;53997;56;1;63;freeFlow;2
2025-07-02T10:03:00+02:00;53999;19;3;48;heavy;1
2025-07-02T10:03:00+02:00;54130;50;31;0;unknown;0
2025-07-02T10:03:00+02:00;54136;50;4;60;freeFlow;1
2025-07-02T10:03:00+02:00;54219;41;13;55;freeFlow;1
2025-07-02T10:03:00+02:00;54222;14;42;57;congested;1
2025-07-02T10:03:00+02:00;54235;20;24;75;heavy;2
2025-07-02T10:03:00+02:00;54300;106;4;50;freeFlow;1
2025-07-02T10:03:00+02:00;54304_D;36;6;50;freeFlow;1
2025-07-02T10:03:00+02:00;54304_G;12;16;30;congested;1
2025-07-02T10:03:00+02:00;54309;50;18;0;unknown;0
2025-07-02T10:03:00+02:00;54345;32;4;57;heavy;1
2025-07-02T10:03:00+02:00;54352;19;17;100;heavy;4
2025-07-02T10:03:00+02:00;54353;35;4;75;heavy;2
2025-07-02T10:03:00+02:00;54356;36;23;75;freeFlow;2
2025-07-02T10:03:00+02:00;54357;30;9;61;heavy;2
2025-07-02T10:03:00+02:00;54370;58;3;50;freeFlow;1
2025-07-02T10:03:00+02:00;54373;107;2;60;freeFlow;1
2025-07-02T10:03:00+02:00;54374;42;5;75;freeFlow;2
2025-07-02T10:03:00+02:00;54377;62;17;75;freeFlow;2
2025-07-02T10:03:00+02:00;54396;46;5;75;freeFlow;2
2025-07-02T10:03:00+02:00;54397;40;15;75;freeFlow;2
2025-07-02T10:03:00+02:00;54468;33;4;75;heavy;2
2025-07-02T10:03:00+02:00;54470;36;7;75;freeFlow;2
2025-07-02T10:03:00+02:00;56022;45;3;60;freeFlow;1
2025-07-02T10:03:00+02:00;56598;54;1;63;freeFlow;2
2025-07-02T10:03:00+02:00;56676_D;51;4;42;freeFlow;1
2025-07-02T10:03:00+02:00;56868;5;36;25;congested;1
2025-07-02T10:03:00+02:00;56869;50;3;60;freeFlow;1
2025-07-02T10:03:00+02:00;56894;50;4;0;unknown;0
2025-07-02T10:03:00+02:00;56895;50;23;0;unknown;0
2025-07-02T10:03:00+02:00;56896;106;2;50;freeFlow;1
2025-07-02T10:03:00+02:00;56901;44;50;100;heavy;6
2025-07-02T10:03:00+02:00;60284;106;11;50;freeFlow;1
2025-07-02T10:03:00+02:00;63409_D;13;9;40;congested;1
2025-07-02T10:03:00+02:00;63409_G;16;7;0;unknown;0
2025-07-02T10:03:00+02:00;66896;33;10;57;heavy;1
2025-07-02T10:03:00+02:00;69440;36;7;60;freeFlow;1
2025-07-02T10:03:00+02:00;69442;24;17;60;heavy;1
2025-07-02T10:03:00+02:00;75868;92;8;100;freeFlow;7
2025-07-02T10:03:00+02:00;75908;50;21;0;unknown;0
2025-07-02T10:03:00+02:00;75909;42;25;60;freeFlow;1
2025-07-02T10:03:00+02:00;44943;29;21;75;freeFlow;2
2025-07-02T10:03:00+02:00;47063;16;38;55;heavy;1
2025-07-02T10:03:00+02:00;71455_G;51;3;42;freeFlow;1
2025-07-02T10:03:00+02:00;75831;57;16;68;freeFlow;2