datetime;predefinedLocationReference;averageVehicleSpeed;travelTime;travelTimeReliability;trafficStatus;vehicleProbeMeasurement
2025-07-02T21:03:00+02:00;10273_D;80;9;50;freeFlow;1
2025-07-02T21:03:00+02:00;10273_G;79;9;42;freeFlow;1
2025-07-02T21:03:00+02:00;10274_D;80;8;50;freeFlow;1
2025-07-02T21:03:00+02:00;10274_G;79;8;42;freeFlow;1
2025-07-02T21:03:00+02:00;10275_D;81;13;52;freeFlow;1
2025-07-02T21:03:00+02:00;10275_G;79;13;42;freeFlow;1
2025-07-02T21:03:00+02:00;10277_D;83;19;52;freeFlow;1
2025-07-02T21:03:00+02:00;10277_G;73;21;42;freeFlow;1
2025-07-02T21:03:00+02:00;10279_D;83;12;52;freeFlow;1
2025-07-02T21:03:00+02:00;10279_G;74;14;38;freeFlow;1
2025-07-02T21:03:00+02:00;10281_D;83;17;52;freeFlow;1
2025-07-02T21:03:00+02:00;10281_G;75;19;38;freeFlow;1
2025-07-02T21:03:00+02:00;10315_D;80;7;50;freeFlow;1
2025-07-02T21:03:00+02:00;10315_G;79;7;42;freeFlow;1
2025-07-02T21:03:00+02:00;11579_D;83;3;60;freeFlow;1
2025-07-02T21:03:00+02:00;11579_G;80;3;0;unknown;0
2025-07-02T21:03:00+02:00;11652;105;13;17;freeFlow;1
2025-07-02T21:03:00+02:00;11654;82;2;50;freeFlow;1
2025-07-02T21:03:00+02:00;11777_D;53;2;48;freeFlow;1
2025-07-02T21:03:00+02:00;11777_G;70;1;0;unknown;0
2025-07-02T21:03:00+02:00;11781_D;30;3;0;unknown;0
2025-07-02T21:03:00+02:00;11781_G;30;3;0;unknown;0
2025-07-02T21:03:00+02:00;11784_D;30;2;0;unknown;0
2025-07-02T21:03:00+02:00;11784_G;30;2;0;unknown;0
2025-07-02T21:03:00+02:00;11785_D;30;1;0;unknown;0
2025-07-02T21:03:00+02:00;11785_G;30;1;0;unknown;0
2025-07-02T21:03:00+02:00;12060_D;80;9;50;freeFlow;1
2025-07-02T21:03:00+02:00;12060_G;79;9;42;freeFlow;1
2025-07-02T21:03:00+02:00;1242_D;64;2;35;freeFlow;1
2025-07-02T21:03:00+02:00;1242_G;71;2;55;freeFlow;1
2025-07-02T21:03:00+02:00;1285_D;70;1;35;freeFlow;1
2025-07-02T21:03:00+02:00;1285_G;71;1;55;freeFlow;1
2025-07-02T21:03:00+02:00;13514;46;4;60;heavy;1
2025-07-02T21:03:00+02:00;13515;46;3;60;heavy;1
2025-07-02T21:03:00+02:00;13516;80;1;0;unknown;0
2025-07-02T21:03:00+02:00;13549_D;64;6;45;freeFlow;1
2025-07-02T21:03:00+02:00;13549_G;64;6;60;freeFlow;1
2025-07-02T21:03:00+02:00;13557_D;56;7;42;heavy;1
2025-07-02T21:03:00+02:00;13557_G;51;7;60;heavy;1
2025-07-02T21:03:00+02:00;14364;71;29;75;heavy;2
2025-07-02T21:03:00+02:00;14365;85;24;42;freeFlow;1
2025-07-02T21:03:00+02:00;15029_D;65;38;30;freeFlow;1
2025-07-02T21:03:00+02:00;15029_G;78;31;60;freeFlow;1
2025-07-02T21:03:00+02:00;15062;44;3;60;heavy;1
2025-07-02T21:03:00+02:00;15063;46;3;66;heavy;2
2025-07-02T21:03:00+02:00;15064;64;2;27;freeFlow;1
2025-07-02T21:03:00+02:00;15065;44;4;60;heavy;1
2025-07-02T21:03:00+02:00;15066;44;3;60;heavy;1
2025-07-02T21:03:00+02:00;15067_D;80;53;0;unknown;0
2025-07-02T21:03:00+02:00;15067_G;57;75;55;freeFlow;1
2025-07-02T21:03:00+02:00;15104_D;80;49;0;unknown;0
2025-07-02T21:03:00+02:00;15104_G;80;49;0;unknown;0
2025-07-02T21:03:00+02:00;15111;106;3;42;freeFlow;1
2025-07-02T21:03:00+02:00;15113;47;4;12;heavy;1
2025-07-02T21:03:00+02:00;15114;46;3;12;heavy;1
2025-07-02T21:03:00+02:00;15117;47;3;12;heavy;1
2025-07-02T21:03:00+02:00;15118;44;2;12;heavy;1
2025-07-02T21:03:00+02:00;15119;44;4;12;heavy;1
2025-07-02T21:03:00+02:00;15120;44;4;12;heavy;1
2025-07-02T21:03:00+02:00;15121;80;1;0;unknown;0
2025-07-02T21:03:00+02:00;15122;80;2;0;unknown;0
2025-07-02T21:03:00+02:00;15124_D;48;18;12;heavy;1
2025-07-02T21:03:00+02:00;15124_G;80;10;0;unknown;0
2025-07-02T21:03:00+02:00;15549_D;50;1;0;unknown;0
2025-07-02T21:03:00+02:00;15549_G;50;1;0;unknown;0
2025-07-02T21:03:00+02:00;15550;61;0;75;freeFlow;2
2025-07-02T21:03:00+02:00;15551;80;142;45;freeFlow;1
2025-07-02T21:03:00+02:00;1601768;28;14;60;heavy;1
2025-07-02T21:03:00+02:00;1601771;33;8;45;heavy;1
2025-07-02T21:03:00+02:00;1601787;119;1;38;freeFlow;1
2025-07-02T21:03:00+02:00;1601792;119;0;38;freeFlow;1
2025-07-02T21:03:00+02:00;1601794_D;119;1;38;freeFlow;1
2025-07-02T21:03:00+02:00;1601794_G;44;2;60;freeFlow;1
2025-07-02T21:03:00+02:00;1601795;119;4;38;freeFlow;1
2025-07-02T21:03:00+02:00;1601797;44;12;60;freeFlow;1
2025-07-02T21:03:00+02:00;1601798;44;3;60;freeFlow;1
2025-07-02T21:03:00+02:00;1601799;44;2;60;freeFlow;1
2025-07-02T21:03:00+02:00;1601807;48;2;60;freeFlow;1
2025-07-02T21:03:00+02:00;1601808;57;17;15;freeFlow;1
2025-07-02T21:03:00+02:00;1601810;48;20;60;freeFlow;1
2025-07-02T21:03:00+02:00;1601812;60;3;15;freeFlow;1
2025-07-02T21:03:00+02:00;1601813_D;50;25;0;unknown;0
2025-07-02T21:03:00+02:00;1601813_G;61;21;27;freeFlow;1
2025-07-02T21:03:00+02:00;1601814;66;3;27;freeFlow;1
2025-07-02T21:03:00+02:00;1601815;58;3;71;freeFlow;2
2025-07-02T21:03:00+02:00;1601819;48;1;60;freeFlow;1
2025-07-02T21:03:00+02:00;1601824;60;3;15;freeFlow;1
2025-07-02T21:03:00+02:00;1601898;97;16;75;freeFlow;2
2025-07-02T21:03:00+02:00;1601931_D;40;7;12;freeFlow;1
2025-07-02T21:03:00+02:00;1601931_G;50;5;0;unknown;0
2025-07-02T21:03:00+02:00;1602158_D;38;1;15;freeFlow;1
2025-07-02T21:03:00+02:00;1602158_G;21;1;22;heavy;1
2025-07-02T21:03:00+02:00;1602398;60;1;35;freeFlow;1
2025-07-02T21:03:00+02:00;1626;47;52;85;heavy;4
2025-07-02T21:03:00+02:00;1627;92;2;100;freeFlow;3
2025-07-02T21:03:00+02:00;1628;50;2;0;unknown;0
2025-07-02T21:03:00+02:00;1629;108;1;17;freeFlow;1
2025-07-02T21:03:00+02:00;1630;103;1;75;freeFlow;2
2025-07-02T21:03:00+02:00;1631;103;1;75;freeFlow;2
2025-07-02T21:03:00+02:00;1632;69;27;100;freeFlow;3
2025-07-02T21:03:00+02:00;1633;106;8;60;freeFlow;1
2025-07-02T21:03:00+02:00;1639;33;9;60;heavy;1
2025-07-02T21:03:00+02:00;16647_D;80;57;0;unknown;0
2025-07-02T21:03:00+02:00;16647_G;80;57;0;unknown;0
2025-07-02T21:03:00+02:00;16648_D;80;9;0;unknown;0
2025-07-02T21:03:00+02:00;16648_G;83;9;60;freeFlow;1
2025-07-02T21:03:00+02:00;16695_D;73;39;60;freeFlow;1
2025-07-02T21:03:00+02:00;16695_G;69;41;45;freeFlow;1
2025-07-02T21:03:00+02:00;16701;50;2;0;unknown;0
2025-07-02T21:03:00+02:00;16702;32;3;48;heavy;1
2025-07-02T21:03:00+02:00;16707_D;50;1;0;unknown;0
2025-07-02T21:03:00+02:00;16707_G;50;1;0;unknown;0
2025-07-02T21:03:00+02:00;16744;45;3;60;heavy;1
2025-07-02T21:03:00+02:00;16745;34;3;60;heavy;1
2025-07-02T21:03:00+02:00;16746;44;3;15;heavy;1
2025-07-02T21:03:00+02:00;16747;44;4;45;heavy;1
2025-07-02T21:03:00+02:00;16748;44;3;45;heavy;1
2025-07-02T21:03:00+02:00;16749;44;3;45;heavy;1
2025-07-02T21:03:00+02:00;16752_D;44;9;45;heavy;1
2025-07-02T21:03:00+02:00;16752_G;80;5;0;unknown;0
2025-07-02T21:03:00+02:00;1675_D;30;9;0;unknown;0
2025-07-02T21:03:00+02:00;1675_G;103;2;75;freeFlow;2
2025-07-02T21:03:00+02:00;1676;98;5;100;freeFlow;3
2025-07-02T21:03:00+02:00;16761;27;4;48;heavy;1
2025-07-02T21:03:00+02:00;16762;39;2;48;freeFlow;1
2025-07-02T21:03:00+02:00;1677;108;5;17;freeFlow;1
2025-07-02T21:03:00+02:00;1677109;24;67;73;heavy;2
2025-07-02T21:03:00+02:00;1677110;34;2;60;heavy;1
2025-07-02T21:03:00+02:00;1677175_D;119;12;38;freeFlow;1
2025-07-02T21:03:00+02:00;1677175_G;38;38;60;freeFlow;1
2025-07-02T21:03:00+02:00;1677180_D;119;0;38;freeFlow;1
2025-07-02T21:03:00+02:00;1677180_G;44;1;60;freeFlow;1
2025-07-02T21:03:00+02:00;1677184_D;119;6;38;freeFlow;1
2025-07-02T21:03:00+02:00;1677184_G;44;16;60;freeFlow;1
2025-07-02T21:03:00+02:00;1677551_D;30;2;0;unknown;0
2025-07-02T21:03:00+02:00;1677551_G;30;2;0;unknown;0
2025-07-02T21:03:00+02:00;1677568_D;50;29;0;unknown;0
2025-07-02T21:03:00+02:00;1677568_G;50;30;0;unknown;0
2025-07-02T21:03:00+02:00;1677569;50;2;0;unknown;0
2025-07-02T21:03:00+02:00;1677687;50;1;0;unknown;0
2025-07-02T21:03:00+02:00;1677691;50;1;0;unknown;0
2025-07-02T21:03:00+02:00;1677693;50;2;0;unknown;0
2025-07-02T21:03:00+02:00;1677695_D;50;14;0;unknown;0
2025-07-02T21:03:00+02:00;1677695_G;50;13;0;unknown;0
2025-07-02T21:03:00+02:00;1677709_D;50;3;0;unknown;0
2025-07-02T21:03:00+02:00;1677709_G;50;4;0;unknown;0
2025-07-02T21:03:00+02:00;1677716_D;50;3;0;unknown;0
2025-07-02T21:03:00+02:00;1677716_G;50;3;0;unknown;0
2025-07-02T21:03:00+02:00;1677730_D;50;22;0;unknown;0
2025-07-02T21:03:00+02:00;1677730_G;35;31;35;freeFlow;1
2025-07-02T21:03:00+02:00;1677735_D;50;1;0;unknown;0
2025-07-02T21:03:00+02:00;1677735_G;50;1;0;unknown;0
2025-07-02T21:03:00+02:00;1677745_D;50;2;0;unknown;0
2025-07-02T21:03:00+02:00;1677745_G;50;1;0;unknown;0
2025-07-02T21:03:00+02:00;1677785_D;30;9;0;unknown;0
2025-07-02T21:03:00+02:00;1677785_G;30;9;0;unknown;0
2025-07-02T21:03:00+02:00;1677801_D;50;6;0;unknown;0
2025-07-02T21:03:00+02:00;1677801_G;50;6;0;unknown;0
2025-07-02T21:03:00+02:00;1677808_D;50;13;0;unknown;0
2025-07-02T21:03:00+02:00;1677808_G;50;13;0;unknown;0
2025-07-02T21:03:00+02:00;16783;50;2;0;unknown;0
2025-07-02T21:03:00+02:00;16784;50;2;0;unknown;0
2025-07-02T21:03:00+02:00;16785;50;2;0;unknown;0
2025-07-02T21:03:00+02:00;1678542;82;25;50;freeFlow;1
2025-07-02T21:03:00+02:00;1678698_D;30;26;42;heavy;1
2025-07-02T21:03:00+02:00;1678698_G;53;15;42;freeFlow;1
2025-07-02T21:03:00+02:00;1678750;50;2;0;unknown;0
2025-07-02T21:03:00+02:00;1678763_D;25;8;60;heavy;1
2025-07-02T21:03:00+02:00;1678763_G;50;4;0;unknown;0
2025-07-02T21:03:00+02:00;1679092_D;31;7;75;heavy;2
2025-07-02T21:03:00+02:00;1679092_G;43;5;38;freeFlow;1
2025-07-02T21:03:00+02:00;1679681;90;9;0;unknown;0
2025-07-02T21:03:00+02:00;1679779;36;9;15;freeFlow;1
2025-07-02T21:03:00+02:00;1679795_D;29;2;75;heavy;2
2025-07-02T21:03:00+02:00;1679822;12;6;60;congested;1
2025-07-02T21:03:00+02:00;1679825;99;1;57;freeFlow;1
2025-07-02T21:03:00+02:00;1679841;33;30;75;heavy;2
2025-07-02T21:03:00+02:00;1679843;99;0;57;freeFlow;1
2025-07-02T21:03:00+02:00;1679845;12;4;75;congested;2
2025-07-02T21:03:00+02:00;1679847;39;1;27;freeFlow;1
2025-07-02T21:03:00+02:00;1679859_D;30;16;0;unknown;0
2025-07-02T21:03:00+02:00;1679859_G;30;16;0;unknown;0
2025-07-02T21:03:00+02:00;1680014;105;5;75;freeFlow;2
2025-07-02T21:03:00+02:00;1680016;96;12;75;freeFlow;2
2025-07-02T21:03:00+02:00;1680022;96;5;75;freeFlow;2
2025-07-02T21:03:00+02:00;1680024;105;8;100;freeFlow;3
2025-07-02T21:03:00+02:00;1680116;80;2;0;unknown;0
2025-07-02T21:03:00+02:00;1680119;80;2;0;unknown;0
2025-07-02T21:03:00+02:00;1680121;54;3;60;heavy;1
2025-07-02T21:03:00+02:00;1680122_D;80;23;0;unknown;0
2025-07-02T21:03:00+02:00;1680122_G;57;32;60;freeFlow;1
2025-07-02T21:03:00+02:00;1680123;54;3;60;heavy;1
2025-07-02T21:03:00+02:00;1680337;28;8;32;heavy;1
2025-07-02T21:03:00+02:00;1680401_D;70;17;0;unknown;0
2025-07-02T21:03:00+02:00;1680401_G;70;18;0;unknown;0
2025-07-02T21:03:00+02:00;1680514_D;21;21;32;heavy;1
2025-07-02T21:03:00+02:00;1680514_G;50;9;0;unknown;0
2025-07-02T21:03:00+02:00;1680539;105;1;17;freeFlow;1
2025-07-02T21:03:00+02:00;1680541_D;60;7;25;freeFlow;1
2025-07-02T21:03:00+02:00;1680541_G;33;12;60;freeFlow;1
2025-07-02T21:03:00+02:00;1680549_D;50;12;0;unknown;0
2025-07-02T21:03:00+02:00;1680549_G;27;24;50;heavy;1
2025-07-02T21:03:00+02:00;1680551_D;30;1;0;unknown;0
2025-07-02T21:03:00+02:00;1680551_G;60;1;25;freeFlow;1
2025-07-02T21:03:00+02:00;1680557_D;60;0;25;freeFlow;1
2025-07-02T21:03:00+02:00;1680557_G;10;3;50;congested;1
2025-07-02T21:03:00+02:00;1680561_D;8;5;32;congested;1
2025-07-02T21:03:00+02:00;1680561_G;50;1;0;unknown;0
2025-07-02T21:03:00+02:00;1680567;60;1;25;freeFlow;1
2025-07-02T21:03:00+02:00;1680569;15;10;50;congested;1
2025-07-02T21:03:00+02:00;1680573;25;3;68;heavy;2
2025-07-02T21:03:00+02:00;1680574;23;5;60;heavy;1
2025-07-02T21:03:00+02:00;1680575;15;21;61;congested;2
2025-07-02T21:03:00+02:00;1680576;9;11;32;congested;1
2025-07-02T21:03:00+02:00;16821_D;80;83;0;unknown;0
2025-07-02T21:03:00+02:00;16821_G;97;68;58;freeFlow;1
2025-07-02T21:03:00+02:00;16830_D;20;41;60;heavy;1
2025-07-02T21:03:00+02:00;16830_G;50;16;0;unknown;0
2025-07-02T21:03:00+02:00;16831_D;30;4;60;heavy;1
2025-07-02T21:03:00+02:00;16831_G;50;2;0;unknown;0
2025-07-02T21:03:00+02:00;16832;24;7;60;heavy;1
2025-07-02T21:03:00+02:00;16834;70;10;0;unknown;0
2025-07-02T21:03:00+02:00;16850_D;25;2;60;heavy;1
2025-07-02T21:03:00+02:00;16850_G;25;2;60;heavy;1
2025-07-02T21:03:00+02:00;16851_D;25;6;60;heavy;1
2025-07-02T21:03:00+02:00;16851_G;50;2;0;unknown;0
2025-07-02T21:03:00+02:00;16852_D;25;10;60;heavy;1
2025-07-02T21:03:00+02:00;16852_G;50;5;0;unknown;0
2025-07-02T21:03:00+02:00;16853_D;25;14;60;heavy;1
2025-07-02T21:03:00+02:00;16853_G;50;7;0;unknown;0
2025-07-02T21:03:00+02:00;16854_D;17;13;60;heavy;1
2025-07-02T21:03:00+02:00;16854_G;50;4;0;unknown;0
2025-07-02T21:03:00+02:00;16855_D;17;13;60;heavy;1
2025-07-02T21:03:00+02:00;16855_G;50;4;0;unknown;0
2025-07-02T21:03:00+02:00;16856_D;18;20;60;heavy;1
2025-07-02T21:03:00+02:00;16856_G;50;7;0;unknown;0
2025-07-02T21:03:00+02:00;16858_D;22;69;60;heavy;1
2025-07-02T21:03:00+02:00;16858_G;50;30;0;unknown;0
2025-07-02T21:03:00+02:00;16859_D;50;3;0;unknown;0
2025-07-02T21:03:00+02:00;16859_G;50;3;0;unknown;0
2025-07-02T21:03:00+02:00;16860_D;20;18;60;heavy;1
2025-07-02T21:03:00+02:00;16860_G;50;7;0;unknown;0
2025-07-02T21:03:00+02:00;1690_D;50;6;0;unknown;0
2025-07-02T21:03:00+02:00;1690_G;103;3;75;freeFlow;2
2025-07-02T21:03:00+02:00;16910_D;50;6;0;unknown;0
2025-07-02T21:03:00+02:00;16910_G;50;6;0;unknown;0
2025-07-02T21:03:00+02:00;16967;61;9;75;freeFlow;2
2025-07-02T21:03:00+02:00;16969;10;4;48;congested;1
2025-07-02T21:03:00+02:00;16986;56;12;60;freeFlow;1
2025-07-02T21:03:00+02:00;16988;66;11;60;freeFlow;1
2025-07-02T21:03:00+02:00;16989;76;6;71;freeFlow;2
2025-07-02T21:03:00+02:00;16990;71;6;75;freeFlow;2
2025-07-02T21:03:00+02:00;16992;70;19;75;freeFlow;2
2025-07-02T21:03:00+02:00;16994;78;14;75;freeFlow;2
2025-07-02T21:03:00+02:00;17;73;3;12;freeFlow;1
2025-07-02T21:03:00+02:00;1721;103;1;75;freeFlow;2
2025-07-02T21:03:00+02:00;1722;103;1;75;freeFlow;2
2025-07-02T21:03:00+02:00;1723;50;3;0;unknown;0
2025-07-02T21:03:00+02:00;1724_D;80;7;0;unknown;0
2025-07-02T21:03:00+02:00;1724_G;103;5;75;freeFlow;2
2025-07-02T21:03:00+02:00;1732_D;103;1;75;freeFlow;2
2025-07-02T21:03:00+02:00;1732_G;50;2;0;unknown;0
2025-07-02T21:03:00+02:00;1733_D;103;0;75;freeFlow;2
2025-07-02T21:03:00+02:00;1733_G;50;1;0;unknown;0
2025-07-02T21:03:00+02:00;1734_D;103;3;75;freeFlow;2
2025-07-02T21:03:00+02:00;1734_G;50;7;0;unknown;0
2025-07-02T21:03:00+02:00;18337;50;2;0;unknown;0
2025-07-02T21:03:00+02:00;18391_D;65;4;30;freeFlow;1
2025-07-02T21:03:00+02:00;18391_G;85;3;60;freeFlow;1
2025-07-02T21:03:00+02:00;1853;84;28;100;freeFlow;4
2025-07-02T21:03:00+02:00;1855;107;4;100;freeFlow;3
2025-07-02T21:03:00+02:00;1856;78;11;100;freeFlow;3
2025-07-02T21:03:00+02:00;19040;98;1;100;freeFlow;3
2025-07-02T21:03:00+02:00;1910886;39;6;40;freeFlow;1
2025-07-02T21:03:00+02:00;1911185_D;60;19;60;freeFlow;1
2025-07-02T21:03:00+02:00;1911185_G;7;160;20;congested;1
2025-07-02T21:03:00+02:00;1911398_D;43;1;45;freeFlow;1
2025-07-02T21:03:00+02:00;1911398_G;30;1;0;unknown;0
2025-07-02T21:03:00+02:00;1911404_D;30;3;0;unknown;0
2025-07-02T21:03:00+02:00;1911404_G;39;2;12;freeFlow;1
2025-07-02T21:03:00+02:00;1911418;48;5;75;freeFlow;2
2025-07-02T21:03:00+02:00;1911420;59;1;60;freeFlow;1
2025-07-02T21:03:00+02:00;1911448_D;43;45;17;heavy;1
2025-07-02T21:03:00+02:00;1911448_G;70;27;0;unknown;0
2025-07-02T21:03:00+02:00;1911623_D;30;6;0;unknown;0
2025-07-02T21:03:00+02:00;1911623_G;39;5;15;freeFlow;1
2025-07-02T21:03:00+02:00;19628;65;4;32;freeFlow;1
2025-07-02T21:03:00+02:00;19629;90;1;0;unknown;0
2025-07-02T21:03:00+02:00;19630;36;5;52;heavy;1
2025-07-02T21:03:00+02:00;19631;44;2;32;heavy;1
2025-07-02T21:03:00+02:00;19632;90;1;0;unknown;0
2025-07-02T21:03:00+02:00;19633;63;3;57;freeFlow;1
2025-07-02T21:03:00+02:00;19634;70;1;0;unknown;0
2025-07-02T21:03:00+02:00;19635;44;3;75;heavy;2
2025-07-02T21:03:00+02:00;19636;46;3;75;heavy;2
2025-07-02T21:03:00+02:00;19637;70;1;0;unknown;0
2025-07-02T21:03:00+02:00;19638;48;3;12;heavy;1
2025-07-02T21:03:00+02:00;19639;71;2;55;freeFlow;1
2025-07-02T21:03:00+02:00;19640;71;2;55;freeFlow;1
2025-07-02T21:03:00+02:00;19642;35;4;75;heavy;2
2025-07-02T21:03:00+02:00;19643;44;1;100;heavy;3
2025-07-02T21:03:00+02:00;19644;71;1;55;freeFlow;1
2025-07-02T21:03:00+02:00;19683;68;29;60;heavy;1
2025-07-02T21:03:00+02:00;19684;100;47;75;freeFlow;2
2025-07-02T21:03:00+02:00;19685;117;45;60;freeFlow;1
2025-07-02T21:03:00+02:00;19686;91;18;72;freeFlow;2
2025-07-02T21:03:00+02:00;198;95;48;75;freeFlow;2
2025-07-02T21:03:00+02:00;19825_D;62;52;14;freeFlow;1
2025-07-02T21:03:00+02:00;19825_G;92;35;93;freeFlow;3
2025-07-02T21:03:00+02:00;19828;61;2;52;freeFlow;1
2025-07-02T21:03:00+02:00;19830;47;2;57;freeFlow;1
2025-07-02T21:03:00+02:00;19832;35;4;15;heavy;1
2025-07-02T21:03:00+02:00;19833;35;3;15;heavy;1
2025-07-02T21:03:00+02:00;19841_D;79;19;12;freeFlow;1
2025-07-02T21:03:00+02:00;19841_G;98;15;93;freeFlow;3
2025-07-02T21:03:00+02:00;19842_D;78;5;12;freeFlow;1
2025-07-02T21:03:00+02:00;19842_G;96;4;95;freeFlow;3
2025-07-02T21:03:00+02:00;20525;46;4;46;heavy;2
2025-07-02T21:03:00+02:00;20526;45;3;60;heavy;1
2025-07-02T21:03:00+02:00;20527;43;4;75;heavy;2
2025-07-02T21:03:00+02:00;20528;42;3;60;heavy;1
2025-07-02T21:03:00+02:00;20590_D;68;120;46;freeFlow;1
2025-07-02T21:03:00+02:00;20590_G;81;100;60;freeFlow;1
2025-07-02T21:03:00+02:00;20760_D;41;37;48;freeFlow;1
2025-07-02T21:03:00+02:00;20760_G;53;29;74;freeFlow;2
2025-07-02T21:03:00+02:00;2216_D;68;45;60;freeFlow;1
2025-07-02T21:03:00+02:00;2216_G;56;55;60;heavy;1
2025-07-02T21:03:00+02:00;2218_D;77;29;60;freeFlow;1
2025-07-02T21:03:00+02:00;2218_G;78;28;60;freeFlow;1
2025-07-02T21:03:00+02:00;23984_D;52;1;60;heavy;1
2025-07-02T21:03:00+02:00;23984_G;69;1;50;freeFlow;1
2025-07-02T21:03:00+02:00;24143_D;55;7;60;heavy;1
2025-07-02T21:03:00+02:00;24143_G;65;6;50;freeFlow;1
2025-07-02T21:03:00+02:00;24147_D;75;51;60;freeFlow;1
2025-07-02T21:03:00+02:00;24147_G;69;55;50;freeFlow;1
2025-07-02T21:03:00+02:00;24148;52;3;60;freeFlow;1
2025-07-02T21:03:00+02:00;24149;74;2;50;freeFlow;1
2025-07-02T21:03:00+02:00;24150;52;3;60;freeFlow;1
2025-07-02T21:03:00+02:00;24151;69;2;50;freeFlow;1
2025-07-02T21:03:00+02:00;24153_D;69;13;60;freeFlow;1
2025-07-02T21:03:00+02:00;24153_G;80;12;48;freeFlow;1
2025-07-02T21:03:00+02:00;24176;59;27;83;heavy;4
2025-07-02T21:03:00+02:00;24178;48;22;73;heavy;2
2025-07-02T21:03:00+02:00;24179;95;21;74;freeFlow;2
2025-07-02T21:03:00+02:00;24181_D;55;3;50;freeFlow;1
2025-07-02T21:03:00+02:00;24181_G;71;2;60;freeFlow;1
2025-07-02T21:03:00+02:00;24182;55;21;74;heavy;2
2025-07-02T21:03:00+02:00;24184_D;55;10;50;freeFlow;1
2025-07-02T21:03:00+02:00;24184_G;62;9;60;freeFlow;1
2025-07-02T21:03:00+02:00;24259;44;3;50;freeFlow;1
2025-07-02T21:03:00+02:00;24260;43;4;60;freeFlow;1
2025-07-02T21:03:00+02:00;24261;54;2;60;freeFlow;1
2025-07-02T21:03:00+02:00;24262;44;4;50;freeFlow;1
2025-07-02T21:03:00+02:00;24264_D;44;1;50;heavy;1
2025-07-02T21:03:00+02:00;24264_G;54;1;60;heavy;1
2025-07-02T21:03:00+02:00;24265_D;44;1;50;freeFlow;1
2025-07-02T21:03:00+02:00;24265_G;43;1;60;freeFlow;1
2025-07-02T21:03:00+02:00;24274_D;52;9;60;freeFlow;1
2025-07-02T21:03:00+02:00;24274_G;53;9;50;freeFlow;1
2025-07-02T21:03:00+02:00;25687_D;30;7;0;unknown;0
2025-07-02T21:03:00+02:00;25687_G;30;7;0;unknown;0
2025-07-02T21:03:00+02:00;25929_D;80;10;0;unknown;0
2025-07-02T21:03:00+02:00;25929_G;80;11;0;unknown;0
2025-07-02T21:03:00+02:00;25930;50;3;70;heavy;2
2025-07-02T21:03:00+02:00;25931;45;4;55;heavy;1
2025-07-02T21:03:00+02:00;25932;40;4;10;heavy;1
2025-07-02T21:03:00+02:00;25933;40;4;10;heavy;1
2025-07-02T21:03:00+02:00;25934_D;80;3;0;unknown;0
2025-07-02T21:03:00+02:00;25934_G;80;3;0;unknown;0
2025-07-02T21:03:00+02:00;25944_D;43;7;10;heavy;1
2025-07-02T21:03:00+02:00;25944_G;52;5;70;heavy;2
2025-07-02T21:03:00+02:00;25946_D;79;11;95;freeFlow;3
2025-07-02T21:03:00+02:00;25946_G;74;11;12;freeFlow;1
2025-07-02T21:03:00+02:00;25947_D;76;25;55;freeFlow;1
2025-07-02T21:03:00+02:00;25947_G;40;48;10;heavy;1
2025-07-02T21:03:00+02:00;25988_D;30;10;0;unknown;0
2025-07-02T21:03:00+02:00;25988_G;30;10;0;unknown;0
2025-07-02T21:03:00+02:00;25989;50;2;0;unknown;0
2025-07-02T21:03:00+02:00;25990;50;2;0;unknown;0
2025-07-02T21:03:00+02:00;25991;50;2;0;unknown;0
2025-07-02T21:03:00+02:00;25992;50;2;0;unknown;0
2025-07-02T21:03:00+02:00;25993_D;30;3;0;unknown;0
2025-07-02T21:03:00+02:00;25993_G;30;3;0;unknown;0
2025-07-02T21:03:00+02:00;25994_D;50;4;0;unknown;0
2025-07-02T21:03:00+02:00;25994_G;50;4;0;unknown;0
2025-07-02T21:03:00+02:00;25995_D;50;1;0;unknown;0
2025-07-02T21:03:00+02:00;25995_G;50;1;0;unknown;0
2025-07-02T21:03:00+02:00;25996_D;50;5;0;unknown;0
2025-07-02T21:03:00+02:00;25996_G;50;4;0;unknown;0
2025-07-02T21:03:00+02:00;25997_D;50;1;0;unknown;0
2025-07-02T21:03:00+02:00;25997_G;50;1;0;unknown;0
2025-07-02T21:03:00+02:00;25998_D;50;11;0;unknown;0
2025-07-02T21:03:00+02:00;25998_G;50;11;0;unknown;0
2025-07-02T21:03:00+02:00;25999_D;50;8;0;unknown;0
2025-07-02T21:03:00+02:00;25999_G;50;8;0;unknown;0
2025-07-02T21:03:00+02:00;26000_D;80;5;0;unknown;0
2025-07-02T21:03:00+02:00;26000_G;80;5;0;unknown;0
2025-07-02T21:03:00+02:00;26001_D;80;1;0;unknown;0
2025-07-02T21:03:00+02:00;26001_G;80;1;0;unknown;0
2025-07-02T21:03:00+02:00;26002_D;80;5;0;unknown;0
2025-07-02T21:03:00+02:00;26002_G;80;5;0;unknown;0
2025-07-02T21:03:00+02:00;26023;86;3;57;freeFlow;1
2025-07-02T21:03:00+02:00;26024;109;42;38;freeFlow;1
2025-07-02T21:03:00+02:00;26025;93;70;75;freeFlow;2
2025-07-02T21:03:00+02:00;26041;51;6;75;freeFlow;2
2025-07-02T21:03:00+02:00;26043;25;17;73;heavy;2
2025-07-02T21:03:00+02:00;26044;51;9;75;freeFlow;2
2025-07-02T21:03:00+02:00;26046;44;21;71;freeFlow;2
2025-07-02T21:03:00+02:00;26047;41;2;75;freeFlow;2
2025-07-02T21:03:00+02:00;26048;72;29;75;freeFlow;2
2025-07-02T21:03:00+02:00;26049;43;34;72;heavy;2
2025-07-02T21:03:00+02:00;26050;59;6;60;freeFlow;1
2025-07-02T21:03:00+02:00;26101_D;30;16;0;unknown;0
2025-07-02T21:03:00+02:00;26101_G;30;16;0;unknown;0
2025-07-02T21:03:00+02:00;26371_D;30;9;0;unknown;0
2025-07-02T21:03:00+02:00;26371_G;30;9;0;unknown;0
2025-07-02T21:03:00+02:00;26389_D;70;11;0;unknown;0
2025-07-02T21:03:00+02:00;26389_G;70;11;0;unknown;0
2025-07-02T21:03:00+02:00;26392_D;30;15;0;unknown;0
2025-07-02T21:03:00+02:00;26392_G;30;14;0;unknown;0
2025-07-02T21:03:00+02:00;26393;50;1;0;unknown;0
2025-07-02T21:03:00+02:00;26394;50;1;0;unknown;0
2025-07-02T21:03:00+02:00;26395;50;2;0;unknown;0
2025-07-02T21:03:00+02:00;26396;50;1;0;unknown;0
2025-07-02T21:03:00+02:00;26397_D;50;4;0;unknown;0
2025-07-02T21:03:00+02:00;26397_G;50;4;0;unknown;0
2025-07-02T21:03:00+02:00;26402_D;30;9;0;unknown;0
2025-07-02T21:03:00+02:00;26402_G;30;9;0;unknown;0
2025-07-02T21:03:00+02:00;26403_D;30;4;0;unknown;0
2025-07-02T21:03:00+02:00;26403_G;30;4;0;unknown;0
2025-07-02T21:03:00+02:00;26404_D;30;3;0;unknown;0
2025-07-02T21:03:00+02:00;26404_G;30;3;0;unknown;0
2025-07-02T21:03:00+02:00;26405_D;30;2;0;unknown;0
2025-07-02T21:03:00+02:00;26405_G;30;2;0;unknown;0
2025-07-02T21:03:00+02:00;26409_D;70;11;0;unknown;0
2025-07-02T21:03:00+02:00;26409_G;70;11;0;unknown;0
2025-07-02T21:03:00+02:00;26420_D;70;4;0;unknown;0
2025-07-02T21:03:00+02:00;26420_G;70;4;0;unknown;0
2025-07-02T21:03:00+02:00;26422_D;70;11;0;unknown;0
2025-07-02T21:03:00+02:00;26422_G;70;11;0;unknown;0
2025-07-02T21:03:00+02:00;26423_D;70;7;0;unknown;0
2025-07-02T21:03:00+02:00;26423_G;70;7;0;unknown;0
2025-07-02T21:03:00+02:00;26495_D;50;7;0;unknown;0
2025-07-02T21:03:00+02:00;26495_G;50;7;0;unknown;0
2025-07-02T21:03:00+02:00;26497_D;30;16;0;unknown;0
2025-07-02T21:03:00+02:00;26497_G;30;16;0;unknown;0
2025-07-02T21:03:00+02:00;26501;114;20;75;freeFlow;2
2025-07-02T21:03:00+02:00;26573;103;13;75;freeFlow;2
2025-07-02T21:03:00+02:00;26603_D;30;2;0;unknown;0
2025-07-02T21:03:00+02:00;26603_G;30;2;0;unknown;0
2025-07-02T21:03:00+02:00;26611_D;30;4;0;unknown;0
2025-07-02T21:03:00+02:00;26611_G;30;4;0;unknown;0
2025-07-02T21:03:00+02:00;26619;47;2;57;freeFlow;1
2025-07-02T21:03:00+02:00;26654;19;26;75;heavy;2
2025-07-02T21:03:00+02:00;26656;59;9;60;freeFlow;1
2025-07-02T21:03:00+02:00;26897_D;30;15;0;unknown;0
2025-07-02T21:03:00+02:00;26897_G;30;15;0;unknown;0
2025-07-02T21:03:00+02:00;27837_D;72;4;60;freeFlow;1
2025-07-02T21:03:00+02:00;27837_G;63;5;60;freeFlow;1
2025-07-02T21:03:00+02:00;28032;36;5;60;heavy;1
2025-07-02T21:03:00+02:00;28033;62;3;60;freeFlow;1
2025-07-02T21:03:00+02:00;282910_D;44;4;15;freeFlow;1
2025-07-02T21:03:00+02:00;282910_G;13;8;60;congested;1
2025-07-02T21:03:00+02:00;28642_D;74;6;60;freeFlow;1
2025-07-02T21:03:00+02:00;28642_G;55;8;50;freeFlow;1
2025-07-02T21:03:00+02:00;28645_D;74;1;60;freeFlow;1
2025-07-02T21:03:00+02:00;28645_G;27;4;72;heavy;2
2025-07-02T21:03:00+02:00;28646_D;68;45;60;freeFlow;1
2025-07-02T21:03:00+02:00;28646_G;41;75;98;heavy;3
2025-07-02T21:03:00+02:00;28648_D;62;21;60;freeFlow;1
2025-07-02T21:03:00+02:00;28648_G;55;24;75;heavy;2
2025-07-02T21:03:00+02:00;28649_D;62;15;60;freeFlow;1
2025-07-02T21:03:00+02:00;28649_G;59;15;75;freeFlow;2
2025-07-02T21:03:00+02:00;28650_D;62;16;60;freeFlow;1
2025-07-02T21:03:00+02:00;28650_G;66;15;99;freeFlow;3
2025-07-02T21:03:00+02:00;28660_D;72;9;60;freeFlow;1
2025-07-02T21:03:00+02:00;28660_G;59;11;100;freeFlow;3
2025-07-02T21:03:00+02:00;28665_D;74;18;60;freeFlow;1
2025-07-02T21:03:00+02:00;28665_G;63;21;100;freeFlow;3
2025-07-02T21:03:00+02:00;28666_D;74;9;60;freeFlow;1
2025-07-02T21:03:00+02:00;28666_G;64;11;97;freeFlow;3
2025-07-02T21:03:00+02:00;28669_D;38;9;45;heavy;1
2025-07-02T21:03:00+02:00;28669_G;70;5;0;unknown;0
2025-07-02T21:03:00+02:00;28675_D;70;6;0;unknown;0
2025-07-02T21:03:00+02:00;28675_G;70;6;0;unknown;0
2025-07-02T21:03:00+02:00;28676_D;18;11;45;congested;1
2025-07-02T21:03:00+02:00;28676_G;70;3;0;unknown;0
2025-07-02T21:03:00+02:00;28677_D;18;60;45;congested;1
2025-07-02T21:03:00+02:00;28677_G;70;16;0;unknown;0
2025-07-02T21:03:00+02:00;28693_D;71;13;60;freeFlow;1
2025-07-02T21:03:00+02:00;28693_G;41;23;100;heavy;3
2025-07-02T21:03:00+02:00;28854;26;6;84;heavy;3
2025-07-02T21:03:00+02:00;28855;41;3;60;freeFlow;1
2025-07-02T21:03:00+02:00;28865_D;36;55;99;heavy;4
2025-07-02T21:03:00+02:00;28865_G;71;28;60;freeFlow;1
2025-07-02T21:03:00+02:00;28866_D;25;28;100;heavy;3
2025-07-02T21:03:00+02:00;28866_G;72;10;60;freeFlow;1
2025-07-02T21:03:00+02:00;28867;35;3;60;freeFlow;1
2025-07-02T21:03:00+02:00;28868;28;4;75;heavy;2
2025-07-02T21:03:00+02:00;29;108;13;17;freeFlow;1
2025-07-02T21:03:00+02:00;30;108;5;17;freeFlow;1
2025-07-02T21:03:00+02:00;30020_D;80;27;0;unknown;0
2025-07-02T21:03:00+02:00;30020_G;54;40;75;heavy;2
2025-07-02T21:03:00+02:00;30022;81;3;75;freeFlow;2
2025-07-02T21:03:00+02:00;30023;107;47;38;freeFlow;1
2025-07-02T21:03:00+02:00;30118;57;2;52;freeFlow;1
2025-07-02T21:03:00+02:00;30351_D;50;1;0;unknown;0
2025-07-02T21:03:00+02:00;30351_G;63;1;60;freeFlow;1
2025-07-02T21:03:00+02:00;30355_D;50;10;0;unknown;0
2025-07-02T21:03:00+02:00;30355_G;63;8;60;freeFlow;1
2025-07-02T21:03:00+02:00;30359_D;80;8;0;unknown;0
2025-07-02T21:03:00+02:00;30359_G;75;8;60;freeFlow;1
2025-07-02T21:03:00+02:00;30405;63;1;60;freeFlow;1
2025-07-02T21:03:00+02:00;30406;63;4;60;freeFlow;1
2025-07-02T21:03:00+02:00;30407;50;2;0;unknown;0
2025-07-02T21:03:00+02:00;30408;50;1;0;unknown;0
2025-07-02T21:03:00+02:00;30409;63;2;60;freeFlow;1
2025-07-02T21:03:00+02:00;30410_D;50;1;0;unknown;0
2025-07-02T21:03:00+02:00;30410_G;50;1;0;unknown;0
2025-07-02T21:03:00+02:00;30411_D;50;6;0;unknown;0
2025-07-02T21:03:00+02:00;30411_G;50;6;0;unknown;0
2025-07-02T21:03:00+02:00;30414_D;50;7;0;unknown;0
2025-07-02T21:03:00+02:00;30414_G;50;8;0;unknown;0
2025-07-02T21:03:00+02:00;30416_D;50;10;0;unknown;0
2025-07-02T21:03:00+02:00;30416_G;50;10;0;unknown;0
2025-07-02T21:03:00+02:00;30499_D;31;9;0;unknown;0
2025-07-02T21:03:00+02:00;30499_G;44;7;35;freeFlow;1
2025-07-02T21:03:00+02:00;30501_D;31;8;0;unknown;0
2025-07-02T21:03:00+02:00;30501_G;13;22;35;heavy;1
2025-07-02T21:03:00+02:00;30502_D;31;2;0;unknown;0
2025-07-02T21:03:00+02:00;30502_G;30;2;0;unknown;0
2025-07-02T21:03:00+02:00;30504_D;30;1;0;unknown;0
2025-07-02T21:03:00+02:00;30504_G;30;1;0;unknown;0
2025-07-02T21:03:00+02:00;30508;30;4;0;unknown;0
2025-07-02T21:03:00+02:00;30521_D;50;8;0;unknown;0
2025-07-02T21:03:00+02:00;30521_G;50;9;0;unknown;0
2025-07-02T21:03:00+02:00;30522_D;50;2;0;unknown;0
2025-07-02T21:03:00+02:00;30522_G;50;2;0;unknown;0
2025-07-02T21:03:00+02:00;30606_D;60;9;35;freeFlow;1
2025-07-02T21:03:00+02:00;30606_G;50;11;0;unknown;0
2025-07-02T21:03:00+02:00;30608_D;60;3;35;freeFlow;1
2025-07-02T21:03:00+02:00;30608_G;50;3;0;unknown;0
2025-07-02T21:03:00+02:00;30611_D;60;7;35;freeFlow;1
2025-07-02T21:03:00+02:00;30611_G;50;8;0;unknown;0
2025-07-02T21:03:00+02:00;31;108;4;17;freeFlow;1
2025-07-02T21:03:00+02:00;31286;47;3;50;freeFlow;1
2025-07-02T21:03:00+02:00;31287;27;2;60;heavy;1
2025-07-02T21:03:00+02:00;31288;45;4;60;freeFlow;1
2025-07-02T21:03:00+02:00;31289;45;2;73;freeFlow;2
2025-07-02T21:03:00+02:00;31300_D;34;1;60;heavy;1
2025-07-02T21:03:00+02:00;31300_G;50;1;0;unknown;0
2025-07-02T21:03:00+02:00;31302_D;28;2;0;unknown;0
2025-07-02T21:03:00+02:00;31302_G;42;1;50;freeFlow;1
2025-07-02T21:03:00+02:00;31304_D;47;24;10;freeFlow;1
2025-07-02T21:03:00+02:00;31305_D;34;22;60;heavy;1
2025-07-02T21:03:00+02:00;31305_G;50;15;0;unknown;0
2025-07-02T21:03:00+02:00;31361_D;60;1;35;freeFlow;1
2025-07-02T21:03:00+02:00;31361_G;34;1;48;heavy;1
2025-07-02T21:03:00+02:00;31444_D;63;39;38;freeFlow;1
2025-07-02T21:03:00+02:00;31444_G;61;40;100;freeFlow;3
2025-07-02T21:03:00+02:00;31448;47;2;100;heavy;4
2025-07-02T21:03:00+02:00;31449;41;4;100;heavy;3
2025-07-02T21:03:00+02:00;31450;75;2;60;freeFlow;1
2025-07-02T21:03:00+02:00;31451;30;4;38;heavy;1
2025-07-02T21:03:00+02:00;31453_D;47;34;38;heavy;1
2025-07-02T21:03:00+02:00;31453_G;60;27;100;freeFlow;3
2025-07-02T21:03:00+02:00;31511;62;24;60;freeFlow;2
2025-07-02T21:03:00+02:00;31512;75;32;75;freeFlow;2
2025-07-02T21:03:00+02:00;31513;83;26;75;freeFlow;2
2025-07-02T21:03:00+02:00;31515;55;2;72;freeFlow;2
2025-07-02T21:03:00+02:00;31517;54;2;60;freeFlow;1
2025-07-02T21:03:00+02:00;31520;57;1;52;freeFlow;1
2025-07-02T21:03:00+02:00;31522;57;3;52;freeFlow;1
2025-07-02T21:03:00+02:00;31523_D;54;4;60;freeFlow;1
2025-07-02T21:03:00+02:00;31523_G;55;4;50;freeFlow;1
2025-07-02T21:03:00+02:00;31530_D;13;30;35;congested;1
2025-07-02T21:03:00+02:00;31530_G;35;11;60;heavy;1
2025-07-02T21:03:00+02:00;31532_D;80;2;0;unknown;0
2025-07-02T21:03:00+02:00;31532_G;44;4;60;heavy;1
2025-07-02T21:03:00+02:00;31534;34;11;60;heavy;1
2025-07-02T21:03:00+02:00;31536;83;11;60;freeFlow;1
2025-07-02T21:03:00+02:00;31550;96;10;75;freeFlow;2
2025-07-02T21:03:00+02:00;31551;106;7;60;freeFlow;1
2025-07-02T21:03:00+02:00;31553;92;11;22;freeFlow;1
2025-07-02T21:03:00+02:00;31557;69;6;12;freeFlow;1
2025-07-02T21:03:00+02:00;31558_D;56;20;12;freeFlow;1
2025-07-02T21:03:00+02:00;31558_G;51;22;48;freeFlow;2
2025-07-02T21:03:00+02:00;31559;53;8;42;freeFlow;1
2025-07-02T21:03:00+02:00;31561;53;7;42;freeFlow;1
2025-07-02T21:03:00+02:00;31562;50;8;75;freeFlow;2
2025-07-02T21:03:00+02:00;31563;59;7;60;freeFlow;1
2025-07-02T21:03:00+02:00;31568;56;7;32;freeFlow;1
2025-07-02T21:03:00+02:00;31569;56;10;32;freeFlow;1
2025-07-02T21:03:00+02:00;31583_D;18;42;45;heavy;1
2025-07-02T21:03:00+02:00;31583_G;50;15;0;unknown;0
2025-07-02T21:03:00+02:00;31670_D;44;10;60;freeFlow;1
2025-07-02T21:03:00+02:00;31670_G;45;10;17;freeFlow;1
2025-07-02T21:03:00+02:00;31672_D;58;35;17;freeFlow;1
2025-07-02T21:03:00+02:00;31672_G;31;64;60;heavy;1
2025-07-02T21:03:00+02:00;31673;8;162;99;congested;3
2025-07-02T21:03:00+02:00;31674;105;13;57;freeFlow;1
2025-07-02T21:03:00+02:00;31708_D;48;4;45;freeFlow;1
2025-07-02T21:03:00+02:00;31708_G;30;6;0;unknown;0
2025-07-02T21:03:00+02:00;31709_D;48;7;45;freeFlow;1
2025-07-02T21:03:00+02:00;31709_G;30;12;0;unknown;0
2025-07-02T21:03:00+02:00;31716_D;48;4;45;freeFlow;1
2025-07-02T21:03:00+02:00;31716_G;30;7;0;unknown;0
2025-07-02T21:03:00+02:00;31717_D;48;11;45;freeFlow;1
2025-07-02T21:03:00+02:00;31717_G;30;17;0;unknown;0
2025-07-02T21:03:00+02:00;31720_D;20;6;15;heavy;1
2025-07-02T21:03:00+02:00;31720_G;30;4;0;unknown;0
2025-07-02T21:03:00+02:00;31722_D;30;9;0;unknown;0
2025-07-02T21:03:00+02:00;31722_G;39;7;15;freeFlow;1
2025-07-02T21:03:00+02:00;31723;45;4;17;freeFlow;1
2025-07-02T21:03:00+02:00;31724;45;4;17;freeFlow;1
2025-07-02T21:03:00+02:00;31725;40;5;60;freeFlow;1
2025-07-02T21:03:00+02:00;31726;45;5;17;freeFlow;1
2025-07-02T21:03:00+02:00;31727_D;30;12;0;unknown;0
2025-07-02T21:03:00+02:00;31727_G;39;9;15;freeFlow;1
2025-07-02T21:03:00+02:00;31878;29;6;100;heavy;3
2025-07-02T21:03:00+02:00;31879;62;3;60;freeFlow;1
2025-07-02T21:03:00+02:00;31880;68;4;75;freeFlow;2
2025-07-02T21:03:00+02:00;31881;64;5;75;freeFlow;2
2025-07-02T21:03:00+02:00;31882;105;2;57;freeFlow;1
2025-07-02T21:03:00+02:00;32;108;12;17;freeFlow;1
2025-07-02T21:03:00+02:00;32118;105;1;57;freeFlow;1
2025-07-02T21:03:00+02:00;32163_D;34;3;42;freeFlow;1
2025-07-02T21:03:00+02:00;32163_G;30;3;0;unknown;0
2025-07-02T21:03:00+02:00;32165_D;60;1;35;freeFlow;1
2025-07-02T21:03:00+02:00;32165_G;7;12;48;congested;1
2025-07-02T21:03:00+02:00;32177_D;62;10;60;freeFlow;1
2025-07-02T21:03:00+02:00;32177_G;18;34;96;congested;3
2025-07-02T21:03:00+02:00;32784_D;60;1;35;freeFlow;1
2025-07-02T21:03:00+02:00;32784_G;50;2;0;unknown;0
2025-07-02T21:03:00+02:00;32785;50;1;0;unknown;0
2025-07-02T21:03:00+02:00;32786;34;2;60;heavy;1
2025-07-02T21:03:00+02:00;32788;60;1;35;freeFlow;1
2025-07-02T21:03:00+02:00;32790;50;1;0;unknown;0
2025-07-02T21:03:00+02:00;32791;60;1;35;freeFlow;1
2025-07-02T21:03:00+02:00;32794;34;2;48;heavy;1
2025-07-02T21:03:00+02:00;32796;50;1;0;unknown;0
2025-07-02T21:03:00+02:00;33;108;23;17;freeFlow;1
2025-07-02T21:03:00+02:00;34;103;26;100;freeFlow;3
2025-07-02T21:03:00+02:00;34744;108;30;88;freeFlow;3
2025-07-02T21:03:00+02:00;34745;102;32;100;freeFlow;5
2025-07-02T21:03:00+02:00;34757_D;35;3;60;heavy;1
2025-07-02T21:03:00+02:00;34757_G;50;2;0;unknown;0
2025-07-02T21:03:00+02:00;34758_D;50;16;0;unknown;0
2025-07-02T21:03:00+02:00;34758_G;50;16;0;unknown;0
2025-07-02T21:03:00+02:00;35;98;54;100;freeFlow;3
2025-07-02T21:03:00+02:00;35072;95;27;100;freeFlow;3
2025-07-02T21:03:00+02:00;35077;107;39;100;freeFlow;3
2025-07-02T21:03:00+02:00;35086;101;40;100;freeFlow;5
2025-07-02T21:03:00+02:00;35092;36;7;57;heavy;1
2025-07-02T21:03:00+02:00;35096;94;18;75;freeFlow;2
2025-07-02T21:03:00+02:00;35098;107;35;100;freeFlow;3
2025-07-02T21:03:00+02:00;35103;46;17;57;heavy;1
2025-07-02T21:03:00+02:00;35869_D;35;1;60;heavy;1
2025-07-02T21:03:00+02:00;35869_G;50;1;0;unknown;0
2025-07-02T21:03:00+02:00;35870_D;35;16;60;heavy;1
2025-07-02T21:03:00+02:00;35870_G;50;11;0;unknown;0
2025-07-02T21:03:00+02:00;35940;30;10;0;unknown;0
2025-07-02T21:03:00+02:00;35942;22;3;60;freeFlow;1
2025-07-02T21:03:00+02:00;35943;22;3;60;freeFlow;1
2025-07-02T21:03:00+02:00;35944;30;3;0;unknown;0
2025-07-02T21:03:00+02:00;35945;30;3;0;unknown;0
2025-07-02T21:03:00+02:00;35946_D;22;2;60;freeFlow;1
2025-07-02T21:03:00+02:00;35946_G;30;2;0;unknown;0
2025-07-02T21:03:00+02:00;35947;30;10;0;unknown;0
2025-07-02T21:03:00+02:00;35948;30;8;0;unknown;0
2025-07-02T21:03:00+02:00;35949;30;7;0;unknown;0
2025-07-02T21:03:00+02:00;35950;23;16;60;freeFlow;1
2025-07-02T21:03:00+02:00;35951;23;7;60;freeFlow;1
2025-07-02T21:03:00+02:00;35952;20;16;60;heavy;1
2025-07-02T21:03:00+02:00;35953;35;3;60;heavy;1
2025-07-02T21:03:00+02:00;35954;50;2;0;unknown;0
2025-07-02T21:03:00+02:00;35955;50;2;0;unknown;0
2025-07-02T21:03:00+02:00;35956;50;1;0;unknown;0
2025-07-02T21:03:00+02:00;35957_D;22;2;60;freeFlow;1
2025-07-02T21:03:00+02:00;35957_G;30;2;0;unknown;0
2025-07-02T21:03:00+02:00;35959_D;33;2;60;freeFlow;1
2025-07-02T21:03:00+02:00;35959_G;30;1;0;unknown;0
2025-07-02T21:03:00+02:00;35960;30;11;0;unknown;0
2025-07-02T21:03:00+02:00;35961;30;16;0;unknown;0
2025-07-02T21:03:00+02:00;35962;30;12;0;unknown;0
2025-07-02T21:03:00+02:00;35963;24;8;60;freeFlow;1
2025-07-02T21:03:00+02:00;35964;27;7;60;freeFlow;1
2025-07-02T21:03:00+02:00;35965;28;21;60;freeFlow;1
2025-07-02T21:03:00+02:00;35971;23;27;60;freeFlow;1
2025-07-02T21:03:00+02:00;35972;30;11;0;unknown;0
2025-07-02T21:03:00+02:00;35973;30;8;0;unknown;0
2025-07-02T21:03:00+02:00;35985_D;34;2;38;heavy;1
2025-07-02T21:03:00+02:00;35985_G;50;2;0;unknown;0
2025-07-02T21:03:00+02:00;35986_D;30;24;38;heavy;1
2025-07-02T21:03:00+02:00;35986_G;50;15;0;unknown;0
2025-07-02T21:03:00+02:00;35994_D;22;2;35;freeFlow;1
2025-07-02T21:03:00+02:00;35994_G;30;1;0;unknown;0
2025-07-02T21:03:00+02:00;35998;104;2;40;freeFlow;1
2025-07-02T21:03:00+02:00;35999;54;3;60;freeFlow;1
2025-07-02T21:03:00+02:00;36000;57;4;71;freeFlow;2
2025-07-02T21:03:00+02:00;36001;104;2;40;freeFlow;1
2025-07-02T21:03:00+02:00;36003_D;54;1;60;freeFlow;1
2025-07-02T21:03:00+02:00;36003_G;104;1;40;freeFlow;1
2025-07-02T21:03:00+02:00;36004_D;56;38;60;freeFlow;1
2025-07-02T21:03:00+02:00;36004_G;104;20;40;freeFlow;1
2025-07-02T21:03:00+02:00;36005;27;3;60;freeFlow;1
2025-07-02T21:03:00+02:00;36006;30;3;0;unknown;0
2025-07-02T21:03:00+02:00;36007;27;2;60;freeFlow;1
2025-07-02T21:03:00+02:00;36010_D;27;1;60;freeFlow;1
2025-07-02T21:03:00+02:00;36010_G;30;1;0;unknown;0
2025-07-02T21:03:00+02:00;36011;18;16;60;heavy;1
2025-07-02T21:03:00+02:00;36012_D;27;2;60;freeFlow;1
2025-07-02T21:03:00+02:00;36012_G;30;2;0;unknown;0
2025-07-02T21:03:00+02:00;37200_D;34;7;60;freeFlow;1
2025-07-02T21:03:00+02:00;37200_G;28;9;60;freeFlow;1
2025-07-02T21:03:00+02:00;37201;40;5;75;freeFlow;2
2025-07-02T21:03:00+02:00;37202;44;7;98;freeFlow;3
2025-07-02T21:03:00+02:00;37203;42;12;60;freeFlow;1
2025-07-02T21:03:00+02:00;37204_D;59;1;40;freeFlow;1
2025-07-02T21:03:00+02:00;37204_G;30;3;45;heavy;1
2025-07-02T21:03:00+02:00;37205_D;59;3;40;freeFlow;1
2025-07-02T21:03:00+02:00;37205_G;33;6;45;heavy;1
2025-07-02T21:03:00+02:00;37206_D;48;10;40;freeFlow;1
2025-07-02T21:03:00+02:00;37206_G;43;12;45;freeFlow;1
2025-07-02T21:03:00+02:00;37207;43;2;40;freeFlow;1
2025-07-02T21:03:00+02:00;37208;37;4;45;freeFlow;1
2025-07-02T21:03:00+02:00;37209;43;2;40;freeFlow;1
2025-07-02T21:03:00+02:00;37210_D;43;1;40;freeFlow;1
2025-07-02T21:03:00+02:00;37210_G;32;2;45;heavy;1
2025-07-02T21:03:00+02:00;37211_D;47;57;42;freeFlow;1
2025-07-02T21:03:00+02:00;37211_G;53;50;45;freeFlow;1
2025-07-02T21:03:00+02:00;37239;26;7;60;freeFlow;1
2025-07-02T21:03:00+02:00;37240;23;7;70;freeFlow;2
2025-07-02T21:03:00+02:00;37241;24;7;75;freeFlow;2
2025-07-02T21:03:00+02:00;37242;22;9;70;freeFlow;2
2025-07-02T21:03:00+02:00;37243_D;24;4;60;heavy;1
2025-07-02T21:03:00+02:00;37243_G;104;1;40;freeFlow;1
2025-07-02T21:03:00+02:00;37244_D;25;3;60;freeFlow;1
2025-07-02T21:03:00+02:00;37244_G;30;2;0;unknown;0
2025-07-02T21:03:00+02:00;37246_D;25;4;60;freeFlow;1
2025-07-02T21:03:00+02:00;37246_G;20;5;60;heavy;1
2025-07-02T21:03:00+02:00;37422_D;50;19;0;unknown;0
2025-07-02T21:03:00+02:00;37422_G;50;19;0;unknown;0
2025-07-02T21:03:00+02:00;37467_D;50;8;0;unknown;0
2025-07-02T21:03:00+02:00;37467_G;50;8;0;unknown;0
2025-07-02T21:03:00+02:00;37508_D;45;24;60;freeFlow;1
2025-07-02T21:03:00+02:00;37508_G;119;9;38;freeFlow;1
2025-07-02T21:03:00+02:00;37509_D;45;2;60;freeFlow;1
2025-07-02T21:03:00+02:00;37509_G;119;0;38;freeFlow;1
2025-07-02T21:03:00+02:00;37564_D;63;24;15;freeFlow;1
2025-07-02T21:03:00+02:00;37564_G;70;22;0;unknown;0
2025-07-02T21:03:00+02:00;37565_D;60;14;15;freeFlow;1
2025-07-02T21:03:00+02:00;37565_G;70;12;0;unknown;0
2025-07-02T21:03:00+02:00;37586_D;44;2;60;freeFlow;1
2025-07-02T21:03:00+02:00;37586_G;119;1;38;freeFlow;1
2025-07-02T21:03:00+02:00;37588_D;70;8;0;unknown;0
2025-07-02T21:03:00+02:00;37588_G;43;12;17;heavy;1
2025-07-02T21:03:00+02:00;37620_D;70;1;0;unknown;0
2025-07-02T21:03:00+02:00;37620_G;38;2;10;heavy;1
2025-07-02T21:03:00+02:00;37621;119;1;38;freeFlow;1
2025-07-02T21:03:00+02:00;37622;44;5;60;freeFlow;1
2025-07-02T21:03:00+02:00;37625_D;50;18;0;unknown;0
2025-07-02T21:03:00+02:00;37625_G;30;31;12;heavy;1
2025-07-02T21:03:00+02:00;37665_D;45;2;15;freeFlow;1
2025-07-02T21:03:00+02:00;37665_G;43;2;60;freeFlow;1
2025-07-02T21:03:00+02:00;37667;45;28;52;heavy;1
2025-07-02T21:03:00+02:00;37668;28;14;100;heavy;3
2025-07-02T21:03:00+02:00;37673;44;8;52;heavy;1
2025-07-02T21:03:00+02:00;37686_D;119;5;38;freeFlow;1
2025-07-02T21:03:00+02:00;37686_G;18;36;60;heavy;1
2025-07-02T21:03:00+02:00;37702_D;50;5;0;unknown;0
2025-07-02T21:03:00+02:00;37702_G;18;14;35;heavy;1
2025-07-02T21:03:00+02:00;37706_D;19;3;35;heavy;1
2025-07-02T21:03:00+02:00;37706_G;50;1;0;unknown;0
2025-07-02T21:03:00+02:00;37707_D;45;1;15;freeFlow;1
2025-07-02T21:03:00+02:00;37707_G;53;1;60;freeFlow;1
2025-07-02T21:03:00+02:00;37708_D;42;22;17;freeFlow;1
2025-07-02T21:03:00+02:00;37708_G;53;17;60;freeFlow;1
2025-07-02T21:03:00+02:00;37712_D;22;9;48;freeFlow;1
2025-07-02T21:03:00+02:00;37712_G;61;3;60;freeFlow;1
2025-07-02T21:03:00+02:00;37724;27;5;52;heavy;1
2025-07-02T21:03:00+02:00;37725;32;2;60;heavy;1
2025-07-02T21:03:00+02:00;37726;27;4;52;heavy;1
2025-07-02T21:03:00+02:00;37727;32;3;60;heavy;1
2025-07-02T21:03:00+02:00;37728;4;24;32;congested;1
2025-07-02T21:03:00+02:00;37729;59;95;100;heavy;5
2025-07-02T21:03:00+02:00;37730;27;5;75;heavy;2
2025-07-02T21:03:00+02:00;37732;98;37;60;freeFlow;1
2025-07-02T21:03:00+02:00;37737;94;43;75;freeFlow;2
2025-07-02T21:03:00+02:00;37738;20;4;100;congested;3
2025-07-02T21:03:00+02:00;37739;19;7;100;congested;4
2025-07-02T21:03:00+02:00;37740;13;12;100;congested;4
2025-07-02T21:03:00+02:00;37741;26;2;100;heavy;4
2025-07-02T21:03:00+02:00;37742;26;6;100;heavy;4
2025-07-02T21:03:00+02:00;37743;33;4;100;heavy;4
2025-07-02T21:03:00+02:00;37744;37;5;60;heavy;1
2025-07-02T21:03:00+02:00;37745;37;2;60;heavy;1
2025-07-02T21:03:00+02:00;37749;47;82;58;heavy;1
2025-07-02T21:03:00+02:00;37750;94;28;75;freeFlow;2
2025-07-02T21:03:00+02:00;37751;106;9;55;freeFlow;2
2025-07-02T21:03:00+02:00;37752;105;6;57;freeFlow;1
2025-07-02T21:03:00+02:00;37753;106;25;46;freeFlow;2
2025-07-02T21:03:00+02:00;37784;50;2;0;unknown;0
2025-07-02T21:03:00+02:00;37785;29;3;35;heavy;1
2025-07-02T21:03:00+02:00;37786;50;2;0;unknown;0
2025-07-02T21:03:00+02:00;37787_D;70;21;0;unknown;0
2025-07-02T21:03:00+02:00;37787_G;51;29;17;freeFlow;1
2025-07-02T21:03:00+02:00;37818;95;49;75;freeFlow;2
2025-07-02T21:03:00+02:00;37819;104;54;60;freeFlow;1
2025-07-02T21:03:00+02:00;37822;94;9;75;freeFlow;2
2025-07-02T21:03:00+02:00;37826;50;1;0;unknown;0
2025-07-02T21:03:00+02:00;37827;27;1;75;heavy;2
2025-07-02T21:03:00+02:00;37941;106;46;65;freeFlow;2
2025-07-02T21:03:00+02:00;37947;99;7;75;freeFlow;2
2025-07-02T21:03:00+02:00;37948;101;68;100;freeFlow;3
2025-07-02T21:03:00+02:00;37949;99;70;100;freeFlow;3
2025-07-02T21:03:00+02:00;37950;96;8;100;freeFlow;3
2025-07-02T21:03:00+02:00;37970;100;14;100;freeFlow;5
2025-07-02T21:03:00+02:00;38;108;13;17;freeFlow;1
2025-07-02T21:03:00+02:00;38067;105;10;75;freeFlow;2
2025-07-02T21:03:00+02:00;38068;59;4;60;freeFlow;1
2025-07-02T21:03:00+02:00;38069;88;4;75;freeFlow;2
2025-07-02T21:03:00+02:00;38070;96;9;75;freeFlow;2
2025-07-02T21:03:00+02:00;38310;50;1;0;unknown;0
2025-07-02T21:03:00+02:00;38311;31;3;35;heavy;1
2025-07-02T21:03:00+02:00;38317;104;1;60;freeFlow;1
2025-07-02T21:03:00+02:00;38318;95;28;75;freeFlow;2
2025-07-02T21:03:00+02:00;38319;102;20;75;freeFlow;2
2025-07-02T21:03:00+02:00;38322;58;3;75;freeFlow;2
2025-07-02T21:03:00+02:00;38378_D;70;10;0;unknown;0
2025-07-02T21:03:00+02:00;38378_G;11;68;17;congested;1
2025-07-02T21:03:00+02:00;38389_D;70;16;0;unknown;0
2025-07-02T21:03:00+02:00;38389_G;51;21;17;freeFlow;1
2025-07-02T21:03:00+02:00;39061;76;3;75;freeFlow;2
2025-07-02T21:03:00+02:00;39062;106;1;60;freeFlow;1
2025-07-02T21:03:00+02:00;39063;88;5;75;freeFlow;2
2025-07-02T21:03:00+02:00;39473;61;33;100;heavy;3
2025-07-02T21:03:00+02:00;39618;102;3;75;freeFlow;2
2025-07-02T21:03:00+02:00;39619;102;2;75;freeFlow;2
2025-07-02T21:03:00+02:00;39720_D;43;29;60;freeFlow;1
2025-07-02T21:03:00+02:00;39720_G;104;12;40;freeFlow;1
2025-07-02T21:03:00+02:00;39902_D;70;1;0;unknown;0
2025-07-02T21:03:00+02:00;39902_G;70;1;0;unknown;0
2025-07-02T21:03:00+02:00;39904_D;70;1;0;unknown;0
2025-07-02T21:03:00+02:00;39904_G;70;1;0;unknown;0
2025-07-02T21:03:00+02:00;39906_D;70;7;0;unknown;0
2025-07-02T21:03:00+02:00;39906_G;70;7;0;unknown;0
2025-07-02T21:03:00+02:00;40185_D;53;2;48;freeFlow;1
2025-07-02T21:03:00+02:00;40185_G;70;0;0;unknown;0
2025-07-02T21:03:00+02:00;40201;50;0;0;unknown;0
2025-07-02T21:03:00+02:00;40202;50;2;0;unknown;0
2025-07-02T21:03:00+02:00;40203;103;1;75;freeFlow;2
2025-07-02T21:03:00+02:00;40212_D;71;2;60;freeFlow;1
2025-07-02T21:03:00+02:00;40212_G;91;1;75;freeFlow;2
2025-07-02T21:03:00+02:00;40213_D;74;1;60;freeFlow;1
2025-07-02T21:03:00+02:00;40213_G;56;1;50;freeFlow;1
2025-07-02T21:03:00+02:00;41631_D;32;7;50;freeFlow;1
2025-07-02T21:03:00+02:00;41631_G;30;7;0;unknown;0
2025-07-02T21:03:00+02:00;41632_D;49;3;52;freeFlow;1
2025-07-02T21:03:00+02:00;41632_G;30;4;0;unknown;0
2025-07-02T21:03:00+02:00;41652_D;30;8;0;unknown;0
2025-07-02T21:03:00+02:00;41683_D;70;15;0;unknown;0
2025-07-02T21:03:00+02:00;41683_G;70;15;0;unknown;0
2025-07-02T21:03:00+02:00;41709_D;30;15;0;unknown;0
2025-07-02T21:03:00+02:00;41709_G;30;15;0;unknown;0
2025-07-02T21:03:00+02:00;41712_D;49;4;52;freeFlow;1
2025-07-02T21:03:00+02:00;41712_G;30;7;0;unknown;0
2025-07-02T21:03:00+02:00;41713_D;3;47;50;congested;2
2025-07-02T21:03:00+02:00;41713_G;7;16;34;congested;1
2025-07-02T21:03:00+02:00;41729;35;2;30;freeFlow;1
2025-07-02T21:03:00+02:00;41730;50;1;0;unknown;0
2025-07-02T21:03:00+02:00;41731;50;1;0;unknown;0
2025-07-02T21:03:00+02:00;41753_D;39;5;35;freeFlow;1
2025-07-02T21:03:00+02:00;41753_G;6;32;32;congested;1
2025-07-02T21:03:00+02:00;41764_D;49;1;52;freeFlow;1
2025-07-02T21:03:00+02:00;41764_G;30;2;0;unknown;0
2025-07-02T21:03:00+02:00;41781;34;2;32;heavy;1
2025-07-02T21:03:00+02:00;41782;28;3;32;heavy;1
2025-07-02T21:03:00+02:00;41783;24;3;75;heavy;2
2025-07-02T21:03:00+02:00;41784;43;2;75;freeFlow;2
2025-07-02T21:03:00+02:00;41809_D;37;7;35;freeFlow;1
2025-07-02T21:03:00+02:00;41809_G;36;6;32;freeFlow;1
2025-07-02T21:03:00+02:00;41810_D;37;2;35;freeFlow;1
2025-07-02T21:03:00+02:00;41810_G;36;1;32;freeFlow;1
2025-07-02T21:03:00+02:00;41811_D;45;5;35;freeFlow;1
2025-07-02T21:03:00+02:00;41811_G;8;32;32;congested;1
2025-07-02T21:03:00+02:00;41812_D;45;4;35;freeFlow;1
2025-07-02T21:03:00+02:00;41812_G;30;6;0;unknown;0
2025-07-02T21:03:00+02:00;41813_D;37;4;35;freeFlow;1
2025-07-02T21:03:00+02:00;41813_G;30;5;0;unknown;0
2025-07-02T21:03:00+02:00;41814_D;27;8;65;freeFlow;2
2025-07-02T21:03:00+02:00;41814_G;19;11;50;heavy;1
2025-07-02T21:03:00+02:00;41815_D;31;6;50;freeFlow;1
2025-07-02T21:03:00+02:00;41815_G;30;7;0;unknown;0
2025-07-02T21:03:00+02:00;41817_D;30;6;50;freeFlow;1
2025-07-02T21:03:00+02:00;41817_G;30;6;0;unknown;0
2025-07-02T21:03:00+02:00;41818_D;32;3;50;freeFlow;1
2025-07-02T21:03:00+02:00;41818_G;30;2;0;unknown;0
2025-07-02T21:03:00+02:00;42028;44;11;30;freeFlow;1
2025-07-02T21:03:00+02:00;42029;36;42;75;freeFlow;2
2025-07-02T21:03:00+02:00;42030;46;33;32;freeFlow;1
2025-07-02T21:03:00+02:00;42031;43;36;75;freeFlow;2
2025-07-02T21:03:00+02:00;42047;70;5;0;unknown;0
2025-07-02T21:03:00+02:00;42049;50;2;0;unknown;0
2025-07-02T21:03:00+02:00;42050;82;1;50;freeFlow;1
2025-07-02T21:03:00+02:00;42051;82;6;50;freeFlow;1
2025-07-02T21:03:00+02:00;42125_D;48;24;48;freeFlow;1
2025-07-02T21:03:00+02:00;42125_G;50;23;0;unknown;0
2025-07-02T21:03:00+02:00;42134;68;35;50;freeFlow;1
2025-07-02T21:03:00+02:00;42135;67;41;75;freeFlow;2
2025-07-02T21:03:00+02:00;42206_D;19;49;10;heavy;1
2025-07-02T21:03:00+02:00;42238_D;50;7;0;unknown;0
2025-07-02T21:03:00+02:00;42257;90;6;0;unknown;0
2025-07-02T21:03:00+02:00;42273_D;30;6;0;unknown;0
2025-07-02T21:03:00+02:00;42273_G;30;6;0;unknown;0
2025-07-02T21:03:00+02:00;42293_D;48;1;35;freeFlow;1
2025-07-02T21:03:00+02:00;42293_G;7;8;32;congested;1
2025-07-02T21:03:00+02:00;42307_D;50;15;0;unknown;0
2025-07-02T21:03:00+02:00;42307_G;50;15;0;unknown;0
2025-07-02T21:03:00+02:00;42359;20;33;73;congested;2
2025-07-02T21:03:00+02:00;42375;50;1;0;unknown;0
2025-07-02T21:03:00+02:00;42378_D;48;1;35;freeFlow;1
2025-07-02T21:03:00+02:00;42378_G;25;2;32;freeFlow;1
2025-07-02T21:03:00+02:00;42379;103;26;52;freeFlow;1
2025-07-02T21:03:00+02:00;42383;35;2;30;freeFlow;1
2025-07-02T21:03:00+02:00;42384;50;1;0;unknown;0
2025-07-02T21:03:00+02:00;42385;16;5;75;heavy;2
2025-07-02T21:03:00+02:00;42386;12;5;75;congested;2
2025-07-02T21:03:00+02:00;42387;44;5;48;freeFlow;1
2025-07-02T21:03:00+02:00;42388;43;2;90;freeFlow;3
2025-07-02T21:03:00+02:00;42389;36;5;75;freeFlow;2
2025-07-02T21:03:00+02:00;42390;38;3;75;freeFlow;2
2025-07-02T21:03:00+02:00;42391;50;2;0;unknown;0
2025-07-02T21:03:00+02:00;42392;44;2;48;freeFlow;1
2025-07-02T21:03:00+02:00;42399;62;4;50;heavy;1
2025-07-02T21:03:00+02:00;42401_D;50;26;0;unknown;0
2025-07-02T21:03:00+02:00;42401_G;50;26;0;unknown;0
2025-07-02T21:03:00+02:00;42572;38;1;48;freeFlow;2
2025-07-02T21:03:00+02:00;42573;42;1;75;freeFlow;2
2025-07-02T21:03:00+02:00;42580;69;2;50;freeFlow;1
2025-07-02T21:03:00+02:00;42595_D;30;6;0;unknown;0
2025-07-02T21:03:00+02:00;42595_G;30;6;0;unknown;0
2025-07-02T21:03:00+02:00;42603;99;6;57;freeFlow;1
2025-07-02T21:03:00+02:00;42663_D;50;5;0;unknown;0
2025-07-02T21:03:00+02:00;42663_G;50;5;0;unknown;0
2025-07-02T21:03:00+02:00;42681_D;70;13;0;unknown;0
2025-07-02T21:03:00+02:00;42681_G;70;13;0;unknown;0
2025-07-02T21:03:00+02:00;42684_D;34;2;35;freeFlow;1
2025-07-02T21:03:00+02:00;42684_G;30;2;0;unknown;0
2025-07-02T21:03:00+02:00;42685;52;51;75;heavy;2
2025-07-02T21:03:00+02:00;42709_D;50;19;0;unknown;0
2025-07-02T21:03:00+02:00;42709_G;50;18;0;unknown;0
2025-07-02T21:03:00+02:00;42777_D;50;3;0;unknown;0
2025-07-02T21:03:00+02:00;42777_G;50;3;0;unknown;0
2025-07-02T21:03:00+02:00;42778_D;50;1;0;unknown;0
2025-07-02T21:03:00+02:00;42778_G;50;1;0;unknown;0
2025-07-02T21:03:00+02:00;42779;50;2;0;unknown;0
2025-07-02T21:03:00+02:00;42780_D;50;8;0;unknown;0
2025-07-02T21:03:00+02:00;42780_G;50;8;0;unknown;0
2025-07-02T21:03:00+02:00;42938_D;50;6;0;unknown;0
2025-07-02T21:03:00+02:00;42938_G;50;6;0;unknown;0
2025-07-02T21:03:00+02:00;42939_D;50;4;0;unknown;0
2025-07-02T21:03:00+02:00;42939_G;50;4;0;unknown;0
2025-07-02T21:03:00+02:00;42940_D;50;9;0;unknown;0
2025-07-02T21:03:00+02:00;42940_G;50;9;0;unknown;0
2025-07-02T21:03:00+02:00;42941_D;19;7;25;heavy;1
2025-07-02T21:03:00+02:00;42941_G;23;6;0;unknown;0
2025-07-02T21:03:00+02:00;42947_D;50;9;0;unknown;0
2025-07-02T21:03:00+02:00;42947_G;24;18;10;heavy;1
2025-07-02T21:03:00+02:00;42948_D;50;5;0;unknown;0
2025-07-02T21:03:00+02:00;42948_G;23;10;12;heavy;1
2025-07-02T21:03:00+02:00;42949_D;50;5;0;unknown;0
2025-07-02T21:03:00+02:00;42949_G;24;11;10;heavy;1
2025-07-02T21:03:00+02:00;42978_D;50;11;0;unknown;0
2025-07-02T21:03:00+02:00;42978_G;22;25;25;heavy;1
2025-07-02T21:03:00+02:00;42979_D;50;3;0;unknown;0
2025-07-02T21:03:00+02:00;42979_G;19;8;25;heavy;1
2025-07-02T21:03:00+02:00;42983_D;50;8;0;unknown;0
2025-07-02T21:03:00+02:00;42983_G;50;8;0;unknown;0
2025-07-02T21:03:00+02:00;42999_D;33;18;22;heavy;1
2025-07-02T21:03:00+02:00;42999_G;13;45;17;congested;1
2025-07-02T21:03:00+02:00;43000_D;31;8;22;heavy;1
2025-07-02T21:03:00+02:00;43000_G;54;4;17;freeFlow;1
2025-07-02T21:03:00+02:00;43001_D;31;6;22;heavy;1
2025-07-02T21:03:00+02:00;43001_G;59;3;15;freeFlow;1
2025-07-02T21:03:00+02:00;43003_D;30;5;22;heavy;1
2025-07-02T21:03:00+02:00;43003_G;55;3;17;freeFlow;1
2025-07-02T21:03:00+02:00;43027_D;50;5;0;unknown;0
2025-07-02T21:03:00+02:00;43027_G;50;5;0;unknown;0
2025-07-02T21:03:00+02:00;43029_D;50;8;0;unknown;0
2025-07-02T21:03:00+02:00;43029_G;24;17;10;heavy;1
2025-07-02T21:03:00+02:00;43046_D;50;6;0;unknown;0
2025-07-02T21:03:00+02:00;43046_G;50;6;0;unknown;0
2025-07-02T21:03:00+02:00;43047_D;50;4;0;unknown;0
2025-07-02T21:03:00+02:00;43047_G;50;3;0;unknown;0
2025-07-02T21:03:00+02:00;43048_D;50;5;0;unknown;0
2025-07-02T21:03:00+02:00;43048_G;14;18;30;congested;1
2025-07-02T21:03:00+02:00;43049_D;30;4;0;unknown;0
2025-07-02T21:03:00+02:00;43049_G;4;30;27;congested;1
2025-07-02T21:03:00+02:00;43050_D;50;3;0;unknown;0
2025-07-02T21:03:00+02:00;43050_G;19;9;25;heavy;1
2025-07-02T21:03:00+02:00;43099;41;2;32;freeFlow;1
2025-07-02T21:03:00+02:00;43352_G;22;21;20;freeFlow;1
2025-07-02T21:03:00+02:00;43451_D;30;15;0;unknown;0
2025-07-02T21:03:00+02:00;43481;28;26;48;heavy;2
2025-07-02T21:03:00+02:00;43627;38;17;40;freeFlow;1
2025-07-02T21:03:00+02:00;43658_D;12;14;0;unknown;0
2025-07-02T21:03:00+02:00;43658_G;44;4;25;freeFlow;1
2025-07-02T21:03:00+02:00;43718_D;19;8;15;heavy;1
2025-07-02T21:03:00+02:00;43718_G;25;6;20;heavy;1
2025-07-02T21:03:00+02:00;43719_D;10;43;17;congested;1
2025-07-02T21:03:00+02:00;43719_G;27;17;20;heavy;1
2025-07-02T21:03:00+02:00;43720_D;21;10;17;heavy;1
2025-07-02T21:03:00+02:00;43720_G;10;22;20;congested;1
2025-07-02T21:03:00+02:00;43724_D;50;8;0;unknown;0
2025-07-02T21:03:00+02:00;43724_G;3;143;28;congested;1
2025-07-02T21:03:00+02:00;43733_D;32;6;22;heavy;1
2025-07-02T21:03:00+02:00;43733_G;53;4;30;freeFlow;2
2025-07-02T21:03:00+02:00;43736_D;18;12;17;heavy;1
2025-07-02T21:03:00+02:00;43736_G;20;9;20;heavy;1
2025-07-02T21:03:00+02:00;43739_D;26;12;30;heavy;1
2025-07-02T21:03:00+02:00;43739_G;33;10;0;unknown;0
2025-07-02T21:03:00+02:00;43740_D;14;20;30;congested;1
2025-07-02T21:03:00+02:00;43740_G;50;6;0;unknown;0
2025-07-02T21:03:00+02:00;43741_D;14;3;30;congested;1
2025-07-02T21:03:00+02:00;43741_G;50;0;0;unknown;0
2025-07-02T21:03:00+02:00;43742_D;50;7;0;unknown;0
2025-07-02T21:03:00+02:00;43742_G;50;7;0;unknown;0
2025-07-02T21:03:00+02:00;43743_G;50;25;0;unknown;0
2025-07-02T21:03:00+02:00;43744_D;50;5;0;unknown;0
2025-07-02T21:03:00+02:00;43744_G;50;5;0;unknown;0
2025-07-02T21:03:00+02:00;43748;22;9;30;freeFlow;1
2025-07-02T21:03:00+02:00;43757;29;4;32;heavy;1
2025-07-02T21:03:00+02:00;43758;9;33;32;congested;1
2025-07-02T21:03:00+02:00;43786_D;9;72;27;congested;1
2025-07-02T21:03:00+02:00;43786_G;23;27;0;unknown;0
2025-07-02T21:03:00+02:00;43787_D;13;9;30;congested;1
2025-07-02T21:03:00+02:00;43787_G;50;3;0;unknown;0
2025-07-02T21:03:00+02:00;43788_D;42;3;30;freeFlow;1
2025-07-02T21:03:00+02:00;43788_G;50;2;0;unknown;0
2025-07-02T21:03:00+02:00;43789_D;39;7;30;freeFlow;1
2025-07-02T21:03:00+02:00;43789_G;50;6;0;unknown;0
2025-07-02T21:03:00+02:00;43790_D;35;7;30;freeFlow;1
2025-07-02T21:03:00+02:00;43790_G;50;5;0;unknown;0
2025-07-02T21:03:00+02:00;43791_D;14;10;30;congested;1
2025-07-02T21:03:00+02:00;43791_G;50;3;0;unknown;0
2025-07-02T21:03:00+02:00;43792_D;35;10;32;heavy;1
2025-07-02T21:03:00+02:00;43792_G;50;6;0;unknown;0
2025-07-02T21:03:00+02:00;43814_D;14;51;57;congested;1
2025-07-02T21:03:00+02:00;43814_G;60;12;25;freeFlow;1
2025-07-02T21:03:00+02:00;43815_D;24;16;60;heavy;1
2025-07-02T21:03:00+02:00;43815_G;46;8;44;freeFlow;2
2025-07-02T21:03:00+02:00;43817_D;50;14;0;unknown;0
2025-07-02T21:03:00+02:00;43817_G;50;14;0;unknown;0
2025-07-02T21:03:00+02:00;43819;11;41;60;heavy;1
2025-07-02T21:03:00+02:00;43821;29;9;32;heavy;1
2025-07-02T21:03:00+02:00;43828_D;35;16;30;heavy;1
2025-07-02T21:03:00+02:00;43828_G;50;11;0;unknown;0
2025-07-02T21:03:00+02:00;43835_D;19;18;60;heavy;1
2025-07-02T21:03:00+02:00;43835_G;60;6;25;freeFlow;1
2025-07-02T21:03:00+02:00;43836;29;17;60;heavy;1
2025-07-02T21:03:00+02:00;43871_D;50;4;0;unknown;0
2025-07-02T21:03:00+02:00;43871_G;23;9;12;heavy;1
2025-07-02T21:03:00+02:00;43872_D;50;4;0;unknown;0
2025-07-02T21:03:00+02:00;43872_G;23;9;12;heavy;1
2025-07-02T21:03:00+02:00;43873_D;50;5;0;unknown;0
2025-07-02T21:03:00+02:00;43873_G;23;11;12;heavy;1
2025-07-02T21:03:00+02:00;43925_D;50;5;0;unknown;0
2025-07-02T21:03:00+02:00;43925_G;23;11;12;heavy;1
2025-07-02T21:03:00+02:00;43937_D;50;6;0;unknown;0
2025-07-02T21:03:00+02:00;43937_G;25;12;60;heavy;1
2025-07-02T21:03:00+02:00;43938_D;50;20;0;unknown;0
2025-07-02T21:03:00+02:00;43938_G;50;20;0;unknown;0
2025-07-02T21:03:00+02:00;43972;50;7;0;unknown;0
2025-07-02T21:03:00+02:00;43974;22;22;12;heavy;1
2025-07-02T21:03:00+02:00;43975;50;4;12;freeFlow;1
2025-07-02T21:03:00+02:00;44002_D;35;12;75;freeFlow;2
2025-07-02T21:03:00+02:00;44002_G;90;5;73;freeFlow;2
2025-07-02T21:03:00+02:00;44003_D;46;9;60;freeFlow;1
2025-07-02T21:03:00+02:00;44012;49;14;12;freeFlow;1
2025-07-02T21:03:00+02:00;44017_D;30;5;75;heavy;2
2025-07-02T21:03:00+02:00;44018_D;35;16;75;heavy;2
2025-07-02T21:03:00+02:00;44028;50;5;0;unknown;0
2025-07-02T21:03:00+02:00;44036_D;30;4;75;heavy;2
2025-07-02T21:03:00+02:00;44036_G;43;3;38;freeFlow;1
2025-07-02T21:03:00+02:00;44066;38;5;35;freeFlow;1
2025-07-02T21:03:00+02:00;44067;44;17;32;freeFlow;1
2025-07-02T21:03:00+02:00;44069;21;10;48;heavy;2
2025-07-02T21:03:00+02:00;44084_D;50;5;0;unknown;0
2025-07-02T21:03:00+02:00;44084_G;50;5;0;unknown;0
2025-07-02T21:03:00+02:00;44089_D;50;6;0;unknown;0
2025-07-02T21:03:00+02:00;44089_G;50;6;0;unknown;0
2025-07-02T21:03:00+02:00;44090_D;50;5;0;unknown;0
2025-07-02T21:03:00+02:00;44090_G;50;5;0;unknown;0
2025-07-02T21:03:00+02:00;44131;39;16;42;freeFlow;1
2025-07-02T21:03:00+02:00;44134;50;9;0;unknown;0
2025-07-02T21:03:00+02:00;44165_D;50;5;0;unknown;0
2025-07-02T21:03:00+02:00;44165_G;50;5;0;unknown;0
2025-07-02T21:03:00+02:00;44198_D;21;35;32;heavy;1
2025-07-02T21:03:00+02:00;44198_G;41;18;35;freeFlow;1
2025-07-02T21:03:00+02:00;44199_D;34;7;35;heavy;1
2025-07-02T21:03:00+02:00;44199_G;50;5;0;unknown;0
2025-07-02T21:03:00+02:00;44231_D;50;5;0;unknown;0
2025-07-02T21:03:00+02:00;44231_G;34;8;75;heavy;2
2025-07-02T21:03:00+02:00;44232_D;50;4;0;unknown;0
2025-07-02T21:03:00+02:00;44232_G;8;26;63;congested;2
2025-07-02T21:03:00+02:00;44234_D;32;11;15;heavy;1
2025-07-02T21:03:00+02:00;44234_G;7;47;58;congested;2
2025-07-02T21:03:00+02:00;44259_D;60;2;25;freeFlow;1
2025-07-02T21:03:00+02:00;44259_G;38;3;60;freeFlow;1
2025-07-02T21:03:00+02:00;44260;60;7;25;freeFlow;1
2025-07-02T21:03:00+02:00;44261_D;60;8;25;freeFlow;1
2025-07-02T21:03:00+02:00;44261_G;10;45;52;congested;1
2025-07-02T21:03:00+02:00;44293;50;5;0;unknown;0
2025-07-02T21:03:00+02:00;44303_D;50;2;0;unknown;0
2025-07-02T21:03:00+02:00;44303_G;50;2;0;unknown;0
2025-07-02T21:03:00+02:00;44304_D;60;8;25;freeFlow;1
2025-07-02T21:03:00+02:00;44304_G;50;9;0;unknown;0
2025-07-02T21:03:00+02:00;44322_D;20;112;12;heavy;1
2025-07-02T21:03:00+02:00;44322_G;23;97;67;heavy;2
2025-07-02T21:03:00+02:00;44328;50;10;0;unknown;0
2025-07-02T21:03:00+02:00;44583_D;50;7;0;unknown;0
2025-07-02T21:03:00+02:00;44583_G;50;7;0;unknown;0
2025-07-02T21:03:00+02:00;44584_D;50;10;0;unknown;0
2025-07-02T21:03:00+02:00;44584_G;50;10;0;unknown;0
2025-07-02T21:03:00+02:00;44632_D;50;20;0;unknown;0
2025-07-02T21:03:00+02:00;44632_G;50;20;0;unknown;0
2025-07-02T21:03:00+02:00;44694_D;20;30;0;unknown;0
2025-07-02T21:03:00+02:00;44694_G;39;15;60;freeFlow;1
2025-07-02T21:03:00+02:00;44695_D;50;2;0;unknown;0
2025-07-02T21:03:00+02:00;44695_G;32;3;60;heavy;1
2025-07-02T21:03:00+02:00;44711_D;50;13;0;unknown;0
2025-07-02T21:03:00+02:00;44711_G;51;12;60;freeFlow;1
2025-07-02T21:03:00+02:00;44712_D;50;5;0;unknown;0
2025-07-02T21:03:00+02:00;44712_G;49;5;60;freeFlow;1
2025-07-02T21:03:00+02:00;44714_D;50;1;0;unknown;0
2025-07-02T21:03:00+02:00;44714_G;49;1;60;freeFlow;1
2025-07-02T21:03:00+02:00;44736_D;50;2;0;unknown;0
2025-07-02T21:03:00+02:00;44736_G;50;2;0;unknown;0
2025-07-02T21:03:00+02:00;44868;70;6;0;unknown;0
2025-07-02T21:03:00+02:00;44873;50;3;0;unknown;0
2025-07-02T21:03:00+02:00;44874;85;5;55;freeFlow;1
2025-07-02T21:03:00+02:00;44875;50;8;0;unknown;0
2025-07-02T21:03:00+02:00;44877;85;5;55;freeFlow;1
2025-07-02T21:03:00+02:00;44878;70;13;0;unknown;0
2025-07-02T21:03:00+02:00;44880;87;17;63;freeFlow;2
2025-07-02T21:03:00+02:00;44882;61;16;68;heavy;2
2025-07-02T21:03:00+02:00;44884;51;26;46;heavy;2
2025-07-02T21:03:00+02:00;44900;70;22;0;unknown;0
2025-07-02T21:03:00+02:00;44902_D;50;33;0;unknown;0
2025-07-02T21:03:00+02:00;44902_G;50;33;0;unknown;0
2025-07-02T21:03:00+02:00;44905;85;8;55;freeFlow;1
2025-07-02T21:03:00+02:00;44920;91;2;100;freeFlow;4
2025-07-02T21:03:00+02:00;44942;70;16;30;freeFlow;1
2025-07-02T21:03:00+02:00;44948;65;16;75;freeFlow;2
2025-07-02T21:03:00+02:00;44961;46;7;60;freeFlow;1
2025-07-02T21:03:00+02:00;44962;4;68;30;congested;1
2025-07-02T21:03:00+02:00;44963;21;5;45;heavy;2
2025-07-02T21:03:00+02:00;44966;92;11;100;freeFlow;3
2025-07-02T21:03:00+02:00;44974;44;3;100;freeFlow;4
2025-07-02T21:03:00+02:00;45012_D;50;1;0;unknown;0
2025-07-02T21:03:00+02:00;45012_G;18;3;50;heavy;1
2025-07-02T21:03:00+02:00;45028_D;50;17;0;unknown;0
2025-07-02T21:03:00+02:00;45028_G;37;23;60;freeFlow;1
2025-07-02T21:03:00+02:00;45029_D;50;7;0;unknown;0
2025-07-02T21:03:00+02:00;45029_G;27;13;60;heavy;1
2025-07-02T21:03:00+02:00;45106_D;50;3;0;unknown;0
2025-07-02T21:03:00+02:00;45106_G;40;4;73;freeFlow;2
2025-07-02T21:03:00+02:00;45136_D;45;17;48;freeFlow;1
2025-07-02T21:03:00+02:00;45149;27;19;15;heavy;1
2025-07-02T21:03:00+02:00;45166;37;1;15;freeFlow;1
2025-07-02T21:03:00+02:00;45169;26;4;30;heavy;1
2025-07-02T21:03:00+02:00;45236_G;50;10;0;unknown;0
2025-07-02T21:03:00+02:00;45238;50;12;0;unknown;0
2025-07-02T21:03:00+02:00;45239;30;16;0;unknown;0
2025-07-02T21:03:00+02:00;45240;90;6;0;unknown;0
2025-07-02T21:03:00+02:00;45241;90;1;0;unknown;0
2025-07-02T21:03:00+02:00;45305;90;3;0;unknown;0
2025-07-02T21:03:00+02:00;45306;90;7;0;unknown;0
2025-07-02T21:03:00+02:00;45327;97;6;75;freeFlow;2
2025-07-02T21:03:00+02:00;45486_D;38;5;17;freeFlow;1
2025-07-02T21:03:00+02:00;45487_D;30;8;17;heavy;1
2025-07-02T21:03:00+02:00;45630;84;13;100;freeFlow;4
2025-07-02T21:03:00+02:00;45645_D;46;12;42;freeFlow;1
2025-07-02T21:03:00+02:00;45651;50;3;0;unknown;0
2025-07-02T21:03:00+02:00;45761_D;36;8;40;freeFlow;1
2025-07-02T21:03:00+02:00;45865_D;50;7;0;unknown;0
2025-07-02T21:03:00+02:00;46053_D;50;8;0;unknown;0
2025-07-02T21:03:00+02:00;46056_D;9;12;0;unknown;0
2025-07-02T21:03:00+02:00;46061;26;8;20;heavy;1
2025-07-02T21:03:00+02:00;46567_D;29;3;60;heavy;1
2025-07-02T21:03:00+02:00;46642;47;6;0;unknown;0
2025-07-02T21:03:00+02:00;46771;112;7;60;freeFlow;1
2025-07-02T21:03:00+02:00;46821_D;21;38;67;heavy;2
2025-07-02T21:03:00+02:00;46821_G;23;35;60;heavy;1
2025-07-02T21:03:00+02:00;46923_D;44;1;15;freeFlow;1
2025-07-02T21:03:00+02:00;46923_G;30;1;60;freeFlow;1
2025-07-02T21:03:00+02:00;46976;50;4;0;unknown;0
2025-07-02T21:03:00+02:00;47029;17;22;57;heavy;1
2025-07-02T21:03:00+02:00;47061;90;20;100;freeFlow;5
2025-07-02T21:03:00+02:00;47239;97;6;100;freeFlow;5
2025-07-02T21:03:00+02:00;47410;105;13;57;freeFlow;1
2025-07-02T21:03:00+02:00;47411;100;13;48;freeFlow;1
2025-07-02T21:03:00+02:00;47412;105;0;57;freeFlow;1
2025-07-02T21:03:00+02:00;47413;51;9;75;freeFlow;2
2025-07-02T21:03:00+02:00;47414;51;1;60;freeFlow;1
2025-07-02T21:03:00+02:00;47416;90;13;0;unknown;0
2025-07-02T21:03:00+02:00;47418;12;126;73;congested;2
2025-07-02T21:03:00+02:00;47420;105;9;57;freeFlow;1
2025-07-02T21:03:00+02:00;47476;51;11;75;freeFlow;2
2025-07-02T21:03:00+02:00;47477;51;4;74;freeFlow;2
2025-07-02T21:03:00+02:00;47479;105;10;57;freeFlow;1
2025-07-02T21:03:00+02:00;47480;105;43;74;freeFlow;3
2025-07-02T21:03:00+02:00;47481;105;44;57;freeFlow;1
2025-07-02T21:03:00+02:00;47537_D;1;378;45;congested;2
2025-07-02T21:03:00+02:00;47537_G;11;28;12;congested;1
2025-07-02T21:03:00+02:00;47742_D;29;8;75;heavy;2
2025-07-02T21:03:00+02:00;48758;44;2;50;freeFlow;1
2025-07-02T21:03:00+02:00;48759;43;1;55;freeFlow;1
2025-07-02T21:03:00+02:00;48920_D;50;5;0;unknown;0
2025-07-02T21:03:00+02:00;48920_G;24;10;10;heavy;1
2025-07-02T21:03:00+02:00;489866_D;45;4;22;freeFlow;1
2025-07-02T21:03:00+02:00;489970;107;9;38;freeFlow;1
2025-07-02T21:03:00+02:00;489971;105;1;57;freeFlow;1
2025-07-02T21:03:00+02:00;489972;107;4;38;freeFlow;1
2025-07-02T21:03:00+02:00;490059_D;70;13;0;unknown;0
2025-07-02T21:03:00+02:00;490059_G;78;12;12;freeFlow;1
2025-07-02T21:03:00+02:00;490080_D;50;1;0;unknown;0
2025-07-02T21:03:00+02:00;490080_G;71;1;12;freeFlow;1
2025-07-02T21:03:00+02:00;49026;43;2;45;freeFlow;1
2025-07-02T21:03:00+02:00;49053;39;13;35;freeFlow;1
2025-07-02T21:03:00+02:00;490823;106;7;40;freeFlow;1
2025-07-02T21:03:00+02:00;490824;105;4;57;freeFlow;1
2025-07-02T21:03:00+02:00;490825;43;18;75;heavy;2
2025-07-02T21:03:00+02:00;490827;58;7;60;freeFlow;1
2025-07-02T21:03:00+02:00;490828_D;42;12;50;freeFlow;1
2025-07-02T21:03:00+02:00;490828_G;51;10;60;freeFlow;2
2025-07-02T21:03:00+02:00;491005_D;50;3;0;unknown;0
2025-07-02T21:03:00+02:00;491005_G;27;5;65;heavy;2
2025-07-02T21:03:00+02:00;491126_D;42;10;50;freeFlow;1
2025-07-02T21:03:00+02:00;491126_G;106;4;40;freeFlow;1
2025-07-02T21:03:00+02:00;491135;31;4;73;heavy;2
2025-07-02T21:03:00+02:00;491141;27;3;52;heavy;1
2025-07-02T21:03:00+02:00;491300_D;60;11;25;freeFlow;1
2025-07-02T21:03:00+02:00;491300_G;32;20;50;heavy;1
2025-07-02T21:03:00+02:00;491308;13;4;60;congested;1
2025-07-02T21:03:00+02:00;491320_D;60;5;25;freeFlow;1
2025-07-02T21:03:00+02:00;491320_G;38;7;60;freeFlow;1
2025-07-02T21:03:00+02:00;491326_D;60;9;25;freeFlow;1
2025-07-02T21:03:00+02:00;491326_G;38;14;60;freeFlow;1
2025-07-02T21:03:00+02:00;491329_D;60;4;25;freeFlow;1
2025-07-02T21:03:00+02:00;491329_G;27;7;55;heavy;1
2025-07-02T21:03:00+02:00;491490;35;6;60;freeFlow;1
2025-07-02T21:03:00+02:00;491714_D;44;6;15;freeFlow;1
2025-07-02T21:03:00+02:00;491714_G;28;9;60;freeFlow;1
2025-07-02T21:03:00+02:00;491735_D;36;3;60;freeFlow;1
2025-07-02T21:03:00+02:00;491735_G;24;6;60;freeFlow;1
2025-07-02T21:03:00+02:00;491794_D;50;3;0;unknown;0
2025-07-02T21:03:00+02:00;491794_G;50;3;0;unknown;0
2025-07-02T21:03:00+02:00;491872;47;14;60;freeFlow;1
2025-07-02T21:03:00+02:00;491877;75;1;60;freeFlow;1
2025-07-02T21:03:00+02:00;491881;49;1;60;freeFlow;1
2025-07-02T21:03:00+02:00;491884;38;2;50;freeFlow;1
2025-07-02T21:03:00+02:00;491888;43;21;55;heavy;1
2025-07-02T21:03:00+02:00;491890;75;1;60;freeFlow;1
2025-07-02T21:03:00+02:00;491917;62;2;25;freeFlow;1
2025-07-02T21:03:00+02:00;49225_D;7;47;25;congested;1
2025-07-02T21:03:00+02:00;49225_G;59;5;15;freeFlow;1
2025-07-02T21:03:00+02:00;492315_D;60;24;35;freeFlow;1
2025-07-02T21:03:00+02:00;492315_G;50;29;0;unknown;0
2025-07-02T21:03:00+02:00;492351_D;9;13;22;congested;1
2025-07-02T21:03:00+02:00;492359_G;18;14;0;unknown;0
2025-07-02T21:03:00+02:00;492437;42;5;48;freeFlow;1
2025-07-02T21:03:00+02:00;492442;30;1;75;heavy;2
2025-07-02T21:03:00+02:00;492445_D;34;18;47;heavy;2
2025-07-02T21:03:00+02:00;492478;40;4;66;freeFlow;2
2025-07-02T21:03:00+02:00;492492;9;35;45;congested;1
2025-07-02T21:03:00+02:00;49315_D;27;7;25;heavy;1
2025-07-02T21:03:00+02:00;49315_G;23;8;0;unknown;0
2025-07-02T21:03:00+02:00;49943_D;50;14;0;unknown;0
2025-07-02T21:03:00+02:00;49943_G;50;14;0;unknown;0
2025-07-02T21:03:00+02:00;49947;5;39;48;congested;1
2025-07-02T21:03:00+02:00;49958_D;50;5;0;unknown;0
2025-07-02T21:03:00+02:00;49958_G;41;7;60;freeFlow;1
2025-07-02T21:03:00+02:00;50308_D;43;6;22;freeFlow;1
2025-07-02T21:03:00+02:00;50441;39;6;57;freeFlow;1
2025-07-02T21:03:00+02:00;50525;38;6;75;freeFlow;2
2025-07-02T21:03:00+02:00;50571;50;2;0;unknown;0
2025-07-02T21:03:00+02:00;50625;50;4;0;unknown;0
2025-07-02T21:03:00+02:00;5064_D;83;6;52;freeFlow;1
2025-07-02T21:03:00+02:00;5064_G;74;7;38;freeFlow;1
2025-07-02T21:03:00+02:00;51419;29;26;60;heavy;1
2025-07-02T21:03:00+02:00;51474_D;40;1;30;freeFlow;1
2025-07-02T21:03:00+02:00;51474_G;50;1;0;unknown;0
2025-07-02T21:03:00+02:00;51798;18;4;60;heavy;1
2025-07-02T21:03:00+02:00;52107_D;45;10;17;freeFlow;1
2025-07-02T21:03:00+02:00;52107_G;16;29;60;heavy;1
2025-07-02T21:03:00+02:00;52129;24;13;48;heavy;1
2025-07-02T21:03:00+02:00;52835_D;3;55;40;congested;1
2025-07-02T21:03:00+02:00;53020_D;37;3;75;freeFlow;2
2025-07-02T21:03:00+02:00;53327_D;47;8;42;freeFlow;1
2025-07-02T21:03:00+02:00;53327_G;56;6;42;freeFlow;1
2025-07-02T21:03:00+02:00;53411_G;39;10;75;freeFlow;2
2025-07-02T21:03:00+02:00;53428;75;63;68;freeFlow;2
2025-07-02T21:03:00+02:00;53539_D;52;4;20;freeFlow;1
2025-07-02T21:03:00+02:00;53566;50;2;0;unknown;0
2025-07-02T21:03:00+02:00;53623;64;2;57;freeFlow;2
2025-07-02T21:03:00+02:00;53624;64;1;65;freeFlow;2
2025-07-02T21:03:00+02:00;53625;33;2;27;heavy;1
2025-07-02T21:03:00+02:00;53634_D;30;2;0;unknown;0
2025-07-02T21:03:00+02:00;53634_G;23;2;35;freeFlow;1
2025-07-02T21:03:00+02:00;53641_D;50;9;0;unknown;0
2025-07-02T21:03:00+02:00;53641_G;50;9;0;unknown;0
2025-07-02T21:03:00+02:00;53652;50;15;0;unknown;0
2025-07-02T21:03:00+02:00;53659;31;6;45;heavy;2
2025-07-02T21:03:00+02:00;53702;87;5;75;freeFlow;2
2025-07-02T21:03:00+02:00;53892;52;1;60;freeFlow;1
2025-07-02T21:03:00+02:00;53893;48;13;60;freeFlow;1
2025-07-02T21:03:00+02:00;53895;51;6;97;freeFlow;3
2025-07-02T21:03:00+02:00;53896;45;9;70;freeFlow;2
2025-07-02T21:03:00+02:00;53898;42;13;60;freeFlow;1
2025-07-02T21:03:00+02:00;53900;22;27;74;heavy;2
2025-07-02T21:03:00+02:00;53901;41;6;57;freeFlow;1
2025-07-02T21:03:00+02:00;53903;30;7;74;heavy;2
2025-07-02T21:03:00+02:00;53904;33;5;75;heavy;2
2025-07-02T21:03:00+02:00;53905;50;8;57;freeFlow;1
2025-07-02T21:03:00+02:00;53908;41;3;75;freeFlow;2
2025-07-02T21:03:00+02:00;53910;38;8;75;freeFlow;2
2025-07-02T21:03:00+02:00;53912;56;6;75;freeFlow;2
2025-07-02T21:03:00+02:00;53915;58;9;75;freeFlow;2
2025-07-02T21:03:00+02:00;53918;58;8;75;freeFlow;2
2025-07-02T21:03:00+02:00;53919;51;3;75;freeFlow;2
2025-07-02T21:03:00+02:00;53921;51;11;75;freeFlow;2
2025-07-02T21:03:00+02:00;53922;51;3;75;freeFlow;2
2025-07-02T21:03:00+02:00;53923;52;10;60;freeFlow;1
2025-07-02T21:03:00+02:00;53925_D;70;4;0;unknown;0
2025-07-02T21:03:00+02:00;53925_G;70;4;0;unknown;0
2025-07-02T21:03:00+02:00;53936;43;21;55;heavy;1
2025-07-02T21:03:00+02:00;53938;52;6;57;freeFlow;1
2025-07-02T21:03:00+02:00;53939;74;19;60;freeFlow;1
2025-07-02T21:03:00+02:00;53941;86;6;75;freeFlow;2
2025-07-02T21:03:00+02:00;53942;79;3;75;freeFlow;2
2025-07-02T21:03:00+02:00;53944;75;0;60;freeFlow;1
2025-07-02T21:03:00+02:00;53945;75;6;60;freeFlow;1
2025-07-02T21:03:00+02:00;53946;75;1;60;freeFlow;1
2025-07-02T21:03:00+02:00;53947;43;1;55;freeFlow;1
2025-07-02T21:03:00+02:00;53948;43;6;55;heavy;1
2025-07-02T21:03:00+02:00;53949;43;5;55;heavy;1
2025-07-02T21:03:00+02:00;53950;87;43;57;freeFlow;1
2025-07-02T21:03:00+02:00;53952_D;31;4;45;heavy;1
2025-07-02T21:03:00+02:00;53952_G;35;4;68;freeFlow;3
2025-07-02T21:03:00+02:00;53959;89;40;40;freeFlow;1
2025-07-02T21:03:00+02:00;53961;96;59;57;freeFlow;1
2025-07-02T21:03:00+02:00;53987;27;3;42;heavy;1
2025-07-02T21:03:00+02:00;53990;30;10;50;heavy;2
2025-07-02T21:03:00+02:00;54067;90;11;0;unknown;0
2025-07-02T21:03:00+02:00;54134;50;16;0;unknown;0
2025-07-02T21:03:00+02:00;54138;49;21;60;freeFlow;1
2025-07-02T21:03:00+02:00;54140;45;44;60;freeFlow;1
2025-07-02T21:03:00+02:00;54144;50;3;0;unknown;0
2025-07-02T21:03:00+02:00;54150;51;18;60;freeFlow;1
2025-07-02T21:03:00+02:00;54153;14;65;32;congested;1
2025-07-02T21:03:00+02:00;54154;10;108;34;congested;1
2025-07-02T21:03:00+02:00;54155;26;42;60;heavy;1
2025-07-02T21:03:00+02:00;54161;6;35;75;congested;2
2025-07-02T21:03:00+02:00;54187_D;33;10;60;freeFlow;1
2025-07-02T21:03:00+02:00;54187_G;60;6;25;freeFlow;1
2025-07-02T21:03:00+02:00;54189_D;12;33;60;heavy;1
2025-07-02T21:03:00+02:00;54189_G;60;7;25;freeFlow;1
2025-07-02T21:03:00+02:00;54191_D;30;10;0;unknown;0
2025-07-02T21:03:00+02:00;54191_G;60;5;25;freeFlow;1
2025-07-02T21:03:00+02:00;54197;60;13;25;freeFlow;1
2025-07-02T21:03:00+02:00;54198;60;4;25;freeFlow;1
2025-07-02T21:03:00+02:00;54206;20;28;48;heavy;1
2025-07-02T21:03:00+02:00;54208;12;5;45;heavy;1
2025-07-02T21:03:00+02:00;54212;45;36;45;freeFlow;1
2025-07-02T21:03:00+02:00;54223_D;30;2;0;unknown;0
2025-07-02T21:03:00+02:00;54223_G;30;2;0;unknown;0
2025-07-02T21:03:00+02:00;54227;100;9;48;freeFlow;1
2025-07-02T21:03:00+02:00;54234;108;0;17;freeFlow;1
2025-07-02T21:03:00+02:00;54239;43;2;45;freeFlow;1
2025-07-02T21:03:00+02:00;54240;26;13;12;heavy;1
2025-07-02T21:03:00+02:00;54241;43;1;45;freeFlow;1
2025-07-02T21:03:00+02:00;54243;24;24;48;heavy;2
2025-07-02T21:03:00+02:00;54297;11;73;30;congested;1
2025-07-02T21:03:00+02:00;54339;48;20;15;freeFlow;1
2025-07-02T21:03:00+02:00;54340;50;6;15;freeFlow;1
2025-07-02T21:03:00+02:00;54358_D;40;17;60;freeFlow;1
2025-07-02T21:03:00+02:00;54358_G;83;9;60;freeFlow;1
2025-07-02T21:03:00+02:00;54363;99;5;57;freeFlow;1
2025-07-02T21:03:00+02:00;54365;61;5;73;freeFlow;2
2025-07-02T21:03:00+02:00;54367;44;9;73;freeFlow;2
2025-07-02T21:03:00+02:00;54368;38;3;60;freeFlow;1
2025-07-02T21:03:00+02:00;54369;83;15;75;freeFlow;2
2025-07-02T21:03:00+02:00;54372;35;1;30;freeFlow;1
2025-07-02T21:03:00+02:00;54375;47;15;48;freeFlow;1
2025-07-02T21:03:00+02:00;54376;65;3;75;freeFlow;2
2025-07-02T21:03:00+02:00;54378;17;19;100;heavy;3
2025-07-02T21:03:00+02:00;54381;48;6;57;freeFlow;1
2025-07-02T21:03:00+02:00;54382;66;3;30;freeFlow;1
2025-07-02T21:03:00+02:00;54383;43;19;75;freeFlow;2
2025-07-02T21:03:00+02:00;54384;66;4;30;freeFlow;1
2025-07-02T21:03:00+02:00;54385;36;7;59;freeFlow;1
2025-07-02T21:03:00+02:00;54386;82;1;60;freeFlow;1
2025-07-02T21:03:00+02:00;54400;43;12;47;freeFlow;2
2025-07-02T21:03:00+02:00;54401;11;9;55;congested;1
2025-07-02T21:03:00+02:00;54406;27;96;75;heavy;2
2025-07-02T21:03:00+02:00;54428_D;50;12;0;unknown;0
2025-07-02T21:03:00+02:00;54428_G;50;12;0;unknown;0
2025-07-02T21:03:00+02:00;54429_D;14;48;57;congested;1
2025-07-02T21:03:00+02:00;54429_G;60;11;25;freeFlow;1
2025-07-02T21:03:00+02:00;54438_D;15;4;15;congested;1
2025-07-02T21:03:00+02:00;54438_G;50;1;0;unknown;0
2025-07-02T21:03:00+02:00;54440_D;50;6;0;unknown;0
2025-07-02T21:03:00+02:00;54440_G;50;6;0;unknown;0
2025-07-02T21:03:00+02:00;54444_D;50;1;0;unknown;0
2025-07-02T21:03:00+02:00;54444_G;50;1;0;unknown;0
2025-07-02T21:03:00+02:00;54447_D;50;11;0;unknown;0
2025-07-02T21:03:00+02:00;54447_G;50;11;0;unknown;0
2025-07-02T21:03:00+02:00;54448_D;50;3;0;unknown;0
2025-07-02T21:03:00+02:00;54448_G;50;3;0;unknown;0
2025-07-02T21:03:00+02:00;54449_D;50;10;0;unknown;0
2025-07-02T21:03:00+02:00;54449_G;50;10;0;unknown;0
2025-07-02T21:03:00+02:00;54453_D;50;3;0;unknown;0
2025-07-02T21:03:00+02:00;54453_G;50;3;0;unknown;0
2025-07-02T21:03:00+02:00;54455;50;2;0;unknown;0
2025-07-02T21:03:00+02:00;54457;50;8;0;unknown;0
2025-07-02T21:03:00+02:00;54460;50;5;0;unknown;0
2025-07-02T21:03:00+02:00;54463_D;50;6;0;unknown;0
2025-07-02T21:03:00+02:00;54463_G;50;6;0;unknown;0
2025-07-02T21:03:00+02:00;54466_D;38;19;15;freeFlow;1
2025-07-02T21:03:00+02:00;54466_G;21;39;22;heavy;1
2025-07-02T21:03:00+02:00;54469;48;3;27;freeFlow;1
2025-07-02T21:03:00+02:00;54471;48;9;42;freeFlow;1
2025-07-02T21:03:00+02:00;54472;17;24;45;heavy;1
2025-07-02T21:03:00+02:00;54473;12;2;45;heavy;1
2025-07-02T21:03:00+02:00;54483;37;41;60;freeFlow;1
2025-07-02T21:03:00+02:00;54489;50;1;0;unknown;0
2025-07-02T21:03:00+02:00;54490;50;4;0;unknown;0
2025-07-02T21:03:00+02:00;54492;50;3;0;unknown;0
2025-07-02T21:03:00+02:00;54505;50;15;0;unknown;0
2025-07-02T21:03:00+02:00;54509;50;6;0;unknown;0
2025-07-02T21:03:00+02:00;54518;50;3;0;unknown;0
2025-07-02T21:03:00+02:00;54522;50;2;0;unknown;0
2025-07-02T21:03:00+02:00;54523;30;3;0;unknown;0
2025-07-02T21:03:00+02:00;54524;30;1;0;unknown;0
2025-07-02T21:03:00+02:00;54580_D;50;11;0;unknown;0
2025-07-02T21:03:00+02:00;54877;32;23;72;heavy;2
2025-07-02T21:03:00+02:00;54879;35;21;42;freeFlow;1
2025-07-02T21:03:00+02:00;54880_D;14;71;57;congested;1
2025-07-02T21:03:00+02:00;54880_G;60;17;25;freeFlow;1
2025-07-02T21:03:00+02:00;54882;36;2;60;freeFlow;1
2025-07-02T21:03:00+02:00;54883;36;1;60;freeFlow;1
2025-07-02T21:03:00+02:00;54884;30;1;0;unknown;0
2025-07-02T21:03:00+02:00;54885;30;1;0;unknown;0
2025-07-02T21:03:00+02:00;54886;25;3;42;freeFlow;1
2025-07-02T21:03:00+02:00;54887;26;3;42;freeFlow;1
2025-07-02T21:03:00+02:00;54888;1;26;27;congested;1
2025-07-02T21:03:00+02:00;54889;33;1;27;freeFlow;1
2025-07-02T21:03:00+02:00;54988;28;4;75;heavy;2
2025-07-02T21:03:00+02:00;54989;47;37;75;heavy;2
2025-07-02T21:03:00+02:00;54990;71;1;55;freeFlow;1
2025-07-02T21:03:00+02:00;54991;71;24;55;freeFlow;1
2025-07-02T21:03:00+02:00;55467_D;44;15;48;freeFlow;1
2025-07-02T21:03:00+02:00;55467_G;39;15;75;freeFlow;2
2025-07-02T21:03:00+02:00;55570_D;50;3;0;unknown;0
2025-07-02T21:03:00+02:00;55570_G;50;3;0;unknown;0
2025-07-02T21:03:00+02:00;55589_D;15;17;60;heavy;1
2025-07-02T21:03:00+02:00;55589_G;60;4;25;freeFlow;1
2025-07-02T21:03:00+02:00;55591;50;1;0;unknown;0
2025-07-02T21:03:00+02:00;55592;8;6;0;unknown;0
2025-07-02T21:03:00+02:00;55593;15;4;71;congested;2
2025-07-02T21:03:00+02:00;55595;28;2;50;heavy;1
2025-07-02T21:03:00+02:00;55596;60;1;25;freeFlow;1
2025-07-02T21:03:00+02:00;55597;60;1;25;freeFlow;1
2025-07-02T21:03:00+02:00;55702;50;6;0;unknown;0
2025-07-02T21:03:00+02:00;55704;27;31;60;heavy;1
2025-07-02T21:03:00+02:00;5576_D;80;4;0;unknown;0
2025-07-02T21:03:00+02:00;5576_G;103;3;75;freeFlow;2
2025-07-02T21:03:00+02:00;55881;18;2;60;heavy;1
2025-07-02T21:03:00+02:00;55900;12;8;60;congested;1
2025-07-02T21:03:00+02:00;55929_D;31;14;45;heavy;1
2025-07-02T21:03:00+02:00;55929_G;31;14;27;heavy;1
2025-07-02T21:03:00+02:00;55976;26;5;71;heavy;2
2025-07-02T21:03:00+02:00;56024;50;20;0;unknown;0
2025-07-02T21:03:00+02:00;56131;32;4;48;heavy;1
2025-07-02T21:03:00+02:00;56257;30;7;0;unknown;0
2025-07-02T21:03:00+02:00;563566;50;3;0;unknown;0
2025-07-02T21:03:00+02:00;563571;50;6;0;unknown;0
2025-07-02T21:03:00+02:00;563844_D;64;14;55;freeFlow;2
2025-07-02T21:03:00+02:00;563844_G;59;15;35;freeFlow;1
2025-07-02T21:03:00+02:00;563846;17;18;60;heavy;1
2025-07-02T21:03:00+02:00;563903_D;50;34;0;unknown;0
2025-07-02T21:03:00+02:00;563903_G;50;34;0;unknown;0
2025-07-02T21:03:00+02:00;564067_D;82;15;35;freeFlow;1
2025-07-02T21:03:00+02:00;564067_G;76;17;51;freeFlow;2
2025-07-02T21:03:00+02:00;564195_D;103;4;75;freeFlow;2
2025-07-02T21:03:00+02:00;564195_G;50;9;0;unknown;0
2025-07-02T21:03:00+02:00;56441;50;5;0;unknown;0
2025-07-02T21:03:00+02:00;5651;50;1;0;unknown;0
2025-07-02T21:03:00+02:00;5652;65;1;30;freeFlow;1
2025-07-02T21:03:00+02:00;565232;30;4;0;unknown;0
2025-07-02T21:03:00+02:00;5653;50;1;0;unknown;0
2025-07-02T21:03:00+02:00;565374;51;40;30;freeFlow;1
2025-07-02T21:03:00+02:00;565376;30;69;75;heavy;2
2025-07-02T21:03:00+02:00;565393;102;47;16;freeFlow;1
2025-07-02T21:03:00+02:00;5654;65;1;30;freeFlow;1
2025-07-02T21:03:00+02:00;565682_D;53;18;48;freeFlow;1
2025-07-02T21:03:00+02:00;565682_G;53;18;42;freeFlow;1
2025-07-02T21:03:00+02:00;565731_D;42;2;50;freeFlow;1
2025-07-02T21:03:00+02:00;565731_G;51;1;60;freeFlow;2
2025-07-02T21:03:00+02:00;565732;68;1;60;freeFlow;1
2025-07-02T21:03:00+02:00;56584;39;6;60;freeFlow;1
2025-07-02T21:03:00+02:00;565854;67;15;75;freeFlow;2
2025-07-02T21:03:00+02:00;566176_D;80;14;0;unknown;0
2025-07-02T21:03:00+02:00;566176_G;42;26;48;heavy;1
2025-07-02T21:03:00+02:00;56619_D;36;11;60;freeFlow;1
2025-07-02T21:03:00+02:00;56619_G;42;10;60;freeFlow;1
2025-07-02T21:03:00+02:00;566287_D;30;16;0;unknown;0
2025-07-02T21:03:00+02:00;566287_G;30;16;0;unknown;0
2025-07-02T21:03:00+02:00;566302_D;39;1;48;freeFlow;1
2025-07-02T21:03:00+02:00;566302_G;50;1;0;unknown;0
2025-07-02T21:03:00+02:00;566303_D;50;15;0;unknown;0
2025-07-02T21:03:00+02:00;566303_G;50;15;0;unknown;0
2025-07-02T21:03:00+02:00;5663_D;65;40;30;freeFlow;1
2025-07-02T21:03:00+02:00;5663_G;74;35;59;freeFlow;1
2025-07-02T21:03:00+02:00;566407_D;33;2;60;freeFlow;1
2025-07-02T21:03:00+02:00;566407_G;60;1;25;freeFlow;1
2025-07-02T21:03:00+02:00;566417_D;33;4;60;freeFlow;1
2025-07-02T21:03:00+02:00;566417_G;60;2;25;freeFlow;1
2025-07-02T21:03:00+02:00;566419;21;2;50;heavy;1
2025-07-02T21:03:00+02:00;566481;50;1;0;unknown;0
2025-07-02T21:03:00+02:00;566482;50;1;0;unknown;0
2025-07-02T21:03:00+02:00;566483;102;111;75;freeFlow;3
2025-07-02T21:03:00+02:00;566484;50;0;0;unknown;0
2025-07-02T21:03:00+02:00;5664_D;85;2;60;freeFlow;1
2025-07-02T21:03:00+02:00;5664_G;65;2;30;freeFlow;1
2025-07-02T21:03:00+02:00;566573_D;39;3;60;freeFlow;1
2025-07-02T21:03:00+02:00;566573_G;42;3;60;freeFlow;1
2025-07-02T21:03:00+02:00;566599_D;119;0;38;freeFlow;1
2025-07-02T21:03:00+02:00;566599_G;32;1;60;freeFlow;1
2025-07-02T21:03:00+02:00;566706_D;2;91;60;congested;1
2025-07-02T21:03:00+02:00;566706_G;50;4;0;unknown;0
2025-07-02T21:03:00+02:00;56676_G;47;5;38;freeFlow;1
2025-07-02T21:03:00+02:00;566850;119;1;38;freeFlow;1
2025-07-02T21:03:00+02:00;566924_D;37;8;12;freeFlow;1
2025-07-02T21:03:00+02:00;566924_G;50;6;0;unknown;0
2025-07-02T21:03:00+02:00;566942;39;1;75;freeFlow;2
2025-07-02T21:03:00+02:00;56872;69;30;100;freeFlow;3
2025-07-02T21:03:00+02:00;56874;83;6;75;freeFlow;2
2025-07-02T21:03:00+02:00;56886;60;43;25;freeFlow;1
2025-07-02T21:03:00+02:00;56914;68;2;75;freeFlow;2
2025-07-02T21:03:00+02:00;56926;105;3;100;freeFlow;3
2025-07-02T21:03:00+02:00;57009;89;4;100;freeFlow;4
2025-07-02T21:03:00+02:00;57011;86;7;100;freeFlow;5
2025-07-02T21:03:00+02:00;57012;60;6;63;freeFlow;2
2025-07-02T21:03:00+02:00;57082_D;49;6;30;freeFlow;1
2025-07-02T21:03:00+02:00;57360_D;48;3;45;freeFlow;1
2025-07-02T21:03:00+02:00;57360_G;30;6;0;unknown;0
2025-07-02T21:03:00+02:00;57362_D;48;2;45;freeFlow;1
2025-07-02T21:03:00+02:00;57362_G;30;3;0;unknown;0
2025-07-02T21:03:00+02:00;57368_D;48;4;45;freeFlow;1
2025-07-02T21:03:00+02:00;57368_G;30;7;0;unknown;0
2025-07-02T21:03:00+02:00;57378_D;50;3;0;unknown;0
2025-07-02T21:03:00+02:00;57378_G;50;3;0;unknown;0
2025-07-02T21:03:00+02:00;62549;93;0;75;freeFlow;2
2025-07-02T21:03:00+02:00;62550;93;1;75;freeFlow;2
2025-07-02T21:03:00+02:00;62617_D;50;9;0;unknown;0
2025-07-02T21:03:00+02:00;62617_G;50;9;0;unknown;0
2025-07-02T21:03:00+02:00;62948_D;60;3;25;freeFlow;1
2025-07-02T21:03:00+02:00;62948_G;24;7;58;freeFlow;2
2025-07-02T21:03:00+02:00;63039;52;3;75;freeFlow;2
2025-07-02T21:03:00+02:00;63203_D;49;16;52;freeFlow;1
2025-07-02T21:03:00+02:00;63203_G;30;26;0;unknown;0
2025-07-02T21:03:00+02:00;63308;27;3;42;heavy;1
2025-07-02T21:03:00+02:00;63895_D;30;5;0;unknown;0
2025-07-02T21:03:00+02:00;63895_G;30;5;0;unknown;0
2025-07-02T21:03:00+02:00;63903;105;1;57;freeFlow;1
2025-07-02T21:03:00+02:00;63917;91;1;60;freeFlow;1
2025-07-02T21:03:00+02:00;63954_D;119;2;38;freeFlow;1
2025-07-02T21:03:00+02:00;63954_G;30;5;60;freeFlow;1
2025-07-02T21:03:00+02:00;63961_D;119;0;38;freeFlow;1
2025-07-02T21:03:00+02:00;63961_G;44;1;60;freeFlow;1
2025-07-02T21:03:00+02:00;63963_D;22;20;48;freeFlow;1
2025-07-02T21:03:00+02:00;63963_G;51;9;67;freeFlow;2
2025-07-02T21:03:00+02:00;63974;99;4;57;freeFlow;1
2025-07-02T21:03:00+02:00;64028;50;2;0;unknown;0
2025-07-02T21:03:00+02:00;64029;43;3;60;heavy;1
2025-07-02T21:03:00+02:00;64033;48;3;75;freeFlow;2
2025-07-02T21:03:00+02:00;64034;37;3;75;freeFlow;2
2025-07-02T21:03:00+02:00;64035;37;3;60;freeFlow;1
2025-07-02T21:03:00+02:00;64104_D;19;5;20;heavy;1
2025-07-02T21:03:00+02:00;64104_G;19;6;20;heavy;1
2025-07-02T21:03:00+02:00;6421;89;26;68;freeFlow;2
2025-07-02T21:03:00+02:00;6422;89;7;52;freeFlow;1
2025-07-02T21:03:00+02:00;6423;101;14;60;freeFlow;1
2025-07-02T21:03:00+02:00;6424;92;32;60;freeFlow;1
2025-07-02T21:03:00+02:00;64792_D;50;13;0;unknown;0
2025-07-02T21:03:00+02:00;64792_G;50;13;0;unknown;0
2025-07-02T21:03:00+02:00;64862_D;12;41;30;congested;1
2025-07-02T21:03:00+02:00;64862_G;42;12;0;unknown;0
2025-07-02T21:03:00+02:00;65281;41;3;57;freeFlow;1
2025-07-02T21:03:00+02:00;65283;43;3;57;freeFlow;1
2025-07-02T21:03:00+02:00;65293;43;5;57;freeFlow;1
2025-07-02T21:03:00+02:00;65961_D;50;27;0;unknown;0
2025-07-02T21:03:00+02:00;65961_G;50;27;0;unknown;0
2025-07-02T21:03:00+02:00;65966_D;50;1;0;unknown;0
2025-07-02T21:03:00+02:00;65966_G;50;1;0;unknown;0
2025-07-02T21:03:00+02:00;66020;61;0;75;freeFlow;2
2025-07-02T21:03:00+02:00;6615_D;82;7;35;freeFlow;1
2025-07-02T21:03:00+02:00;6615_G;28;21;44;heavy;2
2025-07-02T21:03:00+02:00;6616;54;1;42;heavy;1
2025-07-02T21:03:00+02:00;6619;82;1;35;freeFlow;1
2025-07-02T21:03:00+02:00;6620;80;3;57;freeFlow;2
2025-07-02T21:03:00+02:00;6621;56;2;42;freeFlow;1
2025-07-02T21:03:00+02:00;6622;70;1;57;freeFlow;2
2025-07-02T21:03:00+02:00;6623;82;0;35;freeFlow;1
2025-07-02T21:03:00+02:00;6628_D;50;17;0;unknown;0
2025-07-02T21:03:00+02:00;6628_G;50;17;0;unknown;0
2025-07-02T21:03:00+02:00;6629_D;50;20;0;unknown;0
2025-07-02T21:03:00+02:00;6629_G;50;19;0;unknown;0
2025-07-02T21:03:00+02:00;6643;54;12;42;heavy;1
2025-07-02T21:03:00+02:00;6644;82;8;35;freeFlow;1
2025-07-02T21:03:00+02:00;6645;48;2;57;freeFlow;2
2025-07-02T21:03:00+02:00;6646;82;1;35;freeFlow;1
2025-07-02T21:03:00+02:00;6647;82;0;35;freeFlow;1
2025-07-02T21:03:00+02:00;6648;53;2;42;freeFlow;1
2025-07-02T21:03:00+02:00;6649;42;2;55;freeFlow;1
2025-07-02T21:03:00+02:00;6650;42;4;55;freeFlow;1
2025-07-02T21:03:00+02:00;6651;37;4;57;freeFlow;2
2025-07-02T21:03:00+02:00;6669_D;70;72;57;freeFlow;1
2025-07-02T21:03:00+02:00;6669_G;81;62;35;freeFlow;1
2025-07-02T21:03:00+02:00;67069;35;5;40;heavy;1
2025-07-02T21:03:00+02:00;67223_D;119;1;38;freeFlow;1
2025-07-02T21:03:00+02:00;67223_G;19;4;60;heavy;1
2025-07-02T21:03:00+02:00;67229_D;36;11;30;freeFlow;1
2025-07-02T21:03:00+02:00;67229_G;41;10;45;freeFlow;1
2025-07-02T21:03:00+02:00;6723;86;9;52;freeFlow;1
2025-07-02T21:03:00+02:00;67324_D;54;18;38;heavy;1
2025-07-02T21:03:00+02:00;67324_G;55;18;75;heavy;2
2025-07-02T21:03:00+02:00;67330;30;2;0;unknown;0
2025-07-02T21:03:00+02:00;67332;30;3;0;unknown;0
2025-07-02T21:03:00+02:00;67334;30;1;0;unknown;0
2025-07-02T21:03:00+02:00;67340;30;2;0;unknown;0
2025-07-02T21:03:00+02:00;67341;30;10;0;unknown;0
2025-07-02T21:03:00+02:00;67344;30;6;0;unknown;0
2025-07-02T21:03:00+02:00;67352_D;31;12;0;unknown;0
2025-07-02T21:03:00+02:00;67352_G;30;12;0;unknown;0
2025-07-02T21:03:00+02:00;67380_D;60;14;35;freeFlow;1
2025-07-02T21:03:00+02:00;67380_G;13;61;48;congested;1
2025-07-02T21:03:00+02:00;67385;7;17;48;congested;1
2025-07-02T21:03:00+02:00;67389_D;60;1;35;freeFlow;1
2025-07-02T21:03:00+02:00;67389_G;50;1;0;unknown;0
2025-07-02T21:03:00+02:00;67390;60;2;35;freeFlow;1
2025-07-02T21:03:00+02:00;67391;5;33;63;congested;2
2025-07-02T21:03:00+02:00;67392;5;32;48;congested;1
2025-07-02T21:03:00+02:00;67511_D;30;4;0;unknown;0
2025-07-02T21:03:00+02:00;67511_G;30;4;0;unknown;0
2025-07-02T21:03:00+02:00;67514_D;30;6;0;unknown;0
2025-07-02T21:03:00+02:00;67514_G;30;6;0;unknown;0
2025-07-02T21:03:00+02:00;67611;26;7;60;freeFlow;1
2025-07-02T21:03:00+02:00;67816;22;1;50;freeFlow;1
2025-07-02T21:03:00+02:00;67819_D;42;1;50;freeFlow;1
2025-07-02T21:03:00+02:00;67819_G;106;0;40;freeFlow;1
2025-07-02T21:03:00+02:00;67820;42;1;50;freeFlow;1
2025-07-02T21:03:00+02:00;67821;106;1;40;freeFlow;1
2025-07-02T21:03:00+02:00;67823;24;11;48;freeFlow;1
2025-07-02T21:03:00+02:00;67824;50;9;0;unknown;0
2025-07-02T21:03:00+02:00;67829;99;5;57;freeFlow;1
2025-07-02T21:03:00+02:00;67892_D;60;4;35;freeFlow;1
2025-07-02T21:03:00+02:00;67892_G;5;47;48;congested;1
2025-07-02T21:03:00+02:00;68069;50;8;0;unknown;0
2025-07-02T21:03:00+02:00;68070;50;1;0;unknown;0
2025-07-02T21:03:00+02:00;68815;29;4;32;heavy;1
2025-07-02T21:03:00+02:00;69060;30;3;0;unknown;0
2025-07-02T21:03:00+02:00;69061;30;4;0;unknown;0
2025-07-02T21:03:00+02:00;69062;30;2;0;unknown;0
2025-07-02T21:03:00+02:00;69063;30;1;0;unknown;0
2025-07-02T21:03:00+02:00;69064_D;30;1;0;unknown;0
2025-07-02T21:03:00+02:00;69064_G;30;1;0;unknown;0
2025-07-02T21:03:00+02:00;69270_D;50;2;0;unknown;0
2025-07-02T21:03:00+02:00;69270_G;39;2;35;freeFlow;1
2025-07-02T21:03:00+02:00;69277;30;3;0;unknown;0
2025-07-02T21:03:00+02:00;69464;30;1;0;unknown;0
2025-07-02T21:03:00+02:00;69467;30;2;0;unknown;0
2025-07-02T21:03:00+02:00;69493;50;13;30;freeFlow;1
2025-07-02T21:03:00+02:00;69495;40;10;32;freeFlow;1
2025-07-02T21:03:00+02:00;69591;60;5;25;freeFlow;1
2025-07-02T21:03:00+02:00;69673;13;26;55;congested;1
2025-07-02T21:03:00+02:00;69878;51;16;75;freeFlow;2
2025-07-02T21:03:00+02:00;71197_D;80;14;0;unknown;0
2025-07-02T21:03:00+02:00;71197_G;103;11;75;freeFlow;2
2025-07-02T21:03:00+02:00;71455_D;52;3;0;unknown;0
2025-07-02T21:03:00+02:00;71492_D;103;2;75;freeFlow;2
2025-07-02T21:03:00+02:00;71492_G;42;4;60;freeFlow;1
2025-07-02T21:03:00+02:00;71493_D;42;7;60;freeFlow;1
2025-07-02T21:03:00+02:00;71493_G;42;8;60;freeFlow;1
2025-07-02T21:03:00+02:00;71494;65;2;100;freeFlow;3
2025-07-02T21:03:00+02:00;71496;42;6;60;freeFlow;1
2025-07-02T21:03:00+02:00;71497;42;2;60;freeFlow;1
2025-07-02T21:03:00+02:00;71504_D;65;1;100;freeFlow;3
2025-07-02T21:03:00+02:00;71504_G;50;1;0;unknown;0
2025-07-02T21:03:00+02:00;71508_D;103;5;75;freeFlow;2
2025-07-02T21:03:00+02:00;71508_G;50;10;0;unknown;0
2025-07-02T21:03:00+02:00;71509_D;58;17;60;freeFlow;1
2025-07-02T21:03:00+02:00;71509_G;27;37;60;heavy;1
2025-07-02T21:03:00+02:00;71554_D;60;4;25;freeFlow;1
2025-07-02T21:03:00+02:00;71554_G;34;7;52;heavy;1
2025-07-02T21:03:00+02:00;71555_D;60;2;25;freeFlow;1
2025-07-02T21:03:00+02:00;71555_G;18;7;60;heavy;1
2025-07-02T21:03:00+02:00;71661;62;4;55;heavy;1
2025-07-02T21:03:00+02:00;71668;90;7;0;unknown;0
2025-07-02T21:03:00+02:00;72425;71;17;75;freeFlow;2
2025-07-02T21:03:00+02:00;72487_D;80;31;0;unknown;0
2025-07-02T21:03:00+02:00;72842_D;44;25;45;freeFlow;1
2025-07-02T21:03:00+02:00;72842_G;50;22;0;unknown;0
2025-07-02T21:03:00+02:00;72940_D;40;30;38;freeFlow;1
2025-07-02T21:03:00+02:00;72940_G;50;23;0;unknown;0
2025-07-02T21:03:00+02:00;73636;16;11;60;heavy;1
2025-07-02T21:03:00+02:00;74067;90;1;0;unknown;0
2025-07-02T21:03:00+02:00;74454;53;1;48;freeFlow;1
2025-07-02T21:03:00+02:00;74457_D;57;18;50;freeFlow;1
2025-07-02T21:03:00+02:00;74457_G;79;13;42;freeFlow;1
2025-07-02T21:03:00+02:00;74459;53;1;48;freeFlow;1
2025-07-02T21:03:00+02:00;74460;70;0;42;freeFlow;1
2025-07-02T21:03:00+02:00;74461;53;1;42;freeFlow;1
2025-07-02T21:03:00+02:00;74688_D;50;18;0;unknown;0
2025-07-02T21:03:00+02:00;74688_G;50;18;0;unknown;0
2025-07-02T21:03:00+02:00;74748_D;80;4;0;unknown;0
2025-07-02T21:03:00+02:00;74748_G;80;4;0;unknown;0
2025-07-02T21:03:00+02:00;75340;50;1;0;unknown;0
2025-07-02T21:03:00+02:00;75343_D;30;12;0;unknown;0
2025-07-02T21:03:00+02:00;75343_G;30;12;0;unknown;0
2025-07-02T21:03:00+02:00;75344;50;1;0;unknown;0
2025-07-02T21:03:00+02:00;75346;50;1;0;unknown;0
2025-07-02T21:03:00+02:00;75347_D;50;1;0;unknown;0
2025-07-02T21:03:00+02:00;75347_G;50;1;0;unknown;0
2025-07-02T21:03:00+02:00;75348;50;1;0;unknown;0
2025-07-02T21:03:00+02:00;75353;50;1;0;unknown;0
2025-07-02T21:03:00+02:00;75356_D;50;10;0;unknown;0
2025-07-02T21:03:00+02:00;75356_G;50;10;0;unknown;0
2025-07-02T21:03:00+02:00;75358;50;1;0;unknown;0
2025-07-02T21:03:00+02:00;75359;50;1;0;unknown;0
2025-07-02T21:03:00+02:00;75385;42;2;60;freeFlow;1
2025-07-02T21:03:00+02:00;75533_D;60;1;15;freeFlow;1
2025-07-02T21:03:00+02:00;75533_G;70;0;0;unknown;0
2025-07-02T21:03:00+02:00;75630;60;26;57;freeFlow;1
2025-07-02T21:03:00+02:00;75810;91;8;60;freeFlow;1
2025-07-02T21:03:00+02:00;75811;43;10;55;heavy;1
2025-07-02T21:03:00+02:00;75812;68;6;100;freeFlow;3
2025-07-02T21:03:00+02:00;75813;74;3;100;freeFlow;3
2025-07-02T21:03:00+02:00;75814;96;2;75;freeFlow;2
2025-07-02T21:03:00+02:00;75815;64;21;100;freeFlow;3
2025-07-02T21:03:00+02:00;75816;85;3;75;freeFlow;2
2025-07-02T21:03:00+02:00;75819_D;35;5;20;freeFlow;1
2025-07-02T21:03:00+02:00;75819_G;50;4;0;unknown;0
2025-07-02T21:03:00+02:00;75821;93;3;100;freeFlow;5
2025-07-02T21:03:00+02:00;75823;96;4;100;freeFlow;5
2025-07-02T21:03:00+02:00;75841;39;9;60;freeFlow;1
2025-07-02T21:03:00+02:00;75842;50;8;0;unknown;0
2025-07-02T21:03:00+02:00;75855;42;2;57;heavy;1
2025-07-02T21:03:00+02:00;75858;41;2;60;heavy;1
2025-07-02T21:03:00+02:00;75859;37;5;60;heavy;1
2025-07-02T21:03:00+02:00;75860;19;10;100;congested;4
2025-07-02T21:03:00+02:00;75861;21;4;100;heavy;4
2025-07-02T21:03:00+02:00;75862;51;3;60;freeFlow;1
2025-07-02T21:03:00+02:00;75863;51;2;60;freeFlow;1
2025-07-02T21:03:00+02:00;75864;105;1;57;freeFlow;1
2025-07-02T21:03:00+02:00;75865;105;1;57;freeFlow;1
2025-07-02T21:03:00+02:00;75866;92;10;22;freeFlow;1
2025-07-02T21:03:00+02:00;75867;106;11;60;freeFlow;1
2025-07-02T21:03:00+02:00;75869;96;55;75;freeFlow;2
2025-07-02T21:03:00+02:00;75873_D;30;19;0;unknown;0
2025-07-02T21:03:00+02:00;75873_G;30;16;0;unknown;0
2025-07-02T21:03:00+02:00;75874_D;50;8;0;unknown;0
2025-07-02T21:03:00+02:00;75874_G;50;8;0;unknown;0
2025-07-02T21:03:00+02:00;75875;85;3;55;freeFlow;1
2025-07-02T21:03:00+02:00;75876;85;6;55;freeFlow;1
2025-07-02T21:03:00+02:00;75877;50;17;0;unknown;0
2025-07-02T21:03:00+02:00;75878;91;9;60;freeFlow;1
2025-07-02T21:03:00+02:00;75879;43;5;55;heavy;1
2025-07-02T21:03:00+02:00;75880;106;8;60;freeFlow;1
2025-07-02T21:03:00+02:00;75882;99;10;70;freeFlow;2
2025-07-02T21:03:00+02:00;75883;90;4;100;freeFlow;4
2025-07-02T21:03:00+02:00;75884;89;5;100;freeFlow;4
2025-07-02T21:03:00+02:00;75885;92;3;100;freeFlow;4
2025-07-02T21:03:00+02:00;75886;89;7;100;freeFlow;4
2025-07-02T21:03:00+02:00;75911;49;6;60;freeFlow;1
2025-07-02T21:03:00+02:00;75912;28;10;30;heavy;1
2025-07-02T21:03:00+02:00;76094;50;11;60;freeFlow;1
2025-07-02T21:03:00+02:00;7864_D;82;44;38;freeFlow;1
2025-07-02T21:03:00+02:00;7864_G;46;79;40;heavy;1
2025-07-02T21:03:00+02:00;790_D;66;12;35;freeFlow;1
2025-07-02T21:03:00+02:00;790_G;71;11;55;freeFlow;1
2025-07-02T21:03:00+02:00;791_D;60;14;75;freeFlow;3
2025-07-02T21:03:00+02:00;791_G;71;12;55;freeFlow;1
2025-07-02T21:03:00+02:00;7936;103;7;52;freeFlow;1
2025-07-02T21:03:00+02:00;7937;90;24;52;freeFlow;1
2025-07-02T21:03:00+02:00;7938;73;41;75;freeFlow;2
2025-07-02T21:03:00+02:00;7995_D;82;13;35;freeFlow;1
2025-07-02T21:03:00+02:00;7995_G;82;12;40;freeFlow;1
2025-07-02T21:03:00+02:00;862_D;71;15;55;freeFlow;1
2025-07-02T21:03:00+02:00;862_G;70;16;35;freeFlow;1
2025-07-02T21:03:00+02:00;863_D;76;9;55;freeFlow;1
2025-07-02T21:03:00+02:00;863_G;73;10;38;freeFlow;1
2025-07-02T21:03:00+02:00;8745;50;4;0;unknown;0
2025-07-02T21:03:00+02:00;8962;118;19;75;freeFlow;2
2025-07-02T21:03:00+02:00;8963_D;66;7;42;freeFlow;1
2025-07-02T21:03:00+02:00;8963_G;114;4;60;freeFlow;1
2025-07-02T21:03:00+02:00;8966;117;10;75;freeFlow;2
2025-07-02T21:03:00+02:00;8969;86;15;57;freeFlow;1
2025-07-02T21:03:00+02:00;8970;82;19;57;freeFlow;1
2025-07-02T21:03:00+02:00;8971;65;31;58;heavy;1
2025-07-02T21:03:00+02:00;8974_D;70;3;0;unknown;0
2025-07-02T21:03:00+02:00;8974_G;66;3;42;freeFlow;1
2025-07-02T21:03:00+02:00;8976_D;114;3;60;freeFlow;1
2025-07-02T21:03:00+02:00;8976_G;66;5;42;freeFlow;1
2025-07-02T21:03:00+02:00;8977_D;114;3;60;freeFlow;1
2025-07-02T21:03:00+02:00;8977_G;66;4;42;freeFlow;1
2025-07-02T21:03:00+02:00;8978;96;14;82;freeFlow;3
2025-07-02T21:03:00+02:00;9040;62;14;55;heavy;1
2025-07-02T21:03:00+02:00;9041;50;4;0;unknown;0
2025-07-02T21:03:00+02:00;9042;43;2;57;freeFlow;1
2025-07-02T21:03:00+02:00;9043;50;3;0;unknown;0
2025-07-02T21:03:00+02:00;9044;50;3;0;unknown;0
2025-07-02T21:03:00+02:00;9045;50;2;0;unknown;0
2025-07-02T21:03:00+02:00;9046;34;3;57;heavy;1
2025-07-02T21:03:00+02:00;9047;34;3;57;heavy;1
2025-07-02T21:03:00+02:00;9048;55;9;0;unknown;0
2025-07-02T21:03:00+02:00;9049;50;3;0;unknown;0
2025-07-02T21:03:00+02:00;9050;50;1;0;unknown;0
2025-07-02T21:03:00+02:00;9051;76;2;60;freeFlow;1
2025-07-02T21:03:00+02:00;9052;50;2;0;unknown;0
2025-07-02T21:03:00+02:00;9053;57;2;58;freeFlow;1
2025-07-02T21:03:00+02:00;9054;50;12;0;unknown;0
2025-07-02T21:03:00+02:00;9055;52;12;57;freeFlow;1
2025-07-02T21:03:00+02:00;9057_D;82;6;38;freeFlow;1
2025-07-02T21:03:00+02:00;9057_G;75;7;38;freeFlow;1
2025-07-02T21:03:00+02:00;9058_D;67;20;40;freeFlow;1
2025-07-02T21:03:00+02:00;9058_G;76;18;38;freeFlow;1
2025-07-02T21:03:00+02:00;9059_D;64;10;40;freeFlow;1
2025-07-02T21:03:00+02:00;9059_G;72;8;38;freeFlow;1
2025-07-02T21:03:00+02:00;9060;42;4;60;heavy;1
2025-07-02T21:03:00+02:00;9061;48;3;57;heavy;2
2025-07-02T21:03:00+02:00;9062;39;4;70;heavy;2
2025-07-02T21:03:00+02:00;9063;50;2;68;heavy;2
2025-07-02T21:03:00+02:00;9068_D;66;27;42;freeFlow;1
2025-07-02T21:03:00+02:00;9068_G;68;26;60;freeFlow;1
2025-07-02T21:03:00+02:00;9070_D;82;25;38;freeFlow;1
2025-07-02T21:03:00+02:00;9070_G;37;56;38;heavy;1
2025-07-02T21:03:00+02:00;9073;82;5;60;freeFlow;1
2025-07-02T21:03:00+02:00;9074;94;9;100;freeFlow;5
2025-07-02T21:03:00+02:00;9082_D;80;3;50;freeFlow;1
2025-07-02T21:03:00+02:00;9082_G;79;3;42;freeFlow;1
2025-07-02T21:03:00+02:00;9090_D;63;21;48;freeFlow;1
2025-07-02T21:03:00+02:00;9090_G;70;19;0;unknown;0
2025-07-02T21:03:00+02:00;9103;105;14;17;freeFlow;1
2025-07-02T21:03:00+02:00;9108;105;12;17;freeFlow;1
2025-07-02T21:03:00+02:00;9114;105;1;17;freeFlow;1
2025-07-02T21:03:00+02:00;9115;62;24;55;heavy;1
2025-07-02T21:03:00+02:00;9116;90;2;0;unknown;0
2025-07-02T21:03:00+02:00;9117;90;6;0;unknown;0
2025-07-02T21:03:00+02:00;9133;49;39;55;heavy;1
2025-07-02T21:03:00+02:00;9134;105;14;17;freeFlow;1
2025-07-02T21:03:00+02:00;9177;106;18;42;freeFlow;1
2025-07-02T21:03:00+02:00;9190;44;8;52;heavy;1
2025-07-02T21:03:00+02:00;9199;90;1;0;unknown;0
2025-07-02T21:03:00+02:00;9200;90;2;0;unknown;0
2025-07-02T21:03:00+02:00;9201;90;1;0;unknown;0
2025-07-02T21:03:00+02:00;9202;74;2;55;freeFlow;1
2025-07-02T21:03:00+02:00;9203;67;2;55;freeFlow;1
2025-07-02T21:03:00+02:00;9204;62;2;55;heavy;1
2025-07-02T21:03:00+02:00;9213;84;33;34;freeFlow;1
2025-07-02T21:03:00+02:00;9214_D;70;1;0;unknown;0
2025-07-02T21:03:00+02:00;9214_G;105;1;17;freeFlow;1
2025-07-02T21:03:00+02:00;9215;36;76;55;heavy;1
2025-07-02T21:03:00+02:00;9279;90;23;60;freeFlow;1
2025-07-02T21:03:00+02:00;9280;108;22;60;freeFlow;1
2025-07-02T21:03:00+02:00;9343_D;80;15;0;unknown;0
2025-07-02T21:03:00+02:00;9343_G;80;15;0;unknown;0
2025-07-02T21:03:00+02:00;9344_D;30;20;0;unknown;0
2025-07-02T21:03:00+02:00;9344_G;30;20;0;unknown;0
2025-07-02T21:03:00+02:00;9345_D;30;27;0;unknown;0
2025-07-02T21:03:00+02:00;9345_G;30;28;0;unknown;0
2025-07-02T21:03:00+02:00;9346_D;30;15;0;unknown;0
2025-07-02T21:03:00+02:00;9346_G;30;15;0;unknown;0
2025-07-02T21:03:00+02:00;9348_D;30;7;0;unknown;0
2025-07-02T21:03:00+02:00;9348_G;30;8;0;unknown;0
2025-07-02T21:03:00+02:00;9351_D;80;15;0;unknown;0
2025-07-02T21:03:00+02:00;9351_G;80;14;0;unknown;0
2025-07-02T21:03:00+02:00;9370_D;80;10;0;unknown;0
2025-07-02T21:03:00+02:00;9370_G;80;11;0;unknown;0
2025-07-02T21:03:00+02:00;9371_D;80;8;0;unknown;0
2025-07-02T21:03:00+02:00;9371_G;80;8;0;unknown;0
2025-07-02T21:03:00+02:00;9378;88;13;75;freeFlow;2
2025-07-02T21:03:00+02:00;9379;89;13;100;freeFlow;4
2025-07-02T21:03:00+02:00;9414_D;30;9;0;unknown;0
2025-07-02T21:03:00+02:00;9414_G;30;9;0;unknown;0
2025-07-02T21:03:00+02:00;9416_D;30;7;0;unknown;0
2025-07-02T21:03:00+02:00;9416_G;30;7;0;unknown;0
2025-07-02T21:03:00+02:00;9418_D;30;12;0;unknown;0
2025-07-02T21:03:00+02:00;9418_G;30;12;0;unknown;0
2025-07-02T21:03:00+02:00;9421;30;4;0;unknown;0
2025-07-02T21:03:00+02:00;9422;30;3;0;unknown;0
2025-07-02T21:03:00+02:00;9423;30;3;0;unknown;0
2025-07-02T21:03:00+02:00;9424;30;6;0;unknown;0
2025-07-02T21:03:00+02:00;9425_D;30;5;0;unknown;0
2025-07-02T21:03:00+02:00;9425_G;30;4;0;unknown;0
2025-07-02T21:03:00+02:00;9427_D;76;4;60;freeFlow;1
2025-07-02T21:03:00+02:00;9427_G;80;4;0;unknown;0
2025-07-02T21:03:00+02:00;9434_D;79;10;60;freeFlow;1
2025-07-02T21:03:00+02:00;9434_G;80;10;0;unknown;0
2025-07-02T21:03:00+02:00;9435_D;83;12;60;freeFlow;1
2025-07-02T21:03:00+02:00;9435_G;80;13;0;unknown;0
2025-07-02T21:03:00+02:00;9437_D;83;14;60;freeFlow;1
2025-07-02T21:03:00+02:00;9437_G;80;14;0;unknown;0
2025-07-02T21:03:00+02:00;9588_D;80;8;50;freeFlow;1
2025-07-02T21:03:00+02:00;9588_G;79;8;42;freeFlow;1
2025-07-02T21:03:00+02:00;9625_D;80;4;50;freeFlow;1
2025-07-02T21:03:00+02:00;9625_G;79;5;42;freeFlow;1
2025-07-02T21:03:00+02:00;9739;53;2;48;freeFlow;1
2025-07-02T21:03:00+02:00;9740;53;1;48;freeFlow;1
2025-07-02T21:03:00+02:00;9741;70;1;0;unknown;0
2025-07-02T21:03:00+02:00;9742;70;2;0;unknown;0
2025-07-02T21:03:00+02:00;9745_D;53;3;48;freeFlow;1
2025-07-02T21:03:00+02:00;9745_G;70;4;0;unknown;0
2025-07-02T21:03:00+02:00;9757_D;53;2;48;freeFlow;1
2025-07-02T21:03:00+02:00;9757_G;70;2;0;unknown;0
2025-07-02T21:03:00+02:00;9758_D;53;6;48;freeFlow;1
2025-07-02T21:03:00+02:00;9758_G;53;6;42;freeFlow;1
2025-07-02T21:03:00+02:00;9834_D;70;28;45;freeFlow;1
2025-07-02T21:03:00+02:00;9834_G;70;28;0;unknown;0
2025-07-02T21:03:00+02:00;9912;73;2;0;unknown;0
2025-07-02T21:03:00+02:00;9913;67;2;45;freeFlow;1
2025-07-02T21:03:00+02:00;9914;70;1;45;freeFlow;1
2025-07-02T21:03:00+02:00;9915;70;2;45;freeFlow;1
2025-07-02T21:03:00+02:00;9916;73;2;0;unknown;0
2025-07-02T21:03:00+02:00;9917_D;70;2;0;unknown;0
2025-07-02T21:03:00+02:00;9917_G;66;2;42;freeFlow;1
2025-07-02T21:03:00+02:00;9921_D;70;21;45;freeFlow;1
2025-07-02T21:03:00+02:00;9921_G;70;21;0;unknown;0
2025-07-02T21:03:00+02:00;1601981;23;7;45;heavy;2
2025-07-02T21:03:00+02:00;1601982;61;15;27;freeFlow;1
2025-07-02T21:03:00+02:00;1634;57;10;48;heavy;1
2025-07-02T21:03:00+02:00;1635;33;5;60;heavy;1
2025-07-02T21:03:00+02:00;1636;55;3;10;freeFlow;1
2025-07-02T21:03:00+02:00;1637;40;3;69;heavy;2
2025-07-02T21:03:00+02:00;1640;33;3;60;heavy;1
2025-07-02T21:03:00+02:00;1641;33;5;60;heavy;1
2025-07-02T21:03:00+02:00;1642;32;3;68;heavy;2
2025-07-02T21:03:00+02:00;1678329;28;22;27;heavy;1
2025-07-02T21:03:00+02:00;1680500_D;35;8;20;heavy;1
2025-07-02T21:03:00+02:00;1680500_G;50;6;0;unknown;0
2025-07-02T21:03:00+02:00;1680501;67;13;100;freeFlow;6
2025-07-02T21:03:00+02:00;1680580;50;9;0;unknown;0
2025-07-02T21:03:00+02:00;1680586;39;4;38;freeFlow;1
2025-07-02T21:03:00+02:00;1680594;39;0;38;freeFlow;1
2025-07-02T21:03:00+02:00;1680595;50;1;0;unknown;0
2025-07-02T21:03:00+02:00;1680596;39;1;38;freeFlow;1
2025-07-02T21:03:00+02:00;1680597;50;1;0;unknown;0
2025-07-02T21:03:00+02:00;1680604;50;2;0;unknown;0
2025-07-02T21:03:00+02:00;1747_D;79;1;100;freeFlow;3
2025-07-02T21:03:00+02:00;1747_G;50;2;0;unknown;0
2025-07-02T21:03:00+02:00;1762;22;24;52;heavy;1
2025-07-02T21:03:00+02:00;1763;74;7;100;freeFlow;3
2025-07-02T21:03:00+02:00;1765_D;59;7;100;freeFlow;3
2025-07-02T21:03:00+02:00;1765_G;25;16;0;unknown;0
2025-07-02T21:03:00+02:00;1852;83;13;100;freeFlow;4
2025-07-02T21:03:00+02:00;1857;94;23;100;freeFlow;3
2025-07-02T21:03:00+02:00;1858;84;11;75;freeFlow;2
2025-07-02T21:03:00+02:00;1859;112;9;60;freeFlow;1
2025-07-02T21:03:00+02:00;1860;42;29;99;heavy;3
2025-07-02T21:03:00+02:00;1910718_D;50;2;0;unknown;0
2025-07-02T21:03:00+02:00;1910718_G;5;23;50;congested;1
2025-07-02T21:03:00+02:00;1910863_D;17;32;30;heavy;1
2025-07-02T21:03:00+02:00;1910863_G;50;11;0;unknown;0
2025-07-02T21:03:00+02:00;1911250;41;6;45;freeFlow;1
2025-07-02T21:03:00+02:00;35088;46;5;60;heavy;1
2025-07-02T21:03:00+02:00;35089;43;5;73;heavy;2
2025-07-02T21:03:00+02:00;35090;42;1;57;heavy;1
2025-07-02T21:03:00+02:00;35091;34;3;57;heavy;1
2025-07-02T21:03:00+02:00;35093;51;6;73;freeFlow;2
2025-07-02T21:03:00+02:00;35094;34;8;57;heavy;1
2025-07-02T21:03:00+02:00;35099;50;2;0;unknown;0
2025-07-02T21:03:00+02:00;35101;36;2;100;heavy;3
2025-07-02T21:03:00+02:00;35102;23;3;57;heavy;1
2025-07-02T21:03:00+02:00;35104;51;51;100;freeFlow;3
2025-07-02T21:03:00+02:00;35116;36;4;100;freeFlow;3
2025-07-02T21:03:00+02:00;35117;30;6;95;heavy;3
2025-07-02T21:03:00+02:00;35118;23;7;55;heavy;1
2025-07-02T21:03:00+02:00;35119;39;5;98;freeFlow;4
2025-07-02T21:03:00+02:00;35120_D;36;2;75;freeFlow;2
2025-07-02T21:03:00+02:00;35120_G;23;3;55;heavy;1
2025-07-02T21:03:00+02:00;35121_D;46;46;75;freeFlow;2
2025-07-02T21:03:00+02:00;35121_G;38;54;72;freeFlow;2
2025-07-02T21:03:00+02:00;40196;64;4;60;freeFlow;1
2025-07-02T21:03:00+02:00;40197;64;4;60;freeFlow;1
2025-07-02T21:03:00+02:00;41636_D;14;12;32;congested;1
2025-07-02T21:03:00+02:00;41636_G;28;6;42;heavy;1
2025-07-02T21:03:00+02:00;41652_G;31;7;45;heavy;1
2025-07-02T21:03:00+02:00;41653_D;50;2;0;unknown;0
2025-07-02T21:03:00+02:00;41653_G;33;3;45;heavy;1
2025-07-02T21:03:00+02:00;41667_D;50;3;0;unknown;0
2025-07-02T21:03:00+02:00;41667_G;29;5;45;heavy;1
2025-07-02T21:03:00+02:00;41668_D;49;1;0;unknown;0
2025-07-02T21:03:00+02:00;41668_G;23;2;48;heavy;1
2025-07-02T21:03:00+02:00;41721;85;12;100;freeFlow;6
2025-07-02T21:03:00+02:00;41722;91;12;100;freeFlow;6
2025-07-02T21:03:00+02:00;41758;92;14;100;freeFlow;3
2025-07-02T21:03:00+02:00;41759;90;16;100;freeFlow;3
2025-07-02T21:03:00+02:00;41760;89;15;100;freeFlow;5
2025-07-02T21:03:00+02:00;41949_D;50;5;0;unknown;0
2025-07-02T21:03:00+02:00;41949_G;55;5;50;freeFlow;1
2025-07-02T21:03:00+02:00;41974_D;50;5;0;unknown;0
2025-07-02T21:03:00+02:00;41974_G;10;23;55;congested;1
2025-07-02T21:03:00+02:00;41975_D;50;7;0;unknown;0
2025-07-02T21:03:00+02:00;41975_G;42;8;52;freeFlow;1
2025-07-02T21:03:00+02:00;41985_D;47;2;0;unknown;0
2025-07-02T21:03:00+02:00;41985_G;23;3;48;heavy;1
2025-07-02T21:03:00+02:00;42064_D;50;4;0;unknown;0
2025-07-02T21:03:00+02:00;42064_G;7;31;45;congested;1
2025-07-02T21:03:00+02:00;420870_D;45;5;22;freeFlow;1
2025-07-02T21:03:00+02:00;420870_G;50;5;0;unknown;0
2025-07-02T21:03:00+02:00;42206_G;30;31;42;heavy;1
2025-07-02T21:03:00+02:00;42238_G;21;17;48;heavy;1
2025-07-02T21:03:00+02:00;42239_D;50;6;0;unknown;0
2025-07-02T21:03:00+02:00;42239_G;33;9;45;heavy;1
2025-07-02T21:03:00+02:00;42240_D;8;96;10;congested;1
2025-07-02T21:03:00+02:00;42240_G;17;43;42;heavy;1
2025-07-02T21:03:00+02:00;42241_D;16;44;48;heavy;1
2025-07-02T21:03:00+02:00;42241_G;35;20;32;heavy;1
2025-07-02T21:03:00+02:00;42242_D;28;11;55;heavy;1
2025-07-02T21:03:00+02:00;42242_G;43;7;32;freeFlow;1
2025-07-02T21:03:00+02:00;42683_D;28;12;55;heavy;1
2025-07-02T21:03:00+02:00;42683_G;40;8;32;freeFlow;1
2025-07-02T21:03:00+02:00;42714_D;50;4;0;unknown;0
2025-07-02T21:03:00+02:00;42714_G;38;5;52;freeFlow;1
2025-07-02T21:03:00+02:00;42716_D;50;2;0;unknown;0
2025-07-02T21:03:00+02:00;42716_G;55;2;50;freeFlow;1
2025-07-02T21:03:00+02:00;43449_D;9;24;0;unknown;0
2025-07-02T21:03:00+02:00;43449_G;10;21;22;heavy;1
2025-07-02T21:03:00+02:00;43450_D;26;12;10;freeFlow;1
2025-07-02T21:03:00+02:00;43450_G;34;9;22;freeFlow;1
2025-07-02T21:03:00+02:00;43451_G;38;12;25;freeFlow;1
2025-07-02T21:03:00+02:00;43452_D;14;11;0;unknown;0
2025-07-02T21:03:00+02:00;43452_G;30;5;22;freeFlow;1
2025-07-02T21:03:00+02:00;43475_D;52;4;0;unknown;0
2025-07-02T21:03:00+02:00;43475_G;50;4;0;unknown;0
2025-07-02T21:03:00+02:00;43622_D;37;3;25;freeFlow;1
2025-07-02T21:03:00+02:00;43622_G;50;2;0;unknown;0
2025-07-02T21:03:00+02:00;43623_D;21;9;25;heavy;1
2025-07-02T21:03:00+02:00;43623_G;39;5;0;unknown;0
2025-07-02T21:03:00+02:00;43624_D;18;13;38;heavy;1
2025-07-02T21:03:00+02:00;43624_G;8;28;0;unknown;0
2025-07-02T21:03:00+02:00;43625_D;41;9;25;freeFlow;1
2025-07-02T21:03:00+02:00;43625_G;50;7;0;unknown;0
2025-07-02T21:03:00+02:00;43657_D;33;3;0;unknown;0
2025-07-02T21:03:00+02:00;43657_G;44;2;25;freeFlow;1
2025-07-02T21:03:00+02:00;43659_D;30;5;0;unknown;0
2025-07-02T21:03:00+02:00;43659_G;43;3;25;freeFlow;1
2025-07-02T21:03:00+02:00;44039_D;52;2;0;unknown;0
2025-07-02T21:03:00+02:00;44039_G;50;2;0;unknown;0
2025-07-02T21:03:00+02:00;44040_D;52;9;0;unknown;0
2025-07-02T21:03:00+02:00;44040_G;50;9;0;unknown;0
2025-07-02T21:03:00+02:00;44041_D;52;9;0;unknown;0
2025-07-02T21:03:00+02:00;44041_G;50;9;0;unknown;0
2025-07-02T21:03:00+02:00;44042_D;52;9;0;unknown;0
2025-07-02T21:03:00+02:00;44042_G;50;9;0;unknown;0
2025-07-02T21:03:00+02:00;44071_D;32;9;10;freeFlow;1
2025-07-02T21:03:00+02:00;44071_G;17;18;22;heavy;1
2025-07-02T21:03:00+02:00;44080;28;4;10;heavy;1
2025-07-02T21:03:00+02:00;44113_D;50;6;0;unknown;0
2025-07-02T21:03:00+02:00;44113_G;17;17;42;heavy;1
2025-07-02T21:03:00+02:00;44114_D;50;5;0;unknown;0
2025-07-02T21:03:00+02:00;44114_G;32;8;42;heavy;1
2025-07-02T21:03:00+02:00;44115_D;50;7;0;unknown;0
2025-07-02T21:03:00+02:00;44115_G;32;11;42;heavy;1
2025-07-02T21:03:00+02:00;44117_D;50;6;0;unknown;0
2025-07-02T21:03:00+02:00;44117_G;32;8;42;heavy;1
2025-07-02T21:03:00+02:00;44118_D;50;4;0;unknown;0
2025-07-02T21:03:00+02:00;44118_G;31;6;40;heavy;1
2025-07-02T21:03:00+02:00;44125_D;35;4;60;heavy;1
2025-07-02T21:03:00+02:00;44125_G;13;11;58;congested;2
2025-07-02T21:03:00+02:00;44127;38;8;60;freeFlow;1
2025-07-02T21:03:00+02:00;44128;51;6;60;freeFlow;1
2025-07-02T21:03:00+02:00;44170_D;50;3;0;unknown;0
2025-07-02T21:03:00+02:00;44170_G;32;6;42;heavy;1
2025-07-02T21:03:00+02:00;44713_D;22;1;45;heavy;1
2025-07-02T21:03:00+02:00;44713_G;25;1;60;heavy;1
2025-07-02T21:03:00+02:00;44930;50;4;0;unknown;0
2025-07-02T21:03:00+02:00;44931;75;9;60;freeFlow;1
2025-07-02T21:03:00+02:00;44934;101;20;100;freeFlow;3
2025-07-02T21:03:00+02:00;45486_G;49;4;0;unknown;0
2025-07-02T21:03:00+02:00;45487_G;29;9;0;unknown;0
2025-07-02T21:03:00+02:00;45488_D;34;20;20;heavy;1
2025-07-02T21:03:00+02:00;45488_G;11;63;0;unknown;0
2025-07-02T21:03:00+02:00;45489_D;38;7;20;freeFlow;1
2025-07-02T21:03:00+02:00;45489_G;14;18;0;unknown;0
2025-07-02T21:03:00+02:00;45490_D;38;4;20;freeFlow;1
2025-07-02T21:03:00+02:00;45490_G;50;3;0;unknown;0
2025-07-02T21:03:00+02:00;45503_D;50;3;0;unknown;0
2025-07-02T21:03:00+02:00;45503_G;35;4;55;freeFlow;1
2025-07-02T21:03:00+02:00;45504_D;50;3;0;unknown;0
2025-07-02T21:03:00+02:00;45504_G;35;4;55;freeFlow;1
2025-07-02T21:03:00+02:00;45505_D;50;7;0;unknown;0
2025-07-02T21:03:00+02:00;45505_G;35;9;55;freeFlow;1
2025-07-02T21:03:00+02:00;45530_D;30;2;0;unknown;0
2025-07-02T21:03:00+02:00;45530_G;35;2;40;freeFlow;1
2025-07-02T21:03:00+02:00;45531_D;30;2;0;unknown;0
2025-07-02T21:03:00+02:00;45531_G;33;2;40;freeFlow;1
2025-07-02T21:03:00+02:00;45532_D;30;7;0;unknown;0
2025-07-02T21:03:00+02:00;45532_G;32;7;40;freeFlow;1
2025-07-02T21:03:00+02:00;45565_D;50;7;0;unknown;0
2025-07-02T21:03:00+02:00;45565_G;50;6;0;unknown;0
2025-07-02T21:03:00+02:00;45566_D;50;5;0;unknown;0
2025-07-02T21:03:00+02:00;45566_G;50;5;0;unknown;0
2025-07-02T21:03:00+02:00;45567_D;20;14;35;heavy;1
2025-07-02T21:03:00+02:00;45567_G;50;6;0;unknown;0
2025-07-02T21:03:00+02:00;45568_D;36;12;10;freeFlow;1
2025-07-02T21:03:00+02:00;45568_G;36;13;10;freeFlow;1
2025-07-02T21:03:00+02:00;45601_D;50;6;0;unknown;0
2025-07-02T21:03:00+02:00;45601_G;30;10;38;heavy;1
2025-07-02T21:03:00+02:00;45613_D;37;8;17;freeFlow;1
2025-07-02T21:03:00+02:00;45613_G;26;12;35;heavy;1
2025-07-02T21:03:00+02:00;45614_D;37;6;20;freeFlow;1
2025-07-02T21:03:00+02:00;45614_G;18;13;0;unknown;0
2025-07-02T21:03:00+02:00;45636;70;16;0;unknown;0
2025-07-02T21:03:00+02:00;45637;71;16;100;freeFlow;5
2025-07-02T21:03:00+02:00;45640;72;7;60;freeFlow;1
2025-07-02T21:03:00+02:00;45641;64;19;65;freeFlow;3
2025-07-02T21:03:00+02:00;45642;88;24;75;freeFlow;2
2025-07-02T21:03:00+02:00;45644_D;43;22;40;freeFlow;1
2025-07-02T21:03:00+02:00;45644_G;50;19;0;unknown;0
2025-07-02T21:03:00+02:00;45645_G;50;11;0;unknown;0
2025-07-02T21:03:00+02:00;45725;92;34;100;freeFlow;6
2025-07-02T21:03:00+02:00;45736_D;35;14;42;heavy;1
2025-07-02T21:03:00+02:00;45736_G;50;9;0;unknown;0
2025-07-02T21:03:00+02:00;45759_D;32;12;38;heavy;1
2025-07-02T21:03:00+02:00;45759_G;50;7;0;unknown;0
2025-07-02T21:03:00+02:00;45760_D;34;9;40;heavy;1
2025-07-02T21:03:00+02:00;45760_G;50;6;0;unknown;0
2025-07-02T21:03:00+02:00;45761_G;50;6;0;unknown;0
2025-07-02T21:03:00+02:00;45762_D;35;7;40;freeFlow;1
2025-07-02T21:03:00+02:00;45762_G;50;5;0;unknown;0
2025-07-02T21:03:00+02:00;45849_D;13;6;27;congested;1
2025-07-02T21:03:00+02:00;45849_G;50;2;0;unknown;0
2025-07-02T21:03:00+02:00;45850_D;49;2;30;freeFlow;1
2025-07-02T21:03:00+02:00;45850_G;50;2;0;unknown;0
2025-07-02T21:03:00+02:00;45865_G;44;8;32;freeFlow;1
2025-07-02T21:03:00+02:00;46027;33;2;57;heavy;1
2025-07-02T21:03:00+02:00;46028;12;59;10;congested;1
2025-07-02T21:03:00+02:00;46029;30;6;89;heavy;4
2025-07-02T21:03:00+02:00;46036_D;27;19;10;heavy;1
2025-07-02T21:03:00+02:00;46036_G;50;10;0;unknown;0
2025-07-02T21:03:00+02:00;46053_G;35;11;55;freeFlow;1
2025-07-02T21:03:00+02:00;46054_D;50;4;0;unknown;0
2025-07-02T21:03:00+02:00;46054_G;35;5;55;freeFlow;1
2025-07-02T21:03:00+02:00;46055_D;50;5;0;unknown;0
2025-07-02T21:03:00+02:00;46055_G;35;7;55;freeFlow;1
2025-07-02T21:03:00+02:00;46056_G;35;3;55;freeFlow;1
2025-07-02T21:03:00+02:00;46057_D;50;4;0;unknown;0
2025-07-02T21:03:00+02:00;46057_G;35;6;55;freeFlow;1
2025-07-02T21:03:00+02:00;46058_D;50;7;0;unknown;0
2025-07-02T21:03:00+02:00;46058_G;35;10;55;freeFlow;1
2025-07-02T21:03:00+02:00;46059_D;31;20;0;unknown;0
2025-07-02T21:03:00+02:00;46059_G;34;17;55;heavy;1
2025-07-02T21:03:00+02:00;46079_D;50;6;0;unknown;0
2025-07-02T21:03:00+02:00;46079_G;35;9;55;freeFlow;1
2025-07-02T21:03:00+02:00;46080_D;50;9;0;unknown;0
2025-07-02T21:03:00+02:00;46080_G;7;64;50;congested;1
2025-07-02T21:03:00+02:00;46081;36;7;40;freeFlow;1
2025-07-02T21:03:00+02:00;46135;50;7;0;unknown;0
2025-07-02T21:03:00+02:00;46136;50;6;0;unknown;0
2025-07-02T21:03:00+02:00;46137;50;9;0;unknown;0
2025-07-02T21:03:00+02:00;46163;35;9;63;heavy;2
2025-07-02T21:03:00+02:00;46228;106;10;42;freeFlow;1
2025-07-02T21:03:00+02:00;46230;88;16;60;freeFlow;1
2025-07-02T21:03:00+02:00;46251_D;22;8;22;heavy;1
2025-07-02T21:03:00+02:00;46251_G;16;11;0;unknown;0
2025-07-02T21:03:00+02:00;46264;90;18;0;unknown;0
2025-07-02T21:03:00+02:00;46265;89;8;60;freeFlow;1
2025-07-02T21:03:00+02:00;46266;89;3;75;freeFlow;2
2025-07-02T21:03:00+02:00;46267;89;9;100;freeFlow;6
2025-07-02T21:03:00+02:00;46268;84;18;100;freeFlow;5
2025-07-02T21:03:00+02:00;46270_D;50;4;0;unknown;0
2025-07-02T21:03:00+02:00;46270_G;32;7;40;heavy;1
2025-07-02T21:03:00+02:00;46271_D;19;14;45;heavy;1
2025-07-02T21:03:00+02:00;46271_G;15;18;49;congested;2
2025-07-02T21:03:00+02:00;46374_D;16;79;40;heavy;1
2025-07-02T21:03:00+02:00;46374_G;43;29;75;freeFlow;2
2025-07-02T21:03:00+02:00;46375_D;38;13;42;freeFlow;1
2025-07-02T21:03:00+02:00;46375_G;41;12;75;freeFlow;2
2025-07-02T21:03:00+02:00;46376_D;38;18;42;freeFlow;1
2025-07-02T21:03:00+02:00;46376_G;43;16;75;freeFlow;2
2025-07-02T21:03:00+02:00;46377_D;24;17;60;heavy;1
2025-07-02T21:03:00+02:00;46377_G;24;17;100;heavy;3
2025-07-02T21:03:00+02:00;46427_D;7;52;40;congested;1
2025-07-02T21:03:00+02:00;46427_G;42;9;75;freeFlow;2
2025-07-02T21:03:00+02:00;46559_D;51;1;30;freeFlow;1
2025-07-02T21:03:00+02:00;46559_G;29;2;75;heavy;2
2025-07-02T21:03:00+02:00;46560_D;51;8;30;freeFlow;1
2025-07-02T21:03:00+02:00;46560_G;29;13;75;heavy;2
2025-07-02T21:03:00+02:00;46561_D;51;5;30;freeFlow;1
2025-07-02T21:03:00+02:00;46561_G;29;9;75;heavy;2
2025-07-02T21:03:00+02:00;46562_D;51;2;30;freeFlow;1
2025-07-02T21:03:00+02:00;46562_G;33;3;60;heavy;1
2025-07-02T21:03:00+02:00;46563_D;51;8;30;freeFlow;1
2025-07-02T21:03:00+02:00;46563_G;36;12;60;freeFlow;1
2025-07-02T21:03:00+02:00;46564_D;36;6;30;freeFlow;1
2025-07-02T21:03:00+02:00;46564_G;24;9;60;heavy;1
2025-07-02T21:03:00+02:00;46565_D;36;5;30;freeFlow;1
2025-07-02T21:03:00+02:00;46565_G;24;7;60;heavy;1
2025-07-02T21:03:00+02:00;46566_D;36;7;30;freeFlow;1
2025-07-02T21:03:00+02:00;46566_G;50;5;0;unknown;0
2025-07-02T21:03:00+02:00;46567_G;41;2;75;freeFlow;2
2025-07-02T21:03:00+02:00;46568_D;50;1;0;unknown;0
2025-07-02T21:03:00+02:00;46568_G;32;2;100;heavy;3
2025-07-02T21:03:00+02:00;46569_D;14;34;27;congested;1
2025-07-02T21:03:00+02:00;46569_G;39;12;75;freeFlow;2
2025-07-02T21:03:00+02:00;46627_D;18;29;30;heavy;1
2025-07-02T21:03:00+02:00;46627_G;35;15;75;heavy;2
2025-07-02T21:03:00+02:00;46628_D;41;9;30;freeFlow;1
2025-07-02T21:03:00+02:00;46628_G;34;11;60;heavy;1
2025-07-02T21:03:00+02:00;46640;41;19;10;freeFlow;1
2025-07-02T21:03:00+02:00;46641;48;8;0;unknown;0
2025-07-02T21:03:00+02:00;46643;25;7;20;heavy;1
2025-07-02T21:03:00+02:00;46649;45;9;0;unknown;0
2025-07-02T21:03:00+02:00;46653_D;47;13;0;unknown;0
2025-07-02T21:03:00+02:00;46653_G;50;12;0;unknown;0
2025-07-02T21:03:00+02:00;46654_D;27;19;10;heavy;1
2025-07-02T21:03:00+02:00;46654_G;50;10;0;unknown;0
2025-07-02T21:03:00+02:00;46655_D;27;6;10;heavy;1
2025-07-02T21:03:00+02:00;46655_G;50;3;0;unknown;0
2025-07-02T21:03:00+02:00;46682;23;22;75;heavy;2
2025-07-02T21:03:00+02:00;46683;29;2;75;heavy;2
2025-07-02T21:03:00+02:00;46684;39;12;38;freeFlow;1
2025-07-02T21:03:00+02:00;46685;15;70;48;congested;1
2025-07-02T21:03:00+02:00;46686;107;12;45;freeFlow;1
2025-07-02T21:03:00+02:00;46688;39;29;38;heavy;1
2025-07-02T21:03:00+02:00;46716;85;1;75;freeFlow;2
2025-07-02T21:03:00+02:00;46717;104;36;100;freeFlow;4
2025-07-02T21:03:00+02:00;46718;85;12;75;freeFlow;2
2025-07-02T21:03:00+02:00;46719;103;8;75;freeFlow;2
2025-07-02T21:03:00+02:00;46720;70;3;0;unknown;0
2025-07-02T21:03:00+02:00;46728;79;5;52;freeFlow;1
2025-07-02T21:03:00+02:00;46745_D;52;11;25;freeFlow;1
2025-07-02T21:03:00+02:00;46745_G;58;10;20;freeFlow;1
2025-07-02T21:03:00+02:00;46746_D;35;25;30;freeFlow;1
2025-07-02T21:03:00+02:00;46746_G;41;21;48;freeFlow;1
2025-07-02T21:03:00+02:00;46975;50;3;0;unknown;0
2025-07-02T21:03:00+02:00;47024;39;4;75;freeFlow;2
2025-07-02T21:03:00+02:00;47025;17;22;60;heavy;1
2025-07-02T21:03:00+02:00;47030;9;38;60;congested;1
2025-07-02T21:03:00+02:00;47057;87;10;75;freeFlow;2
2025-07-02T21:03:00+02:00;47058;89;21;75;freeFlow;2
2025-07-02T21:03:00+02:00;47059;92;14;75;freeFlow;2
2025-07-02T21:03:00+02:00;47060;79;12;100;freeFlow;4
2025-07-02T21:03:00+02:00;47062;50;17;0;unknown;0
2025-07-02T21:03:00+02:00;47064;25;3;100;heavy;3
2025-07-02T21:03:00+02:00;47066;26;5;60;heavy;1
2025-07-02T21:03:00+02:00;47068;53;13;60;freeFlow;1
2025-07-02T21:03:00+02:00;47070;95;3;60;freeFlow;2
2025-07-02T21:03:00+02:00;47071;57;15;17;freeFlow;1
2025-07-02T21:03:00+02:00;47074;74;6;100;freeFlow;3
2025-07-02T21:03:00+02:00;47075;62;4;60;heavy;1
2025-07-02T21:03:00+02:00;47078;94;26;52;freeFlow;1
2025-07-02T21:03:00+02:00;47101;26;15;53;heavy;2
2025-07-02T21:03:00+02:00;47107;84;6;100;freeFlow;3
2025-07-02T21:03:00+02:00;47108;76;11;55;freeFlow;1
2025-07-02T21:03:00+02:00;47109;33;2;60;heavy;1
2025-07-02T21:03:00+02:00;47110;53;14;75;freeFlow;2
2025-07-02T21:03:00+02:00;47111;86;21;75;freeFlow;2
2025-07-02T21:03:00+02:00;47112;39;22;60;freeFlow;1
2025-07-02T21:03:00+02:00;47113;59;10;75;heavy;2
2025-07-02T21:03:00+02:00;47114;41;34;60;freeFlow;1
2025-07-02T21:03:00+02:00;47115;71;20;60;freeFlow;1
2025-07-02T21:03:00+02:00;47238;87;7;75;freeFlow;2
2025-07-02T21:03:00+02:00;47240;88;17;100;freeFlow;5
2025-07-02T21:03:00+02:00;47241;86;12;75;freeFlow;2
2025-07-02T21:03:00+02:00;47242;82;15;75;freeFlow;2
2025-07-02T21:03:00+02:00;47243;82;17;60;freeFlow;1
2025-07-02T21:03:00+02:00;47290;39;13;38;freeFlow;1
2025-07-02T21:03:00+02:00;47293;23;24;65;heavy;2
2025-07-02T21:03:00+02:00;47299;27;13;48;heavy;1
2025-07-02T21:03:00+02:00;47300;89;14;75;freeFlow;2
2025-07-02T21:03:00+02:00;47306;96;21;100;freeFlow;4
2025-07-02T21:03:00+02:00;47316;35;8;48;heavy;1
2025-07-02T21:03:00+02:00;47428_D;52;5;0;unknown;0
2025-07-02T21:03:00+02:00;47428_G;50;5;0;unknown;0
2025-07-02T21:03:00+02:00;48769_D;38;4;40;freeFlow;1
2025-07-02T21:03:00+02:00;48769_G;50;3;0;unknown;0
2025-07-02T21:03:00+02:00;48890;23;1;60;heavy;1
2025-07-02T21:03:00+02:00;48891;23;2;60;heavy;1
2025-07-02T21:03:00+02:00;48958_D;12;18;38;congested;1
2025-07-02T21:03:00+02:00;48958_G;8;28;38;congested;1
2025-07-02T21:03:00+02:00;489866_G;50;4;0;unknown;0
2025-07-02T21:03:00+02:00;49004;50;4;0;unknown;0
2025-07-02T21:03:00+02:00;490194_D;50;1;0;unknown;0
2025-07-02T21:03:00+02:00;490194_G;55;1;50;freeFlow;1
2025-07-02T21:03:00+02:00;49023;106;5;60;freeFlow;1
2025-07-02T21:03:00+02:00;49068;12;55;58;congested;1
2025-07-02T21:03:00+02:00;49074;62;2;25;freeFlow;1
2025-07-02T21:03:00+02:00;49075;70;2;0;unknown;0
2025-07-02T21:03:00+02:00;49081;49;11;60;heavy;1
2025-07-02T21:03:00+02:00;49084;39;11;38;freeFlow;1
2025-07-02T21:03:00+02:00;49137_D;52;4;0;unknown;0
2025-07-02T21:03:00+02:00;49137_G;50;4;0;unknown;0
2025-07-02T21:03:00+02:00;49184;41;3;60;freeFlow;1
2025-07-02T21:03:00+02:00;492351_G;20;6;0;unknown;0
2025-07-02T21:03:00+02:00;492359_D;23;11;20;heavy;1
2025-07-02T21:03:00+02:00;492363_D;50;9;0;unknown;0
2025-07-02T21:03:00+02:00;492363_G;50;10;0;unknown;0
2025-07-02T21:03:00+02:00;492435;29;15;74;heavy;2
2025-07-02T21:03:00+02:00;492445_G;50;13;0;unknown;0
2025-07-02T21:03:00+02:00;492450;99;5;57;freeFlow;1
2025-07-02T21:03:00+02:00;492452;50;10;0;unknown;0
2025-07-02T21:03:00+02:00;492459;27;2;45;freeFlow;1
2025-07-02T21:03:00+02:00;492474;106;2;42;freeFlow;1
2025-07-02T21:03:00+02:00;492475;106;8;42;freeFlow;1
2025-07-02T21:03:00+02:00;492476;88;5;70;freeFlow;2
2025-07-02T21:03:00+02:00;492477;49;2;15;freeFlow;1
2025-07-02T21:03:00+02:00;492479;57;11;15;freeFlow;1
2025-07-02T21:03:00+02:00;492481;50;3;0;unknown;0
2025-07-02T21:03:00+02:00;492482;59;2;60;freeFlow;1
2025-07-02T21:03:00+02:00;492483;88;2;60;freeFlow;1
2025-07-02T21:03:00+02:00;492485;27;2;45;heavy;1
2025-07-02T21:03:00+02:00;492490;99;3;57;freeFlow;1
2025-07-02T21:03:00+02:00;492495;106;0;42;freeFlow;1
2025-07-02T21:03:00+02:00;492498;37;12;45;freeFlow;1
2025-07-02T21:03:00+02:00;492506;38;6;75;freeFlow;2
2025-07-02T21:03:00+02:00;492512;50;2;0;unknown;0
2025-07-02T21:03:00+02:00;492514;88;1;60;freeFlow;1
2025-07-02T21:03:00+02:00;492519;42;12;48;freeFlow;1
2025-07-02T21:03:00+02:00;492574;50;3;0;unknown;0
2025-07-02T21:03:00+02:00;492576;37;1;45;freeFlow;1
2025-07-02T21:03:00+02:00;49328_D;50;2;0;unknown;0
2025-07-02T21:03:00+02:00;49328_G;32;4;42;heavy;1
2025-07-02T21:03:00+02:00;49686_D;52;3;0;unknown;0
2025-07-02T21:03:00+02:00;49686_G;50;3;0;unknown;0
2025-07-02T21:03:00+02:00;50079_D;23;10;10;freeFlow;1
2025-07-02T21:03:00+02:00;50079_G;26;9;22;freeFlow;1
2025-07-02T21:03:00+02:00;50191_D;50;10;0;unknown;0
2025-07-02T21:03:00+02:00;50191_G;31;17;38;heavy;1
2025-07-02T21:03:00+02:00;50308_G;50;6;0;unknown;0
2025-07-02T21:03:00+02:00;50355_D;38;8;22;freeFlow;1
2025-07-02T21:03:00+02:00;50355_G;23;12;0;unknown;0
2025-07-02T21:03:00+02:00;50416_D;40;3;22;freeFlow;1
2025-07-02T21:03:00+02:00;50416_G;50;3;0;unknown;0
2025-07-02T21:03:00+02:00;50475;37;10;75;freeFlow;2
2025-07-02T21:03:00+02:00;50509;39;11;75;freeFlow;2
2025-07-02T21:03:00+02:00;50573_D;36;6;10;freeFlow;1
2025-07-02T21:03:00+02:00;50573_G;21;9;20;freeFlow;1
2025-07-02T21:03:00+02:00;51008;34;4;20;heavy;1
2025-07-02T21:03:00+02:00;51017;13;11;75;congested;2
2025-07-02T21:03:00+02:00;51159_D;22;30;42;heavy;1
2025-07-02T21:03:00+02:00;51159_G;42;16;75;freeFlow;2
2025-07-02T21:03:00+02:00;51254_D;29;10;60;heavy;1
2025-07-02T21:03:00+02:00;51254_G;40;7;75;freeFlow;2
2025-07-02T21:03:00+02:00;51323_D;50;3;0;unknown;0
2025-07-02T21:03:00+02:00;51323_G;24;8;38;heavy;1
2025-07-02T21:03:00+02:00;51437_D;50;3;0;unknown;0
2025-07-02T21:03:00+02:00;51437_G;50;3;0;unknown;0
2025-07-02T21:03:00+02:00;51455_D;50;6;0;unknown;0
2025-07-02T21:03:00+02:00;51455_G;50;5;0;unknown;0
2025-07-02T21:03:00+02:00;51797;29;7;25;heavy;1
2025-07-02T21:03:00+02:00;52130;24;9;48;heavy;1
2025-07-02T21:03:00+02:00;53329_D;49;4;30;freeFlow;1
2025-07-02T21:03:00+02:00;53329_G;21;8;0;unknown;0
2025-07-02T21:03:00+02:00;53336_D;43;9;25;freeFlow;1
2025-07-02T21:03:00+02:00;53336_G;58;7;20;freeFlow;1
2025-07-02T21:03:00+02:00;53411_D;16;23;25;heavy;1
2025-07-02T21:03:00+02:00;53539_G;50;4;0;unknown;0
2025-07-02T21:03:00+02:00;53542;106;4;42;freeFlow;1
2025-07-02T21:03:00+02:00;53543;90;5;0;unknown;0
2025-07-02T21:03:00+02:00;53575_D;33;20;32;heavy;1
2025-07-02T21:03:00+02:00;53575_G;50;12;0;unknown;0
2025-07-02T21:03:00+02:00;53656;41;2;45;freeFlow;1
2025-07-02T21:03:00+02:00;53660;41;9;45;freeFlow;1
2025-07-02T21:03:00+02:00;53663;30;4;27;heavy;1
2025-07-02T21:03:00+02:00;53675;32;2;48;heavy;1
2025-07-02T21:03:00+02:00;53676;27;4;48;heavy;1
2025-07-02T21:03:00+02:00;53677;38;15;60;heavy;1
2025-07-02T21:03:00+02:00;53678;70;1;0;unknown;0
2025-07-02T21:03:00+02:00;53679;70;2;0;unknown;0
2025-07-02T21:03:00+02:00;53681;66;30;12;freeFlow;1
2025-07-02T21:03:00+02:00;53721;50;1;0;unknown;0
2025-07-02T21:03:00+02:00;53885_D;50;10;0;unknown;0
2025-07-02T21:03:00+02:00;53885_G;52;10;52;freeFlow;1
2025-07-02T21:03:00+02:00;54211;13;49;63;congested;2
2025-07-02T21:03:00+02:00;54334_D;28;2;10;heavy;1
2025-07-02T21:03:00+02:00;54334_G;18;2;22;heavy;1
2025-07-02T21:03:00+02:00;54337;13;61;17;congested;1
2025-07-02T21:03:00+02:00;54361;99;2;57;freeFlow;1
2025-07-02T21:03:00+02:00;54580_G;31;18;60;heavy;1
2025-07-02T21:03:00+02:00;54707;52;9;20;freeFlow;1
2025-07-02T21:03:00+02:00;54709;50;1;0;unknown;0
2025-07-02T21:03:00+02:00;54710;52;4;20;freeFlow;1
2025-07-02T21:03:00+02:00;55397_D;30;2;42;heavy;1
2025-07-02T21:03:00+02:00;55397_G;50;1;0;unknown;0
2025-07-02T21:03:00+02:00;55401;50;8;0;unknown;0
2025-07-02T21:03:00+02:00;55405;50;1;0;unknown;0
2025-07-02T21:03:00+02:00;55406;50;4;0;unknown;0
2025-07-02T21:03:00+02:00;55407;31;4;42;heavy;1
2025-07-02T21:03:00+02:00;55408;30;6;42;heavy;1
2025-07-02T21:03:00+02:00;55440_D;30;6;0;unknown;0
2025-07-02T21:03:00+02:00;55440_G;23;7;40;freeFlow;1
2025-07-02T21:03:00+02:00;55443_D;50;2;0;unknown;0
2025-07-02T21:03:00+02:00;55443_G;22;3;38;heavy;1
2025-07-02T21:03:00+02:00;55446;22;4;38;heavy;1
2025-07-02T21:03:00+02:00;55447;23;2;38;heavy;1
2025-07-02T21:03:00+02:00;55448;33;2;35;heavy;1
2025-07-02T21:03:00+02:00;55449;50;1;0;unknown;0
2025-07-02T21:03:00+02:00;55516;50;2;0;unknown;0
2025-07-02T21:03:00+02:00;55669;35;6;57;heavy;1
2025-07-02T21:03:00+02:00;55671;50;7;0;unknown;0
2025-07-02T21:03:00+02:00;55696;50;15;0;unknown;0
2025-07-02T21:03:00+02:00;55698;50;9;0;unknown;0
2025-07-02T21:03:00+02:00;55700;50;8;0;unknown;0
2025-07-02T21:03:00+02:00;55703;27;5;60;heavy;1
2025-07-02T21:03:00+02:00;55706;50;1;0;unknown;0
2025-07-02T21:03:00+02:00;55707;36;9;20;freeFlow;1
2025-07-02T21:03:00+02:00;55708;23;6;60;heavy;1
2025-07-02T21:03:00+02:00;55710;50;14;0;unknown;0
2025-07-02T21:03:00+02:00;55711;23;3;60;heavy;1
2025-07-02T21:03:00+02:00;55713;50;14;0;unknown;0
2025-07-02T21:03:00+02:00;55781_D;50;2;0;unknown;0
2025-07-02T21:03:00+02:00;55781_G;35;3;63;freeFlow;2
2025-07-02T21:03:00+02:00;55800;50;6;0;unknown;0
2025-07-02T21:03:00+02:00;55801;35;4;40;heavy;1
2025-07-02T21:03:00+02:00;55805;50;5;0;unknown;0
2025-07-02T21:03:00+02:00;55806;50;10;0;unknown;0
2025-07-02T21:03:00+02:00;55811;50;7;0;unknown;0
2025-07-02T21:03:00+02:00;55814;50;2;0;unknown;0
2025-07-02T21:03:00+02:00;55815;39;1;38;freeFlow;1
2025-07-02T21:03:00+02:00;55820;50;1;0;unknown;0
2025-07-02T21:03:00+02:00;55821;39;3;38;freeFlow;1
2025-07-02T21:03:00+02:00;55822;39;3;38;freeFlow;1
2025-07-02T21:03:00+02:00;55823;50;1;0;unknown;0
2025-07-02T21:03:00+02:00;55824;50;1;0;unknown;0
2025-07-02T21:03:00+02:00;55827;27;3;48;heavy;1
2025-07-02T21:03:00+02:00;55830;27;3;48;heavy;1
2025-07-02T21:03:00+02:00;55841;15;30;75;heavy;2
2025-07-02T21:03:00+02:00;55843;50;1;0;unknown;0
2025-07-02T21:03:00+02:00;55879;53;1;60;freeFlow;1
2025-07-02T21:03:00+02:00;55883;53;1;60;freeFlow;1
2025-07-02T21:03:00+02:00;55887;28;19;60;heavy;1
2025-07-02T21:03:00+02:00;55888;50;12;0;unknown;0
2025-07-02T21:03:00+02:00;55889;11;8;96;congested;3
2025-07-02T21:03:00+02:00;55890;16;6;60;heavy;1
2025-07-02T21:03:00+02:00;55894;56;1;60;freeFlow;1
2025-07-02T21:03:00+02:00;55896;35;2;57;freeFlow;1
2025-07-02T21:03:00+02:00;55898;53;11;60;freeFlow;1
2025-07-02T21:03:00+02:00;55899;12;29;27;congested;1
2025-07-02T21:03:00+02:00;55926_D;31;7;45;heavy;1
2025-07-02T21:03:00+02:00;55926_G;50;5;0;unknown;0
2025-07-02T21:03:00+02:00;55932;50;1;0;unknown;0
2025-07-02T21:03:00+02:00;55933;31;4;45;heavy;1
2025-07-02T21:03:00+02:00;55958;18;4;46;heavy;2
2025-07-02T21:03:00+02:00;55959;41;2;60;freeFlow;1
2025-07-02T21:03:00+02:00;55974;12;4;60;congested;1
2025-07-02T21:03:00+02:00;55975;26;3;60;heavy;1
2025-07-02T21:03:00+02:00;55977;21;7;60;heavy;1
2025-07-02T21:03:00+02:00;55978;28;4;40;heavy;1
2025-07-02T21:03:00+02:00;55980;22;13;55;heavy;1
2025-07-02T21:03:00+02:00;55981;36;7;75;freeFlow;2
2025-07-02T21:03:00+02:00;56019;50;1;0;unknown;0
2025-07-02T21:03:00+02:00;56020;14;4;27;congested;1
2025-07-02T21:03:00+02:00;56113;50;5;0;unknown;0
2025-07-02T21:03:00+02:00;56115;50;4;0;unknown;0
2025-07-02T21:03:00+02:00;56117;32;8;48;heavy;1
2025-07-02T21:03:00+02:00;56118;50;1;0;unknown;0
2025-07-02T21:03:00+02:00;56124;50;1;0;unknown;0
2025-07-02T21:03:00+02:00;56125;50;1;0;unknown;0
2025-07-02T21:03:00+02:00;56126;50;3;0;unknown;0
2025-07-02T21:03:00+02:00;56128;50;1;0;unknown;0
2025-07-02T21:03:00+02:00;56157_D;30;13;0;unknown;0
2025-07-02T21:03:00+02:00;56157_G;30;13;0;unknown;0
2025-07-02T21:03:00+02:00;56165_D;30;2;0;unknown;0
2025-07-02T21:03:00+02:00;56165_G;30;2;0;unknown;0
2025-07-02T21:03:00+02:00;56170;50;1;0;unknown;0
2025-07-02T21:03:00+02:00;56174;50;5;0;unknown;0
2025-07-02T21:03:00+02:00;56175;50;4;0;unknown;0
2025-07-02T21:03:00+02:00;56179;50;2;0;unknown;0
2025-07-02T21:03:00+02:00;56180;50;1;0;unknown;0
2025-07-02T21:03:00+02:00;56181;50;2;0;unknown;0
2025-07-02T21:03:00+02:00;56182;34;3;0;unknown;0
2025-07-02T21:03:00+02:00;56183;50;1;0;unknown;0
2025-07-02T21:03:00+02:00;56218_D;50;3;0;unknown;0
2025-07-02T21:03:00+02:00;56218_G;50;3;0;unknown;0
2025-07-02T21:03:00+02:00;56223;50;1;0;unknown;0
2025-07-02T21:03:00+02:00;56224;50;8;0;unknown;0
2025-07-02T21:03:00+02:00;56225;50;7;0;unknown;0
2025-07-02T21:03:00+02:00;56229;50;3;0;unknown;0
2025-07-02T21:03:00+02:00;56231;50;2;0;unknown;0
2025-07-02T21:03:00+02:00;56232;50;1;0;unknown;0
2025-07-02T21:03:00+02:00;56233;50;9;0;unknown;0
2025-07-02T21:03:00+02:00;56237;50;9;0;unknown;0
2025-07-02T21:03:00+02:00;56239;30;3;0;unknown;0
2025-07-02T21:03:00+02:00;56247;30;1;0;unknown;0
2025-07-02T21:03:00+02:00;56250;24;26;48;freeFlow;1
2025-07-02T21:03:00+02:00;56251;30;21;0;unknown;0
2025-07-02T21:03:00+02:00;56254;30;1;0;unknown;0
2025-07-02T21:03:00+02:00;56255;30;2;0;unknown;0
2025-07-02T21:03:00+02:00;56256;30;1;0;unknown;0
2025-07-02T21:03:00+02:00;56258;30;5;0;unknown;0
2025-07-02T21:03:00+02:00;56260;30;2;0;unknown;0
2025-07-02T21:03:00+02:00;56261;30;2;0;unknown;0
2025-07-02T21:03:00+02:00;56263;30;13;0;unknown;0
2025-07-02T21:03:00+02:00;56264;30;13;0;unknown;0
2025-07-02T21:03:00+02:00;56298;30;1;0;unknown;0
2025-07-02T21:03:00+02:00;56300;24;1;48;freeFlow;1
2025-07-02T21:03:00+02:00;56333;50;2;0;unknown;0
2025-07-02T21:03:00+02:00;565804_D;50;9;0;unknown;0
2025-07-02T21:03:00+02:00;565804_G;30;14;37;heavy;1
2025-07-02T21:03:00+02:00;565852;67;2;75;freeFlow;2
2025-07-02T21:03:00+02:00;565853;90;11;0;unknown;0
2025-07-02T21:03:00+02:00;566240;31;3;38;heavy;1
2025-07-02T21:03:00+02:00;566445_D;30;2;0;unknown;0
2025-07-02T21:03:00+02:00;566445_G;30;3;0;unknown;0
2025-07-02T21:03:00+02:00;566456_D;30;22;0;unknown;0
2025-07-02T21:03:00+02:00;566456_G;30;22;0;unknown;0
2025-07-02T21:03:00+02:00;566457;50;1;0;unknown;0
2025-07-02T21:03:00+02:00;566465_D;30;10;0;unknown;0
2025-07-02T21:03:00+02:00;566465_G;30;10;0;unknown;0
2025-07-02T21:03:00+02:00;56675_D;41;4;40;freeFlow;1
2025-07-02T21:03:00+02:00;56675_G;50;3;0;unknown;0
2025-07-02T21:03:00+02:00;566941;53;2;55;freeFlow;1
2025-07-02T21:03:00+02:00;56871_D;52;3;0;unknown;0
2025-07-02T21:03:00+02:00;56871_G;50;3;0;unknown;0
2025-07-02T21:03:00+02:00;56908_D;50;8;0;unknown;0
2025-07-02T21:03:00+02:00;56908_G;30;13;32;heavy;1
2025-07-02T21:03:00+02:00;56925;86;41;75;freeFlow;2
2025-07-02T21:03:00+02:00;56944_D;30;10;0;unknown;0
2025-07-02T21:03:00+02:00;56944_G;35;9;40;freeFlow;1
2025-07-02T21:03:00+02:00;56945_D;30;8;0;unknown;0
2025-07-02T21:03:00+02:00;56945_G;35;6;40;freeFlow;1
2025-07-02T21:03:00+02:00;57082_G;30;9;0;unknown;0
2025-07-02T21:03:00+02:00;57083_D;48;9;30;freeFlow;1
2025-07-02T21:03:00+02:00;57083_G;30;16;0;unknown;0
2025-07-02T21:03:00+02:00;59724;28;5;27;heavy;1
2025-07-02T21:03:00+02:00;59750_D;40;6;38;freeFlow;2
2025-07-02T21:03:00+02:00;59750_G;38;6;22;freeFlow;1
2025-07-02T21:03:00+02:00;59835_D;50;4;0;unknown;0
2025-07-02T21:03:00+02:00;59835_G;50;4;0;unknown;0
2025-07-02T21:03:00+02:00;59836;50;2;0;unknown;0
2025-07-02T21:03:00+02:00;59837;50;1;0;unknown;0
2025-07-02T21:03:00+02:00;59838;50;3;0;unknown;0
2025-07-02T21:03:00+02:00;62559_D;12;26;0;unknown;0
2025-07-02T21:03:00+02:00;62559_G;34;9;50;heavy;1
2025-07-02T21:03:00+02:00;62560;50;5;0;unknown;0
2025-07-02T21:03:00+02:00;62565_D;50;2;0;unknown;0
2025-07-02T21:03:00+02:00;62565_G;32;2;50;heavy;1
2025-07-02T21:03:00+02:00;62831_D;36;1;40;freeFlow;1
2025-07-02T21:03:00+02:00;62831_G;50;1;0;unknown;0
2025-07-02T21:03:00+02:00;62832_D;35;2;40;heavy;1
2025-07-02T21:03:00+02:00;62832_G;50;1;0;unknown;0
2025-07-02T21:03:00+02:00;63045_D;24;6;0;unknown;0
2025-07-02T21:03:00+02:00;63045_G;39;4;22;freeFlow;1
2025-07-02T21:03:00+02:00;63053_D;50;4;0;unknown;0
2025-07-02T21:03:00+02:00;63053_G;22;10;40;heavy;1
2025-07-02T21:03:00+02:00;63899;64;26;89;freeFlow;3
2025-07-02T21:03:00+02:00;63934;50;1;0;unknown;0
2025-07-02T21:03:00+02:00;63935;56;7;60;freeFlow;1
2025-07-02T21:03:00+02:00;63936;38;14;27;freeFlow;1
2025-07-02T21:03:00+02:00;63939;35;17;27;freeFlow;1
2025-07-02T21:03:00+02:00;63940;28;3;27;heavy;1
2025-07-02T21:03:00+02:00;63941;28;2;27;heavy;1
2025-07-02T21:03:00+02:00;63942;28;2;27;heavy;1
2025-07-02T21:03:00+02:00;63943;28;3;27;heavy;1
2025-07-02T21:03:00+02:00;63944;35;4;60;heavy;1
2025-07-02T21:03:00+02:00;63947;37;3;60;freeFlow;1
2025-07-02T21:03:00+02:00;63950;30;1;60;heavy;1
2025-07-02T21:03:00+02:00;63951;35;2;20;heavy;1
2025-07-02T21:03:00+02:00;63952;35;1;20;heavy;1
2025-07-02T21:03:00+02:00;63953;32;2;20;heavy;1
2025-07-02T21:03:00+02:00;63970;99;10;57;freeFlow;1
2025-07-02T21:03:00+02:00;63973;99;1;57;freeFlow;1
2025-07-02T21:03:00+02:00;64032;57;17;60;freeFlow;1
2025-07-02T21:03:00+02:00;64061_D;30;10;0;unknown;0
2025-07-02T21:03:00+02:00;64061_G;30;11;48;freeFlow;1
2025-07-02T21:03:00+02:00;64637_D;79;5;100;freeFlow;3
2025-07-02T21:03:00+02:00;64637_G;20;21;0;unknown;0
2025-07-02T21:03:00+02:00;65310;50;6;0;unknown;0
2025-07-02T21:03:00+02:00;65313;50;6;0;unknown;0
2025-07-02T21:03:00+02:00;65682;26;44;55;heavy;1
2025-07-02T21:03:00+02:00;66421;50;2;0;unknown;0
2025-07-02T21:03:00+02:00;66442;50;4;0;unknown;0
2025-07-02T21:03:00+02:00;66782;33;11;42;heavy;1
2025-07-02T21:03:00+02:00;67066;50;6;0;unknown;0
2025-07-02T21:03:00+02:00;67097_D;49;7;30;freeFlow;1
2025-07-02T21:03:00+02:00;67097_G;30;12;0;unknown;0
2025-07-02T21:03:00+02:00;69381_D;33;8;40;heavy;1
2025-07-02T21:03:00+02:00;69381_G;50;6;0;unknown;0
2025-07-02T21:03:00+02:00;72487_G;80;31;0;unknown;0
2025-07-02T21:03:00+02:00;72614;50;2;0;unknown;0
2025-07-02T21:03:00+02:00;72621;53;7;75;freeFlow;2
2025-07-02T21:03:00+02:00;72624;37;9;57;freeFlow;1
2025-07-02T21:03:00+02:00;72628;39;1;57;freeFlow;1
2025-07-02T21:03:00+02:00;74283_D;50;15;0;unknown;0
2025-07-02T21:03:00+02:00;74283_G;30;25;50;heavy;1
2025-07-02T21:03:00+02:00;75387;45;2;60;freeFlow;1
2025-07-02T21:03:00+02:00;75631;42;7;57;heavy;1
2025-07-02T21:03:00+02:00;75818_D;35;4;20;heavy;1
2025-07-02T21:03:00+02:00;75818_G;50;2;0;unknown;0
2025-07-02T21:03:00+02:00;75820;91;21;75;freeFlow;2
2025-07-02T21:03:00+02:00;75824;45;10;60;freeFlow;2
2025-07-02T21:03:00+02:00;75825;91;5;100;freeFlow;5
2025-07-02T21:03:00+02:00;75828;67;11;75;freeFlow;2
2025-07-02T21:03:00+02:00;75829;74;9;32;freeFlow;1
2025-07-02T21:03:00+02:00;75832;33;4;60;heavy;1
2025-07-02T21:03:00+02:00;75833;25;8;100;heavy;3
2025-07-02T21:03:00+02:00;75835;25;5;75;heavy;2
2025-07-02T21:03:00+02:00;75836;88;11;57;freeFlow;1
2025-07-02T21:03:00+02:00;75837;40;11;60;freeFlow;1
2025-07-02T21:03:00+02:00;75838;39;7;75;freeFlow;2
2025-07-02T21:03:00+02:00;75839;50;4;0;unknown;0
2025-07-02T21:03:00+02:00;75840;32;6;60;heavy;1
2025-07-02T21:03:00+02:00;75845;27;4;48;heavy;1
2025-07-02T21:03:00+02:00;75846;33;9;74;heavy;2
2025-07-02T21:03:00+02:00;75847;35;17;48;heavy;1
2025-07-02T21:03:00+02:00;75848;41;5;45;freeFlow;1
2025-07-02T21:03:00+02:00;75849;50;5;75;freeFlow;2
2025-07-02T21:03:00+02:00;75850;12;15;60;congested;1
2025-07-02T21:03:00+02:00;75851;41;4;45;freeFlow;1
2025-07-02T21:03:00+02:00;75853;38;2;57;heavy;1
2025-07-02T21:03:00+02:00;75854;38;6;57;heavy;1
2025-07-02T21:03:00+02:00;75856;48;3;73;heavy;2
2025-07-02T21:03:00+02:00;75897;46;20;60;heavy;1
2025-07-02T21:03:00+02:00;9128;85;33;100;freeFlow;4
2025-07-02T21:03:00+02:00;9130;53;14;60;freeFlow;1
2025-07-02T21:03:00+02:00;9131;85;8;75;freeFlow;2
2025-07-02T21:03:00+02:00;9132;66;31;100;freeFlow;3
2025-07-02T21:03:00+02:00;9146;84;4;100;freeFlow;4
2025-07-02T21:03:00+02:00;9178;49;24;72;heavy;2
2025-07-02T21:03:00+02:00;9179;79;23;100;freeFlow;4
2025-07-02T21:03:00+02:00;9180;89;21;60;freeFlow;1
2025-07-02T21:03:00+02:00;9181;64;15;75;freeFlow;2
2025-07-02T21:03:00+02:00;9182;65;3;32;freeFlow;1
2025-07-02T21:03:00+02:00;9183;65;7;32;freeFlow;1
2025-07-02T21:03:00+02:00;9184;90;7;0;unknown;0
2025-07-02T21:03:00+02:00;9245;83;85;60;freeFlow;1
2025-07-02T21:03:00+02:00;9246;75;159;63;heavy;3
2025-07-02T21:03:00+02:00;9380_D;80;23;0;unknown;0
2025-07-02T21:03:00+02:00;9380_G;80;23;0;unknown;0
2025-07-02T21:03:00+02:00;9389;80;1;0;unknown;0
2025-07-02T21:03:00+02:00;9390;80;1;0;unknown;0
2025-07-02T21:03:00+02:00;9391;80;1;0;unknown;0
2025-07-02T21:03:00+02:00;9392;80;1;0;unknown;0
2025-07-02T21:03:00+02:00;1677832;22;14;30;heavy;1
2025-07-02T21:03:00+02:00;1679085_D;27;4;75;heavy;2
2025-07-02T21:03:00+02:00;1679085_G;28;4;38;heavy;1
2025-07-02T21:03:00+02:00;1679794;28;2;38;heavy;1
2025-07-02T21:03:00+02:00;1679795_G;28;3;38;heavy;1
2025-07-02T21:03:00+02:00;1679796;28;1;38;heavy;1
2025-07-02T21:03:00+02:00;1679797_D;52;6;0;unknown;0
2025-07-02T21:03:00+02:00;1679797_G;50;6;0;unknown;0
2025-07-02T21:03:00+02:00;1679798;28;2;38;heavy;1
2025-07-02T21:03:00+02:00;1679800;28;3;75;heavy;2
2025-07-02T21:03:00+02:00;1680335;5;60;35;congested;1
2025-07-02T21:03:00+02:00;1680340;23;5;30;heavy;1
2025-07-02T21:03:00+02:00;213972_D;50;6;0;unknown;0
2025-07-02T21:03:00+02:00;213972_G;99;3;57;freeFlow;1
2025-07-02T21:03:00+02:00;213973_D;50;8;0;unknown;0
2025-07-02T21:03:00+02:00;213973_G;99;4;57;freeFlow;1
2025-07-02T21:03:00+02:00;213974_D;50;4;0;unknown;0
2025-07-02T21:03:00+02:00;213974_G;99;2;57;freeFlow;1
2025-07-02T21:03:00+02:00;26521;98;56;60;freeFlow;1
2025-07-02T21:03:00+02:00;26522;89;37;57;freeFlow;1
2025-07-02T21:03:00+02:00;31304_G;48;23;48;freeFlow;1
2025-07-02T21:03:00+02:00;31328;83;11;10;freeFlow;1
2025-07-02T21:03:00+02:00;31441;107;32;38;freeFlow;1
2025-07-02T21:03:00+02:00;31535;79;9;60;freeFlow;1
2025-07-02T21:03:00+02:00;31552;92;8;22;freeFlow;1
2025-07-02T21:03:00+02:00;31555;74;11;10;freeFlow;1
2025-07-02T21:03:00+02:00;43014_D;55;4;40;freeFlow;1
2025-07-02T21:03:00+02:00;43014_G;25;8;30;heavy;1
2025-07-02T21:03:00+02:00;43105_D;50;5;0;unknown;0
2025-07-02T21:03:00+02:00;43105_G;50;5;0;unknown;0
2025-07-02T21:03:00+02:00;43118_D;35;16;35;heavy;1
2025-07-02T21:03:00+02:00;43118_G;36;15;20;freeFlow;1
2025-07-02T21:03:00+02:00;43124_D;41;9;38;freeFlow;1
2025-07-02T21:03:00+02:00;43124_G;36;11;20;freeFlow;1
2025-07-02T21:03:00+02:00;43125_D;8;33;38;congested;1
2025-07-02T21:03:00+02:00;43125_G;25;10;30;freeFlow;1
2025-07-02T21:03:00+02:00;43126_D;45;11;40;freeFlow;1
2025-07-02T21:03:00+02:00;43126_G;25;20;30;freeFlow;1
2025-07-02T21:03:00+02:00;43147_D;34;8;38;freeFlow;1
2025-07-02T21:03:00+02:00;43147_G;1;225;42;congested;1
2025-07-02T21:03:00+02:00;43336_D;35;8;22;freeFlow;1
2025-07-02T21:03:00+02:00;43336_G;50;6;0;unknown;0
2025-07-02T21:03:00+02:00;43337_D;32;13;25;heavy;1
2025-07-02T21:03:00+02:00;43337_G;50;8;0;unknown;0
2025-07-02T21:03:00+02:00;43338_D;35;5;12;heavy;1
2025-07-02T21:03:00+02:00;43338_G;50;4;0;unknown;0
2025-07-02T21:03:00+02:00;43339_D;23;10;22;heavy;1
2025-07-02T21:03:00+02:00;43339_G;53;4;15;freeFlow;1
2025-07-02T21:03:00+02:00;43340_D;33;2;15;heavy;1
2025-07-02T21:03:00+02:00;43340_G;50;1;0;unknown;0
2025-07-02T21:03:00+02:00;43341_D;33;6;15;heavy;1
2025-07-02T21:03:00+02:00;43341_G;50;4;0;unknown;0
2025-07-02T21:03:00+02:00;43342_D;33;3;15;heavy;1
2025-07-02T21:03:00+02:00;43342_G;50;2;0;unknown;0
2025-07-02T21:03:00+02:00;43343_D;37;9;12;freeFlow;1
2025-07-02T21:03:00+02:00;43343_G;50;7;0;unknown;0
2025-07-02T21:03:00+02:00;43345_D;47;6;12;freeFlow;1
2025-07-02T21:03:00+02:00;43345_G;23;13;17;freeFlow;1
2025-07-02T21:03:00+02:00;43347_D;9;15;12;heavy;1
2025-07-02T21:03:00+02:00;43347_G;24;6;17;freeFlow;1
2025-07-02T21:03:00+02:00;43352_D;45;11;10;freeFlow;1
2025-07-02T21:03:00+02:00;43353_D;43;7;10;freeFlow;1
2025-07-02T21:03:00+02:00;43353_G;31;9;20;freeFlow;1
2025-07-02T21:03:00+02:00;43377_D;3;140;25;congested;1
2025-07-02T21:03:00+02:00;43377_G;30;16;0;unknown;0
2025-07-02T21:03:00+02:00;43379_D;26;9;12;freeFlow;1
2025-07-02T21:03:00+02:00;43379_G;29;8;17;freeFlow;1
2025-07-02T21:03:00+02:00;43413_D;47;4;12;freeFlow;1
2025-07-02T21:03:00+02:00;43413_G;19;9;20;heavy;1
2025-07-02T21:03:00+02:00;43474_D;32;4;75;heavy;2
2025-07-02T21:03:00+02:00;43474_G;35;4;40;freeFlow;1
2025-07-02T21:03:00+02:00;43615_D;32;2;75;freeFlow;2
2025-07-02T21:03:00+02:00;43615_G;35;2;40;freeFlow;1
2025-07-02T21:03:00+02:00;43743_D;50;25;0;unknown;0
2025-07-02T21:03:00+02:00;43746;6;33;32;congested;1
2025-07-02T21:03:00+02:00;43747;22;19;30;freeFlow;1
2025-07-02T21:03:00+02:00;43751;33;18;60;freeFlow;1
2025-07-02T21:03:00+02:00;43774_D;39;5;35;freeFlow;1
2025-07-02T21:03:00+02:00;43774_G;36;6;20;freeFlow;1
2025-07-02T21:03:00+02:00;43775_D;11;35;26;congested;1
2025-07-02T21:03:00+02:00;43775_G;50;8;0;unknown;0
2025-07-02T21:03:00+02:00;43826_D;34;8;35;heavy;1
2025-07-02T21:03:00+02:00;43826_G;50;5;0;unknown;0
2025-07-02T21:03:00+02:00;43971;50;13;0;unknown;0
2025-07-02T21:03:00+02:00;43973;29;9;42;heavy;1
2025-07-02T21:03:00+02:00;44003_G;83;5;60;freeFlow;1
2025-07-02T21:03:00+02:00;44004_D;21;52;74;heavy;2
2025-07-02T21:03:00+02:00;44004_G;83;13;60;freeFlow;1
2025-07-02T21:03:00+02:00;44017_G;43;4;38;freeFlow;1
2025-07-02T21:03:00+02:00;44018_G;43;14;38;freeFlow;1
2025-07-02T21:03:00+02:00;44037_D;30;5;75;heavy;2
2025-07-02T21:03:00+02:00;44037_G;29;6;40;heavy;1
2025-07-02T21:03:00+02:00;44851_D;50;11;0;unknown;0
2025-07-02T21:03:00+02:00;44851_G;99;5;57;freeFlow;1
2025-07-02T21:03:00+02:00;44852_D;50;9;0;unknown;0
2025-07-02T21:03:00+02:00;44852_G;99;5;57;freeFlow;1
2025-07-02T21:03:00+02:00;44854_D;50;1;0;unknown;0
2025-07-02T21:03:00+02:00;44854_G;99;1;57;freeFlow;1
2025-07-02T21:03:00+02:00;44855_D;50;7;0;unknown;0
2025-07-02T21:03:00+02:00;44855_G;99;4;57;freeFlow;1
2025-07-02T21:03:00+02:00;44879;85;16;55;freeFlow;1
2025-07-02T21:03:00+02:00;44897_D;50;5;0;unknown;0
2025-07-02T21:03:00+02:00;44897_G;99;2;57;freeFlow;1
2025-07-02T21:03:00+02:00;44901;70;22;0;unknown;0
2025-07-02T21:03:00+02:00;44939;62;67;65;heavy;3
2025-07-02T21:03:00+02:00;45135_D;35;2;45;freeFlow;1
2025-07-02T21:03:00+02:00;45135_G;9;8;12;congested;1
2025-07-02T21:03:00+02:00;45136_G;45;18;12;freeFlow;1
2025-07-02T21:03:00+02:00;45137_D;55;1;48;freeFlow;1
2025-07-02T21:03:00+02:00;45137_G;49;1;10;freeFlow;1
2025-07-02T21:03:00+02:00;45146;50;8;0;unknown;0
2025-07-02T21:03:00+02:00;45147_D;41;1;27;freeFlow;1
2025-07-02T21:03:00+02:00;45147_G;25;2;30;heavy;1
2025-07-02T21:03:00+02:00;45153;50;8;0;unknown;0
2025-07-02T21:03:00+02:00;45155;50;16;0;unknown;0
2025-07-02T21:03:00+02:00;45213;50;9;0;unknown;0
2025-07-02T21:03:00+02:00;45214;33;8;15;heavy;1
2025-07-02T21:03:00+02:00;45232;50;33;0;unknown;0
2025-07-02T21:03:00+02:00;45233;50;2;0;unknown;0
2025-07-02T21:03:00+02:00;45236_D;50;13;0;unknown;0
2025-07-02T21:03:00+02:00;45242;71;16;92;freeFlow;3
2025-07-02T21:03:00+02:00;45246;58;43;70;heavy;2
2025-07-02T21:03:00+02:00;45247;70;14;0;unknown;0
2025-07-02T21:03:00+02:00;47742_G;31;7;38;heavy;1
2025-07-02T21:03:00+02:00;47744;50;40;0;unknown;0
2025-07-02T21:03:00+02:00;48725;53;2;12;freeFlow;1
2025-07-02T21:03:00+02:00;48736;53;1;12;freeFlow;1
2025-07-02T21:03:00+02:00;48738;53;1;12;freeFlow;1
2025-07-02T21:03:00+02:00;48746;53;7;12;freeFlow;1
2025-07-02T21:03:00+02:00;48751;99;1;57;freeFlow;1
2025-07-02T21:03:00+02:00;48752;99;1;57;freeFlow;1
2025-07-02T21:03:00+02:00;48753;50;2;0;unknown;0
2025-07-02T21:03:00+02:00;48754;50;1;0;unknown;0
2025-07-02T21:03:00+02:00;48764;43;2;0;unknown;0
2025-07-02T21:03:00+02:00;48765;22;11;45;heavy;1
2025-07-02T21:03:00+02:00;48796;23;22;10;heavy;1
2025-07-02T21:03:00+02:00;48915_D;8;16;25;congested;1
2025-07-02T21:03:00+02:00;48915_G;50;2;0;unknown;0
2025-07-02T21:03:00+02:00;48916;4;39;38;congested;1
2025-07-02T21:03:00+02:00;48953_D;49;23;48;freeFlow;1
2025-07-02T21:03:00+02:00;48953_G;46;25;10;freeFlow;1
2025-07-02T21:03:00+02:00;48993_D;23;16;12;heavy;1
2025-07-02T21:03:00+02:00;48993_G;52;7;0;unknown;0
2025-07-02T21:03:00+02:00;49042_D;50;1;0;unknown;0
2025-07-02T21:03:00+02:00;49042_G;99;1;57;freeFlow;1
2025-07-02T21:03:00+02:00;50035_D;31;3;75;heavy;2
2025-07-02T21:03:00+02:00;50035_G;35;2;40;freeFlow;1
2025-07-02T21:03:00+02:00;50087;11;24;32;congested;1
2025-07-02T21:03:00+02:00;50107_D;14;39;25;congested;1
2025-07-02T21:03:00+02:00;50107_G;16;32;38;heavy;1
2025-07-02T21:03:00+02:00;52835_G;25;6;30;heavy;1
2025-07-02T21:03:00+02:00;52850_D;55;2;40;freeFlow;1
2025-07-02T21:03:00+02:00;52850_G;25;6;30;heavy;1
2025-07-02T21:03:00+02:00;52878;35;4;40;freeFlow;1
2025-07-02T21:03:00+02:00;53020_G;43;2;38;freeFlow;1
2025-07-02T21:03:00+02:00;53130_D;11;24;22;congested;1
2025-07-02T21:03:00+02:00;53130_G;50;5;0;unknown;0
2025-07-02T21:03:00+02:00;53375_D;43;2;10;freeFlow;1
2025-07-02T21:03:00+02:00;53375_G;30;3;20;freeFlow;1
2025-07-02T21:03:00+02:00;53427;70;62;75;freeFlow;2
2025-07-02T21:03:00+02:00;53988;33;7;42;heavy;1
2025-07-02T21:03:00+02:00;53989;50;2;0;unknown;0
2025-07-02T21:03:00+02:00;53992_D;45;9;48;freeFlow;1
2025-07-02T21:03:00+02:00;53992_G;35;11;10;freeFlow;1
2025-07-02T21:03:00+02:00;53995;35;2;10;heavy;1
2025-07-02T21:03:00+02:00;53997;19;3;48;heavy;1
2025-07-02T21:03:00+02:00;53999;19;3;48;heavy;1
2025-07-02T21:03:00+02:00;54130;50;31;0;unknown;0
2025-07-02T21:03:00+02:00;54136;50;3;0;unknown;0
2025-07-02T21:03:00+02:00;54219;13;41;45;congested;1
2025-07-02T21:03:00+02:00;54222;23;26;45;heavy;1
2025-07-02T21:03:00+02:00;54235;6;78;60;congested;1
2025-07-02T21:03:00+02:00;54300;36;11;60;freeFlow;1
2025-07-02T21:03:00+02:00;54304_D;35;6;45;freeFlow;1
2025-07-02T21:03:00+02:00;54304_G;10;21;12;congested;1
2025-07-02T21:03:00+02:00;54309;29;30;60;heavy;1
2025-07-02T21:03:00+02:00;54345;22;6;45;heavy;1
2025-07-02T21:03:00+02:00;54352;22;15;48;heavy;1
2025-07-02T21:03:00+02:00;54353;50;3;0;unknown;0
2025-07-02T21:03:00+02:00;54356;38;22;50;freeFlow;1
2025-07-02T21:03:00+02:00;54357;34;8;63;heavy;2
2025-07-02T21:03:00+02:00;54370;50;4;0;unknown;0
2025-07-02T21:03:00+02:00;54373;41;4;60;freeFlow;1
2025-07-02T21:03:00+02:00;54374;67;3;75;freeFlow;2
2025-07-02T21:03:00+02:00;54377;93;12;75;freeFlow;2
2025-07-02T21:03:00+02:00;54396;47;5;27;freeFlow;1
2025-07-02T21:03:00+02:00;54397;47;13;27;freeFlow;1
2025-07-02T21:03:00+02:00;54468;36;4;15;freeFlow;1
2025-07-02T21:03:00+02:00;54470;47;6;30;freeFlow;1
2025-07-02T21:03:00+02:00;56022;50;3;0;unknown;0
2025-07-02T21:03:00+02:00;56598;35;1;10;heavy;1
2025-07-02T21:03:00+02:00;56676_D;20;11;75;heavy;2
2025-07-02T21:03:00+02:00;56868;50;4;0;unknown;0
2025-07-02T21:03:00+02:00;56869;50;3;15;freeFlow;1
2025-07-02T21:03:00+02:00;56894;50;4;0;unknown;0
2025-07-02T21:03:00+02:00;56895;50;23;0;unknown;0
2025-07-02T21:03:00+02:00;56896;47;3;60;freeFlow;1
2025-07-02T21:03:00+02:00;56901;77;28;40;freeFlow;1
2025-07-02T21:03:00+02:00;60284;41;30;60;freeFlow;1
2025-07-02T21:03:00+02:00;63409_D;34;3;12;heavy;1
2025-07-02T21:03:00+02:00;63409_G;52;2;0;unknown;0
2025-07-02T21:03:00+02:00;66896;13;24;48;congested;1
2025-07-02T21:03:00+02:00;69440;50;5;0;unknown;0
2025-07-02T21:03:00+02:00;69442;50;8;0;unknown;0
2025-07-02T21:03:00+02:00;75868;107;7;38;freeFlow;1
2025-07-02T21:03:00+02:00;75908;21;49;30;heavy;1
2025-07-02T21:03:00+02:00;75909;19;52;60;heavy;1
2025-07-02T21:03:00+02:00;44943;72;9;60;freeFlow;1
2025-07-02T21:03:00+02:00;47063;46;13;55;freeFlow;1
2025-07-02T21:03:00+02:00;71455_G;50;3;0;unknown;0
2025-07-02T21:03:00+02:00;75831;52;18;60;freeFlow;1