datetime;predefinedLocationReference;averageVehicleSpeed;travelTime;travelTimeReliability;trafficStatus;vehicleProbeMeasurement
2025-07-02T17:03:00+02:00;10273_D;68;11;100;freeFlow;3
2025-07-02T17:03:00+02:00;10273_G;82;9;57;freeFlow;1
2025-07-02T17:03:00+02:00;10274_D;67;10;100;freeFlow;3
2025-07-02T17:03:00+02:00;10274_G;80;8;57;freeFlow;1
2025-07-02T17:03:00+02:00;10275_D;64;16;100;freeFlow;3
2025-07-02T17:03:00+02:00;10275_G;80;13;55;freeFlow;1
2025-07-02T17:03:00+02:00;10277_D;62;25;100;freeFlow;3
2025-07-02T17:03:00+02:00;10277_G;78;20;55;freeFlow;1
2025-07-02T17:03:00+02:00;10279_D;73;14;75;freeFlow;2
2025-07-02T17:03:00+02:00;10279_G;73;14;55;freeFlow;1
2025-07-02T17:03:00+02:00;10281_D;74;19;75;freeFlow;2
2025-07-02T17:03:00+02:00;10281_G;75;19;55;freeFlow;1
2025-07-02T17:03:00+02:00;10315_D;68;8;100;freeFlow;3
2025-07-02T17:03:00+02:00;10315_G;83;7;57;freeFlow;1
2025-07-02T17:03:00+02:00;11579_D;80;3;0;unknown;0
2025-07-02T17:03:00+02:00;11579_G;59;5;52;freeFlow;1
2025-07-02T17:03:00+02:00;11652;58;24;52;heavy;1
2025-07-02T17:03:00+02:00;11654;59;2;75;freeFlow;2
2025-07-02T17:03:00+02:00;11777_D;24;3;100;heavy;4
2025-07-02T17:03:00+02:00;11777_G;25;2;75;heavy;2
2025-07-02T17:03:00+02:00;11781_D;30;3;0;unknown;0
2025-07-02T17:03:00+02:00;11781_G;13;6;57;heavy;1
2025-07-02T17:03:00+02:00;11784_D;30;2;0;unknown;0
2025-07-02T17:03:00+02:00;11784_G;15;3;55;heavy;1
2025-07-02T17:03:00+02:00;11785_D;30;1;0;unknown;0
2025-07-02T17:03:00+02:00;11785_G;6;6;55;congested;1
2025-07-02T17:03:00+02:00;12060_D;67;11;100;freeFlow;3
2025-07-02T17:03:00+02:00;12060_G;81;9;57;freeFlow;1
2025-07-02T17:03:00+02:00;1242_D;59;2;50;freeFlow;1
2025-07-02T17:03:00+02:00;1242_G;6;22;75;congested;2
2025-07-02T17:03:00+02:00;1285_D;60;1;57;freeFlow;1
2025-07-02T17:03:00+02:00;1285_G;64;1;75;freeFlow;2
2025-07-02T17:03:00+02:00;13514;43;5;60;heavy;1
2025-07-02T17:03:00+02:00;13515;36;4;47;heavy;2
2025-07-02T17:03:00+02:00;13516;45;2;48;heavy;1
2025-07-02T17:03:00+02:00;13549_D;74;5;57;freeFlow;1
2025-07-02T17:03:00+02:00;13549_G;61;6;60;freeFlow;1
2025-07-02T17:03:00+02:00;13557_D;74;5;57;freeFlow;1
2025-07-02T17:03:00+02:00;13557_G;45;8;60;heavy;1
2025-07-02T17:03:00+02:00;14364;120;17;100;freeFlow;3
2025-07-02T17:03:00+02:00;14365;109;19;100;freeFlow;3
2025-07-02T17:03:00+02:00;15029_D;49;50;100;heavy;3
2025-07-02T17:03:00+02:00;15029_G;63;39;100;freeFlow;3
2025-07-02T17:03:00+02:00;15062;45;3;100;heavy;3
2025-07-02T17:03:00+02:00;15063;31;5;94;heavy;4
2025-07-02T17:03:00+02:00;15064;36;4;75;heavy;2
2025-07-02T17:03:00+02:00;15065;44;4;100;heavy;3
2025-07-02T17:03:00+02:00;15066;30;5;69;heavy;2
2025-07-02T17:03:00+02:00;15067_D;65;65;75;freeFlow;2
2025-07-02T17:03:00+02:00;15067_G;68;63;48;freeFlow;2
2025-07-02T17:03:00+02:00;15104_D;76;52;74;freeFlow;3
2025-07-02T17:03:00+02:00;15104_G;83;47;38;freeFlow;1
2025-07-02T17:03:00+02:00;15111;103;3;100;freeFlow;3
2025-07-02T17:03:00+02:00;15113;69;3;57;freeFlow;1
2025-07-02T17:03:00+02:00;15114;69;2;57;freeFlow;1
2025-07-02T17:03:00+02:00;15117;74;2;57;freeFlow;1
2025-07-02T17:03:00+02:00;15118;74;1;57;freeFlow;1
2025-07-02T17:03:00+02:00;15119;47;4;73;heavy;2
2025-07-02T17:03:00+02:00;15120;34;6;52;heavy;1
2025-07-02T17:03:00+02:00;15121;43;2;71;heavy;2
2025-07-02T17:03:00+02:00;15122;29;6;22;heavy;1
2025-07-02T17:03:00+02:00;15124_D;51;17;57;heavy;1
2025-07-02T17:03:00+02:00;15124_G;38;22;22;heavy;1
2025-07-02T17:03:00+02:00;15549_D;57;1;60;freeFlow;1
2025-07-02T17:03:00+02:00;15549_G;20;2;60;heavy;1
2025-07-02T17:03:00+02:00;15550;33;1;100;heavy;4
2025-07-02T17:03:00+02:00;15551;74;153;100;heavy;4
2025-07-02T17:03:00+02:00;1601768;32;12;75;heavy;2
2025-07-02T17:03:00+02:00;1601771;40;6;64;freeFlow;2
2025-07-02T17:03:00+02:00;1601787;33;2;75;heavy;2
2025-07-02T17:03:00+02:00;1601792;31;2;75;freeFlow;2
2025-07-02T17:03:00+02:00;1601794_D;8;17;60;congested;1
2025-07-02T17:03:00+02:00;1601794_G;29;3;27;freeFlow;1
2025-07-02T17:03:00+02:00;1601795;28;17;75;freeFlow;2
2025-07-02T17:03:00+02:00;1601797;50;10;54;freeFlow;2
2025-07-02T17:03:00+02:00;1601798;58;2;42;freeFlow;1
2025-07-02T17:03:00+02:00;1601799;58;1;42;freeFlow;1
2025-07-02T17:03:00+02:00;1601807;31;4;100;heavy;6
2025-07-02T17:03:00+02:00;1601808;52;18;100;freeFlow;3
2025-07-02T17:03:00+02:00;1601810;27;35;75;heavy;2
2025-07-02T17:03:00+02:00;1601812;60;3;100;freeFlow;3
2025-07-02T17:03:00+02:00;1601813_D;70;18;75;freeFlow;2
2025-07-02T17:03:00+02:00;1601813_G;52;24;63;freeFlow;2
2025-07-02T17:03:00+02:00;1601814;63;3;48;freeFlow;1
2025-07-02T17:03:00+02:00;1601815;50;3;73;freeFlow;2
2025-07-02T17:03:00+02:00;1601819;25;2;100;heavy;3
2025-07-02T17:03:00+02:00;1601824;56;3;100;freeFlow;3
2025-07-02T17:03:00+02:00;1601898;81;19;75;freeFlow;2
2025-07-02T17:03:00+02:00;1601931_D;32;8;75;heavy;2
2025-07-02T17:03:00+02:00;1601931_G;21;13;40;heavy;1
2025-07-02T17:03:00+02:00;1602158_D;18;2;60;heavy;1
2025-07-02T17:03:00+02:00;1602158_G;42;1;40;freeFlow;1
2025-07-02T17:03:00+02:00;1602398;31;1;75;heavy;2
2025-07-02T17:03:00+02:00;1626;65;38;100;freeFlow;6
2025-07-02T17:03:00+02:00;1627;24;8;100;heavy;4
2025-07-02T17:03:00+02:00;1628;83;1;60;freeFlow;1
2025-07-02T17:03:00+02:00;1629;45;3;100;freeFlow;4
2025-07-02T17:03:00+02:00;1630;35;3;100;freeFlow;5
2025-07-02T17:03:00+02:00;1631;62;2;60;freeFlow;1
2025-07-02T17:03:00+02:00;1632;46;41;95;heavy;3
2025-07-02T17:03:00+02:00;1633;60;13;42;freeFlow;1
2025-07-02T17:03:00+02:00;1639;54;6;100;freeFlow;4
2025-07-02T17:03:00+02:00;16647_D;73;62;83;freeFlow;3
2025-07-02T17:03:00+02:00;16647_G;72;63;60;freeFlow;1
2025-07-02T17:03:00+02:00;16648_D;86;9;75;freeFlow;2
2025-07-02T17:03:00+02:00;16648_G;83;9;60;freeFlow;1
2025-07-02T17:03:00+02:00;16695_D;69;41;75;freeFlow;2
2025-07-02T17:03:00+02:00;16695_G;50;57;98;heavy;3
2025-07-02T17:03:00+02:00;16701;38;3;65;freeFlow;2
2025-07-02T17:03:00+02:00;16702;43;2;75;freeFlow;2
2025-07-02T17:03:00+02:00;16707_D;43;1;75;freeFlow;2
2025-07-02T17:03:00+02:00;16707_G;29;1;50;heavy;1
2025-07-02T17:03:00+02:00;16744;41;3;100;heavy;3
2025-07-02T17:03:00+02:00;16745;31;4;75;heavy;2
2025-07-02T17:03:00+02:00;16746;21;5;60;congested;1
2025-07-02T17:03:00+02:00;16747;39;5;100;heavy;3
2025-07-02T17:03:00+02:00;16748;33;4;100;heavy;3
2025-07-02T17:03:00+02:00;16749;52;3;75;heavy;2
2025-07-02T17:03:00+02:00;16752_D;50;8;75;heavy;2
2025-07-02T17:03:00+02:00;16752_G;37;11;45;heavy;1
2025-07-02T17:03:00+02:00;1675_D;71;4;12;freeFlow;1
2025-07-02T17:03:00+02:00;1675_G;20;13;73;heavy;2
2025-07-02T17:03:00+02:00;1676;48;10;75;heavy;2
2025-07-02T17:03:00+02:00;16761;43;2;75;freeFlow;2
2025-07-02T17:03:00+02:00;16762;37;2;85;freeFlow;3
2025-07-02T17:03:00+02:00;1677;45;11;100;heavy;3
2025-07-02T17:03:00+02:00;1677109;44;37;100;heavy;5
2025-07-02T17:03:00+02:00;1677110;29;2;60;heavy;1
2025-07-02T17:03:00+02:00;1677175_D;17;85;100;heavy;3
2025-07-02T17:03:00+02:00;1677175_G;32;46;30;freeFlow;1
2025-07-02T17:03:00+02:00;1677180_D;14;3;60;heavy;1
2025-07-02T17:03:00+02:00;1677180_G;27;2;27;freeFlow;1
2025-07-02T17:03:00+02:00;1677184_D;9;77;99;heavy;4
2025-07-02T17:03:00+02:00;1677184_G;15;48;27;heavy;1
2025-07-02T17:03:00+02:00;1677551_D;30;2;0;unknown;0
2025-07-02T17:03:00+02:00;1677551_G;30;2;0;unknown;0
2025-07-02T17:03:00+02:00;1677568_D;50;29;0;unknown;0
2025-07-02T17:03:00+02:00;1677568_G;50;30;0;unknown;0
2025-07-02T17:03:00+02:00;1677569;50;2;0;unknown;0
2025-07-02T17:03:00+02:00;1677687;50;1;0;unknown;0
2025-07-02T17:03:00+02:00;1677691;50;1;0;unknown;0
2025-07-02T17:03:00+02:00;1677693;50;2;0;unknown;0
2025-07-02T17:03:00+02:00;1677695_D;50;14;0;unknown;0
2025-07-02T17:03:00+02:00;1677695_G;50;13;0;unknown;0
2025-07-02T17:03:00+02:00;1677709_D;50;3;0;unknown;0
2025-07-02T17:03:00+02:00;1677709_G;50;4;0;unknown;0
2025-07-02T17:03:00+02:00;1677716_D;50;3;0;unknown;0
2025-07-02T17:03:00+02:00;1677716_G;50;3;0;unknown;0
2025-07-02T17:03:00+02:00;1677730_D;37;29;0;unknown;0
2025-07-02T17:03:00+02:00;1677730_G;50;22;0;unknown;0
2025-07-02T17:03:00+02:00;1677735_D;50;1;0;unknown;0
2025-07-02T17:03:00+02:00;1677735_G;50;1;0;unknown;0
2025-07-02T17:03:00+02:00;1677745_D;50;2;0;unknown;0
2025-07-02T17:03:00+02:00;1677745_G;50;1;0;unknown;0
2025-07-02T17:03:00+02:00;1677785_D;30;9;0;unknown;0
2025-07-02T17:03:00+02:00;1677785_G;30;9;0;unknown;0
2025-07-02T17:03:00+02:00;1677801_D;50;6;0;unknown;0
2025-07-02T17:03:00+02:00;1677801_G;50;6;0;unknown;0
2025-07-02T17:03:00+02:00;1677808_D;50;13;0;unknown;0
2025-07-02T17:03:00+02:00;1677808_G;50;13;0;unknown;0
2025-07-02T17:03:00+02:00;16783;19;5;99;heavy;3
2025-07-02T17:03:00+02:00;16784;35;3;50;heavy;1
2025-07-02T17:03:00+02:00;16785;42;2;75;freeFlow;2
2025-07-02T17:03:00+02:00;1678542;70;30;75;freeFlow;2
2025-07-02T17:03:00+02:00;1678698_D;15;53;25;congested;1
2025-07-02T17:03:00+02:00;1678698_G;49;16;75;freeFlow;2
2025-07-02T17:03:00+02:00;1678750;50;2;0;unknown;0
2025-07-02T17:03:00+02:00;1678763_D;56;3;60;freeFlow;1
2025-07-02T17:03:00+02:00;1678763_G;27;8;60;heavy;1
2025-07-02T17:03:00+02:00;1679092_D;6;35;99;congested;3
2025-07-02T17:03:00+02:00;1679092_G;82;3;27;freeFlow;1
2025-07-02T17:03:00+02:00;1679681;56;14;92;heavy;3
2025-07-02T17:03:00+02:00;1679779;106;3;52;freeFlow;1
2025-07-02T17:03:00+02:00;1679795_D;16;4;55;heavy;1
2025-07-02T17:03:00+02:00;1679822;24;3;100;heavy;5
2025-07-02T17:03:00+02:00;1679825;52;1;75;freeFlow;2
2025-07-02T17:03:00+02:00;1679841;20;49;100;heavy;5
2025-07-02T17:03:00+02:00;1679843;52;1;75;freeFlow;2
2025-07-02T17:03:00+02:00;1679845;24;2;100;heavy;5
2025-07-02T17:03:00+02:00;1679847;52;1;100;freeFlow;3
2025-07-02T17:03:00+02:00;1679859_D;57;8;48;freeFlow;1
2025-07-02T17:03:00+02:00;1679859_G;30;16;0;unknown;0
2025-07-02T17:03:00+02:00;1680014;87;6;100;freeFlow;8
2025-07-02T17:03:00+02:00;1680016;86;14;100;freeFlow;9
2025-07-02T17:03:00+02:00;1680022;91;5;100;freeFlow;8
2025-07-02T17:03:00+02:00;1680024;99;8;100;freeFlow;7
2025-07-02T17:03:00+02:00;1680116;59;2;100;freeFlow;3
2025-07-02T17:03:00+02:00;1680119;61;3;100;freeFlow;3
2025-07-02T17:03:00+02:00;1680121;34;4;75;heavy;2
2025-07-02T17:03:00+02:00;1680122_D;59;31;100;freeFlow;3
2025-07-02T17:03:00+02:00;1680122_G;41;45;75;heavy;2
2025-07-02T17:03:00+02:00;1680123;31;5;75;heavy;2
2025-07-02T17:03:00+02:00;1680337;8;27;57;congested;1
2025-07-02T17:03:00+02:00;1680401_D;64;19;69;freeFlow;2
2025-07-02T17:03:00+02:00;1680401_G;70;18;0;unknown;0
2025-07-02T17:03:00+02:00;1680514_D;50;9;0;unknown;0
2025-07-02T17:03:00+02:00;1680514_G;30;16;30;heavy;1
2025-07-02T17:03:00+02:00;1680539;47;1;65;heavy;2
2025-07-02T17:03:00+02:00;1680541_D;38;11;57;freeFlow;1
2025-07-02T17:03:00+02:00;1680541_G;29;14;50;freeFlow;1
2025-07-02T17:03:00+02:00;1680549_D;40;16;10;freeFlow;1
2025-07-02T17:03:00+02:00;1680549_G;52;12;60;freeFlow;1
2025-07-02T17:03:00+02:00;1680551_D;18;2;50;heavy;1
2025-07-02T17:03:00+02:00;1680551_G;40;1;57;freeFlow;1
2025-07-02T17:03:00+02:00;1680557_D;50;0;0;unknown;0
2025-07-02T17:03:00+02:00;1680557_G;29;1;60;heavy;1
2025-07-02T17:03:00+02:00;1680561_D;50;1;0;unknown;0
2025-07-02T17:03:00+02:00;1680561_G;50;1;0;unknown;0
2025-07-02T17:03:00+02:00;1680567;26;3;55;heavy;1
2025-07-02T17:03:00+02:00;1680569;29;5;60;heavy;1
2025-07-02T17:03:00+02:00;1680573;29;2;60;heavy;1
2025-07-02T17:03:00+02:00;1680574;23;5;72;heavy;2
2025-07-02T17:03:00+02:00;1680575;19;16;50;heavy;1
2025-07-02T17:03:00+02:00;1680576;31;3;57;heavy;1
2025-07-02T17:03:00+02:00;16821_D;55;121;94;heavy;4
2025-07-02T17:03:00+02:00;16821_G;83;80;60;freeFlow;1
2025-07-02T17:03:00+02:00;16830_D;43;19;60;freeFlow;1
2025-07-02T17:03:00+02:00;16830_G;44;18;75;freeFlow;2
2025-07-02T17:03:00+02:00;16831_D;43;3;60;freeFlow;1
2025-07-02T17:03:00+02:00;16831_G;42;3;75;freeFlow;2
2025-07-02T17:03:00+02:00;16832;43;4;60;freeFlow;1
2025-07-02T17:03:00+02:00;16834;50;14;75;freeFlow;2
2025-07-02T17:03:00+02:00;16850_D;56;1;60;freeFlow;1
2025-07-02T17:03:00+02:00;16850_G;29;2;60;heavy;1
2025-07-02T17:03:00+02:00;16851_D;56;3;60;freeFlow;1
2025-07-02T17:03:00+02:00;16851_G;32;4;60;heavy;1
2025-07-02T17:03:00+02:00;16852_D;52;5;60;freeFlow;1
2025-07-02T17:03:00+02:00;16852_G;39;7;60;freeFlow;1
2025-07-02T17:03:00+02:00;16853_D;47;7;60;freeFlow;1
2025-07-02T17:03:00+02:00;16853_G;39;9;60;freeFlow;1
2025-07-02T17:03:00+02:00;16854_D;45;5;60;freeFlow;1
2025-07-02T17:03:00+02:00;16854_G;39;5;60;freeFlow;1
2025-07-02T17:03:00+02:00;16855_D;45;5;60;freeFlow;1
2025-07-02T17:03:00+02:00;16855_G;39;6;60;freeFlow;1
2025-07-02T17:03:00+02:00;16856_D;21;17;60;heavy;1
2025-07-02T17:03:00+02:00;16856_G;39;9;60;freeFlow;1
2025-07-02T17:03:00+02:00;16858_D;25;60;60;heavy;2
2025-07-02T17:03:00+02:00;16858_G;25;59;75;heavy;2
2025-07-02T17:03:00+02:00;16859_D;45;3;45;freeFlow;1
2025-07-02T17:03:00+02:00;16859_G;26;6;75;heavy;2
2025-07-02T17:03:00+02:00;16860_D;21;17;66;heavy;2
2025-07-02T17:03:00+02:00;16860_G;38;9;60;freeFlow;1
2025-07-02T17:03:00+02:00;1690_D;50;6;0;unknown;0
2025-07-02T17:03:00+02:00;1690_G;17;16;70;heavy;2
2025-07-02T17:03:00+02:00;16910_D;58;5;60;freeFlow;1
2025-07-02T17:03:00+02:00;16910_G;28;10;60;heavy;1
2025-07-02T17:03:00+02:00;16967;33;17;100;heavy;8
2025-07-02T17:03:00+02:00;16969;63;1;100;freeFlow;4
2025-07-02T17:03:00+02:00;16986;57;11;100;freeFlow;4
2025-07-02T17:03:00+02:00;16988;49;15;100;freeFlow;4
2025-07-02T17:03:00+02:00;16989;58;8;100;freeFlow;3
2025-07-02T17:03:00+02:00;16990;48;9;100;heavy;8
2025-07-02T17:03:00+02:00;16992;40;34;100;heavy;11
2025-07-02T17:03:00+02:00;16994;35;32;100;heavy;8
2025-07-02T17:03:00+02:00;17;34;6;100;heavy;4
2025-07-02T17:03:00+02:00;1721;25;5;75;heavy;2
2025-07-02T17:03:00+02:00;1722;31;4;52;heavy;1
2025-07-02T17:03:00+02:00;1723;24;6;20;heavy;1
2025-07-02T17:03:00+02:00;1724_D;1;453;60;congested;1
2025-07-02T17:03:00+02:00;1724_G;14;39;60;congested;1
2025-07-02T17:03:00+02:00;1732_D;14;6;60;congested;1
2025-07-02T17:03:00+02:00;1732_G;27;3;60;heavy;1
2025-07-02T17:03:00+02:00;1733_D;26;2;60;heavy;1
2025-07-02T17:03:00+02:00;1733_G;37;1;60;freeFlow;1
2025-07-02T17:03:00+02:00;1734_D;26;14;74;heavy;2
2025-07-02T17:03:00+02:00;1734_G;24;15;20;heavy;1
2025-07-02T17:03:00+02:00;18337;38;2;75;freeFlow;2
2025-07-02T17:03:00+02:00;18391_D;72;3;100;freeFlow;3
2025-07-02T17:03:00+02:00;18391_G;53;5;100;heavy;3
2025-07-02T17:03:00+02:00;1853;44;55;100;heavy;12
2025-07-02T17:03:00+02:00;1855;89;5;100;freeFlow;18
2025-07-02T17:03:00+02:00;1856;90;10;100;freeFlow;18
2025-07-02T17:03:00+02:00;19040;48;2;75;freeFlow;2
2025-07-02T17:03:00+02:00;1910886;33;7;32;heavy;1
2025-07-02T17:03:00+02:00;1911185_D;70;16;0;unknown;0
2025-07-02T17:03:00+02:00;1911185_G;55;21;25;freeFlow;1
2025-07-02T17:03:00+02:00;1911398_D;35;1;25;freeFlow;1
2025-07-02T17:03:00+02:00;1911398_G;30;1;0;unknown;0
2025-07-02T17:03:00+02:00;1911404_D;39;2;60;freeFlow;1
2025-07-02T17:03:00+02:00;1911404_G;47;2;30;freeFlow;1
2025-07-02T17:03:00+02:00;1911418;45;6;100;freeFlow;8
2025-07-02T17:03:00+02:00;1911420;36;2;69;freeFlow;2
2025-07-02T17:03:00+02:00;1911448_D;70;27;0;unknown;0
2025-07-02T17:03:00+02:00;1911448_G;68;28;32;freeFlow;1
2025-07-02T17:03:00+02:00;1911623_D;79;2;60;freeFlow;1
2025-07-02T17:03:00+02:00;1911623_G;51;3;30;freeFlow;1
2025-07-02T17:03:00+02:00;19628;63;4;60;freeFlow;1
2025-07-02T17:03:00+02:00;19629;90;1;0;unknown;0
2025-07-02T17:03:00+02:00;19630;58;3;60;heavy;1
2025-07-02T17:03:00+02:00;19631;66;1;60;freeFlow;1
2025-07-02T17:03:00+02:00;19632;66;1;60;freeFlow;1
2025-07-02T17:03:00+02:00;19633;28;6;100;heavy;3
2025-07-02T17:03:00+02:00;19634;40;2;52;heavy;1
2025-07-02T17:03:00+02:00;19635;77;2;60;freeFlow;1
2025-07-02T17:03:00+02:00;19636;77;2;60;freeFlow;1
2025-07-02T17:03:00+02:00;19637;70;1;0;unknown;0
2025-07-02T17:03:00+02:00;19638;32;4;100;heavy;3
2025-07-02T17:03:00+02:00;19639;24;6;100;heavy;3
2025-07-02T17:03:00+02:00;19640;30;4;100;heavy;3
2025-07-02T17:03:00+02:00;19642;32;4;75;heavy;2
2025-07-02T17:03:00+02:00;19643;30;2;75;heavy;2
2025-07-02T17:03:00+02:00;19644;24;4;100;heavy;3
2025-07-02T17:03:00+02:00;19683;84;23;100;freeFlow;8
2025-07-02T17:03:00+02:00;19684;89;53;100;freeFlow;11
2025-07-02T17:03:00+02:00;19685;110;48;100;freeFlow;7
2025-07-02T17:03:00+02:00;19686;107;16;100;freeFlow;10
2025-07-02T17:03:00+02:00;198;86;53;75;freeFlow;2
2025-07-02T17:03:00+02:00;19825_D;45;72;100;heavy;4
2025-07-02T17:03:00+02:00;19825_G;72;45;75;freeFlow;2
2025-07-02T17:03:00+02:00;19828;48;3;74;freeFlow;2
2025-07-02T17:03:00+02:00;19830;50;2;60;freeFlow;1
2025-07-02T17:03:00+02:00;19832;31;5;99;heavy;4
2025-07-02T17:03:00+02:00;19833;45;2;100;freeFlow;4
2025-07-02T17:03:00+02:00;19841_D;58;25;100;freeFlow;3
2025-07-02T17:03:00+02:00;19841_G;77;19;75;freeFlow;2
2025-07-02T17:03:00+02:00;19842_D;54;7;100;heavy;3
2025-07-02T17:03:00+02:00;19842_G;75;5;75;freeFlow;2
2025-07-02T17:03:00+02:00;20525;41;4;75;heavy;2
2025-07-02T17:03:00+02:00;20526;58;2;75;freeFlow;2
2025-07-02T17:03:00+02:00;20527;29;6;75;heavy;2
2025-07-02T17:03:00+02:00;20528;31;4;75;heavy;2
2025-07-02T17:03:00+02:00;20590_D;74;110;90;freeFlow;3
2025-07-02T17:03:00+02:00;20590_G;57;143;100;freeFlow;4
2025-07-02T17:03:00+02:00;20760_D;59;26;100;freeFlow;3
2025-07-02T17:03:00+02:00;20760_G;23;67;99;heavy;3
2025-07-02T17:03:00+02:00;2216_D;61;50;27;freeFlow;1
2025-07-02T17:03:00+02:00;2216_G;54;56;38;heavy;1
2025-07-02T17:03:00+02:00;2218_D;62;35;44;freeFlow;2
2025-07-02T17:03:00+02:00;2218_G;43;51;55;heavy;2
2025-07-02T17:03:00+02:00;23984_D;26;2;100;heavy;3
2025-07-02T17:03:00+02:00;23984_G;45;1;75;heavy;2
2025-07-02T17:03:00+02:00;24143_D;47;8;100;heavy;4
2025-07-02T17:03:00+02:00;24143_G;23;17;100;congested;3
2025-07-02T17:03:00+02:00;24147_D;49;78;100;heavy;5
2025-07-02T17:03:00+02:00;24147_G;58;66;88;freeFlow;4
2025-07-02T17:03:00+02:00;24148;29;5;100;heavy;4
2025-07-02T17:03:00+02:00;24149;42;3;100;freeFlow;3
2025-07-02T17:03:00+02:00;24150;44;3;100;freeFlow;3
2025-07-02T17:03:00+02:00;24151;41;3;100;freeFlow;3
2025-07-02T17:03:00+02:00;24153_D;44;21;100;heavy;3
2025-07-02T17:03:00+02:00;24153_G;56;17;100;heavy;3
2025-07-02T17:03:00+02:00;24176;47;34;100;heavy;7
2025-07-02T17:03:00+02:00;24178;97;11;100;freeFlow;8
2025-07-02T17:03:00+02:00;24179;84;23;100;freeFlow;7
2025-07-02T17:03:00+02:00;24181_D;45;4;100;freeFlow;4
2025-07-02T17:03:00+02:00;24181_G;57;3;100;freeFlow;4
2025-07-02T17:03:00+02:00;24182;89;13;100;freeFlow;5
2025-07-02T17:03:00+02:00;24184_D;38;15;100;freeFlow;3
2025-07-02T17:03:00+02:00;24184_G;38;16;100;freeFlow;6
2025-07-02T17:03:00+02:00;24259;18;7;100;heavy;5
2025-07-02T17:03:00+02:00;24260;27;6;92;heavy;5
2025-07-02T17:03:00+02:00;24261;29;4;100;heavy;6
2025-07-02T17:03:00+02:00;24262;22;8;91;heavy;6
2025-07-02T17:03:00+02:00;24264_D;27;2;75;heavy;2
2025-07-02T17:03:00+02:00;24264_G;44;1;100;heavy;4
2025-07-02T17:03:00+02:00;24265_D;37;2;100;freeFlow;4
2025-07-02T17:03:00+02:00;24265_G;23;3;100;heavy;4
2025-07-02T17:03:00+02:00;24274_D;30;16;100;heavy;5
2025-07-02T17:03:00+02:00;24274_G;38;13;100;freeFlow;5
2025-07-02T17:03:00+02:00;25687_D;30;7;0;unknown;0
2025-07-02T17:03:00+02:00;25687_G;25;8;57;freeFlow;1
2025-07-02T17:03:00+02:00;25929_D;80;10;0;unknown;0
2025-07-02T17:03:00+02:00;25929_G;71;12;52;freeFlow;1
2025-07-02T17:03:00+02:00;25930;20;8;60;congested;1
2025-07-02T17:03:00+02:00;25931;35;6;98;heavy;4
2025-07-02T17:03:00+02:00;25932;28;6;100;heavy;3
2025-07-02T17:03:00+02:00;25933;30;5;97;heavy;6
2025-07-02T17:03:00+02:00;25934_D;80;3;0;unknown;0
2025-07-02T17:03:00+02:00;25934_G;59;4;52;freeFlow;1
2025-07-02T17:03:00+02:00;25944_D;45;6;100;heavy;3
2025-07-02T17:03:00+02:00;25944_G;20;14;75;congested;2
2025-07-02T17:03:00+02:00;25946_D;58;14;75;freeFlow;2
2025-07-02T17:03:00+02:00;25946_G;53;16;100;heavy;3
2025-07-02T17:03:00+02:00;25947_D;51;38;75;heavy;2
2025-07-02T17:03:00+02:00;25947_G;30;62;100;heavy;4
2025-07-02T17:03:00+02:00;25988_D;30;10;0;unknown;0
2025-07-02T17:03:00+02:00;25988_G;30;10;55;freeFlow;1
2025-07-02T17:03:00+02:00;25989;50;2;0;unknown;0
2025-07-02T17:03:00+02:00;25990;33;3;55;heavy;1
2025-07-02T17:03:00+02:00;25991;33;3;55;heavy;1
2025-07-02T17:03:00+02:00;25992;33;3;55;heavy;1
2025-07-02T17:03:00+02:00;25993_D;30;3;0;unknown;0
2025-07-02T17:03:00+02:00;25993_G;33;3;55;freeFlow;1
2025-07-02T17:03:00+02:00;25994_D;50;4;0;unknown;0
2025-07-02T17:03:00+02:00;25994_G;33;6;55;heavy;1
2025-07-02T17:03:00+02:00;25995_D;50;1;0;unknown;0
2025-07-02T17:03:00+02:00;25995_G;35;1;55;freeFlow;1
2025-07-02T17:03:00+02:00;25996_D;50;5;0;unknown;0
2025-07-02T17:03:00+02:00;25996_G;45;5;55;freeFlow;1
2025-07-02T17:03:00+02:00;25997_D;50;1;0;unknown;0
2025-07-02T17:03:00+02:00;25997_G;45;1;55;freeFlow;1
2025-07-02T17:03:00+02:00;25998_D;50;11;0;unknown;0
2025-07-02T17:03:00+02:00;25998_G;54;10;55;freeFlow;1
2025-07-02T17:03:00+02:00;25999_D;50;8;0;unknown;0
2025-07-02T17:03:00+02:00;25999_G;61;7;55;freeFlow;1
2025-07-02T17:03:00+02:00;26000_D;80;5;0;unknown;0
2025-07-02T17:03:00+02:00;26000_G;68;6;55;freeFlow;1
2025-07-02T17:03:00+02:00;26001_D;80;1;0;unknown;0
2025-07-02T17:03:00+02:00;26001_G;68;1;55;freeFlow;1
2025-07-02T17:03:00+02:00;26002_D;80;5;0;unknown;0
2025-07-02T17:03:00+02:00;26002_G;71;6;55;freeFlow;1
2025-07-02T17:03:00+02:00;26023;70;3;100;freeFlow;4
2025-07-02T17:03:00+02:00;26024;99;47;100;freeFlow;7
2025-07-02T17:03:00+02:00;26025;94;68;100;freeFlow;5
2025-07-02T17:03:00+02:00;26041;18;17;100;heavy;9
2025-07-02T17:03:00+02:00;26043;20;21;75;heavy;2
2025-07-02T17:03:00+02:00;26044;28;16;100;heavy;8
2025-07-02T17:03:00+02:00;26046;22;42;75;heavy;2
2025-07-02T17:03:00+02:00;26047;31;2;100;heavy;8
2025-07-02T17:03:00+02:00;26048;65;33;100;freeFlow;8
2025-07-02T17:03:00+02:00;26049;35;41;99;heavy;4
2025-07-02T17:03:00+02:00;26050;32;11;52;heavy;1
2025-07-02T17:03:00+02:00;26101_D;43;11;75;freeFlow;2
2025-07-02T17:03:00+02:00;26101_G;30;16;0;unknown;0
2025-07-02T17:03:00+02:00;26371_D;5;54;59;congested;1
2025-07-02T17:03:00+02:00;26371_G;17;15;52;heavy;1
2025-07-02T17:03:00+02:00;26389_D;49;16;60;heavy;1
2025-07-02T17:03:00+02:00;26389_G;70;11;0;unknown;0
2025-07-02T17:03:00+02:00;26392_D;16;28;75;heavy;2
2025-07-02T17:03:00+02:00;26392_G;30;14;0;unknown;0
2025-07-02T17:03:00+02:00;26393;50;1;0;unknown;0
2025-07-02T17:03:00+02:00;26394;50;1;0;unknown;0
2025-07-02T17:03:00+02:00;26395;25;3;60;heavy;1
2025-07-02T17:03:00+02:00;26396;36;1;75;freeFlow;2
2025-07-02T17:03:00+02:00;26397_D;37;5;75;freeFlow;2
2025-07-02T17:03:00+02:00;26397_G;50;4;0;unknown;0
2025-07-02T17:03:00+02:00;26402_D;30;9;0;unknown;0
2025-07-02T17:03:00+02:00;26402_G;26;10;57;freeFlow;1
2025-07-02T17:03:00+02:00;26403_D;26;5;57;freeFlow;1
2025-07-02T17:03:00+02:00;26403_G;30;4;0;unknown;0
2025-07-02T17:03:00+02:00;26404_D;17;6;57;heavy;1
2025-07-02T17:03:00+02:00;26404_G;30;3;0;unknown;0
2025-07-02T17:03:00+02:00;26405_D;30;2;0;unknown;0
2025-07-02T17:03:00+02:00;26405_G;21;3;57;freeFlow;1
2025-07-02T17:03:00+02:00;26409_D;49;16;60;heavy;1
2025-07-02T17:03:00+02:00;26409_G;70;11;0;unknown;0
2025-07-02T17:03:00+02:00;26420_D;70;4;0;unknown;0
2025-07-02T17:03:00+02:00;26420_G;70;4;0;unknown;0
2025-07-02T17:03:00+02:00;26422_D;70;11;0;unknown;0
2025-07-02T17:03:00+02:00;26422_G;70;11;0;unknown;0
2025-07-02T17:03:00+02:00;26423_D;70;7;0;unknown;0
2025-07-02T17:03:00+02:00;26423_G;70;7;0;unknown;0
2025-07-02T17:03:00+02:00;26495_D;49;7;65;freeFlow;2
2025-07-02T17:03:00+02:00;26495_G;50;7;0;unknown;0
2025-07-02T17:03:00+02:00;26497_D;48;10;60;freeFlow;1
2025-07-02T17:03:00+02:00;26497_G;62;7;40;freeFlow;1
2025-07-02T17:03:00+02:00;26501;103;22;100;freeFlow;6
2025-07-02T17:03:00+02:00;26573;88;16;100;freeFlow;9
2025-07-02T17:03:00+02:00;26603_D;30;2;0;unknown;0
2025-07-02T17:03:00+02:00;26603_G;23;2;57;freeFlow;1
2025-07-02T17:03:00+02:00;26611_D;16;8;57;heavy;1
2025-07-02T17:03:00+02:00;26611_G;30;4;0;unknown;0
2025-07-02T17:03:00+02:00;26619;42;2;75;freeFlow;2
2025-07-02T17:03:00+02:00;26654;10;51;100;congested;8
2025-07-02T17:03:00+02:00;26656;48;11;52;freeFlow;1
2025-07-02T17:03:00+02:00;26897_D;33;13;60;freeFlow;1
2025-07-02T17:03:00+02:00;26897_G;30;15;0;unknown;0
2025-07-02T17:03:00+02:00;27837_D;16;17;60;heavy;1
2025-07-02T17:03:00+02:00;27837_G;75;4;75;freeFlow;2
2025-07-02T17:03:00+02:00;28032;31;5;75;heavy;2
2025-07-02T17:03:00+02:00;28033;30;5;100;heavy;5
2025-07-02T17:03:00+02:00;282910_D;52;4;75;freeFlow;2
2025-07-02T17:03:00+02:00;282910_G;39;3;40;freeFlow;1
2025-07-02T17:03:00+02:00;28642_D;55;8;100;freeFlow;4
2025-07-02T17:03:00+02:00;28642_G;80;6;75;freeFlow;2
2025-07-02T17:03:00+02:00;28645_D;52;2;100;freeFlow;4
2025-07-02T17:03:00+02:00;28645_G;82;1;75;freeFlow;2
2025-07-02T17:03:00+02:00;28646_D;51;61;100;heavy;4
2025-07-02T17:03:00+02:00;28646_G;82;38;75;freeFlow;2
2025-07-02T17:03:00+02:00;28648_D;55;23;100;heavy;4
2025-07-02T17:03:00+02:00;28648_G;79;16;75;freeFlow;2
2025-07-02T17:03:00+02:00;28649_D;53;17;100;heavy;4
2025-07-02T17:03:00+02:00;28649_G;82;11;60;freeFlow;1
2025-07-02T17:03:00+02:00;28650_D;62;16;100;freeFlow;4
2025-07-02T17:03:00+02:00;28650_G;81;12;60;freeFlow;1
2025-07-02T17:03:00+02:00;28660_D;68;10;100;freeFlow;4
2025-07-02T17:03:00+02:00;28660_G;93;7;100;freeFlow;3
2025-07-02T17:03:00+02:00;28665_D;61;22;100;freeFlow;4
2025-07-02T17:03:00+02:00;28665_G;90;15;75;freeFlow;2
2025-07-02T17:03:00+02:00;28666_D;56;12;100;freeFlow;4
2025-07-02T17:03:00+02:00;28666_G;81;8;75;freeFlow;2
2025-07-02T17:03:00+02:00;28669_D;64;6;32;freeFlow;1
2025-07-02T17:03:00+02:00;28669_G;68;5;50;freeFlow;1
2025-07-02T17:03:00+02:00;28675_D;62;7;32;freeFlow;1
2025-07-02T17:03:00+02:00;28675_G;46;8;50;heavy;1
2025-07-02T17:03:00+02:00;28676_D;64;3;30;freeFlow;1
2025-07-02T17:03:00+02:00;28676_G;73;3;50;freeFlow;1
2025-07-02T17:03:00+02:00;28677_D;64;17;30;freeFlow;1
2025-07-02T17:03:00+02:00;28677_G;84;13;50;freeFlow;1
2025-07-02T17:03:00+02:00;28693_D;55;17;60;heavy;1
2025-07-02T17:03:00+02:00;28693_G;84;11;100;freeFlow;3
2025-07-02T17:03:00+02:00;28854;39;4;99;freeFlow;5
2025-07-02T17:03:00+02:00;28855;35;4;100;heavy;3
2025-07-02T17:03:00+02:00;28865_D;75;27;100;freeFlow;3
2025-07-02T17:03:00+02:00;28865_G;70;28;71;freeFlow;2
2025-07-02T17:03:00+02:00;28866_D;45;16;100;heavy;3
2025-07-02T17:03:00+02:00;28866_G;63;11;55;freeFlow;1
2025-07-02T17:03:00+02:00;28867;38;3;100;freeFlow;6
2025-07-02T17:03:00+02:00;28868;37;3;100;freeFlow;6
2025-07-02T17:03:00+02:00;29;80;18;100;freeFlow;3
2025-07-02T17:03:00+02:00;30;85;7;100;freeFlow;3
2025-07-02T17:03:00+02:00;30020_D;37;57;100;heavy;3
2025-07-02T17:03:00+02:00;30020_G;75;28;60;freeFlow;1
2025-07-02T17:03:00+02:00;30022;79;3;100;freeFlow;11
2025-07-02T17:03:00+02:00;30023;63;81;100;heavy;14
2025-07-02T17:03:00+02:00;30118;33;3;100;heavy;4
2025-07-02T17:03:00+02:00;30351_D;28;2;12;heavy;1
2025-07-02T17:03:00+02:00;30351_G;16;3;60;heavy;1
2025-07-02T17:03:00+02:00;30355_D;24;22;60;heavy;1
2025-07-02T17:03:00+02:00;30355_G;16;32;60;heavy;1
2025-07-02T17:03:00+02:00;30359_D;37;16;69;heavy;2
2025-07-02T17:03:00+02:00;30359_G;16;39;60;congested;1
2025-07-02T17:03:00+02:00;30405;13;6;60;congested;1
2025-07-02T17:03:00+02:00;30406;25;9;75;heavy;2
2025-07-02T17:03:00+02:00;30407;19;6;75;heavy;2
2025-07-02T17:03:00+02:00;30408;13;5;75;congested;2
2025-07-02T17:03:00+02:00;30409;25;5;12;heavy;1
2025-07-02T17:03:00+02:00;30410_D;25;2;75;heavy;2
2025-07-02T17:03:00+02:00;30410_G;25;2;12;heavy;1
2025-07-02T17:03:00+02:00;30411_D;25;12;75;heavy;2
2025-07-02T17:03:00+02:00;30411_G;17;17;60;heavy;1
2025-07-02T17:03:00+02:00;30414_D;19;19;63;heavy;2
2025-07-02T17:03:00+02:00;30414_G;16;25;74;heavy;2
2025-07-02T17:03:00+02:00;30416_D;44;12;60;freeFlow;1
2025-07-02T17:03:00+02:00;30416_G;35;15;60;heavy;1
2025-07-02T17:03:00+02:00;30499_D;34;8;60;freeFlow;1
2025-07-02T17:03:00+02:00;30499_G;17;18;100;heavy;3
2025-07-02T17:03:00+02:00;30501_D;27;9;75;freeFlow;2
2025-07-02T17:03:00+02:00;30501_G;10;28;100;heavy;3
2025-07-02T17:03:00+02:00;30502_D;30;2;60;freeFlow;1
2025-07-02T17:03:00+02:00;30502_G;23;2;60;freeFlow;1
2025-07-02T17:03:00+02:00;30504_D;20;1;60;heavy;1
2025-07-02T17:03:00+02:00;30504_G;9;4;60;heavy;1
2025-07-02T17:03:00+02:00;30508;18;7;60;heavy;1
2025-07-02T17:03:00+02:00;30521_D;35;12;60;freeFlow;1
2025-07-02T17:03:00+02:00;30521_G;29;14;60;heavy;1
2025-07-02T17:03:00+02:00;30522_D;36;3;60;freeFlow;1
2025-07-02T17:03:00+02:00;30522_G;32;3;60;heavy;1
2025-07-02T17:03:00+02:00;30606_D;18;30;75;heavy;2
2025-07-02T17:03:00+02:00;30606_G;32;17;60;heavy;1
2025-07-02T17:03:00+02:00;30608_D;11;15;60;congested;1
2025-07-02T17:03:00+02:00;30608_G;29;5;60;heavy;1
2025-07-02T17:03:00+02:00;30611_D;21;19;75;heavy;2
2025-07-02T17:03:00+02:00;30611_G;22;18;60;heavy;1
2025-07-02T17:03:00+02:00;31;89;5;100;freeFlow;3
2025-07-02T17:03:00+02:00;31286;7;22;57;congested;1
2025-07-02T17:03:00+02:00;31287;19;3;100;heavy;3
2025-07-02T17:03:00+02:00;31288;17;11;75;heavy;2
2025-07-02T17:03:00+02:00;31289;10;10;75;congested;2
2025-07-02T17:03:00+02:00;31300_D;26;1;100;heavy;3
2025-07-02T17:03:00+02:00;31300_G;50;1;42;freeFlow;1
2025-07-02T17:03:00+02:00;31302_D;23;2;60;heavy;1
2025-07-02T17:03:00+02:00;31302_G;16;3;60;heavy;1
2025-07-02T17:03:00+02:00;31304_D;34;32;60;heavy;1
2025-07-02T17:03:00+02:00;31305_D;20;37;100;heavy;3
2025-07-02T17:03:00+02:00;31305_G;48;16;88;freeFlow;3
2025-07-02T17:03:00+02:00;31361_D;30;2;75;heavy;2
2025-07-02T17:03:00+02:00;31361_G;5;8;52;congested;1
2025-07-02T17:03:00+02:00;31444_D;56;44;99;freeFlow;3
2025-07-02T17:03:00+02:00;31444_G;60;41;75;freeFlow;2
2025-07-02T17:03:00+02:00;31448;43;2;100;heavy;3
2025-07-02T17:03:00+02:00;31449;32;5;75;heavy;2
2025-07-02T17:03:00+02:00;31450;25;5;75;heavy;2
2025-07-02T17:03:00+02:00;31451;23;5;60;congested;1
2025-07-02T17:03:00+02:00;31453_D;30;53;100;heavy;3
2025-07-02T17:03:00+02:00;31453_G;62;26;60;freeFlow;1
2025-07-02T17:03:00+02:00;31511;109;14;60;freeFlow;1
2025-07-02T17:03:00+02:00;31512;94;26;100;freeFlow;7
2025-07-02T17:03:00+02:00;31513;93;24;100;freeFlow;7
2025-07-02T17:03:00+02:00;31515;34;3;100;heavy;5
2025-07-02T17:03:00+02:00;31517;35;4;93;heavy;5
2025-07-02T17:03:00+02:00;31520;49;2;100;freeFlow;3
2025-07-02T17:03:00+02:00;31522;40;4;94;freeFlow;3
2025-07-02T17:03:00+02:00;31523_D;39;5;100;freeFlow;3
2025-07-02T17:03:00+02:00;31523_G;40;5;75;freeFlow;2
2025-07-02T17:03:00+02:00;31530_D;41;9;60;heavy;1
2025-07-02T17:03:00+02:00;31530_G;21;18;75;congested;2
2025-07-02T17:03:00+02:00;31532_D;30;6;75;heavy;2
2025-07-02T17:03:00+02:00;31532_G;49;3;75;heavy;2
2025-07-02T17:03:00+02:00;31534;18;21;100;congested;4
2025-07-02T17:03:00+02:00;31536;57;16;100;freeFlow;4
2025-07-02T17:03:00+02:00;31550;88;11;100;freeFlow;7
2025-07-02T17:03:00+02:00;31551;90;8;100;freeFlow;6
2025-07-02T17:03:00+02:00;31553;79;13;100;freeFlow;7
2025-07-02T17:03:00+02:00;31557;75;5;52;freeFlow;1
2025-07-02T17:03:00+02:00;31558_D;67;17;55;freeFlow;1
2025-07-02T17:03:00+02:00;31558_G;54;21;75;freeFlow;2
2025-07-02T17:03:00+02:00;31559;55;8;55;freeFlow;1
2025-07-02T17:03:00+02:00;31561;55;7;55;freeFlow;1
2025-07-02T17:03:00+02:00;31562;50;8;75;freeFlow;2
2025-07-02T17:03:00+02:00;31563;52;8;75;freeFlow;2
2025-07-02T17:03:00+02:00;31568;78;5;85;freeFlow;3
2025-07-02T17:03:00+02:00;31569;89;6;42;freeFlow;1
2025-07-02T17:03:00+02:00;31583_D;76;10;30;freeFlow;1
2025-07-02T17:03:00+02:00;31583_G;92;8;50;freeFlow;1
2025-07-02T17:03:00+02:00;31670_D;29;15;38;heavy;1
2025-07-02T17:03:00+02:00;31670_G;32;14;75;heavy;2
2025-07-02T17:03:00+02:00;31672_D;52;38;100;freeFlow;4
2025-07-02T17:03:00+02:00;31672_G;35;57;53;heavy;2
2025-07-02T17:03:00+02:00;31673;89;14;100;freeFlow;11
2025-07-02T17:03:00+02:00;31674;34;39;100;heavy;8
2025-07-02T17:03:00+02:00;31708_D;26;7;27;freeFlow;1
2025-07-02T17:03:00+02:00;31708_G;8;21;60;congested;1
2025-07-02T17:03:00+02:00;31709_D;35;10;30;freeFlow;1
2025-07-02T17:03:00+02:00;31709_G;11;32;55;heavy;1
2025-07-02T17:03:00+02:00;31716_D;33;6;27;freeFlow;1
2025-07-02T17:03:00+02:00;31716_G;30;7;0;unknown;0
2025-07-02T17:03:00+02:00;31717_D;35;14;25;freeFlow;1
2025-07-02T17:03:00+02:00;31717_G;30;17;0;unknown;0
2025-07-02T17:03:00+02:00;31720_D;42;3;32;freeFlow;1
2025-07-02T17:03:00+02:00;31720_G;79;1;60;freeFlow;1
2025-07-02T17:03:00+02:00;31722_D;79;3;60;freeFlow;1
2025-07-02T17:03:00+02:00;31722_G;46;6;32;freeFlow;1
2025-07-02T17:03:00+02:00;31723;45;4;100;freeFlow;3
2025-07-02T17:03:00+02:00;31724;46;4;100;freeFlow;3
2025-07-02T17:03:00+02:00;31725;33;6;60;heavy;1
2025-07-02T17:03:00+02:00;31726;43;5;100;freeFlow;3
2025-07-02T17:03:00+02:00;31727_D;47;8;60;freeFlow;1
2025-07-02T17:03:00+02:00;31727_G;50;7;30;freeFlow;1
2025-07-02T17:03:00+02:00;31878;30;5;60;heavy;1
2025-07-02T17:03:00+02:00;31879;30;5;100;heavy;3
2025-07-02T17:03:00+02:00;31880;87;3;100;freeFlow;11
2025-07-02T17:03:00+02:00;31881;94;3;38;freeFlow;1
2025-07-02T17:03:00+02:00;31882;45;4;100;heavy;5
2025-07-02T17:03:00+02:00;32;89;14;100;freeFlow;3
2025-07-02T17:03:00+02:00;32118;29;3;100;heavy;7
2025-07-02T17:03:00+02:00;32163_D;35;3;25;freeFlow;1
2025-07-02T17:03:00+02:00;32163_G;30;3;0;unknown;0
2025-07-02T17:03:00+02:00;32165_D;17;5;99;heavy;3
2025-07-02T17:03:00+02:00;32165_G;22;4;60;heavy;1
2025-07-02T17:03:00+02:00;32177_D;53;11;100;heavy;4
2025-07-02T17:03:00+02:00;32177_G;47;13;60;heavy;1
2025-07-02T17:03:00+02:00;32784_D;28;3;75;heavy;2
2025-07-02T17:03:00+02:00;32784_G;20;4;52;heavy;1
2025-07-02T17:03:00+02:00;32785;23;3;52;heavy;1
2025-07-02T17:03:00+02:00;32786;25;3;100;heavy;3
2025-07-02T17:03:00+02:00;32788;21;4;75;heavy;2
2025-07-02T17:03:00+02:00;32790;16;3;55;heavy;1
2025-07-02T17:03:00+02:00;32791;31;3;75;heavy;2
2025-07-02T17:03:00+02:00;32794;10;7;52;congested;1
2025-07-02T17:03:00+02:00;32796;13;5;52;congested;1
2025-07-02T17:03:00+02:00;33;78;32;100;freeFlow;4
2025-07-02T17:03:00+02:00;34;87;30;100;freeFlow;3
2025-07-02T17:03:00+02:00;34744;82;40;100;freeFlow;21
2025-07-02T17:03:00+02:00;34745;85;38;100;freeFlow;6
2025-07-02T17:03:00+02:00;34757_D;50;2;0;unknown;0
2025-07-02T17:03:00+02:00;34757_G;46;2;0;unknown;0
2025-07-02T17:03:00+02:00;34758_D;50;16;0;unknown;0
2025-07-02T17:03:00+02:00;34758_G;46;17;0;unknown;0
2025-07-02T17:03:00+02:00;35;87;61;83;freeFlow;3
2025-07-02T17:03:00+02:00;35072;94;27;100;freeFlow;7
2025-07-02T17:03:00+02:00;35077;82;51;100;freeFlow;19
2025-07-02T17:03:00+02:00;35086;91;45;100;freeFlow;6
2025-07-02T17:03:00+02:00;35092;47;6;100;heavy;9
2025-07-02T17:03:00+02:00;35096;82;20;100;freeFlow;6
2025-07-02T17:03:00+02:00;35098;82;46;100;freeFlow;21
2025-07-02T17:03:00+02:00;35103;50;16;100;freeFlow;4
2025-07-02T17:03:00+02:00;35869_D;50;1;0;unknown;0
2025-07-02T17:03:00+02:00;35869_G;46;1;0;unknown;0
2025-07-02T17:03:00+02:00;35870_D;50;11;0;unknown;0
2025-07-02T17:03:00+02:00;35870_G;46;12;0;unknown;0
2025-07-02T17:03:00+02:00;35940;11;28;15;heavy;1
2025-07-02T17:03:00+02:00;35942;37;2;60;freeFlow;1
2025-07-02T17:03:00+02:00;35943;37;2;60;freeFlow;1
2025-07-02T17:03:00+02:00;35944;30;3;0;unknown;0
2025-07-02T17:03:00+02:00;35945;30;3;0;unknown;0
2025-07-02T17:03:00+02:00;35946_D;37;1;60;freeFlow;1
2025-07-02T17:03:00+02:00;35946_G;30;2;0;unknown;0
2025-07-02T17:03:00+02:00;35947;30;10;0;unknown;0
2025-07-02T17:03:00+02:00;35948;29;8;12;freeFlow;1
2025-07-02T17:03:00+02:00;35949;30;7;15;freeFlow;1
2025-07-02T17:03:00+02:00;35950;35;11;60;freeFlow;1
2025-07-02T17:03:00+02:00;35951;37;4;60;freeFlow;1
2025-07-02T17:03:00+02:00;35952;37;9;60;freeFlow;1
2025-07-02T17:03:00+02:00;35953;37;3;60;freeFlow;1
2025-07-02T17:03:00+02:00;35954;37;2;60;freeFlow;1
2025-07-02T17:03:00+02:00;35955;50;2;0;unknown;0
2025-07-02T17:03:00+02:00;35956;50;1;0;unknown;0
2025-07-02T17:03:00+02:00;35957_D;37;1;60;freeFlow;1
2025-07-02T17:03:00+02:00;35957_G;30;2;0;unknown;0
2025-07-02T17:03:00+02:00;35959_D;37;2;60;freeFlow;1
2025-07-02T17:03:00+02:00;35959_G;30;1;0;unknown;0
2025-07-02T17:03:00+02:00;35960;30;11;0;unknown;0
2025-07-02T17:03:00+02:00;35961;30;16;0;unknown;0
2025-07-02T17:03:00+02:00;35962;30;12;0;unknown;0
2025-07-02T17:03:00+02:00;35963;37;5;60;freeFlow;1
2025-07-02T17:03:00+02:00;35964;37;5;60;freeFlow;1
2025-07-02T17:03:00+02:00;35965;37;16;60;freeFlow;1
2025-07-02T17:03:00+02:00;35971;37;16;60;freeFlow;1
2025-07-02T17:03:00+02:00;35972;31;11;15;freeFlow;1
2025-07-02T17:03:00+02:00;35973;29;8;12;freeFlow;1
2025-07-02T17:03:00+02:00;35985_D;50;1;0;unknown;0
2025-07-02T17:03:00+02:00;35985_G;50;2;0;unknown;0
2025-07-02T17:03:00+02:00;35986_D;50;14;0;unknown;0
2025-07-02T17:03:00+02:00;35986_G;50;15;0;unknown;0
2025-07-02T17:03:00+02:00;35994_D;30;1;0;unknown;0
2025-07-02T17:03:00+02:00;35994_G;30;1;0;unknown;0
2025-07-02T17:03:00+02:00;35998;20;11;60;heavy;1
2025-07-02T17:03:00+02:00;35999;24;8;63;heavy;2
2025-07-02T17:03:00+02:00;36000;32;6;45;heavy;1
2025-07-02T17:03:00+02:00;36001;26;7;71;heavy;2
2025-07-02T17:03:00+02:00;36003_D;37;1;45;freeFlow;1
2025-07-02T17:03:00+02:00;36003_G;32;2;60;heavy;1
2025-07-02T17:03:00+02:00;36004_D;54;39;45;freeFlow;1
2025-07-02T17:03:00+02:00;36004_G;44;48;60;freeFlow;1
2025-07-02T17:03:00+02:00;36005;34;2;60;freeFlow;1
2025-07-02T17:03:00+02:00;36006;17;5;15;heavy;1
2025-07-02T17:03:00+02:00;36007;34;2;60;freeFlow;1
2025-07-02T17:03:00+02:00;36010_D;34;1;60;freeFlow;1
2025-07-02T17:03:00+02:00;36010_G;17;2;15;heavy;1
2025-07-02T17:03:00+02:00;36011;32;9;60;freeFlow;1
2025-07-02T17:03:00+02:00;36012_D;34;2;60;freeFlow;1
2025-07-02T17:03:00+02:00;36012_G;31;2;15;freeFlow;1
2025-07-02T17:03:00+02:00;37200_D;37;7;48;freeFlow;1
2025-07-02T17:03:00+02:00;37200_G;18;14;100;heavy;3
2025-07-02T17:03:00+02:00;37201;36;6;99;freeFlow;3
2025-07-02T17:03:00+02:00;37202;39;8;65;freeFlow;2
2025-07-02T17:03:00+02:00;37203;23;23;96;heavy;3
2025-07-02T17:03:00+02:00;37204_D;54;2;50;freeFlow;1
2025-07-02T17:03:00+02:00;37204_G;45;2;57;freeFlow;1
2025-07-02T17:03:00+02:00;37205_D;46;4;50;freeFlow;1
2025-07-02T17:03:00+02:00;37205_G;45;4;57;freeFlow;1
2025-07-02T17:03:00+02:00;37206_D;29;17;20;heavy;1
2025-07-02T17:03:00+02:00;37206_G;25;20;75;heavy;2
2025-07-02T17:03:00+02:00;37207;20;3;20;heavy;1
2025-07-02T17:03:00+02:00;37208;43;3;57;freeFlow;1
2025-07-02T17:03:00+02:00;37209;20;4;20;heavy;1
2025-07-02T17:03:00+02:00;37210_D;20;2;20;heavy;1
2025-07-02T17:03:00+02:00;37210_G;43;1;57;freeFlow;1
2025-07-02T17:03:00+02:00;37211_D;47;57;22;freeFlow;1
2025-07-02T17:03:00+02:00;37211_G;56;48;100;freeFlow;3
2025-07-02T17:03:00+02:00;37239;28;7;75;freeFlow;2
2025-07-02T17:03:00+02:00;37240;32;5;48;freeFlow;1
2025-07-02T17:03:00+02:00;37241;26;7;73;freeFlow;2
2025-07-02T17:03:00+02:00;37242;15;13;100;heavy;3
2025-07-02T17:03:00+02:00;37243_D;7;12;48;congested;1
2025-07-02T17:03:00+02:00;37243_G;37;3;60;freeFlow;1
2025-07-02T17:03:00+02:00;37244_D;25;3;60;freeFlow;1
2025-07-02T17:03:00+02:00;37244_G;7;9;17;congested;1
2025-07-02T17:03:00+02:00;37246_D;26;4;48;freeFlow;1
2025-07-02T17:03:00+02:00;37246_G;11;8;100;heavy;3
2025-07-02T17:03:00+02:00;37422_D;50;19;0;unknown;0
2025-07-02T17:03:00+02:00;37422_G;46;21;0;unknown;0
2025-07-02T17:03:00+02:00;37467_D;41;10;45;freeFlow;1
2025-07-02T17:03:00+02:00;37467_G;50;8;0;unknown;0
2025-07-02T17:03:00+02:00;37508_D;58;18;42;freeFlow;1
2025-07-02T17:03:00+02:00;37508_G;36;30;75;freeFlow;2
2025-07-02T17:03:00+02:00;37509_D;29;3;42;heavy;1
2025-07-02T17:03:00+02:00;37509_G;16;3;60;heavy;1
2025-07-02T17:03:00+02:00;37564_D;70;22;0;unknown;0
2025-07-02T17:03:00+02:00;37564_G;65;23;32;freeFlow;1
2025-07-02T17:03:00+02:00;37565_D;33;25;32;heavy;1
2025-07-02T17:03:00+02:00;37565_G;26;31;35;heavy;1
2025-07-02T17:03:00+02:00;37586_D;58;1;42;freeFlow;1
2025-07-02T17:03:00+02:00;37586_G;37;2;75;freeFlow;2
2025-07-02T17:03:00+02:00;37588_D;64;8;30;freeFlow;1
2025-07-02T17:03:00+02:00;37588_G;70;8;0;unknown;0
2025-07-02T17:03:00+02:00;37620_D;9;9;42;congested;1
2025-07-02T17:03:00+02:00;37620_G;70;1;0;unknown;0
2025-07-02T17:03:00+02:00;37621;35;5;75;heavy;2
2025-07-02T17:03:00+02:00;37622;58;4;42;freeFlow;1
2025-07-02T17:03:00+02:00;37625_D;39;24;40;freeFlow;1
2025-07-02T17:03:00+02:00;37625_G;50;18;0;unknown;0
2025-07-02T17:03:00+02:00;37665_D;22;4;60;heavy;1
2025-07-02T17:03:00+02:00;37665_G;30;3;60;heavy;1
2025-07-02T17:03:00+02:00;37667;52;24;100;freeFlow;8
2025-07-02T17:03:00+02:00;37668;48;8;60;heavy;1
2025-07-02T17:03:00+02:00;37673;37;10;100;heavy;8
2025-07-02T17:03:00+02:00;37686_D;12;55;100;heavy;3
2025-07-02T17:03:00+02:00;37686_G;31;21;27;freeFlow;1
2025-07-02T17:03:00+02:00;37702_D;50;5;0;unknown;0
2025-07-02T17:03:00+02:00;37702_G;8;30;32;congested;1
2025-07-02T17:03:00+02:00;37706_D;31;2;32;heavy;1
2025-07-02T17:03:00+02:00;37706_G;50;1;0;unknown;0
2025-07-02T17:03:00+02:00;37707_D;22;3;60;heavy;1
2025-07-02T17:03:00+02:00;37707_G;36;2;60;freeFlow;1
2025-07-02T17:03:00+02:00;37708_D;20;46;98;heavy;3
2025-07-02T17:03:00+02:00;37708_G;25;36;100;freeFlow;3
2025-07-02T17:03:00+02:00;37712_D;12;16;74;heavy;2
2025-07-02T17:03:00+02:00;37712_G;36;5;100;freeFlow;4
2025-07-02T17:03:00+02:00;37724;27;5;100;heavy;8
2025-07-02T17:03:00+02:00;37725;21;3;100;heavy;4
2025-07-02T17:03:00+02:00;37726;18;6;100;heavy;8
2025-07-02T17:03:00+02:00;37727;56;2;60;freeFlow;1
2025-07-02T17:03:00+02:00;37728;48;2;60;freeFlow;1
2025-07-02T17:03:00+02:00;37729;55;101;100;heavy;7
2025-07-02T17:03:00+02:00;37730;28;5;100;heavy;6
2025-07-02T17:03:00+02:00;37732;83;44;57;freeFlow;1
2025-07-02T17:03:00+02:00;37737;88;46;100;freeFlow;12
2025-07-02T17:03:00+02:00;37738;27;3;100;heavy;7
2025-07-02T17:03:00+02:00;37739;26;5;100;heavy;8
2025-07-02T17:03:00+02:00;37740;25;6;100;heavy;3
2025-07-02T17:03:00+02:00;37741;32;1;75;heavy;2
2025-07-02T17:03:00+02:00;37742;36;4;100;heavy;3
2025-07-02T17:03:00+02:00;37743;38;3;100;heavy;3
2025-07-02T17:03:00+02:00;37744;36;5;100;heavy;6
2025-07-02T17:03:00+02:00;37745;38;2;75;heavy;2
2025-07-02T17:03:00+02:00;37749;97;40;100;freeFlow;15
2025-07-02T17:03:00+02:00;37750;68;40;100;freeFlow;12
2025-07-02T17:03:00+02:00;37751;54;18;71;freeFlow;2
2025-07-02T17:03:00+02:00;37752;70;9;100;freeFlow;3
2025-07-02T17:03:00+02:00;37753;95;27;100;freeFlow;14
2025-07-02T17:03:00+02:00;37784;56;2;30;freeFlow;1
2025-07-02T17:03:00+02:00;37785;56;2;30;freeFlow;1
2025-07-02T17:03:00+02:00;37786;45;2;45;freeFlow;2
2025-07-02T17:03:00+02:00;37787_D;70;21;0;unknown;0
2025-07-02T17:03:00+02:00;37787_G;55;28;22;freeFlow;1
2025-07-02T17:03:00+02:00;37818;88;53;100;freeFlow;9
2025-07-02T17:03:00+02:00;37819;101;55;100;freeFlow;8
2025-07-02T17:03:00+02:00;37822;98;9;100;freeFlow;5
2025-07-02T17:03:00+02:00;37826;39;1;57;freeFlow;1
2025-07-02T17:03:00+02:00;37827;37;1;100;freeFlow;6
2025-07-02T17:03:00+02:00;37941;85;57;100;freeFlow;18
2025-07-02T17:03:00+02:00;37947;84;8;100;freeFlow;9
2025-07-02T17:03:00+02:00;37948;98;70;99;freeFlow;8
2025-07-02T17:03:00+02:00;37949;93;75;100;freeFlow;12
2025-07-02T17:03:00+02:00;37950;91;8;100;freeFlow;5
2025-07-02T17:03:00+02:00;37970;70;20;100;freeFlow;4
2025-07-02T17:03:00+02:00;38;88;16;100;freeFlow;3
2025-07-02T17:03:00+02:00;38067;97;11;100;freeFlow;8
2025-07-02T17:03:00+02:00;38068;34;6;60;heavy;1
2025-07-02T17:03:00+02:00;38069;59;5;25;freeFlow;1
2025-07-02T17:03:00+02:00;38070;93;9;100;freeFlow;8
2025-07-02T17:03:00+02:00;38310;56;1;30;freeFlow;1
2025-07-02T17:03:00+02:00;38311;56;2;30;freeFlow;1
2025-07-02T17:03:00+02:00;38317;100;1;100;freeFlow;8
2025-07-02T17:03:00+02:00;38318;88;30;100;freeFlow;10
2025-07-02T17:03:00+02:00;38319;93;22;100;freeFlow;10
2025-07-02T17:03:00+02:00;38322;29;6;66;heavy;2
2025-07-02T17:03:00+02:00;38378_D;70;10;0;unknown;0
2025-07-02T17:03:00+02:00;38378_G;71;10;25;freeFlow;1
2025-07-02T17:03:00+02:00;38389_D;70;16;0;unknown;0
2025-07-02T17:03:00+02:00;38389_G;69;16;25;freeFlow;1
2025-07-02T17:03:00+02:00;39061;59;4;60;freeFlow;1
2025-07-02T17:03:00+02:00;39062;45;2;100;heavy;3
2025-07-02T17:03:00+02:00;39063;39;10;72;heavy;4
2025-07-02T17:03:00+02:00;39473;59;34;74;heavy;2
2025-07-02T17:03:00+02:00;39618;93;3;100;freeFlow;9
2025-07-02T17:03:00+02:00;39619;97;3;100;freeFlow;9
2025-07-02T17:03:00+02:00;39720_D;31;40;48;heavy;1
2025-07-02T17:03:00+02:00;39720_G;44;28;60;freeFlow;1
2025-07-02T17:03:00+02:00;39902_D;70;1;0;unknown;0
2025-07-02T17:03:00+02:00;39902_G;71;1;25;freeFlow;1
2025-07-02T17:03:00+02:00;39904_D;70;1;0;unknown;0
2025-07-02T17:03:00+02:00;39904_G;71;1;25;freeFlow;1
2025-07-02T17:03:00+02:00;39906_D;70;7;0;unknown;0
2025-07-02T17:03:00+02:00;39906_G;71;7;25;freeFlow;1
2025-07-02T17:03:00+02:00;40185_D;19;7;100;congested;4
2025-07-02T17:03:00+02:00;40185_G;25;1;75;heavy;2
2025-07-02T17:03:00+02:00;40201;24;1;20;heavy;1
2025-07-02T17:03:00+02:00;40202;24;3;20;heavy;1
2025-07-02T17:03:00+02:00;40203;24;3;60;heavy;1
2025-07-02T17:03:00+02:00;40212_D;53;2;75;heavy;2
2025-07-02T17:03:00+02:00;40212_G;85;1;60;freeFlow;1
2025-07-02T17:03:00+02:00;40213_D;52;1;100;freeFlow;4
2025-07-02T17:03:00+02:00;40213_G;82;1;75;freeFlow;2
2025-07-02T17:03:00+02:00;41631_D;14;15;45;heavy;1
2025-07-02T17:03:00+02:00;41631_G;17;13;60;heavy;1
2025-07-02T17:03:00+02:00;41632_D;55;2;25;freeFlow;1
2025-07-02T17:03:00+02:00;41632_G;30;4;0;unknown;0
2025-07-02T17:03:00+02:00;41652_D;14;16;60;congested;1
2025-07-02T17:03:00+02:00;41683_D;61;17;27;freeFlow;1
2025-07-02T17:03:00+02:00;41683_G;53;20;60;freeFlow;1
2025-07-02T17:03:00+02:00;41709_D;55;8;25;freeFlow;1
2025-07-02T17:03:00+02:00;41709_G;20;23;60;heavy;1
2025-07-02T17:03:00+02:00;41712_D;55;4;25;freeFlow;1
2025-07-02T17:03:00+02:00;41712_G;53;4;60;freeFlow;1
2025-07-02T17:03:00+02:00;41713_D;41;3;75;freeFlow;2
2025-07-02T17:03:00+02:00;41713_G;26;4;60;freeFlow;1
2025-07-02T17:03:00+02:00;41729;20;4;100;heavy;3
2025-07-02T17:03:00+02:00;41730;27;2;38;heavy;1
2025-07-02T17:03:00+02:00;41731;31;2;48;heavy;1
2025-07-02T17:03:00+02:00;41753_D;33;6;75;freeFlow;2
2025-07-02T17:03:00+02:00;41753_G;25;8;60;freeFlow;1
2025-07-02T17:03:00+02:00;41764_D;55;1;25;freeFlow;1
2025-07-02T17:03:00+02:00;41764_G;30;2;0;unknown;0
2025-07-02T17:03:00+02:00;41781;23;3;100;heavy;3
2025-07-02T17:03:00+02:00;41782;21;4;100;heavy;3
2025-07-02T17:03:00+02:00;41783;25;3;100;heavy;5
2025-07-02T17:03:00+02:00;41784;22;3;100;heavy;5
2025-07-02T17:03:00+02:00;41809_D;38;6;75;freeFlow;2
2025-07-02T17:03:00+02:00;41809_G;34;7;60;freeFlow;1
2025-07-02T17:03:00+02:00;41810_D;41;2;60;freeFlow;1
2025-07-02T17:03:00+02:00;41810_G;35;2;60;freeFlow;1
2025-07-02T17:03:00+02:00;41811_D;38;7;72;freeFlow;2
2025-07-02T17:03:00+02:00;41811_G;32;8;60;freeFlow;1
2025-07-02T17:03:00+02:00;41812_D;31;6;42;freeFlow;1
2025-07-02T17:03:00+02:00;41812_G;28;6;60;freeFlow;1
2025-07-02T17:03:00+02:00;41813_D;26;6;42;freeFlow;1
2025-07-02T17:03:00+02:00;41813_G;27;5;60;freeFlow;1
2025-07-02T17:03:00+02:00;41814_D;24;9;42;freeFlow;1
2025-07-02T17:03:00+02:00;41814_G;26;9;60;freeFlow;1
2025-07-02T17:03:00+02:00;41815_D;25;8;42;freeFlow;1
2025-07-02T17:03:00+02:00;41815_G;26;8;60;freeFlow;1
2025-07-02T17:03:00+02:00;41817_D;11;16;45;heavy;1
2025-07-02T17:03:00+02:00;41817_G;24;8;60;freeFlow;1
2025-07-02T17:03:00+02:00;41818_D;22;4;42;freeFlow;1
2025-07-02T17:03:00+02:00;41818_G;25;3;60;freeFlow;1
2025-07-02T17:03:00+02:00;42028;32;15;100;heavy;3
2025-07-02T17:03:00+02:00;42029;28;54;100;heavy;5
2025-07-02T17:03:00+02:00;42030;35;43;100;freeFlow;3
2025-07-02T17:03:00+02:00;42031;33;45;100;heavy;5
2025-07-02T17:03:00+02:00;42047;70;5;0;unknown;0
2025-07-02T17:03:00+02:00;42049;50;2;0;unknown;0
2025-07-02T17:03:00+02:00;42050;77;1;75;freeFlow;2
2025-07-02T17:03:00+02:00;42051;43;12;75;heavy;2
2025-07-02T17:03:00+02:00;42125_D;35;32;38;freeFlow;1
2025-07-02T17:03:00+02:00;42125_G;50;23;0;unknown;0
2025-07-02T17:03:00+02:00;42134;62;38;100;heavy;3
2025-07-02T17:03:00+02:00;42135;45;61;100;heavy;4
2025-07-02T17:03:00+02:00;42206_D;40;23;20;freeFlow;1
2025-07-02T17:03:00+02:00;42238_D;35;10;60;heavy;1
2025-07-02T17:03:00+02:00;42257;90;6;0;unknown;0
2025-07-02T17:03:00+02:00;42273_D;55;3;25;freeFlow;1
2025-07-02T17:03:00+02:00;42273_G;53;4;60;freeFlow;1
2025-07-02T17:03:00+02:00;42293_D;41;1;75;freeFlow;2
2025-07-02T17:03:00+02:00;42293_G;25;2;60;freeFlow;1
2025-07-02T17:03:00+02:00;42307_D;50;15;0;unknown;0
2025-07-02T17:03:00+02:00;42307_G;44;17;57;freeFlow;1
2025-07-02T17:03:00+02:00;42359;32;21;75;heavy;2
2025-07-02T17:03:00+02:00;42375;50;1;0;unknown;0
2025-07-02T17:03:00+02:00;42378_D;41;1;75;freeFlow;2
2025-07-02T17:03:00+02:00;42378_G;31;2;60;freeFlow;1
2025-07-02T17:03:00+02:00;42379;87;31;66;freeFlow;2
2025-07-02T17:03:00+02:00;42383;20;4;100;heavy;3
2025-07-02T17:03:00+02:00;42384;50;1;0;unknown;0
2025-07-02T17:03:00+02:00;42385;28;3;100;heavy;5
2025-07-02T17:03:00+02:00;42386;19;3;100;heavy;5
2025-07-02T17:03:00+02:00;42387;49;4;100;freeFlow;3
2025-07-02T17:03:00+02:00;42388;32;3;86;heavy;5
2025-07-02T17:03:00+02:00;42389;39;4;100;freeFlow;3
2025-07-02T17:03:00+02:00;42390;40;3;100;freeFlow;3
2025-07-02T17:03:00+02:00;42391;50;2;0;unknown;0
2025-07-02T17:03:00+02:00;42392;37;3;100;freeFlow;3
2025-07-02T17:03:00+02:00;42399;27;10;99;heavy;3
2025-07-02T17:03:00+02:00;42401_D;50;26;0;unknown;0
2025-07-02T17:03:00+02:00;42401_G;67;19;48;freeFlow;1
2025-07-02T17:03:00+02:00;42572;24;2;100;heavy;3
2025-07-02T17:03:00+02:00;42573;38;1;75;freeFlow;2
2025-07-02T17:03:00+02:00;42580;46;3;57;heavy;1
2025-07-02T17:03:00+02:00;42595_D;55;3;25;freeFlow;1
2025-07-02T17:03:00+02:00;42595_G;53;3;60;freeFlow;1
2025-07-02T17:03:00+02:00;42603;43;13;75;freeFlow;2
2025-07-02T17:03:00+02:00;42663_D;75;3;27;freeFlow;1
2025-07-02T17:03:00+02:00;42663_G;53;5;60;freeFlow;1
2025-07-02T17:03:00+02:00;42681_D;76;12;27;freeFlow;1
2025-07-02T17:03:00+02:00;42681_G;53;17;60;freeFlow;1
2025-07-02T17:03:00+02:00;42684_D;33;2;60;freeFlow;1
2025-07-02T17:03:00+02:00;42684_G;30;2;0;unknown;0
2025-07-02T17:03:00+02:00;42685;55;48;100;heavy;5
2025-07-02T17:03:00+02:00;42709_D;50;19;0;unknown;0
2025-07-02T17:03:00+02:00;42709_G;50;18;0;unknown;0
2025-07-02T17:03:00+02:00;42777_D;50;3;0;unknown;0
2025-07-02T17:03:00+02:00;42777_G;30;5;57;heavy;1
2025-07-02T17:03:00+02:00;42778_D;50;1;0;unknown;0
2025-07-02T17:03:00+02:00;42778_G;40;2;57;freeFlow;1
2025-07-02T17:03:00+02:00;42779;50;2;0;unknown;0
2025-07-02T17:03:00+02:00;42780_D;50;8;0;unknown;0
2025-07-02T17:03:00+02:00;42780_G;44;9;57;freeFlow;1
2025-07-02T17:03:00+02:00;42938_D;37;8;27;freeFlow;1
2025-07-02T17:03:00+02:00;42938_G;36;8;10;freeFlow;1
2025-07-02T17:03:00+02:00;42939_D;26;9;27;heavy;1
2025-07-02T17:03:00+02:00;42939_G;33;7;10;heavy;1
2025-07-02T17:03:00+02:00;42940_D;59;7;40;freeFlow;1
2025-07-02T17:03:00+02:00;42940_G;34;13;10;heavy;1
2025-07-02T17:03:00+02:00;42941_D;50;3;0;unknown;0
2025-07-02T17:03:00+02:00;42941_G;10;14;35;congested;1
2025-07-02T17:03:00+02:00;42947_D;23;19;27;heavy;1
2025-07-02T17:03:00+02:00;42947_G;50;9;0;unknown;0
2025-07-02T17:03:00+02:00;42948_D;33;7;25;heavy;1
2025-07-02T17:03:00+02:00;42948_G;50;5;0;unknown;0
2025-07-02T17:03:00+02:00;42949_D;27;10;27;heavy;1
2025-07-02T17:03:00+02:00;42949_G;50;5;0;unknown;0
2025-07-02T17:03:00+02:00;42978_D;36;15;25;freeFlow;1
2025-07-02T17:03:00+02:00;42978_G;19;30;40;heavy;1
2025-07-02T17:03:00+02:00;42979_D;36;4;27;freeFlow;1
2025-07-02T17:03:00+02:00;42979_G;29;5;38;heavy;1
2025-07-02T17:03:00+02:00;42983_D;33;12;27;heavy;1
2025-07-02T17:03:00+02:00;42983_G;38;10;10;freeFlow;1
2025-07-02T17:03:00+02:00;42999_D;50;12;0;unknown;0
2025-07-02T17:03:00+02:00;42999_G;25;24;42;heavy;1
2025-07-02T17:03:00+02:00;43000_D;50;5;0;unknown;0
2025-07-02T17:03:00+02:00;43000_G;40;6;40;freeFlow;1
2025-07-02T17:03:00+02:00;43001_D;50;4;0;unknown;0
2025-07-02T17:03:00+02:00;43001_G;37;5;40;freeFlow;1
2025-07-02T17:03:00+02:00;43003_D;50;3;0;unknown;0
2025-07-02T17:03:00+02:00;43003_G;40;4;40;freeFlow;1
2025-07-02T17:03:00+02:00;43027_D;13;20;27;congested;1
2025-07-02T17:03:00+02:00;43027_G;32;8;10;heavy;1
2025-07-02T17:03:00+02:00;43029_D;25;16;27;heavy;1
2025-07-02T17:03:00+02:00;43029_G;50;8;0;unknown;0
2025-07-02T17:03:00+02:00;43046_D;15;20;60;congested;1
2025-07-02T17:03:00+02:00;43046_G;50;6;0;unknown;0
2025-07-02T17:03:00+02:00;43047_D;20;9;22;heavy;1
2025-07-02T17:03:00+02:00;43047_G;50;3;0;unknown;0
2025-07-02T17:03:00+02:00;43048_D;10;26;25;congested;1
2025-07-02T17:03:00+02:00;43048_G;10;25;42;congested;1
2025-07-02T17:03:00+02:00;43049_D;21;5;25;freeFlow;1
2025-07-02T17:03:00+02:00;43049_G;15;8;40;heavy;1
2025-07-02T17:03:00+02:00;43050_D;36;5;27;freeFlow;1
2025-07-02T17:03:00+02:00;43050_G;29;6;38;heavy;1
2025-07-02T17:03:00+02:00;43099;21;4;73;heavy;2
2025-07-02T17:03:00+02:00;43352_G;40;12;60;freeFlow;1
2025-07-02T17:03:00+02:00;43451_D;36;13;42;freeFlow;1
2025-07-02T17:03:00+02:00;43481;35;20;32;freeFlow;1
2025-07-02T17:03:00+02:00;43627;32;20;32;heavy;1
2025-07-02T17:03:00+02:00;43658_D;31;6;40;heavy;1
2025-07-02T17:03:00+02:00;43658_G;19;9;0;unknown;0
2025-07-02T17:03:00+02:00;43718_D;34;4;60;heavy;1
2025-07-02T17:03:00+02:00;43718_G;21;7;15;heavy;1
2025-07-02T17:03:00+02:00;43719_D;41;11;60;freeFlow;1
2025-07-02T17:03:00+02:00;43719_G;15;31;15;congested;1
2025-07-02T17:03:00+02:00;43720_D;37;6;60;freeFlow;1
2025-07-02T17:03:00+02:00;43720_G;50;4;0;unknown;0
2025-07-02T17:03:00+02:00;43724_D;21;19;25;heavy;1
2025-07-02T17:03:00+02:00;43724_G;11;38;42;congested;1
2025-07-02T17:03:00+02:00;43733_D;50;4;0;unknown;0
2025-07-02T17:03:00+02:00;43733_G;39;5;40;freeFlow;1
2025-07-02T17:03:00+02:00;43736_D;41;5;60;freeFlow;1
2025-07-02T17:03:00+02:00;43736_G;50;4;0;unknown;0
2025-07-02T17:03:00+02:00;43739_D;23;14;60;heavy;1
2025-07-02T17:03:00+02:00;43739_G;5;67;38;congested;1
2025-07-02T17:03:00+02:00;43740_D;32;9;60;heavy;1
2025-07-02T17:03:00+02:00;43740_G;42;7;15;freeFlow;1
2025-07-02T17:03:00+02:00;43741_D;29;1;60;heavy;1
2025-07-02T17:03:00+02:00;43741_G;42;0;15;freeFlow;1
2025-07-02T17:03:00+02:00;43742_D;21;16;60;heavy;1
2025-07-02T17:03:00+02:00;43742_G;19;18;17;heavy;1
2025-07-02T17:03:00+02:00;43743_G;10;126;20;congested;1
2025-07-02T17:03:00+02:00;43744_D;21;12;60;heavy;1
2025-07-02T17:03:00+02:00;43744_G;50;5;0;unknown;0
2025-07-02T17:03:00+02:00;43748;17;12;42;heavy;1
2025-07-02T17:03:00+02:00;43757;32;3;45;heavy;1
2025-07-02T17:03:00+02:00;43758;18;16;63;heavy;2
2025-07-02T17:03:00+02:00;43786_D;5;124;0;unknown;0
2025-07-02T17:03:00+02:00;43786_G;6;100;32;congested;1
2025-07-02T17:03:00+02:00;43787_D;50;3;0;unknown;0
2025-07-02T17:03:00+02:00;43787_G;19;7;32;heavy;1
2025-07-02T17:03:00+02:00;43788_D;50;2;0;unknown;0
2025-07-02T17:03:00+02:00;43788_G;43;2;30;freeFlow;1
2025-07-02T17:03:00+02:00;43789_D;50;5;0;unknown;0
2025-07-02T17:03:00+02:00;43789_G;43;7;30;freeFlow;1
2025-07-02T17:03:00+02:00;43790_D;50;5;0;unknown;0
2025-07-02T17:03:00+02:00;43790_G;40;6;30;freeFlow;1
2025-07-02T17:03:00+02:00;43791_D;50;3;0;unknown;0
2025-07-02T17:03:00+02:00;43791_G;30;5;30;heavy;1
2025-07-02T17:03:00+02:00;43792_D;50;7;0;unknown;0
2025-07-02T17:03:00+02:00;43792_G;30;11;30;heavy;1
2025-07-02T17:03:00+02:00;43814_D;41;17;42;freeFlow;1
2025-07-02T17:03:00+02:00;43814_G;22;31;52;heavy;1
2025-07-02T17:03:00+02:00;43815_D;33;11;42;heavy;1
2025-07-02T17:03:00+02:00;43815_G;31;12;60;heavy;1
2025-07-02T17:03:00+02:00;43817_D;8;82;60;congested;1
2025-07-02T17:03:00+02:00;43817_G;5;143;42;congested;1
2025-07-02T17:03:00+02:00;43819;24;19;68;freeFlow;2
2025-07-02T17:03:00+02:00;43821;7;37;48;congested;1
2025-07-02T17:03:00+02:00;43828_D;16;36;32;heavy;1
2025-07-02T17:03:00+02:00;43828_G;20;26;32;heavy;1
2025-07-02T17:03:00+02:00;43835_D;36;10;42;freeFlow;1
2025-07-02T17:03:00+02:00;43835_G;20;17;52;heavy;1
2025-07-02T17:03:00+02:00;43836;28;18;45;heavy;1
2025-07-02T17:03:00+02:00;43871_D;36;6;25;freeFlow;1
2025-07-02T17:03:00+02:00;43871_G;50;4;0;unknown;0
2025-07-02T17:03:00+02:00;43872_D;38;5;25;freeFlow;1
2025-07-02T17:03:00+02:00;43872_G;50;4;0;unknown;0
2025-07-02T17:03:00+02:00;43873_D;35;7;25;heavy;1
2025-07-02T17:03:00+02:00;43873_G;50;5;0;unknown;0
2025-07-02T17:03:00+02:00;43925_D;33;8;25;heavy;1
2025-07-02T17:03:00+02:00;43925_G;50;5;0;unknown;0
2025-07-02T17:03:00+02:00;43937_D;50;6;0;unknown;0
2025-07-02T17:03:00+02:00;43937_G;50;6;0;unknown;0
2025-07-02T17:03:00+02:00;43938_D;50;20;0;unknown;0
2025-07-02T17:03:00+02:00;43938_G;50;20;0;unknown;0
2025-07-02T17:03:00+02:00;43972;26;13;75;heavy;2
2025-07-02T17:03:00+02:00;43974;14;36;99;congested;3
2025-07-02T17:03:00+02:00;43975;41;5;60;freeFlow;1
2025-07-02T17:03:00+02:00;44002_D;19;23;100;heavy;3
2025-07-02T17:03:00+02:00;44002_G;94;5;75;freeFlow;2
2025-07-02T17:03:00+02:00;44003_D;38;11;60;freeFlow;1
2025-07-02T17:03:00+02:00;44012;4;150;67;congested;2
2025-07-02T17:03:00+02:00;44017_D;15;10;70;congested;2
2025-07-02T17:03:00+02:00;44018_D;11;53;73;congested;2
2025-07-02T17:03:00+02:00;44028;30;9;100;heavy;3
2025-07-02T17:03:00+02:00;44036_D;14;8;60;congested;1
2025-07-02T17:03:00+02:00;44036_G;82;1;27;freeFlow;1
2025-07-02T17:03:00+02:00;44066;11;18;38;congested;1
2025-07-02T17:03:00+02:00;44067;40;18;60;freeFlow;1
2025-07-02T17:03:00+02:00;44069;11;18;32;congested;1
2025-07-02T17:03:00+02:00;44084_D;32;8;60;heavy;1
2025-07-02T17:03:00+02:00;44084_G;26;10;60;heavy;1
2025-07-02T17:03:00+02:00;44089_D;46;7;60;freeFlow;1
2025-07-02T17:03:00+02:00;44089_G;42;8;60;freeFlow;1
2025-07-02T17:03:00+02:00;44090_D;48;5;60;freeFlow;1
2025-07-02T17:03:00+02:00;44090_G;42;6;60;freeFlow;1
2025-07-02T17:03:00+02:00;44131;28;22;60;heavy;1
2025-07-02T17:03:00+02:00;44134;42;10;60;freeFlow;1
2025-07-02T17:03:00+02:00;44165_D;19;12;60;heavy;1
2025-07-02T17:03:00+02:00;44165_G;9;26;15;congested;1
2025-07-02T17:03:00+02:00;44198_D;50;14;0;unknown;0
2025-07-02T17:03:00+02:00;44198_G;50;14;0;unknown;0
2025-07-02T17:03:00+02:00;44199_D;24;10;30;heavy;1
2025-07-02T17:03:00+02:00;44199_G;50;5;0;unknown;0
2025-07-02T17:03:00+02:00;44231_D;39;7;15;freeFlow;1
2025-07-02T17:03:00+02:00;44231_G;43;6;69;freeFlow;2
2025-07-02T17:03:00+02:00;44232_D;22;10;60;heavy;1
2025-07-02T17:03:00+02:00;44232_G;42;5;60;freeFlow;1
2025-07-02T17:03:00+02:00;44234_D;22;16;60;heavy;1
2025-07-02T17:03:00+02:00;44234_G;40;9;60;freeFlow;1
2025-07-02T17:03:00+02:00;44259_D;22;5;60;heavy;1
2025-07-02T17:03:00+02:00;44259_G;10;11;60;congested;1
2025-07-02T17:03:00+02:00;44260;54;7;60;freeFlow;1
2025-07-02T17:03:00+02:00;44261_D;50;9;0;unknown;0
2025-07-02T17:03:00+02:00;44261_G;29;16;60;heavy;1
2025-07-02T17:03:00+02:00;44293;14;20;30;congested;1
2025-07-02T17:03:00+02:00;44303_D;58;1;60;freeFlow;1
2025-07-02T17:03:00+02:00;44303_G;50;2;0;unknown;0
2025-07-02T17:03:00+02:00;44304_D;54;8;60;freeFlow;1
2025-07-02T17:03:00+02:00;44304_G;50;9;0;unknown;0
2025-07-02T17:03:00+02:00;44322_D;24;91;73;heavy;2
2025-07-02T17:03:00+02:00;44322_G;33;68;74;heavy;2
2025-07-02T17:03:00+02:00;44328;14;35;30;congested;1
2025-07-02T17:03:00+02:00;44583_D;16;22;73;heavy;2
2025-07-02T17:03:00+02:00;44583_G;33;10;60;heavy;1
2025-07-02T17:03:00+02:00;44584_D;31;16;60;heavy;1
2025-07-02T17:03:00+02:00;44584_G;24;21;60;heavy;1
2025-07-02T17:03:00+02:00;44632_D;33;31;60;heavy;1
2025-07-02T17:03:00+02:00;44632_G;41;25;15;freeFlow;1
2025-07-02T17:03:00+02:00;44694_D;33;18;25;heavy;1
2025-07-02T17:03:00+02:00;44694_G;22;27;60;heavy;1
2025-07-02T17:03:00+02:00;44695_D;35;3;25;heavy;1
2025-07-02T17:03:00+02:00;44695_G;15;7;60;congested;1
2025-07-02T17:03:00+02:00;44711_D;28;23;52;heavy;1
2025-07-02T17:03:00+02:00;44711_G;35;18;38;heavy;1
2025-07-02T17:03:00+02:00;44712_D;27;9;52;heavy;1
2025-07-02T17:03:00+02:00;44712_G;38;6;35;freeFlow;1
2025-07-02T17:03:00+02:00;44714_D;31;2;52;heavy;1
2025-07-02T17:03:00+02:00;44714_G;15;4;38;congested;1
2025-07-02T17:03:00+02:00;44736_D;32;3;60;heavy;1
2025-07-02T17:03:00+02:00;44736_G;40;2;60;freeFlow;1
2025-07-02T17:03:00+02:00;44868;55;8;60;freeFlow;1
2025-07-02T17:03:00+02:00;44873;76;2;50;freeFlow;1
2025-07-02T17:03:00+02:00;44874;63;6;100;freeFlow;6
2025-07-02T17:03:00+02:00;44875;53;8;55;freeFlow;1
2025-07-02T17:03:00+02:00;44877;60;7;100;freeFlow;4
2025-07-02T17:03:00+02:00;44878;73;13;10;freeFlow;1
2025-07-02T17:03:00+02:00;44880;92;16;100;freeFlow;5
2025-07-02T17:03:00+02:00;44882;82;12;100;freeFlow;4
2025-07-02T17:03:00+02:00;44884;15;89;75;congested;2
2025-07-02T17:03:00+02:00;44900;45;34;60;heavy;1
2025-07-02T17:03:00+02:00;44902_D;50;33;0;unknown;0
2025-07-02T17:03:00+02:00;44902_G;50;33;0;unknown;0
2025-07-02T17:03:00+02:00;44905;61;11;100;freeFlow;5
2025-07-02T17:03:00+02:00;44920;61;4;100;heavy;14
2025-07-02T17:03:00+02:00;44942;62;18;75;freeFlow;2
2025-07-02T17:03:00+02:00;44948;75;14;100;freeFlow;5
2025-07-02T17:03:00+02:00;44961;20;16;100;heavy;7
2025-07-02T17:03:00+02:00;44962;30;8;0;unknown;0
2025-07-02T17:03:00+02:00;44963;24;4;32;heavy;1
2025-07-02T17:03:00+02:00;44966;80;12;100;freeFlow;8
2025-07-02T17:03:00+02:00;44974;33;4;100;heavy;14
2025-07-02T17:03:00+02:00;45012_D;29;2;10;heavy;1
2025-07-02T17:03:00+02:00;45012_G;23;3;60;heavy;1
2025-07-02T17:03:00+02:00;45028_D;32;27;12;heavy;1
2025-07-02T17:03:00+02:00;45028_G;52;17;60;freeFlow;1
2025-07-02T17:03:00+02:00;45029_D;32;11;12;heavy;1
2025-07-02T17:03:00+02:00;45029_G;52;7;60;freeFlow;1
2025-07-02T17:03:00+02:00;45106_D;45;3;10;freeFlow;1
2025-07-02T17:03:00+02:00;45106_G;52;3;60;freeFlow;1
2025-07-02T17:03:00+02:00;45136_D;20;39;60;heavy;1
2025-07-02T17:03:00+02:00;45149;106;5;52;freeFlow;1
2025-07-02T17:03:00+02:00;45166;106;0;52;freeFlow;1
2025-07-02T17:03:00+02:00;45169;25;4;100;heavy;4
2025-07-02T17:03:00+02:00;45236_G;57;9;52;freeFlow;1
2025-07-02T17:03:00+02:00;45238;50;12;52;freeFlow;1
2025-07-02T17:03:00+02:00;45239;51;10;55;freeFlow;1
2025-07-02T17:03:00+02:00;45240;68;7;60;freeFlow;1
2025-07-02T17:03:00+02:00;45241;67;2;60;freeFlow;1
2025-07-02T17:03:00+02:00;45305;80;4;60;freeFlow;1
2025-07-02T17:03:00+02:00;45306;76;8;60;freeFlow;1
2025-07-02T17:03:00+02:00;45327;91;6;100;freeFlow;8
2025-07-02T17:03:00+02:00;45486_D;34;6;48;heavy;1
2025-07-02T17:03:00+02:00;45487_D;29;8;48;heavy;1
2025-07-02T17:03:00+02:00;45630;46;24;100;heavy;16
2025-07-02T17:03:00+02:00;45645_D;51;11;60;freeFlow;1
2025-07-02T17:03:00+02:00;45651;38;4;60;freeFlow;1
2025-07-02T17:03:00+02:00;45761_D;38;8;57;freeFlow;1
2025-07-02T17:03:00+02:00;45865_D;50;7;0;unknown;0
2025-07-02T17:03:00+02:00;46053_D;31;12;75;heavy;2
2025-07-02T17:03:00+02:00;46056_D;51;2;60;freeFlow;1
2025-07-02T17:03:00+02:00;46061;50;4;0;unknown;0
2025-07-02T17:03:00+02:00;46567_D;17;5;48;heavy;1
2025-07-02T17:03:00+02:00;46642;50;5;0;unknown;0
2025-07-02T17:03:00+02:00;46771;95;9;100;freeFlow;8
2025-07-02T17:03:00+02:00;46821_D;20;40;75;heavy;2
2025-07-02T17:03:00+02:00;46821_G;28;29;40;heavy;1
2025-07-02T17:03:00+02:00;46923_D;45;1;75;freeFlow;2
2025-07-02T17:03:00+02:00;46923_G;66;0;0;unknown;0
2025-07-02T17:03:00+02:00;46976;25;8;0;unknown;0
2025-07-02T17:03:00+02:00;47029;10;39;60;congested;1
2025-07-02T17:03:00+02:00;47061;45;40;100;heavy;11
2025-07-02T17:03:00+02:00;47239;76;7;100;freeFlow;10
2025-07-02T17:03:00+02:00;47410;48;28;100;heavy;8
2025-07-02T17:03:00+02:00;47411;91;14;100;freeFlow;9
2025-07-02T17:03:00+02:00;47412;46;1;100;heavy;3
2025-07-02T17:03:00+02:00;47413;48;10;100;heavy;3
2025-07-02T17:03:00+02:00;47414;130;0;20;freeFlow;1
2025-07-02T17:03:00+02:00;47416;45;27;100;heavy;10
2025-07-02T17:03:00+02:00;47418;88;17;100;freeFlow;10
2025-07-02T17:03:00+02:00;47420;32;30;59;heavy;1
2025-07-02T17:03:00+02:00;47476;87;7;40;freeFlow;1
2025-07-02T17:03:00+02:00;47477;41;4;60;heavy;1
2025-07-02T17:03:00+02:00;47479;62;16;100;freeFlow;3
2025-07-02T17:03:00+02:00;47480;37;121;100;heavy;10
2025-07-02T17:03:00+02:00;47481;90;51;100;freeFlow;12
2025-07-02T17:03:00+02:00;47537_D;50;6;0;unknown;0
2025-07-02T17:03:00+02:00;47537_G;42;7;30;freeFlow;1
2025-07-02T17:03:00+02:00;47742_D;15;16;70;congested;2
2025-07-02T17:03:00+02:00;48758;26;4;60;heavy;1
2025-07-02T17:03:00+02:00;48759;27;2;75;heavy;2
2025-07-02T17:03:00+02:00;48920_D;14;18;27;congested;1
2025-07-02T17:03:00+02:00;48920_G;50;5;0;unknown;0
2025-07-02T17:03:00+02:00;489866_D;35;4;60;heavy;1
2025-07-02T17:03:00+02:00;489970;40;23;75;heavy;2
2025-07-02T17:03:00+02:00;489971;44;3;100;heavy;3
2025-07-02T17:03:00+02:00;489972;37;12;100;heavy;11
2025-07-02T17:03:00+02:00;490059_D;48;19;40;heavy;1
2025-07-02T17:03:00+02:00;490059_G;70;13;0;unknown;0
2025-07-02T17:03:00+02:00;490080_D;54;1;40;freeFlow;1
2025-07-02T17:03:00+02:00;490080_G;50;1;0;unknown;0
2025-07-02T17:03:00+02:00;49026;106;1;52;freeFlow;1
2025-07-02T17:03:00+02:00;49053;11;48;82;congested;3
2025-07-02T17:03:00+02:00;490823;56;13;75;freeFlow;2
2025-07-02T17:03:00+02:00;490824;43;9;60;heavy;1
2025-07-02T17:03:00+02:00;490825;68;11;100;freeFlow;3
2025-07-02T17:03:00+02:00;490827;63;6;100;freeFlow;3
2025-07-02T17:03:00+02:00;490828_D;6;83;100;congested;3
2025-07-02T17:03:00+02:00;490828_G;48;11;100;freeFlow;4
2025-07-02T17:03:00+02:00;491005_D;4;39;12;congested;1
2025-07-02T17:03:00+02:00;491005_G;52;3;60;freeFlow;1
2025-07-02T17:03:00+02:00;491126_D;7;63;100;congested;3
2025-07-02T17:03:00+02:00;491126_G;54;8;100;freeFlow;3
2025-07-02T17:03:00+02:00;491135;20;7;100;heavy;5
2025-07-02T17:03:00+02:00;491141;23;4;100;heavy;8
2025-07-02T17:03:00+02:00;491300_D;7;87;0;unknown;0
2025-07-02T17:03:00+02:00;491300_G;40;16;60;freeFlow;1
2025-07-02T17:03:00+02:00;491308;13;4;60;congested;1
2025-07-02T17:03:00+02:00;491320_D;17;16;10;heavy;1
2025-07-02T17:03:00+02:00;491320_G;44;6;60;freeFlow;1
2025-07-02T17:03:00+02:00;491326_D;17;31;10;heavy;1
2025-07-02T17:03:00+02:00;491326_G;39;14;60;freeFlow;1
2025-07-02T17:03:00+02:00;491329_D;1;151;60;congested;1
2025-07-02T17:03:00+02:00;491329_G;3;61;60;congested;1
2025-07-02T17:03:00+02:00;491490;39;6;42;freeFlow;1
2025-07-02T17:03:00+02:00;491714_D;49;5;75;freeFlow;2
2025-07-02T17:03:00+02:00;491714_G;39;6;40;freeFlow;1
2025-07-02T17:03:00+02:00;491735_D;52;2;75;freeFlow;2
2025-07-02T17:03:00+02:00;491735_G;39;4;40;freeFlow;1
2025-07-02T17:03:00+02:00;491794_D;53;3;15;freeFlow;1
2025-07-02T17:03:00+02:00;491794_G;50;3;0;unknown;0
2025-07-02T17:03:00+02:00;491872;100;7;75;freeFlow;2
2025-07-02T17:03:00+02:00;491877;100;1;75;freeFlow;2
2025-07-02T17:03:00+02:00;491881;100;0;75;freeFlow;2
2025-07-02T17:03:00+02:00;491884;34;2;60;heavy;1
2025-07-02T17:03:00+02:00;491888;50;18;75;heavy;2
2025-07-02T17:03:00+02:00;491890;100;1;75;freeFlow;2
2025-07-02T17:03:00+02:00;491917;38;3;17;heavy;1
2025-07-02T17:03:00+02:00;49225_D;50;6;0;unknown;0
2025-07-02T17:03:00+02:00;49225_G;48;7;40;freeFlow;1
2025-07-02T17:03:00+02:00;492315_D;34;43;100;heavy;3
2025-07-02T17:03:00+02:00;492315_G;40;37;60;freeFlow;1
2025-07-02T17:03:00+02:00;492351_D;9;14;60;congested;1
2025-07-02T17:03:00+02:00;492359_G;52;5;60;freeFlow;1
2025-07-02T17:03:00+02:00;492437;41;5;38;freeFlow;1
2025-07-02T17:03:00+02:00;492442;25;1;100;heavy;4
2025-07-02T17:03:00+02:00;492445_D;16;37;40;heavy;1
2025-07-02T17:03:00+02:00;492478;36;4;82;freeFlow;4
2025-07-02T17:03:00+02:00;492492;41;8;75;heavy;2
2025-07-02T17:03:00+02:00;49315_D;50;4;0;unknown;0
2025-07-02T17:03:00+02:00;49315_G;16;11;32;heavy;1
2025-07-02T17:03:00+02:00;49943_D;44;16;60;freeFlow;1
2025-07-02T17:03:00+02:00;49943_G;42;16;60;freeFlow;1
2025-07-02T17:03:00+02:00;49947;5;38;48;congested;1
2025-07-02T17:03:00+02:00;49958_D;22;13;22;heavy;1
2025-07-02T17:03:00+02:00;49958_G;36;8;35;freeFlow;1
2025-07-02T17:03:00+02:00;50308_D;11;23;60;congested;1
2025-07-02T17:03:00+02:00;50441;37;7;60;freeFlow;1
2025-07-02T17:03:00+02:00;50525;29;8;75;heavy;2
2025-07-02T17:03:00+02:00;50571;49;2;75;freeFlow;2
2025-07-02T17:03:00+02:00;50625;49;4;75;freeFlow;2
2025-07-02T17:03:00+02:00;5064_D;75;7;75;freeFlow;2
2025-07-02T17:03:00+02:00;5064_G;70;7;52;freeFlow;1
2025-07-02T17:03:00+02:00;51419;25;30;45;heavy;1
2025-07-02T17:03:00+02:00;51474_D;50;1;0;unknown;0
2025-07-02T17:03:00+02:00;51474_G;36;2;30;freeFlow;1
2025-07-02T17:03:00+02:00;51798;47;2;60;freeFlow;1
2025-07-02T17:03:00+02:00;52107_D;32;14;75;heavy;2
2025-07-02T17:03:00+02:00;52107_G;21;23;40;heavy;1
2025-07-02T17:03:00+02:00;52129;50;6;0;unknown;0
2025-07-02T17:03:00+02:00;52835_D;17;9;75;heavy;2
2025-07-02T17:03:00+02:00;53020_D;14;7;70;congested;2
2025-07-02T17:03:00+02:00;53327_D;38;9;25;freeFlow;1
2025-07-02T17:03:00+02:00;53327_G;54;7;75;freeFlow;2
2025-07-02T17:03:00+02:00;53411_G;21;17;60;heavy;1
2025-07-02T17:03:00+02:00;53428;59;79;100;heavy;11
2025-07-02T17:03:00+02:00;53539_D;40;5;60;freeFlow;1
2025-07-02T17:03:00+02:00;53566;50;2;0;unknown;0
2025-07-02T17:03:00+02:00;53623;38;3;73;freeFlow;2
2025-07-02T17:03:00+02:00;53624;43;2;73;freeFlow;2
2025-07-02T17:03:00+02:00;53625;39;2;57;freeFlow;1
2025-07-02T17:03:00+02:00;53634_D;30;2;0;unknown;0
2025-07-02T17:03:00+02:00;53634_G;30;2;0;unknown;0
2025-07-02T17:03:00+02:00;53641_D;50;9;0;unknown;0
2025-07-02T17:03:00+02:00;53641_G;50;9;0;unknown;0
2025-07-02T17:03:00+02:00;53652;8;93;60;congested;1
2025-07-02T17:03:00+02:00;53659;17;11;60;heavy;1
2025-07-02T17:03:00+02:00;53702;50;8;100;heavy;11
2025-07-02T17:03:00+02:00;53892;18;4;100;heavy;3
2025-07-02T17:03:00+02:00;53893;11;58;100;congested;3
2025-07-02T17:03:00+02:00;53895;11;29;100;congested;3
2025-07-02T17:03:00+02:00;53896;16;25;100;heavy;3
2025-07-02T17:03:00+02:00;53898;13;45;100;congested;4
2025-07-02T17:03:00+02:00;53900;11;51;100;congested;4
2025-07-02T17:03:00+02:00;53901;38;7;100;freeFlow;4
2025-07-02T17:03:00+02:00;53903;40;5;100;freeFlow;4
2025-07-02T17:03:00+02:00;53904;37;4;100;freeFlow;8
2025-07-02T17:03:00+02:00;53905;37;10;100;freeFlow;4
2025-07-02T17:03:00+02:00;53908;29;4;100;heavy;7
2025-07-02T17:03:00+02:00;53910;22;14;100;heavy;7
2025-07-02T17:03:00+02:00;53912;51;6;100;freeFlow;7
2025-07-02T17:03:00+02:00;53915;51;11;100;freeFlow;7
2025-07-02T17:03:00+02:00;53918;45;10;100;freeFlow;8
2025-07-02T17:03:00+02:00;53919;41;4;100;freeFlow;9
2025-07-02T17:03:00+02:00;53921;23;23;100;heavy;10
2025-07-02T17:03:00+02:00;53922;17;10;100;heavy;10
2025-07-02T17:03:00+02:00;53923;18;28;75;heavy;2
2025-07-02T17:03:00+02:00;53925_D;70;4;0;unknown;0
2025-07-02T17:03:00+02:00;53925_G;70;4;0;unknown;0
2025-07-02T17:03:00+02:00;53936;50;18;75;freeFlow;2
2025-07-02T17:03:00+02:00;53938;68;5;68;freeFlow;2
2025-07-02T17:03:00+02:00;53939;63;22;100;freeFlow;3
2025-07-02T17:03:00+02:00;53941;82;6;100;freeFlow;4
2025-07-02T17:03:00+02:00;53942;73;3;100;freeFlow;5
2025-07-02T17:03:00+02:00;53944;100;0;75;freeFlow;2
2025-07-02T17:03:00+02:00;53945;100;5;75;freeFlow;2
2025-07-02T17:03:00+02:00;53946;100;1;75;freeFlow;2
2025-07-02T17:03:00+02:00;53947;37;1;75;freeFlow;2
2025-07-02T17:03:00+02:00;53948;66;4;60;freeFlow;1
2025-07-02T17:03:00+02:00;53949;66;3;60;freeFlow;1
2025-07-02T17:03:00+02:00;53950;88;43;100;freeFlow;5
2025-07-02T17:03:00+02:00;53952_D;91;1;32;freeFlow;1
2025-07-02T17:03:00+02:00;53952_G;63;2;60;freeFlow;1
2025-07-02T17:03:00+02:00;53959;25;146;100;heavy;9
2025-07-02T17:03:00+02:00;53961;76;75;100;freeFlow;6
2025-07-02T17:03:00+02:00;53987;28;2;60;heavy;1
2025-07-02T17:03:00+02:00;53990;41;7;100;freeFlow;3
2025-07-02T17:03:00+02:00;54067;36;27;100;heavy;9
2025-07-02T17:03:00+02:00;54134;35;22;70;freeFlow;2
2025-07-02T17:03:00+02:00;54138;40;26;68;freeFlow;2
2025-07-02T17:03:00+02:00;54140;106;19;52;freeFlow;1
2025-07-02T17:03:00+02:00;54144;53;3;70;freeFlow;2
2025-07-02T17:03:00+02:00;54150;59;15;60;freeFlow;1
2025-07-02T17:03:00+02:00;54153;39;22;75;freeFlow;2
2025-07-02T17:03:00+02:00;54154;18;58;60;heavy;1
2025-07-02T17:03:00+02:00;54155;22;49;58;heavy;2
2025-07-02T17:03:00+02:00;54161;7;29;60;congested;1
2025-07-02T17:03:00+02:00;54187_D;31;11;48;freeFlow;1
2025-07-02T17:03:00+02:00;54187_G;31;11;57;freeFlow;1
2025-07-02T17:03:00+02:00;54189_D;24;17;48;freeFlow;1
2025-07-02T17:03:00+02:00;54189_G;28;15;57;freeFlow;1
2025-07-02T17:03:00+02:00;54191_D;20;14;48;heavy;1
2025-07-02T17:03:00+02:00;54191_G;29;10;57;freeFlow;1
2025-07-02T17:03:00+02:00;54197;33;23;60;heavy;1
2025-07-02T17:03:00+02:00;54198;7;31;60;congested;1
2025-07-02T17:03:00+02:00;54206;12;46;27;congested;1
2025-07-02T17:03:00+02:00;54208;29;2;27;freeFlow;1
2025-07-02T17:03:00+02:00;54212;28;57;66;heavy;2
2025-07-02T17:03:00+02:00;54223_D;7;10;25;congested;1
2025-07-02T17:03:00+02:00;54223_G;15;5;40;heavy;1
2025-07-02T17:03:00+02:00;54227;88;11;100;freeFlow;11
2025-07-02T17:03:00+02:00;54234;108;0;50;freeFlow;1
2025-07-02T17:03:00+02:00;54239;27;2;40;heavy;1
2025-07-02T17:03:00+02:00;54240;106;3;52;freeFlow;1
2025-07-02T17:03:00+02:00;54241;19;3;100;heavy;3
2025-07-02T17:03:00+02:00;54243;11;52;100;congested;3
2025-07-02T17:03:00+02:00;54297;19;43;68;heavy;2
2025-07-02T17:03:00+02:00;54339;42;22;75;freeFlow;2
2025-07-02T17:03:00+02:00;54340;36;8;50;freeFlow;1
2025-07-02T17:03:00+02:00;54358_D;38;19;60;freeFlow;1
2025-07-02T17:03:00+02:00;54358_G;100;7;75;freeFlow;2
2025-07-02T17:03:00+02:00;54363;62;7;100;freeFlow;3
2025-07-02T17:03:00+02:00;54365;65;4;100;freeFlow;3
2025-07-02T17:03:00+02:00;54367;49;8;75;freeFlow;2
2025-07-02T17:03:00+02:00;54368;36;3;100;freeFlow;4
2025-07-02T17:03:00+02:00;54369;37;33;100;freeFlow;9
2025-07-02T17:03:00+02:00;54372;62;1;60;freeFlow;1
2025-07-02T17:03:00+02:00;54375;23;30;75;heavy;2
2025-07-02T17:03:00+02:00;54376;16;13;100;heavy;5
2025-07-02T17:03:00+02:00;54378;19;16;100;heavy;10
2025-07-02T17:03:00+02:00;54381;33;9;100;heavy;8
2025-07-02T17:03:00+02:00;54382;18;12;95;heavy;3
2025-07-02T17:03:00+02:00;54383;27;30;100;heavy;9
2025-07-02T17:03:00+02:00;54384;50;5;75;freeFlow;2
2025-07-02T17:03:00+02:00;54385;18;15;100;heavy;6
2025-07-02T17:03:00+02:00;54386;48;1;60;freeFlow;1
2025-07-02T17:03:00+02:00;54400;22;24;75;heavy;2
2025-07-02T17:03:00+02:00;54401;28;3;75;heavy;2
2025-07-02T17:03:00+02:00;54406;16;162;60;heavy;1
2025-07-02T17:03:00+02:00;54428_D;39;15;60;freeFlow;1
2025-07-02T17:03:00+02:00;54428_G;22;27;42;heavy;1
2025-07-02T17:03:00+02:00;54429_D;38;18;42;freeFlow;1
2025-07-02T17:03:00+02:00;54429_G;20;33;70;heavy;2
2025-07-02T17:03:00+02:00;54438_D;35;2;60;heavy;1
2025-07-02T17:03:00+02:00;54438_G;50;1;0;unknown;0
2025-07-02T17:03:00+02:00;54440_D;8;37;60;congested;1
2025-07-02T17:03:00+02:00;54440_G;50;6;0;unknown;0
2025-07-02T17:03:00+02:00;54444_D;30;2;12;heavy;1
2025-07-02T17:03:00+02:00;54444_G;50;1;0;unknown;0
2025-07-02T17:03:00+02:00;54447_D;7;73;15;congested;1
2025-07-02T17:03:00+02:00;54447_G;50;11;0;unknown;0
2025-07-02T17:03:00+02:00;54448_D;40;4;15;freeFlow;1
2025-07-02T17:03:00+02:00;54448_G;50;3;0;unknown;0
2025-07-02T17:03:00+02:00;54449_D;42;12;15;freeFlow;1
2025-07-02T17:03:00+02:00;54449_G;50;10;0;unknown;0
2025-07-02T17:03:00+02:00;54453_D;43;3;15;freeFlow;1
2025-07-02T17:03:00+02:00;54453_G;50;3;0;unknown;0
2025-07-02T17:03:00+02:00;54455;50;2;0;unknown;0
2025-07-02T17:03:00+02:00;54457;50;8;0;unknown;0
2025-07-02T17:03:00+02:00;54460;50;5;0;unknown;0
2025-07-02T17:03:00+02:00;54463_D;18;18;30;heavy;1
2025-07-02T17:03:00+02:00;54463_G;50;6;0;unknown;0
2025-07-02T17:03:00+02:00;54466_D;23;31;75;heavy;2
2025-07-02T17:03:00+02:00;54466_G;26;31;57;heavy;2
2025-07-02T17:03:00+02:00;54469;44;3;75;freeFlow;2
2025-07-02T17:03:00+02:00;54471;13;32;60;congested;1
2025-07-02T17:03:00+02:00;54472;20;20;27;heavy;1
2025-07-02T17:03:00+02:00;54473;29;1;27;freeFlow;1
2025-07-02T17:03:00+02:00;54483;30;50;60;heavy;1
2025-07-02T17:03:00+02:00;54489;50;1;0;unknown;0
2025-07-02T17:03:00+02:00;54490;37;5;60;freeFlow;1
2025-07-02T17:03:00+02:00;54492;43;4;60;freeFlow;1
2025-07-02T17:03:00+02:00;54505;42;18;60;freeFlow;1
2025-07-02T17:03:00+02:00;54509;22;13;60;heavy;1
2025-07-02T17:03:00+02:00;54518;42;4;60;freeFlow;1
2025-07-02T17:03:00+02:00;54522;50;2;0;unknown;0
2025-07-02T17:03:00+02:00;54523;44;2;60;freeFlow;1
2025-07-02T17:03:00+02:00;54524;44;1;60;freeFlow;1
2025-07-02T17:03:00+02:00;54580_D;27;20;52;heavy;1
2025-07-02T17:03:00+02:00;54877;15;49;60;heavy;1
2025-07-02T17:03:00+02:00;54879;7;108;30;congested;1
2025-07-02T17:03:00+02:00;54880_D;14;70;70;congested;2
2025-07-02T17:03:00+02:00;54880_G;21;46;69;heavy;2
2025-07-02T17:03:00+02:00;54882;17;4;60;heavy;1
2025-07-02T17:03:00+02:00;54883;17;3;60;heavy;1
2025-07-02T17:03:00+02:00;54884;30;1;57;freeFlow;1
2025-07-02T17:03:00+02:00;54885;30;1;57;freeFlow;1
2025-07-02T17:03:00+02:00;54886;30;3;57;freeFlow;1
2025-07-02T17:03:00+02:00;54887;30;2;57;freeFlow;1
2025-07-02T17:03:00+02:00;54888;20;1;50;heavy;1
2025-07-02T17:03:00+02:00;54889;20;2;50;heavy;1
2025-07-02T17:03:00+02:00;54988;51;2;75;freeFlow;2
2025-07-02T17:03:00+02:00;54989;60;29;60;freeFlow;1
2025-07-02T17:03:00+02:00;54990;31;3;98;heavy;4
2025-07-02T17:03:00+02:00;54991;38;46;100;heavy;3
2025-07-02T17:03:00+02:00;55467_D;15;44;38;congested;1
2025-07-02T17:03:00+02:00;55467_G;40;15;100;freeFlow;3
2025-07-02T17:03:00+02:00;55570_D;50;3;0;unknown;0
2025-07-02T17:03:00+02:00;55570_G;50;3;0;unknown;0
2025-07-02T17:03:00+02:00;55589_D;21;12;45;freeFlow;1
2025-07-02T17:03:00+02:00;55589_G;27;9;59;freeFlow;1
2025-07-02T17:03:00+02:00;55591;50;1;0;unknown;0
2025-07-02T17:03:00+02:00;55592;21;2;45;heavy;1
2025-07-02T17:03:00+02:00;55593;22;3;52;heavy;1
2025-07-02T17:03:00+02:00;55595;24;2;60;heavy;1
2025-07-02T17:03:00+02:00;55596;24;1;60;heavy;1
2025-07-02T17:03:00+02:00;55597;34;1;60;heavy;1
2025-07-02T17:03:00+02:00;55702;50;6;0;unknown;0
2025-07-02T17:03:00+02:00;55704;50;17;0;unknown;0
2025-07-02T17:03:00+02:00;5576_D;3;109;60;congested;1
2025-07-02T17:03:00+02:00;5576_G;19;17;60;congested;1
2025-07-02T17:03:00+02:00;55881;43;1;60;freeFlow;1
2025-07-02T17:03:00+02:00;55900;47;2;60;freeFlow;1
2025-07-02T17:03:00+02:00;55929_D;76;6;66;freeFlow;2
2025-07-02T17:03:00+02:00;55929_G;53;8;60;freeFlow;1
2025-07-02T17:03:00+02:00;55976;21;7;100;heavy;5
2025-07-02T17:03:00+02:00;56024;49;20;70;freeFlow;2
2025-07-02T17:03:00+02:00;56131;27;5;35;heavy;1
2025-07-02T17:03:00+02:00;56257;30;7;0;unknown;0
2025-07-02T17:03:00+02:00;563566;43;3;60;freeFlow;1
2025-07-02T17:03:00+02:00;563571;41;7;60;freeFlow;1
2025-07-02T17:03:00+02:00;563844_D;12;76;75;congested;2
2025-07-02T17:03:00+02:00;563844_G;53;17;100;heavy;4
2025-07-02T17:03:00+02:00;563846;12;25;100;congested;4
2025-07-02T17:03:00+02:00;563903_D;50;34;0;unknown;0
2025-07-02T17:03:00+02:00;563903_G;50;34;0;unknown;0
2025-07-02T17:03:00+02:00;564067_D;63;20;75;freeFlow;2
2025-07-02T17:03:00+02:00;564067_G;37;35;100;heavy;3
2025-07-02T17:03:00+02:00;564195_D;21;22;60;heavy;1
2025-07-02T17:03:00+02:00;564195_G;25;18;20;heavy;1
2025-07-02T17:03:00+02:00;56441;17;14;75;heavy;2
2025-07-02T17:03:00+02:00;5651;15;4;100;heavy;4
2025-07-02T17:03:00+02:00;5652;16;3;100;heavy;4
2025-07-02T17:03:00+02:00;565232;29;4;12;freeFlow;1
2025-07-02T17:03:00+02:00;5653;49;1;100;freeFlow;3
2025-07-02T17:03:00+02:00;565374;43;48;100;freeFlow;3
2025-07-02T17:03:00+02:00;565376;37;57;100;freeFlow;5
2025-07-02T17:03:00+02:00;565393;64;74;100;freeFlow;4
2025-07-02T17:03:00+02:00;5654;31;1;75;heavy;2
2025-07-02T17:03:00+02:00;565682_D;50;19;100;freeFlow;3
2025-07-02T17:03:00+02:00;565682_G;52;18;60;freeFlow;1
2025-07-02T17:03:00+02:00;565731_D;9;11;100;heavy;3
2025-07-02T17:03:00+02:00;565731_G;53;1;100;freeFlow;3
2025-07-02T17:03:00+02:00;565732;68;1;100;freeFlow;3
2025-07-02T17:03:00+02:00;56584;11;21;100;congested;5
2025-07-02T17:03:00+02:00;565854;66;15;60;freeFlow;1
2025-07-02T17:03:00+02:00;566176_D;37;30;45;heavy;1
2025-07-02T17:03:00+02:00;566176_G;55;20;75;heavy;2
2025-07-02T17:03:00+02:00;56619_D;39;10;50;freeFlow;1
2025-07-02T17:03:00+02:00;56619_G;28;15;75;heavy;2
2025-07-02T17:03:00+02:00;566287_D;48;10;60;freeFlow;1
2025-07-02T17:03:00+02:00;566287_G;30;16;0;unknown;0
2025-07-02T17:03:00+02:00;566302_D;47;1;75;freeFlow;2
2025-07-02T17:03:00+02:00;566302_G;37;1;45;freeFlow;1
2025-07-02T17:03:00+02:00;566303_D;48;15;75;freeFlow;2
2025-07-02T17:03:00+02:00;566303_G;51;14;50;freeFlow;1
2025-07-02T17:03:00+02:00;5663_D;46;56;100;heavy;3
2025-07-02T17:03:00+02:00;5663_G;55;47;100;heavy;3
2025-07-02T17:03:00+02:00;566407_D;25;3;48;freeFlow;1
2025-07-02T17:03:00+02:00;566407_G;30;3;57;freeFlow;1
2025-07-02T17:03:00+02:00;566417_D;25;6;48;freeFlow;1
2025-07-02T17:03:00+02:00;566417_G;29;5;57;freeFlow;1
2025-07-02T17:03:00+02:00;566419;27;1;52;heavy;1
2025-07-02T17:03:00+02:00;566481;41;2;60;freeFlow;1
2025-07-02T17:03:00+02:00;566482;50;1;0;unknown;0
2025-07-02T17:03:00+02:00;566483;90;126;92;freeFlow;4
2025-07-02T17:03:00+02:00;566484;50;0;0;unknown;0
2025-07-02T17:03:00+02:00;5664_D;52;3;100;heavy;3
2025-07-02T17:03:00+02:00;5664_G;73;2;100;freeFlow;3
2025-07-02T17:03:00+02:00;566573_D;26;4;50;heavy;1
2025-07-02T17:03:00+02:00;566573_G;35;3;75;freeFlow;2
2025-07-02T17:03:00+02:00;566599_D;13;3;100;heavy;3
2025-07-02T17:03:00+02:00;566599_G;31;1;27;freeFlow;1
2025-07-02T17:03:00+02:00;566706_D;11;15;22;congested;1
2025-07-02T17:03:00+02:00;566706_G;50;4;0;unknown;0
2025-07-02T17:03:00+02:00;56676_G;82;3;27;freeFlow;1
2025-07-02T17:03:00+02:00;566850;33;4;75;heavy;2
2025-07-02T17:03:00+02:00;566924_D;28;11;75;heavy;2
2025-07-02T17:03:00+02:00;566924_G;20;15;42;heavy;1
2025-07-02T17:03:00+02:00;566942;31;1;75;heavy;2
2025-07-02T17:03:00+02:00;56872;77;27;100;freeFlow;8
2025-07-02T17:03:00+02:00;56874;36;14;100;heavy;8
2025-07-02T17:03:00+02:00;56886;36;71;58;freeFlow;1
2025-07-02T17:03:00+02:00;56914;32;5;100;heavy;6
2025-07-02T17:03:00+02:00;56926;78;4;100;freeFlow;9
2025-07-02T17:03:00+02:00;57009;65;5;100;freeFlow;14
2025-07-02T17:03:00+02:00;57011;74;8;100;freeFlow;11
2025-07-02T17:03:00+02:00;57012;37;11;100;freeFlow;4
2025-07-02T17:03:00+02:00;57082_D;30;9;0;unknown;0
2025-07-02T17:03:00+02:00;57360_D;14;11;30;heavy;1
2025-07-02T17:03:00+02:00;57360_G;5;40;60;congested;1
2025-07-02T17:03:00+02:00;57362_D;26;4;27;freeFlow;1
2025-07-02T17:03:00+02:00;57362_G;8;11;60;congested;1
2025-07-02T17:03:00+02:00;57368_D;30;7;27;freeFlow;1
2025-07-02T17:03:00+02:00;57368_G;30;7;0;unknown;0
2025-07-02T17:03:00+02:00;57378_D;23;6;48;heavy;1
2025-07-02T17:03:00+02:00;57378_G;50;3;0;unknown;0
2025-07-02T17:03:00+02:00;62549;61;1;100;freeFlow;5
2025-07-02T17:03:00+02:00;62550;43;1;100;freeFlow;5
2025-07-02T17:03:00+02:00;62617_D;50;9;0;unknown;0
2025-07-02T17:03:00+02:00;62617_G;50;9;0;unknown;0
2025-07-02T17:03:00+02:00;62948_D;14;12;0;unknown;0
2025-07-02T17:03:00+02:00;62948_G;28;6;60;freeFlow;1
2025-07-02T17:03:00+02:00;63039;49;3;100;freeFlow;6
2025-07-02T17:03:00+02:00;63203_D;55;14;25;freeFlow;1
2025-07-02T17:03:00+02:00;63203_G;53;15;60;freeFlow;1
2025-07-02T17:03:00+02:00;63308;33;3;72;heavy;2
2025-07-02T17:03:00+02:00;63895_D;24;6;57;freeFlow;1
2025-07-02T17:03:00+02:00;63895_G;30;5;0;unknown;0
2025-07-02T17:03:00+02:00;63903;21;7;100;congested;7
2025-07-02T17:03:00+02:00;63917;76;2;50;freeFlow;1
2025-07-02T17:03:00+02:00;63954_D;35;5;60;freeFlow;1
2025-07-02T17:03:00+02:00;63954_G;31;5;27;freeFlow;1
2025-07-02T17:03:00+02:00;63961_D;25;2;60;freeFlow;1
2025-07-02T17:03:00+02:00;63961_G;32;2;27;freeFlow;1
2025-07-02T17:03:00+02:00;63963_D;10;45;73;heavy;2
2025-07-02T17:03:00+02:00;63963_G;37;12;100;freeFlow;4
2025-07-02T17:03:00+02:00;63974;36;11;0;unknown;0
2025-07-02T17:03:00+02:00;64028;50;2;0;unknown;0
2025-07-02T17:03:00+02:00;64029;46;3;52;heavy;1
2025-07-02T17:03:00+02:00;64033;58;3;73;freeFlow;2
2025-07-02T17:03:00+02:00;64034;38;3;72;freeFlow;2
2025-07-02T17:03:00+02:00;64035;38;3;68;freeFlow;2
2025-07-02T17:03:00+02:00;64104_D;30;3;60;heavy;1
2025-07-02T17:03:00+02:00;64104_G;50;2;0;unknown;0
2025-07-02T17:03:00+02:00;6421;92;26;86;freeFlow;4
2025-07-02T17:03:00+02:00;6422;87;7;60;freeFlow;1
2025-07-02T17:03:00+02:00;6423;95;14;100;freeFlow;5
2025-07-02T17:03:00+02:00;6424;99;30;100;freeFlow;3
2025-07-02T17:03:00+02:00;64792_D;45;15;75;freeFlow;2
2025-07-02T17:03:00+02:00;64792_G;50;13;50;freeFlow;1
2025-07-02T17:03:00+02:00;64862_D;13;37;60;congested;1
2025-07-02T17:03:00+02:00;64862_G;8;61;38;congested;1
2025-07-02T17:03:00+02:00;65281;32;3;60;heavy;1
2025-07-02T17:03:00+02:00;65283;32;3;60;heavy;1
2025-07-02T17:03:00+02:00;65293;34;6;60;heavy;1
2025-07-02T17:03:00+02:00;65961_D;56;24;60;freeFlow;1
2025-07-02T17:03:00+02:00;65961_G;28;49;60;heavy;1
2025-07-02T17:03:00+02:00;65966_D;38;1;75;freeFlow;2
2025-07-02T17:03:00+02:00;65966_G;35;1;50;heavy;1
2025-07-02T17:03:00+02:00;66020;47;1;100;heavy;4
2025-07-02T17:03:00+02:00;6615_D;53;11;75;heavy;2
2025-07-02T17:03:00+02:00;6615_G;36;16;100;heavy;3
2025-07-02T17:03:00+02:00;6616;31;2;100;heavy;4
2025-07-02T17:03:00+02:00;6619;41;3;60;heavy;1
2025-07-02T17:03:00+02:00;6620;39;6;100;heavy;6
2025-07-02T17:03:00+02:00;6621;33;3;100;heavy;4
2025-07-02T17:03:00+02:00;6622;37;2;100;heavy;5
2025-07-02T17:03:00+02:00;6623;39;1;60;heavy;1
2025-07-02T17:03:00+02:00;6628_D;53;16;60;freeFlow;1
2025-07-02T17:03:00+02:00;6628_G;76;11;27;freeFlow;1
2025-07-02T17:03:00+02:00;6629_D;50;19;60;freeFlow;1
2025-07-02T17:03:00+02:00;6629_G;67;15;55;freeFlow;2
2025-07-02T17:03:00+02:00;6643;38;18;100;heavy;4
2025-07-02T17:03:00+02:00;6644;48;14;60;heavy;1
2025-07-02T17:03:00+02:00;6645;43;2;100;freeFlow;4
2025-07-02T17:03:00+02:00;6646;45;1;100;freeFlow;4
2025-07-02T17:03:00+02:00;6647;48;1;75;freeFlow;2
2025-07-02T17:03:00+02:00;6648;40;2;100;freeFlow;5
2025-07-02T17:03:00+02:00;6649;33;2;100;heavy;5
2025-07-02T17:03:00+02:00;6650;34;5;100;heavy;5
2025-07-02T17:03:00+02:00;6651;35;5;100;heavy;4
2025-07-02T17:03:00+02:00;6669_D;43;117;75;heavy;2
2025-07-02T17:03:00+02:00;6669_G;56;89;92;heavy;4
2025-07-02T17:03:00+02:00;67069;19;9;48;heavy;1
2025-07-02T17:03:00+02:00;67223_D;14;4;60;heavy;1
2025-07-02T17:03:00+02:00;67223_G;2;28;30;congested;1
2025-07-02T17:03:00+02:00;67229_D;17;24;60;heavy;1
2025-07-02T17:03:00+02:00;67229_G;56;7;60;freeFlow;1
2025-07-02T17:03:00+02:00;6723;89;9;60;freeFlow;1
2025-07-02T17:03:00+02:00;67324_D;53;19;75;heavy;2
2025-07-02T17:03:00+02:00;67324_G;66;15;75;freeFlow;2
2025-07-02T17:03:00+02:00;67330;25;2;60;freeFlow;1
2025-07-02T17:03:00+02:00;67332;24;3;60;freeFlow;1
2025-07-02T17:03:00+02:00;67334;30;1;0;unknown;0
2025-07-02T17:03:00+02:00;67340;24;2;75;freeFlow;2
2025-07-02T17:03:00+02:00;67341;22;14;75;freeFlow;2
2025-07-02T17:03:00+02:00;67344;21;9;60;heavy;1
2025-07-02T17:03:00+02:00;67352_D;17;23;60;heavy;1
2025-07-02T17:03:00+02:00;67352_G;18;21;90;heavy;3
2025-07-02T17:03:00+02:00;67380_D;21;39;75;heavy;2
2025-07-02T17:03:00+02:00;67380_G;14;57;52;congested;1
2025-07-02T17:03:00+02:00;67385;21;5;60;heavy;1
2025-07-02T17:03:00+02:00;67389_D;28;3;75;heavy;2
2025-07-02T17:03:00+02:00;67389_G;41;2;60;freeFlow;1
2025-07-02T17:03:00+02:00;67390;16;6;75;heavy;2
2025-07-02T17:03:00+02:00;67391;14;12;99;congested;3
2025-07-02T17:03:00+02:00;67392;26;6;60;heavy;1
2025-07-02T17:03:00+02:00;67511_D;55;2;25;freeFlow;1
2025-07-02T17:03:00+02:00;67511_G;53;2;60;freeFlow;1
2025-07-02T17:03:00+02:00;67514_D;55;3;25;freeFlow;1
2025-07-02T17:03:00+02:00;67514_G;53;3;60;freeFlow;1
2025-07-02T17:03:00+02:00;67611;37;5;60;freeFlow;1
2025-07-02T17:03:00+02:00;67816;13;2;60;heavy;1
2025-07-02T17:03:00+02:00;67819_D;11;3;75;heavy;2
2025-07-02T17:03:00+02:00;67819_G;48;1;100;freeFlow;4
2025-07-02T17:03:00+02:00;67820;13;2;60;heavy;1
2025-07-02T17:03:00+02:00;67821;48;1;100;freeFlow;4
2025-07-02T17:03:00+02:00;67823;30;8;0;unknown;0
2025-07-02T17:03:00+02:00;67824;29;16;60;heavy;1
2025-07-02T17:03:00+02:00;67829;17;31;100;heavy;4
2025-07-02T17:03:00+02:00;67892_D;20;12;75;heavy;2
2025-07-02T17:03:00+02:00;67892_G;27;9;74;heavy;2
2025-07-02T17:03:00+02:00;68069;43;9;60;freeFlow;1
2025-07-02T17:03:00+02:00;68070;50;1;0;unknown;0
2025-07-02T17:03:00+02:00;68815;3;33;73;congested;2
2025-07-02T17:03:00+02:00;69060;30;3;0;unknown;0
2025-07-02T17:03:00+02:00;69061;30;4;0;unknown;0
2025-07-02T17:03:00+02:00;69062;30;2;0;unknown;0
2025-07-02T17:03:00+02:00;69063;30;1;0;unknown;0
2025-07-02T17:03:00+02:00;69064_D;30;1;0;unknown;0
2025-07-02T17:03:00+02:00;69064_G;30;1;0;unknown;0
2025-07-02T17:03:00+02:00;69270_D;50;2;0;unknown;0
2025-07-02T17:03:00+02:00;69270_G;29;3;30;heavy;1
2025-07-02T17:03:00+02:00;69277;30;3;0;unknown;0
2025-07-02T17:03:00+02:00;69464;30;1;0;unknown;0
2025-07-02T17:03:00+02:00;69467;30;2;0;unknown;0
2025-07-02T17:03:00+02:00;69493;40;16;100;freeFlow;3
2025-07-02T17:03:00+02:00;69495;22;18;100;heavy;3
2025-07-02T17:03:00+02:00;69591;27;10;60;heavy;1
2025-07-02T17:03:00+02:00;69673;37;9;60;freeFlow;1
2025-07-02T17:03:00+02:00;69878;42;20;100;freeFlow;7
2025-07-02T17:03:00+02:00;71197_D;38;30;22;heavy;1
2025-07-02T17:03:00+02:00;71197_G;7;172;74;congested;2
2025-07-02T17:03:00+02:00;71455_D;50;3;0;unknown;0
2025-07-02T17:03:00+02:00;71492_D;13;13;100;congested;3
2025-07-02T17:03:00+02:00;71492_G;18;10;38;heavy;2
2025-07-02T17:03:00+02:00;71493_D;34;9;60;heavy;1
2025-07-02T17:03:00+02:00;71493_G;42;7;40;freeFlow;1
2025-07-02T17:03:00+02:00;71494;18;8;75;heavy;2
2025-07-02T17:03:00+02:00;71496;29;9;40;heavy;1
2025-07-02T17:03:00+02:00;71497;25;3;60;heavy;1
2025-07-02T17:03:00+02:00;71504_D;13;3;75;congested;2
2025-07-02T17:03:00+02:00;71504_G;18;2;40;heavy;1
2025-07-02T17:03:00+02:00;71508_D;7;70;99;congested;3
2025-07-02T17:03:00+02:00;71508_G;37;13;60;freeFlow;1
2025-07-02T17:03:00+02:00;71509_D;45;22;60;freeFlow;1
2025-07-02T17:03:00+02:00;71509_G;42;24;55;freeFlow;2
2025-07-02T17:03:00+02:00;71554_D;50;5;0;unknown;0
2025-07-02T17:03:00+02:00;71554_G;46;5;60;freeFlow;1
2025-07-02T17:03:00+02:00;71555_D;35;3;0;unknown;0
2025-07-02T17:03:00+02:00;71555_G;30;4;60;heavy;1
2025-07-02T17:03:00+02:00;71661;30;9;100;heavy;6
2025-07-02T17:03:00+02:00;71668;66;10;60;freeFlow;1
2025-07-02T17:03:00+02:00;72425;60;21;75;heavy;2
2025-07-02T17:03:00+02:00;72487_D;80;31;0;unknown;0
2025-07-02T17:03:00+02:00;72842_D;68;16;30;freeFlow;1
2025-07-02T17:03:00+02:00;72842_G;66;17;50;freeFlow;1
2025-07-02T17:03:00+02:00;72940_D;50;24;0;unknown;0
2025-07-02T17:03:00+02:00;72940_G;50;23;0;unknown;0
2025-07-02T17:03:00+02:00;73636;19;9;60;heavy;1
2025-07-02T17:03:00+02:00;74067;45;2;63;heavy;2
2025-07-02T17:03:00+02:00;74454;41;1;100;heavy;3
2025-07-02T17:03:00+02:00;74457_D;57;18;100;freeFlow;3
2025-07-02T17:03:00+02:00;74457_G;45;23;58;heavy;1
2025-07-02T17:03:00+02:00;74459;41;1;100;heavy;3
2025-07-02T17:03:00+02:00;74460;34;1;60;heavy;1
2025-07-02T17:03:00+02:00;74461;34;1;60;heavy;1
2025-07-02T17:03:00+02:00;74688_D;50;18;0;unknown;0
2025-07-02T17:03:00+02:00;74688_G;44;21;48;freeFlow;1
2025-07-02T17:03:00+02:00;74748_D;80;4;0;unknown;0
2025-07-02T17:03:00+02:00;74748_G;42;7;52;heavy;1
2025-07-02T17:03:00+02:00;75340;50;1;0;unknown;0
2025-07-02T17:03:00+02:00;75343_D;30;12;0;unknown;0
2025-07-02T17:03:00+02:00;75343_G;30;12;0;unknown;0
2025-07-02T17:03:00+02:00;75344;50;1;0;unknown;0
2025-07-02T17:03:00+02:00;75346;40;2;45;freeFlow;1
2025-07-02T17:03:00+02:00;75347_D;50;1;0;unknown;0
2025-07-02T17:03:00+02:00;75347_G;40;2;45;freeFlow;1
2025-07-02T17:03:00+02:00;75348;28;1;45;heavy;1
2025-07-02T17:03:00+02:00;75353;50;1;0;unknown;0
2025-07-02T17:03:00+02:00;75356_D;36;14;45;freeFlow;1
2025-07-02T17:03:00+02:00;75356_G;50;10;0;unknown;0
2025-07-02T17:03:00+02:00;75358;50;1;0;unknown;0
2025-07-02T17:03:00+02:00;75359;28;2;45;heavy;1
2025-07-02T17:03:00+02:00;75385;29;2;100;heavy;4
2025-07-02T17:03:00+02:00;75533_D;70;0;0;unknown;0
2025-07-02T17:03:00+02:00;75533_G;63;1;32;freeFlow;1
2025-07-02T17:03:00+02:00;75630;56;28;100;freeFlow;5
2025-07-02T17:03:00+02:00;75810;76;10;50;freeFlow;1
2025-07-02T17:03:00+02:00;75811;66;7;60;freeFlow;1
2025-07-02T17:03:00+02:00;75812;83;5;100;freeFlow;10
2025-07-02T17:03:00+02:00;75813;37;6;100;heavy;8
2025-07-02T17:03:00+02:00;75814;81;3;100;freeFlow;8
2025-07-02T17:03:00+02:00;75815;42;32;100;heavy;8
2025-07-02T17:03:00+02:00;75816;62;4;100;freeFlow;6
2025-07-02T17:03:00+02:00;75819_D;40;4;60;freeFlow;1
2025-07-02T17:03:00+02:00;75819_G;56;4;75;freeFlow;2
2025-07-02T17:03:00+02:00;75821;22;13;100;congested;11
2025-07-02T17:03:00+02:00;75823;26;16;100;congested;11
2025-07-02T17:03:00+02:00;75841;50;7;100;freeFlow;3
2025-07-02T17:03:00+02:00;75842;19;20;100;heavy;3
2025-07-02T17:03:00+02:00;75855;51;2;100;freeFlow;7
2025-07-02T17:03:00+02:00;75858;35;2;100;heavy;3
2025-07-02T17:03:00+02:00;75859;41;4;75;heavy;2
2025-07-02T17:03:00+02:00;75860;38;5;75;heavy;2
2025-07-02T17:03:00+02:00;75861;42;2;75;heavy;2
2025-07-02T17:03:00+02:00;75862;130;1;20;freeFlow;1
2025-07-02T17:03:00+02:00;75863;130;1;20;freeFlow;1
2025-07-02T17:03:00+02:00;75864;46;1;100;heavy;3
2025-07-02T17:03:00+02:00;75865;44;3;100;heavy;3
2025-07-02T17:03:00+02:00;75866;83;11;100;freeFlow;8
2025-07-02T17:03:00+02:00;75867;90;13;100;freeFlow;6
2025-07-02T17:03:00+02:00;75869;74;71;100;freeFlow;13
2025-07-02T17:03:00+02:00;75873_D;51;11;55;freeFlow;1
2025-07-02T17:03:00+02:00;75873_G;51;10;52;freeFlow;1
2025-07-02T17:03:00+02:00;75874_D;52;8;55;freeFlow;1
2025-07-02T17:03:00+02:00;75874_G;55;7;52;freeFlow;1
2025-07-02T17:03:00+02:00;75875;60;5;100;freeFlow;4
2025-07-02T17:03:00+02:00;75876;60;8;100;freeFlow;4
2025-07-02T17:03:00+02:00;75877;56;15;55;freeFlow;1
2025-07-02T17:03:00+02:00;75878;59;14;45;freeFlow;1
2025-07-02T17:03:00+02:00;75879;66;3;60;freeFlow;1
2025-07-02T17:03:00+02:00;75880;53;16;52;freeFlow;1
2025-07-02T17:03:00+02:00;75882;66;15;100;freeFlow;4
2025-07-02T17:03:00+02:00;75883;70;5;100;freeFlow;14
2025-07-02T17:03:00+02:00;75884;55;7;100;heavy;15
2025-07-02T17:03:00+02:00;75885;63;4;100;heavy;14
2025-07-02T17:03:00+02:00;75886;73;8;100;freeFlow;13
2025-07-02T17:03:00+02:00;75911;59;5;60;freeFlow;1
2025-07-02T17:03:00+02:00;75912;55;5;75;freeFlow;2
2025-07-02T17:03:00+02:00;76094;37;15;68;freeFlow;2
2025-07-02T17:03:00+02:00;7864_D;69;52;75;freeFlow;2
2025-07-02T17:03:00+02:00;7864_G;63;57;100;freeFlow;3
2025-07-02T17:03:00+02:00;790_D;36;22;73;heavy;2
2025-07-02T17:03:00+02:00;790_G;22;36;75;heavy;2
2025-07-02T17:03:00+02:00;791_D;30;28;95;heavy;3
2025-07-02T17:03:00+02:00;791_G;6;137;75;congested;2
2025-07-02T17:03:00+02:00;7936;87;9;35;freeFlow;1
2025-07-02T17:03:00+02:00;7937;80;27;73;freeFlow;2
2025-07-02T17:03:00+02:00;7938;86;35;100;freeFlow;5
2025-07-02T17:03:00+02:00;7995_D;62;17;75;freeFlow;2
2025-07-02T17:03:00+02:00;7995_G;28;35;100;heavy;3
2025-07-02T17:03:00+02:00;862_D;67;16;75;freeFlow;2
2025-07-02T17:03:00+02:00;862_G;53;21;73;freeFlow;2
2025-07-02T17:03:00+02:00;863_D;71;10;75;freeFlow;2
2025-07-02T17:03:00+02:00;863_G;41;17;73;heavy;2
2025-07-02T17:03:00+02:00;8745;33;6;100;heavy;3
2025-07-02T17:03:00+02:00;8962;104;21;100;freeFlow;9
2025-07-02T17:03:00+02:00;8963_D;56;8;75;freeFlow;2
2025-07-02T17:03:00+02:00;8963_G;53;8;100;freeFlow;3
2025-07-02T17:03:00+02:00;8966;105;11;100;freeFlow;9
2025-07-02T17:03:00+02:00;8969;113;12;100;freeFlow;4
2025-07-02T17:03:00+02:00;8970;105;15;100;freeFlow;4
2025-07-02T17:03:00+02:00;8971;93;22;100;freeFlow;4
2025-07-02T17:03:00+02:00;8974_D;38;6;100;heavy;3
2025-07-02T17:03:00+02:00;8974_G;48;5;75;heavy;2
2025-07-02T17:03:00+02:00;8976_D;38;9;100;heavy;3
2025-07-02T17:03:00+02:00;8976_G;56;6;75;freeFlow;2
2025-07-02T17:03:00+02:00;8977_D;44;7;100;heavy;3
2025-07-02T17:03:00+02:00;8977_G;54;5;75;freeFlow;2
2025-07-02T17:03:00+02:00;8978;103;13;100;freeFlow;9
2025-07-02T17:03:00+02:00;9040;60;15;100;heavy;5
2025-07-02T17:03:00+02:00;9041;39;5;99;freeFlow;3
2025-07-02T17:03:00+02:00;9042;34;2;100;heavy;6
2025-07-02T17:03:00+02:00;9043;39;4;75;freeFlow;2
2025-07-02T17:03:00+02:00;9044;38;4;60;freeFlow;2
2025-07-02T17:03:00+02:00;9045;46;3;27;freeFlow;1
2025-07-02T17:03:00+02:00;9046;37;2;100;freeFlow;5
2025-07-02T17:03:00+02:00;9047;33;3;100;heavy;7
2025-07-02T17:03:00+02:00;9048;46;11;75;heavy;2
2025-07-02T17:03:00+02:00;9049;24;6;90;heavy;5
2025-07-02T17:03:00+02:00;9050;34;2;100;heavy;3
2025-07-02T17:03:00+02:00;9051;32;4;100;heavy;5
2025-07-02T17:03:00+02:00;9052;24;3;63;heavy;2
2025-07-02T17:03:00+02:00;9053;38;3;100;freeFlow;4
2025-07-02T17:03:00+02:00;9054;48;12;60;freeFlow;2
2025-07-02T17:03:00+02:00;9055;40;15;100;freeFlow;5
2025-07-02T17:03:00+02:00;9057_D;40;13;100;heavy;3
2025-07-02T17:03:00+02:00;9057_G;68;8;100;freeFlow;4
2025-07-02T17:03:00+02:00;9058_D;23;60;100;congested;3
2025-07-02T17:03:00+02:00;9058_G;66;21;100;freeFlow;4
2025-07-02T17:03:00+02:00;9059_D;20;32;100;congested;3
2025-07-02T17:03:00+02:00;9059_G;61;10;100;freeFlow;4
2025-07-02T17:03:00+02:00;9060;33;6;99;heavy;5
2025-07-02T17:03:00+02:00;9061;41;4;75;heavy;2
2025-07-02T17:03:00+02:00;9062;31;6;100;heavy;4
2025-07-02T17:03:00+02:00;9063;36;3;99;heavy;3
2025-07-02T17:03:00+02:00;9068_D;38;47;100;heavy;3
2025-07-02T17:03:00+02:00;9068_G;26;70;100;heavy;4
2025-07-02T17:03:00+02:00;9070_D;61;33;60;freeFlow;1
2025-07-02T17:03:00+02:00;9070_G;69;30;100;freeFlow;3
2025-07-02T17:03:00+02:00;9073;50;8;100;heavy;11
2025-07-02T17:03:00+02:00;9074;77;12;100;freeFlow;10
2025-07-02T17:03:00+02:00;9082_D;68;3;100;freeFlow;3
2025-07-02T17:03:00+02:00;9082_G;82;3;57;freeFlow;1
2025-07-02T17:03:00+02:00;9090_D;28;48;100;heavy;4
2025-07-02T17:03:00+02:00;9090_G;47;28;75;heavy;2
2025-07-02T17:03:00+02:00;9103;48;29;65;heavy;2
2025-07-02T17:03:00+02:00;9108;59;21;65;heavy;2
2025-07-02T17:03:00+02:00;9114;27;4;63;heavy;2
2025-07-02T17:03:00+02:00;9115;64;23;100;freeFlow;4
2025-07-02T17:03:00+02:00;9116;71;2;60;freeFlow;1
2025-07-02T17:03:00+02:00;9117;69;8;60;freeFlow;1
2025-07-02T17:03:00+02:00;9133;89;21;75;freeFlow;2
2025-07-02T17:03:00+02:00;9134;63;24;68;heavy;2
2025-07-02T17:03:00+02:00;9177;81;24;60;freeFlow;1
2025-07-02T17:03:00+02:00;9190;44;8;57;heavy;1
2025-07-02T17:03:00+02:00;9199;50;1;48;heavy;1
2025-07-02T17:03:00+02:00;9200;33;4;30;heavy;1
2025-07-02T17:03:00+02:00;9201;38;2;60;heavy;2
2025-07-02T17:03:00+02:00;9202;29;4;100;heavy;3
2025-07-02T17:03:00+02:00;9203;29;4;100;heavy;4
2025-07-02T17:03:00+02:00;9204;36;3;100;heavy;5
2025-07-02T17:03:00+02:00;9213;54;52;63;freeFlow;2
2025-07-02T17:03:00+02:00;9214_D;70;1;0;unknown;0
2025-07-02T17:03:00+02:00;9214_G;105;1;35;freeFlow;1
2025-07-02T17:03:00+02:00;9215;66;41;100;freeFlow;3
2025-07-02T17:03:00+02:00;9279;82;26;100;freeFlow;3
2025-07-02T17:03:00+02:00;9280;92;26;100;freeFlow;3
2025-07-02T17:03:00+02:00;9343_D;80;15;0;unknown;0
2025-07-02T17:03:00+02:00;9343_G;22;56;50;congested;1
2025-07-02T17:03:00+02:00;9344_D;30;20;0;unknown;0
2025-07-02T17:03:00+02:00;9344_G;51;12;48;freeFlow;1
2025-07-02T17:03:00+02:00;9345_D;31;26;0;unknown;0
2025-07-02T17:03:00+02:00;9345_G;61;14;48;freeFlow;1
2025-07-02T17:03:00+02:00;9346_D;30;15;0;unknown;0
2025-07-02T17:03:00+02:00;9346_G;59;8;48;freeFlow;1
2025-07-02T17:03:00+02:00;9348_D;30;7;0;unknown;0
2025-07-02T17:03:00+02:00;9348_G;61;4;48;freeFlow;1
2025-07-02T17:03:00+02:00;9351_D;80;15;0;unknown;0
2025-07-02T17:03:00+02:00;9351_G;67;17;48;freeFlow;1
2025-07-02T17:03:00+02:00;9370_D;80;10;0;unknown;0
2025-07-02T17:03:00+02:00;9370_G;53;16;50;heavy;1
2025-07-02T17:03:00+02:00;9371_D;80;8;0;unknown;0
2025-07-02T17:03:00+02:00;9371_G;43;15;49;heavy;1
2025-07-02T17:03:00+02:00;9378;57;21;100;heavy;11
2025-07-02T17:03:00+02:00;9379;69;16;100;freeFlow;11
2025-07-02T17:03:00+02:00;9414_D;12;21;60;heavy;1
2025-07-02T17:03:00+02:00;9414_G;9;31;60;congested;1
2025-07-02T17:03:00+02:00;9416_D;11;19;57;heavy;1
2025-07-02T17:03:00+02:00;9416_G;7;31;57;congested;1
2025-07-02T17:03:00+02:00;9418_D;30;12;0;unknown;0
2025-07-02T17:03:00+02:00;9418_G;7;51;55;congested;1
2025-07-02T17:03:00+02:00;9421;30;4;0;unknown;0
2025-07-02T17:03:00+02:00;9422;30;3;0;unknown;0
2025-07-02T17:03:00+02:00;9423;30;3;0;unknown;0
2025-07-02T17:03:00+02:00;9424;15;11;55;heavy;1
2025-07-02T17:03:00+02:00;9425_D;30;5;0;unknown;0
2025-07-02T17:03:00+02:00;9425_G;17;8;55;heavy;1
2025-07-02T17:03:00+02:00;9427_D;80;4;0;unknown;0
2025-07-02T17:03:00+02:00;9427_G;22;15;68;congested;2
2025-07-02T17:03:00+02:00;9434_D;80;10;0;unknown;0
2025-07-02T17:03:00+02:00;9434_G;31;25;52;heavy;1
2025-07-02T17:03:00+02:00;9435_D;80;13;0;unknown;0
2025-07-02T17:03:00+02:00;9435_G;46;22;52;heavy;1
2025-07-02T17:03:00+02:00;9437_D;80;14;0;unknown;0
2025-07-02T17:03:00+02:00;9437_G;51;22;52;heavy;1
2025-07-02T17:03:00+02:00;9588_D;67;9;100;freeFlow;3
2025-07-02T17:03:00+02:00;9588_G;82;7;57;freeFlow;1
2025-07-02T17:03:00+02:00;9625_D;66;5;100;freeFlow;3
2025-07-02T17:03:00+02:00;9625_G;69;5;57;freeFlow;1
2025-07-02T17:03:00+02:00;9739;24;5;100;heavy;4
2025-07-02T17:03:00+02:00;9740;25;2;100;heavy;4
2025-07-02T17:03:00+02:00;9741;20;3;60;congested;1
2025-07-02T17:03:00+02:00;9742;14;10;75;congested;2
2025-07-02T17:03:00+02:00;9745_D;15;9;100;congested;4
2025-07-02T17:03:00+02:00;9745_G;40;7;75;heavy;2
2025-07-02T17:03:00+02:00;9757_D;26;4;100;heavy;3
2025-07-02T17:03:00+02:00;9757_G;13;9;60;congested;1
2025-07-02T17:03:00+02:00;9758_D;41;8;100;heavy;3
2025-07-02T17:03:00+02:00;9758_G;12;26;60;congested;1
2025-07-02T17:03:00+02:00;9834_D;60;33;75;freeFlow;2
2025-07-02T17:03:00+02:00;9834_G;73;27;75;freeFlow;2
2025-07-02T17:03:00+02:00;9912;29;6;75;heavy;2
2025-07-02T17:03:00+02:00;9913;29;4;75;heavy;2
2025-07-02T17:03:00+02:00;9914;27;3;100;heavy;3
2025-07-02T17:03:00+02:00;9915;29;4;100;heavy;3
2025-07-02T17:03:00+02:00;9916;33;5;100;heavy;3
2025-07-02T17:03:00+02:00;9917_D;38;4;100;heavy;3
2025-07-02T17:03:00+02:00;9917_G;37;4;75;heavy;2
2025-07-02T17:03:00+02:00;9921_D;59;25;75;freeFlow;2
2025-07-02T17:03:00+02:00;9921_G;42;36;75;heavy;2
2025-07-02T17:03:00+02:00;1601981;31;5;60;heavy;1
2025-07-02T17:03:00+02:00;1601982;22;42;75;heavy;2
2025-07-02T17:03:00+02:00;1634;41;14;70;heavy;2
2025-07-02T17:03:00+02:00;1635;102;1;60;freeFlow;1
2025-07-02T17:03:00+02:00;1636;46;3;60;freeFlow;1
2025-07-02T17:03:00+02:00;1637;55;2;100;freeFlow;4
2025-07-02T17:03:00+02:00;1640;72;1;100;freeFlow;4
2025-07-02T17:03:00+02:00;1641;62;3;60;freeFlow;1
2025-07-02T17:03:00+02:00;1642;43;2;75;heavy;2
2025-07-02T17:03:00+02:00;1678329;38;16;60;freeFlow;1
2025-07-02T17:03:00+02:00;1680500_D;40;7;60;freeFlow;1
2025-07-02T17:03:00+02:00;1680500_G;56;5;75;freeFlow;2
2025-07-02T17:03:00+02:00;1680501;41;20;95;freeFlow;11
2025-07-02T17:03:00+02:00;1680580;23;19;60;heavy;1
2025-07-02T17:03:00+02:00;1680586;62;2;75;freeFlow;2
2025-07-02T17:03:00+02:00;1680594;55;0;75;freeFlow;2
2025-07-02T17:03:00+02:00;1680595;50;1;0;unknown;0
2025-07-02T17:03:00+02:00;1680596;55;1;75;freeFlow;2
2025-07-02T17:03:00+02:00;1680597;50;1;0;unknown;0
2025-07-02T17:03:00+02:00;1680604;63;1;60;freeFlow;1
2025-07-02T17:03:00+02:00;1747_D;45;2;75;freeFlow;2
2025-07-02T17:03:00+02:00;1747_G;24;4;65;heavy;2
2025-07-02T17:03:00+02:00;1762;27;19;75;heavy;2
2025-07-02T17:03:00+02:00;1763;24;23;100;heavy;5
2025-07-02T17:03:00+02:00;1765_D;18;23;75;heavy;2
2025-07-02T17:03:00+02:00;1765_G;8;53;42;congested;1
2025-07-02T17:03:00+02:00;1852;31;36;100;heavy;10
2025-07-02T17:03:00+02:00;1857;85;25;100;freeFlow;16
2025-07-02T17:03:00+02:00;1858;39;23;100;heavy;6
2025-07-02T17:03:00+02:00;1859;94;11;100;freeFlow;7
2025-07-02T17:03:00+02:00;1860;22;58;100;heavy;5
2025-07-02T17:03:00+02:00;1910718_D;38;3;60;freeFlow;1
2025-07-02T17:03:00+02:00;1910718_G;30;4;40;heavy;1
2025-07-02T17:03:00+02:00;1910863_D;32;17;57;heavy;1
2025-07-02T17:03:00+02:00;1910863_G;50;11;0;unknown;0
2025-07-02T17:03:00+02:00;1911250;53;4;75;freeFlow;2
2025-07-02T17:03:00+02:00;35088;69;3;100;freeFlow;5
2025-07-02T17:03:00+02:00;35089;74;3;100;freeFlow;8
2025-07-02T17:03:00+02:00;35090;52;1;100;freeFlow;7
2025-07-02T17:03:00+02:00;35091;70;2;100;freeFlow;9
2025-07-02T17:03:00+02:00;35093;48;6;100;heavy;7
2025-07-02T17:03:00+02:00;35094;62;4;100;freeFlow;9
2025-07-02T17:03:00+02:00;35099;37;3;75;freeFlow;2
2025-07-02T17:03:00+02:00;35101;40;2;75;heavy;2
2025-07-02T17:03:00+02:00;35102;32;2;100;heavy;4
2025-07-02T17:03:00+02:00;35104;59;44;75;freeFlow;2
2025-07-02T17:03:00+02:00;35116;39;3;100;freeFlow;4
2025-07-02T17:03:00+02:00;35117;34;5;100;heavy;5
2025-07-02T17:03:00+02:00;35118;29;6;100;heavy;6
2025-07-02T17:03:00+02:00;35119;37;6;100;freeFlow;6
2025-07-02T17:03:00+02:00;35120_D;41;2;75;freeFlow;2
2025-07-02T17:03:00+02:00;35120_G;21;4;60;heavy;1
2025-07-02T17:03:00+02:00;35121_D;41;51;75;freeFlow;2
2025-07-02T17:03:00+02:00;35121_G;30;69;99;heavy;3
2025-07-02T17:03:00+02:00;40196;73;3;71;freeFlow;2
2025-07-02T17:03:00+02:00;40197;66;4;60;freeFlow;1
2025-07-02T17:03:00+02:00;41636_D;20;8;75;heavy;2
2025-07-02T17:03:00+02:00;41636_G;24;7;60;heavy;1
2025-07-02T17:03:00+02:00;41652_G;30;8;60;heavy;1
2025-07-02T17:03:00+02:00;41653_D;4;22;60;congested;1
2025-07-02T17:03:00+02:00;41653_G;35;3;60;heavy;1
2025-07-02T17:03:00+02:00;41667_D;9;17;60;congested;1
2025-07-02T17:03:00+02:00;41667_G;29;4;60;heavy;1
2025-07-02T17:03:00+02:00;41668_D;35;2;60;heavy;1
2025-07-02T17:03:00+02:00;41668_G;34;1;60;heavy;1
2025-07-02T17:03:00+02:00;41721;16;65;100;congested;16
2025-07-02T17:03:00+02:00;41722;20;56;100;congested;16
2025-07-02T17:03:00+02:00;41758;92;15;100;freeFlow;9
2025-07-02T17:03:00+02:00;41759;88;16;100;freeFlow;8
2025-07-02T17:03:00+02:00;41760;37;36;100;heavy;12
2025-07-02T17:03:00+02:00;41949_D;16;16;57;heavy;1
2025-07-02T17:03:00+02:00;41949_G;38;7;42;freeFlow;1
2025-07-02T17:03:00+02:00;41974_D;18;13;60;heavy;1
2025-07-02T17:03:00+02:00;41974_G;16;15;45;heavy;1
2025-07-02T17:03:00+02:00;41975_D;35;9;60;freeFlow;1
2025-07-02T17:03:00+02:00;41975_G;34;10;42;heavy;1
2025-07-02T17:03:00+02:00;41985_D;35;2;60;heavy;1
2025-07-02T17:03:00+02:00;41985_G;35;2;60;freeFlow;1
2025-07-02T17:03:00+02:00;42064_D;8;26;60;congested;1
2025-07-02T17:03:00+02:00;42064_G;29;7;60;heavy;1
2025-07-02T17:03:00+02:00;420870_D;40;6;60;freeFlow;1
2025-07-02T17:03:00+02:00;420870_G;52;5;60;freeFlow;1
2025-07-02T17:03:00+02:00;42206_G;29;32;75;heavy;2
2025-07-02T17:03:00+02:00;42238_G;12;30;60;congested;1
2025-07-02T17:03:00+02:00;42239_D;8;34;60;congested;1
2025-07-02T17:03:00+02:00;42239_G;35;8;60;heavy;1
2025-07-02T17:03:00+02:00;42240_D;33;23;20;heavy;1
2025-07-02T17:03:00+02:00;42240_G;12;64;60;congested;1
2025-07-02T17:03:00+02:00;42241_D;18;38;75;heavy;2
2025-07-02T17:03:00+02:00;42241_G;50;14;0;unknown;0
2025-07-02T17:03:00+02:00;42242_D;8;39;75;congested;2
2025-07-02T17:03:00+02:00;42242_G;50;6;0;unknown;0
2025-07-02T17:03:00+02:00;42683_D;21;16;45;heavy;1
2025-07-02T17:03:00+02:00;42683_G;12;26;10;congested;1
2025-07-02T17:03:00+02:00;42714_D;27;8;60;heavy;1
2025-07-02T17:03:00+02:00;42714_G;12;17;45;congested;1
2025-07-02T17:03:00+02:00;42716_D;9;10;57;congested;1
2025-07-02T17:03:00+02:00;42716_G;42;2;42;freeFlow;1
2025-07-02T17:03:00+02:00;43449_D;17;13;60;heavy;1
2025-07-02T17:03:00+02:00;43449_G;17;13;0;unknown;0
2025-07-02T17:03:00+02:00;43450_D;17;18;60;heavy;1
2025-07-02T17:03:00+02:00;43450_G;30;10;0;unknown;0
2025-07-02T17:03:00+02:00;43451_G;17;27;0;unknown;0
2025-07-02T17:03:00+02:00;43452_D;7;23;75;congested;2
2025-07-02T17:03:00+02:00;43452_G;22;7;60;freeFlow;1
2025-07-02T17:03:00+02:00;43475_D;50;4;0;unknown;0
2025-07-02T17:03:00+02:00;43475_G;50;4;0;unknown;0
2025-07-02T17:03:00+02:00;43622_D;40;2;0;unknown;0
2025-07-02T17:03:00+02:00;43622_G;26;4;50;heavy;1
2025-07-02T17:03:00+02:00;43623_D;15;14;0;unknown;0
2025-07-02T17:03:00+02:00;43623_G;15;13;50;congested;1
2025-07-02T17:03:00+02:00;43624_D;18;13;50;heavy;1
2025-07-02T17:03:00+02:00;43624_G;11;21;40;congested;1
2025-07-02T17:03:00+02:00;43625_D;41;9;0;unknown;0
2025-07-02T17:03:00+02:00;43625_G;13;29;55;congested;1
2025-07-02T17:03:00+02:00;43657_D;26;3;40;heavy;1
2025-07-02T17:03:00+02:00;43657_G;19;4;0;unknown;0
2025-07-02T17:03:00+02:00;43659_D;31;5;42;freeFlow;1
2025-07-02T17:03:00+02:00;43659_G;17;8;0;unknown;0
2025-07-02T17:03:00+02:00;44039_D;50;2;0;unknown;0
2025-07-02T17:03:00+02:00;44039_G;50;2;0;unknown;0
2025-07-02T17:03:00+02:00;44040_D;50;9;0;unknown;0
2025-07-02T17:03:00+02:00;44040_G;50;9;0;unknown;0
2025-07-02T17:03:00+02:00;44041_D;50;9;0;unknown;0
2025-07-02T17:03:00+02:00;44041_G;50;9;0;unknown;0
2025-07-02T17:03:00+02:00;44042_D;50;10;0;unknown;0
2025-07-02T17:03:00+02:00;44042_G;50;9;0;unknown;0
2025-07-02T17:03:00+02:00;44071_D;30;9;0;unknown;0
2025-07-02T17:03:00+02:00;44071_G;31;10;60;freeFlow;1
2025-07-02T17:03:00+02:00;44080;47;3;75;freeFlow;2
2025-07-02T17:03:00+02:00;44113_D;58;5;40;freeFlow;1
2025-07-02T17:03:00+02:00;44113_G;9;32;50;congested;1
2025-07-02T17:03:00+02:00;44114_D;58;4;40;freeFlow;1
2025-07-02T17:03:00+02:00;44114_G;20;12;50;heavy;1
2025-07-02T17:03:00+02:00;44115_D;58;6;40;freeFlow;1
2025-07-02T17:03:00+02:00;44115_G;30;11;50;heavy;1
2025-07-02T17:03:00+02:00;44117_D;40;7;65;freeFlow;2
2025-07-02T17:03:00+02:00;44117_G;25;10;48;heavy;1
2025-07-02T17:03:00+02:00;44118_D;18;11;50;heavy;1
2025-07-02T17:03:00+02:00;44118_G;28;7;12;heavy;1
2025-07-02T17:03:00+02:00;44125_D;58;2;40;freeFlow;1
2025-07-02T17:03:00+02:00;44125_G;28;5;50;heavy;1
2025-07-02T17:03:00+02:00;44127;29;10;60;heavy;1
2025-07-02T17:03:00+02:00;44128;29;11;60;heavy;1
2025-07-02T17:03:00+02:00;44170_D;58;3;40;freeFlow;1
2025-07-02T17:03:00+02:00;44170_G;25;7;48;heavy;1
2025-07-02T17:03:00+02:00;44713_D;28;1;50;heavy;1
2025-07-02T17:03:00+02:00;44713_G;20;1;48;heavy;1
2025-07-02T17:03:00+02:00;44930;102;2;75;freeFlow;2
2025-07-02T17:03:00+02:00;44931;79;8;100;freeFlow;4
2025-07-02T17:03:00+02:00;44934;87;23;100;freeFlow;10
2025-07-02T17:03:00+02:00;45486_G;52;4;60;freeFlow;1
2025-07-02T17:03:00+02:00;45487_G;52;5;60;freeFlow;1
2025-07-02T17:03:00+02:00;45488_D;40;17;63;freeFlow;2
2025-07-02T17:03:00+02:00;45488_G;52;13;60;freeFlow;1
2025-07-02T17:03:00+02:00;45489_D;49;5;48;freeFlow;1
2025-07-02T17:03:00+02:00;45489_G;52;5;60;freeFlow;1
2025-07-02T17:03:00+02:00;45490_D;51;3;48;freeFlow;1
2025-07-02T17:03:00+02:00;45490_G;52;3;60;freeFlow;1
2025-07-02T17:03:00+02:00;45503_D;14;10;75;congested;2
2025-07-02T17:03:00+02:00;45503_G;14;9;60;congested;1
2025-07-02T17:03:00+02:00;45504_D;14;11;75;congested;2
2025-07-02T17:03:00+02:00;45504_G;14;10;60;congested;1
2025-07-02T17:03:00+02:00;45505_D;25;13;75;heavy;2
2025-07-02T17:03:00+02:00;45505_G;11;29;60;congested;1
2025-07-02T17:03:00+02:00;45530_D;14;5;68;heavy;2
2025-07-02T17:03:00+02:00;45530_G;52;1;60;freeFlow;1
2025-07-02T17:03:00+02:00;45531_D;6;8;70;congested;2
2025-07-02T17:03:00+02:00;45531_G;52;1;60;freeFlow;1
2025-07-02T17:03:00+02:00;45532_D;10;22;65;heavy;2
2025-07-02T17:03:00+02:00;45532_G;52;4;60;freeFlow;1
2025-07-02T17:03:00+02:00;45565_D;50;7;0;unknown;0
2025-07-02T17:03:00+02:00;45565_G;24;13;60;heavy;1
2025-07-02T17:03:00+02:00;45566_D;50;5;0;unknown;0
2025-07-02T17:03:00+02:00;45566_G;24;11;60;heavy;1
2025-07-02T17:03:00+02:00;45567_D;32;9;0;unknown;0
2025-07-02T17:03:00+02:00;45567_G;24;12;60;heavy;1
2025-07-02T17:03:00+02:00;45568_D;50;9;0;unknown;0
2025-07-02T17:03:00+02:00;45568_G;7;71;100;congested;3
2025-07-02T17:03:00+02:00;45601_D;26;12;59;heavy;1
2025-07-02T17:03:00+02:00;45601_G;52;6;60;freeFlow;1
2025-07-02T17:03:00+02:00;45613_D;39;8;48;freeFlow;1
2025-07-02T17:03:00+02:00;45613_G;32;10;60;heavy;1
2025-07-02T17:03:00+02:00;45614_D;34;6;60;heavy;1
2025-07-02T17:03:00+02:00;45614_G;52;4;60;freeFlow;1
2025-07-02T17:03:00+02:00;45636;52;22;60;freeFlow;1
2025-07-02T17:03:00+02:00;45637;40;28;100;heavy;13
2025-07-02T17:03:00+02:00;45640;63;8;75;freeFlow;2
2025-07-02T17:03:00+02:00;45641;101;12;100;freeFlow;11
2025-07-02T17:03:00+02:00;45642;86;25;100;freeFlow;10
2025-07-02T17:03:00+02:00;45644_D;42;22;60;freeFlow;1
2025-07-02T17:03:00+02:00;45644_G;23;41;75;heavy;2
2025-07-02T17:03:00+02:00;45645_G;43;13;75;freeFlow;2
2025-07-02T17:03:00+02:00;45725;22;142;100;congested;14
2025-07-02T17:03:00+02:00;45736_D;42;11;75;freeFlow;2
2025-07-02T17:03:00+02:00;45736_G;39;12;100;freeFlow;3
2025-07-02T17:03:00+02:00;45759_D;30;13;50;heavy;1
2025-07-02T17:03:00+02:00;45759_G;10;36;53;congested;2
2025-07-02T17:03:00+02:00;45760_D;15;19;52;heavy;1
2025-07-02T17:03:00+02:00;45760_G;40;7;38;freeFlow;1
2025-07-02T17:03:00+02:00;45761_G;39;8;38;freeFlow;1
2025-07-02T17:03:00+02:00;45762_D;38;7;57;freeFlow;1
2025-07-02T17:03:00+02:00;45762_G;22;11;60;heavy;1
2025-07-02T17:03:00+02:00;45849_D;32;3;57;heavy;1
2025-07-02T17:03:00+02:00;45849_G;50;2;0;unknown;0
2025-07-02T17:03:00+02:00;45850_D;50;2;0;unknown;0
2025-07-02T17:03:00+02:00;45850_G;50;2;0;unknown;0
2025-07-02T17:03:00+02:00;45865_G;38;10;0;unknown;0
2025-07-02T17:03:00+02:00;46027;25;2;10;heavy;1
2025-07-02T17:03:00+02:00;46028;50;14;0;unknown;0
2025-07-02T17:03:00+02:00;46029;15;11;73;heavy;2
2025-07-02T17:03:00+02:00;46036_D;14;36;60;congested;1
2025-07-02T17:03:00+02:00;46036_G;11;46;75;congested;2
2025-07-02T17:03:00+02:00;46053_G;13;29;59;congested;1
2025-07-02T17:03:00+02:00;46054_D;29;7;60;heavy;1
2025-07-02T17:03:00+02:00;46054_G;15;12;57;heavy;1
2025-07-02T17:03:00+02:00;46055_D;51;5;60;freeFlow;1
2025-07-02T17:03:00+02:00;46055_G;15;16;57;heavy;1
2025-07-02T17:03:00+02:00;46056_G;15;6;57;heavy;1
2025-07-02T17:03:00+02:00;46057_D;39;5;60;freeFlow;1
2025-07-02T17:03:00+02:00;46057_G;16;12;57;heavy;1
2025-07-02T17:03:00+02:00;46058_D;40;9;60;freeFlow;1
2025-07-02T17:03:00+02:00;46058_G;29;12;55;heavy;1
2025-07-02T17:03:00+02:00;46059_D;32;19;60;heavy;1
2025-07-02T17:03:00+02:00;46059_G;29;20;55;heavy;1
2025-07-02T17:03:00+02:00;46079_D;40;7;60;freeFlow;1
2025-07-02T17:03:00+02:00;46079_G;29;10;55;heavy;1
2025-07-02T17:03:00+02:00;46080_D;29;16;60;heavy;1
2025-07-02T17:03:00+02:00;46080_G;29;16;55;heavy;1
2025-07-02T17:03:00+02:00;46081;19;13;48;heavy;1
2025-07-02T17:03:00+02:00;46135;50;7;0;unknown;0
2025-07-02T17:03:00+02:00;46136;50;6;0;unknown;0
2025-07-02T17:03:00+02:00;46137;50;9;0;unknown;0
2025-07-02T17:03:00+02:00;46163;15;21;50;heavy;1
2025-07-02T17:03:00+02:00;46228;68;15;75;freeFlow;2
2025-07-02T17:03:00+02:00;46230;83;17;100;freeFlow;10
2025-07-02T17:03:00+02:00;46251_D;25;7;60;heavy;1
2025-07-02T17:03:00+02:00;46251_G;52;3;60;freeFlow;1
2025-07-02T17:03:00+02:00;46264;74;22;17;freeFlow;1
2025-07-02T17:03:00+02:00;46265;81;9;100;freeFlow;10
2025-07-02T17:03:00+02:00;46266;87;3;100;freeFlow;8
2025-07-02T17:03:00+02:00;46267;49;16;100;heavy;10
2025-07-02T17:03:00+02:00;46268;26;58;100;congested;10
2025-07-02T17:03:00+02:00;46270_D;63;4;52;freeFlow;2
2025-07-02T17:03:00+02:00;46270_G;39;6;75;freeFlow;2
2025-07-02T17:03:00+02:00;46271_D;91;3;32;freeFlow;1
2025-07-02T17:03:00+02:00;46271_G;11;25;75;congested;2
2025-07-02T17:03:00+02:00;46374_D;28;44;75;heavy;2
2025-07-02T17:03:00+02:00;46374_G;7;166;66;congested;2
2025-07-02T17:03:00+02:00;46375_D;31;15;45;heavy;1
2025-07-02T17:03:00+02:00;46375_G;50;10;0;unknown;0
2025-07-02T17:03:00+02:00;46376_D;32;21;60;heavy;2
2025-07-02T17:03:00+02:00;46376_G;50;14;0;unknown;0
2025-07-02T17:03:00+02:00;46377_D;33;13;48;heavy;1
2025-07-02T17:03:00+02:00;46377_G;27;15;60;heavy;1
2025-07-02T17:03:00+02:00;46427_D;15;25;42;congested;1
2025-07-02T17:03:00+02:00;46427_G;50;7;0;unknown;0
2025-07-02T17:03:00+02:00;46559_D;37;2;50;freeFlow;1
2025-07-02T17:03:00+02:00;46559_G;26;3;60;heavy;1
2025-07-02T17:03:00+02:00;46560_D;28;14;68;heavy;2
2025-07-02T17:03:00+02:00;46560_G;22;18;60;heavy;1
2025-07-02T17:03:00+02:00;46561_D;26;9;52;heavy;1
2025-07-02T17:03:00+02:00;46561_G;22;12;60;heavy;1
2025-07-02T17:03:00+02:00;46562_D;21;5;52;heavy;1
2025-07-02T17:03:00+02:00;46562_G;22;5;60;heavy;1
2025-07-02T17:03:00+02:00;46563_D;21;20;52;heavy;1
2025-07-02T17:03:00+02:00;46563_G;22;19;60;heavy;1
2025-07-02T17:03:00+02:00;46564_D;24;8;52;heavy;1
2025-07-02T17:03:00+02:00;46564_G;20;11;60;heavy;1
2025-07-02T17:03:00+02:00;46565_D;41;4;52;freeFlow;1
2025-07-02T17:03:00+02:00;46565_G;19;9;60;heavy;1
2025-07-02T17:03:00+02:00;46566_D;41;6;55;freeFlow;1
2025-07-02T17:03:00+02:00;46566_G;22;12;60;heavy;1
2025-07-02T17:03:00+02:00;46567_G;35;3;60;heavy;1
2025-07-02T17:03:00+02:00;46568_D;43;2;48;freeFlow;1
2025-07-02T17:03:00+02:00;46568_G;21;3;60;heavy;1
2025-07-02T17:03:00+02:00;46569_D;25;19;50;heavy;1
2025-07-02T17:03:00+02:00;46569_G;21;22;60;heavy;1
2025-07-02T17:03:00+02:00;46627_D;38;14;50;freeFlow;1
2025-07-02T17:03:00+02:00;46627_G;27;20;60;heavy;1
2025-07-02T17:03:00+02:00;46628_D;21;19;52;heavy;1
2025-07-02T17:03:00+02:00;46628_G;22;18;60;heavy;1
2025-07-02T17:03:00+02:00;46640;50;15;0;unknown;0
2025-07-02T17:03:00+02:00;46641;22;18;17;heavy;1
2025-07-02T17:03:00+02:00;46643;50;3;0;unknown;0
2025-07-02T17:03:00+02:00;46649;50;8;0;unknown;0
2025-07-02T17:03:00+02:00;46653_D;38;16;55;freeFlow;1
2025-07-02T17:03:00+02:00;46653_G;21;29;60;heavy;1
2025-07-02T17:03:00+02:00;46654_D;12;44;57;congested;1
2025-07-02T17:03:00+02:00;46654_G;20;26;60;heavy;1
2025-07-02T17:03:00+02:00;46655_D;29;6;57;heavy;1
2025-07-02T17:03:00+02:00;46655_G;22;7;75;heavy;2
2025-07-02T17:03:00+02:00;46682;16;30;100;heavy;3
2025-07-02T17:03:00+02:00;46683;15;4;73;heavy;2
2025-07-02T17:03:00+02:00;46684;53;9;75;freeFlow;2
2025-07-02T17:03:00+02:00;46685;33;32;100;heavy;6
2025-07-02T17:03:00+02:00;46686;54;25;100;freeFlow;3
2025-07-02T17:03:00+02:00;46688;47;24;93;heavy;3
2025-07-02T17:03:00+02:00;46716;26;3;100;congested;7
2025-07-02T17:03:00+02:00;46717;85;44;100;freeFlow;9
2025-07-02T17:03:00+02:00;46718;24;43;100;congested;8
2025-07-02T17:03:00+02:00;46719;45;17;99;heavy;3
2025-07-02T17:03:00+02:00;46720;46;5;60;heavy;1
2025-07-02T17:03:00+02:00;46728;64;6;60;freeFlow;1
2025-07-02T17:03:00+02:00;46745_D;22;28;75;heavy;2
2025-07-02T17:03:00+02:00;46745_G;52;12;60;freeFlow;1
2025-07-02T17:03:00+02:00;46746_D;17;52;60;heavy;1
2025-07-02T17:03:00+02:00;46746_G;56;16;60;freeFlow;1
2025-07-02T17:03:00+02:00;46975;25;6;0;unknown;0
2025-07-02T17:03:00+02:00;47024;31;5;75;heavy;2
2025-07-02T17:03:00+02:00;47025;30;13;100;heavy;3
2025-07-02T17:03:00+02:00;47030;40;8;60;freeFlow;1
2025-07-02T17:03:00+02:00;47057;72;12;100;freeFlow;6
2025-07-02T17:03:00+02:00;47058;68;28;100;freeFlow;9
2025-07-02T17:03:00+02:00;47059;22;58;100;congested;4
2025-07-02T17:03:00+02:00;47060;25;39;100;congested;9
2025-07-02T17:03:00+02:00;47062;50;17;0;unknown;0
2025-07-02T17:03:00+02:00;47064;56;1;100;freeFlow;8
2025-07-02T17:03:00+02:00;47066;29;4;100;heavy;7
2025-07-02T17:03:00+02:00;47068;23;30;100;heavy;5
2025-07-02T17:03:00+02:00;47070;37;8;100;freeFlow;11
2025-07-02T17:03:00+02:00;47071;65;13;99;freeFlow;6
2025-07-02T17:03:00+02:00;47074;67;7;100;freeFlow;7
2025-07-02T17:03:00+02:00;47075;31;8;100;heavy;4
2025-07-02T17:03:00+02:00;47078;70;34;60;freeFlow;1
2025-07-02T17:03:00+02:00;47101;40;10;100;freeFlow;3
2025-07-02T17:03:00+02:00;47107;52;9;100;heavy;6
2025-07-02T17:03:00+02:00;47108;67;12;75;freeFlow;2
2025-07-02T17:03:00+02:00;47109;30;2;100;heavy;11
2025-07-02T17:03:00+02:00;47110;33;23;100;heavy;4
2025-07-02T17:03:00+02:00;47111;81;22;100;freeFlow;5
2025-07-02T17:03:00+02:00;47112;15;59;100;congested;10
2025-07-02T17:03:00+02:00;47113;46;13;100;heavy;7
2025-07-02T17:03:00+02:00;47114;57;24;100;freeFlow;3
2025-07-02T17:03:00+02:00;47115;83;17;75;freeFlow;2
2025-07-02T17:03:00+02:00;47238;51;11;100;heavy;11
2025-07-02T17:03:00+02:00;47240;82;18;100;freeFlow;10
2025-07-02T17:03:00+02:00;47241;34;30;100;heavy;9
2025-07-02T17:03:00+02:00;47242;30;43;100;heavy;13
2025-07-02T17:03:00+02:00;47243;38;37;100;heavy;12
2025-07-02T17:03:00+02:00;47290;20;26;88;heavy;3
2025-07-02T17:03:00+02:00;47293;33;16;100;heavy;11
2025-07-02T17:03:00+02:00;47299;52;7;100;freeFlow;6
2025-07-02T17:03:00+02:00;47300;102;12;60;freeFlow;1
2025-07-02T17:03:00+02:00;47306;88;23;100;freeFlow;9
2025-07-02T17:03:00+02:00;47316;33;9;95;heavy;4
2025-07-02T17:03:00+02:00;47428_D;50;5;0;unknown;0
2025-07-02T17:03:00+02:00;47428_G;50;5;0;unknown;0
2025-07-02T17:03:00+02:00;48769_D;7;20;59;congested;1
2025-07-02T17:03:00+02:00;48769_G;28;5;60;heavy;1
2025-07-02T17:03:00+02:00;48890;50;1;0;unknown;0
2025-07-02T17:03:00+02:00;48891;50;1;0;unknown;0
2025-07-02T17:03:00+02:00;48958_D;7;29;50;congested;1
2025-07-02T17:03:00+02:00;48958_G;25;9;38;heavy;1
2025-07-02T17:03:00+02:00;489866_G;52;3;60;freeFlow;1
2025-07-02T17:03:00+02:00;49004;38;6;60;freeFlow;1
2025-07-02T17:03:00+02:00;490194_D;31;2;57;heavy;1
2025-07-02T17:03:00+02:00;490194_G;32;2;42;heavy;1
2025-07-02T17:03:00+02:00;49023;60;9;42;freeFlow;1
2025-07-02T17:03:00+02:00;49068;5;122;12;congested;1
2025-07-02T17:03:00+02:00;49074;56;2;17;freeFlow;1
2025-07-02T17:03:00+02:00;49075;103;1;60;freeFlow;1
2025-07-02T17:03:00+02:00;49081;102;5;60;freeFlow;1
2025-07-02T17:03:00+02:00;49084;50;9;75;freeFlow;2
2025-07-02T17:03:00+02:00;49137_D;50;4;0;unknown;0
2025-07-02T17:03:00+02:00;49137_G;50;4;0;unknown;0
2025-07-02T17:03:00+02:00;49184;17;7;100;heavy;5
2025-07-02T17:03:00+02:00;492351_G;52;2;60;freeFlow;1
2025-07-02T17:03:00+02:00;492359_D;29;9;60;heavy;1
2025-07-02T17:03:00+02:00;492363_D;50;9;0;unknown;0
2025-07-02T17:03:00+02:00;492363_G;50;10;0;unknown;0
2025-07-02T17:03:00+02:00;492435;45;10;100;freeFlow;5
2025-07-02T17:03:00+02:00;492445_G;15;42;60;congested;1
2025-07-02T17:03:00+02:00;492450;47;11;100;freeFlow;3
2025-07-02T17:03:00+02:00;492452;12;43;60;congested;1
2025-07-02T17:03:00+02:00;492459;59;1;75;freeFlow;2
2025-07-02T17:03:00+02:00;492474;81;2;75;freeFlow;2
2025-07-02T17:03:00+02:00;492475;81;11;75;freeFlow;2
2025-07-02T17:03:00+02:00;492476;77;6;100;freeFlow;3
2025-07-02T17:03:00+02:00;492477;55;2;75;freeFlow;2
2025-07-02T17:03:00+02:00;492479;34;19;100;heavy;4
2025-07-02T17:03:00+02:00;492481;25;7;60;heavy;1
2025-07-02T17:03:00+02:00;492482;38;4;100;freeFlow;5
2025-07-02T17:03:00+02:00;492483;81;2;75;freeFlow;2
2025-07-02T17:03:00+02:00;492485;80;1;75;freeFlow;2
2025-07-02T17:03:00+02:00;492490;58;6;75;freeFlow;2
2025-07-02T17:03:00+02:00;492495;81;0;75;freeFlow;2
2025-07-02T17:03:00+02:00;492498;26;17;60;heavy;1
2025-07-02T17:03:00+02:00;492506;28;8;100;heavy;4
2025-07-02T17:03:00+02:00;492512;25;4;60;heavy;1
2025-07-02T17:03:00+02:00;492514;43;1;100;freeFlow;5
2025-07-02T17:03:00+02:00;492519;16;32;38;heavy;1
2025-07-02T17:03:00+02:00;492574;20;8;60;heavy;1
2025-07-02T17:03:00+02:00;492576;26;1;60;heavy;1
2025-07-02T17:03:00+02:00;49328_D;58;2;40;freeFlow;1
2025-07-02T17:03:00+02:00;49328_G;30;4;48;heavy;1
2025-07-02T17:03:00+02:00;49686_D;50;3;0;unknown;0
2025-07-02T17:03:00+02:00;49686_G;50;3;0;unknown;0
2025-07-02T17:03:00+02:00;50079_D;22;10;60;freeFlow;1
2025-07-02T17:03:00+02:00;50079_G;30;8;0;unknown;0
2025-07-02T17:03:00+02:00;50191_D;22;24;57;heavy;1
2025-07-02T17:03:00+02:00;50191_G;52;10;60;freeFlow;1
2025-07-02T17:03:00+02:00;50308_G;52;5;60;freeFlow;1
2025-07-02T17:03:00+02:00;50355_D;49;6;60;freeFlow;1
2025-07-02T17:03:00+02:00;50355_G;52;5;60;freeFlow;1
2025-07-02T17:03:00+02:00;50416_D;49;3;60;freeFlow;1
2025-07-02T17:03:00+02:00;50416_G;52;3;60;freeFlow;1
2025-07-02T17:03:00+02:00;50475;8;48;75;congested;2
2025-07-02T17:03:00+02:00;50509;27;16;60;heavy;1
2025-07-02T17:03:00+02:00;50573_D;30;8;0;unknown;0
2025-07-02T17:03:00+02:00;50573_G;58;3;60;freeFlow;1
2025-07-02T17:03:00+02:00;51008;50;3;0;unknown;0
2025-07-02T17:03:00+02:00;51017;11;12;73;congested;2
2025-07-02T17:03:00+02:00;51159_D;15;45;45;congested;1
2025-07-02T17:03:00+02:00;51159_G;50;13;0;unknown;0
2025-07-02T17:03:00+02:00;51254_D;39;7;63;freeFlow;2
2025-07-02T17:03:00+02:00;51254_G;33;8;60;heavy;1
2025-07-02T17:03:00+02:00;51323_D;22;7;57;heavy;1
2025-07-02T17:03:00+02:00;51323_G;52;4;60;freeFlow;1
2025-07-02T17:03:00+02:00;51437_D;35;5;60;heavy;1
2025-07-02T17:03:00+02:00;51437_G;29;4;60;heavy;1
2025-07-02T17:03:00+02:00;51455_D;50;6;0;unknown;0
2025-07-02T17:03:00+02:00;51455_G;29;9;60;heavy;1
2025-07-02T17:03:00+02:00;51797;41;5;32;freeFlow;1
2025-07-02T17:03:00+02:00;52130;50;4;0;unknown;0
2025-07-02T17:03:00+02:00;53329_D;30;6;0;unknown;0
2025-07-02T17:03:00+02:00;53329_G;30;6;0;unknown;0
2025-07-02T17:03:00+02:00;53336_D;34;11;60;heavy;1
2025-07-02T17:03:00+02:00;53336_G;52;7;60;freeFlow;1
2025-07-02T17:03:00+02:00;53411_D;39;9;48;freeFlow;1
2025-07-02T17:03:00+02:00;53539_G;56;3;75;freeFlow;2
2025-07-02T17:03:00+02:00;53542;74;6;60;freeFlow;1
2025-07-02T17:03:00+02:00;53543;66;7;60;freeFlow;1
2025-07-02T17:03:00+02:00;53575_D;50;13;0;unknown;0
2025-07-02T17:03:00+02:00;53575_G;50;12;0;unknown;0
2025-07-02T17:03:00+02:00;53656;54;2;75;freeFlow;2
2025-07-02T17:03:00+02:00;53660;56;6;75;freeFlow;2
2025-07-02T17:03:00+02:00;53663;5;24;75;congested;2
2025-07-02T17:03:00+02:00;53675;37;2;60;heavy;1
2025-07-02T17:03:00+02:00;53676;50;2;95;freeFlow;7
2025-07-02T17:03:00+02:00;53677;62;9;100;freeFlow;3
2025-07-02T17:03:00+02:00;53678;32;2;50;heavy;1
2025-07-02T17:03:00+02:00;53679;32;4;50;heavy;1
2025-07-02T17:03:00+02:00;53681;63;31;60;freeFlow;1
2025-07-02T17:03:00+02:00;53721;25;2;0;unknown;0
2025-07-02T17:03:00+02:00;53885_D;15;35;75;congested;2
2025-07-02T17:03:00+02:00;53885_G;39;13;42;freeFlow;1
2025-07-02T17:03:00+02:00;54211;16;39;72;heavy;2
2025-07-02T17:03:00+02:00;54334_D;17;3;60;heavy;1
2025-07-02T17:03:00+02:00;54334_G;58;1;60;freeFlow;1
2025-07-02T17:03:00+02:00;54337;12;67;0;unknown;0
2025-07-02T17:03:00+02:00;54361;21;10;100;heavy;4
2025-07-02T17:03:00+02:00;54580_G;20;28;48;heavy;1
2025-07-02T17:03:00+02:00;54707;47;10;60;freeFlow;1
2025-07-02T17:03:00+02:00;54709;103;0;60;freeFlow;1
2025-07-02T17:03:00+02:00;54710;71;3;75;freeFlow;2
2025-07-02T17:03:00+02:00;55397_D;38;2;75;freeFlow;2
2025-07-02T17:03:00+02:00;55397_G;39;2;100;freeFlow;3
2025-07-02T17:03:00+02:00;55401;37;10;60;freeFlow;1
2025-07-02T17:03:00+02:00;55405;36;2;75;freeFlow;2
2025-07-02T17:03:00+02:00;55406;26;7;100;heavy;5
2025-07-02T17:03:00+02:00;55407;32;4;100;heavy;4
2025-07-02T17:03:00+02:00;55408;21;8;100;heavy;4
2025-07-02T17:03:00+02:00;55440_D;10;18;67;heavy;2
2025-07-02T17:03:00+02:00;55440_G;52;3;60;freeFlow;1
2025-07-02T17:03:00+02:00;55443_D;22;4;73;heavy;2
2025-07-02T17:03:00+02:00;55443_G;52;1;60;freeFlow;1
2025-07-02T17:03:00+02:00;55446;29;3;75;heavy;2
2025-07-02T17:03:00+02:00;55447;52;1;60;freeFlow;1
2025-07-02T17:03:00+02:00;55448;22;3;57;heavy;1
2025-07-02T17:03:00+02:00;55449;21;3;60;heavy;1
2025-07-02T17:03:00+02:00;55516;50;2;0;unknown;0
2025-07-02T17:03:00+02:00;55669;26;8;60;heavy;1
2025-07-02T17:03:00+02:00;55671;35;10;60;freeFlow;1
2025-07-02T17:03:00+02:00;55696;34;22;60;heavy;1
2025-07-02T17:03:00+02:00;55698;35;12;60;heavy;1
2025-07-02T17:03:00+02:00;55700;50;8;0;unknown;0
2025-07-02T17:03:00+02:00;55703;50;3;0;unknown;0
2025-07-02T17:03:00+02:00;55706;50;1;0;unknown;0
2025-07-02T17:03:00+02:00;55707;50;7;0;unknown;0
2025-07-02T17:03:00+02:00;55708;50;3;0;unknown;0
2025-07-02T17:03:00+02:00;55710;50;14;0;unknown;0
2025-07-02T17:03:00+02:00;55711;50;1;0;unknown;0
2025-07-02T17:03:00+02:00;55713;50;14;0;unknown;0
2025-07-02T17:03:00+02:00;55781_D;36;3;52;freeFlow;1
2025-07-02T17:03:00+02:00;55781_G;15;8;50;heavy;1
2025-07-02T17:03:00+02:00;55800;36;9;55;freeFlow;1
2025-07-02T17:03:00+02:00;55801;15;10;50;heavy;1
2025-07-02T17:03:00+02:00;55805;37;6;55;freeFlow;1
2025-07-02T17:03:00+02:00;55806;22;23;55;heavy;1
2025-07-02T17:03:00+02:00;55811;57;6;60;freeFlow;1
2025-07-02T17:03:00+02:00;55814;58;2;60;freeFlow;1
2025-07-02T17:03:00+02:00;55815;51;0;75;freeFlow;2
2025-07-02T17:03:00+02:00;55820;50;1;0;unknown;0
2025-07-02T17:03:00+02:00;55821;51;2;75;freeFlow;2
2025-07-02T17:03:00+02:00;55822;44;2;75;freeFlow;2
2025-07-02T17:03:00+02:00;55823;54;1;75;freeFlow;2
2025-07-02T17:03:00+02:00;55824;44;2;100;freeFlow;3
2025-07-02T17:03:00+02:00;55827;13;7;100;congested;6
2025-07-02T17:03:00+02:00;55830;28;3;100;heavy;4
2025-07-02T17:03:00+02:00;55841;22;21;75;heavy;2
2025-07-02T17:03:00+02:00;55843;50;1;0;unknown;0
2025-07-02T17:03:00+02:00;55879;25;3;75;heavy;2
2025-07-02T17:03:00+02:00;55883;29;2;75;heavy;2
2025-07-02T17:03:00+02:00;55887;45;12;60;freeFlow;1
2025-07-02T17:03:00+02:00;55888;20;29;72;heavy;2
2025-07-02T17:03:00+02:00;55889;38;2;60;freeFlow;1
2025-07-02T17:03:00+02:00;55890;27;3;100;heavy;3
2025-07-02T17:03:00+02:00;55894;26;3;75;heavy;2
2025-07-02T17:03:00+02:00;55896;20;3;60;heavy;1
2025-07-02T17:03:00+02:00;55898;13;45;75;congested;2
2025-07-02T17:03:00+02:00;55899;41;8;35;freeFlow;1
2025-07-02T17:03:00+02:00;55926_D;76;3;73;freeFlow;2
2025-07-02T17:03:00+02:00;55926_G;49;5;60;freeFlow;1
2025-07-02T17:03:00+02:00;55932;51;1;60;freeFlow;1
2025-07-02T17:03:00+02:00;55933;76;2;60;freeFlow;1
2025-07-02T17:03:00+02:00;55958;35;2;83;heavy;4
2025-07-02T17:03:00+02:00;55959;20;4;100;heavy;5
2025-07-02T17:03:00+02:00;55974;47;1;60;freeFlow;1
2025-07-02T17:03:00+02:00;55975;27;3;100;heavy;11
2025-07-02T17:03:00+02:00;55977;51;3;100;freeFlow;5
2025-07-02T17:03:00+02:00;55978;65;2;100;freeFlow;3
2025-07-02T17:03:00+02:00;55980;15;18;100;congested;6
2025-07-02T17:03:00+02:00;55981;63;4;100;freeFlow;3
2025-07-02T17:03:00+02:00;56019;38;2;70;freeFlow;2
2025-07-02T17:03:00+02:00;56020;51;1;60;freeFlow;1
2025-07-02T17:03:00+02:00;56113;25;9;0;unknown;0
2025-07-02T17:03:00+02:00;56115;18;11;32;heavy;1
2025-07-02T17:03:00+02:00;56117;41;7;35;freeFlow;1
2025-07-02T17:03:00+02:00;56118;9;5;52;congested;1
2025-07-02T17:03:00+02:00;56124;9;7;67;congested;2
2025-07-02T17:03:00+02:00;56125;43;1;35;freeFlow;1
2025-07-02T17:03:00+02:00;56126;10;15;35;congested;1
2025-07-02T17:03:00+02:00;56128;25;2;0;unknown;0
2025-07-02T17:03:00+02:00;56157_D;30;13;0;unknown;0
2025-07-02T17:03:00+02:00;56157_G;30;13;0;unknown;0
2025-07-02T17:03:00+02:00;56165_D;30;2;0;unknown;0
2025-07-02T17:03:00+02:00;56165_G;30;2;0;unknown;0
2025-07-02T17:03:00+02:00;56170;50;1;0;unknown;0
2025-07-02T17:03:00+02:00;56174;50;5;0;unknown;0
2025-07-02T17:03:00+02:00;56175;50;4;0;unknown;0
2025-07-02T17:03:00+02:00;56179;50;2;0;unknown;0
2025-07-02T17:03:00+02:00;56180;50;1;0;unknown;0
2025-07-02T17:03:00+02:00;56181;50;2;0;unknown;0
2025-07-02T17:03:00+02:00;56182;50;2;0;unknown;0
2025-07-02T17:03:00+02:00;56183;50;1;0;unknown;0
2025-07-02T17:03:00+02:00;56218_D;50;3;0;unknown;0
2025-07-02T17:03:00+02:00;56218_G;43;4;0;unknown;0
2025-07-02T17:03:00+02:00;56223;50;1;32;freeFlow;1
2025-07-02T17:03:00+02:00;56224;28;13;32;heavy;1
2025-07-02T17:03:00+02:00;56225;50;7;32;freeFlow;1
2025-07-02T17:03:00+02:00;56229;50;3;32;freeFlow;1
2025-07-02T17:03:00+02:00;56231;50;2;32;freeFlow;1
2025-07-02T17:03:00+02:00;56232;50;1;32;freeFlow;1
2025-07-02T17:03:00+02:00;56233;50;9;0;unknown;0
2025-07-02T17:03:00+02:00;56237;50;9;0;unknown;0
2025-07-02T17:03:00+02:00;56239;30;3;0;unknown;0
2025-07-02T17:03:00+02:00;56247;23;1;60;freeFlow;1
2025-07-02T17:03:00+02:00;56250;30;21;0;unknown;0
2025-07-02T17:03:00+02:00;56251;18;36;60;heavy;1
2025-07-02T17:03:00+02:00;56254;30;1;0;unknown;0
2025-07-02T17:03:00+02:00;56255;23;2;60;freeFlow;1
2025-07-02T17:03:00+02:00;56256;23;2;60;freeFlow;1
2025-07-02T17:03:00+02:00;56258;30;5;0;unknown;0
2025-07-02T17:03:00+02:00;56260;30;2;0;unknown;0
2025-07-02T17:03:00+02:00;56261;30;2;0;unknown;0
2025-07-02T17:03:00+02:00;56263;30;13;0;unknown;0
2025-07-02T17:03:00+02:00;56264;30;13;0;unknown;0
2025-07-02T17:03:00+02:00;56298;30;1;0;unknown;0
2025-07-02T17:03:00+02:00;56300;30;1;0;unknown;0
2025-07-02T17:03:00+02:00;56333;58;2;60;freeFlow;1
2025-07-02T17:03:00+02:00;565804_D;12;36;60;congested;1
2025-07-02T17:03:00+02:00;565804_G;25;17;75;heavy;2
2025-07-02T17:03:00+02:00;565852;58;2;52;freeFlow;1
2025-07-02T17:03:00+02:00;565853;66;15;60;freeFlow;1
2025-07-02T17:03:00+02:00;566240;106;1;30;freeFlow;1
2025-07-02T17:03:00+02:00;566445_D;30;2;0;unknown;0
2025-07-02T17:03:00+02:00;566445_G;30;3;0;unknown;0
2025-07-02T17:03:00+02:00;566456_D;30;22;0;unknown;0
2025-07-02T17:03:00+02:00;566456_G;30;22;0;unknown;0
2025-07-02T17:03:00+02:00;566457;50;1;0;unknown;0
2025-07-02T17:03:00+02:00;566465_D;30;10;0;unknown;0
2025-07-02T17:03:00+02:00;566465_G;30;10;0;unknown;0
2025-07-02T17:03:00+02:00;56675_D;21;7;60;heavy;1
2025-07-02T17:03:00+02:00;56675_G;28;6;60;heavy;1
2025-07-02T17:03:00+02:00;566941;48;2;60;freeFlow;1
2025-07-02T17:03:00+02:00;56871_D;50;3;0;unknown;0
2025-07-02T17:03:00+02:00;56871_G;50;3;0;unknown;0
2025-07-02T17:03:00+02:00;56908_D;50;8;0;unknown;0
2025-07-02T17:03:00+02:00;56908_G;38;10;0;unknown;0
2025-07-02T17:03:00+02:00;56925;29;122;100;heavy;12
2025-07-02T17:03:00+02:00;56944_D;14;22;68;heavy;2
2025-07-02T17:03:00+02:00;56944_G;52;6;60;freeFlow;1
2025-07-02T17:03:00+02:00;56945_D;8;31;70;congested;2
2025-07-02T17:03:00+02:00;56945_G;25;9;60;freeFlow;1
2025-07-02T17:03:00+02:00;57082_G;30;9;0;unknown;0
2025-07-02T17:03:00+02:00;57083_D;30;14;0;unknown;0
2025-07-02T17:03:00+02:00;57083_G;30;16;0;unknown;0
2025-07-02T17:03:00+02:00;59724;43;3;75;freeFlow;2
2025-07-02T17:03:00+02:00;59750_D;29;8;60;heavy;1
2025-07-02T17:03:00+02:00;59750_G;52;4;60;freeFlow;1
2025-07-02T17:03:00+02:00;59835_D;54;4;35;freeFlow;1
2025-07-02T17:03:00+02:00;59835_G;23;9;52;heavy;1
2025-07-02T17:03:00+02:00;59836;46;3;35;freeFlow;1
2025-07-02T17:03:00+02:00;59837;9;6;52;congested;1
2025-07-02T17:03:00+02:00;59838;11;11;52;congested;1
2025-07-02T17:03:00+02:00;62559_D;8;39;72;congested;2
2025-07-02T17:03:00+02:00;62559_G;15;21;50;heavy;1
2025-07-02T17:03:00+02:00;62560;30;9;60;heavy;1
2025-07-02T17:03:00+02:00;62565_D;29;3;60;heavy;1
2025-07-02T17:03:00+02:00;62565_G;22;3;55;heavy;1
2025-07-02T17:03:00+02:00;62831_D;38;1;57;freeFlow;1
2025-07-02T17:03:00+02:00;62831_G;22;2;60;heavy;1
2025-07-02T17:03:00+02:00;62832_D;38;2;57;freeFlow;1
2025-07-02T17:03:00+02:00;62832_G;22;3;60;heavy;1
2025-07-02T17:03:00+02:00;63045_D;39;4;42;freeFlow;1
2025-07-02T17:03:00+02:00;63045_G;17;9;0;unknown;0
2025-07-02T17:03:00+02:00;63053_D;14;16;68;congested;2
2025-07-02T17:03:00+02:00;63053_G;18;12;12;heavy;1
2025-07-02T17:03:00+02:00;63899;65;26;100;freeFlow;8
2025-07-02T17:03:00+02:00;63934;23;3;60;heavy;1
2025-07-02T17:03:00+02:00;63935;41;10;100;freeFlow;3
2025-07-02T17:03:00+02:00;63936;38;14;60;freeFlow;1
2025-07-02T17:03:00+02:00;63939;32;19;100;heavy;4
2025-07-02T17:03:00+02:00;63940;29;3;75;heavy;2
2025-07-02T17:03:00+02:00;63941;36;1;75;freeFlow;2
2025-07-02T17:03:00+02:00;63942;24;2;17;heavy;1
2025-07-02T17:03:00+02:00;63943;27;3;100;heavy;4
2025-07-02T17:03:00+02:00;63944;42;4;75;freeFlow;2
2025-07-02T17:03:00+02:00;63947;33;4;70;heavy;2
2025-07-02T17:03:00+02:00;63950;40;1;60;freeFlow;1
2025-07-02T17:03:00+02:00;63951;40;2;60;freeFlow;1
2025-07-02T17:03:00+02:00;63952;45;0;75;freeFlow;2
2025-07-02T17:03:00+02:00;63953;45;1;75;freeFlow;2
2025-07-02T17:03:00+02:00;63970;11;89;75;congested;2
2025-07-02T17:03:00+02:00;63973;40;3;75;freeFlow;2
2025-07-02T17:03:00+02:00;64032;73;13;40;freeFlow;1
2025-07-02T17:03:00+02:00;64061_D;21;15;60;heavy;1
2025-07-02T17:03:00+02:00;64061_G;27;12;60;freeFlow;1
2025-07-02T17:03:00+02:00;64637_D;47;8;75;freeFlow;2
2025-07-02T17:03:00+02:00;64637_G;6;66;48;congested;1
2025-07-02T17:03:00+02:00;65310;29;10;60;heavy;1
2025-07-02T17:03:00+02:00;65313;44;7;60;freeFlow;1
2025-07-02T17:03:00+02:00;65682;38;31;94;freeFlow;3
2025-07-02T17:03:00+02:00;66421;25;3;0;unknown;0
2025-07-02T17:03:00+02:00;66442;50;4;0;unknown;0
2025-07-02T17:03:00+02:00;66782;32;12;100;heavy;3
2025-07-02T17:03:00+02:00;67066;19;16;55;heavy;1
2025-07-02T17:03:00+02:00;67097_D;30;11;0;unknown;0
2025-07-02T17:03:00+02:00;67097_G;30;12;0;unknown;0
2025-07-02T17:03:00+02:00;69381_D;34;8;57;heavy;1
2025-07-02T17:03:00+02:00;69381_G;31;10;69;heavy;2
2025-07-02T17:03:00+02:00;72487_G;58;43;45;freeFlow;1
2025-07-02T17:03:00+02:00;72614;50;2;0;unknown;0
2025-07-02T17:03:00+02:00;72621;8;44;75;congested;2
2025-07-02T17:03:00+02:00;72624;33;11;60;heavy;1
2025-07-02T17:03:00+02:00;72628;33;1;60;heavy;1
2025-07-02T17:03:00+02:00;74283_D;29;26;58;heavy;1
2025-07-02T17:03:00+02:00;74283_G;19;41;55;heavy;2
2025-07-02T17:03:00+02:00;75387;26;3;100;heavy;4
2025-07-02T17:03:00+02:00;75631;45;7;100;heavy;5
2025-07-02T17:03:00+02:00;75818_D;40;3;60;freeFlow;1
2025-07-02T17:03:00+02:00;75818_G;56;2;75;freeFlow;2
2025-07-02T17:03:00+02:00;75820;96;20;100;freeFlow;6
2025-07-02T17:03:00+02:00;75824;26;18;60;heavy;1
2025-07-02T17:03:00+02:00;75825;32;14;100;heavy;11
2025-07-02T17:03:00+02:00;75828;58;13;52;freeFlow;1
2025-07-02T17:03:00+02:00;75829;15;44;70;congested;2
2025-07-02T17:03:00+02:00;75832;39;3;100;freeFlow;11
2025-07-02T17:03:00+02:00;75833;51;4;100;freeFlow;6
2025-07-02T17:03:00+02:00;75835;57;2;100;freeFlow;5
2025-07-02T17:03:00+02:00;75836;72;13;100;freeFlow;7
2025-07-02T17:03:00+02:00;75837;52;8;100;freeFlow;10
2025-07-02T17:03:00+02:00;75838;59;4;100;freeFlow;5
2025-07-02T17:03:00+02:00;75839;34;5;100;heavy;3
2025-07-02T17:03:00+02:00;75840;25;7;75;heavy;2
2025-07-02T17:03:00+02:00;75845;56;2;100;freeFlow;6
2025-07-02T17:03:00+02:00;75846;57;5;100;freeFlow;3
2025-07-02T17:03:00+02:00;75847;29;20;70;heavy;2
2025-07-02T17:03:00+02:00;75848;37;6;75;freeFlow;2
2025-07-02T17:03:00+02:00;75849;25;9;100;heavy;5
2025-07-02T17:03:00+02:00;75850;27;7;100;heavy;4
2025-07-02T17:03:00+02:00;75851;43;4;75;freeFlow;2
2025-07-02T17:03:00+02:00;75853;80;1;100;freeFlow;4
2025-07-02T17:03:00+02:00;75854;79;3;100;freeFlow;4
2025-07-02T17:03:00+02:00;75856;57;2;100;freeFlow;8
2025-07-02T17:03:00+02:00;75897;57;16;68;heavy;2
2025-07-02T17:03:00+02:00;9128;50;55;100;heavy;9
2025-07-02T17:03:00+02:00;9130;42;18;100;heavy;6
2025-07-02T17:03:00+02:00;9131;70;9;100;freeFlow;5
2025-07-02T17:03:00+02:00;9132;64;33;100;freeFlow;11
2025-07-02T17:03:00+02:00;9146;57;6;100;heavy;6
2025-07-02T17:03:00+02:00;9178;66;18;60;freeFlow;1
2025-07-02T17:03:00+02:00;9179;29;61;100;heavy;10
2025-07-02T17:03:00+02:00;9180;80;23;100;freeFlow;11
2025-07-02T17:03:00+02:00;9181;61;16;52;freeFlow;1
2025-07-02T17:03:00+02:00;9182;35;6;50;heavy;1
2025-07-02T17:03:00+02:00;9183;10;43;70;congested;2
2025-07-02T17:03:00+02:00;9184;66;10;60;freeFlow;1
2025-07-02T17:03:00+02:00;9245;76;94;94;heavy;4
2025-07-02T17:03:00+02:00;9246;100;119;100;freeFlow;10
2025-07-02T17:03:00+02:00;9380_D;41;45;38;heavy;1
2025-07-02T17:03:00+02:00;9380_G;36;50;52;heavy;1
2025-07-02T17:03:00+02:00;9389;21;4;65;congested;2
2025-07-02T17:03:00+02:00;9390;39;3;50;heavy;1
2025-07-02T17:03:00+02:00;9391;20;4;50;congested;1
2025-07-02T17:03:00+02:00;9392;45;2;45;heavy;1
2025-07-02T17:03:00+02:00;1677832;22;15;98;heavy;3
2025-07-02T17:03:00+02:00;1679085_D;16;6;55;heavy;1
2025-07-02T17:03:00+02:00;1679085_G;40;3;30;freeFlow;1
2025-07-02T17:03:00+02:00;1679794;40;2;30;freeFlow;1
2025-07-02T17:03:00+02:00;1679795_G;40;2;30;freeFlow;1
2025-07-02T17:03:00+02:00;1679796;40;1;30;freeFlow;1
2025-07-02T17:03:00+02:00;1679797_D;50;6;0;unknown;0
2025-07-02T17:03:00+02:00;1679797_G;50;6;0;unknown;0
2025-07-02T17:03:00+02:00;1679798;40;2;30;freeFlow;1
2025-07-02T17:03:00+02:00;1679800;16;5;55;heavy;1
2025-07-02T17:03:00+02:00;1680335;11;27;57;congested;1
2025-07-02T17:03:00+02:00;1680340;15;7;57;congested;1
2025-07-02T17:03:00+02:00;213972_D;50;6;0;unknown;0
2025-07-02T17:03:00+02:00;213972_G;50;5;0;unknown;0
2025-07-02T17:03:00+02:00;213973_D;50;8;0;unknown;0
2025-07-02T17:03:00+02:00;213973_G;50;8;0;unknown;0
2025-07-02T17:03:00+02:00;213974_D;50;4;0;unknown;0
2025-07-02T17:03:00+02:00;213974_G;50;4;0;unknown;0
2025-07-02T17:03:00+02:00;26521;90;60;100;freeFlow;6
2025-07-02T17:03:00+02:00;26522;91;36;100;freeFlow;6
2025-07-02T17:03:00+02:00;31304_G;26;42;75;heavy;2
2025-07-02T17:03:00+02:00;31328;65;14;100;freeFlow;3
2025-07-02T17:03:00+02:00;31441;72;47;100;freeFlow;6
2025-07-02T17:03:00+02:00;31535;21;35;94;congested;5
2025-07-02T17:03:00+02:00;31552;86;8;100;freeFlow;8
2025-07-02T17:03:00+02:00;31555;71;12;99;freeFlow;6
2025-07-02T17:03:00+02:00;43014_D;8;27;100;congested;3
2025-07-02T17:03:00+02:00;43014_G;31;6;50;heavy;1
2025-07-02T17:03:00+02:00;43105_D;10;26;57;congested;1
2025-07-02T17:03:00+02:00;43105_G;3;73;57;congested;1
2025-07-02T17:03:00+02:00;43118_D;7;74;60;congested;1
2025-07-02T17:03:00+02:00;43118_G;28;20;57;heavy;1
2025-07-02T17:03:00+02:00;43124_D;3;112;100;congested;3
2025-07-02T17:03:00+02:00;43124_G;23;17;57;freeFlow;1
2025-07-02T17:03:00+02:00;43125_D;7;37;75;congested;2
2025-07-02T17:03:00+02:00;43125_G;23;11;52;freeFlow;1
2025-07-02T17:03:00+02:00;43126_D;12;43;100;heavy;3
2025-07-02T17:03:00+02:00;43126_G;12;43;52;heavy;1
2025-07-02T17:03:00+02:00;43147_D;10;27;75;heavy;2
2025-07-02T17:03:00+02:00;43147_G;8;35;55;congested;1
2025-07-02T17:03:00+02:00;43336_D;50;6;0;unknown;0
2025-07-02T17:03:00+02:00;43336_G;9;31;32;congested;1
2025-07-02T17:03:00+02:00;43337_D;8;54;49;congested;1
2025-07-02T17:03:00+02:00;43337_G;19;23;30;heavy;1
2025-07-02T17:03:00+02:00;43338_D;42;4;60;freeFlow;1
2025-07-02T17:03:00+02:00;43338_G;22;8;35;heavy;1
2025-07-02T17:03:00+02:00;43339_D;50;5;0;unknown;0
2025-07-02T17:03:00+02:00;43339_G;26;9;32;heavy;1
2025-07-02T17:03:00+02:00;43340_D;50;1;0;unknown;0
2025-07-02T17:03:00+02:00;43340_G;28;2;32;heavy;1
2025-07-02T17:03:00+02:00;43341_D;50;4;0;unknown;0
2025-07-02T17:03:00+02:00;43341_G;28;6;32;heavy;1
2025-07-02T17:03:00+02:00;43342_D;50;2;0;unknown;0
2025-07-02T17:03:00+02:00;43342_G;39;3;10;freeFlow;1
2025-07-02T17:03:00+02:00;43343_D;50;7;0;unknown;0
2025-07-02T17:03:00+02:00;43343_G;18;19;35;heavy;1
2025-07-02T17:03:00+02:00;43345_D;39;8;60;freeFlow;1
2025-07-02T17:03:00+02:00;43345_G;27;11;60;freeFlow;1
2025-07-02T17:03:00+02:00;43347_D;21;7;60;heavy;1
2025-07-02T17:03:00+02:00;43347_G;58;2;60;freeFlow;1
2025-07-02T17:03:00+02:00;43352_D;30;16;60;freeFlow;1
2025-07-02T17:03:00+02:00;43353_D;39;7;60;freeFlow;1
2025-07-02T17:03:00+02:00;43353_G;28;10;60;freeFlow;1
2025-07-02T17:03:00+02:00;43377_D;49;10;50;freeFlow;1
2025-07-02T17:03:00+02:00;43377_G;7;67;32;congested;1
2025-07-02T17:03:00+02:00;43379_D;6;35;60;congested;1
2025-07-02T17:03:00+02:00;43379_G;58;4;60;freeFlow;1
2025-07-02T17:03:00+02:00;43413_D;1;249;60;congested;1
2025-07-02T17:03:00+02:00;43413_G;50;4;60;freeFlow;1
2025-07-02T17:03:00+02:00;43474_D;12;12;60;congested;1
2025-07-02T17:03:00+02:00;43474_G;40;3;30;freeFlow;1
2025-07-02T17:03:00+02:00;43615_D;12;5;60;heavy;1
2025-07-02T17:03:00+02:00;43615_G;40;2;30;freeFlow;1
2025-07-02T17:03:00+02:00;43743_D;21;60;60;heavy;1
2025-07-02T17:03:00+02:00;43746;32;7;45;freeFlow;1
2025-07-02T17:03:00+02:00;43747;21;19;45;freeFlow;1
2025-07-02T17:03:00+02:00;43751;16;37;73;heavy;2
2025-07-02T17:03:00+02:00;43774_D;9;20;75;congested;2
2025-07-02T17:03:00+02:00;43774_G;44;5;59;freeFlow;2
2025-07-02T17:03:00+02:00;43775_D;9;45;59;congested;1
2025-07-02T17:03:00+02:00;43775_G;43;9;40;freeFlow;1
2025-07-02T17:03:00+02:00;43826_D;6;43;75;congested;2
2025-07-02T17:03:00+02:00;43826_G;47;6;68;freeFlow;2
2025-07-02T17:03:00+02:00;43971;45;15;100;freeFlow;3
2025-07-02T17:03:00+02:00;43973;50;5;75;freeFlow;2
2025-07-02T17:03:00+02:00;44003_G;100;4;75;freeFlow;2
2025-07-02T17:03:00+02:00;44004_D;24;45;60;heavy;1
2025-07-02T17:03:00+02:00;44004_G;100;11;75;freeFlow;2
2025-07-02T17:03:00+02:00;44017_G;40;4;30;freeFlow;1
2025-07-02T17:03:00+02:00;44018_G;46;13;30;freeFlow;1
2025-07-02T17:03:00+02:00;44037_D;16;10;55;heavy;1
2025-07-02T17:03:00+02:00;44037_G;40;4;30;freeFlow;1
2025-07-02T17:03:00+02:00;44851_D;34;16;20;heavy;1
2025-07-02T17:03:00+02:00;44851_G;6;97;48;congested;1
2025-07-02T17:03:00+02:00;44852_D;17;28;35;heavy;2
2025-07-02T17:03:00+02:00;44852_G;25;19;45;heavy;1
2025-07-02T17:03:00+02:00;44854_D;18;4;35;heavy;2
2025-07-02T17:03:00+02:00;44854_G;23;3;45;heavy;1
2025-07-02T17:03:00+02:00;44855_D;26;14;35;heavy;2
2025-07-02T17:03:00+02:00;44855_G;50;7;0;unknown;0
2025-07-02T17:03:00+02:00;44879;60;22;100;freeFlow;7
2025-07-02T17:03:00+02:00;44897_D;31;8;35;heavy;2
2025-07-02T17:03:00+02:00;44897_G;50;5;0;unknown;0
2025-07-02T17:03:00+02:00;44901;100;16;75;freeFlow;2
2025-07-02T17:03:00+02:00;44939;31;132;87;heavy;3
2025-07-02T17:03:00+02:00;45135_D;16;4;60;heavy;1
2025-07-02T17:03:00+02:00;45135_G;31;2;42;heavy;1
2025-07-02T17:03:00+02:00;45136_G;32;24;54;heavy;2
2025-07-02T17:03:00+02:00;45137_D;28;3;60;heavy;1
2025-07-02T17:03:00+02:00;45137_G;31;2;38;heavy;1
2025-07-02T17:03:00+02:00;45146;11;37;57;congested;1
2025-07-02T17:03:00+02:00;45147_D;33;2;75;heavy;2
2025-07-02T17:03:00+02:00;45147_G;33;1;50;heavy;1
2025-07-02T17:03:00+02:00;45153;20;20;60;heavy;1
2025-07-02T17:03:00+02:00;45155;43;18;57;freeFlow;1
2025-07-02T17:03:00+02:00;45213;33;14;55;heavy;1
2025-07-02T17:03:00+02:00;45214;106;2;52;freeFlow;1
2025-07-02T17:03:00+02:00;45232;47;35;57;freeFlow;1
2025-07-02T17:03:00+02:00;45233;33;4;70;heavy;2
2025-07-02T17:03:00+02:00;45236_D;55;12;55;freeFlow;1
2025-07-02T17:03:00+02:00;45242;16;73;60;congested;1
2025-07-02T17:03:00+02:00;45246;85;30;100;freeFlow;7
2025-07-02T17:03:00+02:00;45247;53;18;55;freeFlow;1
2025-07-02T17:03:00+02:00;47742_G;40;5;30;freeFlow;1
2025-07-02T17:03:00+02:00;47744;33;61;59;heavy;1
2025-07-02T17:03:00+02:00;48725;14;6;60;congested;1
2025-07-02T17:03:00+02:00;48736;24;3;60;heavy;1
2025-07-02T17:03:00+02:00;48738;29;2;60;heavy;1
2025-07-02T17:03:00+02:00;48746;39;9;60;freeFlow;1
2025-07-02T17:03:00+02:00;48751;22;3;38;heavy;2
2025-07-02T17:03:00+02:00;48752;50;1;0;unknown;0
2025-07-02T17:03:00+02:00;48753;22;4;38;heavy;2
2025-07-02T17:03:00+02:00;48754;22;3;38;heavy;2
2025-07-02T17:03:00+02:00;48764;4;18;50;congested;1
2025-07-02T17:03:00+02:00;48765;31;7;60;heavy;1
2025-07-02T17:03:00+02:00;48796;50;10;0;unknown;0
2025-07-02T17:03:00+02:00;48915_D;50;2;0;unknown;0
2025-07-02T17:03:00+02:00;48915_G;22;6;50;heavy;1
2025-07-02T17:03:00+02:00;48916;22;8;57;heavy;1
2025-07-02T17:03:00+02:00;48953_D;29;40;60;heavy;1
2025-07-02T17:03:00+02:00;48953_G;26;44;38;heavy;1
2025-07-02T17:03:00+02:00;48993_D;35;10;60;heavy;1
2025-07-02T17:03:00+02:00;48993_G;31;11;75;heavy;2
2025-07-02T17:03:00+02:00;49042_D;18;3;35;heavy;2
2025-07-02T17:03:00+02:00;49042_G;50;1;0;unknown;0
2025-07-02T17:03:00+02:00;50035_D;12;7;75;congested;2
2025-07-02T17:03:00+02:00;50035_G;40;2;30;freeFlow;1
2025-07-02T17:03:00+02:00;50087;8;33;57;congested;1
2025-07-02T17:03:00+02:00;50107_D;50;11;0;unknown;0
2025-07-02T17:03:00+02:00;50107_G;25;21;50;heavy;1
2025-07-02T17:03:00+02:00;52835_G;34;4;50;heavy;1
2025-07-02T17:03:00+02:00;52850_D;7;19;100;congested;3
2025-07-02T17:03:00+02:00;52850_G;34;5;50;heavy;1
2025-07-02T17:03:00+02:00;52878;32;4;30;freeFlow;1
2025-07-02T17:03:00+02:00;53020_G;40;2;30;freeFlow;1
2025-07-02T17:03:00+02:00;53130_D;50;5;0;unknown;0
2025-07-02T17:03:00+02:00;53130_G;15;17;52;heavy;1
2025-07-02T17:03:00+02:00;53375_D;39;3;60;freeFlow;1
2025-07-02T17:03:00+02:00;53375_G;58;2;60;freeFlow;1
2025-07-02T17:03:00+02:00;53427;62;70;100;heavy;11
2025-07-02T17:03:00+02:00;53988;55;4;55;freeFlow;1
2025-07-02T17:03:00+02:00;53989;28;3;60;heavy;1
2025-07-02T17:03:00+02:00;53992_D;32;13;75;heavy;2
2025-07-02T17:03:00+02:00;53992_G;19;21;60;heavy;1
2025-07-02T17:03:00+02:00;53995;15;5;60;congested;1
2025-07-02T17:03:00+02:00;53997;31;2;75;heavy;2
2025-07-02T17:03:00+02:00;53999;16;4;60;heavy;1
2025-07-02T17:03:00+02:00;54130;34;46;12;heavy;1
2025-07-02T17:03:00+02:00;54136;58;3;55;freeFlow;1
2025-07-02T17:03:00+02:00;54219;19;29;75;heavy;2
2025-07-02T17:03:00+02:00;54222;58;10;60;freeFlow;1
2025-07-02T17:03:00+02:00;54235;89;5;75;freeFlow;2
2025-07-02T17:03:00+02:00;54300;24;16;60;heavy;1
2025-07-02T17:03:00+02:00;54304_D;17;12;60;heavy;1
2025-07-02T17:03:00+02:00;54304_G;32;6;70;heavy;2
2025-07-02T17:03:00+02:00;54309;37;24;55;freeFlow;1
2025-07-02T17:03:00+02:00;54345;22;6;60;heavy;1
2025-07-02T17:03:00+02:00;54352;20;16;68;heavy;2
2025-07-02T17:03:00+02:00;54353;50;3;0;unknown;0
2025-07-02T17:03:00+02:00;54356;62;14;60;freeFlow;1
2025-07-02T17:03:00+02:00;54357;66;4;60;freeFlow;1
2025-07-02T17:03:00+02:00;54370;57;3;30;freeFlow;1
2025-07-02T17:03:00+02:00;54373;45;4;100;freeFlow;4
2025-07-02T17:03:00+02:00;54374;51;4;100;freeFlow;8
2025-07-02T17:03:00+02:00;54377;101;11;100;freeFlow;4
2025-07-02T17:03:00+02:00;54396;37;7;75;freeFlow;2
2025-07-02T17:03:00+02:00;54397;45;13;75;freeFlow;2
2025-07-02T17:03:00+02:00;54468;99;1;52;freeFlow;1
2025-07-02T17:03:00+02:00;54470;37;7;75;freeFlow;2
2025-07-02T17:03:00+02:00;56022;43;3;52;freeFlow;1
2025-07-02T17:03:00+02:00;56598;16;3;60;heavy;1
2025-07-02T17:03:00+02:00;56676_D;16;14;60;heavy;1
2025-07-02T17:03:00+02:00;56868;12;16;100;congested;3
2025-07-02T17:03:00+02:00;56869;44;4;60;freeFlow;1
2025-07-02T17:03:00+02:00;56894;34;6;60;heavy;1
2025-07-02T17:03:00+02:00;56895;36;32;60;freeFlow;1
2025-07-02T17:03:00+02:00;56896;42;4;60;freeFlow;1
2025-07-02T17:03:00+02:00;56901;23;94;100;heavy;11
2025-07-02T17:03:00+02:00;60284;38;32;60;freeFlow;1
2025-07-02T17:03:00+02:00;63409_D;50;2;0;unknown;0
2025-07-02T17:03:00+02:00;63409_G;58;2;60;freeFlow;1
2025-07-02T17:03:00+02:00;66896;8;38;72;congested;2
2025-07-02T17:03:00+02:00;69440;35;7;52;freeFlow;1
2025-07-02T17:03:00+02:00;69442;35;12;52;freeFlow;1
2025-07-02T17:03:00+02:00;75868;79;9;100;freeFlow;13
2025-07-02T17:03:00+02:00;75908;51;20;75;freeFlow;2
2025-07-02T17:03:00+02:00;75909;18;58;60;heavy;1
2025-07-02T17:03:00+02:00;44943;38;16;100;freeFlow;6
2025-07-02T17:03:00+02:00;47063;24;25;75;heavy;2
2025-07-02T17:03:00+02:00;71455_G;50;3;0;unknown;0
2025-07-02T17:03:00+02:00;75831;41;22;100;freeFlow;3